"feature_ticker","yahoo_symbol_used","company_name_from_results","yahoo_long_name","category","formal_result_file_count","first_result_file_date","earliest_result_lastwrite_local","latest_result_lastwrite_local","status","default_effectiveness_sample_include","ticker_change_note","ticker_change_source","instrument_type","exchange","full_exchange_name","listing_class","currency","requested_signal_date","entry_trading_date","entry_open_split_adjusted","entry_adjusted_open","entry_close_split_adjusted_ex_distributions","entry_adjusted_close","latest_available_date","latest_close_split_adjusted_ex_distributions","latest_adjusted_close","primary_adj_open_to_adj_close_return","auxiliary_adj_close_to_adj_close_return","close_to_close_ex_distributions_return","primary_excess_spy","primary_excess_qqq","primary_excess_soxx","auxiliary_excess_spy","auxiliary_excess_qqq","auxiliary_excess_soxx","split_event_count","split_details","dividend_event_count","dividend_details","capital_gain_event_count","capital_gain_details","dividend_effect_pp","observation_count","entry_delay_calendar_days","latest_lag_calendar_days","max_abs_daily_adj_return","source_url","adjusted_close_method_url"
"AAOI","AAOI","Applied Optoelectronics","Applied Optoelectronics, Inc.","`AI网络_光互联_连接器/` / AI网络_光互联_连接器 / AI网络_光互联_连接器/","52","2026-06-04","2026-06-04T00:47:51-07:00","2026-06-04T04:07:37-07:00","ok","1","","","EQUITY","NGM","NasdaqGM","US exchange listed","USD","2026-06-04","2026-06-04","173.46499634","173.46499634","202.88999939","202.88999939","2026-07-10","119.91999817","119.91999817","-0.3086789802","-0.4089408126","-0.4089408126","-0.3150544224","-0.296207284","-0.2984279209","-0.40868314","-0.3896287752","-0.3739263951","0","","0","","0","","0","25","0","2","0.1716842688","https://query1.finance.yahoo.com/v8/finance/chart/AAOI?period1=1780124400&period2=1783926000&interval=1d&events=div%2Csplits%2CcapitalGains","https://uk.help.yahoo.com/kb/finance/adjusted-close-sln28256.html"
"AAON","AAON","AAON","AAON, Inc.","`机电_冷却_工程_水处理_边缘工业AI/` / 机电_冷却_工程_水处理_边缘工业AI / 机电_冷却_工程_水处理_边缘工业AI/","52","2026-06-04","2026-06-04T00:47:51-07:00","2026-06-04T04:07:37-07:00","ok","1","","","EQUITY","NMS","NasdaqGS","US exchange listed","USD","2026-06-04","2026-06-04","143.97999573","143.87977518","143.6499939","143.55000305","2026-07-10","114.16000366","114.16000366","-0.2065597578","-0.2047370168","-0.2052905777","-0.2129352","-0.1940880616","-0.1963086985","-0.2044793442","-0.1854249794","-0.1697225993","0","","1","2026-06-05 0.1","0","","0.055356","25","0","2","0.0822954626","https://query1.finance.yahoo.com/v8/finance/chart/AAON?period1=1780124400&period2=1783926000&interval=1d&events=div%2Csplits%2CcapitalGains","https://uk.help.yahoo.com/kb/finance/adjusted-close-sln28256.html"
"ABBNY","ABBNY","ABB / ABB Ltd","ABB Ltd","`配电_电源_功率器件/` / 配电_电源_功率器件 / 配电_电源_功率器件/","52","2026-06-04","2026-06-04T00:47:51-07:00","2026-06-04T04:07:37-07:00","ok","1","","","EQUITY","PNK","OTC Markets OTCPK","OTC quote; often ADR/foreign ordinary proxy","USD","2026-06-04","2026-06-04","106.93000031","106.93000031","107.41999817","107.41999817","2026-07-10","103.30999756","103.30999756","-0.0338539487","-0.0382610378","-0.0382610378","-0.0402293909","-0.0213822525","-0.0236028894","-0.0380033652","-0.0189490004","-0.0032466203","0","","0","","0","","0","25","0","2","0.0604060604","https://query1.finance.yahoo.com/v8/finance/chart/ABBNY?period1=1780124400&period2=1783926000&interval=1d&events=div%2Csplits%2CcapitalGains","https://uk.help.yahoo.com/kb/finance/adjusted-close-sln28256.html"
"ACLS","ACLS","Axcelis Technologies","Axcelis Technologies, Inc.","`晶圆制造_前道设备/` / 晶圆制造_前道设备 / 晶圆制造_前道设备/","52","2026-06-04","2026-06-04T00:47:51-07:00","2026-06-04T04:07:37-07:00","ok","1","","","EQUITY","NMS","NasdaqGS","US exchange listed","USD","2026-06-04","2026-06-04","153.11999512","153.11999512","161.86999512","161.86999512","2026-07-10","143.3500061","143.3500061","-0.0638060954","-0.114412736","-0.114412736","-0.0701815376","-0.0513343992","-0.0535550361","-0.1141550634","-0.0951006986","-0.0793983185","0","","0","","0","","0","25","0","2","0.1897044888","https://query1.finance.yahoo.com/v8/finance/chart/ACLS?period1=1780124400&period2=1783926000&interval=1d&events=div%2Csplits%2CcapitalGains","https://uk.help.yahoo.com/kb/finance/adjusted-close-sln28256.html"
"ACMR","ACMR","ACM Research","ACM Research, Inc.","`晶圆制造_前道设备/` / 晶圆制造_前道设备 / 晶圆制造_前道设备/","52","2026-06-04","2026-06-04T00:47:51-07:00","2026-06-04T04:07:37-07:00","ok","1","","","EQUITY","NGM","NasdaqGM","US exchange listed","USD","2026-06-04","2026-06-04","85.60199738","85.60199738","90.20500183","90.20500183","2026-07-10","103","103","0.2032429517","0.1418435554","0.1418435554","0.1968675095","0.2157146479","0.213494011","0.142101228","0.1611555928","0.1768579729","0","","0","","0","","0","25","0","2","0.1655002255","https://query1.finance.yahoo.com/v8/finance/chart/ACMR?period1=1780124400&period2=1783926000&interval=1d&events=div%2Csplits%2CcapitalGains","https://uk.help.yahoo.com/kb/finance/adjusted-close-sln28256.html"
"ADBE","ADBE","Adobe","Adobe Inc.","`云算力_IDC_AI软件平台/` / 云算力_IDC_AI软件平台 / 云算力_IDC_AI软件平台/","52","2026-06-04","2026-06-04T00:47:51-07:00","2026-06-04T04:07:37-07:00","ok","1","","","EQUITY","NMS","NasdaqGS","US exchange listed","USD","2026-06-04","2026-06-04","263.01998901","263.01998901","258.42001343","258.42001343","2026-07-10","223.63999939","223.63999939","-0.1497224214","-0.1345871536","-0.1345871536","-0.1560978635","-0.1372507252","-0.139471362","-0.134329481","-0.1152751162","-0.0995727361","0","","0","","0","","0","25","0","2","0.0675502677","https://query1.finance.yahoo.com/v8/finance/chart/ADBE?period1=1780124400&period2=1783926000&interval=1d&events=div%2Csplits%2CcapitalGains","https://uk.help.yahoo.com/kb/finance/adjusted-close-sln28256.html"
"ADI","ADI","Analog Devices","Analog Devices, Inc.","`AI计算芯片_EDA_IP_custom_ASIC/` / AI计算芯片_EDA_IP_custom_ASIC / AI计算芯片_EDA_IP_custom_ASIC/","52","2026-06-04","2026-06-04T00:47:51-07:00","2026-06-04T04:07:37-07:00","ok","1","","","EQUITY","NMS","NasdaqGS","US exchange listed","USD","2026-06-04","2026-06-04","427.77999878","427.77999878","428.76000977","428.76000977","2026-07-10","395.6499939","395.6499939","-0.0751087124","-0.0772227239","-0.0772227239","-0.0814841545","-0.0626370162","-0.064857653","-0.0769650513","-0.0579106865","-0.0422083064","0","","0","","0","","0","25","0","2","0.085795098","https://query1.finance.yahoo.com/v8/finance/chart/ADI?period1=1780124400&period2=1783926000&interval=1d&events=div%2Csplits%2CcapitalGains","https://uk.help.yahoo.com/kb/finance/adjusted-close-sln28256.html"
"AEHR","AEHR","Aehr Test Systems","Aehr Test Systems, Inc.","`封测_检测_计量_光罩/` / 封测_检测_计量_光罩 / 封测_检测_计量_光罩/","52","2026-06-04","2026-06-04T00:47:51-07:00","2026-06-04T04:07:37-07:00","ok","1","","","EQUITY","NCM","NasdaqCM","US exchange listed","USD","2026-06-04","2026-06-04","105.33999634","105.33999634","116.58000183","116.58000183","2026-07-10","72.59999847","72.59999847","-0.3108031043","-0.3772516956","-0.3772516956","-0.3171785465","-0.2983314081","-0.300552045","-0.376994023","-0.3579396581","-0.342237278","0","","0","","0","","0","25","0","2","0.1713845929","https://query1.finance.yahoo.com/v8/finance/chart/AEHR?period1=1780124400&period2=1783926000&interval=1d&events=div%2Csplits%2CcapitalGains","https://uk.help.yahoo.com/kb/finance/adjusted-close-sln28256.html"
"AEP","AEP","American Electric Power","American Electric Power Company, Inc.","`电力_发电_能源_储能/` / 电力_发电_能源_储能 / 电力_发电_能源_储能/","52","2026-06-04","2026-06-04T00:47:51-07:00","2026-06-04T04:07:37-07:00","ok","1","","","EQUITY","NMS","NasdaqGS","US exchange listed","USD","2026-06-04","2026-06-04","127.37000275","127.37000275","127.79000092","127.79000092","2026-07-10","135.42999268","135.42999268","0.0632801268","0.0597855208","0.0597855208","0.0569046847","0.075751823","0.0735311862","0.0600431934","0.0790975582","0.0947999383","0","","0","","0","","0","25","0","2","0.0264006321","https://query1.finance.yahoo.com/v8/finance/chart/AEP?period1=1780124400&period2=1783926000&interval=1d&events=div%2Csplits%2CcapitalGains","https://uk.help.yahoo.com/kb/finance/adjusted-close-sln28256.html"
"AJNMY","AJNMY","Ajinomoto / 味之素 Ajinomoto","Ajinomoto Co., Inc.","`半导体材料_化学品_基板/` / 半导体材料_化学品_基板 / 半导体材料_化学品_基板/","52","2026-06-04","2026-06-04T00:47:51-07:00","2026-06-04T04:07:37-07:00","ok","1","","","EQUITY","PNK","OTC Markets OTCPK","OTC quote; often ADR/foreign ordinary proxy","USD","2026-06-04","2026-06-04","32","32","32.25","32.25","2026-07-10","35.77000046","35.77000046","0.1178125144","0.1091473011","0.1091473011","0.1114370722","0.1302842106","0.1280635737","0.1094049737","0.1284593385","0.1441617186","0","","0","","0","","0","25","0","2","0.1054781339","https://query1.finance.yahoo.com/v8/finance/chart/AJNMY?period1=1780124400&period2=1783926000&interval=1d&events=div%2Csplits%2CcapitalGains","https://uk.help.yahoo.com/kb/finance/adjusted-close-sln28256.html"
"ALAB","ALAB","Astera Labs / AsteraLabs","Astera Labs, Inc.","`AI计算芯片_EDA_IP_custom_ASIC/` / AI计算芯片_EDA_IP_custom_ASIC / AI计算芯片_EDA_IP_custom_ASIC/","52","2026-06-04","2026-06-04T00:47:51-07:00","2026-06-04T04:07:37-07:00","ok","1","","","EQUITY","NMS","NasdaqGS","US exchange listed","USD","2026-06-04","2026-06-04","348.05499268","348.05499268","358.04998779","358.04998779","2026-07-10","412.97000122","412.97000122","0.186507908","0.1533864413","0.1533864413","0.1801324658","0.1989796042","0.1967589673","0.1536441139","0.1726984787","0.1884008588","0","","0","","0","","0","25","0","2","0.1639352704","https://query1.finance.yahoo.com/v8/finance/chart/ALAB?period1=1780124400&period2=1783926000&interval=1d&events=div%2Csplits%2CcapitalGains","https://uk.help.yahoo.com/kb/finance/adjusted-close-sln28256.html"
"ALLE","ALLE","Allegion / Allegion plc","Allegion plc","`机电_冷却_工程_水处理_边缘工业AI/` / 机电_冷却_工程_水处理_边缘工业AI / 机电_冷却_工程_水处理_边缘工业AI/","52","2026-06-04","2026-06-04T00:47:51-07:00","2026-06-04T04:07:37-07:00","ok","1","","","EQUITY","NYQ","NYSE","US exchange listed","USD","2026-06-04","2026-06-04","132.02999878","131.48796072","130.3500061","129.81486511","2026-07-10","136.63000488","136.63000488","0.0391065778","0.0524989165","0.0481779707","0.0327311356","0.051578274","0.0493576371","0.0527565892","0.071810954","0.0875133341","0","","1","2026-06-15 0.55","0","","0.432095","25","0","2","0.0406959127","https://query1.finance.yahoo.com/v8/finance/chart/ALLE?period1=1780124400&period2=1783926000&interval=1d&events=div%2Csplits%2CcapitalGains","https://uk.help.yahoo.com/kb/finance/adjusted-close-sln28256.html"
"AMAT","AMAT","Applied Materials","Applied Materials, Inc.","`晶圆制造_前道设备/` / 晶圆制造_前道设备 / 晶圆制造_前道设备/","52","2026-06-04","2026-06-04T00:47:51-07:00","2026-06-04T04:07:37-07:00","ok","1","","","EQUITY","NMS","NasdaqGS","US exchange listed","USD","2026-06-04","2026-06-04","485.66000366","485.66000366","501.70001221","501.70001221","2026-07-10","602.5","602.5","0.2405798202","0.2009168534","0.2009168534","0.234204378","0.2530515164","0.2508308795","0.201174526","0.2202288908","0.2359312709","0","","0","","0","","0","25","0","2","0.1341834614","https://query1.finance.yahoo.com/v8/finance/chart/AMAT?period1=1780124400&period2=1783926000&interval=1d&events=div%2Csplits%2CcapitalGains","https://uk.help.yahoo.com/kb/finance/adjusted-close-sln28256.html"
"AMD","AMD","Advanced Micro Devices","Advanced Micro Devices, Inc.","`AI计算芯片_EDA_IP_custom_ASIC/` / AI计算芯片_EDA_IP_custom_ASIC / AI计算芯片_EDA_IP_custom_ASIC/","52","2026-06-04","2026-06-04T00:47:51-07:00","2026-06-04T04:07:37-07:00","ok","1","","","EQUITY","NMS","NasdaqGS","US exchange listed","USD","2026-06-04","2026-06-04","514.75","514.75","523.20001221","523.20001221","2026-07-10","557.89001465","557.89001465","0.0838077021","0.0663035199","0.0663035199","0.0774322599","0.0962793983","0.0940587614","0.0665611925","0.0856155574","0.1013179375","0","","0","","0","","0","25","0","2","0.1086009289","https://query1.finance.yahoo.com/v8/finance/chart/AMD?period1=1780124400&period2=1783926000&interval=1d&events=div%2Csplits%2CcapitalGains","https://uk.help.yahoo.com/kb/finance/adjusted-close-sln28256.html"
"AMKR","AMKR","Amkor Technology","Amkor Technology, Inc.","`封测_检测_计量_光罩/` / 封测_检测_计量_光罩 / 封测_检测_计量_光罩/","52","2026-06-04","2026-06-04T00:47:51-07:00","2026-06-04T04:07:37-07:00","ok","1","","","EQUITY","NMS","NasdaqGS","US exchange listed","USD","2026-06-04","2026-06-04","71.26999664","71.26999664","73.81999969","73.81999969","2026-07-10","70.47000122","70.47000122","-0.0112248556","-0.0453806351","-0.0453806351","-0.0176002978","0.0012468406","-0.0009737963","-0.0451229625","-0.0260685977","-0.0103662176","0","","0","","0","","0","25","0","2","0.1292661158","https://query1.finance.yahoo.com/v8/finance/chart/AMKR?period1=1780124400&period2=1783926000&interval=1d&events=div%2Csplits%2CcapitalGains","https://uk.help.yahoo.com/kb/finance/adjusted-close-sln28256.html"
"AMPX","AMPX","Amprius Technologies","Amprius Technologies, Inc.","`电力_发电_能源_储能/` / 电力_发电_能源_储能 / 电力_发电_能源_储能/","52","2026-06-04","2026-06-04T00:47:51-07:00","2026-06-04T04:07:37-07:00","ok","1","","","EQUITY","NYQ","NYSE","US exchange listed","USD","2026-06-04","2026-06-04","21.29999924","21.29999924","22.54000092","22.54000092","2026-07-10","11.52999973","11.52999973","-0.4586854394","-0.4884649841","-0.4884649841","-0.4650608815","-0.4462137432","-0.4484343801","-0.4882073114","-0.4691529466","-0.4534505665","0","","0","","0","","0","25","0","2","0.1264418932","https://query1.finance.yahoo.com/v8/finance/chart/AMPX?period1=1780124400&period2=1783926000&interval=1d&events=div%2Csplits%2CcapitalGains","https://uk.help.yahoo.com/kb/finance/adjusted-close-sln28256.html"
"AMZN","AMZN","Amazon / Amazon.com","Amazon.com, Inc.","`云算力_IDC_AI软件平台/` / 云算力_IDC_AI软件平台 / 云算力_IDC_AI软件平台/","52","2026-06-04","2026-06-04T00:47:51-07:00","2026-06-04T04:07:37-07:00","ok","1","","","EQUITY","NMS","NasdaqGS","US exchange listed","USD","2026-06-04","2026-06-04","253.11999512","253.11999512","253.78999329","253.78999329","2026-07-10","245.33999634","245.33999634","-0.0307364054","-0.033295233","-0.033295233","-0.0371118476","-0.0182647092","-0.0204853461","-0.0330375603","-0.0139831955","0.0017191846","0","","0","","0","","0","25","0","2","0.0474651423","https://query1.finance.yahoo.com/v8/finance/chart/AMZN?period1=1780124400&period2=1783926000&interval=1d&events=div%2Csplits%2CcapitalGains","https://uk.help.yahoo.com/kb/finance/adjusted-close-sln28256.html"
"ANET","ANET","Arista Networks","Arista Networks, Inc.","`AI网络_光互联_连接器/` / AI网络_光互联_连接器 / AI网络_光互联_连接器/","52","2026-06-04","2026-06-04T00:47:51-07:00","2026-06-04T04:07:37-07:00","ok","1","","","EQUITY","NYQ","NYSE","US exchange listed","USD","2026-06-04","2026-06-04","163.08000183","163.08000183","166.00999451","166.00999451","2026-07-10","186.96000671","186.96000671","0.1464312277","0.1261972947","0.1261972947","0.1400557855","0.1589029239","0.156682287","0.1264549673","0.1455093321","0.1612117122","0","","0","","0","","0","25","0","2","0.0876486588","https://query1.finance.yahoo.com/v8/finance/chart/ANET?period1=1780124400&period2=1783926000&interval=1d&events=div%2Csplits%2CcapitalGains","https://uk.help.yahoo.com/kb/finance/adjusted-close-sln28256.html"
"AOSL","AOSL","Alpha and Omega Semiconductor","Alpha and Omega Semiconductor Limited","`配电_电源_功率器件/` / 配电_电源_功率器件 / 配电_电源_功率器件/","52","2026-06-04","2026-06-04T00:47:51-07:00","2026-06-04T04:07:37-07:00","ok","1","","","EQUITY","NMS","NasdaqGS","US exchange listed","USD","2026-06-04","2026-06-04","49.00999832","49.00999832","50.25","50.25","2026-07-10","37.56000137","37.56000137","-0.2336257364","-0.2525372862","-0.2525372862","-0.2400011786","-0.2211540402","-0.2233746771","-0.2522796136","-0.2332252487","-0.2175228686","0","","0","","0","","0","25","0","2","0.1639801329","https://query1.finance.yahoo.com/v8/finance/chart/AOSL?period1=1780124400&period2=1783926000&interval=1d&events=div%2Csplits%2CcapitalGains","https://uk.help.yahoo.com/kb/finance/adjusted-close-sln28256.html"
"APD","APD","Air Products / Air Products and Chemicals","Air Products and Chemicals, Inc.","`半导体材料_化学品_基板/` / 半导体材料_化学品_基板 / 半导体材料_化学品_基板/","52","2026-06-04","2026-06-04T00:47:51-07:00","2026-06-04T04:07:37-07:00","ok","1","","","EQUITY","NYQ","NYSE","US exchange listed","USD","2026-06-04","2026-06-04","282.79000854","281.04416313","282.8500061","281.10379028","2026-07-10","299.52999878","299.52999878","0.0657755544","0.0655494843","0.058971159","0.0594001123","0.0782472506","0.0760266137","0.065807157","0.0848615218","0.1005639019","0","","1","2026-07-01 1.81","0","","0.657833","25","0","2","0.0804495749","https://query1.finance.yahoo.com/v8/finance/chart/APD?period1=1780124400&period2=1783926000&interval=1d&events=div%2Csplits%2CcapitalGains","https://uk.help.yahoo.com/kb/finance/adjusted-close-sln28256.html"
"APH","APH","Amphenol / Amphenol 安费诺","Amphenol Corporation","`AI网络_光互联_连接器/` / AI网络_光互联_连接器 / AI网络_光互联_连接器/","52","2026-06-04","2026-06-04T00:47:51-07:00","2026-06-04T04:07:37-07:00","ok","1","","","EQUITY","NYQ","NYSE","US exchange listed","USD","2026-06-04","2026-06-04","145.27000427","145.05116408","146.77000427","146.54890442","2026-07-10","159.05999756","159.05999756","0.0965785664","0.0853714546","0.0837364103","0.0902031242","0.1090502626","0.1068296257","0.0856291272","0.104683492","0.1203858721","0","","1","2026-06-23 0.25","0","","0.163504","25","0","2","0.0729109389","https://query1.finance.yahoo.com/v8/finance/chart/APH?period1=1780124400&period2=1783926000&interval=1d&events=div%2Csplits%2CcapitalGains","https://uk.help.yahoo.com/kb/finance/adjusted-close-sln28256.html"
"APLD","APLD","Applied Digital","Applied Digital Corporation","`云算力_IDC_AI软件平台/` / 云算力_IDC_AI软件平台 / 云算力_IDC_AI软件平台/","52","2026-06-04","2026-06-04T00:47:51-07:00","2026-06-04T04:07:37-07:00","ok","1","","","EQUITY","NMS","NasdaqGS","US exchange listed","USD","2026-06-04","2026-06-04","43.33000183","43.33000183","44.15000153","44.15000153","2026-07-10","31.14999962","31.14999962","-0.2810985852","-0.2944507692","-0.2944507692","-0.2874740274","-0.268626889","-0.2708475259","-0.2941930966","-0.2751387318","-0.2594363517","0","","0","","0","","0","25","0","2","0.1026048118","https://query1.finance.yahoo.com/v8/finance/chart/APLD?period1=1780124400&period2=1783926000&interval=1d&events=div%2Csplits%2CcapitalGains","https://uk.help.yahoo.com/kb/finance/adjusted-close-sln28256.html"
"ARM","ARM","Arm Holdings","Arm Holdings plc","`AI计算芯片_EDA_IP_custom_ASIC/` / AI计算芯片_EDA_IP_custom_ASIC / AI计算芯片_EDA_IP_custom_ASIC/","52","2026-06-04","2026-06-04T00:47:51-07:00","2026-06-04T04:07:37-07:00","ok","1","","","EQUITY","NMS","NasdaqGS","US exchange listed","USD","2026-06-04","2026-06-04","380.41000366","380.41000366","393.44000244","393.44000244","2026-07-10","323.39001465","323.39001465","-0.1498908768","-0.1780449048","-0.1780449048","-0.156266319","-0.1374191806","-0.1396398175","-0.1777872322","-0.1587328674","-0.1430304873","0","","0","","0","","0","25","0","2","0.1283804632","https://query1.finance.yahoo.com/v8/finance/chart/ARM?period1=1780124400&period2=1783926000&interval=1d&events=div%2Csplits%2CcapitalGains","https://uk.help.yahoo.com/kb/finance/adjusted-close-sln28256.html"
"ASGLY","ASGLY","AGC Inc / Asahi Group Holdings","AGC Inc.","`半导体材料_化学品_基板/` / 半导体材料_化学品_基板 / 半导体材料_化学品_基板/","52","2026-06-04","2026-06-04T00:47:51-07:00","2026-06-04T04:07:37-07:00","ok","1","","","EQUITY","PNK","OTC Markets OTCPK","OTC quote; often ADR/foreign ordinary proxy","USD","2026-06-04","2026-06-04","10.26000023","10.26000023","10.15999985","10.15999985","2026-07-10","7.71999979","7.71999979","-0.2475633902","-0.2401574898","-0.2401574898","-0.2539388323","-0.235091694","-0.2373123308","-0.2398998172","-0.2208454523","-0.2051430722","0","","0","","0","","0","25","0","2","0.0649606161","https://query1.finance.yahoo.com/v8/finance/chart/ASGLY?period1=1780124400&period2=1783926000&interval=1d&events=div%2Csplits%2CcapitalGains","https://uk.help.yahoo.com/kb/finance/adjusted-close-sln28256.html"
"ASMIY","ASMIY","ASM International","ASM International NV","`晶圆制造_前道设备/` / 晶圆制造_前道设备 / 晶圆制造_前道设备/","52","2026-06-04","2026-06-04T00:47:51-07:00","2026-06-04T04:07:37-07:00","ok","1","","","EQUITY","OQX","OTC Markets OTCQX","OTC quote; often ADR/foreign ordinary proxy","USD","2026-06-04","2026-06-04","1003.2800293","1003.2800293","1038.18005371","1038.18005371","2026-07-10","1033.80004883","1033.80004883","0.0304202403","-0.0042189261","-0.0042189261","0.0240447981","0.0428919365","0.0406712996","-0.0039612534","0.0150931114","0.0307954915","0","","0","","0","","0","25","0","2","0.1173441228","https://query1.finance.yahoo.com/v8/finance/chart/ASMIY?period1=1780124400&period2=1783926000&interval=1d&events=div%2Csplits%2CcapitalGains","https://uk.help.yahoo.com/kb/finance/adjusted-close-sln28256.html"
"ASML","ASML","ASML / ASML Holding NV","ASML Holding N.V.","`晶圆制造_前道设备/` / 晶圆制造_前道设备 / 晶圆制造_前道设备/","52","2026-06-04","2026-06-04T00:47:51-07:00","2026-06-04T04:07:37-07:00","ok","1","","","EQUITY","NMS","NasdaqGS","US exchange listed","USD","2026-06-04","2026-06-04","1679.80004883","1679.80004883","1757.4699707","1757.4699707","2026-07-10","1797.31994629","1797.31994629","0.0699606465","0.0226746267","0.0226746267","0.0635852044","0.0824323427","0.0802117058","0.0229322994","0.0419866642","0.0576890443","0","","0","","0","","0","25","0","2","0.0953125348","https://query1.finance.yahoo.com/v8/finance/chart/ASML?period1=1780124400&period2=1783926000&interval=1d&events=div%2Csplits%2CcapitalGains","https://uk.help.yahoo.com/kb/finance/adjusted-close-sln28256.html"
"ASMVY","ASMVY","ASMPT","ASMPT Limited","`封测_检测_计量_光罩/` / 封测_检测_计量_光罩 / 封测_检测_计量_光罩/","52","2026-06-04","2026-06-04T00:47:51-07:00","2026-06-04T04:07:37-07:00","ok","1","","","EQUITY","PNK","OTC Markets OTCPK","OTC quote; often ADR/foreign ordinary proxy","USD","2026-06-04","2026-06-04","70.19999695","70.19999695","70.27500153","70.27500153","2026-07-10","72.04000092","72.04000092","0.0262108839","0.025115608","0.025115608","0.0198354417","0.0386825801","0.0364619432","0.0253732806","0.0444276454","0.0601300255","0","","0","","0","","0","25","0","2","0.2002736077","https://query1.finance.yahoo.com/v8/finance/chart/ASMVY?period1=1780124400&period2=1783926000&interval=1d&events=div%2Csplits%2CcapitalGains","https://uk.help.yahoo.com/kb/finance/adjusted-close-sln28256.html"
"ASX","ASX","ASE Technology / ASE Technology Holding","ASE Technology Holding Co., Ltd.","`封测_检测_计量_光罩/` / 封测_检测_计量_光罩 / 封测_检测_计量_光罩/","52","2026-06-04","2026-06-04T00:47:51-07:00","2026-06-04T04:07:37-07:00","ok","1","","","EQUITY","NYQ","NYSE","US exchange listed","USD","2026-06-04","2026-06-04","37.91999817","37.54233626","38.40000153","38.01755905","2026-07-10","42.65999985","42.65999985","0.1363171315","0.1221130687","0.1109374518","0.1299416894","0.1487888277","0.1465681908","0.1223707413","0.1414251061","0.1571274862","0","","1","2026-07-06 0.417","0","","1.117562","25","0","2","0.1138020735","https://query1.finance.yahoo.com/v8/finance/chart/ASX?period1=1780124400&period2=1783926000&interval=1d&events=div%2Csplits%2CcapitalGains","https://uk.help.yahoo.com/kb/finance/adjusted-close-sln28256.html"
"ATEYY","ATEYY","Advantest","Advantest Corporation","`封测_检测_计量_光罩/` / 封测_检测_计量_光罩 / 封测_检测_计量_光罩/","52","2026-06-04","2026-06-04T00:47:51-07:00","2026-06-04T04:07:37-07:00","ok","1","","","EQUITY","PNK","OTC Markets OTCPK","OTC quote; often ADR/foreign ordinary proxy","USD","2026-06-04","2026-06-04","178.5","178.5","177","177","2026-07-10","186.30999756","186.30999756","0.0437534877","0.0525988563","0.0525988563","0.0373780456","0.0562251839","0.054004547","0.0528565289","0.0719108937","0.0876132738","0","","0","","0","","0","25","0","2","0.1612769219","https://query1.finance.yahoo.com/v8/finance/chart/ATEYY?period1=1780124400&period2=1783926000&interval=1d&events=div%2Csplits%2CcapitalGains","https://uk.help.yahoo.com/kb/finance/adjusted-close-sln28256.html"
"ATKR","ATKR","Atkore","Atkore Inc.","`配电_电源_功率器件/` / 配电_电源_功率器件 / 配电_电源_功率器件/","52","2026-06-04","2026-06-04T00:47:51-07:00","2026-06-04T04:07:37-07:00","ok","1","","","EQUITY","NYQ","NYSE","US exchange listed","USD","2026-06-04","2026-06-04","83.76999664","83.76999664","84.93000031","84.93000031","2026-07-10","72.23999786","72.23999786","-0.1376387638","-0.1494171954","-0.1494171954","-0.144014206","-0.1251670676","-0.1273877045","-0.1491595228","-0.1301051579","-0.1144027779","0","","0","","0","","0","25","0","2","0.0576874981","https://query1.finance.yahoo.com/v8/finance/chart/ATKR?period1=1780124400&period2=1783926000&interval=1d&events=div%2Csplits%2CcapitalGains","https://uk.help.yahoo.com/kb/finance/adjusted-close-sln28256.html"
"AVGO","AVGO","Broadcom","Broadcom Inc.","`AI计算芯片_EDA_IP_custom_ASIC/` / AI计算芯片_EDA_IP_custom_ASIC / AI计算芯片_EDA_IP_custom_ASIC/","52","2026-06-04","2026-06-04T00:47:51-07:00","2026-06-04T04:07:37-07:00","ok","1","","","EQUITY","NMS","NasdaqGS","US exchange listed","USD","2026-06-04","2026-06-04","408.98999023","408.34370894","418.91000366","418.24804688","2026-07-10","399.97000122","399.97000122","-0.0205065183","-0.0437014489","-0.0452125809","-0.0268819604","-0.008034822","-0.0102554589","-0.0434437763","-0.0243894115","-0.0086870314","0","","1","2026-06-22 0.65","0","","0.151113","25","0","2","0.0792055426","https://query1.finance.yahoo.com/v8/finance/chart/AVGO?period1=1780124400&period2=1783926000&interval=1d&events=div%2Csplits%2CcapitalGains","https://uk.help.yahoo.com/kb/finance/adjusted-close-sln28256.html"
"AXTI","AXTI","AXT / AXT Inc","AXT, Inc.","`半导体材料_化学品_基板/` / 半导体材料_化学品_基板 / 半导体材料_化学品_基板/","52","2026-06-04","2026-06-04T00:47:51-07:00","2026-06-04T04:07:37-07:00","ok","1","","","EQUITY","NMS","NasdaqGS","US exchange listed","USD","2026-06-04","2026-06-04","103.29000092","103.29000092","105.98999786","105.98999786","2026-07-10","57.20999908","57.20999908","-0.4461225814","-0.4602320951","-0.4602320951","-0.4524980235","-0.4336508852","-0.4358715221","-0.4599744225","-0.4409200577","-0.4252176776","0","","0","","0","","0","25","0","2","0.1599207216","https://query1.finance.yahoo.com/v8/finance/chart/AXTI?period1=1780124400&period2=1783926000&interval=1d&events=div%2Csplits%2CcapitalGains","https://uk.help.yahoo.com/kb/finance/adjusted-close-sln28256.html"
"BABA","BABA","Alibaba Group / Alibaba 阿里巴巴","Alibaba Group Holding Limited","`云算力_IDC_AI软件平台/` / 云算力_IDC_AI软件平台 / 云算力_IDC_AI软件平台/","52","2026-06-04","2026-06-04T00:47:51-07:00","2026-06-04T04:07:37-07:00","ok","1","","","EQUITY","NYQ","NYSE","US exchange listed","USD","2026-06-04","2026-06-04","126.62000275","125.46771097","125.94999695","124.80380249","2026-07-10","112.33000183","112.33000183","-0.1047098814","-0.0999472805","-0.1081381139","-0.1110853236","-0.0922381852","-0.0944588221","-0.0996896079","-0.0806352431","-0.064932863","0","","1","2026-06-11 1.05","0","","0.819083","25","0","2","0.110454494","https://query1.finance.yahoo.com/v8/finance/chart/BABA?period1=1780124400&period2=1783926000&interval=1d&events=div%2Csplits%2CcapitalGains","https://uk.help.yahoo.com/kb/finance/adjusted-close-sln28256.html"
"BDC","BDC","Belden","Belden Inc.","`AI网络_光互联_连接器/` / AI网络_光互联_连接器 / AI网络_光互联_连接器/","52","2026-06-04","2026-06-04T00:47:51-07:00","2026-06-04T04:07:37-07:00","ok","1","","","EQUITY","NYQ","NYSE","US exchange listed","USD","2026-06-04","2026-06-04","109.19000244","109.14243592","110.72000122","110.67176819","2026-07-10","106.95999908","106.95999908","-0.0199962262","-0.0335385363","-0.0339595565","-0.0263716684","-0.00752453","-0.0097451669","-0.0332808636","-0.0142264988","0.0014758813","0","","1","2026-06-16 0.05","0","","0.042102","25","0","2","0.0594349624","https://query1.finance.yahoo.com/v8/finance/chart/BDC?period1=1780124400&period2=1783926000&interval=1d&events=div%2Csplits%2CcapitalGains","https://uk.help.yahoo.com/kb/finance/adjusted-close-sln28256.html"
"BE","BE","Bloom Energy","Bloom Energy Corporation","`电力_发电_能源_储能/` / 电力_发电_能源_储能 / 电力_发电_能源_储能/","52","2026-06-04","2026-06-04T00:47:51-07:00","2026-06-04T04:07:37-07:00","ok","1","","","EQUITY","NYQ","NYSE","US exchange listed","USD","2026-06-04","2026-06-04","278.78500366","278.78500366","291.36999512","291.36999512","2026-07-10","244.61000061","244.61000061","-0.1225855143","-0.1604832182","-0.1604832182","-0.1289609565","-0.1101138181","-0.112334455","-0.1602255456","-0.1411711808","-0.1254688007","0","","0","","0","","0","25","0","2","0.1848760908","https://query1.finance.yahoo.com/v8/finance/chart/BE?period1=1780124400&period2=1783926000&interval=1d&events=div%2Csplits%2CcapitalGains","https://uk.help.yahoo.com/kb/finance/adjusted-close-sln28256.html"
"BELFB","BELFB","Bel Fuse / Bel Fuse Inc","Bel Fuse Inc.","`AI网络_光互联_连接器/` / AI网络_光互联_连接器 / AI网络_光互联_连接器/","52","2026-06-04","2026-06-04T00:47:51-07:00","2026-06-04T04:07:37-07:00","ok","1","","","EQUITY","NMS","NasdaqGS","US exchange listed","USD","2026-06-04","2026-06-04","275.89001465","275.89001465","276.54000854","276.54000854","2026-07-10","272.57998657","272.57998657","-0.0119976364","-0.0143198881","-0.0143198881","-0.0183730786","0.0004740598","-0.0017465771","-0.0140622155","0.0049921494","0.0206945295","0","","0","","0","","0","25","0","2","0.1607243775","https://query1.finance.yahoo.com/v8/finance/chart/BELFB?period1=1780124400&period2=1783926000&interval=1d&events=div%2Csplits%2CcapitalGains","https://uk.help.yahoo.com/kb/finance/adjusted-close-sln28256.html"
"BESIY","BESIY","BE Semiconductor / BE Semiconductor Industries","BE Semiconductor Industries N.V.","`封测_检测_计量_光罩/` / 封测_检测_计量_光罩 / 封测_检测_计量_光罩/","52","2026-06-04","2026-06-04T00:47:51-07:00","2026-06-04T04:07:37-07:00","ok","1","","","EQUITY","PNK","OTC Markets OTCPK","OTC quote; often ADR/foreign ordinary proxy","USD","2026-06-04","2026-06-04","323.17001343","323.17001343","332.70001221","332.70001221","2026-07-10","293.33999634","293.33999634","-0.092304409","-0.1183048224","-0.1183048224","-0.0986798512","-0.0798327128","-0.0820533497","-0.1180471498","-0.098992785","-0.0832904049","0","","0","","0","","0","25","0","2","0.1050359949","https://query1.finance.yahoo.com/v8/finance/chart/BESIY?period1=1780124400&period2=1783926000&interval=1d&events=div%2Csplits%2CcapitalGains","https://uk.help.yahoo.com/kb/finance/adjusted-close-sln28256.html"
"BWXT","BWXT","BWX Technologies","BWX Technologies, Inc.","`电力_发电_能源_储能/` / 电力_发电_能源_储能 / 电力_发电_能源_储能/","52","2026-06-04","2026-06-04T00:47:51-07:00","2026-06-04T04:07:37-07:00","ok","1","","","EQUITY","NYQ","NYSE","US exchange listed","USD","2026-06-04","2026-06-04","183.75999451","183.75999451","190.75999451","190.75999451","2026-07-10","186","186","0.012189843","-0.0249527922","-0.0249527922","0.0058144009","0.0246615392","0.0224409024","-0.0246951196","-0.0056407548","0.0100616253","0","","0","","0","","0","25","0","2","0.0638250966","https://query1.finance.yahoo.com/v8/finance/chart/BWXT?period1=1780124400&period2=1783926000&interval=1d&events=div%2Csplits%2CcapitalGains","https://uk.help.yahoo.com/kb/finance/adjusted-close-sln28256.html"
"CAMT","CAMT","Camtek","Camtek Ltd.","`封测_检测_计量_光罩/` / 封测_检测_计量_光罩 / 封测_检测_计量_光罩/","52","2026-06-04","2026-06-04T00:47:51-07:00","2026-06-04T04:07:37-07:00","ok","1","","","EQUITY","NGM","NasdaqGM","US exchange listed","USD","2026-06-04","2026-06-04","176.03999329","176.03999329","181.16000366","181.16000366","2026-07-10","143.78999329","143.78999329","-0.1831970077","-0.206281793","-0.206281793","-0.1895724498","-0.1707253115","-0.1729459483","-0.2060241204","-0.1869697555","-0.1712673754","0","","0","","0","","0","25","0","2","0.1345289274","https://query1.finance.yahoo.com/v8/finance/chart/CAMT?period1=1780124400&period2=1783926000&interval=1d&events=div%2Csplits%2CcapitalGains","https://uk.help.yahoo.com/kb/finance/adjusted-close-sln28256.html"
"CARR","CARR","Carrier Global","Carrier Global Corporation","`机电_冷却_工程_水处理_边缘工业AI/` / 机电_冷却_工程_水处理_边缘工业AI / 机电_冷却_工程_水处理_边缘工业AI/","52","2026-06-04","2026-06-04T00:47:51-07:00","2026-06-04T04:07:37-07:00","ok","1","","","EQUITY","NYQ","NYSE","US exchange listed","USD","2026-06-04","2026-06-04","67.86000061","67.86000061","68.54000092","68.54000092","2026-07-10","69.33999634","69.33999634","0.0218095449","0.0116719494","0.0116719494","0.0154341027","0.0342812411","0.0320606042","0.011929622","0.0309839868","0.0466863669","0","","0","","0","","0","25","0","2","0.057757973","https://query1.finance.yahoo.com/v8/finance/chart/CARR?period1=1780124400&period2=1783926000&interval=1d&events=div%2Csplits%2CcapitalGains","https://uk.help.yahoo.com/kb/finance/adjusted-close-sln28256.html"
"CAT","CAT","Caterpillar / Caterpillar Inc","Caterpillar Inc.","`机电_冷却_工程_水处理_边缘工业AI/` / 机电_冷却_工程_水处理_边缘工业AI / 机电_冷却_工程_水处理_边缘工业AI/","52","2026-06-04","2026-06-04T00:47:51-07:00","2026-06-04T04:07:37-07:00","ok","1","","","EQUITY","NYQ","NYSE","US exchange listed","USD","2026-06-04","2026-06-04","913.98999023","913.98999023","940.47998047","940.47998047","2026-07-10","952.40997314","952.40997314","0.0420354526","0.0126850044","0.0126850044","0.0356600104","0.0545071488","0.0522865119","0.012942677","0.0319970418","0.0476994219","0","","0","","0","","0","25","0","2","0.0690112213","https://query1.finance.yahoo.com/v8/finance/chart/CAT?period1=1780124400&period2=1783926000&interval=1d&events=div%2Csplits%2CcapitalGains","https://uk.help.yahoo.com/kb/finance/adjusted-close-sln28256.html"
"CC","CC","Chemours / The Chemours Company","The Chemours Company","`半导体材料_化学品_基板/` / 半导体材料_化学品_基板 / 半导体材料_化学品_基板/","52","2026-06-04","2026-06-04T00:47:51-07:00","2026-06-04T04:07:37-07:00","ok","1","","","EQUITY","NYQ","NYSE","US exchange listed","USD","2026-06-04","2026-06-04","22.10000038","22.10000038","21.67000008","21.67000008","2026-07-10","17.80999947","17.80999947","-0.1941176849","-0.1781264696","-0.1781264696","-0.2004931271","-0.1816459887","-0.1838666256","-0.177868797","-0.1588144321","-0.1431120521","0","","0","","0","","0","25","0","2","0.0698974867","https://query1.finance.yahoo.com/v8/finance/chart/CC?period1=1780124400&period2=1783926000&interval=1d&events=div%2Csplits%2CcapitalGains","https://uk.help.yahoo.com/kb/finance/adjusted-close-sln28256.html"
"CDNS","CDNS","Cadence Design Systems","Cadence Design Systems, Inc.","`AI计算芯片_EDA_IP_custom_ASIC/` / AI计算芯片_EDA_IP_custom_ASIC / AI计算芯片_EDA_IP_custom_ASIC/","52","2026-06-04","2026-06-04T00:47:51-07:00","2026-06-04T04:07:37-07:00","ok","1","","","EQUITY","NMS","NasdaqGS","US exchange listed","USD","2026-06-04","2026-06-04","407.73001099","407.73001099","411.67999268","411.67999268","2026-07-10","384.17001343","384.17001343","-0.0577833295","-0.0668236974","-0.0668236974","-0.0641587716","-0.0453116333","-0.0475322702","-0.0665660248","-0.04751166","-0.0318092799","0","","0","","0","","0","25","0","2","0.086207712","https://query1.finance.yahoo.com/v8/finance/chart/CDNS?period1=1780124400&period2=1783926000&interval=1d&events=div%2Csplits%2CcapitalGains","https://uk.help.yahoo.com/kb/finance/adjusted-close-sln28256.html"
"CEG","CEG","Constellation Energy","Constellation Energy Corporation","`电力_发电_能源_储能/` / 电力_发电_能源_储能 / 电力_发电_能源_储能/","52","2026-06-04","2026-06-04T00:47:51-07:00","2026-06-04T04:07:37-07:00","ok","1","","","EQUITY","NMS","NasdaqGS","US exchange listed","USD","2026-06-04","2026-06-04","266.85501099","266.85501099","264.58999634","264.58999634","2026-07-10","251.38000488","251.38000488","-0.0579903149","-0.0499262695","-0.0499262695","-0.064365757","-0.0455186187","-0.0477392555","-0.0496685969","-0.0306142321","-0.014911852","0","","0","","0","","0","25","0","2","0.0477915825","https://query1.finance.yahoo.com/v8/finance/chart/CEG?period1=1780124400&period2=1783926000&interval=1d&events=div%2Csplits%2CcapitalGains","https://uk.help.yahoo.com/kb/finance/adjusted-close-sln28256.html"
"CIEN","CIEN","Ciena / Ciena Corporation","Ciena Corporation","`AI网络_光互联_连接器/` / AI网络_光互联_连接器 / AI网络_光互联_连接器/","52","2026-06-04","2026-06-04T00:47:51-07:00","2026-06-04T04:07:37-07:00","ok","1","","","EQUITY","NYQ","NYSE","US exchange listed","USD","2026-06-04","2026-06-04","552.39001465","552.39001465","535.63000488","535.63000488","2026-07-10","460.72000122","460.72000122","-0.1659516121","-0.1398540093","-0.1398540093","-0.1723270543","-0.1534799159","-0.1557005528","-0.1395963366","-0.1205419718","-0.1048395917","0","","0","","0","","0","25","0","2","0.0885312865","https://query1.finance.yahoo.com/v8/finance/chart/CIEN?period1=1780124400&period2=1783926000&interval=1d&events=div%2Csplits%2CcapitalGains","https://uk.help.yahoo.com/kb/finance/adjusted-close-sln28256.html"
"CLS","CLS","Celestica / Celestica Inc","Celestica Inc.","`AI服务器_存储_EMS/` / AI服务器_存储_EMS / AI服务器_存储_EMS/","52","2026-06-04","2026-06-04T00:47:51-07:00","2026-06-04T04:07:37-07:00","ok","1","","","EQUITY","NYQ","NYSE","US exchange listed","USD","2026-06-04","2026-06-04","419.70001221","419.70001221","425.35998535","425.35998535","2026-07-10","359.8500061","359.8500061","-0.1426018689","-0.1540106769","-0.1540106769","-0.1489773111","-0.1301301727","-0.1323508096","-0.1537530042","-0.1346986394","-0.1189962593","0","","0","","0","","0","25","0","2","0.1261284459","https://query1.finance.yahoo.com/v8/finance/chart/CLS?period1=1780124400&period2=1783926000&interval=1d&events=div%2Csplits%2CcapitalGains","https://uk.help.yahoo.com/kb/finance/adjusted-close-sln28256.html"
"CMI","CMI","Cummins / Cummins Inc","Cummins Inc.","`电力_发电_能源_储能/` / 电力_发电_能源_储能 / 电力_发电_能源_储能/","52","2026-06-04","2026-06-04T00:47:51-07:00","2026-06-04T04:07:37-07:00","ok","1","","","EQUITY","NYQ","NYSE","US exchange listed","USD","2026-06-04","2026-06-04","672.30999756","672.30999756","678.09997559","678.09997559","2026-07-10","675.95001221","675.95001221","0.0054141909","-0.0031705699","-0.0031705699","-0.0009612513","0.0178858871","0.0156652502","-0.0029128973","0.0161414675","0.0318438476","0","","0","","0","","0","25","0","2","0.0578425385","https://query1.finance.yahoo.com/v8/finance/chart/CMI?period1=1780124400&period2=1783926000&interval=1d&events=div%2Csplits%2CcapitalGains","https://uk.help.yahoo.com/kb/finance/adjusted-close-sln28256.html"
"COHR","COHR","Coherent","Coherent Corp.","`AI网络_光互联_连接器/` / AI网络_光互联_连接器 / AI网络_光互联_连接器/","52","2026-06-04","2026-06-04T00:47:51-07:00","2026-06-04T04:07:37-07:00","ok","1","","","EQUITY","NYQ","NYSE","US exchange listed","USD","2026-06-04","2026-06-04","398.70001221","398.70001221","421.8999939","421.8999939","2026-07-10","324.5","324.5","-0.1861048657","-0.2308603823","-0.2308603823","-0.1924803078","-0.1736331695","-0.1758538063","-0.2306027097","-0.2115483449","-0.1958459648","0","","0","","0","","0","25","0","2","0.1144228873","https://query1.finance.yahoo.com/v8/finance/chart/COHR?period1=1780124400&period2=1783926000&interval=1d&events=div%2Csplits%2CcapitalGains","https://uk.help.yahoo.com/kb/finance/adjusted-close-sln28256.html"
"COHU","COHU","Cohu / Cohu Inc","Cohu, Inc.","`封测_检测_计量_光罩/` / 封测_检测_计量_光罩 / 封测_检测_计量_光罩/","52","2026-06-04","2026-06-04T00:47:51-07:00","2026-06-04T04:07:37-07:00","ok","1","","","EQUITY","NMS","NasdaqGS","US exchange listed","USD","2026-06-04","2026-06-04","54","54","55.88000107","55.88000107","2026-07-10","56.16999817","56.16999817","0.0401851513","0.0051896402","0.0051896402","0.0338097091","0.0526568475","0.0504362106","0.0054473128","0.0245016776","0.0402040577","0","","0","","0","","0","25","0","2","0.1423817112","https://query1.finance.yahoo.com/v8/finance/chart/COHU?period1=1780124400&period2=1783926000&interval=1d&events=div%2Csplits%2CcapitalGains","https://uk.help.yahoo.com/kb/finance/adjusted-close-sln28256.html"
"CRDO","CRDO","Credo Technology / Credo Technology Group","Credo Technology Group Holding Ltd","`AI网络_光互联_连接器/` / AI网络_光互联_连接器 / AI网络_光互联_连接器/","52","2026-06-04","2026-06-04T00:47:51-07:00","2026-06-04T04:07:37-07:00","ok","1","","","EQUITY","NMS","NasdaqGS","US exchange listed","USD","2026-06-04","2026-06-04","204.66000366","204.66000366","217.5","217.5","2026-07-10","257.79000854","257.79000854","0.2596013091","0.1852414186","0.1852414186","0.253225867","0.2720730053","0.2698523685","0.1854990912","0.204553456","0.2202558361","0","","0","","0","","0","25","0","2","0.1139347775","https://query1.finance.yahoo.com/v8/finance/chart/CRDO?period1=1780124400&period2=1783926000&interval=1d&events=div%2Csplits%2CcapitalGains","https://uk.help.yahoo.com/kb/finance/adjusted-close-sln28256.html"
"CRWD","CRWD","CrowdStrike","CrowdStrike Holdings, Inc.","`云算力_IDC_AI软件平台/` / 云算力_IDC_AI软件平台 / 云算力_IDC_AI软件平台/","52","2026-06-04","2026-06-04T00:47:51-07:00","2026-06-04T04:07:37-07:00","ok","1","","","EQUITY","NMS","NasdaqGS","US exchange listed","USD","2026-06-04","2026-06-04","168.51750183","168.51750183","179.77250671","179.77250671","2026-07-10","187.17999268","187.17999268","0.1107451193","0.0412047766","0.0412047766","0.1043696772","0.1232168155","0.1209961787","0.0414624492","0.060516814","0.0762191941","1","2026-07-02 4:1","0","","0","","0","25","0","2","0.067604347","https://query1.finance.yahoo.com/v8/finance/chart/CRWD?period1=1780124400&period2=1783926000&interval=1d&events=div%2Csplits%2CcapitalGains","https://uk.help.yahoo.com/kb/finance/adjusted-close-sln28256.html"
"CRWV","CRWV","CoreWeave","CoreWeave, Inc.","`云算力_IDC_AI软件平台/` / 云算力_IDC_AI软件平台 / 云算力_IDC_AI软件平台/","52","2026-06-04","2026-06-04T00:47:51-07:00","2026-06-04T04:07:37-07:00","ok","1","","","EQUITY","NMS","NasdaqGS","US exchange listed","USD","2026-06-04","2026-06-04","107.48999786","107.48999786","108.02999878","108.02999878","2026-07-10","88.87999725","88.87999725","-0.1731323935","-0.1772655905","-0.1772655905","-0.1795078357","-0.1606606973","-0.1628813342","-0.1770079179","-0.1579535531","-0.142251173","0","","0","","0","","0","25","0","2","0.1391903077","https://query1.finance.yahoo.com/v8/finance/chart/CRWV?period1=1780124400&period2=1783926000&interval=1d&events=div%2Csplits%2CcapitalGains","https://uk.help.yahoo.com/kb/finance/adjusted-close-sln28256.html"
"CSCO","CSCO","Cisco Systems","Cisco Systems, Inc.","`AI网络_光互联_连接器/` / AI网络_光互联_连接器 / AI网络_光互联_连接器/","52","2026-06-04","2026-06-04T00:47:51-07:00","2026-06-04T04:07:37-07:00","ok","1","","","EQUITY","NMS","NasdaqGS","US exchange listed","USD","2026-06-04","2026-06-04","126.05999756","125.59016969","130","129.51548767","2026-07-10","121.30999756","121.30999756","-0.034080471","-0.063355281","-0.0668461726","-0.0404559131","-0.0216087747","-0.0238294116","-0.0630976083","-0.0440432435","-0.0283408634","0","","1","2026-07-06 0.42","0","","0.349089","25","0","2","0.0643076925","https://query1.finance.yahoo.com/v8/finance/chart/CSCO?period1=1780124400&period2=1783926000&interval=1d&events=div%2Csplits%2CcapitalGains","https://uk.help.yahoo.com/kb/finance/adjusted-close-sln28256.html"
"DCI","DCI","Donaldson / Donaldson Company","Donaldson Company, Inc.","`机电_冷却_工程_水处理_边缘工业AI/` / 机电_冷却_工程_水处理_边缘工业AI / 机电_冷却_工程_水处理_边缘工业AI/","52","2026-06-04","2026-06-04T00:47:51-07:00","2026-06-04T04:07:37-07:00","ok","1","","","EQUITY","NYQ","NYSE","US exchange listed","USD","2026-06-04","2026-06-04","86.01000214","85.69144837","84.05000305","83.7387085","2026-07-10","89.23999786","89.23999786","0.0414107774","0.0656958945","0.061748895","0.0350353352","0.0538824736","0.0516618367","0.0659535671","0.0850079319","0.100710312","0","","1","2026-06-15 0.32","0","","0.3947","25","0","2","0.0353200991","https://query1.finance.yahoo.com/v8/finance/chart/DCI?period1=1780124400&period2=1783926000&interval=1d&events=div%2Csplits%2CcapitalGains","https://uk.help.yahoo.com/kb/finance/adjusted-close-sln28256.html"
"DELL","DELL","Dell Technologies","Dell Technologies Inc.","`AI服务器_存储_EMS/` / AI服务器_存储_EMS / AI服务器_存储_EMS/","52","2026-06-04","2026-06-04T00:47:51-07:00","2026-06-04T04:07:37-07:00","ok","1","","","EQUITY","NYQ","NYSE","US exchange listed","USD","2026-06-04","2026-06-04","401.86999512","401.86999512","422.04998779","422.04998779","2026-07-10","434.97000122","434.97000122","0.0823649601","0.0306125194","0.0306125194","0.0759895179","0.0948366563","0.0926160194","0.030870192","0.0499245568","0.0656269369","0","","0","","0","","0","25","0","2","0.0727336689","https://query1.finance.yahoo.com/v8/finance/chart/DELL?period1=1780124400&period2=1783926000&interval=1d&events=div%2Csplits%2CcapitalGains","https://uk.help.yahoo.com/kb/finance/adjusted-close-sln28256.html"
"DIOD","DIOD","Diodes / Diodes Incorporated","Diodes Incorporated","`配电_电源_功率器件/` / 配电_电源_功率器件 / 配电_电源_功率器件/","52","2026-06-04","2026-06-04T00:47:51-07:00","2026-06-04T04:07:37-07:00","ok","1","","","EQUITY","NMS","NasdaqGS","US exchange listed","USD","2026-06-04","2026-06-04","111.65000153","111.65000153","112.5","112.5","2026-07-10","96.37999725","96.37999725","-0.1367667181","-0.1432889133","-0.1432889133","-0.1431421602","-0.1242950219","-0.1265156587","-0.1430312407","-0.1239768759","-0.1082744958","0","","0","","0","","0","25","0","2","0.1016889106","https://query1.finance.yahoo.com/v8/finance/chart/DIOD?period1=1780124400&period2=1783926000&interval=1d&events=div%2Csplits%2CcapitalGains","https://uk.help.yahoo.com/kb/finance/adjusted-close-sln28256.html"
"DLR","DLR","Digital Realty","Digital Realty Trust, Inc.","`云算力_IDC_AI软件平台/` / 云算力_IDC_AI软件平台 / 云算力_IDC_AI软件平台/","52","2026-06-04","2026-06-04T00:47:51-07:00","2026-06-04T04:07:37-07:00","ok","1","","","EQUITY","NYQ","NYSE","US exchange listed","USD","2026-06-04","2026-06-04","184.88000488","183.6555039","188.69999695","187.45019531","2026-07-10","180.41000366","180.41000366","-0.0176716743","-0.0375576651","-0.0439321326","-0.0240471164","-0.0051999781","-0.0074206149","-0.0372999924","-0.0182456276","-0.0025432475","0","","1","2026-06-15 1.22","0","","0.637447","25","0","2","0.0577185428","https://query1.finance.yahoo.com/v8/finance/chart/DLR?period1=1780124400&period2=1783926000&interval=1d&events=div%2Csplits%2CcapitalGains","https://uk.help.yahoo.com/kb/finance/adjusted-close-sln28256.html"
"DOV","DOV","Dover / Dover Corporation","Dover Corporation","`机电_冷却_工程_水处理_边缘工业AI/` / 机电_冷却_工程_水处理_边缘工业AI / 机电_冷却_工程_水处理_边缘工业AI/","52","2026-06-04","2026-06-04T00:47:51-07:00","2026-06-04T04:07:37-07:00","ok","1","","","EQUITY","NYQ","NYSE","US exchange listed","USD","2026-06-04","2026-06-04","216.72999573","216.72999573","213.47000122","213.47000122","2026-07-10","215.33000183","215.33000183","-0.0064596222","0.0087131709","0.0087131709","-0.0128350644","0.006012074","0.0037914371","0.0089708435","0.0280252084","0.0437275885","0","","0","","0","","0","25","0","2","0.0326288938","https://query1.finance.yahoo.com/v8/finance/chart/DOV?period1=1780124400&period2=1783926000&interval=1d&events=div%2Csplits%2CcapitalGains","https://uk.help.yahoo.com/kb/finance/adjusted-close-sln28256.html"
"DSCSY","DSCSY","DISCO","Disco Corporation","`晶圆制造_前道设备/` / 晶圆制造_前道设备 / 晶圆制造_前道设备/","52","2026-06-04","2026-06-04T00:47:51-07:00","2026-06-04T04:07:37-07:00","ok","1","","","EQUITY","PNK","OTC Markets OTCPK","OTC quote; often ADR/foreign ordinary proxy","USD","2026-06-04","2026-06-04","45.68000031","45.68000031","45.00999832","45.00999832","2026-07-10","45.41999817","45.41999817","-0.0056918156","0.0091090839","0.0091090839","-0.0120672578","0.0067798806","0.0045592437","0.0093667565","0.0284211213","0.0441235014","0","","0","","0","","0","25","0","2","0.1031762009","https://query1.finance.yahoo.com/v8/finance/chart/DSCSY?period1=1780124400&period2=1783926000&interval=1d&events=div%2Csplits%2CcapitalGains","https://uk.help.yahoo.com/kb/finance/adjusted-close-sln28256.html"
"DTE","DTE","DTE Energy / DTE Energy Company","DTE Energy Company","`电力_发电_能源_储能/` / 电力_发电_能源_储能 / 电力_发电_能源_储能/","52","2026-06-04","2026-06-04T00:47:51-07:00","2026-06-04T04:07:37-07:00","ok","1","","","EQUITY","NYQ","NYSE","US exchange listed","USD","2026-06-04","2026-06-04","142.16999817","141.04754261","142.72999573","141.6031189","2026-07-10","150.27000427","150.27000427","0.0653854827","0.0612054695","0.0528270775","0.0590100405","0.0778571789","0.075636542","0.0614631421","0.0805175069","0.096219887","0","","1","2026-06-22 1.165","0","","0.837839","25","0","2","0.0231785221","https://query1.finance.yahoo.com/v8/finance/chart/DTE?period1=1780124400&period2=1783926000&interval=1d&events=div%2Csplits%2CcapitalGains","https://uk.help.yahoo.com/kb/finance/adjusted-close-sln28256.html"
"ECL","ECL","Ecolab","Ecolab Inc.","`半导体材料_化学品_基板/` / 半导体材料_化学品_基板 / 半导体材料_化学品_基板/","52","2026-06-04","2026-06-04T00:47:51-07:00","2026-06-04T04:07:37-07:00","ok","1","","","EQUITY","NYQ","NYSE","US exchange listed","USD","2026-06-04","2026-06-04","259.14001465","258.43567211","254.33000183","253.63873291","2026-07-10","274.30999756","274.30999756","0.0614246684","0.0814988484","0.0785593347","0.0550492262","0.0738963646","0.0716757277","0.081756521","0.1008108859","0.116513266","0","","1","2026-06-16 0.73","0","","0.293951","25","0","2","0.0316518012","https://query1.finance.yahoo.com/v8/finance/chart/ECL?period1=1780124400&period2=1783926000&interval=1d&events=div%2Csplits%2CcapitalGains","https://uk.help.yahoo.com/kb/finance/adjusted-close-sln28256.html"
"EME","EME","EMCOR Group","EMCOR Group, Inc.","`机电_冷却_工程_水处理_边缘工业AI/` / 机电_冷却_工程_水处理_边缘工业AI / 机电_冷却_工程_水处理_边缘工业AI/","52","2026-06-04","2026-06-04T00:47:51-07:00","2026-06-04T04:07:37-07:00","ok","1","","","EQUITY","NYQ","NYSE","US exchange listed","USD","2026-06-04","2026-06-04","828.65002441","828.65002441","845.42999268","845.42999268","2026-07-10","781.7800293","781.7800293","-0.0565618702","-0.0752870893","-0.0752870893","-0.0629373124","-0.044090174","-0.0463108109","-0.0750294167","-0.0559750519","-0.0402726718","0","","0","","0","","0","25","0","2","0.0748382904","https://query1.finance.yahoo.com/v8/finance/chart/EME?period1=1780124400&period2=1783926000&interval=1d&events=div%2Csplits%2CcapitalGains","https://uk.help.yahoo.com/kb/finance/adjusted-close-sln28256.html"
"ENPH","ENPH","Enphase Energy","Enphase Energy, Inc.","`电力_发电_能源_储能/` / 电力_发电_能源_储能 / 电力_发电_能源_储能/","52","2026-06-04","2026-06-04T00:47:51-07:00","2026-06-04T04:07:37-07:00","ok","1","","","EQUITY","NGM","NasdaqGM","US exchange listed","USD","2026-06-04","2026-06-04","66.94999695","66.94999695","68.38999939","68.38999939","2026-07-10","44.83000183","44.83000183","-0.3303957599","-0.3444947766","-0.3444947766","-0.3367712021","-0.3179240637","-0.3201447006","-0.344237104","-0.3251827391","-0.309480359","0","","0","","0","","0","25","0","2","0.180143293","https://query1.finance.yahoo.com/v8/finance/chart/ENPH?period1=1780124400&period2=1783926000&interval=1d&events=div%2Csplits%2CcapitalGains","https://uk.help.yahoo.com/kb/finance/adjusted-close-sln28256.html"
"ENS","ENS","EnerSys","EnerSys","`电力_发电_能源_储能/` / 电力_发电_能源_储能 / 电力_发电_能源_储能/","52","2026-06-04","2026-06-04T00:47:51-07:00","2026-06-04T04:07:37-07:00","ok","1","","","EQUITY","NYQ","NYSE","US exchange listed","USD","2026-06-04","2026-06-04","235.80999756","235.53760206","238.3500061","238.07467651","2026-07-10","205.67999268","205.67999268","-0.1267636637","-0.1360694229","-0.1370673907","-0.1331391059","-0.1142919675","-0.1165126044","-0.1358117502","-0.1167573854","-0.1010550053","0","","1","2026-06-18 0.263","0","","0.099797","25","0","2","0.0812432705","https://query1.finance.yahoo.com/v8/finance/chart/ENS?period1=1780124400&period2=1783926000&interval=1d&events=div%2Csplits%2CcapitalGains","https://uk.help.yahoo.com/kb/finance/adjusted-close-sln28256.html"
"ENTG","ENTG","Entegris","Entegris, Inc.","`半导体材料_化学品_基板/` / 半导体材料_化学品_基板 / 半导体材料_化学品_基板/","52","2026-06-04","2026-06-04T00:47:51-07:00","2026-06-04T04:07:37-07:00","ok","1","","","EQUITY","NMS","NasdaqGS","US exchange listed","USD","2026-06-04","2026-06-04","137.75999451","137.75999451","139.88000488","139.88000488","2026-07-10","145.3500061","145.3500061","0.0550959051","0.0391049545","0.0391049545","0.048720463","0.0675676013","0.0653469645","0.0393626271","0.0584169919","0.074119372","0","","0","","0","","0","25","0","2","0.1362019094","https://query1.finance.yahoo.com/v8/finance/chart/ENTG?period1=1780124400&period2=1783926000&interval=1d&events=div%2Csplits%2CcapitalGains","https://uk.help.yahoo.com/kb/finance/adjusted-close-sln28256.html"
"EQIX","EQIX","Equinix","Equinix, Inc.","`云算力_IDC_AI软件平台/` / 云算力_IDC_AI软件平台 / 云算力_IDC_AI软件平台/","52","2026-06-04","2026-06-04T00:47:51-07:00","2026-06-04T04:07:37-07:00","ok","1","","","EQUITY","NMS","NasdaqGS","US exchange listed","USD","2026-06-04","2026-06-04","1079.93005371","1079.93005371","1089.15002441","1089.15002441","2026-07-10","1051.20996094","1051.20996094","-0.0265944009","-0.0348345615","-0.0348345615","-0.0329698431","-0.0141227047","-0.0163433416","-0.0345768889","-0.015522524","0.0001798561","0","","0","","0","","0","25","0","2","0.0394224201","https://query1.finance.yahoo.com/v8/finance/chart/EQIX?period1=1780124400&period2=1783926000&interval=1d&events=div%2Csplits%2CcapitalGains","https://uk.help.yahoo.com/kb/finance/adjusted-close-sln28256.html"
"ET","ET","Energy Transfer / Energy Transfer LP","Energy Transfer LP","`电力_发电_能源_储能/` / 电力_发电_能源_储能 / 电力_发电_能源_储能/","52","2026-06-04","2026-06-04T00:47:51-07:00","2026-06-04T04:07:37-07:00","ok","1","","","EQUITY","NYQ","NYSE","US exchange listed","USD","2026-06-04","2026-06-04","19.42000008","19.42000008","19.62000084","19.62000084","2026-07-10","19.65999985","19.65999985","0.0123583815","0.0020386854","0.0020386854","0.0059829393","0.0248300777","0.0226094408","0.0022963581","0.0213507229","0.037053103","0","","0","","0","","0","25","0","2","0.0290908816","https://query1.finance.yahoo.com/v8/finance/chart/ET?period1=1780124400&period2=1783926000&interval=1d&events=div%2Csplits%2CcapitalGains","https://uk.help.yahoo.com/kb/finance/adjusted-close-sln28256.html"
"ETN","ETN","Eaton / Eaton Corporation","Eaton Corporation plc","`配电_电源_功率器件/` / 配电_电源_功率器件 / 配电_电源_功率器件/","52","2026-06-04","2026-06-04T00:47:51-07:00","2026-06-04T04:07:37-07:00","ok","1","","","EQUITY","NYQ","NYSE","US exchange listed","USD","2026-06-04","2026-06-04","416.73999023","416.73999023","418.60998535","418.60998535","2026-07-10","407.27999878","407.27999878","-0.0226999848","-0.0270657341","-0.0270657341","-0.029075427","-0.0102282886","-0.0124489255","-0.0268080615","-0.0077536967","0.0079486834","0","","0","","0","","0","25","0","2","0.0699894444","https://query1.finance.yahoo.com/v8/finance/chart/ETN?period1=1780124400&period2=1783926000&interval=1d&events=div%2Csplits%2CcapitalGains","https://uk.help.yahoo.com/kb/finance/adjusted-close-sln28256.html"
"ETR","ETR","Entergy / Entergy Corporation","Entergy Corporation","`电力_发电_能源_储能/` / 电力_发电_能源_储能 / 电力_发电_能源_储能/","52","2026-06-04","2026-06-04T00:47:51-07:00","2026-06-04T04:07:37-07:00","ok","1","","","EQUITY","NYQ","NYSE","US exchange listed","USD","2026-06-04","2026-06-04","109.70999908","109.70999908","109.27999878","109.27999878","2026-07-10","115.05000305","115.05000305","0.0486738129","0.0528001861","0.0528001861","0.0422983707","0.0611455091","0.0589248722","0.0530578587","0.0721122235","0.0878146036","0","","0","","0","","0","25","0","2","0.0237492984","https://query1.finance.yahoo.com/v8/finance/chart/ETR?period1=1780124400&period2=1783926000&interval=1d&events=div%2Csplits%2CcapitalGains","https://uk.help.yahoo.com/kb/finance/adjusted-close-sln28256.html"
"FCEL","FCEL","FuelCell Energy","FuelCell Energy, Inc.","`电力_发电_能源_储能/` / 电力_发电_能源_储能 / 电力_发电_能源_储能/","52","2026-06-04","2026-06-04T00:47:51-07:00","2026-06-04T04:07:37-07:00","ok","1","","","EQUITY","NGM","NasdaqGM","US exchange listed","USD","2026-06-04","2026-06-04","20.96999931","20.96999931","21.39999962","21.39999962","2026-07-10","21.03000069","21.03000069","0.0028612962","-0.0172896699","-0.0172896699","-0.0035141459","0.0153329924","0.0131123555","-0.0170319973","0.0020223675","0.0177247476","0","","0","","0","","0","25","0","2","0.241666635","https://query1.finance.yahoo.com/v8/finance/chart/FCEL?period1=1780124400&period2=1783926000&interval=1d&events=div%2Csplits%2CcapitalGains","https://uk.help.yahoo.com/kb/finance/adjusted-close-sln28256.html"
"FIX","FIX","Comfort Systems USA","Comfort Systems USA, Inc.","`机电_冷却_工程_水处理_边缘工业AI/` / 机电_冷却_工程_水处理_边缘工业AI / 机电_冷却_工程_水处理_边缘工业AI/","52","2026-06-04","2026-06-04T00:47:51-07:00","2026-06-04T04:07:37-07:00","ok","1","","","EQUITY","NYQ","NYSE","US exchange listed","USD","2026-06-04","2026-06-04","1816.09997559","1816.09997559","1914.65002441","1914.65002441","2026-07-10","1756.08996582","1756.08996582","-0.0330433404","-0.0828141209","-0.0828141209","-0.0394187826","-0.0205716442","-0.0227922811","-0.0825564483","-0.0635020835","-0.0477997034","0","","0","","0","","0","25","0","2","0.0809587624","https://query1.finance.yahoo.com/v8/finance/chart/FIX?period1=1780124400&period2=1783926000&interval=1d&events=div%2Csplits%2CcapitalGains","https://uk.help.yahoo.com/kb/finance/adjusted-close-sln28256.html"
"FLEX","FLEX","Flex / Flex Ltd","Flex Ltd.","`AI服务器_存储_EMS/` / AI服务器_存储_EMS / AI服务器_存储_EMS/","52","2026-06-04","2026-06-04T00:47:51-07:00","2026-06-04T04:07:37-07:00","ok","1","","","EQUITY","NMS","NasdaqGS","US exchange listed","USD","2026-06-04","2026-06-04","156.47999573","156.47999573","159.50999451","159.50999451","2026-07-10","135.80000305","135.80000305","-0.132157421","-0.1486426699","-0.1486426699","-0.1385328632","-0.1196857248","-0.1219063617","-0.1483849973","-0.1293306325","-0.1136282524","0","","0","","0","","0","25","0","2","0.108578117","https://query1.finance.yahoo.com/v8/finance/chart/FLEX?period1=1780124400&period2=1783926000&interval=1d&events=div%2Csplits%2CcapitalGains","https://uk.help.yahoo.com/kb/finance/adjusted-close-sln28256.html"
"FLNC","FLNC","Fluence Energy","Fluence Energy, Inc.","`电力_发电_能源_储能/` / 电力_发电_能源_储能 / 电力_发电_能源_储能/","52","2026-06-04","2026-06-04T00:47:51-07:00","2026-06-04T04:07:37-07:00","ok","1","","","EQUITY","NMS","NasdaqGS","US exchange listed","USD","2026-06-04","2026-06-04","24.31999969","24.31999969","27.14999962","27.14999962","2026-07-10","16.15999985","16.15999985","-0.3355263135","-0.4047882108","-0.4047882108","-0.3419017557","-0.3230546173","-0.3252752542","-0.4045305382","-0.3854761734","-0.3697737933","0","","0","","0","","0","25","0","2","0.1579992603","https://query1.finance.yahoo.com/v8/finance/chart/FLNC?period1=1780124400&period2=1783926000&interval=1d&events=div%2Csplits%2CcapitalGains","https://uk.help.yahoo.com/kb/finance/adjusted-close-sln28256.html"
"FN","FN","Fabrinet","Fabrinet","`AI服务器_存储_EMS/` / AI服务器_存储_EMS / AI服务器_存储_EMS/","52","2026-06-04","2026-06-04T00:47:51-07:00","2026-06-04T04:07:37-07:00","ok","1","","","EQUITY","NYQ","NYSE","US exchange listed","USD","2026-06-04","2026-06-04","684.83001709","684.83001709","714.7800293","714.7800293","2026-07-10","471.13000488","471.13000488","-0.3120482556","-0.3408741353","-0.3408741353","-0.3184236978","-0.2995765594","-0.3017971963","-0.3406164627","-0.3215620979","-0.3058597178","0","","0","","0","","0","25","0","2","0.1308514864","https://query1.finance.yahoo.com/v8/finance/chart/FN?period1=1780124400&period2=1783926000&interval=1d&events=div%2Csplits%2CcapitalGains","https://uk.help.yahoo.com/kb/finance/adjusted-close-sln28256.html"
"FORM","FORM","FormFactor","FormFactor, Inc.","`封测_检测_计量_光罩/` / 封测_检测_计量_光罩 / 封测_检测_计量_光罩/","52","2026-06-04","2026-06-04T00:47:51-07:00","2026-06-04T04:07:37-07:00","ok","1","","","EQUITY","NMS","NasdaqGS","US exchange listed","USD","2026-06-04","2026-06-04","121.16000366","121.16000366","126.61000061","126.61000061","2026-07-10","117.51999664","117.51999664","-0.0300429755","-0.0717953078","-0.0717953078","-0.0364184177","-0.0175712793","-0.0197919162","-0.0715376352","-0.0524832704","-0.0367808903","0","","0","","0","","0","25","0","2","0.1599946154","https://query1.finance.yahoo.com/v8/finance/chart/FORM?period1=1780124400&period2=1783926000&interval=1d&events=div%2Csplits%2CcapitalGains","https://uk.help.yahoo.com/kb/finance/adjusted-close-sln28256.html"
"FTV","FTV","Fortive / Fortive Corporation","Fortive Corporation","`机电_冷却_工程_水处理_边缘工业AI/` / 机电_冷却_工程_水处理_边缘工业AI / 机电_冷却_工程_水处理_边缘工业AI/","52","2026-06-04","2026-06-04T00:47:51-07:00","2026-06-04T04:07:37-07:00","ok","1","","","EQUITY","NYQ","NYSE","US exchange listed","USD","2026-06-04","2026-06-04","61.11999893","61.05991059","61.47000122","61.40956879","2026-07-10","62.20000076","62.20000076","0.0186716646","0.0128714789","0.011875704","0.0122962224","0.0311433608","0.0289227239","0.0131291515","0.0321835163","0.0478858964","0","","1","2026-06-22 0.06","0","","0.099577","25","0","2","0.0433258604","https://query1.finance.yahoo.com/v8/finance/chart/FTV?period1=1780124400&period2=1783926000&interval=1d&events=div%2Csplits%2CcapitalGains","https://uk.help.yahoo.com/kb/finance/adjusted-close-sln28256.html"
"GEV","GEV","GE Vernova","GE Vernova Inc.","`电力_发电_能源_储能/` / 电力_发电_能源_储能 / 电力_发电_能源_储能/","52","2026-06-04","2026-06-04T00:47:51-07:00","2026-06-04T04:07:37-07:00","ok","1","","","EQUITY","NYQ","NYSE","US exchange listed","USD","2026-06-04","2026-06-04","940","939.51997057","963.33001709","962.83807373","2026-07-10","1091.56994629","1091.56994629","0.161837939","0.1337004384","0.133121492","0.1554624969","0.1743096352","0.1720889984","0.133958111","0.1530124758","0.1687148559","0","","1","2026-06-16 0.5","0","","0.057895","25","0","2","0.0821309059","https://query1.finance.yahoo.com/v8/finance/chart/GEV?period1=1780124400&period2=1783926000&interval=1d&events=div%2Csplits%2CcapitalGains","https://uk.help.yahoo.com/kb/finance/adjusted-close-sln28256.html"
"GFS","GFS","GlobalFoundries","GLOBALFOUNDRIES Inc.","`晶圆制造_前道设备/` / 晶圆制造_前道设备 / 晶圆制造_前道设备/","52","2026-06-04","2026-06-04T00:47:51-07:00","2026-06-04T04:07:37-07:00","ok","1","","","EQUITY","NMS","NasdaqGS","US exchange listed","USD","2026-06-04","2026-06-04","81.77500153","81.65732352","84.69999695","84.57810974","2026-07-10","68.97000122","68.97000122","-0.1553727425","-0.1845407585","-0.185714242","-0.1617481847","-0.1429010463","-0.1451216832","-0.1842830858","-0.165228721","-0.1495263409","0","","1","2026-06-24 0.12","0","","0.117348","25","0","2","0.108264412","https://query1.finance.yahoo.com/v8/finance/chart/GFS?period1=1780124400&period2=1783926000&interval=1d&events=div%2Csplits%2CcapitalGains","https://uk.help.yahoo.com/kb/finance/adjusted-close-sln28256.html"
"GLW","GLW","Corning","Corning Incorporated","`AI网络_光互联_连接器/` / AI网络_光互联_连接器 / AI网络_光互联_连接器/","52","2026-06-04","2026-06-04T00:47:51-07:00","2026-06-04T04:07:37-07:00","ok","1","","","EQUITY","NYQ","NYSE","US exchange listed","USD","2026-06-04","2026-06-04","192.75999451","192.75999451","197.69999695","197.69999695","2026-07-10","190.88999939","190.88999939","-0.0097011578","-0.0344461187","-0.0344461187","-0.0160766","0.0027705384","0.0005499015","-0.0341884461","-0.0151340813","0.0005682988","0","","0","","0","","0","25","0","2","0.1567066225","https://query1.finance.yahoo.com/v8/finance/chart/GLW?period1=1780124400&period2=1783926000&interval=1d&events=div%2Csplits%2CcapitalGains","https://uk.help.yahoo.com/kb/finance/adjusted-close-sln28256.html"
"GNRC","GNRC","Generac / Generac Holdings","Generac Holdings Inc.","`电力_发电_能源_储能/` / 电力_发电_能源_储能 / 电力_发电_能源_储能/","52","2026-06-04","2026-06-04T00:47:51-07:00","2026-06-04T04:07:37-07:00","ok","1","","","EQUITY","NYQ","NYSE","US exchange listed","USD","2026-06-04","2026-06-04","274.83999634","274.83999634","278.14001465","278.14001465","2026-07-10","233.94000244","233.94000244","-0.1488138351","-0.1589128133","-0.1589128133","-0.1551892773","-0.1363421389","-0.1385627758","-0.1586551407","-0.1396007758","-0.1238983957","0","","0","","0","","0","25","0","2","0.0853729286","https://query1.finance.yahoo.com/v8/finance/chart/GNRC?period1=1780124400&period2=1783926000&interval=1d&events=div%2Csplits%2CcapitalGains","https://uk.help.yahoo.com/kb/finance/adjusted-close-sln28256.html"
"GOOGL","GOOGL","Alphabet / Alphabet Inc","Alphabet Inc.","`云算力_IDC_AI软件平台/` / 云算力_IDC_AI软件平台 / 云算力_IDC_AI软件平台/","52","2026-06-04","2026-06-04T00:47:51-07:00","2026-06-04T04:07:37-07:00","ok","1","","","EQUITY","NMS","NasdaqGS","US exchange listed","USD","2026-06-04","2026-06-04","358.8999939","358.68575901","372.19000244","371.96783447","2026-07-10","357.17999268","357.17999268","-0.0041980098","-0.0397557004","-0.0403288902","-0.010573452","0.0082736864","0.0060530495","-0.0394980278","-0.020443663","-0.0047412829","0","","1","2026-06-08 0.22","0","","0.057319","25","0","2","0.0498600825","https://query1.finance.yahoo.com/v8/finance/chart/GOOGL?period1=1780124400&period2=1783926000&interval=1d&events=div%2Csplits%2CcapitalGains","https://uk.help.yahoo.com/kb/finance/adjusted-close-sln28256.html"
"HOCPY","HOCPY","Hoya / HOYA Corporation","HOYA Corporation","`半导体材料_化学品_基板/` / 半导体材料_化学品_基板 / 半导体材料_化学品_基板/","52","2026-06-04","2026-06-04T00:47:51-07:00","2026-06-04T04:07:37-07:00","ok","1","","","EQUITY","PNK","OTC Markets OTCPK","OTC quote; often ADR/foreign ordinary proxy","USD","2026-06-04","2026-06-04","166.44999695","166.44999695","166.72000122","166.72000122","2026-07-10","155.72000122","155.72000122","-0.0644637785","-0.0659788863","-0.0659788863","-0.0708392206","-0.0519920823","-0.0542127192","-0.0657212137","-0.0466668488","-0.0309644687","0","","0","","0","","0","25","0","2","0.0552504776","https://query1.finance.yahoo.com/v8/finance/chart/HOCPY?period1=1780124400&period2=1783926000&interval=1d&events=div%2Csplits%2CcapitalGains","https://uk.help.yahoo.com/kb/finance/adjusted-close-sln28256.html"
"HPE","HPE","Hewlett Packard Enterprise / 惠普企业","Hewlett Packard Enterprise Company","`AI服务器_存储_EMS/` / AI服务器_存储_EMS / AI服务器_存储_EMS/","52","2026-06-04","2026-06-04T00:47:51-07:00","2026-06-04T04:07:37-07:00","ok","1","","","EQUITY","NYQ","NYSE","US exchange listed","USD","2026-06-04","2026-06-04","53","52.84538902","53.68999863","53.53337479","2026-07-10","48.54000092","48.54000092","-0.0814714052","-0.0932759029","-0.0959209879","-0.0878468473","-0.068999709","-0.0712203458","-0.0930182303","-0.0739638655","-0.0582614854","0","","1","2026-06-16 0.143","0","","0.264508","25","0","2","0.0993956262","https://query1.finance.yahoo.com/v8/finance/chart/HPE?period1=1780124400&period2=1783926000&interval=1d&events=div%2Csplits%2CcapitalGains","https://uk.help.yahoo.com/kb/finance/adjusted-close-sln28256.html"
"HUBB","HUBB","Hubbell","Hubbell Incorporated","`配电_电源_功率器件/` / 配电_电源_功率器件 / 配电_电源_功率器件/","52","2026-06-04","2026-06-04T00:47:51-07:00","2026-06-04T04:07:37-07:00","ok","1","","","EQUITY","NYQ","NYSE","US exchange listed","USD","2026-06-04","2026-06-04","479.76998901","479.76998901","485.26998901","485.26998901","2026-07-10","490.94000244","490.94000244","0.0232820178","0.011684245","0.011684245","0.0169065756","0.035753714","0.0335330771","0.0119419176","0.0309962824","0.0466986625","0","","0","","0","","0","25","0","2","0.0632263309","https://query1.finance.yahoo.com/v8/finance/chart/HUBB?period1=1780124400&period2=1783926000&interval=1d&events=div%2Csplits%2CcapitalGains","https://uk.help.yahoo.com/kb/finance/adjusted-close-sln28256.html"
"IBM","IBM","IBM / International Business Machines","International Business Machines Corporation","`云算力_IDC_AI软件平台/` / 云算力_IDC_AI软件平台 / 云算力_IDC_AI软件平台/","52","2026-06-04","2026-06-04T00:47:51-07:00","2026-06-04T04:07:37-07:00","ok","1","","","EQUITY","NYQ","NYSE","US exchange listed","USD","2026-06-04","2026-06-04","307.42999268","307.42999268","301.76998901","301.76998901","2026-07-10","287.55999756","287.55999756","-0.064632585","-0.0470888159","-0.0470888159","-0.0710080271","-0.0521608888","-0.0543815256","-0.0468311433","-0.0277767784","-0.0120743984","0","","0","","0","","0","25","0","2","0.0561023073","https://query1.finance.yahoo.com/v8/finance/chart/IBM?period1=1780124400&period2=1783926000&interval=1d&events=div%2Csplits%2CcapitalGains","https://uk.help.yahoo.com/kb/finance/adjusted-close-sln28256.html"
"ICHR","ICHR","Ichor Holdings","Ichor Holdings, Ltd.","`晶圆制造_前道设备/` / 晶圆制造_前道设备 / 晶圆制造_前道设备/","52","2026-06-04","2026-06-04T00:47:51-07:00","2026-06-04T04:07:37-07:00","ok","1","","","EQUITY","NMS","NasdaqGS","US exchange listed","USD","2026-06-04","2026-06-04","69.5019989","69.5019989","71.05999756","71.05999756","2026-07-10","100.30000305","100.30000305","0.4431240056","0.411483345","0.411483345","0.4367485634","0.4555957018","0.4533750649","0.4117410176","0.4307953824","0.4464977625","0","","0","","0","","0","25","0","2","0.1644728149","https://query1.finance.yahoo.com/v8/finance/chart/ICHR?period1=1780124400&period2=1783926000&interval=1d&events=div%2Csplits%2CcapitalGains","https://uk.help.yahoo.com/kb/finance/adjusted-close-sln28256.html"
"IESC","IESC","IES Holdings","IES Holdings, Inc.","`机电_冷却_工程_水处理_边缘工业AI/` / 机电_冷却_工程_水处理_边缘工业AI / 机电_冷却_工程_水处理_边缘工业AI/","52","2026-06-04","2026-06-04T00:47:51-07:00","2026-06-04T04:07:37-07:00","ok","1","","","EQUITY","NGM","NasdaqGM","US exchange listed","USD","2026-06-04","2026-06-04","715.48999023","715.48999023","742.09002686","742.09002686","2026-07-10","625.53997803","625.53997803","-0.1257180582","-0.1570564818","-0.1570564818","-0.1320935003","-0.1132463619","-0.1154669988","-0.1567988092","-0.1377444444","-0.1220420643","0","","0","","0","","0","25","0","2","0.0914146146","https://query1.finance.yahoo.com/v8/finance/chart/IESC?period1=1780124400&period2=1783926000&interval=1d&events=div%2Csplits%2CcapitalGains","https://uk.help.yahoo.com/kb/finance/adjusted-close-sln28256.html"
"IFNNY","IFNNY","Infineon Technologies / Infineon Technologies AG 英飞凌科技","Infineon Technologies AG","`配电_电源_功率器件/` / 配电_电源_功率器件 / 配电_电源_功率器件/","52","2026-06-04","2026-06-04T00:47:51-07:00","2026-06-04T04:07:37-07:00","ok","1","","","EQUITY","OQX","OTC Markets OTCQX","OTC quote; often ADR/foreign ordinary proxy","USD","2026-06-04","2026-06-04","96.76999664","96.76999664","99.08999634","99.08999634","2026-07-10","83.09999847","83.09999847","-0.141262774","-0.1613684374","-0.1613684374","-0.1476382162","-0.1287910778","-0.1310117147","-0.1611107648","-0.1420564","-0.1263540199","0","","0","","0","","0","25","0","2","0.1419921306","https://query1.finance.yahoo.com/v8/finance/chart/IFNNY?period1=1780124400&period2=1783926000&interval=1d&events=div%2Csplits%2CcapitalGains","https://uk.help.yahoo.com/kb/finance/adjusted-close-sln28256.html"
"IMOS","IMOS","ChipMOS Technologies / ChipMOS Technologies 南茂科技","ChipMOS TECHNOLOGIES INC.","`封测_检测_计量_光罩/` / 封测_检测_计量_光罩 / 封测_检测_计量_光罩/","52","2026-06-04","2026-06-04T00:47:51-07:00","2026-06-04T04:07:37-07:00","ok","1","","","EQUITY","NMS","NasdaqGS","US exchange listed","USD","2026-06-04","2026-06-04","62.81000137","61.99763995","63.93000031","63.10315323","2026-07-10","75.79000092","75.79000092","0.2224659032","0.201049346","0.1855154161","0.2160904611","0.2349375994","0.2327169626","0.2013070187","0.2203613835","0.2360637636","0","","1","2026-06-29 0.783","0","","1.553393","25","0","2","0.156748953","https://query1.finance.yahoo.com/v8/finance/chart/IMOS?period1=1780124400&period2=1783926000&interval=1d&events=div%2Csplits%2CcapitalGains","https://uk.help.yahoo.com/kb/finance/adjusted-close-sln28256.html"
"INTC","INTC","Intel / Intel Corporation 英特尔","Intel Corporation","`AI计算芯片_EDA_IP_custom_ASIC/` / AI计算芯片_EDA_IP_custom_ASIC / AI计算芯片_EDA_IP_custom_ASIC/","52","2026-06-04","2026-06-04T00:47:51-07:00","2026-06-04T04:07:37-07:00","ok","1","","","EQUITY","NMS","NasdaqGS","US exchange listed","USD","2026-06-04","2026-06-04","108.40000153","108.40000153","111.77999878","111.77999878","2026-07-10","109.83999634","109.83999634","0.0132840848","-0.0173555418","-0.0173555418","0.0069086426","0.025755781","0.0235351441","-0.0170978692","0.0019564956","0.0176588757","0","","0","","0","","0","25","0","2","0.1128108852","https://query1.finance.yahoo.com/v8/finance/chart/INTC?period1=1780124400&period2=1783926000&interval=1d&events=div%2Csplits%2CcapitalGains","https://uk.help.yahoo.com/kb/finance/adjusted-close-sln28256.html"
"IREN","IREN","IREN / IREN Limited","IREN Limited","`云算力_IDC_AI软件平台/` / 云算力_IDC_AI软件平台 / 云算力_IDC_AI软件平台/","52","2026-06-04","2026-06-04T00:47:51-07:00","2026-06-04T04:07:37-07:00","ok","1","","","EQUITY","NMS","NasdaqGS","US exchange listed","USD","2026-06-04","2026-06-04","62.13000107","62.13000107","61.86000061","61.86000061","2026-07-10","41.13999939","41.13999939","-0.3378400341","-0.3349499033","-0.3349499033","-0.3442154763","-0.3253683379","-0.3275889748","-0.3346922306","-0.3156378658","-0.2999354857","0","","0","","0","","0","25","0","2","0.1311179856","https://query1.finance.yahoo.com/v8/finance/chart/IREN?period1=1780124400&period2=1783926000&interval=1d&events=div%2Csplits%2CcapitalGains","https://uk.help.yahoo.com/kb/finance/adjusted-close-sln28256.html"
"JBL","JBL","Jabil / Jabil Inc","Jabil Inc.","`AI服务器_存储_EMS/` / AI服务器_存储_EMS / AI服务器_存储_EMS/","52","2026-06-04","2026-06-04T00:47:51-07:00","2026-06-04T04:07:37-07:00","ok","1","","","EQUITY","NYQ","NYSE","US exchange listed","USD","2026-06-04","2026-06-04","368.57998657","368.57998657","373.82000732","373.82000732","2026-07-10","330.29000854","330.29000854","-0.1038851251","-0.1164464125","-0.1164464125","-0.1102605673","-0.0914134289","-0.0936340658","-0.1161887399","-0.0971343751","-0.081431995","0","","0","","0","","0","25","0","2","0.0906911304","https://query1.finance.yahoo.com/v8/finance/chart/JBL?period1=1780124400&period2=1783926000&interval=1d&events=div%2Csplits%2CcapitalGains","https://uk.help.yahoo.com/kb/finance/adjusted-close-sln28256.html"
"JCI","JCI","Johnson Controls","Johnson Controls International plc","`机电_冷却_工程_水处理_边缘工业AI/` / 机电_冷却_工程_水处理_边缘工业AI / 机电_冷却_工程_水处理_边缘工业AI/","52","2026-06-04","2026-06-04T00:47:51-07:00","2026-06-04T04:07:37-07:00","ok","1","","","EQUITY","NYQ","NYSE","US exchange listed","USD","2026-06-04","2026-06-04","145.50999451","145.10847153","147.3999939","146.99325562","2026-07-10","142.80999756","142.80999756","-0.0158396953","-0.0284588435","-0.0311397322","-0.0222151374","-0.0033679991","-0.005588636","-0.0282011709","-0.0091468061","0.006555574","0","","1","2026-06-15 0.4","0","","0.268089","25","0","2","0.0567851309","https://query1.finance.yahoo.com/v8/finance/chart/JCI?period1=1780124400&period2=1783926000&interval=1d&events=div%2Csplits%2CcapitalGains","https://uk.help.yahoo.com/kb/finance/adjusted-close-sln28256.html"
"KEYS","KEYS","Keysight Technologies","Keysight Technologies, Inc.","`封测_检测_计量_光罩/` / 封测_检测_计量_光罩 / 封测_检测_计量_光罩/","52","2026-06-04","2026-06-04T00:47:51-07:00","2026-06-04T04:07:37-07:00","ok","1","","","EQUITY","NYQ","NYSE","US exchange listed","USD","2026-06-04","2026-06-04","344.23001099","344.23001099","343.10998535","343.10998535","2026-07-10","322.04998779","322.04998779","-0.0644337289","-0.061379728","-0.061379728","-0.0708091711","-0.0519620327","-0.0541826696","-0.0611220553","-0.0420676905","-0.0263653104","0","","0","","0","","0","25","0","2","0.0872076713","https://query1.finance.yahoo.com/v8/finance/chart/KEYS?period1=1780124400&period2=1783926000&interval=1d&events=div%2Csplits%2CcapitalGains","https://uk.help.yahoo.com/kb/finance/adjusted-close-sln28256.html"
"KLAC","KLAC","KLA / KLA Corporation","KLA Corporation","`晶圆制造_前道设备/` / 晶圆制造_前道设备 / 晶圆制造_前道设备/","52","2026-06-04","2026-06-04T00:47:51-07:00","2026-06-04T04:07:37-07:00","ok","1","","","EQUITY","NMS","NasdaqGS","US exchange listed","USD","2026-06-04","2026-06-04","205.38499451","205.38499451","213.11000061","213.11000061","2026-07-10","231.52000427","231.52000427","0.1272488763","0.0863873286","0.0863873286","0.1208734341","0.1397205725","0.1374999356","0.0866450013","0.1056993661","0.1214017462","1","2026-06-12 10:1","0","","0","","0","25","0","2","0.1292352957","https://query1.finance.yahoo.com/v8/finance/chart/KLAC?period1=1780124400&period2=1783926000&interval=1d&events=div%2Csplits%2CcapitalGains","https://uk.help.yahoo.com/kb/finance/adjusted-close-sln28256.html"
"KLIC","KLIC","Kulicke and Soffa / Kulicke Soffa","Kulicke and Soffa Industries, Inc.","`封测_检测_计量_光罩/` / 封测_检测_计量_光罩 / 封测_检测_计量_光罩/","52","2026-06-04","2026-06-04T00:47:51-07:00","2026-06-04T04:07:37-07:00","ok","1","","","EQUITY","NMS","NasdaqGS","US exchange listed","USD","2026-06-04","2026-06-04","104.02999878","103.84695349","107.51999664","107.33081055","2026-07-10","113.41000366","113.41000366","0.0920879222","0.0566397764","0.054780573","0.08571248","0.1045596184","0.1023389815","0.056897449","0.0759518138","0.0916541939","0","","1","2026-06-18 0.205","0","","0.18592","25","0","2","0.1148733199","https://query1.finance.yahoo.com/v8/finance/chart/KLIC?period1=1780124400&period2=1783926000&interval=1d&events=div%2Csplits%2CcapitalGains","https://uk.help.yahoo.com/kb/finance/adjusted-close-sln28256.html"
"LFUS","LFUS","Littelfuse","Littelfuse, Inc.","`配电_电源_功率器件/` / 配电_电源_功率器件 / 配电_电源_功率器件/","52","2026-06-04","2026-06-04T00:47:51-07:00","2026-06-04T04:07:37-07:00","ok","1","","","EQUITY","NMS","NasdaqGS","US exchange listed","USD","2026-06-04","2026-06-04","472.67999268","472.67999268","480.23999023","480.23999023","2026-07-10","415.16000366","415.16000366","-0.1216890706","-0.1355155503","-0.1355155503","-0.1280645128","-0.1092173744","-0.1114380113","-0.1352578777","-0.1162035129","-0.1005011328","0","","0","","0","","0","25","0","2","0.0535681968","https://query1.finance.yahoo.com/v8/finance/chart/LFUS?period1=1780124400&period2=1783926000&interval=1d&events=div%2Csplits%2CcapitalGains","https://uk.help.yahoo.com/kb/finance/adjusted-close-sln28256.html"
"LIN","LIN","Linde / Linde plc","Linde plc","`半导体材料_化学品_基板/` / 半导体材料_化学品_基板 / 半导体材料_化学品_基板/","52","2026-06-04","2026-06-04T00:47:51-07:00","2026-06-04T04:07:37-07:00","ok","1","","","EQUITY","NMS","NasdaqGS","US exchange listed","USD","2026-06-04","2026-06-04","508.60998535","508.60998535","507.45001221","507.45001221","2026-07-10","529.78997803","529.78997803","0.0416428959","0.0440239734","0.0440239734","0.0352674537","0.0541145921","0.0518939552","0.044281646","0.0633360108","0.0790383909","0","","1","2026-06-04 1.6","0","","0","25","0","2","0.0281535154","https://query1.finance.yahoo.com/v8/finance/chart/LIN?period1=1780124400&period2=1783926000&interval=1d&events=div%2Csplits%2CcapitalGains","https://uk.help.yahoo.com/kb/finance/adjusted-close-sln28256.html"
"LITE","LITE","Lumentum","Lumentum Holdings Inc.","`AI网络_光互联_连接器/` / AI网络_光互联_连接器 / AI网络_光互联_连接器/","52","2026-06-04","2026-06-04T00:47:51-07:00","2026-06-04T04:07:37-07:00","ok","1","","","EQUITY","NMS","NasdaqGS","US exchange listed","USD","2026-06-04","2026-06-04","900.09997559","900.09997559","945.08001709","945.08001709","2026-07-10","802.01000977","802.01000977","-0.1089767453","-0.1513840148","-0.1513840148","-0.1153521875","-0.0965050491","-0.098725686","-0.1511263422","-0.1320719774","-0.1163695973","0","","0","","0","","0","25","0","2","0.1112573139","https://query1.finance.yahoo.com/v8/finance/chart/LITE?period1=1780124400&period2=1783926000&interval=1d&events=div%2Csplits%2CcapitalGains","https://uk.help.yahoo.com/kb/finance/adjusted-close-sln28256.html"
"LRCX","LRCX","Lam Research","Lam Research Corporation","`晶圆制造_前道设备/` / 晶圆制造_前道设备 / 晶圆制造_前道设备/","52","2026-06-04","2026-06-04T00:47:51-07:00","2026-06-04T04:07:37-07:00","ok","1","","","EQUITY","NMS","NasdaqGS","US exchange listed","USD","2026-06-04","2026-06-04","329.75","329.51787191","336.41000366","336.17318726","2026-07-10","350.32998657","350.32998657","0.0631592895","0.0421116253","0.0413780291","0.0567838473","0.0756309857","0.0734103488","0.0423692979","0.0614236628","0.0771260429","0","","1","2026-06-17 0.26","0","","0.07336","25","0","2","0.1265382589","https://query1.finance.yahoo.com/v8/finance/chart/LRCX?period1=1780124400&period2=1783926000&interval=1d&events=div%2Csplits%2CcapitalGains","https://uk.help.yahoo.com/kb/finance/adjusted-close-sln28256.html"
"LWLG","LWLG","Lightwave Logic","Lightwave Logic, Inc.","`AI网络_光互联_连接器/` / AI网络_光互联_连接器 / AI网络_光互联_连接器/","52","2026-06-04","2026-06-04T00:47:51-07:00","2026-06-04T04:07:37-07:00","ok","1","","","EQUITY","NCM","NasdaqCM","US exchange listed","USD","2026-06-04","2026-06-04","11.92000008","11.92000008","12.18000031","12.18000031","2026-07-10","6.82999992","6.82999992","-0.4270134334","-0.4392446842","-0.4392446842","-0.4333888756","-0.4145417372","-0.4167623741","-0.4389870116","-0.4199326468","-0.4042302667","0","","0","","0","","0","25","0","2","0.167487678","https://query1.finance.yahoo.com/v8/finance/chart/LWLG?period1=1780124400&period2=1783926000&interval=1d&events=div%2Csplits%2CcapitalGains","https://uk.help.yahoo.com/kb/finance/adjusted-close-sln28256.html"
"MCHP","MCHP","Microchip Technology","Microchip Technology Incorporated","`AI计算芯片_EDA_IP_custom_ASIC/` / AI计算芯片_EDA_IP_custom_ASIC / AI计算芯片_EDA_IP_custom_ASIC/","52","2026-06-04","2026-06-04T00:47:51-07:00","2026-06-04T04:07:37-07:00","ok","1","","","EQUITY","NMS","NasdaqGS","US exchange listed","USD","2026-06-04","2026-06-04","95.65000153","95.65000153","96.30000305","96.30000305","2026-07-10","88.58999634","88.58999634","-0.0738108215","-0.0800623724","-0.0800623724","-0.0801862637","-0.0613391253","-0.0635597622","-0.0798046998","-0.060750335","-0.0450479549","0","","0","","0","","0","25","0","2","0.0920065916","https://query1.finance.yahoo.com/v8/finance/chart/MCHP?period1=1780124400&period2=1783926000&interval=1d&events=div%2Csplits%2CcapitalGains","https://uk.help.yahoo.com/kb/finance/adjusted-close-sln28256.html"
"META","META","Meta Platforms","Meta Platforms, Inc.","`云算力_IDC_AI软件平台/` / 云算力_IDC_AI软件平台 / 云算力_IDC_AI软件平台/","52","2026-06-04","2026-06-04T00:47:51-07:00","2026-06-04T04:07:37-07:00","ok","1","","","EQUITY","NMS","NasdaqGS","US exchange listed","USD","2026-06-04","2026-06-04","623.66998291","623.09247852","627.57000732","626.9888916","2026-07-10","669.21002197","669.21002197","0.0740139627","0.067339519","0.0663511866","0.0676385205","0.0864856589","0.084265022","0.0675971916","0.0866515564","0.1023539365","0","","1","2026-06-15 0.525","0","","0.098833","25","0","2","0.0880896111","https://query1.finance.yahoo.com/v8/finance/chart/META?period1=1780124400&period2=1783926000&interval=1d&events=div%2Csplits%2CcapitalGains","https://uk.help.yahoo.com/kb/finance/adjusted-close-sln28256.html"
"MICLF","MICLF","Micronics Japan / Mycronic AB","Mycronic AB (publ)","`封测_检测_计量_光罩/` / 封测_检测_计量_光罩 / 封测_检测_计量_光罩/","52","2026-06-04","2026-06-04T00:47:51-07:00","2026-06-04T04:07:37-07:00","ok","1","","","EQUITY","PNK","OTC Markets OTCPK","OTC quote; often ADR/foreign ordinary proxy","USD","2026-06-04","2026-06-04","27.21999931","27.21999931","27.21999931","27.21999931","2026-07-10","32.5","32.5","0.1939750486","0.1939750486","0.1939750486","0.1875996065","0.2064467448","0.204226108","0.1942327212","0.2132870861","0.2289894662","0","","0","","0","","0","25","0","2","0.1355639335","https://query1.finance.yahoo.com/v8/finance/chart/MICLF?period1=1780124400&period2=1783926000&interval=1d&events=div%2Csplits%2CcapitalGains","https://uk.help.yahoo.com/kb/finance/adjusted-close-sln28256.html"
"MIELY","MIELY","Mitsubishi Electric / 三菱电机 Mitsubishi Electric","Mitsubishi Electric Corporation","`配电_电源_功率器件/` / 配电_电源_功率器件 / 配电_电源_功率器件/","52","2026-06-04","2026-06-04T00:47:51-07:00","2026-06-04T04:07:37-07:00","ok","1","","","EQUITY","PNK","OTC Markets OTCPK","OTC quote; often ADR/foreign ordinary proxy","USD","2026-06-04","2026-06-04","71.69000244","71.69000244","75.05999756","75.05999756","2026-07-10","72.63999939","72.63999939","0.0132514565","-0.0322408506","-0.0322408506","0.0068760143","0.0257231527","0.0235025158","-0.031983178","-0.0129288132","0.0027735669","0","","0","","0","","0","25","0","2","0.0492693248","https://query1.finance.yahoo.com/v8/finance/chart/MIELY?period1=1780124400&period2=1783926000&interval=1d&events=div%2Csplits%2CcapitalGains","https://uk.help.yahoo.com/kb/finance/adjusted-close-sln28256.html"
"MKSI","MKSI","MKS Inc / MKS Instruments","MKS Inc.","`晶圆制造_前道设备/` / 晶圆制造_前道设备 / 晶圆制造_前道设备/","52","2026-06-04","2026-06-04T00:47:51-07:00","2026-06-04T04:07:37-07:00","ok","1","","","EQUITY","NMS","NasdaqGS","US exchange listed","USD","2026-06-04","2026-06-04","321.01000977","321.01000977","330.23001099","330.23001099","2026-07-10","368.57998657","368.57998657","0.1481884532","0.1161311035","0.1161311035","0.141813011","0.1606601494","0.1584395125","0.1163887761","0.1354431409","0.151145521","0","","0","","0","","0","25","0","2","0.1106677815","https://query1.finance.yahoo.com/v8/finance/chart/MKSI?period1=1780124400&period2=1783926000&interval=1d&events=div%2Csplits%2CcapitalGains","https://uk.help.yahoo.com/kb/finance/adjusted-close-sln28256.html"
"MMM","MMM","3M","3M Company","`半导体材料_化学品_基板/` / 半导体材料_化学品_基板 / 半导体材料_化学品_基板/","52","2026-06-04","2026-06-04T00:47:51-07:00","2026-06-04T04:07:37-07:00","ok","1","","","EQUITY","NYQ","NYSE","US exchange listed","USD","2026-06-04","2026-06-04","153.25","153.25","152.77000427","152.77000427","2026-07-10","157.52000427","157.52000427","0.0278629969","0.0310924911","0.0310924911","0.0214875547","0.0403346931","0.0381140562","0.0313501637","0.0504045285","0.0661069086","0","","0","","0","","0","25","0","2","0.0251483404","https://query1.finance.yahoo.com/v8/finance/chart/MMM?period1=1780124400&period2=1783926000&interval=1d&events=div%2Csplits%2CcapitalGains","https://uk.help.yahoo.com/kb/finance/adjusted-close-sln28256.html"
"MOD","MOD","Modine Manufacturing","Modine Manufacturing Company","`机电_冷却_工程_水处理_边缘工业AI/` / 机电_冷却_工程_水处理_边缘工业AI / 机电_冷却_工程_水处理_边缘工业AI/","52","2026-06-04","2026-06-04T00:47:51-07:00","2026-06-04T04:07:37-07:00","ok","1","","","EQUITY","NYQ","NYSE","US exchange listed","USD","2026-06-04","2026-06-04","287.42001343","287.42001343","301.20999146","301.20999146","2026-07-10","245.91000366","245.91000366","-0.1444228232","-0.1835928069","-0.1835928069","-0.1507982653","-0.1319511269","-0.1341717638","-0.1833351343","-0.1642807695","-0.1485783894","0","","0","","0","","0","25","0","2","0.0975781952","https://query1.finance.yahoo.com/v8/finance/chart/MOD?period1=1780124400&period2=1783926000&interval=1d&events=div%2Csplits%2CcapitalGains","https://uk.help.yahoo.com/kb/finance/adjusted-close-sln28256.html"
"MPWR","MPWR","Monolithic Power Systems","Monolithic Power Systems, Inc.","`配电_电源_功率器件/` / 配电_电源_功率器件 / 配电_电源_功率器件/","52","2026-06-04","2026-06-04T00:47:51-07:00","2026-06-04T04:07:37-07:00","ok","1","","","EQUITY","NMS","NasdaqGS","US exchange listed","USD","2026-06-04","2026-06-04","1630.04003906","1627.55670844","1652.59997559","1650.08227539","2026-07-10","1352.73999023","1352.73999023","-0.1688523151","-0.1801984602","-0.18144741","-0.1752277573","-0.1563806189","-0.1586012558","-0.1799407875","-0.1608864227","-0.1451840426","0","","1","2026-06-30 2","0","","0.124895","25","0","2","0.1038060809","https://query1.finance.yahoo.com/v8/finance/chart/MPWR?period1=1780124400&period2=1783926000&interval=1d&events=div%2Csplits%2CcapitalGains","https://uk.help.yahoo.com/kb/finance/adjusted-close-sln28256.html"
"MRAM","MRAM","Everspin Technologies","Everspin Technologies, Inc.","`AI服务器_存储_EMS/` / AI服务器_存储_EMS / AI服务器_存储_EMS/","52","2026-06-04","2026-06-04T00:47:51-07:00","2026-06-04T04:07:37-07:00","ok","1","","","EQUITY","NGM","NasdaqGM","US exchange listed","USD","2026-06-04","2026-06-04","27.18000031","27.18000031","28.42000008","28.42000008","2026-07-10","18.42000008","18.42000008","-0.3222958105","-0.3518648829","-0.3518648829","-0.3286712527","-0.3098241143","-0.3120447512","-0.3516072103","-0.3325528455","-0.3168504654","0","","0","","0","","0","25","0","2","0.1674876924","https://query1.finance.yahoo.com/v8/finance/chart/MRAM?period1=1780124400&period2=1783926000&interval=1d&events=div%2Csplits%2CcapitalGains","https://uk.help.yahoo.com/kb/finance/adjusted-close-sln28256.html"
"MRVL","MRVL","Marvell Technology","Marvell Technology, Inc.","`AI计算芯片_EDA_IP_custom_ASIC/` / AI计算芯片_EDA_IP_custom_ASIC / AI计算芯片_EDA_IP_custom_ASIC/","52","2026-06-04","2026-06-04T00:47:51-07:00","2026-06-04T04:07:37-07:00","ok","1","","","EQUITY","NMS","NasdaqGS","US exchange listed","USD","2026-06-04","2026-06-04","282.95001221","282.88023511","316.42999268","316.35195923","2026-07-10","235.80999756","235.80999756","-0.1663963463","-0.2545960577","-0.2547798786","-0.1727717884","-0.1539246501","-0.1561452869","-0.2543383851","-0.2352840203","-0.2195816402","0","","1","2026-07-10 0.06","0","","0.018382","25","0","2","0.167367163","https://query1.finance.yahoo.com/v8/finance/chart/MRVL?period1=1780124400&period2=1783926000&interval=1d&events=div%2Csplits%2CcapitalGains","https://uk.help.yahoo.com/kb/finance/adjusted-close-sln28256.html"
"MSFT","MSFT","Microsoft / 微软","Microsoft Corporation","`云算力_IDC_AI软件平台/` / 云算力_IDC_AI软件平台 / 云算力_IDC_AI软件平台/","52","2026-06-04","2026-06-04T00:47:51-07:00","2026-06-04T04:07:37-07:00","ok","1","","","EQUITY","NMS","NasdaqGS","US exchange listed","USD","2026-06-04","2026-06-04","435.80999756","435.80999756","428.04998779","428.04998779","2026-07-10","385.1000061","385.1000061","-0.116358027","-0.1003387056","-0.1003387056","-0.1227334692","-0.1038863308","-0.1061069677","-0.1000810329","-0.0810266681","-0.065324288","0","","0","","0","","0","25","0","2","0.0570813576","https://query1.finance.yahoo.com/v8/finance/chart/MSFT?period1=1780124400&period2=1783926000&interval=1d&events=div%2Csplits%2CcapitalGains","https://uk.help.yahoo.com/kb/finance/adjusted-close-sln28256.html"
"MSI","MSI","Motorola Solutions","Motorola Solutions, Inc.","`机电_冷却_工程_水处理_边缘工业AI/` / 机电_冷却_工程_水处理_边缘工业AI / 机电_冷却_工程_水处理_边缘工业AI/","52","2026-06-04","2026-06-04T00:47:51-07:00","2026-06-04T04:07:37-07:00","ok","1","","","EQUITY","NYQ","NYSE","US exchange listed","USD","2026-06-04","2026-06-04","412.77999878","411.54654827","410.72000122","409.4927063","2026-07-10","422.88000488","422.88000488","0.0275386992","0.0326923981","0.0296065534","0.021163257","0.0400103954","0.0377897585","0.0329500707","0.0520044355","0.0677068156","0","","1","2026-06-17 1.21","0","","0.308584","25","0","2","0.0286565417","https://query1.finance.yahoo.com/v8/finance/chart/MSI?period1=1780124400&period2=1783926000&interval=1d&events=div%2Csplits%2CcapitalGains","https://uk.help.yahoo.com/kb/finance/adjusted-close-sln28256.html"
"MTRN","MTRN","Materion","Materion Corporation","`半导体材料_化学品_基板/` / 半导体材料_化学品_基板 / 半导体材料_化学品_基板/","52","2026-06-04","2026-06-04T00:47:51-07:00","2026-06-04T04:07:37-07:00","ok","1","","","EQUITY","NYQ","NYSE","US exchange listed","USD","2026-06-04","2026-06-04","226.33000183","226.33000183","227.44000244","227.44000244","2026-07-10","257.66000366","257.66000366","0.1384261988","0.1328702115","0.1328702115","0.1320507566","0.150897895","0.1486772581","0.1331278841","0.1521822489","0.167884629","0","","0","","0","","0","25","0","2","0.0979691884","https://query1.finance.yahoo.com/v8/finance/chart/MTRN?period1=1780124400&period2=1783926000&interval=1d&events=div%2Csplits%2CcapitalGains","https://uk.help.yahoo.com/kb/finance/adjusted-close-sln28256.html"
"MTSI","MTSI","MACOM Technology Solutions","MACOM Technology Solutions Holdings, Inc.","`AI网络_光互联_连接器/` / AI网络_光互联_连接器 / AI网络_光互联_连接器/","52","2026-06-04","2026-06-04T00:47:51-07:00","2026-06-04T04:07:37-07:00","ok","1","","","EQUITY","NMS","NasdaqGS","US exchange listed","USD","2026-06-04","2026-06-04","376.01000977","376.01000977","382.73999023","382.73999023","2026-07-10","308.51998901","308.51998901","-0.1794899577","-0.1939175501","-0.1939175501","-0.1858653999","-0.1670182615","-0.1692388984","-0.1936598775","-0.1746055126","-0.1589031325","0","","0","","0","","0","25","0","2","0.097559694","https://query1.finance.yahoo.com/v8/finance/chart/MTSI?period1=1780124400&period2=1783926000&interval=1d&events=div%2Csplits%2CcapitalGains","https://uk.help.yahoo.com/kb/finance/adjusted-close-sln28256.html"
"MU","MU","Micron Technology / Micron Technology 美光科技","Micron Technology, Inc.","`AI服务器_存储_EMS/` / AI服务器_存储_EMS / AI服务器_存储_EMS/","52","2026-06-04","2026-06-04T00:47:51-07:00","2026-06-04T04:07:37-07:00","ok","1","","","EQUITY","NMS","NasdaqGS","US exchange listed","USD","2026-06-04","2026-06-04","1007.09997559","1006.94513173","996","995.84686279","2026-07-10","979.29998779","979.29998779","-0.027454469","-0.016615883","-0.0167670805","-0.0338299112","-0.0149827728","-0.0172034097","-0.0163582104","0.0026961544","0.0183985345","0","","1","2026-07-06 0.15","0","","0.01512","25","0","2","0.1574138925","https://query1.finance.yahoo.com/v8/finance/chart/MU?period1=1780124400&period2=1783926000&interval=1d&events=div%2Csplits%2CcapitalGains","https://uk.help.yahoo.com/kb/finance/adjusted-close-sln28256.html"
"MXL","MXL","MaxLinear","MaxLinear, Inc.","`AI计算芯片_EDA_IP_custom_ASIC/` / AI计算芯片_EDA_IP_custom_ASIC / AI计算芯片_EDA_IP_custom_ASIC/","52","2026-06-04","2026-06-04T00:47:51-07:00","2026-06-04T04:07:37-07:00","ok","1","","","EQUITY","NMS","NasdaqGS","US exchange listed","USD","2026-06-04","2026-06-04","88.12999725","88.12999725","94.20999908","94.20999908","2026-07-10","91.30000305","91.30000305","0.0359696573","-0.0308883989","-0.0308883989","0.0295942151","0.0484413535","0.0462207166","-0.0306307263","-0.0115763614","0.0041260186","0","","0","","0","","0","25","0","2","0.180326333","https://query1.finance.yahoo.com/v8/finance/chart/MXL?period1=1780124400&period2=1783926000&interval=1d&events=div%2Csplits%2CcapitalGains","https://uk.help.yahoo.com/kb/finance/adjusted-close-sln28256.html"
"MYRG","MYRG","MYR Group","MYR Group Inc.","`机电_冷却_工程_水处理_边缘工业AI/` / 机电_冷却_工程_水处理_边缘工业AI / 机电_冷却_工程_水处理_边缘工业AI/","52","2026-06-04","2026-06-04T00:47:51-07:00","2026-06-04T04:07:37-07:00","ok","1","","","EQUITY","NMS","NasdaqGS","US exchange listed","USD","2026-06-04","2026-06-04","438.51998901","438.51998901","451.3999939","451.3999939","2026-07-10","419.33999634","419.33999634","-0.0437380123","-0.0710234781","-0.0710234781","-0.0501134545","-0.0312663161","-0.033486953","-0.0707658054","-0.0517114406","-0.0360090605","0","","0","","0","","0","25","0","2","0.0745204017","https://query1.finance.yahoo.com/v8/finance/chart/MYRG?period1=1780124400&period2=1783926000&interval=1d&events=div%2Csplits%2CcapitalGains","https://uk.help.yahoo.com/kb/finance/adjusted-close-sln28256.html"
"NBIS","NBIS","Nebius Group","Nebius Group N.V.","`云算力_IDC_AI软件平台/` / 云算力_IDC_AI软件平台 / 云算力_IDC_AI软件平台/","52","2026-06-04","2026-06-04T00:47:51-07:00","2026-06-04T04:07:37-07:00","ok","1","","","EQUITY","NMS","NasdaqGS","US exchange listed","USD","2026-06-04","2026-06-04","239.74000549","239.74000549","259.67001343","259.67001343","2026-07-10","219.6499939","219.6499939","-0.0837991621","-0.1541187563","-0.1541187563","-0.0901746043","-0.0713274659","-0.0735481028","-0.1538610837","-0.1348067189","-0.1191043388","0","","0","","0","","0","25","0","2","0.1701488882","https://query1.finance.yahoo.com/v8/finance/chart/NBIS?period1=1780124400&period2=1783926000&interval=1d&events=div%2Csplits%2CcapitalGains","https://uk.help.yahoo.com/kb/finance/adjusted-close-sln28256.html"
"NDSN","NDSN","Nordson","Nordson Corporation","`半导体材料_化学品_基板/` / 半导体材料_化学品_基板 / 半导体材料_化学品_基板/","52","2026-06-04","2026-06-04T00:47:51-07:00","2026-06-04T04:07:37-07:00","ok","1","","","EQUITY","NMS","NasdaqGS","US exchange listed","USD","2026-06-04","2026-06-04","290","289.18063693","286.48001099","285.67059326","2026-07-10","286.6000061","286.6000061","-0.0089239406","0.0032534425","0.0004188603","-0.0152993828","0.0035477556","0.0013271187","0.0035111151","0.0225654799","0.03826786","0","","1","2026-06-18 0.82","0","","0.283458","25","0","2","0.0398442256","https://query1.finance.yahoo.com/v8/finance/chart/NDSN?period1=1780124400&period2=1783926000&interval=1d&events=div%2Csplits%2CcapitalGains","https://uk.help.yahoo.com/kb/finance/adjusted-close-sln28256.html"
"NOK","NOK","Nokia / 诺基亚","Nokia Oyj","`AI网络_光互联_连接器/` / AI网络_光互联_连接器 / AI网络_光互联_连接器/","52","2026-06-04","2026-06-04T00:47:51-07:00","2026-06-04T04:07:37-07:00","ok","1","","","EQUITY","NYQ","NYSE","US exchange listed","USD","2026-06-04","2026-06-04","15.78999996","15.78999996","16.62000084","16.62000084","2026-07-10","12.43999958","12.43999958","-0.2121596193","-0.2515042749","-0.2515042749","-0.2185350615","-0.1996879231","-0.20190856","-0.2512466023","-0.2321922375","-0.2164898574","0","","0","","0","","0","25","0","2","0.1347774138","https://query1.finance.yahoo.com/v8/finance/chart/NOK?period1=1780124400&period2=1783926000&interval=1d&events=div%2Csplits%2CcapitalGains","https://uk.help.yahoo.com/kb/finance/adjusted-close-sln28256.html"
"NTAP","NTAP","NetApp","NetApp, Inc.","`AI服务器_存储_EMS/` / AI服务器_存储_EMS / AI服务器_存储_EMS/","52","2026-06-04","2026-06-04T00:47:51-07:00","2026-06-04T04:07:37-07:00","ok","1","","","EQUITY","NMS","NasdaqGS","US exchange listed","USD","2026-06-04","2026-06-04","179.63999939","179.09604181","178.86999512","178.32836914","2026-07-10","168.86999512","168.86999512","-0.0570981167","-0.0530390878","-0.0559065258","-0.0634735588","-0.0446264205","-0.0468470574","-0.0527814151","-0.0337270503","-0.0180246702","0","","1","2026-07-10 0.52","0","","0.286744","25","0","2","0.0661373972","https://query1.finance.yahoo.com/v8/finance/chart/NTAP?period1=1780124400&period2=1783926000&interval=1d&events=div%2Csplits%2CcapitalGains","https://uk.help.yahoo.com/kb/finance/adjusted-close-sln28256.html"
"NTNX","NTNX","Nutanix","Nutanix, Inc.","`云算力_IDC_AI软件平台/` / 云算力_IDC_AI软件平台 / 云算力_IDC_AI软件平台/","52","2026-06-04","2026-06-04T00:47:51-07:00","2026-06-04T04:07:37-07:00","ok","1","","","EQUITY","NMS","NasdaqGS","US exchange listed","USD","2026-06-04","2026-06-04","53.24000168","53.24000168","54.97000122","54.97000122","2026-07-10","54.79000092","54.79000092","0.0291134333","-0.0032745188","-0.0032745188","0.0227379912","0.0415851295","0.0393644927","-0.0030168461","0.0160375187","0.0317398988","0","","0","","0","","0","25","0","2","0.0592245989","https://query1.finance.yahoo.com/v8/finance/chart/NTNX?period1=1780124400&period2=1783926000&interval=1d&events=div%2Csplits%2CcapitalGains","https://uk.help.yahoo.com/kb/finance/adjusted-close-sln28256.html"
"NVDA","NVDA","NVIDIA","NVIDIA Corporation","`AI计算芯片_EDA_IP_custom_ASIC/` / AI计算芯片_EDA_IP_custom_ASIC / AI计算芯片_EDA_IP_custom_ASIC/","52","2026-06-04","2026-06-04T00:47:51-07:00","2026-06-04T04:07:37-07:00","ok","1","","","EQUITY","NMS","NasdaqGS","US exchange listed","USD","2026-06-04","2026-06-04","213.91000366","213.91000366","218.66000366","218.66000366","2026-07-10","210.96000671","210.96000671","-0.0137908321","-0.0352144737","-0.0352144737","-0.0201662743","-0.0013191359","-0.0035397728","-0.0349568011","-0.0159024363","-0.0002000562","0","","1","2026-06-04 0.25","0","","0","25","0","2","0.0620140736","https://query1.finance.yahoo.com/v8/finance/chart/NVDA?period1=1780124400&period2=1783926000&interval=1d&events=div%2Csplits%2CcapitalGains","https://uk.help.yahoo.com/kb/finance/adjusted-close-sln28256.html"
"NVMI","NVMI","Nova / Nova Ltd","Nova Ltd.","`晶圆制造_前道设备/` / 晶圆制造_前道设备 / 晶圆制造_前道设备/","52","2026-06-04","2026-06-04T00:47:51-07:00","2026-06-04T04:07:37-07:00","ok","1","","","EQUITY","NMS","NasdaqGS","US exchange listed","USD","2026-06-04","2026-06-04","521.5","521.5","520.40002441","520.40002441","2026-07-10","475.8999939","475.8999939","-0.0874400884","-0.0855111999","-0.0855111999","-0.0938155306","-0.0749683922","-0.0771890291","-0.0852535273","-0.0661991625","-0.0504967824","0","","0","","0","","0","25","0","2","0.1008556868","https://query1.finance.yahoo.com/v8/finance/chart/NVMI?period1=1780124400&period2=1783926000&interval=1d&events=div%2Csplits%2CcapitalGains","https://uk.help.yahoo.com/kb/finance/adjusted-close-sln28256.html"
"NVT","NVT","nVent Electric","nVent Electric plc","`配电_电源_功率器件/` / 配电_电源_功率器件 / 配电_电源_功率器件/","52","2026-06-04","2026-06-04T00:47:51-07:00","2026-06-04T04:07:37-07:00","ok","1","","","EQUITY","NYQ","NYSE","US exchange listed","USD","2026-06-04","2026-06-04","172.375","172.375","173.88000488","173.88000488","2026-07-10","160.72000122","160.72000122","-0.0676142061","-0.075684399","-0.075684399","-0.0739896483","-0.0551425099","-0.0573631468","-0.0754267263","-0.0563723615","-0.0406699814","0","","0","","0","","0","25","0","2","0.0866334032","https://query1.finance.yahoo.com/v8/finance/chart/NVT?period1=1780124400&period2=1783926000&interval=1d&events=div%2Csplits%2CcapitalGains","https://uk.help.yahoo.com/kb/finance/adjusted-close-sln28256.html"
"NVTS","NVTS","Navitas Semiconductor","Navitas Semiconductor Corporation","`配电_电源_功率器件/` / 配电_电源_功率器件 / 配电_电源_功率器件/","52","2026-06-04","2026-06-04T00:47:51-07:00","2026-06-04T04:07:37-07:00","ok","1","","","EQUITY","NGM","NasdaqGM","US exchange listed","USD","2026-06-04","2026-06-04","28.72500038","28.72500038","30.67000008","30.67000008","2026-07-10","13.47000027","13.47000027","-0.5310704929","-0.5608086001","-0.5608086001","-0.5374459351","-0.5185987967","-0.5208194336","-0.5605509275","-0.5414965627","-0.5257941826","0","","0","","0","","0","25","0","2","0.1822628023","https://query1.finance.yahoo.com/v8/finance/chart/NVTS?period1=1780124400&period2=1783926000&interval=1d&events=div%2Csplits%2CcapitalGains","https://uk.help.yahoo.com/kb/finance/adjusted-close-sln28256.html"
"OKLO","OKLO","Oklo / Oklo Inc","Oklo Inc.","`电力_发电_能源_储能/` / 电力_发电_能源_储能 / 电力_发电_能源_储能/","52","2026-06-04","2026-06-04T00:47:51-07:00","2026-06-04T04:07:37-07:00","ok","1","","","EQUITY","NYQ","NYSE","US exchange listed","USD","2026-06-04","2026-06-04","64.51000214","64.51000214","65.38999939","65.38999939","2026-07-10","48.84999847","48.84999847","-0.2427531104","-0.2529438916","-0.2529438916","-0.2491285526","-0.2302814142","-0.2325020511","-0.252686219","-0.2336318542","-0.2179294741","0","","0","","0","","0","25","0","2","0.1116378545","https://query1.finance.yahoo.com/v8/finance/chart/OKLO?period1=1780124400&period2=1783926000&interval=1d&events=div%2Csplits%2CcapitalGains","https://uk.help.yahoo.com/kb/finance/adjusted-close-sln28256.html"
"ON","ON","ON Semiconductor / onsemi","ON Semiconductor Corporation","`AI计算芯片_EDA_IP_custom_ASIC/` / AI计算芯片_EDA_IP_custom_ASIC / AI计算芯片_EDA_IP_custom_ASIC/","52","2026-06-04","2026-06-04T00:47:51-07:00","2026-06-04T04:07:37-07:00","ok","1","","","EQUITY","NMS","NasdaqGS","US exchange listed","USD","2026-06-04","2026-06-04","127.30000305","127.30000305","131.82000732","131.82000732","2026-07-10","95.95999908","95.95999908","-0.2461901274","-0.2720376745","-0.2720376745","-0.2525655696","-0.2337184312","-0.2359390681","-0.2717800019","-0.252725637","-0.2370232569","0","","0","","0","","0","25","0","2","0.2365672632","https://query1.finance.yahoo.com/v8/finance/chart/ON?period1=1780124400&period2=1783926000&interval=1d&events=div%2Csplits%2CcapitalGains","https://uk.help.yahoo.com/kb/finance/adjusted-close-sln28256.html"
"ONTO","ONTO","Onto Innovation","Onto Innovation Inc.","`封测_检测_计量_光罩/` / 封测_检测_计量_光罩 / 封测_检测_计量_光罩/","52","2026-06-04","2026-06-04T00:47:51-07:00","2026-06-04T04:07:37-07:00","ok","1","","","EQUITY","NYQ","NYSE","US exchange listed","USD","2026-06-04","2026-06-04","269.16000366","269.16000366","274.76000977","274.76000977","2026-07-10","321.44000244","321.44000244","0.1942339057","0.1698936927","0.1698936927","0.1878584636","0.2067056019","0.2044849651","0.1701513653","0.1892057301","0.2049081102","0","","0","","0","","0","25","0","2","0.1269818212","https://query1.finance.yahoo.com/v8/finance/chart/ONTO?period1=1780124400&period2=1783926000&interval=1d&events=div%2Csplits%2CcapitalGains","https://uk.help.yahoo.com/kb/finance/adjusted-close-sln28256.html"
"ORCL","ORCL","Oracle / Oracle Corporation","Oracle Corporation","`云算力_IDC_AI软件平台/` / 云算力_IDC_AI软件平台 / 云算力_IDC_AI软件平台/","52","2026-06-04","2026-06-04T00:47:51-07:00","2026-06-04T04:07:37-07:00","ok","1","","","EQUITY","NYQ","NYSE","US exchange listed","USD","2026-06-04","2026-06-04","227","226.21301435","236.33999634","235.52062988","2026-07-10","140.63999939","140.63999939","-0.3782851097","-0.4028548605","-0.4049251013","-0.3846605519","-0.3658134135","-0.3680340504","-0.4025971879","-0.383542823","-0.367840443","0","","1","2026-07-10 0.5","0","","0.207024","25","0","2","0.0958788681","https://query1.finance.yahoo.com/v8/finance/chart/ORCL?period1=1780124400&period2=1783926000&interval=1d&events=div%2Csplits%2CcapitalGains","https://uk.help.yahoo.com/kb/finance/adjusted-close-sln28256.html"
"PENG","PENG","Penguin Solutions","Penguin Solutions, Inc.","`AI服务器_存储_EMS/` / AI服务器_存储_EMS / AI服务器_存储_EMS/","52","2026-06-04","2026-06-04T00:47:51-07:00","2026-06-04T04:07:37-07:00","ok","1","","","EQUITY","NMS","NasdaqGS","US exchange listed","USD","2026-06-04","2026-06-04","65.53500366","65.53500366","71.16000366","71.16000366","2026-07-10","78.34999847","78.34999847","0.1955442755","0.1010398319","0.1010398319","0.1891688333","0.2080159717","0.2057953348","0.1012975045","0.1203518694","0.1360542495","0","","0","","0","","0","25","0","2","0.2513156175","https://query1.finance.yahoo.com/v8/finance/chart/PENG?period1=1780124400&period2=1783926000&interval=1d&events=div%2Csplits%2CcapitalGains","https://uk.help.yahoo.com/kb/finance/adjusted-close-sln28256.html"
"PH","PH","Parker Hannifin / Parker-Hannifin","Parker-Hannifin Corporation","`机电_冷却_工程_水处理_边缘工业AI/` / 机电_冷却_工程_水处理_边缘工业AI / 机电_冷却_工程_水处理_边缘工业AI/","52","2026-06-04","2026-06-04T00:47:51-07:00","2026-06-04T04:07:37-07:00","ok","1","","","EQUITY","NYQ","NYSE","US exchange listed","USD","2026-06-04","2026-06-04","859.36999512","859.36999512","872.22998047","872.22998047","2026-07-10","961.27001953","961.27001953","0.1185752644","0.1020832132","0.1020832132","0.1121998222","0.1310469606","0.1288263237","0.1023408858","0.1213952506","0.1370976307","0","","0","","0","","0","25","0","2","0.0330525248","https://query1.finance.yahoo.com/v8/finance/chart/PH?period1=1780124400&period2=1783926000&interval=1d&events=div%2Csplits%2CcapitalGains","https://uk.help.yahoo.com/kb/finance/adjusted-close-sln28256.html"
"PLAB","PLAB","Photronics","Photronics, Inc.","`封测_检测_计量_光罩/` / 封测_检测_计量_光罩 / 封测_检测_计量_光罩/","52","2026-06-04","2026-06-04T00:47:51-07:00","2026-06-04T04:07:37-07:00","ok","1","","","EQUITY","NMS","NasdaqGS","US exchange listed","USD","2026-06-04","2026-06-04","31.10000038","31.10000038","31.52000046","31.52000046","2026-07-10","29.89999962","29.89999962","-0.038585233","-0.051395965","-0.051395965","-0.0449606751","-0.0261135368","-0.0283341737","-0.0511382924","-0.0320839276","-0.0163815475","0","","0","","0","","0","25","0","2","0.084488901","https://query1.finance.yahoo.com/v8/finance/chart/PLAB?period1=1780124400&period2=1783926000&interval=1d&events=div%2Csplits%2CcapitalGains","https://uk.help.yahoo.com/kb/finance/adjusted-close-sln28256.html"
"PNR","PNR","Pentair / Pentair plc","Pentair plc","`机电_冷却_工程_水处理_边缘工业AI/` / 机电_冷却_工程_水处理_边缘工业AI / 机电_冷却_工程_水处理_边缘工业AI/","52","2026-06-04","2026-06-04T00:47:51-07:00","2026-06-04T04:07:37-07:00","ok","1","","","EQUITY","NYQ","NYSE","US exchange listed","USD","2026-06-04","2026-06-04","72.16000366","72.16000366","72.84999847","72.84999847","2026-07-10","76.19000244","76.19000244","0.0558480956","0.0458476876","0.0458476876","0.0494726534","0.0683197918","0.0660991549","0.0461053602","0.065159725","0.0808621051","0","","0","","0","","0","25","0","2","0.0426387801","https://query1.finance.yahoo.com/v8/finance/chart/PNR?period1=1780124400&period2=1783926000&interval=1d&events=div%2Csplits%2CcapitalGains","https://uk.help.yahoo.com/kb/finance/adjusted-close-sln28256.html"
"POET","POET","POET Technologies","POET Technologies Inc.","`AI网络_光互联_连接器/` / AI网络_光互联_连接器 / AI网络_光互联_连接器/","52","2026-06-04","2026-06-04T00:47:51-07:00","2026-06-04T04:07:37-07:00","ok","1","","","EQUITY","NCM","NasdaqCM","US exchange listed","USD","2026-06-04","2026-06-04","14.39999962","14.39999962","15.47999954","15.47999954","2026-07-10","8.31000042","8.31000042","-0.4229166223","-0.4631782515","-0.4631782515","-0.4292920644","-0.4104449261","-0.412665563","-0.4629205789","-0.4438662141","-0.428163834","0","","0","","0","","0","25","0","2","0.2338501284","https://query1.finance.yahoo.com/v8/finance/chart/POET?period1=1780124400&period2=1783926000&interval=1d&events=div%2Csplits%2CcapitalGains","https://uk.help.yahoo.com/kb/finance/adjusted-close-sln28256.html"
"POWI","POWI","Power Integrations","Power Integrations, Inc.","`配电_电源_功率器件/` / 配电_电源_功率器件 / 配电_电源_功率器件/","52","2026-06-04","2026-06-04T00:47:51-07:00","2026-06-04T04:07:37-07:00","ok","1","","","EQUITY","NMS","NasdaqGS","US exchange listed","USD","2026-06-04","2026-06-04","80.98999786","80.98999786","85.30000305","85.30000305","2026-07-10","72.06999969","72.06999969","-0.1101370343","-0.1550996821","-0.1550996821","-0.1165124764","-0.0976653381","-0.099885975","-0.1548420095","-0.1357876447","-0.1200852646","0","","0","","0","","0","25","0","2","0.0970692393","https://query1.finance.yahoo.com/v8/finance/chart/POWI?period1=1780124400&period2=1783926000&interval=1d&events=div%2Csplits%2CcapitalGains","https://uk.help.yahoo.com/kb/finance/adjusted-close-sln28256.html"
"POWL","POWL","Powell Industries","Powell Industries, Inc.","`配电_电源_功率器件/` / 配电_电源_功率器件 / 配电_电源_功率器件/","52","2026-06-04","2026-06-04T00:47:51-07:00","2026-06-04T04:07:37-07:00","ok","1","","","EQUITY","NMS","NasdaqGS","US exchange listed","USD","2026-06-04","2026-06-04","290.01000977","290.01000977","300.05999756","300.05999756","2026-07-10","232.19000244","232.19000244","-0.199372454","-0.2261880813","-0.2261880813","-0.2057478962","-0.1869007578","-0.1891213947","-0.2259304087","-0.2068760439","-0.1911736638","0","","0","","0","","0","25","0","2","0.1073416332","https://query1.finance.yahoo.com/v8/finance/chart/POWL?period1=1780124400&period2=1783926000&interval=1d&events=div%2Csplits%2CcapitalGains","https://uk.help.yahoo.com/kb/finance/adjusted-close-sln28256.html"
"PSIX","PSIX","Power Solutions International","Power Solutions International, Inc.","`电力_发电_能源_储能/` / 电力_发电_能源_储能 / 电力_发电_能源_储能/","52","2026-06-04","2026-06-04T00:47:51-07:00","2026-06-04T04:07:37-07:00","ok","1","","","EQUITY","NCM","NasdaqCM","US exchange listed","USD","2026-06-04","2026-06-04","39.54000092","39.54000092","40.18000031","40.18000031","2026-07-10","34.52000046","34.52000046","-0.1269600491","-0.1408660977","-0.1408660977","-0.1333354913","-0.1144883529","-0.1167089898","-0.1406084251","-0.1215540603","-0.1058516802","0","","0","","0","","0","25","0","2","0.066648392","https://query1.finance.yahoo.com/v8/finance/chart/PSIX?period1=1780124400&period2=1783926000&interval=1d&events=div%2Csplits%2CcapitalGains","https://uk.help.yahoo.com/kb/finance/adjusted-close-sln28256.html"
"PSTG","P","Everpure PureStorage / Pure Storage","Everpure, Inc.","`AI服务器_存储_EMS/` / AI服务器_存储_EMS / AI服务器_存储_EMS/","52","2026-06-04","2026-06-04T00:47:51-07:00","2026-06-04T04:07:37-07:00","ok_ticker_changed","1","Everpure official ticker change PSTG->P effective 2026-04-17; CUSIP unchanged","https://www.everpuredata.com/company/newsroom/press-releases/everpure-to-change-ticker-symbol.html","EQUITY","NYQ","NYSE","US exchange listed","USD","2026-06-04","2026-06-04","79.26999664","79.26999664","78.51000214","78.51000214","2026-07-10","79.33000183","79.33000183","0.0007569723","0.0104445251","0.0104445251","-0.0056184699","0.0132286685","0.0110080316","0.0107021977","0.0297565626","0.0454589427","0","","0","","0","","0","25","0","2","0.089463513","https://query1.finance.yahoo.com/v8/finance/chart/P?period1=1780124400&period2=1783926000&interval=1d&events=div%2Csplits%2CcapitalGains","https://uk.help.yahoo.com/kb/finance/adjusted-close-sln28256.html"
"PWR","PWR","Quanta Services","Quanta Services, Inc.","`电力_发电_能源_储能/` / 电力_发电_能源_储能 / 电力_发电_能源_储能/","52","2026-06-04","2026-06-04T00:47:51-07:00","2026-06-04T04:07:37-07:00","ok","1","","","EQUITY","NYQ","NYSE","US exchange listed","USD","2026-06-04","2026-06-04","701","700.89291244","719.16998291","719.06011963","2026-07-10","658.55999756","658.55999756","-0.0603985489","-0.0841377799","-0.0842776907","-0.0667739911","-0.0479268527","-0.0501474896","-0.0838801073","-0.0648257425","-0.0491233624","0","","1","2026-07-01 0.11","0","","0.013991","25","0","2","0.0592962068","https://query1.finance.yahoo.com/v8/finance/chart/PWR?period1=1780124400&period2=1783926000&interval=1d&events=div%2Csplits%2CcapitalGains","https://uk.help.yahoo.com/kb/finance/adjusted-close-sln28256.html"
"Q","Q","Qnity / Qnity Electronics","Qnity Electronics, Inc.","`半导体材料_化学品_基板/` / 半导体材料_化学品_基板 / 半导体材料_化学品_基板/","52","2026-06-04","2026-06-04T00:47:51-07:00","2026-06-04T04:07:37-07:00","ok","1","","","EQUITY","NYQ","NYSE","US exchange listed","USD","2026-06-04","2026-06-04","151.42999268","151.42999268","154.80000305","154.80000305","2026-07-10","143.80000305","143.80000305","-0.0503862511","-0.0710594301","-0.0710594301","-0.0567616932","-0.0379145549","-0.0401351917","-0.0708017575","-0.0517473927","-0.0360450126","0","","0","","0","","0","25","0","2","0.0823643395","https://query1.finance.yahoo.com/v8/finance/chart/Q?period1=1780124400&period2=1783926000&interval=1d&events=div%2Csplits%2CcapitalGains","https://uk.help.yahoo.com/kb/finance/adjusted-close-sln28256.html"
"QCOM","QCOM","Qualcomm","QUALCOMM Incorporated","`AI计算芯片_EDA_IP_custom_ASIC/` / AI计算芯片_EDA_IP_custom_ASIC / AI计算芯片_EDA_IP_custom_ASIC/","52","2026-06-04","2026-06-04T00:47:51-07:00","2026-06-04T04:07:37-07:00","ok","1","","","EQUITY","NMS","NasdaqGS","US exchange listed","USD","2026-06-04","2026-06-04","239.44999695","239.44999695","242.57000732","242.57000732","2026-07-10","189.16000366","189.16000366","-0.210022944","-0.2201838729","-0.2201838729","-0.2163983861","-0.1975512478","-0.1997718846","-0.2199262003","-0.2008718355","-0.1851694554","0","","1","2026-06-04 0.92","0","","0","25","0","2","0.1097827599","https://query1.finance.yahoo.com/v8/finance/chart/QCOM?period1=1780124400&period2=1783926000&interval=1d&events=div%2Csplits%2CcapitalGains","https://uk.help.yahoo.com/kb/finance/adjusted-close-sln28256.html"
"RKLB","RKLB","Rocket Lab","Rocket Lab Corporation","`机电_冷却_工程_水处理_边缘工业AI/` / 机电_冷却_工程_水处理_边缘工业AI / 机电_冷却_工程_水处理_边缘工业AI/","52","2026-06-04","2026-06-04T00:47:51-07:00","2026-06-04T04:07:37-07:00","ok","1","","","EQUITY","NMS","NasdaqGS","US exchange listed","USD","2026-06-04","2026-06-04","113.08499908","113.08499908","119.94999695","119.94999695","2026-07-10","81.04000092","81.04000092","-0.2833709017","-0.3243851356","-0.3243851356","-0.2897463439","-0.2708992055","-0.2731198424","-0.324127463","-0.3050730982","-0.2893707181","0","","0","","0","","0","25","0","2","0.1593328729","https://query1.finance.yahoo.com/v8/finance/chart/RKLB?period1=1780124400&period2=1783926000&interval=1d&events=div%2Csplits%2CcapitalGains","https://uk.help.yahoo.com/kb/finance/adjusted-close-sln28256.html"
"RMBS","RMBS","Rambus","Rambus Inc.","`AI服务器_存储_EMS/` / AI服务器_存储_EMS / AI服务器_存储_EMS/","52","2026-06-04","2026-06-04T00:47:51-07:00","2026-06-04T04:07:37-07:00","ok","1","","","EQUITY","NMS","NasdaqGS","US exchange listed","USD","2026-06-04","2026-06-04","164.57000732","164.57000732","169.3500061","169.3500061","2026-07-10","112.09999847","112.09999847","-0.3188309322","-0.3380573107","-0.3380573107","-0.3252063744","-0.306359236","-0.3085798729","-0.3377996381","-0.3187452733","-0.3030428932","0","","0","","0","","0","25","0","2","0.1419545773","https://query1.finance.yahoo.com/v8/finance/chart/RMBS?period1=1780124400&period2=1783926000&interval=1d&events=div%2Csplits%2CcapitalGains","https://uk.help.yahoo.com/kb/finance/adjusted-close-sln28256.html"
"ROG","ROG","Rogers / Rogers Corporation","Rogers Corporation","`半导体材料_化学品_基板/` / 半导体材料_化学品_基板 / 半导体材料_化学品_基板/","52","2026-06-04","2026-06-04T00:47:51-07:00","2026-06-04T04:07:37-07:00","ok","1","","","EQUITY","NYQ","NYSE","US exchange listed","USD","2026-06-04","2026-06-04","145.58999634","145.58999634","145.77999878","145.77999878","2026-07-10","137.52000427","137.52000427","-0.0554295781","-0.0566606845","-0.0566606845","-0.0618050203","-0.0429578819","-0.0451785188","-0.0564030118","-0.037348647","-0.0216462669","0","","0","","0","","0","25","0","2","0.0839063393","https://query1.finance.yahoo.com/v8/finance/chart/ROG?period1=1780124400&period2=1783926000&interval=1d&events=div%2Csplits%2CcapitalGains","https://uk.help.yahoo.com/kb/finance/adjusted-close-sln28256.html"
"RYCEY","RYCEY","Rolls-Royce Holdings","Rolls-Royce Holdings plc","`电力_发电_能源_储能/` / 电力_发电_能源_储能 / 电力_发电_能源_储能/","52","2026-06-04","2026-06-04T00:47:51-07:00","2026-06-04T04:07:37-07:00","ok","1","","","EQUITY","PNK","OTC Markets OTCPK","OTC quote; often ADR/foreign ordinary proxy","USD","2026-06-04","2026-06-04","16.98999977","16.98999977","17.03000069","17.03000069","2026-07-10","19.31999969","19.31999969","0.137139491","0.1344685207","0.1344685207","0.1307640488","0.1496111872","0.1473905503","0.1347261933","0.1537805581","0.1694829382","0","","0","","0","","0","25","0","2","0.0485143215","https://query1.finance.yahoo.com/v8/finance/chart/RYCEY?period1=1780124400&period2=1783926000&interval=1d&events=div%2Csplits%2CcapitalGains","https://uk.help.yahoo.com/kb/finance/adjusted-close-sln28256.html"
"SANM","SANM","Sanmina / Sanmina Corporation","Sanmina Corporation","`AI服务器_存储_EMS/` / AI服务器_存储_EMS / AI服务器_存储_EMS/","52","2026-06-04","2026-06-04T00:47:51-07:00","2026-06-04T04:07:37-07:00","ok","1","","","EQUITY","NMS","NasdaqGS","US exchange listed","USD","2026-06-04","2026-06-04","271.6000061","271.6000061","280.13000488","280.13000488","2026-07-10","208.78999329","208.78999329","-0.2312592467","-0.2546675128","-0.2546675128","-0.2376346889","-0.2187875505","-0.2210081874","-0.2544098401","-0.2353554753","-0.2196530952","0","","0","","0","","0","25","0","2","0.1080400795","https://query1.finance.yahoo.com/v8/finance/chart/SANM?period1=1780124400&period2=1783926000&interval=1d&events=div%2Csplits%2CcapitalGains","https://uk.help.yahoo.com/kb/finance/adjusted-close-sln28256.html"
"SHECY","SHECY","Shin-Etsu Chemical / Shin-Etsu Chemical 信越化学","Shin-Etsu Chemical Co., Ltd.","`半导体材料_化学品_基板/` / 半导体材料_化学品_基板 / 半导体材料_化学品_基板/","52","2026-06-04","2026-06-04T00:47:51-07:00","2026-06-04T04:07:37-07:00","ok","1","","","EQUITY","PNK","OTC Markets OTCPK","OTC quote; often ADR/foreign ordinary proxy","USD","2026-06-04","2026-06-04","23.86000061","23.86000061","23.84000015","23.84000015","2026-07-10","22.81999969","22.81999969","-0.0435876317","-0.0427852539","-0.0427852539","-0.0499630739","-0.0311159355","-0.0333365724","-0.0425275813","-0.0234732165","-0.0077708364","0","","0","","0","","0","25","0","2","0.0755033229","https://query1.finance.yahoo.com/v8/finance/chart/SHECY?period1=1780124400&period2=1783926000&interval=1d&events=div%2Csplits%2CcapitalGains","https://uk.help.yahoo.com/kb/finance/adjusted-close-sln28256.html"
"SIMO","SIMO","Silicon Motion / Silicon Motion Technology","Silicon Motion Technology Corporation","`AI服务器_存储_EMS/` / AI服务器_存储_EMS / AI服务器_存储_EMS/","52","2026-06-04","2026-06-04T00:47:51-07:00","2026-06-04T04:07:37-07:00","ok","1","","","EQUITY","NMS","NasdaqGS","US exchange listed","USD","2026-06-04","2026-06-04","290","290","294.67001343","294.67001343","2026-07-10","326.3500061","326.3500061","0.1253448486","0.1075100663","0.1075100663","0.1189694064","0.1378165448","0.1355959079","0.1077677389","0.1268221037","0.1425244838","0","","0","","0","","0","25","0","2","0.1220687535","https://query1.finance.yahoo.com/v8/finance/chart/SIMO?period1=1780124400&period2=1783926000&interval=1d&events=div%2Csplits%2CcapitalGains","https://uk.help.yahoo.com/kb/finance/adjusted-close-sln28256.html"
"SITM","SITM","SiTime / SiTime Corporation","SiTime Corporation","`AI网络_光互联_连接器/` / AI网络_光互联_连接器 / AI网络_光互联_连接器/","52","2026-06-04","2026-06-04T00:47:51-07:00","2026-06-04T04:07:37-07:00","ok","1","","","EQUITY","NGM","NasdaqGM","US exchange listed","USD","2026-06-04","2026-06-04","685","685","706.97998047","706.97998047","2026-07-10","628.94000244","628.94000244","-0.0818394125","-0.1103849899","-0.1103849899","-0.0882148547","-0.0693677163","-0.0715883532","-0.1101273173","-0.0910729525","-0.0753705724","0","","0","","0","","0","25","0","2","0.1451751106","https://query1.finance.yahoo.com/v8/finance/chart/SITM?period1=1780124400&period2=1783926000&interval=1d&events=div%2Csplits%2CcapitalGains","https://uk.help.yahoo.com/kb/finance/adjusted-close-sln28256.html"
"SMCI","SMCI","Super Micro Computer / Super Micro Computer Inc","Super Micro Computer, Inc.","`AI服务器_存储_EMS/` / AI服务器_存储_EMS / AI服务器_存储_EMS/","52","2026-06-04","2026-06-04T00:47:51-07:00","2026-06-04T04:07:37-07:00","ok","1","","","EQUITY","NMS","NasdaqGS","US exchange listed","USD","2026-06-04","2026-06-04","45.24000168","45.24000168","46.90000153","46.90000153","2026-07-10","28.30999947","28.30999947","-0.3742263833","-0.3963752975","-0.3963752975","-0.3806018255","-0.3617546871","-0.363975324","-0.3961176249","-0.3770632601","-0.36136088","0","","0","","0","","0","25","0","2","0.2797735999","https://query1.finance.yahoo.com/v8/finance/chart/SMCI?period1=1780124400&period2=1783926000&interval=1d&events=div%2Csplits%2CcapitalGains","https://uk.help.yahoo.com/kb/finance/adjusted-close-sln28256.html"
"SMR","SMR","NuScale Power","NuScale Power Corporation","`电力_发电_能源_储能/` / 电力_发电_能源_储能 / 电力_发电_能源_储能/","52","2026-06-04","2026-06-04T00:47:51-07:00","2026-06-04T04:07:37-07:00","ok","1","","","EQUITY","NYQ","NYSE","US exchange listed","USD","2026-06-04","2026-06-04","12.15999985","12.15999985","12","12","2026-07-10","9.03999996","9.03999996","-0.2565789415","-0.24666667","-0.24666667","-0.2629543837","-0.2441072453","-0.2463278822","-0.2464089974","-0.2273546326","-0.2116522525","0","","0","","0","","0","25","0","2","0.1353964797","https://query1.finance.yahoo.com/v8/finance/chart/SMR?period1=1780124400&period2=1783926000&interval=1d&events=div%2Csplits%2CcapitalGains","https://uk.help.yahoo.com/kb/finance/adjusted-close-sln28256.html"
"SMTC","SMTC","Semtech / Semtech Corporation","Semtech Corporation","`AI网络_光互联_连接器/` / AI网络_光互联_连接器 / AI网络_光互联_连接器/","52","2026-06-04","2026-06-04T00:47:51-07:00","2026-06-04T04:07:37-07:00","ok","1","","","EQUITY","NMS","NasdaqGS","US exchange listed","USD","2026-06-04","2026-06-04","156","156","169.3500061","169.3500061","2026-07-10","136.13000488","136.13000488","-0.1273717636","-0.1961617952","-0.1961617952","-0.1337472058","-0.1149000674","-0.1171207043","-0.1959041226","-0.1768497578","-0.1611473777","0","","0","","0","","0","25","0","2","0.1082373851","https://query1.finance.yahoo.com/v8/finance/chart/SMTC?period1=1780124400&period2=1783926000&interval=1d&events=div%2Csplits%2CcapitalGains","https://uk.help.yahoo.com/kb/finance/adjusted-close-sln28256.html"
"SNDK","SNDK","SanDisk","Sandisk Corporation","`AI服务器_存储_EMS/` / AI服务器_存储_EMS / AI服务器_存储_EMS/","52","2026-06-04","2026-06-04T00:47:51-07:00","2026-06-04T04:07:37-07:00","ok","1","","","EQUITY","NMS","NasdaqGS","US exchange listed","USD","2026-06-04","2026-06-04","1741.31005859","1741.31005859","1759.68005371","1759.68005371","2026-07-10","1915.92004395","1915.92004395","0.1002750685","0.0887888624","0.0887888624","0.0938996263","0.1127467647","0.1105261278","0.0890465351","0.1081008999","0.12380328","0","","0","","0","","0","25","0","2","0.2196651002","https://query1.finance.yahoo.com/v8/finance/chart/SNDK?period1=1780124400&period2=1783926000&interval=1d&events=div%2Csplits%2CcapitalGains","https://uk.help.yahoo.com/kb/finance/adjusted-close-sln28256.html"
"SNPS","SNPS","Synopsys","Synopsys, Inc.","`AI计算芯片_EDA_IP_custom_ASIC/` / AI计算芯片_EDA_IP_custom_ASIC / AI计算芯片_EDA_IP_custom_ASIC/","52","2026-06-04","2026-06-04T00:47:51-07:00","2026-06-04T04:07:37-07:00","ok","1","","","EQUITY","NMS","NasdaqGS","US exchange listed","USD","2026-06-04","2026-06-04","500.3500061","500.3500061","494.48001099","494.48001099","2026-07-10","445.5","445.5","-0.1096232746","-0.0990535712","-0.0990535712","-0.1159987167","-0.0971515784","-0.0993722153","-0.0987958986","-0.0797415338","-0.0640391537","0","","0","","0","","0","25","0","2","0.0599215423","https://query1.finance.yahoo.com/v8/finance/chart/SNPS?period1=1780124400&period2=1783926000&interval=1d&events=div%2Csplits%2CcapitalGains","https://uk.help.yahoo.com/kb/finance/adjusted-close-sln28256.html"
"SOMMY","SOMMY","Sumitomo Chemical / 住友化学 Sumitomo Chemical","Sumitomo Chemical Company, Limited","`半导体材料_化学品_基板/` / 半导体材料_化学品_基板 / 半导体材料_化学品_基板/","52","2026-06-04","2026-06-04T00:47:51-07:00","2026-06-04T04:07:37-07:00","ok","1","","","EQUITY","PNK","OTC Markets OTCPK","OTC quote; often ADR/foreign ordinary proxy","USD","2026-06-04","2026-06-04","18.52000046","18.52000046","18.29000092","18.29000092","2026-07-10","16.57999992","16.57999992","-0.1047516464","-0.0934937624","-0.0934937624","-0.1111270886","-0.0922799502","-0.0945005871","-0.0932360898","-0.074181725","-0.0584793449","0","","0","","0","","0","25","0","2","0.048427703","https://query1.finance.yahoo.com/v8/finance/chart/SOMMY?period1=1780124400&period2=1783926000&interval=1d&events=div%2Csplits%2CcapitalGains","https://uk.help.yahoo.com/kb/finance/adjusted-close-sln28256.html"
"ST","ST","Sensata Technologies","Sensata Technologies Holding plc","`配电_电源_功率器件/` / 配电_电源_功率器件 / 配电_电源_功率器件/","52","2026-06-04","2026-06-04T00:47:51-07:00","2026-06-04T04:07:37-07:00","ok","1","","","EQUITY","NYQ","NYSE","US exchange listed","USD","2026-06-04","2026-06-04","52.75","52.75","52.63999939","52.63999939","2026-07-10","45.31999969","45.31999969","-0.1408530864","-0.1390577467","-0.1390577467","-0.1472285286","-0.1283813902","-0.1306020271","-0.1388000741","-0.1197457092","-0.1040433291","0","","0","","0","","0","25","0","2","0.0601871115","https://query1.finance.yahoo.com/v8/finance/chart/ST?period1=1780124400&period2=1783926000&interval=1d&events=div%2Csplits%2CcapitalGains","https://uk.help.yahoo.com/kb/finance/adjusted-close-sln28256.html"
"STM","STM","STMicroelectronics","STMicroelectronics N.V.","`AI计算芯片_EDA_IP_custom_ASIC/` / AI计算芯片_EDA_IP_custom_ASIC / AI计算芯片_EDA_IP_custom_ASIC/","52","2026-06-04","2026-06-04T00:47:51-07:00","2026-06-04T04:07:37-07:00","ok","1","","","EQUITY","NYQ","NYSE","US exchange listed","USD","2026-06-04","2026-06-04","75","74.91552753","78.36000061","78.27174377","2026-07-10","71.45999908","71.45999908","-0.046125664","-0.0870268677","-0.088055149","-0.0525011062","-0.0336539678","-0.0358746047","-0.0867691951","-0.0677148303","-0.0520124502","0","","1","2026-06-23 0.09","0","","0.102828","25","0","2","0.1043258231","https://query1.finance.yahoo.com/v8/finance/chart/STM?period1=1780124400&period2=1783926000&interval=1d&events=div%2Csplits%2CcapitalGains","https://uk.help.yahoo.com/kb/finance/adjusted-close-sln28256.html"
"STX","STX","Seagate Technology","Seagate Technology Holdings plc","`AI服务器_存储_EMS/` / AI服务器_存储_EMS / AI服务器_存储_EMS/","52","2026-06-04","2026-06-04T00:47:51-07:00","2026-06-04T04:07:37-07:00","ok","1","","","EQUITY","NMS","NasdaqGS","US exchange listed","USD","2026-06-04","2026-06-04","891.54998779","890.91473708","925.98999023","925.3302002","2026-07-10","910.34002686","910.34002686","0.0218037585","-0.0161998099","-0.0169007911","0.0154283163","0.0342754547","0.0320548178","-0.0159421373","0.0031122275","0.0188146076","0","","1","2026-06-24 0.74","0","","0.070098","25","0","2","0.1223569895","https://query1.finance.yahoo.com/v8/finance/chart/STX?period1=1780124400&period2=1783926000&interval=1d&events=div%2Csplits%2CcapitalGains","https://uk.help.yahoo.com/kb/finance/adjusted-close-sln28256.html"
"TDY","TDY","Teledyne Technologies","Teledyne Technologies Incorporated","`封测_检测_计量_光罩/` / 封测_检测_计量_光罩 / 封测_检测_计量_光罩/","52","2026-06-04","2026-06-04T00:47:51-07:00","2026-06-04T04:07:37-07:00","ok","1","","","EQUITY","NYQ","NYSE","US exchange listed","USD","2026-06-04","2026-06-04","621.25","621.25","618.59002686","618.59002686","2026-07-10","634.59997559","634.59997559","0.0214888943","0.025881356","0.025881356","0.0151134521","0.0339605905","0.0317399536","0.0261390287","0.0451933935","0.0608957736","0","","0","","0","","0","25","0","2","0.0400487428","https://query1.finance.yahoo.com/v8/finance/chart/TDY?period1=1780124400&period2=1783926000&interval=1d&events=div%2Csplits%2CcapitalGains","https://uk.help.yahoo.com/kb/finance/adjusted-close-sln28256.html"
"TEL","TEL","TE Connectivity","TE Connectivity plc","`AI网络_光互联_连接器/` / AI网络_光互联_连接器 / AI网络_光互联_连接器/","52","2026-06-04","2026-06-04T00:47:51-07:00","2026-06-04T04:07:37-07:00","ok","1","","","EQUITY","NYQ","NYSE","US exchange listed","USD","2026-06-04","2026-06-04","215.91000366","215.91000366","220.75","220.75","2026-07-10","200.36000061","200.36000061","-0.0720207623","-0.0923669282","-0.0923669282","-0.0783962045","-0.0595490661","-0.061769703","-0.0921092555","-0.0730548907","-0.0573525106","0","","0","","0","","0","25","0","2","0.0453241773","https://query1.finance.yahoo.com/v8/finance/chart/TEL?period1=1780124400&period2=1783926000&interval=1d&events=div%2Csplits%2CcapitalGains","https://uk.help.yahoo.com/kb/finance/adjusted-close-sln28256.html"
"TER","TER","Teradyne","Teradyne, Inc.","`封测_检测_计量_光罩/` / 封测_检测_计量_光罩 / 封测_检测_计量_光罩/","52","2026-06-04","2026-06-04T00:47:51-07:00","2026-06-04T04:07:37-07:00","ok","1","","","EQUITY","NMS","NasdaqGS","US exchange listed","USD","2026-06-04","2026-06-04","396.42999268","396.42999268","406.85998535","406.85998535","2026-07-10","359.6000061","359.6000061","-0.0929041376","-0.1161578453","-0.1161578453","-0.0992795798","-0.0804324414","-0.0826530783","-0.1159001727","-0.0968458079","-0.0811434278","0","","0","","0","","0","25","0","2","0.1363083271","https://query1.finance.yahoo.com/v8/finance/chart/TER?period1=1780124400&period2=1783926000&interval=1d&events=div%2Csplits%2CcapitalGains","https://uk.help.yahoo.com/kb/finance/adjusted-close-sln28256.html"
"TMO","TMO","Thermo Fisher Scientific","Thermo Fisher Scientific Inc.","`封测_检测_计量_光罩/` / 封测_检测_计量_光罩 / 封测_检测_计量_光罩/","52","2026-06-04","2026-06-04T00:47:51-07:00","2026-06-04T04:07:37-07:00","ok","1","","","EQUITY","NYQ","NYSE","US exchange listed","USD","2026-06-04","2026-06-04","482.13000488","481.64717768","482.02999878","481.54727173","2026-07-10","527.04998779","527.04998779","0.0942657036","0.0944927294","0.093396654","0.0878902615","0.1067373998","0.104516763","0.0947504021","0.1138047669","0.129507147","0","","1","2026-06-15 0.47","0","","0.109608","25","0","2","0.0520409733","https://query1.finance.yahoo.com/v8/finance/chart/TMO?period1=1780124400&period2=1783926000&interval=1d&events=div%2Csplits%2CcapitalGains","https://uk.help.yahoo.com/kb/finance/adjusted-close-sln28256.html"
"TSEM","TSEM","Tower Semiconductor","Tower Semiconductor Ltd.","`晶圆制造_前道设备/` / 晶圆制造_前道设备 / 晶圆制造_前道设备/","52","2026-06-04","2026-06-04T00:47:51-07:00","2026-06-04T04:07:37-07:00","ok","1","","","EQUITY","NMS","NasdaqGS","US exchange listed","USD","2026-06-04","2026-06-04","252.42999268","252.42999268","261.30999756","261.30999756","2026-07-10","222.75","222.75","-0.1175771245","-0.1475641878","-0.1475641878","-0.1239525667","-0.1051054283","-0.1073260652","-0.1473065152","-0.1282521504","-0.1125497703","0","","0","","0","","0","25","0","2","0.1079375463","https://query1.finance.yahoo.com/v8/finance/chart/TSEM?period1=1780124400&period2=1783926000&interval=1d&events=div%2Csplits%2CcapitalGains","https://uk.help.yahoo.com/kb/finance/adjusted-close-sln28256.html"
"TSLA","TSLA","Tesla","Tesla, Inc.","`机电_冷却_工程_水处理_边缘工业AI/` / 机电_冷却_工程_水处理_边缘工业AI / 机电_冷却_工程_水处理_边缘工业AI/","52","2026-06-04","2026-06-04T00:47:51-07:00","2026-06-04T04:07:37-07:00","ok","1","","","EQUITY","NMS","NasdaqGS","US exchange listed","USD","2026-06-04","2026-06-04","419.83999634","419.83999634","418.45001221","418.45001221","2026-07-10","407.76000977","407.76000977","-0.0287728341","-0.0255466654","-0.0255466654","-0.0351482763","-0.0163011379","-0.0185217748","-0.0252889928","-0.0062346279","0.0094677521","0","","0","","0","","0","25","0","2","0.0846172226","https://query1.finance.yahoo.com/v8/finance/chart/TSLA?period1=1780124400&period2=1783926000&interval=1d&events=div%2Csplits%2CcapitalGains","https://uk.help.yahoo.com/kb/finance/adjusted-close-sln28256.html"
"TSM","TSM","Taiwan Semiconductor Manufacturing / 台积电","Taiwan Semiconductor Manufacturing Company Limited","`晶圆制造_前道设备/` / 晶圆制造_前道设备 / 晶圆制造_前道设备/","52","2026-06-04","2026-06-04T00:47:51-07:00","2026-06-04T04:07:37-07:00","ok","1","","","EQUITY","NYQ","NYSE","US exchange listed","USD","2026-06-04","2026-06-04","430.63000488","429.62390163","444.92001343","443.88052368","2026-07-10","434.10998535","434.10998535","0.0104418858","-0.0220116401","-0.0242965651","0.0040664436","0.022913582","0.0206929451","-0.0217539675","-0.0026996027","0.0130027774","0","","1","2026-06-11 0.955","0","","0.228493","25","0","2","0.0698117466","https://query1.finance.yahoo.com/v8/finance/chart/TSM?period1=1780124400&period2=1783926000&interval=1d&events=div%2Csplits%2CcapitalGains","https://uk.help.yahoo.com/kb/finance/adjusted-close-sln28256.html"
"TT","TT","Trane Technologies","Trane Technologies plc","`机电_冷却_工程_水处理_边缘工业AI/` / 机电_冷却_工程_水处理_边缘工业AI / 机电_冷却_工程_水处理_边缘工业AI/","52","2026-06-04","2026-06-04T00:47:51-07:00","2026-06-04T04:07:37-07:00","ok","1","","","EQUITY","NYQ","NYSE","US exchange listed","USD","2026-06-04","2026-06-04","465.73001099","464.67556296","463.76000977","462.71002197","2026-07-10","479.70001221","479.70001221","0.0323332029","0.0367184401","0.034371231","0.0259577607","0.0448048991","0.0425842622","0.0369761127","0.0560304776","0.0717328577","0","","1","2026-06-05 1.05","0","","0.234721","25","0","2","0.0507884981","https://query1.finance.yahoo.com/v8/finance/chart/TT?period1=1780124400&period2=1783926000&interval=1d&events=div%2Csplits%2CcapitalGains","https://uk.help.yahoo.com/kb/finance/adjusted-close-sln28256.html"
"TXN","TXN","Texas Instruments / 德州仪器","Texas Instruments Incorporated","`AI计算芯片_EDA_IP_custom_ASIC/` / AI计算芯片_EDA_IP_custom_ASIC / AI计算芯片_EDA_IP_custom_ASIC/","52","2026-06-04","2026-06-04T00:47:51-07:00","2026-06-04T04:07:37-07:00","ok","1","","","EQUITY","NMS","NasdaqGS","US exchange listed","USD","2026-06-04","2026-06-04","305.52999878","305.52999878","305.36999512","305.36999512","2026-07-10","311.45999146","311.45999146","0.0194088721","0.0199430083","0.0199430083","0.01303343","0.0318805683","0.0296599315","0.0202006809","0.0392550457","0.0549574258","0","","0","","0","","0","25","0","2","0.0846028193","https://query1.finance.yahoo.com/v8/finance/chart/TXN?period1=1780124400&period2=1783926000&interval=1d&events=div%2Csplits%2CcapitalGains","https://uk.help.yahoo.com/kb/finance/adjusted-close-sln28256.html"
"UCTT","UCTT","Ultra Clean Holdings","Ultra Clean Holdings, Inc.","`晶圆制造_前道设备/` / 晶圆制造_前道设备 / 晶圆制造_前道设备/","52","2026-06-04","2026-06-04T00:47:51-07:00","2026-06-04T04:07:37-07:00","ok","1","","","EQUITY","NMS","NasdaqGS","US exchange listed","USD","2026-06-04","2026-06-04","86.73000336","86.73000336","93.69000244","93.69000244","2026-07-10","106.26999664","106.26999664","0.2252968122","0.1342725357","0.1342725357","0.21892137","0.2377685084","0.2355478715","0.1345302083","0.1535845732","0.1692869533","0","","0","","0","","0","25","0","2","0.1783316123","https://query1.finance.yahoo.com/v8/finance/chart/UCTT?period1=1780124400&period2=1783926000&interval=1d&events=div%2Csplits%2CcapitalGains","https://uk.help.yahoo.com/kb/finance/adjusted-close-sln28256.html"
"UMC","UMC","United Microelectronics / United Microelectronics 联华电子","United Microelectronics Corporation","`晶圆制造_前道设备/` / 晶圆制造_前道设备 / 晶圆制造_前道设备/","52","2026-06-04","2026-06-04T00:47:51-07:00","2026-06-04T04:07:37-07:00","ok","1","","","EQUITY","NYQ","NYSE","US exchange listed","USD","2026-06-04","2026-06-04","20.21999931","19.87041241","20.79000092","20.43055916","2026-07-10","24.34000015","24.34000015","0.2249368381","0.1913526184","0.1707551262","0.218561396","0.2374085343","0.2351878975","0.191610291","0.2106646558","0.2263670359","0","","1","2026-07-08 0.412","0","","2.059749","25","0","2","0.1420265468","https://query1.finance.yahoo.com/v8/finance/chart/UMC?period1=1780124400&period2=1783926000&interval=1d&events=div%2Csplits%2CcapitalGains","https://uk.help.yahoo.com/kb/finance/adjusted-close-sln28256.html"
"VECO","VECO","Veeco Instruments","Veeco Instruments Inc.","`晶圆制造_前道设备/` / 晶圆制造_前道设备 / 晶圆制造_前道设备/","52","2026-06-04","2026-06-04T00:47:51-07:00","2026-06-04T04:07:37-07:00","ok","1","","","EQUITY","NMS","NasdaqGS","US exchange listed","USD","2026-06-04","2026-06-04","58.58000183","58.58000183","63.65999985","63.65999985","2026-07-10","57.40000153","57.40000153","-0.0201433981","-0.098334878","-0.098334878","-0.0265188403","-0.0076717019","-0.0098923388","-0.0980772054","-0.0790228406","-0.0633204605","0","","0","","0","","0","25","0","2","0.1847702153","https://query1.finance.yahoo.com/v8/finance/chart/VECO?period1=1780124400&period2=1783926000&interval=1d&events=div%2Csplits%2CcapitalGains","https://uk.help.yahoo.com/kb/finance/adjusted-close-sln28256.html"
"VIAV","VIAV","VIAVI Solutions","Viavi Solutions Inc.","`AI网络_光互联_连接器/` / AI网络_光互联_连接器 / AI网络_光互联_连接器/","52","2026-06-04","2026-06-04T00:47:51-07:00","2026-06-04T04:07:37-07:00","ok","1","","","EQUITY","NMS","NasdaqGS","US exchange listed","USD","2026-06-04","2026-06-04","49.79000092","49.79000092","53.20999908","53.20999908","2026-07-10","43.08000183","43.08000183","-0.1347659965","-0.1903777002","-0.1903777002","-0.1411414387","-0.1222943003","-0.1245149372","-0.1901200275","-0.1710656627","-0.1553632826","0","","0","","0","","0","25","0","2","0.1223235252","https://query1.finance.yahoo.com/v8/finance/chart/VIAV?period1=1780124400&period2=1783926000&interval=1d&events=div%2Csplits%2CcapitalGains","https://uk.help.yahoo.com/kb/finance/adjusted-close-sln28256.html"
"VICR","VICR","Vicor / Vicor Corporation","Vicor Corporation","`配电_电源_功率器件/` / 配电_电源_功率器件 / 配电_电源_功率器件/","52","2026-06-04","2026-06-04T00:47:51-07:00","2026-06-04T04:07:37-07:00","ok","1","","","EQUITY","NMS","NasdaqGS","US exchange listed","USD","2026-06-04","2026-06-04","310.32000732","310.32000732","306.11999512","306.11999512","2026-07-10","272.04998779","272.04998779","-0.1233243704","-0.1112962494","-0.1112962494","-0.1296998126","-0.1108526742","-0.1130733111","-0.1110385768","-0.091984212","-0.0762818319","0","","0","","0","","0","25","0","2","0.1920561403","https://query1.finance.yahoo.com/v8/finance/chart/VICR?period1=1780124400&period2=1783926000&interval=1d&events=div%2Csplits%2CcapitalGains","https://uk.help.yahoo.com/kb/finance/adjusted-close-sln28256.html"
"VISN","VISN","Vistance Networks","Vistance Networks, Inc.","`AI网络_光互联_连接器/` / AI网络_光互联_连接器 / AI网络_光互联_连接器/","52","2026-06-04","2026-06-04T00:47:51-07:00","2026-06-04T04:07:37-07:00","ok","1","","","EQUITY","NMS","NasdaqGS","US exchange listed","USD","2026-06-04","2026-06-04","12.11999989","12.11999989","12.40999985","12.40999985","2026-07-10","12.48999977","12.48999977","0.0305280432","0.0064464078","0.0064464078","0.024152601","0.0429997394","0.0407791025","0.0067040804","0.0257584452","0.0414608253","0","","0","","0","","0","25","0","2","0.0531829056","https://query1.finance.yahoo.com/v8/finance/chart/VISN?period1=1780124400&period2=1783926000&interval=1d&events=div%2Csplits%2CcapitalGains","https://uk.help.yahoo.com/kb/finance/adjusted-close-sln28256.html"
"VRT","VRT","Vertiv","Vertiv Holdings Co","`机电_冷却_工程_水处理_边缘工业AI/` / 机电_冷却_工程_水处理_边缘工业AI / 机电_冷却_工程_水处理_边缘工业AI/","52","2026-06-04","2026-06-04T00:47:51-07:00","2026-06-04T04:07:37-07:00","ok","1","","","EQUITY","NYQ","NYSE","US exchange listed","USD","2026-06-04","2026-06-04","321.09500122","321.02820608","323.92001343","323.85263062","2026-07-10","318.85998535","318.85998535","-0.0067539882","-0.015416411","-0.0156212271","-0.0131294304","0.005717708","0.0034970711","-0.0151587384","0.0038956264","0.0195980065","0","","1","2026-06-15 0.063","0","","0.020482","25","0","2","0.1107385883","https://query1.finance.yahoo.com/v8/finance/chart/VRT?period1=1780124400&period2=1783926000&interval=1d&events=div%2Csplits%2CcapitalGains","https://uk.help.yahoo.com/kb/finance/adjusted-close-sln28256.html"
"VSH","VSH","Vishay Intertechnology","Vishay Intertechnology, Inc.","`配电_电源_功率器件/` / 配电_电源_功率器件 / 配电_电源_功率器件/","52","2026-06-04","2026-06-04T00:47:51-07:00","2026-06-04T04:07:37-07:00","ok","1","","","EQUITY","NYQ","NYSE","US exchange listed","USD","2026-06-04","2026-06-04","59.5","59.40137465","63.66999817","63.56446075","2026-07-10","44.66999817","44.66999817","-0.2479972318","-0.2972488456","-0.2984137042","-0.254372674","-0.2355255356","-0.2377461725","-0.296991173","-0.2779368082","-0.2622344281","0","","1","2026-06-18 0.1","0","","0.116486","25","0","2","0.1033001563","https://query1.finance.yahoo.com/v8/finance/chart/VSH?period1=1780124400&period2=1783926000&interval=1d&events=div%2Csplits%2CcapitalGains","https://uk.help.yahoo.com/kb/finance/adjusted-close-sln28256.html"
"VST","VST","Vistra / Vistra Corp","Vistra Corp.","`电力_发电_能源_储能/` / 电力_发电_能源_储能 / 电力_发电_能源_储能/","52","2026-06-04","2026-06-04T00:47:51-07:00","2026-06-04T04:07:37-07:00","ok","1","","","EQUITY","NYQ","NYSE","US exchange listed","USD","2026-06-04","2026-06-04","151.53999329","151.32807855","153.69999695","153.48506165","2026-07-10","158.86000061","158.86000061","0.0497721383","0.035019297","0.0335719178","0.0433966962","0.0622438345","0.0600231977","0.0352769696","0.0543313344","0.0700337145","0","","1","2026-06-22 0.229","0","","0.144738","25","0","2","0.056590299","https://query1.finance.yahoo.com/v8/finance/chart/VST?period1=1780124400&period2=1783926000&interval=1d&events=div%2Csplits%2CcapitalGains","https://uk.help.yahoo.com/kb/finance/adjusted-close-sln28256.html"
"WDC","WDC","Western Digital / WesternDigital","Western Digital Corporation","`AI服务器_存储_EMS/` / AI服务器_存储_EMS / AI服务器_存储_EMS/","52","2026-06-04","2026-06-04T00:47:51-07:00","2026-06-04T04:07:37-07:00","ok","1","","","EQUITY","NMS","NasdaqGS","US exchange listed","USD","2026-06-04","2026-06-04","566.01000977","565.86245925","575.5","575.34997559","2026-07-10","582.59002686","582.59002686","0.0295611899","0.0125837344","0.0123197687","0.0231857477","0.0420328861","0.0398122492","0.012841407","0.0318957718","0.0475981519","0","","1","2026-06-05 0.15","0","","0.026397","25","0","2","0.1609437013","https://query1.finance.yahoo.com/v8/finance/chart/WDC?period1=1780124400&period2=1783926000&interval=1d&events=div%2Csplits%2CcapitalGains","https://uk.help.yahoo.com/kb/finance/adjusted-close-sln28256.html"
"WOLF","WOLF","Wolfspeed","Wolfspeed, Inc.","`配电_电源_功率器件/` / 配电_电源_功率器件 / 配电_电源_功率器件/","52","2026-06-04","2026-06-04T00:47:51-07:00","2026-06-04T04:07:37-07:00","ok","1","","","EQUITY","NYQ","NYSE","US exchange listed","USD","2026-06-04","2026-06-04","57.29999924","57.29999924","67.05999756","67.05999756","2026-07-10","35.29000092","35.29000092","-0.3841186494","-0.4737548135","-0.4737548135","-0.3904940916","-0.3716469532","-0.3738675901","-0.4734971409","-0.4544427761","-0.438740396","0","","0","","0","","0","25","0","2","0.1790922462","https://query1.finance.yahoo.com/v8/finance/chart/WOLF?period1=1780124400&period2=1783926000&interval=1d&events=div%2Csplits%2CcapitalGains","https://uk.help.yahoo.com/kb/finance/adjusted-close-sln28256.html"
