indicator,indicator_cn,kind,event_id,source_url,release_date,timestamp,actual,forecast,actual_formatted,forecast_formatted,surprise_pp,surprise_bucket,release_count_same_day
CPI MoM,CPI环比,headline,69,https://uk.investing.com/economic-calendar/cp-69,2016-01-20,1453296600000,-0.1,0.0,-0.1%,0.0%,-0.1,cool,1
CPI YoY,CPI同比,headline,733,https://www.investing.com/economic-calendar/cpi-733,2016-01-20,1453296600000,0.7,0.8,0.7%,0.8%,-0.10000000000000009,cool,1
Core CPI MoM,核心CPI环比,core,56,https://www.investing.com/economic-calendar/core-cpi-56,2016-01-20,1453296600000,0.2,0.2,0.2%,0.2%,0.0,inline,1
Core CPI YoY,核心CPI同比,core,736,https://www.investing.com/economic-calendar/core-cpi-736,2016-01-20,1453296600000,2.1,2.1,2.1%,2.1%,0.0,inline,1
Core PCE MoM,核心PCE环比,core,61,https://www.investing.com/economic-calendar/core-pce-price-index-61,2016-02-01,1454333400000,0.1,0.1,0.1%,0.1%,0.0,inline,1
Core PCE YoY,核心PCE同比,core,905,https://www.investing.com/economic-calendar/core-pce-price-index-905,2016-02-01,1454333400000,1.5,1.4,1.5%,1.4%,0.10000000000000009,hot,1
CPI MoM,CPI环比,headline,69,https://uk.investing.com/economic-calendar/cp-69,2016-02-19,1455888600000,0.0,-0.1,0.0%,-0.1%,0.1,hot,1
CPI YoY,CPI同比,headline,733,https://www.investing.com/economic-calendar/cpi-733,2016-02-19,1455888600000,1.4,1.3,1.4%,1.3%,0.09999999999999987,hot,1
Core CPI MoM,核心CPI环比,core,56,https://www.investing.com/economic-calendar/core-cpi-56,2016-02-19,1455888600000,0.3,0.2,0.3%,0.2%,0.09999999999999998,hot,1
Core CPI YoY,核心CPI同比,core,736,https://www.investing.com/economic-calendar/core-cpi-736,2016-02-19,1455888600000,2.2,2.1,2.2%,2.1%,0.10000000000000009,hot,1
Core PCE MoM,核心PCE环比,core,61,https://www.investing.com/economic-calendar/core-pce-price-index-61,2016-02-26,1456498800000,0.3,0.2,0.3%,0.2%,0.09999999999999998,hot,1
Core PCE YoY,核心PCE同比,core,905,https://www.investing.com/economic-calendar/core-pce-price-index-905,2016-02-26,1456498800000,1.7,1.5,1.7%,1.5%,0.19999999999999996,hot,1
CPI MoM,CPI环比,headline,69,https://uk.investing.com/economic-calendar/cp-69,2016-03-16,1458131400000,-0.2,-0.2,-0.2%,-0.2%,0.0,inline,1
CPI YoY,CPI同比,headline,733,https://www.investing.com/economic-calendar/cpi-733,2016-03-16,1458131400000,1.0,0.9,1.0%,0.9%,0.09999999999999998,hot,1
Core CPI MoM,核心CPI环比,core,56,https://www.investing.com/economic-calendar/core-cpi-56,2016-03-16,1458131400000,0.3,0.2,0.3%,0.2%,0.09999999999999998,hot,1
Core CPI YoY,核心CPI同比,core,736,https://www.investing.com/economic-calendar/core-cpi-736,2016-03-16,1458131400000,2.3,2.2,2.3%,2.2%,0.09999999999999964,hot,1
Core PCE MoM,核心PCE环比,core,61,https://www.investing.com/economic-calendar/core-pce-price-index-61,2016-03-28,1459168200000,0.2,0.2,0.2%,0.2%,0.0,inline,1
Core PCE YoY,核心PCE同比,core,905,https://www.investing.com/economic-calendar/core-pce-price-index-905,2016-03-28,1459168200000,1.7,1.8,1.7%,1.8%,-0.10000000000000009,cool,1
CPI MoM,CPI环比,headline,69,https://uk.investing.com/economic-calendar/cp-69,2016-04-14,1460637000000,0.1,0.2,0.1%,0.2%,-0.1,cool,1
CPI YoY,CPI同比,headline,733,https://www.investing.com/economic-calendar/cpi-733,2016-04-14,1460637000000,0.9,1.1,0.9%,1.1%,-0.20000000000000007,cool,1
Core CPI MoM,核心CPI环比,core,56,https://www.investing.com/economic-calendar/core-cpi-56,2016-04-14,1460637000000,0.1,0.2,0.1%,0.2%,-0.1,cool,1
Core CPI YoY,核心CPI同比,core,736,https://www.investing.com/economic-calendar/core-cpi-736,2016-04-14,1460637000000,2.2,2.3,2.2%,2.3%,-0.09999999999999964,cool,1
Core PCE MoM,核心PCE环比,core,61,https://www.investing.com/economic-calendar/core-pce-price-index-61,2016-04-29,1461933000000,0.1,0.1,0.1%,0.1%,0.0,inline,1
CPI MoM,CPI环比,headline,69,https://uk.investing.com/economic-calendar/cp-69,2016-05-17,1463488200000,0.4,0.3,0.4%,0.3%,0.10000000000000003,hot,1
CPI YoY,CPI同比,headline,733,https://www.investing.com/economic-calendar/cpi-733,2016-05-17,1463488200000,1.1,1.1,1.1%,1.1%,0.0,inline,1
Core CPI MoM,核心CPI环比,core,56,https://www.investing.com/economic-calendar/core-cpi-56,2016-05-17,1463488200000,0.2,0.2,0.2%,0.2%,0.0,inline,1
Core CPI YoY,核心CPI同比,core,736,https://www.investing.com/economic-calendar/core-cpi-736,2016-05-17,1463488200000,2.1,2.1,2.1%,2.1%,0.0,inline,1
Core PCE MoM,核心PCE环比,core,61,https://www.investing.com/economic-calendar/core-pce-price-index-61,2016-05-31,1464697800000,0.2,0.2,0.2%,0.2%,0.0,inline,1
Core PCE YoY,核心PCE同比,core,905,https://www.investing.com/economic-calendar/core-pce-price-index-905,2016-05-31,1464697800000,1.6,1.6,1.6%,1.6%,0.0,inline,1
CPI MoM,CPI环比,headline,69,https://uk.investing.com/economic-calendar/cp-69,2016-06-16,1466080200000,0.2,0.3,0.2%,0.3%,-0.09999999999999998,cool,1
CPI YoY,CPI同比,headline,733,https://www.investing.com/economic-calendar/cpi-733,2016-06-16,1466080200000,1.0,1.1,1.0%,1.1%,-0.10000000000000009,cool,1
Core CPI MoM,核心CPI环比,core,56,https://www.investing.com/economic-calendar/core-cpi-56,2016-06-16,1466080200000,0.2,0.2,0.2%,0.2%,0.0,inline,1
Core CPI YoY,核心CPI同比,core,736,https://www.investing.com/economic-calendar/core-cpi-736,2016-06-16,1466080200000,2.2,2.2,2.2%,2.2%,0.0,inline,1
Core PCE MoM,核心PCE环比,core,61,https://www.investing.com/economic-calendar/core-pce-price-index-61,2016-06-29,1467203400000,0.2,0.2,0.2%,0.2%,0.0,inline,1
Core PCE YoY,核心PCE同比,core,905,https://www.investing.com/economic-calendar/core-pce-price-index-905,2016-06-29,1467203400000,1.6,1.6,1.6%,1.6%,0.0,inline,1
CPI MoM,CPI环比,headline,69,https://uk.investing.com/economic-calendar/cp-69,2016-07-15,1468585800000,0.2,0.3,0.2%,0.3%,-0.09999999999999998,cool,1
CPI YoY,CPI同比,headline,733,https://www.investing.com/economic-calendar/cpi-733,2016-07-15,1468585800000,1.0,1.1,1.0%,1.1%,-0.10000000000000009,cool,1
Core CPI MoM,核心CPI环比,core,56,https://www.investing.com/economic-calendar/core-cpi-56,2016-07-15,1468585800000,0.2,0.2,0.2%,0.2%,0.0,inline,1
Core CPI YoY,核心CPI同比,core,736,https://www.investing.com/economic-calendar/core-cpi-736,2016-07-15,1468585800000,2.3,2.3,2.3%,2.3%,0.0,inline,1
Core PCE MoM,核心PCE环比,core,61,https://www.investing.com/economic-calendar/core-pce-price-index-61,2016-08-02,1470141000000,0.1,0.1,0.1%,0.1%,0.0,inline,1
Core PCE YoY,核心PCE同比,core,905,https://www.investing.com/economic-calendar/core-pce-price-index-905,2016-08-02,1470141000000,1.6,1.6,1.6%,1.6%,0.0,inline,1
CPI MoM,CPI环比,headline,69,https://uk.investing.com/economic-calendar/cp-69,2016-08-16,1471350600000,0.0,0.1,0.0%,0.1%,-0.1,cool,1
CPI YoY,CPI同比,headline,733,https://www.investing.com/economic-calendar/cpi-733,2016-08-16,1471350600000,0.8,0.9,0.8%,0.9%,-0.09999999999999998,cool,1
Core CPI MoM,核心CPI环比,core,56,https://www.investing.com/economic-calendar/core-cpi-56,2016-08-16,1471350600000,0.1,0.2,0.1%,0.2%,-0.1,cool,1
Core CPI YoY,核心CPI同比,core,736,https://www.investing.com/economic-calendar/core-cpi-736,2016-08-16,1471350600000,2.2,2.3,2.2%,2.3%,-0.09999999999999964,cool,1
Core PCE MoM,核心PCE环比,core,61,https://www.investing.com/economic-calendar/core-pce-price-index-61,2016-08-29,1472473800000,0.1,0.1,0.1%,0.1%,0.0,inline,1
Core PCE YoY,核心PCE同比,core,905,https://www.investing.com/economic-calendar/core-pce-price-index-905,2016-08-29,1472473800000,1.6,1.5,1.6%,1.5%,0.10000000000000009,hot,1
CPI MoM,CPI环比,headline,69,https://uk.investing.com/economic-calendar/cp-69,2016-09-16,1474029000000,0.2,0.1,0.2%,0.1%,0.1,hot,1
CPI YoY,CPI同比,headline,733,https://www.investing.com/economic-calendar/cpi-733,2016-09-16,1474029000000,1.1,1.0,1.1%,1.0%,0.10000000000000009,hot,1
Core CPI MoM,核心CPI环比,core,56,https://www.investing.com/economic-calendar/core-cpi-56,2016-09-16,1474029000000,0.3,0.2,0.3%,0.2%,0.09999999999999998,hot,1
Core CPI YoY,核心CPI同比,core,736,https://www.investing.com/economic-calendar/core-cpi-736,2016-09-16,1474029000000,2.3,2.2,2.3%,2.2%,0.09999999999999964,hot,1
Core PCE MoM,核心PCE环比,core,61,https://www.investing.com/economic-calendar/core-pce-price-index-61,2016-09-30,1475238600000,0.2,0.2,0.2%,0.2%,0.0,inline,1
Core PCE YoY,核心PCE同比,core,905,https://www.investing.com/economic-calendar/core-pce-price-index-905,2016-09-30,1475238600000,1.7,1.7,1.7%,1.7%,0.0,inline,1
CPI MoM,CPI环比,headline,69,https://uk.investing.com/economic-calendar/cp-69,2016-10-18,1476793800000,0.3,0.3,0.3%,0.3%,0.0,inline,1
CPI YoY,CPI同比,headline,733,https://www.investing.com/economic-calendar/cpi-733,2016-10-18,1476793800000,1.5,1.5,1.5%,1.5%,0.0,inline,1
Core CPI MoM,核心CPI环比,core,56,https://www.investing.com/economic-calendar/core-cpi-56,2016-10-18,1476793800000,0.1,0.2,0.1%,0.2%,-0.1,cool,1
Core CPI YoY,核心CPI同比,core,736,https://www.investing.com/economic-calendar/core-cpi-736,2016-10-18,1476793800000,2.2,2.3,2.2%,2.3%,-0.09999999999999964,cool,1
Core PCE MoM,核心PCE环比,core,61,https://www.investing.com/economic-calendar/core-pce-price-index-61,2016-10-31,1477917000000,0.1,0.1,0.1%,0.1%,0.0,inline,1
Core PCE YoY,核心PCE同比,core,905,https://www.investing.com/economic-calendar/core-pce-price-index-905,2016-10-31,1477917000000,1.7,1.7,1.7%,1.7%,0.0,inline,1
CPI MoM,CPI环比,headline,69,https://uk.investing.com/economic-calendar/cp-69,2016-11-17,1479389400000,0.4,0.4,0.4%,0.4%,0.0,inline,1
CPI YoY,CPI同比,headline,733,https://www.investing.com/economic-calendar/cpi-733,2016-11-17,1479389400000,1.6,1.6,1.6%,1.6%,0.0,inline,1
Core CPI MoM,核心CPI环比,core,56,https://www.investing.com/economic-calendar/core-cpi-56,2016-11-17,1479389400000,0.1,0.2,0.1%,0.2%,-0.1,cool,1
Core CPI YoY,核心CPI同比,core,736,https://www.investing.com/economic-calendar/core-cpi-736,2016-11-17,1479389400000,2.1,2.2,2.1%,2.2%,-0.10000000000000009,cool,1
Core PCE MoM,核心PCE环比,core,61,https://www.investing.com/economic-calendar/core-pce-price-index-61,2016-11-30,1480512600000,0.1,0.1,0.1%,0.1%,0.0,inline,1
CPI MoM,CPI环比,headline,69,https://uk.investing.com/economic-calendar/cp-69,2016-12-15,1481808600000,0.2,0.2,0.2%,0.2%,0.0,inline,1
CPI YoY,CPI同比,headline,733,https://www.investing.com/economic-calendar/cpi-733,2016-12-15,1481808600000,1.7,1.7,1.7%,1.7%,0.0,inline,1
Core CPI MoM,核心CPI环比,core,56,https://www.investing.com/economic-calendar/core-cpi-56,2016-12-15,1481808600000,0.2,0.2,0.2%,0.2%,0.0,inline,1
Core CPI YoY,核心CPI同比,core,736,https://www.investing.com/economic-calendar/core-cpi-736,2016-12-15,1481808600000,2.1,2.2,2.1%,2.2%,-0.10000000000000009,cool,1
Core PCE MoM,核心PCE环比,core,61,https://www.investing.com/economic-calendar/core-pce-price-index-61,2016-12-22,1482418800000,0.0,0.1,0.0%,0.1%,-0.1,cool,1
CPI MoM,CPI环比,headline,69,https://uk.investing.com/economic-calendar/cp-69,2017-01-18,1484746200000,0.3,0.3,0.3%,0.3%,0.0,inline,1
CPI YoY,CPI同比,headline,733,https://www.investing.com/economic-calendar/cpi-733,2017-01-18,1484746200000,2.1,2.1,2.1%,2.1%,0.0,inline,1
Core CPI MoM,核心CPI环比,core,56,https://www.investing.com/economic-calendar/core-cpi-56,2017-01-18,1484746200000,0.2,0.2,0.2%,0.2%,0.0,inline,1
Core CPI YoY,核心CPI同比,core,736,https://www.investing.com/economic-calendar/core-cpi-736,2017-01-18,1484746200000,2.2,2.2,2.2%,2.2%,0.0,inline,1
Core PCE MoM,核心PCE环比,core,61,https://www.investing.com/economic-calendar/core-pce-price-index-61,2017-01-30,1485783000000,0.1,0.1,0.1%,0.1%,0.0,inline,1
Core PCE YoY,核心PCE同比,core,905,https://www.investing.com/economic-calendar/core-pce-price-index-905,2017-01-30,1485783000000,1.7,1.7,1.7%,1.7%,0.0,inline,1
CPI MoM,CPI环比,headline,69,https://uk.investing.com/economic-calendar/cp-69,2017-02-15,1487165400000,0.6,0.3,0.6%,0.3%,0.3,hot,1
CPI YoY,CPI同比,headline,733,https://www.investing.com/economic-calendar/cpi-733,2017-02-15,1487165400000,2.5,2.4,2.5%,2.4%,0.10000000000000009,hot,1
Core CPI MoM,核心CPI环比,core,56,https://www.investing.com/economic-calendar/core-cpi-56,2017-02-15,1487165400000,0.3,0.2,0.3%,0.2%,0.09999999999999998,hot,1
Core CPI YoY,核心CPI同比,core,736,https://www.investing.com/economic-calendar/core-cpi-736,2017-02-15,1487165400000,2.3,2.1,2.3%,2.1%,0.19999999999999973,hot,1
Core PCE MoM,核心PCE环比,core,61,https://www.investing.com/economic-calendar/core-pce-price-index-61,2017-03-01,1488375000000,0.3,0.2,0.3%,0.2%,0.09999999999999998,hot,1
Core PCE YoY,核心PCE同比,core,905,https://www.investing.com/economic-calendar/core-pce-price-index-905,2017-03-01,1488375000000,1.8,1.8,1.8%,1.8%,0.0,inline,1
CPI MoM,CPI环比,headline,69,https://uk.investing.com/economic-calendar/cp-69,2017-03-15,1489581000000,0.1,0.1,0.1%,0.1%,0.0,inline,1
CPI YoY,CPI同比,headline,733,https://www.investing.com/economic-calendar/cpi-733,2017-03-15,1489581000000,2.7,2.7,2.7%,2.7%,0.0,inline,1
Core CPI MoM,核心CPI环比,core,56,https://www.investing.com/economic-calendar/core-cpi-56,2017-03-15,1489581000000,0.2,0.2,0.2%,0.2%,0.0,inline,1
Core CPI YoY,核心CPI同比,core,736,https://www.investing.com/economic-calendar/core-cpi-736,2017-03-15,1489581000000,2.2,2.2,2.2%,2.2%,0.0,inline,1
Core PCE MoM,核心PCE环比,core,61,https://www.investing.com/economic-calendar/core-pce-price-index-61,2017-03-31,1490963400000,0.2,0.2,0.2%,0.2%,0.0,inline,1
Core PCE YoY,核心PCE同比,core,905,https://www.investing.com/economic-calendar/core-pce-price-index-905,2017-03-31,1490963400000,1.8,1.7,1.8%,1.7%,0.10000000000000009,hot,1
CPI MoM,CPI环比,headline,69,https://uk.investing.com/economic-calendar/cp-69,2017-04-14,1492173000000,-0.3,0.1,-0.3%,0.1%,-0.4,cool,1
CPI YoY,CPI同比,headline,733,https://www.investing.com/economic-calendar/cpi-733,2017-04-14,1492173000000,2.4,2.6,2.4%,2.6%,-0.20000000000000018,cool,1
Core CPI MoM,核心CPI环比,core,56,https://www.investing.com/economic-calendar/core-cpi-56,2017-04-14,1492173000000,-0.1,0.2,-0.1%,0.2%,-0.30000000000000004,cool,1
Core CPI YoY,核心CPI同比,core,736,https://www.investing.com/economic-calendar/core-cpi-736,2017-04-14,1492173000000,2.0,2.3,2.0%,2.3%,-0.2999999999999998,cool,1
Core PCE MoM,核心PCE环比,core,61,https://www.investing.com/economic-calendar/core-pce-price-index-61,2017-05-01,1493641800000,-0.1,-0.1,-0.1%,-0.1%,0.0,inline,1
CPI MoM,CPI环比,headline,69,https://uk.investing.com/economic-calendar/cp-69,2017-05-12,1494592200000,0.2,0.2,0.2%,0.2%,0.0,inline,1
CPI YoY,CPI同比,headline,733,https://www.investing.com/economic-calendar/cpi-733,2017-05-12,1494592200000,2.2,2.3,2.2%,2.3%,-0.09999999999999964,cool,1
Core CPI MoM,核心CPI环比,core,56,https://www.investing.com/economic-calendar/core-cpi-56,2017-05-12,1494592200000,0.1,0.2,0.1%,0.2%,-0.1,cool,1
Core CPI YoY,核心CPI同比,core,736,https://www.investing.com/economic-calendar/core-cpi-736,2017-05-12,1494592200000,1.9,2.0,1.9%,2.0%,-0.10000000000000009,cool,1
Core PCE MoM,核心PCE环比,core,61,https://www.investing.com/economic-calendar/core-pce-price-index-61,2017-05-30,1496147400000,0.1,0.1,0.1%,0.1%,0.0,inline,1
Core PCE YoY,核心PCE同比,core,905,https://www.investing.com/economic-calendar/core-pce-price-index-905,2017-05-30,1496147400000,1.5,1.5,1.5%,1.5%,0.0,inline,1
CPI MoM,CPI环比,headline,69,https://uk.investing.com/economic-calendar/cp-69,2017-06-14,1497443400000,-0.1,0.1,-0.1%,0.1%,-0.2,cool,1
CPI YoY,CPI同比,headline,733,https://www.investing.com/economic-calendar/cpi-733,2017-06-14,1497443400000,1.9,2.0,1.9%,2.0%,-0.10000000000000009,cool,1
Core CPI MoM,核心CPI环比,core,56,https://www.investing.com/economic-calendar/core-cpi-56,2017-06-14,1497443400000,0.1,0.2,0.1%,0.2%,-0.1,cool,1
Core CPI YoY,核心CPI同比,core,736,https://www.investing.com/economic-calendar/core-cpi-736,2017-06-14,1497443400000,1.7,1.9,1.7%,1.9%,-0.19999999999999996,cool,1
Core PCE MoM,核心PCE环比,core,61,https://www.investing.com/economic-calendar/core-pce-price-index-61,2017-06-30,1498825800000,0.1,0.1,0.1%,0.1%,0.0,inline,1
Core PCE YoY,核心PCE同比,core,905,https://www.investing.com/economic-calendar/core-pce-price-index-905,2017-06-30,1498825800000,1.5,1.4,1.5%,1.4%,0.10000000000000009,hot,1
CPI MoM,CPI环比,headline,69,https://uk.investing.com/economic-calendar/cp-69,2017-07-14,1500035400000,0.0,0.1,0.0%,0.1%,-0.1,cool,1
CPI YoY,CPI同比,headline,733,https://www.investing.com/economic-calendar/cpi-733,2017-07-14,1500035400000,1.6,1.7,1.6%,1.7%,-0.09999999999999987,cool,1
Core CPI MoM,核心CPI环比,core,56,https://www.investing.com/economic-calendar/core-cpi-56,2017-07-14,1500035400000,0.1,0.2,0.1%,0.2%,-0.1,cool,1
Core CPI YoY,核心CPI同比,core,736,https://www.investing.com/economic-calendar/core-cpi-736,2017-07-14,1500035400000,1.7,1.7,1.7%,1.7%,0.0,inline,1
Core PCE MoM,核心PCE环比,core,61,https://www.investing.com/economic-calendar/core-pce-price-index-61,2017-08-01,1501590600000,0.1,0.1,0.1%,0.1%,0.0,inline,1
Core PCE YoY,核心PCE同比,core,905,https://www.investing.com/economic-calendar/core-pce-price-index-905,2017-08-01,1501590600000,1.5,1.3,1.5%,1.3%,0.19999999999999996,hot,1
CPI MoM,CPI环比,headline,69,https://uk.investing.com/economic-calendar/cp-69,2017-08-11,1502454600000,0.1,0.2,0.1%,0.2%,-0.1,cool,1
CPI YoY,CPI同比,headline,733,https://www.investing.com/economic-calendar/cpi-733,2017-08-11,1502454600000,1.7,1.8,1.7%,1.8%,-0.10000000000000009,cool,1
Core CPI MoM,核心CPI环比,core,56,https://www.investing.com/economic-calendar/core-cpi-56,2017-08-11,1502454600000,0.1,0.2,0.1%,0.2%,-0.1,cool,1
Core CPI YoY,核心CPI同比,core,736,https://www.investing.com/economic-calendar/core-cpi-736,2017-08-11,1502454600000,1.7,1.7,1.7%,1.7%,0.0,inline,1
Core PCE MoM,核心PCE环比,core,61,https://www.investing.com/economic-calendar/core-pce-price-index-61,2017-08-31,1504182600000,0.1,0.1,0.1%,0.1%,0.0,inline,1
Core PCE YoY,核心PCE同比,core,905,https://www.investing.com/economic-calendar/core-pce-price-index-905,2017-08-31,1504182600000,1.4,1.4,1.4%,1.4%,0.0,inline,1
CPI MoM,CPI环比,headline,69,https://uk.investing.com/economic-calendar/cp-69,2017-09-14,1505392200000,0.4,0.3,0.4%,0.3%,0.10000000000000003,hot,1
CPI YoY,CPI同比,headline,733,https://www.investing.com/economic-calendar/cpi-733,2017-09-14,1505392200000,1.9,1.8,1.9%,1.8%,0.09999999999999987,hot,1
Core CPI MoM,核心CPI环比,core,56,https://www.investing.com/economic-calendar/core-cpi-56,2017-09-14,1505392200000,0.2,0.2,0.2%,0.2%,0.0,inline,1
Core CPI YoY,核心CPI同比,core,736,https://www.investing.com/economic-calendar/core-cpi-736,2017-09-14,1505392200000,1.7,1.6,1.7%,1.6%,0.09999999999999987,hot,1
Core PCE MoM,核心PCE环比,core,61,https://www.investing.com/economic-calendar/core-pce-price-index-61,2017-09-29,1506688200000,0.1,0.2,0.1%,0.2%,-0.1,cool,1
Core PCE YoY,核心PCE同比,core,905,https://www.investing.com/economic-calendar/core-pce-price-index-905,2017-09-29,1506688200000,1.3,1.4,1.3%,1.4%,-0.09999999999999987,cool,1
CPI MoM,CPI环比,headline,69,https://uk.investing.com/economic-calendar/cp-69,2017-10-13,1507897800000,0.5,0.6,0.5%,0.6%,-0.09999999999999998,cool,1
CPI YoY,CPI同比,headline,733,https://www.investing.com/economic-calendar/cpi-733,2017-10-13,1507897800000,2.2,2.3,2.2%,2.3%,-0.09999999999999964,cool,1
Core CPI MoM,核心CPI环比,core,56,https://www.investing.com/economic-calendar/core-cpi-56,2017-10-13,1507897800000,0.1,0.2,0.1%,0.2%,-0.1,cool,1
Core CPI YoY,核心CPI同比,core,736,https://www.investing.com/economic-calendar/core-cpi-736,2017-10-13,1507897800000,1.7,1.8,1.7%,1.8%,-0.10000000000000009,cool,1
Core PCE MoM,核心PCE环比,core,61,https://www.investing.com/economic-calendar/core-pce-price-index-61,2017-10-30,1509366600000,0.2,0.1,0.2%,0.1%,0.1,hot,1
Core PCE YoY,核心PCE同比,core,905,https://www.investing.com/economic-calendar/core-pce-price-index-905,2017-10-30,1509366600000,1.4,1.3,1.4%,1.3%,0.09999999999999987,hot,1
CPI MoM,CPI环比,headline,69,https://uk.investing.com/economic-calendar/cp-69,2017-11-15,1510752600000,0.1,0.1,0.1%,0.1%,0.0,inline,1
CPI YoY,CPI同比,headline,733,https://www.investing.com/economic-calendar/cpi-733,2017-11-15,1510752600000,2.0,2.0,2.0%,2.0%,0.0,inline,1
Core CPI MoM,核心CPI环比,core,56,https://www.investing.com/economic-calendar/core-cpi-56,2017-11-15,1510752600000,0.2,0.2,0.2%,0.2%,0.0,inline,1
Core CPI YoY,核心CPI同比,core,736,https://www.investing.com/economic-calendar/core-cpi-736,2017-11-15,1510752600000,1.8,1.7,1.8%,1.7%,0.10000000000000009,hot,1
Core PCE MoM,核心PCE环比,core,61,https://www.investing.com/economic-calendar/core-pce-price-index-61,2017-11-30,1512048600000,0.2,0.2,0.2%,0.2%,0.0,inline,1
Core PCE YoY,核心PCE同比,core,905,https://www.investing.com/economic-calendar/core-pce-price-index-905,2017-11-30,1512048600000,1.4,1.4,1.4%,1.4%,0.0,inline,1
CPI MoM,CPI环比,headline,69,https://uk.investing.com/economic-calendar/cp-69,2017-12-13,1513171800000,0.4,0.4,0.4%,0.4%,0.0,inline,1
CPI YoY,CPI同比,headline,733,https://www.investing.com/economic-calendar/cpi-733,2017-12-13,1513171800000,2.2,2.2,2.2%,2.2%,0.0,inline,1
Core CPI MoM,核心CPI环比,core,56,https://www.investing.com/economic-calendar/core-cpi-56,2017-12-13,1513171800000,0.1,0.2,0.1%,0.2%,-0.1,cool,1
Core CPI YoY,核心CPI同比,core,736,https://www.investing.com/economic-calendar/core-cpi-736,2017-12-13,1513171800000,1.7,1.8,1.7%,1.8%,-0.10000000000000009,cool,1
Core PCE MoM,核心PCE环比,core,61,https://www.investing.com/economic-calendar/core-pce-price-index-61,2017-12-22,1513949400000,0.1,0.1,0.1%,0.1%,0.0,inline,1
Core PCE YoY,核心PCE同比,core,905,https://www.investing.com/economic-calendar/core-pce-price-index-905,2017-12-22,1513949400000,1.5,1.5,1.5%,1.5%,0.0,inline,1
CPI MoM,CPI环比,headline,69,https://uk.investing.com/economic-calendar/cp-69,2018-01-12,1515763800000,0.2,0.2,0.2%,0.2%,0.0,inline,1
CPI YoY,CPI同比,headline,733,https://www.investing.com/economic-calendar/cpi-733,2018-01-12,1515763800000,2.1,2.1,2.1%,2.1%,0.0,inline,1
Core CPI MoM,核心CPI环比,core,56,https://www.investing.com/economic-calendar/core-cpi-56,2018-01-12,1515763800000,0.2,0.2,0.2%,0.2%,0.0,inline,1
Core CPI YoY,核心CPI同比,core,736,https://www.investing.com/economic-calendar/core-cpi-736,2018-01-12,1515763800000,1.8,1.7,1.8%,1.7%,0.10000000000000009,hot,1
Core PCE MoM,核心PCE环比,core,61,https://www.investing.com/economic-calendar/core-pce-price-index-61,2018-01-29,1517232600000,0.2,0.2,0.2%,0.2%,0.0,inline,1
Core PCE YoY,核心PCE同比,core,905,https://www.investing.com/economic-calendar/core-pce-price-index-905,2018-01-29,1517232600000,1.5,1.5,1.5%,1.5%,0.0,inline,1
CPI MoM,CPI环比,headline,69,https://uk.investing.com/economic-calendar/cp-69,2018-02-14,1518615000000,0.5,0.3,0.5%,0.3%,0.2,hot,1
CPI YoY,CPI同比,headline,733,https://www.investing.com/economic-calendar/cpi-733,2018-02-14,1518615000000,2.1,1.9,2.1%,1.9%,0.20000000000000018,hot,1
Core CPI MoM,核心CPI环比,core,56,https://www.investing.com/economic-calendar/core-cpi-56,2018-02-14,1518615000000,0.3,0.2,0.3%,0.2%,0.09999999999999998,hot,1
Core CPI YoY,核心CPI同比,core,736,https://www.investing.com/economic-calendar/core-cpi-736,2018-02-14,1518615000000,1.8,1.7,1.8%,1.7%,0.10000000000000009,hot,1
Core PCE MoM,核心PCE环比,core,61,https://www.investing.com/economic-calendar/core-pce-price-index-61,2018-03-01,1519911000000,0.3,0.3,0.3%,0.3%,0.0,inline,1
Core PCE YoY,核心PCE同比,core,905,https://www.investing.com/economic-calendar/core-pce-price-index-905,2018-03-01,1519911000000,1.5,1.5,1.5%,1.5%,0.0,inline,1
CPI MoM,CPI环比,headline,69,https://uk.investing.com/economic-calendar/cp-69,2018-03-13,1520944200000,0.2,0.2,0.2%,0.2%,0.0,inline,1
CPI YoY,CPI同比,headline,733,https://www.investing.com/economic-calendar/cpi-733,2018-03-13,1520944200000,2.2,2.2,2.2%,2.2%,0.0,inline,1
Core CPI MoM,核心CPI环比,core,56,https://www.investing.com/economic-calendar/core-cpi-56,2018-03-13,1520944200000,0.2,0.2,0.2%,0.2%,0.0,inline,1
Core CPI YoY,核心CPI同比,core,736,https://www.investing.com/economic-calendar/core-cpi-736,2018-03-13,1520944200000,1.8,1.8,1.8%,1.8%,0.0,inline,1
Core PCE MoM,核心PCE环比,core,61,https://www.investing.com/economic-calendar/core-pce-price-index-61,2018-03-29,1522326600000,0.2,0.2,0.2%,0.2%,0.0,inline,1
Core PCE YoY,核心PCE同比,core,905,https://www.investing.com/economic-calendar/core-pce-price-index-905,2018-03-29,1522326600000,1.6,1.6,1.6%,1.6%,0.0,inline,1
CPI MoM,CPI环比,headline,69,https://uk.investing.com/economic-calendar/cp-69,2018-04-11,1523449800000,-0.1,0.0,-0.1%,0.0%,-0.1,cool,1
CPI YoY,CPI同比,headline,733,https://www.investing.com/economic-calendar/cpi-733,2018-04-11,1523449800000,2.4,2.4,2.4%,2.4%,0.0,inline,1
Core CPI MoM,核心CPI环比,core,56,https://www.investing.com/economic-calendar/core-cpi-56,2018-04-11,1523449800000,0.2,0.2,0.2%,0.2%,0.0,inline,1
Core CPI YoY,核心CPI同比,core,736,https://www.investing.com/economic-calendar/core-cpi-736,2018-04-11,1523449800000,2.1,2.1,2.1%,2.1%,0.0,inline,1
Core PCE MoM,核心PCE环比,core,61,https://www.investing.com/economic-calendar/core-pce-price-index-61,2018-04-30,1525091400000,0.2,0.2,0.2%,0.2%,0.0,inline,1
Core PCE YoY,核心PCE同比,core,905,https://www.investing.com/economic-calendar/core-pce-price-index-905,2018-04-30,1525091400000,1.8,1.9,1.8%,1.9%,-0.09999999999999987,cool,1
CPI MoM,CPI环比,headline,69,https://uk.investing.com/economic-calendar/cp-69,2018-05-10,1525955400000,0.2,0.3,0.2%,0.3%,-0.09999999999999998,cool,1
CPI YoY,CPI同比,headline,733,https://www.investing.com/economic-calendar/cpi-733,2018-05-10,1525955400000,2.5,2.5,2.5%,2.5%,0.0,inline,1
Core CPI MoM,核心CPI环比,core,56,https://www.investing.com/economic-calendar/core-cpi-56,2018-05-10,1525955400000,0.1,0.2,0.1%,0.2%,-0.1,cool,1
Core CPI YoY,核心CPI同比,core,736,https://www.investing.com/economic-calendar/core-cpi-736,2018-05-10,1525955400000,2.1,2.2,2.1%,2.2%,-0.10000000000000009,cool,1
Core PCE MoM,核心PCE环比,core,61,https://www.investing.com/economic-calendar/core-pce-price-index-61,2018-05-31,1527769800000,0.2,0.1,0.2%,0.1%,0.1,hot,1
Core PCE YoY,核心PCE同比,core,905,https://www.investing.com/economic-calendar/core-pce-price-index-905,2018-05-31,1527769800000,1.8,1.8,1.8%,1.8%,0.0,inline,1
CPI MoM,CPI环比,headline,69,https://uk.investing.com/economic-calendar/cp-69,2018-06-12,1528806600000,0.2,0.2,0.2%,0.2%,0.0,inline,1
CPI YoY,CPI同比,headline,733,https://www.investing.com/economic-calendar/cpi-733,2018-06-12,1528806600000,2.8,2.7,2.8%,2.7%,0.09999999999999964,hot,1
Core CPI MoM,核心CPI环比,core,56,https://www.investing.com/economic-calendar/core-cpi-56,2018-06-12,1528806600000,0.2,0.1,0.2%,0.1%,0.1,hot,1
Core CPI YoY,核心CPI同比,core,736,https://www.investing.com/economic-calendar/core-cpi-736,2018-06-12,1528806600000,2.2,2.2,2.2%,2.2%,0.0,inline,1
Core PCE MoM,核心PCE环比,core,61,https://www.investing.com/economic-calendar/core-pce-price-index-61,2018-06-29,1530275400000,0.2,0.2,0.2%,0.2%,0.0,inline,1
Core PCE YoY,核心PCE同比,core,905,https://www.investing.com/economic-calendar/core-pce-price-index-905,2018-06-29,1530275400000,1.9,1.9,1.9%,1.9%,0.0,inline,1
CPI MoM,CPI环比,headline,69,https://uk.investing.com/economic-calendar/cp-69,2018-07-12,1531398600000,0.1,0.2,0.1%,0.2%,-0.1,cool,1
CPI YoY,CPI同比,headline,733,https://www.investing.com/economic-calendar/cpi-733,2018-07-12,1531398600000,2.9,2.9,2.9%,2.9%,0.0,inline,1
Core CPI MoM,核心CPI环比,core,56,https://www.investing.com/economic-calendar/core-cpi-56,2018-07-12,1531398600000,0.2,0.2,0.2%,0.2%,0.0,inline,1
Core CPI YoY,核心CPI同比,core,736,https://www.investing.com/economic-calendar/core-cpi-736,2018-07-12,1531398600000,2.3,2.3,2.3%,2.3%,0.0,inline,1
Core PCE MoM,核心PCE环比,core,61,https://www.investing.com/economic-calendar/core-pce-price-index-61,2018-07-31,1533040200000,0.1,0.1,0.1%,0.1%,0.0,inline,1
Core PCE YoY,核心PCE同比,core,905,https://www.investing.com/economic-calendar/core-pce-price-index-905,2018-07-31,1533040200000,1.9,2.0,1.9%,2.0%,-0.10000000000000009,cool,1
CPI MoM,CPI环比,headline,69,https://uk.investing.com/economic-calendar/cp-69,2018-08-10,1533904200000,0.2,0.2,0.2%,0.2%,0.0,inline,1
CPI YoY,CPI同比,headline,733,https://www.investing.com/economic-calendar/cpi-733,2018-08-10,1533904200000,2.9,3.0,2.9%,3.0%,-0.10000000000000009,cool,1
Core CPI MoM,核心CPI环比,core,56,https://www.investing.com/economic-calendar/core-cpi-56,2018-08-10,1533904200000,0.2,0.2,0.2%,0.2%,0.0,inline,1
Core CPI YoY,核心CPI同比,core,736,https://www.investing.com/economic-calendar/core-cpi-736,2018-08-10,1533904200000,2.4,2.3,2.4%,2.3%,0.10000000000000009,hot,1
Core PCE MoM,核心PCE环比,core,61,https://www.investing.com/economic-calendar/core-pce-price-index-61,2018-08-30,1535632200000,0.2,0.2,0.2%,0.2%,0.0,inline,1
Core PCE YoY,核心PCE同比,core,905,https://www.investing.com/economic-calendar/core-pce-price-index-905,2018-08-30,1535632200000,2.0,2.0,2.0%,2.0%,0.0,inline,1
CPI MoM,CPI环比,headline,69,https://uk.investing.com/economic-calendar/cp-69,2018-09-13,1536841800000,0.2,0.3,0.2%,0.3%,-0.09999999999999998,cool,1
CPI YoY,CPI同比,headline,733,https://www.investing.com/economic-calendar/cpi-733,2018-09-13,1536841800000,2.7,2.8,2.7%,2.8%,-0.09999999999999964,cool,1
Core CPI MoM,核心CPI环比,core,56,https://www.investing.com/economic-calendar/core-cpi-56,2018-09-13,1536841800000,0.1,0.2,0.1%,0.2%,-0.1,cool,1
Core CPI YoY,核心CPI同比,core,736,https://www.investing.com/economic-calendar/core-cpi-736,2018-09-13,1536841800000,2.2,2.4,2.2%,2.4%,-0.19999999999999973,cool,1
Core PCE MoM,核心PCE环比,core,61,https://www.investing.com/economic-calendar/core-pce-price-index-61,2018-09-28,1538137800000,0.0,0.1,0.0%,0.1%,-0.1,cool,1
Core PCE YoY,核心PCE同比,core,905,https://www.investing.com/economic-calendar/core-pce-price-index-905,2018-09-28,1538137800000,2.0,2.0,2.0%,2.0%,0.0,inline,1
CPI MoM,CPI环比,headline,69,https://uk.investing.com/economic-calendar/cp-69,2018-10-11,1539261000000,0.1,0.2,0.1%,0.2%,-0.1,cool,1
CPI YoY,CPI同比,headline,733,https://www.investing.com/economic-calendar/cpi-733,2018-10-11,1539261000000,2.3,2.4,2.3%,2.4%,-0.10000000000000009,cool,1
Core CPI MoM,核心CPI环比,core,56,https://www.investing.com/economic-calendar/core-cpi-56,2018-10-11,1539261000000,0.1,0.2,0.1%,0.2%,-0.1,cool,1
Core CPI YoY,核心CPI同比,core,736,https://www.investing.com/economic-calendar/core-cpi-736,2018-10-11,1539261000000,2.2,2.3,2.2%,2.3%,-0.09999999999999964,cool,1
Core PCE MoM,核心PCE环比,core,61,https://www.investing.com/economic-calendar/core-pce-price-index-61,2018-10-29,1540816200000,0.2,0.1,0.2%,0.1%,0.1,hot,1
Core PCE YoY,核心PCE同比,core,905,https://www.investing.com/economic-calendar/core-pce-price-index-905,2018-10-29,1540816200000,1.9,2.0,1.9%,2.0%,-0.10000000000000009,cool,1
CPI MoM,CPI环比,headline,69,https://uk.investing.com/economic-calendar/cp-69,2018-11-14,1542202200000,0.3,0.3,0.3%,0.3%,0.0,inline,1
CPI YoY,CPI同比,headline,733,https://www.investing.com/economic-calendar/cpi-733,2018-11-14,1542202200000,2.5,2.5,2.5%,2.5%,0.0,inline,1
Core CPI MoM,核心CPI环比,core,56,https://www.investing.com/economic-calendar/core-cpi-56,2018-11-14,1542202200000,0.2,0.2,0.2%,0.2%,0.0,inline,1
Core CPI YoY,核心CPI同比,core,736,https://www.investing.com/economic-calendar/core-cpi-736,2018-11-14,1542202200000,2.1,2.2,2.1%,2.2%,-0.10000000000000009,cool,1
Core PCE MoM,核心PCE环比,core,61,https://www.investing.com/economic-calendar/core-pce-price-index-61,2018-11-29,1543498200000,0.1,0.2,0.1%,0.2%,-0.1,cool,1
Core PCE YoY,核心PCE同比,core,905,https://www.investing.com/economic-calendar/core-pce-price-index-905,2018-11-29,1543498200000,1.8,1.9,1.8%,1.9%,-0.09999999999999987,cool,1
CPI MoM,CPI环比,headline,69,https://uk.investing.com/economic-calendar/cp-69,2018-12-12,1544621400000,0.0,0.1,0.0%,0.1%,-0.1,cool,1
CPI YoY,CPI同比,headline,733,https://www.investing.com/economic-calendar/cpi-733,2018-12-12,1544621400000,2.2,2.2,2.2%,2.2%,0.0,inline,1
Core CPI MoM,核心CPI环比,core,56,https://www.investing.com/economic-calendar/core-cpi-56,2018-12-12,1544621400000,0.2,0.2,0.2%,0.2%,0.0,inline,1
Core CPI YoY,核心CPI同比,core,736,https://www.investing.com/economic-calendar/core-cpi-736,2018-12-12,1544621400000,2.2,2.2,2.2%,2.2%,0.0,inline,1
Core PCE MoM,核心PCE环比,core,61,https://www.investing.com/economic-calendar/core-pce-price-index-61,2018-12-21,1545404400000,0.2,0.2,0.2%,0.2%,0.0,inline,1
Core PCE YoY,核心PCE同比,core,905,https://www.investing.com/economic-calendar/core-pce-price-index-905,2018-12-21,1545404400000,1.9,1.9,1.9%,1.9%,0.0,inline,1
CPI MoM,CPI环比,headline,69,https://uk.investing.com/economic-calendar/cp-69,2019-01-11,1547213400000,-0.1,-0.1,-0.1%,-0.1%,0.0,inline,1
CPI YoY,CPI同比,headline,733,https://www.investing.com/economic-calendar/cpi-733,2019-01-11,1547213400000,1.9,1.9,1.9%,1.9%,0.0,inline,1
Core CPI MoM,核心CPI环比,core,56,https://www.investing.com/economic-calendar/core-cpi-56,2019-01-11,1547213400000,0.2,0.2,0.2%,0.2%,0.0,inline,1
Core CPI YoY,核心CPI同比,core,736,https://www.investing.com/economic-calendar/core-cpi-736,2019-01-11,1547213400000,2.2,2.2,2.2%,2.2%,0.0,inline,1
CPI MoM,CPI环比,headline,69,https://uk.investing.com/economic-calendar/cp-69,2019-02-13,1550064600000,0.0,0.1,0.0%,0.1%,-0.1,cool,1
CPI YoY,CPI同比,headline,733,https://www.investing.com/economic-calendar/cpi-733,2019-02-13,1550064600000,1.6,1.5,1.6%,1.5%,0.10000000000000009,hot,1
Core CPI MoM,核心CPI环比,core,56,https://www.investing.com/economic-calendar/core-cpi-56,2019-02-13,1550064600000,0.2,0.2,0.2%,0.2%,0.0,inline,1
Core CPI YoY,核心CPI同比,core,736,https://www.investing.com/economic-calendar/core-cpi-736,2019-02-13,1550064600000,2.2,2.1,2.2%,2.1%,0.10000000000000009,hot,1
Core PCE MoM,核心PCE环比,core,61,https://www.investing.com/economic-calendar/core-pce-price-index-61,2019-03-01,1551447000000,0.2,0.2,0.2%,0.2%,0.0,inline,1
Core PCE YoY,核心PCE同比,core,905,https://www.investing.com/economic-calendar/core-pce-price-index-905,2019-03-01,1551447000000,2.0,1.9,2.0%,1.9%,0.10000000000000009,hot,1
CPI MoM,CPI环比,headline,69,https://uk.investing.com/economic-calendar/cp-69,2019-03-12,1552393800000,0.2,0.2,0.2%,0.2%,0.0,inline,1
CPI YoY,CPI同比,headline,733,https://www.investing.com/economic-calendar/cpi-733,2019-03-12,1552393800000,1.5,1.6,1.5%,1.6%,-0.10000000000000009,cool,1
Core CPI MoM,核心CPI环比,core,56,https://www.investing.com/economic-calendar/core-cpi-56,2019-03-12,1552393800000,0.1,0.2,0.1%,0.2%,-0.1,cool,1
Core CPI YoY,核心CPI同比,core,736,https://www.investing.com/economic-calendar/core-cpi-736,2019-03-12,1552393800000,2.1,2.2,2.1%,2.2%,-0.10000000000000009,cool,1
Core PCE MoM,核心PCE环比,core,61,https://www.investing.com/economic-calendar/core-pce-price-index-61,2019-03-29,1553862600000,0.1,0.2,0.1%,0.2%,-0.1,cool,1
Core PCE YoY,核心PCE同比,core,905,https://www.investing.com/economic-calendar/core-pce-price-index-905,2019-03-29,1553862600000,1.8,1.9,1.8%,1.9%,-0.09999999999999987,cool,1
CPI MoM,CPI环比,headline,69,https://uk.investing.com/economic-calendar/cp-69,2019-04-10,1554899400000,0.4,0.3,0.4%,0.3%,0.10000000000000003,hot,1
CPI YoY,CPI同比,headline,733,https://www.investing.com/economic-calendar/cpi-733,2019-04-10,1554899400000,1.9,1.8,1.9%,1.8%,0.09999999999999987,hot,1
Core CPI MoM,核心CPI环比,core,56,https://www.investing.com/economic-calendar/core-cpi-56,2019-04-10,1554899400000,0.1,0.2,0.1%,0.2%,-0.1,cool,1
Core CPI YoY,核心CPI同比,core,736,https://www.investing.com/economic-calendar/core-cpi-736,2019-04-10,1554899400000,2.0,2.1,2.0%,2.1%,-0.10000000000000009,cool,1
Core PCE MoM,核心PCE环比,core,61,https://www.investing.com/economic-calendar/core-pce-price-index-61,2019-04-29,1556541000000,0.1,0.2,0.1%,0.2%,-0.05,inline,2
Core PCE YoY,核心PCE同比,core,905,https://www.investing.com/economic-calendar/core-pce-price-index-905,2019-04-29,1556541000000,1.5,1.7,1.5%,1.7%,-0.09999999999999998,cool,2
CPI MoM,CPI环比,headline,69,https://uk.investing.com/economic-calendar/cp-69,2019-05-10,1557491400000,0.3,0.4,0.3%,0.4%,-0.10000000000000003,cool,1
CPI YoY,CPI同比,headline,733,https://www.investing.com/economic-calendar/cpi-733,2019-05-10,1557491400000,2.0,2.1,2.0%,2.1%,-0.10000000000000009,cool,1
Core CPI MoM,核心CPI环比,core,56,https://www.investing.com/economic-calendar/core-cpi-56,2019-05-10,1557491400000,0.1,0.2,0.1%,0.2%,-0.1,cool,1
Core CPI YoY,核心CPI同比,core,736,https://www.investing.com/economic-calendar/core-cpi-736,2019-05-10,1557491400000,2.1,2.1,2.1%,2.1%,0.0,inline,1
Core PCE MoM,核心PCE环比,core,61,https://www.investing.com/economic-calendar/core-pce-price-index-61,2019-05-31,1559305800000,0.2,0.2,0.2%,0.2%,0.0,inline,1
Core PCE YoY,核心PCE同比,core,905,https://www.investing.com/economic-calendar/core-pce-price-index-905,2019-05-31,1559305800000,1.6,1.6,1.6%,1.6%,0.0,inline,1
CPI MoM,CPI环比,headline,69,https://uk.investing.com/economic-calendar/cp-69,2019-06-12,1560342600000,0.1,0.1,0.1%,0.1%,0.0,inline,1
CPI YoY,CPI同比,headline,733,https://www.investing.com/economic-calendar/cpi-733,2019-06-12,1560342600000,1.8,1.9,1.8%,1.9%,-0.09999999999999987,cool,1
Core CPI MoM,核心CPI环比,core,56,https://www.investing.com/economic-calendar/core-cpi-56,2019-06-12,1560342600000,0.1,0.2,0.1%,0.2%,-0.1,cool,1
Core CPI YoY,核心CPI同比,core,736,https://www.investing.com/economic-calendar/core-cpi-736,2019-06-12,1560342600000,2.0,2.1,2.0%,2.1%,-0.10000000000000009,cool,1
Core PCE MoM,核心PCE环比,core,61,https://www.investing.com/economic-calendar/core-pce-price-index-61,2019-06-28,1561725000000,0.2,0.2,0.2%,0.2%,0.0,inline,1
Core PCE YoY,核心PCE同比,core,905,https://www.investing.com/economic-calendar/core-pce-price-index-905,2019-06-28,1561725000000,1.5,1.6,1.5%,1.6%,-0.10000000000000009,cool,1
CPI MoM,CPI环比,headline,69,https://uk.investing.com/economic-calendar/cp-69,2019-07-11,1562848200000,0.1,0.0,0.1%,0.0%,0.1,hot,1
CPI YoY,CPI同比,headline,733,https://www.investing.com/economic-calendar/cpi-733,2019-07-11,1562848200000,1.6,1.6,1.6%,1.6%,0.0,inline,1
Core CPI MoM,核心CPI环比,core,56,https://www.investing.com/economic-calendar/core-cpi-56,2019-07-11,1562848200000,0.3,0.2,0.3%,0.2%,0.09999999999999998,hot,1
Core CPI YoY,核心CPI同比,core,736,https://www.investing.com/economic-calendar/core-cpi-736,2019-07-11,1562848200000,2.1,2.0,2.1%,2.0%,0.10000000000000009,hot,1
Core PCE MoM,核心PCE环比,core,61,https://www.investing.com/economic-calendar/core-pce-price-index-61,2019-07-30,1564489800000,0.2,0.2,0.2%,0.2%,0.0,inline,1
Core PCE YoY,核心PCE同比,core,905,https://www.investing.com/economic-calendar/core-pce-price-index-905,2019-07-30,1564489800000,1.6,1.7,1.6%,1.7%,-0.09999999999999987,cool,1
CPI MoM,CPI环比,headline,69,https://uk.investing.com/economic-calendar/cp-69,2019-08-13,1565699400000,0.3,0.3,0.3%,0.3%,0.0,inline,1
CPI YoY,CPI同比,headline,733,https://www.investing.com/economic-calendar/cpi-733,2019-08-13,1565699400000,1.8,1.7,1.8%,1.7%,0.10000000000000009,hot,1
Core CPI MoM,核心CPI环比,core,56,https://www.investing.com/economic-calendar/core-cpi-56,2019-08-13,1565699400000,0.3,0.2,0.3%,0.2%,0.09999999999999998,hot,1
Core CPI YoY,核心CPI同比,core,736,https://www.investing.com/economic-calendar/core-cpi-736,2019-08-13,1565699400000,2.2,2.1,2.2%,2.1%,0.10000000000000009,hot,1
Core PCE MoM,核心PCE环比,core,61,https://www.investing.com/economic-calendar/core-pce-price-index-61,2019-08-30,1567168200000,0.2,0.3,0.2%,0.3%,-0.09999999999999998,cool,1
Core PCE YoY,核心PCE同比,core,905,https://www.investing.com/economic-calendar/core-pce-price-index-905,2019-08-30,1567168200000,1.7,1.6,1.7%,1.6%,0.09999999999999987,hot,1
CPI MoM,CPI环比,headline,69,https://uk.investing.com/economic-calendar/cp-69,2019-09-12,1568291400000,0.1,0.1,0.1%,0.1%,0.0,inline,1
CPI YoY,CPI同比,headline,733,https://www.investing.com/economic-calendar/cpi-733,2019-09-12,1568291400000,1.7,1.8,1.7%,1.8%,-0.10000000000000009,cool,1
Core CPI MoM,核心CPI环比,core,56,https://www.investing.com/economic-calendar/core-cpi-56,2019-09-12,1568291400000,0.3,0.2,0.3%,0.2%,0.09999999999999998,hot,1
Core CPI YoY,核心CPI同比,core,736,https://www.investing.com/economic-calendar/core-cpi-736,2019-09-12,1568291400000,2.4,2.3,2.4%,2.3%,0.10000000000000009,hot,1
Core PCE MoM,核心PCE环比,core,61,https://www.investing.com/economic-calendar/core-pce-price-index-61,2019-09-27,1569587400000,0.1,0.2,0.1%,0.2%,-0.1,cool,1
Core PCE YoY,核心PCE同比,core,905,https://www.investing.com/economic-calendar/core-pce-price-index-905,2019-09-27,1569587400000,1.8,1.8,1.8%,1.8%,0.0,inline,1
CPI MoM,CPI环比,headline,69,https://uk.investing.com/economic-calendar/cp-69,2019-10-10,1570710600000,0.1,0.1,0.1%,0.1%,0.0,inline,1
CPI YoY,CPI同比,headline,733,https://www.investing.com/economic-calendar/cpi-733,2019-10-10,1570710600000,1.7,1.8,1.7%,1.8%,-0.10000000000000009,cool,1
Core CPI MoM,核心CPI环比,core,56,https://www.investing.com/economic-calendar/core-cpi-56,2019-10-10,1570710600000,0.1,0.2,0.1%,0.2%,-0.1,cool,1
Core CPI YoY,核心CPI同比,core,736,https://www.investing.com/economic-calendar/core-cpi-736,2019-10-10,1570710600000,2.4,2.4,2.4%,2.4%,0.0,inline,1
Core PCE MoM,核心PCE环比,core,61,https://www.investing.com/economic-calendar/core-pce-price-index-61,2019-10-31,1572525000000,0.0,0.1,0.0%,0.1%,-0.1,cool,1
Core PCE YoY,核心PCE同比,core,905,https://www.investing.com/economic-calendar/core-pce-price-index-905,2019-10-31,1572525000000,1.7,1.7,1.7%,1.7%,0.0,inline,1
CPI MoM,CPI环比,headline,69,https://uk.investing.com/economic-calendar/cp-69,2019-11-13,1573651800000,0.4,0.3,0.4%,0.3%,0.10000000000000003,hot,1
CPI YoY,CPI同比,headline,733,https://www.investing.com/economic-calendar/cpi-733,2019-11-13,1573651800000,1.8,1.7,1.8%,1.7%,0.10000000000000009,hot,1
Core CPI MoM,核心CPI环比,core,56,https://www.investing.com/economic-calendar/core-cpi-56,2019-11-13,1573651800000,0.2,0.2,0.2%,0.2%,0.0,inline,1
Core CPI YoY,核心CPI同比,core,736,https://www.investing.com/economic-calendar/core-cpi-736,2019-11-13,1573651800000,2.3,2.4,2.3%,2.4%,-0.10000000000000009,cool,1
Core PCE MoM,核心PCE环比,core,61,https://www.investing.com/economic-calendar/core-pce-price-index-61,2019-11-27,1574866800000,0.1,0.2,0.1%,0.2%,-0.1,cool,1
Core PCE YoY,核心PCE同比,core,905,https://www.investing.com/economic-calendar/core-pce-price-index-905,2019-11-27,1574866800000,1.7,1.7,1.7%,1.7%,0.0,inline,1
PCE YoY,PCE同比,headline,906,https://www.investing.com/economic-calendar/pce-price-index-906,2019-11-27,1574866800000,1.4,1.2,1.4,1.2,0.19999999999999996,hot,1
CPI MoM,CPI环比,headline,69,https://uk.investing.com/economic-calendar/cp-69,2019-12-11,1576071000000,0.3,0.2,0.3%,0.2%,0.09999999999999998,hot,1
CPI YoY,CPI同比,headline,733,https://www.investing.com/economic-calendar/cpi-733,2019-12-11,1576071000000,2.1,2.0,2.1%,2.0%,0.10000000000000009,hot,1
Core CPI MoM,核心CPI环比,core,56,https://www.investing.com/economic-calendar/core-cpi-56,2019-12-11,1576071000000,0.2,0.2,0.2%,0.2%,0.0,inline,1
Core CPI YoY,核心CPI同比,core,736,https://www.investing.com/economic-calendar/core-cpi-736,2019-12-11,1576071000000,2.3,2.3,2.3%,2.3%,0.0,inline,1
Core PCE MoM,核心PCE环比,core,61,https://www.investing.com/economic-calendar/core-pce-price-index-61,2019-12-20,1576854000000,0.1,0.1,0.1%,0.1%,0.0,inline,1
Core PCE YoY,核心PCE同比,core,905,https://www.investing.com/economic-calendar/core-pce-price-index-905,2019-12-20,1576854000000,1.5,1.6,1.5%,1.6%,-0.10000000000000009,cool,1
CPI MoM,CPI环比,headline,69,https://uk.investing.com/economic-calendar/cp-69,2020-01-14,1579008600000,0.2,0.3,0.2%,0.3%,-0.09999999999999998,cool,1
CPI YoY,CPI同比,headline,733,https://www.investing.com/economic-calendar/cpi-733,2020-01-14,1579008600000,2.3,2.3,2.3%,2.3%,0.0,inline,1
Core CPI MoM,核心CPI环比,core,56,https://www.investing.com/economic-calendar/core-cpi-56,2020-01-14,1579008600000,0.1,0.2,0.1%,0.2%,-0.1,cool,1
Core CPI YoY,核心CPI同比,core,736,https://www.investing.com/economic-calendar/core-cpi-736,2020-01-14,1579008600000,2.3,2.3,2.3%,2.3%,0.0,inline,1
Core PCE MoM,核心PCE环比,core,61,https://www.investing.com/economic-calendar/core-pce-price-index-61,2020-01-31,1580477400000,0.2,0.1,0.2%,0.1%,0.1,hot,1
Core PCE YoY,核心PCE同比,core,905,https://www.investing.com/economic-calendar/core-pce-price-index-905,2020-01-31,1580477400000,1.5,1.6,1.5%,1.6%,-0.10000000000000009,cool,1
CPI MoM,CPI环比,headline,69,https://uk.investing.com/economic-calendar/cp-69,2020-02-13,1581600600000,0.1,0.2,0.1%,0.2%,-0.1,cool,1
CPI YoY,CPI同比,headline,733,https://www.investing.com/economic-calendar/cpi-733,2020-02-13,1581600600000,2.5,2.4,2.5%,2.4%,0.10000000000000009,hot,1
Core CPI MoM,核心CPI环比,core,56,https://www.investing.com/economic-calendar/core-cpi-56,2020-02-13,1581600600000,0.2,0.2,0.2%,0.2%,0.0,inline,1
Core CPI YoY,核心CPI同比,core,736,https://www.investing.com/economic-calendar/core-cpi-736,2020-02-13,1581600600000,2.3,2.2,2.3%,2.2%,0.09999999999999964,hot,1
Core PCE MoM,核心PCE环比,core,61,https://www.investing.com/economic-calendar/core-pce-price-index-61,2020-02-28,1582896600000,0.2,0.2,0.2%,0.2%,0.0,inline,1
Core PCE YoY,核心PCE同比,core,905,https://www.investing.com/economic-calendar/core-pce-price-index-905,2020-02-28,1582896600000,1.7,1.7,1.7%,1.7%,0.0,inline,1
CPI MoM,CPI环比,headline,69,https://uk.investing.com/economic-calendar/cp-69,2020-03-11,1583929800000,0.1,0.2,0.1%,0.2%,-0.1,cool,1
CPI YoY,CPI同比,headline,733,https://www.investing.com/economic-calendar/cpi-733,2020-03-11,1583929800000,2.3,2.2,2.3%,2.2%,0.09999999999999964,hot,1
Core CPI MoM,核心CPI环比,core,56,https://www.investing.com/economic-calendar/core-cpi-56,2020-03-11,1583929800000,0.2,0.2,0.2%,0.2%,0.0,inline,1
Core CPI YoY,核心CPI同比,core,736,https://www.investing.com/economic-calendar/core-cpi-736,2020-03-11,1583929800000,2.4,2.3,2.4%,2.3%,0.10000000000000009,hot,1
Core PCE MoM,核心PCE环比,core,61,https://www.investing.com/economic-calendar/core-pce-price-index-61,2020-03-27,1585312200000,0.2,0.2,0.2%,0.2%,0.0,inline,1
Core PCE YoY,核心PCE同比,core,905,https://www.investing.com/economic-calendar/core-pce-price-index-905,2020-03-27,1585312200000,1.8,1.7,1.8%,1.7%,0.10000000000000009,hot,1
CPI MoM,CPI环比,headline,69,https://uk.investing.com/economic-calendar/cp-69,2020-04-10,1586521800000,-0.4,-0.3,-0.4%,-0.3%,-0.10000000000000003,cool,1
CPI YoY,CPI同比,headline,733,https://www.investing.com/economic-calendar/cpi-733,2020-04-10,1586521800000,1.5,1.6,1.5%,1.6%,-0.10000000000000009,cool,1
Core CPI MoM,核心CPI环比,core,56,https://www.investing.com/economic-calendar/core-cpi-56,2020-04-10,1586521800000,-0.1,0.1,-0.1%,0.1%,-0.2,cool,1
Core CPI YoY,核心CPI同比,core,736,https://www.investing.com/economic-calendar/core-cpi-736,2020-04-10,1586521800000,2.1,2.3,2.1%,2.3%,-0.19999999999999973,cool,1
Core PCE MoM,核心PCE环比,core,61,https://www.investing.com/economic-calendar/core-pce-price-index-61,2020-04-30,1588249800000,-0.1,-0.1,-0.1%,-0.1%,0.0,inline,1
Core PCE YoY,核心PCE同比,core,905,https://www.investing.com/economic-calendar/core-pce-price-index-905,2020-04-30,1588249800000,1.7,1.6,1.7%,1.6%,0.09999999999999987,hot,1
CPI MoM,CPI环比,headline,69,https://uk.investing.com/economic-calendar/cp-69,2020-05-12,1589286600000,-0.8,-0.8,-0.8%,-0.8%,0.0,inline,1
CPI YoY,CPI同比,headline,733,https://www.investing.com/economic-calendar/cpi-733,2020-05-12,1589286600000,0.3,0.4,0.3%,0.4%,-0.10000000000000003,cool,1
Core CPI MoM,核心CPI环比,core,56,https://www.investing.com/economic-calendar/core-cpi-56,2020-05-12,1589286600000,-0.4,-0.2,-0.4%,-0.2%,-0.2,cool,1
Core CPI YoY,核心CPI同比,core,736,https://www.investing.com/economic-calendar/core-cpi-736,2020-05-12,1589286600000,1.4,1.7,1.4%,1.7%,-0.30000000000000004,cool,1
Core PCE MoM,核心PCE环比,core,61,https://www.investing.com/economic-calendar/core-pce-price-index-61,2020-05-29,1590755400000,-0.4,-0.3,-0.4%,-0.3%,-0.10000000000000003,cool,1
Core PCE YoY,核心PCE同比,core,905,https://www.investing.com/economic-calendar/core-pce-price-index-905,2020-05-29,1590755400000,1.0,1.1,1.0%,1.1%,-0.10000000000000009,cool,1
CPI MoM,CPI环比,headline,69,https://uk.investing.com/economic-calendar/cp-69,2020-06-10,1591792200000,-0.1,-0.1,-0.1%,-0.1%,0.0,inline,1
CPI YoY,CPI同比,headline,733,https://www.investing.com/economic-calendar/cpi-733,2020-06-10,1591792200000,0.1,0.2,0.1%,0.2%,-0.1,cool,1
Core CPI MoM,核心CPI环比,core,56,https://www.investing.com/economic-calendar/core-cpi-56,2020-06-10,1591792200000,-0.1,-0.1,-0.1%,-0.1%,0.0,inline,1
Core CPI YoY,核心CPI同比,core,736,https://www.investing.com/economic-calendar/core-cpi-736,2020-06-10,1591792200000,1.2,1.3,1.2%,1.3%,-0.10000000000000009,cool,1
Core PCE MoM,核心PCE环比,core,61,https://www.investing.com/economic-calendar/core-pce-price-index-61,2020-06-26,1593174600000,0.2,0.2,0.2%,0.2%,0.0,inline,1
Core PCE YoY,核心PCE同比,core,905,https://www.investing.com/economic-calendar/core-pce-price-index-905,2020-06-26,1593174600000,1.0,0.9,1.0%,0.9%,0.09999999999999998,hot,1
CPI MoM,CPI环比,headline,69,https://uk.investing.com/economic-calendar/cp-69,2020-07-14,1594729800000,0.6,0.5,0.6%,0.5%,0.09999999999999998,hot,1
CPI YoY,CPI同比,headline,733,https://www.investing.com/economic-calendar/cpi-733,2020-07-14,1594729800000,0.6,0.6,0.6%,0.6%,0.0,inline,1
Core CPI MoM,核心CPI环比,core,56,https://www.investing.com/economic-calendar/core-cpi-56,2020-07-14,1594729800000,0.2,0.1,0.2%,0.1%,0.1,hot,1
Core CPI YoY,核心CPI同比,core,736,https://www.investing.com/economic-calendar/core-cpi-736,2020-07-14,1594729800000,1.2,1.1,1.2%,1.1%,0.09999999999999987,hot,1
Core PCE MoM,核心PCE环比,core,61,https://www.investing.com/economic-calendar/core-pce-price-index-61,2020-07-31,1596198600000,0.3,0.2,0.3%,0.2%,0.09999999999999998,hot,1
Core PCE YoY,核心PCE同比,core,905,https://www.investing.com/economic-calendar/core-pce-price-index-905,2020-07-31,1596198600000,1.1,1.0,1.1%,1.0%,0.10000000000000009,hot,1
CPI MoM,CPI环比,headline,69,https://uk.investing.com/economic-calendar/cp-69,2020-08-12,1597235400000,0.6,0.3,0.6%,0.3%,0.3,hot,1
CPI YoY,CPI同比,headline,733,https://www.investing.com/economic-calendar/cpi-733,2020-08-12,1597235400000,1.0,0.8,1.0%,0.8%,0.19999999999999996,hot,1
Core CPI MoM,核心CPI环比,core,56,https://www.investing.com/economic-calendar/core-cpi-56,2020-08-12,1597235400000,0.6,0.2,0.6%,0.2%,0.39999999999999997,hot,1
Core CPI YoY,核心CPI同比,core,736,https://www.investing.com/economic-calendar/core-cpi-736,2020-08-12,1597235400000,1.6,1.1,1.6%,1.1%,0.5,hot,1
Core PCE MoM,核心PCE环比,core,61,https://www.investing.com/economic-calendar/core-pce-price-index-61,2020-08-28,1598617800000,0.4,0.5,0.4%,0.5%,-0.09999999999999998,cool,1
Core PCE YoY,核心PCE同比,core,905,https://www.investing.com/economic-calendar/core-pce-price-index-905,2020-08-28,1598617800000,1.4,1.2,1.4%,1.2%,0.19999999999999996,hot,1
CPI MoM,CPI环比,headline,69,https://uk.investing.com/economic-calendar/cp-69,2020-09-11,1599827400000,0.4,0.3,0.4%,0.3%,0.10000000000000003,hot,1
CPI YoY,CPI同比,headline,733,https://www.investing.com/economic-calendar/cpi-733,2020-09-11,1599827400000,1.3,1.2,1.3%,1.2%,0.10000000000000009,hot,1
Core CPI MoM,核心CPI环比,core,56,https://www.investing.com/economic-calendar/core-cpi-56,2020-09-11,1599827400000,0.4,0.2,0.4%,0.2%,0.2,hot,1
Core CPI YoY,核心CPI同比,core,736,https://www.investing.com/economic-calendar/core-cpi-736,2020-09-11,1599827400000,1.7,1.6,1.7%,1.6%,0.09999999999999987,hot,1
Core PCE MoM,核心PCE环比,core,61,https://www.investing.com/economic-calendar/core-pce-price-index-61,2020-10-01,1601555400000,0.3,0.3,0.3%,0.3%,0.0,inline,1
Core PCE YoY,核心PCE同比,core,905,https://www.investing.com/economic-calendar/core-pce-price-index-905,2020-10-01,1601555400000,1.4,1.4,1.4%,1.4%,0.0,inline,1
CPI MoM,CPI环比,headline,69,https://uk.investing.com/economic-calendar/cp-69,2020-10-13,1602592200000,0.2,0.2,0.2%,0.2%,0.0,inline,1
CPI YoY,CPI同比,headline,733,https://www.investing.com/economic-calendar/cpi-733,2020-10-13,1602592200000,1.4,1.4,1.4%,1.4%,0.0,inline,1
Core CPI MoM,核心CPI环比,core,56,https://www.investing.com/economic-calendar/core-cpi-56,2020-10-13,1602592200000,0.2,0.2,0.2%,0.2%,0.0,inline,1
Core CPI YoY,核心CPI同比,core,736,https://www.investing.com/economic-calendar/core-cpi-736,2020-10-13,1602592200000,1.7,1.8,1.7%,1.8%,-0.10000000000000009,cool,1
Core PCE MoM,核心PCE环比,core,61,https://www.investing.com/economic-calendar/core-pce-price-index-61,2020-10-30,1604061000000,0.2,0.2,0.2%,0.2%,0.0,inline,1
Core PCE YoY,核心PCE同比,core,905,https://www.investing.com/economic-calendar/core-pce-price-index-905,2020-10-30,1604061000000,1.6,1.7,1.6%,1.7%,-0.09999999999999987,cool,1
CPI MoM,CPI环比,headline,69,https://uk.investing.com/economic-calendar/cp-69,2020-11-12,1605187800000,0.2,0.1,0.2%,0.1%,0.1,hot,1
CPI YoY,CPI同比,headline,733,https://www.investing.com/economic-calendar/cpi-733,2020-11-12,1605187800000,1.2,1.3,1.2%,1.3%,-0.10000000000000009,cool,1
Core CPI MoM,核心CPI环比,core,56,https://www.investing.com/economic-calendar/core-cpi-56,2020-11-12,1605187800000,0.2,0.2,0.2%,0.2%,0.0,inline,1
Core CPI YoY,核心CPI同比,core,736,https://www.investing.com/economic-calendar/core-cpi-736,2020-11-12,1605187800000,1.6,1.8,1.6%,1.8%,-0.19999999999999996,cool,1
Core PCE MoM,核心PCE环比,core,61,https://www.investing.com/economic-calendar/core-pce-price-index-61,2020-11-25,1606316400000,0.2,0.1,0.2%,0.1%,0.1,hot,1
Core PCE YoY,核心PCE同比,core,905,https://www.investing.com/economic-calendar/core-pce-price-index-905,2020-11-25,1606316400000,1.4,1.4,1.4%,1.4%,0.0,inline,1
CPI MoM,CPI环比,headline,69,https://uk.investing.com/economic-calendar/cp-69,2020-12-10,1607607000000,0.2,0.1,0.2%,0.1%,0.1,hot,1
CPI YoY,CPI同比,headline,733,https://www.investing.com/economic-calendar/cpi-733,2020-12-10,1607607000000,1.2,1.1,1.2%,1.1%,0.09999999999999987,hot,1
Core CPI MoM,核心CPI环比,core,56,https://www.investing.com/economic-calendar/core-cpi-56,2020-12-10,1607607000000,0.2,0.1,0.2%,0.1%,0.1,hot,1
Core CPI YoY,核心CPI同比,core,736,https://www.investing.com/economic-calendar/core-cpi-736,2020-12-10,1607607000000,1.6,1.6,1.6%,1.6%,0.0,inline,1
Core PCE MoM,核心PCE环比,core,61,https://www.investing.com/economic-calendar/core-pce-price-index-61,2020-12-23,1608730200000,0.0,0.1,0,0.1%,-0.1,cool,1
Core PCE YoY,核心PCE同比,core,905,https://www.investing.com/economic-calendar/core-pce-price-index-905,2020-12-23,1608730200000,1.4,1.5,1.4%,1.5%,-0.10000000000000009,cool,1
CPI MoM,CPI环比,headline,69,https://uk.investing.com/economic-calendar/cp-69,2021-01-13,1610544600000,0.2,0.4,0.2%,0.4%,-0.2,cool,1
CPI YoY,CPI同比,headline,733,https://www.investing.com/economic-calendar/cpi-733,2021-01-13,1610544600000,1.3,1.3,1.3%,1.3%,0.0,inline,1
Core CPI MoM,核心CPI环比,core,56,https://www.investing.com/economic-calendar/core-cpi-56,2021-01-13,1610544600000,0.1,0.1,0.1%,0.1%,0.0,inline,1
Core CPI YoY,核心CPI同比,core,736,https://www.investing.com/economic-calendar/core-cpi-736,2021-01-13,1610544600000,1.6,1.6,1.6%,1.6%,0.0,inline,1
Core PCE MoM,核心PCE环比,core,61,https://www.investing.com/economic-calendar/core-pce-price-index-61,2021-01-29,1611927000000,0.3,0.1,0.3%,0.1%,0.19999999999999998,hot,1
Core PCE YoY,核心PCE同比,core,905,https://www.investing.com/economic-calendar/core-pce-price-index-905,2021-01-29,1611927000000,1.4,1.3,1.4%,1.3%,0.09999999999999987,hot,1
CPI MoM,CPI环比,headline,69,https://uk.investing.com/economic-calendar/cp-69,2021-02-10,1612963800000,0.3,0.3,0.3%,0.3%,0.0,inline,1
CPI YoY,CPI同比,headline,733,https://www.investing.com/economic-calendar/cpi-733,2021-02-10,1612963800000,1.4,1.5,1.4%,1.5%,-0.10000000000000009,cool,1
Core CPI MoM,核心CPI环比,core,56,https://www.investing.com/economic-calendar/core-cpi-56,2021-02-10,1612963800000,0.1,0.2,0.1%,0.2%,-0.1,cool,1
Core CPI YoY,核心CPI同比,core,736,https://www.investing.com/economic-calendar/core-cpi-736,2021-02-10,1612963800000,1.4,1.5,1.4%,1.5%,-0.10000000000000009,cool,1
Core PCE MoM,核心PCE环比,core,61,https://www.investing.com/economic-calendar/core-pce-price-index-61,2021-02-26,1614346200000,0.2,0.2,0.2%,0.2%,0.0,inline,1
Core PCE YoY,核心PCE同比,core,905,https://www.investing.com/economic-calendar/core-pce-price-index-905,2021-02-26,1614346200000,1.5,1.4,1.5%,1.4%,0.10000000000000009,hot,1
CPI MoM,CPI环比,headline,69,https://uk.investing.com/economic-calendar/cp-69,2021-03-10,1615383000000,0.4,0.4,0.4%,0.4%,0.0,inline,1
CPI YoY,CPI同比,headline,733,https://www.investing.com/economic-calendar/cpi-733,2021-03-10,1615383000000,1.7,1.7,1.7%,1.7%,0.0,inline,1
Core CPI MoM,核心CPI环比,core,56,https://www.investing.com/economic-calendar/core-cpi-56,2021-03-10,1615383000000,0.1,0.2,0.1%,0.2%,-0.1,cool,1
Core CPI YoY,核心CPI同比,core,736,https://www.investing.com/economic-calendar/core-cpi-736,2021-03-10,1615383000000,1.3,1.4,1.3%,1.4%,-0.09999999999999987,cool,1
Core PCE MoM,核心PCE环比,core,61,https://www.investing.com/economic-calendar/core-pce-price-index-61,2021-03-26,1616765400000,0.1,0.1,0.1%,0.1%,0.0,inline,1
Core PCE YoY,核心PCE同比,core,905,https://www.investing.com/economic-calendar/core-pce-price-index-905,2021-03-26,1616765400000,1.4,1.5,1.4%,1.5%,-0.10000000000000009,cool,1
CPI MoM,CPI环比,headline,69,https://uk.investing.com/economic-calendar/cp-69,2021-04-13,1618317000000,0.6,0.5,0.6%,0.5%,0.09999999999999998,hot,1
CPI YoY,CPI同比,headline,733,https://www.investing.com/economic-calendar/cpi-733,2021-04-13,1618317000000,2.6,2.5,2.6%,2.5%,0.10000000000000009,hot,1
Core CPI MoM,核心CPI环比,core,56,https://www.investing.com/economic-calendar/core-cpi-56,2021-04-13,1618317000000,0.3,0.2,0.3%,0.2%,0.09999999999999998,hot,1
Core CPI YoY,核心CPI同比,core,736,https://www.investing.com/economic-calendar/core-cpi-736,2021-04-13,1618317000000,1.6,1.5,1.6%,1.5%,0.10000000000000009,hot,1
Core PCE MoM,核心PCE环比,core,61,https://www.investing.com/economic-calendar/core-pce-price-index-61,2021-04-30,1619785800000,0.4,0.3,0.4%,0.3%,0.10000000000000003,hot,1
Core PCE YoY,核心PCE同比,core,905,https://www.investing.com/economic-calendar/core-pce-price-index-905,2021-04-30,1619785800000,1.9,1.8,1.9%,1.8%,0.09999999999999987,hot,1
CPI MoM,CPI环比,headline,69,https://uk.investing.com/economic-calendar/cp-69,2021-05-12,1620822600000,0.8,0.2,0.8%,0.2%,0.6000000000000001,hot,1
CPI YoY,CPI同比,headline,733,https://www.investing.com/economic-calendar/cpi-733,2021-05-12,1620822600000,4.2,3.6,4.2%,3.6%,0.6000000000000001,hot,1
Core CPI MoM,核心CPI环比,core,56,https://www.investing.com/economic-calendar/core-cpi-56,2021-05-12,1620822600000,0.9,0.3,0.9%,0.3%,0.6000000000000001,hot,1
Core CPI YoY,核心CPI同比,core,736,https://www.investing.com/economic-calendar/core-cpi-736,2021-05-12,1620822600000,3.0,2.3,3.0%,2.3%,0.7000000000000002,hot,1
Core PCE MoM,核心PCE环比,core,61,https://www.investing.com/economic-calendar/core-pce-price-index-61,2021-05-28,1622205000000,0.7,0.6,0.7%,0.6%,0.09999999999999998,hot,1
Core PCE YoY,核心PCE同比,core,905,https://www.investing.com/economic-calendar/core-pce-price-index-905,2021-05-28,1622205000000,3.1,2.9,3.1%,2.9%,0.20000000000000018,hot,1
CPI MoM,CPI环比,headline,69,https://uk.investing.com/economic-calendar/cp-69,2021-06-10,1623328200000,0.6,0.4,0.6%,0.4%,0.19999999999999996,hot,1
CPI YoY,CPI同比,headline,733,https://www.investing.com/economic-calendar/cpi-733,2021-06-10,1623328200000,5.0,4.7,5.0%,4.7%,0.2999999999999998,hot,1
Core CPI MoM,核心CPI环比,core,56,https://www.investing.com/economic-calendar/core-cpi-56,2021-06-10,1623328200000,0.7,0.4,0.7%,0.4%,0.29999999999999993,hot,1
Core CPI YoY,核心CPI同比,core,736,https://www.investing.com/economic-calendar/core-cpi-736,2021-06-10,1623328200000,3.8,3.4,3.8%,3.4%,0.3999999999999999,hot,1
Core PCE MoM,核心PCE环比,core,61,https://www.investing.com/economic-calendar/core-pce-price-index-61,2021-06-25,1624624200000,0.5,0.6,0.5%,0.6%,-0.09999999999999998,cool,1
Core PCE YoY,核心PCE同比,core,905,https://www.investing.com/economic-calendar/core-pce-price-index-905,2021-06-25,1624624200000,3.4,3.4,3.4%,3.4%,0.0,inline,1
CPI MoM,CPI环比,headline,69,https://uk.investing.com/economic-calendar/cp-69,2021-07-13,1626179400000,0.9,0.5,0.9%,0.5%,0.4,hot,1
CPI YoY,CPI同比,headline,733,https://www.investing.com/economic-calendar/cpi-733,2021-07-13,1626179400000,5.4,4.9,5.4%,4.9%,0.5,hot,1
Core CPI MoM,核心CPI环比,core,56,https://www.investing.com/economic-calendar/core-cpi-56,2021-07-13,1626179400000,0.9,0.4,0.9%,0.4%,0.5,hot,1
Core CPI YoY,核心CPI同比,core,736,https://www.investing.com/economic-calendar/core-cpi-736,2021-07-13,1626179400000,4.5,4.0,4.5%,4.0%,0.5,hot,1
Core PCE MoM,核心PCE环比,core,61,https://www.investing.com/economic-calendar/core-pce-price-index-61,2021-07-30,1627648200000,0.5,0.6,0.5%,0.6%,-0.09999999999999998,cool,1
Core PCE YoY,核心PCE同比,core,905,https://www.investing.com/economic-calendar/core-pce-price-index-905,2021-07-30,1627648200000,3.6,3.7,3.6%,3.7%,-0.10000000000000009,cool,1
CPI MoM,CPI环比,headline,69,https://uk.investing.com/economic-calendar/cp-69,2021-08-11,1628685000000,0.5,0.5,0.5%,0.5%,0.0,inline,1
CPI YoY,CPI同比,headline,733,https://www.investing.com/economic-calendar/cpi-733,2021-08-11,1628685000000,5.4,5.3,5.4%,5.3%,0.10000000000000053,hot,1
Core CPI MoM,核心CPI环比,core,56,https://www.investing.com/economic-calendar/core-cpi-56,2021-08-11,1628685000000,0.3,0.4,0.3%,0.4%,-0.10000000000000003,cool,1
Core CPI YoY,核心CPI同比,core,736,https://www.investing.com/economic-calendar/core-cpi-736,2021-08-11,1628685000000,4.3,4.3,4.3%,4.3%,0.0,inline,1
Core PCE MoM,核心PCE环比,core,61,https://www.investing.com/economic-calendar/core-pce-price-index-61,2021-08-27,1630067400000,0.3,0.3,0.3%,0.3%,0.0,inline,1
Core PCE YoY,核心PCE同比,core,905,https://www.investing.com/economic-calendar/core-pce-price-index-905,2021-08-27,1630067400000,3.6,3.6,3.6%,3.6%,0.0,inline,1
CPI MoM,CPI环比,headline,69,https://uk.investing.com/economic-calendar/cp-69,2021-09-14,1631622600000,0.3,0.4,0.3%,0.4%,-0.10000000000000003,cool,1
CPI YoY,CPI同比,headline,733,https://www.investing.com/economic-calendar/cpi-733,2021-09-14,1631622600000,5.3,5.3,5.3%,5.3%,0.0,inline,1
Core CPI MoM,核心CPI环比,core,56,https://www.investing.com/economic-calendar/core-cpi-56,2021-09-14,1631622600000,0.1,0.3,0.1%,0.3%,-0.19999999999999998,cool,1
Core CPI YoY,核心CPI同比,core,736,https://www.investing.com/economic-calendar/core-cpi-736,2021-09-14,1631622600000,4.0,4.2,4.0%,4.2%,-0.20000000000000018,cool,1
Core PCE MoM,核心PCE环比,core,61,https://www.investing.com/economic-calendar/core-pce-price-index-61,2021-10-01,1633091400000,0.3,0.2,0.3%,0.2%,0.09999999999999998,hot,1
Core PCE YoY,核心PCE同比,core,905,https://www.investing.com/economic-calendar/core-pce-price-index-905,2021-10-01,1633091400000,3.6,3.6,3.6%,3.6%,0.0,inline,1
CPI MoM,CPI环比,headline,69,https://uk.investing.com/economic-calendar/cp-69,2021-10-13,1634128200000,0.4,0.3,0.4%,0.3%,0.10000000000000003,hot,1
CPI YoY,CPI同比,headline,733,https://www.investing.com/economic-calendar/cpi-733,2021-10-13,1634128200000,5.4,5.3,5.4%,5.3%,0.10000000000000053,hot,1
Core CPI MoM,核心CPI环比,core,56,https://www.investing.com/economic-calendar/core-cpi-56,2021-10-13,1634128200000,0.2,0.2,0.2%,0.2%,0.0,inline,1
Core CPI YoY,核心CPI同比,core,736,https://www.investing.com/economic-calendar/core-cpi-736,2021-10-13,1634128200000,4.0,4.0,4.0%,4.0%,0.0,inline,1
Core PCE MoM,核心PCE环比,core,61,https://www.investing.com/economic-calendar/core-pce-price-index-61,2021-10-29,1635510600000,0.2,0.2,0.2%,0.2%,0.0,inline,1
Core PCE YoY,核心PCE同比,core,905,https://www.investing.com/economic-calendar/core-pce-price-index-905,2021-10-29,1635510600000,3.7,3.7,3.7%,3.7%,0.0,inline,1
CPI MoM,CPI环比,headline,69,https://uk.investing.com/economic-calendar/cp-69,2021-11-10,1636551000000,0.9,0.6,0.9%,0.6%,0.30000000000000004,hot,1
CPI YoY,CPI同比,headline,733,https://www.investing.com/economic-calendar/cpi-733,2021-11-10,1636551000000,6.2,5.8,6.2%,5.8%,0.40000000000000036,hot,1
Core CPI MoM,核心CPI环比,core,56,https://www.investing.com/economic-calendar/core-cpi-56,2021-11-10,1636551000000,0.6,0.4,0.6%,0.4%,0.19999999999999996,hot,1
Core CPI YoY,核心CPI同比,core,736,https://www.investing.com/economic-calendar/core-cpi-736,2021-11-10,1636551000000,4.6,4.3,4.6%,4.3%,0.2999999999999998,hot,1
Core PCE MoM,核心PCE环比,core,61,https://www.investing.com/economic-calendar/core-pce-price-index-61,2021-11-24,1637766000000,0.5,0.4,0.5%,0.4%,0.09999999999999998,hot,1
Core PCE YoY,核心PCE同比,core,905,https://www.investing.com/economic-calendar/core-pce-price-index-905,2021-11-24,1637766000000,4.2,4.1,4.2%,4.1%,0.10000000000000053,hot,1
CPI MoM,CPI环比,headline,69,https://uk.investing.com/economic-calendar/cp-69,2021-12-10,1639143000000,0.8,0.7,0.8%,0.7%,0.10000000000000009,hot,1
CPI YoY,CPI同比,headline,733,https://www.investing.com/economic-calendar/cpi-733,2021-12-10,1639143000000,6.8,6.8,6.8%,6.8%,0.0,inline,1
Core CPI MoM,核心CPI环比,core,56,https://www.investing.com/economic-calendar/core-cpi-56,2021-12-10,1639143000000,0.5,0.5,0.5%,0.5%,0.0,inline,1
Core CPI YoY,核心CPI同比,core,736,https://www.investing.com/economic-calendar/core-cpi-736,2021-12-10,1639143000000,4.9,4.9,4.9%,4.9%,0.0,inline,1
Core PCE MoM,核心PCE环比,core,61,https://www.investing.com/economic-calendar/core-pce-price-index-61,2021-12-23,1640266200000,0.5,0.4,0.5%,0.4%,0.09999999999999998,hot,1
Core PCE YoY,核心PCE同比,core,905,https://www.investing.com/economic-calendar/core-pce-price-index-905,2021-12-23,1640266200000,4.7,4.5,4.7%,4.5%,0.20000000000000018,hot,1
CPI MoM,CPI环比,headline,69,https://uk.investing.com/economic-calendar/cp-69,2022-01-12,1641994200000,0.6,0.4,0.6%,0.4%,0.19999999999999996,hot,1
CPI YoY,CPI同比,headline,733,https://www.investing.com/economic-calendar/cpi-733,2022-01-12,1641994200000,7.0,7.0,7.0%,7.0%,0.0,inline,1
Core CPI MoM,核心CPI环比,core,56,https://www.investing.com/economic-calendar/core-cpi-56,2022-01-12,1641994200000,0.6,0.5,0.6%,0.5%,0.09999999999999998,hot,1
Core CPI YoY,核心CPI同比,core,736,https://www.investing.com/economic-calendar/core-cpi-736,2022-01-12,1641994200000,5.5,5.4,5.5%,5.4%,0.09999999999999964,hot,1
Core PCE MoM,核心PCE环比,core,61,https://www.investing.com/economic-calendar/core-pce-price-index-61,2022-01-28,1643376600000,0.5,0.5,0.5%,0.5%,0.0,inline,1
Core PCE YoY,核心PCE同比,core,905,https://www.investing.com/economic-calendar/core-pce-price-index-905,2022-01-28,1643376600000,4.9,4.8,4.9%,4.8%,0.10000000000000053,hot,1
CPI MoM,CPI环比,headline,69,https://uk.investing.com/economic-calendar/cp-69,2022-02-10,1644499800000,0.6,0.5,0.6%,0.5%,0.09999999999999998,hot,1
CPI YoY,CPI同比,headline,733,https://www.investing.com/economic-calendar/cpi-733,2022-02-10,1644499800000,7.5,7.3,7.5%,7.3%,0.20000000000000018,hot,1
Core CPI MoM,核心CPI环比,core,56,https://www.investing.com/economic-calendar/core-cpi-56,2022-02-10,1644499800000,0.6,0.5,0.6%,0.5%,0.09999999999999998,hot,1
Core CPI YoY,核心CPI同比,core,736,https://www.investing.com/economic-calendar/core-cpi-736,2022-02-10,1644499800000,6.0,5.9,6.0%,5.9%,0.09999999999999964,hot,1
Core PCE MoM,核心PCE环比,core,61,https://www.investing.com/economic-calendar/core-pce-price-index-61,2022-02-25,1645795800000,0.5,0.5,0.5%,0.5%,0.0,inline,1
Core PCE YoY,核心PCE同比,core,905,https://www.investing.com/economic-calendar/core-pce-price-index-905,2022-02-25,1645795800000,5.2,5.1,5.2%,5.1%,0.10000000000000053,hot,1
CPI MoM,CPI环比,headline,69,https://uk.investing.com/economic-calendar/cp-69,2022-03-10,1646919000000,0.8,0.8,0.8%,0.8%,0.0,inline,1
CPI YoY,CPI同比,headline,733,https://www.investing.com/economic-calendar/cpi-733,2022-03-10,1646919000000,7.9,7.9,7.9%,7.9%,0.0,inline,1
Core CPI MoM,核心CPI环比,core,56,https://www.investing.com/economic-calendar/core-cpi-56,2022-03-10,1646919000000,0.5,0.5,0.5%,0.5%,0.0,inline,1
Core CPI YoY,核心CPI同比,core,736,https://www.investing.com/economic-calendar/core-cpi-736,2022-03-10,1646919000000,6.4,5.9,6.4%,5.9%,0.5,hot,1
Core PCE MoM,核心PCE环比,core,61,https://www.investing.com/economic-calendar/core-pce-price-index-61,2022-03-31,1648729800000,0.3,0.4,0.3%,0.4%,-0.10000000000000003,cool,1
Core PCE YoY,核心PCE同比,core,905,https://www.investing.com/economic-calendar/core-pce-price-index-905,2022-03-31,1648729800000,5.3,5.5,5.3%,5.5%,-0.20000000000000018,cool,1
CPI MoM,CPI环比,headline,69,https://uk.investing.com/economic-calendar/cp-69,2022-04-12,1649766600000,1.2,1.2,1.2%,1.2%,0.0,inline,1
CPI YoY,CPI同比,headline,733,https://www.investing.com/economic-calendar/cpi-733,2022-04-12,1649766600000,8.5,8.4,8.5%,8.4%,0.09999999999999964,hot,1
Core CPI MoM,核心CPI环比,core,56,https://www.investing.com/economic-calendar/core-cpi-56,2022-04-12,1649766600000,0.3,0.5,0.3%,0.5%,-0.2,cool,1
Core CPI YoY,核心CPI同比,core,736,https://www.investing.com/economic-calendar/core-cpi-736,2022-04-12,1649766600000,6.5,6.6,6.5%,6.6%,-0.09999999999999964,cool,1
Core PCE MoM,核心PCE环比,core,61,https://www.investing.com/economic-calendar/core-pce-price-index-61,2022-04-29,1651235400000,0.3,0.3,0.3%,0.3%,0.0,inline,1
Core PCE YoY,核心PCE同比,core,905,https://www.investing.com/economic-calendar/core-pce-price-index-905,2022-04-29,1651235400000,5.2,5.3,5.2%,5.3%,-0.09999999999999964,cool,1
CPI MoM,CPI环比,headline,69,https://uk.investing.com/economic-calendar/cp-69,2022-05-11,1652272200000,0.3,0.2,0.3%,0.2%,0.09999999999999998,hot,1
CPI YoY,CPI同比,headline,733,https://www.investing.com/economic-calendar/cpi-733,2022-05-11,1652272200000,8.3,8.1,8.3%,8.1%,0.20000000000000107,hot,1
Core CPI MoM,核心CPI环比,core,56,https://www.investing.com/economic-calendar/core-cpi-56,2022-05-11,1652272200000,0.6,0.4,0.6%,0.4%,0.19999999999999996,hot,1
Core CPI YoY,核心CPI同比,core,736,https://www.investing.com/economic-calendar/core-cpi-736,2022-05-11,1652272200000,6.2,6.0,6.2%,6.0%,0.20000000000000018,hot,1
Core PCE MoM,核心PCE环比,core,61,https://www.investing.com/economic-calendar/core-pce-price-index-61,2022-05-27,1653654600000,0.3,0.3,0.3%,0.3%,0.0,inline,1
Core PCE YoY,核心PCE同比,core,905,https://www.investing.com/economic-calendar/core-pce-price-index-905,2022-05-27,1653654600000,4.9,4.9,4.9%,4.9%,0.0,inline,1
CPI MoM,CPI环比,headline,69,https://uk.investing.com/economic-calendar/cp-69,2022-06-10,1654864200000,1.0,0.7,1.0%,0.7%,0.30000000000000004,hot,1
CPI YoY,CPI同比,headline,733,https://www.investing.com/economic-calendar/cpi-733,2022-06-10,1654864200000,8.6,8.3,8.6%,8.3%,0.29999999999999893,hot,1
Core CPI MoM,核心CPI环比,core,56,https://www.investing.com/economic-calendar/core-cpi-56,2022-06-10,1654864200000,0.6,0.5,0.6%,0.5%,0.09999999999999998,hot,1
Core CPI YoY,核心CPI同比,core,736,https://www.investing.com/economic-calendar/core-cpi-736,2022-06-10,1654864200000,6.0,5.9,6.0%,5.9%,0.09999999999999964,hot,1
Core PCE MoM,核心PCE环比,core,61,https://www.investing.com/economic-calendar/core-pce-price-index-61,2022-06-30,1656592200000,0.3,0.4,0.3%,0.4%,-0.10000000000000003,cool,1
Core PCE YoY,核心PCE同比,core,905,https://www.investing.com/economic-calendar/core-pce-price-index-905,2022-06-30,1656592200000,4.7,4.8,4.7%,4.8%,-0.09999999999999964,cool,1
CPI MoM,CPI环比,headline,69,https://uk.investing.com/economic-calendar/cp-69,2022-07-13,1657715400000,1.3,1.1,1.3%,1.1%,0.19999999999999996,hot,1
CPI YoY,CPI同比,headline,733,https://www.investing.com/economic-calendar/cpi-733,2022-07-13,1657715400000,9.1,8.8,9.1%,8.8%,0.29999999999999893,hot,1
Core CPI MoM,核心CPI环比,core,56,https://www.investing.com/economic-calendar/core-cpi-56,2022-07-13,1657715400000,0.7,0.6,0.7%,0.6%,0.09999999999999998,hot,1
Core CPI YoY,核心CPI同比,core,736,https://www.investing.com/economic-calendar/core-cpi-736,2022-07-13,1657715400000,5.9,5.7,5.9%,5.7%,0.20000000000000018,hot,1
Core PCE MoM,核心PCE环比,core,61,https://www.investing.com/economic-calendar/core-pce-price-index-61,2022-07-29,1659097800000,0.6,0.5,0.6%,0.5%,0.09999999999999998,hot,1
Core PCE YoY,核心PCE同比,core,905,https://www.investing.com/economic-calendar/core-pce-price-index-905,2022-07-29,1659097800000,4.8,4.7,4.8%,4.7%,0.09999999999999964,hot,1
PCE YoY,PCE同比,headline,906,https://www.investing.com/economic-calendar/pce-price-index-906,2022-07-29,1659097800000,6.8,6.8,6.8%,6.8%,0.0,inline,1
CPI MoM,CPI环比,headline,69,https://uk.investing.com/economic-calendar/cp-69,2022-08-10,1660134600000,0.0,0.2,0.0%,0.2%,-0.2,cool,1
CPI YoY,CPI同比,headline,733,https://www.investing.com/economic-calendar/cpi-733,2022-08-10,1660134600000,8.5,8.7,8.5%,8.7%,-0.1999999999999993,cool,1
Core CPI MoM,核心CPI环比,core,56,https://www.investing.com/economic-calendar/core-cpi-56,2022-08-10,1660134600000,0.3,0.5,0.3%,0.5%,-0.2,cool,1
Core CPI YoY,核心CPI同比,core,736,https://www.investing.com/economic-calendar/core-cpi-736,2022-08-10,1660134600000,5.9,6.1,5.9%,6.1%,-0.1999999999999993,cool,1
Core PCE MoM,核心PCE环比,core,61,https://www.investing.com/economic-calendar/core-pce-price-index-61,2022-08-26,1661517000000,0.1,0.3,0.1%,0.3%,-0.19999999999999998,cool,1
Core PCE YoY,核心PCE同比,core,905,https://www.investing.com/economic-calendar/core-pce-price-index-905,2022-08-26,1661517000000,4.7,4.7,4.7%,4.7%,0.0,inline,1
CPI MoM,CPI环比,headline,69,https://uk.investing.com/economic-calendar/cp-69,2022-09-13,1663072200000,0.2,-0.1,0.2%,-0.1%,0.30000000000000004,hot,1
CPI YoY,CPI同比,headline,733,https://www.investing.com/economic-calendar/cpi-733,2022-09-13,1663072200000,8.2,8.1,8.2%,8.1%,0.09999999999999964,hot,1
Core CPI MoM,核心CPI环比,core,56,https://www.investing.com/economic-calendar/core-cpi-56,2022-09-13,1663072200000,0.6,0.3,0.6%,0.3%,0.3,hot,1
Core CPI YoY,核心CPI同比,core,736,https://www.investing.com/economic-calendar/core-cpi-736,2022-09-13,1663072200000,6.3,6.1,6.3%,6.1%,0.20000000000000018,hot,1
Core PCE MoM,核心PCE环比,core,61,https://www.investing.com/economic-calendar/core-pce-price-index-61,2022-09-30,1664541000000,0.5,0.5,0.5%,0.5%,0.0,inline,1
Core PCE YoY,核心PCE同比,core,905,https://www.investing.com/economic-calendar/core-pce-price-index-905,2022-09-30,1664541000000,4.9,4.7,4.9%,4.7%,0.20000000000000018,hot,1
CPI MoM,CPI环比,headline,69,https://uk.investing.com/economic-calendar/cp-69,2022-10-13,1665664200000,0.4,0.2,0.4%,0.2%,0.2,hot,1
CPI YoY,CPI同比,headline,733,https://www.investing.com/economic-calendar/cpi-733,2022-10-13,1665664200000,8.2,8.1,8.2%,8.1%,0.09999999999999964,hot,1
Core CPI MoM,核心CPI环比,core,56,https://www.investing.com/economic-calendar/core-cpi-56,2022-10-13,1665664200000,0.6,0.5,0.6%,0.5%,0.09999999999999998,hot,1
Core CPI YoY,核心CPI同比,core,736,https://www.investing.com/economic-calendar/core-cpi-736,2022-10-13,1665664200000,6.6,6.5,6.6%,6.5%,0.09999999999999964,hot,1
Core PCE MoM,核心PCE环比,core,61,https://www.investing.com/economic-calendar/core-pce-price-index-61,2022-10-28,1666960200000,0.5,0.5,0.5%,0.5%,0.0,inline,1
Core PCE YoY,核心PCE同比,core,905,https://www.investing.com/economic-calendar/core-pce-price-index-905,2022-10-28,1666960200000,5.2,5.2,5.2%,5.2%,0.0,inline,1
CPI MoM,CPI环比,headline,69,https://uk.investing.com/economic-calendar/cp-69,2022-11-10,1668087000000,0.5,0.6,0.5%,0.6%,-0.09999999999999998,cool,1
CPI YoY,CPI同比,headline,733,https://www.investing.com/economic-calendar/cpi-733,2022-11-10,1668087000000,7.8,8.0,7.8%,8.0%,-0.20000000000000018,cool,1
Core CPI MoM,核心CPI环比,core,56,https://www.investing.com/economic-calendar/core-cpi-56,2022-11-10,1668087000000,0.3,0.5,0.3%,0.5%,-0.2,cool,1
Core CPI YoY,核心CPI同比,core,736,https://www.investing.com/economic-calendar/core-cpi-736,2022-11-10,1668087000000,6.3,6.5,6.3%,6.5%,-0.20000000000000018,cool,1
Core PCE MoM,核心PCE环比,core,61,https://www.investing.com/economic-calendar/core-pce-price-index-61,2022-12-01,1669901400000,0.3,0.3,0.3%,0.3%,0.0,inline,1
Core PCE YoY,核心PCE同比,core,905,https://www.investing.com/economic-calendar/core-pce-price-index-905,2022-12-01,1669901400000,5.0,5.0,5.0%,5.0%,0.0,inline,1
PCE YoY,PCE同比,headline,906,https://www.investing.com/economic-calendar/pce-price-index-906,2022-12-01,1669901400000,6.1,6.0,6.1%,6.0%,0.09999999999999964,hot,1
CPI MoM,CPI环比,headline,69,https://uk.investing.com/economic-calendar/cp-69,2022-12-13,1670938200000,0.2,0.3,0.2%,0.3%,-0.09999999999999998,cool,1
CPI YoY,CPI同比,headline,733,https://www.investing.com/economic-calendar/cpi-733,2022-12-13,1670938200000,7.1,7.3,7.1%,7.3%,-0.20000000000000018,cool,1
Core CPI MoM,核心CPI环比,core,56,https://www.investing.com/economic-calendar/core-cpi-56,2022-12-13,1670938200000,0.3,0.3,0.3%,0.3%,0.0,inline,1
Core CPI YoY,核心CPI同比,core,736,https://www.investing.com/economic-calendar/core-cpi-736,2022-12-13,1670938200000,6.0,6.1,6.0%,6.1%,-0.09999999999999964,cool,1
Core PCE MoM,核心PCE环比,core,61,https://www.investing.com/economic-calendar/core-pce-price-index-61,2022-12-23,1671802200000,0.2,0.2,0.2%,0.2%,0.0,inline,1
Core PCE YoY,核心PCE同比,core,905,https://www.investing.com/economic-calendar/core-pce-price-index-905,2022-12-23,1671802200000,4.7,4.7,4.7%,4.7%,0.0,inline,1
CPI MoM,CPI环比,headline,69,https://uk.investing.com/economic-calendar/cp-69,2023-01-12,1673530200000,0.1,0.0,0.1%,0.0%,0.1,hot,1
CPI YoY,CPI同比,headline,733,https://www.investing.com/economic-calendar/cpi-733,2023-01-12,1673530200000,6.5,6.5,6.5%,6.5%,0.0,inline,1
Core CPI MoM,核心CPI环比,core,56,https://www.investing.com/economic-calendar/core-cpi-56,2023-01-12,1673530200000,0.4,0.3,0.4%,0.3%,0.10000000000000003,hot,1
Core CPI YoY,核心CPI同比,core,736,https://www.investing.com/economic-calendar/core-cpi-736,2023-01-12,1673530200000,5.7,5.7,5.7%,5.7%,0.0,inline,1
Core PCE MoM,核心PCE环比,core,61,https://www.investing.com/economic-calendar/core-pce-price-index-61,2023-01-27,1674826200000,0.4,0.3,0.4%,0.3%,0.10000000000000003,hot,1
Core PCE YoY,核心PCE同比,core,905,https://www.investing.com/economic-calendar/core-pce-price-index-905,2023-01-27,1674826200000,4.6,4.4,4.6%,4.4%,0.1999999999999993,hot,1
PCE YoY,PCE同比,headline,906,https://www.investing.com/economic-calendar/pce-price-index-906,2023-01-27,1674826200000,5.3,5.5,5.3%,5.5%,-0.20000000000000018,cool,1
CPI MoM,CPI环比,headline,69,https://uk.investing.com/economic-calendar/cp-69,2023-02-14,1676381400000,0.5,0.5,0.5%,0.5%,0.0,inline,1
CPI YoY,CPI同比,headline,733,https://www.investing.com/economic-calendar/cpi-733,2023-02-14,1676381400000,6.4,6.2,6.4%,6.2%,0.20000000000000018,hot,1
Core CPI MoM,核心CPI环比,core,56,https://www.investing.com/economic-calendar/core-cpi-56,2023-02-14,1676381400000,0.4,0.4,0.4%,0.4%,0.0,inline,1
Core CPI YoY,核心CPI同比,core,736,https://www.investing.com/economic-calendar/core-cpi-736,2023-02-14,1676381400000,5.6,5.5,5.6%,5.5%,0.09999999999999964,hot,1
Core PCE MoM,核心PCE环比,core,61,https://www.investing.com/economic-calendar/core-pce-price-index-61,2023-02-24,1677245400000,0.5,0.4,0.5%,0.4%,0.09999999999999998,hot,1
Core PCE YoY,核心PCE同比,core,905,https://www.investing.com/economic-calendar/core-pce-price-index-905,2023-02-24,1677245400000,4.7,4.3,4.7%,4.3%,0.40000000000000036,hot,1
PCE YoY,PCE同比,headline,906,https://www.investing.com/economic-calendar/pce-price-index-906,2023-02-24,1677245400000,5.3,5.0,5.3%,5.0%,0.2999999999999998,hot,1
CPI MoM,CPI环比,headline,69,https://uk.investing.com/economic-calendar/cp-69,2023-03-14,1678797000000,0.4,0.4,0.4%,0.4%,0.0,inline,1
CPI YoY,CPI同比,headline,733,https://www.investing.com/economic-calendar/cpi-733,2023-03-14,1678797000000,6.0,6.0,6.0%,6.0%,0.0,inline,1
Core CPI MoM,核心CPI环比,core,56,https://www.investing.com/economic-calendar/core-cpi-56,2023-03-14,1678797000000,0.5,0.4,0.5%,0.4%,0.09999999999999998,hot,1
Core CPI YoY,核心CPI同比,core,736,https://www.investing.com/economic-calendar/core-cpi-736,2023-03-14,1678797000000,5.5,5.5,5.5%,5.5%,0.0,inline,1
Core PCE MoM,核心PCE环比,core,61,https://www.investing.com/economic-calendar/core-pce-price-index-61,2023-03-31,1680265800000,0.3,0.4,0.3%,0.4%,-0.10000000000000003,cool,1
Core PCE YoY,核心PCE同比,core,905,https://www.investing.com/economic-calendar/core-pce-price-index-905,2023-03-31,1680265800000,4.7,4.7,4.7%,4.7%,0.0,inline,1
PCE YoY,PCE同比,headline,906,https://www.investing.com/economic-calendar/pce-price-index-906,2023-03-31,1680265800000,5.1,5.1,5.1%,5.1%,0.0,inline,1
CPI MoM,CPI环比,headline,69,https://uk.investing.com/economic-calendar/cp-69,2023-04-12,1681302600000,0.1,0.2,0.1%,0.2%,-0.1,cool,1
CPI YoY,CPI同比,headline,733,https://www.investing.com/economic-calendar/cpi-733,2023-04-12,1681302600000,5.0,5.2,5.0%,5.2%,-0.20000000000000018,cool,1
Core CPI MoM,核心CPI环比,core,56,https://www.investing.com/economic-calendar/core-cpi-56,2023-04-12,1681302600000,0.4,0.4,0.4%,0.4%,0.0,inline,1
Core CPI YoY,核心CPI同比,core,736,https://www.investing.com/economic-calendar/core-cpi-736,2023-04-12,1681302600000,5.6,5.6,5.6%,5.6%,0.0,inline,1
Core PCE MoM,核心PCE环比,core,61,https://www.investing.com/economic-calendar/core-pce-price-index-61,2023-04-28,1682685000000,0.3,0.3,0.3%,0.3%,0.0,inline,1
Core PCE YoY,核心PCE同比,core,905,https://www.investing.com/economic-calendar/core-pce-price-index-905,2023-04-28,1682685000000,4.6,4.5,4.6%,4.5%,0.09999999999999964,hot,1
CPI MoM,CPI环比,headline,69,https://uk.investing.com/economic-calendar/cp-69,2023-05-10,1683721800000,0.4,0.4,0.4%,0.4%,0.0,inline,1
CPI YoY,CPI同比,headline,733,https://www.investing.com/economic-calendar/cpi-733,2023-05-10,1683721800000,4.9,5.0,4.9%,5.0%,-0.09999999999999964,cool,1
Core CPI MoM,核心CPI环比,core,56,https://www.investing.com/economic-calendar/core-cpi-56,2023-05-10,1683721800000,0.4,0.4,0.4%,0.4%,0.0,inline,1
Core CPI YoY,核心CPI同比,core,736,https://www.investing.com/economic-calendar/core-cpi-736,2023-05-10,1683721800000,5.5,5.5,5.5%,5.5%,0.0,inline,1
Core PCE MoM,核心PCE环比,core,61,https://www.investing.com/economic-calendar/core-pce-price-index-61,2023-05-26,1685104200000,0.4,0.3,0.4%,0.3%,0.10000000000000003,hot,1
Core PCE YoY,核心PCE同比,core,905,https://www.investing.com/economic-calendar/core-pce-price-index-905,2023-05-26,1685104200000,4.7,4.6,4.7%,4.6%,0.10000000000000053,hot,1
PCE YoY,PCE同比,headline,906,https://www.investing.com/economic-calendar/pce-price-index-906,2023-05-26,1685104200000,4.3,3.9,4.3%,3.9%,0.3999999999999999,hot,1
CPI MoM,CPI环比,headline,69,https://uk.investing.com/economic-calendar/cp-69,2023-06-13,1686659400000,0.1,0.2,0.1%,0.2%,-0.1,cool,1
CPI YoY,CPI同比,headline,733,https://www.investing.com/economic-calendar/cpi-733,2023-06-13,1686659400000,4.0,4.1,4.0%,4.1%,-0.09999999999999964,cool,1
Core CPI MoM,核心CPI环比,core,56,https://www.investing.com/economic-calendar/core-cpi-56,2023-06-13,1686659400000,0.4,0.4,0.4%,0.4%,0.0,inline,1
Core CPI YoY,核心CPI同比,core,736,https://www.investing.com/economic-calendar/core-cpi-736,2023-06-13,1686659400000,5.3,5.3,5.3%,5.3%,0.0,inline,1
Core PCE MoM,核心PCE环比,core,61,https://www.investing.com/economic-calendar/core-pce-price-index-61,2023-06-30,1688128200000,0.3,0.3,0.3%,0.3%,0.0,inline,1
Core PCE YoY,核心PCE同比,core,905,https://www.investing.com/economic-calendar/core-pce-price-index-905,2023-06-30,1688128200000,4.6,4.7,4.6%,4.7%,-0.10000000000000053,cool,1
PCE YoY,PCE同比,headline,906,https://www.investing.com/economic-calendar/pce-price-index-906,2023-06-30,1688128200000,3.8,4.6,3.8%,4.6%,-0.7999999999999998,cool,1
CPI MoM,CPI环比,headline,69,https://uk.investing.com/economic-calendar/cp-69,2023-07-12,1689165000000,0.2,0.3,0.2%,0.3%,-0.09999999999999998,cool,1
CPI YoY,CPI同比,headline,733,https://www.investing.com/economic-calendar/cpi-733,2023-07-12,1689165000000,3.0,3.1,3.0%,3.1%,-0.10000000000000009,cool,1
Core CPI MoM,核心CPI环比,core,56,https://www.investing.com/economic-calendar/core-cpi-56,2023-07-12,1689165000000,0.2,0.3,0.2%,0.3%,-0.09999999999999998,cool,1
Core CPI YoY,核心CPI同比,core,736,https://www.investing.com/economic-calendar/core-cpi-736,2023-07-12,1689165000000,4.8,5.0,4.8%,5.0%,-0.20000000000000018,cool,1
Core PCE MoM,核心PCE环比,core,61,https://www.investing.com/economic-calendar/core-pce-price-index-61,2023-07-28,1690547400000,0.2,0.2,0.2%,0.2%,0.0,inline,1
Core PCE YoY,核心PCE同比,core,905,https://www.investing.com/economic-calendar/core-pce-price-index-905,2023-07-28,1690547400000,4.1,4.2,4.1%,4.2%,-0.10000000000000053,cool,1
PCE YoY,PCE同比,headline,906,https://www.investing.com/economic-calendar/pce-price-index-906,2023-07-28,1690547400000,3.0,3.1,3.0%,3.1%,-0.10000000000000009,cool,1
CPI MoM,CPI环比,headline,69,https://uk.investing.com/economic-calendar/cp-69,2023-08-10,1691670600000,0.2,0.2,0.2%,0.2%,0.0,inline,1
CPI YoY,CPI同比,headline,733,https://www.investing.com/economic-calendar/cpi-733,2023-08-10,1691670600000,3.2,3.3,3.2%,3.3%,-0.09999999999999964,cool,1
Core CPI MoM,核心CPI环比,core,56,https://www.investing.com/economic-calendar/core-cpi-56,2023-08-10,1691670600000,0.2,0.2,0.2%,0.2%,0.0,inline,1
Core CPI YoY,核心CPI同比,core,736,https://www.investing.com/economic-calendar/core-cpi-736,2023-08-10,1691670600000,4.7,4.8,4.7%,4.8%,-0.09999999999999964,cool,1
Core PCE MoM,核心PCE环比,core,61,https://www.investing.com/economic-calendar/core-pce-price-index-61,2023-08-31,1693485000000,0.2,0.2,0.2%,0.2%,0.0,inline,1
Core PCE YoY,核心PCE同比,core,905,https://www.investing.com/economic-calendar/core-pce-price-index-905,2023-08-31,1693485000000,4.3,4.2,4.3%,4.2%,0.09999999999999964,hot,1
PCE YoY,PCE同比,headline,906,https://www.investing.com/economic-calendar/pce-price-index-906,2023-08-31,1693485000000,3.4,3.3,3.4%,3.3%,0.10000000000000009,hot,1
CPI MoM,CPI环比,headline,69,https://uk.investing.com/economic-calendar/cp-69,2023-09-13,1694608200000,0.5,0.6,0.5%,0.6%,-0.09999999999999998,cool,1
CPI YoY,CPI同比,headline,733,https://www.investing.com/economic-calendar/cpi-733,2023-09-13,1694608200000,3.7,3.6,3.7%,3.6%,0.10000000000000009,hot,1
Core CPI MoM,核心CPI环比,core,56,https://www.investing.com/economic-calendar/core-cpi-56,2023-09-13,1694608200000,0.3,0.2,0.3%,0.2%,0.09999999999999998,hot,1
Core CPI YoY,核心CPI同比,core,736,https://www.investing.com/economic-calendar/core-cpi-736,2023-09-13,1694608200000,4.3,4.3,4.3%,4.3%,0.0,inline,1
Core PCE MoM,核心PCE环比,core,61,https://www.investing.com/economic-calendar/core-pce-price-index-61,2023-09-29,1695990600000,0.1,0.2,0.1%,0.2%,-0.1,cool,1
Core PCE YoY,核心PCE同比,core,905,https://www.investing.com/economic-calendar/core-pce-price-index-905,2023-09-29,1695990600000,3.8,3.9,3.8%,3.9%,-0.10000000000000009,cool,1
PCE YoY,PCE同比,headline,906,https://www.investing.com/economic-calendar/pce-price-index-906,2023-09-29,1695990600000,3.4,3.5,3.4%,3.5%,-0.10000000000000009,cool,1
CPI MoM,CPI环比,headline,69,https://uk.investing.com/economic-calendar/cp-69,2023-10-12,1697113800000,0.4,0.3,0.4%,0.3%,0.10000000000000003,hot,1
CPI YoY,CPI同比,headline,733,https://www.investing.com/economic-calendar/cpi-733,2023-10-12,1697113800000,3.7,3.6,3.7%,3.6%,0.10000000000000009,hot,1
Core CPI MoM,核心CPI环比,core,56,https://www.investing.com/economic-calendar/core-cpi-56,2023-10-12,1697113800000,0.3,0.3,0.3%,0.3%,0.0,inline,1
Core CPI YoY,核心CPI同比,core,736,https://www.investing.com/economic-calendar/core-cpi-736,2023-10-12,1697113800000,4.1,4.1,4.1%,4.1%,0.0,inline,1
Core PCE MoM,核心PCE环比,core,61,https://www.investing.com/economic-calendar/core-pce-price-index-61,2023-10-27,1698409800000,0.3,0.3,0.3%,0.3%,0.0,inline,1
Core PCE YoY,核心PCE同比,core,905,https://www.investing.com/economic-calendar/core-pce-price-index-905,2023-10-27,1698409800000,3.7,3.7,3.7%,3.7%,0.0,inline,1
PCE YoY,PCE同比,headline,906,https://www.investing.com/economic-calendar/pce-price-index-906,2023-10-27,1698409800000,3.4,3.4,3.4%,3.4%,0.0,inline,1
CPI MoM,CPI环比,headline,69,https://uk.investing.com/economic-calendar/cp-69,2023-11-14,1699968600000,0.1,0.1,0.1%,0.1%,0.0,inline,1
CPI YoY,CPI同比,headline,733,https://www.investing.com/economic-calendar/cpi-733,2023-11-14,1699968600000,3.2,3.3,3.2%,3.3%,-0.09999999999999964,cool,1
Core CPI MoM,核心CPI环比,core,56,https://www.investing.com/economic-calendar/core-cpi-56,2023-11-14,1699968600000,0.2,0.3,0.2%,0.3%,-0.09999999999999998,cool,1
Core CPI YoY,核心CPI同比,core,736,https://www.investing.com/economic-calendar/core-cpi-736,2023-11-14,1699968600000,4.0,4.1,4.0%,4.1%,-0.09999999999999964,cool,1
Core PCE MoM,核心PCE环比,core,61,https://www.investing.com/economic-calendar/core-pce-price-index-61,2023-11-30,1701351000000,0.1,0.2,0.1%,0.2%,-0.1,cool,1
Core PCE YoY,核心PCE同比,core,905,https://www.investing.com/economic-calendar/core-pce-price-index-905,2023-11-30,1701351000000,3.4,3.5,3.4%,3.5%,-0.10000000000000009,cool,1
PCE YoY,PCE同比,headline,906,https://www.investing.com/economic-calendar/pce-price-index-906,2023-11-30,1701351000000,2.9,3.0,2.9%,3.0%,-0.10000000000000009,cool,1
CPI MoM,CPI环比,headline,69,https://uk.investing.com/economic-calendar/cp-69,2023-12-12,1702387800000,0.2,0.0,0.2%,0.0%,0.2,hot,1
CPI YoY,CPI同比,headline,733,https://www.investing.com/economic-calendar/cpi-733,2023-12-12,1702387800000,3.1,3.1,3.1%,3.1%,0.0,inline,1
Core CPI MoM,核心CPI环比,core,56,https://www.investing.com/economic-calendar/core-cpi-56,2023-12-12,1702387800000,0.3,0.3,0.3%,0.3%,0.0,inline,1
Core CPI YoY,核心CPI同比,core,736,https://www.investing.com/economic-calendar/core-cpi-736,2023-12-12,1702387800000,4.0,4.0,4.0%,4.0%,0.0,inline,1
Core PCE MoM,核心PCE环比,core,61,https://www.investing.com/economic-calendar/core-pce-price-index-61,2023-12-22,1703251800000,0.1,0.2,0.1%,0.2%,-0.1,cool,1
Core PCE YoY,核心PCE同比,core,905,https://www.investing.com/economic-calendar/core-pce-price-index-905,2023-12-22,1703251800000,3.2,3.3,3.2%,3.3%,-0.09999999999999964,cool,1
PCE YoY,PCE同比,headline,906,https://www.investing.com/economic-calendar/pce-price-index-906,2023-12-22,1703251800000,2.6,2.8,2.6%,2.8%,-0.19999999999999973,cool,1
CPI MoM,CPI环比,headline,69,https://uk.investing.com/economic-calendar/cp-69,2024-01-11,1704979800000,0.2,0.2,0.2%,0.2%,0.0,inline,1
CPI YoY,CPI同比,headline,733,https://www.investing.com/economic-calendar/cpi-733,2024-01-11,1704979800000,3.4,3.2,3.4%,3.2%,0.19999999999999973,hot,1
Core CPI MoM,核心CPI环比,core,56,https://www.investing.com/economic-calendar/core-cpi-56,2024-01-11,1704979800000,0.3,0.3,0.3%,0.3%,0.0,inline,1
Core CPI YoY,核心CPI同比,core,736,https://www.investing.com/economic-calendar/core-cpi-736,2024-01-11,1704979800000,3.9,3.8,3.9%,3.8%,0.10000000000000009,hot,1
Core PCE MoM,核心PCE环比,core,61,https://www.investing.com/economic-calendar/core-pce-price-index-61,2024-01-26,1706275800000,0.1,0.2,0.1%,0.2%,-0.1,cool,1
Core PCE YoY,核心PCE同比,core,905,https://www.investing.com/economic-calendar/core-pce-price-index-905,2024-01-26,1706275800000,2.9,3.0,2.9%,3.0%,-0.10000000000000009,cool,1
PCE YoY,PCE同比,headline,906,https://www.investing.com/economic-calendar/pce-price-index-906,2024-01-26,1706275800000,2.6,2.6,2.6%,2.6%,0.0,inline,1
CPI MoM,CPI环比,headline,69,https://uk.investing.com/economic-calendar/cp-69,2024-02-13,1707831000000,0.3,0.2,0.3%,0.2%,0.09999999999999998,hot,1
CPI YoY,CPI同比,headline,733,https://www.investing.com/economic-calendar/cpi-733,2024-02-13,1707831000000,3.1,2.9,3.1%,2.9%,0.20000000000000018,hot,1
Core CPI MoM,核心CPI环比,core,56,https://www.investing.com/economic-calendar/core-cpi-56,2024-02-13,1707831000000,0.4,0.3,0.4%,0.3%,0.10000000000000003,hot,1
Core CPI YoY,核心CPI同比,core,736,https://www.investing.com/economic-calendar/core-cpi-736,2024-02-13,1707831000000,3.9,3.7,3.9%,3.7%,0.19999999999999973,hot,1
Core PCE MoM,核心PCE环比,core,61,https://www.investing.com/economic-calendar/core-pce-price-index-61,2024-02-29,1709213400000,0.5,0.4,0.5%,0.4%,0.09999999999999998,hot,1
Core PCE YoY,核心PCE同比,core,905,https://www.investing.com/economic-calendar/core-pce-price-index-905,2024-02-29,1709213400000,2.9,2.8,2.9%,2.8%,0.10000000000000009,hot,1
PCE YoY,PCE同比,headline,906,https://www.investing.com/economic-calendar/pce-price-index-906,2024-02-29,1709213400000,2.4,2.4,2.4%,2.4%,0.0,inline,1
CPI MoM,CPI环比,headline,69,https://uk.investing.com/economic-calendar/cp-69,2024-03-12,1710246600000,0.4,0.4,0.4%,0.4%,0.0,inline,1
CPI YoY,CPI同比,headline,733,https://www.investing.com/economic-calendar/cpi-733,2024-03-12,1710246600000,3.2,3.1,3.2%,3.1%,0.10000000000000009,hot,1
Core CPI MoM,核心CPI环比,core,56,https://www.investing.com/economic-calendar/core-cpi-56,2024-03-12,1710246600000,0.4,0.3,0.4%,0.3%,0.10000000000000003,hot,1
Core CPI YoY,核心CPI同比,core,736,https://www.investing.com/economic-calendar/core-cpi-736,2024-03-12,1710246600000,3.8,3.7,3.8%,3.7%,0.09999999999999964,hot,1
Core PCE MoM,核心PCE环比,core,61,https://www.investing.com/economic-calendar/core-pce-price-index-61,2024-03-29,1711715400000,0.3,0.3,0.3%,0.3%,0.0,inline,1
Core PCE YoY,核心PCE同比,core,905,https://www.investing.com/economic-calendar/core-pce-price-index-905,2024-03-29,1711715400000,2.8,2.8,2.8%,2.8%,0.0,inline,1
PCE YoY,PCE同比,headline,906,https://www.investing.com/economic-calendar/pce-price-index-906,2024-03-29,1711715400000,2.5,2.5,2.5%,2.5%,0.0,inline,1
CPI MoM,CPI环比,headline,69,https://uk.investing.com/economic-calendar/cp-69,2024-04-10,1712752200000,0.4,0.3,0.4%,0.3%,0.10000000000000003,hot,1
CPI YoY,CPI同比,headline,733,https://www.investing.com/economic-calendar/cpi-733,2024-04-10,1712752200000,3.5,3.4,3.5%,3.4%,0.10000000000000009,hot,1
Core CPI MoM,核心CPI环比,core,56,https://www.investing.com/economic-calendar/core-cpi-56,2024-04-10,1712752200000,0.4,0.3,0.4%,0.3%,0.10000000000000003,hot,1
Core CPI YoY,核心CPI同比,core,736,https://www.investing.com/economic-calendar/core-cpi-736,2024-04-10,1712752200000,3.8,3.7,3.8%,3.7%,0.09999999999999964,hot,1
Core PCE MoM,核心PCE环比,core,61,https://www.investing.com/economic-calendar/core-pce-price-index-61,2024-04-26,1714134600000,0.3,0.3,0.3%,0.3%,0.0,inline,1
Core PCE YoY,核心PCE同比,core,905,https://www.investing.com/economic-calendar/core-pce-price-index-905,2024-04-26,1714134600000,2.8,2.6,2.8%,2.6%,0.19999999999999973,hot,1
PCE YoY,PCE同比,headline,906,https://www.investing.com/economic-calendar/pce-price-index-906,2024-04-26,1714134600000,2.7,2.6,2.7%,2.6%,0.10000000000000009,hot,1
CPI MoM,CPI环比,headline,69,https://uk.investing.com/economic-calendar/cp-69,2024-05-15,1715776200000,0.3,0.4,0.3%,0.4%,-0.10000000000000003,cool,1
CPI YoY,CPI同比,headline,733,https://www.investing.com/economic-calendar/cpi-733,2024-05-15,1715776200000,3.4,3.4,3.4%,3.4%,0.0,inline,1
Core CPI MoM,核心CPI环比,core,56,https://www.investing.com/economic-calendar/core-cpi-56,2024-05-15,1715776200000,0.3,0.3,0.3%,0.3%,0.0,inline,1
Core CPI YoY,核心CPI同比,core,736,https://www.investing.com/economic-calendar/core-cpi-736,2024-05-15,1715776200000,3.6,3.6,3.6%,3.6%,0.0,inline,1
Core PCE MoM,核心PCE环比,core,61,https://www.investing.com/economic-calendar/core-pce-price-index-61,2024-05-31,1717158600000,0.3,0.3,0.3%,0.3%,0.0,inline,1
Core PCE YoY,核心PCE同比,core,905,https://www.investing.com/economic-calendar/core-pce-price-index-905,2024-05-31,1717158600000,2.8,2.8,2.8%,2.8%,0.0,inline,1
PCE YoY,PCE同比,headline,906,https://www.investing.com/economic-calendar/pce-price-index-906,2024-05-31,1717158600000,2.7,2.7,2.7%,2.7%,0.0,inline,1
CPI MoM,CPI环比,headline,69,https://uk.investing.com/economic-calendar/cp-69,2024-06-12,1718195400000,0.0,0.1,0.0%,0.1%,-0.1,cool,1
CPI YoY,CPI同比,headline,733,https://www.investing.com/economic-calendar/cpi-733,2024-06-12,1718195400000,3.3,3.4,3.3%,3.4%,-0.10000000000000009,cool,1
Core CPI MoM,核心CPI环比,core,56,https://www.investing.com/economic-calendar/core-cpi-56,2024-06-12,1718195400000,0.2,0.3,0.2%,0.3%,-0.09999999999999998,cool,1
Core CPI YoY,核心CPI同比,core,736,https://www.investing.com/economic-calendar/core-cpi-736,2024-06-12,1718195400000,3.4,3.5,3.4%,3.5%,-0.10000000000000009,cool,1
Core PCE MoM,核心PCE环比,core,61,https://www.investing.com/economic-calendar/core-pce-price-index-61,2024-06-28,1719577800000,0.1,0.1,0.1%,0.1%,0.0,inline,1
Core PCE YoY,核心PCE同比,core,905,https://www.investing.com/economic-calendar/core-pce-price-index-905,2024-06-28,1719577800000,2.6,2.6,2.6%,2.6%,0.0,inline,1
PCE YoY,PCE同比,headline,906,https://www.investing.com/economic-calendar/pce-price-index-906,2024-06-28,1719577800000,2.6,2.6,2.6%,2.6%,0.0,inline,1
CPI MoM,CPI环比,headline,69,https://uk.investing.com/economic-calendar/cp-69,2024-07-11,1720701000000,-0.1,0.1,-0.1%,0.1%,-0.2,cool,1
CPI YoY,CPI同比,headline,733,https://www.investing.com/economic-calendar/cpi-733,2024-07-11,1720701000000,3.0,3.1,3.0%,3.1%,-0.10000000000000009,cool,1
Core CPI MoM,核心CPI环比,core,56,https://www.investing.com/economic-calendar/core-cpi-56,2024-07-11,1720701000000,0.1,0.2,0.1%,0.2%,-0.1,cool,1
Core CPI YoY,核心CPI同比,core,736,https://www.investing.com/economic-calendar/core-cpi-736,2024-07-11,1720701000000,3.3,3.4,3.3%,3.4%,-0.10000000000000009,cool,1
Core PCE MoM,核心PCE环比,core,61,https://www.investing.com/economic-calendar/core-pce-price-index-61,2024-07-26,1721997000000,0.2,0.2,0.2%,0.2%,0.0,inline,1
Core PCE YoY,核心PCE同比,core,905,https://www.investing.com/economic-calendar/core-pce-price-index-905,2024-07-26,1721997000000,2.6,2.5,2.6%,2.5%,0.10000000000000009,hot,1
PCE YoY,PCE同比,headline,906,https://www.investing.com/economic-calendar/pce-price-index-906,2024-07-26,1721997000000,2.5,2.5,2.5%,2.5%,0.0,inline,1
CPI MoM,CPI环比,headline,69,https://uk.investing.com/economic-calendar/cp-69,2024-08-14,1723638600000,0.2,0.2,0.2%,0.2%,0.0,inline,1
CPI YoY,CPI同比,headline,733,https://www.investing.com/economic-calendar/cpi-733,2024-08-14,1723638600000,2.9,3.0,2.9%,3.0%,-0.10000000000000009,cool,1
Core CPI MoM,核心CPI环比,core,56,https://www.investing.com/economic-calendar/core-cpi-56,2024-08-14,1723638600000,0.2,0.2,0.2%,0.2%,0.0,inline,1
Core CPI YoY,核心CPI同比,core,736,https://www.investing.com/economic-calendar/core-cpi-736,2024-08-14,1723638600000,3.2,3.2,3.2%,3.2%,0.0,inline,1
Core PCE MoM,核心PCE环比,core,61,https://www.investing.com/economic-calendar/core-pce-price-index-61,2024-08-30,1725021000000,0.2,0.2,0.2%,0.2%,0.0,inline,1
Core PCE YoY,核心PCE同比,core,905,https://www.investing.com/economic-calendar/core-pce-price-index-905,2024-08-30,1725021000000,2.6,2.7,2.6%,2.7%,-0.10000000000000009,cool,1
PCE YoY,PCE同比,headline,906,https://www.investing.com/economic-calendar/pce-price-index-906,2024-08-30,1725021000000,2.5,2.6,2.5%,2.6%,-0.10000000000000009,cool,1
CPI MoM,CPI环比,headline,69,https://uk.investing.com/economic-calendar/cp-69,2024-09-11,1726057800000,0.2,0.2,0.2%,0.2%,0.0,inline,1
CPI YoY,CPI同比,headline,733,https://www.investing.com/economic-calendar/cpi-733,2024-09-11,1726057800000,2.5,2.5,2.5%,2.5%,0.0,inline,1
Core CPI MoM,核心CPI环比,core,56,https://www.investing.com/economic-calendar/core-cpi-56,2024-09-11,1726057800000,0.3,0.2,0.3%,0.2%,0.09999999999999998,hot,1
Core CPI YoY,核心CPI同比,core,736,https://www.investing.com/economic-calendar/core-cpi-736,2024-09-11,1726057800000,3.2,3.2,3.2%,3.2%,0.0,inline,1
Core PCE MoM,核心PCE环比,core,61,https://www.investing.com/economic-calendar/core-pce-price-index-61,2024-09-27,1727440200000,0.2,0.2,0.2%,0.2%,0.0,inline,1
Core PCE YoY,核心PCE同比,core,905,https://www.investing.com/economic-calendar/core-pce-price-index-905,2024-09-27,1727440200000,2.7,2.7,2.7%,2.7%,0.0,inline,1
PCE YoY,PCE同比,headline,906,https://www.investing.com/economic-calendar/pce-price-index-906,2024-09-27,1727440200000,2.3,2.3,2.3%,2.3%,0.0,inline,1
CPI MoM,CPI环比,headline,69,https://uk.investing.com/economic-calendar/cp-69,2024-10-10,1728563400000,0.2,0.1,0.2%,0.1%,0.1,hot,1
CPI YoY,CPI同比,headline,733,https://www.investing.com/economic-calendar/cpi-733,2024-10-10,1728563400000,2.4,2.3,2.4%,2.3%,0.10000000000000009,hot,1
Core CPI MoM,核心CPI环比,core,56,https://www.investing.com/economic-calendar/core-cpi-56,2024-10-10,1728563400000,0.3,0.2,0.3%,0.2%,0.09999999999999998,hot,1
Core CPI YoY,核心CPI同比,core,736,https://www.investing.com/economic-calendar/core-cpi-736,2024-10-10,1728563400000,3.3,3.2,3.3%,3.2%,0.09999999999999964,hot,1
Core PCE MoM,核心PCE环比,core,61,https://www.investing.com/economic-calendar/core-pce-price-index-61,2024-10-31,1730377800000,0.3,0.3,0.3%,0.3%,0.0,inline,1
Core PCE YoY,核心PCE同比,core,905,https://www.investing.com/economic-calendar/core-pce-price-index-905,2024-10-31,1730377800000,2.7,2.6,2.7%,2.6%,0.10000000000000009,hot,1
PCE YoY,PCE同比,headline,906,https://www.investing.com/economic-calendar/pce-price-index-906,2024-10-31,1730377800000,2.1,2.1,2.1%,2.1%,0.0,inline,1
CPI MoM,CPI环比,headline,69,https://uk.investing.com/economic-calendar/cp-69,2024-11-13,1731504600000,0.2,0.2,0.2%,0.2%,0.0,inline,1
CPI YoY,CPI同比,headline,733,https://www.investing.com/economic-calendar/cpi-733,2024-11-13,1731504600000,2.6,2.6,2.6%,2.6%,0.0,inline,1
Core CPI MoM,核心CPI环比,core,56,https://www.investing.com/economic-calendar/core-cpi-56,2024-11-13,1731504600000,0.3,0.3,0.3%,0.3%,0.0,inline,1
Core CPI YoY,核心CPI同比,core,736,https://www.investing.com/economic-calendar/core-cpi-736,2024-11-13,1731504600000,3.3,3.3,3.3%,3.3%,0.0,inline,1
Core PCE MoM,核心PCE环比,core,61,https://www.investing.com/economic-calendar/core-pce-price-index-61,2024-11-27,1732719600000,0.3,0.3,0.3%,0.3%,0.0,inline,1
Core PCE YoY,核心PCE同比,core,905,https://www.investing.com/economic-calendar/core-pce-price-index-905,2024-11-27,1732719600000,2.8,2.8,2.8%,2.8%,0.0,inline,1
PCE YoY,PCE同比,headline,906,https://www.investing.com/economic-calendar/pce-price-index-906,2024-11-27,1732719600000,2.3,2.3,2.3%,2.3%,0.0,inline,1
CPI MoM,CPI环比,headline,69,https://uk.investing.com/economic-calendar/cp-69,2024-12-11,1733923800000,0.3,0.3,0.3%,0.3%,0.0,inline,1
CPI YoY,CPI同比,headline,733,https://www.investing.com/economic-calendar/cpi-733,2024-12-11,1733923800000,2.7,2.7,2.7%,2.7%,0.0,inline,1
Core CPI MoM,核心CPI环比,core,56,https://www.investing.com/economic-calendar/core-cpi-56,2024-12-11,1733923800000,0.3,0.3,0.3%,0.3%,0.0,inline,1
Core CPI YoY,核心CPI同比,core,736,https://www.investing.com/economic-calendar/core-cpi-736,2024-12-11,1733923800000,3.3,3.3,3.3%,3.3%,0.0,inline,1
Core PCE MoM,核心PCE环比,core,61,https://www.investing.com/economic-calendar/core-pce-price-index-61,2024-12-20,1734701400000,0.1,0.2,0.1%,0.2%,-0.1,cool,1
Core PCE YoY,核心PCE同比,core,905,https://www.investing.com/economic-calendar/core-pce-price-index-905,2024-12-20,1734701400000,2.8,2.9,2.8%,2.9%,-0.10000000000000009,cool,1
PCE YoY,PCE同比,headline,906,https://www.investing.com/economic-calendar/pce-price-index-906,2024-12-20,1734701400000,2.4,2.5,2.4%,2.5%,-0.10000000000000009,cool,1
CPI MoM,CPI环比,headline,69,https://uk.investing.com/economic-calendar/cp-69,2025-01-15,1736947800000,0.4,0.4,0.4%,0.4%,0.0,inline,1
CPI YoY,CPI同比,headline,733,https://www.investing.com/economic-calendar/cpi-733,2025-01-15,1736947800000,2.9,2.9,2.9%,2.9%,0.0,inline,1
Core CPI MoM,核心CPI环比,core,56,https://www.investing.com/economic-calendar/core-cpi-56,2025-01-15,1736947800000,0.2,0.3,0.2%,0.3%,-0.09999999999999998,cool,1
Core CPI YoY,核心CPI同比,core,736,https://www.investing.com/economic-calendar/core-cpi-736,2025-01-15,1736947800000,3.2,3.3,3.2%,3.3%,-0.09999999999999964,cool,1
Core PCE MoM,核心PCE环比,core,61,https://www.investing.com/economic-calendar/core-pce-price-index-61,2025-01-31,1738330200000,0.2,0.2,0.2%,0.2%,0.0,inline,1
Core PCE YoY,核心PCE同比,core,905,https://www.investing.com/economic-calendar/core-pce-price-index-905,2025-01-31,1738330200000,2.9,2.8,2.9%,2.8%,0.10000000000000009,hot,1
PCE YoY,PCE同比,headline,906,https://www.investing.com/economic-calendar/pce-price-index-906,2025-01-31,1738330200000,2.6,2.6,2.6%,2.6%,0.0,inline,1
CPI MoM,CPI环比,headline,69,https://uk.investing.com/economic-calendar/cp-69,2025-02-12,1739367000000,0.5,0.3,0.5%,0.3%,0.2,hot,1
CPI YoY,CPI同比,headline,733,https://www.investing.com/economic-calendar/cpi-733,2025-02-12,1739367000000,3.0,2.9,3.0%,2.9%,0.10000000000000009,hot,1
Core CPI MoM,核心CPI环比,core,56,https://www.investing.com/economic-calendar/core-cpi-56,2025-02-12,1739367000000,0.4,0.3,0.4%,0.3%,0.10000000000000003,hot,1
Core CPI YoY,核心CPI同比,core,736,https://www.investing.com/economic-calendar/core-cpi-736,2025-02-12,1739367000000,3.3,3.1,3.3%,3.1%,0.19999999999999973,hot,1
Core PCE MoM,核心PCE环比,core,61,https://www.investing.com/economic-calendar/core-pce-price-index-61,2025-02-28,1740749400000,0.3,0.3,0.3%,0.3%,0.0,inline,1
Core PCE YoY,核心PCE同比,core,905,https://www.investing.com/economic-calendar/core-pce-price-index-905,2025-02-28,1740749400000,2.7,2.6,2.7%,2.6%,0.10000000000000009,hot,1
PCE YoY,PCE同比,headline,906,https://www.investing.com/economic-calendar/pce-price-index-906,2025-02-28,1740749400000,2.5,2.5,2.5%,2.5%,0.0,inline,1
CPI MoM,CPI环比,headline,69,https://uk.investing.com/economic-calendar/cp-69,2025-03-12,1741782600000,0.2,0.3,0.2%,0.3%,-0.09999999999999998,cool,1
CPI YoY,CPI同比,headline,733,https://www.investing.com/economic-calendar/cpi-733,2025-03-12,1741782600000,2.8,2.9,2.8%,2.9%,-0.10000000000000009,cool,1
Core CPI MoM,核心CPI环比,core,56,https://www.investing.com/economic-calendar/core-cpi-56,2025-03-12,1741782600000,0.2,0.3,0.2%,0.3%,-0.09999999999999998,cool,1
Core CPI YoY,核心CPI同比,core,736,https://www.investing.com/economic-calendar/core-cpi-736,2025-03-12,1741782600000,3.1,3.2,3.1%,3.2%,-0.10000000000000009,cool,1
Core PCE MoM,核心PCE环比,core,61,https://www.investing.com/economic-calendar/core-pce-price-index-61,2025-03-28,1743165000000,0.5,0.3,0.5%,0.3%,0.2,hot,1
Core PCE YoY,核心PCE同比,core,905,https://www.investing.com/economic-calendar/core-pce-price-index-905,2025-03-28,1743165000000,3.0,2.7,3.0%,2.7%,0.2999999999999998,hot,1
PCE YoY,PCE同比,headline,906,https://www.investing.com/economic-calendar/pce-price-index-906,2025-03-28,1743165000000,2.7,2.5,2.7%,2.5%,0.20000000000000018,hot,1
CPI MoM,CPI环比,headline,69,https://uk.investing.com/economic-calendar/cp-69,2025-04-10,1744288200000,-0.1,0.1,-0.1%,0.1%,-0.2,cool,1
CPI YoY,CPI同比,headline,733,https://www.investing.com/economic-calendar/cpi-733,2025-04-10,1744288200000,2.4,2.5,2.4%,2.5%,-0.10000000000000009,cool,1
Core CPI MoM,核心CPI环比,core,56,https://www.investing.com/economic-calendar/core-cpi-56,2025-04-10,1744288200000,0.1,0.3,0.1%,0.3%,-0.19999999999999998,cool,1
Core CPI YoY,核心CPI同比,core,736,https://www.investing.com/economic-calendar/core-cpi-736,2025-04-10,1744288200000,2.8,3.0,2.8%,3.0%,-0.20000000000000018,cool,1
Core PCE MoM,核心PCE环比,core,61,https://www.investing.com/economic-calendar/core-pce-price-index-61,2025-04-30,1746021600000,0.1,0.1,0.1%,0.1%,0.0,inline,1
Core PCE YoY,核心PCE同比,core,905,https://www.investing.com/economic-calendar/core-pce-price-index-905,2025-04-30,1746021600000,2.7,2.6,2.7%,2.6%,0.10000000000000009,hot,1
PCE YoY,PCE同比,headline,906,https://www.investing.com/economic-calendar/pce-price-index-906,2025-04-30,1746021600000,2.3,2.2,2.3%,2.2%,0.09999999999999964,hot,1
CPI MoM,CPI环比,headline,69,https://uk.investing.com/economic-calendar/cp-69,2025-05-13,1747139400000,0.2,0.3,0.2%,0.3%,-0.09999999999999998,cool,1
CPI YoY,CPI同比,headline,733,https://www.investing.com/economic-calendar/cpi-733,2025-05-13,1747139400000,2.3,2.4,2.3%,2.4%,-0.10000000000000009,cool,1
Core CPI MoM,核心CPI环比,core,56,https://www.investing.com/economic-calendar/core-cpi-56,2025-05-13,1747139400000,0.2,0.3,0.2%,0.3%,-0.09999999999999998,cool,1
Core CPI YoY,核心CPI同比,core,736,https://www.investing.com/economic-calendar/core-cpi-736,2025-05-13,1747139400000,2.8,2.8,2.8%,2.8%,0.0,inline,1
Core PCE MoM,核心PCE环比,core,61,https://www.investing.com/economic-calendar/core-pce-price-index-61,2025-05-30,1748608200000,0.1,0.1,0.1%,0.1%,0.0,inline,1
Core PCE YoY,核心PCE同比,core,905,https://www.investing.com/economic-calendar/core-pce-price-index-905,2025-05-30,1748608200000,2.6,2.5,2.6%,2.5%,0.10000000000000009,hot,1
PCE YoY,PCE同比,headline,906,https://www.investing.com/economic-calendar/pce-price-index-906,2025-05-30,1748608200000,2.2,2.2,2.2%,2.2%,0.0,inline,1
CPI MoM,CPI环比,headline,69,https://uk.investing.com/economic-calendar/cp-69,2025-06-11,1749645000000,0.1,0.2,0.1%,0.2%,-0.1,cool,1
CPI YoY,CPI同比,headline,733,https://www.investing.com/economic-calendar/cpi-733,2025-06-11,1749645000000,2.4,2.5,2.4%,2.5%,-0.10000000000000009,cool,1
Core CPI MoM,核心CPI环比,core,56,https://www.investing.com/economic-calendar/core-cpi-56,2025-06-11,1749645000000,0.1,0.3,0.1%,0.3%,-0.19999999999999998,cool,1
Core CPI YoY,核心CPI同比,core,736,https://www.investing.com/economic-calendar/core-cpi-736,2025-06-11,1749645000000,2.8,2.9,2.8%,2.9%,-0.10000000000000009,cool,1
Core PCE MoM,核心PCE环比,core,61,https://www.investing.com/economic-calendar/core-pce-price-index-61,2025-06-27,1751027400000,0.2,0.1,0.2%,0.1%,0.1,hot,1
Core PCE YoY,核心PCE同比,core,905,https://www.investing.com/economic-calendar/core-pce-price-index-905,2025-06-27,1751027400000,2.8,2.6,2.8%,2.6%,0.19999999999999973,hot,1
PCE YoY,PCE同比,headline,906,https://www.investing.com/economic-calendar/pce-price-index-906,2025-06-27,1751027400000,2.4,2.3,2.4%,2.3%,0.10000000000000009,hot,1
CPI MoM,CPI环比,headline,69,https://uk.investing.com/economic-calendar/cp-69,2025-07-15,1752582600000,0.3,0.3,0.3%,0.3%,0.0,inline,1
CPI YoY,CPI同比,headline,733,https://www.investing.com/economic-calendar/cpi-733,2025-07-15,1752582600000,2.7,2.6,2.7%,2.6%,0.10000000000000009,hot,1
Core CPI MoM,核心CPI环比,core,56,https://www.investing.com/economic-calendar/core-cpi-56,2025-07-15,1752582600000,0.2,0.3,0.2%,0.3%,-0.09999999999999998,cool,1
Core CPI YoY,核心CPI同比,core,736,https://www.investing.com/economic-calendar/core-cpi-736,2025-07-15,1752582600000,2.9,3.0,2.9%,3.0%,-0.10000000000000009,cool,1
Core PCE MoM,核心PCE环比,core,61,https://www.investing.com/economic-calendar/core-pce-price-index-61,2025-07-31,1753965000000,0.3,0.3,0.3%,0.3%,0.0,inline,1
Core PCE YoY,核心PCE同比,core,905,https://www.investing.com/economic-calendar/core-pce-price-index-905,2025-07-31,1753965000000,2.8,2.7,2.8%,2.7%,0.09999999999999964,hot,1
PCE YoY,PCE同比,headline,906,https://www.investing.com/economic-calendar/pce-price-index-906,2025-07-31,1753965000000,2.6,2.5,2.6%,2.5%,0.10000000000000009,hot,1
CPI MoM,CPI环比,headline,69,https://uk.investing.com/economic-calendar/cp-69,2025-08-12,1755001800000,0.2,0.2,0.2%,0.2%,0.0,inline,1
CPI YoY,CPI同比,headline,733,https://www.investing.com/economic-calendar/cpi-733,2025-08-12,1755001800000,2.7,2.8,2.7%,2.8%,-0.09999999999999964,cool,1
Core CPI MoM,核心CPI环比,core,56,https://www.investing.com/economic-calendar/core-cpi-56,2025-08-12,1755001800000,0.3,0.3,0.3%,0.3%,0.0,inline,1
Core CPI YoY,核心CPI同比,core,736,https://www.investing.com/economic-calendar/core-cpi-736,2025-08-12,1755001800000,3.1,3.0,3.1%,3.0%,0.10000000000000009,hot,1
Core PCE MoM,核心PCE环比,core,61,https://www.investing.com/economic-calendar/core-pce-price-index-61,2025-08-29,1756470600000,0.2,0.3,0.2%,0.3%,-0.09999999999999998,cool,1
Core PCE YoY,核心PCE同比,core,905,https://www.investing.com/economic-calendar/core-pce-price-index-905,2025-08-29,1756470600000,2.9,2.9,2.9%,2.9%,0.0,inline,1
PCE YoY,PCE同比,headline,906,https://www.investing.com/economic-calendar/pce-price-index-906,2025-08-29,1756470600000,2.6,2.6,2.6%,2.6%,0.0,inline,1
CPI MoM,CPI环比,headline,69,https://uk.investing.com/economic-calendar/cp-69,2025-09-11,1757593800000,0.4,0.3,0.4%,0.3%,0.10000000000000003,hot,1
CPI YoY,CPI同比,headline,733,https://www.investing.com/economic-calendar/cpi-733,2025-09-11,1757593800000,2.9,2.9,2.9%,2.9%,0.0,inline,1
Core CPI MoM,核心CPI环比,core,56,https://www.investing.com/economic-calendar/core-cpi-56,2025-09-11,1757593800000,0.3,0.3,0.3%,0.3%,0.0,inline,1
Core CPI YoY,核心CPI同比,core,736,https://www.investing.com/economic-calendar/core-cpi-736,2025-09-11,1757593800000,3.1,3.1,3.1%,3.1%,0.0,inline,1
Core PCE MoM,核心PCE环比,core,61,https://www.investing.com/economic-calendar/core-pce-price-index-61,2025-09-26,1758889800000,0.2,0.2,0.2%,0.2%,0.0,inline,1
Core PCE YoY,核心PCE同比,core,905,https://www.investing.com/economic-calendar/core-pce-price-index-905,2025-09-26,1758889800000,2.9,2.9,2.9%,2.9%,0.0,inline,1
PCE YoY,PCE同比,headline,906,https://www.investing.com/economic-calendar/pce-price-index-906,2025-09-26,1758889800000,2.7,2.7,2.7%,2.7%,0.0,inline,1
CPI MoM,CPI环比,headline,69,https://uk.investing.com/economic-calendar/cp-69,2025-10-24,1761309000000,0.3,0.4,0.3%,0.4%,-0.10000000000000003,cool,1
CPI YoY,CPI同比,headline,733,https://www.investing.com/economic-calendar/cpi-733,2025-10-24,1761309000000,3.0,3.1,3.0%,3.1%,-0.10000000000000009,cool,1
Core CPI MoM,核心CPI环比,core,56,https://www.investing.com/economic-calendar/core-cpi-56,2025-10-24,1761309000000,0.2,0.3,0.2%,0.3%,-0.09999999999999998,cool,1
Core CPI YoY,核心CPI同比,core,736,https://www.investing.com/economic-calendar/core-cpi-736,2025-10-24,1761309000000,3.0,3.1,3.0%,3.1%,-0.10000000000000009,cool,1
Core PCE MoM,核心PCE环比,core,61,https://www.investing.com/economic-calendar/core-pce-price-index-61,2025-12-05,1764946800000,0.2,0.2,0.2%,0.2%,0.0,inline,1
Core PCE YoY,核心PCE同比,core,905,https://www.investing.com/economic-calendar/core-pce-price-index-905,2025-12-05,1764946800000,2.8,2.9,2.8%,2.9%,-0.10000000000000009,cool,1
PCE YoY,PCE同比,headline,906,https://www.investing.com/economic-calendar/pce-price-index-906,2025-12-05,1764946800000,2.8,2.8,2.8%,2.8%,0.0,inline,1
CPI YoY,CPI同比,headline,733,https://www.investing.com/economic-calendar/cpi-733,2025-12-18,1766064600000,2.7,3.1,2.7%,3.1%,-0.3999999999999999,cool,1
Core CPI YoY,核心CPI同比,core,736,https://www.investing.com/economic-calendar/core-cpi-736,2025-12-18,1766064600000,2.6,3.0,2.6%,3.0%,-0.3999999999999999,cool,1
CPI MoM,CPI环比,headline,69,https://uk.investing.com/economic-calendar/cp-69,2026-01-13,1768311000000,0.3,0.3,0.3%,0.3%,0.0,inline,1
CPI YoY,CPI同比,headline,733,https://www.investing.com/economic-calendar/cpi-733,2026-01-13,1768311000000,2.7,2.7,2.7%,2.7%,0.0,inline,1
Core CPI MoM,核心CPI环比,core,56,https://www.investing.com/economic-calendar/core-cpi-56,2026-01-13,1768311000000,0.2,0.3,0.2%,0.3%,-0.09999999999999998,cool,1
Core CPI YoY,核心CPI同比,core,736,https://www.investing.com/economic-calendar/core-cpi-736,2026-01-13,1768311000000,2.6,2.7,2.6%,2.7%,-0.10000000000000009,cool,1
Core PCE MoM,核心PCE环比,core,61,https://www.investing.com/economic-calendar/core-pce-price-index-61,2026-01-22,1769094000000,0.2,0.2,0.2%,0.2%,0.0,inline,1
Core PCE YoY,核心PCE同比,core,905,https://www.investing.com/economic-calendar/core-pce-price-index-905,2026-01-22,1769094000000,2.8,2.8,2.8%,2.8%,0.0,inline,1
PCE YoY,PCE同比,headline,906,https://www.investing.com/economic-calendar/pce-price-index-906,2026-01-22,1769094000000,2.8,2.8,2.8%,2.8%,0.0,inline,1
CPI MoM,CPI环比,headline,69,https://uk.investing.com/economic-calendar/cp-69,2026-02-13,1770989400000,0.2,0.3,0.2%,0.3%,-0.09999999999999998,cool,1
CPI YoY,CPI同比,headline,733,https://www.investing.com/economic-calendar/cpi-733,2026-02-13,1770989400000,2.4,2.5,2.4%,2.5%,-0.10000000000000009,cool,1
Core CPI MoM,核心CPI环比,core,56,https://www.investing.com/economic-calendar/core-cpi-56,2026-02-13,1770989400000,0.3,0.3,0.3%,0.3%,0.0,inline,1
Core CPI YoY,核心CPI同比,core,736,https://www.investing.com/economic-calendar/core-cpi-736,2026-02-13,1770989400000,2.5,2.5,2.5%,2.5%,0.0,inline,1
Core PCE MoM,核心PCE环比,core,61,https://www.investing.com/economic-calendar/core-pce-price-index-61,2026-02-20,1771594200000,0.4,0.3,0.4%,0.3%,0.10000000000000003,hot,1
Core PCE YoY,核心PCE同比,core,905,https://www.investing.com/economic-calendar/core-pce-price-index-905,2026-02-20,1771594200000,3.0,2.9,3.0%,2.9%,0.10000000000000009,hot,1
PCE YoY,PCE同比,headline,906,https://www.investing.com/economic-calendar/pce-price-index-906,2026-02-20,1771594200000,2.9,2.8,2.9%,2.8%,0.10000000000000009,hot,1
CPI MoM,CPI环比,headline,69,https://uk.investing.com/economic-calendar/cp-69,2026-03-11,1773232200000,0.3,0.3,0.3%,0.3%,0.0,inline,1
CPI YoY,CPI同比,headline,733,https://www.investing.com/economic-calendar/cpi-733,2026-03-11,1773232200000,2.4,2.4,2.4%,2.4%,0.0,inline,1
Core CPI MoM,核心CPI环比,core,56,https://www.investing.com/economic-calendar/core-cpi-56,2026-03-11,1773232200000,0.2,0.2,0.2%,0.2%,0.0,inline,1
Core CPI YoY,核心CPI同比,core,736,https://www.investing.com/economic-calendar/core-cpi-736,2026-03-11,1773232200000,2.5,2.5,2.5%,2.5%,0.0,inline,1
Core PCE MoM,核心PCE环比,core,61,https://www.investing.com/economic-calendar/core-pce-price-index-61,2026-03-13,1773405000000,0.4,0.4,0.4%,0.4%,0.0,inline,1
Core PCE YoY,核心PCE同比,core,905,https://www.investing.com/economic-calendar/core-pce-price-index-905,2026-03-13,1773405000000,3.1,3.1,3.1%,3.1%,0.0,inline,1
PCE YoY,PCE同比,headline,906,https://www.investing.com/economic-calendar/pce-price-index-906,2026-03-13,1773405000000,2.8,2.9,2.8%,2.9%,-0.10000000000000009,cool,1
Core PCE MoM,核心PCE环比,core,61,https://www.investing.com/economic-calendar/core-pce-price-index-61,2026-04-09,1775737800000,0.4,0.4,0.4%,0.4%,0.0,inline,1
Core PCE YoY,核心PCE同比,core,905,https://www.investing.com/economic-calendar/core-pce-price-index-905,2026-04-09,1775737800000,3.0,3.0,3.0%,3.0%,0.0,inline,1
PCE YoY,PCE同比,headline,906,https://www.investing.com/economic-calendar/pce-price-index-906,2026-04-09,1775737800000,2.8,2.8,2.8%,2.8%,0.0,inline,1
CPI MoM,CPI环比,headline,69,https://uk.investing.com/economic-calendar/cp-69,2026-04-10,1775824200000,0.9,1.0,0.9%,1.0%,-0.09999999999999998,cool,1
CPI YoY,CPI同比,headline,733,https://www.investing.com/economic-calendar/cpi-733,2026-04-10,1775824200000,3.3,3.4,3.3%,3.4%,-0.10000000000000009,cool,1
Core CPI MoM,核心CPI环比,core,56,https://www.investing.com/economic-calendar/core-cpi-56,2026-04-10,1775824200000,0.2,0.3,0.2%,0.3%,-0.09999999999999998,cool,1
Core CPI YoY,核心CPI同比,core,736,https://www.investing.com/economic-calendar/core-cpi-736,2026-04-10,1775824200000,2.6,2.7,2.6%,2.7%,-0.10000000000000009,cool,1
Core PCE MoM,核心PCE环比,core,61,https://www.investing.com/economic-calendar/core-pce-price-index-61,2026-04-30,1777552200000,0.3,0.3,0.3%,0.3%,0.0,inline,1
Core PCE YoY,核心PCE同比,core,905,https://www.investing.com/economic-calendar/core-pce-price-index-905,2026-04-30,1777552200000,3.2,3.2,3.2%,3.2%,0.0,inline,1
PCE YoY,PCE同比,headline,906,https://www.investing.com/economic-calendar/pce-price-index-906,2026-04-30,1777552200000,3.5,3.5,3.5%,3.5%,0.0,inline,1
