cohort,dimension,variant,ticker,rank,wins,losses,points
latest_0718,near,both,MU,1,366,5,361
latest_0718,near,both,AVGO,2,363,8,355
latest_0718,near,both,SNDK,3,353,21,332
latest_0718,near,both,NVDA,4,347,18,329
latest_0718,near,both,TSM,5,341,27,314
latest_0718,near,both,LITE,6,339,34,305
latest_0718,near,both,CRWV,7,331,29,302
latest_0718,near,both,SKHY,8,314,12,302
latest_0718,near,both,ALAB,9,320,30,290
latest_0718,near,both,MRVL,10,320,30,290
latest_0718,near,both,DELL,11,328,40,288
latest_0718,near,both,ORCL,12,323,35,288
latest_0718,near,both,ATEYY,13,321,35,286
latest_0718,near,both,VRT,14,292,8,284
latest_0718,near,both,MPWR,15,307,49,258
latest_0718,near,both,STX,16,312,55,257
latest_0718,near,both,AMAT,17,307,53,254
latest_0718,near,both,AMD,18,306,52,254
latest_0718,near,both,TSEM,19,289,35,254
latest_0718,near,both,NBIS,20,309,61,248
latest_0718,near,both,ASML,21,298,50,248
latest_0718,near,both,TER,22,292,47,245
latest_0718,near,both,CRDO,23,277,34,243
latest_0718,near,both,CLS,24,293,63,230
latest_0718,near,both,NVT,25,288,59,229
latest_0718,near,both,DSCSY,26,264,37,227
latest_0718,near,both,ASMIY,27,286,60,226
latest_0718,near,both,GEV,28,253,27,226
latest_0718,near,both,AAOI,29,261,37,224
latest_0718,near,both,MOD,30,284,61,223
latest_0718,near,both,KLAC,31,280,63,217
latest_0718,near,both,MTSI,32,282,72,210
latest_0718,near,both,POWL,33,280,71,209
latest_0718,near,both,META,34,278,72,206
latest_0718,near,both,CIEN,35,275,69,206
latest_0718,near,both,GOOGL,36,278,74,204
latest_0718,near,both,WDC,37,281,78,203
latest_0718,near,both,FIX,38,276,74,202
latest_0718,near,both,ANET,39,275,79,196
latest_0718,near,both,PWR,40,256,64,192
latest_0718,near,both,APH,41,276,85,191
latest_0718,near,both,AEIS,42,266,78,188
latest_0718,near,both,ONTO,43,265,80,185
latest_0718,near,both,VST,44,264,88,176
latest_0718,near,both,SIMO,45,260,91,169
latest_0718,near,both,FN,46,232,65,167
latest_0718,near,both,SITM,47,261,97,164
latest_0718,near,both,BESIY,48,264,101,163
latest_0718,near,both,ASMVY,49,254,97,157
latest_0718,near,both,AAON,50,211,63,148
latest_0718,near,both,COHR,51,234,92,142
latest_0718,near,both,CAMT,52,237,96,141
latest_0718,near,both,MCHP,53,244,105,139
latest_0718,near,both,PENG,54,247,113,134
latest_0718,near,both,NVMI,55,243,113,130
latest_0718,near,both,BE,56,246,118,128
latest_0718,near,both,IESC,57,238,119,119
latest_0718,near,both,MSFT,58,242,124,118
latest_0718,near,both,TOELY,59,228,113,115
latest_0718,near,both,VECO,60,223,108,115
latest_0718,near,both,ETN,61,238,124,114
latest_0718,near,both,TEL,62,221,113,108
latest_0718,near,both,IFNNY,63,230,123,107
latest_0718,near,both,SMTC,64,233,129,104
latest_0718,near,both,RYCEY,65,222,127,95
latest_0718,near,both,JBL,66,222,131,91
latest_0718,near,both,GLW,67,225,135,90
latest_0718,near,both,ASX,68,222,137,85
latest_0718,near,both,KEYS,69,219,134,85
latest_0718,near,both,APLD,70,186,101,85
latest_0718,near,both,EME,71,217,137,80
latest_0718,near,both,TT,72,198,119,79
latest_0718,near,both,ICHR,73,217,142,75
latest_0718,near,both,RMBS,74,203,142,61
latest_0718,near,both,Q,75,159,102,57
latest_0718,near,both,LRCX,76,207,152,55
latest_0718,near,both,ADI,77,196,141,55
latest_0718,near,both,HTHIY,78,207,157,50
latest_0718,near,both,SMCI,79,203,153,50
latest_0718,near,both,AMZN,80,194,144,50
latest_0718,near,both,P,81,201,153,48
latest_0718,near,both,MSI,82,200,152,48
latest_0718,near,both,BWXT,83,194,146,48
latest_0718,near,both,SANM,84,183,135,48
latest_0718,near,both,ADBE,85,198,152,46
latest_0718,near,both,MKSI,86,196,158,38
latest_0718,near,both,MICLF,87,196,159,37
latest_0718,near,both,MYRG,88,194,160,34
latest_0718,near,both,ABBNY,89,192,161,31
latest_0718,near,both,COHU,90,178,148,30
latest_0718,near,both,CEG,91,174,149,25
latest_0718,near,both,ACMR,92,186,165,21
latest_0718,near,both,AXTI,93,192,174,18
latest_0718,near,both,JCI,94,185,167,18
latest_0718,near,both,HUBB,95,183,166,17
latest_0718,near,both,VICR,96,182,166,16
latest_0718,near,both,GNRC,97,185,170,15
latest_0718,near,both,NTNX,98,183,169,14
latest_0718,near,both,CAT,99,182,172,10
latest_0718,near,both,CRWD,100,179,170,9
latest_0718,near,both,PH,101,169,160,9
latest_0718,near,both,VIAV,102,182,178,4
latest_0718,near,both,KLIC,103,179,182,-3
latest_0718,near,both,AMKR,104,175,187,-12
latest_0718,near,both,HPE,105,173,186,-13
latest_0718,near,both,CMI,106,163,178,-15
latest_0718,near,both,ARM,107,171,189,-18
latest_0718,near,both,AEHR,108,125,143,-18
latest_0718,near,both,LFUS,109,163,182,-19
latest_0718,near,both,DLR,110,160,186,-26
latest_0718,near,both,BABA,111,158,184,-26
latest_0718,near,both,CDNS,112,165,192,-27
latest_0718,near,both,FLEX,113,144,181,-37
latest_0718,near,both,CARR,114,155,194,-39
latest_0718,near,both,FORM,115,135,179,-44
latest_0718,near,both,BELFB,116,154,199,-45
latest_0718,near,both,UCTT,117,156,206,-50
latest_0718,near,both,HOCPY,118,135,186,-51
latest_0718,near,both,MTRN,119,149,208,-59
latest_0718,near,both,CSCO,120,120,189,-69
latest_0718,near,both,ENTG,121,102,172,-70
latest_0718,near,both,TDY,122,133,211,-78
latest_0718,near,both,MXL,123,114,199,-85
latest_0718,near,both,TXN,124,133,223,-90
latest_0718,near,both,IREN,125,132,229,-97
latest_0718,near,both,ET,126,130,231,-101
latest_0718,near,both,MRAAY,127,129,230,-101
latest_0718,near,both,SNPS,128,114,217,-103
latest_0718,near,both,MIELY,129,123,228,-105
latest_0718,near,both,IMOS,130,127,235,-108
latest_0718,near,both,UMC,131,122,234,-112
latest_0718,near,both,ECL,132,115,230,-115
latest_0718,near,both,SMTOY,133,124,240,-116
latest_0718,near,both,STM,134,115,244,-129
latest_0718,near,both,EQIX,135,112,241,-129
latest_0718,near,both,DOV,136,110,239,-129
latest_0718,near,both,TTDKY,137,106,248,-142
latest_0718,near,both,ENS,138,103,247,-144
latest_0718,near,both,VISN,139,102,247,-145
latest_0718,near,both,NTAP,140,104,252,-148
latest_0718,near,both,ON,141,106,257,-151
latest_0718,near,both,DHR,142,102,253,-151
latest_0718,near,both,LIN,143,105,257,-152
latest_0718,near,both,NOK,144,97,257,-160
latest_0718,near,both,DIOD,145,97,258,-161
latest_0718,near,both,TMO,146,95,256,-161
latest_0718,near,both,SHECY,147,92,253,-161
latest_0718,near,both,DCI,148,97,259,-162
latest_0718,near,both,VSH,149,99,267,-168
latest_0718,near,both,NDSN,150,85,253,-168
latest_0718,near,both,IBM,151,70,240,-170
latest_0718,near,both,AJNMY,152,94,268,-174
latest_0718,near,both,DD,153,91,265,-174
latest_0718,near,both,AEP,154,94,272,-178
latest_0718,near,both,ETR,155,91,269,-178
latest_0718,near,both,CBRS,156,90,273,-183
latest_0718,near,both,FLNC,157,88,277,-189
latest_0718,near,both,BDC,158,69,259,-190
latest_0718,near,both,GFS,159,72,264,-192
latest_0718,near,both,QCOM,160,77,278,-201
latest_0718,near,both,DTE,161,83,285,-202
latest_0718,near,both,PSIX,162,72,278,-206
latest_0718,near,both,ST,163,49,267,-218
latest_0718,near,both,ACLS,164,61,288,-227
latest_0718,near,both,PNR,165,67,296,-229
latest_0718,near,both,FTV,166,63,292,-229
latest_0718,near,both,ALLE,167,67,298,-231
latest_0718,near,both,RKLB,168,63,301,-238
latest_0718,near,both,POWI,169,62,302,-240
latest_0718,near,both,APD,170,56,303,-247
latest_0718,near,both,ASGLY,171,58,306,-248
latest_0718,near,both,MMM,172,56,304,-248
latest_0718,near,both,DKILY,173,55,308,-253
latest_0718,near,both,AMPX,174,56,311,-255
latest_0718,near,both,PLAB,175,45,320,-275
latest_0718,near,both,MRAM,176,45,322,-277
latest_0718,near,both,ROG,177,43,324,-281
latest_0718,near,both,TE,178,40,332,-292
latest_0718,near,both,CC,179,37,329,-292
latest_0718,near,both,TSLA,180,34,333,-299
latest_0718,near,both,SOMMY,181,36,336,-300
latest_0718,near,both,AOSL,182,35,340,-305
latest_0718,near,both,ATKR,183,26,337,-311
latest_0718,near,both,NVTS,184,21,352,-331
latest_0718,near,both,INTC,185,20,351,-331
latest_0718,near,both,ENPH,186,17,361,-344
latest_0718,near,both,POET,187,8,369,-361
latest_0718,near,both,FCEL,188,9,373,-364
latest_0718,near,both,WOLF,189,8,372,-364
latest_0718,near,both,SMR,190,4,375,-371
latest_0718,near,both,OKLO,191,2,377,-375
latest_0718,near,both,LWLG,192,0,380,-380
latest_0718,near,self_only,MU,1,178,4,174
latest_0718,near,self_only,NBIS,2,181,10,171
latest_0718,near,self_only,AVGO,3,175,8,167
latest_0718,near,self_only,CRWV,4,175,13,162
latest_0718,near,self_only,SNDK,5,170,18,152
latest_0718,near,self_only,DELL,6,169,21,148
latest_0718,near,self_only,ALAB,7,157,11,146
latest_0718,near,self_only,MRVL,8,157,16,141
latest_0718,near,self_only,LITE,9,163,25,138
latest_0718,near,self_only,NVDA,10,156,18,138
latest_0718,near,self_only,TSM,11,156,25,131
latest_0718,near,self_only,MPWR,12,154,27,127
latest_0718,near,self_only,TSEM,13,137,11,126
latest_0718,near,self_only,ASML,14,148,26,122
latest_0718,near,self_only,STX,15,155,34,121
latest_0718,near,self_only,ATEYY,16,149,29,120
latest_0718,near,self_only,SKHY,17,130,11,119
latest_0718,near,self_only,VRT,18,121,2,119
latest_0718,near,self_only,ORCL,19,142,34,108
latest_0718,near,self_only,AMAT,20,144,37,107
latest_0718,near,self_only,AMD,21,142,36,106
latest_0718,near,self_only,DSCSY,22,114,12,102
latest_0718,near,self_only,TER,23,132,35,97
latest_0718,near,self_only,AEIS,24,136,41,95
latest_0718,near,self_only,FN,25,108,17,91
latest_0718,near,self_only,MTSI,26,138,48,90
latest_0718,near,self_only,ASMIY,27,128,39,89
latest_0718,near,self_only,NVT,28,132,44,88
latest_0718,near,self_only,AAOI,29,102,16,86
latest_0718,near,self_only,GEV,30,96,10,86
latest_0718,near,self_only,KLAC,31,127,42,85
latest_0718,near,self_only,CIEN,32,126,46,80
latest_0718,near,self_only,WDC,33,126,55,71
latest_0718,near,self_only,PWR,34,112,42,70
latest_0718,near,self_only,CLS,35,121,53,68
latest_0718,near,self_only,POWL,36,120,56,64
latest_0718,near,self_only,CRDO,37,94,32,62
latest_0718,near,self_only,APH,38,123,62,61
latest_0718,near,self_only,MOD,39,114,54,60
latest_0718,near,self_only,MCHP,40,117,61,56
latest_0718,near,self_only,APLD,41,84,28,56
latest_0718,near,self_only,ANET,42,117,63,54
latest_0718,near,self_only,FIX,43,114,64,50
latest_0718,near,self_only,ASMVY,44,112,64,48
latest_0718,near,self_only,GOOGL,45,111,63,48
latest_0718,near,self_only,SIMO,46,110,65,45
latest_0718,near,self_only,VST,47,111,67,44
latest_0718,near,self_only,META,48,106,63,43
latest_0718,near,self_only,Q,49,65,22,43
latest_0718,near,self_only,SITM,50,113,72,41
latest_0718,near,self_only,SMCI,51,113,73,40
latest_0718,near,self_only,ONTO,52,103,65,38
latest_0718,near,self_only,PENG,53,112,76,36
latest_0718,near,self_only,GLW,54,110,77,33
latest_0718,near,self_only,COHU,55,90,59,31
latest_0718,near,self_only,TEL,56,96,66,30
latest_0718,near,self_only,ICHR,57,102,77,25
latest_0718,near,self_only,IFNNY,58,99,76,23
latest_0718,near,self_only,BESIY,59,106,84,22
latest_0718,near,self_only,CAMT,60,89,74,15
latest_0718,near,self_only,AAON,61,57,44,13
latest_0718,near,self_only,AEHR,62,54,42,12
latest_0718,near,self_only,NVMI,63,96,85,11
latest_0718,near,self_only,SMTC,64,95,93,2
latest_0718,near,self_only,P,65,92,93,-1
latest_0718,near,self_only,RMBS,66,89,90,-1
latest_0718,near,self_only,JBL,67,92,94,-2
latest_0718,near,self_only,KEYS,68,90,93,-3
latest_0718,near,self_only,BE,69,89,95,-6
latest_0718,near,self_only,HOCPY,70,69,75,-6
latest_0718,near,self_only,COHR,71,70,77,-7
latest_0718,near,self_only,ADBE,72,82,90,-8
latest_0718,near,self_only,IESC,73,88,97,-9
latest_0718,near,self_only,VECO,74,71,80,-9
latest_0718,near,self_only,ASX,75,84,97,-13
latest_0718,near,self_only,ADI,76,80,96,-16
latest_0718,near,self_only,MICLF,77,80,97,-17
latest_0718,near,self_only,MYRG,78,81,101,-20
latest_0718,near,self_only,TT,79,59,83,-24
latest_0718,near,self_only,AXTI,80,82,107,-25
latest_0718,near,self_only,MSI,81,78,103,-25
latest_0718,near,self_only,TOELY,82,70,95,-25
latest_0718,near,self_only,ETN,83,80,106,-26
latest_0718,near,self_only,CAT,84,79,106,-27
latest_0718,near,self_only,LFUS,85,77,104,-27
latest_0718,near,self_only,RYCEY,86,75,103,-28
latest_0718,near,self_only,HTHIY,87,76,107,-31
latest_0718,near,self_only,DLR,88,73,104,-31
latest_0718,near,self_only,VIAV,89,75,107,-32
latest_0718,near,self_only,MSFT,90,78,113,-35
latest_0718,near,self_only,CMI,91,70,106,-36
latest_0718,near,self_only,BWXT,92,67,105,-38
latest_0718,near,self_only,EME,93,72,112,-40
latest_0718,near,self_only,NTNX,94,68,108,-40
latest_0718,near,self_only,ARM,95,72,115,-43
latest_0718,near,self_only,AMKR,96,72,116,-44
latest_0718,near,self_only,JCI,97,66,116,-50
latest_0718,near,self_only,CDNS,98,68,120,-52
latest_0718,near,self_only,MTRN,99,67,119,-52
latest_0718,near,self_only,PH,100,56,108,-52
latest_0718,near,self_only,SANM,101,45,100,-55
latest_0718,near,self_only,TXN,102,65,121,-56
latest_0718,near,self_only,MRAAY,103,66,123,-57
latest_0718,near,self_only,GNRC,104,66,124,-58
latest_0718,near,self_only,STM,105,63,122,-59
latest_0718,near,self_only,ABBNY,106,59,118,-59
latest_0718,near,self_only,MKSI,107,58,117,-59
latest_0718,near,self_only,ET,108,61,124,-63
latest_0718,near,self_only,CSCO,109,38,103,-65
latest_0718,near,self_only,CRWD,110,57,124,-67
latest_0718,near,self_only,AMZN,111,47,116,-69
latest_0718,near,self_only,IMOS,112,57,127,-70
latest_0718,near,self_only,CARR,113,59,132,-73
latest_0718,near,self_only,ON,114,58,131,-73
latest_0718,near,self_only,LIN,115,56,129,-73
latest_0718,near,self_only,TDY,116,54,127,-73
latest_0718,near,self_only,AJNMY,117,56,130,-74
latest_0718,near,self_only,UMC,118,54,129,-75
latest_0718,near,self_only,MIELY,119,54,130,-76
latest_0718,near,self_only,ACMR,120,52,129,-77
latest_0718,near,self_only,BABA,121,48,127,-79
latest_0718,near,self_only,KLIC,122,53,133,-80
latest_0718,near,self_only,HUBB,123,49,130,-81
latest_0718,near,self_only,VICR,124,45,127,-82
latest_0718,near,self_only,AEP,125,53,136,-83
latest_0718,near,self_only,SMTOY,126,52,135,-83
latest_0718,near,self_only,DOV,127,51,134,-83
latest_0718,near,self_only,BELFB,128,50,133,-83
latest_0718,near,self_only,ECL,129,50,133,-83
latest_0718,near,self_only,HPE,130,51,136,-85
latest_0718,near,self_only,ENTG,131,9,94,-85
latest_0718,near,self_only,DCI,132,50,136,-86
latest_0718,near,self_only,DHR,133,48,138,-90
latest_0718,near,self_only,LRCX,134,47,137,-90
latest_0718,near,self_only,DD,135,46,139,-93
latest_0718,near,self_only,CEG,136,30,126,-96
latest_0718,near,self_only,FLNC,137,46,144,-98
latest_0718,near,self_only,FORM,138,25,124,-99
latest_0718,near,self_only,ST,139,19,120,-101
latest_0718,near,self_only,SHECY,140,40,144,-104
latest_0718,near,self_only,UCTT,141,38,144,-106
latest_0718,near,self_only,VISN,142,37,143,-106
latest_0718,near,self_only,GFS,143,32,140,-108
latest_0718,near,self_only,ETR,144,39,148,-109
latest_0718,near,self_only,NOK,145,35,144,-109
latest_0718,near,self_only,NDSN,146,31,142,-111
latest_0718,near,self_only,IBM,147,14,125,-111
latest_0718,near,self_only,MXL,148,15,127,-112
latest_0718,near,self_only,TMO,149,36,149,-113
latest_0718,near,self_only,ASGLY,150,36,151,-115
latest_0718,near,self_only,ENS,151,31,146,-115
latest_0718,near,self_only,DTE,152,37,153,-116
latest_0718,near,self_only,VSH,153,37,153,-116
latest_0718,near,self_only,BDC,154,18,134,-116
latest_0718,near,self_only,APD,155,32,149,-117
latest_0718,near,self_only,PNR,156,35,153,-118
latest_0718,near,self_only,FLEX,157,21,141,-120
latest_0718,near,self_only,FTV,158,29,151,-122
latest_0718,near,self_only,SNPS,159,19,142,-123
latest_0718,near,self_only,IREN,160,32,158,-126
latest_0718,near,self_only,NTAP,161,30,157,-127
latest_0718,near,self_only,QCOM,162,30,157,-127
latest_0718,near,self_only,MRAM,163,29,157,-128
latest_0718,near,self_only,EQIX,164,26,156,-130
latest_0718,near,self_only,POWI,165,28,159,-131
latest_0718,near,self_only,TTDKY,166,22,156,-134
latest_0718,near,self_only,MMM,167,24,159,-135
latest_0718,near,self_only,ALLE,168,23,165,-142
latest_0718,near,self_only,ACLS,169,19,163,-144
latest_0718,near,self_only,ROG,170,21,168,-147
latest_0718,near,self_only,CBRS,171,18,165,-147
latest_0718,near,self_only,DKILY,172,16,169,-153
latest_0718,near,self_only,CC,173,15,172,-157
latest_0718,near,self_only,RKLB,174,12,170,-158
latest_0718,near,self_only,TSLA,175,16,175,-159
latest_0718,near,self_only,AMPX,176,14,174,-160
latest_0718,near,self_only,TE,177,14,175,-161
latest_0718,near,self_only,PLAB,178,13,175,-162
latest_0718,near,self_only,DIOD,179,8,171,-163
latest_0718,near,self_only,SOMMY,180,13,177,-164
latest_0718,near,self_only,ATKR,181,9,175,-166
latest_0718,near,self_only,INTC,182,9,178,-169
latest_0718,near,self_only,PSIX,183,6,175,-169
latest_0718,near,self_only,AOSL,184,8,183,-175
latest_0718,near,self_only,ENPH,185,7,184,-177
latest_0718,near,self_only,FCEL,186,6,185,-179
latest_0718,near,self_only,NVTS,187,5,185,-180
latest_0718,near,self_only,WOLF,188,5,185,-180
latest_0718,near,self_only,POET,189,4,186,-182
latest_0718,near,self_only,SMR,190,2,189,-187
latest_0718,near,self_only,OKLO,191,1,190,-189
latest_0718,near,self_only,LWLG,192,0,190,-190
latest_0718,near,other_only,NVDA,1,191,0,191
latest_0718,near,other_only,AVGO,2,188,0,188
latest_0718,near,other_only,MU,3,188,1,187
latest_0718,near,other_only,TSM,4,185,2,183
latest_0718,near,other_only,SKHY,5,184,1,183
latest_0718,near,other_only,CRDO,6,183,2,181
latest_0718,near,other_only,SNDK,7,183,3,180
latest_0718,near,other_only,ORCL,8,181,1,180
latest_0718,near,other_only,LITE,9,176,9,167
latest_0718,near,other_only,ATEYY,10,172,6,166
latest_0718,near,other_only,VRT,11,171,6,165
latest_0718,near,other_only,META,12,172,9,163
latest_0718,near,other_only,MOD,13,170,7,163
latest_0718,near,other_only,CLS,14,172,10,162
latest_0718,near,other_only,GOOGL,15,167,11,156
latest_0718,near,other_only,MSFT,16,164,11,153
latest_0718,near,other_only,FIX,17,162,10,152
latest_0718,near,other_only,COHR,18,164,15,149
latest_0718,near,other_only,MRVL,19,163,14,149
latest_0718,near,other_only,AMD,20,164,16,148
latest_0718,near,other_only,TER,21,160,12,148
latest_0718,near,other_only,AMAT,22,163,16,147
latest_0718,near,other_only,ONTO,23,162,15,147
latest_0718,near,other_only,LRCX,24,160,15,145
latest_0718,near,other_only,POWL,25,160,15,145
latest_0718,near,other_only,ALAB,26,163,19,144
latest_0718,near,other_only,ANET,27,158,16,142
latest_0718,near,other_only,BESIY,28,158,17,141
latest_0718,near,other_only,NVT,29,156,15,141
latest_0718,near,other_only,DELL,30,159,19,140
latest_0718,near,other_only,ETN,31,158,18,140
latest_0718,near,other_only,TOELY,32,158,18,140
latest_0718,near,other_only,GEV,33,157,17,140
latest_0718,near,other_only,CRWV,34,156,16,140
latest_0718,near,other_only,AAOI,35,159,21,138
latest_0718,near,other_only,ASMIY,36,158,21,137
latest_0718,near,other_only,STX,37,157,21,136
latest_0718,near,other_only,AAON,38,154,19,135
latest_0718,near,other_only,BE,39,157,23,134
latest_0718,near,other_only,WDC,40,155,23,132
latest_0718,near,other_only,KLAC,41,153,21,132
latest_0718,near,other_only,VST,42,153,21,132
latest_0718,near,other_only,MPWR,43,153,22,131
latest_0718,near,other_only,APH,44,153,23,130
latest_0718,near,other_only,TSEM,45,152,24,128
latest_0718,near,other_only,IESC,46,150,22,128
latest_0718,near,other_only,ASML,47,150,24,126
latest_0718,near,other_only,CIEN,48,149,23,126
latest_0718,near,other_only,CAMT,49,148,22,126
latest_0718,near,other_only,DSCSY,50,150,25,125
latest_0718,near,other_only,VECO,51,152,28,124
latest_0718,near,other_only,SIMO,52,150,26,124
latest_0718,near,other_only,SITM,53,148,25,123
latest_0718,near,other_only,RYCEY,54,147,24,123
latest_0718,near,other_only,PWR,55,144,22,122
latest_0718,near,other_only,CEG,56,144,23,121
latest_0718,near,other_only,EME,57,145,25,120
latest_0718,near,other_only,MTSI,58,144,24,120
latest_0718,near,other_only,AMZN,59,147,28,119
latest_0718,near,other_only,NVMI,60,147,28,119
latest_0718,near,other_only,ASMVY,61,142,33,109
latest_0718,near,other_only,TT,62,139,36,103
latest_0718,near,other_only,SANM,63,138,35,103
latest_0718,near,other_only,SMTC,64,138,36,102
latest_0718,near,other_only,ASX,65,138,40,98
latest_0718,near,other_only,VICR,66,137,39,98
latest_0718,near,other_only,PENG,67,135,37,98
latest_0718,near,other_only,ACMR,68,134,36,98
latest_0718,near,other_only,HUBB,69,134,36,98
latest_0718,near,other_only,MKSI,70,138,41,97
latest_0718,near,other_only,AEIS,71,130,37,93
latest_0718,near,other_only,JBL,72,130,37,93
latest_0718,near,other_only,ABBNY,73,133,43,90
latest_0718,near,other_only,KEYS,74,129,41,88
latest_0718,near,other_only,BWXT,75,127,41,86
latest_0718,near,other_only,IFNNY,76,131,47,84
latest_0718,near,other_only,MCHP,77,127,44,83
latest_0718,near,other_only,FLEX,78,123,40,83
latest_0718,near,other_only,HTHIY,79,131,50,81
latest_0718,near,other_only,TEL,80,125,47,78
latest_0718,near,other_only,NBIS,81,128,51,77
latest_0718,near,other_only,KLIC,82,126,49,77
latest_0718,near,other_only,FN,83,124,48,76
latest_0718,near,other_only,CRWD,84,122,46,76
latest_0718,near,other_only,MSI,85,122,49,73
latest_0718,near,other_only,GNRC,86,119,46,73
latest_0718,near,other_only,HPE,87,122,50,72
latest_0718,near,other_only,ADI,88,116,45,71
latest_0718,near,other_only,JCI,89,119,51,68
latest_0718,near,other_only,RMBS,90,114,52,62
latest_0718,near,other_only,PH,91,113,52,61
latest_0718,near,other_only,GLW,92,115,58,57
latest_0718,near,other_only,UCTT,93,118,62,56
latest_0718,near,other_only,FORM,94,110,55,55
latest_0718,near,other_only,ADBE,95,116,62,54
latest_0718,near,other_only,MICLF,96,116,62,54
latest_0718,near,other_only,NTNX,97,115,61,54
latest_0718,near,other_only,MYRG,98,113,59,54
latest_0718,near,other_only,BABA,99,110,57,53
latest_0718,near,other_only,ICHR,100,115,65,50
latest_0718,near,other_only,P,101,109,60,49
latest_0718,near,other_only,AXTI,102,110,67,43
latest_0718,near,other_only,BELFB,103,104,66,38
latest_0718,near,other_only,CAT,104,103,66,37
latest_0718,near,other_only,VIAV,105,107,71,36
latest_0718,near,other_only,CARR,106,96,62,34
latest_0718,near,other_only,AMKR,107,103,71,32
latest_0718,near,other_only,APLD,108,102,73,29
latest_0718,near,other_only,IREN,109,100,71,29
latest_0718,near,other_only,MXL,110,99,72,27
latest_0718,near,other_only,ARM,111,99,74,25
latest_0718,near,other_only,CDNS,112,97,72,25
latest_0718,near,other_only,CMI,113,93,72,21
latest_0718,near,other_only,SNPS,114,95,75,20
latest_0718,near,other_only,ENTG,115,93,78,15
latest_0718,near,other_only,Q,116,94,80,14
latest_0718,near,other_only,SMCI,117,90,80,10
latest_0718,near,other_only,LFUS,118,86,78,8
latest_0718,near,other_only,DLR,119,87,82,5
latest_0718,near,other_only,DIOD,120,89,87,2
latest_0718,near,other_only,EQIX,121,86,85,1
latest_0718,near,other_only,COHU,122,88,89,-1
latest_0718,near,other_only,CSCO,123,82,86,-4
latest_0718,near,other_only,TDY,124,79,84,-5
latest_0718,near,other_only,MTRN,125,82,89,-7
latest_0718,near,other_only,TTDKY,126,84,92,-8
latest_0718,near,other_only,NTAP,127,74,95,-21
latest_0718,near,other_only,ENS,128,72,101,-29
latest_0718,near,other_only,MIELY,129,69,98,-29
latest_0718,near,other_only,AEHR,130,71,101,-30
latest_0718,near,other_only,ECL,131,65,97,-32
latest_0718,near,other_only,SMTOY,132,72,105,-33
latest_0718,near,other_only,TXN,133,68,102,-34
latest_0718,near,other_only,CBRS,134,72,108,-36
latest_0718,near,other_only,UMC,135,68,105,-37
latest_0718,near,other_only,PSIX,136,66,103,-37
latest_0718,near,other_only,IMOS,137,70,108,-38
latest_0718,near,other_only,ET,138,69,107,-38
latest_0718,near,other_only,VISN,139,65,104,-39
latest_0718,near,other_only,MRAAY,140,63,107,-44
latest_0718,near,other_only,HOCPY,141,66,111,-45
latest_0718,near,other_only,DOV,142,59,105,-46
latest_0718,near,other_only,TMO,143,59,107,-48
latest_0718,near,other_only,NOK,144,62,113,-51
latest_0718,near,other_only,VSH,145,62,114,-52
latest_0718,near,other_only,NDSN,146,54,111,-57
latest_0718,near,other_only,SHECY,147,52,109,-57
latest_0718,near,other_only,IBM,148,56,115,-59
latest_0718,near,other_only,DHR,149,54,115,-61
latest_0718,near,other_only,ETR,150,52,121,-69
latest_0718,near,other_only,STM,151,52,122,-70
latest_0718,near,other_only,BDC,152,51,125,-74
latest_0718,near,other_only,QCOM,153,47,121,-74
latest_0718,near,other_only,DCI,154,47,123,-76
latest_0718,near,other_only,ON,155,48,126,-78
latest_0718,near,other_only,LIN,156,49,128,-79
latest_0718,near,other_only,RKLB,157,51,131,-80
latest_0718,near,other_only,DD,158,45,126,-81
latest_0718,near,other_only,ACLS,159,42,125,-83
latest_0718,near,other_only,GFS,160,40,124,-84
latest_0718,near,other_only,DTE,161,46,132,-86
latest_0718,near,other_only,ALLE,162,44,133,-89
latest_0718,near,other_only,FLNC,163,42,133,-91
latest_0718,near,other_only,AMPX,164,42,137,-95
latest_0718,near,other_only,AEP,165,41,136,-95
latest_0718,near,other_only,DKILY,166,39,139,-100
latest_0718,near,other_only,AJNMY,167,38,138,-100
latest_0718,near,other_only,FTV,168,34,141,-107
latest_0718,near,other_only,POWI,169,34,143,-109
latest_0718,near,other_only,PNR,170,32,143,-111
latest_0718,near,other_only,MMM,171,32,145,-113
latest_0718,near,other_only,PLAB,172,32,145,-113
latest_0718,near,other_only,ST,173,30,147,-117
latest_0718,near,other_only,AOSL,174,27,157,-130
latest_0718,near,other_only,APD,175,24,154,-130
latest_0718,near,other_only,TE,176,26,157,-131
latest_0718,near,other_only,ASGLY,177,22,155,-133
latest_0718,near,other_only,ROG,178,22,156,-134
latest_0718,near,other_only,CC,179,22,157,-135
latest_0718,near,other_only,SOMMY,180,23,159,-136
latest_0718,near,other_only,TSLA,181,18,158,-140
latest_0718,near,other_only,ATKR,182,17,162,-145
latest_0718,near,other_only,MRAM,183,16,165,-149
latest_0718,near,other_only,NVTS,184,16,167,-151
latest_0718,near,other_only,INTC,185,11,173,-162
latest_0718,near,other_only,ENPH,186,10,177,-167
latest_0718,near,other_only,POET,187,4,183,-179
latest_0718,near,other_only,WOLF,188,3,187,-184
latest_0718,near,other_only,SMR,189,2,186,-184
latest_0718,near,other_only,FCEL,190,3,188,-185
latest_0718,near,other_only,OKLO,191,1,187,-186
latest_0718,near,other_only,LWLG,192,0,190,-190
latest_0718,near,agreement_only,MU,1,176,0,176
latest_0718,near,agreement_only,AVGO,2,175,0,175
latest_0718,near,agreement_only,SNDK,3,164,2,162
latest_0718,near,agreement_only,NVDA,4,156,0,156
latest_0718,near,agreement_only,TSM,5,155,2,153
latest_0718,near,agreement_only,LITE,6,155,5,150
latest_0718,near,agreement_only,CRWV,7,149,3,146
latest_0718,near,agreement_only,DELL,8,148,7,141
latest_0718,near,agreement_only,ALAB,9,147,7,140
latest_0718,near,agreement_only,ATEYY,10,139,1,138
latest_0718,near,agreement_only,ORCL,11,139,1,138
latest_0718,near,agreement_only,MRVL,12,146,10,136
latest_0718,near,agreement_only,STX,13,138,11,127
latest_0718,near,agreement_only,SKHY,14,126,0,126
latest_0718,near,agreement_only,AMAT,15,136,11,125
latest_0718,near,agreement_only,MPWR,16,134,10,124
latest_0718,near,agreement_only,AMD,17,130,10,120
latest_0718,near,agreement_only,ASML,18,131,12,119
latest_0718,near,agreement_only,NBIS,19,125,6,119
latest_0718,near,agreement_only,VRT,20,117,1,116
latest_0718,near,agreement_only,TSEM,21,119,6,113
latest_0718,near,agreement_only,NVT,22,121,9,112
latest_0718,near,agreement_only,TER,23,121,9,112
latest_0718,near,agreement_only,CLS,24,115,6,109
latest_0718,near,agreement_only,KLAC,25,122,14,108
latest_0718,near,agreement_only,MTSI,26,121,18,103
latest_0718,near,agreement_only,ANET,27,115,12,103
latest_0718,near,agreement_only,ASMIY,28,119,17,102
latest_0718,near,agreement_only,MOD,29,107,5,102
latest_0718,near,agreement_only,FIX,30,107,6,101
latest_0718,near,agreement_only,WDC,31,117,17,100
latest_0718,near,agreement_only,POWL,32,109,9,100
latest_0718,near,agreement_only,DSCSY,33,107,8,99
latest_0718,near,agreement_only,CIEN,34,113,16,97
latest_0718,near,agreement_only,GOOGL,35,107,11,96
latest_0718,near,agreement_only,META,36,104,8,96
latest_0718,near,agreement_only,APH,37,113,20,93
latest_0718,near,agreement_only,VST,38,104,12,92
latest_0718,near,agreement_only,CRDO,39,93,1,92
latest_0718,near,agreement_only,PWR,40,104,14,90
latest_0718,near,agreement_only,GEV,41,92,2,90
latest_0718,near,agreement_only,AAOI,42,95,7,88
latest_0718,near,agreement_only,AEIS,43,103,16,87
latest_0718,near,agreement_only,ONTO,44,99,13,86
latest_0718,near,agreement_only,FN,45,98,12,86
latest_0718,near,agreement_only,BESIY,46,96,11,85
latest_0718,near,agreement_only,ASMVY,47,106,24,82
latest_0718,near,agreement_only,SIMO,48,99,18,81
latest_0718,near,agreement_only,SITM,49,100,21,79
latest_0718,near,agreement_only,MCHP,50,96,29,67
latest_0718,near,agreement_only,PENG,51,93,26,67
latest_0718,near,agreement_only,MSFT,52,78,11,67
latest_0718,near,agreement_only,NVMI,53,89,24,65
latest_0718,near,agreement_only,IESC,54,85,20,65
latest_0718,near,agreement_only,BE,55,84,19,65
latest_0718,near,agreement_only,CAMT,56,85,21,64
latest_0718,near,agreement_only,ETN,57,78,17,61
latest_0718,near,agreement_only,SMTC,58,87,32,55
latest_0718,near,agreement_only,COHR,59,69,15,54
latest_0718,near,agreement_only,TOELY,60,70,17,53
latest_0718,near,agreement_only,JBL,61,83,33,50
latest_0718,near,agreement_only,TEL,62,83,34,49
latest_0718,near,agreement_only,RYCEY,63,71,22,49
latest_0718,near,agreement_only,IFNNY,64,87,39,48
latest_0718,near,agreement_only,GLW,65,92,45,47
latest_0718,near,agreement_only,KEYS,66,82,37,45
latest_0718,near,agreement_only,ASX,67,78,35,43
latest_0718,near,agreement_only,EME,68,67,24,43
latest_0718,near,agreement_only,VECO,69,62,20,42
latest_0718,near,agreement_only,AAON,70,55,13,42
latest_0718,near,agreement_only,Q,71,56,17,39
latest_0718,near,agreement_only,ICHR,72,87,49,38
latest_0718,near,agreement_only,APLD,73,57,19,38
latest_0718,near,agreement_only,RMBS,74,80,44,36
latest_0718,near,agreement_only,LRCX,75,47,15,32
latest_0718,near,agreement_only,P,76,81,52,29
latest_0718,near,agreement_only,ADI,77,66,38,28
latest_0718,near,agreement_only,SMCI,78,71,45,26
latest_0718,near,agreement_only,TT,79,56,30,26
latest_0718,near,agreement_only,MSI,80,70,46,24
latest_0718,near,agreement_only,BWXT,81,62,38,24
latest_0718,near,agreement_only,HTHIY,82,66,43,23
latest_0718,near,agreement_only,ADBE,83,73,52,21
latest_0718,near,agreement_only,MYRG,84,72,52,20
latest_0718,near,agreement_only,AMZN,85,46,27,19
latest_0718,near,agreement_only,GNRC,86,61,44,17
latest_0718,near,agreement_only,ACMR,87,46,29,17
latest_0718,near,agreement_only,MICLF,88,67,51,16
latest_0718,near,agreement_only,ABBNY,89,58,42,16
latest_0718,near,agreement_only,MKSI,90,53,37,16
latest_0718,near,agreement_only,JCI,91,62,49,13
latest_0718,near,agreement_only,HUBB,92,48,35,13
latest_0718,near,agreement_only,CAT,93,66,54,12
latest_0718,near,agreement_only,AXTI,94,63,52,11
latest_0718,near,agreement_only,COHU,95,58,47,11
latest_0718,near,agreement_only,SANM,96,43,34,9
latest_0718,near,agreement_only,VICR,97,39,30,9
latest_0718,near,agreement_only,CEG,98,30,22,8
latest_0718,near,agreement_only,CRWD,99,44,37,7
latest_0718,near,agreement_only,VIAV,100,70,66,4
latest_0718,near,agreement_only,NTNX,101,64,60,4
latest_0718,near,agreement_only,PH,102,50,46,4
latest_0718,near,agreement_only,KLIC,103,48,44,4
latest_0718,near,agreement_only,HPE,104,43,44,-1
latest_0718,near,agreement_only,AEHR,105,27,28,-1
latest_0718,near,agreement_only,ARM,106,62,64,-2
latest_0718,near,agreement_only,CMI,107,54,57,-3
latest_0718,near,agreement_only,AMKR,108,66,70,-4
latest_0718,near,agreement_only,CDNS,109,66,70,-4
latest_0718,near,agreement_only,LFUS,110,59,64,-5
latest_0718,near,agreement_only,CARR,111,52,61,-9
latest_0718,near,agreement_only,BABA,112,43,53,-10
latest_0718,near,agreement_only,DLR,113,60,71,-11
latest_0718,near,agreement_only,BELFB,114,47,64,-17
latest_0718,near,agreement_only,FLEX,115,21,40,-19
latest_0718,near,agreement_only,HOCPY,116,38,58,-20
latest_0718,near,agreement_only,UCTT,117,34,59,-25
latest_0718,near,agreement_only,FORM,118,23,49,-26
latest_0718,near,agreement_only,MTRN,119,50,80,-30
latest_0718,near,agreement_only,TDY,120,44,78,-34
latest_0718,near,agreement_only,CSCO,121,37,76,-39
latest_0718,near,agreement_only,TXN,122,52,93,-41
latest_0718,near,agreement_only,IREN,123,22,63,-41
latest_0718,near,agreement_only,MRAAY,124,42,87,-45
latest_0718,near,agreement_only,MXL,125,15,61,-46
latest_0718,near,agreement_only,MIELY,126,32,79,-47
latest_0718,near,agreement_only,UMC,127,42,90,-48
latest_0718,near,agreement_only,ENTG,128,9,58,-49
latest_0718,near,agreement_only,ET,129,41,92,-51
latest_0718,near,agreement_only,IMOS,130,37,88,-51
latest_0718,near,agreement_only,ECL,131,40,93,-53
latest_0718,near,agreement_only,SMTOY,132,40,95,-55
latest_0718,near,agreement_only,SNPS,133,18,73,-55
latest_0718,near,agreement_only,DOV,134,37,95,-58
latest_0718,near,agreement_only,STM,135,39,100,-61
latest_0718,near,agreement_only,EQIX,136,22,84,-62
latest_0718,near,agreement_only,VISN,137,27,93,-66
latest_0718,near,agreement_only,NTAP,138,25,92,-67
latest_0718,near,agreement_only,TTDKY,139,18,86,-68
latest_0718,near,agreement_only,TMO,140,26,95,-69
latest_0718,near,agreement_only,DHR,141,35,105,-70
latest_0718,near,agreement_only,SHECY,142,33,103,-70
latest_0718,near,agreement_only,ENS,143,27,97,-70
latest_0718,near,agreement_only,LIN,144,36,108,-72
latest_0718,near,agreement_only,ON,145,36,108,-72
latest_0718,near,agreement_only,DCI,146,33,111,-78
latest_0718,near,agreement_only,DIOD,147,8,86,-78
latest_0718,near,agreement_only,NOK,148,26,105,-79
latest_0718,near,agreement_only,NDSN,149,23,102,-79
latest_0718,near,agreement_only,VSH,150,23,104,-81
latest_0718,near,agreement_only,IBM,151,11,94,-83
latest_0718,near,agreement_only,AJNMY,152,31,115,-84
latest_0718,near,agreement_only,AEP,153,29,114,-85
latest_0718,near,agreement_only,DD,154,29,114,-85
latest_0718,near,agreement_only,ETR,155,27,112,-85
latest_0718,near,agreement_only,CBRS,156,13,99,-86
latest_0718,near,agreement_only,GFS,157,19,106,-87
latest_0718,near,agreement_only,QCOM,158,20,111,-91
latest_0718,near,agreement_only,FLNC,159,24,116,-92
latest_0718,near,agreement_only,ST,160,9,102,-93
latest_0718,near,agreement_only,BDC,161,14,108,-94
latest_0718,near,agreement_only,DTE,162,26,123,-97
latest_0718,near,agreement_only,PSIX,163,5,102,-97
latest_0718,near,agreement_only,ACLS,164,16,117,-101
latest_0718,near,agreement_only,FTV,165,21,129,-108
latest_0718,near,agreement_only,PNR,166,19,131,-112
latest_0718,near,agreement_only,ALLE,167,17,129,-112
latest_0718,near,agreement_only,RKLB,168,9,122,-113
latest_0718,near,agreement_only,POWI,169,14,131,-117
latest_0718,near,agreement_only,APD,170,20,138,-118
latest_0718,near,agreement_only,MMM,171,16,134,-118
latest_0718,near,agreement_only,DKILY,172,14,132,-118
latest_0718,near,agreement_only,ASGLY,173,15,137,-122
latest_0718,near,agreement_only,AMPX,174,10,132,-122
latest_0718,near,agreement_only,PLAB,175,11,140,-129
latest_0718,near,agreement_only,MRAM,176,13,146,-133
latest_0718,near,agreement_only,ROG,177,13,149,-136
latest_0718,near,agreement_only,CC,178,10,150,-140
latest_0718,near,agreement_only,TE,179,9,152,-143
latest_0718,near,agreement_only,TSLA,180,11,155,-144
latest_0718,near,agreement_only,SOMMY,181,10,157,-147
latest_0718,near,agreement_only,ATKR,182,8,156,-148
latest_0718,near,agreement_only,AOSL,183,8,157,-149
latest_0718,near,agreement_only,INTC,184,8,168,-160
latest_0718,near,agreement_only,NVTS,185,3,166,-163
latest_0718,near,agreement_only,ENPH,186,7,177,-170
latest_0718,near,agreement_only,POET,187,3,181,-178
latest_0718,near,agreement_only,FCEL,188,3,185,-182
latest_0718,near,agreement_only,WOLF,189,3,185,-182
latest_0718,near,agreement_only,SMR,190,2,186,-184
latest_0718,near,agreement_only,OKLO,191,0,187,-187
latest_0718,near,agreement_only,LWLG,192,0,189,-189
latest_0718,near,high_only,MU,1,285,0,285
latest_0718,near,high_only,AVGO,2,198,1,197
latest_0718,near,high_only,GOOGL,3,209,19,190
latest_0718,near,high_only,CRWV,4,181,7,174
latest_0718,near,high_only,ASML,5,179,5,174
latest_0718,near,high_only,TSM,6,175,1,174
latest_0718,near,high_only,NVDA,7,173,2,171
latest_0718,near,high_only,MRVL,8,173,3,170
latest_0718,near,high_only,ALAB,9,174,7,167
latest_0718,near,high_only,MPWR,10,176,10,166
latest_0718,near,high_only,ORCL,11,169,3,166
latest_0718,near,high_only,KLAC,12,168,7,161
latest_0718,near,high_only,POWL,13,171,13,158
latest_0718,near,high_only,META,14,163,5,158
latest_0718,near,high_only,ATEYY,15,163,8,155
latest_0718,near,high_only,SKHY,16,156,2,154
latest_0718,near,high_only,LITE,17,158,9,149
latest_0718,near,high_only,CRDO,18,151,4,147
latest_0718,near,high_only,FIX,19,151,9,142
latest_0718,near,high_only,MSFT,20,147,6,141
latest_0718,near,high_only,ASMIY,21,152,16,136
latest_0718,near,high_only,DELL,22,131,6,125
latest_0718,near,high_only,MOD,23,131,7,124
latest_0718,near,high_only,VRT,24,124,0,124
latest_0718,near,high_only,APH,25,121,1,120
latest_0718,near,high_only,ANET,26,129,10,119
latest_0718,near,high_only,SNDK,27,119,3,116
latest_0718,near,high_only,ETN,28,127,12,115
latest_0718,near,high_only,CIEN,29,132,18,114
latest_0718,near,high_only,AMAT,30,118,4,114
latest_0718,near,high_only,CLS,31,125,13,112
latest_0718,near,high_only,GEV,32,107,0,107
latest_0718,near,high_only,EME,33,127,27,100
latest_0718,near,high_only,TOELY,34,112,19,93
latest_0718,near,high_only,ONTO,35,97,5,92
latest_0718,near,high_only,LRCX,36,111,20,91
latest_0718,near,high_only,AMZN,37,89,2,87
latest_0718,near,high_only,ADBE,38,112,26,86
latest_0718,near,high_only,PWR,39,90,5,85
latest_0718,near,high_only,BESIY,40,103,19,84
latest_0718,near,high_only,TT,41,85,2,83
latest_0718,near,high_only,NVT,42,94,12,82
latest_0718,near,high_only,CAMT,43,90,8,82
latest_0718,near,high_only,TER,44,86,5,81
latest_0718,near,high_only,VST,45,82,3,79
latest_0718,near,high_only,DSCSY,46,80,2,78
latest_0718,near,high_only,TEL,47,89,13,76
latest_0718,near,high_only,NVMI,48,86,11,75
latest_0718,near,high_only,RYCEY,49,81,9,72
latest_0718,near,high_only,CEG,50,78,7,71
latest_0718,near,high_only,AMD,51,76,6,70
latest_0718,near,high_only,STX,52,76,9,67
latest_0718,near,high_only,ASMVY,53,84,21,63
latest_0718,near,high_only,COHR,54,62,0,62
latest_0718,near,high_only,WDC,55,66,7,59
latest_0718,near,high_only,AEIS,56,65,6,59
latest_0718,near,high_only,HTHIY,57,104,48,56
latest_0718,near,high_only,IESC,58,68,13,55
latest_0718,near,high_only,MTSI,59,62,9,53
latest_0718,near,high_only,ADI,60,76,26,50
latest_0718,near,high_only,HUBB,61,83,36,47
latest_0718,near,high_only,CRWD,62,79,32,47
latest_0718,near,high_only,BWXT,63,83,37,46
latest_0718,near,high_only,ABBNY,64,88,43,45
latest_0718,near,high_only,AAON,65,43,1,42
latest_0718,near,high_only,KEYS,66,69,30,39
latest_0718,near,high_only,AAOI,67,41,2,39
latest_0718,near,high_only,MSI,68,67,31,36
latest_0718,near,high_only,JBL,69,64,28,36
latest_0718,near,high_only,SIMO,70,56,23,33
latest_0718,near,high_only,FN,71,39,6,33
latest_0718,near,high_only,CDNS,72,61,29,32
latest_0718,near,high_only,TSEM,73,33,2,31
latest_0718,near,high_only,IFNNY,74,61,32,29
latest_0718,near,high_only,ASX,75,65,38,27
latest_0718,near,high_only,SITM,76,64,39,25
latest_0718,near,high_only,SANM,77,37,12,25
latest_0718,near,high_only,CAT,78,57,34,23
latest_0718,near,high_only,JCI,79,68,49,19
latest_0718,near,high_only,CMI,80,55,37,18
latest_0718,near,high_only,MICLF,81,54,37,17
latest_0718,near,high_only,VECO,82,36,19,17
latest_0718,near,high_only,SMTC,83,29,17,12
latest_0718,near,high_only,NBIS,84,22,10,12
latest_0718,near,high_only,MCHP,85,41,30,11
latest_0718,near,high_only,VICR,86,30,20,10
latest_0718,near,high_only,PENG,87,23,13,10
latest_0718,near,high_only,P,88,41,35,6
latest_0718,near,high_only,CSCO,89,20,14,6
latest_0718,near,high_only,ENTG,90,19,13,6
latest_0718,near,high_only,HPE,91,46,43,3
latest_0718,near,high_only,GLW,92,38,35,3
latest_0718,near,high_only,AMKR,93,18,15,3
latest_0718,near,high_only,BE,94,43,42,1
latest_0718,near,high_only,Q,95,13,14,-1
latest_0718,near,high_only,CARR,96,35,37,-2
latest_0718,near,high_only,QCOM,97,19,21,-2
latest_0718,near,high_only,LFUS,98,34,38,-4
latest_0718,near,high_only,COHU,99,13,17,-4
latest_0718,near,high_only,HOCPY,100,13,17,-4
latest_0718,near,high_only,IBM,101,18,25,-7
latest_0718,near,high_only,MKSI,102,36,44,-8
latest_0718,near,high_only,DLR,103,31,39,-8
latest_0718,near,high_only,BABA,104,15,23,-8
latest_0718,near,high_only,MYRG,105,31,40,-9
latest_0718,near,high_only,NTNX,106,47,57,-10
latest_0718,near,high_only,FLEX,107,46,56,-10
latest_0718,near,high_only,ACMR,108,47,60,-13
latest_0718,near,high_only,VIAV,109,18,32,-14
latest_0718,near,high_only,RMBS,110,34,49,-15
latest_0718,near,high_only,APLD,111,9,24,-15
latest_0718,near,high_only,EQIX,112,31,47,-16
latest_0718,near,high_only,GNRC,113,47,66,-19
latest_0718,near,high_only,PH,114,36,55,-19
latest_0718,near,high_only,BDC,115,13,34,-21
latest_0718,near,high_only,ICHR,116,13,34,-21
latest_0718,near,high_only,ET,117,42,66,-24
latest_0718,near,high_only,SMCI,118,20,45,-25
latest_0718,near,high_only,MXL,119,10,35,-25
latest_0718,near,high_only,ARM,120,29,55,-26
latest_0718,near,high_only,NTAP,121,44,71,-27
latest_0718,near,high_only,SHECY,122,19,46,-27
latest_0718,near,high_only,SNPS,123,34,63,-29
latest_0718,near,high_only,BELFB,124,17,46,-29
latest_0718,near,high_only,FORM,125,16,47,-31
latest_0718,near,high_only,ENS,126,28,60,-32
latest_0718,near,high_only,MRAAY,127,26,59,-33
latest_0718,near,high_only,LIN,128,42,77,-35
latest_0718,near,high_only,ACLS,129,9,44,-35
latest_0718,near,high_only,ECL,130,34,72,-38
latest_0718,near,high_only,TMO,131,30,68,-38
latest_0718,near,high_only,DOV,132,30,69,-39
latest_0718,near,high_only,ON,133,25,64,-39
latest_0718,near,high_only,TXN,134,40,80,-40
latest_0718,near,high_only,DHR,135,27,67,-40
latest_0718,near,high_only,MIELY,136,29,71,-42
latest_0718,near,high_only,KLIC,137,18,60,-42
latest_0718,near,high_only,AEHR,138,4,46,-42
latest_0718,near,high_only,TDY,139,35,78,-43
latest_0718,near,high_only,DD,140,18,62,-44
latest_0718,near,high_only,DCI,141,25,70,-45
latest_0718,near,high_only,AJNMY,142,19,65,-46
latest_0718,near,high_only,TTDKY,143,23,71,-48
latest_0718,near,high_only,IMOS,144,16,64,-48
latest_0718,near,high_only,ST,145,6,54,-48
latest_0718,near,high_only,AXTI,146,14,63,-49
latest_0718,near,high_only,VISN,147,12,63,-51
latest_0718,near,high_only,AEP,148,30,85,-55
latest_0718,near,high_only,UMC,149,22,82,-60
latest_0718,near,high_only,ASGLY,150,14,74,-60
latest_0718,near,high_only,UCTT,151,15,76,-61
latest_0718,near,high_only,SMTOY,152,25,87,-62
latest_0718,near,high_only,FTV,153,22,84,-62
latest_0718,near,high_only,ETR,154,24,88,-64
latest_0718,near,high_only,MTRN,155,23,87,-64
latest_0718,near,high_only,NDSN,156,21,85,-64
latest_0718,near,high_only,NOK,157,20,85,-65
latest_0718,near,high_only,MMM,158,17,82,-65
latest_0718,near,high_only,ALLE,159,25,110,-85
latest_0718,near,high_only,STM,160,11,96,-85
latest_0718,near,high_only,PNR,161,25,112,-87
latest_0718,near,high_only,GFS,162,11,99,-88
latest_0718,near,high_only,VSH,163,8,97,-89
latest_0718,near,high_only,IREN,164,11,104,-93
latest_0718,near,high_only,APD,165,17,111,-94
latest_0718,near,high_only,FLNC,166,11,106,-95
latest_0718,near,high_only,DKILY,167,19,116,-97
latest_0718,near,high_only,PSIX,168,13,111,-98
latest_0718,near,high_only,DTE,169,31,130,-99
latest_0718,near,high_only,ATKR,170,9,117,-108
latest_0718,near,high_only,SOMMY,171,7,117,-110
latest_0718,near,high_only,DIOD,172,9,120,-111
latest_0718,near,high_only,ROG,173,8,119,-111
latest_0718,near,high_only,CBRS,174,10,135,-125
latest_0718,near,high_only,POWI,175,10,145,-135
latest_0718,near,high_only,PLAB,176,11,154,-143
latest_0718,near,high_only,CC,177,10,159,-149
latest_0718,near,high_only,AOSL,178,9,160,-151
latest_0718,near,high_only,TSLA,179,13,169,-156
latest_0718,near,high_only,RKLB,180,8,169,-161
latest_0718,near,high_only,AMPX,181,7,185,-178
latest_0718,near,high_only,ENPH,182,5,190,-185
latest_0718,near,high_only,MRAM,183,7,210,-203
latest_0718,near,high_only,INTC,184,9,234,-225
latest_0718,near,high_only,TE,185,8,242,-234
latest_0718,near,high_only,NVTS,186,3,268,-265
latest_0718,near,high_only,FCEL,187,4,288,-284
latest_0718,near,high_only,POET,188,1,295,-294
latest_0718,near,high_only,LWLG,189,0,315,-315
latest_0718,near,high_only,SMR,190,0,315,-315
latest_0718,near,high_only,WOLF,191,5,327,-322
latest_0718,near,high_only,OKLO,192,0,343,-343
latest_0718,near,strength_weighted,MU,1,366,5,690
latest_0718,near,strength_weighted,AVGO,2,363,8,628
latest_0718,near,strength_weighted,SNDK,3,353,21,580
latest_0718,near,strength_weighted,LITE,4,339,34,554
latest_0718,near,strength_weighted,CRWV,5,331,29,544
latest_0718,near,strength_weighted,NVDA,6,347,18,533
latest_0718,near,strength_weighted,SKHY,7,314,12,527
latest_0718,near,strength_weighted,ORCL,8,323,35,518
latest_0718,near,strength_weighted,ALAB,9,320,30,513
latest_0718,near,strength_weighted,MRVL,10,320,30,508
latest_0718,near,strength_weighted,ATEYY,11,321,35,497
latest_0718,near,strength_weighted,VRT,12,292,8,496
latest_0718,near,strength_weighted,TSM,13,341,27,484
latest_0718,near,strength_weighted,MPWR,14,307,49,466
latest_0718,near,strength_weighted,DELL,15,328,40,465
latest_0718,near,strength_weighted,ASML,16,298,50,463
latest_0718,near,strength_weighted,NBIS,17,309,61,446
latest_0718,near,strength_weighted,TER,18,292,47,440
latest_0718,near,strength_weighted,MOD,19,284,61,431
latest_0718,near,strength_weighted,AMAT,20,307,53,430
latest_0718,near,strength_weighted,AMD,21,306,52,430
latest_0718,near,strength_weighted,STX,22,312,55,428
latest_0718,near,strength_weighted,CLS,23,293,63,422
latest_0718,near,strength_weighted,CRDO,24,277,34,418
latest_0718,near,strength_weighted,KLAC,25,280,63,402
latest_0718,near,strength_weighted,ASMIY,26,286,60,400
latest_0718,near,strength_weighted,FIX,27,276,74,395
latest_0718,near,strength_weighted,DSCSY,28,264,37,395
latest_0718,near,strength_weighted,NVT,29,288,59,392
latest_0718,near,strength_weighted,GOOGL,30,278,74,380
latest_0718,near,strength_weighted,POWL,31,280,71,375
latest_0718,near,strength_weighted,CIEN,32,275,69,372
latest_0718,near,strength_weighted,TSEM,33,289,35,371
latest_0718,near,strength_weighted,META,34,278,72,370
latest_0718,near,strength_weighted,PWR,35,256,64,360
latest_0718,near,strength_weighted,GEV,36,253,27,358
latest_0718,near,strength_weighted,MTSI,37,282,72,357
latest_0718,near,strength_weighted,AAOI,38,261,37,348
latest_0718,near,strength_weighted,ONTO,39,265,80,345
latest_0718,near,strength_weighted,WDC,40,281,78,339
latest_0718,near,strength_weighted,APH,41,276,85,336
latest_0718,near,strength_weighted,ANET,42,275,79,336
latest_0718,near,strength_weighted,AEIS,43,266,78,325
latest_0718,near,strength_weighted,BESIY,44,264,101,312
latest_0718,near,strength_weighted,SIMO,45,260,91,305
latest_0718,near,strength_weighted,VST,46,264,88,293
latest_0718,near,strength_weighted,SITM,47,261,97,290
latest_0718,near,strength_weighted,COHR,48,234,92,280
latest_0718,near,strength_weighted,CAMT,49,237,96,276
latest_0718,near,strength_weighted,MSFT,50,242,124,257
latest_0718,near,strength_weighted,ASMVY,51,254,97,254
latest_0718,near,strength_weighted,IESC,52,238,119,252
latest_0718,near,strength_weighted,AAON,53,211,63,249
latest_0718,near,strength_weighted,FN,54,232,65,243
latest_0718,near,strength_weighted,NVMI,55,243,113,241
latest_0718,near,strength_weighted,TOELY,56,228,113,236
latest_0718,near,strength_weighted,PENG,57,247,113,216
latest_0718,near,strength_weighted,ETN,58,238,124,215
latest_0718,near,strength_weighted,MCHP,59,244,105,214
latest_0718,near,strength_weighted,BE,60,246,118,210
latest_0718,near,strength_weighted,TEL,61,221,113,207
latest_0718,near,strength_weighted,RYCEY,62,222,127,197
latest_0718,near,strength_weighted,SMTC,63,233,129,191
latest_0718,near,strength_weighted,VECO,64,223,108,187
latest_0718,near,strength_weighted,TT,65,198,119,181
latest_0718,near,strength_weighted,EME,66,217,137,177
latest_0718,near,strength_weighted,LRCX,67,207,152,172
latest_0718,near,strength_weighted,IFNNY,68,230,123,157
latest_0718,near,strength_weighted,ASX,69,222,137,157
latest_0718,near,strength_weighted,KEYS,70,219,134,156
latest_0718,near,strength_weighted,GLW,71,225,135,149
latest_0718,near,strength_weighted,JBL,72,222,131,148
latest_0718,near,strength_weighted,HTHIY,73,207,157,138
latest_0718,near,strength_weighted,ADI,74,196,141,124
latest_0718,near,strength_weighted,AMZN,75,194,144,122
latest_0718,near,strength_weighted,ICHR,76,217,142,116
latest_0718,near,strength_weighted,RMBS,77,203,142,108
latest_0718,near,strength_weighted,APLD,78,186,101,108
latest_0718,near,strength_weighted,ADBE,79,198,152,99
latest_0718,near,strength_weighted,Q,80,159,102,89
latest_0718,near,strength_weighted,SANM,81,183,135,86
latest_0718,near,strength_weighted,P,82,201,153,83
latest_0718,near,strength_weighted,BWXT,83,194,146,83
latest_0718,near,strength_weighted,SMCI,84,203,153,82
latest_0718,near,strength_weighted,MICLF,85,196,159,74
latest_0718,near,strength_weighted,MKSI,86,196,158,73
latest_0718,near,strength_weighted,VICR,87,182,166,70
latest_0718,near,strength_weighted,CEG,88,174,149,67
latest_0718,near,strength_weighted,ACMR,89,186,165,66
latest_0718,near,strength_weighted,MSI,90,200,152,64
latest_0718,near,strength_weighted,ABBNY,91,192,161,64
latest_0718,near,strength_weighted,CRWD,92,179,170,53
latest_0718,near,strength_weighted,MYRG,93,194,160,50
latest_0718,near,strength_weighted,COHU,94,178,148,48
latest_0718,near,strength_weighted,HUBB,95,183,166,45
latest_0718,near,strength_weighted,CAT,96,182,172,42
latest_0718,near,strength_weighted,JCI,97,185,167,21
latest_0718,near,strength_weighted,GNRC,98,185,170,20
latest_0718,near,strength_weighted,AXTI,99,192,174,5
latest_0718,near,strength_weighted,VIAV,100,182,178,-3
latest_0718,near,strength_weighted,CMI,101,163,178,-9
latest_0718,near,strength_weighted,KLIC,102,179,182,-10
latest_0718,near,strength_weighted,HPE,103,173,186,-11
latest_0718,near,strength_weighted,PH,104,169,160,-12
latest_0718,near,strength_weighted,LFUS,105,163,182,-16
latest_0718,near,strength_weighted,NTNX,106,183,169,-25
latest_0718,near,strength_weighted,BABA,107,158,184,-25
latest_0718,near,strength_weighted,FLEX,108,144,181,-27
latest_0718,near,strength_weighted,ARM,109,171,189,-30
latest_0718,near,strength_weighted,CARR,110,155,194,-41
latest_0718,near,strength_weighted,CDNS,111,165,192,-42
latest_0718,near,strength_weighted,FORM,112,135,179,-42
latest_0718,near,strength_weighted,AEHR,113,125,143,-48
latest_0718,near,strength_weighted,CSCO,114,120,189,-56
latest_0718,near,strength_weighted,AMKR,115,175,187,-57
latest_0718,near,strength_weighted,DLR,116,160,186,-67
latest_0718,near,strength_weighted,HOCPY,117,135,186,-78
latest_0718,near,strength_weighted,ENTG,118,102,172,-88
latest_0718,near,strength_weighted,BELFB,119,154,199,-89
latest_0718,near,strength_weighted,UCTT,120,156,206,-101
latest_0718,near,strength_weighted,MXL,121,114,199,-110
latest_0718,near,strength_weighted,SNPS,122,114,217,-136
latest_0718,near,strength_weighted,MTRN,123,149,208,-141
latest_0718,near,strength_weighted,MIELY,124,123,228,-158
latest_0718,near,strength_weighted,TXN,125,133,223,-161
latest_0718,near,strength_weighted,TDY,126,133,211,-163
latest_0718,near,strength_weighted,ET,127,130,231,-167
latest_0718,near,strength_weighted,MRAAY,128,129,230,-183
latest_0718,near,strength_weighted,ECL,129,115,230,-199
latest_0718,near,strength_weighted,SMTOY,130,124,240,-205
latest_0718,near,strength_weighted,IREN,131,132,229,-207
latest_0718,near,strength_weighted,IMOS,132,127,235,-215
latest_0718,near,strength_weighted,DOV,133,110,239,-221
latest_0718,near,strength_weighted,ENS,134,103,247,-221
latest_0718,near,strength_weighted,EQIX,135,112,241,-232
latest_0718,near,strength_weighted,UMC,136,122,234,-234
latest_0718,near,strength_weighted,TTDKY,137,106,248,-236
latest_0718,near,strength_weighted,DHR,138,102,253,-245
latest_0718,near,strength_weighted,NTAP,139,104,252,-247
latest_0718,near,strength_weighted,STM,140,115,244,-249
latest_0718,near,strength_weighted,VISN,141,102,247,-254
latest_0718,near,strength_weighted,AJNMY,142,94,268,-258
latest_0718,near,strength_weighted,ON,143,106,257,-259
latest_0718,near,strength_weighted,SHECY,144,92,253,-262
latest_0718,near,strength_weighted,IBM,145,70,240,-262
latest_0718,near,strength_weighted,LIN,146,105,257,-265
latest_0718,near,strength_weighted,TMO,147,95,256,-268
latest_0718,near,strength_weighted,DIOD,148,97,258,-269
latest_0718,near,strength_weighted,DCI,149,97,259,-271
latest_0718,near,strength_weighted,BDC,150,69,259,-274
latest_0718,near,strength_weighted,NOK,151,97,257,-285
latest_0718,near,strength_weighted,NDSN,152,85,253,-297
latest_0718,near,strength_weighted,AEP,153,94,272,-299
latest_0718,near,strength_weighted,GFS,154,72,264,-302
latest_0718,near,strength_weighted,DD,155,91,265,-312
latest_0718,near,strength_weighted,ETR,156,91,269,-322
latest_0718,near,strength_weighted,ACLS,157,61,288,-322
latest_0718,near,strength_weighted,VSH,158,99,267,-329
latest_0718,near,strength_weighted,QCOM,159,77,278,-331
latest_0718,near,strength_weighted,PSIX,160,72,278,-337
latest_0718,near,strength_weighted,FLNC,161,88,277,-348
latest_0718,near,strength_weighted,ST,162,49,267,-361
latest_0718,near,strength_weighted,CBRS,163,90,273,-362
latest_0718,near,strength_weighted,DTE,164,83,285,-365
latest_0718,near,strength_weighted,PNR,165,67,296,-365
latest_0718,near,strength_weighted,ALLE,166,67,298,-369
latest_0718,near,strength_weighted,FTV,167,63,292,-384
latest_0718,near,strength_weighted,DKILY,168,55,308,-419
latest_0718,near,strength_weighted,ASGLY,169,58,306,-421
latest_0718,near,strength_weighted,APD,170,56,303,-432
latest_0718,near,strength_weighted,MMM,171,56,304,-432
latest_0718,near,strength_weighted,RKLB,172,63,301,-443
latest_0718,near,strength_weighted,POWI,173,62,302,-443
latest_0718,near,strength_weighted,PLAB,174,45,320,-470
latest_0718,near,strength_weighted,ATKR,175,26,337,-476
latest_0718,near,strength_weighted,AMPX,176,56,311,-503
latest_0718,near,strength_weighted,MRAM,177,45,322,-523
latest_0718,near,strength_weighted,ROG,178,43,324,-525
latest_0718,near,strength_weighted,CC,179,37,329,-525
latest_0718,near,strength_weighted,TSLA,180,34,333,-554
latest_0718,near,strength_weighted,AOSL,181,35,340,-572
latest_0718,near,strength_weighted,SOMMY,182,36,336,-579
latest_0718,near,strength_weighted,TE,183,40,332,-581
latest_0718,near,strength_weighted,INTC,184,20,351,-612
latest_0718,near,strength_weighted,ENPH,185,17,361,-625
latest_0718,near,strength_weighted,NVTS,186,21,352,-644
latest_0718,near,strength_weighted,POET,187,8,369,-708
latest_0718,near,strength_weighted,FCEL,188,9,373,-712
latest_0718,near,strength_weighted,WOLF,189,8,372,-718
latest_0718,near,strength_weighted,SMR,190,4,375,-739
latest_0718,near,strength_weighted,OKLO,191,2,377,-745
latest_0718,near,strength_weighted,LWLG,192,0,380,-749
latest_0718,long,both,NVDA,1,369,1,368
latest_0718,long,both,TSM,2,356,3,353
latest_0718,long,both,GOOGL,3,344,2,342
latest_0718,long,both,ASML,4,347,7,340
latest_0718,long,both,MSFT,5,340,1,339
latest_0718,long,both,CDNS,6,319,11,308
latest_0718,long,both,KLAC,7,322,16,306
latest_0718,long,both,HOCPY,8,316,15,301
latest_0718,long,both,AVGO,9,317,18,299
latest_0718,long,both,DHR,10,320,28,292
latest_0718,long,both,META,11,308,21,287
latest_0718,long,both,TT,12,302,19,283
latest_0718,long,both,TMO,13,310,30,280
latest_0718,long,both,ANET,14,311,35,276
latest_0718,long,both,APH,15,309,33,276
latest_0718,long,both,SNPS,16,298,23,275
latest_0718,long,both,DSCSY,17,295,23,272
latest_0718,long,both,LIN,18,312,45,267
latest_0718,long,both,MSI,19,306,41,265
latest_0718,long,both,CRWD,20,279,28,251
latest_0718,long,both,ADI,21,297,49,248
latest_0718,long,both,MPWR,22,292,45,247
latest_0718,long,both,ECL,23,297,57,240
latest_0718,long,both,ASMIY,24,273,40,233
latest_0718,long,both,PWR,25,276,45,231
latest_0718,long,both,ETN,26,288,63,225
latest_0718,long,both,AMAT,27,273,49,224
latest_0718,long,both,PH,28,273,49,224
latest_0718,long,both,ADBE,29,267,45,222
latest_0718,long,both,GEV,30,242,20,222
latest_0718,long,both,ARM,31,269,51,218
latest_0718,long,both,TDY,32,281,64,217
latest_0718,long,both,TEL,33,250,41,209
latest_0718,long,both,KEYS,34,269,62,207
latest_0718,long,both,AMZN,35,259,54,205
latest_0718,long,both,BWXT,36,261,58,203
latest_0718,long,both,AJNMY,37,252,49,203
latest_0718,long,both,VRT,38,239,36,203
latest_0718,long,both,TXN,39,269,68,201
latest_0718,long,both,AMD,40,271,73,198
latest_0718,long,both,LRCX,41,270,74,196
latest_0718,long,both,NVMI,42,267,73,194
latest_0718,long,both,ENTG,43,239,48,191
latest_0718,long,both,HUBB,44,249,59,190
latest_0718,long,both,SHECY,45,252,64,188
latest_0718,long,both,ATEYY,46,269,85,184
latest_0718,long,both,ORCL,47,248,77,171
latest_0718,long,both,QCOM,48,255,85,170
latest_0718,long,both,DOV,49,255,87,168
latest_0718,long,both,RYCEY,50,250,82,168
latest_0718,long,both,Q,51,221,53,168
latest_0718,long,both,ABBNY,52,244,83,161
latest_0718,long,both,EQIX,53,250,90,160
latest_0718,long,both,HTHIY,54,249,91,158
latest_0718,long,both,IFNNY,55,241,84,157
latest_0718,long,both,MRAAY,56,252,96,156
latest_0718,long,both,NDSN,57,249,99,150
latest_0718,long,both,TER,58,230,85,145
latest_0718,long,both,NTNX,59,220,82,138
latest_0718,long,both,MRVL,60,236,105,131
latest_0718,long,both,DCI,61,241,111,130
latest_0718,long,both,RMBS,62,221,92,129
latest_0718,long,both,FTV,63,225,102,123
latest_0718,long,both,MIELY,64,218,95,123
latest_0718,long,both,NVT,65,228,107,121
latest_0718,long,both,TOELY,66,214,97,117
latest_0718,long,both,CAT,67,223,114,109
latest_0718,long,both,JCI,68,221,112,109
latest_0718,long,both,ONTO,69,222,115,107
latest_0718,long,both,LFUS,70,217,110,107
latest_0718,long,both,DKILY,71,226,122,104
latest_0718,long,both,DLR,72,213,114,99
latest_0718,long,both,BABA,73,205,107,98
latest_0718,long,both,MTSI,74,213,119,94
latest_0718,long,both,APD,75,210,118,92
latest_0718,long,both,CEG,76,199,110,89
latest_0718,long,both,CSCO,77,180,94,86
latest_0718,long,both,CARR,78,209,126,83
latest_0718,long,both,SKHY,79,200,117,83
latest_0718,long,both,ALLE,80,208,126,82
latest_0718,long,both,MICLF,81,195,114,81
latest_0718,long,both,PNR,82,204,125,79
latest_0718,long,both,SITM,83,202,124,78
latest_0718,long,both,EME,84,207,133,74
latest_0718,long,both,TTDKY,85,189,126,63
latest_0718,long,both,ALAB,86,193,131,62
latest_0718,long,both,BESIY,87,206,145,61
latest_0718,long,both,SMTOY,88,192,131,61
latest_0718,long,both,CRDO,89,186,125,61
latest_0718,long,both,AEIS,90,191,132,59
latest_0718,long,both,MCHP,91,189,132,57
latest_0718,long,both,CMI,92,196,140,56
latest_0718,long,both,P,93,189,133,56
latest_0718,long,both,CAMT,94,189,138,51
latest_0718,long,both,NTAP,95,199,150,49
latest_0718,long,both,MU,96,186,137,49
latest_0718,long,both,IBM,97,166,132,34
latest_0718,long,both,FIX,98,185,155,30
latest_0718,long,both,GLW,99,183,157,26
latest_0718,long,both,DD,100,165,156,9
latest_0718,long,both,ETR,101,166,161,5
latest_0718,long,both,CIEN,102,169,169,0
latest_0718,long,both,VST,103,156,157,-1
latest_0718,long,both,VICR,104,156,166,-10
latest_0718,long,both,AEP,105,159,181,-22
latest_0718,long,both,COHR,106,141,172,-31
latest_0718,long,both,POWL,107,154,191,-37
latest_0718,long,both,MKSI,108,142,179,-37
latest_0718,long,both,LITE,109,149,199,-50
latest_0718,long,both,ASMVY,110,141,194,-53
latest_0718,long,both,DTE,111,135,192,-57
latest_0718,long,both,ASX,112,141,202,-61
latest_0718,long,both,ET,113,124,188,-64
latest_0718,long,both,MTRN,114,131,199,-68
latest_0718,long,both,TSEM,115,107,178,-71
latest_0718,long,both,AAON,116,113,187,-74
latest_0718,long,both,MOD,117,127,215,-88
latest_0718,long,both,ON,118,119,210,-91
latest_0718,long,both,ENS,119,116,207,-91
latest_0718,long,both,GNRC,120,125,217,-92
latest_0718,long,both,SMTC,121,120,212,-92
latest_0718,long,both,CLS,122,119,215,-96
latest_0718,long,both,FORM,123,100,199,-99
latest_0718,long,both,FN,124,103,213,-110
latest_0718,long,both,SIMO,125,107,219,-112
latest_0718,long,both,STM,126,105,222,-117
latest_0718,long,both,GFS,127,103,225,-122
latest_0718,long,both,JBL,128,111,236,-125
latest_0718,long,both,UMC,129,109,236,-127
latest_0718,long,both,IESC,130,108,235,-127
latest_0718,long,both,ACMR,131,103,233,-130
latest_0718,long,both,ACLS,132,97,228,-131
latest_0718,long,both,DELL,133,110,242,-132
latest_0718,long,both,NOK,134,100,235,-135
latest_0718,long,both,WDC,135,106,242,-136
latest_0718,long,both,STX,136,103,241,-138
latest_0718,long,both,ASGLY,137,94,234,-140
latest_0718,long,both,SNDK,138,87,227,-140
latest_0718,long,both,POWI,139,107,252,-145
latest_0718,long,both,MMM,140,97,243,-146
latest_0718,long,both,AMKR,141,98,246,-148
latest_0718,long,both,TSLA,142,95,243,-148
latest_0718,long,both,BELFB,143,87,237,-150
latest_0718,long,both,HPE,144,100,251,-151
latest_0718,long,both,MYRG,145,88,243,-155
latest_0718,long,both,VECO,146,82,237,-155
latest_0718,long,both,COHU,147,63,222,-159
latest_0718,long,both,KLIC,148,81,251,-170
latest_0718,long,both,PLAB,149,85,258,-173
latest_0718,long,both,BDC,150,71,245,-174
latest_0718,long,both,DIOD,151,70,249,-179
latest_0718,long,both,VIAV,152,80,264,-184
latest_0718,long,both,ROG,153,84,270,-186
latest_0718,long,both,FLEX,154,67,254,-187
latest_0718,long,both,BE,155,78,267,-189
latest_0718,long,both,SANM,156,58,249,-191
latest_0718,long,both,PENG,157,69,271,-202
latest_0718,long,both,ST,158,65,281,-216
latest_0718,long,both,CRWV,159,58,292,-234
latest_0718,long,both,RKLB,160,54,304,-250
latest_0718,long,both,VSH,161,48,301,-253
latest_0718,long,both,NBIS,162,53,307,-254
latest_0718,long,both,UCTT,163,50,304,-254
latest_0718,long,both,MXL,164,43,298,-255
latest_0718,long,both,ICHR,165,50,311,-261
latest_0718,long,both,ATKR,166,37,301,-264
latest_0718,long,both,IMOS,167,41,314,-273
latest_0718,long,both,VISN,168,35,311,-276
latest_0718,long,both,CBRS,169,36,317,-281
latest_0718,long,both,SOMMY,170,37,319,-282
latest_0718,long,both,INTC,171,31,318,-287
latest_0718,long,both,SMCI,172,38,326,-288
latest_0718,long,both,AXTI,173,32,322,-290
latest_0718,long,both,AAOI,174,34,326,-292
latest_0718,long,both,ENPH,175,29,322,-293
latest_0718,long,both,AEHR,176,27,328,-301
latest_0718,long,both,IREN,177,27,328,-301
latest_0718,long,both,APLD,178,21,322,-301
latest_0718,long,both,PSIX,179,20,329,-309
latest_0718,long,both,AOSL,180,24,335,-311
latest_0718,long,both,CC,181,22,334,-312
latest_0718,long,both,FLNC,182,21,339,-318
latest_0718,long,both,AMPX,183,20,340,-320
latest_0718,long,both,MRAM,184,20,345,-325
latest_0718,long,both,OKLO,185,8,358,-350
latest_0718,long,both,NVTS,186,6,356,-350
latest_0718,long,both,TE,187,7,362,-355
latest_0718,long,both,WOLF,188,6,366,-360
latest_0718,long,both,POET,189,5,368,-363
latest_0718,long,both,SMR,190,5,369,-364
latest_0718,long,both,FCEL,191,4,374,-370
latest_0718,long,both,LWLG,192,0,378,-378
latest_0718,long,self_only,NVDA,1,178,1,177
latest_0718,long,self_only,TSM,2,168,3,165
latest_0718,long,self_only,ASML,3,161,7,154
latest_0718,long,self_only,GOOGL,4,155,2,153
latest_0718,long,self_only,MSFT,5,149,1,148
latest_0718,long,self_only,HOCPY,6,150,12,138
latest_0718,long,self_only,CDNS,7,137,10,127
latest_0718,long,self_only,KLAC,8,139,14,125
latest_0718,long,self_only,DHR,9,142,26,116
latest_0718,long,self_only,AVGO,10,131,18,113
latest_0718,long,self_only,TT,11,129,16,113
latest_0718,long,self_only,DSCSY,12,129,17,112
latest_0718,long,self_only,TMO,13,133,27,106
latest_0718,long,self_only,META,14,122,21,101
latest_0718,long,self_only,ADI,15,139,40,99
latest_0718,long,self_only,CRWD,16,119,20,99
latest_0718,long,self_only,ANET,17,132,34,98
latest_0718,long,self_only,APH,18,129,31,98
latest_0718,long,self_only,SNPS,19,116,22,94
latest_0718,long,self_only,LIN,20,135,42,93
latest_0718,long,self_only,MSI,21,130,39,91
latest_0718,long,self_only,PWR,22,119,31,88
latest_0718,long,self_only,AJNMY,23,118,35,83
latest_0718,long,self_only,ARM,24,114,34,80
latest_0718,long,self_only,VRT,25,94,17,77
latest_0718,long,self_only,MPWR,26,116,40,76
latest_0718,long,self_only,ENTG,27,101,29,72
latest_0718,long,self_only,ASMIY,28,105,35,70
latest_0718,long,self_only,ECL,29,123,54,69
latest_0718,long,self_only,GEV,30,81,15,66
latest_0718,long,self_only,AMAT,31,108,46,62
latest_0718,long,self_only,QCOM,32,120,62,58
latest_0718,long,self_only,ADBE,33,96,38,58
latest_0718,long,self_only,NVMI,34,116,59,57
latest_0718,long,self_only,TDY,35,116,59,57
latest_0718,long,self_only,Q,36,86,29,57
latest_0718,long,self_only,AMD,37,116,62,54
latest_0718,long,self_only,KEYS,38,106,56,50
latest_0718,long,self_only,PH,39,98,48,50
latest_0718,long,self_only,ETN,40,110,62,48
latest_0718,long,self_only,TEL,41,84,36,48
latest_0718,long,self_only,IFNNY,42,106,60,46
latest_0718,long,self_only,TXN,43,107,62,45
latest_0718,long,self_only,BWXT,44,91,53,38
latest_0718,long,self_only,HUBB,45,88,54,34
latest_0718,long,self_only,ORCL,46,96,64,32
latest_0718,long,self_only,ATEYY,47,107,76,31
latest_0718,long,self_only,DOV,48,103,72,31
latest_0718,long,self_only,LRCX,49,98,70,28
latest_0718,long,self_only,RMBS,50,95,67,28
latest_0718,long,self_only,SHECY,51,88,60,28
latest_0718,long,self_only,BABA,52,100,74,26
latest_0718,long,self_only,AMZN,53,74,54,20
latest_0718,long,self_only,TER,54,86,67,19
latest_0718,long,self_only,NDSN,55,101,83,18
latest_0718,long,self_only,DCI,56,100,82,18
latest_0718,long,self_only,MRAAY,57,101,84,17
latest_0718,long,self_only,MTSI,58,96,80,16
latest_0718,long,self_only,LFUS,59,94,78,16
latest_0718,long,self_only,AEIS,60,92,77,15
latest_0718,long,self_only,RYCEY,61,90,75,15
latest_0718,long,self_only,MRVL,62,96,82,14
latest_0718,long,self_only,MCHP,63,94,80,14
latest_0718,long,self_only,CSCO,64,65,52,13
latest_0718,long,self_only,FTV,65,87,76,11
latest_0718,long,self_only,NTNX,66,73,62,11
latest_0718,long,self_only,PNR,67,91,81,10
latest_0718,long,self_only,CAT,68,93,84,9
latest_0718,long,self_only,APD,69,90,82,8
latest_0718,long,self_only,ALAB,70,86,78,8
latest_0718,long,self_only,MIELY,71,83,75,8
latest_0718,long,self_only,ABBNY,72,80,73,7
latest_0718,long,self_only,EQIX,73,86,80,6
latest_0718,long,self_only,MU,74,87,84,3
latest_0718,long,self_only,CMI,75,93,91,2
latest_0718,long,self_only,HTHIY,76,87,85,2
latest_0718,long,self_only,NVT,77,85,84,1
latest_0718,long,self_only,SKHY,78,76,82,-6
latest_0718,long,self_only,SITM,79,77,84,-7
latest_0718,long,self_only,DLR,80,77,86,-9
latest_0718,long,self_only,DD,81,81,91,-10
latest_0718,long,self_only,GLW,82,85,96,-11
latest_0718,long,self_only,ONTO,83,78,89,-11
latest_0718,long,self_only,JCI,84,81,93,-12
latest_0718,long,self_only,SMTOY,85,80,92,-12
latest_0718,long,self_only,CARR,86,87,101,-14
latest_0718,long,self_only,AEP,87,85,99,-14
latest_0718,long,self_only,EME,88,84,99,-15
latest_0718,long,self_only,CIEN,89,78,94,-16
latest_0718,long,self_only,MICLF,90,70,86,-16
latest_0718,long,self_only,FIX,91,80,98,-18
latest_0718,long,self_only,DKILY,92,81,104,-23
latest_0718,long,self_only,POWL,93,76,99,-23
latest_0718,long,self_only,VICR,94,67,93,-26
latest_0718,long,self_only,BESIY,95,81,109,-28
latest_0718,long,self_only,CAMT,96,68,100,-32
latest_0718,long,self_only,ALLE,97,69,102,-33
latest_0718,long,self_only,MTRN,98,69,103,-34
latest_0718,long,self_only,IBM,99,52,86,-34
latest_0718,long,self_only,ETR,100,75,110,-35
latest_0718,long,self_only,SIMO,101,63,99,-36
latest_0718,long,self_only,ASMVY,102,71,108,-37
latest_0718,long,self_only,P,103,61,98,-37
latest_0718,long,self_only,TOELY,104,50,91,-41
latest_0718,long,self_only,NTAP,105,71,113,-42
latest_0718,long,self_only,CRDO,106,52,94,-42
latest_0718,long,self_only,TTDKY,107,62,105,-43
latest_0718,long,self_only,MKSI,108,61,109,-48
latest_0718,long,self_only,LITE,109,69,118,-49
latest_0718,long,self_only,ON,110,61,113,-52
latest_0718,long,self_only,GNRC,111,65,120,-55
latest_0718,long,self_only,VST,112,55,111,-56
latest_0718,long,self_only,SMTC,113,58,119,-61
latest_0718,long,self_only,CEG,114,42,104,-62
latest_0718,long,self_only,SNDK,115,46,109,-63
latest_0718,long,self_only,COHU,116,25,89,-64
latest_0718,long,self_only,STM,117,53,118,-65
latest_0718,long,self_only,WDC,118,61,127,-66
latest_0718,long,self_only,DELL,119,56,125,-69
latest_0718,long,self_only,ACLS,120,44,113,-69
latest_0718,long,self_only,ASX,121,51,121,-70
latest_0718,long,self_only,CLS,122,46,117,-71
latest_0718,long,self_only,TSEM,123,21,93,-72
latest_0718,long,self_only,JBL,124,55,130,-75
latest_0718,long,self_only,ET,125,38,116,-78
latest_0718,long,self_only,FN,126,36,114,-78
latest_0718,long,self_only,DTE,127,48,127,-79
latest_0718,long,self_only,COHR,128,39,118,-79
latest_0718,long,self_only,NOK,129,51,131,-80
latest_0718,long,self_only,UMC,130,51,131,-80
latest_0718,long,self_only,STX,131,50,134,-84
latest_0718,long,self_only,GFS,132,39,123,-84
latest_0718,long,self_only,AAON,133,31,118,-87
latest_0718,long,self_only,HPE,134,50,138,-88
latest_0718,long,self_only,AMKR,135,46,135,-89
latest_0718,long,self_only,ENS,136,39,131,-92
latest_0718,long,self_only,ASGLY,137,38,132,-94
latest_0718,long,self_only,SANM,138,20,115,-95
latest_0718,long,self_only,IESC,139,43,139,-96
latest_0718,long,self_only,MMM,140,41,137,-96
latest_0718,long,self_only,BE,141,42,139,-97
latest_0718,long,self_only,MOD,142,40,137,-97
latest_0718,long,self_only,FORM,143,23,120,-97
latest_0718,long,self_only,MYRG,144,33,132,-99
latest_0718,long,self_only,PENG,145,36,140,-104
latest_0718,long,self_only,TSLA,146,38,143,-105
latest_0718,long,self_only,BELFB,147,35,140,-105
latest_0718,long,self_only,VIAV,148,34,139,-105
latest_0718,long,self_only,ACMR,149,33,138,-105
latest_0718,long,self_only,ROG,150,40,147,-107
latest_0718,long,self_only,VECO,151,20,131,-111
latest_0718,long,self_only,PLAB,152,31,146,-115
latest_0718,long,self_only,CRWV,153,32,150,-118
latest_0718,long,self_only,KLIC,154,28,147,-119
latest_0718,long,self_only,POWI,155,33,154,-121
latest_0718,long,self_only,BDC,156,14,137,-123
latest_0718,long,self_only,MXL,157,20,146,-126
latest_0718,long,self_only,ST,158,25,153,-128
latest_0718,long,self_only,NBIS,159,30,159,-129
latest_0718,long,self_only,FLEX,160,12,146,-134
latest_0718,long,self_only,ICHR,161,25,162,-137
latest_0718,long,self_only,DIOD,162,10,147,-137
latest_0718,long,self_only,SMCI,163,23,162,-139
latest_0718,long,self_only,UCTT,164,19,158,-139
latest_0718,long,self_only,AXTI,165,19,159,-140
latest_0718,long,self_only,INTC,166,16,156,-140
latest_0718,long,self_only,VSH,167,21,164,-143
latest_0718,long,self_only,IMOS,168,20,164,-144
latest_0718,long,self_only,AEHR,169,18,162,-144
latest_0718,long,self_only,SOMMY,170,20,165,-145
latest_0718,long,self_only,IREN,171,18,164,-146
latest_0718,long,self_only,RKLB,172,18,166,-148
latest_0718,long,self_only,CBRS,173,17,165,-148
latest_0718,long,self_only,ATKR,174,8,159,-151
latest_0718,long,self_only,VISN,175,11,164,-153
latest_0718,long,self_only,CC,176,11,165,-154
latest_0718,long,self_only,APLD,177,6,162,-156
latest_0718,long,self_only,AOSL,178,13,171,-158
latest_0718,long,self_only,MRAM,179,10,169,-159
latest_0718,long,self_only,AAOI,180,13,173,-160
latest_0718,long,self_only,FLNC,181,10,173,-163
latest_0718,long,self_only,PSIX,182,3,171,-168
latest_0718,long,self_only,AMPX,183,8,177,-169
latest_0718,long,self_only,ENPH,184,7,178,-171
latest_0718,long,self_only,WOLF,185,5,178,-173
latest_0718,long,self_only,NVTS,186,3,178,-175
latest_0718,long,self_only,FCEL,187,4,184,-180
latest_0718,long,self_only,OKLO,188,3,183,-180
latest_0718,long,self_only,POET,189,3,184,-181
latest_0718,long,self_only,SMR,190,3,185,-182
latest_0718,long,self_only,TE,191,2,189,-187
latest_0718,long,self_only,LWLG,192,0,187,-187
latest_0718,long,other_only,MSFT,1,191,0,191
latest_0718,long,other_only,NVDA,2,191,0,191
latest_0718,long,other_only,GOOGL,3,189,0,189
latest_0718,long,other_only,TSM,4,188,0,188
latest_0718,long,other_only,ASML,5,186,0,186
latest_0718,long,other_only,AVGO,6,186,0,186
latest_0718,long,other_only,META,7,186,0,186
latest_0718,long,other_only,AMZN,8,185,0,185
latest_0718,long,other_only,KLAC,9,183,2,181
latest_0718,long,other_only,CDNS,10,182,1,181
latest_0718,long,other_only,SNPS,11,182,1,181
latest_0718,long,other_only,APH,12,180,2,178
latest_0718,long,other_only,ANET,13,179,1,178
latest_0718,long,other_only,ETN,14,178,1,177
latest_0718,long,other_only,DHR,15,178,2,176
latest_0718,long,other_only,LIN,16,177,3,174
latest_0718,long,other_only,TMO,17,177,3,174
latest_0718,long,other_only,MSI,18,176,2,174
latest_0718,long,other_only,PH,19,175,1,174
latest_0718,long,other_only,MPWR,20,176,5,171
latest_0718,long,other_only,ECL,21,174,3,171
latest_0718,long,other_only,TT,22,173,3,170
latest_0718,long,other_only,LRCX,23,172,4,168
latest_0718,long,other_only,BWXT,24,170,5,165
latest_0718,long,other_only,ADBE,25,171,7,164
latest_0718,long,other_only,ASMIY,26,168,5,163
latest_0718,long,other_only,HOCPY,27,166,3,163
latest_0718,long,other_only,AMAT,28,165,3,162
latest_0718,long,other_only,TEL,29,166,5,161
latest_0718,long,other_only,DSCSY,30,166,6,160
latest_0718,long,other_only,TDY,31,165,5,160
latest_0718,long,other_only,SHECY,32,164,4,160
latest_0718,long,other_only,TOELY,33,164,6,158
latest_0718,long,other_only,KEYS,34,163,6,157
latest_0718,long,other_only,HTHIY,35,162,6,156
latest_0718,long,other_only,TXN,36,162,6,156
latest_0718,long,other_only,GEV,37,161,5,156
latest_0718,long,other_only,HUBB,38,161,5,156
latest_0718,long,other_only,ABBNY,39,164,10,154
latest_0718,long,other_only,EQIX,40,164,10,154
latest_0718,long,other_only,ATEYY,41,162,9,153
latest_0718,long,other_only,RYCEY,42,160,7,153
latest_0718,long,other_only,CRWD,43,160,8,152
latest_0718,long,other_only,CEG,44,157,6,151
latest_0718,long,other_only,ADI,45,158,9,149
latest_0718,long,other_only,AMD,46,155,11,144
latest_0718,long,other_only,PWR,47,157,14,143
latest_0718,long,other_only,ORCL,48,152,13,139
latest_0718,long,other_only,MRAAY,49,151,12,139
latest_0718,long,other_only,ARM,50,155,17,138
latest_0718,long,other_only,DOV,51,152,15,137
latest_0718,long,other_only,NVMI,52,151,14,137
latest_0718,long,other_only,NDSN,53,148,16,132
latest_0718,long,other_only,NTNX,54,147,20,127
latest_0718,long,other_only,DKILY,55,145,18,127
latest_0718,long,other_only,VRT,56,145,19,126
latest_0718,long,other_only,TER,57,144,18,126
latest_0718,long,other_only,JCI,58,140,19,121
latest_0718,long,other_only,NVT,59,143,23,120
latest_0718,long,other_only,AJNMY,60,134,14,120
latest_0718,long,other_only,ENTG,61,138,19,119
latest_0718,long,other_only,ONTO,62,144,26,118
latest_0718,long,other_only,MRVL,63,140,23,117
latest_0718,long,other_only,ALLE,64,139,24,115
latest_0718,long,other_only,MIELY,65,135,20,115
latest_0718,long,other_only,DCI,66,141,29,112
latest_0718,long,other_only,FTV,67,138,26,112
latest_0718,long,other_only,QCOM,68,135,23,112
latest_0718,long,other_only,IFNNY,69,135,24,111
latest_0718,long,other_only,Q,70,135,24,111
latest_0718,long,other_only,DLR,71,136,28,108
latest_0718,long,other_only,TTDKY,72,127,21,106
latest_0718,long,other_only,CRDO,73,134,31,103
latest_0718,long,other_only,RMBS,74,126,25,101
latest_0718,long,other_only,CAT,75,130,30,100
latest_0718,long,other_only,MICLF,76,125,28,97
latest_0718,long,other_only,CARR,77,122,25,97
latest_0718,long,other_only,P,78,128,35,93
latest_0718,long,other_only,NTAP,79,128,37,91
latest_0718,long,other_only,LFUS,80,123,32,91
latest_0718,long,other_only,BESIY,81,125,36,89
latest_0718,long,other_only,SKHY,82,124,35,89
latest_0718,long,other_only,EME,83,123,34,89
latest_0718,long,other_only,SITM,84,125,40,85
latest_0718,long,other_only,APD,85,120,36,84
latest_0718,long,other_only,CAMT,86,121,38,83
latest_0718,long,other_only,MTSI,87,117,39,78
latest_0718,long,other_only,CSCO,88,115,42,73
latest_0718,long,other_only,SMTOY,89,112,39,73
latest_0718,long,other_only,BABA,90,105,33,72
latest_0718,long,other_only,PNR,91,113,44,69
latest_0718,long,other_only,IBM,92,114,46,68
latest_0718,long,other_only,VST,93,101,46,55
latest_0718,long,other_only,ALAB,94,107,53,54
latest_0718,long,other_only,CMI,95,103,49,54
latest_0718,long,other_only,FIX,96,105,57,48
latest_0718,long,other_only,COHR,97,102,54,48
latest_0718,long,other_only,MU,98,99,53,46
latest_0718,long,other_only,AEIS,99,99,55,44
latest_0718,long,other_only,MCHP,100,95,52,43
latest_0718,long,other_only,ETR,101,91,51,40
latest_0718,long,other_only,GLW,102,98,61,37
latest_0718,long,other_only,DTE,103,87,65,22
latest_0718,long,other_only,DD,104,84,65,19
latest_0718,long,other_only,CIEN,105,91,75,16
latest_0718,long,other_only,VICR,106,89,73,16
latest_0718,long,other_only,ET,107,86,72,14
latest_0718,long,other_only,AAON,108,82,69,13
latest_0718,long,other_only,MKSI,109,81,70,11
latest_0718,long,other_only,ASX,110,90,81,9
latest_0718,long,other_only,MOD,111,87,78,9
latest_0718,long,other_only,TSEM,112,86,85,1
latest_0718,long,other_only,ENS,113,77,76,1
latest_0718,long,other_only,LITE,114,80,81,-1
latest_0718,long,other_only,FORM,115,77,79,-2
latest_0718,long,other_only,AEP,116,74,82,-8
latest_0718,long,other_only,POWL,117,78,92,-14
latest_0718,long,other_only,ASMVY,118,70,86,-16
latest_0718,long,other_only,POWI,119,74,98,-24
latest_0718,long,other_only,CLS,120,73,98,-25
latest_0718,long,other_only,ACMR,121,70,95,-25
latest_0718,long,other_only,IESC,122,65,96,-31
latest_0718,long,other_only,SMTC,123,62,93,-31
latest_0718,long,other_only,FN,124,67,99,-32
latest_0718,long,other_only,MTRN,125,62,96,-34
latest_0718,long,other_only,GNRC,126,60,97,-37
latest_0718,long,other_only,GFS,127,64,102,-38
latest_0718,long,other_only,ON,128,58,97,-39
latest_0718,long,other_only,DIOD,129,60,102,-42
latest_0718,long,other_only,TSLA,130,57,100,-43
latest_0718,long,other_only,VECO,131,62,106,-44
latest_0718,long,other_only,BELFB,132,52,97,-45
latest_0718,long,other_only,ASGLY,133,56,102,-46
latest_0718,long,other_only,UMC,134,58,105,-47
latest_0718,long,other_only,JBL,135,56,106,-50
latest_0718,long,other_only,MMM,136,56,106,-50
latest_0718,long,other_only,BDC,137,57,108,-51
latest_0718,long,other_only,KLIC,138,53,104,-51
latest_0718,long,other_only,STM,139,52,104,-52
latest_0718,long,other_only,FLEX,140,55,108,-53
latest_0718,long,other_only,STX,141,53,107,-54
latest_0718,long,other_only,NOK,142,49,104,-55
latest_0718,long,other_only,MYRG,143,55,111,-56
latest_0718,long,other_only,PLAB,144,54,112,-58
latest_0718,long,other_only,AMKR,145,52,111,-59
latest_0718,long,other_only,ACLS,146,53,115,-62
latest_0718,long,other_only,DELL,147,54,117,-63
latest_0718,long,other_only,HPE,148,50,113,-63
latest_0718,long,other_only,WDC,149,45,115,-70
latest_0718,long,other_only,SIMO,150,44,120,-76
latest_0718,long,other_only,SNDK,151,41,118,-77
latest_0718,long,other_only,VIAV,152,46,125,-79
latest_0718,long,other_only,ROG,153,44,123,-79
latest_0718,long,other_only,ST,154,40,128,-88
latest_0718,long,other_only,BE,155,36,128,-92
latest_0718,long,other_only,COHU,156,38,133,-95
latest_0718,long,other_only,SANM,157,38,134,-96
latest_0718,long,other_only,PENG,158,33,131,-98
latest_0718,long,other_only,RKLB,159,36,138,-102
latest_0718,long,other_only,VSH,160,27,137,-110
latest_0718,long,other_only,ATKR,161,29,142,-113
latest_0718,long,other_only,UCTT,162,31,146,-115
latest_0718,long,other_only,CRWV,163,26,142,-116
latest_0718,long,other_only,ENPH,164,22,144,-122
latest_0718,long,other_only,VISN,165,24,147,-123
latest_0718,long,other_only,ICHR,166,25,149,-124
latest_0718,long,other_only,NBIS,167,23,148,-125
latest_0718,long,other_only,MXL,168,23,152,-129
latest_0718,long,other_only,IMOS,169,21,150,-129
latest_0718,long,other_only,AAOI,170,21,153,-132
latest_0718,long,other_only,CBRS,171,19,152,-133
latest_0718,long,other_only,SOMMY,172,17,154,-137
latest_0718,long,other_only,PSIX,173,17,158,-141
latest_0718,long,other_only,APLD,174,15,160,-145
latest_0718,long,other_only,INTC,175,15,162,-147
latest_0718,long,other_only,SMCI,176,15,164,-149
latest_0718,long,other_only,AXTI,177,13,163,-150
latest_0718,long,other_only,AMPX,178,12,163,-151
latest_0718,long,other_only,AOSL,179,11,164,-153
latest_0718,long,other_only,FLNC,180,11,166,-155
latest_0718,long,other_only,IREN,181,9,164,-155
latest_0718,long,other_only,AEHR,182,9,166,-157
latest_0718,long,other_only,CC,183,11,169,-158
latest_0718,long,other_only,MRAM,184,10,176,-166
latest_0718,long,other_only,TE,185,5,173,-168
latest_0718,long,other_only,OKLO,186,5,175,-170
latest_0718,long,other_only,NVTS,187,3,178,-175
latest_0718,long,other_only,POET,188,2,184,-182
latest_0718,long,other_only,SMR,189,2,184,-182
latest_0718,long,other_only,WOLF,190,1,188,-187
latest_0718,long,other_only,FCEL,191,0,190,-190
latest_0718,long,other_only,LWLG,192,0,191,-191
latest_0718,long,agreement_only,NVDA,1,178,0,178
latest_0718,long,agreement_only,TSM,2,168,0,168
latest_0718,long,agreement_only,ASML,3,160,0,160
latest_0718,long,agreement_only,GOOGL,4,155,0,155
latest_0718,long,agreement_only,MSFT,5,149,0,149
latest_0718,long,agreement_only,HOCPY,6,145,1,144
latest_0718,long,agreement_only,DHR,7,140,1,139
latest_0718,long,agreement_only,KLAC,8,138,2,136
latest_0718,long,agreement_only,CDNS,9,137,1,136
latest_0718,long,agreement_only,LIN,10,134,3,131
latest_0718,long,agreement_only,ANET,11,132,1,131
latest_0718,long,agreement_only,AVGO,12,131,0,131
latest_0718,long,agreement_only,TMO,13,131,2,129
latest_0718,long,agreement_only,ADI,14,135,9,126
latest_0718,long,agreement_only,APH,15,128,2,126
latest_0718,long,agreement_only,TT,16,128,2,126
latest_0718,long,agreement_only,MSI,17,127,1,126
latest_0718,long,agreement_only,DSCSY,18,127,3,124
latest_0718,long,agreement_only,META,19,122,0,122
latest_0718,long,agreement_only,ECL,20,123,3,120
latest_0718,long,agreement_only,SNPS,21,116,1,115
latest_0718,long,agreement_only,MPWR,22,116,4,112
latest_0718,long,agreement_only,TDY,23,116,4,112
latest_0718,long,agreement_only,ETN,24,110,1,109
latest_0718,long,agreement_only,CRWD,25,114,6,108
latest_0718,long,agreement_only,ARM,26,111,7,104
latest_0718,long,agreement_only,AMAT,27,107,3,104
latest_0718,long,agreement_only,PWR,28,113,11,102
latest_0718,long,agreement_only,ASMIY,29,105,4,101
latest_0718,long,agreement_only,AMD,30,110,10,100
latest_0718,long,agreement_only,AJNMY,31,109,9,100
latest_0718,long,agreement_only,TXN,32,106,6,100
latest_0718,long,agreement_only,NVMI,33,113,14,99
latest_0718,long,agreement_only,KEYS,34,103,6,97
latest_0718,long,agreement_only,PH,35,98,1,97
latest_0718,long,agreement_only,ATEYY,36,103,9,94
latest_0718,long,agreement_only,LRCX,37,98,4,94
latest_0718,long,agreement_only,QCOM,38,113,23,90
latest_0718,long,agreement_only,ADBE,39,96,7,89
latest_0718,long,agreement_only,DOV,40,102,14,88
latest_0718,long,agreement_only,BWXT,41,91,4,87
latest_0718,long,agreement_only,MRAAY,42,97,12,85
latest_0718,long,agreement_only,NDSN,43,100,16,84
latest_0718,long,agreement_only,ENTG,44,97,14,83
latest_0718,long,agreement_only,RYCEY,45,89,6,83
latest_0718,long,agreement_only,SHECY,46,86,4,82
latest_0718,long,agreement_only,ORCL,47,93,12,81
latest_0718,long,agreement_only,HUBB,48,86,5,81
latest_0718,long,agreement_only,IFNNY,49,102,22,80
latest_0718,long,agreement_only,HTHIY,50,85,5,80
latest_0718,long,agreement_only,TEL,51,84,4,80
latest_0718,long,agreement_only,VRT,52,87,9,78
latest_0718,long,agreement_only,EQIX,53,86,9,77
latest_0718,long,agreement_only,AMZN,54,74,0,74
latest_0718,long,agreement_only,MRVL,55,92,22,70
latest_0718,long,agreement_only,ABBNY,56,80,10,70
latest_0718,long,agreement_only,DCI,57,96,28,68
latest_0718,long,agreement_only,RMBS,58,88,21,67
latest_0718,long,agreement_only,GEV,59,72,5,67
latest_0718,long,agreement_only,TER,60,84,18,66
latest_0718,long,agreement_only,MIELY,61,81,18,63
latest_0718,long,agreement_only,Q,62,79,16,63
latest_0718,long,agreement_only,FTV,63,87,25,62
latest_0718,long,agreement_only,NVT,64,83,21,62
latest_0718,long,agreement_only,DKILY,65,80,18,62
latest_0718,long,agreement_only,CAT,66,87,26,61
latest_0718,long,agreement_only,CARR,67,86,25,61
latest_0718,long,agreement_only,JCI,68,80,19,61
latest_0718,long,agreement_only,BABA,69,87,28,59
latest_0718,long,agreement_only,LFUS,70,87,28,59
latest_0718,long,agreement_only,NTNX,71,73,18,55
latest_0718,long,agreement_only,ONTO,72,77,23,54
latest_0718,long,agreement_only,APD,73,83,31,52
latest_0718,long,agreement_only,MTSI,74,85,37,48
latest_0718,long,agreement_only,PNR,75,85,38,47
latest_0718,long,agreement_only,DLR,76,74,27,47
latest_0718,long,agreement_only,EME,77,79,33,46
latest_0718,long,agreement_only,ALLE,78,69,23,46
latest_0718,long,agreement_only,TOELY,79,49,5,44
latest_0718,long,agreement_only,MICLF,80,66,24,42
latest_0718,long,agreement_only,TTDKY,81,62,20,42
latest_0718,long,agreement_only,CMI,82,83,42,41
latest_0718,long,agreement_only,BESIY,83,76,35,41
latest_0718,long,agreement_only,SKHY,84,70,29,41
latest_0718,long,agreement_only,SMTOY,85,74,35,39
latest_0718,long,agreement_only,MCHP,86,83,46,37
latest_0718,long,agreement_only,CEG,87,42,6,36
latest_0718,long,agreement_only,ALAB,88,73,39,34
latest_0718,long,agreement_only,SITM,89,70,36,34
latest_0718,long,agreement_only,AEIS,90,81,48,33
latest_0718,long,agreement_only,NTAP,91,70,37,33
latest_0718,long,agreement_only,CSCO,92,64,31,33
latest_0718,long,agreement_only,MU,93,77,48,29
latest_0718,long,agreement_only,CAMT,94,67,38,29
latest_0718,long,agreement_only,GLW,95,80,57,23
latest_0718,long,agreement_only,P,96,57,34,23
latest_0718,long,agreement_only,FIX,97,73,51,22
latest_0718,long,agreement_only,CRDO,98,51,30,21
latest_0718,long,agreement_only,ETR,99,59,48,11
latest_0718,long,agreement_only,VST,100,51,43,8
latest_0718,long,agreement_only,DD,101,62,55,7
latest_0718,long,agreement_only,IBM,102,51,45,6
latest_0718,long,agreement_only,CIEN,103,70,65,5
latest_0718,long,agreement_only,VICR,104,59,61,-2
latest_0718,long,agreement_only,AEP,105,61,67,-6
latest_0718,long,agreement_only,MKSI,106,54,65,-11
latest_0718,long,agreement_only,COHR,107,38,51,-13
latest_0718,long,agreement_only,POWL,108,62,77,-15
latest_0718,long,agreement_only,LITE,109,58,77,-19
latest_0718,long,agreement_only,DTE,110,42,62,-20
latest_0718,long,agreement_only,ASMVY,111,57,80,-23
latest_0718,long,agreement_only,ET,112,34,64,-30
latest_0718,long,agreement_only,ASX,113,46,77,-31
latest_0718,long,agreement_only,MTRN,114,49,81,-32
latest_0718,long,agreement_only,TSEM,115,21,57,-36
latest_0718,long,agreement_only,ENS,116,35,72,-37
latest_0718,long,agreement_only,AAON,117,30,67,-37
latest_0718,long,agreement_only,SMTC,118,42,80,-38
latest_0718,long,agreement_only,MOD,119,38,77,-39
latest_0718,long,agreement_only,ON,120,47,88,-41
latest_0718,long,agreement_only,GNRC,121,50,92,-42
latest_0718,long,agreement_only,CLS,122,41,91,-50
latest_0718,long,agreement_only,FORM,123,23,75,-52
latest_0718,long,agreement_only,SIMO,124,40,95,-55
latest_0718,long,agreement_only,STM,125,40,95,-55
latest_0718,long,agreement_only,FN,126,34,89,-55
latest_0718,long,agreement_only,COHU,127,24,80,-56
latest_0718,long,agreement_only,UMC,128,44,101,-57
latest_0718,long,agreement_only,STX,129,43,100,-57
latest_0718,long,agreement_only,IESC,130,32,90,-58
latest_0718,long,agreement_only,BELFB,131,30,88,-58
latest_0718,long,agreement_only,ACLS,132,38,97,-59
latest_0718,long,agreement_only,JBL,133,40,100,-60
latest_0718,long,agreement_only,NOK,134,40,100,-60
latest_0718,long,agreement_only,GFS,135,37,97,-60
latest_0718,long,agreement_only,ASGLY,136,31,92,-61
latest_0718,long,agreement_only,MMM,137,33,96,-63
latest_0718,long,agreement_only,POWI,138,33,96,-63
latest_0718,long,agreement_only,ACMR,139,28,91,-63
latest_0718,long,agreement_only,TSLA,140,30,94,-64
latest_0718,long,agreement_only,DELL,141,43,108,-65
latest_0718,long,agreement_only,SNDK,142,29,95,-66
latest_0718,long,agreement_only,WDC,143,37,104,-67
latest_0718,long,agreement_only,HPE,144,34,103,-69
latest_0718,long,agreement_only,MYRG,145,31,101,-70
latest_0718,long,agreement_only,AMKR,146,37,109,-72
latest_0718,long,agreement_only,KLIC,147,26,101,-75
latest_0718,long,agreement_only,PLAB,148,29,108,-79
latest_0718,long,agreement_only,VECO,149,19,98,-79
latest_0718,long,agreement_only,ROG,150,34,118,-84
latest_0718,long,agreement_only,VIAV,151,31,117,-86
latest_0718,long,agreement_only,BDC,152,11,101,-90
latest_0718,long,agreement_only,DIOD,153,10,100,-90
latest_0718,long,agreement_only,PENG,154,28,119,-91
latest_0718,long,agreement_only,BE,155,27,118,-91
latest_0718,long,agreement_only,SANM,156,17,109,-92
latest_0718,long,agreement_only,FLEX,157,12,105,-93
latest_0718,long,agreement_only,ST,158,21,122,-101
latest_0718,long,agreement_only,CRWV,159,18,130,-112
latest_0718,long,agreement_only,VSH,160,18,136,-118
latest_0718,long,agreement_only,RKLB,161,12,133,-121
latest_0718,long,agreement_only,UCTT,162,18,140,-122
latest_0718,long,agreement_only,MXL,163,13,138,-125
latest_0718,long,agreement_only,NBIS,164,14,140,-126
latest_0718,long,agreement_only,ICHR,165,19,146,-127
latest_0718,long,agreement_only,ATKR,166,8,137,-129
latest_0718,long,agreement_only,IMOS,167,14,146,-132
latest_0718,long,agreement_only,CBRS,168,9,141,-132
latest_0718,long,agreement_only,VISN,169,7,141,-134
latest_0718,long,agreement_only,AAOI,170,12,148,-136
latest_0718,long,agreement_only,ENPH,171,7,144,-137
latest_0718,long,agreement_only,APLD,172,6,143,-137
latest_0718,long,agreement_only,SOMMY,173,11,151,-140
latest_0718,long,agreement_only,INTC,174,9,149,-140
latest_0718,long,agreement_only,AXTI,175,9,150,-141
latest_0718,long,agreement_only,AEHR,176,6,152,-146
latest_0718,long,agreement_only,IREN,177,7,154,-147
latest_0718,long,agreement_only,SMCI,178,11,159,-148
latest_0718,long,agreement_only,AOSL,179,8,159,-151
latest_0718,long,agreement_only,PSIX,180,3,154,-151
latest_0718,long,agreement_only,FLNC,181,7,160,-153
latest_0718,long,agreement_only,CC,182,5,159,-154
latest_0718,long,agreement_only,AMPX,183,5,160,-155
latest_0718,long,agreement_only,MRAM,184,6,165,-159
latest_0718,long,agreement_only,TE,185,2,173,-171
latest_0718,long,agreement_only,NVTS,186,1,172,-171
latest_0718,long,agreement_only,OKLO,187,0,173,-173
latest_0718,long,agreement_only,WOLF,188,0,178,-178
latest_0718,long,agreement_only,POET,189,1,182,-181
latest_0718,long,agreement_only,SMR,190,0,181,-181
latest_0718,long,agreement_only,FCEL,191,0,184,-184
latest_0718,long,agreement_only,LWLG,192,0,187,-187
latest_0718,long,high_only,MSFT,1,294,0,294
latest_0718,long,high_only,GOOGL,2,278,1,277
latest_0718,long,high_only,ASML,3,262,4,258
latest_0718,long,high_only,KLAC,4,240,5,235
latest_0718,long,high_only,CDNS,5,232,5,227
latest_0718,long,high_only,AVGO,6,225,10,215
latest_0718,long,high_only,TMO,7,218,7,211
latest_0718,long,high_only,META,8,210,3,207
latest_0718,long,high_only,TSM,9,193,0,193
latest_0718,long,high_only,ECL,10,208,22,186
latest_0718,long,high_only,DHR,11,193,9,184
latest_0718,long,high_only,LIN,12,190,7,183
latest_0718,long,high_only,ADBE,13,187,7,180
latest_0718,long,high_only,MSI,14,186,7,179
latest_0718,long,high_only,NVDA,15,174,0,174
latest_0718,long,high_only,MPWR,16,186,16,170
latest_0718,long,high_only,APH,17,172,11,161
latest_0718,long,high_only,TXN,18,176,19,157
latest_0718,long,high_only,PH,19,170,14,156
latest_0718,long,high_only,ADI,20,173,18,155
latest_0718,long,high_only,AMZN,21,156,1,155
latest_0718,long,high_only,TDY,22,177,24,153
latest_0718,long,high_only,SNPS,23,152,0,152
latest_0718,long,high_only,ANET,24,167,16,151
latest_0718,long,high_only,TT,25,151,0,151
latest_0718,long,high_only,ETN,26,158,16,142
latest_0718,long,high_only,CRWD,27,155,14,141
latest_0718,long,high_only,TEL,28,145,4,141
latest_0718,long,high_only,BWXT,29,163,26,137
latest_0718,long,high_only,AMAT,30,160,23,137
latest_0718,long,high_only,LRCX,31,153,16,137
latest_0718,long,high_only,ASMIY,32,151,15,136
latest_0718,long,high_only,SHECY,33,135,9,126
latest_0718,long,high_only,ABBNY,34,166,41,125
latest_0718,long,high_only,DSCSY,35,118,2,116
latest_0718,long,high_only,KEYS,36,149,38,111
latest_0718,long,high_only,ARM,37,119,8,111
latest_0718,long,high_only,HOCPY,38,103,0,103
latest_0718,long,high_only,TOELY,39,113,17,96
latest_0718,long,high_only,HUBB,40,132,40,92
latest_0718,long,high_only,NDSN,41,115,29,86
latest_0718,long,high_only,EQIX,42,103,23,80
latest_0718,long,high_only,HTHIY,43,114,43,71
latest_0718,long,high_only,DOV,44,102,32,70
latest_0718,long,high_only,FTV,45,91,29,62
latest_0718,long,high_only,CEG,46,68,6,62
latest_0718,long,high_only,IFNNY,47,93,34,59
latest_0718,long,high_only,QCOM,48,63,5,58
latest_0718,long,high_only,NVMI,49,81,26,55
latest_0718,long,high_only,ENTG,50,56,1,55
latest_0718,long,high_only,NTAP,51,95,42,53
latest_0718,long,high_only,GEV,52,53,0,53
latest_0718,long,high_only,AJNMY,53,69,17,52
latest_0718,long,high_only,MRAAY,54,86,35,51
latest_0718,long,high_only,APD,55,85,39,46
latest_0718,long,high_only,ORCL,56,61,15,46
latest_0718,long,high_only,PWR,57,53,7,46
latest_0718,long,high_only,TER,58,72,31,41
latest_0718,long,high_only,AMD,59,59,19,40
latest_0718,long,high_only,ATEYY,60,87,49,38
latest_0718,long,high_only,RYCEY,61,56,18,38
latest_0718,long,high_only,CSCO,62,35,1,34
latest_0718,long,high_only,VRT,63,34,0,34
latest_0718,long,high_only,DKILY,64,76,46,30
latest_0718,long,high_only,CAT,65,75,45,30
latest_0718,long,high_only,ALLE,66,83,54,29
latest_0718,long,high_only,DCI,67,69,46,23
latest_0718,long,high_only,RMBS,68,58,38,20
latest_0718,long,high_only,NTNX,69,55,36,19
latest_0718,long,high_only,ONTO,70,43,26,17
latest_0718,long,high_only,LFUS,71,55,40,15
latest_0718,long,high_only,Q,72,17,2,15
latest_0718,long,high_only,MRVL,73,50,37,13
latest_0718,long,high_only,CMI,74,40,29,11
latest_0718,long,high_only,DLR,75,39,28,11
latest_0718,long,high_only,JCI,76,49,41,8
latest_0718,long,high_only,MCHP,77,53,46,7
latest_0718,long,high_only,EME,78,49,42,7
latest_0718,long,high_only,BABA,79,20,17,3
latest_0718,long,high_only,IBM,80,10,9,1
latest_0718,long,high_only,COHR,81,9,8,1
latest_0718,long,high_only,CRDO,82,26,28,-2
latest_0718,long,high_only,PNR,83,46,49,-3
latest_0718,long,high_only,BESIY,84,50,54,-4
latest_0718,long,high_only,TSEM,85,5,9,-4
latest_0718,long,high_only,MICLF,86,33,40,-7
latest_0718,long,high_only,NVT,87,29,36,-7
latest_0718,long,high_only,CARR,88,20,28,-8
latest_0718,long,high_only,SMTOY,89,39,48,-9
latest_0718,long,high_only,AEP,90,29,38,-9
latest_0718,long,high_only,DD,91,28,38,-10
latest_0718,long,high_only,MIELY,92,36,48,-12
latest_0718,long,high_only,GLW,93,32,45,-13
latest_0718,long,high_only,VST,94,19,32,-13
latest_0718,long,high_only,AAON,95,3,17,-14
latest_0718,long,high_only,SKHY,96,31,46,-15
latest_0718,long,high_only,TTDKY,97,28,43,-15
latest_0718,long,high_only,P,98,33,50,-17
latest_0718,long,high_only,SITM,99,27,46,-19
latest_0718,long,high_only,ETR,100,26,45,-19
latest_0718,long,high_only,CAMT,101,19,38,-19
latest_0718,long,high_only,MTSI,102,19,39,-20
latest_0718,long,high_only,FN,103,7,27,-20
latest_0718,long,high_only,POWL,104,29,50,-21
latest_0718,long,high_only,CIEN,105,23,44,-21
latest_0718,long,high_only,DTE,106,30,52,-22
latest_0718,long,high_only,ALAB,107,34,57,-23
latest_0718,long,high_only,AMKR,108,11,34,-23
latest_0718,long,high_only,VICR,109,11,34,-23
latest_0718,long,high_only,MU,110,29,53,-24
latest_0718,long,high_only,MMM,111,20,44,-24
latest_0718,long,high_only,FIX,112,28,54,-26
latest_0718,long,high_only,AEIS,113,20,46,-26
latest_0718,long,high_only,MOD,114,14,41,-27
latest_0718,long,high_only,BDC,115,3,30,-27
latest_0718,long,high_only,MKSI,116,25,53,-28
latest_0718,long,high_only,ENS,117,20,48,-28
latest_0718,long,high_only,ON,118,27,57,-30
latest_0718,long,high_only,ET,119,22,58,-36
latest_0718,long,high_only,COHU,120,7,43,-36
latest_0718,long,high_only,ASX,121,17,55,-38
latest_0718,long,high_only,NOK,122,18,58,-40
latest_0718,long,high_only,LITE,123,14,56,-42
latest_0718,long,high_only,SMTC,124,3,45,-42
latest_0718,long,high_only,ASMVY,125,13,56,-43
latest_0718,long,high_only,ST,126,5,51,-46
latest_0718,long,high_only,WDC,127,5,54,-49
latest_0718,long,high_only,DELL,128,18,68,-50
latest_0718,long,high_only,SIMO,129,12,62,-50
latest_0718,long,high_only,ACLS,130,11,62,-51
latest_0718,long,high_only,SANM,131,2,54,-52
latest_0718,long,high_only,STM,132,18,71,-53
latest_0718,long,high_only,UMC,133,23,77,-54
latest_0718,long,high_only,POWI,134,15,69,-54
latest_0718,long,high_only,ASGLY,135,5,59,-54
latest_0718,long,high_only,JBL,136,16,71,-55
latest_0718,long,high_only,TSLA,137,7,62,-55
latest_0718,long,high_only,GNRC,138,12,68,-56
latest_0718,long,high_only,FORM,139,4,61,-57
latest_0718,long,high_only,MYRG,140,17,75,-58
latest_0718,long,high_only,BELFB,141,7,68,-61
latest_0718,long,high_only,IESC,142,2,64,-62
latest_0718,long,high_only,CLS,143,11,75,-64
latest_0718,long,high_only,VIAV,144,9,73,-64
latest_0718,long,high_only,MTRN,145,11,76,-65
latest_0718,long,high_only,HPE,146,6,72,-66
latest_0718,long,high_only,VECO,147,6,72,-66
latest_0718,long,high_only,SNDK,148,5,71,-66
latest_0718,long,high_only,STX,149,5,71,-66
latest_0718,long,high_only,ATKR,150,7,77,-70
latest_0718,long,high_only,PENG,151,3,73,-70
latest_0718,long,high_only,ROG,152,7,78,-71
latest_0718,long,high_only,PLAB,153,7,79,-72
latest_0718,long,high_only,KLIC,154,3,79,-76
latest_0718,long,high_only,GFS,155,15,92,-77
latest_0718,long,high_only,ACMR,156,7,84,-77
latest_0718,long,high_only,VISN,157,3,86,-83
latest_0718,long,high_only,FLEX,158,4,88,-84
latest_0718,long,high_only,AEHR,159,0,95,-95
latest_0718,long,high_only,DIOD,160,1,98,-97
latest_0718,long,high_only,SOMMY,161,6,104,-98
latest_0718,long,high_only,VSH,162,3,102,-99
latest_0718,long,high_only,ICHR,163,0,107,-107
latest_0718,long,high_only,UCTT,164,4,112,-108
latest_0718,long,high_only,ENPH,165,1,110,-109
latest_0718,long,high_only,RKLB,166,4,114,-110
latest_0718,long,high_only,BE,167,6,117,-111
latest_0718,long,high_only,IMOS,168,5,120,-115
latest_0718,long,high_only,MXL,169,4,119,-115
latest_0718,long,high_only,AAOI,170,1,119,-118
latest_0718,long,high_only,OKLO,171,0,120,-120
latest_0718,long,high_only,CRWV,172,9,132,-123
latest_0718,long,high_only,NBIS,173,3,134,-131
latest_0718,long,high_only,APLD,174,0,138,-138
latest_0718,long,high_only,AOSL,175,7,149,-142
latest_0718,long,high_only,FLNC,176,0,143,-143
latest_0718,long,high_only,INTC,177,7,153,-146
latest_0718,long,high_only,SMCI,178,2,148,-146
latest_0718,long,high_only,CBRS,179,5,155,-150
latest_0718,long,high_only,CC,180,0,153,-153
latest_0718,long,high_only,AXTI,181,1,156,-155
latest_0718,long,high_only,IREN,182,3,171,-168
latest_0718,long,high_only,PSIX,183,1,172,-171
latest_0718,long,high_only,MRAM,184,0,177,-177
latest_0718,long,high_only,AMPX,185,0,180,-180
latest_0718,long,high_only,NVTS,186,0,212,-212
latest_0718,long,high_only,SMR,187,0,217,-217
latest_0718,long,high_only,POET,188,0,222,-222
latest_0718,long,high_only,LWLG,189,0,225,-225
latest_0718,long,high_only,WOLF,190,0,231,-231
latest_0718,long,high_only,TE,191,0,251,-251
latest_0718,long,high_only,FCEL,192,0,259,-259
latest_0718,long,strength_weighted,MSFT,1,340,1,636
latest_0718,long,strength_weighted,ASML,2,347,7,629
latest_0718,long,strength_weighted,GOOGL,3,344,2,622
latest_0718,long,strength_weighted,NVDA,4,369,1,586
latest_0718,long,strength_weighted,AVGO,5,317,18,555
latest_0718,long,strength_weighted,CDNS,6,319,11,554
latest_0718,long,strength_weighted,KLAC,7,322,16,551
latest_0718,long,strength_weighted,TSM,8,356,3,547
latest_0718,long,strength_weighted,DHR,9,320,28,543
latest_0718,long,strength_weighted,HOCPY,10,316,15,515
latest_0718,long,strength_weighted,META,11,308,21,514
latest_0718,long,strength_weighted,TMO,12,310,30,503
latest_0718,long,strength_weighted,LIN,13,312,45,483
latest_0718,long,strength_weighted,MSI,14,306,41,476
latest_0718,long,strength_weighted,DSCSY,15,295,23,475
latest_0718,long,strength_weighted,TT,16,302,19,474
latest_0718,long,strength_weighted,APH,17,309,33,471
latest_0718,long,strength_weighted,ANET,18,311,35,468
latest_0718,long,strength_weighted,CRWD,19,279,28,454
latest_0718,long,strength_weighted,MPWR,20,292,45,449
latest_0718,long,strength_weighted,ECL,21,297,57,446
latest_0718,long,strength_weighted,SNPS,22,298,23,442
latest_0718,long,strength_weighted,ADBE,23,267,45,428
latest_0718,long,strength_weighted,ADI,24,297,49,416
latest_0718,long,strength_weighted,ASMIY,25,273,40,410
latest_0718,long,strength_weighted,AMAT,26,273,49,394
latest_0718,long,strength_weighted,PWR,27,276,45,392
latest_0718,long,strength_weighted,ETN,28,288,63,386
latest_0718,long,strength_weighted,TDY,29,281,64,385
latest_0718,long,strength_weighted,PH,30,273,49,385
latest_0718,long,strength_weighted,AMZN,31,259,54,380
latest_0718,long,strength_weighted,ARM,32,269,51,372
latest_0718,long,strength_weighted,TEL,33,250,41,372
latest_0718,long,strength_weighted,TXN,34,269,68,365
latest_0718,long,strength_weighted,LRCX,35,270,74,364
latest_0718,long,strength_weighted,KEYS,36,269,62,363
latest_0718,long,strength_weighted,BWXT,37,261,58,359
latest_0718,long,strength_weighted,SHECY,38,252,64,354
latest_0718,long,strength_weighted,AJNMY,39,252,49,326
latest_0718,long,strength_weighted,HUBB,40,249,59,324
latest_0718,long,strength_weighted,ABBNY,41,244,83,322
latest_0718,long,strength_weighted,GEV,42,242,20,316
latest_0718,long,strength_weighted,NVMI,43,267,73,313
latest_0718,long,strength_weighted,VRT,44,239,36,312
latest_0718,long,strength_weighted,ATEYY,45,269,85,304
latest_0718,long,strength_weighted,DOV,46,255,87,297
latest_0718,long,strength_weighted,EQIX,47,250,90,295
latest_0718,long,strength_weighted,AMD,48,271,73,283
latest_0718,long,strength_weighted,ENTG,49,239,48,280
latest_0718,long,strength_weighted,HTHIY,50,249,91,279
latest_0718,long,strength_weighted,QCOM,51,255,85,270
latest_0718,long,strength_weighted,ORCL,52,248,77,265
latest_0718,long,strength_weighted,NDSN,53,249,99,261
latest_0718,long,strength_weighted,RYCEY,54,250,82,254
latest_0718,long,strength_weighted,MRAAY,55,252,96,250
latest_0718,long,strength_weighted,IFNNY,56,241,84,249
latest_0718,long,strength_weighted,TOELY,57,214,97,243
latest_0718,long,strength_weighted,Q,58,221,53,242
latest_0718,long,strength_weighted,TER,59,230,85,232
latest_0718,long,strength_weighted,FTV,60,225,102,212
latest_0718,long,strength_weighted,NTNX,61,220,82,208
latest_0718,long,strength_weighted,NVT,62,228,107,190
latest_0718,long,strength_weighted,RMBS,63,221,92,189
latest_0718,long,strength_weighted,MIELY,64,218,95,184
latest_0718,long,strength_weighted,MRVL,65,236,105,182
latest_0718,long,strength_weighted,CAT,66,223,114,182
latest_0718,long,strength_weighted,JCI,67,221,112,173
latest_0718,long,strength_weighted,ONTO,68,222,115,169
latest_0718,long,strength_weighted,LFUS,69,217,110,169
latest_0718,long,strength_weighted,DCI,70,241,111,168
latest_0718,long,strength_weighted,DKILY,71,226,122,159
latest_0718,long,strength_weighted,CSCO,72,180,94,157
latest_0718,long,strength_weighted,ALLE,73,208,126,153
latest_0718,long,strength_weighted,BABA,74,205,107,142
latest_0718,long,strength_weighted,CEG,75,199,110,141
latest_0718,long,strength_weighted,APD,76,210,118,140
latest_0718,long,strength_weighted,DLR,77,213,114,139
latest_0718,long,strength_weighted,EME,78,207,133,137
latest_0718,long,strength_weighted,SKHY,79,200,117,118
latest_0718,long,strength_weighted,PNR,80,204,125,117
latest_0718,long,strength_weighted,CARR,81,209,126,115
latest_0718,long,strength_weighted,MTSI,82,213,119,113
latest_0718,long,strength_weighted,BESIY,83,206,145,107
latest_0718,long,strength_weighted,MICLF,84,195,114,105
latest_0718,long,strength_weighted,TTDKY,85,189,126,99
latest_0718,long,strength_weighted,CRDO,86,186,125,90
latest_0718,long,strength_weighted,MCHP,87,189,132,89
latest_0718,long,strength_weighted,NTAP,88,199,150,88
latest_0718,long,strength_weighted,SITM,89,202,124,86
latest_0718,long,strength_weighted,CMI,90,196,140,86
latest_0718,long,strength_weighted,P,91,189,133,74
latest_0718,long,strength_weighted,SMTOY,92,192,131,73
latest_0718,long,strength_weighted,AEIS,93,191,132,72
latest_0718,long,strength_weighted,CAMT,94,189,138,71
latest_0718,long,strength_weighted,ALAB,95,193,131,70
latest_0718,long,strength_weighted,IBM,96,166,132,61
latest_0718,long,strength_weighted,MU,97,186,137,59
latest_0718,long,strength_weighted,FIX,98,185,155,36
latest_0718,long,strength_weighted,GLW,99,183,157,16
latest_0718,long,strength_weighted,VST,100,156,157,-1
latest_0718,long,strength_weighted,DD,101,165,156,-3
latest_0718,long,strength_weighted,CIEN,102,169,169,-6
latest_0718,long,strength_weighted,ETR,103,166,161,-8
latest_0718,long,strength_weighted,AEP,104,159,181,-37
latest_0718,long,strength_weighted,VICR,105,156,166,-42
latest_0718,long,strength_weighted,POWL,106,154,191,-53
latest_0718,long,strength_weighted,MKSI,107,142,179,-57
latest_0718,long,strength_weighted,COHR,108,141,172,-64
latest_0718,long,strength_weighted,TSEM,109,107,178,-82
latest_0718,long,strength_weighted,DTE,110,135,192,-87
latest_0718,long,strength_weighted,LITE,111,149,199,-88
latest_0718,long,strength_weighted,ET,112,124,188,-91
latest_0718,long,strength_weighted,AAON,113,113,187,-95
latest_0718,long,strength_weighted,ASX,114,141,202,-97
latest_0718,long,strength_weighted,ASMVY,115,141,194,-98
latest_0718,long,strength_weighted,MOD,116,127,215,-105
latest_0718,long,strength_weighted,ON,117,119,210,-122
latest_0718,long,strength_weighted,ENS,118,116,207,-135
latest_0718,long,strength_weighted,MTRN,119,131,199,-144
latest_0718,long,strength_weighted,CLS,120,119,215,-144
latest_0718,long,strength_weighted,FN,121,103,213,-144
latest_0718,long,strength_weighted,GNRC,122,125,217,-146
latest_0718,long,strength_weighted,SMTC,123,120,212,-149
latest_0718,long,strength_weighted,FORM,124,100,199,-154
latest_0718,long,strength_weighted,SIMO,125,107,219,-160
latest_0718,long,strength_weighted,GFS,126,103,225,-163
latest_0718,long,strength_weighted,STM,127,105,222,-188
latest_0718,long,strength_weighted,IESC,128,108,235,-193
latest_0718,long,strength_weighted,ACLS,129,97,228,-195
latest_0718,long,strength_weighted,DELL,130,110,242,-196
latest_0718,long,strength_weighted,NOK,131,100,235,-203
latest_0718,long,strength_weighted,MMM,132,97,243,-203
latest_0718,long,strength_weighted,ACMR,133,103,233,-209
latest_0718,long,strength_weighted,WDC,134,106,242,-212
latest_0718,long,strength_weighted,JBL,135,111,236,-215
latest_0718,long,strength_weighted,SNDK,136,87,227,-217
latest_0718,long,strength_weighted,STX,137,103,241,-221
latest_0718,long,strength_weighted,UMC,138,109,236,-224
latest_0718,long,strength_weighted,BELFB,139,87,237,-224
latest_0718,long,strength_weighted,VECO,140,82,237,-227
latest_0718,long,strength_weighted,ASGLY,141,94,234,-228
latest_0718,long,strength_weighted,POWI,142,107,252,-230
latest_0718,long,strength_weighted,COHU,143,63,222,-238
latest_0718,long,strength_weighted,HPE,144,100,251,-240
latest_0718,long,strength_weighted,TSLA,145,95,243,-248
latest_0718,long,strength_weighted,AMKR,146,98,246,-255
latest_0718,long,strength_weighted,KLIC,147,81,251,-255
latest_0718,long,strength_weighted,MYRG,148,88,243,-257
latest_0718,long,strength_weighted,PLAB,149,85,258,-264
latest_0718,long,strength_weighted,BDC,150,71,245,-268
latest_0718,long,strength_weighted,SANM,151,58,249,-279
latest_0718,long,strength_weighted,DIOD,152,70,249,-285
latest_0718,long,strength_weighted,FLEX,153,67,254,-287
latest_0718,long,strength_weighted,VIAV,154,80,264,-290
latest_0718,long,strength_weighted,ROG,155,84,270,-309
latest_0718,long,strength_weighted,PENG,156,69,271,-324
latest_0718,long,strength_weighted,ST,157,65,281,-335
latest_0718,long,strength_weighted,BE,158,78,267,-344
latest_0718,long,strength_weighted,ATKR,159,37,301,-375
latest_0718,long,strength_weighted,CRWV,160,58,292,-404
latest_0718,long,strength_weighted,UCTT,161,50,304,-432
latest_0718,long,strength_weighted,VSH,162,48,301,-433
latest_0718,long,strength_weighted,RKLB,163,54,304,-439
latest_0718,long,strength_weighted,VISN,164,35,311,-441
latest_0718,long,strength_weighted,NBIS,165,53,307,-445
latest_0718,long,strength_weighted,MXL,166,43,298,-449
latest_0718,long,strength_weighted,AEHR,167,27,328,-449
latest_0718,long,strength_weighted,ICHR,168,50,311,-459
latest_0718,long,strength_weighted,IMOS,169,41,314,-469
latest_0718,long,strength_weighted,AAOI,170,34,326,-473
latest_0718,long,strength_weighted,ENPH,171,29,322,-479
latest_0718,long,strength_weighted,INTC,172,31,318,-490
latest_0718,long,strength_weighted,SMCI,173,38,326,-493
latest_0718,long,strength_weighted,SOMMY,174,37,319,-494
latest_0718,long,strength_weighted,CBRS,175,36,317,-495
latest_0718,long,strength_weighted,AXTI,176,32,322,-513
latest_0718,long,strength_weighted,CC,177,22,334,-535
latest_0718,long,strength_weighted,FLNC,178,21,339,-544
latest_0718,long,strength_weighted,PSIX,179,20,329,-547
latest_0718,long,strength_weighted,IREN,180,27,328,-553
latest_0718,long,strength_weighted,AMPX,181,20,340,-566
latest_0718,long,strength_weighted,OKLO,182,8,358,-569
latest_0718,long,strength_weighted,AOSL,183,24,335,-576
latest_0718,long,strength_weighted,APLD,184,21,322,-583
latest_0718,long,strength_weighted,MRAM,185,20,345,-588
latest_0718,long,strength_weighted,TE,186,7,362,-642
latest_0718,long,strength_weighted,NVTS,187,6,356,-649
latest_0718,long,strength_weighted,WOLF,188,6,366,-658
latest_0718,long,strength_weighted,SMR,189,5,369,-677
latest_0718,long,strength_weighted,POET,190,5,368,-682
latest_0718,long,strength_weighted,FCEL,191,4,374,-704
latest_0718,long,strength_weighted,LWLG,192,0,378,-731
latest_0718,odds,both,ADBE,1,370,2,368
latest_0718,odds,both,ST,2,352,6,346
latest_0718,odds,both,PNR,3,348,21,327
latest_0718,odds,both,BABA,4,349,24,325
latest_0718,odds,both,PSIX,5,342,17,325
latest_0718,odds,both,VST,6,339,24,315
latest_0718,odds,both,ORCL,7,335,20,315
latest_0718,odds,both,QCOM,8,333,18,315
latest_0718,odds,both,ET,9,338,25,313
latest_0718,odds,both,TSM,10,337,32,305
latest_0718,odds,both,TEL,11,323,31,292
latest_0718,odds,both,BDC,12,306,16,290
latest_0718,odds,both,ENS,13,325,42,283
latest_0718,odds,both,META,14,324,43,281
latest_0718,odds,both,NVDA,15,309,31,278
latest_0718,odds,both,VISN,16,306,38,268
latest_0718,odds,both,HPE,17,314,50,264
latest_0718,odds,both,ATKR,18,306,52,254
latest_0718,odds,both,SMCI,19,293,40,253
latest_0718,odds,both,ALLE,20,306,61,245
latest_0718,odds,both,DOV,21,297,54,243
latest_0718,odds,both,MU,22,292,51,241
latest_0718,odds,both,DD,23,303,64,239
latest_0718,odds,both,CEG,24,280,47,233
latest_0718,odds,both,TMO,25,297,66,231
latest_0718,odds,both,GOOGL,26,296,69,227
latest_0718,odds,both,JBL,27,289,65,224
latest_0718,odds,both,MMM,28,295,73,222
latest_0718,odds,both,AVGO,29,294,73,221
latest_0718,odds,both,CC,30,277,59,218
latest_0718,odds,both,HTHIY,31,286,72,214
latest_0718,odds,both,NTAP,32,288,77,211
latest_0718,odds,both,MSFT,33,289,79,210
latest_0718,odds,both,IBM,34,276,66,210
latest_0718,odds,both,SANM,35,259,53,206
latest_0718,odds,both,DHR,36,283,82,201
latest_0718,odds,both,DCI,37,282,86,196
latest_0718,odds,both,DELL,38,271,75,196
latest_0718,odds,both,HUBB,39,275,83,192
latest_0718,odds,both,MSI,40,262,72,190
latest_0718,odds,both,PLAB,41,280,93,187
latest_0718,odds,both,FTV,42,258,81,177
latest_0718,odds,both,MKSI,43,263,92,171
latest_0718,odds,both,MCHP,44,258,88,170
latest_0718,odds,both,DIOD,45,248,81,167
latest_0718,odds,both,DTE,46,257,93,164
latest_0718,odds,both,EME,47,254,90,164
latest_0718,odds,both,NTNX,48,237,76,161
latest_0718,odds,both,SOMMY,49,239,80,159
latest_0718,odds,both,SNDK,50,255,98,157
latest_0718,odds,both,FLEX,51,233,81,152
latest_0718,odds,both,CMI,52,247,99,148
latest_0718,odds,both,LFUS,53,243,96,147
latest_0718,odds,both,ASGLY,54,218,78,140
latest_0718,odds,both,AEP,55,245,106,139
latest_0718,odds,both,SKHY,56,203,64,139
latest_0718,odds,both,VECO,57,239,102,137
latest_0718,odds,both,MOD,58,239,103,136
latest_0718,odds,both,MIELY,59,211,78,133
latest_0718,odds,both,NDSN,60,239,113,126
latest_0718,odds,both,GNRC,61,235,113,122
latest_0718,odds,both,CLS,62,229,107,122
latest_0718,odds,both,TDY,63,243,122,121
latest_0718,odds,both,SMTOY,64,210,91,119
latest_0718,odds,both,CARR,65,243,129,114
latest_0718,odds,both,APH,66,235,121,114
latest_0718,odds,both,JCI,67,230,117,113
latest_0718,odds,both,ETN,68,223,116,107
latest_0718,odds,both,ETR,69,225,126,99
latest_0718,odds,both,AMZN,70,221,123,98
latest_0718,odds,both,APD,71,219,121,98
latest_0718,odds,both,SNPS,72,214,118,96
latest_0718,odds,both,ADI,73,214,124,90
latest_0718,odds,both,ON,74,209,121,88
latest_0718,odds,both,P,75,207,120,87
latest_0718,odds,both,PENG,76,209,124,85
latest_0718,odds,both,TTDKY,77,209,127,82
latest_0718,odds,both,NOK,78,218,138,80
latest_0718,odds,both,KEYS,79,203,131,72
latest_0718,odds,both,NVT,80,209,138,71
latest_0718,odds,both,AEIS,81,210,143,67
latest_0718,odds,both,IFNNY,82,196,136,60
latest_0718,odds,both,ASX,83,207,152,55
latest_0718,odds,both,CSCO,84,177,123,54
latest_0718,odds,both,IESC,85,178,140,38
latest_0718,odds,both,BELFB,86,181,145,36
latest_0718,odds,both,LIN,87,194,159,35
latest_0718,odds,both,DKILY,88,156,122,34
latest_0718,odds,both,TT,89,175,144,31
latest_0718,odds,both,RMBS,90,171,140,31
latest_0718,odds,both,KLIC,91,182,152,30
latest_0718,odds,both,SHECY,92,160,130,30
latest_0718,odds,both,PH,93,174,153,21
latest_0718,odds,both,AMKR,94,181,165,16
latest_0718,odds,both,GFS,95,172,157,15
latest_0718,odds,both,CRDO,96,169,159,10
latest_0718,odds,both,ABBNY,97,168,168,0
latest_0718,odds,both,SIMO,98,163,167,-4
latest_0718,odds,both,ASMIY,99,164,169,-5
latest_0718,odds,both,ACLS,100,172,180,-8
latest_0718,odds,both,FN,101,146,159,-13
latest_0718,odds,both,CAMT,102,167,181,-14
latest_0718,odds,both,RYCEY,103,162,180,-18
latest_0718,odds,both,ASML,104,172,194,-22
latest_0718,odds,both,UCTT,105,158,186,-28
latest_0718,odds,both,POWL,106,154,182,-28
latest_0718,odds,both,ONTO,107,157,189,-32
latest_0718,odds,both,Q,108,141,176,-35
latest_0718,odds,both,ECL,109,157,195,-38
latest_0718,odds,both,ENTG,110,130,177,-47
latest_0718,odds,both,AMAT,111,149,208,-59
latest_0718,odds,both,ENPH,112,145,204,-59
latest_0718,odds,both,MICLF,113,100,160,-60
latest_0718,odds,both,STM,114,132,196,-64
latest_0718,odds,both,VSH,115,144,214,-70
latest_0718,odds,both,FIX,116,144,215,-71
latest_0718,odds,both,DSCSY,117,86,157,-71
latest_0718,odds,both,UMC,118,143,217,-74
latest_0718,odds,both,WDC,119,140,215,-75
latest_0718,odds,both,MYRG,120,139,214,-75
latest_0718,odds,both,STX,121,132,208,-76
latest_0718,odds,both,DLR,122,112,188,-76
latest_0718,odds,both,BWXT,123,133,216,-83
latest_0718,odds,both,NVMI,124,134,221,-87
latest_0718,odds,both,TXN,125,124,212,-88
latest_0718,odds,both,VIAV,126,118,208,-90
latest_0718,odds,both,AAOI,127,119,210,-91
latest_0718,odds,both,TER,128,129,223,-94
latest_0718,odds,both,VRT,129,110,205,-95
latest_0718,odds,both,EQIX,130,111,208,-97
latest_0718,odds,both,ASMVY,131,95,200,-105
latest_0718,odds,both,ATEYY,132,92,197,-105
latest_0718,odds,both,ROG,133,112,220,-108
latest_0718,odds,both,MRVL,134,119,228,-109
latest_0718,odds,both,CAT,135,120,232,-112
latest_0718,odds,both,MTRN,136,109,221,-112
latest_0718,odds,both,ANET,137,120,233,-113
latest_0718,odds,both,SMTC,138,114,227,-113
latest_0718,odds,both,TOELY,139,80,195,-115
latest_0718,odds,both,AMD,140,111,228,-117
latest_0718,odds,both,AJNMY,141,82,207,-125
latest_0718,odds,both,PWR,142,110,238,-128
latest_0718,odds,both,HOCPY,143,96,232,-136
latest_0718,odds,both,KLAC,144,103,243,-140
latest_0718,odds,both,ICHR,145,104,247,-143
latest_0718,odds,both,AAON,146,102,245,-143
latest_0718,odds,both,MRAAY,147,78,221,-143
latest_0718,odds,both,LRCX,148,91,237,-146
latest_0718,odds,both,COHR,149,92,255,-163
latest_0718,odds,both,GEV,150,88,252,-164
latest_0718,odds,both,FORM,151,79,244,-165
latest_0718,odds,both,COHU,152,82,248,-166
latest_0718,odds,both,AOSL,153,86,265,-179
latest_0718,odds,both,CDNS,154,83,265,-182
latest_0718,odds,both,POWI,155,87,274,-187
latest_0718,odds,both,MPWR,156,83,271,-188
latest_0718,odds,both,ACMR,157,81,273,-192
latest_0718,odds,both,TE,158,81,280,-199
latest_0718,odds,both,MTSI,159,67,272,-205
latest_0718,odds,both,IMOS,160,70,280,-210
latest_0718,odds,both,GLW,161,67,277,-210
latest_0718,odds,both,LITE,162,66,277,-211
latest_0718,odds,both,TSEM,163,72,285,-213
latest_0718,odds,both,BESIY,164,60,278,-218
latest_0718,odds,both,CIEN,165,64,285,-221
latest_0718,odds,both,MRAM,166,44,305,-261
latest_0718,odds,both,MXL,167,50,317,-267
latest_0718,odds,both,FLNC,168,50,318,-268
latest_0718,odds,both,VICR,169,47,316,-269
latest_0718,odds,both,NBIS,170,50,324,-274
latest_0718,odds,both,CRWV,171,42,318,-276
latest_0718,odds,both,SITM,172,35,322,-287
latest_0718,odds,both,BE,173,30,327,-297
latest_0718,odds,both,ALAB,174,29,332,-303
latest_0718,odds,both,AXTI,175,35,340,-305
latest_0718,odds,both,CRWD,176,31,338,-307
latest_0718,odds,both,IREN,177,35,343,-308
latest_0718,odds,both,APLD,178,32,347,-315
latest_0718,odds,both,INTC,179,25,342,-317
latest_0718,odds,both,WOLF,180,27,349,-322
latest_0718,odds,both,TSLA,181,20,342,-322
latest_0718,odds,both,AMPX,182,27,351,-324
latest_0718,odds,both,AEHR,183,24,350,-326
latest_0718,odds,both,FCEL,184,17,354,-337
latest_0718,odds,both,ARM,185,16,359,-343
latest_0718,odds,both,SMR,186,13,364,-351
latest_0718,odds,both,CBRS,187,11,367,-356
latest_0718,odds,both,POET,188,9,367,-358
latest_0718,odds,both,RKLB,189,8,369,-361
latest_0718,odds,both,NVTS,190,5,372,-367
latest_0718,odds,both,OKLO,191,0,371,-371
latest_0718,odds,both,LWLG,192,1,378,-377
latest_0718,odds,self_only,ADBE,1,179,2,177
latest_0718,odds,self_only,ST,2,164,6,158
latest_0718,odds,self_only,PNR,3,164,18,146
latest_0718,odds,self_only,ORCL,4,156,15,141
latest_0718,odds,self_only,BABA,5,162,23,139
latest_0718,odds,self_only,PSIX,6,153,17,136
latest_0718,odds,self_only,QCOM,7,151,16,135
latest_0718,odds,self_only,ET,8,150,24,126
latest_0718,odds,self_only,VST,9,150,24,126
latest_0718,odds,self_only,TSM,10,154,31,123
latest_0718,odds,self_only,TEL,11,139,28,111
latest_0718,odds,self_only,BDC,12,123,12,111
latest_0718,odds,self_only,ENS,13,146,37,109
latest_0718,odds,self_only,SMCI,14,137,30,107
latest_0718,odds,self_only,META,15,136,40,96
latest_0718,odds,self_only,VISN,16,126,33,93
latest_0718,odds,self_only,NVDA,17,121,30,91
latest_0718,odds,self_only,HPE,18,133,46,87
latest_0718,odds,self_only,DOV,19,124,40,84
latest_0718,odds,self_only,DD,20,131,54,77
latest_0718,odds,self_only,JBL,21,125,49,76
latest_0718,odds,self_only,IBM,22,119,43,76
latest_0718,odds,self_only,TMO,23,127,54,73
latest_0718,odds,self_only,ATKR,24,120,50,70
latest_0718,odds,self_only,ALLE,25,125,56,69
latest_0718,odds,self_only,DCI,26,127,59,68
latest_0718,odds,self_only,MIELY,27,123,55,68
latest_0718,odds,self_only,GOOGL,28,123,58,65
latest_0718,odds,self_only,CEG,29,102,41,61
latest_0718,odds,self_only,SKHY,30,121,61,60
latest_0718,odds,self_only,CC,31,112,54,58
latest_0718,odds,self_only,DELL,32,113,56,57
latest_0718,odds,self_only,HUBB,33,115,59,56
latest_0718,odds,self_only,MMM,34,121,66,55
latest_0718,odds,self_only,SOMMY,35,119,64,55
latest_0718,odds,self_only,DHR,36,119,65,54
latest_0718,odds,self_only,MU,37,105,51,54
latest_0718,odds,self_only,MSI,38,102,48,54
latest_0718,odds,self_only,NTNX,39,97,44,53
latest_0718,odds,self_only,AVGO,40,115,67,48
latest_0718,odds,self_only,ASGLY,41,114,66,48
latest_0718,odds,self_only,NTAP,42,116,71,45
latest_0718,odds,self_only,MSFT,43,113,72,41
latest_0718,odds,self_only,MKSI,44,105,65,40
latest_0718,odds,self_only,SANM,45,82,43,39
latest_0718,odds,self_only,HTHIY,46,105,72,33
latest_0718,odds,self_only,DTE,47,100,68,32
latest_0718,odds,self_only,LFUS,48,98,66,32
latest_0718,odds,self_only,EME,49,97,66,31
latest_0718,odds,self_only,AEP,50,100,71,29
latest_0718,odds,self_only,SMTOY,51,104,78,26
latest_0718,odds,self_only,MCHP,52,96,71,25
latest_0718,odds,self_only,FTV,53,91,66,25
latest_0718,odds,self_only,JCI,54,100,76,24
latest_0718,odds,self_only,NDSN,55,100,76,24
latest_0718,odds,self_only,ETR,56,103,81,22
latest_0718,odds,self_only,P,57,91,71,20
latest_0718,odds,self_only,TDY,58,100,85,15
latest_0718,odds,self_only,IESC,59,96,81,15
latest_0718,odds,self_only,APD,60,87,74,13
latest_0718,odds,self_only,PLAB,61,98,88,10
latest_0718,odds,self_only,DIOD,62,77,68,9
latest_0718,odds,self_only,TTDKY,63,90,82,8
latest_0718,odds,self_only,FLEX,64,73,65,8
latest_0718,odds,self_only,DKILY,65,89,85,4
latest_0718,odds,self_only,CMI,66,84,81,3
latest_0718,odds,self_only,ETN,67,81,78,3
latest_0718,odds,self_only,PENG,68,85,83,2
latest_0718,odds,self_only,APH,69,90,89,1
latest_0718,odds,self_only,ADI,70,83,84,-1
latest_0718,odds,self_only,NOK,71,88,90,-2
latest_0718,odds,self_only,KEYS,72,81,83,-2
latest_0718,odds,self_only,CLS,73,80,83,-3
latest_0718,odds,self_only,RMBS,74,75,79,-4
latest_0718,odds,self_only,SNPS,75,72,76,-4
latest_0718,odds,self_only,NVT,76,84,91,-7
latest_0718,odds,self_only,SNDK,77,83,91,-8
latest_0718,odds,self_only,CARR,78,91,100,-9
latest_0718,odds,self_only,MOD,79,73,88,-15
latest_0718,odds,self_only,VECO,80,73,90,-17
latest_0718,odds,self_only,EQIX,81,74,93,-19
latest_0718,odds,self_only,GNRC,82,73,96,-23
latest_0718,odds,self_only,BELFB,83,67,90,-23
latest_0718,odds,self_only,LIN,84,77,102,-25
latest_0718,odds,self_only,TT,85,61,87,-26
latest_0718,odds,self_only,DLR,86,64,92,-28
latest_0718,odds,self_only,SHECY,87,71,101,-30
latest_0718,odds,self_only,ON,88,63,93,-30
latest_0718,odds,self_only,AMKR,89,72,104,-32
latest_0718,odds,self_only,AMZN,90,68,100,-32
latest_0718,odds,self_only,ACLS,91,73,106,-33
latest_0718,odds,self_only,CSCO,92,48,81,-33
latest_0718,odds,self_only,ABBNY,93,68,102,-34
latest_0718,odds,self_only,CAMT,94,67,103,-36
latest_0718,odds,self_only,PH,95,60,98,-38
latest_0718,odds,self_only,GFS,96,60,99,-39
latest_0718,odds,self_only,DSCSY,97,50,89,-39
latest_0718,odds,self_only,AEIS,98,68,109,-41
latest_0718,odds,self_only,FN,99,48,98,-50
latest_0718,odds,self_only,Q,100,46,97,-51
latest_0718,odds,self_only,SIMO,101,54,107,-53
latest_0718,odds,self_only,VIAV,102,52,106,-54
latest_0718,odds,self_only,MICLF,103,59,115,-56
latest_0718,odds,self_only,POWL,104,52,109,-57
latest_0718,odds,self_only,ASML,105,65,123,-58
latest_0718,odds,self_only,STX,106,62,120,-58
latest_0718,odds,self_only,RYCEY,107,58,116,-58
latest_0718,odds,self_only,ENTG,108,38,98,-60
latest_0718,odds,self_only,ECL,109,55,118,-63
latest_0718,odds,self_only,IFNNY,110,48,111,-63
latest_0718,odds,self_only,CRDO,111,45,108,-63
latest_0718,odds,self_only,ASMIY,112,52,116,-64
latest_0718,odds,self_only,MYRG,113,56,122,-66
latest_0718,odds,self_only,PWR,114,53,119,-66
latest_0718,odds,self_only,TXN,115,51,120,-69
latest_0718,odds,self_only,WDC,116,58,129,-71
latest_0718,odds,self_only,ATEYY,117,55,126,-71
latest_0718,odds,self_only,KLIC,118,48,122,-74
latest_0718,odds,self_only,FIX,119,53,128,-75
latest_0718,odds,self_only,MTRN,120,44,119,-75
latest_0718,odds,self_only,BWXT,121,51,127,-76
latest_0718,odds,self_only,ROG,122,43,120,-77
latest_0718,odds,self_only,FORM,123,37,114,-77
latest_0718,odds,self_only,ONTO,124,44,124,-80
latest_0718,odds,self_only,AMD,125,45,127,-82
latest_0718,odds,self_only,VRT,126,29,112,-83
latest_0718,odds,self_only,NVMI,127,50,134,-84
latest_0718,odds,self_only,ANET,128,49,133,-84
latest_0718,odds,self_only,MRVL,129,48,133,-85
latest_0718,odds,self_only,UCTT,130,44,129,-85
latest_0718,odds,self_only,ASX,131,48,134,-86
latest_0718,odds,self_only,GEV,132,41,128,-87
latest_0718,odds,self_only,AOSL,133,44,132,-88
latest_0718,odds,self_only,SMTC,134,42,130,-88
latest_0718,odds,self_only,STM,135,34,123,-89
latest_0718,odds,self_only,KLAC,136,42,132,-90
latest_0718,odds,self_only,AAON,137,39,130,-91
latest_0718,odds,self_only,AMAT,138,44,136,-92
latest_0718,odds,self_only,TER,139,40,132,-92
latest_0718,odds,self_only,TOELY,140,39,133,-94
latest_0718,odds,self_only,POWI,141,44,139,-95
latest_0718,odds,self_only,COHU,142,28,123,-95
latest_0718,odds,self_only,ACMR,143,40,136,-96
latest_0718,odds,self_only,NBIS,144,45,142,-97
latest_0718,odds,self_only,BESIY,145,46,144,-98
latest_0718,odds,self_only,ICHR,146,43,142,-99
latest_0718,odds,self_only,VSH,147,41,140,-99
latest_0718,odds,self_only,AJNMY,148,45,145,-100
latest_0718,odds,self_only,MPWR,149,40,140,-100
latest_0718,odds,self_only,MTSI,150,34,135,-101
latest_0718,odds,self_only,HOCPY,151,33,134,-101
latest_0718,odds,self_only,LRCX,152,29,130,-101
latest_0718,odds,self_only,CAT,153,39,142,-103
latest_0718,odds,self_only,ASMVY,154,41,145,-104
latest_0718,odds,self_only,COHR,155,36,144,-108
latest_0718,odds,self_only,GLW,156,30,140,-110
latest_0718,odds,self_only,LITE,157,30,141,-111
latest_0718,odds,self_only,CDNS,158,36,148,-112
latest_0718,odds,self_only,TE,159,36,148,-112
latest_0718,odds,self_only,UMC,160,36,148,-112
latest_0718,odds,self_only,AAOI,161,25,140,-115
latest_0718,odds,self_only,IMOS,162,30,146,-116
latest_0718,odds,self_only,MRAM,163,25,142,-117
latest_0718,odds,self_only,CIEN,164,27,145,-118
latest_0718,odds,self_only,ENPH,165,31,153,-122
latest_0718,odds,self_only,MRAAY,166,31,156,-125
latest_0718,odds,self_only,CRWV,167,27,155,-128
latest_0718,odds,self_only,FLNC,168,28,157,-129
latest_0718,odds,self_only,ALAB,169,21,151,-130
latest_0718,odds,self_only,SITM,170,23,154,-131
latest_0718,odds,self_only,VICR,171,23,159,-136
latest_0718,odds,self_only,BE,172,18,154,-136
latest_0718,odds,self_only,WOLF,173,25,164,-139
latest_0718,odds,self_only,AXTI,174,23,163,-140
latest_0718,odds,self_only,MXL,175,22,163,-141
latest_0718,odds,self_only,TSEM,176,21,162,-141
latest_0718,odds,self_only,CRWD,177,20,161,-141
latest_0718,odds,self_only,TSLA,178,15,159,-144
latest_0718,odds,self_only,IREN,179,21,168,-147
latest_0718,odds,self_only,APLD,180,20,168,-148
latest_0718,odds,self_only,AEHR,181,18,167,-149
latest_0718,odds,self_only,AMPX,182,18,169,-151
latest_0718,odds,self_only,FCEL,183,17,169,-152
latest_0718,odds,self_only,INTC,184,15,171,-156
latest_0718,odds,self_only,SMR,185,12,175,-163
latest_0718,odds,self_only,ARM,186,11,176,-165
latest_0718,odds,self_only,POET,187,8,178,-170
latest_0718,odds,self_only,CBRS,188,9,180,-171
latest_0718,odds,self_only,RKLB,189,7,181,-174
latest_0718,odds,self_only,NVTS,190,4,184,-180
latest_0718,odds,self_only,OKLO,191,0,182,-182
latest_0718,odds,self_only,LWLG,192,1,188,-187
latest_0718,odds,other_only,ADBE,1,191,0,191
latest_0718,odds,other_only,PSIX,2,189,0,189
latest_0718,odds,other_only,VST,3,189,0,189
latest_0718,odds,other_only,ST,4,188,0,188
latest_0718,odds,other_only,ET,5,188,1,187
latest_0718,odds,other_only,NVDA,6,188,1,187
latest_0718,odds,other_only,MU,7,187,0,187
latest_0718,odds,other_only,BABA,8,187,1,186
latest_0718,odds,other_only,META,9,188,3,185
latest_0718,odds,other_only,ATKR,10,186,2,184
latest_0718,odds,other_only,TSM,11,183,1,182
latest_0718,odds,other_only,PNR,12,184,3,181
latest_0718,odds,other_only,TEL,13,184,3,181
latest_0718,odds,other_only,HTHIY,14,181,0,181
latest_0718,odds,other_only,QCOM,15,182,2,180
latest_0718,odds,other_only,BDC,16,183,4,179
latest_0718,odds,other_only,PLAB,17,182,5,177
latest_0718,odds,other_only,HPE,18,181,4,177
latest_0718,odds,other_only,ALLE,19,181,5,176
latest_0718,odds,other_only,VISN,20,180,5,175
latest_0718,odds,other_only,ENS,21,179,5,174
latest_0718,odds,other_only,ORCL,22,179,5,174
latest_0718,odds,other_only,AVGO,23,179,6,173
latest_0718,odds,other_only,CEG,24,178,6,172
latest_0718,odds,other_only,MSFT,25,176,7,169
latest_0718,odds,other_only,SANM,26,177,10,167
latest_0718,odds,other_only,MMM,27,174,7,167
latest_0718,odds,other_only,NTAP,28,172,6,166
latest_0718,odds,other_only,SNDK,29,172,7,165
latest_0718,odds,other_only,GOOGL,30,173,11,162
latest_0718,odds,other_only,DD,31,172,10,162
latest_0718,odds,other_only,CC,32,165,5,160
latest_0718,odds,other_only,DOV,33,173,14,159
latest_0718,odds,other_only,DIOD,34,171,13,158
latest_0718,odds,other_only,TMO,35,170,12,158
latest_0718,odds,other_only,VECO,36,166,12,154
latest_0718,odds,other_only,FTV,37,167,15,152
latest_0718,odds,other_only,MOD,38,166,15,151
latest_0718,odds,other_only,JBL,39,164,16,148
latest_0718,odds,other_only,DHR,40,164,17,147
latest_0718,odds,other_only,SMCI,41,156,10,146
latest_0718,odds,other_only,CMI,42,163,18,145
latest_0718,odds,other_only,GNRC,43,162,17,145
latest_0718,odds,other_only,MCHP,44,162,17,145
latest_0718,odds,other_only,FLEX,45,160,16,144
latest_0718,odds,other_only,ASX,46,159,18,141
latest_0718,odds,other_only,DELL,47,158,19,139
latest_0718,odds,other_only,HUBB,48,160,24,136
latest_0718,odds,other_only,MSI,49,160,24,136
latest_0718,odds,other_only,IBM,50,157,23,134
latest_0718,odds,other_only,EME,51,157,24,133
latest_0718,odds,other_only,DTE,52,157,25,132
latest_0718,odds,other_only,MKSI,53,158,27,131
latest_0718,odds,other_only,AMZN,54,153,23,130
latest_0718,odds,other_only,DCI,55,155,27,128
latest_0718,odds,other_only,CLS,56,149,24,125
latest_0718,odds,other_only,CARR,57,152,29,123
latest_0718,odds,other_only,IFNNY,58,148,25,123
latest_0718,odds,other_only,ON,59,146,28,118
latest_0718,odds,other_only,LFUS,60,145,30,115
latest_0718,odds,other_only,APH,61,145,32,113
latest_0718,odds,other_only,AEP,62,145,35,110
latest_0718,odds,other_only,AEIS,63,142,34,108
latest_0718,odds,other_only,NTNX,64,140,32,108
latest_0718,odds,other_only,TDY,65,143,37,106
latest_0718,odds,other_only,ETN,66,142,38,104
latest_0718,odds,other_only,KLIC,67,134,30,104
latest_0718,odds,other_only,SOMMY,68,120,16,104
latest_0718,odds,other_only,NDSN,69,139,37,102
latest_0718,odds,other_only,SNPS,70,142,42,100
latest_0718,odds,other_only,SMTOY,71,106,13,93
latest_0718,odds,other_only,ASGLY,72,104,12,92
latest_0718,odds,other_only,ADI,73,131,40,91
latest_0718,odds,other_only,JCI,74,130,41,89
latest_0718,odds,other_only,CSCO,75,129,42,87
latest_0718,odds,other_only,APD,76,132,47,85
latest_0718,odds,other_only,PENG,77,124,41,83
latest_0718,odds,other_only,NOK,78,130,48,82
latest_0718,odds,other_only,SKHY,79,82,3,79
latest_0718,odds,other_only,NVT,80,125,47,78
latest_0718,odds,other_only,ETR,81,122,45,77
latest_0718,odds,other_only,KEYS,82,122,48,74
latest_0718,odds,other_only,TTDKY,83,119,45,74
latest_0718,odds,other_only,CRDO,84,124,51,73
latest_0718,odds,other_only,P,85,116,49,67
latest_0718,odds,other_only,MIELY,86,88,23,65
latest_0718,odds,other_only,ENPH,87,114,51,63
latest_0718,odds,other_only,LIN,88,117,57,60
latest_0718,odds,other_only,SHECY,89,89,29,60
latest_0718,odds,other_only,BELFB,90,114,55,59
latest_0718,odds,other_only,PH,91,114,55,59
latest_0718,odds,other_only,ASMIY,92,112,53,59
latest_0718,odds,other_only,TT,93,114,57,57
latest_0718,odds,other_only,UCTT,94,114,57,57
latest_0718,odds,other_only,GFS,95,112,58,54
latest_0718,odds,other_only,SIMO,96,109,60,49
latest_0718,odds,other_only,ONTO,97,113,65,48
latest_0718,odds,other_only,AMKR,98,109,61,48
latest_0718,odds,other_only,RYCEY,99,104,64,40
latest_0718,odds,other_only,UMC,100,107,69,38
latest_0718,odds,other_only,FN,101,98,61,37
latest_0718,odds,other_only,ASML,102,107,71,36
latest_0718,odds,other_only,RMBS,103,96,61,35
latest_0718,odds,other_only,ABBNY,104,100,66,34
latest_0718,odds,other_only,AMAT,105,105,72,33
latest_0718,odds,other_only,DKILY,106,67,37,30
latest_0718,odds,other_only,VSH,107,103,74,29
latest_0718,odds,other_only,POWL,108,102,73,29
latest_0718,odds,other_only,ECL,109,102,77,25
latest_0718,odds,other_only,ACLS,110,99,74,25
latest_0718,odds,other_only,STM,111,98,73,25
latest_0718,odds,other_only,AAOI,112,94,70,24
latest_0718,odds,other_only,IESC,113,82,59,23
latest_0718,odds,other_only,CAMT,114,100,78,22
latest_0718,odds,other_only,Q,115,95,79,16
latest_0718,odds,other_only,ENTG,116,92,79,13
latest_0718,odds,other_only,FIX,117,91,87,4
latest_0718,odds,other_only,ASMVY,118,54,55,-1
latest_0718,odds,other_only,TER,119,89,91,-2
latest_0718,odds,other_only,NVMI,120,84,87,-3
latest_0718,odds,other_only,WDC,121,82,86,-4
latest_0718,odds,other_only,MICLF,122,41,45,-4
latest_0718,odds,other_only,BWXT,123,82,89,-7
latest_0718,odds,other_only,MYRG,124,83,92,-9
latest_0718,odds,other_only,CAT,125,81,90,-9
latest_0718,odds,other_only,VRT,126,81,93,-12
latest_0718,odds,other_only,STX,127,70,88,-18
latest_0718,odds,other_only,MRAAY,128,47,65,-18
latest_0718,odds,other_only,TXN,129,73,92,-19
latest_0718,odds,other_only,TOELY,130,41,62,-21
latest_0718,odds,other_only,MRVL,131,71,95,-24
latest_0718,odds,other_only,SMTC,132,72,97,-25
latest_0718,odds,other_only,AJNMY,133,37,62,-25
latest_0718,odds,other_only,ANET,134,71,100,-29
latest_0718,odds,other_only,ROG,135,69,100,-31
latest_0718,odds,other_only,DSCSY,136,36,68,-32
latest_0718,odds,other_only,ATEYY,137,37,71,-34
latest_0718,odds,other_only,AMD,138,66,101,-35
latest_0718,odds,other_only,HOCPY,139,63,98,-35
latest_0718,odds,other_only,VIAV,140,66,102,-36
latest_0718,odds,other_only,MTRN,141,65,102,-37
latest_0718,odds,other_only,ICHR,142,61,105,-44
latest_0718,odds,other_only,LRCX,143,62,107,-45
latest_0718,odds,other_only,DLR,144,48,96,-48
latest_0718,odds,other_only,KLAC,145,61,111,-50
latest_0718,odds,other_only,AAON,146,63,115,-52
latest_0718,odds,other_only,COHR,147,56,111,-55
latest_0718,odds,other_only,PWR,148,57,119,-62
latest_0718,odds,other_only,CDNS,149,47,117,-70
latest_0718,odds,other_only,COHU,150,54,125,-71
latest_0718,odds,other_only,TSEM,151,51,123,-72
latest_0718,odds,other_only,GEV,152,47,124,-77
latest_0718,odds,other_only,EQIX,153,37,115,-78
latest_0718,odds,other_only,TE,154,45,132,-87
latest_0718,odds,other_only,MPWR,155,43,131,-88
latest_0718,odds,other_only,FORM,156,42,130,-88
latest_0718,odds,other_only,AOSL,157,42,133,-91
latest_0718,odds,other_only,POWI,158,43,135,-92
latest_0718,odds,other_only,IMOS,159,40,134,-94
latest_0718,odds,other_only,ACMR,160,41,137,-96
latest_0718,odds,other_only,GLW,161,37,137,-100
latest_0718,odds,other_only,LITE,162,36,136,-100
latest_0718,odds,other_only,CIEN,163,37,140,-103
latest_0718,odds,other_only,MTSI,164,33,137,-104
latest_0718,odds,other_only,BESIY,165,14,134,-120
latest_0718,odds,other_only,MXL,166,28,154,-126
latest_0718,odds,other_only,VICR,167,24,157,-133
latest_0718,odds,other_only,FLNC,168,22,161,-139
latest_0718,odds,other_only,MRAM,169,19,163,-144
latest_0718,odds,other_only,CRWV,170,15,163,-148
latest_0718,odds,other_only,SITM,171,12,168,-156
latest_0718,odds,other_only,IREN,172,14,175,-161
latest_0718,odds,other_only,BE,173,12,173,-161
latest_0718,odds,other_only,INTC,174,10,171,-161
latest_0718,odds,other_only,AXTI,175,12,177,-165
latest_0718,odds,other_only,CRWD,176,11,177,-166
latest_0718,odds,other_only,APLD,177,12,179,-167
latest_0718,odds,other_only,AMPX,178,9,182,-173
latest_0718,odds,other_only,ALAB,179,8,181,-173
latest_0718,odds,other_only,AEHR,180,6,183,-177
latest_0718,odds,other_only,NBIS,181,5,182,-177
latest_0718,odds,other_only,ARM,182,5,183,-178
latest_0718,odds,other_only,TSLA,183,5,183,-178
latest_0718,odds,other_only,WOLF,184,2,185,-183
latest_0718,odds,other_only,CBRS,185,2,187,-185
latest_0718,odds,other_only,FCEL,186,0,185,-185
latest_0718,odds,other_only,NVTS,187,1,188,-187
latest_0718,odds,other_only,RKLB,188,1,188,-187
latest_0718,odds,other_only,POET,189,1,189,-188
latest_0718,odds,other_only,SMR,190,1,189,-188
latest_0718,odds,other_only,OKLO,191,0,189,-189
latest_0718,odds,other_only,LWLG,192,0,190,-190
latest_0718,odds,agreement_only,ADBE,1,179,0,179
latest_0718,odds,agreement_only,ST,2,164,0,164
latest_0718,odds,agreement_only,PNR,3,164,2,162
latest_0718,odds,agreement_only,BABA,4,162,1,161
latest_0718,odds,agreement_only,TSM,5,154,1,153
latest_0718,odds,agreement_only,PSIX,6,153,0,153
latest_0718,odds,agreement_only,ORCL,7,154,4,150
latest_0718,odds,agreement_only,VST,8,150,0,150
latest_0718,odds,agreement_only,ET,9,150,1,149
latest_0718,odds,agreement_only,QCOM,10,150,2,148
latest_0718,odds,agreement_only,ENS,11,146,5,141
latest_0718,odds,agreement_only,TEL,12,139,3,136
latest_0718,odds,agreement_only,META,13,136,2,134
latest_0718,odds,agreement_only,HPE,14,131,4,127
latest_0718,odds,agreement_only,BDC,15,123,1,122
latest_0718,odds,agreement_only,VISN,16,121,0,121
latest_0718,odds,agreement_only,DD,17,130,10,120
latest_0718,odds,agreement_only,ALLE,18,125,5,120
latest_0718,odds,agreement_only,NVDA,19,121,1,120
latest_0718,odds,agreement_only,ATKR,20,120,2,118
latest_0718,odds,agreement_only,SMCI,21,118,3,115
latest_0718,odds,agreement_only,MMM,22,121,7,114
latest_0718,odds,agreement_only,TMO,23,124,12,112
latest_0718,odds,agreement_only,GOOGL,24,122,11,111
latest_0718,odds,agreement_only,DOV,25,124,14,110
latest_0718,odds,agreement_only,NTAP,26,116,6,110
latest_0718,odds,agreement_only,JBL,27,124,16,108
latest_0718,odds,agreement_only,AVGO,28,113,5,108
latest_0718,odds,agreement_only,MSFT,29,112,7,105
latest_0718,odds,agreement_only,MU,30,105,0,105
latest_0718,odds,agreement_only,HTHIY,31,102,0,102
latest_0718,odds,agreement_only,DHR,32,117,16,101
latest_0718,odds,agreement_only,CC,33,103,3,100
latest_0718,odds,agreement_only,DCI,34,124,25,99
latest_0718,odds,agreement_only,IBM,35,115,18,97
latest_0718,odds,agreement_only,DELL,36,112,17,95
latest_0718,odds,agreement_only,CEG,37,101,6,95
latest_0718,odds,agreement_only,HUBB,38,113,20,93
latest_0718,odds,agreement_only,PLAB,39,98,5,93
latest_0718,odds,agreement_only,MCHP,40,96,15,81
latest_0718,odds,agreement_only,DTE,41,99,21,78
latest_0718,odds,agreement_only,MKSI,42,103,26,77
latest_0718,odds,agreement_only,SOMMY,43,90,13,77
latest_0718,odds,agreement_only,MSI,44,99,23,76
latest_0718,odds,agreement_only,FTV,45,91,15,76
latest_0718,odds,agreement_only,EME,46,97,22,75
latest_0718,odds,agreement_only,SNDK,47,81,7,74
latest_0718,odds,agreement_only,SANM,48,82,9,73
latest_0718,odds,agreement_only,AEP,49,99,31,68
latest_0718,odds,agreement_only,LFUS,50,96,29,67
latest_0718,odds,agreement_only,CMI,51,83,16,67
latest_0718,odds,agreement_only,NTNX,52,92,27,65
latest_0718,odds,agreement_only,DIOD,53,77,12,65
latest_0718,odds,agreement_only,TDY,54,99,36,63
latest_0718,odds,agreement_only,NDSN,55,98,36,62
latest_0718,odds,agreement_only,SMTOY,56,74,12,62
latest_0718,odds,agreement_only,CARR,57,89,28,61
latest_0718,odds,agreement_only,ASGLY,58,73,12,61
latest_0718,odds,agreement_only,MOD,59,72,12,60
latest_0718,odds,agreement_only,VECO,60,70,10,60
latest_0718,odds,agreement_only,JCI,61,97,38,59
latest_0718,odds,agreement_only,FLEX,62,72,14,58
latest_0718,odds,agreement_only,APH,63,89,32,57
latest_0718,odds,agreement_only,CLS,64,78,21,57
latest_0718,odds,agreement_only,GNRC,65,72,15,57
latest_0718,odds,agreement_only,MIELY,66,72,18,54
latest_0718,odds,agreement_only,SKHY,67,56,2,54
latest_0718,odds,agreement_only,ETR,68,94,41,53
latest_0718,odds,agreement_only,ETN,69,80,35,45
latest_0718,odds,agreement_only,AMZN,70,68,23,45
latest_0718,odds,agreement_only,ADI,71,81,38,43
latest_0718,odds,agreement_only,TTDKY,72,83,41,42
latest_0718,odds,agreement_only,PENG,73,79,37,42
latest_0718,odds,agreement_only,P,74,81,40,41
latest_0718,odds,agreement_only,APD,75,83,43,40
latest_0718,odds,agreement_only,NOK,76,85,46,39
latest_0718,odds,agreement_only,NVT,77,80,43,37
latest_0718,odds,agreement_only,ON,78,62,26,36
latest_0718,odds,agreement_only,KEYS,79,80,45,35
latest_0718,odds,agreement_only,SNPS,80,71,37,34
latest_0718,odds,agreement_only,AEIS,81,67,33,34
latest_0718,odds,agreement_only,ASX,82,47,18,29
latest_0718,odds,agreement_only,DKILY,83,53,29,24
latest_0718,odds,agreement_only,IFNNY,84,46,22,24
latest_0718,odds,agreement_only,SHECY,85,51,28,23
latest_0718,odds,agreement_only,LIN,86,75,54,21
latest_0718,odds,agreement_only,IESC,87,64,45,19
latest_0718,odds,agreement_only,KLIC,88,45,26,19
latest_0718,odds,agreement_only,BELFB,89,66,50,16
latest_0718,odds,agreement_only,AMKR,90,69,55,14
latest_0718,odds,agreement_only,CSCO,91,47,35,12
latest_0718,odds,agreement_only,TT,92,59,50,9
latest_0718,odds,agreement_only,RMBS,93,61,53,8
latest_0718,odds,agreement_only,GFS,94,58,54,4
latest_0718,odds,agreement_only,PH,95,57,54,3
latest_0718,odds,agreement_only,ABBNY,96,63,61,2
latest_0718,odds,agreement_only,ASMIY,97,48,46,2
latest_0718,odds,agreement_only,SIMO,98,50,51,-1
latest_0718,odds,agreement_only,ACLS,99,68,70,-2
latest_0718,odds,agreement_only,CRDO,100,36,40,-4
latest_0718,odds,agreement_only,RYCEY,101,56,61,-5
latest_0718,odds,agreement_only,MICLF,102,33,39,-6
latest_0718,odds,agreement_only,CAMT,103,65,72,-7
latest_0718,odds,agreement_only,ASML,104,60,68,-8
latest_0718,odds,agreement_only,UCTT,105,43,51,-8
latest_0718,odds,agreement_only,FN,106,45,55,-10
latest_0718,odds,agreement_only,ECL,107,52,68,-16
latest_0718,odds,agreement_only,ONTO,108,44,60,-16
latest_0718,odds,agreement_only,POWL,109,49,66,-17
latest_0718,odds,agreement_only,DSCSY,110,26,47,-21
latest_0718,odds,agreement_only,ENPH,111,27,49,-22
latest_0718,odds,agreement_only,ASMVY,112,24,50,-26
latest_0718,odds,agreement_only,AMAT,113,43,70,-27
latest_0718,odds,agreement_only,Q,114,43,72,-29
latest_0718,odds,agreement_only,TOELY,115,27,56,-29
latest_0718,odds,agreement_only,DLR,116,32,62,-30
latest_0718,odds,agreement_only,WDC,117,42,73,-31
latest_0718,odds,agreement_only,STM,118,32,63,-31
latest_0718,odds,agreement_only,VSH,119,40,72,-32
latest_0718,odds,agreement_only,UMC,120,33,66,-33
latest_0718,odds,agreement_only,AJNMY,121,26,59,-33
latest_0718,odds,agreement_only,MYRG,122,51,85,-34
latest_0718,odds,agreement_only,ENTG,123,34,68,-34
latest_0718,odds,agreement_only,FIX,124,47,82,-35
latest_0718,odds,agreement_only,STX,125,45,80,-35
latest_0718,odds,agreement_only,BWXT,126,46,84,-38
latest_0718,odds,agreement_only,ATEYY,127,26,64,-38
latest_0718,odds,agreement_only,AAOI,128,23,62,-39
latest_0718,odds,agreement_only,NVMI,129,43,83,-40
latest_0718,odds,agreement_only,MRAAY,130,23,63,-40
latest_0718,odds,agreement_only,VIAV,131,40,81,-41
latest_0718,odds,agreement_only,TXN,132,43,86,-43
latest_0718,odds,agreement_only,EQIX,133,30,74,-44
latest_0718,odds,agreement_only,ROG,134,37,84,-47
latest_0718,odds,agreement_only,MRVL,135,40,88,-48
latest_0718,odds,agreement_only,CAT,136,38,87,-49
latest_0718,odds,agreement_only,MTRN,137,38,88,-50
latest_0718,odds,agreement_only,TER,138,38,88,-50
latest_0718,odds,agreement_only,AMD,139,36,87,-51
latest_0718,odds,agreement_only,SMTC,140,35,87,-52
latest_0718,odds,agreement_only,VRT,141,27,80,-53
latest_0718,odds,agreement_only,ANET,142,40,94,-54
latest_0718,odds,agreement_only,HOCPY,143,30,89,-59
latest_0718,odds,agreement_only,ICHR,144,36,97,-61
latest_0718,odds,agreement_only,LRCX,145,26,87,-61
latest_0718,odds,agreement_only,PWR,146,41,103,-62
latest_0718,odds,agreement_only,KLAC,147,36,99,-63
latest_0718,odds,agreement_only,AAON,148,36,106,-70
latest_0718,odds,agreement_only,FORM,149,31,103,-72
latest_0718,odds,agreement_only,COHR,150,31,107,-76
latest_0718,odds,agreement_only,GEV,151,32,109,-77
latest_0718,odds,agreement_only,COHU,152,22,101,-79
latest_0718,odds,agreement_only,CDNS,153,27,110,-83
latest_0718,odds,agreement_only,AOSL,154,26,109,-83
latest_0718,odds,agreement_only,POWI,155,31,120,-89
latest_0718,odds,agreement_only,MPWR,156,27,116,-89
latest_0718,odds,agreement_only,ACMR,157,28,119,-91
latest_0718,odds,agreement_only,GLW,158,26,117,-91
latest_0718,odds,agreement_only,LITE,159,24,119,-95
latest_0718,odds,agreement_only,MTSI,160,22,117,-95
latest_0718,odds,agreement_only,IMOS,161,21,116,-95
latest_0718,odds,agreement_only,TE,162,20,115,-95
latest_0718,odds,agreement_only,BESIY,163,11,107,-96
latest_0718,odds,agreement_only,TSEM,164,18,119,-101
latest_0718,odds,agreement_only,CIEN,165,22,124,-102
latest_0718,odds,agreement_only,MRAM,166,16,137,-121
latest_0718,odds,agreement_only,VICR,167,18,144,-126
latest_0718,odds,agreement_only,MXL,168,19,149,-130
latest_0718,odds,agreement_only,FLNC,169,18,149,-131
latest_0718,odds,agreement_only,CRWV,170,15,147,-132
latest_0718,odds,agreement_only,SITM,171,11,148,-137
latest_0718,odds,agreement_only,NBIS,172,5,142,-137
latest_0718,odds,agreement_only,BE,173,11,151,-140
latest_0718,odds,agreement_only,ALAB,174,8,151,-143
latest_0718,odds,agreement_only,CRWD,175,11,160,-149
latest_0718,odds,agreement_only,AXTI,176,10,160,-150
latest_0718,odds,agreement_only,TSLA,177,5,158,-153
latest_0718,odds,agreement_only,IREN,178,10,164,-154
latest_0718,odds,agreement_only,APLD,179,12,168,-156
latest_0718,odds,agreement_only,INTC,180,8,165,-157
latest_0718,odds,agreement_only,AMPX,181,9,169,-160
latest_0718,odds,agreement_only,AEHR,182,4,165,-161
latest_0718,odds,agreement_only,WOLF,183,2,163,-161
latest_0718,odds,agreement_only,FCEL,184,0,168,-168
latest_0718,odds,agreement_only,ARM,185,4,176,-172
latest_0718,odds,agreement_only,SMR,186,1,175,-174
latest_0718,odds,agreement_only,CBRS,187,2,179,-177
latest_0718,odds,agreement_only,POET,188,1,178,-177
latest_0718,odds,agreement_only,RKLB,189,1,181,-180
latest_0718,odds,agreement_only,OKLO,190,0,180,-180
latest_0718,odds,agreement_only,NVTS,191,1,183,-182
latest_0718,odds,agreement_only,LWLG,192,0,188,-188
latest_0718,odds,high_only,ADBE,1,314,0,314
latest_0718,odds,high_only,PNR,2,208,3,205
latest_0718,odds,high_only,GOOGL,3,207,12,195
latest_0718,odds,high_only,ET,4,196,1,195
latest_0718,odds,high_only,TEL,5,194,0,194
latest_0718,odds,high_only,META,6,191,4,187
latest_0718,odds,high_only,ALLE,7,193,9,184
latest_0718,odds,high_only,ORCL,8,177,1,176
latest_0718,odds,high_only,VST,9,174,1,173
latest_0718,odds,high_only,NTAP,10,183,11,172
latest_0718,odds,high_only,MU,11,180,9,171
latest_0718,odds,high_only,TSM,12,163,1,162
latest_0718,odds,high_only,PSIX,13,162,0,162
latest_0718,odds,high_only,ENS,14,162,1,161
latest_0718,odds,high_only,QCOM,15,159,0,159
latest_0718,odds,high_only,ST,16,156,0,156
latest_0718,odds,high_only,NVDA,17,153,1,152
latest_0718,odds,high_only,PLAB,18,170,22,148
latest_0718,odds,high_only,ATKR,19,158,12,146
latest_0718,odds,high_only,TMO,20,157,15,142
latest_0718,odds,high_only,DOV,21,149,7,142
latest_0718,odds,high_only,AVGO,22,150,10,140
latest_0718,odds,high_only,MSFT,23,138,2,136
latest_0718,odds,high_only,DD,24,155,23,132
latest_0718,odds,high_only,BABA,25,127,1,126
latest_0718,odds,high_only,MMM,26,126,2,124
latest_0718,odds,high_only,HPE,27,126,4,122
latest_0718,odds,high_only,BDC,28,122,0,122
latest_0718,odds,high_only,SANM,29,106,2,104
latest_0718,odds,high_only,CMI,30,116,21,95
latest_0718,odds,high_only,HTHIY,31,114,21,93
latest_0718,odds,high_only,CEG,32,100,8,92
latest_0718,odds,high_only,VISN,33,95,4,91
latest_0718,odds,high_only,FTV,34,112,25,87
latest_0718,odds,high_only,SNDK,35,86,0,86
latest_0718,odds,high_only,JBL,36,93,9,84
latest_0718,odds,high_only,MKSI,37,109,28,81
latest_0718,odds,high_only,MCHP,38,104,26,78
latest_0718,odds,high_only,EME,39,98,20,78
latest_0718,odds,high_only,DELL,40,84,7,77
latest_0718,odds,high_only,DTE,41,104,31,73
latest_0718,odds,high_only,FLEX,42,99,26,73
latest_0718,odds,high_only,DHR,43,82,10,72
latest_0718,odds,high_only,HUBB,44,91,20,71
latest_0718,odds,high_only,DCI,45,75,5,70
latest_0718,odds,high_only,DIOD,46,97,32,65
latest_0718,odds,high_only,JCI,47,91,28,63
latest_0718,odds,high_only,IBM,48,69,8,61
latest_0718,odds,high_only,MSI,49,72,14,58
latest_0718,odds,high_only,CLS,50,81,24,57
latest_0718,odds,high_only,VECO,51,81,29,52
latest_0718,odds,high_only,ASGLY,52,66,15,51
latest_0718,odds,high_only,NOK,53,64,15,49
latest_0718,odds,high_only,CC,54,61,13,48
latest_0718,odds,high_only,GNRC,55,78,31,47
latest_0718,odds,high_only,MOD,56,76,30,46
latest_0718,odds,high_only,SMCI,57,54,8,46
latest_0718,odds,high_only,AMZN,58,47,1,46
latest_0718,odds,high_only,LFUS,59,78,34,44
latest_0718,odds,high_only,NDSN,60,70,26,44
latest_0718,odds,high_only,CARR,61,60,16,44
latest_0718,odds,high_only,APH,62,56,12,44
latest_0718,odds,high_only,KLIC,63,55,14,41
latest_0718,odds,high_only,SKHY,64,51,10,41
latest_0718,odds,high_only,AEP,65,53,13,40
latest_0718,odds,high_only,ETN,66,50,10,40
latest_0718,odds,high_only,ON,67,69,30,39
latest_0718,odds,high_only,TDY,68,71,35,36
latest_0718,odds,high_only,MIELY,69,59,24,35
latest_0718,odds,high_only,NVT,70,47,15,32
latest_0718,odds,high_only,P,71,79,48,31
latest_0718,odds,high_only,IFNNY,72,68,38,30
latest_0718,odds,high_only,KEYS,73,64,35,29
latest_0718,odds,high_only,LIN,74,61,33,28
latest_0718,odds,high_only,SMTOY,75,66,39,27
latest_0718,odds,high_only,ADI,76,65,38,27
latest_0718,odds,high_only,APD,77,63,37,26
latest_0718,odds,high_only,BELFB,78,51,26,25
latest_0718,odds,high_only,NTNX,79,41,16,25
latest_0718,odds,high_only,SHECY,80,34,12,22
latest_0718,odds,high_only,PH,81,54,33,21
latest_0718,odds,high_only,CSCO,82,57,37,20
latest_0718,odds,high_only,AEIS,83,56,39,17
latest_0718,odds,high_only,ETR,84,54,37,17
latest_0718,odds,high_only,AMKR,85,28,11,17
latest_0718,odds,high_only,TTDKY,86,36,20,16
latest_0718,odds,high_only,ACLS,87,27,11,16
latest_0718,odds,high_only,SNPS,88,48,33,15
latest_0718,odds,high_only,ASML,89,40,25,15
latest_0718,odds,high_only,PENG,90,41,27,14
latest_0718,odds,high_only,ASX,91,65,53,12
latest_0718,odds,high_only,SOMMY,92,17,8,9
latest_0718,odds,high_only,RMBS,93,49,42,7
latest_0718,odds,high_only,IESC,94,37,30,7
latest_0718,odds,high_only,ONTO,95,30,23,7
latest_0718,odds,high_only,DKILY,96,31,26,5
latest_0718,odds,high_only,UMC,97,50,48,2
latest_0718,odds,high_only,STM,98,35,33,2
latest_0718,odds,high_only,CAMT,99,25,25,0
latest_0718,odds,high_only,ABBNY,100,41,44,-3
latest_0718,odds,high_only,TT,101,41,44,-3
latest_0718,odds,high_only,POWL,102,49,54,-5
latest_0718,odds,high_only,SIMO,103,44,50,-6
latest_0718,odds,high_only,RYCEY,104,22,28,-6
latest_0718,odds,high_only,NVMI,105,15,22,-7
latest_0718,odds,high_only,DLR,106,28,36,-8
latest_0718,odds,high_only,ASMIY,107,32,41,-9
latest_0718,odds,high_only,ENTG,108,18,29,-11
latest_0718,odds,high_only,AMAT,109,49,62,-13
latest_0718,odds,high_only,TER,110,29,42,-13
latest_0718,odds,high_only,UCTT,111,41,55,-14
latest_0718,odds,high_only,FIX,112,27,41,-14
latest_0718,odds,high_only,ENPH,113,26,40,-14
latest_0718,odds,high_only,ECL,114,32,48,-16
latest_0718,odds,high_only,SMTC,115,14,30,-16
latest_0718,odds,high_only,ANET,116,19,36,-17
latest_0718,odds,high_only,WDC,117,15,32,-17
latest_0718,odds,high_only,GFS,118,35,53,-18
latest_0718,odds,high_only,CRDO,119,34,53,-19
latest_0718,odds,high_only,DSCSY,120,22,41,-19
latest_0718,odds,high_only,VRT,121,14,33,-19
latest_0718,odds,high_only,VSH,122,40,60,-20
latest_0718,odds,high_only,LRCX,123,22,43,-21
latest_0718,odds,high_only,Q,124,17,39,-22
latest_0718,odds,high_only,HOCPY,125,8,31,-23
latest_0718,odds,high_only,EQIX,126,25,49,-24
latest_0718,odds,high_only,FN,127,19,43,-24
latest_0718,odds,high_only,MYRG,128,32,57,-25
latest_0718,odds,high_only,MICLF,129,25,52,-27
latest_0718,odds,high_only,CAT,130,29,57,-28
latest_0718,odds,high_only,CDNS,131,20,49,-29
latest_0718,odds,high_only,ATEYY,132,15,44,-29
latest_0718,odds,high_only,VIAV,133,28,58,-30
latest_0718,odds,high_only,ASMVY,134,21,51,-30
latest_0718,odds,high_only,STX,135,39,71,-32
latest_0718,odds,high_only,MTRN,136,25,57,-32
latest_0718,odds,high_only,AJNMY,137,24,56,-32
latest_0718,odds,high_only,TXN,138,33,70,-37
latest_0718,odds,high_only,KLAC,139,30,68,-38
latest_0718,odds,high_only,COHU,140,12,52,-40
latest_0718,odds,high_only,ROG,141,25,66,-41
latest_0718,odds,high_only,POWI,142,26,68,-42
latest_0718,odds,high_only,TE,143,15,64,-49
latest_0718,odds,high_only,PWR,144,1,50,-49
latest_0718,odds,high_only,BWXT,145,27,77,-50
latest_0718,odds,high_only,MTSI,146,10,60,-50
latest_0718,odds,high_only,IMOS,147,21,72,-51
latest_0718,odds,high_only,TOELY,148,15,67,-52
latest_0718,odds,high_only,FORM,149,17,70,-53
latest_0718,odds,high_only,AMD,150,31,85,-54
latest_0718,odds,high_only,GEV,151,17,74,-57
latest_0718,odds,high_only,ICHR,152,18,77,-59
latest_0718,odds,high_only,COHR,153,17,76,-59
latest_0718,odds,high_only,MRVL,154,28,88,-60
latest_0718,odds,high_only,MRAAY,155,23,86,-63
latest_0718,odds,high_only,AOSL,156,25,90,-65
latest_0718,odds,high_only,AAOI,157,13,81,-68
latest_0718,odds,high_only,ACMR,158,22,92,-70
latest_0718,odds,high_only,MPWR,159,26,115,-89
latest_0718,odds,high_only,GLW,160,26,118,-92
latest_0718,odds,high_only,AAON,161,5,98,-93
latest_0718,odds,high_only,TSEM,162,6,112,-106
latest_0718,odds,high_only,LITE,163,18,125,-107
latest_0718,odds,high_only,VICR,164,14,132,-118
latest_0718,odds,high_only,BESIY,165,20,141,-121
latest_0718,odds,high_only,FLNC,166,12,139,-127
latest_0718,odds,high_only,CRWV,167,14,146,-132
latest_0718,odds,high_only,CIEN,168,23,159,-136
latest_0718,odds,high_only,SITM,169,17,166,-149
latest_0718,odds,high_only,MXL,170,11,163,-152
latest_0718,odds,high_only,IREN,171,6,159,-153
latest_0718,odds,high_only,BE,172,10,164,-154
latest_0718,odds,high_only,MRAM,173,15,172,-157
latest_0718,odds,high_only,OKLO,174,0,166,-166
latest_0718,odds,high_only,INTC,175,9,178,-169
latest_0718,odds,high_only,AEHR,176,1,175,-174
latest_0718,odds,high_only,AMPX,177,6,183,-177
latest_0718,odds,high_only,AXTI,178,8,195,-187
latest_0718,odds,high_only,NBIS,179,8,196,-188
latest_0718,odds,high_only,APLD,180,0,188,-188
latest_0718,odds,high_only,CRWD,181,13,214,-201
latest_0718,odds,high_only,FCEL,182,4,205,-201
latest_0718,odds,high_only,POET,183,1,202,-201
latest_0718,odds,high_only,WOLF,184,7,209,-202
latest_0718,odds,high_only,SMR,185,0,216,-216
latest_0718,odds,high_only,TSLA,186,8,232,-224
latest_0718,odds,high_only,ALAB,187,18,248,-230
latest_0718,odds,high_only,CBRS,188,6,237,-231
latest_0718,odds,high_only,ARM,189,7,248,-241
latest_0718,odds,high_only,NVTS,190,4,247,-243
latest_0718,odds,high_only,RKLB,191,5,267,-262
latest_0718,odds,high_only,LWLG,192,0,272,-272
latest_0718,odds,strength_weighted,ADBE,1,370,2,710
latest_0718,odds,strength_weighted,ST,2,352,6,635
latest_0718,odds,strength_weighted,PSIX,3,342,17,605
latest_0718,odds,strength_weighted,ET,4,338,25,596
latest_0718,odds,strength_weighted,QCOM,5,333,18,591
latest_0718,odds,strength_weighted,VST,6,339,24,589
latest_0718,odds,strength_weighted,ORCL,7,335,20,581
latest_0718,odds,strength_weighted,PNR,8,348,21,577
latest_0718,odds,strength_weighted,TEL,9,323,31,540
latest_0718,odds,strength_weighted,BDC,10,306,16,528
latest_0718,odds,strength_weighted,BABA,11,349,24,522
latest_0718,odds,strength_weighted,ENS,12,325,42,522
latest_0718,odds,strength_weighted,NVDA,13,309,31,500
latest_0718,odds,strength_weighted,VISN,14,306,38,497
latest_0718,odds,strength_weighted,TSM,15,337,32,487
latest_0718,odds,strength_weighted,MU,16,292,51,478
latest_0718,odds,strength_weighted,META,17,324,43,472
latest_0718,odds,strength_weighted,HPE,18,314,50,471
latest_0718,odds,strength_weighted,ATKR,19,306,52,469
latest_0718,odds,strength_weighted,ALLE,20,306,61,458
latest_0718,odds,strength_weighted,DD,21,303,64,443
latest_0718,odds,strength_weighted,GOOGL,22,296,69,427
latest_0718,odds,strength_weighted,DOV,23,297,54,423
latest_0718,odds,strength_weighted,TMO,24,297,66,420
latest_0718,odds,strength_weighted,SMCI,25,293,40,420
latest_0718,odds,strength_weighted,MMM,26,295,73,414
latest_0718,odds,strength_weighted,AVGO,27,294,73,408
latest_0718,odds,strength_weighted,HTHIY,28,286,72,404
latest_0718,odds,strength_weighted,PLAB,29,280,93,394
latest_0718,odds,strength_weighted,NTAP,30,288,77,393
latest_0718,odds,strength_weighted,CC,31,277,59,393
latest_0718,odds,strength_weighted,CEG,32,280,47,389
latest_0718,odds,strength_weighted,SANM,33,259,53,383
latest_0718,odds,strength_weighted,MSFT,34,289,79,367
latest_0718,odds,strength_weighted,JBL,35,289,65,365
latest_0718,odds,strength_weighted,IBM,36,276,66,348
latest_0718,odds,strength_weighted,DCI,37,282,86,343
latest_0718,odds,strength_weighted,DELL,38,271,75,343
latest_0718,odds,strength_weighted,HUBB,39,275,83,321
latest_0718,odds,strength_weighted,FTV,40,258,81,318
latest_0718,odds,strength_weighted,DHR,41,283,82,314
latest_0718,odds,strength_weighted,MKSI,42,263,92,311
latest_0718,odds,strength_weighted,MSI,43,262,72,309
latest_0718,odds,strength_weighted,SNDK,44,255,98,307
latest_0718,odds,strength_weighted,DIOD,45,248,81,300
latest_0718,odds,strength_weighted,MCHP,46,258,88,293
latest_0718,odds,strength_weighted,EME,47,254,90,293
latest_0718,odds,strength_weighted,DTE,48,257,93,283
latest_0718,odds,strength_weighted,CMI,49,247,99,278
latest_0718,odds,strength_weighted,FLEX,50,233,81,276
latest_0718,odds,strength_weighted,VECO,51,239,102,252
latest_0718,odds,strength_weighted,LFUS,52,243,96,248
latest_0718,odds,strength_weighted,MOD,53,239,103,239
latest_0718,odds,strength_weighted,NDSN,54,239,113,235
latest_0718,odds,strength_weighted,ASGLY,55,218,78,233
latest_0718,odds,strength_weighted,NTNX,56,237,76,232
latest_0718,odds,strength_weighted,GNRC,57,235,113,220
latest_0718,odds,strength_weighted,MIELY,58,211,78,220
latest_0718,odds,strength_weighted,SKHY,59,203,64,217
latest_0718,odds,strength_weighted,JCI,60,230,117,215
latest_0718,odds,strength_weighted,SOMMY,61,239,80,211
latest_0718,odds,strength_weighted,CLS,62,229,107,211
latest_0718,odds,strength_weighted,AEP,63,245,106,210
latest_0718,odds,strength_weighted,CARR,64,243,129,200
latest_0718,odds,strength_weighted,TDY,65,243,122,198
latest_0718,odds,strength_weighted,APH,66,235,121,189
latest_0718,odds,strength_weighted,SMTOY,67,210,91,187
latest_0718,odds,strength_weighted,AMZN,68,221,123,180
latest_0718,odds,strength_weighted,ETN,69,223,116,168
latest_0718,odds,strength_weighted,ETR,70,225,126,166
latest_0718,odds,strength_weighted,APD,71,219,121,157
latest_0718,odds,strength_weighted,ON,72,209,121,156
latest_0718,odds,strength_weighted,SNPS,73,214,118,149
latest_0718,odds,strength_weighted,P,74,207,120,147
latest_0718,odds,strength_weighted,NOK,75,218,138,143
latest_0718,odds,strength_weighted,NVT,76,209,138,137
latest_0718,odds,strength_weighted,ADI,77,214,124,130
latest_0718,odds,strength_weighted,TTDKY,78,209,127,129
latest_0718,odds,strength_weighted,PENG,79,209,124,127
latest_0718,odds,strength_weighted,AEIS,80,210,143,126
latest_0718,odds,strength_weighted,KEYS,81,203,131,124
latest_0718,odds,strength_weighted,CSCO,82,177,123,100
latest_0718,odds,strength_weighted,IFNNY,83,196,136,94
latest_0718,odds,strength_weighted,KLIC,84,182,152,89
latest_0718,odds,strength_weighted,ASX,85,207,152,76
latest_0718,odds,strength_weighted,BELFB,86,181,145,72
latest_0718,odds,strength_weighted,LIN,87,194,159,68
latest_0718,odds,strength_weighted,IESC,88,178,140,67
latest_0718,odds,strength_weighted,RMBS,89,171,140,64
latest_0718,odds,strength_weighted,GFS,90,172,157,63
latest_0718,odds,strength_weighted,TT,91,175,144,54
latest_0718,odds,strength_weighted,SHECY,92,160,130,52
latest_0718,odds,strength_weighted,DKILY,93,156,122,50
latest_0718,odds,strength_weighted,PH,94,174,153,47
latest_0718,odds,strength_weighted,AMKR,95,181,165,24
latest_0718,odds,strength_weighted,ABBNY,96,168,168,17
latest_0718,odds,strength_weighted,CRDO,97,169,159,15
latest_0718,odds,strength_weighted,ACLS,98,172,180,12
latest_0718,odds,strength_weighted,ASMIY,99,164,169,-12
latest_0718,odds,strength_weighted,FN,100,146,159,-15
latest_0718,odds,strength_weighted,SIMO,101,163,167,-18
latest_0718,odds,strength_weighted,CAMT,102,167,181,-32
latest_0718,odds,strength_weighted,POWL,103,154,182,-37
latest_0718,odds,strength_weighted,ASML,104,172,194,-39
latest_0718,odds,strength_weighted,ONTO,105,157,189,-39
latest_0718,odds,strength_weighted,RYCEY,106,162,180,-41
latest_0718,odds,strength_weighted,UCTT,107,158,186,-43
latest_0718,odds,strength_weighted,Q,108,141,176,-46
latest_0718,odds,strength_weighted,ENPH,109,145,204,-67
latest_0718,odds,strength_weighted,ENTG,110,130,177,-74
latest_0718,odds,strength_weighted,ECL,111,157,195,-88
latest_0718,odds,strength_weighted,STM,112,132,196,-90
latest_0718,odds,strength_weighted,DLR,113,112,188,-96
latest_0718,odds,strength_weighted,MICLF,114,100,160,-103
latest_0718,odds,strength_weighted,UMC,115,143,217,-107
latest_0718,odds,strength_weighted,VSH,116,144,214,-111
latest_0718,odds,strength_weighted,AMAT,117,149,208,-112
latest_0718,odds,strength_weighted,DSCSY,118,86,157,-115
latest_0718,odds,strength_weighted,WDC,119,140,215,-129
latest_0718,odds,strength_weighted,MYRG,120,139,214,-133
latest_0718,odds,strength_weighted,FIX,121,144,215,-137
latest_0718,odds,strength_weighted,STX,122,132,208,-140
latest_0718,odds,strength_weighted,VRT,123,110,205,-140
latest_0718,odds,strength_weighted,EQIX,124,111,208,-145
latest_0718,odds,strength_weighted,BWXT,125,133,216,-149
latest_0718,odds,strength_weighted,VIAV,126,118,208,-149
latest_0718,odds,strength_weighted,TXN,127,124,212,-152
latest_0718,odds,strength_weighted,NVMI,128,134,221,-154
latest_0718,odds,strength_weighted,TOELY,129,80,195,-158
latest_0718,odds,strength_weighted,ANET,130,120,233,-159
latest_0718,odds,strength_weighted,SMTC,131,114,227,-160
latest_0718,odds,strength_weighted,TER,132,129,223,-163
latest_0718,odds,strength_weighted,AAOI,133,119,210,-165
latest_0718,odds,strength_weighted,CAT,134,120,232,-170
latest_0718,odds,strength_weighted,ATEYY,135,92,197,-176
latest_0718,odds,strength_weighted,ASMVY,136,95,200,-180
latest_0718,odds,strength_weighted,ROG,137,112,220,-188
latest_0718,odds,strength_weighted,MTRN,138,109,221,-194
latest_0718,odds,strength_weighted,HOCPY,139,96,232,-195
latest_0718,odds,strength_weighted,AMD,140,111,228,-197
latest_0718,odds,strength_weighted,AJNMY,141,82,207,-200
latest_0718,odds,strength_weighted,PWR,142,110,238,-205
latest_0718,odds,strength_weighted,MRVL,143,119,228,-210
latest_0718,odds,strength_weighted,LRCX,144,91,237,-219
latest_0718,odds,strength_weighted,KLAC,145,103,243,-231
latest_0718,odds,strength_weighted,GEV,146,88,252,-232
latest_0718,odds,strength_weighted,ICHR,147,104,247,-236
latest_0718,odds,strength_weighted,FORM,148,79,244,-240
latest_0718,odds,strength_weighted,COHU,149,82,248,-242
latest_0718,odds,strength_weighted,MRAAY,150,78,221,-261
latest_0718,odds,strength_weighted,AAON,151,102,245,-267
latest_0718,odds,strength_weighted,COHR,152,92,255,-282
latest_0718,odds,strength_weighted,AOSL,153,86,265,-304
latest_0718,odds,strength_weighted,ACMR,154,81,273,-307
latest_0718,odds,strength_weighted,CDNS,155,83,265,-309
latest_0718,odds,strength_weighted,POWI,156,87,274,-316
latest_0718,odds,strength_weighted,MPWR,157,83,271,-339
latest_0718,odds,strength_weighted,IMOS,158,70,280,-347
latest_0718,odds,strength_weighted,MTSI,159,67,272,-350
latest_0718,odds,strength_weighted,TE,160,81,280,-356
latest_0718,odds,strength_weighted,GLW,161,67,277,-365
latest_0718,odds,strength_weighted,LITE,162,66,277,-371
latest_0718,odds,strength_weighted,TSEM,163,72,285,-375
latest_0718,odds,strength_weighted,BESIY,164,60,278,-378
latest_0718,odds,strength_weighted,CIEN,165,64,285,-400
latest_0718,odds,strength_weighted,MRAM,166,44,305,-471
latest_0718,odds,strength_weighted,FLNC,167,50,318,-474
latest_0718,odds,strength_weighted,MXL,168,50,317,-491
latest_0718,odds,strength_weighted,CRWV,169,42,318,-492
latest_0718,odds,strength_weighted,VICR,170,47,316,-498
latest_0718,odds,strength_weighted,NBIS,171,50,324,-518
latest_0718,odds,strength_weighted,SITM,172,35,322,-527
latest_0718,odds,strength_weighted,BE,173,30,327,-549
latest_0718,odds,strength_weighted,IREN,174,35,343,-576
latest_0718,odds,strength_weighted,CRWD,175,31,338,-580
latest_0718,odds,strength_weighted,AEHR,176,24,350,-585
latest_0718,odds,strength_weighted,APLD,177,32,347,-586
latest_0718,odds,strength_weighted,AXTI,178,35,340,-587
latest_0718,odds,strength_weighted,WOLF,179,27,349,-589
latest_0718,odds,strength_weighted,INTC,180,25,342,-589
latest_0718,odds,strength_weighted,ALAB,181,29,332,-590
latest_0718,odds,strength_weighted,AMPX,182,27,351,-598
latest_0718,odds,strength_weighted,TSLA,183,20,342,-625
latest_0718,odds,strength_weighted,OKLO,184,0,371,-630
latest_0718,odds,strength_weighted,FCEL,185,17,354,-635
latest_0718,odds,strength_weighted,ARM,186,16,359,-663
latest_0718,odds,strength_weighted,SMR,187,13,364,-674
latest_0718,odds,strength_weighted,POET,188,9,367,-697
latest_0718,odds,strength_weighted,CBRS,189,11,367,-699
latest_0718,odds,strength_weighted,RKLB,190,8,369,-704
latest_0718,odds,strength_weighted,NVTS,191,5,372,-706
latest_0718,odds,strength_weighted,LWLG,192,1,378,-735
latest_0718,defense,both,LIN,1,353,4,349
latest_0718,defense,both,HOCPY,2,352,6,346
latest_0718,defense,both,DOV,3,348,13,335
latest_0718,defense,both,DHR,4,350,16,334
latest_0718,defense,both,MSFT,5,343,14,329
latest_0718,defense,both,GOOGL,6,331,2,329
latest_0718,defense,both,PNR,7,340,12,328
latest_0718,defense,both,SHECY,8,333,13,320
latest_0718,defense,both,ADBE,9,328,13,315
latest_0718,defense,both,DCI,10,330,17,313
latest_0718,defense,both,QCOM,11,331,27,304
latest_0718,defense,both,MIELY,12,316,31,285
latest_0718,defense,both,MSI,13,321,39,282
latest_0718,defense,both,TDY,14,308,33,275
latest_0718,defense,both,TEL,15,295,23,272
latest_0718,defense,both,NVDA,16,293,22,271
latest_0718,defense,both,AJNMY,17,304,43,261
latest_0718,defense,both,META,18,304,45,259
latest_0718,defense,both,ALLE,19,309,51,258
latest_0718,defense,both,HTHIY,20,294,39,255
latest_0718,defense,both,ABBNY,21,294,42,252
latest_0718,defense,both,FTV,22,295,44,251
latest_0718,defense,both,TT,23,278,28,250
latest_0718,defense,both,TMO,24,283,37,246
latest_0718,defense,both,ECL,25,301,57,244
latest_0718,defense,both,IBM,26,279,38,241
latest_0718,defense,both,DKILY,27,293,54,239
latest_0718,defense,both,DTE,28,279,54,225
latest_0718,defense,both,PH,29,280,61,219
latest_0718,defense,both,NTAP,30,287,71,216
latest_0718,defense,both,ETN,31,280,69,211
latest_0718,defense,both,NTNX,32,267,63,204
latest_0718,defense,both,KEYS,33,273,75,198
latest_0718,defense,both,EME,34,275,78,197
latest_0718,defense,both,APH,35,274,79,195
latest_0718,defense,both,TSM,36,270,80,190
latest_0718,defense,both,DSCSY,37,260,71,189
latest_0718,defense,both,ASML,38,264,78,186
latest_0718,defense,both,AEP,39,261,75,186
latest_0718,defense,both,MRAAY,40,270,85,185
latest_0718,defense,both,ADI,41,266,85,181
latest_0718,defense,both,SMTOY,42,264,83,181
latest_0718,defense,both,HUBB,43,264,87,177
latest_0718,defense,both,TXN,44,262,85,177
latest_0718,defense,both,PLAB,45,261,85,176
latest_0718,defense,both,TTDKY,46,257,83,174
latest_0718,defense,both,AVGO,47,258,85,173
latest_0718,defense,both,CSCO,48,233,63,170
latest_0718,defense,both,LFUS,49,256,88,168
latest_0718,defense,both,CMI,50,252,84,168
latest_0718,defense,both,RMBS,51,249,82,167
latest_0718,defense,both,JCI,52,253,88,165
latest_0718,defense,both,ANET,53,250,88,162
latest_0718,defense,both,BWXT,54,251,90,161
latest_0718,defense,both,SNPS,55,252,92,160
latest_0718,defense,both,APD,56,244,88,156
latest_0718,defense,both,NDSN,57,248,93,155
latest_0718,defense,both,ETR,58,243,91,152
latest_0718,defense,both,RYCEY,59,244,94,150
latest_0718,defense,both,CDNS,60,248,101,147
latest_0718,defense,both,DD,61,247,100,147
latest_0718,defense,both,KLAC,62,234,93,141
latest_0718,defense,both,ET,63,226,93,133
latest_0718,defense,both,ENS,64,230,108,122
latest_0718,defense,both,PWR,65,221,103,118
latest_0718,defense,both,ASMIY,66,223,111,112
latest_0718,defense,both,AMZN,67,217,107,110
latest_0718,defense,both,MICLF,68,226,117,109
latest_0718,defense,both,NVT,69,227,120,107
latest_0718,defense,both,NOK,70,223,123,100
latest_0718,defense,both,CEG,71,207,108,99
latest_0718,defense,both,UMC,72,220,124,96
latest_0718,defense,both,MMM,73,210,114,96
latest_0718,defense,both,DLR,74,203,112,91
latest_0718,defense,both,POWL,75,210,120,90
latest_0718,defense,both,GEV,76,172,83,89
latest_0718,defense,both,MPWR,77,212,126,86
latest_0718,defense,both,P,78,211,125,86
latest_0718,defense,both,ASGLY,79,193,109,84
latest_0718,defense,both,AMAT,80,206,124,82
latest_0718,defense,both,CAT,81,214,133,81
latest_0718,defense,both,NVMI,82,214,141,73
latest_0718,defense,both,EQIX,83,202,129,73
latest_0718,defense,both,BABA,84,195,123,72
latest_0718,defense,both,CARR,85,207,149,58
latest_0718,defense,both,ATEYY,86,204,147,57
latest_0718,defense,both,VST,87,195,138,57
latest_0718,defense,both,ACLS,88,194,146,48
latest_0718,defense,both,LRCX,89,201,156,45
latest_0718,defense,both,ROG,90,199,164,35
latest_0718,defense,both,AEIS,91,183,150,33
latest_0718,defense,both,TER,92,180,152,28
latest_0718,defense,both,IFNNY,93,180,159,21
latest_0718,defense,both,KLIC,94,188,174,14
latest_0718,defense,both,TOELY,95,163,150,13
latest_0718,defense,both,POWI,96,182,172,10
latest_0718,defense,both,FIX,97,177,168,9
latest_0718,defense,both,MU,98,158,158,0
latest_0718,defense,both,GFS,99,159,163,-4
latest_0718,defense,both,ONTO,100,172,182,-10
latest_0718,defense,both,BELFB,101,162,180,-18
latest_0718,defense,both,CAMT,102,165,189,-24
latest_0718,defense,both,JBL,103,157,185,-28
latest_0718,defense,both,IESC,104,158,191,-33
latest_0718,defense,both,DIOD,105,144,182,-38
latest_0718,defense,both,VRT,106,142,181,-39
latest_0718,defense,both,HPE,107,153,197,-44
latest_0718,defense,both,GNRC,108,150,194,-44
latest_0718,defense,both,Q,109,136,180,-44
latest_0718,defense,both,FN,110,108,152,-44
latest_0718,defense,both,CRDO,111,146,191,-45
latest_0718,defense,both,CRWD,112,132,178,-46
latest_0718,defense,both,ON,113,148,195,-47
latest_0718,defense,both,SKHY,114,131,180,-49
latest_0718,defense,both,DELL,115,145,209,-64
latest_0718,defense,both,ASMVY,116,139,206,-67
latest_0718,defense,both,STM,117,142,211,-69
latest_0718,defense,both,MYRG,118,129,202,-73
latest_0718,defense,both,ST,119,118,196,-78
latest_0718,defense,both,ENTG,120,108,186,-78
latest_0718,defense,both,MTSI,121,135,214,-79
latest_0718,defense,both,SANM,122,113,198,-85
latest_0718,defense,both,AMD,123,131,222,-91
latest_0718,defense,both,SIMO,124,130,221,-91
latest_0718,defense,both,GLW,125,129,220,-91
latest_0718,defense,both,SNDK,126,127,225,-98
latest_0718,defense,both,VISN,127,121,219,-98
latest_0718,defense,both,MOD,128,123,222,-99
latest_0718,defense,both,MCHP,129,121,223,-102
latest_0718,defense,both,BESIY,130,130,236,-106
latest_0718,defense,both,WDC,131,122,229,-107
latest_0718,defense,both,BDC,132,115,223,-108
latest_0718,defense,both,TSEM,133,107,222,-115
latest_0718,defense,both,VECO,134,111,230,-119
latest_0718,defense,both,FORM,135,104,223,-119
latest_0718,defense,both,ATKR,136,99,221,-122
latest_0718,defense,both,CLS,137,106,231,-125
latest_0718,defense,both,FLEX,138,105,231,-126
latest_0718,defense,both,MTRN,139,107,237,-130
latest_0718,defense,both,MRVL,140,108,239,-131
latest_0718,defense,both,ASX,141,110,242,-132
latest_0718,defense,both,COHU,142,63,196,-133
latest_0718,defense,both,AMKR,143,104,254,-150
latest_0718,defense,both,VSH,144,102,255,-153
latest_0718,defense,both,VIAV,145,98,255,-157
latest_0718,defense,both,SOMMY,146,89,254,-165
latest_0718,defense,both,CIEN,147,94,260,-166
latest_0718,defense,both,ORCL,148,90,260,-170
latest_0718,defense,both,STX,149,93,268,-175
latest_0718,defense,both,SMTC,150,90,275,-185
latest_0718,defense,both,IMOS,151,88,274,-186
latest_0718,defense,both,MKSI,152,76,269,-193
latest_0718,defense,both,ARM,153,83,280,-197
latest_0718,defense,both,PENG,154,78,276,-198
latest_0718,defense,both,VICR,155,80,279,-199
latest_0718,defense,both,AAON,156,76,276,-200
latest_0718,defense,both,SITM,157,76,276,-200
latest_0718,defense,both,ACMR,158,81,283,-202
latest_0718,defense,both,ALAB,159,71,275,-204
latest_0718,defense,both,LITE,160,73,285,-212
latest_0718,defense,both,UCTT,161,74,290,-216
latest_0718,defense,both,ICHR,162,65,290,-225
latest_0718,defense,both,PSIX,163,55,281,-226
latest_0718,defense,both,ENPH,164,66,293,-227
latest_0718,defense,both,TSLA,165,67,304,-237
latest_0718,defense,both,COHR,166,60,302,-242
latest_0718,defense,both,MRAM,167,49,320,-271
latest_0718,defense,both,SMCI,168,45,318,-273
latest_0718,defense,both,INTC,169,42,318,-276
latest_0718,defense,both,AOSL,170,46,323,-277
latest_0718,defense,both,AXTI,171,41,331,-290
latest_0718,defense,both,BE,172,34,332,-298
latest_0718,defense,both,MXL,173,33,335,-302
latest_0718,defense,both,CC,174,26,333,-307
latest_0718,defense,both,AEHR,175,28,347,-319
latest_0718,defense,both,FLNC,176,26,349,-323
latest_0718,defense,both,AAOI,177,22,345,-323
latest_0718,defense,both,CBRS,178,28,352,-324
latest_0718,defense,both,SMR,179,27,353,-326
latest_0718,defense,both,RKLB,180,21,352,-331
latest_0718,defense,both,AMPX,181,19,354,-335
latest_0718,defense,both,POET,182,20,360,-340
latest_0718,defense,both,NVTS,183,17,360,-343
latest_0718,defense,both,NBIS,184,15,358,-343
latest_0718,defense,both,TE,185,15,359,-344
latest_0718,defense,both,CRWV,186,15,361,-346
latest_0718,defense,both,IREN,187,14,360,-346
latest_0718,defense,both,FCEL,188,14,365,-351
latest_0718,defense,both,WOLF,189,13,364,-351
latest_0718,defense,both,OKLO,190,10,362,-352
latest_0718,defense,both,LWLG,191,10,367,-357
latest_0718,defense,both,APLD,192,5,368,-363
latest_0718,defense,self_only,HOCPY,1,178,0,178
latest_0718,defense,self_only,LIN,2,169,3,166
latest_0718,defense,self_only,DOV,3,168,10,158
latest_0718,defense,self_only,DHR,4,170,13,157
latest_0718,defense,self_only,PNR,5,161,7,154
latest_0718,defense,self_only,SHECY,6,161,7,154
latest_0718,defense,self_only,DCI,7,159,10,149
latest_0718,defense,self_only,GOOGL,8,147,1,146
latest_0718,defense,self_only,MSFT,9,154,14,140
latest_0718,defense,self_only,QCOM,10,157,20,137
latest_0718,defense,self_only,ADBE,11,143,9,134
latest_0718,defense,self_only,MIELY,12,148,22,126
latest_0718,defense,self_only,AJNMY,13,139,32,107
latest_0718,defense,self_only,TDY,14,135,28,107
latest_0718,defense,self_only,MSI,15,140,36,104
latest_0718,defense,self_only,TEL,16,121,17,104
latest_0718,defense,self_only,PWR,17,131,30,101
latest_0718,defense,self_only,TSM,18,143,43,100
latest_0718,defense,self_only,NVDA,19,116,17,99
latest_0718,defense,self_only,DTE,20,134,36,98
latest_0718,defense,self_only,DKILY,21,135,40,95
latest_0718,defense,self_only,IBM,22,119,24,95
latest_0718,defense,self_only,ABBNY,23,128,35,93
latest_0718,defense,self_only,TT,24,114,21,93
latest_0718,defense,self_only,DSCSY,25,124,33,91
latest_0718,defense,self_only,FTV,26,129,39,90
latest_0718,defense,self_only,APD,27,132,45,87
latest_0718,defense,self_only,HTHIY,28,122,36,86
latest_0718,defense,self_only,ECL,29,131,48,83
latest_0718,defense,self_only,META,30,123,40,83
latest_0718,defense,self_only,RMBS,31,120,40,80
latest_0718,defense,self_only,ALLE,32,128,50,78
latest_0718,defense,self_only,EME,33,129,52,77
latest_0718,defense,self_only,AEP,34,127,53,74
latest_0718,defense,self_only,TMO,35,104,34,70
latest_0718,defense,self_only,NTNX,36,112,43,69
latest_0718,defense,self_only,ROG,37,126,61,65
latest_0718,defense,self_only,LFUS,38,123,58,65
latest_0718,defense,self_only,SMTOY,39,123,60,63
latest_0718,defense,self_only,TXN,40,119,60,59
latest_0718,defense,self_only,PLAB,41,115,58,57
latest_0718,defense,self_only,CMI,42,114,58,56
latest_0718,defense,self_only,PH,43,112,56,56
latest_0718,defense,self_only,KEYS,44,113,59,54
latest_0718,defense,self_only,ETN,45,114,61,53
latest_0718,defense,self_only,JCI,46,111,59,52
latest_0718,defense,self_only,ET,47,110,60,50
latest_0718,defense,self_only,GEV,48,69,19,50
latest_0718,defense,self_only,APH,49,117,69,48
latest_0718,defense,self_only,ADI,50,114,66,48
latest_0718,defense,self_only,NTAP,51,114,66,48
latest_0718,defense,self_only,RYCEY,52,114,66,48
latest_0718,defense,self_only,TTDKY,53,109,61,48
latest_0718,defense,self_only,MRAAY,54,114,69,45
latest_0718,defense,self_only,AVGO,55,113,68,45
latest_0718,defense,self_only,BABA,56,108,63,45
latest_0718,defense,self_only,ETR,57,110,67,43
latest_0718,defense,self_only,P,58,108,65,43
latest_0718,defense,self_only,DD,59,114,72,42
latest_0718,defense,self_only,MMM,60,112,70,42
latest_0718,defense,self_only,ASML,61,105,66,39
latest_0718,defense,self_only,ANET,62,104,65,39
latest_0718,defense,self_only,KLAC,63,99,60,39
latest_0718,defense,self_only,DLR,64,98,60,38
latest_0718,defense,self_only,ASMIY,65,99,62,37
latest_0718,defense,self_only,POWL,66,103,67,36
latest_0718,defense,self_only,NVT,67,105,72,33
latest_0718,defense,self_only,ACLS,68,100,68,32
latest_0718,defense,self_only,HUBB,69,101,72,29
latest_0718,defense,self_only,CDNS,70,105,79,26
latest_0718,defense,self_only,UMC,71,102,79,23
latest_0718,defense,self_only,SNPS,72,101,79,22
latest_0718,defense,self_only,CAT,73,100,82,18
latest_0718,defense,self_only,ASGLY,74,81,63,18
latest_0718,defense,self_only,MICLF,75,96,79,17
latest_0718,defense,self_only,MPWR,76,92,78,14
latest_0718,defense,self_only,NOK,77,97,85,12
latest_0718,defense,self_only,IESC,78,96,84,12
latest_0718,defense,self_only,BWXT,79,93,83,10
latest_0718,defense,self_only,NDSN,80,89,79,10
latest_0718,defense,self_only,CSCO,81,65,55,10
latest_0718,defense,self_only,ENS,82,88,84,4
latest_0718,defense,self_only,NVMI,83,91,88,3
latest_0718,defense,self_only,FIX,84,90,88,2
latest_0718,defense,self_only,MU,85,85,83,2
latest_0718,defense,self_only,EQIX,86,88,87,1
latest_0718,defense,self_only,AEIS,87,85,84,1
latest_0718,defense,self_only,ATEYY,88,89,89,0
latest_0718,defense,self_only,CRDO,89,77,80,-3
latest_0718,defense,self_only,VST,90,84,88,-4
latest_0718,defense,self_only,CRWD,91,68,72,-4
latest_0718,defense,self_only,AMAT,92,76,85,-9
latest_0718,defense,self_only,DELL,93,89,99,-10
latest_0718,defense,self_only,AMZN,94,71,82,-11
latest_0718,defense,self_only,JBL,95,83,98,-15
latest_0718,defense,self_only,CEG,96,65,86,-21
latest_0718,defense,self_only,VRT,97,68,90,-22
latest_0718,defense,self_only,CARR,98,83,107,-24
latest_0718,defense,self_only,LRCX,99,81,105,-24
latest_0718,defense,self_only,TER,100,67,93,-26
latest_0718,defense,self_only,HPE,101,80,107,-27
latest_0718,defense,self_only,IFNNY,102,74,101,-27
latest_0718,defense,self_only,FN,103,36,63,-27
latest_0718,defense,self_only,ASMVY,104,75,105,-30
latest_0718,defense,self_only,CAMT,105,73,103,-30
latest_0718,defense,self_only,MTSI,106,72,102,-30
latest_0718,defense,self_only,WDC,107,76,107,-31
latest_0718,defense,self_only,ON,108,71,104,-33
latest_0718,defense,self_only,COHU,109,23,58,-35
latest_0718,defense,self_only,STM,110,72,108,-36
latest_0718,defense,self_only,GFS,111,60,97,-37
latest_0718,defense,self_only,MYRG,112,64,102,-38
latest_0718,defense,self_only,SKHY,113,57,96,-39
latest_0718,defense,self_only,MCHP,114,68,108,-40
latest_0718,defense,self_only,SNDK,115,71,113,-42
latest_0718,defense,self_only,ONTO,116,68,110,-42
latest_0718,defense,self_only,GNRC,117,71,114,-43
latest_0718,defense,self_only,SOMMY,118,63,107,-44
latest_0718,defense,self_only,BESIY,119,72,119,-47
latest_0718,defense,self_only,MOD,120,67,115,-48
latest_0718,defense,self_only,KLIC,121,70,121,-51
latest_0718,defense,self_only,SIMO,122,62,113,-51
latest_0718,defense,self_only,MRVL,123,62,115,-53
latest_0718,defense,self_only,BELFB,124,62,117,-55
latest_0718,defense,self_only,ENTG,125,33,91,-58
latest_0718,defense,self_only,ST,126,46,105,-59
latest_0718,defense,self_only,AMD,127,60,120,-60
latest_0718,defense,self_only,GLW,128,62,123,-61
latest_0718,defense,self_only,TOELY,129,37,104,-67
latest_0718,defense,self_only,POWI,130,58,126,-68
latest_0718,defense,self_only,CLS,131,48,119,-71
latest_0718,defense,self_only,SANM,132,38,110,-72
latest_0718,defense,self_only,AMKR,133,56,129,-73
latest_0718,defense,self_only,ORCL,134,50,123,-73
latest_0718,defense,self_only,FORM,135,38,114,-76
latest_0718,defense,self_only,DIOD,136,37,116,-79
latest_0718,defense,self_only,Q,137,33,114,-81
latest_0718,defense,self_only,SMTC,138,54,137,-83
latest_0718,defense,self_only,ACMR,139,51,134,-83
latest_0718,defense,self_only,VISN,140,48,131,-83
latest_0718,defense,self_only,STX,141,51,137,-86
latest_0718,defense,self_only,VIAV,142,48,135,-87
latest_0718,defense,self_only,PENG,143,43,133,-90
latest_0718,defense,self_only,ALAB,144,38,128,-90
latest_0718,defense,self_only,TSEM,145,32,123,-91
latest_0718,defense,self_only,LITE,146,45,138,-93
latest_0718,defense,self_only,MTRN,147,44,137,-93
latest_0718,defense,self_only,VECO,148,39,132,-93
latest_0718,defense,self_only,ATKR,149,33,128,-95
latest_0718,defense,self_only,CIEN,150,39,138,-99
latest_0718,defense,self_only,ICHR,151,41,143,-102
latest_0718,defense,self_only,ARM,152,40,145,-105
latest_0718,defense,self_only,FLEX,153,33,140,-107
latest_0718,defense,self_only,VICR,154,36,144,-108
latest_0718,defense,self_only,ASX,155,35,145,-110
latest_0718,defense,self_only,UCTT,156,38,149,-111
latest_0718,defense,self_only,TSLA,157,39,152,-113
latest_0718,defense,self_only,IMOS,158,38,151,-113
latest_0718,defense,self_only,VSH,159,37,151,-114
latest_0718,defense,self_only,SMCI,160,33,150,-117
latest_0718,defense,self_only,MKSI,161,29,146,-117
latest_0718,defense,self_only,AXTI,162,33,153,-120
latest_0718,defense,self_only,SITM,163,25,146,-121
latest_0718,defense,self_only,BDC,164,25,149,-124
latest_0718,defense,self_only,MRAM,165,29,156,-127
latest_0718,defense,self_only,AAON,166,26,154,-128
latest_0718,defense,self_only,COHR,167,28,158,-130
latest_0718,defense,self_only,ENPH,168,26,160,-134
latest_0718,defense,self_only,INTC,169,23,158,-135
latest_0718,defense,self_only,PSIX,170,16,151,-135
latest_0718,defense,self_only,AOSL,171,26,162,-136
latest_0718,defense,self_only,BE,172,24,160,-136
latest_0718,defense,self_only,CBRS,173,26,165,-139
latest_0718,defense,self_only,SMR,174,26,165,-139
latest_0718,defense,self_only,RKLB,175,20,166,-146
latest_0718,defense,self_only,CC,176,18,166,-148
latest_0718,defense,self_only,FLNC,177,19,169,-150
latest_0718,defense,self_only,AEHR,178,18,171,-153
latest_0718,defense,self_only,AMPX,179,17,170,-153
latest_0718,defense,self_only,NVTS,180,17,170,-153
latest_0718,defense,self_only,POET,181,18,172,-154
latest_0718,defense,self_only,MXL,182,15,170,-155
latest_0718,defense,self_only,AAOI,183,16,173,-157
latest_0718,defense,self_only,CRWV,184,15,172,-157
latest_0718,defense,self_only,NBIS,185,13,173,-160
latest_0718,defense,self_only,WOLF,186,13,173,-160
latest_0718,defense,self_only,FCEL,187,14,175,-161
latest_0718,defense,self_only,IREN,188,12,173,-161
latest_0718,defense,self_only,TE,189,12,176,-164
latest_0718,defense,self_only,LWLG,190,10,177,-167
latest_0718,defense,self_only,OKLO,191,7,181,-174
latest_0718,defense,self_only,APLD,192,4,180,-176
latest_0718,defense,other_only,MSFT,1,189,0,189
latest_0718,defense,other_only,GOOGL,2,184,1,183
latest_0718,defense,other_only,LIN,3,184,1,183
latest_0718,defense,other_only,ADBE,4,185,4,181
latest_0718,defense,other_only,ALLE,5,181,1,180
latest_0718,defense,other_only,MSI,6,181,3,178
latest_0718,defense,other_only,DHR,7,180,3,177
latest_0718,defense,other_only,DOV,8,180,3,177
latest_0718,defense,other_only,META,9,181,5,176
latest_0718,defense,other_only,TMO,10,179,3,176
latest_0718,defense,other_only,PNR,11,179,5,174
latest_0718,defense,other_only,NVDA,12,177,5,172
latest_0718,defense,other_only,HTHIY,13,172,3,169
latest_0718,defense,other_only,HOCPY,14,174,6,168
latest_0718,defense,other_only,TEL,15,174,6,168
latest_0718,defense,other_only,NTAP,16,173,5,168
latest_0718,defense,other_only,TDY,17,173,5,168
latest_0718,defense,other_only,QCOM,18,174,7,167
latest_0718,defense,other_only,SHECY,19,172,6,166
latest_0718,defense,other_only,DCI,20,171,7,164
latest_0718,defense,other_only,PH,21,168,5,163
latest_0718,defense,other_only,ECL,22,170,9,161
latest_0718,defense,other_only,FTV,23,166,5,161
latest_0718,defense,other_only,CSCO,24,168,8,160
latest_0718,defense,other_only,MIELY,25,168,9,159
latest_0718,defense,other_only,ABBNY,26,166,7,159
latest_0718,defense,other_only,ETN,27,166,8,158
latest_0718,defense,other_only,TT,28,164,7,157
latest_0718,defense,other_only,AJNMY,29,165,11,154
latest_0718,defense,other_only,BWXT,30,158,7,151
latest_0718,defense,other_only,HUBB,31,163,15,148
latest_0718,defense,other_only,ASML,32,159,12,147
latest_0718,defense,other_only,APH,33,157,10,147
latest_0718,defense,other_only,IBM,34,160,14,146
latest_0718,defense,other_only,NDSN,35,159,14,145
latest_0718,defense,other_only,KEYS,36,160,16,144
latest_0718,defense,other_only,DKILY,37,158,14,144
latest_0718,defense,other_only,MRAAY,38,156,16,140
latest_0718,defense,other_only,SNPS,39,151,13,138
latest_0718,defense,other_only,NTNX,40,155,20,135
latest_0718,defense,other_only,ADI,41,152,19,133
latest_0718,defense,other_only,AVGO,42,145,17,128
latest_0718,defense,other_only,DTE,43,145,18,127
latest_0718,defense,other_only,TTDKY,44,148,22,126
latest_0718,defense,other_only,ANET,45,146,23,123
latest_0718,defense,other_only,AMZN,46,146,25,121
latest_0718,defense,other_only,CDNS,47,143,22,121
latest_0718,defense,other_only,EME,48,146,26,120
latest_0718,defense,other_only,CEG,49,142,22,120
latest_0718,defense,other_only,PLAB,50,146,27,119
latest_0718,defense,other_only,TXN,51,143,25,118
latest_0718,defense,other_only,ENS,52,142,24,118
latest_0718,defense,other_only,SMTOY,53,141,23,118
latest_0718,defense,other_only,JCI,54,142,29,113
latest_0718,defense,other_only,CMI,55,138,26,112
latest_0718,defense,other_only,AEP,56,134,22,112
latest_0718,defense,other_only,ETR,57,133,24,109
latest_0718,defense,other_only,DD,58,133,28,105
latest_0718,defense,other_only,LFUS,59,133,30,103
latest_0718,defense,other_only,KLAC,60,135,33,102
latest_0718,defense,other_only,RYCEY,61,130,28,102
latest_0718,defense,other_only,DSCSY,62,136,38,98
latest_0718,defense,other_only,MICLF,63,130,38,92
latest_0718,defense,other_only,AMAT,64,130,39,91
latest_0718,defense,other_only,TSM,65,127,37,90
latest_0718,defense,other_only,NOK,66,126,38,88
latest_0718,defense,other_only,RMBS,67,129,42,87
latest_0718,defense,other_only,ET,68,116,33,83
latest_0718,defense,other_only,CARR,69,124,42,82
latest_0718,defense,other_only,TOELY,70,126,46,80
latest_0718,defense,other_only,POWI,71,124,46,78
latest_0718,defense,other_only,ASMIY,72,124,49,75
latest_0718,defense,other_only,NVT,73,122,48,74
latest_0718,defense,other_only,UMC,74,118,45,73
latest_0718,defense,other_only,MPWR,75,120,48,72
latest_0718,defense,other_only,EQIX,76,114,42,72
latest_0718,defense,other_only,NVMI,77,123,53,70
latest_0718,defense,other_only,LRCX,78,120,51,69
latest_0718,defense,other_only,APD,79,112,43,69
latest_0718,defense,other_only,ASGLY,80,112,46,66
latest_0718,defense,other_only,KLIC,81,118,53,65
latest_0718,defense,other_only,CAT,82,114,51,63
latest_0718,defense,other_only,VST,83,111,50,61
latest_0718,defense,other_only,ATEYY,84,115,58,57
latest_0718,defense,other_only,TER,85,113,59,54
latest_0718,defense,other_only,POWL,86,107,53,54
latest_0718,defense,other_only,MMM,87,98,44,54
latest_0718,defense,other_only,DLR,88,105,52,53
latest_0718,defense,other_only,IFNNY,89,106,58,48
latest_0718,defense,other_only,P,90,103,60,43
latest_0718,defense,other_only,DIOD,91,107,66,41
latest_0718,defense,other_only,GEV,92,103,64,39
latest_0718,defense,other_only,Q,93,103,66,37
latest_0718,defense,other_only,BELFB,94,100,63,37
latest_0718,defense,other_only,GFS,95,99,66,33
latest_0718,defense,other_only,ONTO,96,104,72,32
latest_0718,defense,other_only,AEIS,97,98,66,32
latest_0718,defense,other_only,BABA,98,87,60,27
latest_0718,defense,other_only,PWR,99,90,73,17
latest_0718,defense,other_only,ACLS,100,94,78,16
latest_0718,defense,other_only,BDC,101,90,74,16
latest_0718,defense,other_only,FIX,102,87,80,7
latest_0718,defense,other_only,CAMT,103,92,86,6
latest_0718,defense,other_only,GNRC,104,79,80,-1
latest_0718,defense,other_only,MU,105,73,75,-2
latest_0718,defense,other_only,SKHY,106,74,84,-10
latest_0718,defense,other_only,SANM,107,75,88,-13
latest_0718,defense,other_only,JBL,108,74,87,-13
latest_0718,defense,other_only,ON,109,77,91,-14
latest_0718,defense,other_only,VISN,110,73,88,-15
latest_0718,defense,other_only,VRT,111,74,91,-17
latest_0718,defense,other_only,HPE,112,73,90,-17
latest_0718,defense,other_only,FN,113,72,89,-17
latest_0718,defense,other_only,FLEX,114,72,91,-19
latest_0718,defense,other_only,ST,115,72,91,-19
latest_0718,defense,other_only,ENTG,116,75,95,-20
latest_0718,defense,other_only,ASX,117,75,97,-22
latest_0718,defense,other_only,TSEM,118,75,99,-24
latest_0718,defense,other_only,VECO,119,72,98,-26
latest_0718,defense,other_only,ATKR,120,66,93,-27
latest_0718,defense,other_only,ROG,121,73,103,-30
latest_0718,defense,other_only,GLW,122,67,97,-30
latest_0718,defense,other_only,AMD,123,71,102,-31
latest_0718,defense,other_only,STM,124,70,103,-33
latest_0718,defense,other_only,MYRG,125,65,100,-35
latest_0718,defense,other_only,ASMVY,126,64,101,-37
latest_0718,defense,other_only,MTRN,127,63,100,-37
latest_0718,defense,other_only,VSH,128,65,104,-39
latest_0718,defense,other_only,SIMO,129,68,108,-40
latest_0718,defense,other_only,CRDO,130,69,111,-42
latest_0718,defense,other_only,CRWD,131,64,106,-42
latest_0718,defense,other_only,FORM,132,66,109,-43
latest_0718,defense,other_only,IESC,133,62,107,-45
latest_0718,defense,other_only,MTSI,134,63,112,-49
latest_0718,defense,other_only,MOD,135,56,107,-51
latest_0718,defense,other_only,CLS,136,58,112,-54
latest_0718,defense,other_only,DELL,137,56,110,-54
latest_0718,defense,other_only,SNDK,138,56,112,-56
latest_0718,defense,other_only,BESIY,139,58,117,-59
latest_0718,defense,other_only,MCHP,140,53,115,-62
latest_0718,defense,other_only,CIEN,141,55,122,-67
latest_0718,defense,other_only,VIAV,142,50,120,-70
latest_0718,defense,other_only,AAON,143,50,122,-72
latest_0718,defense,other_only,IMOS,144,50,123,-73
latest_0718,defense,other_only,MKSI,145,47,123,-76
latest_0718,defense,other_only,WDC,146,46,122,-76
latest_0718,defense,other_only,AMKR,147,48,125,-77
latest_0718,defense,other_only,MRVL,148,46,124,-78
latest_0718,defense,other_only,SITM,149,51,130,-79
latest_0718,defense,other_only,STX,150,42,131,-89
latest_0718,defense,other_only,VICR,151,44,135,-91
latest_0718,defense,other_only,PSIX,152,39,130,-91
latest_0718,defense,other_only,ARM,153,43,135,-92
latest_0718,defense,other_only,ENPH,154,40,133,-93
latest_0718,defense,other_only,ORCL,155,40,137,-97
latest_0718,defense,other_only,COHU,156,40,138,-98
latest_0718,defense,other_only,SMTC,157,36,138,-102
latest_0718,defense,other_only,UCTT,158,36,141,-105
latest_0718,defense,other_only,PENG,159,35,143,-108
latest_0718,defense,other_only,COHR,160,32,144,-112
latest_0718,defense,other_only,ALAB,161,33,147,-114
latest_0718,defense,other_only,ACMR,162,30,149,-119
latest_0718,defense,other_only,LITE,163,28,147,-119
latest_0718,defense,other_only,SOMMY,164,26,147,-121
latest_0718,defense,other_only,ICHR,165,24,147,-123
latest_0718,defense,other_only,TSLA,166,28,152,-124
latest_0718,defense,other_only,AOSL,167,20,161,-141
latest_0718,defense,other_only,INTC,168,19,160,-141
latest_0718,defense,other_only,MRAM,169,20,164,-144
latest_0718,defense,other_only,MXL,170,18,165,-147
latest_0718,defense,other_only,SMCI,171,12,168,-156
latest_0718,defense,other_only,CC,172,8,167,-159
latest_0718,defense,other_only,BE,173,10,172,-162
latest_0718,defense,other_only,AEHR,174,10,176,-166
latest_0718,defense,other_only,AAOI,175,6,172,-166
latest_0718,defense,other_only,AXTI,176,8,178,-170
latest_0718,defense,other_only,FLNC,177,7,180,-173
latest_0718,defense,other_only,OKLO,178,3,181,-178
latest_0718,defense,other_only,TE,179,3,183,-180
latest_0718,defense,other_only,AMPX,180,2,184,-182
latest_0718,defense,other_only,NBIS,181,2,185,-183
latest_0718,defense,other_only,CBRS,182,2,187,-185
latest_0718,defense,other_only,IREN,183,2,187,-185
latest_0718,defense,other_only,RKLB,184,1,186,-185
latest_0718,defense,other_only,POET,185,2,188,-186
latest_0718,defense,other_only,APLD,186,1,188,-187
latest_0718,defense,other_only,SMR,187,1,188,-187
latest_0718,defense,other_only,CRWV,188,0,189,-189
latest_0718,defense,other_only,FCEL,189,0,190,-190
latest_0718,defense,other_only,LWLG,190,0,190,-190
latest_0718,defense,other_only,NVTS,191,0,190,-190
latest_0718,defense,other_only,WOLF,192,0,191,-191
latest_0718,defense,agreement_only,LIN,1,167,1,166
latest_0718,defense,agreement_only,HOCPY,2,165,0,165
latest_0718,defense,agreement_only,DHR,3,165,1,164
latest_0718,defense,agreement_only,DOV,4,163,2,161
latest_0718,defense,agreement_only,PNR,5,156,0,156
latest_0718,defense,agreement_only,MSFT,6,154,0,154
latest_0718,defense,agreement_only,SHECY,7,151,0,151
latest_0718,defense,agreement_only,DCI,8,153,4,149
latest_0718,defense,agreement_only,QCOM,9,152,4,148
latest_0718,defense,agreement_only,GOOGL,10,147,1,146
latest_0718,defense,agreement_only,ADBE,11,143,2,141
latest_0718,defense,agreement_only,MIELY,12,139,3,136
latest_0718,defense,agreement_only,MSI,13,139,3,136
latest_0718,defense,agreement_only,TDY,14,130,4,126
latest_0718,defense,agreement_only,ALLE,15,126,1,125
latest_0718,defense,agreement_only,ECL,16,130,6,124
latest_0718,defense,agreement_only,AJNMY,17,129,5,124
latest_0718,defense,agreement_only,FTV,18,126,4,122
latest_0718,defense,agreement_only,ABBNY,19,126,5,121
latest_0718,defense,agreement_only,META,20,123,4,119
latest_0718,defense,agreement_only,DKILY,21,122,6,116
latest_0718,defense,agreement_only,HTHIY,22,117,1,116
latest_0718,defense,agreement_only,TEL,23,120,5,115
latest_0718,defense,agreement_only,IBM,24,115,5,110
latest_0718,defense,agreement_only,NTAP,25,113,4,109
latest_0718,defense,agreement_only,NVDA,26,111,2,109
latest_0718,defense,agreement_only,TT,27,111,3,108
latest_0718,defense,agreement_only,PH,28,112,5,107
latest_0718,defense,agreement_only,ETN,29,112,6,106
latest_0718,defense,agreement_only,DTE,30,110,6,104
latest_0718,defense,agreement_only,APH,31,112,10,102
latest_0718,defense,agreement_only,TMO,32,104,3,101
latest_0718,defense,agreement_only,EME,33,116,20,96
latest_0718,defense,agreement_only,KEYS,34,108,14,94
latest_0718,defense,agreement_only,MRAAY,35,105,11,94
latest_0718,defense,agreement_only,ADI,36,109,16,93
latest_0718,defense,agreement_only,ASML,37,104,11,93
latest_0718,defense,agreement_only,TXN,38,111,19,92
latest_0718,defense,agreement_only,SMTOY,39,109,18,91
latest_0718,defense,agreement_only,AEP,40,104,13,91
latest_0718,defense,agreement_only,TSM,41,114,24,90
latest_0718,defense,agreement_only,AVGO,42,105,15,90
latest_0718,defense,agreement_only,DSCSY,43,109,20,89
latest_0718,defense,agreement_only,NTNX,44,103,15,88
latest_0718,defense,agreement_only,HUBB,45,98,11,87
latest_0718,defense,agreement_only,PLAB,46,103,17,86
latest_0718,defense,agreement_only,SNPS,47,98,13,85
latest_0718,defense,agreement_only,TTDKY,48,96,12,84
latest_0718,defense,agreement_only,BWXT,49,88,6,82
latest_0718,defense,agreement_only,JCI,50,105,24,81
latest_0718,defense,agreement_only,LFUS,51,102,21,81
latest_0718,defense,agreement_only,DD,52,101,20,81
latest_0718,defense,agreement_only,CDNS,53,98,18,80
latest_0718,defense,agreement_only,CMI,54,102,23,79
latest_0718,defense,agreement_only,ANET,55,99,20,79
latest_0718,defense,agreement_only,RMBS,56,98,22,76
latest_0718,defense,agreement_only,ETR,57,91,16,75
latest_0718,defense,agreement_only,NDSN,58,84,11,73
latest_0718,defense,agreement_only,RYCEY,59,96,24,72
latest_0718,defense,agreement_only,APD,60,96,25,71
latest_0718,defense,agreement_only,KLAC,61,91,24,67
latest_0718,defense,agreement_only,ET,62,89,24,65
latest_0718,defense,agreement_only,ENS,63,80,16,64
latest_0718,defense,agreement_only,MICLF,64,86,30,56
latest_0718,defense,agreement_only,CSCO,65,64,8,56
latest_0718,defense,agreement_only,ASMIY,66,92,38,54
latest_0718,defense,agreement_only,NVT,67,94,41,53
latest_0718,defense,agreement_only,NOK,68,86,34,52
latest_0718,defense,agreement_only,PWR,69,73,23,50
latest_0718,defense,agreement_only,UMC,70,85,37,48
latest_0718,defense,agreement_only,CAT,71,91,44,47
latest_0718,defense,agreement_only,MMM,72,80,34,46
latest_0718,defense,agreement_only,AMZN,73,69,23,46
latest_0718,defense,agreement_only,DLR,74,79,34,45
latest_0718,defense,agreement_only,CEG,75,64,19,45
latest_0718,defense,agreement_only,ASGLY,76,76,33,43
latest_0718,defense,agreement_only,MPWR,77,81,39,42
latest_0718,defense,agreement_only,POWL,78,81,39,42
latest_0718,defense,agreement_only,GEV,79,58,16,42
latest_0718,defense,agreement_only,EQIX,80,75,34,41
latest_0718,defense,agreement_only,P,81,81,43,38
latest_0718,defense,agreement_only,AMAT,82,73,36,37
latest_0718,defense,agreement_only,CARR,83,73,37,36
latest_0718,defense,agreement_only,NVMI,84,79,45,34
latest_0718,defense,agreement_only,BABA,85,73,41,32
latest_0718,defense,agreement_only,VST,86,74,43,31
latest_0718,defense,agreement_only,LRCX,87,76,49,27
latest_0718,defense,agreement_only,ATEYY,88,69,42,27
latest_0718,defense,agreement_only,ACLS,89,77,52,25
latest_0718,defense,agreement_only,AEIS,90,69,53,16
latest_0718,defense,agreement_only,IFNNY,91,67,51,16
latest_0718,defense,agreement_only,ROG,92,67,55,12
latest_0718,defense,agreement_only,KLIC,93,61,49,12
latest_0718,defense,agreement_only,POWI,94,56,44,12
latest_0718,defense,agreement_only,TER,95,60,50,10
latest_0718,defense,agreement_only,FIX,96,70,62,8
latest_0718,defense,agreement_only,MU,97,58,56,2
latest_0718,defense,agreement_only,TOELY,98,35,35,0
latest_0718,defense,agreement_only,ONTO,99,63,65,-2
latest_0718,defense,agreement_only,BELFB,100,55,58,-3
latest_0718,defense,agreement_only,GFS,101,55,58,-3
latest_0718,defense,agreement_only,CAMT,102,54,65,-11
latest_0718,defense,agreement_only,JBL,103,64,76,-12
latest_0718,defense,agreement_only,VRT,104,51,64,-13
latest_0718,defense,agreement_only,GNRC,105,59,73,-14
latest_0718,defense,agreement_only,ON,106,59,75,-16
latest_0718,defense,agreement_only,IESC,107,55,71,-16
latest_0718,defense,agreement_only,CRDO,108,50,68,-18
latest_0718,defense,agreement_only,FN,109,31,49,-18
latest_0718,defense,agreement_only,HPE,110,56,76,-20
latest_0718,defense,agreement_only,CRWD,111,44,64,-20
latest_0718,defense,agreement_only,ST,112,35,58,-23
latest_0718,defense,agreement_only,Q,113,32,58,-26
latest_0718,defense,agreement_only,SKHY,114,43,70,-27
latest_0718,defense,agreement_only,DIOD,115,33,60,-27
latest_0718,defense,agreement_only,STM,116,57,85,-28
latest_0718,defense,agreement_only,ASMVY,117,52,83,-31
latest_0718,defense,agreement_only,MYRG,118,45,79,-34
latest_0718,defense,agreement_only,DELL,119,55,90,-35
latest_0718,defense,agreement_only,ENTG,120,32,67,-35
latest_0718,defense,agreement_only,COHU,121,21,57,-36
latest_0718,defense,agreement_only,GLW,122,53,91,-38
latest_0718,defense,agreement_only,MTSI,123,48,86,-38
latest_0718,defense,agreement_only,SANM,124,37,75,-38
latest_0718,defense,agreement_only,VISN,125,33,76,-43
latest_0718,defense,agreement_only,SIMO,126,46,90,-44
latest_0718,defense,agreement_only,AMD,127,47,92,-45
latest_0718,defense,agreement_only,MOD,128,45,91,-46
latest_0718,defense,agreement_only,MCHP,129,47,94,-47
latest_0718,defense,agreement_only,BDC,130,24,72,-48
latest_0718,defense,agreement_only,SNDK,131,45,94,-49
latest_0718,defense,agreement_only,WDC,132,39,88,-49
latest_0718,defense,agreement_only,BESIY,133,44,96,-52
latest_0718,defense,agreement_only,ATKR,134,27,79,-52
latest_0718,defense,agreement_only,VECO,135,36,90,-54
latest_0718,defense,agreement_only,TSEM,136,27,82,-55
latest_0718,defense,agreement_only,FORM,137,34,90,-56
latest_0718,defense,agreement_only,MRVL,138,41,98,-57
latest_0718,defense,agreement_only,MTRN,139,38,95,-57
latest_0718,defense,agreement_only,FLEX,140,30,88,-58
latest_0718,defense,agreement_only,CLS,141,38,98,-60
latest_0718,defense,agreement_only,ASX,142,32,93,-61
latest_0718,defense,agreement_only,VIAV,143,37,106,-69
latest_0718,defense,agreement_only,AMKR,144,40,113,-73
latest_0718,defense,agreement_only,VSH,145,27,100,-73
latest_0718,defense,agreement_only,ORCL,146,34,108,-74
latest_0718,defense,agreement_only,SOMMY,147,22,98,-76
latest_0718,defense,agreement_only,CIEN,148,34,112,-78
latest_0718,defense,agreement_only,STX,149,33,117,-84
latest_0718,defense,agreement_only,MKSI,150,27,113,-86
latest_0718,defense,agreement_only,SMTC,151,33,122,-89
latest_0718,defense,agreement_only,IMOS,152,27,117,-90
latest_0718,defense,agreement_only,AAON,153,22,113,-91
latest_0718,defense,agreement_only,VICR,154,26,119,-93
latest_0718,defense,agreement_only,ALAB,155,22,115,-93
latest_0718,defense,agreement_only,PENG,156,29,124,-95
latest_0718,defense,agreement_only,ARM,157,24,120,-96
latest_0718,defense,agreement_only,ACMR,158,25,122,-97
latest_0718,defense,agreement_only,SITM,159,22,119,-97
latest_0718,defense,agreement_only,LITE,160,25,125,-100
latest_0718,defense,agreement_only,UCTT,161,27,130,-103
latest_0718,defense,agreement_only,ENPH,162,21,128,-107
latest_0718,defense,agreement_only,ICHR,163,23,132,-109
latest_0718,defense,agreement_only,PSIX,164,16,125,-109
latest_0718,defense,agreement_only,COHR,165,24,137,-113
latest_0718,defense,agreement_only,TSLA,166,19,137,-118
latest_0718,defense,agreement_only,MRAM,167,17,148,-131
latest_0718,defense,agreement_only,INTC,168,17,152,-135
latest_0718,defense,agreement_only,AOSL,169,15,150,-135
latest_0718,defense,agreement_only,SMCI,170,12,148,-136
latest_0718,defense,agreement_only,AXTI,171,7,149,-142
latest_0718,defense,agreement_only,BE,172,10,159,-149
latest_0718,defense,agreement_only,MXL,173,10,160,-150
latest_0718,defense,agreement_only,CC,174,5,155,-150
latest_0718,defense,agreement_only,FLNC,175,7,165,-158
latest_0718,defense,agreement_only,AEHR,176,7,166,-159
latest_0718,defense,agreement_only,AAOI,177,6,168,-162
latest_0718,defense,agreement_only,SMR,178,0,162,-162
latest_0718,defense,agreement_only,CBRS,179,1,164,-163
latest_0718,defense,agreement_only,RKLB,180,1,166,-165
latest_0718,defense,agreement_only,AMPX,181,2,168,-166
latest_0718,defense,agreement_only,NBIS,182,2,170,-168
latest_0718,defense,agreement_only,POET,183,2,171,-169
latest_0718,defense,agreement_only,NVTS,184,0,170,-170
latest_0718,defense,agreement_only,IREN,185,1,172,-171
latest_0718,defense,agreement_only,TE,186,1,172,-171
latest_0718,defense,agreement_only,CRWV,187,0,172,-172
latest_0718,defense,agreement_only,OKLO,188,1,174,-173
latest_0718,defense,agreement_only,WOLF,189,0,173,-173
latest_0718,defense,agreement_only,FCEL,190,0,175,-175
latest_0718,defense,agreement_only,LWLG,191,0,176,-176
latest_0718,defense,agreement_only,APLD,192,0,180,-180
latest_0718,defense,high_only,MSFT,1,280,1,279
latest_0718,defense,high_only,GOOGL,2,269,1,268
latest_0718,defense,high_only,LIN,3,261,0,261
latest_0718,defense,high_only,SHECY,4,238,0,238
latest_0718,defense,high_only,ADBE,5,225,2,223
latest_0718,defense,high_only,DOV,6,206,1,205
latest_0718,defense,high_only,DHR,7,200,1,199
latest_0718,defense,high_only,MSI,8,194,2,192
latest_0718,defense,high_only,TMO,9,191,1,190
latest_0718,defense,high_only,ECL,10,193,5,188
latest_0718,defense,high_only,TDY,11,190,7,183
latest_0718,defense,high_only,ALLE,12,191,17,174
latest_0718,defense,high_only,ABBNY,13,186,12,174
latest_0718,defense,high_only,META,14,184,15,169
latest_0718,defense,high_only,TEL,15,166,1,165
latest_0718,defense,high_only,HOCPY,16,164,0,164
latest_0718,defense,high_only,PNR,17,164,2,162
latest_0718,defense,high_only,DCI,18,162,0,162
latest_0718,defense,high_only,FTV,19,163,6,157
latest_0718,defense,high_only,PH,20,158,5,153
latest_0718,defense,high_only,HTHIY,21,156,3,153
latest_0718,defense,high_only,NTAP,22,161,12,149
latest_0718,defense,high_only,MIELY,23,154,12,142
latest_0718,defense,high_only,DTE,24,151,11,140
latest_0718,defense,high_only,ASML,25,150,10,140
latest_0718,defense,high_only,ETN,26,145,6,139
latest_0718,defense,high_only,EME,27,146,11,135
latest_0718,defense,high_only,ADI,28,149,19,130
latest_0718,defense,high_only,KEYS,29,159,31,128
latest_0718,defense,high_only,CDNS,30,132,5,127
latest_0718,defense,high_only,BWXT,31,147,24,123
latest_0718,defense,high_only,APH,32,134,11,123
latest_0718,defense,high_only,AEP,33,125,4,121
latest_0718,defense,high_only,TXN,34,133,16,117
latest_0718,defense,high_only,HUBB,35,141,27,114
latest_0718,defense,high_only,TT,36,114,0,114
latest_0718,defense,high_only,KLAC,37,126,14,112
latest_0718,defense,high_only,PLAB,38,124,13,111
latest_0718,defense,high_only,MRAAY,39,118,8,110
latest_0718,defense,high_only,CSCO,40,111,2,109
latest_0718,defense,high_only,NVDA,41,111,2,109
latest_0718,defense,high_only,IBM,42,110,1,109
latest_0718,defense,high_only,DKILY,43,125,20,105
latest_0718,defense,high_only,RMBS,44,123,18,105
latest_0718,defense,high_only,NDSN,45,115,10,105
latest_0718,defense,high_only,QCOM,46,105,1,104
latest_0718,defense,high_only,ANET,47,126,23,103
latest_0718,defense,high_only,AJNMY,48,106,3,103
latest_0718,defense,high_only,AVGO,49,108,12,96
latest_0718,defense,high_only,SNPS,50,99,5,94
latest_0718,defense,high_only,POWL,51,111,20,91
latest_0718,defense,high_only,APD,52,102,12,90
latest_0718,defense,high_only,LFUS,53,104,16,88
latest_0718,defense,high_only,ETR,54,100,13,87
latest_0718,defense,high_only,JCI,55,97,12,85
latest_0718,defense,high_only,TSM,56,88,3,85
latest_0718,defense,high_only,CMI,57,96,13,83
latest_0718,defense,high_only,LRCX,58,96,16,80
latest_0718,defense,high_only,AMAT,59,114,36,78
latest_0718,defense,high_only,ASMIY,60,97,19,78
latest_0718,defense,high_only,DSCSY,61,82,4,78
latest_0718,defense,high_only,MPWR,62,112,35,77
latest_0718,defense,high_only,NTNX,63,84,7,77
latest_0718,defense,high_only,DD,64,84,8,76
latest_0718,defense,high_only,TTDKY,65,84,11,73
latest_0718,defense,high_only,ENS,66,81,15,66
latest_0718,defense,high_only,MICLF,67,84,20,64
latest_0718,defense,high_only,AMZN,68,63,2,61
latest_0718,defense,high_only,SMTOY,69,98,39,59
latest_0718,defense,high_only,P,70,92,33,59
latest_0718,defense,high_only,IFNNY,71,86,31,55
latest_0718,defense,high_only,CAT,72,84,31,53
latest_0718,defense,high_only,CARR,73,66,14,52
latest_0718,defense,high_only,NVMI,74,81,33,48
latest_0718,defense,high_only,EQIX,75,57,9,48
latest_0718,defense,high_only,RYCEY,76,54,6,48
latest_0718,defense,high_only,ONTO,77,72,26,46
latest_0718,defense,high_only,CEG,78,51,5,46
latest_0718,defense,high_only,VST,79,53,10,43
latest_0718,defense,high_only,NOK,80,78,36,42
latest_0718,defense,high_only,NVT,81,77,35,42
latest_0718,defense,high_only,ET,82,75,33,42
latest_0718,defense,high_only,MMM,83,51,10,41
latest_0718,defense,high_only,UMC,84,95,56,39
latest_0718,defense,high_only,DLR,85,52,13,39
latest_0718,defense,high_only,GEV,86,48,12,36
latest_0718,defense,high_only,TER,87,73,44,29
latest_0718,defense,high_only,BABA,88,46,19,27
latest_0718,defense,high_only,FIX,89,72,47,25
latest_0718,defense,high_only,ASGLY,90,46,21,25
latest_0718,defense,high_only,POWI,91,82,58,24
latest_0718,defense,high_only,ATEYY,92,61,40,21
latest_0718,defense,high_only,ACLS,93,61,41,20
latest_0718,defense,high_only,TOELY,94,48,31,17
latest_0718,defense,high_only,CRWD,95,55,39,16
latest_0718,defense,high_only,AEIS,96,63,49,14
latest_0718,defense,high_only,BELFB,97,59,45,14
latest_0718,defense,high_only,ROG,98,64,51,13
latest_0718,defense,high_only,MU,99,65,53,12
latest_0718,defense,high_only,PWR,100,23,14,9
latest_0718,defense,high_only,ENTG,101,22,17,5
latest_0718,defense,high_only,CAMT,102,48,44,4
latest_0718,defense,high_only,VRT,103,22,18,4
latest_0718,defense,high_only,KLIC,104,76,73,3
latest_0718,defense,high_only,IESC,105,46,44,2
latest_0718,defense,high_only,BDC,106,34,32,2
latest_0718,defense,high_only,MCHP,107,50,52,-2
latest_0718,defense,high_only,FN,108,32,34,-2
latest_0718,defense,high_only,ST,109,24,27,-3
latest_0718,defense,high_only,HPE,110,50,58,-8
latest_0718,defense,high_only,SKHY,111,45,53,-8
latest_0718,defense,high_only,JBL,112,56,66,-10
latest_0718,defense,high_only,ON,113,45,60,-15
latest_0718,defense,high_only,TSEM,114,19,35,-16
latest_0718,defense,high_only,SANM,115,19,37,-18
latest_0718,defense,high_only,Q,116,20,41,-21
latest_0718,defense,high_only,GNRC,117,53,75,-22
latest_0718,defense,high_only,CRDO,118,38,60,-22
latest_0718,defense,high_only,DELL,119,51,78,-27
latest_0718,defense,high_only,GLW,120,47,74,-27
latest_0718,defense,high_only,MYRG,121,39,66,-27
latest_0718,defense,high_only,MOD,122,34,61,-27
latest_0718,defense,high_only,GFS,123,39,69,-30
latest_0718,defense,high_only,AMD,124,49,81,-32
latest_0718,defense,high_only,ATKR,125,33,65,-32
latest_0718,defense,high_only,MTSI,126,41,74,-33
latest_0718,defense,high_only,AMKR,127,16,49,-33
latest_0718,defense,high_only,STM,128,46,80,-34
latest_0718,defense,high_only,WDC,129,42,78,-36
latest_0718,defense,high_only,SIMO,130,49,88,-39
latest_0718,defense,high_only,SNDK,131,36,76,-40
latest_0718,defense,high_only,VISN,132,33,73,-40
latest_0718,defense,high_only,ASMVY,133,37,78,-41
latest_0718,defense,high_only,ASX,134,37,81,-44
latest_0718,defense,high_only,DIOD,135,37,81,-44
latest_0718,defense,high_only,BESIY,136,54,100,-46
latest_0718,defense,high_only,VECO,137,27,80,-53
latest_0718,defense,high_only,FORM,138,27,83,-56
latest_0718,defense,high_only,CLS,139,30,91,-61
latest_0718,defense,high_only,MRVL,140,42,104,-62
latest_0718,defense,high_only,MTRN,141,32,95,-63
latest_0718,defense,high_only,COHU,142,7,72,-65
latest_0718,defense,high_only,FLEX,143,26,95,-69
latest_0718,defense,high_only,VIAV,144,35,105,-70
latest_0718,defense,high_only,VSH,145,23,96,-73
latest_0718,defense,high_only,SOMMY,146,25,102,-77
latest_0718,defense,high_only,ORCL,147,22,99,-77
latest_0718,defense,high_only,ARM,148,35,117,-82
latest_0718,defense,high_only,CIEN,149,31,114,-83
latest_0718,defense,high_only,STX,150,28,120,-92
latest_0718,defense,high_only,IMOS,151,23,122,-99
latest_0718,defense,high_only,VICR,152,30,132,-102
latest_0718,defense,high_only,PENG,153,22,126,-104
latest_0718,defense,high_only,MKSI,154,28,134,-106
latest_0718,defense,high_only,SMTC,155,21,127,-106
latest_0718,defense,high_only,UCTT,156,20,130,-110
latest_0718,defense,high_only,SITM,157,24,138,-114
latest_0718,defense,high_only,ENPH,158,26,144,-118
latest_0718,defense,high_only,LITE,159,22,141,-119
latest_0718,defense,high_only,ICHR,160,18,138,-120
latest_0718,defense,high_only,COHR,161,13,139,-126
latest_0718,defense,high_only,TSLA,162,26,158,-132
latest_0718,defense,high_only,AAON,163,5,137,-132
latest_0718,defense,high_only,ACMR,164,29,162,-133
latest_0718,defense,high_only,ALAB,165,34,181,-147
latest_0718,defense,high_only,PSIX,166,10,162,-152
latest_0718,defense,high_only,AOSL,167,21,179,-158
latest_0718,defense,high_only,CC,168,14,194,-180
latest_0718,defense,high_only,AXTI,169,15,207,-192
latest_0718,defense,high_only,MRAM,170,13,208,-195
latest_0718,defense,high_only,INTC,171,12,211,-199
latest_0718,defense,high_only,BE,172,3,203,-200
latest_0718,defense,high_only,SMCI,173,17,220,-203
latest_0718,defense,high_only,FLNC,174,12,215,-203
latest_0718,defense,high_only,AMPX,175,2,237,-235
latest_0718,defense,high_only,LWLG,176,0,237,-237
latest_0718,defense,high_only,AAOI,177,3,245,-242
latest_0718,defense,high_only,MXL,178,2,247,-245
latest_0718,defense,high_only,CBRS,179,10,257,-247
latest_0718,defense,high_only,POET,180,7,260,-253
latest_0718,defense,high_only,NVTS,181,4,262,-258
latest_0718,defense,high_only,TE,182,9,270,-261
latest_0718,defense,high_only,IREN,183,4,266,-262
latest_0718,defense,high_only,RKLB,184,5,269,-264
latest_0718,defense,high_only,AEHR,185,2,267,-265
latest_0718,defense,high_only,CRWV,186,12,279,-267
latest_0718,defense,high_only,SMR,187,1,268,-267
latest_0718,defense,high_only,NBIS,188,7,283,-276
latest_0718,defense,high_only,WOLF,189,6,293,-287
latest_0718,defense,high_only,FCEL,190,3,294,-291
latest_0718,defense,high_only,APLD,191,0,317,-317
latest_0718,defense,high_only,OKLO,192,0,331,-331
latest_0718,defense,strength_weighted,LIN,1,353,4,640
latest_0718,defense,strength_weighted,GOOGL,2,331,2,614
latest_0718,defense,strength_weighted,MSFT,3,343,14,606
latest_0718,defense,strength_weighted,DHR,4,350,16,598
latest_0718,defense,strength_weighted,HOCPY,5,352,6,596
latest_0718,defense,strength_weighted,SHECY,6,333,13,586
latest_0718,defense,strength_weighted,ADBE,7,328,13,586
latest_0718,defense,strength_weighted,DOV,8,348,13,577
latest_0718,defense,strength_weighted,PNR,9,340,12,554
latest_0718,defense,strength_weighted,DCI,10,330,17,521
latest_0718,defense,strength_weighted,QCOM,11,331,27,518
latest_0718,defense,strength_weighted,MSI,12,321,39,512
latest_0718,defense,strength_weighted,TDY,13,308,33,502
latest_0718,defense,strength_weighted,MIELY,14,316,31,492
latest_0718,defense,strength_weighted,TEL,15,295,23,487
latest_0718,defense,strength_weighted,META,16,304,45,479
latest_0718,defense,strength_weighted,ALLE,17,309,51,467
latest_0718,defense,strength_weighted,ABBNY,18,294,42,462
latest_0718,defense,strength_weighted,TMO,19,283,37,460
latest_0718,defense,strength_weighted,HTHIY,20,294,39,450
latest_0718,defense,strength_weighted,ECL,21,301,57,444
latest_0718,defense,strength_weighted,FTV,22,295,44,439
latest_0718,defense,strength_weighted,AJNMY,23,304,43,425
latest_0718,defense,strength_weighted,NVDA,24,293,22,415
latest_0718,defense,strength_weighted,TT,25,278,28,408
latest_0718,defense,strength_weighted,IBM,26,279,38,401
latest_0718,defense,strength_weighted,DKILY,27,293,54,400
latest_0718,defense,strength_weighted,PH,28,280,61,390
latest_0718,defense,strength_weighted,NTAP,29,287,71,389
latest_0718,defense,strength_weighted,DTE,30,279,54,382
latest_0718,defense,strength_weighted,ETN,31,280,69,379
latest_0718,defense,strength_weighted,EME,32,275,78,365
latest_0718,defense,strength_weighted,KEYS,33,273,75,358
latest_0718,defense,strength_weighted,ASML,34,264,78,354
latest_0718,defense,strength_weighted,NTNX,35,267,63,341
latest_0718,defense,strength_weighted,HUBB,36,264,87,338
latest_0718,defense,strength_weighted,DSCSY,37,260,71,333
latest_0718,defense,strength_weighted,APH,38,274,79,323
latest_0718,defense,strength_weighted,MRAAY,39,270,85,321
latest_0718,defense,strength_weighted,ADI,40,266,85,321
latest_0718,defense,strength_weighted,AEP,41,261,75,319
latest_0718,defense,strength_weighted,CSCO,42,233,63,318
latest_0718,defense,strength_weighted,RMBS,43,249,82,311
latest_0718,defense,strength_weighted,TXN,44,262,85,310
latest_0718,defense,strength_weighted,PLAB,45,261,85,309
latest_0718,defense,strength_weighted,BWXT,46,251,90,305
latest_0718,defense,strength_weighted,LFUS,47,256,88,302
latest_0718,defense,strength_weighted,JCI,48,253,88,300
latest_0718,defense,strength_weighted,ANET,49,250,88,298
latest_0718,defense,strength_weighted,TSM,50,270,80,297
latest_0718,defense,strength_weighted,TTDKY,51,257,83,295
latest_0718,defense,strength_weighted,CMI,52,252,84,295
latest_0718,defense,strength_weighted,AVGO,53,258,85,291
latest_0718,defense,strength_weighted,SMTOY,54,264,83,283
latest_0718,defense,strength_weighted,NDSN,55,248,93,278
latest_0718,defense,strength_weighted,SNPS,56,252,92,276
latest_0718,defense,strength_weighted,DD,57,247,100,265
latest_0718,defense,strength_weighted,ETR,58,243,91,265
latest_0718,defense,strength_weighted,CDNS,59,248,101,263
latest_0718,defense,strength_weighted,KLAC,60,234,93,263
latest_0718,defense,strength_weighted,APD,61,244,88,262
latest_0718,defense,strength_weighted,ET,62,226,93,242
latest_0718,defense,strength_weighted,RYCEY,63,244,94,238
latest_0718,defense,strength_weighted,ASMIY,64,223,111,224
latest_0718,defense,strength_weighted,AMZN,65,217,107,210
latest_0718,defense,strength_weighted,ENS,66,230,108,209
latest_0718,defense,strength_weighted,MICLF,67,226,117,199
latest_0718,defense,strength_weighted,PWR,68,221,103,188
latest_0718,defense,strength_weighted,CEG,69,207,108,188
latest_0718,defense,strength_weighted,NVT,70,227,120,185
latest_0718,defense,strength_weighted,POWL,71,210,120,182
latest_0718,defense,strength_weighted,CAT,72,214,133,177
latest_0718,defense,strength_weighted,MPWR,73,212,126,169
latest_0718,defense,strength_weighted,AMAT,74,206,124,166
latest_0718,defense,strength_weighted,P,75,211,125,162
latest_0718,defense,strength_weighted,NOK,76,223,123,159
latest_0718,defense,strength_weighted,MMM,77,210,114,159
latest_0718,defense,strength_weighted,DLR,78,203,112,159
latest_0718,defense,strength_weighted,UMC,79,220,124,158
latest_0718,defense,strength_weighted,EQIX,80,202,129,154
latest_0718,defense,strength_weighted,GEV,81,172,83,154
latest_0718,defense,strength_weighted,NVMI,82,214,141,141
latest_0718,defense,strength_weighted,BABA,83,195,123,137
latest_0718,defense,strength_weighted,VST,84,195,138,133
latest_0718,defense,strength_weighted,LRCX,85,201,156,130
latest_0718,defense,strength_weighted,ASGLY,86,193,109,127
latest_0718,defense,strength_weighted,CARR,87,207,149,115
latest_0718,defense,strength_weighted,ATEYY,88,204,147,114
latest_0718,defense,strength_weighted,AEIS,89,183,150,85
latest_0718,defense,strength_weighted,TER,90,180,152,83
latest_0718,defense,strength_weighted,ACLS,91,194,146,78
latest_0718,defense,strength_weighted,IFNNY,92,180,159,69
latest_0718,defense,strength_weighted,TOELY,93,163,150,64
latest_0718,defense,strength_weighted,FIX,94,177,168,41
latest_0718,defense,strength_weighted,ROG,95,199,164,37
latest_0718,defense,strength_weighted,KLIC,96,188,174,33
latest_0718,defense,strength_weighted,GFS,97,159,163,32
latest_0718,defense,strength_weighted,ONTO,98,172,182,28
latest_0718,defense,strength_weighted,MU,99,158,158,18
latest_0718,defense,strength_weighted,POWI,100,182,172,16
latest_0718,defense,strength_weighted,VRT,101,142,181,0
latest_0718,defense,strength_weighted,BELFB,102,162,180,-13
latest_0718,defense,strength_weighted,CAMT,103,165,189,-28
latest_0718,defense,strength_weighted,JBL,104,157,185,-33
latest_0718,defense,strength_weighted,IESC,105,158,191,-34
latest_0718,defense,strength_weighted,SKHY,106,131,180,-37
latest_0718,defense,strength_weighted,GNRC,107,150,194,-41
latest_0718,defense,strength_weighted,FN,108,108,152,-45
latest_0718,defense,strength_weighted,Q,109,136,180,-50
latest_0718,defense,strength_weighted,CRWD,110,132,178,-53
latest_0718,defense,strength_weighted,ON,111,148,195,-59
latest_0718,defense,strength_weighted,HPE,112,153,197,-60
latest_0718,defense,strength_weighted,DIOD,113,144,182,-61
latest_0718,defense,strength_weighted,CRDO,114,146,191,-65
latest_0718,defense,strength_weighted,ENTG,115,108,186,-86
latest_0718,defense,strength_weighted,SANM,116,113,198,-97
latest_0718,defense,strength_weighted,ST,117,118,196,-98
latest_0718,defense,strength_weighted,DELL,118,145,209,-103
latest_0718,defense,strength_weighted,ASMVY,119,139,206,-111
latest_0718,defense,strength_weighted,STM,120,142,211,-119
latest_0718,defense,strength_weighted,MYRG,121,129,202,-120
latest_0718,defense,strength_weighted,MCHP,122,121,223,-131
latest_0718,defense,strength_weighted,GLW,123,129,220,-134
latest_0718,defense,strength_weighted,AMD,124,131,222,-135
latest_0718,defense,strength_weighted,MTSI,125,135,214,-139
latest_0718,defense,strength_weighted,SIMO,126,130,221,-143
latest_0718,defense,strength_weighted,TSEM,127,107,222,-143
latest_0718,defense,strength_weighted,VISN,128,121,219,-150
latest_0718,defense,strength_weighted,MOD,129,123,222,-151
latest_0718,defense,strength_weighted,ATKR,130,99,221,-155
latest_0718,defense,strength_weighted,BESIY,131,130,236,-161
latest_0718,defense,strength_weighted,VECO,132,111,230,-168
latest_0718,defense,strength_weighted,WDC,133,122,229,-172
latest_0718,defense,strength_weighted,FORM,134,104,223,-175
latest_0718,defense,strength_weighted,SNDK,135,127,225,-179
latest_0718,defense,strength_weighted,FLEX,136,105,231,-188
latest_0718,defense,strength_weighted,BDC,137,115,223,-194
latest_0718,defense,strength_weighted,CLS,138,106,231,-194
latest_0718,defense,strength_weighted,ASX,139,110,242,-203
latest_0718,defense,strength_weighted,COHU,140,63,196,-208
latest_0718,defense,strength_weighted,MTRN,141,107,237,-228
latest_0718,defense,strength_weighted,MRVL,142,108,239,-236
latest_0718,defense,strength_weighted,AMKR,143,104,254,-266
latest_0718,defense,strength_weighted,VSH,144,102,255,-272
latest_0718,defense,strength_weighted,ORCL,145,90,260,-282
latest_0718,defense,strength_weighted,VIAV,146,98,255,-286
latest_0718,defense,strength_weighted,SOMMY,147,89,254,-290
latest_0718,defense,strength_weighted,CIEN,148,94,260,-293
latest_0718,defense,strength_weighted,STX,149,93,268,-298
latest_0718,defense,strength_weighted,MKSI,150,76,269,-324
latest_0718,defense,strength_weighted,ARM,151,83,280,-336
latest_0718,defense,strength_weighted,IMOS,152,88,274,-340
latest_0718,defense,strength_weighted,SMTC,153,90,275,-351
latest_0718,defense,strength_weighted,SITM,154,76,276,-353
latest_0718,defense,strength_weighted,ACMR,155,81,283,-354
latest_0718,defense,strength_weighted,VICR,156,80,279,-357
latest_0718,defense,strength_weighted,PENG,157,78,276,-362
latest_0718,defense,strength_weighted,AAON,158,76,276,-374
latest_0718,defense,strength_weighted,ALAB,159,71,275,-375
latest_0718,defense,strength_weighted,LITE,160,73,285,-387
latest_0718,defense,strength_weighted,ENPH,161,66,293,-392
latest_0718,defense,strength_weighted,UCTT,162,74,290,-395
latest_0718,defense,strength_weighted,PSIX,163,55,281,-406
latest_0718,defense,strength_weighted,ICHR,164,65,290,-418
latest_0718,defense,strength_weighted,TSLA,165,67,304,-441
latest_0718,defense,strength_weighted,COHR,166,60,302,-452
latest_0718,defense,strength_weighted,MRAM,167,49,320,-510
latest_0718,defense,strength_weighted,SMCI,168,45,318,-513
latest_0718,defense,strength_weighted,INTC,169,42,318,-522
latest_0718,defense,strength_weighted,AOSL,170,46,323,-531
latest_0718,defense,strength_weighted,AXTI,171,41,331,-545
latest_0718,defense,strength_weighted,CC,172,26,333,-547
latest_0718,defense,strength_weighted,BE,173,34,332,-552
latest_0718,defense,strength_weighted,MXL,174,33,335,-590
latest_0718,defense,strength_weighted,FLNC,175,26,349,-598
latest_0718,defense,strength_weighted,AEHR,176,28,347,-623
latest_0718,defense,strength_weighted,AAOI,177,22,345,-625
latest_0718,defense,strength_weighted,RKLB,178,21,352,-630
latest_0718,defense,strength_weighted,TE,179,15,359,-640
latest_0718,defense,strength_weighted,AMPX,180,19,354,-643
latest_0718,defense,strength_weighted,SMR,181,27,353,-647
latest_0718,defense,strength_weighted,CBRS,182,28,352,-651
latest_0718,defense,strength_weighted,NVTS,183,17,360,-662
latest_0718,defense,strength_weighted,POET,184,20,360,-665
latest_0718,defense,strength_weighted,NBIS,185,15,358,-668
latest_0718,defense,strength_weighted,CRWV,186,15,361,-669
latest_0718,defense,strength_weighted,IREN,187,14,360,-671
latest_0718,defense,strength_weighted,FCEL,188,14,365,-690
latest_0718,defense,strength_weighted,WOLF,189,13,364,-697
latest_0718,defense,strength_weighted,OKLO,190,10,362,-697
latest_0718,defense,strength_weighted,LWLG,191,10,367,-704
latest_0718,defense,strength_weighted,APLD,192,5,368,-707
latest_0718,explosion,both,AAOI,1,346,7,339
latest_0718,explosion,both,AMD,2,351,16,335
latest_0718,explosion,both,MU,3,335,8,327
latest_0718,explosion,both,NBIS,4,342,16,326
latest_0718,explosion,both,CRWV,5,334,13,321
latest_0718,explosion,both,CRDO,6,320,9,311
latest_0718,explosion,both,SKHY,7,319,13,306
latest_0718,explosion,both,ALAB,8,323,26,297
latest_0718,explosion,both,GEV,9,306,12,294
latest_0718,explosion,both,LITE,10,328,36,292
latest_0718,explosion,both,VICR,11,323,32,291
latest_0718,explosion,both,TSM,12,325,37,288
latest_0718,explosion,both,SNDK,13,308,21,287
latest_0718,explosion,both,AVGO,14,323,38,285
latest_0718,explosion,both,TSEM,15,307,27,280
latest_0718,explosion,both,MOD,16,312,34,278
latest_0718,explosion,both,MRVL,17,310,34,276
latest_0718,explosion,both,VRT,18,286,10,276
latest_0718,explosion,both,IREN,19,316,42,274
latest_0718,explosion,both,APLD,20,309,38,271
latest_0718,explosion,both,COHR,21,292,21,271
latest_0718,explosion,both,CBRS,22,305,35,270
latest_0718,explosion,both,BE,23,315,48,267
latest_0718,explosion,both,NVDA,24,288,28,260
latest_0718,explosion,both,TER,25,294,41,253
latest_0718,explosion,both,AAON,26,278,25,253
latest_0718,explosion,both,CLS,27,277,36,241
latest_0718,explosion,both,SITM,28,287,51,236
latest_0718,explosion,both,PWR,29,289,57,232
latest_0718,explosion,both,BESIY,30,299,72,227
latest_0718,explosion,both,POWL,31,280,62,218
latest_0718,explosion,both,AXTI,32,281,65,216
latest_0718,explosion,both,ORCL,33,280,68,212
latest_0718,explosion,both,MTSI,34,278,68,210
latest_0718,explosion,both,CAMT,35,271,62,209
latest_0718,explosion,both,DSCSY,36,264,55,209
latest_0718,explosion,both,AEHR,37,266,63,203
latest_0718,explosion,both,ONTO,38,269,82,187
latest_0718,explosion,both,ASMIY,39,254,69,185
latest_0718,explosion,both,ASMVY,40,267,85,182
latest_0718,explosion,both,VECO,41,254,73,181
latest_0718,explosion,both,NVMI,42,267,87,180
latest_0718,explosion,both,SMTC,43,266,87,179
latest_0718,explosion,both,ACMR,44,264,85,179
latest_0718,explosion,both,CIEN,45,255,76,179
latest_0718,explosion,both,SIMO,46,258,80,178
latest_0718,explosion,both,NVT,47,255,87,168
latest_0718,explosion,both,MPWR,48,259,93,166
latest_0718,explosion,both,PENG,49,260,96,164
latest_0718,explosion,both,ATEYY,50,265,103,162
latest_0718,explosion,both,IFNNY,51,255,93,162
latest_0718,explosion,both,SMCI,52,256,95,161
latest_0718,explosion,both,ASML,53,252,94,158
latest_0718,explosion,both,FN,54,235,77,158
latest_0718,explosion,both,STX,55,252,97,155
latest_0718,explosion,both,ASX,56,248,95,153
latest_0718,explosion,both,MXL,57,222,74,148
latest_0718,explosion,both,FIX,58,254,109,145
latest_0718,explosion,both,AEIS,59,241,110,131
latest_0718,explosion,both,ANET,60,225,103,122
latest_0718,explosion,both,WDC,61,238,118,120
latest_0718,explosion,both,VST,62,230,111,119
latest_0718,explosion,both,KLAC,63,228,111,117
latest_0718,explosion,both,IESC,64,239,123,116
latest_0718,explosion,both,AMAT,65,230,116,114
latest_0718,explosion,both,TSLA,66,228,122,106
latest_0718,explosion,both,GLW,67,229,126,103
latest_0718,explosion,both,RKLB,68,222,122,100
latest_0718,explosion,both,COHU,69,202,111,91
latest_0718,explosion,both,AMPX,70,223,137,86
latest_0718,explosion,both,FLNC,71,219,138,81
latest_0718,explosion,both,DELL,72,219,142,77
latest_0718,explosion,both,GOOGL,73,217,143,74
latest_0718,explosion,both,LRCX,74,213,145,68
latest_0718,explosion,both,AMKR,75,212,147,65
latest_0718,explosion,both,ICHR,76,213,152,61
latest_0718,explosion,both,ARM,77,209,149,60
latest_0718,explosion,both,AMZN,78,195,136,59
latest_0718,explosion,both,PSIX,79,176,117,59
latest_0718,explosion,both,GNRC,80,205,152,53
latest_0718,explosion,both,FORM,81,181,136,45
latest_0718,explosion,both,KLIC,82,197,155,42
latest_0718,explosion,both,ETN,83,193,157,36
latest_0718,explosion,both,MKSI,84,188,155,33
latest_0718,explosion,both,BABA,85,191,162,29
latest_0718,explosion,both,APH,86,192,164,28
latest_0718,explosion,both,RMBS,87,187,159,28
latest_0718,explosion,both,META,88,190,166,24
latest_0718,explosion,both,TOELY,89,175,153,22
latest_0718,explosion,both,ENTG,90,159,142,17
latest_0718,explosion,both,CAT,91,190,177,13
latest_0718,explosion,both,CEG,92,167,157,10
latest_0718,explosion,both,JBL,93,180,173,7
latest_0718,explosion,both,VIAV,94,176,171,5
latest_0718,explosion,both,MICLF,95,177,184,-7
latest_0718,explosion,both,UCTT,96,177,189,-12
latest_0718,explosion,both,EME,97,176,188,-12
latest_0718,explosion,both,MYRG,98,170,182,-12
latest_0718,explosion,both,P,99,163,177,-14
latest_0718,explosion,both,SANM,100,148,175,-27
latest_0718,explosion,both,MSFT,101,166,194,-28
latest_0718,explosion,both,TE,102,166,195,-29
latest_0718,explosion,both,KEYS,103,164,193,-29
latest_0718,explosion,both,QCOM,104,161,194,-33
latest_0718,explosion,both,RYCEY,105,159,193,-34
latest_0718,explosion,both,Q,106,131,168,-37
latest_0718,explosion,both,HUBB,107,148,191,-43
latest_0718,explosion,both,ABBNY,108,156,202,-46
latest_0718,explosion,both,BWXT,109,149,196,-47
latest_0718,explosion,both,FLEX,110,147,194,-47
latest_0718,explosion,both,TEL,111,152,204,-52
latest_0718,explosion,both,TT,112,138,191,-53
latest_0718,explosion,both,CRWD,113,147,205,-58
latest_0718,explosion,both,MCHP,114,147,205,-58
latest_0718,explosion,both,JCI,115,149,209,-60
latest_0718,explosion,both,POET,116,146,208,-62
latest_0718,explosion,both,MRAM,117,151,217,-66
latest_0718,explosion,both,HTHIY,118,147,216,-69
latest_0718,explosion,both,STM,119,143,212,-69
latest_0718,explosion,both,NVTS,120,142,211,-69
latest_0718,explosion,both,MTRN,121,144,216,-72
latest_0718,explosion,both,ACLS,122,138,211,-73
latest_0718,explosion,both,CARR,123,147,221,-74
latest_0718,explosion,both,ADI,124,139,214,-75
latest_0718,explosion,both,SMTOY,125,137,215,-78
latest_0718,explosion,both,DLR,126,136,215,-79
latest_0718,explosion,both,HPE,127,138,226,-88
latest_0718,explosion,both,TTDKY,128,131,220,-89
latest_0718,explosion,both,ON,129,131,221,-90
latest_0718,explosion,both,MRAAY,130,133,228,-95
latest_0718,explosion,both,LFUS,131,133,230,-97
latest_0718,explosion,both,CMI,132,129,231,-102
latest_0718,explosion,both,OKLO,133,127,237,-110
latest_0718,explosion,both,GFS,134,122,234,-112
latest_0718,explosion,both,BELFB,135,123,240,-117
latest_0718,explosion,both,IMOS,136,120,237,-117
latest_0718,explosion,both,INTC,137,113,235,-122
latest_0718,explosion,both,MIELY,138,113,236,-123
latest_0718,explosion,both,CDNS,139,119,244,-125
latest_0718,explosion,both,WOLF,140,116,255,-139
latest_0718,explosion,both,NTNX,141,106,249,-143
latest_0718,explosion,both,HOCPY,142,85,229,-144
latest_0718,explosion,both,AJNMY,143,96,254,-158
latest_0718,explosion,both,ST,144,69,229,-160
latest_0718,explosion,both,SMR,145,100,264,-164
latest_0718,explosion,both,AOSL,146,98,262,-164
latest_0718,explosion,both,SNPS,147,99,265,-166
latest_0718,explosion,both,VISN,148,94,263,-169
latest_0718,explosion,both,EQIX,149,93,267,-174
latest_0718,explosion,both,SHECY,150,89,264,-175
latest_0718,explosion,both,UMC,151,87,264,-177
latest_0718,explosion,both,DIOD,152,77,262,-185
latest_0718,explosion,both,ADBE,153,84,270,-186
latest_0718,explosion,both,VSH,154,88,275,-187
latest_0718,explosion,both,ENS,155,79,269,-190
latest_0718,explosion,both,CSCO,156,68,262,-194
latest_0718,explosion,both,NOK,157,85,281,-196
latest_0718,explosion,both,MSI,158,81,278,-197
latest_0718,explosion,both,FCEL,159,75,285,-210
latest_0718,explosion,both,POWI,160,75,287,-212
latest_0718,explosion,both,ENPH,161,69,287,-218
latest_0718,explosion,both,TDY,162,70,294,-224
latest_0718,explosion,both,PH,163,55,293,-238
latest_0718,explosion,both,NDSN,164,60,301,-241
latest_0718,explosion,both,ECL,165,60,306,-246
latest_0718,explosion,both,CC,166,57,305,-248
latest_0718,explosion,both,DOV,167,56,305,-249
latest_0718,explosion,both,ETR,168,57,308,-251
latest_0718,explosion,both,TXN,169,53,304,-251
latest_0718,explosion,both,ET,170,53,305,-252
latest_0718,explosion,both,IBM,171,41,298,-257
latest_0718,explosion,both,BDC,172,34,307,-273
latest_0718,explosion,both,PLAB,173,44,318,-274
latest_0718,explosion,both,DKILY,174,39,315,-276
latest_0718,explosion,both,ATKR,175,43,320,-277
latest_0718,explosion,both,ASGLY,176,39,318,-279
latest_0718,explosion,both,LWLG,177,44,326,-282
latest_0718,explosion,both,DHR,178,38,331,-293
latest_0718,explosion,both,ROG,179,33,328,-295
latest_0718,explosion,both,DCI,180,30,331,-301
latest_0718,explosion,both,AEP,181,29,330,-301
latest_0718,explosion,both,TMO,182,19,333,-314
latest_0718,explosion,both,NTAP,183,27,343,-316
latest_0718,explosion,both,ALLE,184,20,343,-323
latest_0718,explosion,both,DD,185,21,348,-327
latest_0718,explosion,both,SOMMY,186,20,347,-327
latest_0718,explosion,both,FTV,187,20,352,-332
latest_0718,explosion,both,LIN,188,15,350,-335
latest_0718,explosion,both,DTE,189,14,357,-343
latest_0718,explosion,both,APD,190,12,355,-343
latest_0718,explosion,both,PNR,191,9,355,-346
latest_0718,explosion,both,MMM,192,3,362,-359
latest_0718,explosion,self_only,NBIS,1,177,3,174
latest_0718,explosion,self_only,AMD,2,174,12,162
latest_0718,explosion,self_only,AAOI,3,166,4,162
latest_0718,explosion,self_only,CBRS,4,165,7,158
latest_0718,explosion,self_only,CRWV,5,165,8,157
latest_0718,explosion,self_only,TSEM,6,154,7,147
latest_0718,explosion,self_only,VICR,7,162,20,142
latest_0718,explosion,self_only,APLD,8,156,16,140
latest_0718,explosion,self_only,MU,9,146,7,139
latest_0718,explosion,self_only,GEV,10,141,2,139
latest_0718,explosion,self_only,ALAB,11,156,19,137
latest_0718,explosion,self_only,CRDO,12,139,9,130
latest_0718,explosion,self_only,IREN,13,157,30,127
latest_0718,explosion,self_only,PWR,14,151,28,123
latest_0718,explosion,self_only,TSM,15,151,30,121
latest_0718,explosion,self_only,SKHY,16,133,12,121
latest_0718,explosion,self_only,LITE,17,151,34,117
latest_0718,explosion,self_only,MRVL,18,140,28,112
latest_0718,explosion,self_only,AEHR,19,135,23,112
latest_0718,explosion,self_only,SNDK,20,128,17,111
latest_0718,explosion,self_only,VRT,21,114,4,110
latest_0718,explosion,self_only,MOD,22,138,30,108
latest_0718,explosion,self_only,SITM,23,136,28,108
latest_0718,explosion,self_only,TER,24,136,28,108
latest_0718,explosion,self_only,AVGO,25,141,37,104
latest_0718,explosion,self_only,CLS,26,119,17,102
latest_0718,explosion,self_only,COHR,27,118,16,102
latest_0718,explosion,self_only,AAON,28,116,14,102
latest_0718,explosion,self_only,BE,29,142,46,96
latest_0718,explosion,self_only,FN,30,113,22,91
latest_0718,explosion,self_only,DSCSY,31,115,29,86
latest_0718,explosion,self_only,MTSI,32,131,46,85
latest_0718,explosion,self_only,AXTI,33,130,45,85
latest_0718,explosion,self_only,SIMO,34,125,40,85
latest_0718,explosion,self_only,CAMT,35,116,42,74
latest_0718,explosion,self_only,MXL,36,100,26,74
latest_0718,explosion,self_only,NVDA,37,100,28,72
latest_0718,explosion,self_only,SMTC,38,126,56,70
latest_0718,explosion,self_only,ASMIY,39,109,40,69
latest_0718,explosion,self_only,BESIY,40,128,63,65
latest_0718,explosion,self_only,POWL,41,116,53,63
latest_0718,explosion,self_only,NVMI,42,120,60,60
latest_0718,explosion,self_only,ASMVY,43,118,60,58
latest_0718,explosion,self_only,ACMR,44,116,61,55
latest_0718,explosion,self_only,IFNNY,45,115,62,53
latest_0718,explosion,self_only,ORCL,46,113,62,51
latest_0718,explosion,self_only,CIEN,47,106,56,50
latest_0718,explosion,self_only,PENG,48,116,67,49
latest_0718,explosion,self_only,SMCI,49,115,66,49
latest_0718,explosion,self_only,ASX,50,108,59,49
latest_0718,explosion,self_only,VECO,51,101,52,49
latest_0718,explosion,self_only,STX,52,116,68,48
latest_0718,explosion,self_only,ASML,53,109,62,47
latest_0718,explosion,self_only,COHU,54,92,45,47
latest_0718,explosion,self_only,AEIS,55,110,67,43
latest_0718,explosion,self_only,FLNC,56,112,71,41
latest_0718,explosion,self_only,GLW,57,111,72,39
latest_0718,explosion,self_only,MPWR,58,108,74,34
latest_0718,explosion,self_only,ONTO,59,104,71,33
latest_0718,explosion,self_only,NVT,60,102,73,29
latest_0718,explosion,self_only,WDC,61,103,82,21
latest_0718,explosion,self_only,AMPX,62,100,88,12
latest_0718,explosion,self_only,ICHR,63,98,90,8
latest_0718,explosion,self_only,KLAC,64,86,80,6
latest_0718,explosion,self_only,VST,65,85,79,6
latest_0718,explosion,self_only,FIX,66,96,93,3
latest_0718,explosion,self_only,ANET,67,81,78,3
latest_0718,explosion,self_only,DELL,68,96,95,1
latest_0718,explosion,self_only,ATEYY,69,95,95,0
latest_0718,explosion,self_only,AMAT,70,90,90,0
latest_0718,explosion,self_only,TSLA,71,90,96,-6
latest_0718,explosion,self_only,PSIX,72,54,60,-6
latest_0718,explosion,self_only,RKLB,73,83,90,-7
latest_0718,explosion,self_only,ENTG,74,59,66,-7
latest_0718,explosion,self_only,AMKR,75,86,97,-11
latest_0718,explosion,self_only,MRAM,76,89,101,-12
latest_0718,explosion,self_only,GNRC,77,88,100,-12
latest_0718,explosion,self_only,ST,78,53,65,-12
latest_0718,explosion,self_only,IESC,79,84,102,-18
latest_0718,explosion,self_only,CAT,80,82,105,-23
latest_0718,explosion,self_only,JBL,81,76,108,-32
latest_0718,explosion,self_only,RMBS,82,72,104,-32
latest_0718,explosion,self_only,MKSI,83,66,99,-33
latest_0718,explosion,self_only,POET,84,76,110,-34
latest_0718,explosion,self_only,ARM,85,74,111,-37
latest_0718,explosion,self_only,KLIC,86,72,109,-37
latest_0718,explosion,self_only,P,87,64,102,-38
latest_0718,explosion,self_only,WOLF,88,74,114,-40
latest_0718,explosion,self_only,APH,89,74,115,-41
latest_0718,explosion,self_only,OKLO,90,73,116,-43
latest_0718,explosion,self_only,VIAV,91,63,106,-43
latest_0718,explosion,self_only,STM,92,67,111,-44
latest_0718,explosion,self_only,MCHP,93,65,111,-46
latest_0718,explosion,self_only,Q,94,37,83,-46
latest_0718,explosion,self_only,QCOM,95,69,119,-50
latest_0718,explosion,self_only,ON,96,65,117,-52
latest_0718,explosion,self_only,KEYS,97,62,115,-53
latest_0718,explosion,self_only,TE,98,66,121,-55
latest_0718,explosion,self_only,MICLF,99,64,120,-56
latest_0718,explosion,self_only,GFS,100,62,119,-57
latest_0718,explosion,self_only,AMZN,101,51,110,-59
latest_0718,explosion,self_only,FORM,102,40,100,-60
latest_0718,explosion,self_only,GOOGL,103,62,123,-61
latest_0718,explosion,self_only,LRCX,104,62,123,-61
latest_0718,explosion,self_only,UCTT,105,59,123,-64
latest_0718,explosion,self_only,ADI,106,58,124,-66
latest_0718,explosion,self_only,BABA,107,57,124,-67
latest_0718,explosion,self_only,MTRN,108,56,124,-68
latest_0718,explosion,self_only,MYRG,109,55,125,-70
latest_0718,explosion,self_only,TEL,110,53,125,-72
latest_0718,explosion,self_only,SMTOY,111,54,127,-73
latest_0718,explosion,self_only,DLR,112,51,126,-75
latest_0718,explosion,self_only,ACLS,113,50,127,-77
latest_0718,explosion,self_only,LFUS,114,55,133,-78
latest_0718,explosion,self_only,MRAAY,115,54,134,-80
latest_0718,explosion,self_only,NVTS,116,50,130,-80
latest_0718,explosion,self_only,CDNS,117,53,136,-83
latest_0718,explosion,self_only,ETN,118,50,134,-84
latest_0718,explosion,self_only,INTC,119,50,134,-84
latest_0718,explosion,self_only,IMOS,120,46,131,-85
latest_0718,explosion,self_only,HOCPY,121,27,112,-85
latest_0718,explosion,self_only,SANM,122,31,118,-87
latest_0718,explosion,self_only,NTNX,123,49,137,-88
latest_0718,explosion,self_only,FCEL,124,46,134,-88
latest_0718,explosion,self_only,AJNMY,125,45,134,-89
latest_0718,explosion,self_only,ABBNY,126,47,139,-92
latest_0718,explosion,self_only,JCI,127,47,139,-92
latest_0718,explosion,self_only,SMR,128,47,139,-92
latest_0718,explosion,self_only,UMC,129,45,139,-94
latest_0718,explosion,self_only,CARR,130,47,144,-97
latest_0718,explosion,self_only,RYCEY,131,43,140,-97
latest_0718,explosion,self_only,VISN,132,42,139,-97
latest_0718,explosion,self_only,HUBB,133,37,134,-97
latest_0718,explosion,self_only,BWXT,134,35,132,-97
latest_0718,explosion,self_only,MIELY,135,40,141,-101
latest_0718,explosion,self_only,META,136,39,144,-105
latest_0718,explosion,self_only,TTDKY,137,37,143,-106
latest_0718,explosion,self_only,TOELY,138,25,131,-106
latest_0718,explosion,self_only,HPE,139,40,149,-109
latest_0718,explosion,self_only,MSI,140,37,147,-110
latest_0718,explosion,self_only,CEG,141,20,132,-112
latest_0718,explosion,self_only,HTHIY,142,36,149,-113
latest_0718,explosion,self_only,FLEX,143,28,142,-114
latest_0718,explosion,self_only,EME,144,37,152,-115
latest_0718,explosion,self_only,ADBE,145,36,151,-115
latest_0718,explosion,self_only,BELFB,146,36,151,-115
latest_0718,explosion,self_only,CRWD,147,33,148,-115
latest_0718,explosion,self_only,NOK,148,35,151,-116
latest_0718,explosion,self_only,IBM,149,23,141,-118
latest_0718,explosion,self_only,ETR,150,34,154,-120
latest_0718,explosion,self_only,CC,151,28,150,-122
latest_0718,explosion,self_only,CMI,152,31,154,-123
latest_0718,explosion,self_only,TT,153,22,146,-124
latest_0718,explosion,self_only,VSH,154,31,156,-125
latest_0718,explosion,self_only,TDY,155,32,158,-126
latest_0718,explosion,self_only,SHECY,156,27,156,-129
latest_0718,explosion,self_only,ET,157,25,154,-129
latest_0718,explosion,self_only,SNPS,158,29,159,-130
latest_0718,explosion,self_only,POWI,159,30,161,-131
latest_0718,explosion,self_only,CSCO,160,13,144,-131
latest_0718,explosion,self_only,DOV,161,28,161,-133
latest_0718,explosion,self_only,ECL,162,27,163,-136
latest_0718,explosion,self_only,TXN,163,21,160,-139
latest_0718,explosion,self_only,NDSN,164,25,166,-141
latest_0718,explosion,self_only,DHR,165,23,166,-143
latest_0718,explosion,self_only,ALLE,166,19,162,-143
latest_0718,explosion,self_only,AEP,167,15,159,-144
latest_0718,explosion,self_only,MSFT,168,22,168,-146
latest_0718,explosion,self_only,AOSL,169,19,165,-146
latest_0718,explosion,self_only,ENS,170,15,161,-146
latest_0718,explosion,self_only,EQIX,171,20,170,-150
latest_0718,explosion,self_only,DCI,172,17,169,-152
latest_0718,explosion,self_only,ENPH,173,16,168,-152
latest_0718,explosion,self_only,ASGLY,174,14,166,-152
latest_0718,explosion,self_only,PLAB,175,18,171,-153
latest_0718,explosion,self_only,DIOD,176,6,160,-154
latest_0718,explosion,self_only,FTV,177,17,172,-155
latest_0718,explosion,self_only,BDC,178,3,161,-158
latest_0718,explosion,self_only,ATKR,179,15,174,-159
latest_0718,explosion,self_only,LWLG,180,14,174,-160
latest_0718,explosion,self_only,PH,181,10,171,-161
latest_0718,explosion,self_only,TMO,182,7,169,-162
latest_0718,explosion,self_only,LIN,183,11,178,-167
latest_0718,explosion,self_only,PNR,184,4,176,-172
latest_0718,explosion,self_only,NTAP,185,9,182,-173
latest_0718,explosion,self_only,DTE,186,5,178,-173
latest_0718,explosion,self_only,DD,187,7,182,-175
latest_0718,explosion,self_only,MMM,188,2,179,-177
latest_0718,explosion,self_only,ROG,189,2,182,-180
latest_0718,explosion,self_only,DKILY,190,1,182,-181
latest_0718,explosion,self_only,APD,191,1,184,-183
latest_0718,explosion,self_only,SOMMY,192,0,184,-184
latest_0718,explosion,other_only,MU,1,189,1,188
latest_0718,explosion,other_only,NVDA,2,188,0,188
latest_0718,explosion,other_only,SKHY,3,186,1,185
latest_0718,explosion,other_only,AVGO,4,182,1,181
latest_0718,explosion,other_only,CRDO,5,181,0,181
latest_0718,explosion,other_only,AAOI,6,180,3,177
latest_0718,explosion,other_only,SNDK,7,180,4,176
latest_0718,explosion,other_only,LITE,8,177,2,175
latest_0718,explosion,other_only,AMD,9,177,4,173
latest_0718,explosion,other_only,BE,10,173,2,171
latest_0718,explosion,other_only,MOD,11,174,4,170
latest_0718,explosion,other_only,COHR,12,174,5,169
latest_0718,explosion,other_only,TSM,13,174,7,167
latest_0718,explosion,other_only,VRT,14,172,6,166
latest_0718,explosion,other_only,MRVL,15,170,6,164
latest_0718,explosion,other_only,CRWV,16,169,5,164
latest_0718,explosion,other_only,BESIY,17,171,9,162
latest_0718,explosion,other_only,ATEYY,18,170,8,162
latest_0718,explosion,other_only,ORCL,19,167,6,161
latest_0718,explosion,other_only,ALAB,20,167,7,160
latest_0718,explosion,other_only,GEV,21,165,10,155
latest_0718,explosion,other_only,POWL,22,164,9,155
latest_0718,explosion,other_only,ONTO,23,165,11,154
latest_0718,explosion,other_only,NBIS,24,165,13,152
latest_0718,explosion,other_only,AAON,25,162,11,151
latest_0718,explosion,other_only,VICR,26,161,12,149
latest_0718,explosion,other_only,IREN,27,159,12,147
latest_0718,explosion,other_only,TER,28,158,13,145
latest_0718,explosion,other_only,FIX,29,158,16,142
latest_0718,explosion,other_only,CLS,30,158,19,139
latest_0718,explosion,other_only,NVT,31,153,14,139
latest_0718,explosion,other_only,CAMT,32,155,20,135
latest_0718,explosion,other_only,GOOGL,33,155,20,135
latest_0718,explosion,other_only,IESC,34,155,21,134
latest_0718,explosion,other_only,TSEM,35,153,20,133
latest_0718,explosion,other_only,VECO,36,153,21,132
latest_0718,explosion,other_only,MPWR,37,151,19,132
latest_0718,explosion,other_only,APLD,38,153,22,131
latest_0718,explosion,other_only,AXTI,39,151,20,131
latest_0718,explosion,other_only,LRCX,40,151,22,129
latest_0718,explosion,other_only,META,41,151,22,129
latest_0718,explosion,other_only,CIEN,42,149,20,129
latest_0718,explosion,other_only,SITM,43,151,23,128
latest_0718,explosion,other_only,TOELY,44,150,22,128
latest_0718,explosion,other_only,MTSI,45,147,22,125
latest_0718,explosion,other_only,ASMVY,46,149,25,124
latest_0718,explosion,other_only,ACMR,47,148,24,124
latest_0718,explosion,other_only,DSCSY,48,149,26,123
latest_0718,explosion,other_only,CEG,49,147,25,122
latest_0718,explosion,other_only,NVMI,50,147,27,120
latest_0718,explosion,other_only,ETN,51,143,23,120
latest_0718,explosion,other_only,ANET,52,144,25,119
latest_0718,explosion,other_only,AMZN,53,144,26,118
latest_0718,explosion,other_only,MSFT,54,144,26,118
latest_0718,explosion,other_only,ASMIY,55,145,29,116
latest_0718,explosion,other_only,PENG,56,144,29,115
latest_0718,explosion,other_only,AMAT,57,140,26,114
latest_0718,explosion,other_only,VST,58,145,32,113
latest_0718,explosion,other_only,SMCI,59,141,29,112
latest_0718,explosion,other_only,CBRS,60,140,28,112
latest_0718,explosion,other_only,TSLA,61,138,26,112
latest_0718,explosion,other_only,ASML,62,143,32,111
latest_0718,explosion,other_only,KLAC,63,142,31,111
latest_0718,explosion,other_only,IFNNY,64,140,31,109
latest_0718,explosion,other_only,SMTC,65,140,31,109
latest_0718,explosion,other_only,PWR,66,138,29,109
latest_0718,explosion,other_only,RKLB,67,139,32,107
latest_0718,explosion,other_only,STX,68,136,29,107
latest_0718,explosion,other_only,FORM,69,141,36,105
latest_0718,explosion,other_only,ASX,70,140,36,104
latest_0718,explosion,other_only,EME,71,139,36,103
latest_0718,explosion,other_only,WDC,72,135,36,99
latest_0718,explosion,other_only,ARM,73,135,38,97
latest_0718,explosion,other_only,BABA,74,134,38,96
latest_0718,explosion,other_only,SIMO,75,133,40,93
latest_0718,explosion,other_only,AEHR,76,131,40,91
latest_0718,explosion,other_only,AEIS,77,131,43,88
latest_0718,explosion,other_only,KLIC,78,125,46,79
latest_0718,explosion,other_only,AMKR,79,126,50,76
latest_0718,explosion,other_only,DELL,80,123,47,76
latest_0718,explosion,other_only,AMPX,81,123,49,74
latest_0718,explosion,other_only,MXL,82,122,48,74
latest_0718,explosion,other_only,TT,83,116,45,71
latest_0718,explosion,other_only,APH,84,118,49,69
latest_0718,explosion,other_only,FN,85,122,55,67
latest_0718,explosion,other_only,FLEX,86,119,52,67
latest_0718,explosion,other_only,MKSI,87,122,56,66
latest_0718,explosion,other_only,PSIX,88,122,57,65
latest_0718,explosion,other_only,GNRC,89,117,52,65
latest_0718,explosion,other_only,GLW,90,118,54,64
latest_0718,explosion,other_only,RYCEY,91,116,53,63
latest_0718,explosion,other_only,SANM,92,117,57,60
latest_0718,explosion,other_only,RMBS,93,115,55,60
latest_0718,explosion,other_only,MYRG,94,115,57,58
latest_0718,explosion,other_only,CRWD,95,114,57,57
latest_0718,explosion,other_only,HUBB,96,111,57,54
latest_0718,explosion,other_only,ICHR,97,115,62,53
latest_0718,explosion,other_only,UCTT,98,118,66,52
latest_0718,explosion,other_only,BWXT,99,114,64,50
latest_0718,explosion,other_only,MICLF,100,113,64,49
latest_0718,explosion,other_only,VIAV,101,113,65,48
latest_0718,explosion,other_only,ABBNY,102,109,63,46
latest_0718,explosion,other_only,HTHIY,103,111,67,44
latest_0718,explosion,other_only,COHU,104,110,66,44
latest_0718,explosion,other_only,FLNC,105,107,67,40
latest_0718,explosion,other_only,JBL,106,104,65,39
latest_0718,explosion,other_only,CAT,107,108,72,36
latest_0718,explosion,other_only,JCI,108,102,70,32
latest_0718,explosion,other_only,TE,109,100,74,26
latest_0718,explosion,other_only,KEYS,110,102,78,24
latest_0718,explosion,other_only,ENTG,111,100,76,24
latest_0718,explosion,other_only,P,112,99,75,24
latest_0718,explosion,other_only,CARR,113,100,77,23
latest_0718,explosion,other_only,CMI,114,98,77,21
latest_0718,explosion,other_only,HPE,115,98,77,21
latest_0718,explosion,other_only,TEL,116,99,79,20
latest_0718,explosion,other_only,TTDKY,117,94,77,17
latest_0718,explosion,other_only,QCOM,118,92,75,17
latest_0718,explosion,other_only,NVTS,119,92,81,11
latest_0718,explosion,other_only,Q,120,94,85,9
latest_0718,explosion,other_only,ACLS,121,88,84,4
latest_0718,explosion,other_only,BELFB,122,87,89,-2
latest_0718,explosion,other_only,MTRN,123,88,92,-4
latest_0718,explosion,other_only,DLR,124,85,89,-4
latest_0718,explosion,other_only,SMTOY,125,83,88,-5
latest_0718,explosion,other_only,ADI,126,81,90,-9
latest_0718,explosion,other_only,MCHP,127,82,94,-12
latest_0718,explosion,other_only,MRAAY,128,79,94,-15
latest_0718,explosion,other_only,AOSL,129,79,97,-18
latest_0718,explosion,other_only,LFUS,130,78,97,-19
latest_0718,explosion,other_only,MIELY,131,73,95,-22
latest_0718,explosion,other_only,EQIX,132,73,97,-24
latest_0718,explosion,other_only,STM,133,76,101,-25
latest_0718,explosion,other_only,POET,134,70,98,-28
latest_0718,explosion,other_only,DIOD,135,71,102,-31
latest_0718,explosion,other_only,IMOS,136,74,106,-32
latest_0718,explosion,other_only,SNPS,137,70,106,-36
latest_0718,explosion,other_only,ON,138,66,104,-38
latest_0718,explosion,other_only,INTC,139,63,101,-38
latest_0718,explosion,other_only,CDNS,140,66,108,-42
latest_0718,explosion,other_only,ENS,141,64,108,-44
latest_0718,explosion,other_only,SHECY,142,62,108,-46
latest_0718,explosion,other_only,MRAM,143,62,116,-54
latest_0718,explosion,other_only,GFS,144,60,115,-55
latest_0718,explosion,other_only,NTNX,145,57,112,-55
latest_0718,explosion,other_only,HOCPY,146,58,117,-59
latest_0718,explosion,other_only,VSH,147,57,119,-62
latest_0718,explosion,other_only,CSCO,148,55,118,-63
latest_0718,explosion,other_only,ENPH,149,53,119,-66
latest_0718,explosion,other_only,OKLO,150,54,121,-67
latest_0718,explosion,other_only,AJNMY,151,51,120,-69
latest_0718,explosion,other_only,ADBE,152,48,119,-71
latest_0718,explosion,other_only,SMR,153,53,125,-72
latest_0718,explosion,other_only,VISN,154,52,124,-72
latest_0718,explosion,other_only,PH,155,45,122,-77
latest_0718,explosion,other_only,NOK,156,50,130,-80
latest_0718,explosion,other_only,POWI,157,45,126,-81
latest_0718,explosion,other_only,UMC,158,42,125,-83
latest_0718,explosion,other_only,MSI,159,44,131,-87
latest_0718,explosion,other_only,DKILY,160,38,133,-95
latest_0718,explosion,other_only,TDY,161,38,136,-98
latest_0718,explosion,other_only,WOLF,162,42,141,-99
latest_0718,explosion,other_only,NDSN,163,35,135,-100
latest_0718,explosion,other_only,ECL,164,33,143,-110
latest_0718,explosion,other_only,TXN,165,32,144,-112
latest_0718,explosion,other_only,BDC,166,31,146,-115
latest_0718,explosion,other_only,ROG,167,31,146,-115
latest_0718,explosion,other_only,DOV,168,28,144,-116
latest_0718,explosion,other_only,ATKR,169,28,146,-118
latest_0718,explosion,other_only,PLAB,170,26,147,-121
latest_0718,explosion,other_only,LWLG,171,30,152,-122
latest_0718,explosion,other_only,FCEL,172,29,151,-122
latest_0718,explosion,other_only,ET,173,28,151,-123
latest_0718,explosion,other_only,CC,174,29,155,-126
latest_0718,explosion,other_only,ASGLY,175,25,152,-127
latest_0718,explosion,other_only,ETR,176,23,154,-131
latest_0718,explosion,other_only,IBM,177,18,157,-139
latest_0718,explosion,other_only,SOMMY,178,20,163,-143
latest_0718,explosion,other_only,NTAP,179,18,161,-143
latest_0718,explosion,other_only,ST,180,16,164,-148
latest_0718,explosion,other_only,DCI,181,13,162,-149
latest_0718,explosion,other_only,DHR,182,15,165,-150
latest_0718,explosion,other_only,DD,183,14,166,-152
latest_0718,explosion,other_only,TMO,184,12,164,-152
latest_0718,explosion,other_only,AEP,185,14,171,-157
latest_0718,explosion,other_only,APD,186,11,171,-160
latest_0718,explosion,other_only,LIN,187,4,172,-168
latest_0718,explosion,other_only,DTE,188,9,179,-170
latest_0718,explosion,other_only,PNR,189,5,179,-174
latest_0718,explosion,other_only,FTV,190,3,180,-177
latest_0718,explosion,other_only,ALLE,191,1,181,-180
latest_0718,explosion,other_only,MMM,192,1,183,-182
latest_0718,explosion,agreement_only,AMD,1,168,1,167
latest_0718,explosion,agreement_only,AAOI,2,160,1,159
latest_0718,explosion,agreement_only,NBIS,3,159,0,159
latest_0718,explosion,agreement_only,CRWV,4,152,1,151
latest_0718,explosion,agreement_only,LITE,5,146,0,146
latest_0718,explosion,agreement_only,TSM,6,148,3,145
latest_0718,explosion,agreement_only,MU,7,146,1,145
latest_0718,explosion,agreement_only,ALAB,8,145,4,141
latest_0718,explosion,agreement_only,VICR,9,145,6,139
latest_0718,explosion,agreement_only,AVGO,10,139,0,139
latest_0718,explosion,agreement_only,BE,11,139,0,139
latest_0718,explosion,agreement_only,IREN,12,141,3,138
latest_0718,explosion,agreement_only,CRDO,13,137,0,137
latest_0718,explosion,agreement_only,GEV,14,133,0,133
latest_0718,explosion,agreement_only,CBRS,15,135,3,132
latest_0718,explosion,agreement_only,MRVL,16,136,5,131
latest_0718,explosion,agreement_only,APLD,17,135,4,131
latest_0718,explosion,agreement_only,TSEM,18,133,2,131
latest_0718,explosion,agreement_only,SKHY,19,132,1,131
latest_0718,explosion,agreement_only,MOD,20,129,2,127
latest_0718,explosion,agreement_only,TER,21,126,6,120
latest_0718,explosion,agreement_only,SNDK,22,121,1,120
latest_0718,explosion,agreement_only,BESIY,23,125,8,117
latest_0718,explosion,agreement_only,COHR,24,117,1,116
latest_0718,explosion,agreement_only,SITM,25,125,10,115
latest_0718,explosion,agreement_only,VRT,26,114,0,114
latest_0718,explosion,agreement_only,PWR,27,121,8,113
latest_0718,explosion,agreement_only,AAON,28,114,5,109
latest_0718,explosion,agreement_only,AXTI,29,118,10,108
latest_0718,explosion,agreement_only,MTSI,30,120,14,106
latest_0718,explosion,agreement_only,POWL,31,112,6,106
latest_0718,explosion,agreement_only,ORCL,32,110,5,105
latest_0718,explosion,agreement_only,CLS,33,113,9,104
latest_0718,explosion,agreement_only,NVDA,34,99,0,99
latest_0718,explosion,agreement_only,NVMI,35,113,20,93
latest_0718,explosion,agreement_only,CAMT,36,110,17,93
latest_0718,explosion,agreement_only,DSCSY,37,106,13,93
latest_0718,explosion,agreement_only,AEHR,38,104,11,93
latest_0718,explosion,agreement_only,ONTO,39,101,8,93
latest_0718,explosion,agreement_only,ASMVY,40,108,17,91
latest_0718,explosion,agreement_only,SMTC,41,117,27,90
latest_0718,explosion,agreement_only,CIEN,42,99,12,87
latest_0718,explosion,agreement_only,ATEYY,43,95,8,87
latest_0718,explosion,agreement_only,ACMR,44,105,19,86
latest_0718,explosion,agreement_only,ASMIY,45,102,16,86
latest_0718,explosion,agreement_only,NVT,46,99,13,86
latest_0718,explosion,agreement_only,MPWR,47,98,12,86
latest_0718,explosion,agreement_only,PENG,48,107,22,85
latest_0718,explosion,agreement_only,SIMO,49,106,23,83
latest_0718,explosion,agreement_only,IFNNY,50,103,21,82
latest_0718,explosion,agreement_only,SMCI,51,106,25,81
latest_0718,explosion,agreement_only,VECO,52,94,13,81
latest_0718,explosion,agreement_only,ASML,53,103,24,79
latest_0718,explosion,agreement_only,STX,54,99,20,79
latest_0718,explosion,agreement_only,FIX,55,93,15,78
latest_0718,explosion,agreement_only,ASX,56,95,23,72
latest_0718,explosion,agreement_only,MXL,57,88,22,66
latest_0718,explosion,agreement_only,WDC,58,90,25,65
latest_0718,explosion,agreement_only,AEIS,59,93,29,64
latest_0718,explosion,agreement_only,AMAT,60,89,26,63
latest_0718,explosion,agreement_only,FN,61,81,19,62
latest_0718,explosion,agreement_only,IESC,62,82,21,61
latest_0718,explosion,agreement_only,TSLA,63,82,25,57
latest_0718,explosion,agreement_only,ANET,64,81,24,57
latest_0718,explosion,agreement_only,KLAC,65,85,29,56
latest_0718,explosion,agreement_only,VST,66,78,26,52
latest_0718,explosion,agreement_only,GLW,67,91,41,50
latest_0718,explosion,agreement_only,RKLB,68,78,28,50
latest_0718,explosion,agreement_only,AMPX,69,84,37,47
latest_0718,explosion,agreement_only,DELL,70,88,42,46
latest_0718,explosion,agreement_only,GOOGL,71,60,20,40
latest_0718,explosion,agreement_only,FLNC,72,79,40,39
latest_0718,explosion,agreement_only,COHU,73,68,29,39
latest_0718,explosion,agreement_only,LRCX,74,61,22,39
latest_0718,explosion,agreement_only,ARM,75,72,35,37
latest_0718,explosion,agreement_only,AMKR,76,80,46,34
latest_0718,explosion,agreement_only,GNRC,77,74,44,30
latest_0718,explosion,agreement_only,ICHR,78,85,56,29
latest_0718,explosion,agreement_only,ETN,79,50,23,27
latest_0718,explosion,agreement_only,KLIC,80,65,40,25
latest_0718,explosion,agreement_only,APH,81,71,47,24
latest_0718,explosion,agreement_only,AMZN,82,49,25,24
latest_0718,explosion,agreement_only,BABA,83,54,36,18
latest_0718,explosion,agreement_only,RMBS,84,67,50,17
latest_0718,explosion,agreement_only,META,85,38,22,16
latest_0718,explosion,agreement_only,PSIX,86,48,33,15
latest_0718,explosion,agreement_only,MKSI,87,60,46,14
latest_0718,explosion,agreement_only,CAT,88,72,61,11
latest_0718,explosion,agreement_only,JBL,89,67,57,10
latest_0718,explosion,agreement_only,FORM,90,37,29,8
latest_0718,explosion,agreement_only,TOELY,91,25,20,5
latest_0718,explosion,agreement_only,ENTG,92,48,45,3
latest_0718,explosion,agreement_only,MICLF,93,59,58,1
latest_0718,explosion,agreement_only,EME,94,36,36,0
latest_0718,explosion,agreement_only,VIAV,95,57,59,-2
latest_0718,explosion,agreement_only,MYRG,96,52,55,-3
latest_0718,explosion,agreement_only,MSFT,97,22,26,-4
latest_0718,explosion,agreement_only,CEG,98,20,25,-5
latest_0718,explosion,agreement_only,UCTT,99,55,63,-8
latest_0718,explosion,agreement_only,P,100,55,65,-10
latest_0718,explosion,agreement_only,TE,101,47,57,-10
latest_0718,explosion,agreement_only,RYCEY,102,40,53,-13
latest_0718,explosion,agreement_only,QCOM,103,58,72,-14
latest_0718,explosion,agreement_only,KEYS,104,56,70,-14
latest_0718,explosion,agreement_only,ABBNY,105,43,59,-16
latest_0718,explosion,agreement_only,JCI,106,45,67,-22
latest_0718,explosion,agreement_only,HUBB,107,33,55,-22
latest_0718,explosion,agreement_only,TEL,108,51,74,-23
latest_0718,explosion,agreement_only,SANM,109,27,50,-23
latest_0718,explosion,agreement_only,TT,110,21,44,-23
latest_0718,explosion,agreement_only,CRWD,111,33,57,-24
latest_0718,explosion,agreement_only,FLEX,112,26,52,-26
latest_0718,explosion,agreement_only,BWXT,113,33,61,-28
latest_0718,explosion,agreement_only,STM,114,49,78,-29
latest_0718,explosion,agreement_only,NVTS,115,41,71,-30
latest_0718,explosion,agreement_only,HTHIY,116,34,64,-30
latest_0718,explosion,agreement_only,Q,117,30,60,-30
latest_0718,explosion,agreement_only,MCHP,118,49,80,-31
latest_0718,explosion,agreement_only,POET,119,47,78,-31
latest_0718,explosion,agreement_only,CARR,120,43,74,-31
latest_0718,explosion,agreement_only,SMTOY,121,46,78,-32
latest_0718,explosion,agreement_only,MRAM,122,55,89,-34
latest_0718,explosion,agreement_only,ADI,123,51,85,-34
latest_0718,explosion,agreement_only,ACLS,124,40,74,-34
latest_0718,explosion,agreement_only,MTRN,125,47,82,-35
latest_0718,explosion,agreement_only,HPE,126,37,74,-37
latest_0718,explosion,agreement_only,DLR,127,42,82,-40
latest_0718,explosion,agreement_only,TTDKY,128,32,73,-41
latest_0718,explosion,agreement_only,LFUS,129,45,88,-43
latest_0718,explosion,agreement_only,MRAAY,130,41,85,-44
latest_0718,explosion,agreement_only,ON,131,46,92,-46
latest_0718,explosion,agreement_only,CMI,132,29,77,-48
latest_0718,explosion,agreement_only,GFS,133,41,94,-53
latest_0718,explosion,agreement_only,BELFB,134,31,85,-54
latest_0718,explosion,agreement_only,ST,135,10,64,-54
latest_0718,explosion,agreement_only,IMOS,136,41,96,-55
latest_0718,explosion,agreement_only,OKLO,137,32,89,-57
latest_0718,explosion,agreement_only,MIELY,138,32,90,-58
latest_0718,explosion,agreement_only,CDNS,139,42,101,-59
latest_0718,explosion,agreement_only,INTC,140,36,96,-60
latest_0718,explosion,agreement_only,NTNX,141,35,104,-69
latest_0718,explosion,agreement_only,WOLF,142,30,99,-69
latest_0718,explosion,agreement_only,HOCPY,143,16,88,-72
latest_0718,explosion,agreement_only,AJNMY,144,29,104,-75
latest_0718,explosion,agreement_only,SNPS,145,26,104,-78
latest_0718,explosion,agreement_only,EQIX,146,17,95,-78
latest_0718,explosion,agreement_only,SMR,147,25,104,-79
latest_0718,explosion,agreement_only,AOSL,148,13,93,-80
latest_0718,explosion,agreement_only,VISN,149,23,104,-81
latest_0718,explosion,agreement_only,SHECY,150,21,103,-82
latest_0718,explosion,agreement_only,UMC,151,26,109,-83
latest_0718,explosion,agreement_only,ADBE,152,25,112,-87
latest_0718,explosion,agreement_only,VSH,153,20,109,-89
latest_0718,explosion,agreement_only,ENS,154,12,103,-91
latest_0718,explosion,agreement_only,MSI,155,27,119,-92
latest_0718,explosion,agreement_only,DIOD,156,5,100,-95
latest_0718,explosion,agreement_only,NOK,157,28,124,-96
latest_0718,explosion,agreement_only,CSCO,158,13,114,-101
latest_0718,explosion,agreement_only,POWI,159,16,118,-102
latest_0718,explosion,agreement_only,FCEL,160,14,116,-102
latest_0718,explosion,agreement_only,ENPH,161,13,117,-104
latest_0718,explosion,agreement_only,TDY,162,24,130,-106
latest_0718,explosion,agreement_only,PH,163,8,119,-111
latest_0718,explosion,agreement_only,NDSN,164,16,130,-114
latest_0718,explosion,agreement_only,DOV,165,17,134,-117
latest_0718,explosion,agreement_only,CC,166,16,134,-118
latest_0718,explosion,agreement_only,ECL,167,15,133,-118
latest_0718,explosion,agreement_only,ETR,168,14,134,-120
latest_0718,explosion,agreement_only,IBM,169,12,132,-120
latest_0718,explosion,agreement_only,TXN,170,15,136,-121
latest_0718,explosion,agreement_only,ET,171,12,137,-125
latest_0718,explosion,agreement_only,PLAB,172,12,142,-130
latest_0718,explosion,agreement_only,DKILY,173,0,131,-131
latest_0718,explosion,agreement_only,ASGLY,174,8,141,-133
latest_0718,explosion,agreement_only,ATKR,175,9,143,-134
latest_0718,explosion,agreement_only,BDC,176,1,135,-134
latest_0718,explosion,agreement_only,LWLG,177,5,143,-138
latest_0718,explosion,agreement_only,ROG,178,1,144,-143
latest_0718,explosion,agreement_only,DCI,179,6,150,-144
latest_0718,explosion,agreement_only,AEP,180,8,153,-145
latest_0718,explosion,agreement_only,DHR,181,6,154,-148
latest_0718,explosion,agreement_only,TMO,182,1,150,-149
latest_0718,explosion,agreement_only,NTAP,183,6,161,-155
latest_0718,explosion,agreement_only,ALLE,184,1,158,-157
latest_0718,explosion,agreement_only,DD,185,1,162,-161
latest_0718,explosion,agreement_only,SOMMY,186,0,161,-161
latest_0718,explosion,agreement_only,LIN,187,2,164,-162
latest_0718,explosion,agreement_only,FTV,188,2,166,-164
latest_0718,explosion,agreement_only,APD,189,0,166,-166
latest_0718,explosion,agreement_only,PNR,190,1,168,-167
latest_0718,explosion,agreement_only,DTE,191,2,171,-169
latest_0718,explosion,agreement_only,MMM,192,0,172,-172
latest_0718,explosion,high_only,MU,1,275,0,275
latest_0718,explosion,high_only,SKHY,2,252,0,252
latest_0718,explosion,high_only,CRDO,3,249,3,246
latest_0718,explosion,high_only,AMD,4,247,2,245
latest_0718,explosion,high_only,CRWV,5,244,5,239
latest_0718,explosion,high_only,AVGO,6,235,1,234
latest_0718,explosion,high_only,NBIS,7,206,0,206
latest_0718,explosion,high_only,LITE,8,198,6,192
latest_0718,explosion,high_only,MRVL,9,193,4,189
latest_0718,explosion,high_only,AAOI,10,189,0,189
latest_0718,explosion,high_only,ALAB,11,190,6,184
latest_0718,explosion,high_only,MOD,12,181,7,174
latest_0718,explosion,high_only,ORCL,13,176,8,168
latest_0718,explosion,high_only,NVDA,14,168,2,166
latest_0718,explosion,high_only,BESIY,15,174,13,161
latest_0718,explosion,high_only,SNDK,16,164,4,160
latest_0718,explosion,high_only,ASML,17,165,6,159
latest_0718,explosion,high_only,GEV,18,153,0,153
latest_0718,explosion,high_only,MPWR,19,169,19,150
latest_0718,explosion,high_only,ASMIY,20,167,17,150
latest_0718,explosion,high_only,VICR,21,152,4,148
latest_0718,explosion,high_only,TSM,22,146,1,145
latest_0718,explosion,high_only,CLS,23,148,8,140
latest_0718,explosion,high_only,POWL,24,158,19,139
latest_0718,explosion,high_only,CAMT,25,148,13,135
latest_0718,explosion,high_only,ATEYY,26,142,13,129
latest_0718,explosion,high_only,CBRS,27,132,3,129
latest_0718,explosion,high_only,COHR,28,128,0,128
latest_0718,explosion,high_only,VRT,29,128,0,128
latest_0718,explosion,high_only,BE,30,142,16,126
latest_0718,explosion,high_only,AAON,31,118,3,115
latest_0718,explosion,high_only,TER,32,117,8,109
latest_0718,explosion,high_only,DSCSY,33,112,7,105
latest_0718,explosion,high_only,CIEN,34,123,20,103
latest_0718,explosion,high_only,FIX,35,142,42,100
latest_0718,explosion,high_only,KLAC,36,124,24,100
latest_0718,explosion,high_only,IFNNY,37,145,47,98
latest_0718,explosion,high_only,SITM,38,113,15,98
latest_0718,explosion,high_only,ONTO,39,100,6,94
latest_0718,explosion,high_only,GOOGL,40,126,33,93
latest_0718,explosion,high_only,NVT,41,110,17,93
latest_0718,explosion,high_only,ANET,42,113,22,91
latest_0718,explosion,high_only,IREN,43,96,7,89
latest_0718,explosion,high_only,ASMVY,44,105,18,87
latest_0718,explosion,high_only,ASX,45,101,16,85
latest_0718,explosion,high_only,LRCX,46,108,26,82
latest_0718,explosion,high_only,ACMR,47,105,24,81
latest_0718,explosion,high_only,AMZN,48,80,2,78
latest_0718,explosion,high_only,MSFT,49,99,22,77
latest_0718,explosion,high_only,ETN,50,97,23,74
latest_0718,explosion,high_only,NVMI,51,79,11,68
latest_0718,explosion,high_only,DELL,52,94,28,66
latest_0718,explosion,high_only,TSEM,53,71,6,65
latest_0718,explosion,high_only,CEG,54,70,7,63
latest_0718,explosion,high_only,PWR,55,67,4,63
latest_0718,explosion,high_only,MTSI,56,72,10,62
latest_0718,explosion,high_only,AMAT,57,96,35,61
latest_0718,explosion,high_only,APLD,58,59,1,58
latest_0718,explosion,high_only,SIMO,59,66,10,56
latest_0718,explosion,high_only,AEIS,60,70,16,54
latest_0718,explosion,high_only,VECO,61,62,11,51
latest_0718,explosion,high_only,STX,62,75,25,50
latest_0718,explosion,high_only,IESC,63,68,20,48
latest_0718,explosion,high_only,TOELY,64,101,54,47
latest_0718,explosion,high_only,FN,65,48,7,41
latest_0718,explosion,high_only,GLW,66,83,44,39
latest_0718,explosion,high_only,VST,67,58,19,39
latest_0718,explosion,high_only,AXTI,68,45,6,39
latest_0718,explosion,high_only,SMCI,69,50,13,37
latest_0718,explosion,high_only,APH,70,76,45,31
latest_0718,explosion,high_only,MXL,71,41,10,31
latest_0718,explosion,high_only,META,72,81,51,30
latest_0718,explosion,high_only,SMTC,73,32,9,23
latest_0718,explosion,high_only,WDC,74,39,18,21
latest_0718,explosion,high_only,PENG,75,30,10,20
latest_0718,explosion,high_only,RKLB,76,53,34,19
latest_0718,explosion,high_only,TEL,77,37,18,19
latest_0718,explosion,high_only,PSIX,78,32,13,19
latest_0718,explosion,high_only,AMKR,79,33,17,16
latest_0718,explosion,high_only,TT,80,31,21,10
latest_0718,explosion,high_only,AEHR,81,15,8,7
latest_0718,explosion,high_only,MICLF,82,47,44,3
latest_0718,explosion,high_only,FORM,83,42,40,2
latest_0718,explosion,high_only,EME,84,63,64,-1
latest_0718,explosion,high_only,MKSI,85,8,10,-2
latest_0718,explosion,high_only,ARM,86,42,45,-3
latest_0718,explosion,high_only,SANM,87,26,29,-3
latest_0718,explosion,high_only,JBL,88,33,41,-8
latest_0718,explosion,high_only,RYCEY,89,20,28,-8
latest_0718,explosion,high_only,QCOM,90,2,11,-9
latest_0718,explosion,high_only,ENTG,91,10,20,-10
latest_0718,explosion,high_only,GNRC,92,37,50,-13
latest_0718,explosion,high_only,COHU,93,2,15,-13
latest_0718,explosion,high_only,AMPX,94,8,23,-15
latest_0718,explosion,high_only,BABA,95,9,26,-17
latest_0718,explosion,high_only,ABBNY,96,42,60,-18
latest_0718,explosion,high_only,CDNS,97,35,54,-19
latest_0718,explosion,high_only,Q,98,9,28,-19
latest_0718,explosion,high_only,HTHIY,99,41,61,-20
latest_0718,explosion,high_only,FLNC,100,5,26,-21
latest_0718,explosion,high_only,KEYS,101,35,58,-23
latest_0718,explosion,high_only,OKLO,102,3,28,-25
latest_0718,explosion,high_only,CAT,103,20,46,-26
latest_0718,explosion,high_only,TSLA,104,26,55,-29
latest_0718,explosion,high_only,FLEX,105,33,64,-31
latest_0718,explosion,high_only,ADI,106,20,55,-35
latest_0718,explosion,high_only,VIAV,107,17,53,-36
latest_0718,explosion,high_only,RMBS,108,13,50,-37
latest_0718,explosion,high_only,P,109,21,60,-39
latest_0718,explosion,high_only,CARR,110,17,56,-39
latest_0718,explosion,high_only,CRWD,111,9,49,-40
latest_0718,explosion,high_only,ON,112,42,83,-41
latest_0718,explosion,high_only,HOCPY,113,1,42,-41
latest_0718,explosion,high_only,HUBB,114,24,67,-43
latest_0718,explosion,high_only,HPE,115,14,57,-43
latest_0718,explosion,high_only,CMI,116,22,68,-46
latest_0718,explosion,high_only,KLIC,117,7,53,-46
latest_0718,explosion,high_only,SMR,118,2,49,-47
latest_0718,explosion,high_only,ICHR,119,1,48,-47
latest_0718,explosion,high_only,ACLS,120,0,47,-47
latest_0718,explosion,high_only,ADBE,121,11,59,-48
latest_0718,explosion,high_only,JCI,122,28,77,-49
latest_0718,explosion,high_only,BWXT,123,10,61,-51
latest_0718,explosion,high_only,LWLG,124,0,51,-51
latest_0718,explosion,high_only,CSCO,125,1,54,-53
latest_0718,explosion,high_only,POET,126,2,56,-54
latest_0718,explosion,high_only,MYRG,127,10,68,-58
latest_0718,explosion,high_only,STM,128,20,85,-65
latest_0718,explosion,high_only,LFUS,129,4,69,-65
latest_0718,explosion,high_only,UCTT,130,2,67,-65
latest_0718,explosion,high_only,BDC,131,0,65,-65
latest_0718,explosion,high_only,DLR,132,2,68,-66
latest_0718,explosion,high_only,ST,133,1,67,-66
latest_0718,explosion,high_only,TE,134,0,68,-68
latest_0718,explosion,high_only,MIELY,135,13,83,-70
latest_0718,explosion,high_only,TTDKY,136,3,75,-72
latest_0718,explosion,high_only,IBM,137,0,73,-73
latest_0718,explosion,high_only,MRAAY,138,9,84,-75
latest_0718,explosion,high_only,NVTS,139,5,84,-79
latest_0718,explosion,high_only,AJNMY,140,0,80,-80
latest_0718,explosion,high_only,MCHP,141,0,81,-81
latest_0718,explosion,high_only,SMTOY,142,17,99,-82
latest_0718,explosion,high_only,BELFB,143,1,84,-83
latest_0718,explosion,high_only,EQIX,144,1,85,-84
latest_0718,explosion,high_only,SHECY,145,2,87,-85
latest_0718,explosion,high_only,MTRN,146,16,103,-87
latest_0718,explosion,high_only,IMOS,147,4,91,-87
latest_0718,explosion,high_only,SNPS,148,2,89,-87
latest_0718,explosion,high_only,WOLF,149,1,88,-87
latest_0718,explosion,high_only,INTC,150,0,90,-90
latest_0718,explosion,high_only,ENPH,151,2,93,-91
latest_0718,explosion,high_only,ENS,152,0,92,-92
latest_0718,explosion,high_only,GFS,153,3,96,-93
latest_0718,explosion,high_only,AOSL,154,1,97,-96
latest_0718,explosion,high_only,PH,155,1,98,-97
latest_0718,explosion,high_only,MRAM,156,0,97,-97
latest_0718,explosion,high_only,NOK,157,5,103,-98
latest_0718,explosion,high_only,MSI,158,1,99,-98
latest_0718,explosion,high_only,NTNX,159,0,105,-105
latest_0718,explosion,high_only,FCEL,160,0,108,-108
latest_0718,explosion,high_only,TXN,161,0,108,-108
latest_0718,explosion,high_only,DKILY,162,0,109,-109
latest_0718,explosion,high_only,ASGLY,163,0,110,-110
latest_0718,explosion,high_only,VISN,164,0,110,-110
latest_0718,explosion,high_only,CC,165,0,113,-113
latest_0718,explosion,high_only,NTAP,166,0,116,-116
latest_0718,explosion,high_only,DIOD,167,1,120,-119
latest_0718,explosion,high_only,POWI,168,0,119,-119
latest_0718,explosion,high_only,VSH,169,0,119,-119
latest_0718,explosion,high_only,ET,170,1,121,-120
latest_0718,explosion,high_only,DHR,171,1,122,-121
latest_0718,explosion,high_only,SOMMY,172,0,123,-123
latest_0718,explosion,high_only,NDSN,173,0,125,-125
latest_0718,explosion,high_only,UMC,174,0,125,-125
latest_0718,explosion,high_only,DOV,175,0,126,-126
latest_0718,explosion,high_only,ECL,176,1,128,-127
latest_0718,explosion,high_only,LIN,177,1,129,-128
latest_0718,explosion,high_only,TMO,178,0,136,-136
latest_0718,explosion,high_only,ROG,179,0,137,-137
latest_0718,explosion,high_only,TDY,180,0,139,-139
latest_0718,explosion,high_only,AEP,181,1,143,-142
latest_0718,explosion,high_only,ETR,182,0,142,-142
latest_0718,explosion,high_only,PLAB,183,0,147,-147
latest_0718,explosion,high_only,MMM,184,0,150,-150
latest_0718,explosion,high_only,DD,185,0,151,-151
latest_0718,explosion,high_only,DCI,186,0,153,-153
latest_0718,explosion,high_only,APD,187,0,154,-154
latest_0718,explosion,high_only,ATKR,188,0,154,-154
latest_0718,explosion,high_only,ALLE,189,0,155,-155
latest_0718,explosion,high_only,PNR,190,0,159,-159
latest_0718,explosion,high_only,FTV,191,0,170,-170
latest_0718,explosion,high_only,DTE,192,0,181,-181
latest_0718,explosion,strength_weighted,AMD,1,351,16,633
latest_0718,explosion,strength_weighted,NBIS,2,342,16,617
latest_0718,explosion,strength_weighted,MU,3,335,8,615
latest_0718,explosion,strength_weighted,CRWV,4,334,13,602
latest_0718,explosion,strength_weighted,SKHY,5,319,13,584
latest_0718,explosion,strength_weighted,CRDO,6,320,9,582
latest_0718,explosion,strength_weighted,AAOI,7,346,7,578
latest_0718,explosion,strength_weighted,AVGO,8,323,38,549
latest_0718,explosion,strength_weighted,LITE,9,328,36,538
latest_0718,explosion,strength_weighted,ALAB,10,323,26,534
latest_0718,explosion,strength_weighted,SNDK,11,308,21,529
latest_0718,explosion,strength_weighted,MOD,12,312,34,523
latest_0718,explosion,strength_weighted,MRVL,13,310,34,510
latest_0718,explosion,strength_weighted,VICR,14,323,32,506
latest_0718,explosion,strength_weighted,IREN,15,316,42,492
latest_0718,explosion,strength_weighted,COHR,16,292,21,492
latest_0718,explosion,strength_weighted,APLD,17,309,38,484
latest_0718,explosion,strength_weighted,GEV,18,306,12,483
latest_0718,explosion,strength_weighted,VRT,19,286,10,480
latest_0718,explosion,strength_weighted,TSM,20,325,37,474
latest_0718,explosion,strength_weighted,CBRS,21,305,35,473
latest_0718,explosion,strength_weighted,TER,22,294,41,469
latest_0718,explosion,strength_weighted,NVDA,23,288,28,462
latest_0718,explosion,strength_weighted,BE,24,315,48,454
latest_0718,explosion,strength_weighted,CLS,25,277,36,449
latest_0718,explosion,strength_weighted,PWR,26,289,57,445
latest_0718,explosion,strength_weighted,AAON,27,278,25,445
latest_0718,explosion,strength_weighted,BESIY,28,299,72,428
latest_0718,explosion,strength_weighted,ORCL,29,280,68,421
latest_0718,explosion,strength_weighted,TSEM,30,307,27,412
latest_0718,explosion,strength_weighted,SITM,31,287,51,407
latest_0718,explosion,strength_weighted,CAMT,32,271,62,391
latest_0718,explosion,strength_weighted,POWL,33,280,62,386
latest_0718,explosion,strength_weighted,AXTI,34,281,65,381
latest_0718,explosion,strength_weighted,DSCSY,35,264,55,374
latest_0718,explosion,strength_weighted,ASMIY,36,254,69,372
latest_0718,explosion,strength_weighted,MTSI,37,278,68,368
latest_0718,explosion,strength_weighted,ONTO,38,269,82,349
latest_0718,explosion,strength_weighted,ASML,39,252,94,342
latest_0718,explosion,strength_weighted,NVMI,40,267,87,337
latest_0718,explosion,strength_weighted,MPWR,41,259,93,334
latest_0718,explosion,strength_weighted,NVT,42,255,87,328
latest_0718,explosion,strength_weighted,ASMVY,43,267,85,327
latest_0718,explosion,strength_weighted,ATEYY,44,265,103,326
latest_0718,explosion,strength_weighted,CIEN,45,255,76,321
latest_0718,explosion,strength_weighted,ACMR,46,264,85,319
latest_0718,explosion,strength_weighted,SMTC,47,266,87,313
latest_0718,explosion,strength_weighted,SIMO,48,258,80,310
latest_0718,explosion,strength_weighted,SMCI,49,256,95,307
latest_0718,explosion,strength_weighted,IFNNY,50,255,93,300
latest_0718,explosion,strength_weighted,ASX,51,248,95,295
latest_0718,explosion,strength_weighted,VECO,52,254,73,292
latest_0718,explosion,strength_weighted,FIX,53,254,109,289
latest_0718,explosion,strength_weighted,PENG,54,260,96,278
latest_0718,explosion,strength_weighted,AEHR,55,266,63,272
latest_0718,explosion,strength_weighted,STX,56,252,97,264
latest_0718,explosion,strength_weighted,ANET,57,225,103,256
latest_0718,explosion,strength_weighted,MXL,58,222,74,251
latest_0718,explosion,strength_weighted,KLAC,59,228,111,241
latest_0718,explosion,strength_weighted,AEIS,60,241,110,237
latest_0718,explosion,strength_weighted,FN,61,235,77,228
latest_0718,explosion,strength_weighted,IESC,62,239,123,226
latest_0718,explosion,strength_weighted,AMAT,63,230,116,222
latest_0718,explosion,strength_weighted,VST,64,230,111,204
latest_0718,explosion,strength_weighted,GOOGL,65,217,143,185
latest_0718,explosion,strength_weighted,WDC,66,238,118,182
latest_0718,explosion,strength_weighted,RKLB,67,222,122,179
latest_0718,explosion,strength_weighted,LRCX,68,213,145,176
latest_0718,explosion,strength_weighted,TSLA,69,228,122,167
latest_0718,explosion,strength_weighted,GLW,70,229,126,166
latest_0718,explosion,strength_weighted,DELL,71,219,142,153
latest_0718,explosion,strength_weighted,COHU,72,202,111,136
latest_0718,explosion,strength_weighted,AMPX,73,223,137,132
latest_0718,explosion,strength_weighted,AMZN,74,195,136,125
latest_0718,explosion,strength_weighted,FLNC,75,219,138,120
latest_0718,explosion,strength_weighted,PSIX,76,176,117,111
latest_0718,explosion,strength_weighted,ARM,77,209,149,109
latest_0718,explosion,strength_weighted,ETN,78,193,157,107
latest_0718,explosion,strength_weighted,FORM,79,181,136,94
latest_0718,explosion,strength_weighted,TOELY,80,175,153,86
latest_0718,explosion,strength_weighted,META,81,190,166,83
latest_0718,explosion,strength_weighted,GNRC,82,205,152,81
latest_0718,explosion,strength_weighted,APH,83,192,164,72
latest_0718,explosion,strength_weighted,MKSI,84,188,155,69
latest_0718,explosion,strength_weighted,ICHR,85,213,152,67
latest_0718,explosion,strength_weighted,BABA,86,191,162,66
latest_0718,explosion,strength_weighted,AMKR,87,212,147,62
latest_0718,explosion,strength_weighted,KLIC,88,197,155,43
latest_0718,explosion,strength_weighted,RMBS,89,187,159,38
latest_0718,explosion,strength_weighted,CEG,90,167,157,37
latest_0718,explosion,strength_weighted,JBL,91,180,173,24
latest_0718,explosion,strength_weighted,ENTG,92,159,142,11
latest_0718,explosion,strength_weighted,CAT,93,190,177,8
latest_0718,explosion,strength_weighted,MSFT,94,166,194,7
latest_0718,explosion,strength_weighted,EME,95,176,188,-2
latest_0718,explosion,strength_weighted,MICLF,96,177,184,-7
latest_0718,explosion,strength_weighted,VIAV,97,176,171,-7
latest_0718,explosion,strength_weighted,P,98,163,177,-18
latest_0718,explosion,strength_weighted,KEYS,99,164,193,-36
latest_0718,explosion,strength_weighted,SANM,100,148,175,-36
latest_0718,explosion,strength_weighted,RYCEY,101,159,193,-49
latest_0718,explosion,strength_weighted,QCOM,102,161,194,-52
latest_0718,explosion,strength_weighted,Q,103,131,168,-54
latest_0718,explosion,strength_weighted,UCTT,104,177,189,-56
latest_0718,explosion,strength_weighted,TEL,105,152,204,-57
latest_0718,explosion,strength_weighted,MYRG,106,170,182,-61
latest_0718,explosion,strength_weighted,ABBNY,107,156,202,-71
latest_0718,explosion,strength_weighted,FLEX,108,147,194,-72
latest_0718,explosion,strength_weighted,HUBB,109,148,191,-73
latest_0718,explosion,strength_weighted,CRWD,110,147,205,-85
latest_0718,explosion,strength_weighted,TT,111,138,191,-86
latest_0718,explosion,strength_weighted,HTHIY,112,147,216,-101
latest_0718,explosion,strength_weighted,JCI,113,149,209,-105
latest_0718,explosion,strength_weighted,BWXT,114,149,196,-108
latest_0718,explosion,strength_weighted,CARR,115,147,221,-112
latest_0718,explosion,strength_weighted,ADI,116,139,214,-113
latest_0718,explosion,strength_weighted,HPE,117,138,226,-135
latest_0718,explosion,strength_weighted,STM,118,143,212,-139
latest_0718,explosion,strength_weighted,MCHP,119,147,205,-143
latest_0718,explosion,strength_weighted,POET,120,146,208,-154
latest_0718,explosion,strength_weighted,ON,121,131,221,-161
latest_0718,explosion,strength_weighted,TE,122,166,195,-162
latest_0718,explosion,strength_weighted,DLR,123,136,215,-163
latest_0718,explosion,strength_weighted,NVTS,124,142,211,-169
latest_0718,explosion,strength_weighted,SMTOY,125,137,215,-170
latest_0718,explosion,strength_weighted,MRAM,126,151,217,-171
latest_0718,explosion,strength_weighted,ACLS,127,138,211,-171
latest_0718,explosion,strength_weighted,LFUS,128,133,230,-174
latest_0718,explosion,strength_weighted,MTRN,129,144,216,-178
latest_0718,explosion,strength_weighted,CDNS,130,119,244,-184
latest_0718,explosion,strength_weighted,MRAAY,131,133,228,-192
latest_0718,explosion,strength_weighted,TTDKY,132,131,220,-196
latest_0718,explosion,strength_weighted,CMI,133,129,231,-199
latest_0718,explosion,strength_weighted,OKLO,134,127,237,-214
latest_0718,explosion,strength_weighted,MIELY,135,113,236,-219
latest_0718,explosion,strength_weighted,HOCPY,136,85,229,-223
latest_0718,explosion,strength_weighted,BELFB,137,123,240,-224
latest_0718,explosion,strength_weighted,GFS,138,122,234,-225
latest_0718,explosion,strength_weighted,INTC,139,113,235,-249
latest_0718,explosion,strength_weighted,IMOS,140,120,237,-250
latest_0718,explosion,strength_weighted,SNPS,141,99,265,-260
latest_0718,explosion,strength_weighted,WOLF,142,116,255,-287
latest_0718,explosion,strength_weighted,AJNMY,143,96,254,-292
latest_0718,explosion,strength_weighted,SMR,144,100,264,-294
latest_0718,explosion,strength_weighted,ST,145,69,229,-294
latest_0718,explosion,strength_weighted,NTNX,146,106,249,-306
latest_0718,explosion,strength_weighted,ADBE,147,84,270,-310
latest_0718,explosion,strength_weighted,VISN,148,94,263,-316
latest_0718,explosion,strength_weighted,SHECY,149,89,264,-327
latest_0718,explosion,strength_weighted,CSCO,150,68,262,-328
latest_0718,explosion,strength_weighted,DIOD,151,77,262,-329
latest_0718,explosion,strength_weighted,ENS,152,79,269,-331
latest_0718,explosion,strength_weighted,EQIX,153,93,267,-335
latest_0718,explosion,strength_weighted,NOK,154,85,281,-341
latest_0718,explosion,strength_weighted,AOSL,155,98,262,-347
latest_0718,explosion,strength_weighted,MSI,156,81,278,-350
latest_0718,explosion,strength_weighted,UMC,157,87,264,-365
latest_0718,explosion,strength_weighted,ENPH,158,69,287,-375
latest_0718,explosion,strength_weighted,VSH,159,88,275,-390
latest_0718,explosion,strength_weighted,POWI,160,75,287,-399
latest_0718,explosion,strength_weighted,TDY,161,70,294,-406
latest_0718,explosion,strength_weighted,FCEL,162,75,285,-409
latest_0718,explosion,strength_weighted,PH,163,55,293,-413
latest_0718,explosion,strength_weighted,CC,164,57,305,-425
latest_0718,explosion,strength_weighted,NDSN,165,60,301,-431
latest_0718,explosion,strength_weighted,IBM,166,41,298,-435
latest_0718,explosion,strength_weighted,TXN,167,53,304,-437
latest_0718,explosion,strength_weighted,ET,168,53,305,-440
latest_0718,explosion,strength_weighted,ECL,169,60,306,-446
latest_0718,explosion,strength_weighted,DOV,170,56,305,-449
latest_0718,explosion,strength_weighted,DKILY,171,39,315,-459
latest_0718,explosion,strength_weighted,ATKR,172,43,320,-465
latest_0718,explosion,strength_weighted,ETR,173,57,308,-474
latest_0718,explosion,strength_weighted,LWLG,174,44,326,-474
latest_0718,explosion,strength_weighted,BDC,175,34,307,-489
latest_0718,explosion,strength_weighted,PLAB,176,44,318,-491
latest_0718,explosion,strength_weighted,ASGLY,177,39,318,-501
latest_0718,explosion,strength_weighted,DHR,178,38,331,-511
latest_0718,explosion,strength_weighted,NTAP,179,27,343,-516
latest_0718,explosion,strength_weighted,DCI,180,30,331,-522
latest_0718,explosion,strength_weighted,ROG,181,33,328,-534
latest_0718,explosion,strength_weighted,TMO,182,19,333,-553
latest_0718,explosion,strength_weighted,LIN,183,15,350,-555
latest_0718,explosion,strength_weighted,AEP,184,29,330,-558
latest_0718,explosion,strength_weighted,ALLE,185,20,343,-573
latest_0718,explosion,strength_weighted,DD,186,21,348,-581
latest_0718,explosion,strength_weighted,SOMMY,187,20,347,-590
latest_0718,explosion,strength_weighted,PNR,188,9,355,-599
latest_0718,explosion,strength_weighted,APD,189,12,355,-602
latest_0718,explosion,strength_weighted,FTV,190,20,352,-608
latest_0718,explosion,strength_weighted,DTE,191,14,357,-626
latest_0718,explosion,strength_weighted,MMM,192,3,362,-632
latest_0718,mispricing,both,ADBE,1,362,5,357
latest_0718,mispricing,both,ORCL,2,356,17,339
latest_0718,mispricing,both,BABA,3,352,19,333
latest_0718,mispricing,both,ST,4,345,13,332
latest_0718,mispricing,both,NVDA,5,338,16,322
latest_0718,mispricing,both,TSM,6,345,28,317
latest_0718,mispricing,both,VST,7,333,24,309
latest_0718,mispricing,both,QCOM,8,331,30,301
latest_0718,mispricing,both,VISN,9,315,28,287
latest_0718,mispricing,both,BDC,10,304,17,287
latest_0718,mispricing,both,PNR,11,326,43,283
latest_0718,mispricing,both,META,12,316,57,259
latest_0718,mispricing,both,TEL,13,296,51,245
latest_0718,mispricing,both,ENS,14,303,62,241
latest_0718,mispricing,both,GOOGL,15,285,58,227
latest_0718,mispricing,both,SMCI,16,269,46,223
latest_0718,mispricing,both,JBL,17,278,69,209
latest_0718,mispricing,both,ET,18,261,53,208
latest_0718,mispricing,both,MU,19,285,81,204
latest_0718,mispricing,both,HPE,20,277,77,200
latest_0718,mispricing,both,TMO,21,269,72,197
latest_0718,mispricing,both,PSIX,22,206,10,196
latest_0718,mispricing,both,DD,23,276,82,194
latest_0718,mispricing,both,DOV,24,261,70,191
latest_0718,mispricing,both,ATKR,25,258,67,191
latest_0718,mispricing,both,MCHP,26,269,83,186
latest_0718,mispricing,both,CC,27,260,74,186
latest_0718,mispricing,both,HUBB,28,269,89,180
latest_0718,mispricing,both,DCI,29,264,85,179
latest_0718,mispricing,both,SANM,30,229,57,172
latest_0718,mispricing,both,AVGO,31,245,76,169
latest_0718,mispricing,both,MKSI,32,249,82,167
latest_0718,mispricing,both,MSI,33,251,92,159
latest_0718,mispricing,both,PENG,34,246,91,155
latest_0718,mispricing,both,CEG,35,215,60,155
latest_0718,mispricing,both,ALLE,36,236,84,152
latest_0718,mispricing,both,HTHIY,37,256,108,148
latest_0718,mispricing,both,PLAB,38,252,104,148
latest_0718,mispricing,both,MOD,39,230,87,143
latest_0718,mispricing,both,NTNX,40,218,79,139
latest_0718,mispricing,both,LFUS,41,232,94,138
latest_0718,mispricing,both,VECO,42,221,86,135
latest_0718,mispricing,both,FTV,43,234,103,131
latest_0718,mispricing,both,CLS,44,227,103,124
latest_0718,mispricing,both,DELL,45,219,103,116
latest_0718,mispricing,both,IBM,46,188,74,114
latest_0718,mispricing,both,CMI,47,209,98,111
latest_0718,mispricing,both,P,48,200,93,107
latest_0718,mispricing,both,ASGLY,49,192,85,107
latest_0718,mispricing,both,Q,50,182,75,107
latest_0718,mispricing,both,SOMMY,51,199,94,105
latest_0718,mispricing,both,EME,52,221,118,103
latest_0718,mispricing,both,CRDO,53,196,93,103
latest_0718,mispricing,both,NVT,54,224,124,100
latest_0718,mispricing,both,MSFT,55,209,111,98
latest_0718,mispricing,both,JCI,56,218,122,96
latest_0718,mispricing,both,AEIS,57,215,119,96
latest_0718,mispricing,both,AEP,58,204,110,94
latest_0718,mispricing,both,ETN,59,196,103,93
latest_0718,mispricing,both,CARR,60,221,129,92
latest_0718,mispricing,both,AMZN,61,190,99,91
latest_0718,mispricing,both,MIELY,62,168,78,90
latest_0718,mispricing,both,DHR,63,218,131,87
latest_0718,mispricing,both,DTE,64,187,106,81
latest_0718,mispricing,both,SNPS,65,182,101,81
latest_0718,mispricing,both,ASX,66,208,130,78
latest_0718,mispricing,both,GNRC,67,213,138,75
latest_0718,mispricing,both,FLEX,68,189,114,75
latest_0718,mispricing,both,IESC,69,177,102,75
latest_0718,mispricing,both,NTAP,70,193,119,74
latest_0718,mispricing,both,NOK,71,189,121,68
latest_0718,mispricing,both,APH,72,206,139,67
latest_0718,mispricing,both,ON,73,180,113,67
latest_0718,mispricing,both,KEYS,74,192,127,65
latest_0718,mispricing,both,IFNNY,75,194,130,64
latest_0718,mispricing,both,SKHY,76,156,92,64
latest_0718,mispricing,both,SNDK,77,197,138,59
latest_0718,mispricing,both,BELFB,78,169,112,57
latest_0718,mispricing,both,AMKR,79,190,134,56
latest_0718,mispricing,both,MMM,80,191,140,51
latest_0718,mispricing,both,DIOD,81,186,135,51
latest_0718,mispricing,both,TTDKY,82,186,140,46
latest_0718,mispricing,both,CAMT,83,185,141,44
latest_0718,mispricing,both,ADI,84,180,137,43
latest_0718,mispricing,both,ONTO,85,183,145,38
latest_0718,mispricing,both,SMTOY,86,159,121,38
latest_0718,mispricing,both,RMBS,87,156,118,38
latest_0718,mispricing,both,APD,88,183,146,37
latest_0718,mispricing,both,POWL,89,176,139,37
latest_0718,mispricing,both,ENTG,90,140,114,26
latest_0718,mispricing,both,UCTT,91,169,145,24
latest_0718,mispricing,both,ETR,92,172,151,21
latest_0718,mispricing,both,ACLS,93,177,159,18
latest_0718,mispricing,both,TOELY,94,119,102,17
latest_0718,mispricing,both,ASMIY,95,170,155,15
latest_0718,mispricing,both,GFS,96,160,145,15
latest_0718,mispricing,both,TDY,97,177,165,12
latest_0718,mispricing,both,SMTC,98,166,154,12
latest_0718,mispricing,both,SIMO,99,161,150,11
latest_0718,mispricing,both,ASML,100,150,144,6
latest_0718,mispricing,both,ABBNY,101,154,154,0
latest_0718,mispricing,both,TT,102,151,152,-1
latest_0718,mispricing,both,TER,103,159,162,-3
latest_0718,mispricing,both,NDSN,104,154,166,-12
latest_0718,mispricing,both,KLIC,105,170,186,-16
latest_0718,mispricing,both,ENPH,106,162,181,-19
latest_0718,mispricing,both,CSCO,107,145,164,-19
latest_0718,mispricing,both,LIN,108,148,172,-24
latest_0718,mispricing,both,DLR,109,124,151,-27
latest_0718,mispricing,both,STM,110,138,167,-29
latest_0718,mispricing,both,AAOI,111,140,173,-33
latest_0718,mispricing,both,VRT,112,124,157,-33
latest_0718,mispricing,both,AMAT,113,146,180,-34
latest_0718,mispricing,both,NVMI,114,145,179,-34
latest_0718,mispricing,both,SHECY,115,119,156,-37
latest_0718,mispricing,both,MRVL,116,132,170,-38
latest_0718,mispricing,both,RYCEY,117,136,175,-39
latest_0718,mispricing,both,PH,118,131,174,-43
latest_0718,mispricing,both,MYRG,119,129,173,-44
latest_0718,mispricing,both,FN,120,126,172,-46
latest_0718,mispricing,both,VIAV,121,124,173,-49
latest_0718,mispricing,both,UMC,122,152,206,-54
latest_0718,mispricing,both,FIX,123,137,191,-54
latest_0718,mispricing,both,ASMVY,124,110,165,-55
latest_0718,mispricing,both,GEV,125,83,143,-60
latest_0718,mispricing,both,BWXT,126,122,183,-61
latest_0718,mispricing,both,VSH,127,139,201,-62
latest_0718,mispricing,both,DSCSY,128,81,149,-68
latest_0718,mispricing,both,COHU,129,108,178,-70
latest_0718,mispricing,both,MICLF,130,84,156,-72
latest_0718,mispricing,both,AMD,131,109,183,-74
latest_0718,mispricing,both,ATEYY,132,103,178,-75
latest_0718,mispricing,both,HOCPY,133,84,159,-75
latest_0718,mispricing,both,ECL,134,117,193,-76
latest_0718,mispricing,both,STX,135,114,190,-76
latest_0718,mispricing,both,ICHR,136,123,204,-81
latest_0718,mispricing,both,COHR,137,115,196,-81
latest_0718,mispricing,both,MTRN,138,98,187,-89
latest_0718,mispricing,both,EQIX,139,86,179,-93
latest_0718,mispricing,both,ANET,140,90,184,-94
latest_0718,mispricing,both,DKILY,141,77,174,-97
latest_0718,mispricing,both,ROG,142,108,206,-98
latest_0718,mispricing,both,FORM,143,98,197,-99
latest_0718,mispricing,both,LITE,144,98,197,-99
latest_0718,mispricing,both,LRCX,145,96,195,-99
latest_0718,mispricing,both,KLAC,146,103,210,-107
latest_0718,mispricing,both,WDC,147,105,213,-108
latest_0718,mispricing,both,PWR,148,101,214,-113
latest_0718,mispricing,both,AJNMY,149,74,187,-113
latest_0718,mispricing,both,FLNC,150,120,236,-116
latest_0718,mispricing,both,TSEM,151,107,223,-116
latest_0718,mispricing,both,AOSL,152,104,222,-118
latest_0718,mispricing,both,AAON,153,92,211,-119
latest_0718,mispricing,both,CAT,154,100,220,-120
latest_0718,mispricing,both,TXN,155,92,218,-126
latest_0718,mispricing,both,ACMR,156,89,215,-126
latest_0718,mispricing,both,CIEN,157,87,219,-132
latest_0718,mispricing,both,MRAAY,158,81,213,-132
latest_0718,mispricing,both,MTSI,159,86,219,-133
latest_0718,mispricing,both,MPWR,160,86,221,-135
latest_0718,mispricing,both,TE,161,64,214,-150
latest_0718,mispricing,both,POWI,162,79,256,-177
latest_0718,mispricing,both,GLW,163,65,249,-184
latest_0718,mispricing,both,VICR,164,68,254,-186
latest_0718,mispricing,both,IMOS,165,59,251,-192
latest_0718,mispricing,both,CRWV,166,57,270,-213
latest_0718,mispricing,both,BESIY,167,49,264,-215
latest_0718,mispricing,both,MXL,168,51,268,-217
latest_0718,mispricing,both,CDNS,169,53,271,-218
latest_0718,mispricing,both,BE,170,41,270,-229
latest_0718,mispricing,both,IREN,171,51,284,-233
latest_0718,mispricing,both,NBIS,172,56,293,-237
latest_0718,mispricing,both,MRAM,173,41,283,-242
latest_0718,mispricing,both,SITM,174,39,294,-255
latest_0718,mispricing,both,AXTI,175,34,304,-270
latest_0718,mispricing,both,APLD,176,38,315,-277
latest_0718,mispricing,both,ALAB,177,26,311,-285
latest_0718,mispricing,both,INTC,178,26,313,-287
latest_0718,mispricing,both,AEHR,179,25,336,-311
latest_0718,mispricing,both,WOLF,180,19,334,-315
latest_0718,mispricing,both,CRWD,181,9,325,-316
latest_0718,mispricing,both,AMPX,182,24,343,-319
latest_0718,mispricing,both,FCEL,183,11,330,-319
latest_0718,mispricing,both,TSLA,184,12,334,-322
latest_0718,mispricing,both,RKLB,185,9,344,-335
latest_0718,mispricing,both,CBRS,186,12,352,-340
latest_0718,mispricing,both,ARM,187,11,357,-346
latest_0718,mispricing,both,POET,188,11,358,-347
latest_0718,mispricing,both,SMR,189,7,354,-347
latest_0718,mispricing,both,NVTS,190,5,367,-362
latest_0718,mispricing,both,OKLO,191,3,368,-365
latest_0718,mispricing,both,LWLG,192,0,367,-367
latest_0718,mispricing,self_only,ADBE,1,171,5,166
latest_0718,mispricing,self_only,ST,2,162,9,153
latest_0718,mispricing,self_only,ORCL,3,168,16,152
latest_0718,mispricing,self_only,BABA,4,164,19,145
latest_0718,mispricing,self_only,NVDA,5,151,14,137
latest_0718,mispricing,self_only,TSM,6,157,28,129
latest_0718,mispricing,self_only,VST,7,144,24,120
latest_0718,mispricing,self_only,QCOM,8,146,28,118
latest_0718,mispricing,self_only,VISN,9,140,22,118
latest_0718,mispricing,self_only,SMCI,10,143,27,116
latest_0718,mispricing,self_only,BDC,11,123,10,113
latest_0718,mispricing,self_only,PNR,12,148,38,110
latest_0718,mispricing,self_only,META,13,130,55,75
latest_0718,mispricing,self_only,TEL,14,116,44,72
latest_0718,mispricing,self_only,ENS,15,127,56,71
latest_0718,mispricing,self_only,JBL,16,117,56,61
latest_0718,mispricing,self_only,DCI,17,119,60,59
latest_0718,mispricing,self_only,GOOGL,18,105,52,53
latest_0718,mispricing,self_only,PENG,19,109,67,42
latest_0718,mispricing,self_only,DOV,20,95,56,39
latest_0718,mispricing,self_only,Q,21,74,36,38
latest_0718,mispricing,self_only,ASGLY,22,100,65,35
latest_0718,mispricing,self_only,DD,23,106,72,34
latest_0718,mispricing,self_only,CC,24,98,64,34
latest_0718,mispricing,self_only,TMO,25,94,63,31
latest_0718,mispricing,self_only,HUBB,26,102,74,28
latest_0718,mispricing,self_only,HPE,27,97,71,26
latest_0718,mispricing,self_only,ET,28,76,50,26
latest_0718,mispricing,self_only,MCHP,29,95,71,24
latest_0718,mispricing,self_only,MKSI,30,88,65,23
latest_0718,mispricing,self_only,ATKR,31,78,60,18
latest_0718,mispricing,self_only,MIELY,32,77,62,15
latest_0718,mispricing,self_only,MU,33,95,81,14
latest_0718,mispricing,self_only,PSIX,34,22,9,13
latest_0718,mispricing,self_only,MSI,35,86,77,9
latest_0718,mispricing,self_only,P,36,76,67,9
latest_0718,mispricing,self_only,AEP,37,85,78,7
latest_0718,mispricing,self_only,SOMMY,38,82,75,7
latest_0718,mispricing,self_only,LFUS,39,81,74,7
latest_0718,mispricing,self_only,SANM,40,54,48,6
latest_0718,mispricing,self_only,CRDO,41,64,72,-8
latest_0718,mispricing,self_only,NTNX,42,56,64,-8
latest_0718,mispricing,self_only,TOELY,43,58,67,-9
latest_0718,mispricing,self_only,ALLE,44,66,76,-10
latest_0718,mispricing,self_only,AVGO,45,61,72,-11
latest_0718,mispricing,self_only,SKHY,46,73,89,-16
latest_0718,mispricing,self_only,FTV,47,70,89,-19
latest_0718,mispricing,self_only,JCI,48,78,98,-20
latest_0718,mispricing,self_only,CLS,49,72,92,-20
latest_0718,mispricing,self_only,IBM,50,35,56,-21
latest_0718,mispricing,self_only,AMKR,51,76,98,-22
latest_0718,mispricing,self_only,IESC,52,60,82,-22
latest_0718,mispricing,self_only,FLNC,53,83,108,-25
latest_0718,mispricing,self_only,PLAB,54,71,98,-27
latest_0718,mispricing,self_only,AEIS,55,69,96,-27
latest_0718,mispricing,self_only,RMBS,56,57,84,-27
latest_0718,mispricing,self_only,HTHIY,57,78,106,-28
latest_0718,mispricing,self_only,MOD,58,54,83,-29
latest_0718,mispricing,self_only,BELFB,59,53,82,-29
latest_0718,mispricing,self_only,VECO,60,47,76,-29
latest_0718,mispricing,self_only,CEG,61,30,59,-29
latest_0718,mispricing,self_only,DTE,62,51,81,-30
latest_0718,mispricing,self_only,NVT,63,69,100,-31
latest_0718,mispricing,self_only,DELL,64,56,89,-33
latest_0718,mispricing,self_only,SNPS,65,41,76,-35
latest_0718,mispricing,self_only,ACLS,66,71,108,-37
latest_0718,mispricing,self_only,ETN,67,44,81,-37
latest_0718,mispricing,self_only,APD,68,62,100,-38
latest_0718,mispricing,self_only,CMI,69,44,85,-41
latest_0718,mispricing,self_only,ENTG,70,35,76,-41
latest_0718,mispricing,self_only,SMTC,71,64,106,-42
latest_0718,mispricing,self_only,KEYS,72,56,100,-44
latest_0718,mispricing,self_only,CARR,73,65,110,-45
latest_0718,mispricing,self_only,CAMT,74,60,105,-45
latest_0718,mispricing,self_only,DLR,75,51,96,-45
latest_0718,mispricing,self_only,NOK,76,48,96,-48
latest_0718,mispricing,self_only,ADI,77,53,104,-51
latest_0718,mispricing,self_only,EME,78,53,106,-53
latest_0718,mispricing,self_only,ON,79,36,90,-54
latest_0718,mispricing,self_only,APH,80,62,117,-55
latest_0718,mispricing,self_only,TTDKY,81,60,115,-55
latest_0718,mispricing,self_only,SMTOY,82,54,109,-55
latest_0718,mispricing,self_only,STX,83,59,115,-56
latest_0718,mispricing,self_only,GEV,84,16,74,-58
latest_0718,mispricing,self_only,ETR,85,55,115,-60
latest_0718,mispricing,self_only,ASX,86,56,117,-61
latest_0718,mispricing,self_only,AMZN,87,28,89,-61
latest_0718,mispricing,self_only,HOCPY,88,34,98,-64
latest_0718,mispricing,self_only,UCTT,89,42,110,-68
latest_0718,mispricing,self_only,DHR,90,50,120,-70
latest_0718,mispricing,self_only,FORM,91,39,109,-70
latest_0718,mispricing,self_only,LIN,92,50,122,-72
latest_0718,mispricing,self_only,MYRG,93,42,114,-72
latest_0718,mispricing,self_only,POWL,94,40,112,-72
latest_0718,mispricing,self_only,ABBNY,95,37,109,-72
latest_0718,mispricing,self_only,FLEX,96,28,100,-72
latest_0718,mispricing,self_only,ONTO,97,44,117,-73
latest_0718,mispricing,self_only,ASML,98,40,113,-73
latest_0718,mispricing,self_only,MSFT,99,33,107,-74
latest_0718,mispricing,self_only,GFS,100,31,106,-75
latest_0718,mispricing,self_only,SIMO,101,41,117,-76
latest_0718,mispricing,self_only,GNRC,102,47,124,-77
latest_0718,mispricing,self_only,DSCSY,103,31,108,-77
latest_0718,mispricing,self_only,IFNNY,104,36,114,-78
latest_0718,mispricing,self_only,COHU,105,29,107,-78
latest_0718,mispricing,self_only,NTAP,106,27,106,-79
latest_0718,mispricing,self_only,EQIX,107,27,107,-80
latest_0718,mispricing,self_only,VIAV,108,34,115,-81
latest_0718,mispricing,self_only,TT,109,32,113,-81
latest_0718,mispricing,self_only,STM,110,30,112,-82
latest_0718,mispricing,self_only,ASMIY,111,44,130,-86
latest_0718,mispricing,self_only,NBIS,112,44,130,-86
latest_0718,mispricing,self_only,TER,113,37,123,-86
latest_0718,mispricing,self_only,AOSL,114,35,123,-88
latest_0718,mispricing,self_only,VRT,115,23,114,-91
latest_0718,mispricing,self_only,TE,116,19,110,-91
latest_0718,mispricing,self_only,NVMI,117,41,133,-92
latest_0718,mispricing,self_only,ASMVY,118,39,132,-93
latest_0718,mispricing,self_only,MTRN,119,25,119,-94
latest_0718,mispricing,self_only,ANET,120,23,117,-94
latest_0718,mispricing,self_only,TDY,121,41,136,-95
latest_0718,mispricing,self_only,AMD,122,37,132,-95
latest_0718,mispricing,self_only,MTSI,123,38,134,-96
latest_0718,mispricing,self_only,MRVL,124,29,125,-96
latest_0718,mispricing,self_only,AMAT,125,39,136,-97
latest_0718,mispricing,self_only,WDC,126,43,141,-98
latest_0718,mispricing,self_only,ATEYY,127,41,139,-98
latest_0718,mispricing,self_only,ICHR,128,39,137,-98
latest_0718,mispricing,self_only,LITE,129,29,130,-101
latest_0718,mispricing,self_only,SNDK,130,29,130,-101
latest_0718,mispricing,self_only,ACMR,131,32,134,-102
latest_0718,mispricing,self_only,MPWR,132,32,134,-102
latest_0718,mispricing,self_only,BWXT,133,29,131,-102
latest_0718,mispricing,self_only,SHECY,134,33,136,-103
latest_0718,mispricing,self_only,KLAC,135,31,134,-103
latest_0718,mispricing,self_only,LRCX,136,19,123,-104
latest_0718,mispricing,self_only,FIX,137,35,140,-105
latest_0718,mispricing,self_only,FN,138,30,136,-106
latest_0718,mispricing,self_only,ROG,139,26,132,-106
latest_0718,mispricing,self_only,DIOD,140,14,121,-107
latest_0718,mispricing,self_only,MMM,141,21,129,-108
latest_0718,mispricing,self_only,GLW,142,28,137,-109
latest_0718,mispricing,self_only,PWR,143,31,141,-110
latest_0718,mispricing,self_only,ECL,144,30,140,-110
latest_0718,mispricing,self_only,MICLF,145,29,139,-110
latest_0718,mispricing,self_only,CIEN,146,25,135,-110
latest_0718,mispricing,self_only,POWI,147,31,142,-111
latest_0718,mispricing,self_only,CAT,148,30,142,-112
latest_0718,mispricing,self_only,MRAM,149,20,132,-112
latest_0718,mispricing,self_only,TXN,150,30,143,-113
latest_0718,mispricing,self_only,NDSN,151,24,137,-113
latest_0718,mispricing,self_only,AAOI,152,26,140,-114
latest_0718,mispricing,self_only,RYCEY,153,25,139,-114
latest_0718,mispricing,self_only,AJNMY,154,32,147,-115
latest_0718,mispricing,self_only,CRWV,155,31,146,-115
latest_0718,mispricing,self_only,IREN,156,26,143,-117
latest_0718,mispricing,self_only,PH,157,19,136,-117
latest_0718,mispricing,self_only,IMOS,158,17,136,-119
latest_0718,mispricing,self_only,AAON,159,21,142,-121
latest_0718,mispricing,self_only,CSCO,160,17,139,-122
latest_0718,mispricing,self_only,UMC,161,32,156,-124
latest_0718,mispricing,self_only,VSH,162,26,150,-124
latest_0718,mispricing,self_only,SITM,163,23,150,-127
latest_0718,mispricing,self_only,BE,164,18,146,-128
latest_0718,mispricing,self_only,DKILY,165,14,144,-130
latest_0718,mispricing,self_only,ALAB,166,21,152,-131
latest_0718,mispricing,self_only,BESIY,167,25,157,-132
latest_0718,mispricing,self_only,COHR,168,23,155,-132
latest_0718,mispricing,self_only,ENPH,169,21,154,-133
latest_0718,mispricing,self_only,FCEL,170,11,144,-133
latest_0718,mispricing,self_only,VICR,171,20,156,-136
latest_0718,mispricing,self_only,WOLF,172,17,154,-137
latest_0718,mispricing,self_only,MRAAY,173,21,161,-140
latest_0718,mispricing,self_only,AXTI,174,20,160,-140
latest_0718,mispricing,self_only,KLIC,175,22,166,-144
latest_0718,mispricing,self_only,TSLA,176,12,156,-144
latest_0718,mispricing,self_only,APLD,177,19,167,-148
latest_0718,mispricing,self_only,TSEM,178,15,165,-150
latest_0718,mispricing,self_only,MXL,179,14,166,-152
latest_0718,mispricing,self_only,AMPX,180,16,169,-153
latest_0718,mispricing,self_only,RKLB,181,7,160,-153
latest_0718,mispricing,self_only,CDNS,182,15,174,-159
latest_0718,mispricing,self_only,CRWD,183,1,160,-159
latest_0718,mispricing,self_only,AEHR,184,13,173,-160
latest_0718,mispricing,self_only,SMR,185,6,166,-160
latest_0718,mispricing,self_only,INTC,186,12,174,-162
latest_0718,mispricing,self_only,POET,187,9,171,-162
latest_0718,mispricing,self_only,CBRS,188,9,172,-163
latest_0718,mispricing,self_only,ARM,189,10,177,-167
latest_0718,mispricing,self_only,NVTS,190,4,180,-176
latest_0718,mispricing,self_only,LWLG,191,0,177,-177
latest_0718,mispricing,self_only,OKLO,192,3,181,-178
latest_0718,mispricing,other_only,ADBE,1,191,0,191
latest_0718,mispricing,other_only,MU,2,190,0,190
latest_0718,mispricing,other_only,VST,3,189,0,189
latest_0718,mispricing,other_only,BABA,4,188,0,188
latest_0718,mispricing,other_only,TSM,5,188,0,188
latest_0718,mispricing,other_only,ORCL,6,188,1,187
latest_0718,mispricing,other_only,NVDA,7,187,2,185
latest_0718,mispricing,other_only,META,8,186,2,184
latest_0718,mispricing,other_only,CEG,9,185,1,184
latest_0718,mispricing,other_only,QCOM,10,185,2,183
latest_0718,mispricing,other_only,PSIX,11,184,1,183
latest_0718,mispricing,other_only,ET,12,185,3,182
latest_0718,mispricing,other_only,AVGO,13,184,4,180
latest_0718,mispricing,other_only,ST,14,183,4,179
latest_0718,mispricing,other_only,HTHIY,15,178,2,176
latest_0718,mispricing,other_only,PLAB,16,181,6,175
latest_0718,mispricing,other_only,BDC,17,181,7,174
latest_0718,mispricing,other_only,GOOGL,18,180,6,174
latest_0718,mispricing,other_only,HPE,19,180,6,174
latest_0718,mispricing,other_only,ATKR,20,180,7,173
latest_0718,mispricing,other_only,TEL,21,180,7,173
latest_0718,mispricing,other_only,PNR,22,178,5,173
latest_0718,mispricing,other_only,MOD,23,176,4,172
latest_0718,mispricing,other_only,MSFT,24,176,4,172
latest_0718,mispricing,other_only,ENS,25,176,6,170
latest_0718,mispricing,other_only,VISN,26,175,6,169
latest_0718,mispricing,other_only,SANM,27,175,9,166
latest_0718,mispricing,other_only,TMO,28,175,9,166
latest_0718,mispricing,other_only,VECO,29,174,10,164
latest_0718,mispricing,other_only,MCHP,30,174,12,162
latest_0718,mispricing,other_only,ALLE,31,170,8,162
latest_0718,mispricing,other_only,DD,32,170,10,160
latest_0718,mispricing,other_only,SNDK,33,168,8,160
latest_0718,mispricing,other_only,MMM,34,170,11,159
latest_0718,mispricing,other_only,DIOD,35,172,14,158
latest_0718,mispricing,other_only,DHR,36,168,11,157
latest_0718,mispricing,other_only,EME,37,168,12,156
latest_0718,mispricing,other_only,NTAP,38,166,13,153
latest_0718,mispricing,other_only,HUBB,39,167,15,152
latest_0718,mispricing,other_only,DOV,40,166,14,152
latest_0718,mispricing,other_only,GNRC,41,166,14,152
latest_0718,mispricing,other_only,CMI,42,165,13,152
latest_0718,mispricing,other_only,AMZN,43,162,10,152
latest_0718,mispricing,other_only,CC,44,162,10,152
latest_0718,mispricing,other_only,MSI,45,165,15,150
latest_0718,mispricing,other_only,FTV,46,164,14,150
latest_0718,mispricing,other_only,DELL,47,163,14,149
latest_0718,mispricing,other_only,JBL,48,161,13,148
latest_0718,mispricing,other_only,NTNX,49,162,15,147
latest_0718,mispricing,other_only,FLEX,50,161,14,147
latest_0718,mispricing,other_only,MKSI,51,161,17,144
latest_0718,mispricing,other_only,CLS,52,155,11,144
latest_0718,mispricing,other_only,IFNNY,53,158,16,142
latest_0718,mispricing,other_only,ASX,54,152,13,139
latest_0718,mispricing,other_only,CARR,55,156,19,137
latest_0718,mispricing,other_only,IBM,56,153,18,135
latest_0718,mispricing,other_only,NVT,57,155,24,131
latest_0718,mispricing,other_only,LFUS,58,151,20,131
latest_0718,mispricing,other_only,ETN,59,152,22,130
latest_0718,mispricing,other_only,KLIC,60,148,20,128
latest_0718,mispricing,other_only,AEIS,61,146,23,123
latest_0718,mispricing,other_only,APH,62,144,22,122
latest_0718,mispricing,other_only,ON,63,144,23,121
latest_0718,mispricing,other_only,DCI,64,145,25,120
latest_0718,mispricing,other_only,NOK,65,141,25,116
latest_0718,mispricing,other_only,SNPS,66,141,25,116
latest_0718,mispricing,other_only,JCI,67,140,24,116
latest_0718,mispricing,other_only,ENPH,68,141,27,114
latest_0718,mispricing,other_only,PENG,69,137,24,113
latest_0718,mispricing,other_only,ONTO,70,139,28,111
latest_0718,mispricing,other_only,DTE,71,136,25,111
latest_0718,mispricing,other_only,CRDO,72,132,21,111
latest_0718,mispricing,other_only,KEYS,73,136,27,109
latest_0718,mispricing,other_only,POWL,74,136,27,109
latest_0718,mispricing,other_only,TDY,75,136,29,107
latest_0718,mispricing,other_only,SMCI,76,126,19,107
latest_0718,mispricing,other_only,CSCO,77,128,25,103
latest_0718,mispricing,other_only,NDSN,78,130,29,101
latest_0718,mispricing,other_only,ASMIY,79,126,25,101
latest_0718,mispricing,other_only,TTDKY,80,126,25,101
latest_0718,mispricing,other_only,P,81,124,26,98
latest_0718,mispricing,other_only,SOMMY,82,117,19,98
latest_0718,mispricing,other_only,IESC,83,117,20,97
latest_0718,mispricing,other_only,ADI,84,127,33,94
latest_0718,mispricing,other_only,SMTOY,85,105,12,93
latest_0718,mispricing,other_only,UCTT,86,127,35,92
latest_0718,mispricing,other_only,GFS,87,129,39,90
latest_0718,mispricing,other_only,CAMT,88,125,36,89
latest_0718,mispricing,other_only,SIMO,89,120,33,87
latest_0718,mispricing,other_only,AEP,90,119,32,87
latest_0718,mispricing,other_only,BELFB,91,116,30,86
latest_0718,mispricing,other_only,TER,92,122,39,83
latest_0718,mispricing,other_only,ETR,93,117,36,81
latest_0718,mispricing,other_only,AAOI,94,114,33,81
latest_0718,mispricing,other_only,TT,95,119,39,80
latest_0718,mispricing,other_only,SKHY,96,83,3,80
latest_0718,mispricing,other_only,ASML,97,110,31,79
latest_0718,mispricing,other_only,AMKR,98,114,36,78
latest_0718,mispricing,other_only,APD,99,121,46,75
latest_0718,mispricing,other_only,RYCEY,100,111,36,75
latest_0718,mispricing,other_only,MIELY,101,91,16,75
latest_0718,mispricing,other_only,PH,102,112,38,74
latest_0718,mispricing,other_only,ABBNY,103,117,45,72
latest_0718,mispricing,other_only,ASGLY,104,92,20,72
latest_0718,mispricing,other_only,UMC,105,120,50,70
latest_0718,mispricing,other_only,Q,106,108,39,69
latest_0718,mispricing,other_only,ENTG,107,105,38,67
latest_0718,mispricing,other_only,SHECY,108,86,20,66
latest_0718,mispricing,other_only,RMBS,109,99,34,65
latest_0718,mispricing,other_only,AMAT,110,107,44,63
latest_0718,mispricing,other_only,VSH,111,113,51,62
latest_0718,mispricing,other_only,FN,112,96,36,60
latest_0718,mispricing,other_only,NVMI,113,104,46,58
latest_0718,mispricing,other_only,MRVL,114,103,45,58
latest_0718,mispricing,other_only,VRT,115,101,43,58
latest_0718,mispricing,other_only,ACLS,116,106,51,55
latest_0718,mispricing,other_only,SMTC,117,102,48,54
latest_0718,mispricing,other_only,STM,118,108,55,53
latest_0718,mispricing,other_only,FIX,119,102,51,51
latest_0718,mispricing,other_only,COHR,120,92,41,51
latest_0718,mispricing,other_only,LIN,121,98,50,48
latest_0718,mispricing,other_only,BWXT,122,93,52,41
latest_0718,mispricing,other_only,ASMVY,123,71,33,38
latest_0718,mispricing,other_only,MICLF,124,55,17,38
latest_0718,mispricing,other_only,TSEM,125,92,58,34
latest_0718,mispricing,other_only,ECL,126,87,53,34
latest_0718,mispricing,other_only,DKILY,127,63,30,33
latest_0718,mispricing,other_only,VIAV,128,90,58,32
latest_0718,mispricing,other_only,MYRG,129,87,59,28
latest_0718,mispricing,other_only,TOELY,130,61,35,26
latest_0718,mispricing,other_only,ATEYY,131,62,39,23
latest_0718,mispricing,other_only,AMD,132,72,51,21
latest_0718,mispricing,other_only,DLR,133,73,55,18
latest_0718,mispricing,other_only,ICHR,134,84,67,17
latest_0718,mispricing,other_only,DSCSY,135,50,41,9
latest_0718,mispricing,other_only,ROG,136,82,74,8
latest_0718,mispricing,other_only,COHU,137,79,71,8
latest_0718,mispricing,other_only,MRAAY,138,60,52,8
latest_0718,mispricing,other_only,LRCX,139,77,72,5
latest_0718,mispricing,other_only,MTRN,140,73,68,5
latest_0718,mispricing,other_only,AAON,141,71,69,2
latest_0718,mispricing,other_only,LITE,142,69,67,2
latest_0718,mispricing,other_only,AJNMY,143,42,40,2
latest_0718,mispricing,other_only,ANET,144,67,67,0
latest_0718,mispricing,other_only,GEV,145,67,69,-2
latest_0718,mispricing,other_only,PWR,146,70,73,-3
latest_0718,mispricing,other_only,KLAC,147,72,76,-4
latest_0718,mispricing,other_only,CAT,148,70,78,-8
latest_0718,mispricing,other_only,WDC,149,62,72,-10
latest_0718,mispricing,other_only,HOCPY,150,50,61,-11
latest_0718,mispricing,other_only,TXN,151,62,75,-13
latest_0718,mispricing,other_only,EQIX,152,59,72,-13
latest_0718,mispricing,other_only,STX,153,55,75,-20
latest_0718,mispricing,other_only,CIEN,154,62,84,-22
latest_0718,mispricing,other_only,ACMR,155,57,81,-24
latest_0718,mispricing,other_only,FORM,156,59,88,-29
latest_0718,mispricing,other_only,AOSL,157,69,99,-30
latest_0718,mispricing,other_only,MPWR,158,54,87,-33
latest_0718,mispricing,other_only,MTSI,159,48,85,-37
latest_0718,mispricing,other_only,VICR,160,48,98,-50
latest_0718,mispricing,other_only,TE,161,45,104,-59
latest_0718,mispricing,other_only,CDNS,162,38,97,-59
latest_0718,mispricing,other_only,MXL,163,37,102,-65
latest_0718,mispricing,other_only,POWI,164,48,114,-66
latest_0718,mispricing,other_only,IMOS,165,42,115,-73
latest_0718,mispricing,other_only,GLW,166,37,112,-75
latest_0718,mispricing,other_only,BESIY,167,24,107,-83
latest_0718,mispricing,other_only,FLNC,168,37,128,-91
latest_0718,mispricing,other_only,CRWV,169,26,124,-98
latest_0718,mispricing,other_only,BE,170,23,124,-101
latest_0718,mispricing,other_only,IREN,171,25,141,-116
latest_0718,mispricing,other_only,INTC,172,14,139,-125
latest_0718,mispricing,other_only,SITM,173,16,144,-128
latest_0718,mispricing,other_only,APLD,174,19,148,-129
latest_0718,mispricing,other_only,MRAM,175,21,151,-130
latest_0718,mispricing,other_only,AXTI,176,14,144,-130
latest_0718,mispricing,other_only,AEHR,177,12,163,-151
latest_0718,mispricing,other_only,NBIS,178,12,163,-151
latest_0718,mispricing,other_only,ALAB,179,5,159,-154
latest_0718,mispricing,other_only,CRWD,180,8,165,-157
latest_0718,mispricing,other_only,AMPX,181,8,174,-166
latest_0718,mispricing,other_only,CBRS,182,3,180,-177
latest_0718,mispricing,other_only,WOLF,183,2,180,-178
latest_0718,mispricing,other_only,TSLA,184,0,178,-178
latest_0718,mispricing,other_only,ARM,185,1,180,-179
latest_0718,mispricing,other_only,RKLB,186,2,184,-182
latest_0718,mispricing,other_only,POET,187,2,187,-185
latest_0718,mispricing,other_only,NVTS,188,1,187,-186
latest_0718,mispricing,other_only,FCEL,189,0,186,-186
latest_0718,mispricing,other_only,SMR,190,1,188,-187
latest_0718,mispricing,other_only,OKLO,191,0,187,-187
latest_0718,mispricing,other_only,LWLG,192,0,190,-190
latest_0718,mispricing,agreement_only,ADBE,1,171,0,171
latest_0718,mispricing,agreement_only,ORCL,2,166,1,165
latest_0718,mispricing,agreement_only,BABA,3,164,0,164
latest_0718,mispricing,agreement_only,ST,4,159,2,157
latest_0718,mispricing,agreement_only,TSM,5,157,0,157
latest_0718,mispricing,agreement_only,NVDA,6,150,1,149
latest_0718,mispricing,agreement_only,VST,7,144,0,144
latest_0718,mispricing,agreement_only,QCOM,8,145,2,143
latest_0718,mispricing,agreement_only,PNR,9,145,4,141
latest_0718,mispricing,agreement_only,VISN,10,129,0,129
latest_0718,mispricing,agreement_only,META,11,130,2,128
latest_0718,mispricing,agreement_only,ENS,12,126,6,120
latest_0718,mispricing,agreement_only,BDC,13,123,4,119
latest_0718,mispricing,agreement_only,TEL,14,116,7,109
latest_0718,mispricing,agreement_only,JBL,15,113,12,101
latest_0718,mispricing,agreement_only,GOOGL,16,105,6,99
latest_0718,mispricing,agreement_only,SMCI,17,101,4,97
latest_0718,mispricing,agreement_only,MU,18,95,0,95
latest_0718,mispricing,agreement_only,DD,19,102,10,92
latest_0718,mispricing,agreement_only,HPE,20,93,4,89
latest_0718,mispricing,agreement_only,DCI,21,109,21,88
latest_0718,mispricing,agreement_only,HUBB,22,99,15,84
latest_0718,mispricing,agreement_only,TMO,23,91,8,83
latest_0718,mispricing,agreement_only,MCHP,24,93,11,82
latest_0718,mispricing,agreement_only,CC,25,86,7,79
latest_0718,mispricing,agreement_only,PENG,26,99,21,78
latest_0718,mispricing,agreement_only,DOV,27,91,14,77
latest_0718,mispricing,agreement_only,ET,28,76,3,73
latest_0718,mispricing,agreement_only,HTHIY,29,75,2,73
latest_0718,mispricing,agreement_only,ATKR,30,77,5,72
latest_0718,mispricing,agreement_only,MSI,31,83,14,69
latest_0718,mispricing,agreement_only,MKSI,32,83,16,67
latest_0718,mispricing,agreement_only,PLAB,33,70,5,65
latest_0718,mispricing,agreement_only,LFUS,34,76,17,59
latest_0718,mispricing,agreement_only,ALLE,35,66,8,58
latest_0718,mispricing,agreement_only,AVGO,36,61,3,58
latest_0718,mispricing,agreement_only,CLS,37,67,10,57
latest_0718,mispricing,agreement_only,FTV,38,68,13,55
latest_0718,mispricing,agreement_only,MOD,39,54,3,51
latest_0718,mispricing,agreement_only,JCI,40,73,24,49
latest_0718,mispricing,agreement_only,AEIS,41,67,21,46
latest_0718,mispricing,agreement_only,NVT,42,66,20,46
latest_0718,mispricing,agreement_only,ASGLY,43,59,13,46
latest_0718,mispricing,agreement_only,SANM,44,54,8,46
latest_0718,mispricing,agreement_only,AEP,45,71,26,45
latest_0718,mispricing,agreement_only,Q,46,65,20,45
latest_0718,mispricing,agreement_only,SOMMY,47,60,15,45
latest_0718,mispricing,agreement_only,CARR,48,62,18,44
latest_0718,mispricing,agreement_only,DELL,49,56,12,44
latest_0718,mispricing,agreement_only,P,50,63,21,42
latest_0718,mispricing,agreement_only,MIELY,51,54,12,42
latest_0718,mispricing,agreement_only,NTNX,52,54,13,41
latest_0718,mispricing,agreement_only,EME,53,52,11,41
latest_0718,mispricing,agreement_only,ASX,54,52,12,40
latest_0718,mispricing,agreement_only,APH,55,61,22,39
latest_0718,mispricing,agreement_only,CRDO,56,53,14,39
latest_0718,mispricing,agreement_only,DHR,57,49,11,38
latest_0718,mispricing,agreement_only,VECO,58,45,8,37
latest_0718,mispricing,agreement_only,SKHY,59,37,0,37
latest_0718,mispricing,agreement_only,AMKR,60,67,33,34
latest_0718,mispricing,agreement_only,IESC,61,51,18,33
latest_0718,mispricing,agreement_only,GNRC,62,47,14,33
latest_0718,mispricing,agreement_only,CMI,63,44,11,33
latest_0718,mispricing,agreement_only,TTDKY,64,54,23,31
latest_0718,mispricing,agreement_only,SMTOY,65,42,12,30
latest_0718,mispricing,agreement_only,MSFT,66,33,4,29
latest_0718,mispricing,agreement_only,CEG,67,30,1,29
latest_0718,mispricing,agreement_only,KEYS,68,53,25,28
latest_0718,mispricing,agreement_only,NOK,69,48,22,26
latest_0718,mispricing,agreement_only,DTE,70,46,20,26
latest_0718,mispricing,agreement_only,BELFB,71,52,27,25
latest_0718,mispricing,agreement_only,CAMT,72,54,30,24
latest_0718,mispricing,agreement_only,ETN,73,44,20,24
latest_0718,mispricing,agreement_only,SNDK,74,29,7,22
latest_0718,mispricing,agreement_only,PSIX,75,22,1,21
latest_0718,mispricing,agreement_only,IFNNY,76,35,15,20
latest_0718,mispricing,agreement_only,IBM,77,31,12,19
latest_0718,mispricing,agreement_only,APD,78,58,41,17
latest_0718,mispricing,agreement_only,ADI,79,48,31,17
latest_0718,mispricing,agreement_only,ONTO,80,42,25,17
latest_0718,mispricing,agreement_only,SNPS,81,41,24,17
latest_0718,mispricing,agreement_only,ASMIY,82,39,22,17
latest_0718,mispricing,agreement_only,AMZN,83,27,10,17
latest_0718,mispricing,agreement_only,ACLS,84,63,47,16
latest_0718,mispricing,agreement_only,FLEX,85,28,13,15
latest_0718,mispricing,agreement_only,ETR,86,47,33,14
latest_0718,mispricing,agreement_only,ON,87,34,20,14
latest_0718,mispricing,agreement_only,NTAP,88,25,12,13
latest_0718,mispricing,agreement_only,UCTT,89,41,30,11
latest_0718,mispricing,agreement_only,POWL,90,35,24,11
latest_0718,mispricing,agreement_only,SMTC,91,45,35,10
latest_0718,mispricing,agreement_only,TDY,92,38,28,10
latest_0718,mispricing,agreement_only,MMM,93,21,11,10
latest_0718,mispricing,agreement_only,RMBS,94,41,32,9
latest_0718,mispricing,agreement_only,ASML,95,36,27,9
latest_0718,mispricing,agreement_only,SHECY,96,28,20,8
latest_0718,mispricing,agreement_only,SIMO,97,34,27,7
latest_0718,mispricing,agreement_only,MICLF,98,22,15,7
latest_0718,mispricing,agreement_only,TOELY,99,28,22,6
latest_0718,mispricing,agreement_only,ENTG,100,32,29,3
latest_0718,mispricing,agreement_only,KLIC,101,20,19,1
latest_0718,mispricing,agreement_only,DIOD,102,14,13,1
latest_0718,mispricing,agreement_only,LIN,103,45,46,-1
latest_0718,mispricing,agreement_only,TER,104,35,37,-2
latest_0718,mispricing,agreement_only,DLR,105,33,38,-5
latest_0718,mispricing,agreement_only,GFS,106,31,36,-5
latest_0718,mispricing,agreement_only,ASMVY,107,26,31,-5
latest_0718,mispricing,agreement_only,NDSN,108,24,29,-5
latest_0718,mispricing,agreement_only,AMAT,109,35,42,-7
latest_0718,mispricing,agreement_only,ENPH,110,20,27,-7
latest_0718,mispricing,agreement_only,CSCO,111,16,23,-7
latest_0718,mispricing,agreement_only,ABBNY,112,35,43,-8
latest_0718,mispricing,agreement_only,FN,113,26,34,-8
latest_0718,mispricing,agreement_only,NVMI,114,34,43,-9
latest_0718,mispricing,agreement_only,AAOI,115,22,31,-9
latest_0718,mispricing,agreement_only,TT,116,28,38,-10
latest_0718,mispricing,agreement_only,RYCEY,117,23,34,-11
latest_0718,mispricing,agreement_only,ATEYY,118,26,38,-12
latest_0718,mispricing,agreement_only,DSCSY,119,20,32,-12
latest_0718,mispricing,agreement_only,HOCPY,120,23,37,-14
latest_0718,mispricing,agreement_only,STM,121,30,45,-15
latest_0718,mispricing,agreement_only,VRT,122,20,35,-15
latest_0718,mispricing,agreement_only,DKILY,123,11,26,-15
latest_0718,mispricing,agreement_only,MRVL,124,26,42,-16
latest_0718,mispricing,agreement_only,FIX,125,32,49,-17
latest_0718,mispricing,agreement_only,UMC,126,31,48,-17
latest_0718,mispricing,agreement_only,MYRG,127,35,53,-18
latest_0718,mispricing,agreement_only,AMD,128,24,42,-18
latest_0718,mispricing,agreement_only,COHR,129,20,39,-19
latest_0718,mispricing,agreement_only,PH,130,19,38,-19
latest_0718,mispricing,agreement_only,ECL,131,28,49,-21
latest_0718,mispricing,agreement_only,BWXT,132,26,48,-22
latest_0718,mispricing,agreement_only,VSH,133,26,48,-22
latest_0718,mispricing,agreement_only,VIAV,134,30,53,-23
latest_0718,mispricing,agreement_only,AJNMY,135,17,40,-23
latest_0718,mispricing,agreement_only,GEV,136,14,45,-31
latest_0718,mispricing,agreement_only,ICHR,137,28,61,-33
latest_0718,mispricing,agreement_only,COHU,138,22,56,-34
latest_0718,mispricing,agreement_only,STX,139,27,62,-35
latest_0718,mispricing,agreement_only,LRCX,140,18,54,-36
latest_0718,mispricing,agreement_only,MRAAY,141,14,50,-36
latest_0718,mispricing,agreement_only,LITE,142,20,57,-37
latest_0718,mispricing,agreement_only,MTRN,143,21,59,-38
latest_0718,mispricing,agreement_only,EQIX,144,17,55,-38
latest_0718,mispricing,agreement_only,FORM,145,29,69,-40
latest_0718,mispricing,agreement_only,KLAC,146,27,67,-40
latest_0718,mispricing,agreement_only,ANET,147,20,60,-40
latest_0718,mispricing,agreement_only,WDC,148,20,61,-41
latest_0718,mispricing,agreement_only,PWR,149,25,67,-42
latest_0718,mispricing,agreement_only,ROG,150,25,67,-42
latest_0718,mispricing,agreement_only,TSEM,151,12,56,-44
latest_0718,mispricing,agreement_only,AAON,152,19,64,-45
latest_0718,mispricing,agreement_only,CAT,153,24,70,-46
latest_0718,mispricing,agreement_only,TXN,154,24,71,-47
latest_0718,mispricing,agreement_only,ACMR,155,22,69,-47
latest_0718,mispricing,agreement_only,MTSI,156,22,70,-48
latest_0718,mispricing,agreement_only,MPWR,157,24,77,-53
latest_0718,mispricing,agreement_only,AOSL,158,23,78,-55
latest_0718,mispricing,agreement_only,CIEN,159,17,73,-56
latest_0718,mispricing,agreement_only,FLNC,160,27,87,-60
latest_0718,mispricing,agreement_only,TE,161,10,70,-60
latest_0718,mispricing,agreement_only,GLW,162,18,95,-77
latest_0718,mispricing,agreement_only,POWI,163,24,103,-79
latest_0718,mispricing,agreement_only,VICR,164,11,91,-80
latest_0718,mispricing,agreement_only,IMOS,165,14,97,-83
latest_0718,mispricing,agreement_only,CDNS,166,12,96,-84
latest_0718,mispricing,agreement_only,BESIY,167,8,93,-85
latest_0718,mispricing,agreement_only,MXL,168,11,98,-87
latest_0718,mispricing,agreement_only,CRWV,169,14,102,-88
latest_0718,mispricing,agreement_only,BE,170,8,106,-98
latest_0718,mispricing,agreement_only,IREN,171,9,113,-104
latest_0718,mispricing,agreement_only,MRAM,172,12,120,-108
latest_0718,mispricing,agreement_only,NBIS,173,4,115,-111
latest_0718,mispricing,agreement_only,SITM,174,9,122,-113
latest_0718,mispricing,agreement_only,AXTI,175,8,131,-123
latest_0718,mispricing,agreement_only,APLD,176,10,139,-129
latest_0718,mispricing,agreement_only,INTC,177,7,136,-129
latest_0718,mispricing,agreement_only,ALAB,178,5,136,-131
latest_0718,mispricing,agreement_only,FCEL,179,0,144,-144
latest_0718,mispricing,agreement_only,WOLF,180,1,150,-149
latest_0718,mispricing,agreement_only,CRWD,181,0,149,-149
latest_0718,mispricing,agreement_only,AEHR,182,3,153,-150
latest_0718,mispricing,agreement_only,TSLA,183,0,154,-154
latest_0718,mispricing,agreement_only,AMPX,184,6,163,-157
latest_0718,mispricing,agreement_only,RKLB,185,1,158,-157
latest_0718,mispricing,agreement_only,CBRS,186,2,165,-163
latest_0718,mispricing,agreement_only,SMR,187,0,166,-166
latest_0718,mispricing,agreement_only,POET,188,2,170,-168
latest_0718,mispricing,agreement_only,ARM,189,1,175,-174
latest_0718,mispricing,agreement_only,LWLG,190,0,176,-176
latest_0718,mispricing,agreement_only,NVTS,191,0,178,-178
latest_0718,mispricing,agreement_only,OKLO,192,0,178,-178
latest_0718,mispricing,high_only,ADBE,1,180,0,180
latest_0718,mispricing,high_only,MU,2,127,3,124
latest_0718,mispricing,high_only,NVDA,3,119,2,117
latest_0718,mispricing,high_only,ORCL,4,116,1,115
latest_0718,mispricing,high_only,GOOGL,5,123,9,114
latest_0718,mispricing,high_only,TSM,6,108,1,107
latest_0718,mispricing,high_only,AVGO,7,98,0,98
latest_0718,mispricing,high_only,META,8,94,4,90
latest_0718,mispricing,high_only,VST,9,80,1,79
latest_0718,mispricing,high_only,ATKR,10,85,7,78
latest_0718,mispricing,high_only,BABA,11,71,1,70
latest_0718,mispricing,high_only,QCOM,12,70,0,70
latest_0718,mispricing,high_only,TEL,13,68,0,68
latest_0718,mispricing,high_only,SNDK,14,57,0,57
latest_0718,mispricing,high_only,MSFT,15,57,3,54
latest_0718,mispricing,high_only,ST,16,52,0,52
latest_0718,mispricing,high_only,CEG,17,56,7,49
latest_0718,mispricing,high_only,HPE,18,51,3,48
latest_0718,mispricing,high_only,MOD,19,49,5,44
latest_0718,mispricing,high_only,HTHIY,20,49,6,43
latest_0718,mispricing,high_only,PNR,21,41,4,37
latest_0718,mispricing,high_only,VISN,22,40,3,37
latest_0718,mispricing,high_only,PLAB,23,37,1,36
latest_0718,mispricing,high_only,CC,24,38,3,35
latest_0718,mispricing,high_only,TMO,25,38,5,33
latest_0718,mispricing,high_only,NTAP,26,35,2,33
latest_0718,mispricing,high_only,ENS,27,30,1,29
latest_0718,mispricing,high_only,PSIX,28,29,0,29
latest_0718,mispricing,high_only,ALLE,29,31,5,26
latest_0718,mispricing,high_only,SKHY,30,29,3,26
latest_0718,mispricing,high_only,AEIS,31,26,0,26
latest_0718,mispricing,high_only,BDC,32,26,0,26
latest_0718,mispricing,high_only,VECO,33,38,13,25
latest_0718,mispricing,high_only,JBL,34,31,6,25
latest_0718,mispricing,high_only,HUBB,35,27,3,24
latest_0718,mispricing,high_only,ET,36,24,0,24
latest_0718,mispricing,high_only,SANM,37,26,3,23
latest_0718,mispricing,high_only,DOV,38,25,2,23
latest_0718,mispricing,high_only,ETN,39,24,1,23
latest_0718,mispricing,high_only,SIMO,40,29,10,19
latest_0718,mispricing,high_only,LFUS,41,29,11,18
latest_0718,mispricing,high_only,DELL,42,19,1,18
latest_0718,mispricing,high_only,EME,43,23,6,17
latest_0718,mispricing,high_only,MRVL,44,18,2,16
latest_0718,mispricing,high_only,DCI,45,19,4,15
latest_0718,mispricing,high_only,POWL,46,24,10,14
latest_0718,mispricing,high_only,PENG,47,20,6,14
latest_0718,mispricing,high_only,NOK,48,18,4,14
latest_0718,mispricing,high_only,APH,49,16,2,14
latest_0718,mispricing,high_only,NVT,50,16,2,14
latest_0718,mispricing,high_only,ASML,51,20,7,13
latest_0718,mispricing,high_only,AMZN,52,13,0,13
latest_0718,mispricing,high_only,ASMVY,53,16,4,12
latest_0718,mispricing,high_only,CRDO,54,34,23,11
latest_0718,mispricing,high_only,ONTO,55,20,9,11
latest_0718,mispricing,high_only,MSI,56,17,6,11
latest_0718,mispricing,high_only,MCHP,57,34,24,10
latest_0718,mispricing,high_only,DD,58,24,14,10
latest_0718,mispricing,high_only,JCI,59,16,6,10
latest_0718,mispricing,high_only,ASGLY,60,13,3,10
latest_0718,mispricing,high_only,MICLF,61,13,3,10
latest_0718,mispricing,high_only,NVMI,62,12,2,10
latest_0718,mispricing,high_only,SMCI,63,18,9,9
latest_0718,mispricing,high_only,CMI,64,16,7,9
latest_0718,mispricing,high_only,CLS,65,15,6,9
latest_0718,mispricing,high_only,BELFB,66,11,3,8
latest_0718,mispricing,high_only,UCTT,67,11,3,8
latest_0718,mispricing,high_only,AMKR,68,10,2,8
latest_0718,mispricing,high_only,ON,69,21,14,7
latest_0718,mispricing,high_only,AMD,70,15,8,7
latest_0718,mispricing,high_only,VIAV,71,12,5,7
latest_0718,mispricing,high_only,MMM,72,9,2,7
latest_0718,mispricing,high_only,STX,73,24,18,6
latest_0718,mispricing,high_only,DHR,74,13,7,6
latest_0718,mispricing,high_only,ASX,75,10,4,6
latest_0718,mispricing,high_only,STM,76,9,3,6
latest_0718,mispricing,high_only,FLEX,77,16,11,5
latest_0718,mispricing,high_only,NTNX,78,11,6,5
latest_0718,mispricing,high_only,ACLS,79,8,3,5
latest_0718,mispricing,high_only,CARR,80,7,2,5
latest_0718,mispricing,high_only,MIELY,81,6,1,5
latest_0718,mispricing,high_only,MKSI,82,5,0,5
latest_0718,mispricing,high_only,FIX,83,12,8,4
latest_0718,mispricing,high_only,GNRC,84,11,7,4
latest_0718,mispricing,high_only,WDC,85,8,4,4
latest_0718,mispricing,high_only,KLIC,86,7,3,4
latest_0718,mispricing,high_only,ACMR,87,17,14,3
latest_0718,mispricing,high_only,KEYS,88,16,13,3
latest_0718,mispricing,high_only,RMBS,89,13,10,3
latest_0718,mispricing,high_only,SOMMY,90,8,5,3
latest_0718,mispricing,high_only,ENTG,91,7,4,3
latest_0718,mispricing,high_only,TTDKY,92,14,12,2
latest_0718,mispricing,high_only,IFNNY,93,37,36,1
latest_0718,mispricing,high_only,FTV,94,16,15,1
latest_0718,mispricing,high_only,P,95,11,10,1
latest_0718,mispricing,high_only,SMTC,96,9,8,1
latest_0718,mispricing,high_only,BWXT,97,8,7,1
latest_0718,mispricing,high_only,CAMT,98,8,7,1
latest_0718,mispricing,high_only,ADI,99,16,16,0
latest_0718,mispricing,high_only,ASMIY,100,12,12,0
latest_0718,mispricing,high_only,VSH,101,10,10,0
latest_0718,mispricing,high_only,PH,102,5,5,0
latest_0718,mispricing,high_only,TER,103,12,13,-1
latest_0718,mispricing,high_only,NDSN,104,8,9,-1
latest_0718,mispricing,high_only,MTRN,105,7,8,-1
latest_0718,mispricing,high_only,CAT,106,6,7,-1
latest_0718,mispricing,high_only,DKILY,107,0,1,-1
latest_0718,mispricing,high_only,MYRG,108,19,21,-2
latest_0718,mispricing,high_only,TOELY,109,12,14,-2
latest_0718,mispricing,high_only,IBM,110,5,7,-2
latest_0718,mispricing,high_only,Q,111,5,7,-2
latest_0718,mispricing,high_only,IMOS,112,4,6,-2
latest_0718,mispricing,high_only,AEP,113,1,3,-2
latest_0718,mispricing,high_only,EQIX,114,0,2,-2
latest_0718,mispricing,high_only,ETR,115,11,14,-3
latest_0718,mispricing,high_only,MTSI,116,3,6,-3
latest_0718,mispricing,high_only,RYCEY,117,0,3,-3
latest_0718,mispricing,high_only,APD,118,12,16,-4
latest_0718,mispricing,high_only,CIEN,119,12,16,-4
latest_0718,mispricing,high_only,LIN,120,11,15,-4
latest_0718,mispricing,high_only,DTE,121,2,6,-4
latest_0718,mispricing,high_only,KLAC,122,8,13,-5
latest_0718,mispricing,high_only,VICR,123,13,19,-6
latest_0718,mispricing,high_only,ROG,124,4,10,-6
latest_0718,mispricing,high_only,COHU,125,11,18,-7
latest_0718,mispricing,high_only,DLR,126,10,17,-7
latest_0718,mispricing,high_only,CRWV,127,7,14,-7
latest_0718,mispricing,high_only,ICHR,128,3,10,-7
latest_0718,mispricing,high_only,CDNS,129,0,7,-7
latest_0718,mispricing,high_only,ECL,130,7,15,-8
latest_0718,mispricing,high_only,IESC,131,6,14,-8
latest_0718,mispricing,high_only,ATEYY,132,5,13,-8
latest_0718,mispricing,high_only,LRCX,133,1,9,-8
latest_0718,mispricing,high_only,AMAT,134,12,21,-9
latest_0718,mispricing,high_only,ENPH,135,4,13,-9
latest_0718,mispricing,high_only,SHECY,136,4,13,-9
latest_0718,mispricing,high_only,MPWR,137,11,21,-10
latest_0718,mispricing,high_only,MRAAY,138,8,18,-10
latest_0718,mispricing,high_only,TE,139,8,18,-10
latest_0718,mispricing,high_only,VRT,140,7,17,-10
latest_0718,mispricing,high_only,ANET,141,2,12,-10
latest_0718,mispricing,high_only,SMTOY,142,6,17,-11
latest_0718,mispricing,high_only,GEV,143,0,11,-11
latest_0718,mispricing,high_only,PWR,144,0,11,-11
latest_0718,mispricing,high_only,ABBNY,145,15,27,-12
latest_0718,mispricing,high_only,TDY,146,9,21,-12
latest_0718,mispricing,high_only,HOCPY,147,1,13,-12
latest_0718,mispricing,high_only,GLW,148,10,24,-14
latest_0718,mispricing,high_only,LITE,149,7,21,-14
latest_0718,mispricing,high_only,AJNMY,150,1,15,-14
latest_0718,mispricing,high_only,UMC,151,13,28,-15
latest_0718,mispricing,high_only,SNPS,152,8,23,-15
latest_0718,mispricing,high_only,IREN,153,5,20,-15
latest_0718,mispricing,high_only,COHR,154,8,24,-16
latest_0718,mispricing,high_only,BE,155,7,23,-16
latest_0718,mispricing,high_only,GFS,156,10,28,-18
latest_0718,mispricing,high_only,POWI,157,2,20,-18
latest_0718,mispricing,high_only,AXTI,158,2,21,-19
latest_0718,mispricing,high_only,FORM,159,16,36,-20
latest_0718,mispricing,high_only,BESIY,160,17,38,-21
latest_0718,mispricing,high_only,FLNC,161,11,32,-21
latest_0718,mispricing,high_only,CSCO,162,6,27,-21
latest_0718,mispricing,high_only,TXN,163,5,26,-21
latest_0718,mispricing,high_only,DSCSY,164,3,25,-22
latest_0718,mispricing,high_only,DIOD,165,6,33,-27
latest_0718,mispricing,high_only,SITM,166,15,45,-30
latest_0718,mispricing,high_only,AOSL,167,19,52,-33
latest_0718,mispricing,high_only,TT,168,6,42,-36
latest_0718,mispricing,high_only,CRWD,169,0,36,-36
latest_0718,mispricing,high_only,INTC,170,7,45,-38
latest_0718,mispricing,high_only,MXL,171,1,39,-38
latest_0718,mispricing,high_only,FN,172,1,43,-42
latest_0718,mispricing,high_only,NBIS,173,8,53,-45
latest_0718,mispricing,high_only,AAON,174,1,46,-45
latest_0718,mispricing,high_only,AMPX,175,2,50,-48
latest_0718,mispricing,high_only,MRAM,176,0,52,-52
latest_0718,mispricing,high_only,ALAB,177,17,71,-54
latest_0718,mispricing,high_only,AAOI,178,14,73,-59
latest_0718,mispricing,high_only,TSEM,179,3,64,-61
latest_0718,mispricing,high_only,TSLA,180,5,70,-65
latest_0718,mispricing,high_only,RKLB,181,5,71,-66
latest_0718,mispricing,high_only,APLD,182,2,73,-71
latest_0718,mispricing,high_only,CBRS,183,6,79,-73
latest_0718,mispricing,high_only,ARM,184,7,91,-84
latest_0718,mispricing,high_only,NVTS,185,1,94,-93
latest_0718,mispricing,high_only,OKLO,186,0,116,-116
latest_0718,mispricing,high_only,POET,187,1,118,-117
latest_0718,mispricing,high_only,SMR,188,0,132,-132
latest_0718,mispricing,high_only,WOLF,189,0,137,-137
latest_0718,mispricing,high_only,LWLG,190,0,150,-150
latest_0718,mispricing,high_only,FCEL,191,2,155,-153
latest_0718,mispricing,high_only,AEHR,192,0,198,-198
latest_0718,mispricing,strength_weighted,ADBE,1,362,5,676
latest_0718,mispricing,strength_weighted,ORCL,2,356,17,607
latest_0718,mispricing,strength_weighted,ST,3,345,13,570
latest_0718,mispricing,strength_weighted,QCOM,4,331,30,550
latest_0718,mispricing,strength_weighted,VST,5,333,24,537
latest_0718,mispricing,strength_weighted,BABA,6,352,19,529
latest_0718,mispricing,strength_weighted,NVDA,7,338,16,495
latest_0718,mispricing,strength_weighted,TSM,8,345,28,490
latest_0718,mispricing,strength_weighted,VISN,9,315,28,489
latest_0718,mispricing,strength_weighted,BDC,10,304,17,453
latest_0718,mispricing,strength_weighted,PNR,11,326,43,436
latest_0718,mispricing,strength_weighted,TEL,12,296,51,432
latest_0718,mispricing,strength_weighted,META,13,316,57,419
latest_0718,mispricing,strength_weighted,ENS,14,303,62,407
latest_0718,mispricing,strength_weighted,GOOGL,15,285,58,403
latest_0718,mispricing,strength_weighted,MU,16,285,81,397
latest_0718,mispricing,strength_weighted,ATKR,17,258,67,358
latest_0718,mispricing,strength_weighted,HPE,18,277,77,351
latest_0718,mispricing,strength_weighted,ET,19,261,53,351
latest_0718,mispricing,strength_weighted,AVGO,20,245,76,327
latest_0718,mispricing,strength_weighted,PSIX,21,206,10,316
latest_0718,mispricing,strength_weighted,DD,22,276,82,314
latest_0718,mispricing,strength_weighted,TMO,23,269,72,314
latest_0718,mispricing,strength_weighted,CC,24,260,74,285
latest_0718,mispricing,strength_weighted,DOV,25,261,70,284
latest_0718,mispricing,strength_weighted,PLAB,26,252,104,278
latest_0718,mispricing,strength_weighted,MOD,27,230,87,275
latest_0718,mispricing,strength_weighted,HTHIY,28,256,108,273
latest_0718,mispricing,strength_weighted,SANM,29,229,57,272
latest_0718,mispricing,strength_weighted,ALLE,30,236,84,271
latest_0718,mispricing,strength_weighted,SMCI,31,269,46,270
latest_0718,mispricing,strength_weighted,CEG,32,215,60,269
latest_0718,mispricing,strength_weighted,JBL,33,278,69,267
latest_0718,mispricing,strength_weighted,MCHP,34,269,83,267
latest_0718,mispricing,strength_weighted,HUBB,35,269,89,260
latest_0718,mispricing,strength_weighted,VECO,36,221,86,243
latest_0718,mispricing,strength_weighted,MKSI,37,249,82,241
latest_0718,mispricing,strength_weighted,MSI,38,251,92,223
latest_0718,mispricing,strength_weighted,DCI,39,264,85,208
latest_0718,mispricing,strength_weighted,PENG,40,246,91,204
latest_0718,mispricing,strength_weighted,FTV,41,234,103,201
latest_0718,mispricing,strength_weighted,NTNX,42,218,79,199
latest_0718,mispricing,strength_weighted,EME,43,221,118,198
latest_0718,mispricing,strength_weighted,MSFT,44,209,111,197
latest_0718,mispricing,strength_weighted,CLS,45,227,103,196
latest_0718,mispricing,strength_weighted,LFUS,46,232,94,194
latest_0718,mispricing,strength_weighted,CMI,47,209,98,169
latest_0718,mispricing,strength_weighted,DELL,48,219,103,166
latest_0718,mispricing,strength_weighted,NVT,49,224,124,163
latest_0718,mispricing,strength_weighted,SNDK,50,197,138,160
latest_0718,mispricing,strength_weighted,NTAP,51,193,119,157
latest_0718,mispricing,strength_weighted,AEIS,52,215,119,152
latest_0718,mispricing,strength_weighted,CRDO,53,196,93,152
latest_0718,mispricing,strength_weighted,IBM,54,188,74,146
latest_0718,mispricing,strength_weighted,ASGLY,55,192,85,141
latest_0718,mispricing,strength_weighted,GNRC,56,213,138,139
latest_0718,mispricing,strength_weighted,P,57,200,93,136
latest_0718,mispricing,strength_weighted,DHR,58,218,131,132
latest_0718,mispricing,strength_weighted,AMZN,59,190,99,132
latest_0718,mispricing,strength_weighted,JCI,60,218,122,128
latest_0718,mispricing,strength_weighted,FLEX,61,189,114,128
latest_0718,mispricing,strength_weighted,ETN,62,196,103,127
latest_0718,mispricing,strength_weighted,Q,63,182,75,124
latest_0718,mispricing,strength_weighted,MIELY,64,168,78,121
latest_0718,mispricing,strength_weighted,CARR,65,221,129,119
latest_0718,mispricing,strength_weighted,MMM,66,191,140,107
latest_0718,mispricing,strength_weighted,SNPS,67,182,101,106
latest_0718,mispricing,strength_weighted,SKHY,68,156,92,102
latest_0718,mispricing,strength_weighted,SOMMY,69,199,94,95
latest_0718,mispricing,strength_weighted,DIOD,70,186,135,93
latest_0718,mispricing,strength_weighted,ASX,71,208,130,92
latest_0718,mispricing,strength_weighted,KEYS,72,192,127,90
latest_0718,mispricing,strength_weighted,ON,73,180,113,89
latest_0718,mispricing,strength_weighted,IESC,74,177,102,89
latest_0718,mispricing,strength_weighted,AEP,75,204,110,87
latest_0718,mispricing,strength_weighted,IFNNY,76,194,130,87
latest_0718,mispricing,strength_weighted,ONTO,77,183,145,82
latest_0718,mispricing,strength_weighted,NOK,78,189,121,78
latest_0718,mispricing,strength_weighted,DTE,79,187,106,76
latest_0718,mispricing,strength_weighted,BELFB,80,169,112,71
latest_0718,mispricing,strength_weighted,APH,81,206,139,70
latest_0718,mispricing,strength_weighted,CAMT,82,185,141,60
latest_0718,mispricing,strength_weighted,POWL,83,176,139,57
latest_0718,mispricing,strength_weighted,SMTOY,84,159,121,53
latest_0718,mispricing,strength_weighted,TTDKY,85,186,140,48
latest_0718,mispricing,strength_weighted,ADI,86,180,137,46
latest_0718,mispricing,strength_weighted,RMBS,87,156,118,43
latest_0718,mispricing,strength_weighted,AMKR,88,190,134,41
latest_0718,mispricing,strength_weighted,APD,89,183,146,30
latest_0718,mispricing,strength_weighted,GFS,90,160,145,30
latest_0718,mispricing,strength_weighted,ACLS,91,177,159,28
latest_0718,mispricing,strength_weighted,ENTG,92,140,114,28
latest_0718,mispricing,strength_weighted,ASMIY,93,170,155,27
latest_0718,mispricing,strength_weighted,KLIC,94,170,186,25
latest_0718,mispricing,strength_weighted,UCTT,95,169,145,21
latest_0718,mispricing,strength_weighted,TOELY,96,119,102,21
latest_0718,mispricing,strength_weighted,SMTC,97,166,154,18
latest_0718,mispricing,strength_weighted,SIMO,98,161,150,17
latest_0718,mispricing,strength_weighted,ASML,99,150,144,13
latest_0718,mispricing,strength_weighted,TDY,100,177,165,0
latest_0718,mispricing,strength_weighted,ETR,101,172,151,-3
latest_0718,mispricing,strength_weighted,NVMI,102,145,179,-17
latest_0718,mispricing,strength_weighted,TER,103,159,162,-18
latest_0718,mispricing,strength_weighted,ABBNY,104,154,154,-20
latest_0718,mispricing,strength_weighted,MRVL,105,132,170,-31
latest_0718,mispricing,strength_weighted,CSCO,106,145,164,-38
latest_0718,mispricing,strength_weighted,NDSN,107,154,166,-39
latest_0718,mispricing,strength_weighted,LIN,108,148,172,-41
latest_0718,mispricing,strength_weighted,DLR,109,124,151,-41
latest_0718,mispricing,strength_weighted,TT,110,151,152,-43
latest_0718,mispricing,strength_weighted,VRT,111,124,157,-44
latest_0718,mispricing,strength_weighted,ENPH,112,162,181,-48
latest_0718,mispricing,strength_weighted,STM,113,138,167,-52
latest_0718,mispricing,strength_weighted,RYCEY,114,136,175,-57
latest_0718,mispricing,strength_weighted,SHECY,115,119,156,-58
latest_0718,mispricing,strength_weighted,ASMVY,116,110,165,-58
latest_0718,mispricing,strength_weighted,PH,117,131,174,-60
latest_0718,mispricing,strength_weighted,FIX,118,137,191,-64
latest_0718,mispricing,strength_weighted,AMAT,119,146,180,-76
latest_0718,mispricing,strength_weighted,MYRG,120,129,173,-77
latest_0718,mispricing,strength_weighted,GEV,121,83,143,-77
latest_0718,mispricing,strength_weighted,AMD,122,109,183,-82
latest_0718,mispricing,strength_weighted,VIAV,123,124,173,-89
latest_0718,mispricing,strength_weighted,AAOI,124,140,173,-92
latest_0718,mispricing,strength_weighted,MICLF,125,84,156,-92
latest_0718,mispricing,strength_weighted,BWXT,126,122,183,-93
latest_0718,mispricing,strength_weighted,HOCPY,127,84,159,-101
latest_0718,mispricing,strength_weighted,VSH,128,139,201,-102
latest_0718,mispricing,strength_weighted,COHU,129,108,178,-104
latest_0718,mispricing,strength_weighted,ANET,130,90,184,-105
latest_0718,mispricing,strength_weighted,ATEYY,131,103,178,-106
latest_0718,mispricing,strength_weighted,DSCSY,132,81,149,-112
latest_0718,mispricing,strength_weighted,FN,133,126,172,-114
latest_0718,mispricing,strength_weighted,ICHR,134,123,204,-117
latest_0718,mispricing,strength_weighted,UMC,135,152,206,-124
latest_0718,mispricing,strength_weighted,WDC,136,105,213,-126
latest_0718,mispricing,strength_weighted,EQIX,137,86,179,-126
latest_0718,mispricing,strength_weighted,STX,138,114,190,-127
latest_0718,mispricing,strength_weighted,LRCX,139,96,195,-127
latest_0718,mispricing,strength_weighted,ECL,140,117,193,-131
latest_0718,mispricing,strength_weighted,FORM,141,98,197,-137
latest_0718,mispricing,strength_weighted,MTRN,142,98,187,-144
latest_0718,mispricing,strength_weighted,DKILY,143,77,174,-146
latest_0718,mispricing,strength_weighted,KLAC,144,103,210,-150
latest_0718,mispricing,strength_weighted,CAT,145,100,220,-151
latest_0718,mispricing,strength_weighted,MTSI,146,86,219,-154
latest_0718,mispricing,strength_weighted,LITE,147,98,197,-163
latest_0718,mispricing,strength_weighted,ROG,148,108,206,-170
latest_0718,mispricing,strength_weighted,COHR,149,115,196,-171
latest_0718,mispricing,strength_weighted,ACMR,150,89,215,-178
latest_0718,mispricing,strength_weighted,AJNMY,151,74,187,-179
latest_0718,mispricing,strength_weighted,PWR,152,101,214,-191
latest_0718,mispricing,strength_weighted,AAON,153,92,211,-191
latest_0718,mispricing,strength_weighted,TXN,154,92,218,-193
latest_0718,mispricing,strength_weighted,TE,155,64,214,-204
latest_0718,mispricing,strength_weighted,MPWR,156,86,221,-209
latest_0718,mispricing,strength_weighted,CIEN,157,87,219,-210
latest_0718,mispricing,strength_weighted,FLNC,158,120,236,-217
latest_0718,mispricing,strength_weighted,AOSL,159,104,222,-223
latest_0718,mispricing,strength_weighted,MRAAY,160,81,213,-246
latest_0718,mispricing,strength_weighted,TSEM,161,107,223,-257
latest_0718,mispricing,strength_weighted,CRWV,162,57,270,-264
latest_0718,mispricing,strength_weighted,CDNS,163,53,271,-269
latest_0718,mispricing,strength_weighted,BESIY,164,49,264,-272
latest_0718,mispricing,strength_weighted,GLW,165,65,249,-273
latest_0718,mispricing,strength_weighted,IMOS,166,59,251,-275
latest_0718,mispricing,strength_weighted,POWI,167,79,256,-294
latest_0718,mispricing,strength_weighted,VICR,168,68,254,-297
latest_0718,mispricing,strength_weighted,MXL,169,51,268,-331
latest_0718,mispricing,strength_weighted,IREN,170,51,284,-343
latest_0718,mispricing,strength_weighted,BE,171,41,270,-350
latest_0718,mispricing,strength_weighted,NBIS,172,56,293,-364
latest_0718,mispricing,strength_weighted,MRAM,173,41,283,-377
latest_0718,mispricing,strength_weighted,AXTI,174,34,304,-386
latest_0718,mispricing,strength_weighted,SITM,175,39,294,-414
latest_0718,mispricing,strength_weighted,ALAB,176,26,311,-425
latest_0718,mispricing,strength_weighted,CRWD,177,9,325,-436
latest_0718,mispricing,strength_weighted,APLD,178,38,315,-474
latest_0718,mispricing,strength_weighted,AMPX,179,24,343,-479
latest_0718,mispricing,strength_weighted,INTC,180,26,313,-486
latest_0718,mispricing,strength_weighted,WOLF,181,19,334,-515
latest_0718,mispricing,strength_weighted,RKLB,182,9,344,-519
latest_0718,mispricing,strength_weighted,TSLA,183,12,334,-533
latest_0718,mispricing,strength_weighted,OKLO,184,3,368,-541
latest_0718,mispricing,strength_weighted,CBRS,185,12,352,-545
latest_0718,mispricing,strength_weighted,POET,186,11,358,-555
latest_0718,mispricing,strength_weighted,FCEL,187,11,330,-556
latest_0718,mispricing,strength_weighted,SMR,188,7,354,-576
latest_0718,mispricing,strength_weighted,AEHR,189,25,336,-577
latest_0718,mispricing,strength_weighted,ARM,190,11,357,-580
latest_0718,mispricing,strength_weighted,NVTS,191,5,367,-604
latest_0718,mispricing,strength_weighted,LWLG,192,0,367,-682
latest_0718,overall,both,ADBE,1,370,1,369
latest_0718,overall,both,TSM,2,365,5,360
latest_0718,overall,both,NVDA,3,359,6,353
latest_0718,overall,both,GOOGL,4,344,16,328
latest_0718,overall,both,QCOM,5,343,18,325
latest_0718,overall,both,AVGO,6,324,9,315
latest_0718,overall,both,ORCL,7,321,19,302
latest_0718,overall,both,VST,8,315,23,292
latest_0718,overall,both,MSFT,9,322,32,290
latest_0718,overall,both,PNR,10,315,27,288
latest_0718,overall,both,META,11,297,15,282
latest_0718,overall,both,TEL,12,293,25,268
latest_0718,overall,both,BABA,13,288,29,259
latest_0718,overall,both,MU,14,292,51,241
latest_0718,overall,both,HTHIY,15,286,48,238
latest_0718,overall,both,ASML,16,277,42,235
latest_0718,overall,both,TMO,17,290,61,229
latest_0718,overall,both,DOV,18,274,54,220
latest_0718,overall,both,MSI,19,267,54,213
latest_0718,overall,both,ET,20,249,47,202
latest_0718,overall,both,DELL,21,250,61,189
latest_0718,overall,both,CRDO,22,243,55,188
latest_0718,overall,both,APH,23,266,91,175
latest_0718,overall,both,EME,24,258,87,171
latest_0718,overall,both,ETN,25,255,84,171
latest_0718,overall,both,DHR,26,252,86,166
latest_0718,overall,both,NVT,27,246,80,166
latest_0718,overall,both,ST,28,217,51,166
latest_0718,overall,both,ALLE,29,240,76,164
latest_0718,overall,both,DSCSY,30,194,31,163
latest_0718,overall,both,SKHY,31,206,45,161
latest_0718,overall,both,VRT,32,199,41,158
latest_0718,overall,both,ANET,33,221,70,151
latest_0718,overall,both,SNPS,34,224,76,148
latest_0718,overall,both,SANM,35,194,47,147
latest_0718,overall,both,LFUS,36,231,87,144
latest_0718,overall,both,AMZN,37,224,80,144
latest_0718,overall,both,TDY,38,234,91,143
latest_0718,overall,both,MOD,39,224,83,141
latest_0718,overall,both,CEG,40,226,89,137
latest_0718,overall,both,MIELY,41,205,68,137
latest_0718,overall,both,SNDK,42,232,96,136
latest_0718,overall,both,JBL,43,221,89,132
latest_0718,overall,both,CLS,44,223,92,131
latest_0718,overall,both,ASMIY,45,222,91,131
latest_0718,overall,both,JCI,46,220,92,128
latest_0718,overall,both,KEYS,47,228,102,126
latest_0718,overall,both,HUBB,48,233,108,125
latest_0718,overall,both,DCI,49,229,104,125
latest_0718,overall,both,ADI,50,233,111,122
latest_0718,overall,both,TT,51,201,82,119
latest_0718,overall,both,IBM,52,196,77,119
latest_0718,overall,both,DD,53,221,103,118
latest_0718,overall,both,FTV,54,227,114,113
latest_0718,overall,both,LIN,55,219,108,111
latest_0718,overall,both,ABBNY,56,212,105,107
latest_0718,overall,both,NTNX,57,212,107,105
latest_0718,overall,both,CMI,58,216,112,104
latest_0718,overall,both,VISN,59,198,96,102
latest_0718,overall,both,AEIS,60,213,112,101
latest_0718,overall,both,PH,61,215,115,100
latest_0718,overall,both,HPE,62,212,114,98
latest_0718,overall,both,RMBS,63,197,99,98
latest_0718,overall,both,NTAP,64,213,121,92
latest_0718,overall,both,MCHP,65,196,104,92
latest_0718,overall,both,KLAC,66,200,109,91
latest_0718,overall,both,AMAT,67,209,121,88
latest_0718,overall,both,GEV,68,154,66,88
latest_0718,overall,both,ONTO,69,211,124,87
latest_0718,overall,both,ENS,70,210,123,87
latest_0718,overall,both,IFNNY,71,207,122,85
latest_0718,overall,both,P,72,193,108,85
latest_0718,overall,both,NVMI,73,194,116,78
latest_0718,overall,both,POWL,74,194,119,75
latest_0718,overall,both,RYCEY,75,195,123,72
latest_0718,overall,both,AMD,76,189,117,72
latest_0718,overall,both,CARR,77,200,130,70
latest_0718,overall,both,HOCPY,78,160,91,69
latest_0718,overall,both,ATEYY,79,170,102,68
latest_0718,overall,both,NDSN,80,186,122,64
latest_0718,overall,both,IESC,81,176,113,63
latest_0718,overall,both,GNRC,82,193,132,61
latest_0718,overall,both,SHECY,83,178,118,60
latest_0718,overall,both,TER,84,191,132,59
latest_0718,overall,both,CAMT,85,184,125,59
latest_0718,overall,both,PLAB,86,194,137,57
latest_0718,overall,both,VECO,87,189,132,57
latest_0718,overall,both,FIX,88,192,136,56
latest_0718,overall,both,MKSI,89,181,128,53
latest_0718,overall,both,BDC,90,172,120,52
latest_0718,overall,both,BWXT,91,180,132,48
latest_0718,overall,both,SMTOY,92,161,119,42
latest_0718,overall,both,CSCO,93,160,119,41
latest_0718,overall,both,MPWR,94,180,142,38
latest_0718,overall,both,TTDKY,95,177,139,38
latest_0718,overall,both,PWR,96,158,120,38
latest_0718,overall,both,TOELY,97,157,119,38
latest_0718,overall,both,MRVL,98,176,139,37
latest_0718,overall,both,ECL,99,183,149,34
latest_0718,overall,both,LRCX,100,166,133,33
latest_0718,overall,both,AEP,101,158,131,27
latest_0718,overall,both,FLEX,102,166,145,21
latest_0718,overall,both,ASX,103,173,155,18
latest_0718,overall,both,MMM,104,155,142,13
latest_0718,overall,both,KLIC,105,164,154,10
latest_0718,overall,both,FN,106,128,121,7
latest_0718,overall,both,DTE,107,155,152,3
latest_0718,overall,both,APD,108,145,143,2
latest_0718,overall,both,PSIX,109,137,137,0
latest_0718,overall,both,Q,110,129,130,-1
latest_0718,overall,both,PENG,111,151,154,-3
latest_0718,overall,both,SIMO,112,146,158,-12
latest_0718,overall,both,DIOD,113,148,162,-14
latest_0718,overall,both,ENTG,114,105,122,-17
latest_0718,overall,both,ON,115,151,169,-18
latest_0718,overall,both,CDNS,116,146,168,-22
latest_0718,overall,both,BELFB,117,135,162,-27
latest_0718,overall,both,MICLF,118,128,156,-28
latest_0718,overall,both,ETR,119,145,175,-30
latest_0718,overall,both,NOK,120,138,174,-36
latest_0718,overall,both,DLR,121,121,158,-37
latest_0718,overall,both,CAT,122,135,173,-38
latest_0718,overall,both,TXN,123,129,168,-39
latest_0718,overall,both,DKILY,124,123,164,-41
latest_0718,overall,both,SMCI,125,108,155,-47
latest_0718,overall,both,AJNMY,126,114,168,-54
latest_0718,overall,both,ATKR,127,120,176,-56
latest_0718,overall,both,ASMVY,128,119,177,-58
latest_0718,overall,both,MTSI,129,118,180,-62
latest_0718,overall,both,COHR,130,124,187,-63
latest_0718,overall,both,EQIX,131,112,175,-63
latest_0718,overall,both,SMTC,132,107,171,-64
latest_0718,overall,both,MRAAY,133,121,188,-67
latest_0718,overall,both,TSEM,134,114,183,-69
latest_0718,overall,both,BESIY,135,97,172,-75
latest_0718,overall,both,AMKR,136,126,202,-76
latest_0718,overall,both,ASGLY,137,103,181,-78
latest_0718,overall,both,GFS,138,114,198,-84
latest_0718,overall,both,WDC,139,107,194,-87
latest_0718,overall,both,AAON,140,108,203,-95
latest_0718,overall,both,LITE,141,100,201,-101
latest_0718,overall,both,STX,142,104,207,-103
latest_0718,overall,both,MYRG,143,110,214,-104
latest_0718,overall,both,ACLS,144,106,215,-109
latest_0718,overall,both,CIEN,145,96,216,-120
latest_0718,overall,both,UMC,146,104,226,-122
latest_0718,overall,both,STM,147,92,223,-131
latest_0718,overall,both,AAOI,148,85,219,-134
latest_0718,overall,both,VIAV,149,82,225,-143
latest_0718,overall,both,UCTT,150,90,234,-144
latest_0718,overall,both,FORM,151,79,223,-144
latest_0718,overall,both,GLW,152,83,229,-146
latest_0718,overall,both,SOMMY,153,70,222,-152
latest_0718,overall,both,ACMR,154,75,235,-160
latest_0718,overall,both,VICR,155,65,234,-169
latest_0718,overall,both,MTRN,156,74,251,-177
latest_0718,overall,both,COHU,157,55,236,-181
latest_0718,overall,both,ICHR,158,72,256,-184
latest_0718,overall,both,VSH,159,67,255,-188
latest_0718,overall,both,CRWD,160,67,259,-192
latest_0718,overall,both,SITM,161,62,257,-195
latest_0718,overall,both,ROG,162,68,267,-199
latest_0718,overall,both,CC,163,46,259,-213
latest_0718,overall,both,POWI,164,60,275,-215
latest_0718,overall,both,ALAB,165,50,269,-219
latest_0718,overall,both,BE,166,44,295,-251
latest_0718,overall,both,IMOS,167,47,300,-253
latest_0718,overall,both,ENPH,168,43,299,-256
latest_0718,overall,both,CRWV,169,44,305,-261
latest_0718,overall,both,NBIS,170,35,311,-276
latest_0718,overall,both,AOSL,171,31,309,-278
latest_0718,overall,both,ARM,172,34,314,-280
latest_0718,overall,both,MXL,173,36,318,-282
latest_0718,overall,both,MRAM,174,28,316,-288
latest_0718,overall,both,AXTI,175,29,324,-295
latest_0718,overall,both,FLNC,176,30,328,-298
latest_0718,overall,both,TSLA,177,28,337,-309
latest_0718,overall,both,IREN,178,28,338,-310
latest_0718,overall,both,AEHR,179,27,346,-319
latest_0718,overall,both,INTC,180,22,343,-321
latest_0718,overall,both,TE,181,21,342,-321
latest_0718,overall,both,APLD,182,21,349,-328
latest_0718,overall,both,CBRS,183,16,354,-338
latest_0718,overall,both,RKLB,184,15,353,-338
latest_0718,overall,both,AMPX,185,16,357,-341
latest_0718,overall,both,WOLF,186,8,367,-359
latest_0718,overall,both,POET,187,7,370,-363
latest_0718,overall,both,FCEL,188,6,370,-364
latest_0718,overall,both,NVTS,189,6,372,-366
latest_0718,overall,both,SMR,190,5,374,-369
latest_0718,overall,both,OKLO,191,3,374,-371
latest_0718,overall,both,LWLG,192,1,378,-377
latest_0718,overall,self_only,ADBE,1,179,1,178
latest_0718,overall,self_only,TSM,2,178,5,173
latest_0718,overall,self_only,NVDA,3,168,6,162
latest_0718,overall,self_only,QCOM,4,164,15,149
latest_0718,overall,self_only,GOOGL,5,161,13,148
latest_0718,overall,self_only,ORCL,6,151,15,136
latest_0718,overall,self_only,AVGO,7,136,9,127
latest_0718,overall,self_only,PNR,8,144,21,123
latest_0718,overall,self_only,MSFT,9,135,31,104
latest_0718,overall,self_only,VST,10,127,23,104
latest_0718,overall,self_only,META,11,111,14,97
latest_0718,overall,self_only,TEL,12,112,21,91
latest_0718,overall,self_only,BABA,13,115,26,89
latest_0718,overall,self_only,ASML,14,108,38,70
latest_0718,overall,self_only,DOV,15,113,46,67
latest_0718,overall,self_only,ST,16,96,29,67
latest_0718,overall,self_only,TMO,17,116,53,63
latest_0718,overall,self_only,HTHIY,18,109,46,63
latest_0718,overall,self_only,DSCSY,19,71,16,55
latest_0718,overall,self_only,MU,20,103,51,52
latest_0718,overall,self_only,DELL,21,94,44,50
latest_0718,overall,self_only,MSI,22,94,47,47
latest_0718,overall,self_only,SKHY,23,87,45,42
latest_0718,overall,self_only,ET,24,84,42,42
latest_0718,overall,self_only,CRDO,25,83,43,40
latest_0718,overall,self_only,MIELY,26,89,52,37
latest_0718,overall,self_only,ANET,27,80,57,23
latest_0718,overall,self_only,VRT,28,45,26,19
latest_0718,overall,self_only,LFUS,29,87,69,18
latest_0718,overall,self_only,DCI,30,90,77,13
latest_0718,overall,self_only,NVT,31,82,70,12
latest_0718,overall,self_only,EME,32,86,79,7
latest_0718,overall,self_only,JBL,33,78,71,7
latest_0718,overall,self_only,SNPS,34,65,58,7
latest_0718,overall,self_only,IBM,35,57,50,7
latest_0718,overall,self_only,APH,36,90,84,6
latest_0718,overall,self_only,DHR,37,83,79,4
latest_0718,overall,self_only,RMBS,38,79,75,4
latest_0718,overall,self_only,VISN,39,75,71,4
latest_0718,overall,self_only,SANM,40,36,32,4
latest_0718,overall,self_only,ETN,41,82,79,3
latest_0718,overall,self_only,ALLE,42,71,70,1
latest_0718,overall,self_only,TDY,43,76,78,-2
latest_0718,overall,self_only,IESC,44,73,80,-7
latest_0718,overall,self_only,JCI,45,69,77,-8
latest_0718,overall,self_only,DD,46,78,87,-9
latest_0718,overall,self_only,P,47,71,81,-10
latest_0718,overall,self_only,CLS,48,65,75,-10
latest_0718,overall,self_only,KEYS,49,77,88,-11
latest_0718,overall,self_only,SMCI,50,59,70,-11
latest_0718,overall,self_only,ADI,51,81,94,-13
latest_0718,overall,self_only,HOCPY,52,49,64,-15
latest_0718,overall,self_only,AEP,53,66,82,-16
latest_0718,overall,self_only,SNDK,54,68,85,-17
latest_0718,overall,self_only,ASMIY,55,63,80,-17
latest_0718,overall,self_only,GEV,56,26,43,-17
latest_0718,overall,self_only,LIN,57,75,93,-18
latest_0718,overall,self_only,MCHP,58,64,85,-21
latest_0718,overall,self_only,KLAC,59,66,89,-23
latest_0718,overall,self_only,MOD,60,54,77,-23
latest_0718,overall,self_only,AMZN,61,51,74,-23
latest_0718,overall,self_only,FTV,62,73,98,-25
latest_0718,overall,self_only,AEIS,63,67,92,-25
latest_0718,overall,self_only,AMD,64,63,90,-27
latest_0718,overall,self_only,NTNX,65,60,90,-30
latest_0718,overall,self_only,ABBNY,66,59,91,-32
latest_0718,overall,self_only,TT,67,39,72,-33
latest_0718,overall,self_only,HUBB,68,66,101,-35
latest_0718,overall,self_only,DLR,69,56,92,-36
latest_0718,overall,self_only,NVMI,70,61,98,-37
latest_0718,overall,self_only,SMTOY,71,61,98,-37
latest_0718,overall,self_only,APD,72,53,91,-38
latest_0718,overall,self_only,PENG,73,64,104,-40
latest_0718,overall,self_only,CMI,74,61,101,-40
latest_0718,overall,self_only,MRVL,75,62,103,-41
latest_0718,overall,self_only,ATEYY,76,46,89,-43
latest_0718,overall,self_only,FN,77,32,75,-43
latest_0718,overall,self_only,HPE,78,53,98,-45
latest_0718,overall,self_only,CEG,79,42,87,-45
latest_0718,overall,self_only,PH,80,59,105,-46
latest_0718,overall,self_only,PWR,81,45,91,-46
latest_0718,overall,self_only,POWL,82,56,104,-48
latest_0718,overall,self_only,NDSN,83,51,102,-51
latest_0718,overall,self_only,ONTO,84,57,109,-52
latest_0718,overall,self_only,MKSI,85,51,103,-52
latest_0718,overall,self_only,SHECY,86,51,105,-54
latest_0718,overall,self_only,SMTC,87,49,104,-55
latest_0718,overall,self_only,CAMT,88,46,101,-55
latest_0718,overall,self_only,AMAT,89,55,111,-56
latest_0718,overall,self_only,ON,90,59,117,-58
latest_0718,overall,self_only,FIX,91,57,115,-58
latest_0718,overall,self_only,TTDKY,92,56,114,-58
latest_0718,overall,self_only,SOMMY,93,44,102,-58
latest_0718,overall,self_only,Q,94,31,91,-60
latest_0718,overall,self_only,SIMO,95,55,116,-61
latest_0718,overall,self_only,CARR,96,51,112,-61
latest_0718,overall,self_only,BDC,97,36,97,-61
latest_0718,overall,self_only,IFNNY,98,49,111,-62
latest_0718,overall,self_only,NTAP,99,48,110,-62
latest_0718,overall,self_only,NOK,100,53,116,-63
latest_0718,overall,self_only,RYCEY,101,48,111,-63
latest_0718,overall,self_only,ASGLY,102,51,115,-64
latest_0718,overall,self_only,DTE,103,50,114,-64
latest_0718,overall,self_only,GNRC,104,49,113,-64
latest_0718,overall,self_only,TER,105,49,113,-64
latest_0718,overall,self_only,ENS,106,48,112,-64
latest_0718,overall,self_only,BESIY,107,46,110,-64
latest_0718,overall,self_only,TOELY,108,34,98,-64
latest_0718,overall,self_only,MPWR,109,56,122,-66
latest_0718,overall,self_only,MTSI,110,50,117,-67
latest_0718,overall,self_only,CSCO,111,29,96,-67
latest_0718,overall,self_only,BELFB,112,42,111,-69
latest_0718,overall,self_only,ENTG,113,14,83,-69
latest_0718,overall,self_only,TXN,114,47,119,-72
latest_0718,overall,self_only,WDC,115,43,115,-72
latest_0718,overall,self_only,AJNMY,116,54,127,-73
latest_0718,overall,self_only,ETR,117,53,126,-73
latest_0718,overall,self_only,PLAB,118,49,123,-74
latest_0718,overall,self_only,MMM,119,43,118,-75
latest_0718,overall,self_only,EQIX,120,38,114,-76
latest_0718,overall,self_only,LRCX,121,35,111,-76
latest_0718,overall,self_only,COHU,122,26,103,-77
latest_0718,overall,self_only,BWXT,123,38,116,-78
latest_0718,overall,self_only,ECL,124,50,129,-79
latest_0718,overall,self_only,ASMVY,125,48,127,-79
latest_0718,overall,self_only,AMKR,126,53,134,-81
latest_0718,overall,self_only,STX,127,45,127,-82
latest_0718,overall,self_only,MICLF,128,40,123,-83
latest_0718,overall,self_only,MYRG,129,47,133,-86
latest_0718,overall,self_only,VECO,130,32,118,-86
latest_0718,overall,self_only,CDNS,131,41,128,-87
latest_0718,overall,self_only,CAT,132,39,127,-88
latest_0718,overall,self_only,STM,133,38,127,-89
latest_0718,overall,self_only,ACLS,134,39,129,-90
latest_0718,overall,self_only,DKILY,135,36,126,-90
latest_0718,overall,self_only,PSIX,136,21,112,-91
latest_0718,overall,self_only,GLW,137,38,130,-92
latest_0718,overall,self_only,CRWD,138,38,131,-93
latest_0718,overall,self_only,VIAV,139,30,123,-93
latest_0718,overall,self_only,GFS,140,37,131,-94
latest_0718,overall,self_only,CIEN,141,36,130,-94
latest_0718,overall,self_only,ASX,142,36,133,-97
latest_0718,overall,self_only,KLIC,143,34,131,-97
latest_0718,overall,self_only,ICHR,144,37,137,-100
latest_0718,overall,self_only,ACMR,145,35,135,-100
latest_0718,overall,self_only,TSEM,146,27,127,-100
latest_0718,overall,self_only,LITE,147,41,142,-101
latest_0718,overall,self_only,ROG,148,35,136,-101
latest_0718,overall,self_only,FORM,149,27,128,-101
latest_0718,overall,self_only,NBIS,150,28,134,-106
latest_0718,overall,self_only,FLEX,151,24,130,-106
latest_0718,overall,self_only,MRAAY,152,38,147,-109
latest_0718,overall,self_only,ALAB,153,29,140,-111
latest_0718,overall,self_only,ATKR,154,26,140,-114
latest_0718,overall,self_only,SITM,155,30,147,-117
latest_0718,overall,self_only,UCTT,156,30,148,-118
latest_0718,overall,self_only,MTRN,157,29,147,-118
latest_0718,overall,self_only,VICR,158,23,141,-118
latest_0718,overall,self_only,DIOD,159,20,138,-118
latest_0718,overall,self_only,COHR,160,27,146,-119
latest_0718,overall,self_only,UMC,161,33,153,-120
latest_0718,overall,self_only,AAON,162,23,143,-120
latest_0718,overall,self_only,CC,163,21,145,-124
latest_0718,overall,self_only,MRAM,164,17,141,-124
latest_0718,overall,self_only,POWI,165,26,157,-131
latest_0718,overall,self_only,CRWV,166,28,160,-132
latest_0718,overall,self_only,AOSL,167,18,153,-135
latest_0718,overall,self_only,VSH,168,21,157,-136
latest_0718,overall,self_only,AXTI,169,20,157,-137
latest_0718,overall,self_only,IMOS,170,23,161,-138
latest_0718,overall,self_only,AAOI,171,15,153,-138
latest_0718,overall,self_only,BE,172,25,166,-141
latest_0718,overall,self_only,ARM,173,19,162,-143
latest_0718,overall,self_only,FLNC,174,18,163,-145
latest_0718,overall,self_only,IREN,175,20,167,-147
latest_0718,overall,self_only,MXL,176,16,163,-147
latest_0718,overall,self_only,ENPH,177,18,166,-148
latest_0718,overall,self_only,TSLA,178,17,165,-148
latest_0718,overall,self_only,AEHR,179,18,171,-153
latest_0718,overall,self_only,INTC,180,13,172,-159
latest_0718,overall,self_only,RKLB,181,12,171,-159
latest_0718,overall,self_only,CBRS,182,12,172,-160
latest_0718,overall,self_only,TE,183,12,173,-161
latest_0718,overall,self_only,APLD,184,12,174,-162
latest_0718,overall,self_only,AMPX,185,11,175,-164
latest_0718,overall,self_only,WOLF,186,8,178,-170
latest_0718,overall,self_only,FCEL,187,6,180,-174
latest_0718,overall,self_only,POET,188,6,181,-175
latest_0718,overall,self_only,NVTS,189,5,184,-179
latest_0718,overall,self_only,SMR,190,5,185,-180
latest_0718,overall,self_only,OKLO,191,3,184,-181
latest_0718,overall,self_only,LWLG,192,1,187,-186
latest_0718,overall,other_only,ADBE,1,191,0,191
latest_0718,overall,other_only,NVDA,2,191,0,191
latest_0718,overall,other_only,MU,3,189,0,189
latest_0718,overall,other_only,AVGO,4,188,0,188
latest_0718,overall,other_only,VST,5,188,0,188
latest_0718,overall,other_only,TSM,6,187,0,187
latest_0718,overall,other_only,MSFT,7,187,1,186
latest_0718,overall,other_only,META,8,186,1,185
latest_0718,overall,other_only,CEG,9,184,2,182
latest_0718,overall,other_only,GOOGL,10,183,3,180
latest_0718,overall,other_only,TEL,11,181,4,177
latest_0718,overall,other_only,QCOM,12,179,3,176
latest_0718,overall,other_only,HTHIY,13,177,2,175
latest_0718,overall,other_only,BABA,14,173,3,170
latest_0718,overall,other_only,APH,15,176,7,169
latest_0718,overall,other_only,ETN,16,173,5,168
latest_0718,overall,other_only,AMZN,17,173,6,167
latest_0718,overall,other_only,TMO,18,174,8,166
latest_0718,overall,other_only,MSI,19,173,7,166
latest_0718,overall,other_only,ORCL,20,170,4,166
latest_0718,overall,other_only,PNR,21,171,6,165
latest_0718,overall,other_only,ASML,22,169,4,165
latest_0718,overall,other_only,EME,23,172,8,164
latest_0718,overall,other_only,MOD,24,170,6,164
latest_0718,overall,other_only,ALLE,25,169,6,163
latest_0718,overall,other_only,DHR,26,169,7,162
latest_0718,overall,other_only,HUBB,27,167,7,160
latest_0718,overall,other_only,ET,28,165,5,160
latest_0718,overall,other_only,NTAP,29,165,11,154
latest_0718,overall,other_only,NVT,30,164,10,154
latest_0718,overall,other_only,SNDK,31,164,11,153
latest_0718,overall,other_only,DOV,32,161,8,153
latest_0718,overall,other_only,TT,33,162,10,152
latest_0718,overall,other_only,ENS,34,162,11,151
latest_0718,overall,other_only,CRDO,35,160,12,148
latest_0718,overall,other_only,ASMIY,36,159,11,148
latest_0718,overall,other_only,IFNNY,37,158,11,147
latest_0718,overall,other_only,PH,38,156,10,146
latest_0718,overall,other_only,TDY,39,158,13,145
latest_0718,overall,other_only,CMI,40,155,11,144
latest_0718,overall,other_only,AMAT,41,154,10,144
latest_0718,overall,other_only,HPE,42,159,16,143
latest_0718,overall,other_only,SANM,43,158,15,143
latest_0718,overall,other_only,VECO,44,157,14,143
latest_0718,overall,other_only,SNPS,45,159,18,141
latest_0718,overall,other_only,CLS,46,158,17,141
latest_0718,overall,other_only,DELL,47,156,17,139
latest_0718,overall,other_only,ONTO,48,154,15,139
latest_0718,overall,other_only,VRT,49,154,15,139
latest_0718,overall,other_only,ABBNY,50,153,14,139
latest_0718,overall,other_only,FTV,51,154,16,138
latest_0718,overall,other_only,KEYS,52,151,14,137
latest_0718,overall,other_only,JCI,53,151,15,136
latest_0718,overall,other_only,ADI,54,152,17,135
latest_0718,overall,other_only,NTNX,55,152,17,135
latest_0718,overall,other_only,RYCEY,56,147,12,135
latest_0718,overall,other_only,CARR,57,149,18,131
latest_0718,overall,other_only,PLAB,58,145,14,131
latest_0718,overall,other_only,LIN,59,144,15,129
latest_0718,overall,other_only,ANET,60,141,13,128
latest_0718,overall,other_only,DD,61,143,16,127
latest_0718,overall,other_only,FLEX,62,142,15,127
latest_0718,overall,other_only,AEIS,63,146,20,126
latest_0718,overall,other_only,LFUS,64,144,18,126
latest_0718,overall,other_only,BWXT,65,142,16,126
latest_0718,overall,other_only,GNRC,66,144,19,125
latest_0718,overall,other_only,JBL,67,143,18,125
latest_0718,overall,other_only,TER,68,142,19,123
latest_0718,overall,other_only,POWL,69,138,15,123
latest_0718,overall,other_only,SKHY,70,119,0,119
latest_0718,overall,other_only,ASX,71,137,22,115
latest_0718,overall,other_only,NDSN,72,135,20,115
latest_0718,overall,other_only,NVMI,73,133,18,115
latest_0718,overall,other_only,CAMT,74,138,24,114
latest_0718,overall,other_only,FIX,75,135,21,114
latest_0718,overall,other_only,KLAC,76,134,20,114
latest_0718,overall,other_only,SHECY,77,127,13,114
latest_0718,overall,other_only,BDC,78,136,23,113
latest_0718,overall,other_only,ECL,79,133,20,113
latest_0718,overall,other_only,MCHP,80,132,19,113
latest_0718,overall,other_only,DCI,81,139,27,112
latest_0718,overall,other_only,IBM,82,139,27,112
latest_0718,overall,other_only,ATEYY,83,124,13,111
latest_0718,overall,other_only,LRCX,84,131,22,109
latest_0718,overall,other_only,CSCO,85,131,23,108
latest_0718,overall,other_only,DSCSY,86,123,15,108
latest_0718,overall,other_only,KLIC,87,130,23,107
latest_0718,overall,other_only,MKSI,88,130,25,105
latest_0718,overall,other_only,GEV,89,128,23,105
latest_0718,overall,other_only,DIOD,90,128,24,104
latest_0718,overall,other_only,MPWR,91,124,20,104
latest_0718,overall,other_only,TOELY,92,123,21,102
latest_0718,overall,other_only,MIELY,93,116,16,100
latest_0718,overall,other_only,AMD,94,126,27,99
latest_0718,overall,other_only,ST,95,121,22,99
latest_0718,overall,other_only,VISN,96,123,25,98
latest_0718,overall,other_only,TTDKY,97,121,25,96
latest_0718,overall,other_only,P,98,122,27,95
latest_0718,overall,other_only,RMBS,99,118,24,94
latest_0718,overall,other_only,PSIX,100,116,25,91
latest_0718,overall,other_only,MMM,101,112,24,88
latest_0718,overall,other_only,PWR,102,113,29,84
latest_0718,overall,other_only,HOCPY,103,111,27,84
latest_0718,overall,other_only,SMTOY,104,100,21,79
latest_0718,overall,other_only,MRVL,105,114,36,78
latest_0718,overall,other_only,IESC,106,103,33,70
latest_0718,overall,other_only,DTE,107,105,38,67
latest_0718,overall,other_only,CDNS,108,105,40,65
latest_0718,overall,other_only,Q,109,98,39,59
latest_0718,overall,other_only,ATKR,110,94,36,58
latest_0718,overall,other_only,COHR,111,97,41,56
latest_0718,overall,other_only,MICLF,112,88,33,55
latest_0718,overall,other_only,ENTG,113,91,39,52
latest_0718,overall,other_only,CAT,114,96,46,50
latest_0718,overall,other_only,FN,115,96,46,50
latest_0718,overall,other_only,SIMO,116,91,42,49
latest_0718,overall,other_only,DKILY,117,87,38,49
latest_0718,overall,other_only,AEP,118,92,49,43
latest_0718,overall,other_only,ETR,119,92,49,43
latest_0718,overall,other_only,BELFB,120,93,51,42
latest_0718,overall,other_only,MRAAY,121,83,41,42
latest_0718,overall,other_only,APD,122,92,52,40
latest_0718,overall,other_only,ON,123,92,52,40
latest_0718,overall,other_only,PENG,124,87,50,37
latest_0718,overall,other_only,TXN,125,82,49,33
latest_0718,overall,other_only,TSEM,126,87,56,31
latest_0718,overall,other_only,NOK,127,85,58,27
latest_0718,overall,other_only,AAON,128,85,60,25
latest_0718,overall,other_only,ASMVY,129,71,50,21
latest_0718,overall,other_only,AJNMY,130,60,41,19
latest_0718,overall,other_only,EQIX,131,74,61,13
latest_0718,overall,other_only,GFS,132,77,67,10
latest_0718,overall,other_only,AMKR,133,73,68,5
latest_0718,overall,other_only,MTSI,134,68,63,5
latest_0718,overall,other_only,AAOI,135,70,66,4
latest_0718,overall,other_only,LITE,136,59,59,0
latest_0718,overall,other_only,DLR,137,65,66,-1
latest_0718,overall,other_only,UMC,138,71,73,-2
latest_0718,overall,other_only,SMTC,139,58,67,-9
latest_0718,overall,other_only,BESIY,140,51,62,-11
latest_0718,overall,other_only,ASGLY,141,52,66,-14
latest_0718,overall,other_only,WDC,142,64,79,-15
latest_0718,overall,other_only,MYRG,143,63,81,-18
latest_0718,overall,other_only,ACLS,144,67,86,-19
latest_0718,overall,other_only,STX,145,59,80,-21
latest_0718,overall,other_only,CIEN,146,60,86,-26
latest_0718,overall,other_only,UCTT,147,60,86,-26
latest_0718,overall,other_only,SMCI,148,49,85,-36
latest_0718,overall,other_only,STM,149,54,96,-42
latest_0718,overall,other_only,FORM,150,52,95,-43
latest_0718,overall,other_only,VIAV,151,52,102,-50
latest_0718,overall,other_only,VICR,152,42,93,-51
latest_0718,overall,other_only,VSH,153,46,98,-52
latest_0718,overall,other_only,GLW,154,45,99,-54
latest_0718,overall,other_only,MTRN,155,45,104,-59
latest_0718,overall,other_only,ACMR,156,40,100,-60
latest_0718,overall,other_only,SITM,157,32,110,-78
latest_0718,overall,other_only,ICHR,158,35,119,-84
latest_0718,overall,other_only,POWI,159,34,118,-84
latest_0718,overall,other_only,CC,160,25,114,-89
latest_0718,overall,other_only,SOMMY,161,26,120,-94
latest_0718,overall,other_only,ROG,162,33,131,-98
latest_0718,overall,other_only,CRWD,163,29,128,-99
latest_0718,overall,other_only,COHU,164,29,133,-104
latest_0718,overall,other_only,ENPH,165,25,133,-108
latest_0718,overall,other_only,ALAB,166,21,129,-108
latest_0718,overall,other_only,BE,167,19,129,-110
latest_0718,overall,other_only,IMOS,168,24,139,-115
latest_0718,overall,other_only,CRWV,169,16,145,-129
latest_0718,overall,other_only,MXL,170,20,155,-135
latest_0718,overall,other_only,ARM,171,15,152,-137
latest_0718,overall,other_only,AOSL,172,13,156,-143
latest_0718,overall,other_only,FLNC,173,12,165,-153
latest_0718,overall,other_only,AXTI,174,9,167,-158
latest_0718,overall,other_only,TE,175,9,169,-160
latest_0718,overall,other_only,TSLA,176,11,172,-161
latest_0718,overall,other_only,INTC,177,9,171,-162
latest_0718,overall,other_only,IREN,178,8,171,-163
latest_0718,overall,other_only,MRAM,179,11,175,-164
latest_0718,overall,other_only,AEHR,180,9,175,-166
latest_0718,overall,other_only,APLD,181,9,175,-166
latest_0718,overall,other_only,NBIS,182,7,177,-170
latest_0718,overall,other_only,AMPX,183,5,182,-177
latest_0718,overall,other_only,CBRS,184,4,182,-178
latest_0718,overall,other_only,RKLB,185,3,182,-179
latest_0718,overall,other_only,NVTS,186,1,188,-187
latest_0718,overall,other_only,POET,187,1,189,-188
latest_0718,overall,other_only,SMR,188,0,189,-189
latest_0718,overall,other_only,WOLF,189,0,189,-189
latest_0718,overall,other_only,FCEL,190,0,190,-190
latest_0718,overall,other_only,OKLO,191,0,190,-190
latest_0718,overall,other_only,LWLG,192,0,191,-191
latest_0718,overall,agreement_only,ADBE,1,179,0,179
latest_0718,overall,agreement_only,TSM,2,178,0,178
latest_0718,overall,agreement_only,NVDA,3,168,0,168
latest_0718,overall,agreement_only,QCOM,4,162,3,159
latest_0718,overall,agreement_only,GOOGL,5,160,3,157
latest_0718,overall,agreement_only,ORCL,6,145,2,143
latest_0718,overall,agreement_only,PNR,7,141,5,136
latest_0718,overall,agreement_only,AVGO,8,136,0,136
latest_0718,overall,agreement_only,MSFT,9,135,1,134
latest_0718,overall,agreement_only,VST,10,126,0,126
latest_0718,overall,agreement_only,META,11,111,1,110
latest_0718,overall,agreement_only,BABA,12,112,3,109
latest_0718,overall,agreement_only,TEL,13,111,4,107
latest_0718,overall,agreement_only,TMO,14,113,8,105
latest_0718,overall,agreement_only,HTHIY,15,105,2,103
latest_0718,overall,agreement_only,MU,16,103,0,103
latest_0718,overall,agreement_only,ASML,17,104,4,100
latest_0718,overall,agreement_only,DOV,18,107,8,99
latest_0718,overall,agreement_only,MSI,19,91,6,85
latest_0718,overall,agreement_only,APH,20,89,7,82
latest_0718,overall,agreement_only,DELL,21,90,13,77
latest_0718,overall,agreement_only,ETN,22,82,5,77
latest_0718,overall,agreement_only,ET,23,81,5,76
latest_0718,overall,agreement_only,EME,24,83,8,75
latest_0718,overall,agreement_only,DHR,25,80,7,73
latest_0718,overall,agreement_only,NVT,26,81,9,72
latest_0718,overall,agreement_only,CRDO,27,79,7,72
latest_0718,overall,agreement_only,ST,28,76,8,68
latest_0718,overall,agreement_only,ALLE,29,71,6,65
latest_0718,overall,agreement_only,LFUS,30,79,16,63
latest_0718,overall,agreement_only,ADI,31,78,16,62
latest_0718,overall,agreement_only,TDY,32,74,12,62
latest_0718,overall,agreement_only,DCI,33,84,24,60
latest_0718,overall,agreement_only,LIN,34,74,14,60
latest_0718,overall,agreement_only,ANET,35,72,12,60
latest_0718,overall,agreement_only,KEYS,36,72,13,59
latest_0718,overall,agreement_only,MIELY,37,70,11,59
latest_0718,overall,agreement_only,SKHY,38,59,0,59
latest_0718,overall,agreement_only,HUBB,39,65,7,58
latest_0718,overall,agreement_only,JBL,40,72,16,56
latest_0718,overall,agreement_only,DD,41,71,16,55
latest_0718,overall,agreement_only,FTV,42,71,16,55
latest_0718,overall,agreement_only,SNDK,43,63,9,54
latest_0718,overall,agreement_only,JCI,44,65,14,51
latest_0718,overall,agreement_only,CLS,45,64,14,50
latest_0718,overall,agreement_only,DSCSY,46,58,8,50
latest_0718,overall,agreement_only,SNPS,47,65,16,49
latest_0718,overall,agreement_only,ASMIY,48,60,11,49
latest_0718,overall,agreement_only,CMI,49,59,10,49
latest_0718,overall,agreement_only,MOD,50,53,4,49
latest_0718,overall,agreement_only,PH,51,57,9,48
latest_0718,overall,agreement_only,VISN,52,60,14,46
latest_0718,overall,agreement_only,AEIS,53,64,19,45
latest_0718,overall,agreement_only,KLAC,54,64,19,45
latest_0718,overall,agreement_only,AMZN,55,51,6,45
latest_0718,overall,agreement_only,RMBS,56,64,20,44
latest_0718,overall,agreement_only,NTNX,57,59,16,43
latest_0718,overall,agreement_only,ABBNY,58,57,14,43
latest_0718,overall,agreement_only,AMAT,59,53,10,43
latest_0718,overall,agreement_only,ONTO,60,56,14,42
latest_0718,overall,agreement_only,NVMI,61,58,18,40
latest_0718,overall,agreement_only,MCHP,62,57,17,40
latest_0718,overall,agreement_only,IBM,63,56,16,40
latest_0718,overall,agreement_only,CEG,64,42,2,40
latest_0718,overall,agreement_only,POWL,65,54,15,39
latest_0718,overall,agreement_only,IFNNY,66,48,9,39
latest_0718,overall,agreement_only,ENS,67,47,9,38
latest_0718,overall,agreement_only,NTAP,68,47,11,36
latest_0718,overall,agreement_only,VRT,69,45,9,36
latest_0718,overall,agreement_only,FIX,70,56,21,35
latest_0718,overall,agreement_only,RYCEY,71,47,12,35
latest_0718,overall,agreement_only,IESC,72,60,26,34
latest_0718,overall,agreement_only,P,73,58,24,34
latest_0718,overall,agreement_only,HPE,74,47,13,34
latest_0718,overall,agreement_only,SHECY,75,47,13,34
latest_0718,overall,agreement_only,PLAB,76,47,14,33
latest_0718,overall,agreement_only,AMD,77,53,21,32
latest_0718,overall,agreement_only,MPWR,78,51,20,31
latest_0718,overall,agreement_only,CARR,79,49,18,31
latest_0718,overall,agreement_only,SMTOY,80,49,18,31
latest_0718,overall,agreement_only,NDSN,81,48,18,30
latest_0718,overall,agreement_only,ATEYY,82,41,11,30
latest_0718,overall,agreement_only,ECL,83,49,20,29
latest_0718,overall,agreement_only,TER,84,47,18,29
latest_0718,overall,agreement_only,HOCPY,85,43,14,29
latest_0718,overall,agreement_only,TT,86,39,10,29
latest_0718,overall,agreement_only,TTDKY,87,52,24,28
latest_0718,overall,agreement_only,GNRC,88,47,19,28
latest_0718,overall,agreement_only,MKSI,89,48,22,26
latest_0718,overall,agreement_only,MRVL,90,57,32,25
latest_0718,overall,agreement_only,CAMT,91,46,23,23
latest_0718,overall,agreement_only,BWXT,92,37,15,22
latest_0718,overall,agreement_only,SANM,93,33,11,22
latest_0718,overall,agreement_only,BDC,94,35,15,20
latest_0718,overall,agreement_only,VECO,95,30,11,19
latest_0718,overall,agreement_only,MMM,96,39,23,16
latest_0718,overall,agreement_only,AEP,97,55,40,15
latest_0718,overall,agreement_only,PWR,98,41,27,14
latest_0718,overall,agreement_only,ASX,99,35,21,14
latest_0718,overall,agreement_only,LRCX,100,34,20,14
latest_0718,overall,agreement_only,TOELY,101,32,18,14
latest_0718,overall,agreement_only,PENG,102,50,40,10
latest_0718,overall,agreement_only,KLIC,103,33,23,10
latest_0718,overall,agreement_only,FLEX,104,24,14,10
latest_0718,overall,agreement_only,GEV,105,25,16,9
latest_0718,overall,agreement_only,SIMO,106,45,37,8
latest_0718,overall,agreement_only,DTE,107,44,36,8
latest_0718,overall,agreement_only,CSCO,108,28,20,8
latest_0718,overall,agreement_only,APD,109,47,40,7
latest_0718,overall,agreement_only,ON,110,48,46,2
latest_0718,overall,agreement_only,FN,111,29,29,0
latest_0718,overall,agreement_only,ETR,112,46,47,-1
latest_0718,overall,agreement_only,MICLF,113,30,31,-1
latest_0718,overall,agreement_only,CDNS,114,37,39,-2
latest_0718,overall,agreement_only,DIOD,115,20,22,-2
latest_0718,overall,agreement_only,PSIX,116,21,24,-3
latest_0718,overall,agreement_only,AJNMY,117,35,39,-4
latest_0718,overall,agreement_only,NOK,118,46,51,-5
latest_0718,overall,agreement_only,TXN,119,41,47,-6
latest_0718,overall,agreement_only,Q,120,28,34,-6
latest_0718,overall,agreement_only,BELFB,121,39,46,-7
latest_0718,overall,agreement_only,CAT,122,37,44,-7
latest_0718,overall,agreement_only,SMCI,123,37,44,-7
latest_0718,overall,agreement_only,DKILY,124,29,37,-8
latest_0718,overall,agreement_only,ATKR,125,26,35,-9
latest_0718,overall,agreement_only,ASMVY,126,35,45,-10
latest_0718,overall,agreement_only,MRAAY,127,29,40,-11
latest_0718,overall,agreement_only,SMTC,128,40,53,-13
latest_0718,overall,agreement_only,DLR,129,38,51,-13
latest_0718,overall,agreement_only,MTSI,130,40,55,-15
latest_0718,overall,agreement_only,COHR,131,24,39,-15
latest_0718,overall,agreement_only,ASGLY,132,32,50,-18
latest_0718,overall,agreement_only,ENTG,133,13,31,-18
latest_0718,overall,agreement_only,EQIX,134,30,49,-19
latest_0718,overall,agreement_only,BESIY,135,29,49,-20
latest_0718,overall,agreement_only,AMKR,136,45,66,-21
latest_0718,overall,agreement_only,GFS,137,35,60,-25
latest_0718,overall,agreement_only,LITE,138,31,56,-25
latest_0718,overall,agreement_only,TSEM,139,23,50,-27
latest_0718,overall,agreement_only,WDC,140,30,62,-32
latest_0718,overall,agreement_only,MYRG,141,37,73,-36
latest_0718,overall,agreement_only,AAON,142,23,59,-36
latest_0718,overall,agreement_only,STX,143,33,72,-39
latest_0718,overall,agreement_only,UMC,144,31,71,-40
latest_0718,overall,agreement_only,CIEN,145,30,73,-43
latest_0718,overall,agreement_only,ACLS,146,35,79,-44
latest_0718,overall,agreement_only,AAOI,147,13,63,-50
latest_0718,overall,agreement_only,STM,148,32,84,-52
latest_0718,overall,agreement_only,UCTT,149,28,83,-55
latest_0718,overall,agreement_only,FORM,150,26,83,-57
latest_0718,overall,agreement_only,GLW,151,30,88,-58
latest_0718,overall,agreement_only,VIAV,152,28,87,-59
latest_0718,overall,agreement_only,SOMMY,153,17,77,-60
latest_0718,overall,agreement_only,VICR,154,20,81,-61
latest_0718,overall,agreement_only,COHU,155,21,85,-64
latest_0718,overall,agreement_only,ACMR,156,24,90,-66
latest_0718,overall,agreement_only,MTRN,157,23,97,-74
latest_0718,overall,agreement_only,SITM,158,21,98,-77
latest_0718,overall,agreement_only,VSH,159,18,96,-78
latest_0718,overall,agreement_only,ICHR,160,24,107,-83
latest_0718,overall,agreement_only,ROG,161,27,111,-84
latest_0718,overall,agreement_only,CRWD,162,21,106,-85
latest_0718,overall,agreement_only,CC,163,11,100,-89
latest_0718,overall,agreement_only,POWI,164,22,115,-93
latest_0718,overall,agreement_only,ALAB,165,18,112,-94
latest_0718,overall,agreement_only,BE,166,14,125,-111
latest_0718,overall,agreement_only,ENPH,167,12,128,-116
latest_0718,overall,agreement_only,IMOS,168,16,134,-118
latest_0718,overall,agreement_only,NBIS,169,7,132,-125
latest_0718,overall,agreement_only,CRWV,170,14,140,-126
latest_0718,overall,agreement_only,ARM,171,12,142,-130
latest_0718,overall,agreement_only,AOSL,172,9,139,-130
latest_0718,overall,agreement_only,MRAM,173,8,140,-132
latest_0718,overall,agreement_only,MXL,174,14,149,-135
latest_0718,overall,agreement_only,AXTI,175,9,151,-142
latest_0718,overall,agreement_only,FLNC,176,10,158,-148
latest_0718,overall,agreement_only,TSLA,177,11,160,-149
latest_0718,overall,agreement_only,IREN,178,7,159,-152
latest_0718,overall,agreement_only,TE,179,8,162,-154
latest_0718,overall,agreement_only,INTC,180,9,164,-155
latest_0718,overall,agreement_only,AEHR,181,7,165,-158
latest_0718,overall,agreement_only,APLD,182,7,168,-161
latest_0718,overall,agreement_only,RKLB,183,3,169,-166
latest_0718,overall,agreement_only,CBRS,184,4,171,-167
latest_0718,overall,agreement_only,AMPX,185,5,174,-169
latest_0718,overall,agreement_only,WOLF,186,0,178,-178
latest_0718,overall,agreement_only,POET,187,1,181,-180
latest_0718,overall,agreement_only,FCEL,188,0,180,-180
latest_0718,overall,agreement_only,NVTS,189,1,184,-183
latest_0718,overall,agreement_only,OKLO,190,0,183,-183
latest_0718,overall,agreement_only,SMR,191,0,185,-185
latest_0718,overall,agreement_only,LWLG,192,0,187,-187
latest_0718,overall,high_only,AVGO,1,128,1,127
latest_0718,overall,high_only,MSFT,2,124,3,121
latest_0718,overall,high_only,MU,3,127,14,113
latest_0718,overall,high_only,NVDA,4,106,0,106
latest_0718,overall,high_only,TEL,5,106,1,105
latest_0718,overall,high_only,META,6,99,0,99
latest_0718,overall,high_only,TSM,7,98,0,98
latest_0718,overall,high_only,GOOGL,8,97,0,97
latest_0718,overall,high_only,ADBE,9,95,0,95
latest_0718,overall,high_only,TMO,10,93,6,87
latest_0718,overall,high_only,ASML,11,92,8,84
latest_0718,overall,high_only,VST,12,87,6,81
latest_0718,overall,high_only,ETN,13,84,9,75
latest_0718,overall,high_only,EME,14,78,12,66
latest_0718,overall,high_only,APH,15,69,3,66
latest_0718,overall,high_only,HTHIY,16,76,11,65
latest_0718,overall,high_only,CEG,17,73,9,64
latest_0718,overall,high_only,AMZN,18,62,0,62
latest_0718,overall,high_only,MSI,19,61,0,61
latest_0718,overall,high_only,DHR,20,68,9,59
latest_0718,overall,high_only,HUBB,21,58,0,58
latest_0718,overall,high_only,QCOM,22,58,0,58
latest_0718,overall,high_only,DOV,23,57,4,53
latest_0718,overall,high_only,TT,24,46,1,45
latest_0718,overall,high_only,LIN,25,55,14,41
latest_0718,overall,high_only,MOD,26,53,12,41
latest_0718,overall,high_only,ET,27,49,8,41
latest_0718,overall,high_only,KEYS,28,40,0,40
latest_0718,overall,high_only,ANET,29,49,11,38
latest_0718,overall,high_only,KLAC,30,44,6,38
latest_0718,overall,high_only,ADI,31,37,0,37
latest_0718,overall,high_only,PH,32,36,0,36
latest_0718,overall,high_only,TDY,33,52,17,35
latest_0718,overall,high_only,ENS,34,42,7,35
latest_0718,overall,high_only,ALLE,35,35,0,35
latest_0718,overall,high_only,ASMIY,36,58,24,34
latest_0718,overall,high_only,SNPS,37,44,11,33
latest_0718,overall,high_only,DCI,38,42,9,33
latest_0718,overall,high_only,PNR,39,33,0,33
latest_0718,overall,high_only,NVT,40,50,20,30
latest_0718,overall,high_only,CMI,41,29,0,29
latest_0718,overall,high_only,CLS,42,37,9,28
latest_0718,overall,high_only,NTAP,43,53,26,27
latest_0718,overall,high_only,AMAT,44,58,33,25
latest_0718,overall,high_only,CRDO,45,38,13,25
latest_0718,overall,high_only,ONTO,46,25,0,25
latest_0718,overall,high_only,FTV,47,43,19,24
latest_0718,overall,high_only,ORCL,48,24,0,24
latest_0718,overall,high_only,SHECY,49,31,8,23
latest_0718,overall,high_only,ABBNY,50,56,34,22
latest_0718,overall,high_only,BABA,51,30,8,22
latest_0718,overall,high_only,ST,52,22,1,21
latest_0718,overall,high_only,BWXT,53,21,0,21
latest_0718,overall,high_only,CSCO,54,21,0,21
latest_0718,overall,high_only,SNDK,55,21,0,21
latest_0718,overall,high_only,VRT,56,21,0,21
latest_0718,overall,high_only,NTNX,57,35,16,19
latest_0718,overall,high_only,TER,58,33,14,19
latest_0718,overall,high_only,FIX,59,19,0,19
latest_0718,overall,high_only,LFUS,60,53,35,18
latest_0718,overall,high_only,GEV,61,18,0,18
latest_0718,overall,high_only,VECO,62,18,0,18
latest_0718,overall,high_only,IFNNY,63,48,31,17
latest_0718,overall,high_only,CAMT,64,17,0,17
latest_0718,overall,high_only,POWL,65,44,28,16
latest_0718,overall,high_only,JCI,66,41,25,16
latest_0718,overall,high_only,AMD,67,30,14,16
latest_0718,overall,high_only,ECL,68,40,25,15
latest_0718,overall,high_only,LRCX,69,33,18,15
latest_0718,overall,high_only,DSCSY,70,21,6,15
latest_0718,overall,high_only,IBM,71,15,0,15
latest_0718,overall,high_only,NVMI,72,34,20,14
latest_0718,overall,high_only,HPE,73,28,14,14
latest_0718,overall,high_only,SANM,74,19,5,14
latest_0718,overall,high_only,SKHY,75,14,0,14
latest_0718,overall,high_only,MIELY,76,28,15,13
latest_0718,overall,high_only,HOCPY,77,13,0,13
latest_0718,overall,high_only,NDSN,78,28,16,12
latest_0718,overall,high_only,CARR,79,13,1,12
latest_0718,overall,high_only,DELL,80,12,0,12
latest_0718,overall,high_only,JBL,81,12,0,12
latest_0718,overall,high_only,TOELY,82,12,0,12
latest_0718,overall,high_only,TXN,83,12,0,12
latest_0718,overall,high_only,PWR,84,14,3,11
latest_0718,overall,high_only,CAT,85,12,1,11
latest_0718,overall,high_only,RYCEY,86,11,0,11
latest_0718,overall,high_only,EQIX,87,8,0,8
latest_0718,overall,high_only,MRVL,88,8,1,7
latest_0718,overall,high_only,BDC,89,7,0,7
latest_0718,overall,high_only,DD,90,7,0,7
latest_0718,overall,high_only,P,91,7,0,7
latest_0718,overall,high_only,MKSI,92,7,1,6
latest_0718,overall,high_only,RMBS,93,32,27,5
latest_0718,overall,high_only,DLR,94,24,19,5
latest_0718,overall,high_only,ENTG,95,8,3,5
latest_0718,overall,high_only,AEP,96,6,1,5
latest_0718,overall,high_only,Q,97,5,0,5
latest_0718,overall,high_only,AJNMY,98,5,1,4
latest_0718,overall,high_only,COHR,99,4,0,4
latest_0718,overall,high_only,DIOD,100,4,0,4
latest_0718,overall,high_only,MICLF,101,4,0,4
latest_0718,overall,high_only,MMM,102,15,12,3
latest_0718,overall,high_only,TSEM,103,6,3,3
latest_0718,overall,high_only,BELFB,104,4,1,3
latest_0718,overall,high_only,PLAB,105,25,23,2
latest_0718,overall,high_only,FN,106,6,4,2
latest_0718,overall,high_only,CIEN,107,3,1,2
latest_0718,overall,high_only,GFS,108,3,1,2
latest_0718,overall,high_only,AEIS,109,45,44,1
latest_0718,overall,high_only,APD,110,5,4,1
latest_0718,overall,high_only,ASGLY,111,1,0,1
latest_0718,overall,high_only,AMKR,112,12,12,0
latest_0718,overall,high_only,MYRG,113,1,1,0
latest_0718,overall,high_only,ASMVY,114,0,0,0
latest_0718,overall,high_only,MCHP,115,24,25,-1
latest_0718,overall,high_only,CDNS,116,22,23,-1
latest_0718,overall,high_only,FORM,117,3,4,-1
latest_0718,overall,high_only,BESIY,118,1,2,-1
latest_0718,overall,high_only,STX,119,1,2,-1
latest_0718,overall,high_only,CRWD,120,1,3,-2
latest_0718,overall,high_only,VIAV,121,1,3,-2
latest_0718,overall,high_only,SMTC,122,0,2,-2
latest_0718,overall,high_only,ATEYY,123,28,31,-3
latest_0718,overall,high_only,MTSI,124,19,22,-3
latest_0718,overall,high_only,VICR,125,1,4,-3
latest_0718,overall,high_only,SIMO,126,24,29,-5
latest_0718,overall,high_only,DTE,127,23,28,-5
latest_0718,overall,high_only,VISN,128,11,16,-5
latest_0718,overall,high_only,SOMMY,129,0,5,-5
latest_0718,overall,high_only,SMTOY,130,26,32,-6
latest_0718,overall,high_only,ASX,131,25,31,-6
latest_0718,overall,high_only,PENG,132,15,21,-6
latest_0718,overall,high_only,WDC,133,12,19,-7
latest_0718,overall,high_only,ALAB,134,0,7,-7
latest_0718,overall,high_only,SITM,135,0,7,-7
latest_0718,overall,high_only,ON,136,19,27,-8
latest_0718,overall,high_only,POWI,137,1,9,-8
latest_0718,overall,high_only,MPWR,138,43,52,-9
latest_0718,overall,high_only,TTDKY,139,30,39,-9
latest_0718,overall,high_only,ETR,140,15,24,-9
latest_0718,overall,high_only,COHU,141,0,9,-9
latest_0718,overall,high_only,IESC,142,25,35,-10
latest_0718,overall,high_only,SMCI,143,15,25,-10
latest_0718,overall,high_only,ATKR,144,12,25,-13
latest_0718,overall,high_only,GNRC,145,24,38,-14
latest_0718,overall,high_only,VSH,146,0,14,-14
latest_0718,overall,high_only,NOK,147,21,37,-16
latest_0718,overall,high_only,PSIX,148,6,22,-16
latest_0718,overall,high_only,CRWV,149,0,17,-17
latest_0718,overall,high_only,DKILY,150,25,46,-21
latest_0718,overall,high_only,KLIC,151,16,38,-22
latest_0718,overall,high_only,GLW,152,17,40,-23
latest_0718,overall,high_only,FLEX,153,20,44,-24
latest_0718,overall,high_only,LITE,154,14,38,-24
latest_0718,overall,high_only,ACLS,155,10,34,-24
latest_0718,overall,high_only,IMOS,156,1,27,-26
latest_0718,overall,high_only,CC,157,8,35,-27
latest_0718,overall,high_only,MTRN,158,18,48,-30
latest_0718,overall,high_only,AXTI,159,0,30,-30
latest_0718,overall,high_only,STM,160,11,47,-36
latest_0718,overall,high_only,NBIS,161,0,37,-37
latest_0718,overall,high_only,AAOI,162,5,43,-38
latest_0718,overall,high_only,APLD,163,0,43,-43
latest_0718,overall,high_only,MRAAY,164,27,75,-48
latest_0718,overall,high_only,FLNC,165,0,50,-50
latest_0718,overall,high_only,UMC,166,21,80,-59
latest_0718,overall,high_only,AAON,167,0,59,-59
latest_0718,overall,high_only,RKLB,168,0,59,-59
latest_0718,overall,high_only,UCTT,169,8,69,-61
latest_0718,overall,high_only,ARM,170,8,70,-62
latest_0718,overall,high_only,ACMR,171,10,73,-63
latest_0718,overall,high_only,AMPX,172,0,65,-65
latest_0718,overall,high_only,BE,173,8,74,-66
latest_0718,overall,high_only,CBRS,174,0,67,-67
latest_0718,overall,high_only,ICHR,175,14,83,-69
latest_0718,overall,high_only,AEHR,176,0,71,-71
latest_0718,overall,high_only,MRAM,177,0,74,-74
latest_0718,overall,high_only,ROG,178,12,87,-75
latest_0718,overall,high_only,ENPH,179,7,94,-87
latest_0718,overall,high_only,IREN,180,7,97,-90
latest_0718,overall,high_only,NVTS,181,0,93,-93
latest_0718,overall,high_only,OKLO,182,0,98,-98
latest_0718,overall,high_only,FCEL,183,0,101,-101
latest_0718,overall,high_only,WOLF,184,0,102,-102
latest_0718,overall,high_only,MXL,185,6,116,-110
latest_0718,overall,high_only,AOSL,186,8,123,-115
latest_0718,overall,high_only,TSLA,187,8,125,-117
latest_0718,overall,high_only,INTC,188,7,177,-170
latest_0718,overall,high_only,TE,189,5,176,-171
latest_0718,overall,high_only,LWLG,190,0,176,-176
latest_0718,overall,high_only,SMR,191,1,211,-210
latest_0718,overall,high_only,POET,192,1,214,-213
latest_0718,overall,strength_weighted,ADBE,1,370,1,580
latest_0718,overall,strength_weighted,AVGO,2,324,9,526
latest_0718,overall,strength_weighted,GOOGL,3,344,16,522
latest_0718,overall,strength_weighted,TSM,4,365,5,496
latest_0718,overall,strength_weighted,NVDA,5,359,6,495
latest_0718,overall,strength_weighted,QCOM,6,343,18,474
latest_0718,overall,strength_weighted,VST,7,315,23,457
latest_0718,overall,strength_weighted,META,8,297,15,447
latest_0718,overall,strength_weighted,ORCL,9,321,19,427
latest_0718,overall,strength_weighted,MSFT,10,322,32,424
latest_0718,overall,strength_weighted,ASML,11,277,42,383
latest_0718,overall,strength_weighted,TEL,12,293,25,378
latest_0718,overall,strength_weighted,HTHIY,13,286,48,373
latest_0718,overall,strength_weighted,TMO,14,290,61,371
latest_0718,overall,strength_weighted,MU,15,292,51,367
latest_0718,overall,strength_weighted,PNR,16,315,27,351
latest_0718,overall,strength_weighted,BABA,17,288,29,336
latest_0718,overall,strength_weighted,MSI,18,267,54,335
latest_0718,overall,strength_weighted,DOV,19,274,54,321
latest_0718,overall,strength_weighted,APH,20,266,91,281
latest_0718,overall,strength_weighted,DHR,21,252,86,277
latest_0718,overall,strength_weighted,ET,22,249,47,276
latest_0718,overall,strength_weighted,EME,23,258,87,275
latest_0718,overall,strength_weighted,ETN,24,255,84,270
latest_0718,overall,strength_weighted,DELL,25,250,61,259
latest_0718,overall,strength_weighted,CRDO,26,243,55,252
latest_0718,overall,strength_weighted,NVT,27,246,80,248
latest_0718,overall,strength_weighted,AMZN,28,224,80,245
latest_0718,overall,strength_weighted,ALLE,29,240,76,242
latest_0718,overall,strength_weighted,CEG,30,226,89,235
latest_0718,overall,strength_weighted,HUBB,31,233,108,229
latest_0718,overall,strength_weighted,MOD,32,224,83,229
latest_0718,overall,strength_weighted,ANET,33,221,70,227
latest_0718,overall,strength_weighted,ASMIY,34,222,91,218
latest_0718,overall,strength_weighted,ST,35,217,51,217
latest_0718,overall,strength_weighted,TDY,36,234,91,215
latest_0718,overall,strength_weighted,SNPS,37,224,76,214
latest_0718,overall,strength_weighted,VRT,38,199,41,209
latest_0718,overall,strength_weighted,KEYS,39,228,102,207
latest_0718,overall,strength_weighted,SKHY,40,206,45,205
latest_0718,overall,strength_weighted,SNDK,41,232,96,204
latest_0718,overall,strength_weighted,DSCSY,42,194,31,203
latest_0718,overall,strength_weighted,LFUS,43,231,87,202
latest_0718,overall,strength_weighted,JCI,44,220,92,202
latest_0718,overall,strength_weighted,TT,45,201,82,202
latest_0718,overall,strength_weighted,CLS,46,223,92,195
latest_0718,overall,strength_weighted,SANM,47,194,47,192
latest_0718,overall,strength_weighted,MIELY,48,205,68,180
latest_0718,overall,strength_weighted,LIN,49,219,108,178
latest_0718,overall,strength_weighted,ADI,50,233,111,177
latest_0718,overall,strength_weighted,ABBNY,51,212,105,175
latest_0718,overall,strength_weighted,JBL,52,221,89,173
latest_0718,overall,strength_weighted,CMI,53,216,112,171
latest_0718,overall,strength_weighted,DCI,54,229,104,164
latest_0718,overall,strength_weighted,KLAC,55,200,109,163
latest_0718,overall,strength_weighted,DD,56,221,103,159
latest_0718,overall,strength_weighted,PH,57,215,115,157
latest_0718,overall,strength_weighted,NTNX,58,212,107,157
latest_0718,overall,strength_weighted,IBM,59,196,77,153
latest_0718,overall,strength_weighted,FTV,60,227,114,150
latest_0718,overall,strength_weighted,ONTO,61,211,124,147
latest_0718,overall,strength_weighted,AEIS,62,213,112,144
latest_0718,overall,strength_weighted,ENS,63,210,123,144
latest_0718,overall,strength_weighted,IFNNY,64,207,122,128
latest_0718,overall,strength_weighted,HPE,65,212,114,126
latest_0718,overall,strength_weighted,RYCEY,66,195,123,125
latest_0718,overall,strength_weighted,NTAP,67,213,121,123
latest_0718,overall,strength_weighted,AMAT,68,209,121,123
latest_0718,overall,strength_weighted,RMBS,69,197,99,123
latest_0718,overall,strength_weighted,GEV,70,154,66,122
latest_0718,overall,strength_weighted,MCHP,71,196,104,119
latest_0718,overall,strength_weighted,POWL,72,194,119,118
latest_0718,overall,strength_weighted,P,73,193,108,114
latest_0718,overall,strength_weighted,VECO,74,189,132,112
latest_0718,overall,strength_weighted,CARR,75,200,130,111
latest_0718,overall,strength_weighted,NVMI,76,194,116,106
latest_0718,overall,strength_weighted,HOCPY,77,160,91,101
latest_0718,overall,strength_weighted,SHECY,78,178,118,98
latest_0718,overall,strength_weighted,IESC,79,176,113,98
latest_0718,overall,strength_weighted,VISN,80,198,96,97
latest_0718,overall,strength_weighted,TER,81,191,132,96
latest_0718,overall,strength_weighted,AMD,82,189,117,96
latest_0718,overall,strength_weighted,FIX,83,192,136,94
latest_0718,overall,strength_weighted,ATEYY,84,170,102,93
latest_0718,overall,strength_weighted,BWXT,85,180,132,92
latest_0718,overall,strength_weighted,NDSN,86,186,122,84
latest_0718,overall,strength_weighted,TOELY,87,157,119,84
latest_0718,overall,strength_weighted,PWR,88,158,120,81
latest_0718,overall,strength_weighted,CAMT,89,184,125,79
latest_0718,overall,strength_weighted,BDC,90,172,120,76
latest_0718,overall,strength_weighted,CSCO,91,160,119,69
latest_0718,overall,strength_weighted,MKSI,92,181,128,68
latest_0718,overall,strength_weighted,LRCX,93,166,133,67
latest_0718,overall,strength_weighted,TTDKY,94,177,139,66
latest_0718,overall,strength_weighted,PLAB,95,194,137,63
latest_0718,overall,strength_weighted,MPWR,96,180,142,60
latest_0718,overall,strength_weighted,MRVL,97,176,139,55
latest_0718,overall,strength_weighted,GNRC,98,193,132,54
latest_0718,overall,strength_weighted,SMTOY,99,161,119,49
latest_0718,overall,strength_weighted,AEP,100,158,131,43
latest_0718,overall,strength_weighted,ECL,101,183,149,41
latest_0718,overall,strength_weighted,Q,102,129,130,21
latest_0718,overall,strength_weighted,FN,103,128,121,14
latest_0718,overall,strength_weighted,DIOD,104,148,162,12
latest_0718,overall,strength_weighted,APD,105,145,143,11
latest_0718,overall,strength_weighted,MMM,106,155,142,10
latest_0718,overall,strength_weighted,FLEX,107,166,145,9
latest_0718,overall,strength_weighted,DTE,108,155,152,5
latest_0718,overall,strength_weighted,PSIX,109,137,137,3
latest_0718,overall,strength_weighted,PENG,110,151,154,-1
latest_0718,overall,strength_weighted,ASX,111,173,155,-2
latest_0718,overall,strength_weighted,ENTG,112,105,122,-8
latest_0718,overall,strength_weighted,KLIC,113,164,154,-12
latest_0718,overall,strength_weighted,MICLF,114,128,156,-12
latest_0718,overall,strength_weighted,SIMO,115,146,158,-14
latest_0718,overall,strength_weighted,ON,116,151,169,-24
latest_0718,overall,strength_weighted,BELFB,117,135,162,-27
latest_0718,overall,strength_weighted,CAT,118,135,173,-29
latest_0718,overall,strength_weighted,CDNS,119,146,168,-36
latest_0718,overall,strength_weighted,DLR,120,121,158,-37
latest_0718,overall,strength_weighted,AJNMY,121,114,168,-41
latest_0718,overall,strength_weighted,ASMVY,122,119,177,-46
latest_0718,overall,strength_weighted,TXN,123,129,168,-47
latest_0718,overall,strength_weighted,MRAAY,124,121,188,-47
latest_0718,overall,strength_weighted,EQIX,125,112,175,-48
latest_0718,overall,strength_weighted,ETR,126,145,175,-57
latest_0718,overall,strength_weighted,DKILY,127,123,164,-63
latest_0718,overall,strength_weighted,NOK,128,138,174,-64
latest_0718,overall,strength_weighted,SMCI,129,108,155,-64
latest_0718,overall,strength_weighted,SMTC,130,107,171,-65
latest_0718,overall,strength_weighted,ATKR,131,120,176,-68
latest_0718,overall,strength_weighted,TSEM,132,114,183,-75
latest_0718,overall,strength_weighted,GFS,133,114,198,-81
latest_0718,overall,strength_weighted,MTSI,134,118,180,-82
latest_0718,overall,strength_weighted,WDC,135,107,194,-89
latest_0718,overall,strength_weighted,BESIY,136,97,172,-99
latest_0718,overall,strength_weighted,ASGLY,137,103,181,-110
latest_0718,overall,strength_weighted,CIEN,138,96,216,-120
latest_0718,overall,strength_weighted,AMKR,139,126,202,-131
latest_0718,overall,strength_weighted,COHR,140,124,187,-134
latest_0718,overall,strength_weighted,FORM,141,79,223,-147
latest_0718,overall,strength_weighted,LITE,142,100,201,-149
latest_0718,overall,strength_weighted,ACLS,143,106,215,-152
latest_0718,overall,strength_weighted,STX,144,104,207,-152
latest_0718,overall,strength_weighted,MYRG,145,110,214,-161
latest_0718,overall,strength_weighted,AAON,146,108,203,-165
latest_0718,overall,strength_weighted,AAOI,147,85,219,-179
latest_0718,overall,strength_weighted,VICR,148,65,234,-180
latest_0718,overall,strength_weighted,UMC,149,104,226,-198
latest_0718,overall,strength_weighted,STM,150,92,223,-199
latest_0718,overall,strength_weighted,CRWD,151,67,259,-202
latest_0718,overall,strength_weighted,GLW,152,83,229,-210
latest_0718,overall,strength_weighted,VIAV,153,82,225,-215
latest_0718,overall,strength_weighted,COHU,154,55,236,-215
latest_0718,overall,strength_weighted,VSH,155,67,255,-216
latest_0718,overall,strength_weighted,SOMMY,156,70,222,-227
latest_0718,overall,strength_weighted,ACMR,157,75,235,-231
latest_0718,overall,strength_weighted,ICHR,158,72,256,-232
latest_0718,overall,strength_weighted,POWI,159,60,275,-244
latest_0718,overall,strength_weighted,ROG,160,68,267,-256
latest_0718,overall,strength_weighted,UCTT,161,90,234,-258
latest_0718,overall,strength_weighted,MTRN,162,74,251,-269
latest_0718,overall,strength_weighted,SITM,163,62,257,-283
latest_0718,overall,strength_weighted,ALAB,164,50,269,-284
latest_0718,overall,strength_weighted,CC,165,46,259,-291
latest_0718,overall,strength_weighted,CRWV,166,44,305,-319
latest_0718,overall,strength_weighted,IMOS,167,47,300,-322
latest_0718,overall,strength_weighted,BE,168,44,295,-360
latest_0718,overall,strength_weighted,MRAM,169,28,316,-404
latest_0718,overall,strength_weighted,TSLA,170,28,337,-413
latest_0718,overall,strength_weighted,APLD,171,21,349,-416
latest_0718,overall,strength_weighted,ARM,172,34,314,-421
latest_0718,overall,strength_weighted,ENPH,173,43,299,-426
latest_0718,overall,strength_weighted,NBIS,174,35,311,-434
latest_0718,overall,strength_weighted,CBRS,175,16,354,-456
latest_0718,overall,strength_weighted,AXTI,176,29,324,-473
latest_0718,overall,strength_weighted,MXL,177,36,318,-480
latest_0718,overall,strength_weighted,AEHR,178,27,346,-487
latest_0718,overall,strength_weighted,AOSL,179,31,309,-490
latest_0718,overall,strength_weighted,FLNC,180,30,328,-495
latest_0718,overall,strength_weighted,WOLF,181,8,367,-497
latest_0718,overall,strength_weighted,IREN,182,28,338,-510
latest_0718,overall,strength_weighted,TE,183,21,342,-558
latest_0718,overall,strength_weighted,OKLO,184,3,374,-569
latest_0718,overall,strength_weighted,INTC,185,22,343,-576
latest_0718,overall,strength_weighted,AMPX,186,16,357,-588
latest_0718,overall,strength_weighted,RKLB,187,15,353,-596
latest_0718,overall,strength_weighted,FCEL,188,6,370,-633
latest_0718,overall,strength_weighted,POET,189,7,370,-651
latest_0718,overall,strength_weighted,SMR,190,5,374,-656
latest_0718,overall,strength_weighted,NVTS,191,6,372,-658
latest_0718,overall,strength_weighted,LWLG,192,1,378,-688
original_0714,near,both,AVGO,1,369,5,364
original_0714,near,both,MU,2,366,5,361
original_0714,near,both,SNDK,3,353,21,332
original_0714,near,both,NVDA,4,324,7,317
original_0714,near,both,TSM,5,334,24,310
original_0714,near,both,LITE,6,340,33,307
original_0714,near,both,CRWV,7,333,28,305
original_0714,near,both,SKHY,8,314,12,302
original_0714,near,both,MRVL,9,323,30,293
original_0714,near,both,ALAB,10,321,28,293
original_0714,near,both,DELL,11,330,41,289
original_0714,near,both,ORCL,12,322,35,287
original_0714,near,both,ATEYY,13,321,34,287
original_0714,near,both,VRT,14,293,10,283
original_0714,near,both,MPWR,15,311,45,266
original_0714,near,both,STX,16,315,54,261
original_0714,near,both,AMAT,17,311,50,261
original_0714,near,both,AMD,18,307,53,254
original_0714,near,both,TER,19,295,47,248
original_0714,near,both,CRDO,20,276,33,243
original_0714,near,both,NVT,21,291,56,235
original_0714,near,both,DSCSY,22,268,33,235
original_0714,near,both,CLS,23,295,61,234
original_0714,near,both,GEV,24,258,24,234
original_0714,near,both,ASMIY,25,288,58,230
original_0714,near,both,MOD,26,285,59,226
original_0714,near,both,KLAC,27,283,60,223
original_0714,near,both,AAOI,28,261,38,223
original_0714,near,both,MTSI,29,285,68,217
original_0714,near,both,POWL,30,283,67,216
original_0714,near,both,TSEM,31,277,62,215
original_0714,near,both,WDC,32,285,77,208
original_0714,near,both,CIEN,33,276,68,208
original_0714,near,both,FIX,34,278,73,205
original_0714,near,both,ANET,35,278,78,200
original_0714,near,both,PWR,36,260,61,199
original_0714,near,both,APH,37,280,82,198
original_0714,near,both,AEIS,38,267,75,192
original_0714,near,both,ONTO,39,267,77,190
original_0714,near,both,VST,40,267,86,181
original_0714,near,both,MSFT,41,263,89,174
original_0714,near,both,META,42,268,95,173
original_0714,near,both,FN,43,234,62,172
original_0714,near,both,SIMO,44,260,90,170
original_0714,near,both,SITM,45,262,95,167
original_0714,near,both,BESIY,46,264,99,165
original_0714,near,both,ASMVY,47,255,94,161
original_0714,near,both,AAON,48,213,60,153
original_0714,near,both,GOOGL,49,259,107,152
original_0714,near,both,CAMT,50,241,95,146
original_0714,near,both,COHR,51,235,90,145
original_0714,near,both,MCHP,52,246,104,142
original_0714,near,both,ASML,53,248,107,141
original_0714,near,both,NVMI,54,247,110,137
original_0714,near,both,PENG,55,248,112,136
original_0714,near,both,IESC,56,241,114,127
original_0714,near,both,TOELY,57,231,109,122
original_0714,near,both,ETN,58,242,122,120
original_0714,near,both,IFNNY,59,234,117,117
original_0714,near,both,VECO,60,223,106,117
original_0714,near,both,SMTC,61,236,125,111
original_0714,near,both,TEL,62,222,113,109
original_0714,near,both,RYCEY,63,227,122,105
original_0714,near,both,BE,64,231,127,104
original_0714,near,both,JBL,65,224,128,96
original_0714,near,both,GLW,66,225,134,91
original_0714,near,both,TT,67,204,113,91
original_0714,near,both,EME,68,222,132,90
original_0714,near,both,KEYS,69,222,134,88
original_0714,near,both,APLD,70,188,101,87
original_0714,near,both,ASX,71,223,137,86
original_0714,near,both,ICHR,72,219,139,80
original_0714,near,both,RMBS,73,207,138,69
original_0714,near,both,LRCX,74,211,150,61
original_0714,near,both,ADI,75,199,139,60
original_0714,near,both,HTHIY,76,211,154,57
original_0714,near,both,Q,77,160,103,57
original_0714,near,both,BWXT,78,198,143,55
original_0714,near,both,MSI,79,202,149,53
original_0714,near,both,AMZN,80,196,143,53
original_0714,near,both,SANM,81,187,134,53
original_0714,near,both,SMCI,82,204,152,52
original_0714,near,both,P,83,203,153,50
original_0714,near,both,ADBE,84,199,152,47
original_0714,near,both,MYRG,85,199,156,43
original_0714,near,both,MKSI,86,199,157,42
original_0714,near,both,MICLF,87,198,157,41
original_0714,near,both,ABBNY,88,196,157,39
original_0714,near,both,CEG,89,180,147,33
original_0714,near,both,COHU,90,178,147,31
original_0714,near,both,HUBB,91,189,162,27
original_0714,near,both,JCI,92,189,162,27
original_0714,near,both,GNRC,93,191,165,26
original_0714,near,both,ACMR,94,188,163,25
original_0714,near,both,VICR,95,182,162,20
original_0714,near,both,AXTI,96,192,173,19
original_0714,near,both,NTNX,97,186,168,18
original_0714,near,both,CRWD,98,183,166,17
original_0714,near,both,CAT,99,185,169,16
original_0714,near,both,PH,100,171,158,13
original_0714,near,both,VIAV,101,183,176,7
original_0714,near,both,KLIC,102,181,181,0
original_0714,near,both,AMKR,103,177,185,-8
original_0714,near,both,HPE,104,175,186,-11
original_0714,near,both,CMI,105,165,177,-12
original_0714,near,both,LFUS,106,166,180,-14
original_0714,near,both,ARM,107,171,190,-19
original_0714,near,both,NBIS,108,164,184,-20
original_0714,near,both,DLR,109,162,185,-23
original_0714,near,both,BABA,110,158,185,-27
original_0714,near,both,CARR,111,161,190,-29
original_0714,near,both,FLEX,112,145,178,-33
original_0714,near,both,FORM,113,137,177,-40
original_0714,near,both,BELFB,114,156,198,-42
original_0714,near,both,UCTT,115,160,203,-43
original_0714,near,both,HOCPY,116,136,186,-50
original_0714,near,both,CDNS,117,150,201,-51
original_0714,near,both,MTRN,118,152,204,-52
original_0714,near,both,ENTG,119,106,169,-63
original_0714,near,both,CSCO,120,122,188,-66
original_0714,near,both,TDY,121,135,210,-75
original_0714,near,both,NTAP,122,136,219,-83
original_0714,near,both,MXL,123,113,201,-88
original_0714,near,both,TXN,124,131,224,-93
original_0714,near,both,MRAAY,125,132,227,-95
original_0714,near,both,MIELY,126,127,224,-97
original_0714,near,both,IREN,127,131,229,-98
original_0714,near,both,ET,128,131,231,-100
original_0714,near,both,SNPS,129,115,217,-102
original_0714,near,both,IMOS,130,128,234,-106
original_0714,near,both,UMC,131,124,232,-108
original_0714,near,both,ECL,132,117,228,-111
original_0714,near,both,SMTOY,133,126,238,-112
original_0714,near,both,DOV,134,114,237,-123
original_0714,near,both,EQIX,135,114,239,-125
original_0714,near,both,STM,136,115,244,-129
original_0714,near,both,TTDKY,137,108,246,-138
original_0714,near,both,ENS,138,106,246,-140
original_0714,near,both,LIN,139,108,254,-146
original_0714,near,both,VISN,140,103,249,-146
original_0714,near,both,ON,141,107,256,-149
original_0714,near,both,DHR,142,104,253,-149
original_0714,near,both,DIOD,143,100,255,-155
original_0714,near,both,NOK,144,100,255,-155
original_0714,near,both,DCI,145,101,257,-156
original_0714,near,both,IBM,146,102,259,-157
original_0714,near,both,TMO,147,97,254,-157
original_0714,near,both,SHECY,148,93,253,-160
original_0714,near,both,VSH,149,101,266,-165
original_0714,near,both,NDSN,150,87,252,-165
original_0714,near,both,DD,151,94,263,-169
original_0714,near,both,AJNMY,152,96,266,-170
original_0714,near,both,AEP,153,96,271,-175
original_0714,near,both,ETR,154,92,268,-176
original_0714,near,both,CBRS,155,92,271,-179
original_0714,near,both,FLNC,156,90,276,-186
original_0714,near,both,AEHR,157,84,270,-186
original_0714,near,both,BDC,158,71,258,-187
original_0714,near,both,GFS,159,74,262,-188
original_0714,near,both,DTE,160,84,285,-201
original_0714,near,both,QCOM,161,78,280,-202
original_0714,near,both,PSIX,162,69,282,-213
original_0714,near,both,ST,163,52,267,-215
original_0714,near,both,ALLE,164,70,298,-228
original_0714,near,both,FTV,165,65,293,-228
original_0714,near,both,PNR,166,68,297,-229
original_0714,near,both,ACLS,167,60,289,-229
original_0714,near,both,POWI,168,64,300,-236
original_0714,near,both,MMM,169,62,298,-236
original_0714,near,both,ASGLY,170,61,303,-242
original_0714,near,both,RKLB,171,61,304,-243
original_0714,near,both,APD,172,58,301,-243
original_0714,near,both,DKILY,173,56,307,-251
original_0714,near,both,AMPX,174,55,312,-257
original_0714,near,both,PLAB,175,47,322,-275
original_0714,near,both,MRAM,176,46,324,-278
original_0714,near,both,ROG,177,43,325,-282
original_0714,near,both,TE,178,41,332,-291
original_0714,near,both,CC,179,36,331,-295
original_0714,near,both,SOMMY,180,37,335,-298
original_0714,near,both,TSLA,181,34,334,-300
original_0714,near,both,AOSL,182,33,343,-310
original_0714,near,both,ATKR,183,26,337,-311
original_0714,near,both,NVTS,184,21,353,-332
original_0714,near,both,INTC,185,19,354,-335
original_0714,near,both,ENPH,186,18,360,-342
original_0714,near,both,POET,187,8,368,-360
original_0714,near,both,FCEL,188,9,373,-364
original_0714,near,both,WOLF,189,8,372,-364
original_0714,near,both,SMR,190,4,375,-371
original_0714,near,both,OKLO,191,2,377,-375
original_0714,near,both,LWLG,192,0,380,-380
original_0714,near,self_only,AVGO,1,183,5,178
original_0714,near,self_only,MU,2,178,4,174
original_0714,near,self_only,CRWV,3,175,13,162
original_0714,near,self_only,SNDK,4,170,18,152
original_0714,near,self_only,DELL,5,169,21,148
original_0714,near,self_only,ALAB,6,157,11,146
original_0714,near,self_only,MRVL,7,157,16,141
original_0714,near,self_only,LITE,8,163,25,138
original_0714,near,self_only,MPWR,9,154,27,127
original_0714,near,self_only,TSM,10,149,22,127
original_0714,near,self_only,NVDA,11,133,7,126
original_0714,near,self_only,STX,12,155,34,121
original_0714,near,self_only,ATEYY,13,149,29,120
original_0714,near,self_only,SKHY,14,130,11,119
original_0714,near,self_only,VRT,15,121,2,119
original_0714,near,self_only,ORCL,16,142,34,108
original_0714,near,self_only,AMAT,17,144,37,107
original_0714,near,self_only,AMD,18,142,36,106
original_0714,near,self_only,DSCSY,19,114,12,102
original_0714,near,self_only,TER,20,132,35,97
original_0714,near,self_only,AEIS,21,136,41,95
original_0714,near,self_only,FN,22,108,17,91
original_0714,near,self_only,MTSI,23,138,48,90
original_0714,near,self_only,ASMIY,24,128,39,89
original_0714,near,self_only,NVT,25,132,44,88
original_0714,near,self_only,AAOI,26,102,16,86
original_0714,near,self_only,GEV,27,96,10,86
original_0714,near,self_only,KLAC,28,127,42,85
original_0714,near,self_only,TSEM,29,124,39,85
original_0714,near,self_only,CIEN,30,126,46,80
original_0714,near,self_only,WDC,31,126,55,71
original_0714,near,self_only,PWR,32,112,42,70
original_0714,near,self_only,CLS,33,121,53,68
original_0714,near,self_only,POWL,34,120,56,64
original_0714,near,self_only,CRDO,35,94,32,62
original_0714,near,self_only,APH,36,123,62,61
original_0714,near,self_only,MOD,37,114,54,60
original_0714,near,self_only,MCHP,38,117,61,56
original_0714,near,self_only,APLD,39,84,28,56
original_0714,near,self_only,ANET,40,117,63,54
original_0714,near,self_only,FIX,41,114,64,50
original_0714,near,self_only,ASMVY,42,112,64,48
original_0714,near,self_only,SIMO,43,110,65,45
original_0714,near,self_only,VST,44,111,67,44
original_0714,near,self_only,Q,45,65,22,43
original_0714,near,self_only,SITM,46,113,72,41
original_0714,near,self_only,SMCI,47,113,73,40
original_0714,near,self_only,ONTO,48,103,65,38
original_0714,near,self_only,PENG,49,112,76,36
original_0714,near,self_only,GLW,50,110,77,33
original_0714,near,self_only,COHU,51,90,59,31
original_0714,near,self_only,TEL,52,96,66,30
original_0714,near,self_only,ICHR,53,102,77,25
original_0714,near,self_only,IFNNY,54,99,76,23
original_0714,near,self_only,BESIY,55,106,84,22
original_0714,near,self_only,MSFT,56,97,80,17
original_0714,near,self_only,CAMT,57,89,74,15
original_0714,near,self_only,ASML,58,98,84,14
original_0714,near,self_only,AAON,59,57,44,13
original_0714,near,self_only,NVMI,60,96,85,11
original_0714,near,self_only,META,61,95,86,9
original_0714,near,self_only,SMTC,62,95,93,2
original_0714,near,self_only,P,63,92,93,-1
original_0714,near,self_only,RMBS,64,89,90,-1
original_0714,near,self_only,JBL,65,92,94,-2
original_0714,near,self_only,KEYS,66,90,93,-3
original_0714,near,self_only,HOCPY,67,69,75,-6
original_0714,near,self_only,COHR,68,70,77,-7
original_0714,near,self_only,ADBE,69,82,90,-8
original_0714,near,self_only,IESC,70,88,97,-9
original_0714,near,self_only,VECO,71,71,80,-9
original_0714,near,self_only,GOOGL,72,89,99,-10
original_0714,near,self_only,ASX,73,84,97,-13
original_0714,near,self_only,ADI,74,80,96,-16
original_0714,near,self_only,MICLF,75,80,97,-17
original_0714,near,self_only,MYRG,76,81,101,-20
original_0714,near,self_only,TT,77,59,83,-24
original_0714,near,self_only,AXTI,78,82,107,-25
original_0714,near,self_only,MSI,79,78,103,-25
original_0714,near,self_only,TOELY,80,70,95,-25
original_0714,near,self_only,ETN,81,80,106,-26
original_0714,near,self_only,CAT,82,79,106,-27
original_0714,near,self_only,LFUS,83,77,104,-27
original_0714,near,self_only,RYCEY,84,75,103,-28
original_0714,near,self_only,BE,85,74,104,-30
original_0714,near,self_only,HTHIY,86,76,107,-31
original_0714,near,self_only,DLR,87,73,104,-31
original_0714,near,self_only,VIAV,88,75,107,-32
original_0714,near,self_only,CMI,89,70,106,-36
original_0714,near,self_only,BWXT,90,67,105,-38
original_0714,near,self_only,EME,91,72,112,-40
original_0714,near,self_only,NTNX,92,68,108,-40
original_0714,near,self_only,ARM,93,72,115,-43
original_0714,near,self_only,AMKR,94,72,116,-44
original_0714,near,self_only,JCI,95,66,116,-50
original_0714,near,self_only,MTRN,96,67,119,-52
original_0714,near,self_only,PH,97,56,108,-52
original_0714,near,self_only,SANM,98,45,100,-55
original_0714,near,self_only,TXN,99,65,121,-56
original_0714,near,self_only,MRAAY,100,66,123,-57
original_0714,near,self_only,GNRC,101,66,124,-58
original_0714,near,self_only,STM,102,63,122,-59
original_0714,near,self_only,ABBNY,103,59,118,-59
original_0714,near,self_only,MKSI,104,58,117,-59
original_0714,near,self_only,ET,105,61,124,-63
original_0714,near,self_only,NTAP,106,59,124,-65
original_0714,near,self_only,CSCO,107,38,103,-65
original_0714,near,self_only,CRWD,108,57,124,-67
original_0714,near,self_only,AMZN,109,47,116,-69
original_0714,near,self_only,IMOS,110,57,127,-70
original_0714,near,self_only,CARR,111,59,132,-73
original_0714,near,self_only,ON,112,58,131,-73
original_0714,near,self_only,LIN,113,56,129,-73
original_0714,near,self_only,TDY,114,54,127,-73
original_0714,near,self_only,AJNMY,115,56,130,-74
original_0714,near,self_only,UMC,116,54,129,-75
original_0714,near,self_only,MIELY,117,54,130,-76
original_0714,near,self_only,ACMR,118,52,129,-77
original_0714,near,self_only,BABA,119,48,127,-79
original_0714,near,self_only,KLIC,120,53,133,-80
original_0714,near,self_only,CDNS,121,51,131,-80
original_0714,near,self_only,HUBB,122,49,130,-81
original_0714,near,self_only,VICR,123,45,127,-82
original_0714,near,self_only,AEP,124,53,136,-83
original_0714,near,self_only,SMTOY,125,52,135,-83
original_0714,near,self_only,DOV,126,51,134,-83
original_0714,near,self_only,BELFB,127,50,133,-83
original_0714,near,self_only,ECL,128,50,133,-83
original_0714,near,self_only,HPE,129,51,136,-85
original_0714,near,self_only,ENTG,130,9,94,-85
original_0714,near,self_only,DCI,131,50,136,-86
original_0714,near,self_only,DHR,132,48,138,-90
original_0714,near,self_only,LRCX,133,47,137,-90
original_0714,near,self_only,DD,134,46,139,-93
original_0714,near,self_only,NBIS,135,37,132,-95
original_0714,near,self_only,CEG,136,30,126,-96
original_0714,near,self_only,FLNC,137,46,144,-98
original_0714,near,self_only,FORM,138,25,124,-99
original_0714,near,self_only,ST,139,19,120,-101
original_0714,near,self_only,IBM,140,42,146,-104
original_0714,near,self_only,SHECY,141,40,144,-104
original_0714,near,self_only,UCTT,142,38,144,-106
original_0714,near,self_only,VISN,143,37,143,-106
original_0714,near,self_only,GFS,144,32,140,-108
original_0714,near,self_only,ETR,145,39,148,-109
original_0714,near,self_only,NOK,146,35,144,-109
original_0714,near,self_only,NDSN,147,31,142,-111
original_0714,near,self_only,MXL,148,15,127,-112
original_0714,near,self_only,TMO,149,36,149,-113
original_0714,near,self_only,ASGLY,150,36,151,-115
original_0714,near,self_only,ENS,151,31,146,-115
original_0714,near,self_only,DTE,152,37,153,-116
original_0714,near,self_only,VSH,153,37,153,-116
original_0714,near,self_only,BDC,154,18,134,-116
original_0714,near,self_only,APD,155,32,149,-117
original_0714,near,self_only,PNR,156,35,153,-118
original_0714,near,self_only,FLEX,157,21,141,-120
original_0714,near,self_only,FTV,158,29,151,-122
original_0714,near,self_only,SNPS,159,19,142,-123
original_0714,near,self_only,IREN,160,32,158,-126
original_0714,near,self_only,MMM,161,28,154,-126
original_0714,near,self_only,QCOM,162,30,157,-127
original_0714,near,self_only,MRAM,163,29,157,-128
original_0714,near,self_only,EQIX,164,26,156,-130
original_0714,near,self_only,POWI,165,28,159,-131
original_0714,near,self_only,TTDKY,166,22,156,-134
original_0714,near,self_only,ALLE,167,23,165,-142
original_0714,near,self_only,ACLS,168,19,163,-144
original_0714,near,self_only,AEHR,169,19,165,-146
original_0714,near,self_only,ROG,170,21,168,-147
original_0714,near,self_only,CBRS,171,18,165,-147
original_0714,near,self_only,DKILY,172,16,169,-153
original_0714,near,self_only,CC,173,15,172,-157
original_0714,near,self_only,RKLB,174,12,170,-158
original_0714,near,self_only,TSLA,175,16,175,-159
original_0714,near,self_only,AMPX,176,14,174,-160
original_0714,near,self_only,TE,177,14,175,-161
original_0714,near,self_only,PLAB,178,13,175,-162
original_0714,near,self_only,DIOD,179,8,171,-163
original_0714,near,self_only,SOMMY,180,13,177,-164
original_0714,near,self_only,ATKR,181,9,175,-166
original_0714,near,self_only,PSIX,182,6,175,-169
original_0714,near,self_only,INTC,183,8,180,-172
original_0714,near,self_only,AOSL,184,8,183,-175
original_0714,near,self_only,ENPH,185,7,184,-177
original_0714,near,self_only,FCEL,186,6,185,-179
original_0714,near,self_only,NVTS,187,5,185,-180
original_0714,near,self_only,WOLF,188,5,185,-180
original_0714,near,self_only,POET,189,4,186,-182
original_0714,near,self_only,SMR,190,2,189,-187
original_0714,near,self_only,OKLO,191,1,190,-189
original_0714,near,self_only,LWLG,192,0,190,-190
original_0714,near,other_only,NVDA,1,191,0,191
original_0714,near,other_only,MU,2,188,1,187
original_0714,near,other_only,AVGO,3,186,0,186
original_0714,near,other_only,TSM,4,185,2,183
original_0714,near,other_only,SKHY,5,184,1,183
original_0714,near,other_only,CRDO,6,182,1,181
original_0714,near,other_only,SNDK,7,183,3,180
original_0714,near,other_only,ORCL,8,180,1,179
original_0714,near,other_only,LITE,9,177,8,169
original_0714,near,other_only,ATEYY,10,172,5,167
original_0714,near,other_only,CLS,11,174,8,166
original_0714,near,other_only,MOD,12,171,5,166
original_0714,near,other_only,META,13,173,9,164
original_0714,near,other_only,VRT,14,172,8,164
original_0714,near,other_only,GOOGL,15,170,8,162
original_0714,near,other_only,MSFT,16,166,9,157
original_0714,near,other_only,FIX,17,164,9,155
original_0714,near,other_only,AMAT,18,167,13,154
original_0714,near,other_only,MRVL,19,166,14,152
original_0714,near,other_only,COHR,20,165,13,152
original_0714,near,other_only,ONTO,21,164,12,152
original_0714,near,other_only,POWL,22,163,11,152
original_0714,near,other_only,LRCX,23,164,13,151
original_0714,near,other_only,TER,24,163,12,151
original_0714,near,other_only,AMD,25,165,17,148
original_0714,near,other_only,GEV,26,162,14,148
original_0714,near,other_only,ALAB,27,164,17,147
original_0714,near,other_only,TOELY,28,161,14,147
original_0714,near,other_only,NVT,29,159,12,147
original_0714,near,other_only,ETN,30,162,16,146
original_0714,near,other_only,ANET,31,161,15,146
original_0714,near,other_only,BESIY,32,158,15,143
original_0714,near,other_only,CRWV,33,158,15,143
original_0714,near,other_only,DELL,34,161,20,141
original_0714,near,other_only,ASMIY,35,160,19,141
original_0714,near,other_only,STX,36,160,20,140
original_0714,near,other_only,AAON,37,156,16,140
original_0714,near,other_only,MPWR,38,157,18,139
original_0714,near,other_only,KLAC,39,156,18,138
original_0714,near,other_only,AAOI,40,159,22,137
original_0714,near,other_only,WDC,41,159,22,137
original_0714,near,other_only,APH,42,157,20,137
original_0714,near,other_only,VST,43,156,19,137
original_0714,near,other_only,IESC,44,153,17,136
original_0714,near,other_only,BE,45,157,23,134
original_0714,near,other_only,DSCSY,46,154,21,133
original_0714,near,other_only,RYCEY,47,152,19,133
original_0714,near,other_only,CAMT,48,152,21,131
original_0714,near,other_only,TSEM,49,153,23,130
original_0714,near,other_only,EME,50,150,20,130
original_0714,near,other_only,CEG,51,150,21,129
original_0714,near,other_only,PWR,52,148,19,129
original_0714,near,other_only,CIEN,53,150,22,128
original_0714,near,other_only,ASML,54,150,23,127
original_0714,near,other_only,MTSI,55,147,20,127
original_0714,near,other_only,VECO,56,152,26,126
original_0714,near,other_only,NVMI,57,151,25,126
original_0714,near,other_only,SITM,58,149,23,126
original_0714,near,other_only,SIMO,59,150,25,125
original_0714,near,other_only,AMZN,60,149,27,122
original_0714,near,other_only,TT,61,145,30,115
original_0714,near,other_only,ASMVY,62,143,30,113
original_0714,near,other_only,SMTC,63,141,32,109
original_0714,near,other_only,SANM,64,142,34,108
original_0714,near,other_only,HUBB,65,140,32,108
original_0714,near,other_only,VICR,66,137,35,102
original_0714,near,other_only,ACMR,67,136,34,102
original_0714,near,other_only,MKSI,68,141,40,101
original_0714,near,other_only,PENG,69,136,36,100
original_0714,near,other_only,ASX,70,139,40,99
original_0714,near,other_only,ABBNY,71,137,39,98
original_0714,near,other_only,JBL,72,132,34,98
original_0714,near,other_only,AEIS,73,131,34,97
original_0714,near,other_only,IFNNY,74,135,41,94
original_0714,near,other_only,BWXT,75,131,38,93
original_0714,near,other_only,KEYS,76,132,41,91
original_0714,near,other_only,HTHIY,77,135,47,88
original_0714,near,other_only,FLEX,78,124,37,87
original_0714,near,other_only,MCHP,79,129,43,86
original_0714,near,other_only,CRWD,80,126,42,84
original_0714,near,other_only,GNRC,81,125,41,84
original_0714,near,other_only,FN,82,126,45,81
original_0714,near,other_only,KLIC,83,128,48,80
original_0714,near,other_only,TEL,84,126,47,79
original_0714,near,other_only,MSI,85,124,46,78
original_0714,near,other_only,JCI,86,123,46,77
original_0714,near,other_only,ADI,87,119,43,76
original_0714,near,other_only,NBIS,88,127,52,75
original_0714,near,other_only,HPE,89,124,50,74
original_0714,near,other_only,RMBS,90,118,48,70
original_0714,near,other_only,PH,91,115,50,65
original_0714,near,other_only,UCTT,92,122,59,63
original_0714,near,other_only,MYRG,93,118,55,63
original_0714,near,other_only,FORM,94,112,53,59
original_0714,near,other_only,MICLF,95,118,60,58
original_0714,near,other_only,NTNX,96,118,60,58
original_0714,near,other_only,GLW,97,115,57,58
original_0714,near,other_only,ADBE,98,117,62,55
original_0714,near,other_only,ICHR,99,117,62,55
original_0714,near,other_only,BABA,100,110,58,52
original_0714,near,other_only,P,101,111,60,51
original_0714,near,other_only,AXTI,102,110,66,44
original_0714,near,other_only,CARR,103,102,58,44
original_0714,near,other_only,CAT,104,106,63,43
original_0714,near,other_only,BELFB,105,106,65,41
original_0714,near,other_only,VIAV,106,108,69,39
original_0714,near,other_only,AMKR,107,105,69,36
original_0714,near,other_only,APLD,108,104,73,31
original_0714,near,other_only,CDNS,109,99,70,29
original_0714,near,other_only,IREN,110,99,71,28
original_0714,near,other_only,ARM,111,99,75,24
original_0714,near,other_only,MXL,112,98,74,24
original_0714,near,other_only,CMI,113,95,71,24
original_0714,near,other_only,ENTG,114,97,75,22
original_0714,near,other_only,SNPS,115,96,75,21
original_0714,near,other_only,Q,116,95,81,14
original_0714,near,other_only,LFUS,117,89,76,13
original_0714,near,other_only,SMCI,118,91,79,12
original_0714,near,other_only,DIOD,119,92,84,8
original_0714,near,other_only,DLR,120,89,81,8
original_0714,near,other_only,EQIX,121,88,83,5
original_0714,near,other_only,COHU,122,88,88,0
original_0714,near,other_only,MTRN,123,85,85,0
original_0714,near,other_only,CSCO,124,84,85,-1
original_0714,near,other_only,TDY,125,81,83,-2
original_0714,near,other_only,TTDKY,126,86,90,-4
original_0714,near,other_only,NTAP,127,77,95,-18
original_0714,near,other_only,MIELY,128,73,94,-21
original_0714,near,other_only,ENS,129,75,100,-25
original_0714,near,other_only,ECL,130,67,95,-28
original_0714,near,other_only,SMTOY,131,74,103,-29
original_0714,near,other_only,CBRS,132,74,106,-32
original_0714,near,other_only,UMC,133,70,103,-33
original_0714,near,other_only,IMOS,134,71,107,-36
original_0714,near,other_only,ET,135,70,107,-37
original_0714,near,other_only,TXN,136,66,103,-37
original_0714,near,other_only,MRAAY,137,66,104,-38
original_0714,near,other_only,VISN,138,66,106,-40
original_0714,near,other_only,AEHR,139,65,105,-40
original_0714,near,other_only,DOV,140,63,103,-40
original_0714,near,other_only,HOCPY,141,67,111,-44
original_0714,near,other_only,PSIX,142,63,107,-44
original_0714,near,other_only,TMO,143,61,105,-44
original_0714,near,other_only,NOK,144,65,111,-46
original_0714,near,other_only,VSH,145,64,113,-49
original_0714,near,other_only,IBM,146,60,113,-53
original_0714,near,other_only,NDSN,147,56,110,-54
original_0714,near,other_only,SHECY,148,53,109,-56
original_0714,near,other_only,DHR,149,56,115,-59
original_0714,near,other_only,ETR,150,53,120,-67
original_0714,near,other_only,STM,151,52,122,-70
original_0714,near,other_only,DCI,152,51,121,-70
original_0714,near,other_only,BDC,153,53,124,-71
original_0714,near,other_only,LIN,154,52,125,-73
original_0714,near,other_only,QCOM,155,48,123,-75
original_0714,near,other_only,ON,156,49,125,-76
original_0714,near,other_only,DD,157,48,124,-76
original_0714,near,other_only,GFS,158,42,122,-80
original_0714,near,other_only,RKLB,159,49,134,-85
original_0714,near,other_only,DTE,160,47,132,-85
original_0714,near,other_only,ACLS,161,41,126,-85
original_0714,near,other_only,ALLE,162,47,133,-86
original_0714,near,other_only,FLNC,163,44,132,-88
original_0714,near,other_only,AEP,164,43,135,-92
original_0714,near,other_only,AJNMY,165,40,136,-96
original_0714,near,other_only,AMPX,166,41,138,-97
original_0714,near,other_only,DKILY,167,40,138,-98
original_0714,near,other_only,POWI,168,36,141,-105
original_0714,near,other_only,FTV,169,36,142,-106
original_0714,near,other_only,MMM,170,34,144,-110
original_0714,near,other_only,PNR,171,33,144,-111
original_0714,near,other_only,PLAB,172,34,147,-113
original_0714,near,other_only,ST,173,33,147,-114
original_0714,near,other_only,APD,174,26,152,-126
original_0714,near,other_only,ASGLY,175,25,152,-127
original_0714,near,other_only,TE,176,27,157,-130
original_0714,near,other_only,SOMMY,177,24,158,-134
original_0714,near,other_only,AOSL,178,25,160,-135
original_0714,near,other_only,ROG,179,22,157,-135
original_0714,near,other_only,CC,180,21,159,-138
original_0714,near,other_only,TSLA,181,18,159,-141
original_0714,near,other_only,ATKR,182,17,162,-145
original_0714,near,other_only,MRAM,183,17,167,-150
original_0714,near,other_only,NVTS,184,16,168,-152
original_0714,near,other_only,INTC,185,11,174,-163
original_0714,near,other_only,ENPH,186,11,176,-165
original_0714,near,other_only,POET,187,4,182,-178
original_0714,near,other_only,WOLF,188,3,187,-184
original_0714,near,other_only,SMR,189,2,186,-184
original_0714,near,other_only,FCEL,190,3,188,-185
original_0714,near,other_only,OKLO,191,1,187,-186
original_0714,near,other_only,LWLG,192,0,190,-190
original_0714,near,agreement_only,AVGO,1,180,0,180
original_0714,near,agreement_only,MU,2,176,0,176
original_0714,near,agreement_only,SNDK,3,164,2,162
original_0714,near,agreement_only,LITE,4,156,5,151
original_0714,near,agreement_only,CRWV,5,150,3,147
original_0714,near,agreement_only,TSM,6,148,2,146
original_0714,near,agreement_only,DELL,7,150,10,140
original_0714,near,agreement_only,ALAB,8,148,8,140
original_0714,near,agreement_only,ATEYY,9,142,2,140
original_0714,near,agreement_only,ORCL,10,139,1,138
original_0714,near,agreement_only,MRVL,11,147,10,137
original_0714,near,agreement_only,NVDA,12,133,0,133
original_0714,near,agreement_only,STX,13,140,10,130
original_0714,near,agreement_only,MPWR,14,137,8,129
original_0714,near,agreement_only,AMAT,15,138,10,128
original_0714,near,agreement_only,SKHY,16,126,0,126
original_0714,near,agreement_only,AMD,17,131,12,119
original_0714,near,agreement_only,NVT,18,124,8,116
original_0714,near,agreement_only,VRT,19,118,2,116
original_0714,near,agreement_only,TER,20,122,10,112
original_0714,near,agreement_only,KLAC,21,122,11,111
original_0714,near,agreement_only,CLS,22,116,5,111
original_0714,near,agreement_only,MTSI,23,124,16,108
original_0714,near,agreement_only,POWL,24,111,6,105
original_0714,near,agreement_only,ASMIY,25,120,16,104
original_0714,near,agreement_only,ANET,26,116,12,104
original_0714,near,agreement_only,MOD,27,107,3,104
original_0714,near,agreement_only,FIX,28,109,6,103
original_0714,near,agreement_only,WDC,29,119,17,102
original_0714,near,agreement_only,DSCSY,30,108,6,102
original_0714,near,agreement_only,CIEN,31,115,16,99
original_0714,near,agreement_only,TSEM,32,112,13,99
original_0714,near,agreement_only,APH,33,114,17,97
original_0714,near,agreement_only,VST,34,104,11,93
original_0714,near,agreement_only,PWR,35,105,13,92
original_0714,near,agreement_only,CRDO,36,93,1,92
original_0714,near,agreement_only,GEV,37,93,2,91
original_0714,near,agreement_only,AEIS,38,105,15,90
original_0714,near,agreement_only,ONTO,39,100,11,89
original_0714,near,agreement_only,BESIY,40,98,11,87
original_0714,near,agreement_only,FN,41,98,11,87
original_0714,near,agreement_only,AAOI,42,95,8,87
original_0714,near,agreement_only,ASMVY,43,107,21,86
original_0714,near,agreement_only,MSFT,44,95,9,86
original_0714,near,agreement_only,META,45,94,9,85
original_0714,near,agreement_only,SITM,46,101,19,82
original_0714,near,agreement_only,SIMO,47,99,17,82
original_0714,near,agreement_only,GOOGL,48,87,8,79
original_0714,near,agreement_only,ASML,49,95,21,74
original_0714,near,agreement_only,IESC,50,86,16,70
original_0714,near,agreement_only,NVMI,51,90,21,69
original_0714,near,agreement_only,MCHP,52,97,29,68
original_0714,near,agreement_only,PENG,53,93,26,67
original_0714,near,agreement_only,CAMT,54,85,20,65
original_0714,near,agreement_only,ETN,55,79,16,63
original_0714,near,agreement_only,SMTC,56,89,30,59
original_0714,near,agreement_only,TOELY,57,70,13,57
original_0714,near,agreement_only,COHR,58,69,13,56
original_0714,near,agreement_only,IFNNY,59,89,34,55
original_0714,near,agreement_only,RYCEY,60,72,17,55
original_0714,near,agreement_only,JBL,61,84,30,54
original_0714,near,agreement_only,TEL,62,84,34,50
original_0714,near,agreement_only,BE,63,70,20,50
original_0714,near,agreement_only,GLW,64,93,44,49
original_0714,near,agreement_only,EME,65,68,20,48
original_0714,near,agreement_only,KEYS,66,84,37,47
original_0714,near,agreement_only,VECO,67,62,18,44
original_0714,near,agreement_only,ASX,68,78,35,43
original_0714,near,agreement_only,AAON,69,55,12,43
original_0714,near,agreement_only,RMBS,70,80,39,41
original_0714,near,agreement_only,ICHR,71,87,47,40
original_0714,near,agreement_only,Q,72,57,17,40
original_0714,near,agreement_only,APLD,73,57,21,36
original_0714,near,agreement_only,LRCX,74,47,13,34
original_0714,near,agreement_only,TT,75,57,25,32
original_0714,near,agreement_only,ADI,76,67,37,30
original_0714,near,agreement_only,P,77,80,51,29
original_0714,near,agreement_only,SMCI,78,73,45,28
original_0714,near,agreement_only,MSI,79,71,43,28
original_0714,near,agreement_only,BWXT,80,64,36,28
original_0714,near,agreement_only,HTHIY,81,67,40,27
original_0714,near,agreement_only,MYRG,82,72,47,25
original_0714,near,agreement_only,GNRC,83,62,39,23
original_0714,near,agreement_only,ADBE,84,73,52,21
original_0714,near,agreement_only,ABBNY,85,58,38,20
original_0714,near,agreement_only,ACMR,86,47,27,20
original_0714,near,agreement_only,AMZN,87,46,26,20
original_0714,near,agreement_only,JCI,88,63,44,19
original_0714,near,agreement_only,MICLF,89,68,50,18
original_0714,near,agreement_only,MKSI,90,54,36,18
original_0714,near,agreement_only,HUBB,91,48,31,17
original_0714,near,agreement_only,CAT,92,68,54,14
original_0714,near,agreement_only,AXTI,93,63,51,12
original_0714,near,agreement_only,COHU,94,58,46,12
original_0714,near,agreement_only,VICR,95,39,27,12
original_0714,near,agreement_only,CRWD,96,46,36,10
original_0714,near,agreement_only,SANM,97,43,33,10
original_0714,near,agreement_only,CEG,98,30,20,10
original_0714,near,agreement_only,VIAV,99,71,64,7
original_0714,near,agreement_only,PH,100,52,45,7
original_0714,near,agreement_only,NTNX,101,65,60,5
original_0714,near,agreement_only,KLIC,102,48,43,5
original_0714,near,agreement_only,HPE,103,44,44,0
original_0714,near,agreement_only,CMI,104,57,58,-1
original_0714,near,agreement_only,AMKR,105,65,67,-2
original_0714,near,agreement_only,LFUS,106,61,63,-2
original_0714,near,agreement_only,ARM,107,62,65,-3
original_0714,near,agreement_only,CARR,108,53,57,-4
original_0714,near,agreement_only,DLR,109,63,72,-9
original_0714,near,agreement_only,NBIS,110,31,40,-9
original_0714,near,agreement_only,BABA,111,43,53,-10
original_0714,near,agreement_only,BELFB,112,47,63,-16
original_0714,near,agreement_only,FLEX,113,21,37,-16
original_0714,near,agreement_only,CDNS,114,47,66,-19
original_0714,near,agreement_only,HOCPY,115,38,57,-19
original_0714,near,agreement_only,UCTT,116,35,57,-22
original_0714,near,agreement_only,FORM,117,23,47,-24
original_0714,near,agreement_only,MTRN,118,51,77,-26
original_0714,near,agreement_only,TDY,119,45,77,-32
original_0714,near,agreement_only,NTAP,120,50,85,-35
original_0714,near,agreement_only,CSCO,121,37,75,-38
original_0714,near,agreement_only,TXN,122,52,93,-41
original_0714,near,agreement_only,MRAAY,123,42,83,-41
original_0714,near,agreement_only,MIELY,124,34,76,-42
original_0714,near,agreement_only,IREN,125,22,64,-42
original_0714,near,agreement_only,UMC,126,42,88,-46
original_0714,near,agreement_only,ENTG,127,9,55,-46
original_0714,near,agreement_only,ET,128,42,90,-48
original_0714,near,agreement_only,MXL,129,15,63,-48
original_0714,near,agreement_only,IMOS,130,38,88,-50
original_0714,near,agreement_only,ECL,131,40,91,-51
original_0714,near,agreement_only,SMTOY,132,40,93,-53
original_0714,near,agreement_only,DOV,133,39,93,-54
original_0714,near,agreement_only,SNPS,134,18,72,-54
original_0714,near,agreement_only,EQIX,135,23,82,-59
original_0714,near,agreement_only,STM,136,39,100,-61
original_0714,near,agreement_only,TTDKY,137,18,84,-66
original_0714,near,agreement_only,DHR,138,37,105,-68
original_0714,near,agreement_only,VISN,139,27,95,-68
original_0714,near,agreement_only,TMO,140,25,93,-68
original_0714,near,agreement_only,LIN,141,37,106,-69
original_0714,near,agreement_only,SHECY,142,34,103,-69
original_0714,near,agreement_only,ENS,143,27,96,-69
original_0714,near,agreement_only,ON,144,36,108,-72
original_0714,near,agreement_only,DCI,145,35,109,-74
original_0714,near,agreement_only,DIOD,146,8,83,-75
original_0714,near,agreement_only,IBM,147,27,103,-76
original_0714,near,agreement_only,NOK,148,27,103,-76
original_0714,near,agreement_only,VSH,149,24,103,-79
original_0714,near,agreement_only,NDSN,150,23,102,-79
original_0714,near,agreement_only,DD,151,31,113,-82
original_0714,near,agreement_only,AJNMY,152,31,114,-83
original_0714,near,agreement_only,ETR,153,27,110,-83
original_0714,near,agreement_only,AEHR,154,15,98,-83
original_0714,near,agreement_only,AEP,155,29,113,-84
original_0714,near,agreement_only,GFS,156,20,104,-84
original_0714,near,agreement_only,CBRS,157,13,98,-85
original_0714,near,agreement_only,FLNC,158,26,116,-90
original_0714,near,agreement_only,QCOM,159,21,113,-92
original_0714,near,agreement_only,BDC,160,15,107,-92
original_0714,near,agreement_only,ST,161,9,101,-92
original_0714,near,agreement_only,DTE,162,27,124,-97
original_0714,near,agreement_only,PSIX,163,6,106,-100
original_0714,near,agreement_only,ACLS,164,16,119,-103
original_0714,near,agreement_only,FTV,165,21,128,-107
original_0714,near,agreement_only,ALLE,166,18,129,-111
original_0714,near,agreement_only,MMM,167,21,134,-113
original_0714,near,agreement_only,PNR,168,19,132,-113
original_0714,near,agreement_only,POWI,169,13,128,-115
original_0714,near,agreement_only,APD,170,19,135,-116
original_0714,near,agreement_only,RKLB,171,9,125,-116
original_0714,near,agreement_only,DKILY,172,15,132,-117
original_0714,near,agreement_only,ASGLY,173,17,136,-119
original_0714,near,agreement_only,AMPX,174,11,135,-124
original_0714,near,agreement_only,PLAB,175,11,142,-131
original_0714,near,agreement_only,MRAM,176,14,148,-134
original_0714,near,agreement_only,ROG,177,13,150,-137
original_0714,near,agreement_only,CC,178,10,152,-142
original_0714,near,agreement_only,TE,179,9,152,-143
original_0714,near,agreement_only,TSLA,180,11,155,-144
original_0714,near,agreement_only,SOMMY,181,9,155,-146
original_0714,near,agreement_only,ATKR,182,7,155,-148
original_0714,near,agreement_only,AOSL,183,8,160,-152
original_0714,near,agreement_only,INTC,184,5,169,-164
original_0714,near,agreement_only,NVTS,185,3,167,-164
original_0714,near,agreement_only,ENPH,186,7,176,-169
original_0714,near,agreement_only,POET,187,3,180,-177
original_0714,near,agreement_only,FCEL,188,3,185,-182
original_0714,near,agreement_only,WOLF,189,3,185,-182
original_0714,near,agreement_only,SMR,190,2,186,-184
original_0714,near,agreement_only,OKLO,191,0,187,-187
original_0714,near,agreement_only,LWLG,192,0,189,-189
original_0714,near,high_only,MU,1,287,0,287
original_0714,near,high_only,TSM,2,266,5,261
original_0714,near,high_only,AVGO,3,242,0,242
original_0714,near,high_only,MSFT,4,200,12,188
original_0714,near,high_only,NVDA,5,178,0,178
original_0714,near,high_only,MRVL,6,177,2,175
original_0714,near,high_only,CRWV,7,181,7,174
original_0714,near,high_only,MPWR,8,181,10,171
original_0714,near,high_only,ORCL,9,174,3,171
original_0714,near,high_only,ALAB,10,176,8,168
original_0714,near,high_only,KLAC,11,172,7,165
original_0714,near,high_only,META,12,181,17,164
original_0714,near,high_only,POWL,13,174,13,161
original_0714,near,high_only,ATEYY,14,166,8,158
original_0714,near,high_only,SKHY,15,159,2,157
original_0714,near,high_only,LITE,16,159,9,150
original_0714,near,high_only,CRDO,17,152,4,148
original_0714,near,high_only,GOOGL,18,165,18,147
original_0714,near,high_only,FIX,19,156,9,147
original_0714,near,high_only,ASMIY,20,153,16,137
original_0714,near,high_only,VRT,21,128,0,128
original_0714,near,high_only,MOD,22,134,7,127
original_0714,near,high_only,ANET,23,135,10,125
original_0714,near,high_only,DELL,24,131,6,125
original_0714,near,high_only,APH,25,123,1,122
original_0714,near,high_only,ETN,26,133,12,121
original_0714,near,high_only,SNDK,27,122,3,119
original_0714,near,high_only,CIEN,28,136,18,118
original_0714,near,high_only,CLS,29,129,13,116
original_0714,near,high_only,AMAT,30,119,4,115
original_0714,near,high_only,GEV,31,113,1,112
original_0714,near,high_only,ASML,32,110,5,105
original_0714,near,high_only,EME,33,130,27,103
original_0714,near,high_only,LRCX,34,115,20,95
original_0714,near,high_only,TOELY,35,114,19,95
original_0714,near,high_only,ONTO,36,97,5,92
original_0714,near,high_only,AMZN,37,94,2,92
original_0714,near,high_only,PWR,38,94,6,88
original_0714,near,high_only,ADBE,39,114,28,86
original_0714,near,high_only,TT,40,88,2,86
original_0714,near,high_only,BESIY,41,104,19,85
original_0714,near,high_only,CAMT,42,93,8,85
original_0714,near,high_only,NVT,43,95,12,83
original_0714,near,high_only,VST,44,85,3,82
original_0714,near,high_only,TER,45,86,5,81
original_0714,near,high_only,DSCSY,46,81,2,79
original_0714,near,high_only,TEL,47,91,13,78
original_0714,near,high_only,NVMI,48,88,11,77
original_0714,near,high_only,RYCEY,49,83,9,74
original_0714,near,high_only,CEG,50,80,7,73
original_0714,near,high_only,AMD,51,79,6,73
original_0714,near,high_only,STX,52,79,9,70
original_0714,near,high_only,ASMVY,53,86,21,65
original_0714,near,high_only,COHR,54,64,0,64
original_0714,near,high_only,HTHIY,55,109,47,62
original_0714,near,high_only,WDC,56,68,7,61
original_0714,near,high_only,IESC,57,72,13,59
original_0714,near,high_only,AEIS,58,66,7,59
original_0714,near,high_only,MTSI,59,64,9,55
original_0714,near,high_only,CRWD,60,83,32,51
original_0714,near,high_only,ADI,61,77,26,51
original_0714,near,high_only,BWXT,62,86,37,49
original_0714,near,high_only,ABBNY,63,90,42,48
original_0714,near,high_only,HUBB,64,84,36,48
original_0714,near,high_only,AAON,65,45,2,43
original_0714,near,high_only,JBL,66,68,26,42
original_0714,near,high_only,TSEM,67,48,6,42
original_0714,near,high_only,MSI,68,70,30,40
original_0714,near,high_only,AAOI,69,43,3,40
original_0714,near,high_only,KEYS,70,69,30,39
original_0714,near,high_only,FN,71,43,4,39
original_0714,near,high_only,SIMO,72,57,23,34
original_0714,near,high_only,ASX,73,68,39,29
original_0714,near,high_only,IFNNY,74,59,32,27
original_0714,near,high_only,SANM,75,39,13,26
original_0714,near,high_only,SITM,76,65,40,25
original_0714,near,high_only,CAT,77,59,35,24
original_0714,near,high_only,JCI,78,70,50,20
original_0714,near,high_only,CMI,79,56,38,18
original_0714,near,high_only,MICLF,80,54,36,18
original_0714,near,high_only,BE,81,33,16,17
original_0714,near,high_only,VECO,82,35,19,16
original_0714,near,high_only,SMTC,83,30,17,13
original_0714,near,high_only,CDNS,84,56,44,12
original_0714,near,high_only,MCHP,85,42,30,12
original_0714,near,high_only,PENG,86,23,12,11
original_0714,near,high_only,VICR,87,28,20,8
original_0714,near,high_only,CSCO,88,21,14,7
original_0714,near,high_only,P,89,41,35,6
original_0714,near,high_only,ENTG,90,19,13,6
original_0714,near,high_only,GLW,91,39,35,4
original_0714,near,high_only,HPE,92,47,44,3
original_0714,near,high_only,AMKR,93,18,17,1
original_0714,near,high_only,CARR,94,36,37,-1
original_0714,near,high_only,Q,95,14,15,-1
original_0714,near,high_only,QCOM,96,20,22,-2
original_0714,near,high_only,HOCPY,97,13,17,-4
original_0714,near,high_only,COHU,98,13,18,-5
original_0714,near,high_only,LFUS,99,34,40,-6
original_0714,near,high_only,FLEX,100,48,56,-8
original_0714,near,high_only,MKSI,101,37,45,-8
original_0714,near,high_only,BABA,102,15,23,-8
original_0714,near,high_only,NTNX,103,48,57,-9
original_0714,near,high_only,DLR,104,31,41,-10
original_0714,near,high_only,MYRG,105,31,41,-10
original_0714,near,high_only,ACMR,106,49,61,-12
original_0714,near,high_only,VIAV,107,18,31,-13
original_0714,near,high_only,RMBS,108,36,50,-14
original_0714,near,high_only,APLD,109,9,25,-16
original_0714,near,high_only,EQIX,110,32,49,-17
original_0714,near,high_only,GNRC,111,47,66,-19
original_0714,near,high_only,PH,112,37,56,-19
original_0714,near,high_only,ET,113,44,65,-21
original_0714,near,high_only,NBIS,114,23,44,-21
original_0714,near,high_only,BDC,115,13,34,-21
original_0714,near,high_only,ICHR,116,13,35,-22
original_0714,near,high_only,SMCI,117,20,43,-23
original_0714,near,high_only,ARM,118,30,54,-24
original_0714,near,high_only,SHECY,119,19,45,-26
original_0714,near,high_only,MXL,120,10,36,-26
original_0714,near,high_only,SNPS,121,35,63,-28
original_0714,near,high_only,NTAP,122,43,72,-29
original_0714,near,high_only,BELFB,123,17,46,-29
original_0714,near,high_only,FORM,124,16,47,-31
original_0714,near,high_only,MRAAY,125,26,58,-32
original_0714,near,high_only,ENS,126,28,62,-34
original_0714,near,high_only,ACLS,127,9,45,-36
original_0714,near,high_only,LIN,128,43,80,-37
original_0714,near,high_only,ECL,129,34,73,-39
original_0714,near,high_only,TMO,130,29,68,-39
original_0714,near,high_only,DOV,131,30,70,-40
original_0714,near,high_only,ON,132,25,65,-40
original_0714,near,high_only,MIELY,133,29,70,-41
original_0714,near,high_only,TXN,134,40,83,-43
original_0714,near,high_only,TDY,135,35,78,-43
original_0714,near,high_only,DHR,136,26,69,-43
original_0714,near,high_only,KLIC,137,18,61,-43
original_0714,near,high_only,DCI,138,25,71,-46
original_0714,near,high_only,AJNMY,139,19,65,-46
original_0714,near,high_only,DD,140,18,64,-46
original_0714,near,high_only,TTDKY,141,22,71,-49
original_0714,near,high_only,VISN,142,12,61,-49
original_0714,near,high_only,ST,143,6,55,-49
original_0714,near,high_only,IMOS,144,16,66,-50
original_0714,near,high_only,AXTI,145,14,64,-50
original_0714,near,high_only,IBM,146,31,85,-54
original_0714,near,high_only,AEP,147,31,87,-56
original_0714,near,high_only,ASGLY,148,14,74,-60
original_0714,near,high_only,SMTOY,149,25,86,-61
original_0714,near,high_only,UMC,150,22,83,-61
original_0714,near,high_only,UCTT,151,15,77,-62
original_0714,near,high_only,MTRN,152,23,87,-64
original_0714,near,high_only,FTV,153,22,86,-64
original_0714,near,high_only,NDSN,154,21,85,-64
original_0714,near,high_only,NOK,155,20,85,-65
original_0714,near,high_only,ETR,156,24,90,-66
original_0714,near,high_only,STM,157,11,95,-84
original_0714,near,high_only,ALLE,158,25,111,-86
original_0714,near,high_only,PNR,159,25,112,-87
original_0714,near,high_only,GFS,160,11,100,-89
original_0714,near,high_only,VSH,161,8,97,-89
original_0714,near,high_only,IREN,162,11,104,-93
original_0714,near,high_only,APD,163,17,113,-96
original_0714,near,high_only,PSIX,164,13,109,-96
original_0714,near,high_only,FLNC,165,11,107,-96
original_0714,near,high_only,DKILY,166,19,117,-98
original_0714,near,high_only,MMM,167,18,117,-99
original_0714,near,high_only,DTE,168,31,132,-101
original_0714,near,high_only,ATKR,169,9,119,-110
original_0714,near,high_only,SOMMY,170,7,118,-111
original_0714,near,high_only,DIOD,171,9,121,-112
original_0714,near,high_only,ROG,172,8,120,-112
original_0714,near,high_only,CBRS,173,10,134,-124
original_0714,near,high_only,POWI,174,10,146,-136
original_0714,near,high_only,PLAB,175,11,154,-143
original_0714,near,high_only,AEHR,176,11,157,-146
original_0714,near,high_only,CC,177,10,161,-151
original_0714,near,high_only,TSLA,178,13,167,-154
original_0714,near,high_only,AOSL,179,9,163,-154
original_0714,near,high_only,RKLB,180,8,170,-162
original_0714,near,high_only,AMPX,181,7,186,-179
original_0714,near,high_only,ENPH,182,5,193,-188
original_0714,near,high_only,INTC,183,7,210,-203
original_0714,near,high_only,MRAM,184,7,212,-205
original_0714,near,high_only,TE,185,8,244,-236
original_0714,near,high_only,NVTS,186,3,270,-267
original_0714,near,high_only,FCEL,187,4,292,-288
original_0714,near,high_only,POET,188,1,297,-296
original_0714,near,high_only,LWLG,189,0,318,-318
original_0714,near,high_only,SMR,190,0,318,-318
original_0714,near,high_only,WOLF,191,5,330,-325
original_0714,near,high_only,OKLO,192,0,346,-346
original_0714,near,strength_weighted,MU,1,366,5,691
original_0714,near,strength_weighted,AVGO,2,369,5,655
original_0714,near,strength_weighted,SNDK,3,353,21,580
original_0714,near,strength_weighted,TSM,4,334,24,570
original_0714,near,strength_weighted,LITE,5,340,33,556
original_0714,near,strength_weighted,CRWV,6,333,28,548
original_0714,near,strength_weighted,SKHY,7,314,12,529
original_0714,near,strength_weighted,ORCL,8,322,35,520
original_0714,near,strength_weighted,ALAB,9,321,28,517
original_0714,near,strength_weighted,MRVL,10,323,30,513
original_0714,near,strength_weighted,NVDA,11,324,7,506
original_0714,near,strength_weighted,ATEYY,12,321,34,501
original_0714,near,strength_weighted,VRT,13,293,10,499
original_0714,near,strength_weighted,MPWR,14,311,45,479
original_0714,near,strength_weighted,DELL,15,330,41,468
original_0714,near,strength_weighted,TER,16,295,47,445
original_0714,near,strength_weighted,AMAT,17,311,50,440
original_0714,near,strength_weighted,MOD,18,285,59,437
original_0714,near,strength_weighted,STX,19,315,54,435
original_0714,near,strength_weighted,AMD,20,307,53,431
original_0714,near,strength_weighted,CLS,21,295,61,425
original_0714,near,strength_weighted,CRDO,22,276,33,421
original_0714,near,strength_weighted,KLAC,23,283,60,410
original_0714,near,strength_weighted,DSCSY,24,268,33,408
original_0714,near,strength_weighted,ASMIY,25,288,58,406
original_0714,near,strength_weighted,FIX,26,278,73,404
original_0714,near,strength_weighted,NVT,27,291,56,400
original_0714,near,strength_weighted,POWL,28,283,67,388
original_0714,near,strength_weighted,CIEN,29,276,68,377
original_0714,near,strength_weighted,PWR,30,260,61,370
original_0714,near,strength_weighted,GEV,31,258,24,369
original_0714,near,strength_weighted,MTSI,32,285,68,367
original_0714,near,strength_weighted,ONTO,33,267,77,352
original_0714,near,strength_weighted,MSFT,34,263,89,349
original_0714,near,strength_weighted,APH,35,280,82,348
original_0714,near,strength_weighted,TSEM,36,277,62,348
original_0714,near,strength_weighted,WDC,37,285,77,347
original_0714,near,strength_weighted,AAOI,38,261,38,345
original_0714,near,strength_weighted,ANET,39,278,78,343
original_0714,near,strength_weighted,META,40,268,95,337
original_0714,near,strength_weighted,AEIS,41,267,75,329
original_0714,near,strength_weighted,BESIY,42,264,99,316
original_0714,near,strength_weighted,GOOGL,43,259,107,315
original_0714,near,strength_weighted,SIMO,44,260,90,306
original_0714,near,strength_weighted,VST,45,267,86,303
original_0714,near,strength_weighted,ASML,46,248,107,298
original_0714,near,strength_weighted,SITM,47,262,95,292
original_0714,near,strength_weighted,CAMT,48,241,95,286
original_0714,near,strength_weighted,COHR,49,235,90,285
original_0714,near,strength_weighted,IESC,50,241,114,266
original_0714,near,strength_weighted,ASMVY,51,255,94,260
original_0714,near,strength_weighted,AAON,52,213,60,255
original_0714,near,strength_weighted,FN,53,234,62,254
original_0714,near,strength_weighted,NVMI,54,247,110,250
original_0714,near,strength_weighted,TOELY,55,231,109,247
original_0714,near,strength_weighted,ETN,56,242,122,226
original_0714,near,strength_weighted,MCHP,57,246,104,219
original_0714,near,strength_weighted,PENG,58,248,112,218
original_0714,near,strength_weighted,RYCEY,59,227,122,213
original_0714,near,strength_weighted,TEL,60,222,113,213
original_0714,near,strength_weighted,SMTC,61,236,125,202
original_0714,near,strength_weighted,TT,62,204,113,197
original_0714,near,strength_weighted,EME,63,222,132,194
original_0714,near,strength_weighted,VECO,64,223,106,188
original_0714,near,strength_weighted,LRCX,65,211,150,183
original_0714,near,strength_weighted,BE,66,231,127,179
original_0714,near,strength_weighted,IFNNY,67,234,117,168
original_0714,near,strength_weighted,KEYS,68,222,134,163
original_0714,near,strength_weighted,JBL,69,224,128,158
original_0714,near,strength_weighted,ASX,70,223,137,158
original_0714,near,strength_weighted,GLW,71,225,134,153
original_0714,near,strength_weighted,HTHIY,72,211,154,152
original_0714,near,strength_weighted,ADI,73,199,139,129
original_0714,near,strength_weighted,AMZN,74,196,143,127
original_0714,near,strength_weighted,ICHR,75,219,139,121
original_0714,near,strength_weighted,RMBS,76,207,138,118
original_0714,near,strength_weighted,APLD,77,188,101,107
original_0714,near,strength_weighted,ADBE,78,199,152,102
original_0714,near,strength_weighted,BWXT,79,198,143,96
original_0714,near,strength_weighted,SANM,80,187,134,91
original_0714,near,strength_weighted,Q,81,160,103,89
original_0714,near,strength_weighted,SMCI,82,204,152,84
original_0714,near,strength_weighted,P,83,203,153,84
original_0714,near,strength_weighted,MICLF,84,198,157,81
original_0714,near,strength_weighted,CEG,85,180,147,78
original_0714,near,strength_weighted,MKSI,86,199,157,77
original_0714,near,strength_weighted,ABBNY,87,196,157,75
original_0714,near,strength_weighted,VICR,88,182,162,75
original_0714,near,strength_weighted,MSI,89,202,149,73
original_0714,near,strength_weighted,ACMR,90,188,163,72
original_0714,near,strength_weighted,CRWD,91,183,166,64
original_0714,near,strength_weighted,MYRG,92,199,156,59
original_0714,near,strength_weighted,HUBB,93,189,162,58
original_0714,near,strength_weighted,CAT,94,185,169,52
original_0714,near,strength_weighted,COHU,95,178,147,48
original_0714,near,strength_weighted,GNRC,96,191,165,35
original_0714,near,strength_weighted,JCI,97,189,162,32
original_0714,near,strength_weighted,AXTI,98,192,173,7
original_0714,near,strength_weighted,VIAV,99,183,176,2
original_0714,near,strength_weighted,CMI,100,165,177,-3
original_0714,near,strength_weighted,PH,101,171,158,-4
original_0714,near,strength_weighted,KLIC,102,181,181,-7
original_0714,near,strength_weighted,HPE,103,175,186,-9
original_0714,near,strength_weighted,LFUS,104,166,180,-9
original_0714,near,strength_weighted,NTNX,105,186,168,-15
original_0714,near,strength_weighted,FLEX,106,145,178,-21
original_0714,near,strength_weighted,BABA,107,158,185,-24
original_0714,near,strength_weighted,CARR,108,161,190,-26
original_0714,near,strength_weighted,ARM,109,171,190,-30
original_0714,near,strength_weighted,FORM,110,137,177,-37
original_0714,near,strength_weighted,NBIS,111,164,184,-40
original_0714,near,strength_weighted,AMKR,112,177,185,-51
original_0714,near,strength_weighted,CSCO,113,122,188,-52
original_0714,near,strength_weighted,DLR,114,162,185,-62
original_0714,near,strength_weighted,CDNS,115,150,201,-65
original_0714,near,strength_weighted,HOCPY,116,136,186,-75
original_0714,near,strength_weighted,ENTG,117,106,169,-78
original_0714,near,strength_weighted,BELFB,118,156,198,-82
original_0714,near,strength_weighted,UCTT,119,160,203,-94
original_0714,near,strength_weighted,MXL,120,113,201,-117
original_0714,near,strength_weighted,SNPS,121,115,217,-131
original_0714,near,strength_weighted,MTRN,122,152,204,-133
original_0714,near,strength_weighted,MIELY,123,127,224,-146
original_0714,near,strength_weighted,NTAP,124,136,219,-157
original_0714,near,strength_weighted,TDY,125,135,210,-160
original_0714,near,strength_weighted,TXN,126,131,224,-163
original_0714,near,strength_weighted,ET,127,131,231,-164
original_0714,near,strength_weighted,MRAAY,128,132,227,-175
original_0714,near,strength_weighted,ECL,129,117,228,-194
original_0714,near,strength_weighted,SMTOY,130,126,238,-198
original_0714,near,strength_weighted,IREN,131,131,229,-212
original_0714,near,strength_weighted,IMOS,132,128,234,-212
original_0714,near,strength_weighted,DOV,133,114,237,-213
original_0714,near,strength_weighted,ENS,134,106,246,-216
original_0714,near,strength_weighted,UMC,135,124,232,-227
original_0714,near,strength_weighted,EQIX,136,114,239,-227
original_0714,near,strength_weighted,TTDKY,137,108,246,-231
original_0714,near,strength_weighted,DHR,138,104,253,-245
original_0714,near,strength_weighted,STM,139,115,244,-249
original_0714,near,strength_weighted,AJNMY,140,96,266,-252
original_0714,near,strength_weighted,ON,141,107,256,-256
original_0714,near,strength_weighted,VISN,142,103,249,-256
original_0714,near,strength_weighted,LIN,143,108,254,-257
original_0714,near,strength_weighted,SHECY,144,93,253,-258
original_0714,near,strength_weighted,DIOD,145,100,255,-260
original_0714,near,strength_weighted,DCI,146,101,257,-262
original_0714,near,strength_weighted,TMO,147,97,254,-265
original_0714,near,strength_weighted,IBM,148,102,259,-268
original_0714,near,strength_weighted,BDC,149,71,258,-271
original_0714,near,strength_weighted,NOK,150,100,255,-281
original_0714,near,strength_weighted,NDSN,151,87,252,-294
original_0714,near,strength_weighted,AEP,152,96,271,-296
original_0714,near,strength_weighted,GFS,153,74,262,-298
original_0714,near,strength_weighted,DD,154,94,263,-305
original_0714,near,strength_weighted,ETR,155,92,268,-321
original_0714,near,strength_weighted,ACLS,156,60,289,-323
original_0714,near,strength_weighted,VSH,157,101,266,-324
original_0714,near,strength_weighted,QCOM,158,78,280,-332
original_0714,near,strength_weighted,FLNC,159,90,276,-344
original_0714,near,strength_weighted,PSIX,160,69,282,-347
original_0714,near,strength_weighted,AEHR,161,84,270,-354
original_0714,near,strength_weighted,ST,162,52,267,-358
original_0714,near,strength_weighted,CBRS,163,92,271,-359
original_0714,near,strength_weighted,DTE,164,84,285,-364
original_0714,near,strength_weighted,ALLE,165,70,298,-367
original_0714,near,strength_weighted,PNR,166,68,297,-367
original_0714,near,strength_weighted,FTV,167,65,293,-384
original_0714,near,strength_weighted,ASGLY,168,61,303,-415
original_0714,near,strength_weighted,DKILY,169,56,307,-415
original_0714,near,strength_weighted,MMM,170,62,298,-423
original_0714,near,strength_weighted,APD,171,58,301,-427
original_0714,near,strength_weighted,POWI,172,64,300,-440
original_0714,near,strength_weighted,RKLB,173,61,304,-454
original_0714,near,strength_weighted,PLAB,174,47,322,-469
original_0714,near,strength_weighted,ATKR,175,26,337,-478
original_0714,near,strength_weighted,AMPX,176,55,312,-507
original_0714,near,strength_weighted,ROG,177,43,325,-524
original_0714,near,strength_weighted,MRAM,178,46,324,-528
original_0714,near,strength_weighted,CC,179,36,331,-530
original_0714,near,strength_weighted,TSLA,180,34,334,-553
original_0714,near,strength_weighted,SOMMY,181,37,335,-578
original_0714,near,strength_weighted,TE,182,41,332,-579
original_0714,near,strength_weighted,AOSL,183,33,343,-581
original_0714,near,strength_weighted,INTC,184,19,354,-598
original_0714,near,strength_weighted,ENPH,185,18,360,-624
original_0714,near,strength_weighted,NVTS,186,21,353,-646
original_0714,near,strength_weighted,POET,187,8,368,-707
original_0714,near,strength_weighted,FCEL,188,9,373,-712
original_0714,near,strength_weighted,WOLF,189,8,372,-718
original_0714,near,strength_weighted,SMR,190,4,375,-739
original_0714,near,strength_weighted,OKLO,191,2,377,-745
original_0714,near,strength_weighted,LWLG,192,0,380,-749
original_0714,long,both,ASML,1,369,5,364
original_0714,long,both,TSM,2,355,6,349
original_0714,long,both,MSFT,3,347,3,344
original_0714,long,both,GOOGL,4,339,3,336
original_0714,long,both,CDNS,5,342,8,334
original_0714,long,both,META,6,341,11,330
original_0714,long,both,AVGO,7,327,10,317
original_0714,long,both,KLAC,8,321,16,305
original_0714,long,both,HOCPY,9,315,16,299
original_0714,long,both,NVDA,10,293,0,293
original_0714,long,both,DHR,11,319,28,291
original_0714,long,both,TT,12,300,21,279
original_0714,long,both,TMO,13,309,31,278
original_0714,long,both,SNPS,14,299,22,277
original_0714,long,both,APH,15,309,33,276
original_0714,long,both,ANET,16,310,37,273
original_0714,long,both,DSCSY,17,295,26,269
original_0714,long,both,LIN,18,311,46,265
original_0714,long,both,MSI,19,305,42,263
original_0714,long,both,CRWD,20,281,28,253
original_0714,long,both,ADI,21,297,48,249
original_0714,long,both,MPWR,22,291,43,248
original_0714,long,both,ECL,23,296,57,239
original_0714,long,both,ASMIY,24,273,40,233
original_0714,long,both,PWR,25,276,46,230
original_0714,long,both,GEV,26,241,16,225
original_0714,long,both,AMAT,27,273,49,224
original_0714,long,both,ETN,28,287,64,223
original_0714,long,both,PH,29,271,51,220
original_0714,long,both,ADBE,30,267,47,220
original_0714,long,both,ARM,31,269,50,219
original_0714,long,both,TDY,32,280,65,215
original_0714,long,both,TEL,33,250,41,209
original_0714,long,both,KEYS,34,269,62,207
original_0714,long,both,AMZN,35,259,54,205
original_0714,long,both,VRT,36,240,35,205
original_0714,long,both,BWXT,37,261,59,202
original_0714,long,both,AJNMY,38,252,50,202
original_0714,long,both,TXN,39,269,69,200
original_0714,long,both,AMD,40,271,72,199
original_0714,long,both,LRCX,41,270,73,197
original_0714,long,both,NVMI,42,267,74,193
original_0714,long,both,ENTG,43,239,47,192
original_0714,long,both,SHECY,44,252,65,187
original_0714,long,both,HUBB,45,248,61,187
original_0714,long,both,ATEYY,46,270,84,186
original_0714,long,both,QCOM,47,255,84,171
original_0714,long,both,ORCL,48,247,78,169
original_0714,long,both,Q,49,220,52,168
original_0714,long,both,RYCEY,50,250,83,167
original_0714,long,both,DOV,51,255,90,165
original_0714,long,both,EQIX,52,250,88,162
original_0714,long,both,ABBNY,53,243,83,160
original_0714,long,both,HTHIY,54,249,90,159
original_0714,long,both,MRAAY,55,253,95,158
original_0714,long,both,IFNNY,56,242,84,158
original_0714,long,both,NDSN,57,249,99,150
original_0714,long,both,TER,58,231,85,146
original_0714,long,both,NTNX,59,219,81,138
original_0714,long,both,MRVL,60,236,105,131
original_0714,long,both,RMBS,61,222,92,130
original_0714,long,both,DCI,62,240,111,129
original_0714,long,both,MIELY,63,219,94,125
original_0714,long,both,FTV,64,225,101,124
original_0714,long,both,NVT,65,228,107,121
original_0714,long,both,TOELY,66,214,98,116
original_0714,long,both,CAT,67,224,112,112
original_0714,long,both,ONTO,68,223,115,108
original_0714,long,both,JCI,69,221,113,108
original_0714,long,both,LFUS,70,217,110,107
original_0714,long,both,DKILY,71,228,122,106
original_0714,long,both,DLR,72,214,113,101
original_0714,long,both,BABA,73,203,108,95
original_0714,long,both,MTSI,74,213,119,94
original_0714,long,both,APD,75,211,117,94
original_0714,long,both,CSCO,76,181,94,87
original_0714,long,both,CEG,77,198,112,86
original_0714,long,both,CARR,78,210,127,83
original_0714,long,both,ALLE,79,208,125,83
original_0714,long,both,SKHY,80,201,118,83
original_0714,long,both,MICLF,81,196,114,82
original_0714,long,both,PNR,82,203,125,78
original_0714,long,both,SITM,83,203,125,78
original_0714,long,both,EME,84,206,135,71
original_0714,long,both,BESIY,85,207,144,63
original_0714,long,both,TTDKY,86,191,128,63
original_0714,long,both,ALAB,87,194,132,62
original_0714,long,both,SMTOY,88,192,132,60
original_0714,long,both,CRDO,89,186,126,60
original_0714,long,both,NTAP,90,199,142,57
original_0714,long,both,AEIS,91,190,133,57
original_0714,long,both,MCHP,92,189,133,56
original_0714,long,both,CMI,93,196,141,55
original_0714,long,both,P,94,188,134,54
original_0714,long,both,CAMT,95,190,137,53
original_0714,long,both,MU,96,187,138,49
original_0714,long,both,IBM,97,187,157,30
original_0714,long,both,FIX,98,185,155,30
original_0714,long,both,GLW,99,185,155,30
original_0714,long,both,TSEM,100,175,168,7
original_0714,long,both,ETR,101,169,162,7
original_0714,long,both,DD,102,164,159,5
original_0714,long,both,CIEN,103,169,170,-1
original_0714,long,both,VST,104,155,160,-5
original_0714,long,both,VICR,105,156,166,-10
original_0714,long,both,AEP,106,159,181,-22
original_0714,long,both,COHR,107,141,172,-31
original_0714,long,both,POWL,108,154,192,-38
original_0714,long,both,MKSI,109,141,179,-38
original_0714,long,both,LITE,110,149,200,-51
original_0714,long,both,ASMVY,111,141,195,-54
original_0714,long,both,DTE,112,135,192,-57
original_0714,long,both,ASX,113,141,203,-62
original_0714,long,both,ET,114,124,190,-66
original_0714,long,both,MTRN,115,131,200,-69
original_0714,long,both,AAON,116,114,188,-74
original_0714,long,both,MOD,117,127,216,-89
original_0714,long,both,ENS,118,117,208,-91
original_0714,long,both,GNRC,119,124,218,-94
original_0714,long,both,SMTC,120,119,213,-94
original_0714,long,both,ON,121,116,211,-95
original_0714,long,both,FORM,122,101,199,-98
original_0714,long,both,CLS,123,118,218,-100
original_0714,long,both,FN,124,102,214,-112
original_0714,long,both,SIMO,125,107,220,-113
original_0714,long,both,MMM,126,108,224,-116
original_0714,long,both,STM,127,103,224,-121
original_0714,long,both,GFS,128,101,226,-125
original_0714,long,both,JBL,129,111,238,-127
original_0714,long,both,IESC,130,109,236,-127
original_0714,long,both,UMC,131,107,239,-132
original_0714,long,both,ACMR,132,103,235,-132
original_0714,long,both,ACLS,133,96,228,-132
original_0714,long,both,DELL,134,110,246,-136
original_0714,long,both,WDC,135,105,244,-139
original_0714,long,both,NOK,136,98,237,-139
original_0714,long,both,STX,137,102,243,-141
original_0714,long,both,SNDK,138,88,229,-141
original_0714,long,both,ASGLY,139,93,235,-142
original_0714,long,both,TSLA,140,96,242,-146
original_0714,long,both,POWI,141,106,253,-147
original_0714,long,both,AMKR,142,96,247,-151
original_0714,long,both,BELFB,143,88,239,-151
original_0714,long,both,HPE,144,98,253,-155
original_0714,long,both,COHU,145,65,222,-157
original_0714,long,both,MYRG,146,87,245,-158
original_0714,long,both,VECO,147,79,238,-159
original_0714,long,both,KLIC,148,80,252,-172
original_0714,long,both,BDC,149,69,246,-177
original_0714,long,both,PLAB,150,82,261,-179
original_0714,long,both,DIOD,151,68,250,-182
original_0714,long,both,ROG,152,84,268,-184
original_0714,long,both,VIAV,153,79,265,-186
original_0714,long,both,FLEX,154,64,256,-192
original_0714,long,both,SANM,155,58,251,-193
original_0714,long,both,PENG,156,69,273,-204
original_0714,long,both,BE,157,65,277,-212
original_0714,long,both,ST,158,63,282,-219
original_0714,long,both,NBIS,159,59,281,-222
original_0714,long,both,CRWV,160,58,292,-234
original_0714,long,both,RKLB,161,55,301,-246
original_0714,long,both,VSH,162,47,302,-255
original_0714,long,both,MXL,163,43,298,-255
original_0714,long,both,UCTT,164,49,305,-256
original_0714,long,both,ICHR,165,48,312,-264
original_0714,long,both,ATKR,166,36,302,-266
original_0714,long,both,IMOS,167,41,314,-273
original_0714,long,both,CBRS,168,39,314,-275
original_0714,long,both,VISN,169,32,313,-281
original_0714,long,both,SOMMY,170,36,320,-284
original_0714,long,both,SMCI,171,38,325,-287
original_0714,long,both,AXTI,172,31,322,-291
original_0714,long,both,ENPH,173,31,322,-291
original_0714,long,both,INTC,174,25,318,-293
original_0714,long,both,AAOI,175,34,328,-294
original_0714,long,both,APLD,176,21,323,-302
original_0714,long,both,IREN,177,26,329,-303
original_0714,long,both,AOSL,178,24,335,-311
original_0714,long,both,PSIX,179,19,330,-311
original_0714,long,both,CC,180,20,335,-315
original_0714,long,both,FLNC,181,21,337,-316
original_0714,long,both,AMPX,182,20,339,-319
original_0714,long,both,AEHR,183,19,338,-319
original_0714,long,both,MRAM,184,20,344,-324
original_0714,long,both,NVTS,185,6,355,-349
original_0714,long,both,OKLO,186,8,358,-350
original_0714,long,both,TE,187,7,360,-353
original_0714,long,both,WOLF,188,6,366,-360
original_0714,long,both,POET,189,5,368,-363
original_0714,long,both,SMR,190,5,369,-364
original_0714,long,both,FCEL,191,4,374,-370
original_0714,long,both,LWLG,192,0,378,-378
original_0714,long,self_only,ASML,1,181,5,176
original_0714,long,self_only,TSM,2,168,6,162
original_0714,long,self_only,MSFT,3,157,3,154
original_0714,long,self_only,CDNS,4,159,7,152
original_0714,long,self_only,GOOGL,5,150,3,147
original_0714,long,self_only,META,6,153,11,142
original_0714,long,self_only,HOCPY,7,150,12,138
original_0714,long,self_only,AVGO,8,140,10,130
original_0714,long,self_only,KLAC,9,139,14,125
original_0714,long,self_only,DHR,10,142,26,116
original_0714,long,self_only,TT,11,129,16,113
original_0714,long,self_only,DSCSY,12,129,17,112
original_0714,long,self_only,TMO,13,133,27,106
original_0714,long,self_only,NVDA,14,103,0,103
original_0714,long,self_only,ADI,15,139,40,99
original_0714,long,self_only,CRWD,16,119,20,99
original_0714,long,self_only,ANET,17,132,34,98
original_0714,long,self_only,APH,18,129,31,98
original_0714,long,self_only,SNPS,19,116,22,94
original_0714,long,self_only,LIN,20,135,42,93
original_0714,long,self_only,MSI,21,130,39,91
original_0714,long,self_only,PWR,22,119,31,88
original_0714,long,self_only,AJNMY,23,118,35,83
original_0714,long,self_only,ARM,24,114,34,80
original_0714,long,self_only,VRT,25,94,17,77
original_0714,long,self_only,MPWR,26,116,40,76
original_0714,long,self_only,ENTG,27,101,29,72
original_0714,long,self_only,ASMIY,28,105,35,70
original_0714,long,self_only,ECL,29,123,54,69
original_0714,long,self_only,GEV,30,81,15,66
original_0714,long,self_only,AMAT,31,108,46,62
original_0714,long,self_only,QCOM,32,120,62,58
original_0714,long,self_only,ADBE,33,96,38,58
original_0714,long,self_only,NVMI,34,116,59,57
original_0714,long,self_only,TDY,35,116,59,57
original_0714,long,self_only,Q,36,86,29,57
original_0714,long,self_only,AMD,37,116,62,54
original_0714,long,self_only,KEYS,38,106,56,50
original_0714,long,self_only,PH,39,98,48,50
original_0714,long,self_only,ETN,40,110,62,48
original_0714,long,self_only,TEL,41,84,36,48
original_0714,long,self_only,IFNNY,42,106,60,46
original_0714,long,self_only,TXN,43,107,62,45
original_0714,long,self_only,BWXT,44,91,53,38
original_0714,long,self_only,HUBB,45,88,54,34
original_0714,long,self_only,ORCL,46,96,64,32
original_0714,long,self_only,ATEYY,47,107,76,31
original_0714,long,self_only,DOV,48,103,72,31
original_0714,long,self_only,LRCX,49,98,70,28
original_0714,long,self_only,RMBS,50,95,67,28
original_0714,long,self_only,SHECY,51,88,60,28
original_0714,long,self_only,BABA,52,100,74,26
original_0714,long,self_only,AMZN,53,74,54,20
original_0714,long,self_only,TER,54,86,67,19
original_0714,long,self_only,NDSN,55,101,83,18
original_0714,long,self_only,DCI,56,100,82,18
original_0714,long,self_only,MRAAY,57,101,84,17
original_0714,long,self_only,MTSI,58,96,80,16
original_0714,long,self_only,LFUS,59,94,78,16
original_0714,long,self_only,AEIS,60,92,77,15
original_0714,long,self_only,RYCEY,61,90,75,15
original_0714,long,self_only,MRVL,62,96,82,14
original_0714,long,self_only,MCHP,63,94,80,14
original_0714,long,self_only,CSCO,64,65,52,13
original_0714,long,self_only,FTV,65,87,76,11
original_0714,long,self_only,NTNX,66,73,62,11
original_0714,long,self_only,PNR,67,91,81,10
original_0714,long,self_only,CAT,68,93,84,9
original_0714,long,self_only,APD,69,90,82,8
original_0714,long,self_only,ALAB,70,86,78,8
original_0714,long,self_only,MIELY,71,83,75,8
original_0714,long,self_only,ABBNY,72,80,73,7
original_0714,long,self_only,EQIX,73,86,80,6
original_0714,long,self_only,TSEM,74,88,83,5
original_0714,long,self_only,MU,75,87,84,3
original_0714,long,self_only,CMI,76,93,91,2
original_0714,long,self_only,HTHIY,77,87,85,2
original_0714,long,self_only,NVT,78,85,84,1
original_0714,long,self_only,SKHY,79,76,82,-6
original_0714,long,self_only,SITM,80,77,84,-7
original_0714,long,self_only,DLR,81,77,86,-9
original_0714,long,self_only,DD,82,81,91,-10
original_0714,long,self_only,GLW,83,85,96,-11
original_0714,long,self_only,ONTO,84,78,89,-11
original_0714,long,self_only,JCI,85,81,93,-12
original_0714,long,self_only,SMTOY,86,80,92,-12
original_0714,long,self_only,CARR,87,87,101,-14
original_0714,long,self_only,AEP,88,85,99,-14
original_0714,long,self_only,EME,89,84,99,-15
original_0714,long,self_only,CIEN,90,78,94,-16
original_0714,long,self_only,MICLF,91,70,86,-16
original_0714,long,self_only,FIX,92,80,98,-18
original_0714,long,self_only,DKILY,93,81,104,-23
original_0714,long,self_only,POWL,94,76,99,-23
original_0714,long,self_only,VICR,95,67,93,-26
original_0714,long,self_only,BESIY,96,81,109,-28
original_0714,long,self_only,CAMT,97,68,100,-32
original_0714,long,self_only,ALLE,98,69,102,-33
original_0714,long,self_only,NTAP,99,72,106,-34
original_0714,long,self_only,MTRN,100,69,103,-34
original_0714,long,self_only,ETR,101,75,110,-35
original_0714,long,self_only,SIMO,102,63,99,-36
original_0714,long,self_only,ASMVY,103,71,108,-37
original_0714,long,self_only,P,104,61,98,-37
original_0714,long,self_only,IBM,105,73,111,-38
original_0714,long,self_only,TOELY,106,50,91,-41
original_0714,long,self_only,CRDO,107,52,94,-42
original_0714,long,self_only,TTDKY,108,62,105,-43
original_0714,long,self_only,MKSI,109,61,109,-48
original_0714,long,self_only,LITE,110,69,118,-49
original_0714,long,self_only,ON,111,61,113,-52
original_0714,long,self_only,GNRC,112,65,120,-55
original_0714,long,self_only,VST,113,55,111,-56
original_0714,long,self_only,SMTC,114,58,119,-61
original_0714,long,self_only,CEG,115,42,104,-62
original_0714,long,self_only,MMM,116,54,117,-63
original_0714,long,self_only,SNDK,117,46,109,-63
original_0714,long,self_only,COHU,118,25,89,-64
original_0714,long,self_only,STM,119,53,118,-65
original_0714,long,self_only,WDC,120,61,127,-66
original_0714,long,self_only,DELL,121,56,125,-69
original_0714,long,self_only,ACLS,122,44,113,-69
original_0714,long,self_only,ASX,123,51,121,-70
original_0714,long,self_only,CLS,124,46,117,-71
original_0714,long,self_only,JBL,125,55,130,-75
original_0714,long,self_only,ET,126,38,116,-78
original_0714,long,self_only,FN,127,36,114,-78
original_0714,long,self_only,DTE,128,48,127,-79
original_0714,long,self_only,COHR,129,39,118,-79
original_0714,long,self_only,NOK,130,51,131,-80
original_0714,long,self_only,UMC,131,51,131,-80
original_0714,long,self_only,STX,132,50,134,-84
original_0714,long,self_only,GFS,133,39,123,-84
original_0714,long,self_only,AAON,134,31,118,-87
original_0714,long,self_only,HPE,135,50,138,-88
original_0714,long,self_only,AMKR,136,46,135,-89
original_0714,long,self_only,ENS,137,39,131,-92
original_0714,long,self_only,ASGLY,138,38,132,-94
original_0714,long,self_only,NBIS,139,38,132,-94
original_0714,long,self_only,SANM,140,20,115,-95
original_0714,long,self_only,IESC,141,43,139,-96
original_0714,long,self_only,MOD,142,40,137,-97
original_0714,long,self_only,FORM,143,23,120,-97
original_0714,long,self_only,MYRG,144,33,132,-99
original_0714,long,self_only,PENG,145,36,140,-104
original_0714,long,self_only,TSLA,146,38,143,-105
original_0714,long,self_only,BELFB,147,35,140,-105
original_0714,long,self_only,VIAV,148,34,139,-105
original_0714,long,self_only,ACMR,149,33,138,-105
original_0714,long,self_only,ROG,150,40,147,-107
original_0714,long,self_only,VECO,151,20,131,-111
original_0714,long,self_only,PLAB,152,31,146,-115
original_0714,long,self_only,CRWV,153,32,150,-118
original_0714,long,self_only,BE,154,28,146,-118
original_0714,long,self_only,KLIC,155,28,147,-119
original_0714,long,self_only,POWI,156,33,154,-121
original_0714,long,self_only,BDC,157,14,137,-123
original_0714,long,self_only,MXL,158,20,146,-126
original_0714,long,self_only,ST,159,25,153,-128
original_0714,long,self_only,FLEX,160,12,146,-134
original_0714,long,self_only,ICHR,161,25,162,-137
original_0714,long,self_only,DIOD,162,10,147,-137
original_0714,long,self_only,SMCI,163,23,162,-139
original_0714,long,self_only,UCTT,164,19,158,-139
original_0714,long,self_only,AXTI,165,19,159,-140
original_0714,long,self_only,VSH,166,21,164,-143
original_0714,long,self_only,IMOS,167,20,164,-144
original_0714,long,self_only,SOMMY,168,20,165,-145
original_0714,long,self_only,IREN,169,18,164,-146
original_0714,long,self_only,RKLB,170,18,166,-148
original_0714,long,self_only,CBRS,171,17,165,-148
original_0714,long,self_only,INTC,172,9,157,-148
original_0714,long,self_only,ATKR,173,8,159,-151
original_0714,long,self_only,VISN,174,11,164,-153
original_0714,long,self_only,CC,175,11,165,-154
original_0714,long,self_only,APLD,176,6,162,-156
original_0714,long,self_only,AOSL,177,13,171,-158
original_0714,long,self_only,MRAM,178,10,169,-159
original_0714,long,self_only,AAOI,179,13,173,-160
original_0714,long,self_only,AEHR,180,10,171,-161
original_0714,long,self_only,FLNC,181,10,173,-163
original_0714,long,self_only,PSIX,182,3,171,-168
original_0714,long,self_only,AMPX,183,8,177,-169
original_0714,long,self_only,ENPH,184,7,178,-171
original_0714,long,self_only,WOLF,185,5,178,-173
original_0714,long,self_only,NVTS,186,3,178,-175
original_0714,long,self_only,FCEL,187,4,184,-180
original_0714,long,self_only,OKLO,188,3,183,-180
original_0714,long,self_only,POET,189,3,184,-181
original_0714,long,self_only,SMR,190,3,185,-182
original_0714,long,self_only,TE,191,2,189,-187
original_0714,long,self_only,LWLG,192,0,187,-187
original_0714,long,other_only,MSFT,1,190,0,190
original_0714,long,other_only,NVDA,2,190,0,190
original_0714,long,other_only,GOOGL,3,189,0,189
original_0714,long,other_only,ASML,4,188,0,188
original_0714,long,other_only,META,5,188,0,188
original_0714,long,other_only,AVGO,6,187,0,187
original_0714,long,other_only,TSM,7,187,0,187
original_0714,long,other_only,AMZN,8,185,0,185
original_0714,long,other_only,SNPS,9,183,0,183
original_0714,long,other_only,CDNS,10,183,1,182
original_0714,long,other_only,KLAC,11,182,2,180
original_0714,long,other_only,APH,12,180,2,178
original_0714,long,other_only,ANET,13,178,3,175
original_0714,long,other_only,DHR,14,177,2,175
original_0714,long,other_only,ETN,15,177,2,175
original_0714,long,other_only,LIN,16,176,4,172
original_0714,long,other_only,TMO,17,176,4,172
original_0714,long,other_only,MPWR,18,175,3,172
original_0714,long,other_only,MSI,19,175,3,172
original_0714,long,other_only,ECL,20,173,3,170
original_0714,long,other_only,PH,21,173,3,170
original_0714,long,other_only,LRCX,22,172,3,169
original_0714,long,other_only,TT,23,171,5,166
original_0714,long,other_only,BWXT,24,170,6,164
original_0714,long,other_only,ASMIY,25,168,5,163
original_0714,long,other_only,ADBE,26,171,9,162
original_0714,long,other_only,AMAT,27,165,3,162
original_0714,long,other_only,TEL,28,166,5,161
original_0714,long,other_only,HOCPY,29,165,4,161
original_0714,long,other_only,SHECY,30,164,5,159
original_0714,long,other_only,GEV,31,160,1,159
original_0714,long,other_only,TDY,32,164,6,158
original_0714,long,other_only,DSCSY,33,166,9,157
original_0714,long,other_only,TOELY,34,164,7,157
original_0714,long,other_only,KEYS,35,163,6,157
original_0714,long,other_only,HTHIY,36,162,5,157
original_0714,long,other_only,EQIX,37,164,8,156
original_0714,long,other_only,ATEYY,38,163,8,155
original_0714,long,other_only,TXN,39,162,7,155
original_0714,long,other_only,CRWD,40,162,8,154
original_0714,long,other_only,ABBNY,41,163,10,153
original_0714,long,other_only,HUBB,42,160,7,153
original_0714,long,other_only,RYCEY,43,160,8,152
original_0714,long,other_only,ADI,44,158,8,150
original_0714,long,other_only,CEG,45,156,8,148
original_0714,long,other_only,AMD,46,155,10,145
original_0714,long,other_only,PWR,47,157,15,142
original_0714,long,other_only,MRAAY,48,152,11,141
original_0714,long,other_only,ARM,49,155,16,139
original_0714,long,other_only,ORCL,50,151,14,137
original_0714,long,other_only,NVMI,51,151,15,136
original_0714,long,other_only,DOV,52,152,18,134
original_0714,long,other_only,NDSN,53,148,16,132
original_0714,long,other_only,DKILY,54,147,18,129
original_0714,long,other_only,VRT,55,146,18,128
original_0714,long,other_only,NTNX,56,146,19,127
original_0714,long,other_only,TER,57,145,18,127
original_0714,long,other_only,NVT,58,143,23,120
original_0714,long,other_only,JCI,59,140,20,120
original_0714,long,other_only,ENTG,60,138,18,120
original_0714,long,other_only,ONTO,61,145,26,119
original_0714,long,other_only,AJNMY,62,134,15,119
original_0714,long,other_only,MRVL,63,140,23,117
original_0714,long,other_only,MIELY,64,136,19,117
original_0714,long,other_only,ALLE,65,139,23,116
original_0714,long,other_only,FTV,66,138,25,113
original_0714,long,other_only,QCOM,67,135,22,113
original_0714,long,other_only,IFNNY,68,136,24,112
original_0714,long,other_only,DCI,69,140,29,111
original_0714,long,other_only,Q,70,134,23,111
original_0714,long,other_only,DLR,71,137,27,110
original_0714,long,other_only,TTDKY,72,129,23,106
original_0714,long,other_only,CAT,73,131,28,103
original_0714,long,other_only,CRDO,74,134,32,102
original_0714,long,other_only,RMBS,75,127,25,102
original_0714,long,other_only,MICLF,76,126,28,98
original_0714,long,other_only,CARR,77,123,26,97
original_0714,long,other_only,NTAP,78,127,36,91
original_0714,long,other_only,P,79,127,36,91
original_0714,long,other_only,BESIY,80,126,35,91
original_0714,long,other_only,LFUS,81,123,32,91
original_0714,long,other_only,SKHY,82,125,36,89
original_0714,long,other_only,EME,83,122,36,86
original_0714,long,other_only,APD,84,121,35,86
original_0714,long,other_only,SITM,85,126,41,85
original_0714,long,other_only,CAMT,86,122,37,85
original_0714,long,other_only,MTSI,87,117,39,78
original_0714,long,other_only,CSCO,88,116,42,74
original_0714,long,other_only,SMTOY,89,112,40,72
original_0714,long,other_only,BABA,90,103,34,69
original_0714,long,other_only,IBM,91,114,46,68
original_0714,long,other_only,PNR,92,112,44,68
original_0714,long,other_only,ALAB,93,108,54,54
original_0714,long,other_only,CMI,94,103,50,53
original_0714,long,other_only,VST,95,100,49,51
original_0714,long,other_only,FIX,96,105,57,48
original_0714,long,other_only,COHR,97,102,54,48
original_0714,long,other_only,MU,98,100,54,46
original_0714,long,other_only,AEIS,99,98,56,42
original_0714,long,other_only,MCHP,100,95,53,42
original_0714,long,other_only,ETR,101,94,52,42
original_0714,long,other_only,GLW,102,100,59,41
original_0714,long,other_only,DTE,103,87,65,22
original_0714,long,other_only,VICR,104,89,73,16
original_0714,long,other_only,CIEN,105,91,76,15
original_0714,long,other_only,DD,106,83,68,15
original_0714,long,other_only,AAON,107,83,70,13
original_0714,long,other_only,ET,108,86,74,12
original_0714,long,other_only,MKSI,109,80,70,10
original_0714,long,other_only,ASX,110,90,82,8
original_0714,long,other_only,MOD,111,87,79,8
original_0714,long,other_only,TSEM,112,87,85,2
original_0714,long,other_only,ENS,113,78,77,1
original_0714,long,other_only,FORM,114,78,79,-1
original_0714,long,other_only,LITE,115,80,82,-2
original_0714,long,other_only,AEP,116,74,82,-8
original_0714,long,other_only,POWL,117,78,93,-15
original_0714,long,other_only,ASMVY,118,70,87,-17
original_0714,long,other_only,POWI,119,73,99,-26
original_0714,long,other_only,ACMR,120,70,97,-27
original_0714,long,other_only,CLS,121,72,101,-29
original_0714,long,other_only,IESC,122,66,97,-31
original_0714,long,other_only,SMTC,123,61,94,-33
original_0714,long,other_only,FN,124,66,100,-34
original_0714,long,other_only,MTRN,125,62,97,-35
original_0714,long,other_only,GNRC,126,59,98,-39
original_0714,long,other_only,GFS,127,62,103,-41
original_0714,long,other_only,TSLA,128,58,99,-41
original_0714,long,other_only,ON,129,55,98,-43
original_0714,long,other_only,DIOD,130,58,103,-45
original_0714,long,other_only,BELFB,131,53,99,-46
original_0714,long,other_only,VECO,132,59,107,-48
original_0714,long,other_only,ASGLY,133,55,103,-48
original_0714,long,other_only,JBL,134,56,108,-52
original_0714,long,other_only,UMC,135,56,108,-52
original_0714,long,other_only,MMM,136,54,107,-53
original_0714,long,other_only,KLIC,137,52,105,-53
original_0714,long,other_only,BDC,138,55,109,-54
original_0714,long,other_only,STM,139,50,106,-56
original_0714,long,other_only,STX,140,52,109,-57
original_0714,long,other_only,FLEX,141,52,110,-58
original_0714,long,other_only,MYRG,142,54,113,-59
original_0714,long,other_only,NOK,143,47,106,-59
original_0714,long,other_only,AMKR,144,50,112,-62
original_0714,long,other_only,ACLS,145,52,115,-63
original_0714,long,other_only,PLAB,146,51,115,-64
original_0714,long,other_only,DELL,147,54,121,-67
original_0714,long,other_only,HPE,148,48,115,-67
original_0714,long,other_only,WDC,149,44,117,-73
original_0714,long,other_only,ROG,150,44,121,-77
original_0714,long,other_only,SIMO,151,44,121,-77
original_0714,long,other_only,SNDK,152,42,120,-78
original_0714,long,other_only,VIAV,153,45,126,-81
original_0714,long,other_only,ST,154,38,129,-91
original_0714,long,other_only,COHU,155,40,133,-93
original_0714,long,other_only,BE,156,37,131,-94
original_0714,long,other_only,SANM,157,38,136,-98
original_0714,long,other_only,RKLB,158,37,135,-98
original_0714,long,other_only,PENG,159,33,133,-100
original_0714,long,other_only,VSH,160,26,138,-112
original_0714,long,other_only,ATKR,161,28,143,-115
original_0714,long,other_only,CRWV,162,26,142,-116
original_0714,long,other_only,UCTT,163,30,147,-117
original_0714,long,other_only,ENPH,164,24,144,-120
original_0714,long,other_only,ICHR,165,23,150,-127
original_0714,long,other_only,CBRS,166,22,149,-127
original_0714,long,other_only,NBIS,167,21,149,-128
original_0714,long,other_only,VISN,168,21,149,-128
original_0714,long,other_only,MXL,169,23,152,-129
original_0714,long,other_only,IMOS,170,21,150,-129
original_0714,long,other_only,AAOI,171,21,155,-134
original_0714,long,other_only,SOMMY,172,16,155,-139
original_0714,long,other_only,PSIX,173,16,159,-143
original_0714,long,other_only,INTC,174,16,161,-145
original_0714,long,other_only,APLD,175,15,161,-146
original_0714,long,other_only,SMCI,176,15,163,-148
original_0714,long,other_only,AMPX,177,12,162,-150
original_0714,long,other_only,AXTI,178,12,163,-151
original_0714,long,other_only,AOSL,179,11,164,-153
original_0714,long,other_only,FLNC,180,11,164,-153
original_0714,long,other_only,IREN,181,8,165,-157
original_0714,long,other_only,AEHR,182,9,167,-158
original_0714,long,other_only,CC,183,9,170,-161
original_0714,long,other_only,MRAM,184,10,175,-165
original_0714,long,other_only,TE,185,5,171,-166
original_0714,long,other_only,OKLO,186,5,175,-170
original_0714,long,other_only,NVTS,187,3,177,-174
original_0714,long,other_only,POET,188,2,184,-182
original_0714,long,other_only,SMR,189,2,184,-182
original_0714,long,other_only,WOLF,190,1,188,-187
original_0714,long,other_only,FCEL,191,0,190,-190
original_0714,long,other_only,LWLG,192,0,191,-191
original_0714,long,agreement_only,ASML,1,179,0,179
original_0714,long,agreement_only,TSM,2,168,0,168
original_0714,long,agreement_only,CDNS,3,159,0,159
original_0714,long,agreement_only,MSFT,4,157,0,157
original_0714,long,agreement_only,META,5,153,0,153
original_0714,long,agreement_only,GOOGL,6,150,0,150
original_0714,long,agreement_only,HOCPY,7,145,2,143
original_0714,long,agreement_only,AVGO,8,140,0,140
original_0714,long,agreement_only,DHR,9,140,1,139
original_0714,long,agreement_only,KLAC,10,138,2,136
original_0714,long,agreement_only,LIN,11,134,4,130
original_0714,long,agreement_only,ANET,12,132,3,129
original_0714,long,agreement_only,TMO,13,131,3,128
original_0714,long,agreement_only,ADI,14,135,8,127
original_0714,long,agreement_only,APH,15,128,2,126
original_0714,long,agreement_only,MSI,16,127,2,125
original_0714,long,agreement_only,TT,17,128,4,124
original_0714,long,agreement_only,DSCSY,18,127,6,121
original_0714,long,agreement_only,ECL,19,123,3,120
original_0714,long,agreement_only,SNPS,20,116,0,116
original_0714,long,agreement_only,MPWR,21,116,2,114
original_0714,long,agreement_only,TDY,22,116,5,111
original_0714,long,agreement_only,CRWD,23,116,6,110
original_0714,long,agreement_only,ETN,24,110,2,108
original_0714,long,agreement_only,ARM,25,111,6,105
original_0714,long,agreement_only,AMAT,26,107,3,104
original_0714,long,agreement_only,NVDA,27,103,0,103
original_0714,long,agreement_only,PWR,28,114,12,102
original_0714,long,agreement_only,AMD,29,110,9,101
original_0714,long,agreement_only,ASMIY,30,105,4,101
original_0714,long,agreement_only,AJNMY,31,109,10,99
original_0714,long,agreement_only,TXN,32,106,7,99
original_0714,long,agreement_only,NVMI,33,113,15,98
original_0714,long,agreement_only,KEYS,34,103,6,97
original_0714,long,agreement_only,ATEYY,35,104,8,96
original_0714,long,agreement_only,LRCX,36,98,3,95
original_0714,long,agreement_only,PH,37,98,3,95
original_0714,long,agreement_only,QCOM,38,113,22,91
original_0714,long,agreement_only,MRAAY,39,98,11,87
original_0714,long,agreement_only,ADBE,40,96,9,87
original_0714,long,agreement_only,BWXT,41,91,5,86
original_0714,long,agreement_only,DOV,42,102,17,85
original_0714,long,agreement_only,NDSN,43,100,16,84
original_0714,long,agreement_only,ENTG,44,97,13,84
original_0714,long,agreement_only,RYCEY,45,90,7,83
original_0714,long,agreement_only,HTHIY,46,86,4,82
original_0714,long,agreement_only,IFNNY,47,103,22,81
original_0714,long,agreement_only,SHECY,48,86,5,81
original_0714,long,agreement_only,VRT,49,88,8,80
original_0714,long,agreement_only,TEL,50,84,4,80
original_0714,long,agreement_only,ORCL,51,92,13,79
original_0714,long,agreement_only,EQIX,52,86,7,79
original_0714,long,agreement_only,HUBB,53,86,7,79
original_0714,long,agreement_only,AMZN,54,74,0,74
original_0714,long,agreement_only,GEV,55,72,1,71
original_0714,long,agreement_only,MRVL,56,92,22,70
original_0714,long,agreement_only,ABBNY,57,80,10,70
original_0714,long,agreement_only,DCI,58,96,28,68
original_0714,long,agreement_only,RMBS,59,88,21,67
original_0714,long,agreement_only,TER,60,85,18,67
original_0714,long,agreement_only,MIELY,61,82,17,65
original_0714,long,agreement_only,Q,62,79,14,65
original_0714,long,agreement_only,CAT,63,88,24,64
original_0714,long,agreement_only,FTV,64,87,24,63
original_0714,long,agreement_only,NVT,65,83,21,62
original_0714,long,agreement_only,DKILY,66,80,18,62
original_0714,long,agreement_only,CARR,67,86,26,60
original_0714,long,agreement_only,JCI,68,80,20,60
original_0714,long,agreement_only,LFUS,69,86,27,59
original_0714,long,agreement_only,BABA,70,85,29,56
original_0714,long,agreement_only,NTNX,71,73,17,56
original_0714,long,agreement_only,ONTO,72,78,23,55
original_0714,long,agreement_only,APD,73,83,30,53
original_0714,long,agreement_only,MTSI,74,85,37,48
original_0714,long,agreement_only,DLR,75,74,26,48
original_0714,long,agreement_only,PNR,76,84,38,46
original_0714,long,agreement_only,ALLE,77,69,23,46
original_0714,long,agreement_only,EME,78,79,35,44
original_0714,long,agreement_only,BESIY,79,77,34,43
original_0714,long,agreement_only,TOELY,80,49,6,43
original_0714,long,agreement_only,MICLF,81,66,24,42
original_0714,long,agreement_only,CMI,82,84,43,41
original_0714,long,agreement_only,SKHY,83,70,30,40
original_0714,long,agreement_only,TTDKY,84,62,22,40
original_0714,long,agreement_only,SMTOY,85,73,36,37
original_0714,long,agreement_only,MCHP,86,83,47,36
original_0714,long,agreement_only,NTAP,87,70,34,36
original_0714,long,agreement_only,ALAB,88,74,39,35
original_0714,long,agreement_only,SITM,89,71,36,35
original_0714,long,agreement_only,CEG,90,42,8,34
original_0714,long,agreement_only,CSCO,91,64,31,33
original_0714,long,agreement_only,AEIS,92,79,48,31
original_0714,long,agreement_only,CAMT,93,67,37,30
original_0714,long,agreement_only,MU,94,76,49,27
original_0714,long,agreement_only,IBM,95,69,43,26
original_0714,long,agreement_only,GLW,96,80,55,25
original_0714,long,agreement_only,FIX,97,73,50,23
original_0714,long,agreement_only,P,98,57,35,22
original_0714,long,agreement_only,CRDO,99,51,31,20
original_0714,long,agreement_only,ETR,100,61,49,12
original_0714,long,agreement_only,TSEM,101,71,64,7
original_0714,long,agreement_only,CIEN,102,69,65,4
original_0714,long,agreement_only,DD,103,61,57,4
original_0714,long,agreement_only,VST,104,50,46,4
original_0714,long,agreement_only,VICR,105,59,61,-2
original_0714,long,agreement_only,AEP,106,61,67,-6
original_0714,long,agreement_only,MKSI,107,54,64,-10
original_0714,long,agreement_only,COHR,108,38,51,-13
original_0714,long,agreement_only,POWL,109,62,78,-16
original_0714,long,agreement_only,DTE,110,42,62,-20
original_0714,long,agreement_only,LITE,111,58,79,-21
original_0714,long,agreement_only,ASMVY,112,56,81,-25
original_0714,long,agreement_only,MTRN,113,49,80,-31
original_0714,long,agreement_only,ASX,114,46,77,-31
original_0714,long,agreement_only,ET,115,34,66,-32
original_0714,long,agreement_only,ENS,116,35,73,-38
original_0714,long,agreement_only,AAON,117,30,68,-38
original_0714,long,agreement_only,SMTC,118,41,80,-39
original_0714,long,agreement_only,MOD,119,38,78,-40
original_0714,long,agreement_only,GNRC,120,49,92,-43
original_0714,long,agreement_only,ON,121,45,90,-45
original_0714,long,agreement_only,CLS,122,41,92,-51
original_0714,long,agreement_only,FORM,123,23,75,-52
original_0714,long,agreement_only,MMM,124,39,93,-54
original_0714,long,agreement_only,SIMO,125,40,95,-55
original_0714,long,agreement_only,FN,126,33,89,-56
original_0714,long,agreement_only,COHU,127,25,81,-56
original_0714,long,agreement_only,STM,128,39,96,-57
original_0714,long,agreement_only,IESC,129,32,91,-59
original_0714,long,agreement_only,UMC,130,43,103,-60
original_0714,long,agreement_only,STX,131,42,102,-60
original_0714,long,agreement_only,ACLS,132,37,97,-60
original_0714,long,agreement_only,BELFB,133,30,90,-60
original_0714,long,agreement_only,JBL,134,40,102,-62
original_0714,long,agreement_only,ASGLY,135,31,93,-62
original_0714,long,agreement_only,NOK,136,38,101,-63
original_0714,long,agreement_only,GFS,137,35,98,-63
original_0714,long,agreement_only,TSLA,138,31,94,-63
original_0714,long,agreement_only,ACMR,139,28,92,-64
original_0714,long,agreement_only,POWI,140,32,97,-65
original_0714,long,agreement_only,SNDK,141,30,96,-66
original_0714,long,agreement_only,DELL,142,43,110,-67
original_0714,long,agreement_only,WDC,143,36,106,-70
original_0714,long,agreement_only,HPE,144,34,104,-70
original_0714,long,agreement_only,AMKR,145,36,109,-73
original_0714,long,agreement_only,MYRG,146,31,104,-73
original_0714,long,agreement_only,KLIC,147,25,102,-77
original_0714,long,agreement_only,VECO,148,19,98,-79
original_0714,long,agreement_only,PLAB,149,28,109,-81
original_0714,long,agreement_only,ROG,150,33,117,-84
original_0714,long,agreement_only,VIAV,151,30,118,-88
original_0714,long,agreement_only,BDC,152,11,102,-91
original_0714,long,agreement_only,DIOD,153,10,101,-91
original_0714,long,agreement_only,PENG,154,28,120,-92
original_0714,long,agreement_only,SANM,155,17,109,-92
original_0714,long,agreement_only,FLEX,156,12,107,-95
original_0714,long,agreement_only,BE,157,23,125,-102
original_0714,long,agreement_only,ST,158,21,123,-102
original_0714,long,agreement_only,NBIS,159,14,122,-108
original_0714,long,agreement_only,CRWV,160,18,130,-112
original_0714,long,agreement_only,VSH,161,18,137,-119
original_0714,long,agreement_only,RKLB,162,13,132,-119
original_0714,long,agreement_only,UCTT,163,17,141,-124
original_0714,long,agreement_only,MXL,164,13,138,-125
original_0714,long,agreement_only,ICHR,165,19,146,-127
original_0714,long,agreement_only,CBRS,166,10,139,-129
original_0714,long,agreement_only,ATKR,167,8,138,-130
original_0714,long,agreement_only,IMOS,168,15,147,-132
original_0714,long,agreement_only,VISN,169,7,143,-136
original_0714,long,agreement_only,ENPH,170,7,144,-137
original_0714,long,agreement_only,AAOI,171,12,150,-138
original_0714,long,agreement_only,APLD,172,6,145,-139
original_0714,long,agreement_only,INTC,173,6,146,-140
original_0714,long,agreement_only,SOMMY,174,11,152,-141
original_0714,long,agreement_only,AXTI,175,8,151,-143
original_0714,long,agreement_only,SMCI,176,11,159,-148
original_0714,long,agreement_only,IREN,177,7,155,-148
original_0714,long,agreement_only,AOSL,178,8,160,-152
original_0714,long,agreement_only,FLNC,179,7,159,-152
original_0714,long,agreement_only,PSIX,180,3,155,-152
original_0714,long,agreement_only,AMPX,181,5,160,-155
original_0714,long,agreement_only,CC,182,5,160,-155
original_0714,long,agreement_only,AEHR,183,5,162,-157
original_0714,long,agreement_only,MRAM,184,6,165,-159
original_0714,long,agreement_only,TE,185,2,171,-169
original_0714,long,agreement_only,NVTS,186,1,171,-170
original_0714,long,agreement_only,OKLO,187,0,173,-173
original_0714,long,agreement_only,WOLF,188,0,178,-178
original_0714,long,agreement_only,POET,189,1,182,-181
original_0714,long,agreement_only,SMR,190,0,181,-181
original_0714,long,agreement_only,FCEL,191,0,184,-184
original_0714,long,agreement_only,LWLG,192,0,187,-187
original_0714,long,high_only,MSFT,1,297,1,296
original_0714,long,high_only,TSM,2,277,1,276
original_0714,long,high_only,META,3,273,5,268
original_0714,long,high_only,CDNS,4,260,3,257
original_0714,long,high_only,ASML,5,255,0,255
original_0714,long,high_only,GOOGL,6,246,2,244
original_0714,long,high_only,KLAC,7,243,5,238
original_0714,long,high_only,TMO,8,220,7,213
original_0714,long,high_only,AVGO,9,206,1,205
original_0714,long,high_only,ECL,10,211,23,188
original_0714,long,high_only,DHR,11,195,9,186
original_0714,long,high_only,LIN,12,192,7,185
original_0714,long,high_only,MSI,13,188,7,181
original_0714,long,high_only,ADBE,14,187,7,180
original_0714,long,high_only,NVDA,15,175,0,175
original_0714,long,high_only,MPWR,16,189,16,173
original_0714,long,high_only,APH,17,175,11,164
original_0714,long,high_only,PH,18,172,14,158
original_0714,long,high_only,AMZN,19,159,1,158
original_0714,long,high_only,TXN,20,176,19,157
original_0714,long,high_only,ADI,21,175,19,156
original_0714,long,high_only,SNPS,22,155,0,155
original_0714,long,high_only,TDY,23,178,24,154
original_0714,long,high_only,ANET,24,170,16,154
original_0714,long,high_only,TT,25,152,0,152
original_0714,long,high_only,ETN,26,161,16,145
original_0714,long,high_only,CRWD,27,157,14,143
original_0714,long,high_only,LRCX,28,157,16,141
original_0714,long,high_only,TEL,29,146,5,141
original_0714,long,high_only,ASMIY,30,155,15,140
original_0714,long,high_only,AMAT,31,162,23,139
original_0714,long,high_only,BWXT,32,163,26,137
original_0714,long,high_only,ABBNY,33,167,41,126
original_0714,long,high_only,SHECY,34,135,9,126
original_0714,long,high_only,DSCSY,35,121,2,119
original_0714,long,high_only,KEYS,36,151,38,113
original_0714,long,high_only,ARM,37,120,8,112
original_0714,long,high_only,HOCPY,38,104,0,104
original_0714,long,high_only,TOELY,39,114,17,97
original_0714,long,high_only,HUBB,40,132,40,92
original_0714,long,high_only,NDSN,41,115,30,85
original_0714,long,high_only,EQIX,42,106,23,83
original_0714,long,high_only,HTHIY,43,116,43,73
original_0714,long,high_only,DOV,44,103,33,70
original_0714,long,high_only,CEG,45,70,6,64
original_0714,long,high_only,FTV,46,91,30,61
original_0714,long,high_only,QCOM,47,63,4,59
original_0714,long,high_only,NVMI,48,84,26,58
original_0714,long,high_only,IFNNY,49,91,34,57
original_0714,long,high_only,ENTG,50,57,1,56
original_0714,long,high_only,GEV,51,54,0,54
original_0714,long,high_only,AJNMY,52,70,17,53
original_0714,long,high_only,MRAAY,53,87,36,51
original_0714,long,high_only,NTAP,54,80,31,49
original_0714,long,high_only,ORCL,55,62,14,48
original_0714,long,high_only,PWR,56,54,7,47
original_0714,long,high_only,APD,57,84,39,45
original_0714,long,high_only,TER,58,74,33,41
original_0714,long,high_only,AMD,59,61,20,41
original_0714,long,high_only,ATEYY,60,89,49,40
original_0714,long,high_only,RYCEY,61,56,18,38
original_0714,long,high_only,CSCO,62,36,2,34
original_0714,long,high_only,VRT,63,33,0,33
original_0714,long,high_only,CAT,64,78,48,30
original_0714,long,high_only,DKILY,65,76,46,30
original_0714,long,high_only,ALLE,66,84,55,29
original_0714,long,high_only,DCI,67,70,47,23
original_0714,long,high_only,RMBS,68,59,38,21
original_0714,long,high_only,NTNX,69,57,36,21
original_0714,long,high_only,ONTO,70,45,26,19
original_0714,long,high_only,LFUS,71,56,41,15
original_0714,long,high_only,MRVL,72,50,35,15
original_0714,long,high_only,Q,73,16,3,13
original_0714,long,high_only,JCI,74,49,40,9
original_0714,long,high_only,DLR,75,38,29,9
original_0714,long,high_only,MCHP,76,54,46,8
original_0714,long,high_only,CMI,77,39,32,7
original_0714,long,high_only,EME,78,49,43,6
original_0714,long,high_only,BABA,79,20,17,3
original_0714,long,high_only,CRDO,80,26,26,0
original_0714,long,high_only,COHR,81,9,10,-1
original_0714,long,high_only,PNR,82,46,48,-2
original_0714,long,high_only,IBM,83,31,33,-2
original_0714,long,high_only,BESIY,84,50,54,-4
original_0714,long,high_only,NVT,85,29,37,-8
original_0714,long,high_only,CARR,86,20,28,-8
original_0714,long,high_only,MICLF,87,33,43,-10
original_0714,long,high_only,DD,88,28,38,-10
original_0714,long,high_only,SMTOY,89,39,50,-11
original_0714,long,high_only,AEP,90,28,39,-11
original_0714,long,high_only,AAON,91,3,14,-11
original_0714,long,high_only,MIELY,92,36,48,-12
original_0714,long,high_only,VST,93,20,32,-12
original_0714,long,high_only,SKHY,94,33,47,-14
original_0714,long,high_only,GLW,95,32,46,-14
original_0714,long,high_only,TTDKY,96,28,44,-16
original_0714,long,high_only,CAMT,97,19,38,-19
original_0714,long,high_only,P,98,31,51,-20
original_0714,long,high_only,SITM,99,27,47,-20
original_0714,long,high_only,ETR,100,26,46,-20
original_0714,long,high_only,MTSI,101,20,40,-20
original_0714,long,high_only,TSEM,102,17,37,-20
original_0714,long,high_only,FN,103,8,28,-20
original_0714,long,high_only,POWL,104,29,50,-21
original_0714,long,high_only,ALAB,105,34,56,-22
original_0714,long,high_only,CIEN,106,23,45,-22
original_0714,long,high_only,DTE,107,29,53,-24
original_0714,long,high_only,FIX,108,29,53,-24
original_0714,long,high_only,VICR,109,11,35,-24
original_0714,long,high_only,MOD,110,14,39,-25
original_0714,long,high_only,AMKR,111,11,36,-25
original_0714,long,high_only,MMM,112,36,63,-27
original_0714,long,high_only,MU,113,30,57,-27
original_0714,long,high_only,BDC,114,3,30,-27
original_0714,long,high_only,MKSI,115,25,53,-28
original_0714,long,high_only,AEIS,116,20,48,-28
original_0714,long,high_only,ENS,117,19,50,-31
original_0714,long,high_only,ON,118,27,59,-32
original_0714,long,high_only,COHU,119,8,43,-35
original_0714,long,high_only,ET,120,22,59,-37
original_0714,long,high_only,ASX,121,17,56,-39
original_0714,long,high_only,NOK,122,18,59,-41
original_0714,long,high_only,LITE,123,14,57,-43
original_0714,long,high_only,SMTC,124,3,46,-43
original_0714,long,high_only,ASMVY,125,13,58,-45
original_0714,long,high_only,ST,126,5,53,-48
original_0714,long,high_only,DELL,127,19,68,-49
original_0714,long,high_only,SIMO,128,12,61,-49
original_0714,long,high_only,WDC,129,5,54,-49
original_0714,long,high_only,ACLS,130,11,63,-52
original_0714,long,high_only,SANM,131,2,54,-52
original_0714,long,high_only,STM,132,18,72,-54
original_0714,long,high_only,JBL,133,17,71,-54
original_0714,long,high_only,TSLA,134,7,61,-54
original_0714,long,high_only,UMC,135,23,79,-56
original_0714,long,high_only,POWI,136,15,72,-57
original_0714,long,high_only,ASGLY,137,5,62,-57
original_0714,long,high_only,FORM,138,5,62,-57
original_0714,long,high_only,MYRG,139,17,75,-58
original_0714,long,high_only,GNRC,140,12,71,-59
original_0714,long,high_only,IESC,141,2,62,-60
original_0714,long,high_only,BELFB,142,7,68,-61
original_0714,long,high_only,CLS,143,12,75,-63
original_0714,long,high_only,VIAV,144,9,74,-65
original_0714,long,high_only,MTRN,145,11,78,-67
original_0714,long,high_only,HPE,146,6,73,-67
original_0714,long,high_only,VECO,147,6,73,-67
original_0714,long,high_only,SNDK,148,5,72,-67
original_0714,long,high_only,STX,149,5,72,-67
original_0714,long,high_only,PENG,150,3,73,-70
original_0714,long,high_only,ROG,151,7,79,-72
original_0714,long,high_only,ATKR,152,7,80,-73
original_0714,long,high_only,PLAB,153,7,81,-74
original_0714,long,high_only,GFS,154,15,93,-78
original_0714,long,high_only,KLIC,155,3,81,-78
original_0714,long,high_only,ACMR,156,7,87,-80
original_0714,long,high_only,FLEX,157,4,89,-85
original_0714,long,high_only,VISN,158,3,88,-85
original_0714,long,high_only,BE,159,4,99,-95
original_0714,long,high_only,DIOD,160,1,99,-98
original_0714,long,high_only,VSH,161,3,102,-99
original_0714,long,high_only,SOMMY,162,6,106,-100
original_0714,long,high_only,ICHR,163,0,108,-108
original_0714,long,high_only,UCTT,164,4,113,-109
original_0714,long,high_only,ENPH,165,1,110,-109
original_0714,long,high_only,RKLB,166,4,114,-110
original_0714,long,high_only,IMOS,167,5,122,-117
original_0714,long,high_only,MXL,168,4,121,-117
original_0714,long,high_only,AAOI,169,1,121,-120
original_0714,long,high_only,OKLO,170,0,120,-120
original_0714,long,high_only,CRWV,171,9,133,-124
original_0714,long,high_only,NBIS,172,4,141,-137
original_0714,long,high_only,APLD,173,0,141,-141
original_0714,long,high_only,AOSL,174,7,152,-145
original_0714,long,high_only,FLNC,175,0,146,-146
original_0714,long,high_only,CBRS,176,5,154,-149
original_0714,long,high_only,SMCI,177,2,151,-149
original_0714,long,high_only,INTC,178,1,153,-152
original_0714,long,high_only,AXTI,179,1,157,-156
original_0714,long,high_only,CC,180,0,156,-156
original_0714,long,high_only,IREN,181,3,174,-171
original_0714,long,high_only,AEHR,182,2,173,-171
original_0714,long,high_only,PSIX,183,1,175,-174
original_0714,long,high_only,AMPX,184,0,180,-180
original_0714,long,high_only,MRAM,185,0,180,-180
original_0714,long,high_only,NVTS,186,0,213,-213
original_0714,long,high_only,SMR,187,0,218,-218
original_0714,long,high_only,POET,188,0,224,-224
original_0714,long,high_only,LWLG,189,0,226,-226
original_0714,long,high_only,WOLF,190,0,234,-234
original_0714,long,high_only,TE,191,0,252,-252
original_0714,long,high_only,FCEL,192,0,262,-262
original_0714,long,strength_weighted,ASML,1,369,5,644
original_0714,long,strength_weighted,MSFT,2,347,3,632
original_0714,long,strength_weighted,TSM,3,355,6,625
original_0714,long,strength_weighted,META,4,341,11,612
original_0714,long,strength_weighted,CDNS,5,342,8,601
original_0714,long,strength_weighted,GOOGL,6,339,3,590
original_0714,long,strength_weighted,AVGO,7,327,10,569
original_0714,long,strength_weighted,KLAC,8,321,16,551
original_0714,long,strength_weighted,DHR,9,319,28,542
original_0714,long,strength_weighted,HOCPY,10,315,16,515
original_0714,long,strength_weighted,TMO,11,309,31,501
original_0714,long,strength_weighted,LIN,12,311,46,482
original_0714,long,strength_weighted,DSCSY,13,295,26,475
original_0714,long,strength_weighted,MSI,14,305,42,474
original_0714,long,strength_weighted,NVDA,15,293,0,474
original_0714,long,strength_weighted,APH,16,309,33,473
original_0714,long,strength_weighted,TT,17,300,21,472
original_0714,long,strength_weighted,ANET,18,310,37,466
original_0714,long,strength_weighted,CRWD,19,281,28,459
original_0714,long,strength_weighted,MPWR,20,291,43,453
original_0714,long,strength_weighted,ECL,21,296,57,447
original_0714,long,strength_weighted,SNPS,22,299,22,444
original_0714,long,strength_weighted,ADBE,23,267,47,426
original_0714,long,strength_weighted,ADI,24,297,48,419
original_0714,long,strength_weighted,ASMIY,25,273,40,411
original_0714,long,strength_weighted,AMAT,26,273,49,396
original_0714,long,strength_weighted,PWR,27,276,46,391
original_0714,long,strength_weighted,ETN,28,287,64,387
original_0714,long,strength_weighted,TDY,29,280,65,385
original_0714,long,strength_weighted,PH,30,271,51,383
original_0714,long,strength_weighted,AMZN,31,259,54,380
original_0714,long,strength_weighted,TEL,32,250,41,375
original_0714,long,strength_weighted,ARM,33,269,50,374
original_0714,long,strength_weighted,LRCX,34,270,73,367
original_0714,long,strength_weighted,KEYS,35,269,62,366
original_0714,long,strength_weighted,TXN,36,269,69,365
original_0714,long,strength_weighted,BWXT,37,261,59,361
original_0714,long,strength_weighted,SHECY,38,252,65,355
original_0714,long,strength_weighted,AJNMY,39,252,50,325
original_0714,long,strength_weighted,HUBB,40,248,61,323
original_0714,long,strength_weighted,ABBNY,41,243,83,323
original_0714,long,strength_weighted,GEV,42,241,16,322
original_0714,long,strength_weighted,VRT,43,240,35,316
original_0714,long,strength_weighted,NVMI,44,267,74,314
original_0714,long,strength_weighted,ATEYY,45,270,84,308
original_0714,long,strength_weighted,EQIX,46,250,88,301
original_0714,long,strength_weighted,DOV,47,255,90,295
original_0714,long,strength_weighted,AMD,48,271,72,284
original_0714,long,strength_weighted,ENTG,49,239,47,284
original_0714,long,strength_weighted,HTHIY,50,249,90,283
original_0714,long,strength_weighted,QCOM,51,255,84,273
original_0714,long,strength_weighted,ORCL,52,247,78,263
original_0714,long,strength_weighted,NDSN,53,249,99,260
original_0714,long,strength_weighted,RYCEY,54,250,83,254
original_0714,long,strength_weighted,MRAAY,55,253,95,253
original_0714,long,strength_weighted,IFNNY,56,242,84,253
original_0714,long,strength_weighted,TOELY,57,214,98,243
original_0714,long,strength_weighted,Q,58,220,52,239
original_0714,long,strength_weighted,TER,59,231,85,234
original_0714,long,strength_weighted,FTV,60,225,101,213
original_0714,long,strength_weighted,NTNX,61,219,81,210
original_0714,long,strength_weighted,RMBS,62,222,92,192
original_0714,long,strength_weighted,NVT,63,228,107,190
original_0714,long,strength_weighted,MRVL,64,236,105,189
original_0714,long,strength_weighted,MIELY,65,219,94,187
original_0714,long,strength_weighted,CAT,66,224,112,185
original_0714,long,strength_weighted,JCI,67,221,113,176
original_0714,long,strength_weighted,ONTO,68,223,115,172
original_0714,long,strength_weighted,LFUS,69,217,110,170
original_0714,long,strength_weighted,DCI,70,240,111,168
original_0714,long,strength_weighted,DKILY,71,228,122,164
original_0714,long,strength_weighted,CSCO,72,181,94,162
original_0714,long,strength_weighted,ALLE,73,208,125,155
original_0714,long,strength_weighted,DLR,74,214,113,144
original_0714,long,strength_weighted,APD,75,211,117,142
original_0714,long,strength_weighted,CEG,76,198,112,140
original_0714,long,strength_weighted,BABA,77,203,108,138
original_0714,long,strength_weighted,EME,78,206,135,137
original_0714,long,strength_weighted,PNR,79,203,125,120
original_0714,long,strength_weighted,SKHY,80,201,118,119
original_0714,long,strength_weighted,CARR,81,210,127,116
original_0714,long,strength_weighted,MTSI,82,213,119,113
original_0714,long,strength_weighted,BESIY,83,207,144,110
original_0714,long,strength_weighted,MICLF,84,196,114,106
original_0714,long,strength_weighted,TTDKY,85,191,128,101
original_0714,long,strength_weighted,NTAP,86,199,142,99
original_0714,long,strength_weighted,CRDO,87,186,126,93
original_0714,long,strength_weighted,SITM,88,203,125,89
original_0714,long,strength_weighted,MCHP,89,189,133,89
original_0714,long,strength_weighted,CMI,90,196,141,83
original_0714,long,strength_weighted,CAMT,91,190,137,76
original_0714,long,strength_weighted,ALAB,92,194,132,73
original_0714,long,strength_weighted,P,93,188,134,72
original_0714,long,strength_weighted,SMTOY,94,192,132,70
original_0714,long,strength_weighted,AEIS,95,190,133,68
original_0714,long,strength_weighted,MU,96,187,138,59
original_0714,long,strength_weighted,IBM,97,187,157,42
original_0714,long,strength_weighted,FIX,98,185,155,37
original_0714,long,strength_weighted,GLW,99,185,155,20
original_0714,long,strength_weighted,VST,100,155,160,-5
original_0714,long,strength_weighted,TSEM,101,175,168,-7
original_0714,long,strength_weighted,DD,102,164,159,-7
original_0714,long,strength_weighted,ETR,103,169,162,-8
original_0714,long,strength_weighted,CIEN,104,169,170,-8
original_0714,long,strength_weighted,AEP,105,159,181,-40
original_0714,long,strength_weighted,VICR,106,156,166,-44
original_0714,long,strength_weighted,POWL,107,154,192,-53
original_0714,long,strength_weighted,MKSI,108,141,179,-59
original_0714,long,strength_weighted,COHR,109,141,172,-65
original_0714,long,strength_weighted,DTE,110,135,192,-89
original_0714,long,strength_weighted,AAON,111,114,188,-89
original_0714,long,strength_weighted,LITE,112,149,200,-90
original_0714,long,strength_weighted,ET,113,124,190,-96
original_0714,long,strength_weighted,ASMVY,114,141,195,-99
original_0714,long,strength_weighted,ASX,115,141,203,-99
original_0714,long,strength_weighted,MOD,116,127,216,-104
original_0714,long,strength_weighted,ON,117,116,211,-124
original_0714,long,strength_weighted,ENS,118,117,208,-137
original_0714,long,strength_weighted,CLS,119,118,218,-146
original_0714,long,strength_weighted,FN,120,102,214,-146
original_0714,long,strength_weighted,MTRN,121,131,200,-147
original_0714,long,strength_weighted,GNRC,122,124,218,-150
original_0714,long,strength_weighted,SMTC,123,119,213,-153
original_0714,long,strength_weighted,FORM,124,101,199,-154
original_0714,long,strength_weighted,SIMO,125,107,220,-161
original_0714,long,strength_weighted,GFS,126,101,226,-166
original_0714,long,strength_weighted,MMM,127,108,224,-177
original_0714,long,strength_weighted,STM,128,103,224,-190
original_0714,long,strength_weighted,IESC,129,109,236,-193
original_0714,long,strength_weighted,ACLS,130,96,228,-196
original_0714,long,strength_weighted,DELL,131,110,246,-199
original_0714,long,strength_weighted,NOK,132,98,237,-207
original_0714,long,strength_weighted,ACMR,133,103,235,-212
original_0714,long,strength_weighted,JBL,134,111,238,-216
original_0714,long,strength_weighted,WDC,135,105,244,-216
original_0714,long,strength_weighted,SNDK,136,88,229,-219
original_0714,long,strength_weighted,BELFB,137,88,239,-225
original_0714,long,strength_weighted,STX,138,102,243,-226
original_0714,long,strength_weighted,UMC,139,107,239,-229
original_0714,long,strength_weighted,ASGLY,140,93,235,-229
original_0714,long,strength_weighted,POWI,141,106,253,-233
original_0714,long,strength_weighted,VECO,142,79,238,-233
original_0714,long,strength_weighted,COHU,143,65,222,-236
original_0714,long,strength_weighted,HPE,144,98,253,-244
original_0714,long,strength_weighted,TSLA,145,96,242,-246
original_0714,long,strength_weighted,KLIC,146,80,252,-259
original_0714,long,strength_weighted,AMKR,147,96,247,-261
original_0714,long,strength_weighted,MYRG,148,87,245,-262
original_0714,long,strength_weighted,BDC,149,69,246,-271
original_0714,long,strength_weighted,PLAB,150,82,261,-272
original_0714,long,strength_weighted,SANM,151,58,251,-280
original_0714,long,strength_weighted,DIOD,152,68,250,-290
original_0714,long,strength_weighted,VIAV,153,79,265,-293
original_0714,long,strength_weighted,FLEX,154,64,256,-293
original_0714,long,strength_weighted,ROG,155,84,268,-308
original_0714,long,strength_weighted,PENG,156,69,273,-327
original_0714,long,strength_weighted,ST,157,63,282,-342
original_0714,long,strength_weighted,BE,158,65,277,-359
original_0714,long,strength_weighted,ATKR,159,36,302,-382
original_0714,long,strength_weighted,CRWV,160,58,292,-404
original_0714,long,strength_weighted,NBIS,161,59,281,-418
original_0714,long,strength_weighted,RKLB,162,55,301,-434
original_0714,long,strength_weighted,UCTT,163,49,305,-438
original_0714,long,strength_weighted,VSH,164,47,302,-439
original_0714,long,strength_weighted,VISN,165,32,313,-448
original_0714,long,strength_weighted,MXL,166,43,298,-451
original_0714,long,strength_weighted,ICHR,167,48,312,-464
original_0714,long,strength_weighted,IMOS,168,41,314,-473
original_0714,long,strength_weighted,AAOI,169,34,328,-479
original_0714,long,strength_weighted,ENPH,170,31,322,-479
original_0714,long,strength_weighted,CBRS,171,39,314,-486
original_0714,long,strength_weighted,SMCI,172,38,325,-493
original_0714,long,strength_weighted,SOMMY,173,36,320,-500
original_0714,long,strength_weighted,INTC,174,25,318,-504
original_0714,long,strength_weighted,AXTI,175,31,322,-517
original_0714,long,strength_weighted,CC,176,20,335,-541
original_0714,long,strength_weighted,FLNC,177,21,337,-543
original_0714,long,strength_weighted,PSIX,178,19,330,-554
original_0714,long,strength_weighted,IREN,179,26,329,-556
original_0714,long,strength_weighted,AEHR,180,19,338,-565
original_0714,long,strength_weighted,AMPX,181,20,339,-566
original_0714,long,strength_weighted,OKLO,182,8,358,-568
original_0714,long,strength_weighted,AOSL,183,24,335,-578
original_0714,long,strength_weighted,APLD,184,21,323,-585
original_0714,long,strength_weighted,MRAM,185,20,344,-589
original_0714,long,strength_weighted,TE,186,7,360,-640
original_0714,long,strength_weighted,NVTS,187,6,355,-647
original_0714,long,strength_weighted,WOLF,188,6,366,-658
original_0714,long,strength_weighted,SMR,189,5,369,-676
original_0714,long,strength_weighted,POET,190,5,368,-682
original_0714,long,strength_weighted,FCEL,191,4,374,-704
original_0714,long,strength_weighted,LWLG,192,0,378,-731
original_0714,odds,both,ADBE,1,370,2,368
original_0714,odds,both,ST,2,350,7,343
original_0714,odds,both,PNR,3,348,21,327
original_0714,odds,both,BABA,4,349,24,325
original_0714,odds,both,PSIX,5,341,17,324
original_0714,odds,both,QCOM,6,333,18,315
original_0714,odds,both,VST,7,338,24,314
original_0714,odds,both,ORCL,8,334,20,314
original_0714,odds,both,ET,9,337,25,312
original_0714,odds,both,TEL,10,323,30,293
original_0714,odds,both,BDC,11,305,16,289
original_0714,odds,both,ENS,12,324,42,282
original_0714,odds,both,META,13,313,39,274
original_0714,odds,both,TSM,14,318,47,271
original_0714,odds,both,VISN,15,305,38,267
original_0714,odds,both,HPE,16,313,50,263
original_0714,odds,both,ATKR,17,306,52,254
original_0714,odds,both,SMCI,18,292,42,250
original_0714,odds,both,MSFT,19,302,54,248
original_0714,odds,both,ALLE,20,305,61,244
original_0714,odds,both,DOV,21,297,53,244
original_0714,odds,both,DD,22,305,63,242
original_0714,odds,both,MU,23,292,51,241
original_0714,odds,both,TMO,24,300,64,236
original_0714,odds,both,MMM,25,289,53,236
original_0714,odds,both,CEG,26,278,47,231
original_0714,odds,both,NTAP,27,289,61,228
original_0714,odds,both,AVGO,28,287,59,228
original_0714,odds,both,JBL,29,289,65,224
original_0714,odds,both,NVDA,30,236,13,223
original_0714,odds,both,CC,31,272,60,212
original_0714,odds,both,HTHIY,32,283,72,211
original_0714,odds,both,IBM,33,282,71,211
original_0714,odds,both,DHR,34,285,79,206
original_0714,odds,both,SANM,35,258,53,205
original_0714,odds,both,GOOGL,36,286,82,204
original_0714,odds,both,DCI,37,285,83,202
original_0714,odds,both,HUBB,38,276,82,194
original_0714,odds,both,DELL,39,270,77,193
original_0714,odds,both,MSI,40,263,71,192
original_0714,odds,both,PLAB,41,279,93,186
original_0714,odds,both,FTV,42,257,83,174
original_0714,odds,both,MCHP,43,257,88,169
original_0714,odds,both,EME,44,255,87,168
original_0714,odds,both,MKSI,45,260,94,166
original_0714,odds,both,DTE,46,257,93,164
original_0714,odds,both,DIOD,47,246,82,164
original_0714,odds,both,NTNX,48,237,74,163
original_0714,odds,both,SOMMY,49,240,78,162
original_0714,odds,both,FLEX,50,233,82,151
original_0714,odds,both,SNDK,51,250,101,149
original_0714,odds,both,CMI,52,248,99,149
original_0714,odds,both,LFUS,53,242,96,146
original_0714,odds,both,AEP,54,246,105,141
original_0714,odds,both,ASGLY,55,214,75,139
original_0714,odds,both,VECO,56,238,102,136
original_0714,odds,both,MOD,57,239,104,135
original_0714,odds,both,MIELY,58,210,75,135
original_0714,odds,both,SKHY,59,196,64,132
original_0714,odds,both,NDSN,60,241,110,131
original_0714,odds,both,TDY,61,246,119,127
original_0714,odds,both,GNRC,62,237,113,124
original_0714,odds,both,CLS,63,228,107,121
original_0714,odds,both,APH,64,237,118,119
original_0714,odds,both,SMTOY,65,208,89,119
original_0714,odds,both,CARR,66,243,127,116
original_0714,odds,both,JCI,67,228,117,111
original_0714,odds,both,ETN,68,224,115,109
original_0714,odds,both,AMZN,69,222,121,101
original_0714,odds,both,APD,70,220,119,101
original_0714,odds,both,ETR,71,225,127,98
original_0714,odds,both,SNPS,72,215,118,97
original_0714,odds,both,ON,73,211,118,93
original_0714,odds,both,ADI,74,215,123,92
original_0714,odds,both,P,75,207,120,87
original_0714,odds,both,TTDKY,76,209,124,85
original_0714,odds,both,NOK,77,217,140,77
original_0714,odds,both,PENG,78,206,130,76
original_0714,odds,both,KEYS,79,203,131,72
original_0714,odds,both,NVT,80,209,138,71
original_0714,odds,both,AEIS,81,210,141,69
original_0714,odds,both,IFNNY,82,194,136,58
original_0714,odds,both,CSCO,83,177,122,55
original_0714,odds,both,ASX,84,203,155,48
original_0714,odds,both,IESC,85,177,136,41
original_0714,odds,both,DKILY,86,156,116,40
original_0714,odds,both,BELFB,87,181,142,39
original_0714,odds,both,LIN,88,195,157,38
original_0714,odds,both,SHECY,89,161,126,35
original_0714,odds,both,TT,90,175,143,32
original_0714,odds,both,RMBS,91,170,138,32
original_0714,odds,both,KLIC,92,181,152,29
original_0714,odds,both,PH,93,174,152,22
original_0714,odds,both,AMKR,94,180,165,15
original_0714,odds,both,GFS,95,171,157,14
original_0714,odds,both,CRDO,96,169,160,9
original_0714,odds,both,ABBNY,97,167,167,0
original_0714,odds,both,ASMIY,98,164,165,-1
original_0714,odds,both,SIMO,99,163,170,-7
original_0714,odds,both,ACLS,100,171,179,-8
original_0714,odds,both,CAMT,101,167,179,-12
original_0714,odds,both,FN,102,147,159,-12
original_0714,odds,both,RYCEY,103,160,178,-18
original_0714,odds,both,POWL,104,153,182,-29
original_0714,odds,both,UCTT,105,156,187,-31
original_0714,odds,both,ONTO,106,156,188,-32
original_0714,odds,both,Q,107,141,174,-33
original_0714,odds,both,ECL,108,156,194,-38
original_0714,odds,both,ENTG,109,130,176,-46
original_0714,odds,both,ASML,110,155,208,-53
original_0714,odds,both,ENPH,111,148,201,-53
original_0714,odds,both,MICLF,112,100,157,-57
original_0714,odds,both,AMAT,113,147,209,-62
original_0714,odds,both,STM,114,131,196,-65
original_0714,odds,both,DSCSY,115,85,153,-68
original_0714,odds,both,FIX,116,144,214,-70
original_0714,odds,both,DLR,117,113,184,-71
original_0714,odds,both,VSH,118,142,214,-72
original_0714,odds,both,MYRG,119,139,213,-74
original_0714,odds,both,STX,120,134,208,-74
original_0714,odds,both,WDC,121,140,216,-76
original_0714,odds,both,UMC,122,141,218,-77
original_0714,odds,both,BWXT,123,134,214,-80
original_0714,odds,both,TXN,124,125,210,-85
original_0714,odds,both,NVMI,125,134,220,-86
original_0714,odds,both,VIAV,126,118,207,-89
original_0714,odds,both,AAOI,127,118,210,-92
original_0714,odds,both,TER,128,129,222,-93
original_0714,odds,both,EQIX,129,112,207,-95
original_0714,odds,both,VRT,130,109,205,-96
original_0714,odds,both,ATEYY,131,94,192,-98
original_0714,odds,both,ASMVY,132,95,198,-103
original_0714,odds,both,ROG,133,113,218,-105
original_0714,odds,both,ANET,134,121,230,-109
original_0714,odds,both,MRVL,135,118,228,-110
original_0714,odds,both,SMTC,136,115,225,-110
original_0714,odds,both,MTRN,137,109,220,-111
original_0714,odds,both,TOELY,138,79,190,-111
original_0714,odds,both,CAT,139,119,232,-113
original_0714,odds,both,AMD,140,112,227,-115
original_0714,odds,both,AJNMY,141,81,204,-123
original_0714,odds,both,PWR,142,109,238,-129
original_0714,odds,both,HOCPY,143,96,228,-132
original_0714,odds,both,KLAC,144,102,243,-141
original_0714,odds,both,MRAAY,145,76,217,-141
original_0714,odds,both,AAON,146,102,244,-142
original_0714,odds,both,ICHR,147,102,248,-146
original_0714,odds,both,LRCX,148,90,237,-147
original_0714,odds,both,COHR,149,94,254,-160
original_0714,odds,both,COHU,150,85,245,-160
original_0714,odds,both,FORM,151,81,241,-160
original_0714,odds,both,GEV,152,89,250,-161
original_0714,odds,both,AOSL,153,88,263,-175
original_0714,odds,both,CDNS,154,83,267,-184
original_0714,odds,both,POWI,155,86,274,-188
original_0714,odds,both,MPWR,156,83,271,-188
original_0714,odds,both,TSEM,157,82,272,-190
original_0714,odds,both,ACMR,158,80,273,-193
original_0714,odds,both,TE,159,84,278,-194
original_0714,odds,both,MTSI,160,67,271,-204
original_0714,odds,both,IMOS,161,72,277,-205
original_0714,odds,both,GLW,162,67,276,-209
original_0714,odds,both,LITE,163,66,277,-211
original_0714,odds,both,BESIY,164,60,276,-216
original_0714,odds,both,CIEN,165,64,285,-221
original_0714,odds,both,FLNC,166,54,315,-261
original_0714,odds,both,MRAM,167,43,306,-263
original_0714,odds,both,MXL,168,49,318,-269
original_0714,odds,both,VICR,169,45,318,-273
original_0714,odds,both,CRWV,170,42,316,-274
original_0714,odds,both,SITM,171,35,323,-288
original_0714,odds,both,NBIS,172,35,336,-301
original_0714,odds,both,ALAB,173,29,331,-302
original_0714,odds,both,CRWD,174,33,336,-303
original_0714,odds,both,AXTI,175,35,339,-304
original_0714,odds,both,BE,176,32,336,-304
original_0714,odds,both,IREN,177,34,343,-309
original_0714,odds,both,INTC,178,27,337,-310
original_0714,odds,both,APLD,179,31,347,-316
original_0714,odds,both,TSLA,180,21,341,-320
original_0714,odds,both,AMPX,181,28,350,-322
original_0714,odds,both,WOLF,182,27,349,-322
original_0714,odds,both,FCEL,183,17,354,-337
original_0714,odds,both,ARM,184,16,359,-343
original_0714,odds,both,AEHR,185,14,364,-350
original_0714,odds,both,SMR,186,13,364,-351
original_0714,odds,both,CBRS,187,11,367,-356
original_0714,odds,both,POET,188,9,367,-358
original_0714,odds,both,RKLB,189,8,369,-361
original_0714,odds,both,NVTS,190,5,372,-367
original_0714,odds,both,OKLO,191,0,371,-371
original_0714,odds,both,LWLG,192,1,378,-377
original_0714,odds,self_only,ADBE,1,179,2,177
original_0714,odds,self_only,ST,2,164,6,158
original_0714,odds,self_only,PNR,3,164,18,146
original_0714,odds,self_only,ORCL,4,156,15,141
original_0714,odds,self_only,BABA,5,162,23,139
original_0714,odds,self_only,PSIX,6,153,17,136
original_0714,odds,self_only,QCOM,7,151,16,135
original_0714,odds,self_only,ET,8,150,24,126
original_0714,odds,self_only,VST,9,150,24,126
original_0714,odds,self_only,TEL,10,139,28,111
original_0714,odds,self_only,BDC,11,123,12,111
original_0714,odds,self_only,ENS,12,146,37,109
original_0714,odds,self_only,SMCI,13,137,30,107
original_0714,odds,self_only,VISN,14,126,33,93
original_0714,odds,self_only,TSM,15,136,45,91
original_0714,odds,self_only,META,16,125,37,88
original_0714,odds,self_only,HPE,17,133,46,87
original_0714,odds,self_only,IBM,18,130,45,85
original_0714,odds,self_only,DOV,19,124,40,84
original_0714,odds,self_only,DD,20,131,54,77
original_0714,odds,self_only,MSFT,21,124,47,77
original_0714,odds,self_only,JBL,22,125,49,76
original_0714,odds,self_only,TMO,23,127,54,73
original_0714,odds,self_only,ATKR,24,120,50,70
original_0714,odds,self_only,ALLE,25,125,56,69
original_0714,odds,self_only,DCI,26,127,59,68
original_0714,odds,self_only,MIELY,27,123,55,68
original_0714,odds,self_only,MMM,28,114,47,67
original_0714,odds,self_only,CEG,29,102,41,61
original_0714,odds,self_only,SKHY,30,121,61,60
original_0714,odds,self_only,NTAP,31,115,56,59
original_0714,odds,self_only,CC,32,112,54,58
original_0714,odds,self_only,DELL,33,113,56,57
original_0714,odds,self_only,HUBB,34,115,59,56
original_0714,odds,self_only,SOMMY,35,119,64,55
original_0714,odds,self_only,AVGO,36,108,53,55
original_0714,odds,self_only,DHR,37,119,65,54
original_0714,odds,self_only,MU,38,105,51,54
original_0714,odds,self_only,MSI,39,102,48,54
original_0714,odds,self_only,NTNX,40,97,44,53
original_0714,odds,self_only,ASGLY,41,114,66,48
original_0714,odds,self_only,GOOGL,42,112,71,41
original_0714,odds,self_only,MKSI,43,105,65,40
original_0714,odds,self_only,SANM,44,82,43,39
original_0714,odds,self_only,NVDA,45,48,12,36
original_0714,odds,self_only,HTHIY,46,105,72,33
original_0714,odds,self_only,DTE,47,100,68,32
original_0714,odds,self_only,LFUS,48,98,66,32
original_0714,odds,self_only,EME,49,97,66,31
original_0714,odds,self_only,AEP,50,100,71,29
original_0714,odds,self_only,SMTOY,51,104,78,26
original_0714,odds,self_only,MCHP,52,96,71,25
original_0714,odds,self_only,FTV,53,91,66,25
original_0714,odds,self_only,JCI,54,100,76,24
original_0714,odds,self_only,NDSN,55,100,76,24
original_0714,odds,self_only,ETR,56,103,81,22
original_0714,odds,self_only,P,57,91,71,20
original_0714,odds,self_only,TDY,58,100,85,15
original_0714,odds,self_only,IESC,59,96,81,15
original_0714,odds,self_only,APD,60,87,74,13
original_0714,odds,self_only,PLAB,61,98,88,10
original_0714,odds,self_only,DIOD,62,77,68,9
original_0714,odds,self_only,TTDKY,63,90,82,8
original_0714,odds,self_only,FLEX,64,73,65,8
original_0714,odds,self_only,DKILY,65,89,85,4
original_0714,odds,self_only,CMI,66,84,81,3
original_0714,odds,self_only,ETN,67,81,78,3
original_0714,odds,self_only,PENG,68,85,83,2
original_0714,odds,self_only,APH,69,90,89,1
original_0714,odds,self_only,ADI,70,83,84,-1
original_0714,odds,self_only,NOK,71,88,90,-2
original_0714,odds,self_only,KEYS,72,81,83,-2
original_0714,odds,self_only,CLS,73,80,83,-3
original_0714,odds,self_only,RMBS,74,75,79,-4
original_0714,odds,self_only,SNPS,75,72,76,-4
original_0714,odds,self_only,NVT,76,84,91,-7
original_0714,odds,self_only,SNDK,77,83,91,-8
original_0714,odds,self_only,CARR,78,91,100,-9
original_0714,odds,self_only,MOD,79,73,88,-15
original_0714,odds,self_only,VECO,80,73,90,-17
original_0714,odds,self_only,EQIX,81,74,93,-19
original_0714,odds,self_only,GNRC,82,73,96,-23
original_0714,odds,self_only,BELFB,83,67,90,-23
original_0714,odds,self_only,LIN,84,77,102,-25
original_0714,odds,self_only,TT,85,61,87,-26
original_0714,odds,self_only,DLR,86,64,92,-28
original_0714,odds,self_only,SHECY,87,71,101,-30
original_0714,odds,self_only,ON,88,63,93,-30
original_0714,odds,self_only,AMKR,89,72,104,-32
original_0714,odds,self_only,AMZN,90,68,100,-32
original_0714,odds,self_only,ACLS,91,73,106,-33
original_0714,odds,self_only,CSCO,92,48,81,-33
original_0714,odds,self_only,ABBNY,93,68,102,-34
original_0714,odds,self_only,CAMT,94,67,103,-36
original_0714,odds,self_only,PH,95,60,98,-38
original_0714,odds,self_only,GFS,96,60,99,-39
original_0714,odds,self_only,DSCSY,97,50,89,-39
original_0714,odds,self_only,AEIS,98,68,109,-41
original_0714,odds,self_only,FN,99,48,98,-50
original_0714,odds,self_only,Q,100,46,97,-51
original_0714,odds,self_only,SIMO,101,54,107,-53
original_0714,odds,self_only,VIAV,102,52,106,-54
original_0714,odds,self_only,MICLF,103,59,115,-56
original_0714,odds,self_only,POWL,104,52,109,-57
original_0714,odds,self_only,STX,105,62,120,-58
original_0714,odds,self_only,RYCEY,106,58,116,-58
original_0714,odds,self_only,ENTG,107,38,98,-60
original_0714,odds,self_only,ECL,108,55,118,-63
original_0714,odds,self_only,IFNNY,109,48,111,-63
original_0714,odds,self_only,CRDO,110,45,108,-63
original_0714,odds,self_only,ASMIY,111,52,116,-64
original_0714,odds,self_only,MYRG,112,56,122,-66
original_0714,odds,self_only,PWR,113,53,119,-66
original_0714,odds,self_only,TXN,114,51,120,-69
original_0714,odds,self_only,WDC,115,58,129,-71
original_0714,odds,self_only,ATEYY,116,55,126,-71
original_0714,odds,self_only,KLIC,117,48,122,-74
original_0714,odds,self_only,FIX,118,53,128,-75
original_0714,odds,self_only,MTRN,119,44,119,-75
original_0714,odds,self_only,BWXT,120,51,127,-76
original_0714,odds,self_only,ROG,121,43,120,-77
original_0714,odds,self_only,FORM,122,37,114,-77
original_0714,odds,self_only,ONTO,123,44,124,-80
original_0714,odds,self_only,AMD,124,45,127,-82
original_0714,odds,self_only,VRT,125,29,112,-83
original_0714,odds,self_only,ASML,126,50,134,-84
original_0714,odds,self_only,NVMI,127,50,134,-84
original_0714,odds,self_only,ANET,128,49,133,-84
original_0714,odds,self_only,MRVL,129,48,133,-85
original_0714,odds,self_only,UCTT,130,44,129,-85
original_0714,odds,self_only,ASX,131,48,134,-86
original_0714,odds,self_only,GEV,132,41,128,-87
original_0714,odds,self_only,AOSL,133,44,132,-88
original_0714,odds,self_only,SMTC,134,42,130,-88
original_0714,odds,self_only,STM,135,34,123,-89
original_0714,odds,self_only,KLAC,136,42,132,-90
original_0714,odds,self_only,AAON,137,39,130,-91
original_0714,odds,self_only,AMAT,138,44,136,-92
original_0714,odds,self_only,TER,139,40,132,-92
original_0714,odds,self_only,TOELY,140,39,133,-94
original_0714,odds,self_only,POWI,141,44,139,-95
original_0714,odds,self_only,COHU,142,28,123,-95
original_0714,odds,self_only,ACMR,143,40,136,-96
original_0714,odds,self_only,BESIY,144,46,144,-98
original_0714,odds,self_only,ICHR,145,43,142,-99
original_0714,odds,self_only,VSH,146,41,140,-99
original_0714,odds,self_only,AJNMY,147,45,145,-100
original_0714,odds,self_only,MPWR,148,40,140,-100
original_0714,odds,self_only,MTSI,149,34,135,-101
original_0714,odds,self_only,HOCPY,150,33,134,-101
original_0714,odds,self_only,LRCX,151,29,130,-101
original_0714,odds,self_only,CAT,152,39,142,-103
original_0714,odds,self_only,ASMVY,153,41,145,-104
original_0714,odds,self_only,COHR,154,36,144,-108
original_0714,odds,self_only,GLW,155,30,140,-110
original_0714,odds,self_only,LITE,156,30,141,-111
original_0714,odds,self_only,TE,157,36,148,-112
original_0714,odds,self_only,UMC,158,36,148,-112
original_0714,odds,self_only,AAOI,159,25,140,-115
original_0714,odds,self_only,IMOS,160,30,146,-116
original_0714,odds,self_only,CDNS,161,35,152,-117
original_0714,odds,self_only,TSEM,162,31,148,-117
original_0714,odds,self_only,MRAM,163,25,142,-117
original_0714,odds,self_only,CIEN,164,27,145,-118
original_0714,odds,self_only,ENPH,165,31,153,-122
original_0714,odds,self_only,MRAAY,166,31,156,-125
original_0714,odds,self_only,NBIS,167,29,154,-125
original_0714,odds,self_only,CRWV,168,27,155,-128
original_0714,odds,self_only,FLNC,169,28,157,-129
original_0714,odds,self_only,ALAB,170,21,151,-130
original_0714,odds,self_only,SITM,171,23,154,-131
original_0714,odds,self_only,VICR,172,23,159,-136
original_0714,odds,self_only,WOLF,173,25,164,-139
original_0714,odds,self_only,AXTI,174,23,163,-140
original_0714,odds,self_only,MXL,175,22,163,-141
original_0714,odds,self_only,CRWD,176,20,161,-141
original_0714,odds,self_only,BE,177,19,162,-143
original_0714,odds,self_only,TSLA,178,15,159,-144
original_0714,odds,self_only,IREN,179,21,168,-147
original_0714,odds,self_only,APLD,180,20,168,-148
original_0714,odds,self_only,AMPX,181,18,169,-151
original_0714,odds,self_only,INTC,182,16,167,-151
original_0714,odds,self_only,FCEL,183,17,169,-152
original_0714,odds,self_only,SMR,184,12,175,-163
original_0714,odds,self_only,ARM,185,11,176,-165
original_0714,odds,self_only,POET,186,8,178,-170
original_0714,odds,self_only,AEHR,187,9,180,-171
original_0714,odds,self_only,CBRS,188,9,180,-171
original_0714,odds,self_only,RKLB,189,7,181,-174
original_0714,odds,self_only,NVTS,190,4,184,-180
original_0714,odds,self_only,OKLO,191,0,182,-182
original_0714,odds,self_only,LWLG,192,1,188,-187
original_0714,odds,other_only,ADBE,1,191,0,191
original_0714,odds,other_only,PSIX,2,188,0,188
original_0714,odds,other_only,VST,3,188,0,188
original_0714,odds,other_only,NVDA,4,188,1,187
original_0714,odds,other_only,MU,5,187,0,187
original_0714,odds,other_only,META,6,188,2,186
original_0714,odds,other_only,BABA,7,187,1,186
original_0714,odds,other_only,ET,8,187,1,186
original_0714,odds,other_only,ST,9,186,1,185
original_0714,odds,other_only,ATKR,10,186,2,184
original_0714,odds,other_only,TEL,11,184,2,182
original_0714,odds,other_only,PNR,12,184,3,181
original_0714,odds,other_only,QCOM,13,182,2,180
original_0714,odds,other_only,TSM,14,182,2,180
original_0714,odds,other_only,BDC,15,182,4,178
original_0714,odds,other_only,HTHIY,16,178,0,178
original_0714,odds,other_only,PLAB,17,181,5,176
original_0714,odds,other_only,HPE,18,180,4,176
original_0714,odds,other_only,ALLE,19,180,5,175
original_0714,odds,other_only,VISN,20,179,5,174
original_0714,odds,other_only,AVGO,21,179,6,173
original_0714,odds,other_only,ENS,22,178,5,173
original_0714,odds,other_only,ORCL,23,178,5,173
original_0714,odds,other_only,MSFT,24,178,7,171
original_0714,odds,other_only,CEG,25,176,6,170
original_0714,odds,other_only,MMM,26,175,6,169
original_0714,odds,other_only,NTAP,27,174,5,169
original_0714,odds,other_only,SANM,28,176,10,166
original_0714,odds,other_only,DD,29,174,9,165
original_0714,odds,other_only,GOOGL,30,174,11,163
original_0714,odds,other_only,TMO,31,173,10,163
original_0714,odds,other_only,DOV,32,173,13,160
original_0714,odds,other_only,SNDK,33,167,10,157
original_0714,odds,other_only,DIOD,34,169,14,155
original_0714,odds,other_only,CC,35,160,6,154
original_0714,odds,other_only,VECO,36,165,12,153
original_0714,odds,other_only,DHR,37,166,14,152
original_0714,odds,other_only,MOD,38,166,16,150
original_0714,odds,other_only,FTV,39,166,17,149
original_0714,odds,other_only,JBL,40,164,16,148
original_0714,odds,other_only,GNRC,41,164,17,147
original_0714,odds,other_only,CMI,42,164,18,146
original_0714,odds,other_only,MCHP,43,161,17,144
original_0714,odds,other_only,FLEX,44,160,17,143
original_0714,odds,other_only,SMCI,45,155,12,143
original_0714,odds,other_only,HUBB,46,161,23,138
original_0714,odds,other_only,MSI,47,161,23,138
original_0714,odds,other_only,EME,48,158,21,137
original_0714,odds,other_only,DELL,49,157,21,136
original_0714,odds,other_only,DCI,50,158,24,134
original_0714,odds,other_only,ASX,51,155,21,134
original_0714,odds,other_only,AMZN,52,154,21,133
original_0714,odds,other_only,DTE,53,157,25,132
original_0714,odds,other_only,MKSI,54,155,29,126
original_0714,odds,other_only,IBM,55,152,26,126
original_0714,odds,other_only,CARR,56,152,27,125
original_0714,odds,other_only,CLS,57,148,24,124
original_0714,odds,other_only,ON,58,148,25,123
original_0714,odds,other_only,IFNNY,59,146,25,121
original_0714,odds,other_only,APH,60,147,29,118
original_0714,odds,other_only,LFUS,61,144,30,114
original_0714,odds,other_only,AEP,62,146,34,112
original_0714,odds,other_only,TDY,63,146,34,112
original_0714,odds,other_only,AEIS,64,142,32,110
original_0714,odds,other_only,NTNX,65,140,30,110
original_0714,odds,other_only,NDSN,66,141,34,107
original_0714,odds,other_only,SOMMY,67,121,14,107
original_0714,odds,other_only,ETN,68,143,37,106
original_0714,odds,other_only,KLIC,69,133,30,103
original_0714,odds,other_only,SNPS,70,143,42,101
original_0714,odds,other_only,ADI,71,132,39,93
original_0714,odds,other_only,SMTOY,72,104,11,93
original_0714,odds,other_only,ASGLY,73,100,9,91
original_0714,odds,other_only,APD,74,133,45,88
original_0714,odds,other_only,CSCO,75,129,41,88
original_0714,odds,other_only,JCI,76,128,41,87
original_0714,odds,other_only,NOK,77,129,50,79
original_0714,odds,other_only,NVT,78,125,47,78
original_0714,odds,other_only,TTDKY,79,119,42,77
original_0714,odds,other_only,ETR,80,122,46,76
original_0714,odds,other_only,KEYS,81,122,48,74
original_0714,odds,other_only,PENG,82,121,47,74
original_0714,odds,other_only,CRDO,83,124,52,72
original_0714,odds,other_only,SKHY,84,75,3,72
original_0714,odds,other_only,ENPH,85,117,48,69
original_0714,odds,other_only,P,86,116,49,67
original_0714,odds,other_only,MIELY,87,87,20,67
original_0714,odds,other_only,SHECY,88,90,25,65
original_0714,odds,other_only,LIN,89,118,55,63
original_0714,odds,other_only,ASMIY,90,112,49,63
original_0714,odds,other_only,BELFB,91,114,52,62
original_0714,odds,other_only,PH,92,114,54,60
original_0714,odds,other_only,TT,93,114,56,58
original_0714,odds,other_only,UCTT,94,112,58,54
original_0714,odds,other_only,GFS,95,111,58,53
original_0714,odds,other_only,ONTO,96,112,64,48
original_0714,odds,other_only,AMKR,97,108,61,47
original_0714,odds,other_only,SIMO,98,109,63,46
original_0714,odds,other_only,RYCEY,99,102,62,40
original_0714,odds,other_only,FN,100,99,61,38
original_0714,odds,other_only,RMBS,101,95,59,36
original_0714,odds,other_only,DKILY,102,67,31,36
original_0714,odds,other_only,UMC,103,105,70,35
original_0714,odds,other_only,ABBNY,104,99,65,34
original_0714,odds,other_only,ASML,105,105,74,31
original_0714,odds,other_only,AMAT,106,103,73,30
original_0714,odds,other_only,POWL,107,101,73,28
original_0714,odds,other_only,VSH,108,101,74,27
original_0714,odds,other_only,IESC,109,81,55,26
original_0714,odds,other_only,ECL,110,101,76,25
original_0714,odds,other_only,ACLS,111,98,73,25
original_0714,odds,other_only,CAMT,112,100,76,24
original_0714,odds,other_only,STM,113,97,73,24
original_0714,odds,other_only,AAOI,114,93,70,23
original_0714,odds,other_only,Q,115,95,77,18
original_0714,odds,other_only,ENTG,116,92,78,14
original_0714,odds,other_only,FIX,117,91,86,5
original_0714,odds,other_only,ASMVY,118,54,53,1
original_0714,odds,other_only,TER,119,89,90,-1
original_0714,odds,other_only,MICLF,120,41,42,-1
original_0714,odds,other_only,NVMI,121,84,86,-2
original_0714,odds,other_only,BWXT,122,83,87,-4
original_0714,odds,other_only,WDC,123,82,87,-5
original_0714,odds,other_only,MYRG,124,83,91,-8
original_0714,odds,other_only,CAT,125,80,90,-10
original_0714,odds,other_only,VRT,126,80,93,-13
original_0714,odds,other_only,TXN,127,74,90,-16
original_0714,odds,other_only,STX,128,72,88,-16
original_0714,odds,other_only,MRAAY,129,45,61,-16
original_0714,odds,other_only,TOELY,130,40,57,-17
original_0714,odds,other_only,SMTC,131,73,95,-22
original_0714,odds,other_only,AJNMY,132,36,59,-23
original_0714,odds,other_only,ANET,133,72,97,-25
original_0714,odds,other_only,MRVL,134,70,95,-25
original_0714,odds,other_only,ATEYY,135,39,66,-27
original_0714,odds,other_only,ROG,136,70,98,-28
original_0714,odds,other_only,DSCSY,137,35,64,-29
original_0714,odds,other_only,HOCPY,138,63,94,-31
original_0714,odds,other_only,AMD,139,67,100,-33
original_0714,odds,other_only,VIAV,140,66,101,-35
original_0714,odds,other_only,MTRN,141,65,101,-36
original_0714,odds,other_only,DLR,142,49,92,-43
original_0714,odds,other_only,LRCX,143,61,107,-46
original_0714,odds,other_only,ICHR,144,59,106,-47
original_0714,odds,other_only,AAON,145,63,114,-51
original_0714,odds,other_only,KLAC,146,60,111,-51
original_0714,odds,other_only,COHR,147,58,110,-52
original_0714,odds,other_only,PWR,148,56,119,-63
original_0714,odds,other_only,COHU,149,57,122,-65
original_0714,odds,other_only,CDNS,150,48,115,-67
original_0714,odds,other_only,TSEM,151,51,124,-73
original_0714,odds,other_only,GEV,152,48,122,-74
original_0714,odds,other_only,EQIX,153,38,114,-76
original_0714,odds,other_only,TE,154,48,130,-82
original_0714,odds,other_only,FORM,155,44,127,-83
original_0714,odds,other_only,AOSL,156,44,131,-87
original_0714,odds,other_only,MPWR,157,43,131,-88
original_0714,odds,other_only,IMOS,158,42,131,-89
original_0714,odds,other_only,POWI,159,42,135,-93
original_0714,odds,other_only,ACMR,160,40,137,-97
original_0714,odds,other_only,GLW,161,37,136,-99
original_0714,odds,other_only,LITE,162,36,136,-100
original_0714,odds,other_only,CIEN,163,37,140,-103
original_0714,odds,other_only,MTSI,164,33,136,-103
original_0714,odds,other_only,BESIY,165,14,132,-118
original_0714,odds,other_only,MXL,166,27,155,-128
original_0714,odds,other_only,FLNC,167,26,158,-132
original_0714,odds,other_only,VICR,168,22,159,-137
original_0714,odds,other_only,MRAM,169,18,164,-146
original_0714,odds,other_only,CRWV,170,15,161,-146
original_0714,odds,other_only,SITM,171,12,169,-157
original_0714,odds,other_only,INTC,172,11,170,-159
original_0714,odds,other_only,BE,173,13,174,-161
original_0714,odds,other_only,CRWD,174,13,175,-162
original_0714,odds,other_only,IREN,175,13,175,-162
original_0714,odds,other_only,AXTI,176,12,176,-164
original_0714,odds,other_only,APLD,177,11,179,-168
original_0714,odds,other_only,AMPX,178,10,181,-171
original_0714,odds,other_only,ALAB,179,8,180,-172
original_0714,odds,other_only,NBIS,180,6,182,-176
original_0714,odds,other_only,TSLA,181,6,182,-176
original_0714,odds,other_only,ARM,182,5,183,-178
original_0714,odds,other_only,AEHR,183,5,184,-179
original_0714,odds,other_only,WOLF,184,2,185,-183
original_0714,odds,other_only,CBRS,185,2,187,-185
original_0714,odds,other_only,FCEL,186,0,185,-185
original_0714,odds,other_only,NVTS,187,1,188,-187
original_0714,odds,other_only,RKLB,188,1,188,-187
original_0714,odds,other_only,POET,189,1,189,-188
original_0714,odds,other_only,SMR,190,1,189,-188
original_0714,odds,other_only,OKLO,191,0,189,-189
original_0714,odds,other_only,LWLG,192,0,190,-190
original_0714,odds,agreement_only,ADBE,1,179,0,179
original_0714,odds,agreement_only,ST,2,164,0,164
original_0714,odds,agreement_only,PNR,3,164,2,162
original_0714,odds,agreement_only,BABA,4,162,1,161
original_0714,odds,agreement_only,PSIX,5,153,0,153
original_0714,odds,agreement_only,ORCL,6,154,4,150
original_0714,odds,agreement_only,ET,7,150,1,149
original_0714,odds,agreement_only,VST,8,149,0,149
original_0714,odds,agreement_only,QCOM,9,150,2,148
original_0714,odds,agreement_only,ENS,10,146,5,141
original_0714,odds,agreement_only,TEL,11,139,2,137
original_0714,odds,agreement_only,TSM,12,136,1,135
original_0714,odds,agreement_only,HPE,13,131,4,127
original_0714,odds,agreement_only,META,14,125,2,123
original_0714,odds,agreement_only,DD,15,131,9,122
original_0714,odds,agreement_only,BDC,16,123,1,122
original_0714,odds,agreement_only,VISN,17,121,0,121
original_0714,odds,agreement_only,ALLE,18,125,5,120
original_0714,odds,agreement_only,ATKR,19,120,2,118
original_0714,odds,agreement_only,MSFT,20,124,7,117
original_0714,odds,agreement_only,TMO,21,125,10,115
original_0714,odds,agreement_only,SMCI,22,118,5,113
original_0714,odds,agreement_only,DOV,23,124,13,111
original_0714,odds,agreement_only,NTAP,24,114,5,109
original_0714,odds,agreement_only,JBL,25,124,16,108
original_0714,odds,agreement_only,MMM,26,114,6,108
original_0714,odds,agreement_only,MU,27,105,0,105
original_0714,odds,agreement_only,DCI,28,125,22,103
original_0714,odds,agreement_only,DHR,29,117,14,103
original_0714,odds,agreement_only,IBM,30,124,22,102
original_0714,odds,agreement_only,AVGO,31,106,5,101
original_0714,odds,agreement_only,HTHIY,32,101,0,101
original_0714,odds,agreement_only,GOOGL,33,111,11,100
original_0714,odds,agreement_only,CC,34,102,4,98
original_0714,odds,agreement_only,HUBB,35,113,18,95
original_0714,odds,agreement_only,CEG,36,101,6,95
original_0714,odds,agreement_only,DELL,37,112,19,93
original_0714,odds,agreement_only,PLAB,38,98,5,93
original_0714,odds,agreement_only,MCHP,39,96,15,81
original_0714,odds,agreement_only,SOMMY,40,92,11,81
original_0714,odds,agreement_only,DTE,41,99,21,78
original_0714,odds,agreement_only,MSI,42,99,21,78
original_0714,odds,agreement_only,EME,43,97,19,78
original_0714,odds,agreement_only,MKSI,44,103,28,75
original_0714,odds,agreement_only,FTV,45,91,16,75
original_0714,odds,agreement_only,SANM,46,82,9,73
original_0714,odds,agreement_only,SNDK,47,81,10,71
original_0714,odds,agreement_only,AEP,48,99,30,69
original_0714,odds,agreement_only,LFUS,49,96,29,67
original_0714,odds,agreement_only,NTNX,50,92,25,67
original_0714,odds,agreement_only,CMI,51,83,16,67
original_0714,odds,agreement_only,TDY,52,99,33,66
original_0714,odds,agreement_only,NDSN,53,98,33,65
original_0714,odds,agreement_only,DIOD,54,77,12,65
original_0714,odds,agreement_only,SMTOY,55,74,10,64
original_0714,odds,agreement_only,CARR,56,89,26,63
original_0714,odds,agreement_only,ASGLY,57,72,9,63
original_0714,odds,agreement_only,APH,58,89,29,60
original_0714,odds,agreement_only,VECO,59,70,10,60
original_0714,odds,agreement_only,JCI,60,97,38,59
original_0714,odds,agreement_only,MOD,61,72,13,59
original_0714,odds,agreement_only,CLS,62,78,21,57
original_0714,odds,agreement_only,GNRC,63,72,15,57
original_0714,odds,agreement_only,MIELY,64,72,15,57
original_0714,odds,agreement_only,FLEX,65,71,14,57
original_0714,odds,agreement_only,ETR,66,95,43,52
original_0714,odds,agreement_only,SKHY,67,52,2,50
original_0714,odds,agreement_only,AMZN,68,68,21,47
original_0714,odds,agreement_only,NVDA,69,48,1,47
original_0714,odds,agreement_only,ETN,70,80,34,46
original_0714,odds,agreement_only,TTDKY,71,83,38,45
original_0714,odds,agreement_only,ADI,72,82,38,44
original_0714,odds,agreement_only,APD,73,83,41,42
original_0714,odds,agreement_only,P,74,81,40,41
original_0714,odds,agreement_only,ON,75,62,23,39
original_0714,odds,agreement_only,NOK,76,85,48,37
original_0714,odds,agreement_only,NVT,77,80,43,37
original_0714,odds,agreement_only,PENG,78,79,43,36
original_0714,odds,agreement_only,AEIS,79,67,31,36
original_0714,odds,agreement_only,KEYS,80,80,45,35
original_0714,odds,agreement_only,SNPS,81,71,37,34
original_0714,odds,agreement_only,DKILY,82,53,23,30
original_0714,odds,agreement_only,SHECY,83,52,24,28
original_0714,odds,agreement_only,ASX,84,47,21,26
original_0714,odds,agreement_only,IFNNY,85,46,22,24
original_0714,odds,agreement_only,LIN,86,75,52,23
original_0714,odds,agreement_only,IESC,87,64,41,23
original_0714,odds,agreement_only,BELFB,88,66,47,19
original_0714,odds,agreement_only,KLIC,89,45,26,19
original_0714,odds,agreement_only,AMKR,90,69,55,14
original_0714,odds,agreement_only,CSCO,91,47,34,13
original_0714,odds,agreement_only,TT,92,59,49,10
original_0714,odds,agreement_only,RMBS,93,60,51,9
original_0714,odds,agreement_only,ASMIY,94,48,42,6
original_0714,odds,agreement_only,GFS,95,58,54,4
original_0714,odds,agreement_only,PH,96,57,53,4
original_0714,odds,agreement_only,ABBNY,97,63,60,3
original_0714,odds,agreement_only,ACLS,98,68,69,-1
original_0714,odds,agreement_only,RYCEY,99,56,59,-3
original_0714,odds,agreement_only,SIMO,100,50,54,-4
original_0714,odds,agreement_only,MICLF,101,32,36,-4
original_0714,odds,agreement_only,CAMT,102,65,70,-5
original_0714,odds,agreement_only,CRDO,103,36,42,-6
original_0714,odds,agreement_only,UCTT,104,43,52,-9
original_0714,odds,agreement_only,FN,105,45,55,-10
original_0714,odds,agreement_only,ECL,106,52,67,-15
original_0714,odds,agreement_only,ONTO,107,44,59,-15
original_0714,odds,agreement_only,POWL,108,49,66,-17
original_0714,odds,agreement_only,DSCSY,109,25,42,-17
original_0714,odds,agreement_only,ENPH,110,27,46,-19
original_0714,odds,agreement_only,ASMVY,111,25,48,-23
original_0714,odds,agreement_only,TOELY,112,27,51,-24
original_0714,odds,agreement_only,ASML,113,46,71,-25
original_0714,odds,agreement_only,DLR,114,32,58,-26
original_0714,odds,agreement_only,Q,115,43,70,-27
original_0714,odds,agreement_only,AMAT,116,43,71,-28
original_0714,odds,agreement_only,AJNMY,117,26,56,-30
original_0714,odds,agreement_only,WDC,118,43,74,-31
original_0714,odds,agreement_only,STM,119,32,63,-31
original_0714,odds,agreement_only,ATEYY,120,28,59,-31
original_0714,odds,agreement_only,VSH,121,40,72,-32
original_0714,odds,agreement_only,MYRG,122,51,84,-33
original_0714,odds,agreement_only,ENTG,123,34,67,-33
original_0714,odds,agreement_only,FIX,124,47,81,-34
original_0714,odds,agreement_only,STX,125,47,81,-34
original_0714,odds,agreement_only,UMC,126,33,67,-34
original_0714,odds,agreement_only,BWXT,127,46,82,-36
original_0714,odds,agreement_only,MRAAY,128,23,59,-36
original_0714,odds,agreement_only,NVMI,129,43,82,-39
original_0714,odds,agreement_only,VIAV,130,40,80,-40
original_0714,odds,agreement_only,AAOI,131,23,63,-40
original_0714,odds,agreement_only,TXN,132,44,85,-41
original_0714,odds,agreement_only,EQIX,133,31,73,-42
original_0714,odds,agreement_only,ROG,134,38,83,-45
original_0714,odds,agreement_only,MRVL,135,40,89,-49
original_0714,odds,agreement_only,CAT,136,38,87,-49
original_0714,odds,agreement_only,MTRN,137,38,87,-49
original_0714,odds,agreement_only,TER,138,38,87,-49
original_0714,odds,agreement_only,AMD,139,37,87,-50
original_0714,odds,agreement_only,SMTC,140,36,86,-50
original_0714,odds,agreement_only,ANET,141,41,92,-51
original_0714,odds,agreement_only,VRT,142,26,80,-54
original_0714,odds,agreement_only,HOCPY,143,30,86,-56
original_0714,odds,agreement_only,LRCX,144,26,87,-61
original_0714,odds,agreement_only,PWR,145,40,102,-62
original_0714,odds,agreement_only,ICHR,146,36,98,-62
original_0714,odds,agreement_only,KLAC,147,36,99,-63
original_0714,odds,agreement_only,AAON,148,36,105,-69
original_0714,odds,agreement_only,FORM,149,32,102,-70
original_0714,odds,agreement_only,COHR,150,32,107,-75
original_0714,odds,agreement_only,GEV,151,32,107,-75
original_0714,odds,agreement_only,COHU,152,23,99,-76
original_0714,odds,agreement_only,CDNS,153,29,109,-80
original_0714,odds,agreement_only,AOSL,154,27,107,-80
original_0714,odds,agreement_only,TSEM,155,26,112,-86
original_0714,odds,agreement_only,MPWR,156,28,116,-88
original_0714,odds,agreement_only,POWI,157,31,120,-89
original_0714,odds,agreement_only,IMOS,158,22,112,-90
original_0714,odds,agreement_only,GLW,159,26,117,-91
original_0714,odds,agreement_only,ACMR,160,28,120,-92
original_0714,odds,agreement_only,TE,161,23,115,-92
original_0714,odds,agreement_only,BESIY,162,11,105,-94
original_0714,odds,agreement_only,MTSI,163,22,117,-95
original_0714,odds,agreement_only,LITE,164,23,119,-96
original_0714,odds,agreement_only,CIEN,165,22,124,-102
original_0714,odds,agreement_only,MRAM,166,16,138,-122
original_0714,odds,agreement_only,FLNC,167,21,148,-127
original_0714,odds,agreement_only,VICR,168,17,145,-128
original_0714,odds,agreement_only,MXL,169,19,150,-131
original_0714,odds,agreement_only,CRWV,170,15,146,-131
original_0714,odds,agreement_only,SITM,171,12,149,-137
original_0714,odds,agreement_only,ALAB,172,8,150,-142
original_0714,odds,agreement_only,CRWD,173,12,160,-148
original_0714,odds,agreement_only,NBIS,174,5,153,-148
original_0714,odds,agreement_only,BE,175,11,160,-149
original_0714,odds,agreement_only,AXTI,176,11,161,-150
original_0714,odds,agreement_only,INTC,177,9,161,-152
original_0714,odds,agreement_only,TSLA,178,6,158,-152
original_0714,odds,agreement_only,IREN,179,10,164,-154
original_0714,odds,agreement_only,APLD,180,10,167,-157
original_0714,odds,agreement_only,AMPX,181,10,169,-159
original_0714,odds,agreement_only,WOLF,182,2,163,-161
original_0714,odds,agreement_only,FCEL,183,0,168,-168
original_0714,odds,agreement_only,ARM,184,4,176,-172
original_0714,odds,agreement_only,SMR,185,1,175,-174
original_0714,odds,agreement_only,AEHR,186,4,179,-175
original_0714,odds,agreement_only,CBRS,187,2,179,-177
original_0714,odds,agreement_only,POET,188,1,178,-177
original_0714,odds,agreement_only,RKLB,189,1,181,-180
original_0714,odds,agreement_only,OKLO,190,0,180,-180
original_0714,odds,agreement_only,NVTS,191,1,183,-182
original_0714,odds,agreement_only,LWLG,192,0,188,-188
original_0714,odds,high_only,ADBE,1,316,0,316
original_0714,odds,high_only,META,2,223,9,214
original_0714,odds,high_only,TSM,3,211,3,208
original_0714,odds,high_only,PNR,4,207,3,204
original_0714,odds,high_only,ET,5,199,1,198
original_0714,odds,high_only,TEL,6,195,0,195
original_0714,odds,high_only,ALLE,7,194,9,185
original_0714,odds,high_only,ORCL,8,178,1,177
original_0714,odds,high_only,MSFT,9,187,11,176
original_0714,odds,high_only,VST,10,177,1,176
original_0714,odds,high_only,MU,11,180,9,171
original_0714,odds,high_only,GOOGL,12,187,20,167
original_0714,odds,high_only,QCOM,13,163,0,163
original_0714,odds,high_only,ENS,14,163,1,162
original_0714,odds,high_only,PSIX,15,162,0,162
original_0714,odds,high_only,NTAP,16,172,14,158
original_0714,odds,high_only,NVDA,17,157,0,157
original_0714,odds,high_only,ST,18,155,0,155
original_0714,odds,high_only,MMM,19,173,19,154
original_0714,odds,high_only,PLAB,20,173,22,151
original_0714,odds,high_only,ATKR,21,161,12,149
original_0714,odds,high_only,AVGO,22,159,12,147
original_0714,odds,high_only,DOV,23,149,7,142
original_0714,odds,high_only,TMO,24,156,15,141
original_0714,odds,high_only,BABA,25,134,1,133
original_0714,odds,high_only,DD,26,155,23,132
original_0714,odds,high_only,HPE,27,127,4,123
original_0714,odds,high_only,BDC,28,122,0,122
original_0714,odds,high_only,SANM,29,108,2,106
original_0714,odds,high_only,CMI,30,118,21,97
original_0714,odds,high_only,HTHIY,31,115,21,94
original_0714,odds,high_only,CEG,32,100,8,92
original_0714,odds,high_only,VISN,33,92,4,88
original_0714,odds,high_only,FTV,34,110,25,85
original_0714,odds,high_only,SNDK,35,86,1,85
original_0714,odds,high_only,JBL,36,93,9,84
original_0714,odds,high_only,MKSI,37,108,29,79
original_0714,odds,high_only,EME,38,99,20,79
original_0714,odds,high_only,MCHP,39,104,26,78
original_0714,odds,high_only,DELL,40,84,7,77
original_0714,odds,high_only,DTE,41,104,30,74
original_0714,odds,high_only,FLEX,42,100,26,74
original_0714,odds,high_only,HUBB,43,92,20,72
original_0714,odds,high_only,DHR,44,83,12,71
original_0714,odds,high_only,DCI,45,75,5,70
original_0714,odds,high_only,DIOD,46,97,32,65
original_0714,odds,high_only,IBM,47,75,10,65
original_0714,odds,high_only,JCI,48,91,29,62
original_0714,odds,high_only,CLS,49,81,24,57
original_0714,odds,high_only,MSI,50,70,14,56
original_0714,odds,high_only,VECO,51,79,29,50
original_0714,odds,high_only,NOK,52,65,15,50
original_0714,odds,high_only,ASGLY,53,64,15,49
original_0714,odds,high_only,LFUS,54,81,34,47
original_0714,odds,high_only,GNRC,55,78,31,47
original_0714,odds,high_only,CC,56,60,13,47
original_0714,odds,high_only,SMCI,57,55,8,47
original_0714,odds,high_only,NDSN,58,71,25,46
original_0714,odds,high_only,AMZN,59,46,1,45
original_0714,odds,high_only,CARR,60,60,16,44
original_0714,odds,high_only,MOD,61,74,31,43
original_0714,odds,high_only,APH,62,55,12,43
original_0714,odds,high_only,AEP,63,53,12,41
original_0714,odds,high_only,KLIC,64,54,14,40
original_0714,odds,high_only,ETN,65,50,10,40
original_0714,odds,high_only,ON,66,69,30,39
original_0714,odds,high_only,SKHY,67,47,10,37
original_0714,odds,high_only,TDY,68,71,35,36
original_0714,odds,high_only,MIELY,69,59,24,35
original_0714,odds,high_only,KEYS,70,65,35,30
original_0714,odds,high_only,P,71,77,48,29
original_0714,odds,high_only,IFNNY,72,68,39,29
original_0714,odds,high_only,NVT,73,46,17,29
original_0714,odds,high_only,ADI,74,66,38,28
original_0714,odds,high_only,APD,75,65,37,28
original_0714,odds,high_only,LIN,76,61,35,26
original_0714,odds,high_only,BELFB,77,52,26,26
original_0714,odds,high_only,NTNX,78,43,17,26
original_0714,odds,high_only,SMTOY,79,64,39,25
original_0714,odds,high_only,CSCO,80,58,38,20
original_0714,odds,high_only,SHECY,81,33,13,20
original_0714,odds,high_only,PH,82,54,35,19
original_0714,odds,high_only,AEIS,83,57,40,17
original_0714,odds,high_only,ETR,84,54,37,17
original_0714,odds,high_only,ACLS,85,27,11,16
original_0714,odds,high_only,AMKR,86,27,11,16
original_0714,odds,high_only,SNPS,87,47,32,15
original_0714,odds,high_only,TTDKY,88,36,21,15
original_0714,odds,high_only,ASX,89,67,53,14
original_0714,odds,high_only,ASML,90,35,22,13
original_0714,odds,high_only,PENG,91,38,27,11
original_0714,odds,high_only,SOMMY,92,17,8,9
original_0714,odds,high_only,IESC,93,38,30,8
original_0714,odds,high_only,RMBS,94,49,43,6
original_0714,odds,high_only,ONTO,95,28,24,4
original_0714,odds,high_only,DKILY,96,30,27,3
original_0714,odds,high_only,STM,97,34,32,2
original_0714,odds,high_only,UMC,98,50,49,1
original_0714,odds,high_only,CAMT,99,25,25,0
original_0714,odds,high_only,POWL,100,51,55,-4
original_0714,odds,high_only,ABBNY,101,40,46,-6
original_0714,odds,high_only,TT,102,40,46,-6
original_0714,odds,high_only,DLR,103,28,35,-7
original_0714,odds,high_only,RYCEY,104,22,29,-7
original_0714,odds,high_only,SIMO,105,43,51,-8
original_0714,odds,high_only,NVMI,106,15,24,-9
original_0714,odds,high_only,ASMIY,107,32,43,-11
original_0714,odds,high_only,TER,108,29,42,-13
original_0714,odds,high_only,ENPH,109,26,39,-13
original_0714,odds,high_only,ENTG,110,17,30,-13
original_0714,odds,high_only,UCTT,111,40,55,-15
original_0714,odds,high_only,FIX,112,26,41,-15
original_0714,odds,high_only,AMAT,113,49,65,-16
original_0714,odds,high_only,SMTC,114,14,31,-17
original_0714,odds,high_only,DSCSY,115,22,40,-18
original_0714,odds,high_only,ANET,116,21,39,-18
original_0714,odds,high_only,WDC,117,16,34,-18
original_0714,odds,high_only,VSH,118,41,60,-19
original_0714,odds,high_only,GFS,119,36,55,-19
original_0714,odds,high_only,ECL,120,31,50,-19
original_0714,odds,high_only,CRDO,121,33,56,-23
original_0714,odds,high_only,FN,122,20,43,-23
original_0714,odds,high_only,LRCX,123,22,46,-24
original_0714,odds,high_only,VRT,124,13,37,-24
original_0714,odds,high_only,EQIX,125,25,50,-25
original_0714,odds,high_only,Q,126,15,40,-25
original_0714,odds,high_only,HOCPY,127,8,33,-25
original_0714,odds,high_only,MICLF,128,25,52,-27
original_0714,odds,high_only,MYRG,129,31,60,-29
original_0714,odds,high_only,ASMVY,130,21,50,-29
original_0714,odds,high_only,ATEYY,131,15,44,-29
original_0714,odds,high_only,CAT,132,28,59,-31
original_0714,odds,high_only,VIAV,133,27,58,-31
original_0714,odds,high_only,STX,134,40,73,-33
original_0714,odds,high_only,MTRN,135,25,59,-34
original_0714,odds,high_only,AJNMY,136,23,57,-34
original_0714,odds,high_only,TXN,137,33,70,-37
original_0714,odds,high_only,KLAC,138,31,72,-41
original_0714,odds,high_only,POWI,139,28,70,-42
original_0714,odds,high_only,ROG,140,25,67,-42
original_0714,odds,high_only,COHU,141,12,55,-43
original_0714,odds,high_only,TE,142,15,62,-47
original_0714,odds,high_only,IMOS,143,22,71,-49
original_0714,odds,high_only,TOELY,144,14,65,-51
original_0714,odds,high_only,BWXT,145,27,80,-53
original_0714,odds,high_only,CDNS,146,17,70,-53
original_0714,odds,high_only,MTSI,147,10,64,-54
original_0714,odds,high_only,PWR,148,1,55,-54
original_0714,odds,high_only,FORM,149,17,72,-55
original_0714,odds,high_only,AMD,150,32,90,-58
original_0714,odds,high_only,GEV,151,18,78,-60
original_0714,odds,high_only,MRAAY,152,24,85,-61
original_0714,odds,high_only,ICHR,153,18,79,-61
original_0714,odds,high_only,COHR,154,16,78,-62
original_0714,odds,high_only,MRVL,155,28,92,-64
original_0714,odds,high_only,AOSL,156,25,92,-67
original_0714,odds,high_only,TSEM,157,23,93,-70
original_0714,odds,high_only,AAOI,158,11,83,-72
original_0714,odds,high_only,ACMR,159,22,95,-73
original_0714,odds,high_only,MPWR,160,26,116,-90
original_0714,odds,high_only,AAON,161,5,100,-95
original_0714,odds,high_only,GLW,162,26,122,-96
original_0714,odds,high_only,LITE,163,18,127,-109
original_0714,odds,high_only,BESIY,164,20,140,-120
original_0714,odds,high_only,VICR,165,14,136,-122
original_0714,odds,high_only,FLNC,166,12,137,-125
original_0714,odds,high_only,CRWV,167,15,147,-132
original_0714,odds,high_only,BE,168,9,147,-138
original_0714,odds,high_only,CIEN,169,22,163,-141
original_0714,odds,high_only,SITM,170,17,168,-151
original_0714,odds,high_only,IREN,171,6,159,-153
original_0714,odds,high_only,MXL,172,11,166,-155
original_0714,odds,high_only,MRAM,173,15,171,-156
original_0714,odds,high_only,OKLO,174,0,169,-169
original_0714,odds,high_only,NBIS,175,12,186,-174
original_0714,odds,high_only,INTC,176,7,184,-177
original_0714,odds,high_only,AMPX,177,6,183,-177
original_0714,odds,high_only,AEHR,178,7,192,-185
original_0714,odds,high_only,AXTI,179,8,197,-189
original_0714,odds,high_only,APLD,180,0,189,-189
original_0714,odds,high_only,CRWD,181,13,214,-201
original_0714,odds,high_only,FCEL,182,4,207,-203
original_0714,odds,high_only,POET,183,1,204,-203
original_0714,odds,high_only,WOLF,184,7,213,-206
original_0714,odds,high_only,SMR,185,0,219,-219
original_0714,odds,high_only,TSLA,186,8,232,-224
original_0714,odds,high_only,ALAB,187,18,250,-232
original_0714,odds,high_only,CBRS,188,6,238,-232
original_0714,odds,high_only,ARM,189,7,249,-242
original_0714,odds,high_only,NVTS,190,4,250,-246
original_0714,odds,high_only,RKLB,191,5,268,-263
original_0714,odds,high_only,LWLG,192,0,276,-276
original_0714,odds,strength_weighted,ADBE,1,370,2,710
original_0714,odds,strength_weighted,ST,2,350,7,632
original_0714,odds,strength_weighted,PSIX,3,341,17,605
original_0714,odds,strength_weighted,ET,4,337,25,597
original_0714,odds,strength_weighted,QCOM,5,333,18,592
original_0714,odds,strength_weighted,VST,6,338,24,588
original_0714,odds,strength_weighted,ORCL,7,334,20,582
original_0714,odds,strength_weighted,PNR,8,348,21,576
original_0714,odds,strength_weighted,TEL,9,323,30,547
original_0714,odds,strength_weighted,BDC,10,305,16,528
original_0714,odds,strength_weighted,BABA,11,349,24,523
original_0714,odds,strength_weighted,ENS,12,324,42,521
original_0714,odds,strength_weighted,META,13,313,39,506
original_0714,odds,strength_weighted,TSM,14,318,47,501
original_0714,odds,strength_weighted,VISN,15,305,38,496
original_0714,odds,strength_weighted,MU,16,292,51,475
original_0714,odds,strength_weighted,HPE,17,313,50,469
original_0714,odds,strength_weighted,ATKR,18,306,52,469
original_0714,odds,strength_weighted,ALLE,19,305,61,458
original_0714,odds,strength_weighted,MMM,20,289,53,454
original_0714,odds,strength_weighted,DD,21,305,63,446
original_0714,odds,strength_weighted,MSFT,22,302,54,446
original_0714,odds,strength_weighted,TMO,23,300,64,428
original_0714,odds,strength_weighted,NTAP,24,289,61,424
original_0714,odds,strength_weighted,DOV,25,297,53,423
original_0714,odds,strength_weighted,SMCI,26,292,42,417
original_0714,odds,strength_weighted,AVGO,27,287,59,413
original_0714,odds,strength_weighted,NVDA,28,236,13,405
original_0714,odds,strength_weighted,HTHIY,29,283,72,400
original_0714,odds,strength_weighted,GOOGL,30,286,82,395
original_0714,odds,strength_weighted,PLAB,31,279,93,395
original_0714,odds,strength_weighted,CEG,32,278,47,387
original_0714,odds,strength_weighted,CC,33,272,60,384
original_0714,odds,strength_weighted,SANM,34,258,53,383
original_0714,odds,strength_weighted,JBL,35,289,65,364
original_0714,odds,strength_weighted,DCI,36,285,83,350
original_0714,odds,strength_weighted,IBM,37,282,71,345
original_0714,odds,strength_weighted,DELL,38,270,77,341
original_0714,odds,strength_weighted,HUBB,39,276,82,323
original_0714,odds,strength_weighted,DHR,40,285,79,318
original_0714,odds,strength_weighted,FTV,41,257,83,315
original_0714,odds,strength_weighted,MSI,42,263,71,310
original_0714,odds,strength_weighted,MKSI,43,260,94,306
original_0714,odds,strength_weighted,EME,44,255,87,298
original_0714,odds,strength_weighted,DIOD,45,246,82,296
original_0714,odds,strength_weighted,SNDK,46,250,101,294
original_0714,odds,strength_weighted,MCHP,47,257,88,291
original_0714,odds,strength_weighted,DTE,48,257,93,285
original_0714,odds,strength_weighted,CMI,49,248,99,280
original_0714,odds,strength_weighted,FLEX,50,233,82,273
original_0714,odds,strength_weighted,VECO,51,238,102,251
original_0714,odds,strength_weighted,LFUS,52,242,96,247
original_0714,odds,strength_weighted,NDSN,53,241,110,242
original_0714,odds,strength_weighted,MOD,54,239,104,237
original_0714,odds,strength_weighted,NTNX,55,237,74,235
original_0714,odds,strength_weighted,ASGLY,56,214,75,235
original_0714,odds,strength_weighted,GNRC,57,237,113,220
original_0714,odds,strength_weighted,MIELY,58,210,75,220
original_0714,odds,strength_weighted,AEP,59,246,105,214
original_0714,odds,strength_weighted,SOMMY,60,240,78,213
original_0714,odds,strength_weighted,JCI,61,228,117,212
original_0714,odds,strength_weighted,CLS,62,228,107,208
original_0714,odds,strength_weighted,TDY,63,246,119,205
original_0714,odds,strength_weighted,CARR,64,243,127,202
original_0714,odds,strength_weighted,SKHY,65,196,64,199
original_0714,odds,strength_weighted,APH,66,237,118,194
original_0714,odds,strength_weighted,SMTOY,67,208,89,186
original_0714,odds,strength_weighted,AMZN,68,222,121,181
original_0714,odds,strength_weighted,ETN,69,224,115,168
original_0714,odds,strength_weighted,ETR,70,225,127,163
original_0714,odds,strength_weighted,APD,71,220,119,162
original_0714,odds,strength_weighted,ON,72,211,118,162
original_0714,odds,strength_weighted,SNPS,73,215,118,152
original_0714,odds,strength_weighted,P,74,207,120,148
original_0714,odds,strength_weighted,NOK,75,217,140,139
original_0714,odds,strength_weighted,ADI,76,215,123,135
original_0714,odds,strength_weighted,NVT,77,209,138,135
original_0714,odds,strength_weighted,TTDKY,78,209,124,132
original_0714,odds,strength_weighted,AEIS,79,210,141,127
original_0714,odds,strength_weighted,KEYS,80,203,131,125
original_0714,odds,strength_weighted,PENG,81,206,130,117
original_0714,odds,strength_weighted,CSCO,82,177,122,99
original_0714,odds,strength_weighted,IFNNY,83,194,136,91
original_0714,odds,strength_weighted,KLIC,84,181,152,87
original_0714,odds,strength_weighted,IESC,85,177,136,76
original_0714,odds,strength_weighted,BELFB,86,181,142,73
original_0714,odds,strength_weighted,LIN,87,195,157,70
original_0714,odds,strength_weighted,ASX,88,203,155,67
original_0714,odds,strength_weighted,RMBS,89,170,138,66
original_0714,odds,strength_weighted,GFS,90,171,157,60
original_0714,odds,strength_weighted,SHECY,91,161,126,58
original_0714,odds,strength_weighted,DKILY,92,156,116,57
original_0714,odds,strength_weighted,TT,93,175,143,51
original_0714,odds,strength_weighted,PH,94,174,152,49
original_0714,odds,strength_weighted,AMKR,95,180,165,21
original_0714,odds,strength_weighted,ACLS,96,171,179,16
original_0714,odds,strength_weighted,ABBNY,97,167,167,15
original_0714,odds,strength_weighted,CRDO,98,169,160,7
original_0714,odds,strength_weighted,ASMIY,99,164,165,-8
original_0714,odds,strength_weighted,FN,100,147,159,-15
original_0714,odds,strength_weighted,SIMO,101,163,170,-23
original_0714,odds,strength_weighted,CAMT,102,167,179,-28
original_0714,odds,strength_weighted,POWL,103,153,182,-37
original_0714,odds,strength_weighted,RYCEY,104,160,178,-41
original_0714,odds,strength_weighted,ONTO,105,156,188,-42
original_0714,odds,strength_weighted,Q,106,141,174,-45
original_0714,odds,strength_weighted,UCTT,107,156,187,-46
original_0714,odds,strength_weighted,ENPH,108,148,201,-62
original_0714,odds,strength_weighted,ENTG,109,130,176,-72
original_0714,odds,strength_weighted,ASML,110,155,208,-89
original_0714,odds,strength_weighted,ECL,111,156,194,-90
original_0714,odds,strength_weighted,STM,112,131,196,-90
original_0714,odds,strength_weighted,DLR,113,113,184,-92
original_0714,odds,strength_weighted,MICLF,114,100,157,-101
original_0714,odds,strength_weighted,UMC,115,141,218,-111
original_0714,odds,strength_weighted,VSH,116,142,214,-112
original_0714,odds,strength_weighted,DSCSY,117,85,153,-113
original_0714,odds,strength_weighted,AMAT,118,147,209,-115
original_0714,odds,strength_weighted,WDC,119,140,216,-134
original_0714,odds,strength_weighted,MYRG,120,139,213,-134
original_0714,odds,strength_weighted,FIX,121,144,214,-135
original_0714,odds,strength_weighted,STX,122,134,208,-141
original_0714,odds,strength_weighted,EQIX,123,112,207,-143
original_0714,odds,strength_weighted,BWXT,124,134,214,-147
original_0714,odds,strength_weighted,VRT,125,109,205,-147
original_0714,odds,strength_weighted,VIAV,126,118,207,-148
original_0714,odds,strength_weighted,TXN,127,125,210,-150
original_0714,odds,strength_weighted,TOELY,128,79,190,-154
original_0714,odds,strength_weighted,ANET,129,121,230,-156
original_0714,odds,strength_weighted,NVMI,130,134,220,-157
original_0714,odds,strength_weighted,SMTC,131,115,225,-157
original_0714,odds,strength_weighted,TER,132,129,222,-161
original_0714,odds,strength_weighted,ATEYY,133,94,192,-169
original_0714,odds,strength_weighted,AAOI,134,118,210,-170
original_0714,odds,strength_weighted,CAT,135,119,232,-173
original_0714,odds,strength_weighted,ASMVY,136,95,198,-179
original_0714,odds,strength_weighted,ROG,137,113,218,-186
original_0714,odds,strength_weighted,HOCPY,138,96,228,-190
original_0714,odds,strength_weighted,MTRN,139,109,220,-197
original_0714,odds,strength_weighted,AMD,140,112,227,-198
original_0714,odds,strength_weighted,AJNMY,141,81,204,-201
original_0714,odds,strength_weighted,PWR,142,109,238,-208
original_0714,odds,strength_weighted,MRVL,143,118,228,-214
original_0714,odds,strength_weighted,LRCX,144,90,237,-221
original_0714,odds,strength_weighted,GEV,145,89,250,-229
original_0714,odds,strength_weighted,KLAC,146,102,243,-230
original_0714,odds,strength_weighted,COHU,147,85,245,-232
original_0714,odds,strength_weighted,FORM,148,81,241,-234
original_0714,odds,strength_weighted,ICHR,149,102,248,-239
original_0714,odds,strength_weighted,MRAAY,150,76,217,-257
original_0714,odds,strength_weighted,AAON,151,102,244,-266
original_0714,odds,strength_weighted,COHR,152,94,254,-284
original_0714,odds,strength_weighted,AOSL,153,88,263,-299
original_0714,odds,strength_weighted,ACMR,154,80,273,-309
original_0714,odds,strength_weighted,POWI,155,86,274,-318
original_0714,odds,strength_weighted,TSEM,156,82,272,-320
original_0714,odds,strength_weighted,CDNS,157,83,267,-322
original_0714,odds,strength_weighted,IMOS,158,72,277,-336
original_0714,odds,strength_weighted,MPWR,159,83,271,-339
original_0714,odds,strength_weighted,MTSI,160,67,271,-350
original_0714,odds,strength_weighted,TE,161,84,278,-354
original_0714,odds,strength_weighted,GLW,162,67,276,-367
original_0714,odds,strength_weighted,LITE,163,66,277,-373
original_0714,odds,strength_weighted,BESIY,164,60,276,-375
original_0714,odds,strength_weighted,CIEN,165,64,285,-404
original_0714,odds,strength_weighted,FLNC,166,54,315,-465
original_0714,odds,strength_weighted,MRAM,167,43,306,-477
original_0714,odds,strength_weighted,CRWV,168,42,316,-487
original_0714,odds,strength_weighted,MXL,169,49,318,-491
original_0714,odds,strength_weighted,VICR,170,45,318,-502
original_0714,odds,strength_weighted,SITM,171,35,323,-528
original_0714,odds,strength_weighted,BE,172,32,336,-554
original_0714,odds,strength_weighted,INTC,173,27,337,-562
original_0714,odds,strength_weighted,NBIS,174,35,336,-565
original_0714,odds,strength_weighted,CRWD,175,33,336,-573
original_0714,odds,strength_weighted,IREN,176,34,343,-576
original_0714,odds,strength_weighted,AXTI,177,35,339,-586
original_0714,odds,strength_weighted,APLD,178,31,347,-586
original_0714,odds,strength_weighted,ALAB,179,29,331,-588
original_0714,odds,strength_weighted,WOLF,180,27,349,-591
original_0714,odds,strength_weighted,AMPX,181,28,350,-596
original_0714,odds,strength_weighted,TSLA,182,21,341,-622
original_0714,odds,strength_weighted,OKLO,183,0,371,-632
original_0714,odds,strength_weighted,FCEL,184,17,354,-635
original_0714,odds,strength_weighted,AEHR,185,14,364,-658
original_0714,odds,strength_weighted,ARM,186,16,359,-662
original_0714,odds,strength_weighted,SMR,187,13,364,-675
original_0714,odds,strength_weighted,POET,188,9,367,-698
original_0714,odds,strength_weighted,CBRS,189,11,367,-699
original_0714,odds,strength_weighted,RKLB,190,8,369,-704
original_0714,odds,strength_weighted,NVTS,191,5,372,-706
original_0714,odds,strength_weighted,LWLG,192,1,378,-736
original_0714,defense,both,LIN,1,354,4,350
original_0714,defense,both,HOCPY,2,354,6,348
original_0714,defense,both,MSFT,3,349,1,348
original_0714,defense,both,DOV,4,348,13,335
original_0714,defense,both,DHR,5,349,16,333
original_0714,defense,both,PNR,6,340,12,328
original_0714,defense,both,SHECY,7,336,11,325
original_0714,defense,both,ADBE,8,330,12,318
original_0714,defense,both,DCI,9,331,18,313
original_0714,defense,both,QCOM,10,332,28,304
original_0714,defense,both,GOOGL,11,326,36,290
original_0714,defense,both,MIELY,12,318,31,287
original_0714,defense,both,TDY,13,311,31,280
original_0714,defense,both,MSI,14,319,40,279
original_0714,defense,both,TEL,15,298,20,278
original_0714,defense,both,NTAP,16,319,42,277
original_0714,defense,both,META,17,315,42,273
original_0714,defense,both,AJNMY,18,302,42,260
original_0714,defense,both,ALLE,19,309,51,258
original_0714,defense,both,HTHIY,20,296,38,258
original_0714,defense,both,ABBNY,21,294,42,252
original_0714,defense,both,DKILY,22,297,50,247
original_0714,defense,both,FTV,23,293,46,247
original_0714,defense,both,TT,24,277,30,247
original_0714,defense,both,ECL,25,301,56,245
original_0714,defense,both,TMO,26,282,38,244
original_0714,defense,both,ASML,27,291,61,230
original_0714,defense,both,NVDA,28,247,18,229
original_0714,defense,both,DTE,29,277,55,222
original_0714,defense,both,PH,30,279,65,214
original_0714,defense,both,ETN,31,277,72,205
original_0714,defense,both,NTNX,32,267,64,203
original_0714,defense,both,EME,33,274,78,196
original_0714,defense,both,KEYS,34,272,76,196
original_0714,defense,both,DSCSY,35,261,69,192
original_0714,defense,both,APH,36,272,81,191
original_0714,defense,both,MRAAY,37,271,85,186
original_0714,defense,both,PLAB,38,265,80,185
original_0714,defense,both,SMTOY,39,265,80,185
original_0714,defense,both,AVGO,40,259,76,183
original_0714,defense,both,AEP,41,258,76,182
original_0714,defense,both,TTDKY,42,261,80,181
original_0714,defense,both,ADI,43,264,84,180
original_0714,defense,both,HUBB,44,263,87,176
original_0714,defense,both,RMBS,45,252,79,173
original_0714,defense,both,TSM,46,246,74,172
original_0714,defense,both,TXN,47,258,87,171
original_0714,defense,both,LFUS,48,258,88,170
original_0714,defense,both,CMI,49,250,86,164
original_0714,defense,both,CSCO,50,230,66,164
original_0714,defense,both,ANET,51,249,87,162
original_0714,defense,both,JCI,52,250,91,159
original_0714,defense,both,APD,53,244,85,159
original_0714,defense,both,BWXT,54,249,91,158
original_0714,defense,both,NDSN,55,247,90,157
original_0714,defense,both,SNPS,56,249,96,153
original_0714,defense,both,DD,57,250,98,152
original_0714,defense,both,ETR,58,242,93,149
original_0714,defense,both,RYCEY,59,244,96,148
original_0714,defense,both,CDNS,60,239,95,144
original_0714,defense,both,IBM,61,245,105,140
original_0714,defense,both,KLAC,62,232,93,139
original_0714,defense,both,ET,63,225,94,131
original_0714,defense,both,ENS,64,229,107,122
original_0714,defense,both,PWR,65,221,105,116
original_0714,defense,both,ASMIY,66,224,110,114
original_0714,defense,both,AMZN,67,218,107,111
original_0714,defense,both,MICLF,68,226,117,109
original_0714,defense,both,MMM,69,207,101,106
original_0714,defense,both,NOK,70,222,122,100
original_0714,defense,both,NVT,71,221,125,96
original_0714,defense,both,UMC,72,220,124,96
original_0714,defense,both,POWL,73,214,118,96
original_0714,defense,both,CEG,74,202,112,90
original_0714,defense,both,DLR,75,202,112,90
original_0714,defense,both,GEV,76,172,83,89
original_0714,defense,both,P,77,210,124,86
original_0714,defense,both,ASGLY,78,193,107,86
original_0714,defense,both,MPWR,79,211,126,85
original_0714,defense,both,AMAT,80,206,123,83
original_0714,defense,both,CAT,81,211,137,74
original_0714,defense,both,BABA,82,197,123,74
original_0714,defense,both,NVMI,83,213,141,72
original_0714,defense,both,EQIX,84,200,133,67
original_0714,defense,both,ATEYY,85,207,144,63
original_0714,defense,both,VST,86,192,140,52
original_0714,defense,both,ACLS,87,194,143,51
original_0714,defense,both,CARR,88,204,155,49
original_0714,defense,both,LRCX,89,201,155,46
original_0714,defense,both,ROG,90,201,162,39
original_0714,defense,both,AEIS,91,182,147,35
original_0714,defense,both,TER,92,181,151,30
original_0714,defense,both,TOELY,93,166,147,19
original_0714,defense,both,KLIC,94,188,171,17
original_0714,defense,both,IFNNY,95,178,161,17
original_0714,defense,both,POWI,96,182,174,8
original_0714,defense,both,FIX,97,176,168,8
original_0714,defense,both,MU,98,157,158,-1
original_0714,defense,both,GFS,99,157,163,-6
original_0714,defense,both,ONTO,100,172,181,-9
original_0714,defense,both,BELFB,101,162,178,-16
original_0714,defense,both,CAMT,102,167,187,-20
original_0714,defense,both,JBL,103,157,184,-27
original_0714,defense,both,TSEM,104,158,189,-31
original_0714,defense,both,IESC,105,158,190,-32
original_0714,defense,both,DIOD,106,144,182,-38
original_0714,defense,both,VRT,107,142,183,-41
original_0714,defense,both,CRDO,108,147,190,-43
original_0714,defense,both,FN,109,108,151,-43
original_0714,defense,both,Q,110,137,181,-44
original_0714,defense,both,ON,111,148,193,-45
original_0714,defense,both,GNRC,112,149,196,-47
original_0714,defense,both,CRWD,113,132,179,-47
original_0714,defense,both,HPE,114,150,198,-48
original_0714,defense,both,SKHY,115,131,179,-48
original_0714,defense,both,DELL,116,144,210,-66
original_0714,defense,both,ASMVY,117,139,206,-67
original_0714,defense,both,STM,118,142,210,-68
original_0714,defense,both,MYRG,119,129,202,-73
original_0714,defense,both,ENTG,120,107,184,-77
original_0714,defense,both,MTSI,121,136,214,-78
original_0714,defense,both,ST,122,115,198,-83
original_0714,defense,both,SANM,123,112,197,-85
original_0714,defense,both,AMD,124,133,221,-88
original_0714,defense,both,SIMO,125,131,221,-90
original_0714,defense,both,GLW,126,127,222,-95
original_0714,defense,both,VISN,127,122,218,-96
original_0714,defense,both,SNDK,128,127,224,-97
original_0714,defense,both,BESIY,129,132,233,-101
original_0714,defense,both,MOD,130,121,224,-103
original_0714,defense,both,MCHP,131,120,223,-103
original_0714,defense,both,WDC,132,122,230,-108
original_0714,defense,both,BDC,133,114,223,-109
original_0714,defense,both,FORM,134,105,222,-117
original_0714,defense,both,VECO,135,111,230,-119
original_0714,defense,both,ATKR,136,97,222,-125
original_0714,defense,both,FLEX,137,104,230,-126
original_0714,defense,both,CLS,138,105,232,-127
original_0714,defense,both,ASX,139,111,240,-129
original_0714,defense,both,MRVL,140,108,240,-132
original_0714,defense,both,MTRN,141,105,237,-132
original_0714,defense,both,COHU,142,63,195,-132
original_0714,defense,both,VSH,143,104,254,-150
original_0714,defense,both,AMKR,144,102,254,-152
original_0714,defense,both,VIAV,145,98,254,-156
original_0714,defense,both,CIEN,146,94,260,-166
original_0714,defense,both,SOMMY,147,88,254,-166
original_0714,defense,both,ORCL,148,89,261,-172
original_0714,defense,both,STX,149,93,269,-176
original_0714,defense,both,IMOS,150,90,272,-182
original_0714,defense,both,SMTC,151,91,276,-185
original_0714,defense,both,MKSI,152,75,269,-194
original_0714,defense,both,ARM,153,83,280,-197
original_0714,defense,both,SITM,154,77,275,-198
original_0714,defense,both,VICR,155,81,280,-199
original_0714,defense,both,ALAB,156,74,274,-200
original_0714,defense,both,PENG,157,76,277,-201
original_0714,defense,both,ACMR,158,79,283,-204
original_0714,defense,both,AAON,159,74,278,-204
original_0714,defense,both,LITE,160,73,285,-212
original_0714,defense,both,UCTT,161,73,291,-218
original_0714,defense,both,ENPH,162,67,294,-227
original_0714,defense,both,ICHR,163,64,291,-227
original_0714,defense,both,PSIX,164,54,283,-229
original_0714,defense,both,TSLA,165,68,305,-237
original_0714,defense,both,COHR,166,59,303,-244
original_0714,defense,both,SMCI,167,46,318,-272
original_0714,defense,both,INTC,168,40,313,-273
original_0714,defense,both,MRAM,169,47,321,-274
original_0714,defense,both,AOSL,170,46,323,-277
original_0714,defense,both,AXTI,171,40,333,-293
original_0714,defense,both,MXL,172,33,336,-303
original_0714,defense,both,BE,173,33,338,-305
original_0714,defense,both,CC,174,24,335,-311
original_0714,defense,both,AEHR,175,27,346,-319
original_0714,defense,both,CBRS,176,28,351,-323
original_0714,defense,both,AAOI,177,22,346,-324
original_0714,defense,both,FLNC,178,25,350,-325
original_0714,defense,both,SMR,179,27,353,-326
original_0714,defense,both,NBIS,180,24,351,-327
original_0714,defense,both,RKLB,181,21,352,-331
original_0714,defense,both,AMPX,182,19,354,-335
original_0714,defense,both,POET,183,20,360,-340
original_0714,defense,both,NVTS,184,17,360,-343
original_0714,defense,both,CRWV,185,15,361,-346
original_0714,defense,both,TE,186,15,361,-346
original_0714,defense,both,IREN,187,14,360,-346
original_0714,defense,both,FCEL,188,14,365,-351
original_0714,defense,both,WOLF,189,13,364,-351
original_0714,defense,both,OKLO,190,10,362,-352
original_0714,defense,both,LWLG,191,10,367,-357
original_0714,defense,both,APLD,192,5,368,-363
original_0714,defense,self_only,HOCPY,1,178,0,178
original_0714,defense,self_only,LIN,2,169,3,166
original_0714,defense,self_only,MSFT,3,160,1,159
original_0714,defense,self_only,DOV,4,168,10,158
original_0714,defense,self_only,DHR,5,170,13,157
original_0714,defense,self_only,PNR,6,161,7,154
original_0714,defense,self_only,SHECY,7,161,7,154
original_0714,defense,self_only,DCI,8,159,10,149
original_0714,defense,self_only,QCOM,9,157,20,137
original_0714,defense,self_only,ADBE,10,143,9,134
original_0714,defense,self_only,MIELY,11,148,22,126
original_0714,defense,self_only,NTAP,12,146,38,108
original_0714,defense,self_only,GOOGL,13,143,35,108
original_0714,defense,self_only,AJNMY,14,139,32,107
original_0714,defense,self_only,TDY,15,135,28,107
original_0714,defense,self_only,MSI,16,140,36,104
original_0714,defense,self_only,TEL,17,121,17,104
original_0714,defense,self_only,PWR,18,131,30,101
original_0714,defense,self_only,DTE,19,134,36,98
original_0714,defense,self_only,DKILY,20,135,40,95
original_0714,defense,self_only,META,21,134,39,95
original_0714,defense,self_only,ABBNY,22,128,35,93
original_0714,defense,self_only,TT,23,114,21,93
original_0714,defense,self_only,DSCSY,24,124,33,91
original_0714,defense,self_only,FTV,25,129,39,90
original_0714,defense,self_only,APD,26,132,45,87
original_0714,defense,self_only,HTHIY,27,122,36,86
original_0714,defense,self_only,ASML,28,133,48,85
original_0714,defense,self_only,ECL,29,131,48,83
original_0714,defense,self_only,TSM,30,119,36,83
original_0714,defense,self_only,RMBS,31,120,40,80
original_0714,defense,self_only,ALLE,32,128,50,78
original_0714,defense,self_only,EME,33,129,52,77
original_0714,defense,self_only,AEP,34,127,53,74
original_0714,defense,self_only,TMO,35,104,34,70
original_0714,defense,self_only,NTNX,36,112,43,69
original_0714,defense,self_only,ROG,37,126,61,65
original_0714,defense,self_only,LFUS,38,123,58,65
original_0714,defense,self_only,SMTOY,39,123,60,63
original_0714,defense,self_only,TXN,40,119,60,59
original_0714,defense,self_only,AVGO,41,115,56,59
original_0714,defense,self_only,NVDA,42,70,11,59
original_0714,defense,self_only,PLAB,43,115,58,57
original_0714,defense,self_only,CMI,44,114,58,56
original_0714,defense,self_only,PH,45,112,56,56
original_0714,defense,self_only,MMM,46,111,56,55
original_0714,defense,self_only,KEYS,47,113,59,54
original_0714,defense,self_only,ETN,48,114,61,53
original_0714,defense,self_only,JCI,49,111,59,52
original_0714,defense,self_only,ET,50,110,60,50
original_0714,defense,self_only,GEV,51,69,19,50
original_0714,defense,self_only,APH,52,117,69,48
original_0714,defense,self_only,ADI,53,114,66,48
original_0714,defense,self_only,RYCEY,54,114,66,48
original_0714,defense,self_only,TTDKY,55,109,61,48
original_0714,defense,self_only,MRAAY,56,114,69,45
original_0714,defense,self_only,BABA,57,108,63,45
original_0714,defense,self_only,ETR,58,110,67,43
original_0714,defense,self_only,P,59,108,65,43
original_0714,defense,self_only,DD,60,114,72,42
original_0714,defense,self_only,ANET,61,104,65,39
original_0714,defense,self_only,KLAC,62,99,60,39
original_0714,defense,self_only,DLR,63,98,60,38
original_0714,defense,self_only,ASMIY,64,99,62,37
original_0714,defense,self_only,POWL,65,103,67,36
original_0714,defense,self_only,NVT,66,105,72,33
original_0714,defense,self_only,ACLS,67,100,68,32
original_0714,defense,self_only,HUBB,68,101,72,29
original_0714,defense,self_only,CDNS,69,98,69,29
original_0714,defense,self_only,UMC,70,102,79,23
original_0714,defense,self_only,SNPS,71,101,79,22
original_0714,defense,self_only,CAT,72,100,82,18
original_0714,defense,self_only,ASGLY,73,81,63,18
original_0714,defense,self_only,MICLF,74,96,79,17
original_0714,defense,self_only,MPWR,75,92,78,14
original_0714,defense,self_only,NOK,76,97,85,12
original_0714,defense,self_only,IESC,77,96,84,12
original_0714,defense,self_only,BWXT,78,93,83,10
original_0714,defense,self_only,NDSN,79,89,79,10
original_0714,defense,self_only,CSCO,80,65,55,10
original_0714,defense,self_only,ENS,81,88,84,4
original_0714,defense,self_only,NVMI,82,91,88,3
original_0714,defense,self_only,FIX,83,90,88,2
original_0714,defense,self_only,MU,84,85,83,2
original_0714,defense,self_only,EQIX,85,88,87,1
original_0714,defense,self_only,AEIS,86,85,84,1
original_0714,defense,self_only,ATEYY,87,89,89,0
original_0714,defense,self_only,CRDO,88,77,80,-3
original_0714,defense,self_only,VST,89,84,88,-4
original_0714,defense,self_only,CRWD,90,68,72,-4
original_0714,defense,self_only,IBM,91,86,92,-6
original_0714,defense,self_only,AMAT,92,76,85,-9
original_0714,defense,self_only,DELL,93,89,99,-10
original_0714,defense,self_only,AMZN,94,71,82,-11
original_0714,defense,self_only,TSEM,95,80,94,-14
original_0714,defense,self_only,JBL,96,83,98,-15
original_0714,defense,self_only,CEG,97,65,86,-21
original_0714,defense,self_only,VRT,98,68,90,-22
original_0714,defense,self_only,CARR,99,83,107,-24
original_0714,defense,self_only,LRCX,100,81,105,-24
original_0714,defense,self_only,TER,101,67,93,-26
original_0714,defense,self_only,HPE,102,80,107,-27
original_0714,defense,self_only,IFNNY,103,74,101,-27
original_0714,defense,self_only,FN,104,36,63,-27
original_0714,defense,self_only,ASMVY,105,75,105,-30
original_0714,defense,self_only,CAMT,106,73,103,-30
original_0714,defense,self_only,MTSI,107,72,102,-30
original_0714,defense,self_only,WDC,108,76,107,-31
original_0714,defense,self_only,ON,109,71,104,-33
original_0714,defense,self_only,COHU,110,23,58,-35
original_0714,defense,self_only,STM,111,72,108,-36
original_0714,defense,self_only,GFS,112,60,97,-37
original_0714,defense,self_only,MYRG,113,64,102,-38
original_0714,defense,self_only,SKHY,114,57,96,-39
original_0714,defense,self_only,MCHP,115,68,108,-40
original_0714,defense,self_only,SNDK,116,71,113,-42
original_0714,defense,self_only,ONTO,117,68,110,-42
original_0714,defense,self_only,GNRC,118,71,114,-43
original_0714,defense,self_only,SOMMY,119,63,107,-44
original_0714,defense,self_only,BESIY,120,72,119,-47
original_0714,defense,self_only,MOD,121,67,115,-48
original_0714,defense,self_only,KLIC,122,70,121,-51
original_0714,defense,self_only,SIMO,123,62,113,-51
original_0714,defense,self_only,MRVL,124,62,115,-53
original_0714,defense,self_only,BELFB,125,62,117,-55
original_0714,defense,self_only,ENTG,126,33,91,-58
original_0714,defense,self_only,ST,127,46,105,-59
original_0714,defense,self_only,AMD,128,60,120,-60
original_0714,defense,self_only,GLW,129,62,123,-61
original_0714,defense,self_only,TOELY,130,37,104,-67
original_0714,defense,self_only,POWI,131,58,126,-68
original_0714,defense,self_only,CLS,132,48,119,-71
original_0714,defense,self_only,SANM,133,38,110,-72
original_0714,defense,self_only,AMKR,134,56,129,-73
original_0714,defense,self_only,ORCL,135,50,123,-73
original_0714,defense,self_only,FORM,136,38,114,-76
original_0714,defense,self_only,DIOD,137,37,116,-79
original_0714,defense,self_only,Q,138,33,114,-81
original_0714,defense,self_only,SMTC,139,54,137,-83
original_0714,defense,self_only,ACMR,140,51,134,-83
original_0714,defense,self_only,VISN,141,48,131,-83
original_0714,defense,self_only,STX,142,51,137,-86
original_0714,defense,self_only,VIAV,143,48,135,-87
original_0714,defense,self_only,PENG,144,43,133,-90
original_0714,defense,self_only,ALAB,145,38,128,-90
original_0714,defense,self_only,LITE,146,45,138,-93
original_0714,defense,self_only,MTRN,147,44,137,-93
original_0714,defense,self_only,VECO,148,39,132,-93
original_0714,defense,self_only,ATKR,149,33,128,-95
original_0714,defense,self_only,CIEN,150,39,138,-99
original_0714,defense,self_only,ICHR,151,41,143,-102
original_0714,defense,self_only,ARM,152,40,145,-105
original_0714,defense,self_only,FLEX,153,33,140,-107
original_0714,defense,self_only,VICR,154,36,144,-108
original_0714,defense,self_only,ASX,155,35,145,-110
original_0714,defense,self_only,UCTT,156,38,149,-111
original_0714,defense,self_only,TSLA,157,39,152,-113
original_0714,defense,self_only,IMOS,158,38,151,-113
original_0714,defense,self_only,VSH,159,37,151,-114
original_0714,defense,self_only,SMCI,160,33,150,-117
original_0714,defense,self_only,MKSI,161,29,146,-117
original_0714,defense,self_only,AXTI,162,33,153,-120
original_0714,defense,self_only,SITM,163,25,146,-121
original_0714,defense,self_only,BDC,164,25,149,-124
original_0714,defense,self_only,MRAM,165,29,156,-127
original_0714,defense,self_only,AAON,166,26,154,-128
original_0714,defense,self_only,COHR,167,28,158,-130
original_0714,defense,self_only,INTC,168,21,153,-132
original_0714,defense,self_only,ENPH,169,26,160,-134
original_0714,defense,self_only,PSIX,170,16,151,-135
original_0714,defense,self_only,AOSL,171,26,162,-136
original_0714,defense,self_only,CBRS,172,26,165,-139
original_0714,defense,self_only,SMR,173,26,165,-139
original_0714,defense,self_only,BE,174,23,165,-142
original_0714,defense,self_only,NBIS,175,22,166,-144
original_0714,defense,self_only,RKLB,176,20,166,-146
original_0714,defense,self_only,CC,177,18,166,-148
original_0714,defense,self_only,FLNC,178,19,169,-150
original_0714,defense,self_only,AEHR,179,18,168,-150
original_0714,defense,self_only,AMPX,180,17,170,-153
original_0714,defense,self_only,NVTS,181,17,170,-153
original_0714,defense,self_only,POET,182,18,172,-154
original_0714,defense,self_only,MXL,183,15,170,-155
original_0714,defense,self_only,AAOI,184,16,173,-157
original_0714,defense,self_only,CRWV,185,15,172,-157
original_0714,defense,self_only,WOLF,186,13,173,-160
original_0714,defense,self_only,FCEL,187,14,175,-161
original_0714,defense,self_only,IREN,188,12,173,-161
original_0714,defense,self_only,TE,189,12,176,-164
original_0714,defense,self_only,LWLG,190,10,177,-167
original_0714,defense,self_only,OKLO,191,7,181,-174
original_0714,defense,self_only,APLD,192,4,180,-176
original_0714,defense,other_only,MSFT,1,189,0,189
original_0714,defense,other_only,ADBE,2,187,3,184
original_0714,defense,other_only,LIN,3,185,1,184
original_0714,defense,other_only,GOOGL,4,183,1,182
original_0714,defense,other_only,ALLE,5,181,1,180
original_0714,defense,other_only,META,6,181,3,178
original_0714,defense,other_only,DOV,7,180,3,177
original_0714,defense,other_only,DHR,8,179,3,176
original_0714,defense,other_only,MSI,9,179,4,175
original_0714,defense,other_only,PNR,10,179,5,174
original_0714,defense,other_only,TMO,11,178,4,174
original_0714,defense,other_only,TEL,12,177,3,174
original_0714,defense,other_only,TDY,13,176,3,173
original_0714,defense,other_only,HTHIY,14,174,2,172
original_0714,defense,other_only,SHECY,15,175,4,171
original_0714,defense,other_only,NVDA,16,177,7,170
original_0714,defense,other_only,HOCPY,17,176,6,170
original_0714,defense,other_only,NTAP,18,173,4,169
original_0714,defense,other_only,QCOM,19,175,8,167
original_0714,defense,other_only,DCI,20,172,8,164
original_0714,defense,other_only,ECL,21,170,8,162
original_0714,defense,other_only,MIELY,22,170,9,161
original_0714,defense,other_only,ABBNY,23,166,7,159
original_0714,defense,other_only,PH,24,167,9,158
original_0714,defense,other_only,FTV,25,164,7,157
original_0714,defense,other_only,CSCO,26,165,11,154
original_0714,defense,other_only,TT,27,163,9,154
original_0714,defense,other_only,AJNMY,28,163,10,153
original_0714,defense,other_only,ETN,29,163,11,152
original_0714,defense,other_only,DKILY,30,162,10,152
original_0714,defense,other_only,BWXT,31,156,8,148
original_0714,defense,other_only,HUBB,32,162,15,147
original_0714,defense,other_only,NDSN,33,158,11,147
original_0714,defense,other_only,IBM,34,159,13,146
original_0714,defense,other_only,ASML,35,158,13,145
original_0714,defense,other_only,APH,36,155,12,143
original_0714,defense,other_only,KEYS,37,159,17,142
original_0714,defense,other_only,MRAAY,38,157,16,141
original_0714,defense,other_only,NTNX,39,155,21,134
original_0714,defense,other_only,TTDKY,40,152,19,133
original_0714,defense,other_only,ADI,41,150,18,132
original_0714,defense,other_only,SNPS,42,148,17,131
original_0714,defense,other_only,PLAB,43,150,22,128
original_0714,defense,other_only,AVGO,44,144,20,124
original_0714,defense,other_only,DTE,45,143,19,124
original_0714,defense,other_only,ANET,46,145,22,123
original_0714,defense,other_only,AMZN,47,147,25,122
original_0714,defense,other_only,SMTOY,48,142,20,122
original_0714,defense,other_only,EME,49,145,26,119
original_0714,defense,other_only,ENS,50,141,23,118
original_0714,defense,other_only,CDNS,51,141,26,115
original_0714,defense,other_only,TXN,52,139,27,112
original_0714,defense,other_only,CEG,53,137,26,111
original_0714,defense,other_only,DD,54,136,26,110
original_0714,defense,other_only,CMI,55,136,28,108
original_0714,defense,other_only,AEP,56,131,23,108
original_0714,defense,other_only,JCI,57,139,32,107
original_0714,defense,other_only,ETR,58,132,26,106
original_0714,defense,other_only,LFUS,59,135,30,105
original_0714,defense,other_only,DSCSY,60,137,36,101
original_0714,defense,other_only,KLAC,61,133,33,100
original_0714,defense,other_only,RYCEY,62,130,30,100
original_0714,defense,other_only,RMBS,63,132,39,93
original_0714,defense,other_only,AMAT,64,130,38,92
original_0714,defense,other_only,MICLF,65,130,38,92
original_0714,defense,other_only,TSM,66,127,38,89
original_0714,defense,other_only,NOK,67,125,37,88
original_0714,defense,other_only,TOELY,68,129,43,86
original_0714,defense,other_only,ET,69,115,34,81
original_0714,defense,other_only,ASMIY,70,125,48,77
original_0714,defense,other_only,POWI,71,124,48,76
original_0714,defense,other_only,CARR,72,121,48,73
original_0714,defense,other_only,UMC,73,118,45,73
original_0714,defense,other_only,APD,74,112,40,72
original_0714,defense,other_only,MPWR,75,119,48,71
original_0714,defense,other_only,LRCX,76,120,50,70
original_0714,defense,other_only,NVMI,77,122,53,69
original_0714,defense,other_only,KLIC,78,118,50,68
original_0714,defense,other_only,ASGLY,79,112,44,68
original_0714,defense,other_only,EQIX,80,112,46,66
original_0714,defense,other_only,ATEYY,81,118,55,63
original_0714,defense,other_only,NVT,82,116,53,63
original_0714,defense,other_only,POWL,83,111,51,60
original_0714,defense,other_only,TER,84,114,58,56
original_0714,defense,other_only,CAT,85,111,55,56
original_0714,defense,other_only,VST,86,108,52,56
original_0714,defense,other_only,DLR,87,104,52,52
original_0714,defense,other_only,MMM,88,96,45,51
original_0714,defense,other_only,IFNNY,89,104,60,44
original_0714,defense,other_only,P,90,102,59,43
original_0714,defense,other_only,DIOD,91,107,66,41
original_0714,defense,other_only,GEV,92,103,64,39
original_0714,defense,other_only,BELFB,93,100,61,39
original_0714,defense,other_only,Q,94,104,67,37
original_0714,defense,other_only,AEIS,95,97,63,34
original_0714,defense,other_only,ONTO,96,104,71,33
original_0714,defense,other_only,GFS,97,97,66,31
original_0714,defense,other_only,BABA,98,89,60,29
original_0714,defense,other_only,ACLS,99,94,75,19
original_0714,defense,other_only,PWR,100,90,75,15
original_0714,defense,other_only,BDC,101,89,74,15
original_0714,defense,other_only,CAMT,102,94,84,10
original_0714,defense,other_only,FIX,103,86,80,6
original_0714,defense,other_only,MU,104,72,75,-3
original_0714,defense,other_only,GNRC,105,78,82,-4
original_0714,defense,other_only,SKHY,106,74,83,-9
original_0714,defense,other_only,ON,107,77,89,-12
original_0714,defense,other_only,JBL,108,74,86,-12
original_0714,defense,other_only,SANM,109,74,87,-13
original_0714,defense,other_only,VISN,110,74,87,-13
original_0714,defense,other_only,FN,111,72,88,-16
original_0714,defense,other_only,TSEM,112,78,95,-17
original_0714,defense,other_only,ASX,113,76,95,-19
original_0714,defense,other_only,ENTG,114,74,93,-19
original_0714,defense,other_only,VRT,115,74,93,-19
original_0714,defense,other_only,FLEX,116,71,90,-19
original_0714,defense,other_only,HPE,117,70,91,-21
original_0714,defense,other_only,ST,118,69,93,-24
original_0714,defense,other_only,ROG,119,75,101,-26
original_0714,defense,other_only,VECO,120,72,98,-26
original_0714,defense,other_only,AMD,121,73,101,-28
original_0714,defense,other_only,ATKR,122,64,94,-30
original_0714,defense,other_only,STM,123,70,102,-32
original_0714,defense,other_only,GLW,124,65,99,-34
original_0714,defense,other_only,MYRG,125,65,100,-35
original_0714,defense,other_only,VSH,126,67,103,-36
original_0714,defense,other_only,ASMVY,127,64,101,-37
original_0714,defense,other_only,SIMO,128,69,108,-39
original_0714,defense,other_only,MTRN,129,61,100,-39
original_0714,defense,other_only,CRDO,130,70,110,-40
original_0714,defense,other_only,FORM,131,67,108,-41
original_0714,defense,other_only,CRWD,132,64,107,-43
original_0714,defense,other_only,IESC,133,62,106,-44
original_0714,defense,other_only,MTSI,134,64,112,-48
original_0714,defense,other_only,BESIY,135,60,114,-54
original_0714,defense,other_only,SNDK,136,56,111,-55
original_0714,defense,other_only,MOD,137,54,109,-55
original_0714,defense,other_only,CLS,138,57,113,-56
original_0714,defense,other_only,DELL,139,55,111,-56
original_0714,defense,other_only,MCHP,140,52,115,-63
original_0714,defense,other_only,CIEN,141,55,122,-67
original_0714,defense,other_only,IMOS,142,52,121,-69
original_0714,defense,other_only,VIAV,143,50,119,-69
original_0714,defense,other_only,AAON,144,48,124,-76
original_0714,defense,other_only,SITM,145,52,129,-77
original_0714,defense,other_only,MKSI,146,46,123,-77
original_0714,defense,other_only,WDC,147,46,123,-77
original_0714,defense,other_only,AMKR,148,46,125,-79
original_0714,defense,other_only,MRVL,149,46,125,-79
original_0714,defense,other_only,STX,150,42,132,-90
original_0714,defense,other_only,VICR,151,45,136,-91
original_0714,defense,other_only,ARM,152,43,135,-92
original_0714,defense,other_only,ENPH,153,41,134,-93
original_0714,defense,other_only,PSIX,154,38,132,-94
original_0714,defense,other_only,COHU,155,40,137,-97
original_0714,defense,other_only,ORCL,156,39,138,-99
original_0714,defense,other_only,SMTC,157,37,139,-102
original_0714,defense,other_only,UCTT,158,35,142,-107
original_0714,defense,other_only,ALAB,159,36,146,-110
original_0714,defense,other_only,PENG,160,33,144,-111
original_0714,defense,other_only,COHR,161,31,145,-114
original_0714,defense,other_only,LITE,162,28,147,-119
original_0714,defense,other_only,ACMR,163,28,149,-121
original_0714,defense,other_only,SOMMY,164,25,147,-122
original_0714,defense,other_only,TSLA,165,29,153,-124
original_0714,defense,other_only,ICHR,166,23,148,-125
original_0714,defense,other_only,AOSL,167,20,161,-141
original_0714,defense,other_only,INTC,168,19,160,-141
original_0714,defense,other_only,MRAM,169,18,165,-147
original_0714,defense,other_only,MXL,170,18,166,-148
original_0714,defense,other_only,SMCI,171,13,168,-155
original_0714,defense,other_only,BE,172,10,173,-163
original_0714,defense,other_only,CC,173,6,169,-163
original_0714,defense,other_only,AAOI,174,6,173,-167
original_0714,defense,other_only,AEHR,175,9,178,-169
original_0714,defense,other_only,AXTI,176,7,180,-173
original_0714,defense,other_only,FLNC,177,6,181,-175
original_0714,defense,other_only,OKLO,178,3,181,-178
original_0714,defense,other_only,TE,179,3,185,-182
original_0714,defense,other_only,AMPX,180,2,184,-182
original_0714,defense,other_only,NBIS,181,2,185,-183
original_0714,defense,other_only,CBRS,182,2,186,-184
original_0714,defense,other_only,IREN,183,2,187,-185
original_0714,defense,other_only,RKLB,184,1,186,-185
original_0714,defense,other_only,POET,185,2,188,-186
original_0714,defense,other_only,APLD,186,1,188,-187
original_0714,defense,other_only,SMR,187,1,188,-187
original_0714,defense,other_only,CRWV,188,0,189,-189
original_0714,defense,other_only,FCEL,189,0,190,-190
original_0714,defense,other_only,LWLG,190,0,190,-190
original_0714,defense,other_only,NVTS,191,0,190,-190
original_0714,defense,other_only,WOLF,192,0,191,-191
original_0714,defense,agreement_only,LIN,1,167,1,166
original_0714,defense,agreement_only,HOCPY,2,166,0,166
original_0714,defense,agreement_only,DHR,3,163,1,162
original_0714,defense,agreement_only,DOV,4,163,2,161
original_0714,defense,agreement_only,MSFT,5,159,0,159
original_0714,defense,agreement_only,PNR,6,156,0,156
original_0714,defense,agreement_only,SHECY,7,152,0,152
original_0714,defense,agreement_only,DCI,8,152,5,147
original_0714,defense,agreement_only,QCOM,9,151,4,147
original_0714,defense,agreement_only,ADBE,10,143,1,142
original_0714,defense,agreement_only,GOOGL,11,141,1,140
original_0714,defense,agreement_only,NTAP,12,141,3,138
original_0714,defense,agreement_only,MIELY,13,140,3,137
original_0714,defense,agreement_only,MSI,14,139,4,135
original_0714,defense,agreement_only,META,15,132,3,129
original_0714,defense,agreement_only,TDY,16,131,3,128
original_0714,defense,agreement_only,ECL,17,130,5,125
original_0714,defense,agreement_only,ALLE,18,126,1,125
original_0714,defense,agreement_only,AJNMY,19,129,5,124
original_0714,defense,agreement_only,ABBNY,20,126,5,121
original_0714,defense,agreement_only,FTV,21,125,4,121
original_0714,defense,agreement_only,DKILY,22,123,5,118
original_0714,defense,agreement_only,TEL,23,120,3,117
original_0714,defense,agreement_only,HTHIY,24,117,0,117
original_0714,defense,agreement_only,ASML,25,127,11,116
original_0714,defense,agreement_only,TT,26,110,4,106
original_0714,defense,agreement_only,PH,27,111,6,105
original_0714,defense,agreement_only,ETN,28,112,9,103
original_0714,defense,agreement_only,DTE,29,110,7,103
original_0714,defense,agreement_only,TMO,30,104,3,101
original_0714,defense,agreement_only,APH,31,112,12,100
original_0714,defense,agreement_only,EME,32,117,20,97
original_0714,defense,agreement_only,MRAAY,33,106,11,95
original_0714,defense,agreement_only,KEYS,34,108,14,94
original_0714,defense,agreement_only,SMTOY,35,109,16,93
original_0714,defense,agreement_only,AVGO,36,107,15,92
original_0714,defense,agreement_only,DSCSY,37,111,20,91
original_0714,defense,agreement_only,ADI,38,107,16,91
original_0714,defense,agreement_only,PLAB,39,103,12,91
original_0714,defense,agreement_only,AEP,40,103,14,89
original_0714,defense,agreement_only,TXN,41,109,21,88
original_0714,defense,agreement_only,NTNX,42,104,16,88
original_0714,defense,agreement_only,TTDKY,43,97,10,87
original_0714,defense,agreement_only,HUBB,44,97,11,86
original_0714,defense,agreement_only,DD,45,103,19,84
original_0714,defense,agreement_only,LFUS,46,103,21,82
original_0714,defense,agreement_only,TSM,47,99,17,82
original_0714,defense,agreement_only,SNPS,48,98,17,81
original_0714,defense,agreement_only,BWXT,49,88,7,81
original_0714,defense,agreement_only,ANET,50,99,19,80
original_0714,defense,agreement_only,JCI,51,104,26,78
original_0714,defense,agreement_only,CMI,52,101,24,77
original_0714,defense,agreement_only,RMBS,53,98,21,77
original_0714,defense,agreement_only,NDSN,54,84,8,76
original_0714,defense,agreement_only,ETR,55,91,18,73
original_0714,defense,agreement_only,APD,56,96,24,72
original_0714,defense,agreement_only,CDNS,57,92,20,72
original_0714,defense,agreement_only,RYCEY,58,97,26,71
original_0714,defense,agreement_only,IBM,59,82,12,70
original_0714,defense,agreement_only,NVDA,60,70,2,68
original_0714,defense,agreement_only,KLAC,61,91,24,67
original_0714,defense,agreement_only,ET,62,89,25,64
original_0714,defense,agreement_only,ENS,63,79,15,64
original_0714,defense,agreement_only,ASMIY,64,93,36,57
original_0714,defense,agreement_only,MICLF,65,87,31,56
original_0714,defense,agreement_only,CSCO,66,64,11,53
original_0714,defense,agreement_only,NOK,67,85,33,52
original_0714,defense,agreement_only,NVT,68,92,43,49
original_0714,defense,agreement_only,PWR,69,74,25,49
original_0714,defense,agreement_only,UMC,70,85,37,48
original_0714,defense,agreement_only,POWL,71,81,36,45
original_0714,defense,agreement_only,ASGLY,72,76,31,45
original_0714,defense,agreement_only,AMZN,73,69,24,45
original_0714,defense,agreement_only,DLR,74,79,35,44
original_0714,defense,agreement_only,CAT,75,90,47,43
original_0714,defense,agreement_only,MPWR,76,82,39,43
original_0714,defense,agreement_only,MMM,77,77,34,43
original_0714,defense,agreement_only,CEG,78,64,22,42
original_0714,defense,agreement_only,GEV,79,58,16,42
original_0714,defense,agreement_only,P,80,81,42,39
original_0714,defense,agreement_only,EQIX,81,75,37,38
original_0714,defense,agreement_only,AMAT,82,73,35,38
original_0714,defense,agreement_only,NVMI,83,79,44,35
original_0714,defense,agreement_only,BABA,84,74,41,33
original_0714,defense,agreement_only,CARR,85,73,42,31
original_0714,defense,agreement_only,VST,86,74,44,30
original_0714,defense,agreement_only,ATEYY,87,70,41,29
original_0714,defense,agreement_only,LRCX,88,76,48,28
original_0714,defense,agreement_only,ACLS,89,76,49,27
original_0714,defense,agreement_only,AEIS,90,68,50,18
original_0714,defense,agreement_only,ROG,91,67,52,15
original_0714,defense,agreement_only,KLIC,92,61,46,15
original_0714,defense,agreement_only,IFNNY,93,67,53,14
original_0714,defense,agreement_only,TER,94,61,48,13
original_0714,defense,agreement_only,POWI,95,56,46,10
original_0714,defense,agreement_only,FIX,96,70,62,8
original_0714,defense,agreement_only,MU,97,57,56,1
original_0714,defense,agreement_only,TOELY,98,35,34,1
original_0714,defense,agreement_only,ONTO,99,63,64,-1
original_0714,defense,agreement_only,BELFB,100,55,56,-1
original_0714,defense,agreement_only,GFS,101,54,58,-4
original_0714,defense,agreement_only,CAMT,102,54,63,-9
original_0714,defense,agreement_only,JBL,103,64,75,-11
original_0714,defense,agreement_only,ON,104,59,73,-14
original_0714,defense,agreement_only,TSEM,105,55,69,-14
original_0714,defense,agreement_only,IESC,106,54,69,-15
original_0714,defense,agreement_only,VRT,107,50,65,-15
original_0714,defense,agreement_only,GNRC,108,59,75,-16
original_0714,defense,agreement_only,FN,109,31,47,-16
original_0714,defense,agreement_only,CRDO,110,50,67,-17
original_0714,defense,agreement_only,HPE,111,56,77,-21
original_0714,defense,agreement_only,CRWD,112,44,65,-21
original_0714,defense,agreement_only,ST,113,35,60,-25
original_0714,defense,agreement_only,DIOD,114,33,59,-26
original_0714,defense,agreement_only,STM,115,57,84,-27
original_0714,defense,agreement_only,SKHY,116,43,70,-27
original_0714,defense,agreement_only,Q,117,32,59,-27
original_0714,defense,agreement_only,ASMVY,118,52,83,-31
original_0714,defense,agreement_only,ENTG,119,32,65,-33
original_0714,defense,agreement_only,MYRG,120,44,78,-34
original_0714,defense,agreement_only,COHU,121,21,56,-35
original_0714,defense,agreement_only,DELL,122,54,90,-36
original_0714,defense,agreement_only,MTSI,123,48,85,-37
original_0714,defense,agreement_only,SANM,124,37,74,-37
original_0714,defense,agreement_only,GLW,125,52,91,-39
original_0714,defense,agreement_only,SIMO,126,47,89,-42
original_0714,defense,agreement_only,VISN,127,33,75,-42
original_0714,defense,agreement_only,AMD,128,48,91,-43
original_0714,defense,agreement_only,MCHP,129,46,93,-47
original_0714,defense,agreement_only,BESIY,130,45,93,-48
original_0714,defense,agreement_only,SNDK,131,45,93,-48
original_0714,defense,agreement_only,BDC,132,24,72,-48
original_0714,defense,agreement_only,MOD,133,43,92,-49
original_0714,defense,agreement_only,WDC,134,39,89,-50
original_0714,defense,agreement_only,ATKR,135,27,79,-52
original_0714,defense,agreement_only,VECO,136,35,89,-54
original_0714,defense,agreement_only,FORM,137,34,89,-55
original_0714,defense,agreement_only,FLEX,138,30,87,-57
original_0714,defense,agreement_only,MRVL,139,41,99,-58
original_0714,defense,agreement_only,MTRN,140,37,95,-58
original_0714,defense,agreement_only,ASX,141,31,91,-60
original_0714,defense,agreement_only,CLS,142,38,99,-61
original_0714,defense,agreement_only,VIAV,143,37,105,-68
original_0714,defense,agreement_only,VSH,144,28,99,-71
original_0714,defense,agreement_only,AMKR,145,38,112,-74
original_0714,defense,agreement_only,ORCL,146,33,109,-76
original_0714,defense,agreement_only,CIEN,147,34,111,-77
original_0714,defense,agreement_only,SOMMY,148,21,98,-77
original_0714,defense,agreement_only,STX,149,33,118,-85
original_0714,defense,agreement_only,MKSI,150,27,113,-86
original_0714,defense,agreement_only,SMTC,151,34,122,-88
original_0714,defense,agreement_only,IMOS,152,26,114,-88
original_0714,defense,agreement_only,ALAB,153,23,114,-91
original_0714,defense,agreement_only,AAON,154,22,115,-93
original_0714,defense,agreement_only,VICR,155,26,120,-94
original_0714,defense,agreement_only,PENG,156,29,125,-96
original_0714,defense,agreement_only,ARM,157,24,120,-96
original_0714,defense,agreement_only,SITM,158,23,119,-96
original_0714,defense,agreement_only,ACMR,159,23,122,-99
original_0714,defense,agreement_only,LITE,160,25,125,-100
original_0714,defense,agreement_only,UCTT,161,26,131,-105
original_0714,defense,agreement_only,ENPH,162,21,129,-108
original_0714,defense,agreement_only,ICHR,163,22,132,-110
original_0714,defense,agreement_only,PSIX,164,16,127,-111
original_0714,defense,agreement_only,COHR,165,23,138,-115
original_0714,defense,agreement_only,TSLA,166,20,139,-119
original_0714,defense,agreement_only,INTC,167,14,147,-133
original_0714,defense,agreement_only,MRAM,168,15,149,-134
original_0714,defense,agreement_only,AOSL,169,14,149,-135
original_0714,defense,agreement_only,SMCI,170,13,148,-135
original_0714,defense,agreement_only,AXTI,171,6,149,-143
original_0714,defense,agreement_only,MXL,172,10,160,-150
original_0714,defense,agreement_only,CC,173,4,155,-151
original_0714,defense,agreement_only,BE,174,9,163,-154
original_0714,defense,agreement_only,AEHR,175,6,163,-157
original_0714,defense,agreement_only,FLNC,176,6,166,-160
original_0714,defense,agreement_only,NBIS,177,2,164,-162
original_0714,defense,agreement_only,CBRS,178,1,163,-162
original_0714,defense,agreement_only,SMR,179,0,162,-162
original_0714,defense,agreement_only,AAOI,180,6,169,-163
original_0714,defense,agreement_only,RKLB,181,1,166,-165
original_0714,defense,agreement_only,AMPX,182,2,168,-166
original_0714,defense,agreement_only,POET,183,2,171,-169
original_0714,defense,agreement_only,NVTS,184,0,170,-170
original_0714,defense,agreement_only,IREN,185,1,172,-171
original_0714,defense,agreement_only,TE,186,1,173,-172
original_0714,defense,agreement_only,CRWV,187,0,172,-172
original_0714,defense,agreement_only,OKLO,188,1,174,-173
original_0714,defense,agreement_only,WOLF,189,0,173,-173
original_0714,defense,agreement_only,FCEL,190,0,175,-175
original_0714,defense,agreement_only,LWLG,191,0,176,-176
original_0714,defense,agreement_only,APLD,192,0,180,-180
original_0714,defense,high_only,MSFT,1,294,0,294
original_0714,defense,high_only,LIN,2,263,0,263
original_0714,defense,high_only,SHECY,3,240,0,240
original_0714,defense,high_only,ADBE,4,226,1,225
original_0714,defense,high_only,GOOGL,5,228,5,223
original_0714,defense,high_only,DOV,6,209,1,208
original_0714,defense,high_only,META,7,203,3,200
original_0714,defense,high_only,DHR,8,200,1,199
original_0714,defense,high_only,ECL,9,196,5,191
original_0714,defense,high_only,MSI,10,193,2,191
original_0714,defense,high_only,TMO,11,192,1,191
original_0714,defense,high_only,TDY,12,190,7,183
original_0714,defense,high_only,NTAP,13,191,9,182
original_0714,defense,high_only,ALLE,14,194,17,177
original_0714,defense,high_only,ABBNY,15,186,12,174
original_0714,defense,high_only,TEL,16,167,1,166
original_0714,defense,high_only,PNR,17,167,2,165
original_0714,defense,high_only,DCI,18,166,1,165
original_0714,defense,high_only,HOCPY,19,166,1,165
original_0714,defense,high_only,FTV,20,167,6,161
original_0714,defense,high_only,HTHIY,21,159,3,156
original_0714,defense,high_only,PH,22,159,6,153
original_0714,defense,high_only,MIELY,23,157,12,145
original_0714,defense,high_only,DTE,24,151,11,140
original_0714,defense,high_only,ETN,25,144,6,138
original_0714,defense,high_only,ASML,26,137,0,137
original_0714,defense,high_only,EME,27,146,12,134
original_0714,defense,high_only,ADI,28,149,19,130
original_0714,defense,high_only,KEYS,29,160,31,129
original_0714,defense,high_only,TSM,30,135,7,128
original_0714,defense,high_only,BWXT,31,149,24,125
original_0714,defense,high_only,APH,32,137,12,125
original_0714,defense,high_only,AEP,33,124,4,120
original_0714,defense,high_only,TXN,34,133,16,117
original_0714,defense,high_only,NVDA,35,115,0,115
original_0714,defense,high_only,HUBB,36,141,27,114
original_0714,defense,high_only,KLAC,37,127,14,113
original_0714,defense,high_only,TT,38,114,1,113
original_0714,defense,high_only,CDNS,39,132,20,112
original_0714,defense,high_only,CSCO,40,113,2,111
original_0714,defense,high_only,PLAB,41,123,13,110
original_0714,defense,high_only,MRAAY,42,118,8,110
original_0714,defense,high_only,DKILY,43,126,20,106
original_0714,defense,high_only,ANET,44,127,23,104
original_0714,defense,high_only,RMBS,45,123,19,104
original_0714,defense,high_only,NDSN,46,115,11,104
original_0714,defense,high_only,AJNMY,47,106,2,104
original_0714,defense,high_only,QCOM,48,105,1,104
original_0714,defense,high_only,SNPS,49,99,6,93
original_0714,defense,high_only,POWL,50,111,21,90
original_0714,defense,high_only,APD,51,101,12,89
original_0714,defense,high_only,IBM,52,99,10,89
original_0714,defense,high_only,LFUS,53,104,16,88
original_0714,defense,high_only,ETR,54,100,13,87
original_0714,defense,high_only,AVGO,55,104,18,86
original_0714,defense,high_only,CMI,56,97,13,84
original_0714,defense,high_only,JCI,57,97,13,84
original_0714,defense,high_only,LRCX,58,97,16,81
original_0714,defense,high_only,AMAT,59,114,35,79
original_0714,defense,high_only,DSCSY,60,83,4,79
original_0714,defense,high_only,ASMIY,61,96,18,78
original_0714,defense,high_only,NTNX,62,85,8,77
original_0714,defense,high_only,MPWR,63,112,36,76
original_0714,defense,high_only,DD,64,82,8,74
original_0714,defense,high_only,TTDKY,65,84,11,73
original_0714,defense,high_only,ENS,66,82,15,67
original_0714,defense,high_only,MICLF,67,83,21,62
original_0714,defense,high_only,AMZN,68,63,1,62
original_0714,defense,high_only,SMTOY,69,99,39,60
original_0714,defense,high_only,P,70,91,35,56
original_0714,defense,high_only,IFNNY,71,85,30,55
original_0714,defense,high_only,MMM,72,80,25,55
original_0714,defense,high_only,CAT,73,84,33,51
original_0714,defense,high_only,CARR,74,66,15,51
original_0714,defense,high_only,EQIX,75,58,9,49
original_0714,defense,high_only,RYCEY,76,54,6,48
original_0714,defense,high_only,NVMI,77,79,33,46
original_0714,defense,high_only,CEG,78,51,5,46
original_0714,defense,high_only,ONTO,79,71,26,45
original_0714,defense,high_only,VST,80,54,11,43
original_0714,defense,high_only,ET,81,75,33,42
original_0714,defense,high_only,UMC,82,96,55,41
original_0714,defense,high_only,NOK,83,77,36,41
original_0714,defense,high_only,NVT,84,75,35,40
original_0714,defense,high_only,DLR,85,53,13,40
original_0714,defense,high_only,GEV,86,49,11,38
original_0714,defense,high_only,TER,87,74,44,30
original_0714,defense,high_only,BABA,88,44,17,27
original_0714,defense,high_only,ASGLY,89,47,21,26
original_0714,defense,high_only,POWI,90,84,60,24
original_0714,defense,high_only,FIX,91,70,49,21
original_0714,defense,high_only,ATEYY,92,61,40,21
original_0714,defense,high_only,TOELY,93,48,29,19
original_0714,defense,high_only,ACLS,94,60,44,16
original_0714,defense,high_only,CRWD,95,55,39,16
original_0714,defense,high_only,ROG,96,65,50,15
original_0714,defense,high_only,AEIS,97,63,49,14
original_0714,defense,high_only,BELFB,98,58,45,13
original_0714,defense,high_only,MU,99,64,55,9
original_0714,defense,high_only,PWR,100,22,15,7
original_0714,defense,high_only,CAMT,101,46,43,3
original_0714,defense,high_only,ENTG,102,21,19,2
original_0714,defense,high_only,IESC,103,46,45,1
original_0714,defense,high_only,BDC,104,33,32,1
original_0714,defense,high_only,KLIC,105,75,75,0
original_0714,defense,high_only,VRT,106,20,20,0
original_0714,defense,high_only,TSEM,107,52,53,-1
original_0714,defense,high_only,FN,108,32,35,-3
original_0714,defense,high_only,ST,109,23,27,-4
original_0714,defense,high_only,MCHP,110,49,56,-7
original_0714,defense,high_only,HPE,111,50,58,-8
original_0714,defense,high_only,SKHY,112,45,53,-8
original_0714,defense,high_only,JBL,113,57,67,-10
original_0714,defense,high_only,ON,114,45,61,-16
original_0714,defense,high_only,SANM,115,19,35,-16
original_0714,defense,high_only,Q,116,18,42,-24
original_0714,defense,high_only,GNRC,117,51,77,-26
original_0714,defense,high_only,CRDO,118,37,63,-26
original_0714,defense,high_only,DELL,119,51,79,-28
original_0714,defense,high_only,MYRG,120,38,67,-29
original_0714,defense,high_only,MOD,121,32,62,-30
original_0714,defense,high_only,GLW,122,47,78,-31
original_0714,defense,high_only,ATKR,123,32,64,-32
original_0714,defense,high_only,AMKR,124,15,48,-33
original_0714,defense,high_only,AMD,125,49,83,-34
original_0714,defense,high_only,GFS,126,38,72,-34
original_0714,defense,high_only,STM,127,44,79,-35
original_0714,defense,high_only,WDC,128,42,79,-37
original_0714,defense,high_only,MTSI,129,40,77,-37
original_0714,defense,high_only,SNDK,130,35,74,-39
original_0714,defense,high_only,ASMVY,131,37,77,-40
original_0714,defense,high_only,SIMO,132,49,90,-41
original_0714,defense,high_only,VISN,133,32,73,-41
original_0714,defense,high_only,BESIY,134,55,99,-44
original_0714,defense,high_only,DIOD,135,37,81,-44
original_0714,defense,high_only,ASX,136,37,82,-45
original_0714,defense,high_only,VECO,137,26,81,-55
original_0714,defense,high_only,FORM,138,26,85,-59
original_0714,defense,high_only,COHU,139,8,71,-63
original_0714,defense,high_only,MRVL,140,40,105,-65
original_0714,defense,high_only,MTRN,141,32,98,-66
original_0714,defense,high_only,CLS,142,28,95,-67
original_0714,defense,high_only,VIAV,143,35,106,-71
original_0714,defense,high_only,FLEX,144,24,96,-72
original_0714,defense,high_only,VSH,145,22,96,-74
original_0714,defense,high_only,ORCL,146,21,98,-77
original_0714,defense,high_only,SOMMY,147,25,104,-79
original_0714,defense,high_only,ARM,148,34,118,-84
original_0714,defense,high_only,CIEN,149,31,116,-85
original_0714,defense,high_only,STX,150,28,122,-94
original_0714,defense,high_only,IMOS,151,24,121,-97
original_0714,defense,high_only,VICR,152,29,131,-102
original_0714,defense,high_only,PENG,153,21,127,-106
original_0714,defense,high_only,MKSI,154,27,135,-108
original_0714,defense,high_only,SMTC,155,21,130,-109
original_0714,defense,high_only,UCTT,156,19,132,-113
original_0714,defense,high_only,SITM,157,24,140,-116
original_0714,defense,high_only,ENPH,158,25,145,-120
original_0714,defense,high_only,ICHR,159,18,138,-120
original_0714,defense,high_only,LITE,160,22,143,-121
original_0714,defense,high_only,COHR,161,12,142,-130
original_0714,defense,high_only,TSLA,162,26,158,-132
original_0714,defense,high_only,ACMR,163,28,163,-135
original_0714,defense,high_only,AAON,164,4,139,-135
original_0714,defense,high_only,ALAB,165,34,183,-149
original_0714,defense,high_only,PSIX,166,9,165,-156
original_0714,defense,high_only,AOSL,167,21,179,-158
original_0714,defense,high_only,CC,168,13,196,-183
original_0714,defense,high_only,INTC,169,10,197,-187
original_0714,defense,high_only,BE,170,11,205,-194
original_0714,defense,high_only,AXTI,171,15,210,-195
original_0714,defense,high_only,MRAM,172,13,208,-195
original_0714,defense,high_only,SMCI,173,17,221,-204
original_0714,defense,high_only,FLNC,174,12,217,-205
original_0714,defense,high_only,AMPX,175,2,240,-238
original_0714,defense,high_only,LWLG,176,0,239,-239
original_0714,defense,high_only,AAOI,177,3,247,-244
original_0714,defense,high_only,AEHR,178,9,256,-247
original_0714,defense,high_only,MXL,179,2,249,-247
original_0714,defense,high_only,NBIS,180,11,259,-248
original_0714,defense,high_only,CBRS,181,10,258,-248
original_0714,defense,high_only,POET,182,7,262,-255
original_0714,defense,high_only,TE,183,9,270,-261
original_0714,defense,high_only,NVTS,184,4,265,-261
original_0714,defense,high_only,RKLB,185,5,269,-264
original_0714,defense,high_only,IREN,186,4,268,-264
original_0714,defense,high_only,CRWV,187,12,280,-268
original_0714,defense,high_only,SMR,188,1,271,-270
original_0714,defense,high_only,WOLF,189,6,296,-290
original_0714,defense,high_only,FCEL,190,3,297,-294
original_0714,defense,high_only,APLD,191,0,318,-318
original_0714,defense,high_only,OKLO,192,0,334,-334
original_0714,defense,strength_weighted,LIN,1,354,4,644
original_0714,defense,strength_weighted,MSFT,2,349,1,633
original_0714,defense,strength_weighted,HOCPY,3,354,6,602
original_0714,defense,strength_weighted,DHR,4,349,16,598
original_0714,defense,strength_weighted,ADBE,5,330,12,592
original_0714,defense,strength_weighted,SHECY,6,336,11,591
original_0714,defense,strength_weighted,DOV,7,348,13,575
original_0714,defense,strength_weighted,PNR,8,340,12,555
original_0714,defense,strength_weighted,GOOGL,9,326,36,544
original_0714,defense,strength_weighted,META,10,315,42,525
original_0714,defense,strength_weighted,DCI,11,331,18,522
original_0714,defense,strength_weighted,QCOM,12,332,28,519
original_0714,defense,strength_weighted,MSI,13,319,40,509
original_0714,defense,strength_weighted,TDY,14,311,31,506
original_0714,defense,strength_weighted,MIELY,15,318,31,495
original_0714,defense,strength_weighted,TEL,16,298,20,494
original_0714,defense,strength_weighted,NTAP,17,319,42,477
original_0714,defense,strength_weighted,ALLE,18,309,51,467
original_0714,defense,strength_weighted,ABBNY,19,294,42,460
original_0714,defense,strength_weighted,TMO,20,282,38,458
original_0714,defense,strength_weighted,HTHIY,21,296,38,456
original_0714,defense,strength_weighted,ECL,22,301,56,446
original_0714,defense,strength_weighted,FTV,23,293,46,433
original_0714,defense,strength_weighted,AJNMY,24,302,42,423
original_0714,defense,strength_weighted,DKILY,25,297,50,408
original_0714,defense,strength_weighted,ASML,26,291,61,406
original_0714,defense,strength_weighted,TT,27,277,30,403
original_0714,defense,strength_weighted,PH,28,279,65,386
original_0714,defense,strength_weighted,DTE,29,277,55,380
original_0714,defense,strength_weighted,ETN,30,277,72,371
original_0714,defense,strength_weighted,EME,31,274,78,366
original_0714,defense,strength_weighted,NVDA,32,247,18,360
original_0714,defense,strength_weighted,KEYS,33,272,76,356
original_0714,defense,strength_weighted,NTNX,34,267,64,342
original_0714,defense,strength_weighted,DSCSY,35,261,69,336
original_0714,defense,strength_weighted,HUBB,36,263,87,335
original_0714,defense,strength_weighted,TSM,37,246,74,325
original_0714,defense,strength_weighted,MRAAY,38,271,85,323
original_0714,defense,strength_weighted,ADI,39,264,84,321
original_0714,defense,strength_weighted,APH,40,272,81,320
original_0714,defense,strength_weighted,PLAB,41,265,80,317
original_0714,defense,strength_weighted,RMBS,42,252,79,317
original_0714,defense,strength_weighted,AEP,43,258,76,316
original_0714,defense,strength_weighted,CSCO,44,230,66,312
original_0714,defense,strength_weighted,TXN,45,258,87,305
original_0714,defense,strength_weighted,LFUS,46,258,88,305
original_0714,defense,strength_weighted,TTDKY,47,261,80,303
original_0714,defense,strength_weighted,AVGO,48,259,76,303
original_0714,defense,strength_weighted,BWXT,49,249,91,300
original_0714,defense,strength_weighted,ANET,50,249,87,298
original_0714,defense,strength_weighted,JCI,51,250,91,295
original_0714,defense,strength_weighted,CMI,52,250,86,292
original_0714,defense,strength_weighted,SMTOY,53,265,80,287
original_0714,defense,strength_weighted,NDSN,54,247,90,280
original_0714,defense,strength_weighted,DD,55,250,98,272
original_0714,defense,strength_weighted,SNPS,56,249,96,268
original_0714,defense,strength_weighted,CDNS,57,239,95,267
original_0714,defense,strength_weighted,ETR,58,242,93,264
original_0714,defense,strength_weighted,IBM,59,245,105,262
original_0714,defense,strength_weighted,APD,60,244,85,262
original_0714,defense,strength_weighted,KLAC,61,232,93,261
original_0714,defense,strength_weighted,ET,62,225,94,240
original_0714,defense,strength_weighted,RYCEY,63,244,96,237
original_0714,defense,strength_weighted,ASMIY,64,224,110,229
original_0714,defense,strength_weighted,AMZN,65,218,107,213
original_0714,defense,strength_weighted,ENS,66,229,107,210
original_0714,defense,strength_weighted,MICLF,67,226,117,198
original_0714,defense,strength_weighted,POWL,68,214,118,189
original_0714,defense,strength_weighted,PWR,69,221,105,184
original_0714,defense,strength_weighted,CEG,70,202,112,178
original_0714,defense,strength_weighted,NVT,71,221,125,174
original_0714,defense,strength_weighted,MPWR,72,211,126,169
original_0714,defense,strength_weighted,CAT,73,211,137,167
original_0714,defense,strength_weighted,MMM,74,207,101,167
original_0714,defense,strength_weighted,AMAT,75,206,123,167
original_0714,defense,strength_weighted,P,76,210,124,161
original_0714,defense,strength_weighted,UMC,77,220,124,159
original_0714,defense,strength_weighted,DLR,78,202,112,159
original_0714,defense,strength_weighted,NOK,79,222,122,157
original_0714,defense,strength_weighted,GEV,80,172,83,156
original_0714,defense,strength_weighted,EQIX,81,200,133,148
original_0714,defense,strength_weighted,NVMI,82,213,141,141
original_0714,defense,strength_weighted,BABA,83,197,123,139
original_0714,defense,strength_weighted,LRCX,84,201,155,131
original_0714,defense,strength_weighted,ASGLY,85,193,107,128
original_0714,defense,strength_weighted,VST,86,192,140,127
original_0714,defense,strength_weighted,ATEYY,87,207,144,122
original_0714,defense,strength_weighted,CARR,88,204,155,106
original_0714,defense,strength_weighted,AEIS,89,182,147,85
original_0714,defense,strength_weighted,TER,90,181,151,85
original_0714,defense,strength_weighted,ACLS,91,194,143,78
original_0714,defense,strength_weighted,TOELY,92,166,147,73
original_0714,defense,strength_weighted,IFNNY,93,178,161,65
original_0714,defense,strength_weighted,ROG,94,201,162,45
original_0714,defense,strength_weighted,FIX,95,176,168,37
original_0714,defense,strength_weighted,KLIC,96,188,171,35
original_0714,defense,strength_weighted,ONTO,97,172,181,29
original_0714,defense,strength_weighted,GFS,98,157,163,26
original_0714,defense,strength_weighted,MU,99,157,158,17
original_0714,defense,strength_weighted,POWI,100,182,174,12
original_0714,defense,strength_weighted,VRT,101,142,183,-6
original_0714,defense,strength_weighted,BELFB,102,162,178,-8
original_0714,defense,strength_weighted,CAMT,103,167,187,-25
original_0714,defense,strength_weighted,JBL,104,157,184,-33
original_0714,defense,strength_weighted,SKHY,105,131,179,-34
original_0714,defense,strength_weighted,IESC,106,158,190,-36
original_0714,defense,strength_weighted,FN,107,108,151,-44
original_0714,defense,strength_weighted,GNRC,108,149,196,-49
original_0714,defense,strength_weighted,CRWD,109,132,179,-52
original_0714,defense,strength_weighted,TSEM,110,158,189,-53
original_0714,defense,strength_weighted,Q,111,137,181,-53
original_0714,defense,strength_weighted,ON,112,148,193,-55
original_0714,defense,strength_weighted,HPE,113,150,198,-62
original_0714,defense,strength_weighted,DIOD,114,144,182,-62
original_0714,defense,strength_weighted,CRDO,115,147,190,-66
original_0714,defense,strength_weighted,ENTG,116,107,184,-89
original_0714,defense,strength_weighted,SANM,117,112,197,-94
original_0714,defense,strength_weighted,DELL,118,144,210,-105
original_0714,defense,strength_weighted,ST,119,115,198,-107
original_0714,defense,strength_weighted,STM,120,142,210,-114
original_0714,defense,strength_weighted,ASMVY,121,139,206,-115
original_0714,defense,strength_weighted,MYRG,122,129,202,-122
original_0714,defense,strength_weighted,AMD,123,133,221,-131
original_0714,defense,strength_weighted,MCHP,124,120,223,-134
original_0714,defense,strength_weighted,MTSI,125,136,214,-138
original_0714,defense,strength_weighted,SIMO,126,131,221,-141
original_0714,defense,strength_weighted,GLW,127,127,222,-143
original_0714,defense,strength_weighted,VISN,128,122,218,-147
original_0714,defense,strength_weighted,BESIY,129,132,233,-155
original_0714,defense,strength_weighted,ATKR,130,97,222,-157
original_0714,defense,strength_weighted,MOD,131,121,224,-159
original_0714,defense,strength_weighted,VECO,132,111,230,-169
original_0714,defense,strength_weighted,WDC,133,122,230,-174
original_0714,defense,strength_weighted,SNDK,134,127,224,-175
original_0714,defense,strength_weighted,FORM,135,105,222,-175
original_0714,defense,strength_weighted,FLEX,136,104,230,-190
original_0714,defense,strength_weighted,BDC,137,114,223,-197
original_0714,defense,strength_weighted,ASX,138,111,240,-199
original_0714,defense,strength_weighted,CLS,139,105,232,-199
original_0714,defense,strength_weighted,COHU,140,63,195,-207
original_0714,defense,strength_weighted,MTRN,141,105,237,-232
original_0714,defense,strength_weighted,MRVL,142,108,240,-236
original_0714,defense,strength_weighted,VSH,143,104,254,-269
original_0714,defense,strength_weighted,AMKR,144,102,254,-269
original_0714,defense,strength_weighted,VIAV,145,98,254,-283
original_0714,defense,strength_weighted,ORCL,146,89,261,-286
original_0714,defense,strength_weighted,SOMMY,147,88,254,-296
original_0714,defense,strength_weighted,CIEN,148,94,260,-297
original_0714,defense,strength_weighted,STX,149,93,269,-302
original_0714,defense,strength_weighted,MKSI,150,75,269,-329
original_0714,defense,strength_weighted,IMOS,151,90,272,-335
original_0714,defense,strength_weighted,ARM,152,83,280,-336
original_0714,defense,strength_weighted,SITM,153,77,275,-350
original_0714,defense,strength_weighted,SMTC,154,91,276,-352
original_0714,defense,strength_weighted,ACMR,155,79,283,-357
original_0714,defense,strength_weighted,VICR,156,81,280,-358
original_0714,defense,strength_weighted,PENG,157,76,277,-367
original_0714,defense,strength_weighted,ALAB,158,74,274,-372
original_0714,defense,strength_weighted,AAON,159,74,278,-378
original_0714,defense,strength_weighted,LITE,160,73,285,-390
original_0714,defense,strength_weighted,ENPH,161,67,294,-393
original_0714,defense,strength_weighted,UCTT,162,73,291,-400
original_0714,defense,strength_weighted,PSIX,163,54,283,-412
original_0714,defense,strength_weighted,ICHR,164,64,291,-423
original_0714,defense,strength_weighted,TSLA,165,68,305,-443
original_0714,defense,strength_weighted,COHR,166,59,303,-458
original_0714,defense,strength_weighted,INTC,167,40,313,-508
original_0714,defense,strength_weighted,SMCI,168,46,318,-513
original_0714,defense,strength_weighted,MRAM,169,47,321,-514
original_0714,defense,strength_weighted,AOSL,170,46,323,-532
original_0714,defense,strength_weighted,AXTI,171,40,333,-549
original_0714,defense,strength_weighted,CC,172,24,335,-555
original_0714,defense,strength_weighted,BE,173,33,338,-576
original_0714,defense,strength_weighted,MXL,174,33,336,-594
original_0714,defense,strength_weighted,FLNC,175,25,350,-600
original_0714,defense,strength_weighted,AEHR,176,27,346,-615
original_0714,defense,strength_weighted,AAOI,177,22,346,-628
original_0714,defense,strength_weighted,RKLB,178,21,352,-630
original_0714,defense,strength_weighted,NBIS,179,24,351,-636
original_0714,defense,strength_weighted,AMPX,180,19,354,-643
original_0714,defense,strength_weighted,TE,181,15,361,-643
original_0714,defense,strength_weighted,SMR,182,27,353,-647
original_0714,defense,strength_weighted,CBRS,183,28,351,-649
original_0714,defense,strength_weighted,NVTS,184,17,360,-661
original_0714,defense,strength_weighted,POET,185,20,360,-665
original_0714,defense,strength_weighted,IREN,186,14,360,-670
original_0714,defense,strength_weighted,CRWV,187,15,361,-671
original_0714,defense,strength_weighted,FCEL,188,14,365,-690
original_0714,defense,strength_weighted,WOLF,189,13,364,-697
original_0714,defense,strength_weighted,OKLO,190,10,362,-697
original_0714,defense,strength_weighted,LWLG,191,10,367,-704
original_0714,defense,strength_weighted,APLD,192,5,368,-707
original_0714,explosion,both,AAOI,1,346,8,338
original_0714,explosion,both,AMD,2,352,15,337
original_0714,explosion,both,NBIS,3,342,13,329
original_0714,explosion,both,MU,4,334,8,326
original_0714,explosion,both,CRWV,5,335,12,323
original_0714,explosion,both,CRDO,6,321,10,311
original_0714,explosion,both,SKHY,7,318,13,305
original_0714,explosion,both,ALAB,8,324,24,300
original_0714,explosion,both,VICR,9,326,30,296
original_0714,explosion,both,GEV,10,307,11,296
original_0714,explosion,both,LITE,11,328,36,292
original_0714,explosion,both,BE,12,312,20,292
original_0714,explosion,both,SNDK,13,309,21,288
original_0714,explosion,both,IREN,14,320,40,280
original_0714,explosion,both,MOD,15,312,34,278
original_0714,explosion,both,MRVL,16,309,33,276
original_0714,explosion,both,TSEM,17,305,29,276
original_0714,explosion,both,VRT,18,284,10,274
original_0714,explosion,both,CBRS,19,307,35,272
original_0714,explosion,both,APLD,20,309,38,271
original_0714,explosion,both,COHR,21,291,22,269
original_0714,explosion,both,AVGO,22,312,54,258
original_0714,explosion,both,TER,23,294,40,254
original_0714,explosion,both,AAON,24,276,26,250
original_0714,explosion,both,CLS,25,277,35,242
original_0714,explosion,both,SITM,26,287,51,236
original_0714,explosion,both,PWR,27,291,56,235
original_0714,explosion,both,BESIY,28,302,69,233
original_0714,explosion,both,TSM,29,291,64,227
original_0714,explosion,both,POWL,30,281,61,220
original_0714,explosion,both,AXTI,31,281,63,218
original_0714,explosion,both,MTSI,32,281,64,217
original_0714,explosion,both,ORCL,33,281,67,214
original_0714,explosion,both,DSCSY,34,266,53,213
original_0714,explosion,both,CAMT,35,271,61,210
original_0714,explosion,both,NVDA,36,224,30,194
original_0714,explosion,both,ONTO,37,270,80,190
original_0714,explosion,both,SMTC,38,269,84,185
original_0714,explosion,both,ASMIY,39,254,70,184
original_0714,explosion,both,NVMI,40,269,86,183
original_0714,explosion,both,ASMVY,41,266,84,182
original_0714,explosion,both,SIMO,42,260,79,181
original_0714,explosion,both,CIEN,43,255,74,181
original_0714,explosion,both,VECO,44,253,73,180
original_0714,explosion,both,ACMR,45,263,86,177
original_0714,explosion,both,NVT,46,258,86,172
original_0714,explosion,both,MPWR,47,260,89,171
original_0714,explosion,both,IFNNY,48,257,89,168
original_0714,explosion,both,PENG,49,261,94,167
original_0714,explosion,both,ATEYY,50,265,102,163
original_0714,explosion,both,SMCI,51,257,95,162
original_0714,explosion,both,STX,52,254,92,162
original_0714,explosion,both,FN,53,236,75,161
original_0714,explosion,both,ASX,54,247,95,152
original_0714,explosion,both,MXL,55,224,74,150
original_0714,explosion,both,FIX,56,254,108,146
original_0714,explosion,both,AEIS,57,243,109,134
original_0714,explosion,both,AEHR,58,237,110,127
original_0714,explosion,both,WDC,59,239,114,125
original_0714,explosion,both,ANET,60,227,102,125
original_0714,explosion,both,KLAC,61,229,109,120
original_0714,explosion,both,VST,62,229,110,119
original_0714,explosion,both,IESC,63,239,122,117
original_0714,explosion,both,AMAT,64,231,115,116
original_0714,explosion,both,TSLA,65,227,120,107
original_0714,explosion,both,GLW,66,230,124,106
original_0714,explosion,both,RKLB,67,223,121,102
original_0714,explosion,both,COHU,68,204,110,94
original_0714,explosion,both,FLNC,69,222,135,87
original_0714,explosion,both,AMPX,70,222,136,86
original_0714,explosion,both,DELL,71,220,143,77
original_0714,explosion,both,LRCX,72,214,145,69
original_0714,explosion,both,ASML,73,216,148,68
original_0714,explosion,both,ICHR,74,215,150,65
original_0714,explosion,both,AMKR,75,211,147,64
original_0714,explosion,both,AMZN,76,197,134,63
original_0714,explosion,both,MSFT,77,210,148,62
original_0714,explosion,both,ARM,78,209,147,62
original_0714,explosion,both,PSIX,79,176,117,59
original_0714,explosion,both,GNRC,80,205,153,52
original_0714,explosion,both,FORM,81,181,136,45
original_0714,explosion,both,KLIC,82,198,154,44
original_0714,explosion,both,ETN,83,195,155,40
original_0714,explosion,both,RMBS,84,190,154,36
original_0714,explosion,both,MKSI,85,189,153,36
original_0714,explosion,both,BABA,86,194,159,35
original_0714,explosion,both,APH,87,194,161,33
original_0714,explosion,both,TOELY,88,178,152,26
original_0714,explosion,both,ENTG,89,161,140,21
original_0714,explosion,both,META,90,191,174,17
original_0714,explosion,both,CAT,91,190,175,15
original_0714,explosion,both,JBL,92,182,170,12
original_0714,explosion,both,VIAV,93,178,168,10
original_0714,explosion,both,CEG,94,166,157,9
original_0714,explosion,both,GOOGL,95,184,179,5
original_0714,explosion,both,MICLF,96,179,181,-2
original_0714,explosion,both,UCTT,97,179,187,-8
original_0714,explosion,both,MYRG,98,172,180,-8
original_0714,explosion,both,EME,99,176,187,-11
original_0714,explosion,both,P,100,165,176,-11
original_0714,explosion,both,SANM,101,150,172,-22
original_0714,explosion,both,TE,102,168,192,-24
original_0714,explosion,both,KEYS,103,167,191,-24
original_0714,explosion,both,RYCEY,104,161,189,-28
original_0714,explosion,both,QCOM,105,162,193,-31
original_0714,explosion,both,HUBB,106,151,188,-37
original_0714,explosion,both,Q,107,131,168,-37
original_0714,explosion,both,FLEX,108,151,190,-39
original_0714,explosion,both,ABBNY,109,157,200,-43
original_0714,explosion,both,BWXT,110,150,193,-43
original_0714,explosion,both,TEL,111,153,202,-49
original_0714,explosion,both,TT,112,141,191,-50
original_0714,explosion,both,MCHP,113,149,204,-55
original_0714,explosion,both,JCI,114,150,208,-58
original_0714,explosion,both,CRWD,115,147,205,-58
original_0714,explosion,both,POET,116,148,207,-59
original_0714,explosion,both,HTHIY,117,149,212,-63
original_0714,explosion,both,MRAM,118,150,216,-66
original_0714,explosion,both,STM,119,143,210,-67
original_0714,explosion,both,MTRN,120,145,213,-68
original_0714,explosion,both,ACLS,121,140,209,-69
original_0714,explosion,both,CARR,122,149,219,-70
original_0714,explosion,both,NVTS,123,140,212,-72
original_0714,explosion,both,ADI,124,140,214,-74
original_0714,explosion,both,DLR,125,138,215,-77
original_0714,explosion,both,SMTOY,126,136,215,-79
original_0714,explosion,both,TTDKY,127,132,219,-87
original_0714,explosion,both,HPE,128,139,227,-88
original_0714,explosion,both,MRAAY,129,136,225,-89
original_0714,explosion,both,ON,130,131,221,-90
original_0714,explosion,both,LFUS,131,133,230,-97
original_0714,explosion,both,CMI,132,129,230,-101
original_0714,explosion,both,OKLO,133,126,238,-112
original_0714,explosion,both,BELFB,134,125,237,-112
original_0714,explosion,both,IMOS,135,122,234,-112
original_0714,explosion,both,GFS,136,121,235,-114
original_0714,explosion,both,INTC,137,117,233,-116
original_0714,explosion,both,MIELY,138,113,237,-124
original_0714,explosion,both,NTNX,139,107,248,-141
original_0714,explosion,both,WOLF,140,114,256,-142
original_0714,explosion,both,HOCPY,141,86,228,-142
original_0714,explosion,both,AJNMY,142,97,253,-156
original_0714,explosion,both,ST,143,70,228,-158
original_0714,explosion,both,SMR,144,100,265,-165
original_0714,explosion,both,AOSL,145,97,262,-165
original_0714,explosion,both,SNPS,146,99,265,-166
original_0714,explosion,both,VISN,147,93,263,-170
original_0714,explosion,both,SHECY,148,90,263,-173
original_0714,explosion,both,EQIX,149,93,268,-175
original_0714,explosion,both,UMC,150,85,266,-181
original_0714,explosion,both,ENS,151,82,266,-184
original_0714,explosion,both,DIOD,152,77,262,-185
original_0714,explosion,both,VSH,153,89,275,-186
original_0714,explosion,both,ADBE,154,85,271,-186
original_0714,explosion,both,CDNS,155,85,278,-193
original_0714,explosion,both,MSI,156,83,279,-196
original_0714,explosion,both,CSCO,157,67,263,-196
original_0714,explosion,both,NOK,158,85,282,-197
original_0714,explosion,both,POWI,159,76,287,-211
original_0714,explosion,both,FCEL,160,74,286,-212
original_0714,explosion,both,ENPH,161,69,286,-217
original_0714,explosion,both,TDY,162,71,295,-224
original_0714,explosion,both,PH,163,58,292,-234
original_0714,explosion,both,ECL,164,63,302,-239
original_0714,explosion,both,NDSN,165,61,300,-239
original_0714,explosion,both,CC,166,58,303,-245
original_0714,explosion,both,DOV,167,57,304,-247
original_0714,explosion,both,ETR,168,57,308,-251
original_0714,explosion,both,TXN,169,52,304,-252
original_0714,explosion,both,ET,170,53,306,-253
original_0714,explosion,both,PLAB,171,46,316,-270
original_0714,explosion,both,DKILY,172,41,313,-272
original_0714,explosion,both,BDC,173,33,306,-273
original_0714,explosion,both,ATKR,174,45,319,-274
original_0714,explosion,both,ASGLY,175,39,317,-278
original_0714,explosion,both,LWLG,176,44,326,-282
original_0714,explosion,both,NTAP,177,41,324,-283
original_0714,explosion,both,DHR,178,40,329,-289
original_0714,explosion,both,ROG,179,35,325,-290
original_0714,explosion,both,AEP,180,29,329,-300
original_0714,explosion,both,DCI,181,31,332,-301
original_0714,explosion,both,IBM,182,29,332,-303
original_0714,explosion,both,TMO,183,18,333,-315
original_0714,explosion,both,DD,184,22,345,-323
original_0714,explosion,both,ALLE,185,20,345,-325
original_0714,explosion,both,SOMMY,186,20,346,-326
original_0714,explosion,both,LIN,187,16,347,-331
original_0714,explosion,both,FTV,188,20,354,-334
original_0714,explosion,both,MMM,189,13,349,-336
original_0714,explosion,both,DTE,190,16,355,-339
original_0714,explosion,both,APD,191,12,355,-343
original_0714,explosion,both,PNR,192,10,355,-345
original_0714,explosion,self_only,NBIS,1,177,1,176
original_0714,explosion,self_only,AMD,2,174,12,162
original_0714,explosion,self_only,AAOI,3,166,4,162
original_0714,explosion,self_only,CBRS,4,165,7,158
original_0714,explosion,self_only,CRWV,5,165,8,157
original_0714,explosion,self_only,VICR,6,162,20,142
original_0714,explosion,self_only,TSEM,7,151,10,141
original_0714,explosion,self_only,APLD,8,156,16,140
original_0714,explosion,self_only,MU,9,146,7,139
original_0714,explosion,self_only,GEV,10,141,2,139
original_0714,explosion,self_only,ALAB,11,156,19,137
original_0714,explosion,self_only,CRDO,12,139,9,130
original_0714,explosion,self_only,IREN,13,157,30,127
original_0714,explosion,self_only,PWR,14,151,28,123
original_0714,explosion,self_only,BE,15,138,17,121
original_0714,explosion,self_only,SKHY,16,133,12,121
original_0714,explosion,self_only,LITE,17,151,34,117
original_0714,explosion,self_only,MRVL,18,140,28,112
original_0714,explosion,self_only,SNDK,19,128,17,111
original_0714,explosion,self_only,VRT,20,114,4,110
original_0714,explosion,self_only,MOD,21,138,30,108
original_0714,explosion,self_only,SITM,22,136,28,108
original_0714,explosion,self_only,TER,23,136,28,108
original_0714,explosion,self_only,CLS,24,119,17,102
original_0714,explosion,self_only,COHR,25,118,16,102
original_0714,explosion,self_only,AAON,26,116,14,102
original_0714,explosion,self_only,FN,27,113,22,91
original_0714,explosion,self_only,DSCSY,28,115,29,86
original_0714,explosion,self_only,MTSI,29,131,46,85
original_0714,explosion,self_only,AXTI,30,130,45,85
original_0714,explosion,self_only,SIMO,31,125,40,85
original_0714,explosion,self_only,AVGO,32,132,52,80
original_0714,explosion,self_only,CAMT,33,116,42,74
original_0714,explosion,self_only,MXL,34,100,26,74
original_0714,explosion,self_only,SMTC,35,126,56,70
original_0714,explosion,self_only,ASMIY,36,109,40,69
original_0714,explosion,self_only,BESIY,37,128,63,65
original_0714,explosion,self_only,POWL,38,116,53,63
original_0714,explosion,self_only,TSM,39,117,56,61
original_0714,explosion,self_only,NVMI,40,120,60,60
original_0714,explosion,self_only,ASMVY,41,118,60,58
original_0714,explosion,self_only,ACMR,42,116,61,55
original_0714,explosion,self_only,IFNNY,43,115,62,53
original_0714,explosion,self_only,ORCL,44,113,62,51
original_0714,explosion,self_only,CIEN,45,106,56,50
original_0714,explosion,self_only,PENG,46,116,67,49
original_0714,explosion,self_only,SMCI,47,115,66,49
original_0714,explosion,self_only,ASX,48,108,59,49
original_0714,explosion,self_only,VECO,49,101,52,49
original_0714,explosion,self_only,STX,50,116,68,48
original_0714,explosion,self_only,COHU,51,92,45,47
original_0714,explosion,self_only,AEIS,52,110,67,43
original_0714,explosion,self_only,FLNC,53,112,71,41
original_0714,explosion,self_only,AEHR,54,108,68,40
original_0714,explosion,self_only,GLW,55,111,72,39
original_0714,explosion,self_only,MPWR,56,108,74,34
original_0714,explosion,self_only,ONTO,57,104,71,33
original_0714,explosion,self_only,NVT,58,102,73,29
original_0714,explosion,self_only,WDC,59,103,82,21
original_0714,explosion,self_only,AMPX,60,100,88,12
original_0714,explosion,self_only,ICHR,61,98,90,8
original_0714,explosion,self_only,KLAC,62,86,80,6
original_0714,explosion,self_only,VST,63,85,79,6
original_0714,explosion,self_only,NVDA,64,36,30,6
original_0714,explosion,self_only,FIX,65,96,93,3
original_0714,explosion,self_only,ANET,66,81,78,3
original_0714,explosion,self_only,DELL,67,96,95,1
original_0714,explosion,self_only,ATEYY,68,95,95,0
original_0714,explosion,self_only,AMAT,69,90,90,0
original_0714,explosion,self_only,TSLA,70,90,96,-6
original_0714,explosion,self_only,PSIX,71,54,60,-6
original_0714,explosion,self_only,RKLB,72,83,90,-7
original_0714,explosion,self_only,ENTG,73,59,66,-7
original_0714,explosion,self_only,AMKR,74,86,97,-11
original_0714,explosion,self_only,MRAM,75,89,101,-12
original_0714,explosion,self_only,GNRC,76,88,100,-12
original_0714,explosion,self_only,ST,77,53,65,-12
original_0714,explosion,self_only,IESC,78,84,102,-18
original_0714,explosion,self_only,CAT,79,82,105,-23
original_0714,explosion,self_only,JBL,80,76,108,-32
original_0714,explosion,self_only,RMBS,81,72,104,-32
original_0714,explosion,self_only,MKSI,82,66,99,-33
original_0714,explosion,self_only,POET,83,76,110,-34
original_0714,explosion,self_only,ARM,84,74,111,-37
original_0714,explosion,self_only,KLIC,85,72,109,-37
original_0714,explosion,self_only,P,86,64,102,-38
original_0714,explosion,self_only,WOLF,87,74,114,-40
original_0714,explosion,self_only,APH,88,74,115,-41
original_0714,explosion,self_only,ASML,89,74,115,-41
original_0714,explosion,self_only,OKLO,90,73,116,-43
original_0714,explosion,self_only,VIAV,91,63,106,-43
original_0714,explosion,self_only,STM,92,67,111,-44
original_0714,explosion,self_only,MCHP,93,65,111,-46
original_0714,explosion,self_only,Q,94,37,83,-46
original_0714,explosion,self_only,QCOM,95,69,119,-50
original_0714,explosion,self_only,ON,96,65,117,-52
original_0714,explosion,self_only,KEYS,97,62,115,-53
original_0714,explosion,self_only,TE,98,66,121,-55
original_0714,explosion,self_only,MICLF,99,64,120,-56
original_0714,explosion,self_only,GFS,100,62,119,-57
original_0714,explosion,self_only,AMZN,101,51,110,-59
original_0714,explosion,self_only,FORM,102,40,100,-60
original_0714,explosion,self_only,LRCX,103,62,123,-61
original_0714,explosion,self_only,MSFT,104,64,126,-62
original_0714,explosion,self_only,UCTT,105,59,123,-64
original_0714,explosion,self_only,ADI,106,58,124,-66
original_0714,explosion,self_only,BABA,107,57,124,-67
original_0714,explosion,self_only,MTRN,108,56,124,-68
original_0714,explosion,self_only,MYRG,109,55,125,-70
original_0714,explosion,self_only,TEL,110,53,125,-72
original_0714,explosion,self_only,SMTOY,111,54,127,-73
original_0714,explosion,self_only,DLR,112,51,126,-75
original_0714,explosion,self_only,INTC,113,54,131,-77
original_0714,explosion,self_only,ACLS,114,50,127,-77
original_0714,explosion,self_only,LFUS,115,55,133,-78
original_0714,explosion,self_only,MRAAY,116,54,134,-80
original_0714,explosion,self_only,NVTS,117,50,130,-80
original_0714,explosion,self_only,ETN,118,50,134,-84
original_0714,explosion,self_only,IMOS,119,46,131,-85
original_0714,explosion,self_only,HOCPY,120,27,112,-85
original_0714,explosion,self_only,SANM,121,31,118,-87
original_0714,explosion,self_only,NTNX,122,49,137,-88
original_0714,explosion,self_only,FCEL,123,46,134,-88
original_0714,explosion,self_only,AJNMY,124,45,134,-89
original_0714,explosion,self_only,ABBNY,125,47,139,-92
original_0714,explosion,self_only,JCI,126,47,139,-92
original_0714,explosion,self_only,SMR,127,47,139,-92
original_0714,explosion,self_only,UMC,128,45,139,-94
original_0714,explosion,self_only,CARR,129,47,144,-97
original_0714,explosion,self_only,RYCEY,130,43,140,-97
original_0714,explosion,self_only,VISN,131,42,139,-97
original_0714,explosion,self_only,HUBB,132,37,134,-97
original_0714,explosion,self_only,BWXT,133,35,132,-97
original_0714,explosion,self_only,MIELY,134,40,141,-101
original_0714,explosion,self_only,TTDKY,135,37,143,-106
original_0714,explosion,self_only,TOELY,136,25,131,-106
original_0714,explosion,self_only,HPE,137,40,149,-109
original_0714,explosion,self_only,MSI,138,37,147,-110
original_0714,explosion,self_only,CEG,139,20,132,-112
original_0714,explosion,self_only,HTHIY,140,36,149,-113
original_0714,explosion,self_only,FLEX,141,28,142,-114
original_0714,explosion,self_only,META,142,38,153,-115
original_0714,explosion,self_only,EME,143,37,152,-115
original_0714,explosion,self_only,ADBE,144,36,151,-115
original_0714,explosion,self_only,BELFB,145,36,151,-115
original_0714,explosion,self_only,CRWD,146,33,148,-115
original_0714,explosion,self_only,NOK,147,35,151,-116
original_0714,explosion,self_only,ETR,148,34,154,-120
original_0714,explosion,self_only,CC,149,28,150,-122
original_0714,explosion,self_only,CMI,150,31,154,-123
original_0714,explosion,self_only,TT,151,22,146,-124
original_0714,explosion,self_only,VSH,152,31,156,-125
original_0714,explosion,self_only,TDY,153,32,158,-126
original_0714,explosion,self_only,SHECY,154,27,156,-129
original_0714,explosion,self_only,ET,155,25,154,-129
original_0714,explosion,self_only,SNPS,156,29,159,-130
original_0714,explosion,self_only,POWI,157,30,161,-131
original_0714,explosion,self_only,CSCO,158,13,144,-131
original_0714,explosion,self_only,DOV,159,28,161,-133
original_0714,explosion,self_only,GOOGL,160,27,162,-135
original_0714,explosion,self_only,ECL,161,27,163,-136
original_0714,explosion,self_only,NTAP,162,24,163,-139
original_0714,explosion,self_only,TXN,163,21,160,-139
original_0714,explosion,self_only,NDSN,164,25,166,-141
original_0714,explosion,self_only,DHR,165,23,166,-143
original_0714,explosion,self_only,ALLE,166,19,162,-143
original_0714,explosion,self_only,AEP,167,15,159,-144
original_0714,explosion,self_only,AOSL,168,19,165,-146
original_0714,explosion,self_only,ENS,169,15,161,-146
original_0714,explosion,self_only,EQIX,170,20,170,-150
original_0714,explosion,self_only,CDNS,171,19,169,-150
original_0714,explosion,self_only,DCI,172,17,169,-152
original_0714,explosion,self_only,ENPH,173,16,168,-152
original_0714,explosion,self_only,ASGLY,174,14,166,-152
original_0714,explosion,self_only,PLAB,175,18,171,-153
original_0714,explosion,self_only,MMM,176,12,166,-154
original_0714,explosion,self_only,DIOD,177,6,160,-154
original_0714,explosion,self_only,FTV,178,17,172,-155
original_0714,explosion,self_only,BDC,179,3,161,-158
original_0714,explosion,self_only,ATKR,180,15,174,-159
original_0714,explosion,self_only,LWLG,181,14,174,-160
original_0714,explosion,self_only,PH,182,10,171,-161
original_0714,explosion,self_only,TMO,183,7,169,-162
original_0714,explosion,self_only,IBM,184,11,175,-164
original_0714,explosion,self_only,LIN,185,11,178,-167
original_0714,explosion,self_only,PNR,186,4,176,-172
original_0714,explosion,self_only,DTE,187,5,178,-173
original_0714,explosion,self_only,DD,188,7,182,-175
original_0714,explosion,self_only,ROG,189,2,182,-180
original_0714,explosion,self_only,DKILY,190,1,182,-181
original_0714,explosion,self_only,APD,191,1,184,-183
original_0714,explosion,self_only,SOMMY,192,0,184,-184
original_0714,explosion,other_only,NVDA,1,188,0,188
original_0714,explosion,other_only,MU,2,188,1,187
original_0714,explosion,other_only,SKHY,3,185,1,184
original_0714,explosion,other_only,CRDO,4,182,1,181
original_0714,explosion,other_only,AVGO,5,180,2,178
original_0714,explosion,other_only,SNDK,6,181,4,177
original_0714,explosion,other_only,AAOI,7,180,4,176
original_0714,explosion,other_only,AMD,8,178,3,175
original_0714,explosion,other_only,LITE,9,177,2,175
original_0714,explosion,other_only,BE,10,174,3,171
original_0714,explosion,other_only,MOD,11,174,4,170
original_0714,explosion,other_only,BESIY,12,174,6,168
original_0714,explosion,other_only,COHR,13,173,6,167
original_0714,explosion,other_only,TSM,14,174,8,166
original_0714,explosion,other_only,CRWV,15,170,4,166
original_0714,explosion,other_only,VRT,16,170,6,164
original_0714,explosion,other_only,MRVL,17,169,5,164
original_0714,explosion,other_only,ATEYY,18,170,7,163
original_0714,explosion,other_only,ALAB,19,168,5,163
original_0714,explosion,other_only,ORCL,20,168,5,163
original_0714,explosion,other_only,GEV,21,166,9,157
original_0714,explosion,other_only,ONTO,22,166,9,157
original_0714,explosion,other_only,POWL,23,165,8,157
original_0714,explosion,other_only,VICR,24,164,10,154
original_0714,explosion,other_only,NBIS,25,165,12,153
original_0714,explosion,other_only,IREN,26,163,10,153
original_0714,explosion,other_only,AAON,27,160,12,148
original_0714,explosion,other_only,TER,28,158,12,146
original_0714,explosion,other_only,FIX,29,158,15,143
original_0714,explosion,other_only,NVT,30,156,13,143
original_0714,explosion,other_only,CLS,31,158,18,140
original_0714,explosion,other_only,GOOGL,32,157,17,140
original_0714,explosion,other_only,MPWR,33,152,15,137
original_0714,explosion,other_only,CAMT,34,155,19,136
original_0714,explosion,other_only,IESC,35,155,20,135
original_0714,explosion,other_only,TSEM,36,154,19,135
original_0714,explosion,other_only,AXTI,37,151,18,133
original_0714,explosion,other_only,META,38,153,21,132
original_0714,explosion,other_only,TOELY,39,153,21,132
original_0714,explosion,other_only,MTSI,40,150,18,132
original_0714,explosion,other_only,APLD,41,153,22,131
original_0714,explosion,other_only,VECO,42,152,21,131
original_0714,explosion,other_only,CIEN,43,149,18,131
original_0714,explosion,other_only,LRCX,44,152,22,130
original_0714,explosion,other_only,SITM,45,151,23,128
original_0714,explosion,other_only,DSCSY,46,151,24,127
original_0714,explosion,other_only,ASMVY,47,148,24,124
original_0714,explosion,other_only,MSFT,48,146,22,124
original_0714,explosion,other_only,ETN,49,145,21,124
original_0714,explosion,other_only,NVMI,50,149,26,123
original_0714,explosion,other_only,ACMR,51,147,25,122
original_0714,explosion,other_only,AMZN,52,146,24,122
original_0714,explosion,other_only,ANET,53,146,24,122
original_0714,explosion,other_only,CEG,54,146,25,121
original_0714,explosion,other_only,PENG,55,145,27,118
original_0714,explosion,other_only,AMAT,56,141,25,116
original_0714,explosion,other_only,ASMIY,57,145,30,115
original_0714,explosion,other_only,SMTC,58,143,28,115
original_0714,explosion,other_only,IFNNY,59,142,27,115
original_0714,explosion,other_only,KLAC,60,143,29,114
original_0714,explosion,other_only,CBRS,61,142,28,114
original_0714,explosion,other_only,STX,62,138,24,114
original_0714,explosion,other_only,VST,63,144,31,113
original_0714,explosion,other_only,SMCI,64,142,29,113
original_0714,explosion,other_only,TSLA,65,137,24,113
original_0714,explosion,other_only,PWR,66,140,28,112
original_0714,explosion,other_only,ASML,67,142,33,109
original_0714,explosion,other_only,RKLB,68,140,31,109
original_0714,explosion,other_only,FORM,69,141,36,105
original_0714,explosion,other_only,EME,70,139,35,104
original_0714,explosion,other_only,WDC,71,136,32,104
original_0714,explosion,other_only,ASX,72,139,36,103
original_0714,explosion,other_only,BABA,73,137,35,102
original_0714,explosion,other_only,ARM,74,135,36,99
original_0714,explosion,other_only,SIMO,75,135,39,96
original_0714,explosion,other_only,AEIS,76,133,42,91
original_0714,explosion,other_only,AEHR,77,129,42,87
original_0714,explosion,other_only,KLIC,78,126,45,81
original_0714,explosion,other_only,DELL,79,124,48,76
original_0714,explosion,other_only,MXL,80,124,48,76
original_0714,explosion,other_only,AMKR,81,125,50,75
original_0714,explosion,other_only,FLEX,82,123,48,75
original_0714,explosion,other_only,AMPX,83,122,48,74
original_0714,explosion,other_only,APH,84,120,46,74
original_0714,explosion,other_only,TT,85,119,45,74
original_0714,explosion,other_only,FN,86,123,53,70
original_0714,explosion,other_only,MKSI,87,123,54,69
original_0714,explosion,other_only,RYCEY,88,118,49,69
original_0714,explosion,other_only,RMBS,89,118,50,68
original_0714,explosion,other_only,GLW,90,119,52,67
original_0714,explosion,other_only,PSIX,91,122,57,65
original_0714,explosion,other_only,SANM,92,119,54,65
original_0714,explosion,other_only,GNRC,93,117,53,64
original_0714,explosion,other_only,MYRG,94,117,55,62
original_0714,explosion,other_only,HUBB,95,114,54,60
original_0714,explosion,other_only,ICHR,96,117,60,57
original_0714,explosion,other_only,CRWD,97,114,57,57
original_0714,explosion,other_only,UCTT,98,120,64,56
original_0714,explosion,other_only,BWXT,99,115,61,54
original_0714,explosion,other_only,MICLF,100,115,61,54
original_0714,explosion,other_only,VIAV,101,115,62,53
original_0714,explosion,other_only,HTHIY,102,113,63,50
original_0714,explosion,other_only,ABBNY,103,110,61,49
original_0714,explosion,other_only,COHU,104,112,65,47
original_0714,explosion,other_only,FLNC,105,110,64,46
original_0714,explosion,other_only,JBL,106,106,62,44
original_0714,explosion,other_only,CAT,107,108,70,38
original_0714,explosion,other_only,JCI,108,103,69,34
original_0714,explosion,other_only,TE,109,102,71,31
original_0714,explosion,other_only,KEYS,110,105,76,29
original_0714,explosion,other_only,ENTG,111,102,74,28
original_0714,explosion,other_only,CARR,112,102,75,27
original_0714,explosion,other_only,P,113,101,74,27
original_0714,explosion,other_only,TEL,114,100,77,23
original_0714,explosion,other_only,CMI,115,98,76,22
original_0714,explosion,other_only,HPE,116,99,78,21
original_0714,explosion,other_only,TTDKY,117,95,76,19
original_0714,explosion,other_only,QCOM,118,93,74,19
original_0714,explosion,other_only,Q,119,94,85,9
original_0714,explosion,other_only,ACLS,120,90,82,8
original_0714,explosion,other_only,NVTS,121,90,82,8
original_0714,explosion,other_only,BELFB,122,89,86,3
original_0714,explosion,other_only,MTRN,123,89,89,0
original_0714,explosion,other_only,DLR,124,87,89,-2
original_0714,explosion,other_only,SMTOY,125,82,88,-6
original_0714,explosion,other_only,ADI,126,82,90,-8
original_0714,explosion,other_only,MCHP,127,84,93,-9
original_0714,explosion,other_only,MRAAY,128,82,91,-9
original_0714,explosion,other_only,AOSL,129,78,97,-19
original_0714,explosion,other_only,LFUS,130,78,97,-19
original_0714,explosion,other_only,STM,131,76,99,-23
original_0714,explosion,other_only,MIELY,132,73,96,-23
original_0714,explosion,other_only,EQIX,133,73,98,-25
original_0714,explosion,other_only,POET,134,72,97,-25
original_0714,explosion,other_only,IMOS,135,76,103,-27
original_0714,explosion,other_only,DIOD,136,71,102,-31
original_0714,explosion,other_only,SNPS,137,70,106,-36
original_0714,explosion,other_only,ENS,138,67,105,-38
original_0714,explosion,other_only,ON,139,66,104,-38
original_0714,explosion,other_only,INTC,140,63,102,-39
original_0714,explosion,other_only,CDNS,141,66,109,-43
original_0714,explosion,other_only,SHECY,142,63,107,-44
original_0714,explosion,other_only,NTNX,143,58,111,-53
original_0714,explosion,other_only,MRAM,144,61,115,-54
original_0714,explosion,other_only,GFS,145,59,116,-57
original_0714,explosion,other_only,HOCPY,146,59,116,-57
original_0714,explosion,other_only,VSH,147,58,119,-61
original_0714,explosion,other_only,CSCO,148,54,119,-65
original_0714,explosion,other_only,ENPH,149,53,118,-65
original_0714,explosion,other_only,AJNMY,150,52,119,-67
original_0714,explosion,other_only,OKLO,151,53,122,-69
original_0714,explosion,other_only,ADBE,152,49,120,-71
original_0714,explosion,other_only,SMR,153,53,126,-73
original_0714,explosion,other_only,VISN,154,51,124,-73
original_0714,explosion,other_only,PH,155,48,121,-73
original_0714,explosion,other_only,POWI,156,46,126,-80
original_0714,explosion,other_only,NOK,157,50,131,-81
original_0714,explosion,other_only,MSI,158,46,132,-86
original_0714,explosion,other_only,UMC,159,40,127,-87
original_0714,explosion,other_only,DKILY,160,40,131,-91
original_0714,explosion,other_only,TDY,161,39,137,-98
original_0714,explosion,other_only,NDSN,162,36,134,-98
original_0714,explosion,other_only,WOLF,163,40,142,-102
original_0714,explosion,other_only,ECL,164,36,139,-103
original_0714,explosion,other_only,ROG,165,33,143,-110
original_0714,explosion,other_only,TXN,166,31,144,-113
original_0714,explosion,other_only,DOV,167,29,143,-114
original_0714,explosion,other_only,ATKR,168,30,145,-115
original_0714,explosion,other_only,BDC,169,30,145,-115
original_0714,explosion,other_only,PLAB,170,28,145,-117
original_0714,explosion,other_only,LWLG,171,30,152,-122
original_0714,explosion,other_only,CC,172,30,153,-123
original_0714,explosion,other_only,ET,173,28,152,-124
original_0714,explosion,other_only,FCEL,174,28,152,-124
original_0714,explosion,other_only,ASGLY,175,25,151,-126
original_0714,explosion,other_only,ETR,176,23,154,-131
original_0714,explosion,other_only,IBM,177,18,157,-139
original_0714,explosion,other_only,SOMMY,178,20,162,-142
original_0714,explosion,other_only,NTAP,179,17,161,-144
original_0714,explosion,other_only,DHR,180,17,163,-146
original_0714,explosion,other_only,ST,181,17,163,-146
original_0714,explosion,other_only,DD,182,15,163,-148
original_0714,explosion,other_only,DCI,183,14,163,-149
original_0714,explosion,other_only,TMO,184,11,164,-153
original_0714,explosion,other_only,AEP,185,14,170,-156
original_0714,explosion,other_only,APD,186,11,171,-160
original_0714,explosion,other_only,LIN,187,5,169,-164
original_0714,explosion,other_only,DTE,188,11,177,-166
original_0714,explosion,other_only,PNR,189,6,179,-173
original_0714,explosion,other_only,FTV,190,3,182,-179
original_0714,explosion,other_only,ALLE,191,1,183,-182
original_0714,explosion,other_only,MMM,192,1,183,-182
original_0714,explosion,agreement_only,AMD,1,169,1,168
original_0714,explosion,agreement_only,AAOI,2,160,1,159
original_0714,explosion,agreement_only,NBIS,3,159,1,158
original_0714,explosion,agreement_only,CRWV,4,154,1,153
original_0714,explosion,agreement_only,LITE,5,146,0,146
original_0714,explosion,agreement_only,MU,6,146,1,145
original_0714,explosion,agreement_only,ALAB,7,146,3,143
original_0714,explosion,agreement_only,VICR,8,147,5,142
original_0714,explosion,agreement_only,IREN,9,143,3,140
original_0714,explosion,agreement_only,CRDO,10,137,0,137
original_0714,explosion,agreement_only,BE,11,134,0,134
original_0714,explosion,agreement_only,GEV,12,134,0,134
original_0714,explosion,agreement_only,MRVL,13,137,4,133
original_0714,explosion,agreement_only,APLD,14,136,4,132
original_0714,explosion,agreement_only,SKHY,15,132,1,131
original_0714,explosion,agreement_only,CBRS,16,134,4,130
original_0714,explosion,agreement_only,AVGO,17,130,2,128
original_0714,explosion,agreement_only,MOD,18,129,2,127
original_0714,explosion,agreement_only,TSEM,19,129,4,125
original_0714,explosion,agreement_only,TER,20,127,6,121
original_0714,explosion,agreement_only,SNDK,21,122,1,121
original_0714,explosion,agreement_only,BESIY,22,126,6,120
original_0714,explosion,agreement_only,COHR,23,117,1,116
original_0714,explosion,agreement_only,SITM,24,125,10,115
original_0714,explosion,agreement_only,PWR,25,122,7,115
original_0714,explosion,agreement_only,VRT,26,114,0,114
original_0714,explosion,agreement_only,MTSI,27,122,11,111
original_0714,explosion,agreement_only,AXTI,28,118,8,110
original_0714,explosion,agreement_only,TSM,29,117,7,110
original_0714,explosion,agreement_only,AAON,30,114,5,109
original_0714,explosion,agreement_only,POWL,31,112,5,107
original_0714,explosion,agreement_only,CLS,32,113,7,106
original_0714,explosion,agreement_only,ORCL,33,110,4,106
original_0714,explosion,agreement_only,CAMT,34,111,16,95
original_0714,explosion,agreement_only,SMTC,35,118,24,94
original_0714,explosion,agreement_only,DSCSY,36,107,13,94
original_0714,explosion,agreement_only,ONTO,37,101,7,94
original_0714,explosion,agreement_only,NVMI,38,114,21,93
original_0714,explosion,agreement_only,ASMVY,39,108,17,91
original_0714,explosion,agreement_only,MPWR,40,98,8,90
original_0714,explosion,agreement_only,CIEN,41,99,11,88
original_0714,explosion,agreement_only,ATEYY,42,95,7,88
original_0714,explosion,agreement_only,PENG,43,107,20,87
original_0714,explosion,agreement_only,NVT,44,99,12,87
original_0714,explosion,agreement_only,ASMIY,45,102,16,86
original_0714,explosion,agreement_only,SIMO,46,107,22,85
original_0714,explosion,agreement_only,IFNNY,47,103,18,85
original_0714,explosion,agreement_only,ACMR,48,105,21,84
original_0714,explosion,agreement_only,STX,49,100,16,84
original_0714,explosion,agreement_only,SMCI,50,106,25,81
original_0714,explosion,agreement_only,VECO,51,95,14,81
original_0714,explosion,agreement_only,FIX,52,94,14,80
original_0714,explosion,agreement_only,ASX,53,95,22,73
original_0714,explosion,agreement_only,WDC,54,90,22,68
original_0714,explosion,agreement_only,MXL,55,89,22,67
original_0714,explosion,agreement_only,AEIS,56,94,29,65
original_0714,explosion,agreement_only,AMAT,57,89,25,64
original_0714,explosion,agreement_only,FN,58,81,18,63
original_0714,explosion,agreement_only,IESC,59,82,20,62
original_0714,explosion,agreement_only,AEHR,60,87,26,61
original_0714,explosion,agreement_only,TSLA,61,82,23,59
original_0714,explosion,agreement_only,KLAC,62,85,27,58
original_0714,explosion,agreement_only,ANET,63,81,24,57
original_0714,explosion,agreement_only,VST,64,78,25,53
original_0714,explosion,agreement_only,GLW,65,91,39,52
original_0714,explosion,agreement_only,RKLB,66,78,27,51
original_0714,explosion,agreement_only,AMPX,67,84,36,48
original_0714,explosion,agreement_only,DELL,68,87,43,44
original_0714,explosion,agreement_only,FLNC,69,79,37,42
original_0714,explosion,agreement_only,MSFT,70,63,21,42
original_0714,explosion,agreement_only,ASML,71,72,32,40
original_0714,explosion,agreement_only,COHU,72,68,28,40
original_0714,explosion,agreement_only,LRCX,73,61,21,40
original_0714,explosion,agreement_only,ARM,74,71,33,38
original_0714,explosion,agreement_only,NVDA,75,36,0,36
original_0714,explosion,agreement_only,AMKR,76,80,46,34
original_0714,explosion,agreement_only,ICHR,77,85,54,31
original_0714,explosion,agreement_only,GNRC,78,74,44,30
original_0714,explosion,agreement_only,ETN,79,50,21,29
original_0714,explosion,agreement_only,APH,80,71,44,27
original_0714,explosion,agreement_only,KLIC,81,65,39,26
original_0714,explosion,agreement_only,AMZN,82,49,23,26
original_0714,explosion,agreement_only,RMBS,83,67,46,21
original_0714,explosion,agreement_only,BABA,84,54,33,21
original_0714,explosion,agreement_only,META,85,37,21,16
original_0714,explosion,agreement_only,MKSI,86,60,45,15
original_0714,explosion,agreement_only,PSIX,87,48,33,15
original_0714,explosion,agreement_only,CAT,88,72,59,13
original_0714,explosion,agreement_only,JBL,89,67,54,13
original_0714,explosion,agreement_only,FORM,90,37,27,10
original_0714,explosion,agreement_only,GOOGL,91,27,17,10
original_0714,explosion,agreement_only,TOELY,92,25,19,6
original_0714,explosion,agreement_only,ENTG,93,48,43,5
original_0714,explosion,agreement_only,MICLF,94,59,55,4
original_0714,explosion,agreement_only,VIAV,95,57,56,1
original_0714,explosion,agreement_only,EME,96,36,35,1
original_0714,explosion,agreement_only,MYRG,97,52,53,-1
original_0714,explosion,agreement_only,CEG,98,20,25,-5
original_0714,explosion,agreement_only,UCTT,99,55,61,-6
original_0714,explosion,agreement_only,TE,100,47,54,-7
original_0714,explosion,agreement_only,P,101,54,63,-9
original_0714,explosion,agreement_only,RYCEY,102,40,49,-9
original_0714,explosion,agreement_only,KEYS,103,57,69,-12
original_0714,explosion,agreement_only,QCOM,104,57,71,-14
original_0714,explosion,agreement_only,ABBNY,105,43,57,-14
original_0714,explosion,agreement_only,HUBB,106,33,52,-19
original_0714,explosion,agreement_only,SANM,107,27,47,-20
original_0714,explosion,agreement_only,TEL,108,51,72,-21
original_0714,explosion,agreement_only,JCI,109,45,66,-21
original_0714,explosion,agreement_only,FLEX,110,26,48,-22
original_0714,explosion,agreement_only,TT,111,21,44,-23
original_0714,explosion,agreement_only,CRWD,112,33,57,-24
original_0714,explosion,agreement_only,BWXT,113,33,58,-25
original_0714,explosion,agreement_only,HTHIY,114,34,60,-26
original_0714,explosion,agreement_only,STM,115,49,77,-28
original_0714,explosion,agreement_only,CARR,116,43,72,-29
original_0714,explosion,agreement_only,MCHP,117,50,80,-30
original_0714,explosion,agreement_only,POET,118,47,77,-30
original_0714,explosion,agreement_only,Q,119,30,60,-30
original_0714,explosion,agreement_only,NVTS,120,40,71,-31
original_0714,explosion,agreement_only,MTRN,121,47,79,-32
original_0714,explosion,agreement_only,SMTOY,122,45,77,-32
original_0714,explosion,agreement_only,ACLS,123,41,73,-32
original_0714,explosion,agreement_only,ADI,124,51,84,-33
original_0714,explosion,agreement_only,MRAM,125,53,87,-34
original_0714,explosion,agreement_only,HPE,126,37,75,-38
original_0714,explosion,agreement_only,DLR,127,43,82,-39
original_0714,explosion,agreement_only,TTDKY,128,32,72,-40
original_0714,explosion,agreement_only,MRAAY,129,42,83,-41
original_0714,explosion,agreement_only,LFUS,130,45,88,-43
original_0714,explosion,agreement_only,ON,131,45,90,-45
original_0714,explosion,agreement_only,CMI,132,30,76,-46
original_0714,explosion,agreement_only,INTC,133,39,90,-51
original_0714,explosion,agreement_only,IMOS,134,41,93,-52
original_0714,explosion,agreement_only,BELFB,135,31,83,-52
original_0714,explosion,agreement_only,ST,136,11,64,-53
original_0714,explosion,agreement_only,GFS,137,41,95,-54
original_0714,explosion,agreement_only,MIELY,138,33,91,-58
original_0714,explosion,agreement_only,OKLO,139,29,87,-58
original_0714,explosion,agreement_only,NTNX,140,36,104,-68
original_0714,explosion,agreement_only,WOLF,141,27,98,-71
original_0714,explosion,agreement_only,HOCPY,142,16,88,-72
original_0714,explosion,agreement_only,AJNMY,143,30,103,-73
original_0714,explosion,agreement_only,EQIX,144,18,96,-78
original_0714,explosion,agreement_only,SNPS,145,26,105,-79
original_0714,explosion,agreement_only,SMR,146,24,103,-79
original_0714,explosion,agreement_only,SHECY,147,21,101,-80
original_0714,explosion,agreement_only,AOSL,148,13,93,-80
original_0714,explosion,agreement_only,VISN,149,22,103,-81
original_0714,explosion,agreement_only,UMC,150,25,110,-85
original_0714,explosion,agreement_only,ADBE,151,26,113,-87
original_0714,explosion,agreement_only,VSH,152,19,108,-89
original_0714,explosion,agreement_only,ENS,153,12,101,-89
original_0714,explosion,agreement_only,CDNS,154,13,104,-91
original_0714,explosion,agreement_only,MSI,155,28,120,-92
original_0714,explosion,agreement_only,DIOD,156,5,100,-95
original_0714,explosion,agreement_only,NOK,157,28,125,-97
original_0714,explosion,agreement_only,POWI,158,16,117,-101
original_0714,explosion,agreement_only,ENPH,159,14,116,-102
original_0714,explosion,agreement_only,CSCO,160,13,115,-102
original_0714,explosion,agreement_only,FCEL,161,12,115,-103
original_0714,explosion,agreement_only,TDY,162,24,130,-106
original_0714,explosion,agreement_only,PH,163,8,118,-110
original_0714,explosion,agreement_only,NDSN,164,16,129,-113
original_0714,explosion,agreement_only,ECL,165,15,130,-115
original_0714,explosion,agreement_only,DOV,166,17,133,-116
original_0714,explosion,agreement_only,CC,167,16,132,-116
original_0714,explosion,agreement_only,ETR,168,14,134,-120
original_0714,explosion,agreement_only,TXN,169,14,136,-122
original_0714,explosion,agreement_only,ET,170,12,137,-125
original_0714,explosion,agreement_only,PLAB,171,11,140,-129
original_0714,explosion,agreement_only,DKILY,172,0,129,-129
original_0714,explosion,agreement_only,ASGLY,173,8,140,-132
original_0714,explosion,agreement_only,ATKR,174,9,142,-133
original_0714,explosion,agreement_only,BDC,175,1,134,-133
original_0714,explosion,agreement_only,LWLG,176,4,141,-137
original_0714,explosion,agreement_only,NTAP,177,6,144,-138
original_0714,explosion,agreement_only,ROG,178,1,140,-139
original_0714,explosion,agreement_only,IBM,179,4,148,-144
original_0714,explosion,agreement_only,DCI,180,6,151,-145
original_0714,explosion,agreement_only,AEP,181,7,153,-146
original_0714,explosion,agreement_only,DHR,182,7,153,-146
original_0714,explosion,agreement_only,TMO,183,0,151,-151
original_0714,explosion,agreement_only,ALLE,184,1,159,-158
original_0714,explosion,agreement_only,DD,185,1,159,-158
original_0714,explosion,agreement_only,LIN,186,2,161,-159
original_0714,explosion,agreement_only,SOMMY,187,0,160,-160
original_0714,explosion,agreement_only,MMM,188,0,161,-161
original_0714,explosion,agreement_only,FTV,189,2,167,-165
original_0714,explosion,agreement_only,APD,190,0,166,-166
original_0714,explosion,agreement_only,PNR,191,1,168,-167
original_0714,explosion,agreement_only,DTE,192,2,170,-168
original_0714,explosion,high_only,MU,1,277,0,277
original_0714,explosion,high_only,SKHY,2,256,0,256
original_0714,explosion,high_only,CRDO,3,251,3,248
original_0714,explosion,high_only,AMD,4,250,2,248
original_0714,explosion,high_only,CRWV,5,243,5,238
original_0714,explosion,high_only,AVGO,6,227,2,225
original_0714,explosion,high_only,TSM,7,224,8,216
original_0714,explosion,high_only,LITE,8,201,6,195
original_0714,explosion,high_only,MRVL,9,196,4,192
original_0714,explosion,high_only,AAOI,10,190,0,190
original_0714,explosion,high_only,ALAB,11,194,6,188
original_0714,explosion,high_only,MOD,12,184,7,177
original_0714,explosion,high_only,NBIS,13,176,0,176
original_0714,explosion,high_only,ORCL,14,179,8,171
original_0714,explosion,high_only,NVDA,15,169,0,169
original_0714,explosion,high_only,BESIY,16,176,12,164
original_0714,explosion,high_only,SNDK,17,165,4,161
original_0714,explosion,high_only,GEV,18,156,0,156
original_0714,explosion,high_only,MPWR,19,173,18,155
original_0714,explosion,high_only,ASMIY,20,169,17,152
original_0714,explosion,high_only,VICR,21,152,3,149
original_0714,explosion,high_only,POWL,22,160,18,142
original_0714,explosion,high_only,CLS,23,151,9,142
original_0714,explosion,high_only,CAMT,24,149,12,137
original_0714,explosion,high_only,ATEYY,25,145,13,132
original_0714,explosion,high_only,VRT,26,132,0,132
original_0714,explosion,high_only,COHR,27,131,0,131
original_0714,explosion,high_only,CBRS,28,133,3,130
original_0714,explosion,high_only,BE,29,130,4,126
original_0714,explosion,high_only,AAON,30,119,2,117
original_0714,explosion,high_only,TER,31,118,8,110
original_0714,explosion,high_only,MSFT,32,138,30,108
original_0714,explosion,high_only,TSEM,33,115,7,108
original_0714,explosion,high_only,DSCSY,34,113,6,107
original_0714,explosion,high_only,CIEN,35,122,19,103
original_0714,explosion,high_only,FIX,36,144,42,102
original_0714,explosion,high_only,KLAC,37,125,23,102
original_0714,explosion,high_only,SITM,38,115,14,101
original_0714,explosion,high_only,IFNNY,39,145,46,99
original_0714,explosion,high_only,ASML,40,116,17,99
original_0714,explosion,high_only,ONTO,41,100,6,94
original_0714,explosion,high_only,ANET,42,115,22,93
original_0714,explosion,high_only,NVT,43,110,17,93
original_0714,explosion,high_only,IREN,44,97,7,90
original_0714,explosion,high_only,ASMVY,45,106,18,88
original_0714,explosion,high_only,LRCX,46,111,25,86
original_0714,explosion,high_only,ASX,47,101,16,85
original_0714,explosion,high_only,ACMR,48,107,23,84
original_0714,explosion,high_only,AMZN,49,83,2,81
original_0714,explosion,high_only,ETN,50,100,22,78
original_0714,explosion,high_only,GOOGL,51,105,32,73
original_0714,explosion,high_only,NVMI,52,80,10,70
original_0714,explosion,high_only,PWR,53,69,3,66
original_0714,explosion,high_only,DELL,54,93,29,64
original_0714,explosion,high_only,MTSI,55,72,9,63
original_0714,explosion,high_only,AMAT,56,96,34,62
original_0714,explosion,high_only,CEG,57,70,8,62
original_0714,explosion,high_only,SIMO,58,68,10,58
original_0714,explosion,high_only,APLD,59,59,1,58
original_0714,explosion,high_only,AEIS,60,71,16,55
original_0714,explosion,high_only,IESC,61,70,19,51
original_0714,explosion,high_only,TOELY,62,102,53,49
original_0714,explosion,high_only,STX,63,75,26,49
original_0714,explosion,high_only,VECO,64,60,11,49
original_0714,explosion,high_only,GLW,65,85,43,42
original_0714,explosion,high_only,VST,66,60,18,42
original_0714,explosion,high_only,FN,67,50,8,42
original_0714,explosion,high_only,AXTI,68,47,5,42
original_0714,explosion,high_only,META,69,87,48,39
original_0714,explosion,high_only,SMCI,70,52,13,39
original_0714,explosion,high_only,MXL,71,42,9,33
original_0714,explosion,high_only,APH,72,76,46,30
original_0714,explosion,high_only,SMTC,73,33,9,24
original_0714,explosion,high_only,PENG,74,32,10,22
original_0714,explosion,high_only,WDC,75,39,19,20
original_0714,explosion,high_only,TEL,76,38,18,20
original_0714,explosion,high_only,PSIX,77,32,12,20
original_0714,explosion,high_only,RKLB,78,53,34,19
original_0714,explosion,high_only,AMKR,79,32,16,16
original_0714,explosion,high_only,TT,80,32,21,11
original_0714,explosion,high_only,MICLF,81,48,42,6
original_0714,explosion,high_only,EME,82,66,63,3
original_0714,explosion,high_only,FORM,83,42,40,2
original_0714,explosion,high_only,MKSI,84,9,10,-1
original_0714,explosion,high_only,SANM,85,27,29,-2
original_0714,explosion,high_only,ARM,86,42,45,-3
original_0714,explosion,high_only,JBL,87,34,40,-6
original_0714,explosion,high_only,RYCEY,88,22,28,-6
original_0714,explosion,high_only,ENTG,89,12,20,-8
original_0714,explosion,high_only,QCOM,90,3,11,-8
original_0714,explosion,high_only,GNRC,91,38,50,-12
original_0714,explosion,high_only,COHU,92,3,17,-14
original_0714,explosion,high_only,AMPX,93,8,23,-15
original_0714,explosion,high_only,BABA,94,10,26,-16
original_0714,explosion,high_only,HTHIY,95,44,61,-17
original_0714,explosion,high_only,ABBNY,96,41,60,-19
original_0714,explosion,high_only,Q,97,10,29,-19
original_0714,explosion,high_only,FLNC,98,5,24,-19
original_0714,explosion,high_only,KEYS,99,36,58,-22
original_0714,explosion,high_only,OKLO,100,3,27,-24
original_0714,explosion,high_only,AEHR,101,17,42,-25
original_0714,explosion,high_only,CAT,102,21,47,-26
original_0714,explosion,high_only,TSLA,103,27,55,-28
original_0714,explosion,high_only,FLEX,104,34,63,-29
original_0714,explosion,high_only,ADI,105,21,55,-34
original_0714,explosion,high_only,VIAV,106,18,53,-35
original_0714,explosion,high_only,RMBS,107,15,50,-35
original_0714,explosion,high_only,CRWD,108,10,48,-38
original_0714,explosion,high_only,ON,109,43,82,-39
original_0714,explosion,high_only,P,110,22,61,-39
original_0714,explosion,high_only,CARR,111,17,57,-40
original_0714,explosion,high_only,HOCPY,112,1,42,-41
original_0714,explosion,high_only,HPE,113,15,57,-42
original_0714,explosion,high_only,HUBB,114,25,68,-43
original_0714,explosion,high_only,KLIC,115,8,53,-45
original_0714,explosion,high_only,SMR,116,2,47,-45
original_0714,explosion,high_only,CMI,117,24,70,-46
original_0714,explosion,high_only,ICHR,118,1,47,-46
original_0714,explosion,high_only,ACLS,119,0,47,-47
original_0714,explosion,high_only,JCI,120,29,78,-49
original_0714,explosion,high_only,ADBE,121,11,60,-49
original_0714,explosion,high_only,BWXT,122,10,61,-51
original_0714,explosion,high_only,LWLG,123,0,52,-52
original_0714,explosion,high_only,CSCO,124,2,55,-53
original_0714,explosion,high_only,POET,125,2,57,-55
original_0714,explosion,high_only,MYRG,126,10,68,-58
original_0714,explosion,high_only,INTC,127,16,76,-60
original_0714,explosion,high_only,STM,128,21,84,-63
original_0714,explosion,high_only,UCTT,129,2,66,-64
original_0714,explosion,high_only,LFUS,130,4,70,-66
original_0714,explosion,high_only,CDNS,131,2,69,-67
original_0714,explosion,high_only,DLR,132,2,69,-67
original_0714,explosion,high_only,ST,133,1,68,-67
original_0714,explosion,high_only,BDC,134,0,67,-67
original_0714,explosion,high_only,TE,135,0,67,-67
original_0714,explosion,high_only,MIELY,136,13,82,-69
original_0714,explosion,high_only,TTDKY,137,3,76,-73
original_0714,explosion,high_only,MRAAY,138,9,83,-74
original_0714,explosion,high_only,NVTS,139,5,84,-79
original_0714,explosion,high_only,SMTOY,140,17,97,-80
original_0714,explosion,high_only,MCHP,141,1,81,-80
original_0714,explosion,high_only,AJNMY,142,0,80,-80
original_0714,explosion,high_only,BELFB,143,1,84,-83
original_0714,explosion,high_only,SHECY,144,2,86,-84
original_0714,explosion,high_only,MTRN,145,16,101,-85
original_0714,explosion,high_only,EQIX,146,1,86,-85
original_0714,explosion,high_only,SNPS,147,2,88,-86
original_0714,explosion,high_only,IMOS,148,4,92,-88
original_0714,explosion,high_only,WOLF,149,1,89,-88
original_0714,explosion,high_only,ENPH,150,2,93,-91
original_0714,explosion,high_only,ENS,151,1,93,-92
original_0714,explosion,high_only,AOSL,152,1,95,-94
original_0714,explosion,high_only,GFS,153,3,98,-95
original_0714,explosion,high_only,MSI,154,1,98,-97
original_0714,explosion,high_only,PH,155,1,98,-97
original_0714,explosion,high_only,MRAM,156,0,97,-97
original_0714,explosion,high_only,NOK,157,5,104,-99
original_0714,explosion,high_only,NTNX,158,0,105,-105
original_0714,explosion,high_only,DKILY,159,0,106,-106
original_0714,explosion,high_only,NTAP,160,0,107,-107
original_0714,explosion,high_only,TXN,161,0,109,-109
original_0714,explosion,high_only,FCEL,162,0,110,-110
original_0714,explosion,high_only,ASGLY,163,0,111,-111
original_0714,explosion,high_only,VISN,164,0,111,-111
original_0714,explosion,high_only,CC,165,0,116,-116
original_0714,explosion,high_only,DIOD,166,1,119,-118
original_0714,explosion,high_only,POWI,167,0,120,-120
original_0714,explosion,high_only,ET,168,2,123,-121
original_0714,explosion,high_only,VSH,169,0,121,-121
original_0714,explosion,high_only,DHR,170,1,123,-122
original_0714,explosion,high_only,SOMMY,171,0,124,-124
original_0714,explosion,high_only,NDSN,172,0,125,-125
original_0714,explosion,high_only,ECL,173,1,127,-126
original_0714,explosion,high_only,DOV,174,0,126,-126
original_0714,explosion,high_only,UMC,175,0,127,-127
original_0714,explosion,high_only,LIN,176,1,130,-129
original_0714,explosion,high_only,ROG,177,0,136,-136
original_0714,explosion,high_only,TMO,178,0,137,-137
original_0714,explosion,high_only,TDY,179,0,139,-139
original_0714,explosion,high_only,IBM,180,0,141,-141
original_0714,explosion,high_only,AEP,181,1,146,-145
original_0714,explosion,high_only,ETR,182,0,147,-147
original_0714,explosion,high_only,PLAB,183,0,147,-147
original_0714,explosion,high_only,DD,184,0,152,-152
original_0714,explosion,high_only,DCI,185,0,153,-153
original_0714,explosion,high_only,APD,186,0,155,-155
original_0714,explosion,high_only,ALLE,187,0,156,-156
original_0714,explosion,high_only,ATKR,188,0,156,-156
original_0714,explosion,high_only,PNR,189,0,160,-160
original_0714,explosion,high_only,FTV,190,0,172,-172
original_0714,explosion,high_only,DTE,191,0,184,-184
original_0714,explosion,high_only,MMM,192,0,205,-205
original_0714,explosion,strength_weighted,AMD,1,352,15,636
original_0714,explosion,strength_weighted,MU,2,334,8,615
original_0714,explosion,strength_weighted,CRWV,3,335,12,607
original_0714,explosion,strength_weighted,NBIS,4,342,13,600
original_0714,explosion,strength_weighted,CRDO,5,321,10,585
original_0714,explosion,strength_weighted,SKHY,6,318,13,585
original_0714,explosion,strength_weighted,AAOI,7,346,8,576
original_0714,explosion,strength_weighted,LITE,8,328,36,539
original_0714,explosion,strength_weighted,ALAB,9,324,24,538
original_0714,explosion,strength_weighted,BE,10,312,20,534
original_0714,explosion,strength_weighted,SNDK,11,309,21,529
original_0714,explosion,strength_weighted,MOD,12,312,34,525
original_0714,explosion,strength_weighted,VICR,13,326,30,513
original_0714,explosion,strength_weighted,MRVL,14,309,33,513
original_0714,explosion,strength_weighted,AVGO,15,312,54,510
original_0714,explosion,strength_weighted,IREN,16,320,40,499
original_0714,explosion,strength_weighted,COHR,17,291,22,491
original_0714,explosion,strength_weighted,GEV,18,307,11,487
original_0714,explosion,strength_weighted,APLD,19,309,38,486
original_0714,explosion,strength_weighted,VRT,20,284,10,480
original_0714,explosion,strength_weighted,CBRS,21,307,35,477
original_0714,explosion,strength_weighted,TSEM,22,305,29,469
original_0714,explosion,strength_weighted,TER,23,294,40,469
original_0714,explosion,strength_weighted,CLS,24,277,35,451
original_0714,explosion,strength_weighted,PWR,25,291,56,449
original_0714,explosion,strength_weighted,TSM,26,291,64,446
original_0714,explosion,strength_weighted,AAON,27,276,26,444
original_0714,explosion,strength_weighted,BESIY,28,302,69,436
original_0714,explosion,strength_weighted,ORCL,29,281,67,425
original_0714,explosion,strength_weighted,SITM,30,287,51,408
original_0714,explosion,strength_weighted,CAMT,31,271,61,394
original_0714,explosion,strength_weighted,POWL,32,281,61,390
original_0714,explosion,strength_weighted,AXTI,33,281,63,383
original_0714,explosion,strength_weighted,DSCSY,34,266,53,381
original_0714,explosion,strength_weighted,MTSI,35,281,64,375
original_0714,explosion,strength_weighted,ASMIY,36,254,70,370
original_0714,explosion,strength_weighted,NVDA,37,224,30,369
original_0714,explosion,strength_weighted,ONTO,38,270,80,352
original_0714,explosion,strength_weighted,NVMI,39,269,86,342
original_0714,explosion,strength_weighted,MPWR,40,260,89,341
original_0714,explosion,strength_weighted,NVT,41,258,86,332
original_0714,explosion,strength_weighted,ATEYY,42,265,102,329
original_0714,explosion,strength_weighted,ASMVY,43,266,84,327
original_0714,explosion,strength_weighted,CIEN,44,255,74,325
original_0714,explosion,strength_weighted,SMTC,45,269,84,318
original_0714,explosion,strength_weighted,ACMR,46,263,86,318
original_0714,explosion,strength_weighted,SIMO,47,260,79,313
original_0714,explosion,strength_weighted,IFNNY,48,257,89,308
original_0714,explosion,strength_weighted,SMCI,49,257,95,308
original_0714,explosion,strength_weighted,ASX,50,247,95,297
original_0714,explosion,strength_weighted,FIX,51,254,108,292
original_0714,explosion,strength_weighted,VECO,52,253,73,289
original_0714,explosion,strength_weighted,PENG,53,261,94,283
original_0714,explosion,strength_weighted,STX,54,254,92,270
original_0714,explosion,strength_weighted,ANET,55,227,102,259
original_0714,explosion,strength_weighted,MXL,56,224,74,250
original_0714,explosion,strength_weighted,KLAC,57,229,109,245
original_0714,explosion,strength_weighted,AEIS,58,243,109,239
original_0714,explosion,strength_weighted,FN,59,236,75,231
original_0714,explosion,strength_weighted,IESC,60,239,122,229
original_0714,explosion,strength_weighted,AMAT,61,231,115,226
original_0714,explosion,strength_weighted,VST,62,229,110,206
original_0714,explosion,strength_weighted,AEHR,63,237,110,187
original_0714,explosion,strength_weighted,WDC,64,239,114,186
original_0714,explosion,strength_weighted,RKLB,65,223,121,181
original_0714,explosion,strength_weighted,LRCX,66,214,145,180
original_0714,explosion,strength_weighted,GLW,67,230,124,170
original_0714,explosion,strength_weighted,TSLA,68,227,120,170
original_0714,explosion,strength_weighted,ASML,69,216,148,169
original_0714,explosion,strength_weighted,MSFT,70,210,148,161
original_0714,explosion,strength_weighted,DELL,71,220,143,151
original_0714,explosion,strength_weighted,COHU,72,204,110,138
original_0714,explosion,strength_weighted,AMPX,73,222,136,133
original_0714,explosion,strength_weighted,AMZN,74,197,134,131
original_0714,explosion,strength_weighted,FLNC,75,222,135,127
original_0714,explosion,strength_weighted,ETN,76,195,155,114
original_0714,explosion,strength_weighted,ARM,77,209,147,110
original_0714,explosion,strength_weighted,PSIX,78,176,117,109
original_0714,explosion,strength_weighted,FORM,79,181,136,96
original_0714,explosion,strength_weighted,TOELY,80,178,152,93
original_0714,explosion,strength_weighted,META,81,191,174,87
original_0714,explosion,strength_weighted,GNRC,82,205,153,84
original_0714,explosion,strength_weighted,APH,83,194,161,79
original_0714,explosion,strength_weighted,BABA,84,194,159,75
original_0714,explosion,strength_weighted,MKSI,85,189,153,73
original_0714,explosion,strength_weighted,GOOGL,86,184,179,72
original_0714,explosion,strength_weighted,ICHR,87,215,150,70
original_0714,explosion,strength_weighted,AMKR,88,211,147,63
original_0714,explosion,strength_weighted,RMBS,89,190,154,45
original_0714,explosion,strength_weighted,KLIC,90,198,154,44
original_0714,explosion,strength_weighted,CEG,91,166,157,37
original_0714,explosion,strength_weighted,JBL,92,182,170,29
original_0714,explosion,strength_weighted,ENTG,93,161,140,15
original_0714,explosion,strength_weighted,CAT,94,190,175,12
original_0714,explosion,strength_weighted,EME,95,176,187,0
original_0714,explosion,strength_weighted,MICLF,96,179,181,-1
original_0714,explosion,strength_weighted,VIAV,97,178,168,-2
original_0714,explosion,strength_weighted,P,98,165,176,-17
original_0714,explosion,strength_weighted,KEYS,99,167,191,-32
original_0714,explosion,strength_weighted,SANM,100,150,172,-32
original_0714,explosion,strength_weighted,RYCEY,101,161,189,-43
original_0714,explosion,strength_weighted,UCTT,102,179,187,-50
original_0714,explosion,strength_weighted,QCOM,103,162,193,-51
original_0714,explosion,strength_weighted,TEL,104,153,202,-55
original_0714,explosion,strength_weighted,Q,105,131,168,-55
original_0714,explosion,strength_weighted,MYRG,106,172,180,-57
original_0714,explosion,strength_weighted,FLEX,107,151,190,-66
original_0714,explosion,strength_weighted,ABBNY,108,157,200,-67
original_0714,explosion,strength_weighted,HUBB,109,151,188,-68
original_0714,explosion,strength_weighted,CRWD,110,147,205,-82
original_0714,explosion,strength_weighted,TT,111,141,191,-82
original_0714,explosion,strength_weighted,HTHIY,112,149,212,-95
original_0714,explosion,strength_weighted,JCI,113,150,208,-103
original_0714,explosion,strength_weighted,BWXT,114,150,193,-105
original_0714,explosion,strength_weighted,CARR,115,149,219,-106
original_0714,explosion,strength_weighted,ADI,116,140,214,-115
original_0714,explosion,strength_weighted,STM,117,143,210,-135
original_0714,explosion,strength_weighted,HPE,118,139,227,-135
original_0714,explosion,strength_weighted,MCHP,119,149,204,-140
original_0714,explosion,strength_weighted,POET,120,148,207,-148
original_0714,explosion,strength_weighted,TE,121,168,192,-156
original_0714,explosion,strength_weighted,ON,122,131,221,-160
original_0714,explosion,strength_weighted,DLR,123,138,215,-163
original_0714,explosion,strength_weighted,ACLS,124,140,209,-167
original_0714,explosion,strength_weighted,MRAM,125,150,216,-169
original_0714,explosion,strength_weighted,NVTS,126,140,212,-169
original_0714,explosion,strength_weighted,SMTOY,127,136,215,-170
original_0714,explosion,strength_weighted,MTRN,128,145,213,-172
original_0714,explosion,strength_weighted,LFUS,129,133,230,-176
original_0714,explosion,strength_weighted,MRAAY,130,136,225,-184
original_0714,explosion,strength_weighted,TTDKY,131,132,219,-194
original_0714,explosion,strength_weighted,CMI,132,129,230,-203
original_0714,explosion,strength_weighted,OKLO,133,126,238,-216
original_0714,explosion,strength_weighted,MIELY,134,113,237,-218
original_0714,explosion,strength_weighted,BELFB,135,125,237,-220
original_0714,explosion,strength_weighted,HOCPY,136,86,228,-221
original_0714,explosion,strength_weighted,GFS,137,121,235,-229
original_0714,explosion,strength_weighted,INTC,138,117,233,-230
original_0714,explosion,strength_weighted,IMOS,139,122,234,-248
original_0714,explosion,strength_weighted,SNPS,140,99,265,-261
original_0714,explosion,strength_weighted,AJNMY,141,97,253,-290
original_0714,explosion,strength_weighted,WOLF,142,114,256,-291
original_0714,explosion,strength_weighted,SMR,143,100,265,-295
original_0714,explosion,strength_weighted,ST,144,70,228,-295
original_0714,explosion,strength_weighted,NTNX,145,107,248,-308
original_0714,explosion,strength_weighted,CDNS,146,85,278,-308
original_0714,explosion,strength_weighted,ADBE,147,85,271,-315
original_0714,explosion,strength_weighted,VISN,148,93,263,-320
original_0714,explosion,strength_weighted,SHECY,149,90,263,-325
original_0714,explosion,strength_weighted,ENS,150,82,266,-325
original_0714,explosion,strength_weighted,DIOD,151,77,262,-330
original_0714,explosion,strength_weighted,CSCO,152,67,263,-332
original_0714,explosion,strength_weighted,EQIX,153,93,268,-339
original_0714,explosion,strength_weighted,NOK,154,85,282,-342
original_0714,explosion,strength_weighted,AOSL,155,97,262,-347
original_0714,explosion,strength_weighted,MSI,156,83,279,-352
original_0714,explosion,strength_weighted,UMC,157,85,266,-371
original_0714,explosion,strength_weighted,ENPH,158,69,286,-376
original_0714,explosion,strength_weighted,VSH,159,89,275,-389
original_0714,explosion,strength_weighted,POWI,160,76,287,-400
original_0714,explosion,strength_weighted,TDY,161,71,295,-407
original_0714,explosion,strength_weighted,FCEL,162,74,286,-410
original_0714,explosion,strength_weighted,PH,163,58,292,-410
original_0714,explosion,strength_weighted,CC,164,58,303,-421
original_0714,explosion,strength_weighted,NDSN,165,61,300,-427
original_0714,explosion,strength_weighted,ECL,166,63,302,-436
original_0714,explosion,strength_weighted,NTAP,167,41,324,-438
original_0714,explosion,strength_weighted,TXN,168,52,304,-440
original_0714,explosion,strength_weighted,ET,169,53,306,-442
original_0714,explosion,strength_weighted,DOV,170,57,304,-447
original_0714,explosion,strength_weighted,DKILY,171,41,313,-452
original_0714,explosion,strength_weighted,ATKR,172,45,319,-464
original_0714,explosion,strength_weighted,LWLG,173,44,326,-473
original_0714,explosion,strength_weighted,ETR,174,57,308,-478
original_0714,explosion,strength_weighted,PLAB,175,46,316,-490
original_0714,explosion,strength_weighted,BDC,176,33,306,-493
original_0714,explosion,strength_weighted,ASGLY,177,39,317,-500
original_0714,explosion,strength_weighted,DHR,178,40,329,-507
original_0714,explosion,strength_weighted,DCI,179,31,332,-521
original_0714,explosion,strength_weighted,ROG,180,35,325,-529
original_0714,explosion,strength_weighted,IBM,181,29,332,-547
original_0714,explosion,strength_weighted,LIN,182,16,347,-552
original_0714,explosion,strength_weighted,AEP,183,29,329,-557
original_0714,explosion,strength_weighted,TMO,184,18,333,-557
original_0714,explosion,strength_weighted,ALLE,185,20,345,-577
original_0714,explosion,strength_weighted,DD,186,22,345,-578
original_0714,explosion,strength_weighted,SOMMY,187,20,346,-588
original_0714,explosion,strength_weighted,PNR,188,10,355,-598
original_0714,explosion,strength_weighted,APD,189,12,355,-604
original_0714,explosion,strength_weighted,MMM,190,13,349,-608
original_0714,explosion,strength_weighted,FTV,191,20,354,-613
original_0714,explosion,strength_weighted,DTE,192,16,355,-622
original_0714,mispricing,both,ADBE,1,362,5,357
original_0714,mispricing,both,ORCL,2,355,18,337
original_0714,mispricing,both,BABA,3,352,19,333
original_0714,mispricing,both,ST,4,345,12,333
original_0714,mispricing,both,VST,5,333,24,309
original_0714,mispricing,both,QCOM,6,331,30,301
original_0714,mispricing,both,VISN,7,315,27,288
original_0714,mispricing,both,BDC,8,304,16,288
original_0714,mispricing,both,PNR,9,327,42,285
original_0714,mispricing,both,TSM,10,320,54,266
original_0714,mispricing,both,TEL,11,297,49,248
original_0714,mispricing,both,ENS,12,303,61,242
original_0714,mispricing,both,SMCI,13,267,47,220
original_0714,mispricing,both,JBL,14,279,68,211
original_0714,mispricing,both,AVGO,15,269,59,210
original_0714,mispricing,both,ET,16,261,52,209
original_0714,mispricing,both,MSFT,17,263,55,208
original_0714,mispricing,both,META,18,272,66,206
original_0714,mispricing,both,MU,19,285,81,204
original_0714,mispricing,both,NVDA,20,217,14,203
original_0714,mispricing,both,TMO,21,271,70,201
original_0714,mispricing,both,HPE,22,276,77,199
original_0714,mispricing,both,DD,23,278,80,198
original_0714,mispricing,both,DOV,24,264,68,196
original_0714,mispricing,both,ATKR,25,261,65,196
original_0714,mispricing,both,PSIX,26,205,10,195
original_0714,mispricing,both,MCHP,27,269,82,187
original_0714,mispricing,both,CC,28,260,73,187
original_0714,mispricing,both,DCI,29,268,83,185
original_0714,mispricing,both,GOOGL,30,269,87,182
original_0714,mispricing,both,HUBB,31,269,87,182
original_0714,mispricing,both,SANM,32,229,56,173
original_0714,mispricing,both,MMM,33,247,77,170
original_0714,mispricing,both,MKSI,34,246,82,164
original_0714,mispricing,both,MSI,35,251,92,159
original_0714,mispricing,both,CEG,36,215,60,155
original_0714,mispricing,both,ALLE,37,237,83,154
original_0714,mispricing,both,IBM,38,237,84,153
original_0714,mispricing,both,PENG,39,242,91,151
original_0714,mispricing,both,PLAB,40,253,103,150
original_0714,mispricing,both,HTHIY,41,255,107,148
original_0714,mispricing,both,MOD,42,230,87,143
original_0714,mispricing,both,NTNX,43,219,78,141
original_0714,mispricing,both,LFUS,44,233,93,140
original_0714,mispricing,both,VECO,45,221,85,136
original_0714,mispricing,both,FTV,46,234,102,132
original_0714,mispricing,both,CLS,47,226,103,123
original_0714,mispricing,both,DELL,48,218,106,112
original_0714,mispricing,both,CMI,49,209,97,112
original_0714,mispricing,both,Q,50,183,74,109
original_0714,mispricing,both,SOMMY,51,200,92,108
original_0714,mispricing,both,ASGLY,52,190,82,108
original_0714,mispricing,both,P,53,199,92,107
original_0714,mispricing,both,EME,54,221,116,105
original_0714,mispricing,both,NVT,55,222,122,100
original_0714,mispricing,both,AEP,56,207,108,99
original_0714,mispricing,both,AEIS,57,215,117,98
original_0714,mispricing,both,CRDO,58,193,96,97
original_0714,mispricing,both,CARR,59,223,127,96
original_0714,mispricing,both,JCI,60,217,122,95
original_0714,mispricing,both,ETN,61,197,102,95
original_0714,mispricing,both,MIELY,62,170,75,95
original_0714,mispricing,both,DHR,63,221,130,91
original_0714,mispricing,both,AMZN,64,189,99,90
original_0714,mispricing,both,DTE,65,189,105,84
original_0714,mispricing,both,SNPS,66,182,100,82
original_0714,mispricing,both,NTAP,67,215,134,81
original_0714,mispricing,both,GNRC,68,214,137,77
original_0714,mispricing,both,FLEX,69,188,114,74
original_0714,mispricing,both,ON,70,184,111,73
original_0714,mispricing,both,IESC,71,174,101,73
original_0714,mispricing,both,ASX,72,203,131,72
original_0714,mispricing,both,NOK,73,190,121,69
original_0714,mispricing,both,KEYS,74,193,125,68
original_0714,mispricing,both,APH,75,205,138,67
original_0714,mispricing,both,IFNNY,76,193,127,66
original_0714,mispricing,both,BELFB,77,169,113,56
original_0714,mispricing,both,SKHY,78,149,93,56
original_0714,mispricing,both,AMKR,79,188,134,54
original_0714,mispricing,both,SNDK,80,192,140,52
original_0714,mispricing,both,DIOD,81,186,134,52
original_0714,mispricing,both,CAMT,82,186,137,49
original_0714,mispricing,both,TTDKY,83,185,140,45
original_0714,mispricing,both,ADI,84,181,138,43
original_0714,mispricing,both,RMBS,85,158,117,41
original_0714,mispricing,both,APD,86,184,144,40
original_0714,mispricing,both,POWL,87,176,138,38
original_0714,mispricing,both,SMTOY,88,157,119,38
original_0714,mispricing,both,ONTO,89,181,146,35
original_0714,mispricing,both,ACLS,90,180,158,22
original_0714,mispricing,both,ETR,91,173,151,22
original_0714,mispricing,both,UCTT,92,167,145,22
original_0714,mispricing,both,ENTG,93,137,115,22
original_0714,mispricing,both,ASML,94,160,143,17
original_0714,mispricing,both,ASMIY,95,170,154,16
original_0714,mispricing,both,GFS,96,159,144,15
original_0714,mispricing,both,TDY,97,177,163,14
original_0714,mispricing,both,TOELY,98,117,103,14
original_0714,mispricing,both,SMTC,99,164,154,10
original_0714,mispricing,both,SIMO,100,154,150,4
original_0714,mispricing,both,ABBNY,101,153,153,0
original_0714,mispricing,both,TT,102,150,150,0
original_0714,mispricing,both,TER,103,157,163,-6
original_0714,mispricing,both,NDSN,104,155,164,-9
original_0714,mispricing,both,ENPH,105,166,177,-11
original_0714,mispricing,both,KLIC,106,169,186,-17
original_0714,mispricing,both,CSCO,107,144,166,-22
original_0714,mispricing,both,LIN,108,149,173,-24
original_0714,mispricing,both,STM,109,138,166,-28
original_0714,mispricing,both,DLR,110,123,152,-29
original_0714,mispricing,both,AMAT,111,145,181,-36
original_0714,mispricing,both,NVMI,112,144,180,-36
original_0714,mispricing,both,AAOI,113,139,175,-36
original_0714,mispricing,both,VRT,114,120,157,-37
original_0714,mispricing,both,SHECY,115,116,156,-40
original_0714,mispricing,both,RYCEY,116,133,175,-42
original_0714,mispricing,both,MRVL,117,130,172,-42
original_0714,mispricing,both,PH,118,131,176,-45
original_0714,mispricing,both,FN,119,127,174,-47
original_0714,mispricing,both,MYRG,120,126,174,-48
original_0714,mispricing,both,VIAV,121,122,175,-53
original_0714,mispricing,both,FIX,122,136,190,-54
original_0714,mispricing,both,TSEM,123,134,189,-55
original_0714,mispricing,both,ASMVY,124,111,166,-55
original_0714,mispricing,both,VSH,125,142,199,-57
original_0714,mispricing,both,UMC,126,150,209,-59
original_0714,mispricing,both,GEV,127,80,143,-63
original_0714,mispricing,both,BWXT,128,120,184,-64
original_0714,mispricing,both,COHU,129,107,178,-71
original_0714,mispricing,both,DSCSY,130,78,149,-71
original_0714,mispricing,both,MICLF,131,83,155,-72
original_0714,mispricing,both,AMD,132,108,184,-76
original_0714,mispricing,both,ATEYY,133,102,180,-78
original_0714,mispricing,both,HOCPY,134,84,162,-78
original_0714,mispricing,both,STX,135,113,192,-79
original_0714,mispricing,both,ICHR,136,122,203,-81
original_0714,mispricing,both,ECL,137,116,197,-81
original_0714,mispricing,both,COHR,138,112,196,-84
original_0714,mispricing,both,MTRN,139,98,191,-93
original_0714,mispricing,both,DKILY,140,77,170,-93
original_0714,mispricing,both,ANET,141,89,184,-95
original_0714,mispricing,both,ROG,142,109,206,-97
original_0714,mispricing,both,EQIX,143,84,183,-99
original_0714,mispricing,both,FORM,144,97,199,-102
original_0714,mispricing,both,LRCX,145,94,197,-103
original_0714,mispricing,both,LITE,146,95,199,-104
original_0714,mispricing,both,KLAC,147,103,214,-111
original_0714,mispricing,both,FLNC,148,123,235,-112
original_0714,mispricing,both,WDC,149,102,216,-114
original_0714,mispricing,both,PWR,150,98,215,-117
original_0714,mispricing,both,AJNMY,151,72,189,-117
original_0714,mispricing,both,AOSL,152,104,222,-118
original_0714,mispricing,both,AAON,153,90,213,-123
original_0714,mispricing,both,CAT,154,97,224,-127
original_0714,mispricing,both,TXN,155,93,220,-127
original_0714,mispricing,both,ACMR,156,88,218,-130
original_0714,mispricing,both,MRAAY,157,79,213,-134
original_0714,mispricing,both,MTSI,158,84,222,-138
original_0714,mispricing,both,MPWR,159,84,223,-139
original_0714,mispricing,both,CIEN,160,83,223,-140
original_0714,mispricing,both,TE,161,66,214,-148
original_0714,mispricing,both,POWI,162,76,257,-181
original_0714,mispricing,both,GLW,163,63,249,-186
original_0714,mispricing,both,IMOS,164,59,250,-191
original_0714,mispricing,both,VICR,165,67,259,-192
original_0714,mispricing,both,CDNS,166,55,261,-206
original_0714,mispricing,both,CRWV,167,59,272,-213
original_0714,mispricing,both,BESIY,168,47,263,-216
original_0714,mispricing,both,MXL,169,48,271,-223
original_0714,mispricing,both,NBIS,170,63,291,-228
original_0714,mispricing,both,IREN,171,51,287,-236
original_0714,mispricing,both,MRAM,172,40,285,-245
original_0714,mispricing,both,BE,173,38,288,-250
original_0714,mispricing,both,SITM,174,37,297,-260
original_0714,mispricing,both,INTC,175,26,298,-272
original_0714,mispricing,both,AXTI,176,32,308,-276
original_0714,mispricing,both,APLD,177,40,317,-277
original_0714,mispricing,both,ALAB,178,25,312,-287
original_0714,mispricing,both,CRWD,179,11,324,-313
original_0714,mispricing,both,FCEL,180,11,330,-319
original_0714,mispricing,both,AMPX,181,24,344,-320
original_0714,mispricing,both,WOLF,182,18,338,-320
original_0714,mispricing,both,TSLA,183,12,333,-321
original_0714,mispricing,both,AEHR,184,17,344,-327
original_0714,mispricing,both,RKLB,185,9,345,-336
original_0714,mispricing,both,CBRS,186,12,352,-340
original_0714,mispricing,both,ARM,187,10,356,-346
original_0714,mispricing,both,POET,188,11,358,-347
original_0714,mispricing,both,SMR,189,7,354,-347
original_0714,mispricing,both,NVTS,190,4,368,-364
original_0714,mispricing,both,OKLO,191,3,368,-365
original_0714,mispricing,both,LWLG,192,0,367,-367
original_0714,mispricing,self_only,ADBE,1,171,5,166
original_0714,mispricing,self_only,ST,2,162,9,153
original_0714,mispricing,self_only,ORCL,3,168,16,152
original_0714,mispricing,self_only,BABA,4,164,19,145
original_0714,mispricing,self_only,VST,5,144,24,120
original_0714,mispricing,self_only,QCOM,6,146,28,118
original_0714,mispricing,self_only,VISN,7,140,22,118
original_0714,mispricing,self_only,SMCI,8,143,27,116
original_0714,mispricing,self_only,BDC,9,123,10,113
original_0714,mispricing,self_only,PNR,10,148,38,110
original_0714,mispricing,self_only,TSM,11,133,54,79
original_0714,mispricing,self_only,TEL,12,116,44,72
original_0714,mispricing,self_only,ENS,13,127,56,71
original_0714,mispricing,self_only,JBL,14,117,56,61
original_0714,mispricing,self_only,DCI,15,119,60,59
original_0714,mispricing,self_only,PENG,16,109,67,42
original_0714,mispricing,self_only,DOV,17,95,56,39
original_0714,mispricing,self_only,Q,18,74,36,38
original_0714,mispricing,self_only,MSFT,19,86,50,36
original_0714,mispricing,self_only,ASGLY,20,100,65,35
original_0714,mispricing,self_only,DD,21,106,72,34
original_0714,mispricing,self_only,CC,22,98,64,34
original_0714,mispricing,self_only,AVGO,23,87,55,32
original_0714,mispricing,self_only,TMO,24,94,63,31
original_0714,mispricing,self_only,HUBB,25,102,74,28
original_0714,mispricing,self_only,HPE,26,97,71,26
original_0714,mispricing,self_only,ET,27,76,50,26
original_0714,mispricing,self_only,MCHP,28,95,71,24
original_0714,mispricing,self_only,MKSI,29,88,65,23
original_0714,mispricing,self_only,IBM,30,85,64,21
original_0714,mispricing,self_only,META,31,85,64,21
original_0714,mispricing,self_only,NVDA,32,31,12,19
original_0714,mispricing,self_only,ATKR,33,78,60,18
original_0714,mispricing,self_only,MIELY,34,77,62,15
original_0714,mispricing,self_only,MU,35,95,81,14
original_0714,mispricing,self_only,PSIX,36,22,9,13
original_0714,mispricing,self_only,GOOGL,37,90,81,9
original_0714,mispricing,self_only,MSI,38,86,77,9
original_0714,mispricing,self_only,P,39,76,67,9
original_0714,mispricing,self_only,AEP,40,85,78,7
original_0714,mispricing,self_only,SOMMY,41,82,75,7
original_0714,mispricing,self_only,LFUS,42,81,74,7
original_0714,mispricing,self_only,MMM,43,75,68,7
original_0714,mispricing,self_only,SANM,44,54,48,6
original_0714,mispricing,self_only,CRDO,45,64,72,-8
original_0714,mispricing,self_only,NTNX,46,56,64,-8
original_0714,mispricing,self_only,TOELY,47,58,67,-9
original_0714,mispricing,self_only,ALLE,48,66,76,-10
original_0714,mispricing,self_only,SKHY,49,73,89,-16
original_0714,mispricing,self_only,FTV,50,70,89,-19
original_0714,mispricing,self_only,JCI,51,78,98,-20
original_0714,mispricing,self_only,CLS,52,72,92,-20
original_0714,mispricing,self_only,AMKR,53,76,98,-22
original_0714,mispricing,self_only,IESC,54,60,82,-22
original_0714,mispricing,self_only,FLNC,55,83,108,-25
original_0714,mispricing,self_only,PLAB,56,71,98,-27
original_0714,mispricing,self_only,AEIS,57,69,96,-27
original_0714,mispricing,self_only,RMBS,58,57,84,-27
original_0714,mispricing,self_only,HTHIY,59,78,106,-28
original_0714,mispricing,self_only,MOD,60,54,83,-29
original_0714,mispricing,self_only,BELFB,61,53,82,-29
original_0714,mispricing,self_only,VECO,62,47,76,-29
original_0714,mispricing,self_only,CEG,63,30,59,-29
original_0714,mispricing,self_only,DTE,64,51,81,-30
original_0714,mispricing,self_only,NVT,65,69,100,-31
original_0714,mispricing,self_only,DELL,66,56,89,-33
original_0714,mispricing,self_only,SNPS,67,41,76,-35
original_0714,mispricing,self_only,ACLS,68,71,108,-37
original_0714,mispricing,self_only,ETN,69,44,81,-37
original_0714,mispricing,self_only,APD,70,62,100,-38
original_0714,mispricing,self_only,CMI,71,44,85,-41
original_0714,mispricing,self_only,ENTG,72,35,76,-41
original_0714,mispricing,self_only,SMTC,73,64,106,-42
original_0714,mispricing,self_only,KEYS,74,56,100,-44
original_0714,mispricing,self_only,CARR,75,65,110,-45
original_0714,mispricing,self_only,CAMT,76,60,105,-45
original_0714,mispricing,self_only,DLR,77,51,96,-45
original_0714,mispricing,self_only,NOK,78,48,96,-48
original_0714,mispricing,self_only,ADI,79,53,104,-51
original_0714,mispricing,self_only,EME,80,53,106,-53
original_0714,mispricing,self_only,ON,81,36,90,-54
original_0714,mispricing,self_only,APH,82,62,117,-55
original_0714,mispricing,self_only,TTDKY,83,60,115,-55
original_0714,mispricing,self_only,SMTOY,84,54,109,-55
original_0714,mispricing,self_only,STX,85,59,115,-56
original_0714,mispricing,self_only,ASML,86,51,108,-57
original_0714,mispricing,self_only,GEV,87,16,74,-58
original_0714,mispricing,self_only,ETR,88,55,115,-60
original_0714,mispricing,self_only,ASX,89,56,117,-61
original_0714,mispricing,self_only,AMZN,90,28,89,-61
original_0714,mispricing,self_only,HOCPY,91,34,98,-64
original_0714,mispricing,self_only,UCTT,92,42,110,-68
original_0714,mispricing,self_only,DHR,93,50,120,-70
original_0714,mispricing,self_only,FORM,94,39,109,-70
original_0714,mispricing,self_only,LIN,95,50,122,-72
original_0714,mispricing,self_only,MYRG,96,42,114,-72
original_0714,mispricing,self_only,POWL,97,40,112,-72
original_0714,mispricing,self_only,ABBNY,98,37,109,-72
original_0714,mispricing,self_only,FLEX,99,28,100,-72
original_0714,mispricing,self_only,ONTO,100,44,117,-73
original_0714,mispricing,self_only,NBIS,101,51,126,-75
original_0714,mispricing,self_only,GFS,102,31,106,-75
original_0714,mispricing,self_only,SIMO,103,41,117,-76
original_0714,mispricing,self_only,GNRC,104,47,124,-77
original_0714,mispricing,self_only,DSCSY,105,31,108,-77
original_0714,mispricing,self_only,IFNNY,106,36,114,-78
original_0714,mispricing,self_only,COHU,107,29,107,-78
original_0714,mispricing,self_only,NTAP,108,44,124,-80
original_0714,mispricing,self_only,EQIX,109,27,107,-80
original_0714,mispricing,self_only,VIAV,110,34,115,-81
original_0714,mispricing,self_only,TT,111,32,113,-81
original_0714,mispricing,self_only,STM,112,30,112,-82
original_0714,mispricing,self_only,ASMIY,113,44,130,-86
original_0714,mispricing,self_only,TER,114,37,123,-86
original_0714,mispricing,self_only,TSEM,115,42,130,-88
original_0714,mispricing,self_only,AOSL,116,35,123,-88
original_0714,mispricing,self_only,VRT,117,23,114,-91
original_0714,mispricing,self_only,TE,118,19,110,-91
original_0714,mispricing,self_only,NVMI,119,41,133,-92
original_0714,mispricing,self_only,ASMVY,120,39,132,-93
original_0714,mispricing,self_only,MTRN,121,25,119,-94
original_0714,mispricing,self_only,ANET,122,23,117,-94
original_0714,mispricing,self_only,TDY,123,41,136,-95
original_0714,mispricing,self_only,AMD,124,37,132,-95
original_0714,mispricing,self_only,MTSI,125,38,134,-96
original_0714,mispricing,self_only,MRVL,126,29,125,-96
original_0714,mispricing,self_only,AMAT,127,39,136,-97
original_0714,mispricing,self_only,WDC,128,43,141,-98
original_0714,mispricing,self_only,ATEYY,129,41,139,-98
original_0714,mispricing,self_only,ICHR,130,39,137,-98
original_0714,mispricing,self_only,LITE,131,29,130,-101
original_0714,mispricing,self_only,SNDK,132,29,130,-101
original_0714,mispricing,self_only,ACMR,133,32,134,-102
original_0714,mispricing,self_only,MPWR,134,32,134,-102
original_0714,mispricing,self_only,BWXT,135,29,131,-102
original_0714,mispricing,self_only,SHECY,136,33,136,-103
original_0714,mispricing,self_only,KLAC,137,31,134,-103
original_0714,mispricing,self_only,LRCX,138,19,123,-104
original_0714,mispricing,self_only,FIX,139,35,140,-105
original_0714,mispricing,self_only,FN,140,30,136,-106
original_0714,mispricing,self_only,ROG,141,26,132,-106
original_0714,mispricing,self_only,DIOD,142,14,121,-107
original_0714,mispricing,self_only,GLW,143,28,137,-109
original_0714,mispricing,self_only,PWR,144,31,141,-110
original_0714,mispricing,self_only,ECL,145,30,140,-110
original_0714,mispricing,self_only,MICLF,146,29,139,-110
original_0714,mispricing,self_only,CIEN,147,25,135,-110
original_0714,mispricing,self_only,POWI,148,31,142,-111
original_0714,mispricing,self_only,CAT,149,30,142,-112
original_0714,mispricing,self_only,MRAM,150,20,132,-112
original_0714,mispricing,self_only,TXN,151,30,143,-113
original_0714,mispricing,self_only,NDSN,152,24,137,-113
original_0714,mispricing,self_only,AAOI,153,26,140,-114
original_0714,mispricing,self_only,RYCEY,154,25,139,-114
original_0714,mispricing,self_only,AJNMY,155,32,147,-115
original_0714,mispricing,self_only,CRWV,156,31,146,-115
original_0714,mispricing,self_only,IREN,157,26,143,-117
original_0714,mispricing,self_only,PH,158,19,136,-117
original_0714,mispricing,self_only,IMOS,159,17,136,-119
original_0714,mispricing,self_only,AAON,160,21,142,-121
original_0714,mispricing,self_only,CSCO,161,17,139,-122
original_0714,mispricing,self_only,UMC,162,32,156,-124
original_0714,mispricing,self_only,VSH,163,26,150,-124
original_0714,mispricing,self_only,SITM,164,23,150,-127
original_0714,mispricing,self_only,DKILY,165,14,144,-130
original_0714,mispricing,self_only,ALAB,166,21,152,-131
original_0714,mispricing,self_only,BESIY,167,25,157,-132
original_0714,mispricing,self_only,COHR,168,23,155,-132
original_0714,mispricing,self_only,ENPH,169,21,154,-133
original_0714,mispricing,self_only,FCEL,170,11,144,-133
original_0714,mispricing,self_only,VICR,171,20,156,-136
original_0714,mispricing,self_only,WOLF,172,17,154,-137
original_0714,mispricing,self_only,MRAAY,173,21,161,-140
original_0714,mispricing,self_only,AXTI,174,20,160,-140
original_0714,mispricing,self_only,BE,175,18,159,-141
original_0714,mispricing,self_only,KLIC,176,22,166,-144
original_0714,mispricing,self_only,CDNS,177,17,161,-144
original_0714,mispricing,self_only,TSLA,178,12,156,-144
original_0714,mispricing,self_only,INTC,179,13,159,-146
original_0714,mispricing,self_only,APLD,180,19,167,-148
original_0714,mispricing,self_only,MXL,181,14,166,-152
original_0714,mispricing,self_only,AMPX,182,16,169,-153
original_0714,mispricing,self_only,RKLB,183,7,160,-153
original_0714,mispricing,self_only,CRWD,184,1,160,-159
original_0714,mispricing,self_only,SMR,185,6,166,-160
original_0714,mispricing,self_only,POET,186,9,171,-162
original_0714,mispricing,self_only,CBRS,187,9,172,-163
original_0714,mispricing,self_only,ARM,188,10,177,-167
original_0714,mispricing,self_only,AEHR,189,9,176,-167
original_0714,mispricing,self_only,NVTS,190,4,180,-176
original_0714,mispricing,self_only,LWLG,191,0,177,-177
original_0714,mispricing,self_only,OKLO,192,3,181,-178
original_0714,mispricing,other_only,ADBE,1,191,0,191
original_0714,mispricing,other_only,MU,2,190,0,190
original_0714,mispricing,other_only,VST,3,189,0,189
original_0714,mispricing,other_only,BABA,4,188,0,188
original_0714,mispricing,other_only,TSM,5,187,0,187
original_0714,mispricing,other_only,META,6,187,2,185
original_0714,mispricing,other_only,ORCL,7,187,2,185
original_0714,mispricing,other_only,NVDA,8,186,2,184
original_0714,mispricing,other_only,CEG,9,185,1,184
original_0714,mispricing,other_only,ET,10,185,2,183
original_0714,mispricing,other_only,QCOM,11,185,2,183
original_0714,mispricing,other_only,PSIX,12,183,1,182
original_0714,mispricing,other_only,ST,13,183,3,180
original_0714,mispricing,other_only,ATKR,14,183,5,178
original_0714,mispricing,other_only,AVGO,15,182,4,178
original_0714,mispricing,other_only,PLAB,16,182,5,177
original_0714,mispricing,other_only,TEL,17,181,5,176
original_0714,mispricing,other_only,HTHIY,18,177,1,176
original_0714,mispricing,other_only,BDC,19,181,6,175
original_0714,mispricing,other_only,PNR,20,179,4,175
original_0714,mispricing,other_only,GOOGL,21,179,6,173
original_0714,mispricing,other_only,HPE,22,179,6,173
original_0714,mispricing,other_only,MSFT,23,177,5,172
original_0714,mispricing,other_only,MOD,24,176,4,172
original_0714,mispricing,other_only,ENS,25,176,5,171
original_0714,mispricing,other_only,TMO,26,177,7,170
original_0714,mispricing,other_only,VISN,27,175,5,170
original_0714,mispricing,other_only,SANM,28,175,8,167
original_0714,mispricing,other_only,VECO,29,174,9,165
original_0714,mispricing,other_only,DD,30,172,8,164
original_0714,mispricing,other_only,ALLE,31,171,7,164
original_0714,mispricing,other_only,MCHP,32,174,11,163
original_0714,mispricing,other_only,MMM,33,172,9,163
original_0714,mispricing,other_only,DHR,34,171,10,161
original_0714,mispricing,other_only,NTAP,35,171,10,161
original_0714,mispricing,other_only,DIOD,36,172,13,159
original_0714,mispricing,other_only,EME,37,168,10,158
original_0714,mispricing,other_only,DOV,38,169,12,157
original_0714,mispricing,other_only,GNRC,39,167,13,154
original_0714,mispricing,other_only,HUBB,40,167,13,154
original_0714,mispricing,other_only,CMI,41,165,12,153
original_0714,mispricing,other_only,SNDK,42,163,10,153
original_0714,mispricing,other_only,CC,43,162,9,153
original_0714,mispricing,other_only,FTV,44,164,13,151
original_0714,mispricing,other_only,AMZN,45,161,10,151
original_0714,mispricing,other_only,MSI,46,165,15,150
original_0714,mispricing,other_only,JBL,47,162,12,150
original_0714,mispricing,other_only,NTNX,48,163,14,149
original_0714,mispricing,other_only,FLEX,49,160,14,146
original_0714,mispricing,other_only,DELL,50,162,17,145
original_0714,mispricing,other_only,IFNNY,51,157,13,144
original_0714,mispricing,other_only,CLS,52,154,11,143
original_0714,mispricing,other_only,CARR,53,158,17,141
original_0714,mispricing,other_only,MKSI,54,158,17,141
original_0714,mispricing,other_only,LFUS,55,152,19,133
original_0714,mispricing,other_only,ASX,56,147,14,133
original_0714,mispricing,other_only,ETN,57,153,21,132
original_0714,mispricing,other_only,IBM,58,152,20,132
original_0714,mispricing,other_only,NVT,59,153,22,131
original_0714,mispricing,other_only,ON,60,148,21,127
original_0714,mispricing,other_only,KLIC,61,147,20,127
original_0714,mispricing,other_only,DCI,62,149,23,126
original_0714,mispricing,other_only,AEIS,63,146,21,125
original_0714,mispricing,other_only,ENPH,64,145,23,122
original_0714,mispricing,other_only,APH,65,143,21,122
original_0714,mispricing,other_only,NOK,66,142,25,117
original_0714,mispricing,other_only,SNPS,67,141,24,117
original_0714,mispricing,other_only,JCI,68,139,24,115
original_0714,mispricing,other_only,DTE,69,138,24,114
original_0714,mispricing,other_only,KEYS,70,137,25,112
original_0714,mispricing,other_only,POWL,71,136,26,110
original_0714,mispricing,other_only,TDY,72,136,27,109
original_0714,mispricing,other_only,PENG,73,133,24,109
original_0714,mispricing,other_only,ONTO,74,137,29,108
original_0714,mispricing,other_only,CRDO,75,129,24,105
original_0714,mispricing,other_only,NDSN,76,131,27,104
original_0714,mispricing,other_only,SMCI,77,124,20,104
original_0714,mispricing,other_only,ASMIY,78,126,24,102
original_0714,mispricing,other_only,SOMMY,79,118,17,101
original_0714,mispricing,other_only,CSCO,80,127,27,100
original_0714,mispricing,other_only,TTDKY,81,125,25,100
original_0714,mispricing,other_only,P,82,123,25,98
original_0714,mispricing,other_only,IESC,83,114,19,95
original_0714,mispricing,other_only,ADI,84,128,34,94
original_0714,mispricing,other_only,CAMT,85,126,32,94
original_0714,mispricing,other_only,SMTOY,86,103,10,93
original_0714,mispricing,other_only,AEP,87,122,30,92
original_0714,mispricing,other_only,GFS,88,128,38,90
original_0714,mispricing,other_only,UCTT,89,125,35,90
original_0714,mispricing,other_only,BELFB,90,116,31,85
original_0714,mispricing,other_only,ETR,91,118,36,82
original_0714,mispricing,other_only,TT,92,118,37,81
original_0714,mispricing,other_only,TER,93,120,40,80
original_0714,mispricing,other_only,SIMO,94,113,33,80
original_0714,mispricing,other_only,MIELY,95,93,13,80
original_0714,mispricing,other_only,APD,96,122,44,78
original_0714,mispricing,other_only,AAOI,97,113,35,78
original_0714,mispricing,other_only,AMKR,98,112,36,76
original_0714,mispricing,other_only,ASML,99,109,35,74
original_0714,mispricing,other_only,ASGLY,100,90,17,73
original_0714,mispricing,other_only,ABBNY,101,116,44,72
original_0714,mispricing,other_only,PH,102,112,40,72
original_0714,mispricing,other_only,RYCEY,103,108,36,72
original_0714,mispricing,other_only,SKHY,104,76,4,72
original_0714,mispricing,other_only,Q,105,109,38,71
original_0714,mispricing,other_only,RMBS,106,101,33,68
original_0714,mispricing,other_only,VSH,107,116,49,67
original_0714,mispricing,other_only,UMC,108,118,53,65
original_0714,mispricing,other_only,ENTG,109,102,39,63
original_0714,mispricing,other_only,SHECY,110,83,20,63
original_0714,mispricing,other_only,AMAT,111,106,45,61
original_0714,mispricing,other_only,ACLS,112,109,50,59
original_0714,mispricing,other_only,FN,113,97,38,59
original_0714,mispricing,other_only,NVMI,114,103,47,56
original_0714,mispricing,other_only,STM,115,108,54,54
original_0714,mispricing,other_only,MRVL,116,101,47,54
original_0714,mispricing,other_only,VRT,117,97,43,54
original_0714,mispricing,other_only,SMTC,118,100,48,52
original_0714,mispricing,other_only,FIX,119,101,50,51
original_0714,mispricing,other_only,LIN,120,99,51,48
original_0714,mispricing,other_only,COHR,121,89,41,48
original_0714,mispricing,other_only,BWXT,122,91,53,38
original_0714,mispricing,other_only,ASMVY,123,72,34,38
original_0714,mispricing,other_only,MICLF,124,54,16,38
original_0714,mispricing,other_only,DKILY,125,63,26,37
original_0714,mispricing,other_only,TSEM,126,92,59,33
original_0714,mispricing,other_only,ECL,127,86,57,29
original_0714,mispricing,other_only,VIAV,128,88,60,28
original_0714,mispricing,other_only,MYRG,129,84,60,24
original_0714,mispricing,other_only,TOELY,130,59,36,23
original_0714,mispricing,other_only,ATEYY,131,61,41,20
original_0714,mispricing,other_only,AMD,132,71,52,19
original_0714,mispricing,other_only,ICHR,133,83,66,17
original_0714,mispricing,other_only,DLR,134,72,56,16
original_0714,mispricing,other_only,ROG,135,83,74,9
original_0714,mispricing,other_only,COHU,136,78,71,7
original_0714,mispricing,other_only,MRAAY,137,58,52,6
original_0714,mispricing,other_only,DSCSY,138,47,41,6
original_0714,mispricing,other_only,LRCX,139,75,74,1
original_0714,mispricing,other_only,MTRN,140,73,72,1
original_0714,mispricing,other_only,ANET,141,66,67,-1
original_0714,mispricing,other_only,AAON,142,69,71,-2
original_0714,mispricing,other_only,AJNMY,143,40,42,-2
original_0714,mispricing,other_only,LITE,144,66,69,-3
original_0714,mispricing,other_only,GEV,145,64,69,-5
original_0714,mispricing,other_only,PWR,146,67,74,-7
original_0714,mispricing,other_only,KLAC,147,72,80,-8
original_0714,mispricing,other_only,TXN,148,63,77,-14
original_0714,mispricing,other_only,HOCPY,149,50,64,-14
original_0714,mispricing,other_only,CAT,150,67,82,-15
original_0714,mispricing,other_only,WDC,151,59,75,-16
original_0714,mispricing,other_only,EQIX,152,57,76,-19
original_0714,mispricing,other_only,STX,153,54,77,-23
original_0714,mispricing,other_only,ACMR,154,56,84,-28
original_0714,mispricing,other_only,AOSL,155,69,99,-30
original_0714,mispricing,other_only,CIEN,156,58,88,-30
original_0714,mispricing,other_only,FORM,157,58,90,-32
original_0714,mispricing,other_only,MPWR,158,52,89,-37
original_0714,mispricing,other_only,MTSI,159,46,88,-42
original_0714,mispricing,other_only,VICR,160,47,103,-56
original_0714,mispricing,other_only,TE,161,47,104,-57
original_0714,mispricing,other_only,CDNS,162,38,100,-62
original_0714,mispricing,other_only,POWI,163,45,115,-70
original_0714,mispricing,other_only,MXL,164,34,105,-71
original_0714,mispricing,other_only,IMOS,165,42,114,-72
original_0714,mispricing,other_only,GLW,166,35,112,-77
original_0714,mispricing,other_only,BESIY,167,22,106,-84
original_0714,mispricing,other_only,FLNC,168,40,127,-87
original_0714,mispricing,other_only,CRWV,169,28,126,-98
original_0714,mispricing,other_only,BE,170,20,129,-109
original_0714,mispricing,other_only,IREN,171,25,144,-119
original_0714,mispricing,other_only,INTC,172,13,139,-126
original_0714,mispricing,other_only,APLD,173,21,150,-129
original_0714,mispricing,other_only,MRAM,174,20,153,-133
original_0714,mispricing,other_only,SITM,175,14,147,-133
original_0714,mispricing,other_only,AXTI,176,12,148,-136
original_0714,mispricing,other_only,NBIS,177,12,165,-153
original_0714,mispricing,other_only,CRWD,178,10,164,-154
original_0714,mispricing,other_only,ALAB,179,4,160,-156
original_0714,mispricing,other_only,AEHR,180,8,168,-160
original_0714,mispricing,other_only,AMPX,181,8,175,-167
original_0714,mispricing,other_only,CBRS,182,3,180,-177
original_0714,mispricing,other_only,TSLA,183,0,177,-177
original_0714,mispricing,other_only,ARM,184,0,179,-179
original_0714,mispricing,other_only,RKLB,185,2,185,-183
original_0714,mispricing,other_only,WOLF,186,1,184,-183
original_0714,mispricing,other_only,POET,187,2,187,-185
original_0714,mispricing,other_only,FCEL,188,0,186,-186
original_0714,mispricing,other_only,SMR,189,1,188,-187
original_0714,mispricing,other_only,OKLO,190,0,187,-187
original_0714,mispricing,other_only,NVTS,191,0,188,-188
original_0714,mispricing,other_only,LWLG,192,0,190,-190
original_0714,mispricing,agreement_only,ADBE,1,171,0,171
original_0714,mispricing,agreement_only,ORCL,2,166,1,165
original_0714,mispricing,agreement_only,BABA,3,164,0,164
original_0714,mispricing,agreement_only,ST,4,159,1,158
original_0714,mispricing,agreement_only,VST,5,144,0,144
original_0714,mispricing,agreement_only,QCOM,6,145,2,143
original_0714,mispricing,agreement_only,PNR,7,145,3,142
original_0714,mispricing,agreement_only,TSM,8,132,0,132
original_0714,mispricing,agreement_only,VISN,9,129,0,129
original_0714,mispricing,agreement_only,ENS,10,126,5,121
original_0714,mispricing,agreement_only,BDC,11,123,3,120
original_0714,mispricing,agreement_only,TEL,12,116,5,111
original_0714,mispricing,agreement_only,JBL,13,113,11,102
original_0714,mispricing,agreement_only,DD,14,103,8,95
original_0714,mispricing,agreement_only,MU,15,95,0,95
original_0714,mispricing,agreement_only,SMCI,16,100,6,94
original_0714,mispricing,agreement_only,DCI,17,109,19,90
original_0714,mispricing,agreement_only,HPE,18,93,4,89
original_0714,mispricing,agreement_only,HUBB,19,99,13,86
original_0714,mispricing,agreement_only,TMO,20,92,6,86
original_0714,mispricing,agreement_only,GOOGL,21,90,6,84
original_0714,mispricing,agreement_only,AVGO,22,86,2,84
original_0714,mispricing,agreement_only,MCHP,23,93,10,83
original_0714,mispricing,agreement_only,META,24,85,2,83
original_0714,mispricing,agreement_only,DOV,25,92,12,80
original_0714,mispricing,agreement_only,MSFT,26,85,5,80
original_0714,mispricing,agreement_only,CC,27,85,6,79
original_0714,mispricing,agreement_only,PENG,28,98,21,77
original_0714,mispricing,agreement_only,ATKR,29,77,3,74
original_0714,mispricing,agreement_only,ET,30,76,2,74
original_0714,mispricing,agreement_only,HTHIY,31,75,1,74
original_0714,mispricing,agreement_only,MSI,32,83,14,69
original_0714,mispricing,agreement_only,MKSI,33,83,16,67
original_0714,mispricing,agreement_only,MMM,34,74,8,66
original_0714,mispricing,agreement_only,PLAB,35,70,4,66
original_0714,mispricing,agreement_only,IBM,36,82,19,63
original_0714,mispricing,agreement_only,LFUS,37,76,16,60
original_0714,mispricing,agreement_only,ALLE,38,66,7,59
original_0714,mispricing,agreement_only,CLS,39,67,10,57
original_0714,mispricing,agreement_only,FTV,40,68,12,56
original_0714,mispricing,agreement_only,MOD,41,54,3,51
original_0714,mispricing,agreement_only,JCI,42,73,24,49
original_0714,mispricing,agreement_only,AEIS,43,67,19,48
original_0714,mispricing,agreement_only,NVT,44,66,18,48
original_0714,mispricing,agreement_only,ASGLY,45,58,10,48
original_0714,mispricing,agreement_only,AEP,46,71,24,47
original_0714,mispricing,agreement_only,SOMMY,47,60,13,47
original_0714,mispricing,agreement_only,SANM,48,54,7,47
original_0714,mispricing,agreement_only,Q,49,65,19,46
original_0714,mispricing,agreement_only,CARR,50,62,16,46
original_0714,mispricing,agreement_only,MIELY,51,54,9,45
original_0714,mispricing,agreement_only,P,52,63,20,43
original_0714,mispricing,agreement_only,EME,53,52,9,43
original_0714,mispricing,agreement_only,NTNX,54,54,12,42
original_0714,mispricing,agreement_only,DELL,55,56,15,41
original_0714,mispricing,agreement_only,APH,56,61,21,40
original_0714,mispricing,agreement_only,ASX,57,52,13,39
original_0714,mispricing,agreement_only,DHR,58,49,10,39
original_0714,mispricing,agreement_only,VECO,59,45,7,38
original_0714,mispricing,agreement_only,CRDO,60,53,17,36
original_0714,mispricing,agreement_only,SKHY,61,35,0,35
original_0714,mispricing,agreement_only,AMKR,62,67,33,34
original_0714,mispricing,agreement_only,GNRC,63,47,13,34
original_0714,mispricing,agreement_only,CMI,64,44,10,34
original_0714,mispricing,agreement_only,NTAP,65,42,8,34
original_0714,mispricing,agreement_only,IESC,66,50,17,33
original_0714,mispricing,agreement_only,TTDKY,67,54,23,31
original_0714,mispricing,agreement_only,SMTOY,68,41,10,31
original_0714,mispricing,agreement_only,KEYS,69,53,23,30
original_0714,mispricing,agreement_only,NVDA,70,31,1,30
original_0714,mispricing,agreement_only,CAMT,71,55,26,29
original_0714,mispricing,agreement_only,CEG,72,30,1,29
original_0714,mispricing,agreement_only,DTE,73,46,19,27
original_0714,mispricing,agreement_only,NOK,74,48,22,26
original_0714,mispricing,agreement_only,BELFB,75,52,27,25
original_0714,mispricing,agreement_only,ETN,76,44,19,25
original_0714,mispricing,agreement_only,IFNNY,77,35,12,23
original_0714,mispricing,agreement_only,PSIX,78,22,1,21
original_0714,mispricing,agreement_only,SNDK,79,29,9,20
original_0714,mispricing,agreement_only,APD,80,59,40,19
original_0714,mispricing,agreement_only,SNPS,81,41,23,18
original_0714,mispricing,agreement_only,ASMIY,82,39,21,18
original_0714,mispricing,agreement_only,ACLS,83,63,46,17
original_0714,mispricing,agreement_only,ADI,84,49,32,17
original_0714,mispricing,agreement_only,ONTO,85,43,26,17
original_0714,mispricing,agreement_only,AMZN,86,27,10,17
original_0714,mispricing,agreement_only,ON,87,34,19,15
original_0714,mispricing,agreement_only,FLEX,88,28,13,15
original_0714,mispricing,agreement_only,ETR,89,47,33,14
original_0714,mispricing,agreement_only,ASML,90,45,32,13
original_0714,mispricing,agreement_only,RMBS,91,43,31,12
original_0714,mispricing,agreement_only,TDY,92,38,26,12
original_0714,mispricing,agreement_only,POWL,93,35,23,12
original_0714,mispricing,agreement_only,UCTT,94,41,30,11
original_0714,mispricing,agreement_only,SMTC,95,44,35,9
original_0714,mispricing,agreement_only,SHECY,96,28,20,8
original_0714,mispricing,agreement_only,MICLF,97,22,14,8
original_0714,mispricing,agreement_only,SIMO,98,34,27,7
original_0714,mispricing,agreement_only,TOELY,99,26,21,5
original_0714,mispricing,agreement_only,ENTG,100,32,30,2
original_0714,mispricing,agreement_only,DIOD,101,14,12,2
original_0714,mispricing,agreement_only,KLIC,102,20,19,1
original_0714,mispricing,agreement_only,LIN,103,45,47,-2
original_0714,mispricing,agreement_only,TER,104,35,38,-3
original_0714,mispricing,agreement_only,NDSN,105,24,27,-3
original_0714,mispricing,agreement_only,ENPH,106,20,23,-3
original_0714,mispricing,agreement_only,GFS,107,31,35,-4
original_0714,mispricing,agreement_only,ASMVY,108,27,31,-4
original_0714,mispricing,agreement_only,DLR,109,32,38,-6
original_0714,mispricing,agreement_only,ABBNY,110,35,42,-7
original_0714,mispricing,agreement_only,TT,111,28,35,-7
original_0714,mispricing,agreement_only,AMAT,112,35,43,-8
original_0714,mispricing,agreement_only,NVMI,113,35,44,-9
original_0714,mispricing,agreement_only,CSCO,114,16,25,-9
original_0714,mispricing,agreement_only,FN,115,26,36,-10
original_0714,mispricing,agreement_only,AAOI,116,22,32,-10
original_0714,mispricing,agreement_only,RYCEY,117,23,34,-11
original_0714,mispricing,agreement_only,DKILY,118,11,22,-11
original_0714,mispricing,agreement_only,ATEYY,119,25,38,-13
original_0714,mispricing,agreement_only,DSCSY,120,18,31,-13
original_0714,mispricing,agreement_only,STM,121,30,45,-15
original_0714,mispricing,agreement_only,FIX,122,32,48,-16
original_0714,mispricing,agreement_only,VRT,123,19,35,-16
original_0714,mispricing,agreement_only,HOCPY,124,22,39,-17
original_0714,mispricing,agreement_only,TSEM,125,31,49,-18
original_0714,mispricing,agreement_only,MRVL,126,26,44,-18
original_0714,mispricing,agreement_only,COHR,127,20,39,-19
original_0714,mispricing,agreement_only,MYRG,128,34,54,-20
original_0714,mispricing,agreement_only,UMC,129,31,51,-20
original_0714,mispricing,agreement_only,VSH,130,26,46,-20
original_0714,mispricing,agreement_only,AMD,131,24,44,-20
original_0714,mispricing,agreement_only,PH,132,19,39,-20
original_0714,mispricing,agreement_only,BWXT,133,26,49,-23
original_0714,mispricing,agreement_only,VIAV,134,29,54,-25
original_0714,mispricing,agreement_only,ECL,135,28,53,-25
original_0714,mispricing,agreement_only,AJNMY,136,17,42,-25
original_0714,mispricing,agreement_only,GEV,137,14,45,-31
original_0714,mispricing,agreement_only,ICHR,138,28,60,-32
original_0714,mispricing,agreement_only,COHU,139,23,56,-33
original_0714,mispricing,agreement_only,LRCX,140,18,55,-37
original_0714,mispricing,agreement_only,MRAAY,141,12,49,-37
original_0714,mispricing,agreement_only,STX,142,26,64,-38
original_0714,mispricing,agreement_only,ANET,143,21,60,-39
original_0714,mispricing,agreement_only,LITE,144,20,59,-39
original_0714,mispricing,agreement_only,FORM,145,29,70,-41
original_0714,mispricing,agreement_only,MTRN,146,21,62,-41
original_0714,mispricing,agreement_only,EQIX,147,17,58,-41
original_0714,mispricing,agreement_only,ROG,148,26,68,-42
original_0714,mispricing,agreement_only,KLAC,149,27,70,-43
original_0714,mispricing,agreement_only,PWR,150,24,68,-44
original_0714,mispricing,agreement_only,WDC,151,19,64,-45
original_0714,mispricing,agreement_only,AAON,152,18,65,-47
original_0714,mispricing,agreement_only,TXN,153,25,73,-48
original_0714,mispricing,agreement_only,ACMR,154,23,71,-48
original_0714,mispricing,agreement_only,CAT,155,23,73,-50
original_0714,mispricing,agreement_only,MTSI,156,22,73,-51
original_0714,mispricing,agreement_only,AOSL,157,23,77,-54
original_0714,mispricing,agreement_only,MPWR,158,23,79,-56
original_0714,mispricing,agreement_only,FLNC,159,30,87,-57
original_0714,mispricing,agreement_only,TE,160,11,70,-59
original_0714,mispricing,agreement_only,CIEN,161,17,77,-60
original_0714,mispricing,agreement_only,GLW,162,17,95,-78
original_0714,mispricing,agreement_only,POWI,163,23,104,-81
original_0714,mispricing,agreement_only,CDNS,164,15,96,-81
original_0714,mispricing,agreement_only,IMOS,165,13,95,-82
original_0714,mispricing,agreement_only,BESIY,166,7,92,-85
original_0714,mispricing,agreement_only,VICR,167,10,96,-86
original_0714,mispricing,agreement_only,CRWV,168,14,104,-90
original_0714,mispricing,agreement_only,MXL,169,11,101,-90
original_0714,mispricing,agreement_only,IREN,170,10,117,-107
original_0714,mispricing,agreement_only,MRAM,171,12,121,-109
original_0714,mispricing,agreement_only,NBIS,172,5,114,-109
original_0714,mispricing,agreement_only,BE,173,7,119,-112
original_0714,mispricing,agreement_only,SITM,174,9,125,-116
original_0714,mispricing,agreement_only,INTC,175,6,125,-119
original_0714,mispricing,agreement_only,AXTI,176,7,136,-129
original_0714,mispricing,agreement_only,APLD,177,11,141,-130
original_0714,mispricing,agreement_only,ALAB,178,4,138,-134
original_0714,mispricing,agreement_only,FCEL,179,0,144,-144
original_0714,mispricing,agreement_only,CRWD,180,1,149,-148
original_0714,mispricing,agreement_only,WOLF,181,1,152,-151
original_0714,mispricing,agreement_only,TSLA,182,0,153,-153
original_0714,mispricing,agreement_only,AMPX,183,7,165,-158
original_0714,mispricing,agreement_only,AEHR,184,3,161,-158
original_0714,mispricing,agreement_only,RKLB,185,1,159,-158
original_0714,mispricing,agreement_only,CBRS,186,2,165,-163
original_0714,mispricing,agreement_only,SMR,187,0,166,-166
original_0714,mispricing,agreement_only,POET,188,2,170,-168
original_0714,mispricing,agreement_only,ARM,189,0,174,-174
original_0714,mispricing,agreement_only,LWLG,190,0,176,-176
original_0714,mispricing,agreement_only,OKLO,191,0,178,-178
original_0714,mispricing,agreement_only,NVTS,192,0,179,-179
original_0714,mispricing,high_only,ADBE,1,183,0,183
original_0714,mispricing,high_only,TSM,2,131,1,130
original_0714,mispricing,high_only,MU,3,126,3,123
original_0714,mispricing,high_only,NVDA,4,122,0,122
original_0714,mispricing,high_only,ORCL,5,117,1,116
original_0714,mispricing,high_only,AVGO,6,105,3,102
original_0714,mispricing,high_only,META,7,93,2,91
original_0714,mispricing,high_only,ATKR,8,86,7,79
original_0714,mispricing,high_only,VST,9,78,1,77
original_0714,mispricing,high_only,BABA,10,72,1,71
original_0714,mispricing,high_only,QCOM,11,70,0,70
original_0714,mispricing,high_only,GOOGL,12,71,2,69
original_0714,mispricing,high_only,TEL,13,68,0,68
original_0714,mispricing,high_only,SNDK,14,54,1,53
original_0714,mispricing,high_only,ST,15,53,0,53
original_0714,mispricing,high_only,MSFT,16,57,6,51
original_0714,mispricing,high_only,CEG,17,54,7,47
original_0714,mispricing,high_only,HPE,18,48,3,45
original_0714,mispricing,high_only,HTHIY,19,50,6,44
original_0714,mispricing,high_only,MOD,20,47,5,42
original_0714,mispricing,high_only,PLAB,21,37,1,36
original_0714,mispricing,high_only,PNR,22,39,4,35
original_0714,mispricing,high_only,VISN,23,38,3,35
original_0714,mispricing,high_only,CC,24,36,3,33
original_0714,mispricing,high_only,TMO,25,36,5,31
original_0714,mispricing,high_only,ENS,26,31,1,30
original_0714,mispricing,high_only,PSIX,27,29,0,29
original_0714,mispricing,high_only,NTAP,28,39,11,28
original_0714,mispricing,high_only,BDC,29,26,0,26
original_0714,mispricing,high_only,ALLE,30,30,5,25
original_0714,mispricing,high_only,ET,31,25,0,25
original_0714,mispricing,high_only,JBL,32,30,6,24
original_0714,mispricing,high_only,AEIS,33,24,0,24
original_0714,mispricing,high_only,VECO,34,36,13,23
original_0714,mispricing,high_only,HUBB,35,26,3,23
original_0714,mispricing,high_only,SANM,36,26,3,23
original_0714,mispricing,high_only,SKHY,37,26,3,23
original_0714,mispricing,high_only,ETN,38,23,1,22
original_0714,mispricing,high_only,MMM,39,28,7,21
original_0714,mispricing,high_only,DOV,40,23,2,21
original_0714,mispricing,high_only,LFUS,41,28,11,17
original_0714,mispricing,high_only,SIMO,42,27,10,17
original_0714,mispricing,high_only,DELL,43,18,1,17
original_0714,mispricing,high_only,EME,44,21,6,15
original_0714,mispricing,high_only,POWL,45,24,10,14
original_0714,mispricing,high_only,MRVL,46,17,3,14
original_0714,mispricing,high_only,DCI,47,17,4,13
original_0714,mispricing,high_only,APH,48,15,2,13
original_0714,mispricing,high_only,NVT,49,15,2,13
original_0714,mispricing,high_only,PENG,50,18,6,12
original_0714,mispricing,high_only,ASMVY,51,16,4,12
original_0714,mispricing,high_only,NOK,52,16,4,12
original_0714,mispricing,high_only,AMZN,53,11,0,11
original_0714,mispricing,high_only,CRDO,54,33,23,10
original_0714,mispricing,high_only,ONTO,55,19,9,10
original_0714,mispricing,high_only,MICLF,56,13,3,10
original_0714,mispricing,high_only,SMCI,57,18,9,9
original_0714,mispricing,high_only,MSI,58,15,6,9
original_0714,mispricing,high_only,ASML,59,13,4,9
original_0714,mispricing,high_only,ASGLY,60,12,3,9
original_0714,mispricing,high_only,NVMI,61,11,2,9
original_0714,mispricing,high_only,MCHP,62,32,24,8
original_0714,mispricing,high_only,DD,63,22,14,8
original_0714,mispricing,high_only,JCI,64,14,6,8
original_0714,mispricing,high_only,CMI,65,15,8,7
original_0714,mispricing,high_only,CLS,66,13,6,7
original_0714,mispricing,high_only,VIAV,67,11,4,7
original_0714,mispricing,high_only,AMKR,68,9,2,7
original_0714,mispricing,high_only,UCTT,69,9,2,7
original_0714,mispricing,high_only,AMD,70,14,8,6
original_0714,mispricing,high_only,BELFB,71,10,4,6
original_0714,mispricing,high_only,ON,72,19,14,5
original_0714,mispricing,high_only,DHR,73,12,7,5
original_0714,mispricing,high_only,ASX,74,9,4,5
original_0714,mispricing,high_only,ACLS,75,7,2,5
original_0714,mispricing,high_only,STM,76,7,2,5
original_0714,mispricing,high_only,MIELY,77,6,1,5
original_0714,mispricing,high_only,ACMR,78,17,13,4
original_0714,mispricing,high_only,FLEX,79,15,11,4
original_0714,mispricing,high_only,FIX,80,11,7,4
original_0714,mispricing,high_only,IBM,81,10,6,4
original_0714,mispricing,high_only,NTNX,82,10,6,4
original_0714,mispricing,high_only,GNRC,83,10,7,3
original_0714,mispricing,high_only,CARR,84,5,2,3
original_0714,mispricing,high_only,MKSI,85,3,0,3
original_0714,mispricing,high_only,STX,86,23,21,2
original_0714,mispricing,high_only,KEYS,87,15,13,2
original_0714,mispricing,high_only,RMBS,88,12,10,2
original_0714,mispricing,high_only,SOMMY,89,7,5,2
original_0714,mispricing,high_only,ENTG,90,6,4,2
original_0714,mispricing,high_only,KLIC,91,5,3,2
original_0714,mispricing,high_only,TTDKY,92,13,12,1
original_0714,mispricing,high_only,IFNNY,93,36,36,0
original_0714,mispricing,high_only,VSH,94,9,9,0
original_0714,mispricing,high_only,BWXT,95,8,8,0
original_0714,mispricing,high_only,SMTC,96,8,8,0
original_0714,mispricing,high_only,CAMT,97,7,7,0
original_0714,mispricing,high_only,WDC,98,7,7,0
original_0714,mispricing,high_only,ADI,99,15,16,-1
original_0714,mispricing,high_only,FTV,100,14,15,-1
original_0714,mispricing,high_only,TSEM,101,13,14,-1
original_0714,mispricing,high_only,ASMIY,102,11,12,-1
original_0714,mispricing,high_only,MTRN,103,7,8,-1
original_0714,mispricing,high_only,CAT,104,5,6,-1
original_0714,mispricing,high_only,IMOS,105,4,5,-1
original_0714,mispricing,high_only,PH,106,4,5,-1
original_0714,mispricing,high_only,DKILY,107,0,1,-1
original_0714,mispricing,high_only,TER,108,11,13,-2
original_0714,mispricing,high_only,TOELY,109,11,13,-2
original_0714,mispricing,high_only,P,110,8,10,-2
original_0714,mispricing,high_only,NDSN,111,7,9,-2
original_0714,mispricing,high_only,Q,112,4,6,-2
original_0714,mispricing,high_only,EQIX,113,0,2,-2
original_0714,mispricing,high_only,MYRG,114,18,21,-3
original_0714,mispricing,high_only,MTSI,115,3,6,-3
original_0714,mispricing,high_only,AEP,116,0,3,-3
original_0714,mispricing,high_only,RYCEY,117,0,3,-3
original_0714,mispricing,high_only,APD,118,11,16,-5
original_0714,mispricing,high_only,CIEN,119,11,16,-5
original_0714,mispricing,high_only,ETR,120,10,15,-5
original_0714,mispricing,high_only,LIN,121,10,15,-5
original_0714,mispricing,high_only,KLAC,122,7,12,-5
original_0714,mispricing,high_only,DTE,123,1,6,-5
original_0714,mispricing,high_only,VICR,124,13,19,-6
original_0714,mispricing,high_only,CRWV,125,7,13,-6
original_0714,mispricing,high_only,CDNS,126,6,12,-6
original_0714,mispricing,high_only,ROG,127,4,10,-6
original_0714,mispricing,high_only,ICHR,128,3,9,-6
original_0714,mispricing,high_only,COHU,129,11,18,-7
original_0714,mispricing,high_only,DLR,130,10,17,-7
original_0714,mispricing,high_only,IESC,131,6,14,-8
original_0714,mispricing,high_only,LRCX,132,0,8,-8
original_0714,mispricing,high_only,ECL,133,6,15,-9
original_0714,mispricing,high_only,ATEYY,134,4,13,-9
original_0714,mispricing,high_only,SHECY,135,4,13,-9
original_0714,mispricing,high_only,ENPH,136,3,12,-9
original_0714,mispricing,high_only,AMAT,137,11,21,-10
original_0714,mispricing,high_only,MPWR,138,11,21,-10
original_0714,mispricing,high_only,ANET,139,1,11,-10
original_0714,mispricing,high_only,MRAAY,140,7,18,-11
original_0714,mispricing,high_only,SMTOY,141,6,17,-11
original_0714,mispricing,high_only,VRT,142,6,17,-11
original_0714,mispricing,high_only,GEV,143,0,11,-11
original_0714,mispricing,high_only,PWR,144,0,11,-11
original_0714,mispricing,high_only,TE,145,8,20,-12
original_0714,mispricing,high_only,HOCPY,146,1,13,-12
original_0714,mispricing,high_only,ABBNY,147,14,27,-13
original_0714,mispricing,high_only,GLW,148,10,24,-14
original_0714,mispricing,high_only,TDY,149,7,21,-14
original_0714,mispricing,high_only,IREN,150,5,19,-14
original_0714,mispricing,high_only,AJNMY,151,1,15,-14
original_0714,mispricing,high_only,LITE,152,7,22,-15
original_0714,mispricing,high_only,UMC,153,12,28,-16
original_0714,mispricing,high_only,POWI,154,2,19,-17
original_0714,mispricing,high_only,COHR,155,6,24,-18
original_0714,mispricing,high_only,SNPS,156,5,23,-18
original_0714,mispricing,high_only,BESIY,157,17,36,-19
original_0714,mispricing,high_only,FORM,158,15,35,-20
original_0714,mispricing,high_only,TXN,159,4,24,-20
original_0714,mispricing,high_only,AXTI,160,2,22,-20
original_0714,mispricing,high_only,GFS,161,8,29,-21
original_0714,mispricing,high_only,FLNC,162,11,33,-22
original_0714,mispricing,high_only,DSCSY,163,3,25,-22
original_0714,mispricing,high_only,CSCO,164,4,27,-23
original_0714,mispricing,high_only,DIOD,165,5,33,-28
original_0714,mispricing,high_only,SITM,166,15,45,-30
original_0714,mispricing,high_only,AOSL,167,19,52,-33
original_0714,mispricing,high_only,BE,168,3,36,-33
original_0714,mispricing,high_only,NBIS,169,7,43,-36
original_0714,mispricing,high_only,TT,170,5,42,-37
original_0714,mispricing,high_only,CRWD,171,0,38,-38
original_0714,mispricing,high_only,MXL,172,0,41,-41
original_0714,mispricing,high_only,INTC,173,5,48,-43
original_0714,mispricing,high_only,FN,174,0,43,-43
original_0714,mispricing,high_only,AAON,175,0,46,-46
original_0714,mispricing,high_only,AMPX,176,2,50,-48
original_0714,mispricing,high_only,MRAM,177,0,53,-53
original_0714,mispricing,high_only,ALAB,178,17,72,-55
original_0714,mispricing,high_only,AAOI,179,12,74,-62
original_0714,mispricing,high_only,TSLA,180,5,68,-63
original_0714,mispricing,high_only,RKLB,181,5,70,-65
original_0714,mispricing,high_only,APLD,182,2,73,-71
original_0714,mispricing,high_only,AEHR,183,6,79,-73
original_0714,mispricing,high_only,CBRS,184,6,81,-75
original_0714,mispricing,high_only,ARM,185,7,94,-87
original_0714,mispricing,high_only,NVTS,186,1,97,-96
original_0714,mispricing,high_only,POET,187,1,118,-117
original_0714,mispricing,high_only,OKLO,188,0,120,-120
original_0714,mispricing,high_only,SMR,189,0,136,-136
original_0714,mispricing,high_only,WOLF,190,0,144,-144
original_0714,mispricing,high_only,LWLG,191,0,152,-152
original_0714,mispricing,high_only,FCEL,192,2,160,-158
original_0714,mispricing,strength_weighted,ADBE,1,362,5,676
original_0714,mispricing,strength_weighted,ORCL,2,355,18,607
original_0714,mispricing,strength_weighted,ST,3,345,12,570
original_0714,mispricing,strength_weighted,QCOM,4,331,30,551
original_0714,mispricing,strength_weighted,VST,5,333,24,539
original_0714,mispricing,strength_weighted,BABA,6,352,19,531
original_0714,mispricing,strength_weighted,VISN,7,315,27,491
original_0714,mispricing,strength_weighted,TSM,8,320,54,465
original_0714,mispricing,strength_weighted,BDC,9,304,16,454
original_0714,mispricing,strength_weighted,PNR,10,327,42,438
original_0714,mispricing,strength_weighted,TEL,11,297,49,438
original_0714,mispricing,strength_weighted,ENS,12,303,61,410
original_0714,mispricing,strength_weighted,MU,13,285,81,396
original_0714,mispricing,strength_weighted,META,14,272,66,385
original_0714,mispricing,strength_weighted,AVGO,15,269,59,383
original_0714,mispricing,strength_weighted,ATKR,16,261,65,366
original_0714,mispricing,strength_weighted,NVDA,17,217,14,361
original_0714,mispricing,strength_weighted,ET,18,261,52,353
original_0714,mispricing,strength_weighted,MSFT,19,263,55,350
original_0714,mispricing,strength_weighted,HPE,20,276,77,348
original_0714,mispricing,strength_weighted,GOOGL,21,269,87,339
original_0714,mispricing,strength_weighted,DD,22,278,80,321
original_0714,mispricing,strength_weighted,TMO,23,271,70,320
original_0714,mispricing,strength_weighted,PSIX,24,205,10,314
original_0714,mispricing,strength_weighted,DOV,25,264,68,292
original_0714,mispricing,strength_weighted,PLAB,26,253,103,285
original_0714,mispricing,strength_weighted,CC,27,260,73,282
original_0714,mispricing,strength_weighted,ALLE,28,237,83,275
original_0714,mispricing,strength_weighted,HTHIY,29,255,107,272
original_0714,mispricing,strength_weighted,SANM,30,229,56,272
original_0714,mispricing,strength_weighted,MOD,31,230,87,270
original_0714,mispricing,strength_weighted,JBL,32,279,68,269
original_0714,mispricing,strength_weighted,MCHP,33,269,82,267
original_0714,mispricing,strength_weighted,CEG,34,215,60,266
original_0714,mispricing,strength_weighted,SMCI,35,267,47,265
original_0714,mispricing,strength_weighted,HUBB,36,269,87,263
original_0714,mispricing,strength_weighted,MMM,37,247,77,250
original_0714,mispricing,strength_weighted,VECO,38,221,85,241
original_0714,mispricing,strength_weighted,MKSI,39,246,82,234
original_0714,mispricing,strength_weighted,MSI,40,251,92,224
original_0714,mispricing,strength_weighted,DCI,41,268,83,214
original_0714,mispricing,strength_weighted,FTV,42,234,102,203
original_0714,mispricing,strength_weighted,NTNX,43,219,78,201
original_0714,mispricing,strength_weighted,EME,44,221,116,200
original_0714,mispricing,strength_weighted,PENG,45,242,91,198
original_0714,mispricing,strength_weighted,LFUS,46,233,93,195
original_0714,mispricing,strength_weighted,CLS,47,226,103,194
original_0714,mispricing,strength_weighted,IBM,48,237,84,183
original_0714,mispricing,strength_weighted,CMI,49,209,97,171
original_0714,mispricing,strength_weighted,NVT,50,222,122,162
original_0714,mispricing,strength_weighted,DELL,51,218,106,160
original_0714,mispricing,strength_weighted,AEIS,52,215,117,153
original_0714,mispricing,strength_weighted,SNDK,53,192,140,151
original_0714,mispricing,strength_weighted,NTAP,54,215,134,150
original_0714,mispricing,strength_weighted,ASGLY,55,190,82,143
original_0714,mispricing,strength_weighted,CRDO,56,193,96,141
original_0714,mispricing,strength_weighted,GNRC,57,214,137,140
original_0714,mispricing,strength_weighted,DHR,58,221,130,137
original_0714,mispricing,strength_weighted,P,59,199,92,134
original_0714,mispricing,strength_weighted,AMZN,60,189,99,131
original_0714,mispricing,strength_weighted,ETN,61,197,102,129
original_0714,mispricing,strength_weighted,JCI,62,217,122,128
original_0714,mispricing,strength_weighted,FLEX,63,188,114,126
original_0714,mispricing,strength_weighted,MIELY,64,170,75,124
original_0714,mispricing,strength_weighted,CARR,65,223,127,123
original_0714,mispricing,strength_weighted,Q,66,183,74,122
original_0714,mispricing,strength_weighted,SNPS,67,182,100,107
original_0714,mispricing,strength_weighted,SOMMY,68,200,92,99
original_0714,mispricing,strength_weighted,DIOD,69,186,134,96
original_0714,mispricing,strength_weighted,KEYS,70,193,125,94
original_0714,mispricing,strength_weighted,ON,71,184,111,94
original_0714,mispricing,strength_weighted,AEP,72,207,108,92
original_0714,mispricing,strength_weighted,IFNNY,73,193,127,88
original_0714,mispricing,strength_weighted,IESC,74,174,101,88
original_0714,mispricing,strength_weighted,ASX,75,203,131,85
original_0714,mispricing,strength_weighted,SKHY,76,149,93,85
original_0714,mispricing,strength_weighted,DTE,77,189,105,78
original_0714,mispricing,strength_weighted,NOK,78,190,121,77
original_0714,mispricing,strength_weighted,ONTO,79,181,146,76
original_0714,mispricing,strength_weighted,BELFB,80,169,113,70
original_0714,mispricing,strength_weighted,APH,81,205,138,69
original_0714,mispricing,strength_weighted,CAMT,82,186,137,63
original_0714,mispricing,strength_weighted,POWL,83,176,138,57
original_0714,mispricing,strength_weighted,SMTOY,84,157,119,51
original_0714,mispricing,strength_weighted,ADI,85,181,138,45
original_0714,mispricing,strength_weighted,RMBS,86,158,117,45
original_0714,mispricing,strength_weighted,TTDKY,87,185,140,44
original_0714,mispricing,strength_weighted,AMKR,88,188,134,35
original_0714,mispricing,strength_weighted,ACLS,89,180,158,34
original_0714,mispricing,strength_weighted,APD,90,184,144,31
original_0714,mispricing,strength_weighted,ASMIY,91,170,154,28
original_0714,mispricing,strength_weighted,GFS,92,159,144,26
original_0714,mispricing,strength_weighted,KLIC,93,169,186,24
original_0714,mispricing,strength_weighted,ENTG,94,137,115,22
original_0714,mispricing,strength_weighted,UCTT,95,167,145,17
original_0714,mispricing,strength_weighted,TOELY,96,117,103,17
original_0714,mispricing,strength_weighted,SMTC,97,164,154,13
original_0714,mispricing,strength_weighted,SIMO,98,154,150,9
original_0714,mispricing,strength_weighted,TDY,99,177,163,2
original_0714,mispricing,strength_weighted,ASML,100,160,143,2
original_0714,mispricing,strength_weighted,ETR,101,173,151,-5
original_0714,mispricing,strength_weighted,TER,102,157,163,-21
original_0714,mispricing,strength_weighted,ABBNY,103,153,153,-22
original_0714,mispricing,strength_weighted,NVMI,104,144,180,-22
original_0714,mispricing,strength_weighted,NDSN,105,155,164,-37
original_0714,mispricing,strength_weighted,MRVL,106,130,172,-37
original_0714,mispricing,strength_weighted,ENPH,107,166,177,-40
original_0714,mispricing,strength_weighted,LIN,108,149,173,-41
original_0714,mispricing,strength_weighted,CSCO,109,144,166,-42
original_0714,mispricing,strength_weighted,TT,110,150,150,-44
original_0714,mispricing,strength_weighted,DLR,111,123,152,-44
original_0714,mispricing,strength_weighted,VRT,112,120,157,-52
original_0714,mispricing,strength_weighted,STM,113,138,166,-53
original_0714,mispricing,strength_weighted,RYCEY,114,133,175,-58
original_0714,mispricing,strength_weighted,ASMVY,115,111,166,-60
original_0714,mispricing,strength_weighted,SHECY,116,116,156,-61
original_0714,mispricing,strength_weighted,PH,117,131,176,-62
original_0714,mispricing,strength_weighted,FIX,118,136,190,-68
original_0714,mispricing,strength_weighted,AMAT,119,145,181,-81
original_0714,mispricing,strength_weighted,GEV,120,80,143,-81
original_0714,mispricing,strength_weighted,MYRG,121,126,174,-86
original_0714,mispricing,strength_weighted,AMD,122,108,184,-87
original_0714,mispricing,strength_weighted,VIAV,123,122,175,-94
original_0714,mispricing,strength_weighted,MICLF,124,83,155,-94
original_0714,mispricing,strength_weighted,VSH,125,142,199,-97
original_0714,mispricing,strength_weighted,BWXT,126,120,184,-98
original_0714,mispricing,strength_weighted,AAOI,127,139,175,-99
original_0714,mispricing,strength_weighted,HOCPY,128,84,162,-106
original_0714,mispricing,strength_weighted,ANET,129,89,184,-107
original_0714,mispricing,strength_weighted,TSEM,130,134,189,-108
original_0714,mispricing,strength_weighted,COHU,131,107,178,-109
original_0714,mispricing,strength_weighted,ATEYY,132,102,180,-110
original_0714,mispricing,strength_weighted,FN,133,127,174,-115
original_0714,mispricing,strength_weighted,DSCSY,134,78,149,-116
original_0714,mispricing,strength_weighted,ICHR,135,122,203,-121
original_0714,mispricing,strength_weighted,UMC,136,150,209,-130
original_0714,mispricing,strength_weighted,STX,137,113,192,-134
original_0714,mispricing,strength_weighted,LRCX,138,94,197,-134
original_0714,mispricing,strength_weighted,WDC,139,102,216,-135
original_0714,mispricing,strength_weighted,EQIX,140,84,183,-135
original_0714,mispricing,strength_weighted,ECL,141,116,197,-139
original_0714,mispricing,strength_weighted,FORM,142,97,199,-143
original_0714,mispricing,strength_weighted,DKILY,143,77,170,-143
original_0714,mispricing,strength_weighted,MTRN,144,98,191,-153
original_0714,mispricing,strength_weighted,KLAC,145,103,214,-159
original_0714,mispricing,strength_weighted,CAT,146,97,224,-162
original_0714,mispricing,strength_weighted,MTSI,147,84,222,-164
original_0714,mispricing,strength_weighted,LITE,148,95,199,-171
original_0714,mispricing,strength_weighted,ROG,149,109,206,-173
original_0714,mispricing,strength_weighted,COHR,150,112,196,-177
original_0714,mispricing,strength_weighted,ACMR,151,88,218,-184
original_0714,mispricing,strength_weighted,AJNMY,152,72,189,-184
original_0714,mispricing,strength_weighted,TXN,153,93,220,-196
original_0714,mispricing,strength_weighted,AAON,154,90,213,-198
original_0714,mispricing,strength_weighted,PWR,155,98,215,-199
original_0714,mispricing,strength_weighted,TE,156,66,214,-203
original_0714,mispricing,strength_weighted,FLNC,157,123,235,-214
original_0714,mispricing,strength_weighted,MPWR,158,84,223,-214
original_0714,mispricing,strength_weighted,AOSL,159,104,222,-223
original_0714,mispricing,strength_weighted,CIEN,160,83,223,-226
original_0714,mispricing,strength_weighted,MRAAY,161,79,213,-248
original_0714,mispricing,strength_weighted,CRWV,162,59,272,-265
original_0714,mispricing,strength_weighted,IMOS,163,59,250,-270
original_0714,mispricing,strength_weighted,CDNS,164,55,261,-271
original_0714,mispricing,strength_weighted,BESIY,165,47,263,-273
original_0714,mispricing,strength_weighted,GLW,166,63,249,-282
original_0714,mispricing,strength_weighted,POWI,167,76,257,-299
original_0714,mispricing,strength_weighted,VICR,168,67,259,-307
original_0714,mispricing,strength_weighted,MXL,169,48,271,-341
original_0714,mispricing,strength_weighted,IREN,170,51,287,-346
original_0714,mispricing,strength_weighted,NBIS,171,63,291,-349
original_0714,mispricing,strength_weighted,MRAM,172,40,285,-386
original_0714,mispricing,strength_weighted,BE,173,38,288,-394
original_0714,mispricing,strength_weighted,AXTI,174,32,308,-398
original_0714,mispricing,strength_weighted,SITM,175,37,297,-427
original_0714,mispricing,strength_weighted,ALAB,176,25,312,-429
original_0714,mispricing,strength_weighted,CRWD,177,11,324,-434
original_0714,mispricing,strength_weighted,INTC,178,26,298,-452
original_0714,mispricing,strength_weighted,APLD,179,40,317,-477
original_0714,mispricing,strength_weighted,AMPX,180,24,344,-482
original_0714,mispricing,strength_weighted,AEHR,181,17,344,-483
original_0714,mispricing,strength_weighted,RKLB,182,9,345,-522
original_0714,mispricing,strength_weighted,WOLF,183,18,338,-526
original_0714,mispricing,strength_weighted,TSLA,184,12,333,-531
original_0714,mispricing,strength_weighted,OKLO,185,3,368,-542
original_0714,mispricing,strength_weighted,CBRS,186,12,352,-543
original_0714,mispricing,strength_weighted,POET,187,11,358,-554
original_0714,mispricing,strength_weighted,FCEL,188,11,330,-558
original_0714,mispricing,strength_weighted,SMR,189,7,354,-575
original_0714,mispricing,strength_weighted,ARM,190,10,356,-584
original_0714,mispricing,strength_weighted,NVTS,191,4,368,-608
original_0714,mispricing,strength_weighted,LWLG,192,0,367,-682
original_0714,overall,both,ADBE,1,370,1,369
original_0714,overall,both,TSM,2,359,8,351
original_0714,overall,both,AVGO,3,351,17,334
original_0714,overall,both,QCOM,4,344,17,327
original_0714,overall,both,MSFT,5,334,10,324
original_0714,overall,both,ORCL,6,322,19,303
original_0714,overall,both,META,7,332,33,299
original_0714,overall,both,NVDA,8,295,1,294
original_0714,overall,both,VST,9,314,23,291
original_0714,overall,both,PNR,10,316,27,289
original_0714,overall,both,GOOGL,11,316,32,284
original_0714,overall,both,TEL,12,295,22,273
original_0714,overall,both,BABA,13,289,27,262
original_0714,overall,both,MU,14,291,51,240
original_0714,overall,both,HTHIY,15,286,46,240
original_0714,overall,both,TMO,16,291,60,231
original_0714,overall,both,DOV,17,276,54,222
original_0714,overall,both,MSI,18,268,53,215
original_0714,overall,both,ET,19,249,46,203
original_0714,overall,both,DELL,20,251,62,189
original_0714,overall,both,CRDO,21,242,57,185
original_0714,overall,both,ASML,22,257,78,179
original_0714,overall,both,APH,23,266,91,175
original_0714,overall,both,EME,24,259,86,173
original_0714,overall,both,ETN,25,257,84,173
original_0714,overall,both,DHR,26,252,85,167
original_0714,overall,both,DSCSY,27,195,28,167
original_0714,overall,both,NVT,28,245,80,165
original_0714,overall,both,ALLE,29,242,77,165
original_0714,overall,both,ST,30,218,53,165
original_0714,overall,both,VRT,31,197,41,156
original_0714,overall,both,ANET,32,222,68,154
original_0714,overall,both,SKHY,33,199,46,153
original_0714,overall,both,NTAP,34,244,94,150
original_0714,overall,both,SANM,35,196,46,150
original_0714,overall,both,SNPS,36,223,74,149
original_0714,overall,both,LFUS,37,233,86,147
original_0714,overall,both,TDY,38,236,92,144
original_0714,overall,both,AMZN,39,224,80,144
original_0714,overall,both,MOD,40,224,82,142
original_0714,overall,both,MIELY,41,208,66,142
original_0714,overall,both,CEG,42,225,89,136
original_0714,overall,both,ASMIY,43,222,90,132
original_0714,overall,both,CLS,44,221,90,131
original_0714,overall,both,JBL,45,220,89,131
original_0714,overall,both,DCI,46,232,102,130
original_0714,overall,both,SNDK,47,228,99,129
original_0714,overall,both,JCI,48,222,93,129
original_0714,overall,both,KEYS,49,230,102,128
original_0714,overall,both,HUBB,50,235,108,127
original_0714,overall,both,ADI,51,233,110,123
original_0714,overall,both,DD,52,224,102,122
original_0714,overall,both,TT,53,202,83,119
original_0714,overall,both,FTV,54,229,116,113
original_0714,overall,both,LIN,55,218,108,110
original_0714,overall,both,ABBNY,56,214,105,109
original_0714,overall,both,NTNX,57,214,106,108
original_0714,overall,both,AEIS,58,214,110,104
original_0714,overall,both,CMI,59,217,114,103
original_0714,overall,both,VISN,60,195,94,101
original_0714,overall,both,PH,61,216,116,100
original_0714,overall,both,RMBS,62,197,100,97
original_0714,overall,both,HPE,63,211,116,95
original_0714,overall,both,GEV,64,156,63,93
original_0714,overall,both,KLAC,65,200,109,91
original_0714,overall,both,MCHP,66,194,105,89
original_0714,overall,both,ENS,67,213,125,88
original_0714,overall,both,AMAT,68,209,121,88
original_0714,overall,both,ONTO,69,209,123,86
original_0714,overall,both,IFNNY,70,207,121,86
original_0714,overall,both,MMM,71,185,100,85
original_0714,overall,both,P,72,193,110,83
original_0714,overall,both,NVMI,73,195,114,81
original_0714,overall,both,POWL,74,194,118,76
original_0714,overall,both,RYCEY,75,198,123,75
original_0714,overall,both,AMD,76,190,116,74
original_0714,overall,both,CARR,77,200,129,71
original_0714,overall,both,IBM,78,192,121,71
original_0714,overall,both,ATEYY,79,171,102,69
original_0714,overall,both,HOCPY,80,158,90,68
original_0714,overall,both,GNRC,81,194,130,64
original_0714,overall,both,NDSN,82,185,121,64
original_0714,overall,both,IESC,83,177,113,64
original_0714,overall,both,CAMT,84,185,123,62
original_0714,overall,both,PLAB,85,198,137,61
original_0714,overall,both,SHECY,86,179,118,61
original_0714,overall,both,TER,87,190,131,59
original_0714,overall,both,FIX,88,192,135,57
original_0714,overall,both,VECO,89,188,132,56
original_0714,overall,both,BDC,90,173,117,56
original_0714,overall,both,MKSI,91,178,127,51
original_0714,overall,both,BWXT,92,182,132,50
original_0714,overall,both,TTDKY,93,181,138,43
original_0714,overall,both,MPWR,94,183,141,42
original_0714,overall,both,SMTOY,95,160,120,40
original_0714,overall,both,TOELY,96,158,118,40
original_0714,overall,both,PWR,97,158,120,38
original_0714,overall,both,MRVL,98,176,139,37
original_0714,overall,both,CSCO,99,159,122,37
original_0714,overall,both,ECL,100,184,150,34
original_0714,overall,both,LRCX,101,166,132,34
original_0714,overall,both,AEP,102,159,132,27
original_0714,overall,both,FLEX,103,162,146,16
original_0714,overall,both,ASX,104,173,158,15
original_0714,overall,both,KLIC,105,163,153,10
original_0714,overall,both,FN,106,128,121,7
original_0714,overall,both,APD,107,146,144,2
original_0714,overall,both,DTE,108,154,153,1
original_0714,overall,both,Q,109,131,130,1
original_0714,overall,both,PSIX,110,135,135,0
original_0714,overall,both,PENG,111,151,158,-7
original_0714,overall,both,DIOD,112,149,161,-12
original_0714,overall,both,SIMO,113,146,160,-14
original_0714,overall,both,ON,114,152,167,-15
original_0714,overall,both,ENTG,115,105,122,-17
original_0714,overall,both,TSEM,116,138,162,-24
original_0714,overall,both,MICLF,117,129,155,-26
original_0714,overall,both,BELFB,118,134,163,-29
original_0714,overall,both,ETR,119,144,176,-32
original_0714,overall,both,DKILY,120,123,160,-37
original_0714,overall,both,DLR,121,120,157,-37
original_0714,overall,both,NOK,122,137,175,-38
original_0714,overall,both,CAT,123,134,172,-38
original_0714,overall,both,TXN,124,128,171,-43
original_0714,overall,both,CDNS,125,130,174,-44
original_0714,overall,both,SMCI,126,109,156,-47
original_0714,overall,both,ATKR,127,122,175,-53
original_0714,overall,both,AJNMY,128,114,169,-55
original_0714,overall,both,ASMVY,129,120,177,-57
original_0714,overall,both,EQIX,130,114,175,-61
original_0714,overall,both,SMTC,131,107,170,-63
original_0714,overall,both,MTSI,132,117,182,-65
original_0714,overall,both,COHR,133,123,189,-66
original_0714,overall,both,MRAAY,134,122,189,-67
original_0714,overall,both,BESIY,135,95,170,-75
original_0714,overall,both,ASGLY,136,104,181,-77
original_0714,overall,both,AMKR,137,124,203,-79
original_0714,overall,both,GFS,138,114,199,-85
original_0714,overall,both,WDC,139,107,196,-89
original_0714,overall,both,AAON,140,108,204,-96
original_0714,overall,both,LITE,141,99,201,-102
original_0714,overall,both,STX,142,105,208,-103
original_0714,overall,both,MYRG,143,109,215,-106
original_0714,overall,both,ACLS,144,106,214,-108
original_0714,overall,both,UMC,145,104,228,-124
original_0714,overall,both,CIEN,146,94,218,-124
original_0714,overall,both,STM,147,91,223,-132
original_0714,overall,both,AAOI,148,84,220,-136
original_0714,overall,both,FORM,149,79,222,-143
original_0714,overall,both,VIAV,150,80,225,-145
original_0714,overall,both,GLW,151,83,231,-148
original_0714,overall,both,UCTT,152,88,237,-149
original_0714,overall,both,SOMMY,153,71,222,-151
original_0714,overall,both,ACMR,154,75,237,-162
original_0714,overall,both,VICR,155,62,235,-173
original_0714,overall,both,MTRN,156,75,251,-176
original_0714,overall,both,COHU,157,57,236,-179
original_0714,overall,both,ICHR,158,72,257,-185
original_0714,overall,both,CRWD,159,70,256,-186
original_0714,overall,both,VSH,160,67,256,-189
original_0714,overall,both,SITM,161,61,258,-197
original_0714,overall,both,ROG,162,68,266,-198
original_0714,overall,both,POWI,163,62,276,-214
original_0714,overall,both,CC,164,42,259,-217
original_0714,overall,both,ALAB,165,50,271,-221
original_0714,overall,both,IMOS,166,50,298,-248
original_0714,overall,both,BE,167,40,290,-250
original_0714,overall,both,ENPH,168,43,300,-257
original_0714,overall,both,CRWV,169,44,305,-261
original_0714,overall,both,ARM,170,34,314,-280
original_0714,overall,both,AOSL,171,29,310,-281
original_0714,overall,both,MXL,172,36,319,-283
original_0714,overall,both,MRAM,173,27,316,-289
original_0714,overall,both,FLNC,174,31,326,-295
original_0714,overall,both,AXTI,175,28,323,-295
original_0714,overall,both,NBIS,176,31,335,-304
original_0714,overall,both,TSLA,177,29,337,-308
original_0714,overall,both,IREN,178,26,338,-312
original_0714,overall,both,TE,179,21,338,-317
original_0714,overall,both,INTC,180,21,342,-321
original_0714,overall,both,APLD,181,20,349,-329
original_0714,overall,both,AEHR,182,16,349,-333
original_0714,overall,both,CBRS,183,16,354,-338
original_0714,overall,both,RKLB,184,15,354,-339
original_0714,overall,both,AMPX,185,16,356,-340
original_0714,overall,both,WOLF,186,8,367,-359
original_0714,overall,both,POET,187,7,370,-363
original_0714,overall,both,FCEL,188,6,370,-364
original_0714,overall,both,NVTS,189,6,372,-366
original_0714,overall,both,SMR,190,5,374,-369
original_0714,overall,both,OKLO,191,3,374,-371
original_0714,overall,both,LWLG,192,1,378,-377
original_0714,overall,self_only,ADBE,1,179,1,178
original_0714,overall,self_only,TSM,2,172,8,164
original_0714,overall,self_only,QCOM,3,164,15,149
original_0714,overall,self_only,AVGO,4,163,17,146
original_0714,overall,self_only,MSFT,5,146,9,137
original_0714,overall,self_only,ORCL,6,151,15,136
original_0714,overall,self_only,PNR,7,144,21,123
original_0714,overall,self_only,META,8,145,33,112
original_0714,overall,self_only,VST,9,127,23,104
original_0714,overall,self_only,GOOGL,10,133,30,103
original_0714,overall,self_only,NVDA,11,104,1,103
original_0714,overall,self_only,TEL,12,112,21,91
original_0714,overall,self_only,BABA,13,115,26,89
original_0714,overall,self_only,DOV,14,113,46,67
original_0714,overall,self_only,ST,15,96,29,67
original_0714,overall,self_only,TMO,16,116,53,63
original_0714,overall,self_only,HTHIY,17,109,46,63
original_0714,overall,self_only,DSCSY,18,71,16,55
original_0714,overall,self_only,MU,19,103,51,52
original_0714,overall,self_only,DELL,20,94,44,50
original_0714,overall,self_only,MSI,21,94,47,47
original_0714,overall,self_only,SKHY,22,87,45,42
original_0714,overall,self_only,ET,23,84,42,42
original_0714,overall,self_only,CRDO,24,83,43,40
original_0714,overall,self_only,MIELY,25,89,52,37
original_0714,overall,self_only,ANET,26,80,57,23
original_0714,overall,self_only,VRT,27,45,26,19
original_0714,overall,self_only,LFUS,28,87,69,18
original_0714,overall,self_only,ASML,29,88,73,15
original_0714,overall,self_only,DCI,30,90,77,13
original_0714,overall,self_only,NVT,31,82,70,12
original_0714,overall,self_only,EME,32,86,79,7
original_0714,overall,self_only,JBL,33,78,71,7
original_0714,overall,self_only,SNPS,34,65,58,7
original_0714,overall,self_only,APH,35,90,84,6
original_0714,overall,self_only,DHR,36,83,79,4
original_0714,overall,self_only,RMBS,37,79,75,4
original_0714,overall,self_only,VISN,38,75,71,4
original_0714,overall,self_only,SANM,39,36,32,4
original_0714,overall,self_only,ETN,40,82,79,3
original_0714,overall,self_only,ALLE,41,71,70,1
original_0714,overall,self_only,TDY,42,76,78,-2
original_0714,overall,self_only,MMM,43,72,74,-2
original_0714,overall,self_only,NTAP,44,78,84,-6
original_0714,overall,self_only,IESC,45,73,80,-7
original_0714,overall,self_only,JCI,46,69,77,-8
original_0714,overall,self_only,DD,47,78,87,-9
original_0714,overall,self_only,P,48,71,81,-10
original_0714,overall,self_only,CLS,49,65,75,-10
original_0714,overall,self_only,KEYS,50,77,88,-11
original_0714,overall,self_only,SMCI,51,59,70,-11
original_0714,overall,self_only,ADI,52,81,94,-13
original_0714,overall,self_only,HOCPY,53,49,64,-15
original_0714,overall,self_only,AEP,54,66,82,-16
original_0714,overall,self_only,SNDK,55,68,85,-17
original_0714,overall,self_only,ASMIY,56,63,80,-17
original_0714,overall,self_only,GEV,57,26,43,-17
original_0714,overall,self_only,LIN,58,75,93,-18
original_0714,overall,self_only,MCHP,59,64,85,-21
original_0714,overall,self_only,KLAC,60,66,89,-23
original_0714,overall,self_only,MOD,61,54,77,-23
original_0714,overall,self_only,AMZN,62,51,74,-23
original_0714,overall,self_only,FTV,63,73,98,-25
original_0714,overall,self_only,AEIS,64,67,92,-25
original_0714,overall,self_only,AMD,65,63,90,-27
original_0714,overall,self_only,NTNX,66,60,90,-30
original_0714,overall,self_only,ABBNY,67,59,91,-32
original_0714,overall,self_only,TT,68,39,72,-33
original_0714,overall,self_only,HUBB,69,66,101,-35
original_0714,overall,self_only,DLR,70,56,92,-36
original_0714,overall,self_only,NVMI,71,61,98,-37
original_0714,overall,self_only,SMTOY,72,61,98,-37
original_0714,overall,self_only,APD,73,53,91,-38
original_0714,overall,self_only,PENG,74,64,104,-40
original_0714,overall,self_only,CMI,75,61,101,-40
original_0714,overall,self_only,IBM,76,52,92,-40
original_0714,overall,self_only,MRVL,77,62,103,-41
original_0714,overall,self_only,ATEYY,78,46,89,-43
original_0714,overall,self_only,FN,79,32,75,-43
original_0714,overall,self_only,HPE,80,53,98,-45
original_0714,overall,self_only,CEG,81,42,87,-45
original_0714,overall,self_only,PH,82,59,105,-46
original_0714,overall,self_only,PWR,83,45,91,-46
original_0714,overall,self_only,POWL,84,56,104,-48
original_0714,overall,self_only,NDSN,85,51,102,-51
original_0714,overall,self_only,ONTO,86,57,109,-52
original_0714,overall,self_only,MKSI,87,51,103,-52
original_0714,overall,self_only,SHECY,88,51,105,-54
original_0714,overall,self_only,SMTC,89,49,104,-55
original_0714,overall,self_only,CAMT,90,46,101,-55
original_0714,overall,self_only,AMAT,91,55,111,-56
original_0714,overall,self_only,TSEM,92,49,105,-56
original_0714,overall,self_only,ON,93,59,117,-58
original_0714,overall,self_only,FIX,94,57,115,-58
original_0714,overall,self_only,TTDKY,95,56,114,-58
original_0714,overall,self_only,SOMMY,96,44,102,-58
original_0714,overall,self_only,Q,97,31,91,-60
original_0714,overall,self_only,SIMO,98,55,116,-61
original_0714,overall,self_only,CARR,99,51,112,-61
original_0714,overall,self_only,BDC,100,36,97,-61
original_0714,overall,self_only,IFNNY,101,49,111,-62
original_0714,overall,self_only,NOK,102,53,116,-63
original_0714,overall,self_only,RYCEY,103,48,111,-63
original_0714,overall,self_only,ASGLY,104,51,115,-64
original_0714,overall,self_only,DTE,105,50,114,-64
original_0714,overall,self_only,GNRC,106,49,113,-64
original_0714,overall,self_only,TER,107,49,113,-64
original_0714,overall,self_only,ENS,108,48,112,-64
original_0714,overall,self_only,BESIY,109,46,110,-64
original_0714,overall,self_only,TOELY,110,34,98,-64
original_0714,overall,self_only,MPWR,111,56,122,-66
original_0714,overall,self_only,MTSI,112,50,117,-67
original_0714,overall,self_only,CSCO,113,29,96,-67
original_0714,overall,self_only,BELFB,114,42,111,-69
original_0714,overall,self_only,ENTG,115,14,83,-69
original_0714,overall,self_only,TXN,116,47,119,-72
original_0714,overall,self_only,WDC,117,43,115,-72
original_0714,overall,self_only,AJNMY,118,54,127,-73
original_0714,overall,self_only,ETR,119,53,126,-73
original_0714,overall,self_only,PLAB,120,49,123,-74
original_0714,overall,self_only,EQIX,121,38,114,-76
original_0714,overall,self_only,LRCX,122,35,111,-76
original_0714,overall,self_only,COHU,123,26,103,-77
original_0714,overall,self_only,BWXT,124,38,116,-78
original_0714,overall,self_only,ECL,125,50,129,-79
original_0714,overall,self_only,ASMVY,126,48,127,-79
original_0714,overall,self_only,AMKR,127,53,134,-81
original_0714,overall,self_only,STX,128,45,127,-82
original_0714,overall,self_only,MICLF,129,40,123,-83
original_0714,overall,self_only,MYRG,130,47,133,-86
original_0714,overall,self_only,VECO,131,32,118,-86
original_0714,overall,self_only,CAT,132,39,127,-88
original_0714,overall,self_only,STM,133,38,127,-89
original_0714,overall,self_only,ACLS,134,39,129,-90
original_0714,overall,self_only,DKILY,135,36,126,-90
original_0714,overall,self_only,PSIX,136,21,112,-91
original_0714,overall,self_only,GLW,137,38,130,-92
original_0714,overall,self_only,CRWD,138,38,131,-93
original_0714,overall,self_only,VIAV,139,30,123,-93
original_0714,overall,self_only,GFS,140,37,131,-94
original_0714,overall,self_only,CIEN,141,36,130,-94
original_0714,overall,self_only,ASX,142,36,133,-97
original_0714,overall,self_only,KLIC,143,34,131,-97
original_0714,overall,self_only,ICHR,144,37,137,-100
original_0714,overall,self_only,ACMR,145,35,135,-100
original_0714,overall,self_only,LITE,146,41,142,-101
original_0714,overall,self_only,ROG,147,35,136,-101
original_0714,overall,self_only,FORM,148,27,128,-101
original_0714,overall,self_only,FLEX,149,24,130,-106
original_0714,overall,self_only,CDNS,150,25,132,-107
original_0714,overall,self_only,MRAAY,151,38,147,-109
original_0714,overall,self_only,ALAB,152,29,140,-111
original_0714,overall,self_only,ATKR,153,26,140,-114
original_0714,overall,self_only,SITM,154,30,147,-117
original_0714,overall,self_only,UCTT,155,30,148,-118
original_0714,overall,self_only,MTRN,156,29,147,-118
original_0714,overall,self_only,VICR,157,23,141,-118
original_0714,overall,self_only,DIOD,158,20,138,-118
original_0714,overall,self_only,COHR,159,27,146,-119
original_0714,overall,self_only,UMC,160,33,153,-120
original_0714,overall,self_only,AAON,161,23,143,-120
original_0714,overall,self_only,CC,162,21,145,-124
original_0714,overall,self_only,MRAM,163,17,141,-124
original_0714,overall,self_only,NBIS,164,26,157,-131
original_0714,overall,self_only,POWI,165,26,157,-131
original_0714,overall,self_only,CRWV,166,28,160,-132
original_0714,overall,self_only,AOSL,167,18,153,-135
original_0714,overall,self_only,VSH,168,21,157,-136
original_0714,overall,self_only,AXTI,169,20,157,-137
original_0714,overall,self_only,IMOS,170,23,161,-138
original_0714,overall,self_only,BE,171,22,160,-138
original_0714,overall,self_only,AAOI,172,15,153,-138
original_0714,overall,self_only,ARM,173,19,162,-143
original_0714,overall,self_only,FLNC,174,18,163,-145
original_0714,overall,self_only,IREN,175,20,167,-147
original_0714,overall,self_only,MXL,176,16,163,-147
original_0714,overall,self_only,ENPH,177,18,166,-148
original_0714,overall,self_only,TSLA,178,17,165,-148
original_0714,overall,self_only,INTC,179,12,171,-159
original_0714,overall,self_only,RKLB,180,12,171,-159
original_0714,overall,self_only,CBRS,181,12,172,-160
original_0714,overall,self_only,TE,182,12,173,-161
original_0714,overall,self_only,APLD,183,12,174,-162
original_0714,overall,self_only,AMPX,184,11,175,-164
original_0714,overall,self_only,AEHR,185,9,173,-164
original_0714,overall,self_only,WOLF,186,8,178,-170
original_0714,overall,self_only,FCEL,187,6,180,-174
original_0714,overall,self_only,POET,188,6,181,-175
original_0714,overall,self_only,NVTS,189,5,184,-179
original_0714,overall,self_only,SMR,190,5,185,-180
original_0714,overall,self_only,OKLO,191,3,184,-181
original_0714,overall,self_only,LWLG,192,1,187,-186
original_0714,overall,other_only,ADBE,1,191,0,191
original_0714,overall,other_only,NVDA,2,191,0,191
original_0714,overall,other_only,AVGO,3,188,0,188
original_0714,overall,other_only,MU,4,188,0,188
original_0714,overall,other_only,MSFT,5,188,1,187
original_0714,overall,other_only,META,6,187,0,187
original_0714,overall,other_only,TSM,7,187,0,187
original_0714,overall,other_only,VST,8,187,0,187
original_0714,overall,other_only,TEL,9,183,1,182
original_0714,overall,other_only,CEG,10,183,2,181
original_0714,overall,other_only,GOOGL,11,183,2,181
original_0714,overall,other_only,QCOM,12,180,2,178
original_0714,overall,other_only,HTHIY,13,177,0,177
original_0714,overall,other_only,BABA,14,174,1,173
original_0714,overall,other_only,ETN,15,175,5,170
original_0714,overall,other_only,APH,16,176,7,169
original_0714,overall,other_only,TMO,17,175,7,168
original_0714,overall,other_only,MSI,18,174,6,168
original_0714,overall,other_only,AMZN,19,173,6,167
original_0714,overall,other_only,ORCL,20,171,4,167
original_0714,overall,other_only,EME,21,173,7,166
original_0714,overall,other_only,PNR,22,172,6,166
original_0714,overall,other_only,MOD,23,170,5,165
original_0714,overall,other_only,ALLE,24,171,7,164
original_0714,overall,other_only,ASML,25,169,5,164
original_0714,overall,other_only,DHR,26,169,6,163
original_0714,overall,other_only,HUBB,27,169,7,162
original_0714,overall,other_only,ET,28,165,4,161
original_0714,overall,other_only,NTAP,29,166,10,156
original_0714,overall,other_only,DOV,30,163,8,155
original_0714,overall,other_only,NVT,31,163,10,153
original_0714,overall,other_only,ENS,32,165,13,152
original_0714,overall,other_only,TT,33,163,11,152
original_0714,overall,other_only,ASMIY,34,159,10,149
original_0714,overall,other_only,IFNNY,35,158,10,148
original_0714,overall,other_only,SANM,36,160,14,146
original_0714,overall,other_only,SNDK,37,160,14,146
original_0714,overall,other_only,TDY,38,160,14,146
original_0714,overall,other_only,PH,39,157,11,146
original_0714,overall,other_only,CRDO,40,159,14,145
original_0714,overall,other_only,AMAT,41,154,10,144
original_0714,overall,other_only,CMI,42,156,13,143
original_0714,overall,other_only,SNPS,43,158,16,142
original_0714,overall,other_only,VECO,44,156,14,142
original_0714,overall,other_only,CLS,45,156,15,141
original_0714,overall,other_only,ABBNY,46,155,14,141
original_0714,overall,other_only,HPE,47,158,18,140
original_0714,overall,other_only,DELL,48,157,18,139
original_0714,overall,other_only,KEYS,49,153,14,139
original_0714,overall,other_only,FTV,50,156,18,138
original_0714,overall,other_only,NTNX,51,154,16,138
original_0714,overall,other_only,ONTO,52,152,14,138
original_0714,overall,other_only,RYCEY,53,150,12,138
original_0714,overall,other_only,JCI,54,153,16,137
original_0714,overall,other_only,VRT,55,152,15,137
original_0714,overall,other_only,ADI,56,152,16,136
original_0714,overall,other_only,PLAB,57,149,14,135
original_0714,overall,other_only,CARR,58,149,17,132
original_0714,overall,other_only,DD,59,146,15,131
original_0714,overall,other_only,ANET,60,142,11,131
original_0714,overall,other_only,AEIS,61,147,18,129
original_0714,overall,other_only,LFUS,62,146,17,129
original_0714,overall,other_only,GNRC,63,145,17,128
original_0714,overall,other_only,BWXT,64,144,16,128
original_0714,overall,other_only,LIN,65,143,15,128
original_0714,overall,other_only,JBL,66,142,18,124
original_0714,overall,other_only,POWL,67,138,14,124
original_0714,overall,other_only,TER,68,141,18,123
original_0714,overall,other_only,FLEX,69,138,16,122
original_0714,overall,other_only,NVMI,70,134,16,118
original_0714,overall,other_only,DCI,71,142,25,117
original_0714,overall,other_only,CAMT,72,139,22,117
original_0714,overall,other_only,BDC,73,137,20,117
original_0714,overall,other_only,FIX,74,135,20,115
original_0714,overall,other_only,NDSN,75,134,19,115
original_0714,overall,other_only,SHECY,76,128,13,115
original_0714,overall,other_only,KLAC,77,134,20,114
original_0714,overall,other_only,ECL,78,134,21,113
original_0714,overall,other_only,ASX,79,137,25,112
original_0714,overall,other_only,ATEYY,80,125,13,112
original_0714,overall,other_only,DSCSY,81,124,12,112
original_0714,overall,other_only,IBM,82,140,29,111
original_0714,overall,other_only,SKHY,83,112,1,111
original_0714,overall,other_only,LRCX,84,131,21,110
original_0714,overall,other_only,GEV,85,130,20,110
original_0714,overall,other_only,MCHP,86,130,20,110
original_0714,overall,other_only,MPWR,87,127,19,108
original_0714,overall,other_only,KLIC,88,129,22,107
original_0714,overall,other_only,DIOD,89,129,23,106
original_0714,overall,other_only,MIELY,90,119,14,105
original_0714,overall,other_only,CSCO,91,130,26,104
original_0714,overall,other_only,TOELY,92,124,20,104
original_0714,overall,other_only,MKSI,93,127,24,103
original_0714,overall,other_only,AMD,94,127,26,101
original_0714,overall,other_only,TTDKY,95,125,24,101
original_0714,overall,other_only,ST,96,122,24,98
original_0714,overall,other_only,VISN,97,120,23,97
original_0714,overall,other_only,P,98,122,29,93
original_0714,overall,other_only,RMBS,99,118,25,93
original_0714,overall,other_only,PSIX,100,114,23,91
original_0714,overall,other_only,MMM,101,113,26,87
original_0714,overall,other_only,PWR,102,113,29,84
original_0714,overall,other_only,HOCPY,103,109,26,83
original_0714,overall,other_only,MRVL,104,114,36,78
original_0714,overall,other_only,SMTOY,105,99,22,77
original_0714,overall,other_only,IESC,106,104,33,71
original_0714,overall,other_only,DTE,107,104,39,65
original_0714,overall,other_only,CDNS,108,105,42,63
original_0714,overall,other_only,Q,109,100,39,61
original_0714,overall,other_only,ATKR,110,96,35,61
original_0714,overall,other_only,MICLF,111,89,32,57
original_0714,overall,other_only,COHR,112,96,43,53
original_0714,overall,other_only,DKILY,113,87,34,53
original_0714,overall,other_only,ENTG,114,91,39,52
original_0714,overall,other_only,FN,115,96,46,50
original_0714,overall,other_only,CAT,116,95,45,50
original_0714,overall,other_only,SIMO,117,91,44,47
original_0714,overall,other_only,AEP,118,93,50,43
original_0714,overall,other_only,ON,119,93,50,43
original_0714,overall,other_only,MRAAY,120,84,42,42
original_0714,overall,other_only,ETR,121,91,50,41
original_0714,overall,other_only,APD,122,93,53,40
original_0714,overall,other_only,BELFB,123,92,52,40
original_0714,overall,other_only,PENG,124,87,54,33
original_0714,overall,other_only,TSEM,125,89,57,32
original_0714,overall,other_only,TXN,126,81,52,29
original_0714,overall,other_only,NOK,127,84,59,25
original_0714,overall,other_only,AAON,128,85,61,24
original_0714,overall,other_only,ASMVY,129,72,50,22
original_0714,overall,other_only,AJNMY,130,60,42,18
original_0714,overall,other_only,EQIX,131,76,61,15
original_0714,overall,other_only,GFS,132,77,68,9
original_0714,overall,other_only,AMKR,133,71,69,2
original_0714,overall,other_only,AAOI,134,69,67,2
original_0714,overall,other_only,MTSI,135,67,65,2
original_0714,overall,other_only,DLR,136,64,65,-1
original_0714,overall,other_only,LITE,137,58,59,-1
original_0714,overall,other_only,UMC,138,71,75,-4
original_0714,overall,other_only,SMTC,139,58,66,-8
original_0714,overall,other_only,BESIY,140,49,60,-11
original_0714,overall,other_only,ASGLY,141,53,66,-13
original_0714,overall,other_only,WDC,142,64,81,-17
original_0714,overall,other_only,ACLS,143,67,85,-18
original_0714,overall,other_only,MYRG,144,62,82,-20
original_0714,overall,other_only,STX,145,60,81,-21
original_0714,overall,other_only,CIEN,146,58,88,-30
original_0714,overall,other_only,UCTT,147,58,89,-31
original_0714,overall,other_only,SMCI,148,50,86,-36
original_0714,overall,other_only,FORM,149,52,94,-42
original_0714,overall,other_only,STM,150,53,96,-43
original_0714,overall,other_only,VIAV,151,50,102,-52
original_0714,overall,other_only,VSH,152,46,99,-53
original_0714,overall,other_only,VICR,153,39,94,-55
original_0714,overall,other_only,GLW,154,45,101,-56
original_0714,overall,other_only,MTRN,155,46,104,-58
original_0714,overall,other_only,ACMR,156,40,102,-62
original_0714,overall,other_only,SITM,157,31,111,-80
original_0714,overall,other_only,POWI,158,36,119,-83
original_0714,overall,other_only,ICHR,159,35,120,-85
original_0714,overall,other_only,CRWD,160,32,125,-93
original_0714,overall,other_only,SOMMY,161,27,120,-93
original_0714,overall,other_only,CC,162,21,114,-93
original_0714,overall,other_only,ROG,163,33,130,-97
original_0714,overall,other_only,COHU,164,31,133,-102
original_0714,overall,other_only,ENPH,165,25,134,-109
original_0714,overall,other_only,IMOS,166,27,137,-110
original_0714,overall,other_only,ALAB,167,21,131,-110
original_0714,overall,other_only,BE,168,18,130,-112
original_0714,overall,other_only,CRWV,169,16,145,-129
original_0714,overall,other_only,MXL,170,20,156,-136
original_0714,overall,other_only,ARM,171,15,152,-137
original_0714,overall,other_only,AOSL,172,11,157,-146
original_0714,overall,other_only,FLNC,173,13,163,-150
original_0714,overall,other_only,TE,174,9,165,-156
original_0714,overall,other_only,AXTI,175,8,166,-158
original_0714,overall,other_only,TSLA,176,12,172,-160
original_0714,overall,other_only,INTC,177,9,171,-162
original_0714,overall,other_only,MRAM,178,10,175,-165
original_0714,overall,other_only,IREN,179,6,171,-165
original_0714,overall,other_only,APLD,180,8,175,-167
original_0714,overall,other_only,AEHR,181,7,176,-169
original_0714,overall,other_only,NBIS,182,5,178,-173
original_0714,overall,other_only,AMPX,183,5,181,-176
original_0714,overall,other_only,CBRS,184,4,182,-178
original_0714,overall,other_only,RKLB,185,3,183,-180
original_0714,overall,other_only,NVTS,186,1,188,-187
original_0714,overall,other_only,POET,187,1,189,-188
original_0714,overall,other_only,SMR,188,0,189,-189
original_0714,overall,other_only,WOLF,189,0,189,-189
original_0714,overall,other_only,FCEL,190,0,190,-190
original_0714,overall,other_only,OKLO,191,0,190,-190
original_0714,overall,other_only,LWLG,192,0,191,-191
original_0714,overall,agreement_only,ADBE,1,179,0,179
original_0714,overall,agreement_only,TSM,2,172,0,172
original_0714,overall,agreement_only,AVGO,3,163,0,163
original_0714,overall,agreement_only,QCOM,4,162,2,160
original_0714,overall,agreement_only,MSFT,5,146,1,145
original_0714,overall,agreement_only,META,6,145,0,145
original_0714,overall,agreement_only,ORCL,7,145,2,143
original_0714,overall,agreement_only,PNR,8,141,5,136
original_0714,overall,agreement_only,GOOGL,9,133,2,131
original_0714,overall,agreement_only,VST,10,126,0,126
original_0714,overall,agreement_only,BABA,11,112,1,111
original_0714,overall,agreement_only,TEL,12,111,1,110
original_0714,overall,agreement_only,TMO,13,114,7,107
original_0714,overall,agreement_only,HTHIY,14,105,0,105
original_0714,overall,agreement_only,NVDA,15,104,0,104
original_0714,overall,agreement_only,MU,16,103,0,103
original_0714,overall,agreement_only,DOV,17,108,8,100
original_0714,overall,agreement_only,MSI,18,91,5,86
original_0714,overall,agreement_only,APH,19,89,7,82
original_0714,overall,agreement_only,ASML,20,87,5,82
original_0714,overall,agreement_only,ETN,21,82,5,77
original_0714,overall,agreement_only,ET,22,81,4,77
original_0714,overall,agreement_only,EME,23,83,7,76
original_0714,overall,agreement_only,DELL,24,89,14,75
original_0714,overall,agreement_only,DHR,25,81,6,75
original_0714,overall,agreement_only,NVT,26,81,9,72
original_0714,overall,agreement_only,CRDO,27,78,8,70
original_0714,overall,agreement_only,NTAP,28,75,9,66
original_0714,overall,agreement_only,LFUS,29,80,15,65
original_0714,overall,agreement_only,ST,30,75,11,64
original_0714,overall,agreement_only,ANET,31,74,10,64
original_0714,overall,agreement_only,ALLE,32,71,7,64
original_0714,overall,agreement_only,DCI,33,85,22,63
original_0714,overall,agreement_only,MIELY,34,71,9,62
original_0714,overall,agreement_only,ADI,35,77,16,61
original_0714,overall,agreement_only,TDY,36,74,13,61
original_0714,overall,agreement_only,LIN,37,74,14,60
original_0714,overall,agreement_only,KEYS,38,72,13,59
original_0714,overall,agreement_only,HUBB,39,65,7,58
original_0714,overall,agreement_only,DD,40,72,15,57
original_0714,overall,agreement_only,SKHY,41,58,1,57
original_0714,overall,agreement_only,JBL,42,72,16,56
original_0714,overall,agreement_only,FTV,43,71,18,53
original_0714,overall,agreement_only,DSCSY,44,59,6,53
original_0714,overall,agreement_only,CLS,45,64,12,52
original_0714,overall,agreement_only,SNDK,46,63,12,51
original_0714,overall,agreement_only,JCI,47,65,15,50
original_0714,overall,agreement_only,SNPS,48,64,14,50
original_0714,overall,agreement_only,ASMIY,49,60,10,50
original_0714,overall,agreement_only,MOD,50,53,3,50
original_0714,overall,agreement_only,AEIS,51,64,17,47
original_0714,overall,agreement_only,CMI,52,59,12,47
original_0714,overall,agreement_only,PH,53,57,10,47
original_0714,overall,agreement_only,VISN,54,58,12,46
original_0714,overall,agreement_only,KLAC,55,64,19,45
original_0714,overall,agreement_only,AMZN,56,51,6,45
original_0714,overall,agreement_only,NTNX,57,59,15,44
original_0714,overall,agreement_only,ABBNY,58,57,14,43
original_0714,overall,agreement_only,ONTO,59,56,13,43
original_0714,overall,agreement_only,AMAT,60,53,10,43
original_0714,overall,agreement_only,NVMI,61,58,16,42
original_0714,overall,agreement_only,MMM,62,63,22,41
original_0714,overall,agreement_only,RMBS,63,63,22,41
original_0714,overall,agreement_only,IFNNY,64,48,8,40
original_0714,overall,agreement_only,CEG,65,42,2,40
original_0714,overall,agreement_only,MCHP,66,57,18,39
original_0714,overall,agreement_only,POWL,67,53,14,39
original_0714,overall,agreement_only,FIX,68,56,20,36
original_0714,overall,agreement_only,ENS,69,47,11,36
original_0714,overall,agreement_only,VRT,70,45,9,36
original_0714,overall,agreement_only,RYCEY,71,47,12,35
original_0714,overall,agreement_only,IESC,72,60,26,34
original_0714,overall,agreement_only,P,73,59,25,34
original_0714,overall,agreement_only,SHECY,74,47,13,34
original_0714,overall,agreement_only,AMD,75,53,20,33
original_0714,overall,agreement_only,PLAB,76,47,14,33
original_0714,overall,agreement_only,MPWR,77,51,19,32
original_0714,overall,agreement_only,CARR,78,49,17,32
original_0714,overall,agreement_only,HPE,79,47,15,32
original_0714,overall,agreement_only,NDSN,80,48,17,31
original_0714,overall,agreement_only,HOCPY,81,43,12,31
original_0714,overall,agreement_only,ATEYY,82,42,11,31
original_0714,overall,agreement_only,GNRC,83,47,17,30
original_0714,overall,agreement_only,TER,84,47,17,30
original_0714,overall,agreement_only,TTDKY,85,52,23,29
original_0714,overall,agreement_only,SMTOY,86,48,19,29
original_0714,overall,agreement_only,ECL,87,49,21,28
original_0714,overall,agreement_only,TT,88,39,11,28
original_0714,overall,agreement_only,MKSI,89,48,21,27
original_0714,overall,agreement_only,MRVL,90,58,32,26
original_0714,overall,agreement_only,IBM,91,51,25,26
original_0714,overall,agreement_only,CAMT,92,46,21,25
original_0714,overall,agreement_only,BDC,93,35,12,23
original_0714,overall,agreement_only,SANM,94,33,10,23
original_0714,overall,agreement_only,BWXT,95,37,15,22
original_0714,overall,agreement_only,VECO,96,30,11,19
original_0714,overall,agreement_only,LRCX,97,34,19,15
original_0714,overall,agreement_only,TOELY,98,32,17,15
original_0714,overall,agreement_only,AEP,99,55,41,14
original_0714,overall,agreement_only,PWR,100,41,27,14
original_0714,overall,agreement_only,ASX,101,35,23,12
original_0714,overall,agreement_only,GEV,102,25,13,12
original_0714,overall,agreement_only,KLIC,103,33,22,11
original_0714,overall,agreement_only,FLEX,104,24,15,9
original_0714,overall,agreement_only,PENG,105,50,43,7
original_0714,overall,agreement_only,DTE,106,44,37,7
original_0714,overall,agreement_only,SIMO,107,45,39,6
original_0714,overall,agreement_only,APD,108,47,42,5
original_0714,overall,agreement_only,CSCO,109,28,23,5
original_0714,overall,agreement_only,ON,110,48,44,4
original_0714,overall,agreement_only,MICLF,111,31,30,1
original_0714,overall,agreement_only,FN,112,29,29,0
original_0714,overall,agreement_only,PSIX,113,21,22,-1
original_0714,overall,agreement_only,DIOD,114,20,21,-1
original_0714,overall,agreement_only,ETR,115,46,48,-2
original_0714,overall,agreement_only,TSEM,116,42,45,-3
original_0714,overall,agreement_only,DKILY,117,29,33,-4
original_0714,overall,agreement_only,AJNMY,118,35,40,-5
original_0714,overall,agreement_only,CAT,119,37,43,-6
original_0714,overall,agreement_only,Q,120,28,34,-6
original_0714,overall,agreement_only,NOK,121,45,52,-7
original_0714,overall,agreement_only,TXN,122,42,50,-8
original_0714,overall,agreement_only,BELFB,123,39,47,-8
original_0714,overall,agreement_only,SMCI,124,37,45,-8
original_0714,overall,agreement_only,ATKR,125,26,34,-8
original_0714,overall,agreement_only,ASMVY,126,36,45,-9
original_0714,overall,agreement_only,SMTC,127,41,52,-11
original_0714,overall,agreement_only,DLR,128,38,50,-12
original_0714,overall,agreement_only,MRAAY,129,29,41,-12
original_0714,overall,agreement_only,CDNS,130,24,38,-14
original_0714,overall,agreement_only,MTSI,131,41,56,-15
original_0714,overall,agreement_only,COHR,132,25,41,-16
original_0714,overall,agreement_only,ASGLY,133,33,50,-17
original_0714,overall,agreement_only,ENTG,134,13,30,-17
original_0714,overall,agreement_only,EQIX,135,31,49,-18
original_0714,overall,agreement_only,BESIY,136,29,49,-20
original_0714,overall,agreement_only,AMKR,137,45,67,-22
original_0714,overall,agreement_only,LITE,138,31,56,-25
original_0714,overall,agreement_only,GFS,139,35,61,-26
original_0714,overall,agreement_only,WDC,140,31,64,-33
original_0714,overall,agreement_only,MYRG,141,37,74,-37
original_0714,overall,agreement_only,AAON,142,23,60,-37
original_0714,overall,agreement_only,STX,143,34,73,-39
original_0714,overall,agreement_only,UMC,144,31,73,-42
original_0714,overall,agreement_only,ACLS,145,35,78,-43
original_0714,overall,agreement_only,CIEN,146,30,75,-45
original_0714,overall,agreement_only,AAOI,147,14,64,-50
original_0714,overall,agreement_only,STM,148,32,83,-51
original_0714,overall,agreement_only,FORM,149,26,82,-56
original_0714,overall,agreement_only,UCTT,150,28,86,-58
original_0714,overall,agreement_only,GLW,151,31,90,-59
original_0714,overall,agreement_only,VIAV,152,28,87,-59
original_0714,overall,agreement_only,SOMMY,153,18,78,-60
original_0714,overall,agreement_only,COHU,154,22,86,-64
original_0714,overall,agreement_only,VICR,155,19,84,-65
original_0714,overall,agreement_only,ACMR,156,25,91,-66
original_0714,overall,agreement_only,MTRN,157,24,97,-73
original_0714,overall,agreement_only,SITM,158,21,100,-79
original_0714,overall,agreement_only,VSH,159,18,97,-79
original_0714,overall,agreement_only,CRWD,160,24,105,-81
original_0714,overall,agreement_only,ROG,161,27,110,-83
original_0714,overall,agreement_only,ICHR,162,24,108,-84
original_0714,overall,agreement_only,CC,163,9,99,-90
original_0714,overall,agreement_only,POWI,164,23,116,-93
original_0714,overall,agreement_only,ALAB,165,19,115,-96
original_0714,overall,agreement_only,BE,166,16,126,-110
original_0714,overall,agreement_only,IMOS,167,17,132,-115
original_0714,overall,agreement_only,ENPH,168,14,130,-116
original_0714,overall,agreement_only,CRWV,169,14,140,-126
original_0714,overall,agreement_only,ARM,170,12,142,-130
original_0714,overall,agreement_only,AOSL,171,9,139,-130
original_0714,overall,agreement_only,MRAM,172,8,140,-132
original_0714,overall,agreement_only,MXL,173,14,150,-136
original_0714,overall,agreement_only,AXTI,174,8,151,-143
original_0714,overall,agreement_only,FLNC,175,11,158,-147
original_0714,overall,agreement_only,TSLA,176,12,161,-149
original_0714,overall,agreement_only,NBIS,177,5,155,-150
original_0714,overall,agreement_only,TE,178,8,160,-152
original_0714,overall,agreement_only,IREN,179,6,160,-154
original_0714,overall,agreement_only,INTC,180,8,165,-157
original_0714,overall,agreement_only,APLD,181,7,168,-161
original_0714,overall,agreement_only,AEHR,182,6,168,-162
original_0714,overall,agreement_only,CBRS,183,4,171,-167
original_0714,overall,agreement_only,RKLB,184,3,170,-167
original_0714,overall,agreement_only,AMPX,185,5,174,-169
original_0714,overall,agreement_only,WOLF,186,0,178,-178
original_0714,overall,agreement_only,POET,187,1,181,-180
original_0714,overall,agreement_only,FCEL,188,0,180,-180
original_0714,overall,agreement_only,NVTS,189,1,184,-183
original_0714,overall,agreement_only,OKLO,190,0,183,-183
original_0714,overall,agreement_only,SMR,191,0,185,-185
original_0714,overall,agreement_only,LWLG,192,0,187,-187
original_0714,overall,high_only,MSFT,1,176,2,174
original_0714,overall,high_only,GOOGL,2,128,2,126
original_0714,overall,high_only,META,3,124,2,122
original_0714,overall,high_only,MU,4,128,14,114
original_0714,overall,high_only,TEL,5,108,1,107
original_0714,overall,high_only,NVDA,6,105,0,105
original_0714,overall,high_only,TSM,7,97,0,97
original_0714,overall,high_only,ADBE,8,95,0,95
original_0714,overall,high_only,AVGO,9,95,0,95
original_0714,overall,high_only,TMO,10,93,6,87
original_0714,overall,high_only,VST,11,89,6,83
original_0714,overall,high_only,ETN,12,84,9,75
original_0714,overall,high_only,EME,13,79,12,67
original_0714,overall,high_only,HTHIY,14,78,11,67
original_0714,overall,high_only,APH,15,70,3,67
original_0714,overall,high_only,CEG,16,73,9,64
original_0714,overall,high_only,AMZN,17,62,0,62
original_0714,overall,high_only,MSI,18,62,0,62
original_0714,overall,high_only,DHR,19,70,9,61
original_0714,overall,high_only,ASML,20,61,0,61
original_0714,overall,high_only,QCOM,21,60,0,60
original_0714,overall,high_only,HUBB,22,59,0,59
original_0714,overall,high_only,DOV,23,58,4,54
original_0714,overall,high_only,TT,24,46,1,45
original_0714,overall,high_only,LIN,25,58,14,44
original_0714,overall,high_only,ET,26,50,8,42
original_0714,overall,high_only,KEYS,27,42,0,42
original_0714,overall,high_only,ANET,28,52,11,41
original_0714,overall,high_only,KLAC,29,46,6,40
original_0714,overall,high_only,MOD,30,51,12,39
original_0714,overall,high_only,TDY,31,54,17,37
original_0714,overall,high_only,PH,32,38,1,37
original_0714,overall,high_only,ADI,33,36,0,36
original_0714,overall,high_only,ALLE,34,36,0,36
original_0714,overall,high_only,NTAP,35,60,25,35
original_0714,overall,high_only,ENS,36,42,7,35
original_0714,overall,high_only,ASMIY,37,58,24,34
original_0714,overall,high_only,SNPS,38,45,11,34
original_0714,overall,high_only,PNR,39,33,0,33
original_0714,overall,high_only,DCI,40,42,10,32
original_0714,overall,high_only,CMI,41,30,0,30
original_0714,overall,high_only,NVT,42,49,20,29
original_0714,overall,high_only,CLS,43,37,9,28
original_0714,overall,high_only,CRDO,44,39,13,26
original_0714,overall,high_only,AMAT,45,58,33,25
original_0714,overall,high_only,ONTO,46,25,0,25
original_0714,overall,high_only,FTV,47,44,20,24
original_0714,overall,high_only,SHECY,48,31,8,23
original_0714,overall,high_only,ORCL,49,23,0,23
original_0714,overall,high_only,ABBNY,50,56,34,22
original_0714,overall,high_only,ST,51,23,1,22
original_0714,overall,high_only,BABA,52,29,8,21
original_0714,overall,high_only,CSCO,53,22,1,21
original_0714,overall,high_only,SNDK,54,22,1,21
original_0714,overall,high_only,BWXT,55,21,0,21
original_0714,overall,high_only,TER,56,33,14,19
original_0714,overall,high_only,IBM,57,28,9,19
original_0714,overall,high_only,VRT,58,19,0,19
original_0714,overall,high_only,LFUS,59,54,36,18
original_0714,overall,high_only,NTNX,60,35,17,18
original_0714,overall,high_only,GEV,61,18,0,18
original_0714,overall,high_only,FIX,62,17,0,17
original_0714,overall,high_only,POWL,63,44,28,16
original_0714,overall,high_only,JCI,64,42,26,16
original_0714,overall,high_only,LRCX,65,34,18,16
original_0714,overall,high_only,AMD,66,31,15,16
original_0714,overall,high_only,DSCSY,67,22,6,16
original_0714,overall,high_only,VECO,68,16,0,16
original_0714,overall,high_only,IFNNY,69,46,31,15
original_0714,overall,high_only,ECL,70,41,26,15
original_0714,overall,high_only,CAMT,71,15,0,15
original_0714,overall,high_only,SANM,72,19,5,14
original_0714,overall,high_only,NVMI,73,33,20,13
original_0714,overall,high_only,HPE,74,27,14,13
original_0714,overall,high_only,CARR,75,14,1,13
original_0714,overall,high_only,TXN,76,14,1,13
original_0714,overall,high_only,DELL,77,13,0,13
original_0714,overall,high_only,JBL,78,13,0,13
original_0714,overall,high_only,TOELY,79,13,0,13
original_0714,overall,high_only,NDSN,80,29,17,12
original_0714,overall,high_only,MIELY,81,27,15,12
original_0714,overall,high_only,HOCPY,82,13,1,12
original_0714,overall,high_only,RYCEY,83,12,0,12
original_0714,overall,high_only,PWR,84,14,3,11
original_0714,overall,high_only,CAT,85,13,2,11
original_0714,overall,high_only,SKHY,86,10,0,10
original_0714,overall,high_only,EQIX,87,8,1,7
original_0714,overall,high_only,DD,88,7,0,7
original_0714,overall,high_only,MRVL,89,7,0,7
original_0714,overall,high_only,BDC,90,7,1,6
original_0714,overall,high_only,RMBS,91,32,27,5
original_0714,overall,high_only,MKSI,92,7,2,5
original_0714,overall,high_only,AEP,93,6,1,5
original_0714,overall,high_only,P,94,6,1,5
original_0714,overall,high_only,DIOD,95,5,0,5
original_0714,overall,high_only,DLR,96,24,20,4
original_0714,overall,high_only,ENTG,97,7,3,4
original_0714,overall,high_only,AJNMY,98,5,1,4
original_0714,overall,high_only,PLAB,99,26,23,3
original_0714,overall,high_only,FN,100,7,4,3
original_0714,overall,high_only,BELFB,101,5,2,3
original_0714,overall,high_only,COHR,102,3,0,3
original_0714,overall,high_only,MICLF,103,3,0,3
original_0714,overall,high_only,AEIS,104,46,44,2
original_0714,overall,high_only,Q,105,4,2,2
original_0714,overall,high_only,APD,106,5,4,1
original_0714,overall,high_only,GFS,107,3,2,1
original_0714,overall,high_only,MMM,108,3,2,1
original_0714,overall,high_only,BESIY,109,2,1,1
original_0714,overall,high_only,ASGLY,110,1,0,1
original_0714,overall,high_only,CIEN,111,2,2,0
original_0714,overall,high_only,ASMVY,112,0,0,0
original_0714,overall,high_only,MCHP,113,24,25,-1
original_0714,overall,high_only,AMKR,114,12,13,-1
original_0714,overall,high_only,MYRG,115,1,2,-1
original_0714,overall,high_only,ATEYY,116,29,31,-2
original_0714,overall,high_only,FORM,117,3,5,-2
original_0714,overall,high_only,SMTC,118,0,2,-2
original_0714,overall,high_only,TSEM,119,24,27,-3
original_0714,overall,high_only,CRWD,120,1,4,-3
original_0714,overall,high_only,STX,121,1,4,-3
original_0714,overall,high_only,VIAV,122,1,4,-3
original_0714,overall,high_only,DTE,123,24,28,-4
original_0714,overall,high_only,MTSI,124,19,23,-4
original_0714,overall,high_only,SIMO,125,24,29,-5
original_0714,overall,high_only,PENG,126,15,20,-5
original_0714,overall,high_only,VISN,127,11,16,-5
original_0714,overall,high_only,ALAB,128,0,5,-5
original_0714,overall,high_only,SOMMY,129,0,5,-5
original_0714,overall,high_only,VICR,130,0,5,-5
original_0714,overall,high_only,ASX,131,25,31,-6
original_0714,overall,high_only,SMTOY,132,25,32,-7
original_0714,overall,high_only,SITM,133,0,7,-7
original_0714,overall,high_only,POWI,134,2,10,-8
original_0714,overall,high_only,COHU,135,1,9,-8
original_0714,overall,high_only,ON,136,19,28,-9
original_0714,overall,high_only,ETR,137,16,25,-9
original_0714,overall,high_only,SMCI,138,15,24,-9
original_0714,overall,high_only,IESC,139,25,35,-10
original_0714,overall,high_only,WDC,140,11,21,-10
original_0714,overall,high_only,MPWR,141,41,52,-11
original_0714,overall,high_only,TTDKY,142,29,40,-11
original_0714,overall,high_only,CDNS,143,22,35,-13
original_0714,overall,high_only,ATKR,144,12,25,-13
original_0714,overall,high_only,GNRC,145,24,38,-14
original_0714,overall,high_only,VSH,146,0,14,-14
original_0714,overall,high_only,PSIX,147,6,22,-16
original_0714,overall,high_only,CRWV,148,0,17,-17
original_0714,overall,high_only,NOK,149,21,40,-19
original_0714,overall,high_only,DKILY,150,24,46,-22
original_0714,overall,high_only,KLIC,151,16,38,-22
original_0714,overall,high_only,FLEX,152,21,44,-23
original_0714,overall,high_only,GLW,153,17,41,-24
original_0714,overall,high_only,LITE,154,14,38,-24
original_0714,overall,high_only,ACLS,155,10,34,-24
original_0714,overall,high_only,IMOS,156,1,27,-26
original_0714,overall,high_only,CC,157,8,35,-27
original_0714,overall,high_only,BE,158,8,38,-30
original_0714,overall,high_only,MTRN,159,18,49,-31
original_0714,overall,high_only,AXTI,160,0,31,-31
original_0714,overall,high_only,STM,161,11,48,-37
original_0714,overall,high_only,AAOI,162,5,43,-38
original_0714,overall,high_only,NBIS,163,0,39,-39
original_0714,overall,high_only,APLD,164,0,44,-44
original_0714,overall,high_only,MRAAY,165,27,75,-48
original_0714,overall,high_only,FLNC,166,0,51,-51
original_0714,overall,high_only,UMC,167,22,81,-59
original_0714,overall,high_only,AAON,168,0,59,-59
original_0714,overall,high_only,RKLB,169,0,60,-60
original_0714,overall,high_only,UCTT,170,8,70,-62
original_0714,overall,high_only,ARM,171,8,71,-63
original_0714,overall,high_only,ACMR,172,10,74,-64
original_0714,overall,high_only,AMPX,173,0,66,-66
original_0714,overall,high_only,CBRS,174,0,66,-66
original_0714,overall,high_only,ICHR,175,14,82,-68
original_0714,overall,high_only,ROG,176,12,87,-75
original_0714,overall,high_only,MRAM,177,0,75,-75
original_0714,overall,high_only,ENPH,178,7,93,-86
original_0714,overall,high_only,IREN,179,7,97,-90
original_0714,overall,high_only,NVTS,180,0,95,-95
original_0714,overall,high_only,OKLO,181,0,100,-100
original_0714,overall,high_only,FCEL,182,0,103,-103
original_0714,overall,high_only,WOLF,183,0,104,-104
original_0714,overall,high_only,MXL,184,6,117,-111
original_0714,overall,high_only,TSLA,185,8,122,-114
original_0714,overall,high_only,AOSL,186,8,125,-117
original_0714,overall,high_only,AEHR,187,7,144,-137
original_0714,overall,high_only,INTC,188,5,154,-149
original_0714,overall,high_only,TE,189,5,177,-172
original_0714,overall,high_only,LWLG,190,0,177,-177
original_0714,overall,high_only,SMR,191,1,213,-212
original_0714,overall,high_only,POET,192,1,215,-214
original_0714,overall,strength_weighted,ADBE,1,370,1,582
original_0714,overall,strength_weighted,TSM,2,359,8,488
original_0714,overall,strength_weighted,META,3,332,33,488
original_0714,overall,strength_weighted,GOOGL,4,316,32,476
original_0714,overall,strength_weighted,QCOM,5,344,17,473
original_0714,overall,strength_weighted,AVGO,6,351,17,471
original_0714,overall,strength_weighted,MSFT,7,334,10,461
original_0714,overall,strength_weighted,VST,8,314,23,457
original_0714,overall,strength_weighted,NVDA,9,295,1,435
original_0714,overall,strength_weighted,ORCL,10,322,19,429
original_0714,overall,strength_weighted,TEL,11,295,22,384
original_0714,overall,strength_weighted,HTHIY,12,286,46,378
original_0714,overall,strength_weighted,TMO,13,291,60,373
original_0714,overall,strength_weighted,MU,14,291,51,364
original_0714,overall,strength_weighted,PNR,15,316,27,350
original_0714,overall,strength_weighted,BABA,16,289,27,339
original_0714,overall,strength_weighted,MSI,17,268,53,336
original_0714,overall,strength_weighted,DOV,18,276,54,323
original_0714,overall,strength_weighted,ASML,19,257,78,284
original_0714,overall,strength_weighted,APH,20,266,91,281
original_0714,overall,strength_weighted,EME,21,259,86,279
original_0714,overall,strength_weighted,DHR,22,252,85,279
original_0714,overall,strength_weighted,ET,23,249,46,278
original_0714,overall,strength_weighted,ETN,24,257,84,272
original_0714,overall,strength_weighted,DELL,25,251,62,258
original_0714,overall,strength_weighted,CRDO,26,242,57,248
original_0714,overall,strength_weighted,AMZN,27,224,80,246
original_0714,overall,strength_weighted,NVT,28,245,80,245
original_0714,overall,strength_weighted,ALLE,29,242,77,240
original_0714,overall,strength_weighted,CEG,30,225,89,233
original_0714,overall,strength_weighted,HUBB,31,235,108,230
original_0714,overall,strength_weighted,ANET,32,222,68,230
original_0714,overall,strength_weighted,MOD,33,224,82,228
original_0714,overall,strength_weighted,ASMIY,34,222,90,217
original_0714,overall,strength_weighted,TDY,35,236,92,215
original_0714,overall,strength_weighted,SNPS,36,223,74,215
original_0714,overall,strength_weighted,ST,37,218,53,211
original_0714,overall,strength_weighted,NTAP,38,244,94,209
original_0714,overall,strength_weighted,KEYS,39,230,102,208
original_0714,overall,strength_weighted,DSCSY,40,195,28,208
original_0714,overall,strength_weighted,LFUS,41,233,86,205
original_0714,overall,strength_weighted,VRT,42,197,41,205
original_0714,overall,strength_weighted,JCI,43,222,93,204
original_0714,overall,strength_weighted,TT,44,202,83,199
original_0714,overall,strength_weighted,CLS,45,221,90,195
original_0714,overall,strength_weighted,SANM,46,196,46,194
original_0714,overall,strength_weighted,SNDK,47,228,99,192
original_0714,overall,strength_weighted,SKHY,48,199,46,192
original_0714,overall,strength_weighted,MIELY,49,208,66,185
original_0714,overall,strength_weighted,ADI,50,233,110,179
original_0714,overall,strength_weighted,LIN,51,218,108,177
original_0714,overall,strength_weighted,ABBNY,52,214,105,176
original_0714,overall,strength_weighted,JBL,53,220,89,172
original_0714,overall,strength_weighted,DCI,54,232,102,171
original_0714,overall,strength_weighted,CMI,55,217,114,170
original_0714,overall,strength_weighted,NTNX,56,214,106,163
original_0714,overall,strength_weighted,DD,57,224,102,162
original_0714,overall,strength_weighted,KLAC,58,200,109,162
original_0714,overall,strength_weighted,PH,59,216,116,157
original_0714,overall,strength_weighted,FTV,60,229,116,149
original_0714,overall,strength_weighted,AEIS,61,214,110,145
original_0714,overall,strength_weighted,ENS,62,213,125,145
original_0714,overall,strength_weighted,ONTO,63,209,123,145
original_0714,overall,strength_weighted,IFNNY,64,207,121,129
original_0714,overall,strength_weighted,RYCEY,65,198,123,128
original_0714,overall,strength_weighted,GEV,66,156,63,126
original_0714,overall,strength_weighted,RMBS,67,197,100,123
original_0714,overall,strength_weighted,AMAT,68,209,121,122
original_0714,overall,strength_weighted,HPE,69,211,116,120
original_0714,overall,strength_weighted,POWL,70,194,118,120
original_0714,overall,strength_weighted,MCHP,71,194,105,116
original_0714,overall,strength_weighted,IBM,72,192,121,115
original_0714,overall,strength_weighted,P,73,193,110,113
original_0714,overall,strength_weighted,MMM,74,185,100,112
original_0714,overall,strength_weighted,CARR,75,200,129,111
original_0714,overall,strength_weighted,VECO,76,188,132,106
original_0714,overall,strength_weighted,NVMI,77,195,114,105
original_0714,overall,strength_weighted,HOCPY,78,158,90,101
original_0714,overall,strength_weighted,IESC,79,177,113,100
original_0714,overall,strength_weighted,SHECY,80,179,118,99
original_0714,overall,strength_weighted,AMD,81,190,116,98
original_0714,overall,strength_weighted,VISN,82,195,94,95
original_0714,overall,strength_weighted,FIX,83,192,135,95
original_0714,overall,strength_weighted,ATEYY,84,171,102,95
original_0714,overall,strength_weighted,TER,85,190,131,94
original_0714,overall,strength_weighted,BWXT,86,182,132,93
original_0714,overall,strength_weighted,NDSN,87,185,121,85
original_0714,overall,strength_weighted,TOELY,88,158,118,85
original_0714,overall,strength_weighted,CAMT,89,185,123,82
original_0714,overall,strength_weighted,PWR,90,158,120,80
original_0714,overall,strength_weighted,BDC,91,173,117,79
original_0714,overall,strength_weighted,TTDKY,92,181,138,72
original_0714,overall,strength_weighted,LRCX,93,166,132,67
original_0714,overall,strength_weighted,MKSI,94,178,127,65
original_0714,overall,strength_weighted,PLAB,95,198,137,64
original_0714,overall,strength_weighted,CSCO,96,159,122,64
original_0714,overall,strength_weighted,MPWR,97,183,141,63
original_0714,overall,strength_weighted,MRVL,98,176,139,58
original_0714,overall,strength_weighted,GNRC,99,194,130,54
original_0714,overall,strength_weighted,SMTOY,100,160,120,47
original_0714,overall,strength_weighted,AEP,101,159,132,43
original_0714,overall,strength_weighted,ECL,102,184,150,40
original_0714,overall,strength_weighted,Q,103,131,130,23
original_0714,overall,strength_weighted,FN,104,128,121,19
original_0714,overall,strength_weighted,DIOD,105,149,161,10
original_0714,overall,strength_weighted,APD,106,146,144,10
original_0714,overall,strength_weighted,FLEX,107,162,146,3
original_0714,overall,strength_weighted,DTE,108,154,153,3
original_0714,overall,strength_weighted,PSIX,109,135,135,3
original_0714,overall,strength_weighted,ASX,110,173,158,-5
original_0714,overall,strength_weighted,PENG,111,151,158,-6
original_0714,overall,strength_weighted,ENTG,112,105,122,-6
original_0714,overall,strength_weighted,MICLF,113,129,155,-8
original_0714,overall,strength_weighted,KLIC,114,163,153,-13
original_0714,overall,strength_weighted,SIMO,115,146,160,-16
original_0714,overall,strength_weighted,ON,116,152,167,-20
original_0714,overall,strength_weighted,BELFB,117,134,163,-26
original_0714,overall,strength_weighted,CAT,118,134,172,-28
original_0714,overall,strength_weighted,DLR,119,120,157,-35
original_0714,overall,strength_weighted,TSEM,120,138,162,-36
original_0714,overall,strength_weighted,AJNMY,121,114,169,-42
original_0714,overall,strength_weighted,CDNS,122,130,174,-43
original_0714,overall,strength_weighted,ASMVY,123,120,177,-43
original_0714,overall,strength_weighted,EQIX,124,114,175,-44
original_0714,overall,strength_weighted,MRAAY,125,122,189,-46
original_0714,overall,strength_weighted,TXN,126,128,171,-53
original_0714,overall,strength_weighted,ETR,127,144,176,-58
original_0714,overall,strength_weighted,DKILY,128,123,160,-58
original_0714,overall,strength_weighted,SMTC,129,107,170,-61
original_0714,overall,strength_weighted,SMCI,130,109,156,-64
original_0714,overall,strength_weighted,NOK,131,137,175,-66
original_0714,overall,strength_weighted,ATKR,132,122,175,-66
original_0714,overall,strength_weighted,GFS,133,114,199,-81
original_0714,overall,strength_weighted,MTSI,134,117,182,-84
original_0714,overall,strength_weighted,WDC,135,107,196,-91
original_0714,overall,strength_weighted,BESIY,136,95,170,-99
original_0714,overall,strength_weighted,ASGLY,137,104,181,-108
original_0714,overall,strength_weighted,CIEN,138,94,218,-123
original_0714,overall,strength_weighted,AMKR,139,124,203,-132
original_0714,overall,strength_weighted,COHR,140,123,189,-137
original_0714,overall,strength_weighted,FORM,141,79,222,-146
original_0714,overall,strength_weighted,LITE,142,99,201,-147
original_0714,overall,strength_weighted,ACLS,143,106,214,-148
original_0714,overall,strength_weighted,STX,144,105,208,-153
original_0714,overall,strength_weighted,MYRG,145,109,215,-164
original_0714,overall,strength_weighted,AAON,146,108,204,-164
original_0714,overall,strength_weighted,AAOI,147,84,220,-183
original_0714,overall,strength_weighted,VICR,148,62,235,-187
original_0714,overall,strength_weighted,CRWD,149,70,256,-195
original_0714,overall,strength_weighted,STM,150,91,223,-197
original_0714,overall,strength_weighted,UMC,151,104,228,-199
original_0714,overall,strength_weighted,GLW,152,83,231,-213
original_0714,overall,strength_weighted,COHU,153,57,236,-214
original_0714,overall,strength_weighted,VSH,154,67,256,-216
original_0714,overall,strength_weighted,VIAV,155,80,225,-217
original_0714,overall,strength_weighted,SOMMY,156,71,222,-224
original_0714,overall,strength_weighted,ACMR,157,75,237,-235
original_0714,overall,strength_weighted,ICHR,158,72,257,-235
original_0714,overall,strength_weighted,POWI,159,62,276,-243
original_0714,overall,strength_weighted,ROG,160,68,266,-255
original_0714,overall,strength_weighted,UCTT,161,88,237,-262
original_0714,overall,strength_weighted,MTRN,162,75,251,-269
original_0714,overall,strength_weighted,SITM,163,61,258,-285
original_0714,overall,strength_weighted,ALAB,164,50,271,-289
original_0714,overall,strength_weighted,CC,165,42,259,-297
original_0714,overall,strength_weighted,IMOS,166,50,298,-314
original_0714,overall,strength_weighted,CRWV,167,44,305,-319
original_0714,overall,strength_weighted,BE,168,40,290,-339
original_0714,overall,strength_weighted,NBIS,169,31,335,-400
original_0714,overall,strength_weighted,MRAM,170,27,316,-405
original_0714,overall,strength_weighted,TSLA,171,29,337,-411
original_0714,overall,strength_weighted,APLD,172,20,349,-419
original_0714,overall,strength_weighted,ARM,173,34,314,-424
original_0714,overall,strength_weighted,ENPH,174,43,300,-426
original_0714,overall,strength_weighted,CBRS,175,16,354,-454
original_0714,overall,strength_weighted,AXTI,176,28,323,-476
original_0714,overall,strength_weighted,MXL,177,36,319,-482
original_0714,overall,strength_weighted,FLNC,178,31,326,-492
original_0714,overall,strength_weighted,AOSL,179,29,310,-492
original_0714,overall,strength_weighted,WOLF,180,8,367,-496
original_0714,overall,strength_weighted,IREN,181,26,338,-513
original_0714,overall,strength_weighted,TE,182,21,338,-552
original_0714,overall,strength_weighted,INTC,183,21,342,-553
original_0714,overall,strength_weighted,OKLO,184,3,374,-568
original_0714,overall,strength_weighted,AEHR,185,16,349,-569
original_0714,overall,strength_weighted,AMPX,186,16,356,-583
original_0714,overall,strength_weighted,RKLB,187,15,354,-598
original_0714,overall,strength_weighted,FCEL,188,6,370,-632
original_0714,overall,strength_weighted,POET,189,7,370,-650
original_0714,overall,strength_weighted,SMR,190,5,374,-655
original_0714,overall,strength_weighted,NVTS,191,6,372,-656
original_0714,overall,strength_weighted,LWLG,192,1,378,-687
