cohort,dimension,variant,start_cutoff,mode,n,top30_return,bottom30_return,spread,top30_mdd,top30_excess_spy,top30_excess_pool,rank_ic,winner30_capture,top30_positive,top30_tickers,bottom30_tickers
latest_0718,near,both,2026-07-18,next_open,192,0.03671030183138588,-0.0368361319843802,0.07354643381576607,-0.19487330142478898,0.005748926629391721,0.051678171902537186,0.10297757914439955,9,17,"MU,AVGO,SNDK,NVDA,TSM,LITE,CRWV,SKHY,ALAB,MRVL,DELL,ORCL,ATEYY,VRT,MPWR,STX,AMAT,AMD,TSEM,NBIS,ASML,TER,CRDO,CLS,NVT,DSCSY,ASMIY,GEV,AAOI,MOD","LWLG,OKLO,SMR,WOLF,FCEL,POET,ENPH,INTC,NVTS,ATKR,AOSL,SOMMY,TSLA,CC,TE,ROG,MRAM,PLAB,AMPX,DKILY,MMM,ASGLY,APD,POWI,RKLB,ALLE,FTV,PNR,ACLS,ST"
latest_0718,near,both,2026-07-18,report_close,192,0.06216532661364058,-0.027200314327933694,0.08936564094157427,-0.19562125870272962,0.02597484213347332,0.06439680681464251,0.13904863955727967,11,18,"MU,AVGO,SNDK,NVDA,TSM,LITE,CRWV,SKHY,ALAB,MRVL,DELL,ORCL,ATEYY,VRT,MPWR,STX,AMAT,AMD,TSEM,NBIS,ASML,TER,CRDO,CLS,NVT,DSCSY,ASMIY,GEV,AAOI,MOD","LWLG,OKLO,SMR,WOLF,FCEL,POET,ENPH,INTC,NVTS,ATKR,AOSL,SOMMY,TSLA,CC,TE,ROG,MRAM,PLAB,AMPX,DKILY,MMM,ASGLY,APD,POWI,RKLB,ALLE,FTV,PNR,ACLS,ST"
latest_0718,near,self_only,2026-07-18,next_open,192,0.041123028045053266,-0.011422025933926216,0.05254505397897948,-0.19697348643322887,0.010161652843059109,0.056090898116204574,0.08359669587391151,9,16,"MU,NBIS,AVGO,CRWV,SNDK,DELL,ALAB,MRVL,LITE,NVDA,TSM,MPWR,TSEM,ASML,STX,ATEYY,SKHY,VRT,ORCL,AMAT,AMD,DSCSY,TER,AEIS,FN,MTSI,ASMIY,NVT,AAOI,GEV","LWLG,OKLO,SMR,POET,WOLF,NVTS,FCEL,ENPH,AOSL,PSIX,INTC,ATKR,SOMMY,DIOD,PLAB,TE,AMPX,TSLA,RKLB,CC,DKILY,CBRS,ROG,ACLS,ALLE,MMM,TTDKY,POWI,EQIX,MRAM"
latest_0718,near,self_only,2026-07-18,report_close,192,0.06616255321672769,0.0011743302154523536,0.06498822300127534,-0.1976720890171707,0.029972068736560428,0.06839403341772961,0.1163276862979139,11,18,"MU,NBIS,AVGO,CRWV,SNDK,DELL,ALAB,MRVL,LITE,NVDA,TSM,MPWR,TSEM,ASML,STX,ATEYY,SKHY,VRT,ORCL,AMAT,AMD,DSCSY,TER,AEIS,FN,MTSI,ASMIY,NVT,AAOI,GEV","LWLG,OKLO,SMR,POET,WOLF,NVTS,FCEL,ENPH,AOSL,PSIX,INTC,ATKR,SOMMY,DIOD,PLAB,TE,AMPX,TSLA,RKLB,CC,DKILY,CBRS,ROG,ACLS,ALLE,MMM,TTDKY,POWI,EQIX,MRAM"
latest_0718,near,other_only,2026-07-18,next_open,192,0.03158834211618758,-0.044516479415369556,0.07610482153155713,-0.1767466177441247,0.000626966914193422,0.04655621218733889,0.10087350459810653,9,15,"NVDA,AVGO,MU,TSM,SKHY,CRDO,SNDK,ORCL,LITE,ATEYY,VRT,META,MOD,CLS,GOOGL,MSFT,FIX,COHR,MRVL,AMD,TER,AMAT,ONTO,LRCX,POWL,ALAB,ANET,BESIY,NVT,DELL","LWLG,OKLO,FCEL,SMR,WOLF,POET,ENPH,INTC,NVTS,MRAM,ATKR,TSLA,SOMMY,CC,ROG,ASGLY,TE,APD,AOSL,ST,PLAB,MMM,PNR,POWI,FTV,AJNMY,DKILY,AEP,AMPX,FLNC"
latest_0718,near,other_only,2026-07-18,report_close,192,0.05289962694851759,-0.03473552031557019,0.08763514726408778,-0.17765450032387076,0.016709142468350327,0.055131107149519507,0.13467433469874945,11,17,"NVDA,AVGO,MU,TSM,SKHY,CRDO,SNDK,ORCL,LITE,ATEYY,VRT,META,MOD,CLS,GOOGL,MSFT,FIX,COHR,MRVL,AMD,TER,AMAT,ONTO,LRCX,POWL,ALAB,ANET,BESIY,NVT,DELL","LWLG,OKLO,FCEL,SMR,WOLF,POET,ENPH,INTC,NVTS,MRAM,ATKR,TSLA,SOMMY,CC,ROG,ASGLY,TE,APD,AOSL,ST,PLAB,MMM,PNR,POWI,FTV,AJNMY,DKILY,AEP,AMPX,FLNC"
latest_0718,near,agreement_only,2026-07-18,next_open,192,0.049621611102680166,-0.024140776573262804,0.07376238767594297,-0.18758678149178842,0.01866023590068601,0.06458948117383148,0.11056479396685025,10,17,"MU,AVGO,SNDK,NVDA,TSM,LITE,CRWV,DELL,ALAB,ATEYY,ORCL,MRVL,STX,SKHY,AMAT,MPWR,AMD,ASML,NBIS,VRT,TSEM,NVT,TER,CLS,KLAC,MTSI,ANET,ASMIY,MOD,FIX","LWLG,OKLO,SMR,WOLF,FCEL,POET,ENPH,NVTS,INTC,AOSL,ATKR,SOMMY,TSLA,TE,CC,ROG,MRAM,PLAB,AMPX,ASGLY,DKILY,MMM,APD,POWI,RKLB,ALLE,PNR,FTV,ACLS,PSIX"
latest_0718,near,agreement_only,2026-07-18,report_close,192,0.07358561154390805,-0.014541882833042459,0.08812749437695051,-0.18844037069788444,0.03739512706374079,0.07581709174490997,0.14565587445405964,12,19,"MU,AVGO,SNDK,NVDA,TSM,LITE,CRWV,DELL,ALAB,ATEYY,ORCL,MRVL,STX,SKHY,AMAT,MPWR,AMD,ASML,NBIS,VRT,TSEM,NVT,TER,CLS,KLAC,MTSI,ANET,ASMIY,MOD,FIX","LWLG,OKLO,SMR,WOLF,FCEL,POET,ENPH,NVTS,INTC,AOSL,ATKR,SOMMY,TSLA,TE,CC,ROG,MRAM,PLAB,AMPX,ASGLY,DKILY,MMM,APD,POWI,RKLB,ALLE,PNR,FTV,ACLS,PSIX"
latest_0718,near,high_only,2026-07-18,next_open,192,0.03439694935643555,-0.02138026318085174,0.05577721253728729,-0.16743838904694486,0.003435574154441394,0.04936481942758686,0.12442523668719314,10,16,"MU,AVGO,GOOGL,CRWV,ASML,TSM,NVDA,MRVL,ALAB,MPWR,ORCL,KLAC,POWL,META,ATEYY,SKHY,LITE,CRDO,FIX,MSFT,ASMIY,DELL,MOD,VRT,APH,ANET,SNDK,ETN,CIEN,AMAT","OKLO,WOLF,SMR,LWLG,POET,FCEL,NVTS,TE,INTC,MRAM,ENPH,AMPX,RKLB,TSLA,AOSL,CC,PLAB,POWI,CBRS,ROG,DIOD,SOMMY,ATKR,DTE,PSIX,DKILY,FLNC,APD,IREN,VSH"
latest_0718,near,high_only,2026-07-18,report_close,192,0.052939683643668474,-0.006923877173509182,0.059863560817177655,-0.1683624506200394,0.016749199163501212,0.05517116384467039,0.15123735181618428,12,16,"MU,AVGO,GOOGL,CRWV,ASML,TSM,NVDA,MRVL,ALAB,MPWR,ORCL,KLAC,POWL,META,ATEYY,SKHY,LITE,CRDO,FIX,MSFT,ASMIY,DELL,MOD,VRT,APH,ANET,SNDK,ETN,CIEN,AMAT","OKLO,WOLF,SMR,LWLG,POET,FCEL,NVTS,TE,INTC,MRAM,ENPH,AMPX,RKLB,TSLA,AOSL,CC,PLAB,POWI,CBRS,ROG,DIOD,SOMMY,ATKR,DTE,PSIX,DKILY,FLNC,APD,IREN,VSH"
latest_0718,near,strength_weighted,2026-07-18,next_open,192,0.03545172546852356,-0.026207024260556065,0.06165874972907962,-0.18539105802550304,0.0044903502665294,0.050419595539674865,0.10813349428966718,9,16,"MU,AVGO,SNDK,LITE,CRWV,NVDA,SKHY,ORCL,ALAB,MRVL,ATEYY,VRT,TSM,MPWR,DELL,ASML,NBIS,TER,MOD,AMAT,AMD,STX,CLS,CRDO,KLAC,ASMIY,FIX,DSCSY,NVT,GOOGL","LWLG,OKLO,SMR,WOLF,FCEL,POET,NVTS,ENPH,INTC,TE,SOMMY,AOSL,TSLA,CC,ROG,MRAM,AMPX,ATKR,PLAB,POWI,RKLB,MMM,APD,ASGLY,DKILY,FTV,ALLE,PNR,DTE,CBRS"
latest_0718,near,strength_weighted,2026-07-18,report_close,192,0.06022507323254347,-0.016163816174399236,0.0763888894069427,-0.1861474633803334,0.024034588752376206,0.062456553433545385,0.14350602229878198,11,17,"MU,AVGO,SNDK,LITE,CRWV,NVDA,SKHY,ORCL,ALAB,MRVL,ATEYY,VRT,TSM,MPWR,DELL,ASML,NBIS,TER,MOD,AMAT,AMD,STX,CLS,CRDO,KLAC,ASMIY,FIX,DSCSY,NVT,GOOGL","LWLG,OKLO,SMR,WOLF,FCEL,POET,NVTS,ENPH,INTC,TE,SOMMY,AOSL,TSLA,CC,ROG,MRAM,AMPX,ATKR,PLAB,POWI,RKLB,MMM,APD,ASGLY,DKILY,FTV,ALLE,PNR,DTE,CBRS"
latest_0718,long,both,2026-07-18,next_open,192,0.0024723702876987626,0.005729952017226392,-0.0032575817295276296,-0.0652011933845037,-0.028489004914295395,0.017440240358850074,0.09440868892927869,4,14,"NVDA,TSM,GOOGL,ASML,MSFT,CDNS,KLAC,HOCPY,AVGO,DHR,META,TT,TMO,ANET,APH,SNPS,DSCSY,LIN,MSI,CRWD,ADI,MPWR,ECL,ASMIY,PWR,ETN,AMAT,PH,ADBE,GEV","LWLG,FCEL,SMR,POET,WOLF,TE,NVTS,OKLO,MRAM,AMPX,FLNC,CC,AOSL,PSIX,APLD,IREN,AEHR,ENPH,AAOI,AXTI,SMCI,INTC,SOMMY,CBRS,VISN,IMOS,ATKR,ICHR,MXL,UCTT"
latest_0718,long,both,2026-07-18,report_close,192,0.010355473156044645,0.023884146346094995,-0.01352867319005035,-0.06581053736817244,-0.025835011324122616,0.012586953357046564,0.08504123375742616,4,14,"NVDA,TSM,GOOGL,ASML,MSFT,CDNS,KLAC,HOCPY,AVGO,DHR,META,TT,TMO,ANET,APH,SNPS,DSCSY,LIN,MSI,CRWD,ADI,MPWR,ECL,ASMIY,PWR,ETN,AMAT,PH,ADBE,GEV","LWLG,FCEL,SMR,POET,WOLF,TE,NVTS,OKLO,MRAM,AMPX,FLNC,CC,AOSL,PSIX,APLD,IREN,AEHR,ENPH,AAOI,AXTI,SMCI,INTC,SOMMY,CBRS,VISN,IMOS,ATKR,ICHR,MXL,UCTT"
latest_0718,long,self_only,2026-07-18,next_open,192,-0.0006119467001758583,0.015111263020607698,-0.015723209720783556,-0.08651179151186195,-0.031573321902170014,0.014355923370975451,0.0932066028266826,3,12,"NVDA,TSM,ASML,GOOGL,MSFT,HOCPY,CDNS,KLAC,DHR,AVGO,TT,DSCSY,TMO,META,ADI,CRWD,ANET,APH,SNPS,LIN,MSI,PWR,AJNMY,ARM,VRT,MPWR,ENTG,ASMIY,ECL,GEV","LWLG,TE,SMR,POET,OKLO,FCEL,NVTS,WOLF,ENPH,AMPX,PSIX,FLNC,AAOI,MRAM,AOSL,APLD,CC,VISN,ATKR,CBRS,RKLB,IREN,SOMMY,AEHR,IMOS,VSH,INTC,AXTI,UCTT,SMCI"
latest_0718,long,self_only,2026-07-18,report_close,192,0.0075745129954110976,0.03180699495274218,-0.024232481957331083,-0.08701547975711088,-0.028615971484756163,0.009805993196413017,0.08577198003418061,4,13,"NVDA,TSM,ASML,GOOGL,MSFT,HOCPY,CDNS,KLAC,DHR,AVGO,TT,DSCSY,TMO,META,ADI,CRWD,ANET,APH,SNPS,LIN,MSI,PWR,AJNMY,ARM,VRT,MPWR,ENTG,ASMIY,ECL,GEV","LWLG,TE,SMR,POET,OKLO,FCEL,NVTS,WOLF,ENPH,AMPX,PSIX,FLNC,AAOI,MRAM,AOSL,APLD,CC,VISN,ATKR,CBRS,RKLB,IREN,SOMMY,AEHR,IMOS,VSH,INTC,AXTI,UCTT,SMCI"
latest_0718,long,other_only,2026-07-18,next_open,192,0.00491042517831641,0.01732673892152783,-0.012416313743211421,-0.06432778009317375,-0.026050950023677747,0.01987829524946772,0.10108204703903645,4,15,"MSFT,NVDA,GOOGL,TSM,ASML,AVGO,META,AMZN,KLAC,CDNS,SNPS,APH,ANET,ETN,DHR,LIN,TMO,MSI,PH,MPWR,ECL,TT,LRCX,BWXT,ADBE,ASMIY,HOCPY,AMAT,TEL,DSCSY","LWLG,FCEL,WOLF,SMR,POET,NVTS,OKLO,TE,MRAM,CC,AEHR,IREN,FLNC,AOSL,AMPX,AXTI,SMCI,INTC,APLD,PSIX,SOMMY,CBRS,AAOI,IMOS,MXL,NBIS,ICHR,VISN,ENPH,CRWV"
latest_0718,long,other_only,2026-07-18,report_close,192,0.012978135527150358,0.03819609453116885,-0.025217959004018492,-0.06496779488905113,-0.023212348953016902,0.015209615728152277,0.09099910479342432,4,15,"MSFT,NVDA,GOOGL,TSM,ASML,AVGO,META,AMZN,KLAC,CDNS,SNPS,APH,ANET,ETN,DHR,LIN,TMO,MSI,PH,MPWR,ECL,TT,LRCX,BWXT,ADBE,ASMIY,HOCPY,AMAT,TEL,DSCSY","LWLG,FCEL,WOLF,SMR,POET,NVTS,OKLO,TE,MRAM,CC,AEHR,IREN,FLNC,AOSL,AMPX,AXTI,SMCI,INTC,APLD,PSIX,SOMMY,CBRS,AAOI,IMOS,MXL,NBIS,ICHR,VISN,ENPH,CRWV"
latest_0718,long,agreement_only,2026-07-18,next_open,192,-0.004193170798686471,0.02067819564894278,-0.024871366447629252,-0.08025816987465173,-0.03515454600068063,0.01077469927246484,0.08836774001030845,3,12,"NVDA,TSM,ASML,GOOGL,MSFT,HOCPY,DHR,KLAC,CDNS,LIN,ANET,AVGO,TMO,ADI,APH,TT,MSI,DSCSY,META,ECL,SNPS,MPWR,TDY,ETN,CRWD,ARM,AMAT,PWR,ASMIY,AMD","LWLG,FCEL,SMR,POET,WOLF,OKLO,NVTS,TE,MRAM,AMPX,CC,FLNC,PSIX,AOSL,SMCI,IREN,AEHR,AXTI,INTC,SOMMY,APLD,ENPH,AAOI,VISN,CBRS,IMOS,ATKR,ICHR,NBIS,MXL"
latest_0718,long,agreement_only,2026-07-18,report_close,192,0.0050891618483148715,0.04022779123058955,-0.03513862938227468,-0.08091439058247685,-0.03110132263185239,0.007320642049316791,0.07985310473916936,4,12,"NVDA,TSM,ASML,GOOGL,MSFT,HOCPY,DHR,KLAC,CDNS,LIN,ANET,AVGO,TMO,ADI,APH,TT,MSI,DSCSY,META,ECL,SNPS,MPWR,TDY,ETN,CRWD,ARM,AMAT,PWR,ASMIY,AMD","LWLG,FCEL,SMR,POET,WOLF,OKLO,NVTS,TE,MRAM,AMPX,CC,FLNC,PSIX,AOSL,SMCI,IREN,AEHR,AXTI,INTC,SOMMY,APLD,ENPH,AAOI,VISN,CBRS,IMOS,ATKR,ICHR,NBIS,MXL"
latest_0718,long,high_only,2026-07-18,next_open,192,0.007371706773976109,0.010038637424340236,-0.002666930650364127,-0.055638595256644385,-0.023589668428018046,0.02233957684512742,0.07586197542251039,4,16,"MSFT,GOOGL,ASML,KLAC,CDNS,AVGO,TMO,META,TSM,ECL,DHR,LIN,ADBE,MSI,NVDA,MPWR,APH,TXN,PH,ADI,AMZN,TDY,SNPS,ANET,TT,ETN,CRWD,TEL,BWXT,AMAT","FCEL,TE,WOLF,LWLG,POET,SMR,NVTS,AMPX,MRAM,PSIX,IREN,AXTI,CC,CBRS,SMCI,INTC,FLNC,AOSL,APLD,NBIS,CRWV,OKLO,AAOI,MXL,IMOS,BE,RKLB,ENPH,UCTT,ICHR"
latest_0718,long,high_only,2026-07-18,report_close,192,0.015211080183870828,0.029290767017911414,-0.014079686834040586,-0.05606608833901039,-0.020979404296296432,0.017442560384872748,0.06358848981363428,4,16,"MSFT,GOOGL,ASML,KLAC,CDNS,AVGO,TMO,META,TSM,ECL,DHR,LIN,ADBE,MSI,NVDA,MPWR,APH,TXN,PH,ADI,AMZN,TDY,SNPS,ANET,TT,ETN,CRWD,TEL,BWXT,AMAT","FCEL,TE,WOLF,LWLG,POET,SMR,NVTS,AMPX,MRAM,PSIX,IREN,AXTI,CC,CBRS,SMCI,INTC,FLNC,AOSL,APLD,NBIS,CRWV,OKLO,AAOI,MXL,IMOS,BE,RKLB,ENPH,UCTT,ICHR"
latest_0718,long,strength_weighted,2026-07-18,next_open,192,0.005448067119426388,0.009332560957554784,-0.003884493838128396,-0.060503903085990296,-0.02551330808256777,0.020415937190577698,0.08979532322382877,4,14,"MSFT,ASML,GOOGL,NVDA,AVGO,CDNS,KLAC,TSM,DHR,HOCPY,META,TMO,LIN,MSI,DSCSY,TT,APH,ANET,CRWD,MPWR,ECL,SNPS,ADBE,ADI,ASMIY,AMAT,PWR,ETN,TDY,PH","LWLG,FCEL,POET,SMR,WOLF,NVTS,TE,MRAM,APLD,AOSL,OKLO,AMPX,IREN,PSIX,FLNC,CC,AXTI,CBRS,SOMMY,SMCI,INTC,ENPH,AAOI,IMOS,ICHR,AEHR,MXL,NBIS,VISN,RKLB"
latest_0718,long,strength_weighted,2026-07-18,report_close,192,0.01270280949098761,0.029186502846951002,-0.01648369335596339,-0.06107723939401233,-0.02348767498917965,0.01493428969198953,0.07984971380517052,4,14,"MSFT,ASML,GOOGL,NVDA,AVGO,CDNS,KLAC,TSM,DHR,HOCPY,META,TMO,LIN,MSI,DSCSY,TT,APH,ANET,CRWD,MPWR,ECL,SNPS,ADBE,ADI,ASMIY,AMAT,PWR,ETN,TDY,PH","LWLG,FCEL,POET,SMR,WOLF,NVTS,TE,MRAM,APLD,AOSL,OKLO,AMPX,IREN,PSIX,FLNC,CC,AXTI,CBRS,SOMMY,SMCI,INTC,ENPH,AAOI,IMOS,ICHR,AEHR,MXL,NBIS,VISN,RKLB"
latest_0718,odds,both,2026-07-18,next_open,192,0.0718720621600958,0.005652951180048312,0.06621911098004749,-0.06195960104085663,0.04091068695810164,0.08683993223124711,0.20428851422835909,10,17,"ADBE,ST,PNR,BABA,PSIX,VST,ORCL,QCOM,ET,TSM,TEL,BDC,ENS,META,NVDA,VISN,HPE,ATKR,SMCI,ALLE,DOV,MU,DD,CEG,TMO,GOOGL,JBL,MMM,AVGO,CC","LWLG,OKLO,NVTS,RKLB,POET,CBRS,SMR,ARM,FCEL,AEHR,AMPX,TSLA,WOLF,INTC,APLD,IREN,CRWD,AXTI,ALAB,BE,SITM,CRWV,NBIS,VICR,FLNC,MXL,MRAM,CIEN,BESIY,TSEM"
latest_0718,odds,both,2026-07-18,report_close,192,0.08115693901598586,0.02734348991565248,0.05381344910033338,-0.06198270300874009,0.0449664545358186,0.08338841921698778,0.18372080405826982,10,17,"ADBE,ST,PNR,BABA,PSIX,VST,ORCL,QCOM,ET,TSM,TEL,BDC,ENS,META,NVDA,VISN,HPE,ATKR,SMCI,ALLE,DOV,MU,DD,CEG,TMO,GOOGL,JBL,MMM,AVGO,CC","LWLG,OKLO,NVTS,RKLB,POET,CBRS,SMR,ARM,FCEL,AEHR,AMPX,TSLA,WOLF,INTC,APLD,IREN,CRWD,AXTI,ALAB,BE,SITM,CRWV,NBIS,VICR,FLNC,MXL,MRAM,CIEN,BESIY,TSEM"
latest_0718,odds,self_only,2026-07-18,next_open,192,0.07783597356051347,-0.0028631460155824407,0.0806991195760959,-0.06255313540208673,0.046874598358519315,0.09280384363166479,0.2324909122968831,9,18,"ADBE,ST,PNR,ORCL,BABA,PSIX,QCOM,ET,VST,TSM,TEL,BDC,ENS,SMCI,META,VISN,NVDA,HPE,DOV,DD,JBL,IBM,TMO,ATKR,ALLE,DCI,MIELY,GOOGL,CEG,SKHY","LWLG,OKLO,NVTS,RKLB,CBRS,POET,ARM,SMR,INTC,FCEL,AMPX,AEHR,APLD,IREN,TSLA,CRWD,TSEM,MXL,AXTI,WOLF,BE,VICR,SITM,ALAB,FLNC,CRWV,MRAAY,ENPH,CIEN,MRAM"
latest_0718,odds,self_only,2026-07-18,report_close,192,0.0873103660512282,0.017113519381413544,0.07019684666981466,-0.06258133458857595,0.05111988157106094,0.08954184625223012,0.2161466104223748,10,19,"ADBE,ST,PNR,ORCL,BABA,PSIX,QCOM,ET,VST,TSM,TEL,BDC,ENS,SMCI,META,VISN,NVDA,HPE,DOV,DD,JBL,IBM,TMO,ATKR,ALLE,DCI,MIELY,GOOGL,CEG,SKHY","LWLG,OKLO,NVTS,RKLB,CBRS,POET,ARM,SMR,INTC,FCEL,AMPX,AEHR,APLD,IREN,TSLA,CRWD,TSEM,MXL,AXTI,WOLF,BE,VICR,SITM,ALAB,FLNC,CRWV,MRAAY,ENPH,CIEN,MRAM"
latest_0718,odds,other_only,2026-07-18,next_open,192,0.08051709226280074,0.0077359986654087125,0.07278109359739203,-0.06239522288394583,0.04955571706080658,0.09548496233395205,0.18038412500339096,12,18,"ADBE,PSIX,VST,ST,ET,NVDA,MU,BABA,META,ATKR,TSM,PNR,TEL,HTHIY,QCOM,BDC,PLAB,HPE,ALLE,VISN,ENS,ORCL,AVGO,CEG,MSFT,SANM,MMM,NTAP,SNDK,GOOGL","LWLG,OKLO,SMR,POET,RKLB,NVTS,FCEL,CBRS,WOLF,TSLA,ARM,NBIS,AEHR,ALAB,AMPX,APLD,CRWD,AXTI,INTC,BE,IREN,SITM,CRWV,MRAM,FLNC,VICR,MXL,BESIY,MTSI,CIEN"
latest_0718,odds,other_only,2026-07-18,report_close,192,0.09155414703206415,0.029216227289414795,0.06233791974264935,-0.06251408404975356,0.05536366255189688,0.09378562723306606,0.15813620703686623,11,20,"ADBE,PSIX,VST,ST,ET,NVDA,MU,BABA,META,ATKR,TSM,PNR,TEL,HTHIY,QCOM,BDC,PLAB,HPE,ALLE,VISN,ENS,ORCL,AVGO,CEG,MSFT,SANM,MMM,NTAP,SNDK,GOOGL","LWLG,OKLO,SMR,POET,RKLB,NVTS,FCEL,CBRS,WOLF,TSLA,ARM,NBIS,AEHR,ALAB,AMPX,APLD,CRWD,AXTI,INTC,BE,IREN,SITM,CRWV,MRAM,FLNC,VICR,MXL,BESIY,MTSI,CIEN"
latest_0718,odds,agreement_only,2026-07-18,next_open,192,0.08380599369865378,0.005652951180048312,0.07815304251860547,-0.06462784587542714,0.052844618496659626,0.0987738637698051,0.20543464991997398,11,18,"ADBE,ST,PNR,BABA,TSM,PSIX,ORCL,VST,ET,QCOM,ENS,TEL,META,HPE,BDC,VISN,DD,ALLE,NVDA,ATKR,SMCI,MMM,TMO,GOOGL,DOV,NTAP,JBL,AVGO,MSFT,MU","LWLG,NVTS,OKLO,RKLB,POET,CBRS,SMR,ARM,FCEL,WOLF,AEHR,AMPX,INTC,APLD,IREN,TSLA,AXTI,CRWD,ALAB,BE,NBIS,SITM,CRWV,FLNC,MXL,VICR,MRAM,CIEN,TSEM,BESIY"
latest_0718,odds,agreement_only,2026-07-18,report_close,192,0.09245786126788719,0.02734348991565248,0.0651143713522347,-0.06466592542972249,0.056267376787719925,0.0946893414688891,0.1833494967853946,10,18,"ADBE,ST,PNR,BABA,TSM,PSIX,ORCL,VST,ET,QCOM,ENS,TEL,META,HPE,BDC,VISN,DD,ALLE,NVDA,ATKR,SMCI,MMM,TMO,GOOGL,DOV,NTAP,JBL,AVGO,MSFT,MU","LWLG,NVTS,OKLO,RKLB,POET,CBRS,SMR,ARM,FCEL,WOLF,AEHR,AMPX,INTC,APLD,IREN,TSLA,AXTI,CRWD,ALAB,BE,NBIS,SITM,CRWV,FLNC,MXL,VICR,MRAM,CIEN,TSEM,BESIY"
latest_0718,odds,high_only,2026-07-18,next_open,192,0.05996077353263152,0.013180245542352375,0.04678052799027914,-0.06748933620307829,0.02899939833063736,0.07492864360378283,0.1939054743238478,10,16,"ADBE,PNR,GOOGL,ET,TEL,META,ALLE,ORCL,VST,NTAP,MU,TSM,PSIX,ENS,QCOM,ST,NVDA,PLAB,ATKR,TMO,DOV,AVGO,MSFT,DD,BABA,MMM,HPE,BDC,SANM,CMI","LWLG,RKLB,NVTS,ARM,CBRS,ALAB,TSLA,SMR,WOLF,POET,FCEL,CRWD,APLD,NBIS,AXTI,AMPX,AEHR,INTC,OKLO,MRAM,BE,IREN,MXL,SITM,CIEN,CRWV,FLNC,BESIY,VICR,LITE"
latest_0718,odds,high_only,2026-07-18,report_close,192,0.06876016901417302,0.035769760856459464,0.032990408157713556,-0.06756814342012862,0.03256968453400576,0.07099164921517494,0.17247816238504735,9,18,"ADBE,PNR,GOOGL,ET,TEL,META,ALLE,ORCL,VST,NTAP,MU,TSM,PSIX,ENS,QCOM,ST,NVDA,PLAB,ATKR,TMO,DOV,AVGO,MSFT,DD,BABA,MMM,HPE,BDC,SANM,CMI","LWLG,RKLB,NVTS,ARM,CBRS,ALAB,TSLA,SMR,WOLF,POET,FCEL,CRWD,APLD,NBIS,AXTI,AMPX,AEHR,INTC,OKLO,MRAM,BE,IREN,MXL,SITM,CIEN,CRWV,FLNC,BESIY,VICR,LITE"
latest_0718,odds,strength_weighted,2026-07-18,next_open,192,0.0797819701046699,0.005652951180048312,0.07412901892462159,-0.06654286313351876,0.04882059490267575,0.09474984017582122,0.2016283265062529,11,17,"ADBE,ST,PSIX,ET,QCOM,VST,ORCL,PNR,TEL,BDC,BABA,ENS,NVDA,VISN,TSM,MU,META,HPE,ATKR,ALLE,DD,GOOGL,DOV,TMO,SMCI,MMM,AVGO,HTHIY,PLAB,NTAP","LWLG,NVTS,RKLB,CBRS,POET,SMR,ARM,FCEL,OKLO,TSLA,AMPX,ALAB,INTC,WOLF,AXTI,APLD,AEHR,CRWD,IREN,BE,SITM,NBIS,VICR,CRWV,MXL,FLNC,MRAM,CIEN,BESIY,TSEM"
latest_0718,odds,strength_weighted,2026-07-18,report_close,192,0.08894528311444824,0.027343489915652473,0.06160179319879577,-0.066578840354524,0.05275479863428098,0.09117676331545016,0.18107248460515968,10,18,"ADBE,ST,PSIX,ET,QCOM,VST,ORCL,PNR,TEL,BDC,BABA,ENS,NVDA,VISN,TSM,MU,META,HPE,ATKR,ALLE,DD,GOOGL,DOV,TMO,SMCI,MMM,AVGO,HTHIY,PLAB,NTAP","LWLG,NVTS,RKLB,CBRS,POET,SMR,ARM,FCEL,OKLO,TSLA,AMPX,ALAB,INTC,WOLF,AXTI,APLD,AEHR,CRWD,IREN,BE,SITM,NBIS,VICR,CRWV,MXL,FLNC,MRAM,CIEN,BESIY,TSEM"
latest_0718,defense,both,2026-07-18,next_open,192,0.020170558568462626,0.030921785530845167,-0.01075122696238254,-0.043953704831341645,-0.010790816633531531,0.03513842863961394,0.09956969047554459,6,15,"LIN,HOCPY,DOV,DHR,MSFT,GOOGL,PNR,SHECY,ADBE,DCI,QCOM,MIELY,MSI,TDY,TEL,NVDA,AJNMY,META,ALLE,HTHIY,ABBNY,FTV,TT,TMO,ECL,IBM,DKILY,DTE,PH,NTAP","APLD,LWLG,OKLO,WOLF,FCEL,IREN,CRWV,TE,NBIS,NVTS,POET,AMPX,RKLB,SMR,CBRS,AAOI,FLNC,AEHR,CC,MXL,BE,AXTI,AOSL,INTC,SMCI,MRAM,COHR,TSLA,ENPH,PSIX"
latest_0718,defense,both,2026-07-18,report_close,192,0.022797770865085044,0.05289628546662566,-0.03009851460154062,-0.044048190309674884,-0.013392713615082218,0.025029251066086965,0.0704161354203402,5,16,"LIN,HOCPY,DOV,DHR,MSFT,GOOGL,PNR,SHECY,ADBE,DCI,QCOM,MIELY,MSI,TDY,TEL,NVDA,AJNMY,META,ALLE,HTHIY,ABBNY,FTV,TT,TMO,ECL,IBM,DKILY,DTE,PH,NTAP","APLD,LWLG,OKLO,WOLF,FCEL,IREN,CRWV,TE,NBIS,NVTS,POET,AMPX,RKLB,SMR,CBRS,AAOI,FLNC,AEHR,CC,MXL,BE,AXTI,AOSL,INTC,SMCI,MRAM,COHR,TSLA,ENPH,PSIX"
latest_0718,defense,self_only,2026-07-18,next_open,192,0.0032395982309498398,0.001375816033808197,0.0018637821971416427,-0.04348140364268205,-0.027721776971044318,0.01820746830210115,0.11604793424300791,3,13,"HOCPY,LIN,DOV,DHR,PNR,SHECY,DCI,GOOGL,MSFT,QCOM,ADBE,MIELY,AJNMY,TDY,MSI,TEL,PWR,TSM,NVDA,DTE,DKILY,IBM,ABBNY,TT,DSCSY,FTV,APD,HTHIY,ECL,META","APLD,OKLO,LWLG,TE,IREN,FCEL,WOLF,NBIS,CRWV,AAOI,MXL,POET,NVTS,AMPX,AEHR,FLNC,CC,RKLB,SMR,CBRS,BE,AOSL,PSIX,INTC,ENPH,COHR,AAON,MRAM,BDC,SITM"
latest_0718,defense,self_only,2026-07-18,report_close,192,0.007240170622862918,0.023275158302305272,-0.016034987679442354,-0.04358726347779274,-0.028950313857304344,0.009471650823864837,0.08973598187884874,3,14,"HOCPY,LIN,DOV,DHR,PNR,SHECY,DCI,GOOGL,MSFT,QCOM,ADBE,MIELY,AJNMY,TDY,MSI,TEL,PWR,TSM,NVDA,DTE,DKILY,IBM,ABBNY,TT,DSCSY,FTV,APD,HTHIY,ECL,META","APLD,OKLO,LWLG,TE,IREN,FCEL,WOLF,NBIS,CRWV,AAOI,MXL,POET,NVTS,AMPX,AEHR,FLNC,CC,RKLB,SMR,CBRS,BE,AOSL,PSIX,INTC,ENPH,COHR,AAON,MRAM,BDC,SITM"
latest_0718,defense,other_only,2026-07-18,next_open,192,0.019815721349752947,0.02422721151292721,-0.004411490163174263,-0.0497929575845778,-0.01114565385224121,0.03478359142090426,0.08589066272414077,6,15,"MSFT,GOOGL,LIN,ADBE,ALLE,MSI,DHR,DOV,META,TMO,PNR,NVDA,HTHIY,HOCPY,TEL,NTAP,TDY,QCOM,SHECY,DCI,PH,ECL,FTV,CSCO,MIELY,ABBNY,ETN,TT,AJNMY,BWXT","WOLF,NVTS,LWLG,FCEL,CRWV,SMR,APLD,POET,RKLB,IREN,CBRS,NBIS,AMPX,TE,OKLO,FLNC,AXTI,AAOI,AEHR,BE,CC,SMCI,MXL,MRAM,INTC,AOSL,TSLA,ICHR,SOMMY,LITE"
latest_0718,defense,other_only,2026-07-18,report_close,192,0.023825645446959826,0.04762216269019577,-0.023796517243235945,-0.0499190653222219,-0.012364839033207436,0.026057125647961747,0.05551976236334537,5,16,"MSFT,GOOGL,LIN,ADBE,ALLE,MSI,DHR,DOV,META,TMO,PNR,NVDA,HTHIY,HOCPY,TEL,NTAP,TDY,QCOM,SHECY,DCI,PH,ECL,FTV,CSCO,MIELY,ABBNY,ETN,TT,AJNMY,BWXT","WOLF,NVTS,LWLG,FCEL,CRWV,SMR,APLD,POET,RKLB,IREN,CBRS,NBIS,AMPX,TE,OKLO,FLNC,AXTI,AAOI,AEHR,BE,CC,SMCI,MXL,MRAM,INTC,AOSL,TSLA,ICHR,SOMMY,LITE"
latest_0718,defense,agreement_only,2026-07-18,next_open,192,0.015240965916549113,0.023830421402343798,-0.008589455485794685,-0.04884923891709059,-0.015720409285445044,0.030208835987700425,0.09112117841738329,5,15,"LIN,HOCPY,DHR,DOV,PNR,MSFT,SHECY,DCI,QCOM,GOOGL,ADBE,MIELY,MSI,TDY,ALLE,ECL,AJNMY,FTV,ABBNY,META,DKILY,HTHIY,TEL,IBM,NTAP,NVDA,TT,PH,ETN,DTE","APLD,LWLG,FCEL,WOLF,OKLO,CRWV,TE,IREN,NVTS,POET,NBIS,AMPX,RKLB,CBRS,SMR,AAOI,AEHR,FLNC,CC,MXL,BE,AXTI,SMCI,AOSL,INTC,MRAM,TSLA,COHR,PSIX,ICHR"
latest_0718,defense,agreement_only,2026-07-18,report_close,192,0.018697638619279543,0.04641071627794289,-0.027713077658663345,-0.04898038062127397,-0.01749284586088772,0.020929118820281464,0.06227280742207634,4,16,"LIN,HOCPY,DHR,DOV,PNR,MSFT,SHECY,DCI,QCOM,GOOGL,ADBE,MIELY,MSI,TDY,ALLE,ECL,AJNMY,FTV,ABBNY,META,DKILY,HTHIY,TEL,IBM,NTAP,NVDA,TT,PH,ETN,DTE","APLD,LWLG,FCEL,WOLF,OKLO,CRWV,TE,IREN,NVTS,POET,NBIS,AMPX,RKLB,CBRS,SMR,AAOI,AEHR,FLNC,CC,MXL,BE,AXTI,SMCI,AOSL,INTC,MRAM,TSLA,COHR,PSIX,ICHR"
latest_0718,defense,high_only,2026-07-18,next_open,192,0.012857008894508352,0.024678103841457355,-0.011821094946949003,-0.05526939045570978,-0.018104366307485804,0.02782487896565966,0.07204547920679273,6,14,"MSFT,GOOGL,LIN,SHECY,ADBE,DOV,DHR,MSI,TMO,ECL,TDY,ALLE,ABBNY,META,TEL,HOCPY,PNR,DCI,FTV,PH,HTHIY,NTAP,MIELY,DTE,ASML,ETN,EME,ADI,KEYS,CDNS","OKLO,APLD,FCEL,WOLF,NBIS,SMR,CRWV,AEHR,RKLB,IREN,TE,NVTS,POET,CBRS,MXL,AAOI,LWLG,AMPX,FLNC,SMCI,BE,INTC,MRAM,AXTI,CC,AOSL,PSIX,ALAB,ACMR,AAON"
latest_0718,defense,high_only,2026-07-18,report_close,192,0.017182384499251337,0.04632662107057724,-0.0291442365713259,-0.05551639393380192,-0.019008099980915925,0.019413864700253258,0.043307313566448756,4,16,"MSFT,GOOGL,LIN,SHECY,ADBE,DOV,DHR,MSI,TMO,ECL,TDY,ALLE,ABBNY,META,TEL,HOCPY,PNR,DCI,FTV,PH,HTHIY,NTAP,MIELY,DTE,ASML,ETN,EME,ADI,KEYS,CDNS","OKLO,APLD,FCEL,WOLF,NBIS,SMR,CRWV,AEHR,RKLB,IREN,TE,NVTS,POET,CBRS,MXL,AAOI,LWLG,AMPX,FLNC,SMCI,BE,INTC,MRAM,AXTI,CC,AOSL,PSIX,ALAB,ACMR,AAON"
latest_0718,defense,strength_weighted,2026-07-18,next_open,192,0.020170558568462626,0.023830421402343798,-0.0036598628338811723,-0.04395370483134187,-0.010790816633531531,0.03513842863961394,0.09250976588991673,6,15,"LIN,GOOGL,MSFT,DHR,HOCPY,SHECY,ADBE,DOV,PNR,DCI,QCOM,MSI,TDY,MIELY,TEL,META,ALLE,ABBNY,TMO,HTHIY,ECL,FTV,AJNMY,NVDA,TT,IBM,DKILY,PH,NTAP,DTE","APLD,LWLG,OKLO,WOLF,FCEL,IREN,CRWV,NBIS,POET,NVTS,CBRS,SMR,AMPX,TE,RKLB,AAOI,AEHR,FLNC,MXL,BE,CC,AXTI,AOSL,INTC,SMCI,MRAM,COHR,TSLA,ICHR,PSIX"
latest_0718,defense,strength_weighted,2026-07-18,report_close,192,0.022797770865085044,0.04641071627794289,-0.023612945412857845,-0.044048190309675106,-0.013392713615082218,0.025029251066086965,0.06364274475761604,5,16,"LIN,GOOGL,MSFT,DHR,HOCPY,SHECY,ADBE,DOV,PNR,DCI,QCOM,MSI,TDY,MIELY,TEL,META,ALLE,ABBNY,TMO,HTHIY,ECL,FTV,AJNMY,NVDA,TT,IBM,DKILY,PH,NTAP,DTE","APLD,LWLG,OKLO,WOLF,FCEL,IREN,CRWV,NBIS,POET,NVTS,CBRS,SMR,AMPX,TE,RKLB,AAOI,AEHR,FLNC,MXL,BE,CC,AXTI,AOSL,INTC,SMCI,MRAM,COHR,TSLA,ICHR,PSIX"
latest_0718,explosion,both,2026-07-18,next_open,192,0.02267443413848917,0.013292075044984008,0.00938235909350516,-0.21939829220803497,-0.008286941063504989,0.03764230420964048,0.011318937688196837,9,17,"AAOI,AMD,MU,NBIS,CRWV,CRDO,SKHY,ALAB,GEV,LITE,VICR,TSM,SNDK,AVGO,TSEM,MOD,MRVL,VRT,IREN,APLD,COHR,CBRS,BE,NVDA,TER,AAON,CLS,SITM,PWR,BESIY","MMM,PNR,APD,DTE,LIN,FTV,SOMMY,DD,ALLE,NTAP,TMO,AEP,DCI,ROG,DHR,LWLG,ASGLY,ATKR,DKILY,PLAB,BDC,IBM,ET,TXN,ETR,DOV,CC,ECL,NDSN,PH"
latest_0718,explosion,both,2026-07-18,report_close,192,0.053176851355429496,0.01611660828075708,0.037060243074672414,-0.2199732818257184,0.016986366875262233,0.05540833155643141,0.06626732767273419,11,19,"AAOI,AMD,MU,NBIS,CRWV,CRDO,SKHY,ALAB,GEV,LITE,VICR,TSM,SNDK,AVGO,TSEM,MOD,MRVL,VRT,IREN,APLD,COHR,CBRS,BE,NVDA,TER,AAON,CLS,SITM,PWR,BESIY","MMM,PNR,APD,DTE,LIN,FTV,SOMMY,DD,ALLE,NTAP,TMO,AEP,DCI,ROG,DHR,LWLG,ASGLY,ATKR,DKILY,PLAB,BDC,IBM,ET,TXN,ETR,DOV,CC,ECL,NDSN,PH"
latest_0718,explosion,self_only,2026-07-18,next_open,192,0.017670302028188183,0.011582552745964059,0.006087749282224124,-0.22628553429713827,-0.013291073173805974,0.032638172099339495,-0.012146325583918836,9,17,"NBIS,AMD,AAOI,CBRS,CRWV,TSEM,VICR,APLD,MU,GEV,ALAB,CRDO,IREN,PWR,TSM,SKHY,LITE,MRVL,AEHR,SNDK,VRT,MOD,SITM,TER,AVGO,CLS,COHR,AAON,BE,FN","SOMMY,APD,DKILY,ROG,MMM,DD,DTE,NTAP,PNR,LIN,TMO,PH,LWLG,ATKR,BDC,FTV,DIOD,PLAB,ASGLY,ENPH,DCI,EQIX,ENS,AOSL,MSFT,AEP,ALLE,DHR,NDSN,TXN"
latest_0718,explosion,self_only,2026-07-18,report_close,192,0.04973930242826244,0.016344940904090513,0.033394361524171925,-0.22679439891683084,0.013548817948095176,0.051970782629264356,0.04138804492309362,10,19,"NBIS,AMD,AAOI,CBRS,CRWV,TSEM,VICR,APLD,MU,GEV,ALAB,CRDO,IREN,PWR,TSM,SKHY,LITE,MRVL,AEHR,SNDK,VRT,MOD,SITM,TER,AVGO,CLS,COHR,AAON,BE,FN","SOMMY,APD,DKILY,ROG,MMM,DD,DTE,NTAP,PNR,LIN,TMO,PH,LWLG,ATKR,BDC,FTV,DIOD,PLAB,ASGLY,ENPH,DCI,EQIX,ENS,AOSL,MSFT,AEP,ALLE,DHR,NDSN,TXN"
latest_0718,explosion,other_only,2026-07-18,next_open,192,0.022707296793799483,0.008383431986625889,0.014323864807173594,-0.2119314905162275,-0.008254078408194674,0.037675166864950795,0.02921798280118276,10,17,"MU,NVDA,SKHY,AVGO,CRDO,AAOI,SNDK,LITE,AMD,BE,MOD,COHR,TSM,VRT,MRVL,CRWV,BESIY,ATEYY,ORCL,ALAB,GEV,POWL,ONTO,NBIS,AAON,VICR,IREN,TER,FIX,CLS","MMM,ALLE,FTV,PNR,DTE,LIN,APD,AEP,TMO,DD,DHR,DCI,ST,NTAP,SOMMY,IBM,ETR,ASGLY,CC,ET,FCEL,LWLG,PLAB,ATKR,DOV,ROG,BDC,TXN,ECL,NDSN"
latest_0718,explosion,other_only,2026-07-18,report_close,192,0.0496116694596325,0.012425026247162737,0.03718664321246977,-0.21272432105933914,0.01342118497946524,0.05184314966063442,0.08052790060494264,12,18,"MU,NVDA,SKHY,AVGO,CRDO,AAOI,SNDK,LITE,AMD,BE,MOD,COHR,TSM,VRT,MRVL,CRWV,BESIY,ATEYY,ORCL,ALAB,GEV,POWL,ONTO,NBIS,AAON,VICR,IREN,TER,FIX,CLS","MMM,ALLE,FTV,PNR,DTE,LIN,APD,AEP,TMO,DD,DHR,DCI,ST,NTAP,SOMMY,IBM,ETR,ASGLY,CC,ET,FCEL,LWLG,PLAB,ATKR,DOV,ROG,BDC,TXN,ECL,NDSN"
latest_0718,explosion,agreement_only,2026-07-18,next_open,192,0.029000844008045833,0.013292075044984008,0.015708768963061823,-0.23237642742754527,-0.001960531193948324,0.04396871407919714,0.01646128909746901,10,16,"AMD,AAOI,NBIS,CRWV,LITE,TSM,MU,ALAB,VICR,AVGO,BE,IREN,CRDO,GEV,CBRS,MRVL,APLD,TSEM,SKHY,MOD,TER,SNDK,BESIY,COHR,SITM,VRT,PWR,AAON,AXTI,MTSI","MMM,DTE,PNR,APD,FTV,LIN,SOMMY,DD,ALLE,NTAP,TMO,DHR,AEP,DCI,ROG,LWLG,BDC,ATKR,ASGLY,DKILY,PLAB,ET,TXN,IBM,ETR,ECL,CC,DOV,NDSN,PH"
latest_0718,explosion,agreement_only,2026-07-18,report_close,192,0.05909883596815167,0.01611660828075708,0.0429822276873946,-0.23274357654515987,0.02290835148798441,0.06133031616915359,0.07103328540813283,11,19,"AMD,AAOI,NBIS,CRWV,LITE,TSM,MU,ALAB,VICR,AVGO,BE,IREN,CRDO,GEV,CBRS,MRVL,APLD,TSEM,SKHY,MOD,TER,SNDK,BESIY,COHR,SITM,VRT,PWR,AAON,AXTI,MTSI","MMM,DTE,PNR,APD,FTV,LIN,SOMMY,DD,ALLE,NTAP,TMO,DHR,AEP,DCI,ROG,LWLG,BDC,ATKR,ASGLY,DKILY,PLAB,ET,TXN,IBM,ETR,ECL,CC,DOV,NDSN,PH"
latest_0718,explosion,high_only,2026-07-18,next_open,192,0.02681862595323949,-0.00291834428040764,0.02973697023364713,-0.20431443561996399,-0.004142749248754667,0.0417864960243908,0.07088408431218296,10,16,"MU,SKHY,CRDO,AMD,CRWV,AVGO,NBIS,LITE,MRVL,AAOI,ALAB,MOD,ORCL,NVDA,BESIY,SNDK,ASML,GEV,MPWR,ASMIY,VICR,TSM,CLS,POWL,CAMT,ATEYY,CBRS,COHR,VRT,BE","DTE,FTV,PNR,ALLE,ATKR,APD,DCI,DD,MMM,PLAB,ETR,AEP,TDY,ROG,TMO,LIN,ECL,DOV,UMC,NDSN,SOMMY,DHR,ET,VSH,POWI,DIOD,NTAP,CC,VISN,ASGLY"
latest_0718,explosion,high_only,2026-07-18,report_close,192,0.05032246960282337,-0.00023759572824673855,0.05056006533107011,-0.20499865893683344,0.014131985122656107,0.05255394980382529,0.11915233431896484,12,17,"MU,SKHY,CRDO,AMD,CRWV,AVGO,NBIS,LITE,MRVL,AAOI,ALAB,MOD,ORCL,NVDA,BESIY,SNDK,ASML,GEV,MPWR,ASMIY,VICR,TSM,CLS,POWL,CAMT,ATEYY,CBRS,COHR,VRT,BE","DTE,FTV,PNR,ALLE,ATKR,APD,DCI,DD,MMM,PLAB,ETR,AEP,TDY,ROG,TMO,LIN,ECL,DOV,UMC,NDSN,SOMMY,DHR,ET,VSH,POWI,DIOD,NTAP,CC,VISN,ASGLY"
latest_0718,explosion,strength_weighted,2026-07-18,next_open,192,0.0290459362444979,0.013292075044984008,0.015753861199513892,-0.2140163922546262,-0.0019154389574962578,0.04401380631564921,0.033275235330819525,10,17,"AMD,NBIS,MU,CRWV,SKHY,CRDO,AAOI,AVGO,LITE,ALAB,SNDK,MOD,MRVL,VICR,IREN,COHR,APLD,GEV,VRT,TSM,CBRS,TER,NVDA,BE,CLS,PWR,AAON,BESIY,ORCL,TSEM","MMM,DTE,FTV,APD,PNR,SOMMY,DD,ALLE,AEP,LIN,TMO,ROG,DCI,NTAP,DHR,ASGLY,PLAB,BDC,LWLG,ETR,ATKR,DKILY,DOV,ECL,ET,TXN,IBM,NDSN,CC,PH"
latest_0718,explosion,strength_weighted,2026-07-18,report_close,192,0.05828174729762049,0.01611660828075708,0.04216513901686342,-0.2148519002714877,0.02209126281745323,0.06051322749862241,0.08807272875240758,12,19,"AMD,NBIS,MU,CRWV,SKHY,CRDO,AAOI,AVGO,LITE,ALAB,SNDK,MOD,MRVL,VICR,IREN,COHR,APLD,GEV,VRT,TSM,CBRS,TER,NVDA,BE,CLS,PWR,AAON,BESIY,ORCL,TSEM","MMM,DTE,FTV,APD,PNR,SOMMY,DD,ALLE,AEP,LIN,TMO,ROG,DCI,NTAP,DHR,ASGLY,PLAB,BDC,LWLG,ETR,ATKR,DKILY,DOV,ECL,ET,TXN,IBM,NDSN,CC,PH"
latest_0718,mispricing,both,2026-07-18,next_open,192,0.05609455912162747,0.013065516578067682,0.043029042543559784,-0.0668957121561452,0.02513318391963331,0.07106242919277878,0.16880578086428127,8,15,"ADBE,ORCL,BABA,ST,NVDA,TSM,VST,QCOM,VISN,BDC,PNR,META,TEL,ENS,GOOGL,SMCI,JBL,ET,MU,HPE,TMO,PSIX,DD,DOV,ATKR,MCHP,CC,HUBB,DCI,SANM","LWLG,OKLO,NVTS,SMR,POET,ARM,CBRS,RKLB,TSLA,FCEL,AMPX,CRWD,WOLF,AEHR,INTC,ALAB,APLD,AXTI,SITM,MRAM,NBIS,IREN,BE,CDNS,MXL,BESIY,CRWV,IMOS,VICR,GLW"
latest_0718,mispricing,both,2026-07-18,report_close,192,0.06543852427920209,0.03337881718014937,0.03205970709905272,-0.0670023585239733,0.029248039799034828,0.06767000448020401,0.15352284133141633,8,16,"ADBE,ORCL,BABA,ST,NVDA,TSM,VST,QCOM,VISN,BDC,PNR,META,TEL,ENS,GOOGL,SMCI,JBL,ET,MU,HPE,TMO,PSIX,DD,DOV,ATKR,MCHP,CC,HUBB,DCI,SANM","LWLG,OKLO,NVTS,SMR,POET,ARM,CBRS,RKLB,TSLA,FCEL,AMPX,CRWD,WOLF,AEHR,INTC,ALAB,APLD,AXTI,SITM,MRAM,NBIS,IREN,BE,CDNS,MXL,BESIY,CRWV,IMOS,VICR,GLW"
latest_0718,mispricing,self_only,2026-07-18,next_open,192,0.013148750032435489,-0.024658404192312623,0.03780715422474811,-0.07989463706531963,-0.017812625169558668,0.0281166201035868,0.11800111222635164,5,12,"ADBE,ST,ORCL,BABA,NVDA,TSM,VST,QCOM,VISN,SMCI,BDC,PNR,META,TEL,ENS,JBL,DCI,GOOGL,PENG,DOV,Q,ASGLY,DD,CC,TMO,HUBB,HPE,ET,MCHP,MKSI","OKLO,LWLG,NVTS,ARM,CBRS,POET,INTC,SMR,AEHR,CRWD,CDNS,RKLB,AMPX,MXL,TSEM,APLD,TSLA,KLIC,AXTI,MRAAY,WOLF,VICR,FCEL,ENPH,COHR,BESIY,ALAB,DKILY,BE,SITM"
latest_0718,mispricing,self_only,2026-07-18,report_close,192,0.020313173927426705,-0.008791118280350563,0.029104292207777268,-0.07990285139726538,-0.015877310552740557,0.022544654128428626,0.11068008572281152,5,12,"ADBE,ST,ORCL,BABA,NVDA,TSM,VST,QCOM,VISN,SMCI,BDC,PNR,META,TEL,ENS,JBL,DCI,GOOGL,PENG,DOV,Q,ASGLY,DD,CC,TMO,HUBB,HPE,ET,MCHP,MKSI","OKLO,LWLG,NVTS,ARM,CBRS,POET,INTC,SMR,AEHR,CRWD,CDNS,RKLB,AMPX,MXL,TSEM,APLD,TSLA,KLIC,AXTI,MRAAY,WOLF,VICR,FCEL,ENPH,COHR,BESIY,ALAB,DKILY,BE,SITM"
latest_0718,mispricing,other_only,2026-07-18,next_open,192,0.05342091174621899,0.005107571524079346,0.04831334022213964,-0.0717552663062484,0.022459536544224834,0.0683887818173703,0.18174219406993466,10,15,"ADBE,MU,VST,BABA,TSM,ORCL,NVDA,META,CEG,QCOM,PSIX,ET,AVGO,ST,HTHIY,PLAB,BDC,GOOGL,HPE,ATKR,TEL,PNR,MOD,MSFT,ENS,VISN,SANM,TMO,VECO,MCHP","LWLG,OKLO,SMR,FCEL,NVTS,POET,RKLB,ARM,TSLA,WOLF,CBRS,AMPX,CRWD,ALAB,NBIS,AEHR,AXTI,MRAM,APLD,SITM,INTC,IREN,BE,CRWV,FLNC,BESIY,GLW,IMOS,POWI,MXL"
latest_0718,mispricing,other_only,2026-07-18,report_close,192,0.0634509703032592,0.025863881556876873,0.037587088746382336,-0.07234109117972054,0.027260485823091943,0.06568245050426112,0.1644569080107425,10,17,"ADBE,MU,VST,BABA,TSM,ORCL,NVDA,META,CEG,QCOM,PSIX,ET,AVGO,ST,HTHIY,PLAB,BDC,GOOGL,HPE,ATKR,TEL,PNR,MOD,MSFT,ENS,VISN,SANM,TMO,VECO,MCHP","LWLG,OKLO,SMR,FCEL,NVTS,POET,RKLB,ARM,TSLA,WOLF,CBRS,AMPX,CRWD,ALAB,NBIS,AEHR,AXTI,MRAM,APLD,SITM,INTC,IREN,BE,CRWV,FLNC,BESIY,GLW,IMOS,POWI,MXL"
latest_0718,mispricing,agreement_only,2026-07-18,next_open,192,0.04764018392683999,0.004064092020402,0.04357609190643799,-0.0689511691714636,0.016678808724845832,0.0626080539979913,0.1520647397119063,8,15,"ADBE,ORCL,BABA,ST,TSM,NVDA,VST,QCOM,PNR,VISN,META,ENS,BDC,TEL,JBL,GOOGL,SMCI,MU,DD,HPE,DCI,HUBB,TMO,MCHP,CC,PENG,DOV,ET,HTHIY,ATKR","OKLO,NVTS,LWLG,ARM,POET,SMR,CBRS,RKLB,AMPX,TSLA,AEHR,CRWD,WOLF,FCEL,ALAB,INTC,APLD,AXTI,SITM,NBIS,MRAM,IREN,BE,CRWV,MXL,BESIY,CDNS,IMOS,VICR,POWI"
latest_0718,mispricing,agreement_only,2026-07-18,report_close,192,0.05544538297221247,0.02402008528497178,0.03142529768724069,-0.06885495681306775,0.01925489849204521,0.05767686317321439,0.13676145457504818,8,15,"ADBE,ORCL,BABA,ST,TSM,NVDA,VST,QCOM,PNR,VISN,META,ENS,BDC,TEL,JBL,GOOGL,SMCI,MU,DD,HPE,DCI,HUBB,TMO,MCHP,CC,PENG,DOV,ET,HTHIY,ATKR","OKLO,NVTS,LWLG,ARM,POET,SMR,CBRS,RKLB,AMPX,TSLA,AEHR,CRWD,WOLF,FCEL,ALAB,INTC,APLD,AXTI,SITM,NBIS,MRAM,IREN,BE,CRWV,MXL,BESIY,CDNS,IMOS,VICR,POWI"
latest_0718,mispricing,high_only,2026-07-18,next_open,192,0.06845867972902232,-0.030455836490064725,0.09891451621908705,-0.06767545676469022,0.037497304527028166,0.08342654980017364,0.1607048395410032,12,17,"ADBE,MU,NVDA,ORCL,GOOGL,TSM,AVGO,META,VST,ATKR,BABA,QCOM,TEL,SNDK,MSFT,ST,CEG,HPE,MOD,HTHIY,PNR,VISN,PLAB,CC,TMO,NTAP,ENS,PSIX,ALLE,SKHY","AEHR,FCEL,LWLG,WOLF,SMR,POET,OKLO,NVTS,ARM,CBRS,APLD,RKLB,TSLA,TSEM,AAOI,ALAB,MRAM,AMPX,AAON,NBIS,FN,MXL,INTC,CRWD,TT,AOSL,SITM,DIOD,DSCSY,TXN"
latest_0718,mispricing,high_only,2026-07-18,report_close,192,0.08094533766917072,-0.010240834549915544,0.09118617221908627,-0.06889449548210647,0.04475485318900346,0.08317681787017264,0.1536923880313594,12,18,"ADBE,MU,NVDA,ORCL,GOOGL,TSM,AVGO,META,VST,ATKR,BABA,QCOM,TEL,SNDK,MSFT,ST,CEG,HPE,MOD,HTHIY,PNR,VISN,PLAB,CC,TMO,NTAP,ENS,PSIX,ALLE,SKHY","AEHR,FCEL,LWLG,WOLF,SMR,POET,OKLO,NVTS,ARM,CBRS,APLD,RKLB,TSLA,TSEM,AAOI,ALAB,MRAM,AMPX,AAON,NBIS,FN,MXL,INTC,CRWD,TT,AOSL,SITM,DIOD,DSCSY,TXN"
latest_0718,mispricing,strength_weighted,2026-07-18,next_open,192,0.04301648874206836,-0.0026074906282404276,0.045623979370308786,-0.0656765090615824,0.0120551135400742,0.057984358813219665,0.17717121503947048,9,14,"ADBE,ORCL,ST,QCOM,VST,BABA,NVDA,TSM,VISN,BDC,PNR,TEL,META,ENS,GOOGL,MU,ATKR,HPE,ET,AVGO,PSIX,DD,TMO,CC,DOV,PLAB,MOD,HTHIY,SANM,ALLE","LWLG,NVTS,ARM,AEHR,SMR,FCEL,POET,CBRS,OKLO,TSLA,RKLB,WOLF,INTC,AMPX,APLD,CRWD,ALAB,SITM,AXTI,MRAM,NBIS,BE,IREN,MXL,VICR,POWI,IMOS,GLW,BESIY,CDNS"
latest_0718,mispricing,strength_weighted,2026-07-18,report_close,192,0.05242604612670813,0.01666261610853228,0.03576343001817585,-0.06575884639424123,0.016235561646540865,0.054657526327710045,0.16301745652822616,9,16,"ADBE,ORCL,ST,QCOM,VST,BABA,NVDA,TSM,VISN,BDC,PNR,TEL,META,ENS,GOOGL,MU,ATKR,HPE,ET,AVGO,PSIX,DD,TMO,CC,DOV,PLAB,MOD,HTHIY,SANM,ALLE","LWLG,NVTS,ARM,AEHR,SMR,FCEL,POET,CBRS,OKLO,TSLA,RKLB,WOLF,INTC,AMPX,APLD,CRWD,ALAB,SITM,AXTI,MRAM,NBIS,BE,IREN,MXL,VICR,POWI,IMOS,GLW,BESIY,CDNS"
latest_0718,overall,both,2026-07-18,next_open,192,0.043852637877919806,-0.016891290317183658,0.060743928195103464,-0.06107327506723892,0.01289126267592565,0.058820507949071114,0.20187756015516917,8,16,"ADBE,TSM,NVDA,GOOGL,QCOM,AVGO,ORCL,VST,MSFT,PNR,META,TEL,BABA,MU,HTHIY,ASML,TMO,DOV,MSI,ET,DELL,CRDO,APH,EME,ETN,DHR,NVT,ST,ALLE,DSCSY","LWLG,OKLO,SMR,NVTS,FCEL,POET,WOLF,AMPX,RKLB,CBRS,APLD,TE,INTC,AEHR,IREN,TSLA,FLNC,AXTI,MRAM,MXL,ARM,AOSL,NBIS,CRWV,ENPH,IMOS,BE,ALAB,POWI,CC"
latest_0718,overall,both,2026-07-18,report_close,192,0.054817827676889405,0.002914093139154931,0.051903734537734475,-0.061538356949970785,0.018627343196722143,0.05704930787789132,0.19567723733825246,8,18,"ADBE,TSM,NVDA,GOOGL,QCOM,AVGO,ORCL,VST,MSFT,PNR,META,TEL,BABA,MU,HTHIY,ASML,TMO,DOV,MSI,ET,DELL,CRDO,APH,EME,ETN,DHR,NVT,ST,ALLE,DSCSY","LWLG,OKLO,SMR,NVTS,FCEL,POET,WOLF,AMPX,RKLB,CBRS,APLD,TE,INTC,AEHR,IREN,TSLA,FLNC,AXTI,MRAM,MXL,ARM,AOSL,NBIS,CRWV,ENPH,IMOS,BE,ALAB,POWI,CC"
latest_0718,overall,self_only,2026-07-18,next_open,192,0.042923136706627084,-0.028882735381222754,0.07180587208784983,-0.06609889788693357,0.011961761504632927,0.05789100677777839,0.21961384043620977,8,16,"ADBE,TSM,NVDA,QCOM,GOOGL,ORCL,AVGO,PNR,MSFT,VST,META,TEL,BABA,ASML,DOV,ST,TMO,HTHIY,DSCSY,MU,DELL,MSI,SKHY,ET,CRDO,MIELY,ANET,VRT,LFUS,DCI","LWLG,OKLO,SMR,NVTS,POET,FCEL,WOLF,AMPX,APLD,TE,CBRS,RKLB,INTC,AEHR,TSLA,ENPH,MXL,IREN,FLNC,ARM,BE,AAOI,IMOS,AXTI,VSH,AOSL,CRWV,POWI,MRAM,CC"
latest_0718,overall,self_only,2026-07-18,report_close,192,0.05601181144227311,-0.011244137121743554,0.06725594856401666,-0.06724512410337269,0.019821326962105847,0.058243291643275026,0.21611778748338445,9,17,"ADBE,TSM,NVDA,QCOM,GOOGL,ORCL,AVGO,PNR,MSFT,VST,META,TEL,BABA,ASML,DOV,ST,TMO,HTHIY,DSCSY,MU,DELL,MSI,SKHY,ET,CRDO,MIELY,ANET,VRT,LFUS,DCI","LWLG,OKLO,SMR,NVTS,POET,FCEL,WOLF,AMPX,APLD,TE,CBRS,RKLB,INTC,AEHR,TSLA,ENPH,MXL,IREN,FLNC,ARM,BE,AAOI,IMOS,AXTI,VSH,AOSL,CRWV,POWI,MRAM,CC"
latest_0718,overall,other_only,2026-07-18,next_open,192,0.053360884608088695,-0.0029122952740308666,0.056273179882119564,-0.04834277334984394,0.022399509406094538,0.06832875467924,0.17875308574993898,9,18,"ADBE,NVDA,MU,AVGO,VST,TSM,MSFT,META,CEG,GOOGL,TEL,QCOM,HTHIY,BABA,APH,ETN,AMZN,TMO,MSI,ORCL,PNR,ASML,EME,MOD,ALLE,DHR,HUBB,ET,NTAP,NVT","LWLG,OKLO,FCEL,WOLF,SMR,POET,NVTS,RKLB,CBRS,AMPX,NBIS,APLD,AEHR,MRAM,IREN,INTC,TSLA,TE,AXTI,FLNC,AOSL,ARM,MXL,CRWV,IMOS,BE,ALAB,ENPH,COHU,CRWD"
latest_0718,overall,other_only,2026-07-18,report_close,192,0.06298789554995751,0.01767054784903392,0.04531734770092359,-0.04850823231436152,0.02679741106979025,0.06521937575095943,0.17018589100181758,8,20,"ADBE,NVDA,MU,AVGO,VST,TSM,MSFT,META,CEG,GOOGL,TEL,QCOM,HTHIY,BABA,APH,ETN,AMZN,TMO,MSI,ORCL,PNR,ASML,EME,MOD,ALLE,DHR,HUBB,ET,NTAP,NVT","LWLG,OKLO,FCEL,WOLF,SMR,POET,NVTS,RKLB,CBRS,AMPX,NBIS,APLD,AEHR,MRAM,IREN,INTC,TSLA,TE,AXTI,FLNC,AOSL,ARM,MXL,CRWV,IMOS,BE,ALAB,ENPH,COHU,CRWD"
latest_0718,overall,agreement_only,2026-07-18,next_open,192,0.04952455526848563,-0.016891290317183658,0.06641584558566929,-0.05825157949621196,0.01856318006649147,0.06449242533963694,0.19354264438596971,8,17,"ADBE,TSM,NVDA,QCOM,GOOGL,ORCL,PNR,AVGO,MSFT,VST,META,BABA,TEL,TMO,HTHIY,MU,ASML,DOV,MSI,APH,DELL,ETN,ET,EME,DHR,NVT,CRDO,ST,ALLE,LFUS","LWLG,SMR,OKLO,NVTS,FCEL,POET,WOLF,AMPX,CBRS,RKLB,APLD,AEHR,INTC,TE,IREN,TSLA,FLNC,AXTI,MXL,MRAM,AOSL,ARM,CRWV,NBIS,IMOS,ENPH,BE,ALAB,POWI,CC"
latest_0718,overall,agreement_only,2026-07-18,report_close,192,0.06047443117077525,0.002914093139154931,0.05756033803162032,-0.05870967965566043,0.024283946690607988,0.06270591137177717,0.18645050592735268,8,19,"ADBE,TSM,NVDA,QCOM,GOOGL,ORCL,PNR,AVGO,MSFT,VST,META,BABA,TEL,TMO,HTHIY,MU,ASML,DOV,MSI,APH,DELL,ETN,ET,EME,DHR,NVT,CRDO,ST,ALLE,LFUS","LWLG,SMR,OKLO,NVTS,FCEL,POET,WOLF,AMPX,CBRS,RKLB,APLD,AEHR,INTC,TE,IREN,TSLA,FLNC,AXTI,MXL,MRAM,AOSL,ARM,CRWV,NBIS,IMOS,ENPH,BE,ALAB,POWI,CC"
latest_0718,overall,high_only,2026-07-18,next_open,192,0.03164166637284354,-0.05881627010881451,0.09045793648165805,-0.05793045769479921,0.0006802911708493828,0.04660953644399485,0.1773950166833953,7,17,"AVGO,MSFT,MU,NVDA,TEL,META,TSM,GOOGL,ADBE,TMO,ASML,VST,ETN,EME,APH,HTHIY,CEG,AMZN,MSI,DHR,HUBB,QCOM,DOV,TT,LIN,MOD,ET,KEYS,ANET,KLAC","POET,SMR,LWLG,TE,INTC,TSLA,AOSL,MXL,WOLF,FCEL,OKLO,NVTS,IREN,ENPH,ROG,MRAM,AEHR,ICHR,CBRS,BE,AMPX,ACMR,ARM,UCTT,RKLB,AAON,UMC,FLNC,MRAAY,APLD"
latest_0718,overall,high_only,2026-07-18,report_close,192,0.04149011841035531,-0.04081371093192954,0.08230382934228485,-0.05868789348110848,0.00529963393018805,0.04372159861135723,0.17065892629465862,7,18,"AVGO,MSFT,MU,NVDA,TEL,META,TSM,GOOGL,ADBE,TMO,ASML,VST,ETN,EME,APH,HTHIY,CEG,AMZN,MSI,DHR,HUBB,QCOM,DOV,TT,LIN,MOD,ET,KEYS,ANET,KLAC","POET,SMR,LWLG,TE,INTC,TSLA,AOSL,MXL,WOLF,FCEL,OKLO,NVTS,IREN,ENPH,ROG,MRAM,AEHR,ICHR,CBRS,BE,AMPX,ACMR,ARM,UCTT,RKLB,AAON,UMC,FLNC,MRAAY,APLD"
latest_0718,overall,strength_weighted,2026-07-18,next_open,192,0.0567660934633694,-0.004314272873914064,0.06108036633728346,-0.05312747820558339,0.025804718261375245,0.07173396353452072,0.20234720451401136,9,18,"ADBE,AVGO,GOOGL,TSM,NVDA,QCOM,VST,META,ORCL,MSFT,ASML,TEL,HTHIY,TMO,MU,PNR,BABA,MSI,DOV,APH,DHR,ET,EME,ETN,DELL,CRDO,NVT,AMZN,ALLE,CEG","LWLG,NVTS,SMR,POET,FCEL,RKLB,AMPX,INTC,OKLO,TE,IREN,WOLF,FLNC,AOSL,AEHR,MXL,AXTI,CBRS,NBIS,ENPH,ARM,APLD,TSLA,MRAM,BE,IMOS,CRWV,CC,ALAB,SITM"
latest_0718,overall,strength_weighted,2026-07-18,report_close,192,0.0677266249360347,0.015707837093901365,0.05201878784213333,-0.05358824906991022,0.03153614045586743,0.06995810513703661,0.1954992133033123,9,20,"ADBE,AVGO,GOOGL,TSM,NVDA,QCOM,VST,META,ORCL,MSFT,ASML,TEL,HTHIY,TMO,MU,PNR,BABA,MSI,DOV,APH,DHR,ET,EME,ETN,DELL,CRDO,NVT,AMZN,ALLE,CEG","LWLG,NVTS,SMR,POET,FCEL,RKLB,AMPX,INTC,OKLO,TE,IREN,WOLF,FLNC,AOSL,AEHR,MXL,AXTI,CBRS,NBIS,ENPH,ARM,APLD,TSLA,MRAM,BE,IMOS,CRWV,CC,ALAB,SITM"
original_0714,near,both,2026-07-14,next_open,192,-0.0602437192309083,-0.09310590021133386,0.03286218098042556,-0.21519688621619004,-0.08139085066592386,0.015575780320442677,0.042639299568673204,6,11,"AVGO,MU,SNDK,NVDA,TSM,LITE,CRWV,SKHY,MRVL,ALAB,DELL,ORCL,ATEYY,VRT,MPWR,STX,AMAT,AMD,TER,CRDO,NVT,DSCSY,CLS,GEV,ASMIY,MOD,KLAC,AAOI,MTSI,POWL","LWLG,OKLO,SMR,WOLF,FCEL,POET,ENPH,INTC,NVTS,ATKR,AOSL,TSLA,SOMMY,CC,TE,ROG,MRAM,PLAB,AMPX,DKILY,APD,RKLB,ASGLY,MMM,POWI,ACLS,PNR,FTV,ALLE,ST"
original_0714,near,both,2026-07-14,report_close,192,-0.05354812280916017,-0.09368317087970814,0.04013504807054796,-0.20844366758476307,-0.07796851695972846,0.013314780480349064,0.047289965548110574,6,10,"AVGO,MU,SNDK,NVDA,TSM,LITE,CRWV,SKHY,MRVL,ALAB,DELL,ORCL,ATEYY,VRT,MPWR,STX,AMAT,AMD,TER,CRDO,NVT,DSCSY,CLS,GEV,ASMIY,MOD,KLAC,AAOI,MTSI,POWL","LWLG,OKLO,SMR,WOLF,FCEL,POET,ENPH,INTC,NVTS,ATKR,AOSL,TSLA,SOMMY,CC,TE,ROG,MRAM,PLAB,AMPX,DKILY,APD,RKLB,ASGLY,MMM,POWI,ACLS,PNR,FTV,ALLE,ST"
original_0714,near,both,2026-07-15,next_open,192,0.008569274770822888,-0.06109242912891979,0.06966170389974267,-0.19247011073890208,-0.01458550557040198,0.03738104038993379,0.10912703795133333,7,15,"AVGO,MU,SNDK,NVDA,TSM,LITE,CRWV,SKHY,MRVL,ALAB,DELL,ORCL,ATEYY,VRT,MPWR,STX,AMAT,AMD,TER,CRDO,NVT,DSCSY,CLS,GEV,ASMIY,MOD,KLAC,AAOI,MTSI,POWL","LWLG,OKLO,SMR,WOLF,FCEL,POET,ENPH,INTC,NVTS,ATKR,AOSL,TSLA,SOMMY,CC,TE,ROG,MRAM,PLAB,AMPX,DKILY,APD,RKLB,ASGLY,MMM,POWI,ACLS,PNR,FTV,ALLE,ST"
original_0714,near,both,2026-07-15,report_close,192,-0.023530075685808904,-0.08217813576917336,0.058648060083364456,-0.19203537904164136,-0.043906070880041295,0.02925665230863102,0.07796096356780512,6,13,"AVGO,MU,SNDK,NVDA,TSM,LITE,CRWV,SKHY,MRVL,ALAB,DELL,ORCL,ATEYY,VRT,MPWR,STX,AMAT,AMD,TER,CRDO,NVT,DSCSY,CLS,GEV,ASMIY,MOD,KLAC,AAOI,MTSI,POWL","LWLG,OKLO,SMR,WOLF,FCEL,POET,ENPH,INTC,NVTS,ATKR,AOSL,TSLA,SOMMY,CC,TE,ROG,MRAM,PLAB,AMPX,DKILY,APD,RKLB,ASGLY,MMM,POWI,ACLS,PNR,FTV,ALLE,ST"
original_0714,near,both,2026-07-18,next_open,192,0.020445471765429594,-0.0368361319843802,0.05728160374980979,-0.19236946203606264,-0.010515903436564562,0.0354133418365809,0.08891707131812387,8,16,"AVGO,MU,SNDK,NVDA,TSM,LITE,CRWV,SKHY,MRVL,ALAB,DELL,ORCL,ATEYY,VRT,MPWR,STX,AMAT,AMD,TER,CRDO,NVT,DSCSY,CLS,GEV,ASMIY,MOD,KLAC,AAOI,MTSI,POWL","LWLG,OKLO,SMR,WOLF,FCEL,POET,ENPH,INTC,NVTS,ATKR,AOSL,TSLA,SOMMY,CC,TE,ROG,MRAM,PLAB,AMPX,DKILY,APD,RKLB,ASGLY,MMM,POWI,ACLS,PNR,FTV,ALLE,ST"
original_0714,near,both,2026-07-18,report_close,192,0.04388752687599715,-0.027200314327933694,0.07108784120393084,-0.19293040247210536,0.007697042395829891,0.04611900707699907,0.12349781623850475,10,18,"AVGO,MU,SNDK,NVDA,TSM,LITE,CRWV,SKHY,MRVL,ALAB,DELL,ORCL,ATEYY,VRT,MPWR,STX,AMAT,AMD,TER,CRDO,NVT,DSCSY,CLS,GEV,ASMIY,MOD,KLAC,AAOI,MTSI,POWL","LWLG,OKLO,SMR,WOLF,FCEL,POET,ENPH,INTC,NVTS,ATKR,AOSL,TSLA,SOMMY,CC,TE,ROG,MRAM,PLAB,AMPX,DKILY,APD,RKLB,ASGLY,MMM,POWI,ACLS,PNR,FTV,ALLE,ST"
original_0714,near,self_only,2026-07-14,next_open,192,-0.05656290053083305,-0.08848577832445015,0.0319228777936171,-0.21865265543512646,-0.07771003196584861,0.019256599020517927,0.03873803000298403,6,11,"AVGO,MU,CRWV,SNDK,DELL,ALAB,MRVL,LITE,MPWR,TSM,NVDA,STX,ATEYY,SKHY,VRT,ORCL,AMAT,AMD,DSCSY,TER,AEIS,FN,MTSI,ASMIY,NVT,AAOI,GEV,KLAC,TSEM,CIEN","LWLG,OKLO,SMR,POET,WOLF,NVTS,FCEL,ENPH,AOSL,INTC,PSIX,ATKR,SOMMY,DIOD,PLAB,TE,AMPX,TSLA,RKLB,CC,DKILY,CBRS,ROG,AEHR,ACLS,ALLE,TTDKY,POWI,EQIX,MRAM"
original_0714,near,self_only,2026-07-14,report_close,192,-0.050085436226950865,-0.06995183599106698,0.019866399764116117,-0.2122493779431328,-0.07450583037751915,0.016777467062558372,0.03576078995198438,6,10,"AVGO,MU,CRWV,SNDK,DELL,ALAB,MRVL,LITE,MPWR,TSM,NVDA,STX,ATEYY,SKHY,VRT,ORCL,AMAT,AMD,DSCSY,TER,AEIS,FN,MTSI,ASMIY,NVT,AAOI,GEV,KLAC,TSEM,CIEN","LWLG,OKLO,SMR,POET,WOLF,NVTS,FCEL,ENPH,AOSL,INTC,PSIX,ATKR,SOMMY,DIOD,PLAB,TE,AMPX,TSLA,RKLB,CC,DKILY,CBRS,ROG,AEHR,ACLS,ALLE,TTDKY,POWI,EQIX,MRAM"
original_0714,near,self_only,2026-07-15,next_open,192,0.014868098212338358,-0.040920112004796574,0.05578821021713493,-0.1946563604072057,-0.00828668212888651,0.043679863831449256,0.10052423839622388,7,15,"AVGO,MU,CRWV,SNDK,DELL,ALAB,MRVL,LITE,MPWR,TSM,NVDA,STX,ATEYY,SKHY,VRT,ORCL,AMAT,AMD,DSCSY,TER,AEIS,FN,MTSI,ASMIY,NVT,AAOI,GEV,KLAC,TSEM,CIEN","LWLG,OKLO,SMR,POET,WOLF,NVTS,FCEL,ENPH,AOSL,INTC,PSIX,ATKR,SOMMY,DIOD,PLAB,TE,AMPX,TSLA,RKLB,CC,DKILY,CBRS,ROG,AEHR,ACLS,ALLE,TTDKY,POWI,EQIX,MRAM"
original_0714,near,self_only,2026-07-15,report_close,192,-0.01810934463175181,-0.0667588064383045,0.048649461806552684,-0.19427363642203255,-0.0384853398259842,0.034677383362688115,0.07024319778639829,6,13,"AVGO,MU,CRWV,SNDK,DELL,ALAB,MRVL,LITE,MPWR,TSM,NVDA,STX,ATEYY,SKHY,VRT,ORCL,AMAT,AMD,DSCSY,TER,AEIS,FN,MTSI,ASMIY,NVT,AAOI,GEV,KLAC,TSEM,CIEN","LWLG,OKLO,SMR,POET,WOLF,NVTS,FCEL,ENPH,AOSL,INTC,PSIX,ATKR,SOMMY,DIOD,PLAB,TE,AMPX,TSLA,RKLB,CC,DKILY,CBRS,ROG,AEHR,ACLS,ALLE,TTDKY,POWI,EQIX,MRAM"
original_0714,near,self_only,2026-07-18,next_open,192,0.025597389013378814,-0.012443110274485721,0.038040499287864536,-0.19493763880461967,-0.005363986188615343,0.040565259084530125,0.06994479559449857,8,15,"AVGO,MU,CRWV,SNDK,DELL,ALAB,MRVL,LITE,MPWR,TSM,NVDA,STX,ATEYY,SKHY,VRT,ORCL,AMAT,AMD,DSCSY,TER,AEIS,FN,MTSI,ASMIY,NVT,AAOI,GEV,KLAC,TSEM,CIEN","LWLG,OKLO,SMR,POET,WOLF,NVTS,FCEL,ENPH,AOSL,INTC,PSIX,ATKR,SOMMY,DIOD,PLAB,TE,AMPX,TSLA,RKLB,CC,DKILY,CBRS,ROG,AEHR,ACLS,ALLE,TTDKY,POWI,EQIX,MRAM"
original_0714,near,self_only,2026-07-18,report_close,192,0.04863700145695017,0.0013446729292834192,0.04729232852766675,-0.19550722315004776,0.01244651697678291,0.05086848165795209,0.09956121314054746,10,17,"AVGO,MU,CRWV,SNDK,DELL,ALAB,MRVL,LITE,MPWR,TSM,NVDA,STX,ATEYY,SKHY,VRT,ORCL,AMAT,AMD,DSCSY,TER,AEIS,FN,MTSI,ASMIY,NVT,AAOI,GEV,KLAC,TSEM,CIEN","LWLG,OKLO,SMR,POET,WOLF,NVTS,FCEL,ENPH,AOSL,INTC,PSIX,ATKR,SOMMY,DIOD,PLAB,TE,AMPX,TSLA,RKLB,CC,DKILY,CBRS,ROG,AEHR,ACLS,ALLE,TTDKY,POWI,EQIX,MRAM"
original_0714,near,other_only,2026-07-14,next_open,192,-0.05739224501643732,-0.09960425947763518,0.042212014461197864,-0.20114689638014416,-0.07853937645145288,0.01842725453491366,0.051230230854786646,5,10,"NVDA,MU,AVGO,TSM,SKHY,CRDO,SNDK,ORCL,LITE,ATEYY,CLS,MOD,META,VRT,GOOGL,MSFT,FIX,AMAT,MRVL,COHR,ONTO,POWL,LRCX,TER,AMD,GEV,ALAB,TOELY,NVT,ETN","LWLG,OKLO,FCEL,SMR,WOLF,POET,ENPH,INTC,NVTS,MRAM,ATKR,TSLA,CC,ROG,AOSL,SOMMY,TE,ASGLY,APD,ST,PLAB,PNR,MMM,FTV,POWI,DKILY,AMPX,AJNMY,AEP,FLNC"
original_0714,near,other_only,2026-07-14,report_close,192,-0.049841389572582745,-0.10149776750515338,0.051656377932570635,-0.19403388301140845,-0.07426178372315104,0.017021513716926492,0.062383012777039316,5,9,"NVDA,MU,AVGO,TSM,SKHY,CRDO,SNDK,ORCL,LITE,ATEYY,CLS,MOD,META,VRT,GOOGL,MSFT,FIX,AMAT,MRVL,COHR,ONTO,POWL,LRCX,TER,AMD,GEV,ALAB,TOELY,NVT,ETN","LWLG,OKLO,FCEL,SMR,WOLF,POET,ENPH,INTC,NVTS,MRAM,ATKR,TSLA,CC,ROG,AOSL,SOMMY,TE,ASGLY,APD,ST,PLAB,PNR,MMM,FTV,POWI,DKILY,AMPX,AJNMY,AEP,FLNC"
original_0714,near,other_only,2026-07-15,next_open,192,-0.0033100772132548103,-0.0674729274569633,0.06416285024370849,-0.1817669245751472,-0.02646485755447968,0.02550168840585609,0.11103952472669074,6,13,"NVDA,MU,AVGO,TSM,SKHY,CRDO,SNDK,ORCL,LITE,ATEYY,CLS,MOD,META,VRT,GOOGL,MSFT,FIX,AMAT,MRVL,COHR,ONTO,POWL,LRCX,TER,AMD,GEV,ALAB,TOELY,NVT,ETN","LWLG,OKLO,FCEL,SMR,WOLF,POET,ENPH,INTC,NVTS,MRAM,ATKR,TSLA,CC,ROG,AOSL,SOMMY,TE,ASGLY,APD,ST,PLAB,PNR,MMM,FTV,POWI,DKILY,AMPX,AJNMY,AEP,FLNC"
original_0714,near,other_only,2026-07-15,report_close,192,-0.03163957787902528,-0.08906481812904189,0.057425240250016614,-0.18085390741283314,-0.052015573073257666,0.021147150115414647,0.08404429916176114,5,11,"NVDA,MU,AVGO,TSM,SKHY,CRDO,SNDK,ORCL,LITE,ATEYY,CLS,MOD,META,VRT,GOOGL,MSFT,FIX,AMAT,MRVL,COHR,ONTO,POWL,LRCX,TER,AMD,GEV,ALAB,TOELY,NVT,ETN","LWLG,OKLO,FCEL,SMR,WOLF,POET,ENPH,INTC,NVTS,MRAM,ATKR,TSLA,CC,ROG,AOSL,SOMMY,TE,ASGLY,APD,ST,PLAB,PNR,MMM,FTV,POWI,DKILY,AMPX,AJNMY,AEP,FLNC"
original_0714,near,other_only,2026-07-18,next_open,192,0.011929499634265366,-0.044516479415369556,0.05644597904963492,-0.1813783147407917,-0.01903187556772879,0.026897369705416674,0.09606685565472155,7,14,"NVDA,MU,AVGO,TSM,SKHY,CRDO,SNDK,ORCL,LITE,ATEYY,CLS,MOD,META,VRT,GOOGL,MSFT,FIX,AMAT,MRVL,COHR,ONTO,POWL,LRCX,TER,AMD,GEV,ALAB,TOELY,NVT,ETN","LWLG,OKLO,FCEL,SMR,WOLF,POET,ENPH,INTC,NVTS,MRAM,ATKR,TSLA,CC,ROG,AOSL,SOMMY,TE,ASGLY,APD,ST,PLAB,PNR,MMM,FTV,POWI,DKILY,AMPX,AJNMY,AEP,FLNC"
original_0714,near,other_only,2026-07-18,report_close,192,0.0339897118073387,-0.03473552031557019,0.06872523212290889,-0.18219916458013097,-0.0022007726728285604,0.03622119200834062,0.12933022271654507,9,16,"NVDA,MU,AVGO,TSM,SKHY,CRDO,SNDK,ORCL,LITE,ATEYY,CLS,MOD,META,VRT,GOOGL,MSFT,FIX,AMAT,MRVL,COHR,ONTO,POWL,LRCX,TER,AMD,GEV,ALAB,TOELY,NVT,ETN","LWLG,OKLO,FCEL,SMR,WOLF,POET,ENPH,INTC,NVTS,MRAM,ATKR,TSLA,CC,ROG,AOSL,SOMMY,TE,ASGLY,APD,ST,PLAB,PNR,MMM,FTV,POWI,DKILY,AMPX,AJNMY,AEP,FLNC"
original_0714,near,agreement_only,2026-07-14,next_open,192,-0.04904184611946687,-0.08404318953130807,0.035001343411841204,-0.20435807832259,-0.07018897755448243,0.02677765343188411,0.04634559042942789,6,12,"AVGO,MU,SNDK,LITE,CRWV,TSM,DELL,ALAB,ATEYY,ORCL,MRVL,NVDA,STX,MPWR,AMAT,SKHY,AMD,NVT,VRT,TER,KLAC,CLS,MTSI,POWL,ASMIY,ANET,MOD,FIX,WDC,DSCSY","LWLG,OKLO,SMR,WOLF,FCEL,POET,ENPH,NVTS,INTC,AOSL,ATKR,SOMMY,TSLA,TE,CC,ROG,MRAM,PLAB,AMPX,ASGLY,DKILY,RKLB,APD,POWI,PNR,MMM,ALLE,FTV,ACLS,PSIX"
original_0714,near,agreement_only,2026-07-14,report_close,192,-0.04181990238933646,-0.0845509357343502,0.04273103334501374,-0.19724690557963453,-0.06624029653990475,0.02504300090017278,0.053054553346173684,6,11,"AVGO,MU,SNDK,LITE,CRWV,TSM,DELL,ALAB,ATEYY,ORCL,MRVL,NVDA,STX,MPWR,AMAT,SKHY,AMD,NVT,VRT,TER,KLAC,CLS,MTSI,POWL,ASMIY,ANET,MOD,FIX,WDC,DSCSY","LWLG,OKLO,SMR,WOLF,FCEL,POET,ENPH,NVTS,INTC,AOSL,ATKR,SOMMY,TSLA,TE,CC,ROG,MRAM,PLAB,AMPX,ASGLY,DKILY,RKLB,APD,POWI,PNR,MMM,ALLE,FTV,ACLS,PSIX"
original_0714,near,agreement_only,2026-07-15,next_open,192,0.0208486702010267,-0.05200719511169829,0.07285586531272499,-0.1839022615132362,-0.002306110140198169,0.0496604358201376,0.11321819982095871,8,15,"AVGO,MU,SNDK,LITE,CRWV,TSM,DELL,ALAB,ATEYY,ORCL,MRVL,NVDA,STX,MPWR,AMAT,SKHY,AMD,NVT,VRT,TER,KLAC,CLS,MTSI,POWL,ASMIY,ANET,MOD,FIX,WDC,DSCSY","LWLG,OKLO,SMR,WOLF,FCEL,POET,ENPH,NVTS,INTC,AOSL,ATKR,SOMMY,TSLA,TE,CC,ROG,MRAM,PLAB,AMPX,ASGLY,DKILY,RKLB,APD,POWI,PNR,MMM,ALLE,FTV,ACLS,PSIX"
original_0714,near,agreement_only,2026-07-15,report_close,192,-0.011784488279499421,-0.0740863653113623,0.06230187703186288,-0.18354016617671876,-0.03216048347373181,0.041002239714940505,0.08184866939749885,7,14,"AVGO,MU,SNDK,LITE,CRWV,TSM,DELL,ALAB,ATEYY,ORCL,MRVL,NVDA,STX,MPWR,AMAT,SKHY,AMD,NVT,VRT,TER,KLAC,CLS,MTSI,POWL,ASMIY,ANET,MOD,FIX,WDC,DSCSY","LWLG,OKLO,SMR,WOLF,FCEL,POET,ENPH,NVTS,INTC,AOSL,ATKR,SOMMY,TSLA,TE,CC,ROG,MRAM,PLAB,AMPX,ASGLY,DKILY,RKLB,APD,POWI,PNR,MMM,ALLE,FTV,ACLS,PSIX"
original_0714,near,agreement_only,2026-07-18,next_open,192,0.03276068482057061,-0.024140776573262804,0.05690146139383341,-0.18390794749434003,0.0017993096185764529,0.04772855489172192,0.09348974581558746,9,16,"AVGO,MU,SNDK,LITE,CRWV,TSM,DELL,ALAB,ATEYY,ORCL,MRVL,NVDA,STX,MPWR,AMAT,SKHY,AMD,NVT,VRT,TER,KLAC,CLS,MTSI,POWL,ASMIY,ANET,MOD,FIX,WDC,DSCSY","LWLG,OKLO,SMR,WOLF,FCEL,POET,ENPH,NVTS,INTC,AOSL,ATKR,SOMMY,TSLA,TE,CC,ROG,MRAM,PLAB,AMPX,ASGLY,DKILY,RKLB,APD,POWI,PNR,MMM,ALLE,FTV,ACLS,PSIX"
original_0714,near,agreement_only,2026-07-18,report_close,192,0.054846766518885856,-0.014541882833042459,0.06938864935192832,-0.18445829309910877,0.018656282038718594,0.057078246719887774,0.12677345848140414,11,18,"AVGO,MU,SNDK,LITE,CRWV,TSM,DELL,ALAB,ATEYY,ORCL,MRVL,NVDA,STX,MPWR,AMAT,SKHY,AMD,NVT,VRT,TER,KLAC,CLS,MTSI,POWL,ASMIY,ANET,MOD,FIX,WDC,DSCSY","LWLG,OKLO,SMR,WOLF,FCEL,POET,ENPH,NVTS,INTC,AOSL,ATKR,SOMMY,TSLA,TE,CC,ROG,MRAM,PLAB,AMPX,ASGLY,DKILY,RKLB,APD,POWI,PNR,MMM,ALLE,FTV,ACLS,PSIX"
original_0714,near,high_only,2026-07-14,next_open,192,-0.038739952336726814,-0.09643571569631325,0.057695763359586434,-0.18804003811169667,-0.05988708377174238,0.03707954721462416,0.12113942164229717,7,13,"MU,TSM,AVGO,MSFT,NVDA,MRVL,CRWV,MPWR,ORCL,ALAB,KLAC,META,POWL,ATEYY,SKHY,LITE,CRDO,GOOGL,FIX,ASMIY,VRT,MOD,ANET,DELL,APH,ETN,SNDK,CIEN,CLS,AMAT","OKLO,WOLF,SMR,LWLG,POET,FCEL,NVTS,TE,MRAM,INTC,ENPH,AMPX,RKLB,AOSL,TSLA,CC,AEHR,PLAB,POWI,CBRS,ROG,DIOD,SOMMY,ATKR,DTE,MMM,DKILY,FLNC,PSIX,APD"
original_0714,near,high_only,2026-07-14,report_close,192,-0.03185626190475672,-0.07839345809363193,0.04653719618887522,-0.18119254300849919,-0.05627665605532501,0.03500664138475252,0.12188712258904592,7,12,"MU,TSM,AVGO,MSFT,NVDA,MRVL,CRWV,MPWR,ORCL,ALAB,KLAC,META,POWL,ATEYY,SKHY,LITE,CRDO,GOOGL,FIX,ASMIY,VRT,MOD,ANET,DELL,APH,ETN,SNDK,CIEN,CLS,AMAT","OKLO,WOLF,SMR,LWLG,POET,FCEL,NVTS,TE,MRAM,INTC,ENPH,AMPX,RKLB,AOSL,TSLA,CC,AEHR,PLAB,POWI,CBRS,ROG,DIOD,SOMMY,ATKR,DTE,MMM,DKILY,FLNC,PSIX,APD"
original_0714,near,high_only,2026-07-15,next_open,192,0.016783627148188783,-0.05059065136264929,0.06737427851083808,-0.16361629694752633,-0.006371153193036085,0.04559539276729968,0.15189010661096491,9,15,"MU,TSM,AVGO,MSFT,NVDA,MRVL,CRWV,MPWR,ORCL,ALAB,KLAC,META,POWL,ATEYY,SKHY,LITE,CRDO,GOOGL,FIX,ASMIY,VRT,MOD,ANET,DELL,APH,ETN,SNDK,CIEN,CLS,AMAT","OKLO,WOLF,SMR,LWLG,POET,FCEL,NVTS,TE,MRAM,INTC,ENPH,AMPX,RKLB,AOSL,TSLA,CC,AEHR,PLAB,POWI,CBRS,ROG,DIOD,SOMMY,ATKR,DTE,MMM,DKILY,FLNC,PSIX,APD"
original_0714,near,high_only,2026-07-15,report_close,192,-0.010014449024898826,-0.07506540008658966,0.06505095106169083,-0.16522095866609154,-0.030390444219131216,0.0427722789695411,0.13783807611968643,8,14,"MU,TSM,AVGO,MSFT,NVDA,MRVL,CRWV,MPWR,ORCL,ALAB,KLAC,META,POWL,ATEYY,SKHY,LITE,CRDO,GOOGL,FIX,ASMIY,VRT,MOD,ANET,DELL,APH,ETN,SNDK,CIEN,CLS,AMAT","OKLO,WOLF,SMR,LWLG,POET,FCEL,NVTS,TE,MRAM,INTC,ENPH,AMPX,RKLB,AOSL,TSLA,CC,AEHR,PLAB,POWI,CBRS,ROG,DIOD,SOMMY,ATKR,DTE,MMM,DKILY,FLNC,PSIX,APD"
original_0714,near,high_only,2026-07-18,next_open,192,0.036238481510252066,-0.0212366604848433,0.05747514199509536,-0.16325901658745356,0.005277106308257909,0.051206351581403374,0.1169872229606923,10,17,"MU,TSM,AVGO,MSFT,NVDA,MRVL,CRWV,MPWR,ORCL,ALAB,KLAC,META,POWL,ATEYY,SKHY,LITE,CRDO,GOOGL,FIX,ASMIY,VRT,MOD,ANET,DELL,APH,ETN,SNDK,CIEN,CLS,AMAT","OKLO,WOLF,SMR,LWLG,POET,FCEL,NVTS,TE,MRAM,INTC,ENPH,AMPX,RKLB,AOSL,TSLA,CC,AEHR,PLAB,POWI,CBRS,ROG,DIOD,SOMMY,ATKR,DTE,MMM,DKILY,FLNC,PSIX,APD"
original_0714,near,high_only,2026-07-18,report_close,192,0.05473899399144466,-0.008476073387118274,0.06321506737856293,-0.16419425227006978,0.0185485095112774,0.05697047419244658,0.14260912025608335,12,17,"MU,TSM,AVGO,MSFT,NVDA,MRVL,CRWV,MPWR,ORCL,ALAB,KLAC,META,POWL,ATEYY,SKHY,LITE,CRDO,GOOGL,FIX,ASMIY,VRT,MOD,ANET,DELL,APH,ETN,SNDK,CIEN,CLS,AMAT","OKLO,WOLF,SMR,LWLG,POET,FCEL,NVTS,TE,MRAM,INTC,ENPH,AMPX,RKLB,AOSL,TSLA,CC,AEHR,PLAB,POWI,CBRS,ROG,DIOD,SOMMY,ATKR,DTE,MMM,DKILY,FLNC,PSIX,APD"
original_0714,near,strength_weighted,2026-07-14,next_open,192,-0.06252329254353546,-0.08684243582117959,0.02431914327764413,-0.20811631092246363,-0.08367042397855103,0.013296207007815516,0.051362477280742225,6,11,"MU,AVGO,SNDK,TSM,LITE,CRWV,SKHY,ORCL,ALAB,MRVL,NVDA,ATEYY,VRT,MPWR,DELL,TER,AMAT,MOD,STX,AMD,CLS,CRDO,KLAC,DSCSY,ASMIY,FIX,NVT,POWL,CIEN,PWR","LWLG,OKLO,SMR,WOLF,FCEL,POET,NVTS,ENPH,INTC,AOSL,TE,SOMMY,TSLA,CC,MRAM,ROG,AMPX,ATKR,PLAB,RKLB,POWI,APD,MMM,DKILY,ASGLY,FTV,PNR,ALLE,DTE,CBRS"
original_0714,near,strength_weighted,2026-07-14,report_close,192,-0.05506442256402407,-0.08809964433224152,0.033035221768217445,-0.2007086013506555,-0.07948481671459237,0.011798480725485165,0.055896156037218904,6,10,"MU,AVGO,SNDK,TSM,LITE,CRWV,SKHY,ORCL,ALAB,MRVL,NVDA,ATEYY,VRT,MPWR,DELL,TER,AMAT,MOD,STX,AMD,CLS,CRDO,KLAC,DSCSY,ASMIY,FIX,NVT,POWL,CIEN,PWR","LWLG,OKLO,SMR,WOLF,FCEL,POET,NVTS,ENPH,INTC,AOSL,TE,SOMMY,TSLA,CC,MRAM,ROG,AMPX,ATKR,PLAB,RKLB,POWI,APD,MMM,DKILY,ASGLY,FTV,PNR,ALLE,DTE,CBRS"
original_0714,near,strength_weighted,2026-07-15,next_open,192,0.004176095776772511,-0.05083199685325357,0.05500809263002608,-0.18604751473677283,-0.018978684564452356,0.03298786139588341,0.11468477877546593,7,14,"MU,AVGO,SNDK,TSM,LITE,CRWV,SKHY,ORCL,ALAB,MRVL,NVDA,ATEYY,VRT,MPWR,DELL,TER,AMAT,MOD,STX,AMD,CLS,CRDO,KLAC,DSCSY,ASMIY,FIX,NVT,POWL,CIEN,PWR","LWLG,OKLO,SMR,WOLF,FCEL,POET,NVTS,ENPH,INTC,AOSL,TE,SOMMY,TSLA,CC,MRAM,ROG,AMPX,ATKR,PLAB,RKLB,POWI,APD,MMM,DKILY,ASGLY,FTV,PNR,ALLE,DTE,CBRS"
original_0714,near,strength_weighted,2026-07-15,report_close,192,-0.02755209446277048,-0.0719583249454731,0.044406230482702626,-0.18570124464500004,-0.04792808965700287,0.025234633531669444,0.08491237826546945,6,13,"MU,AVGO,SNDK,TSM,LITE,CRWV,SKHY,ORCL,ALAB,MRVL,NVDA,ATEYY,VRT,MPWR,DELL,TER,AMAT,MOD,STX,AMD,CLS,CRDO,KLAC,DSCSY,ASMIY,FIX,NVT,POWL,CIEN,PWR","LWLG,OKLO,SMR,WOLF,FCEL,POET,NVTS,ENPH,INTC,AOSL,TE,SOMMY,TSLA,CC,MRAM,ROG,AMPX,ATKR,PLAB,RKLB,POWI,APD,MMM,DKILY,ASGLY,FTV,PNR,ALLE,DTE,CBRS"
original_0714,near,strength_weighted,2026-07-18,next_open,192,0.017798458024223793,-0.02620702426055607,0.044005482284779865,-0.1860100517217016,-0.013162917177770364,0.0327663280953751,0.09419336462035105,8,15,"MU,AVGO,SNDK,TSM,LITE,CRWV,SKHY,ORCL,ALAB,MRVL,NVDA,ATEYY,VRT,MPWR,DELL,TER,AMAT,MOD,STX,AMD,CLS,CRDO,KLAC,DSCSY,ASMIY,FIX,NVT,POWL,CIEN,PWR","LWLG,OKLO,SMR,WOLF,FCEL,POET,NVTS,ENPH,INTC,AOSL,TE,SOMMY,TSLA,CC,MRAM,ROG,AMPX,ATKR,PLAB,RKLB,POWI,APD,MMM,DKILY,ASGLY,FTV,PNR,ALLE,DTE,CBRS"
original_0714,near,strength_weighted,2026-07-18,report_close,192,0.04009983600163669,-0.016163816174399236,0.056263652176035926,-0.1865836177200968,0.0039093515214694285,0.04233131620263861,0.12780938881805604,10,16,"MU,AVGO,SNDK,TSM,LITE,CRWV,SKHY,ORCL,ALAB,MRVL,NVDA,ATEYY,VRT,MPWR,DELL,TER,AMAT,MOD,STX,AMD,CLS,CRDO,KLAC,DSCSY,ASMIY,FIX,NVT,POWL,CIEN,PWR","LWLG,OKLO,SMR,WOLF,FCEL,POET,NVTS,ENPH,INTC,AOSL,TE,SOMMY,TSLA,CC,MRAM,ROG,AMPX,ATKR,PLAB,RKLB,POWI,APD,MMM,DKILY,ASGLY,FTV,PNR,ALLE,DTE,CBRS"
original_0714,long,both,2026-07-14,next_open,192,-0.030148932259956466,-0.09649692012663982,0.06634798786668336,-0.09492082860808382,-0.05129606369497203,0.045670567291394515,0.24634118221522938,5,13,"ASML,TSM,MSFT,GOOGL,CDNS,META,AVGO,KLAC,HOCPY,NVDA,DHR,TT,TMO,SNPS,APH,ANET,DSCSY,LIN,MSI,CRWD,ADI,MPWR,ECL,ASMIY,PWR,GEV,AMAT,ETN,PH,ADBE","LWLG,FCEL,SMR,POET,WOLF,TE,OKLO,NVTS,MRAM,AEHR,AMPX,FLNC,CC,PSIX,AOSL,IREN,APLD,AAOI,INTC,ENPH,AXTI,SMCI,SOMMY,VISN,CBRS,IMOS,ATKR,ICHR,UCTT,MXL"
original_0714,long,both,2026-07-14,report_close,192,-0.022423467854229353,-0.07622774198726258,0.05380427413303322,-0.08780614098021444,-0.04684386200479765,0.04443943543527988,0.21878645254048779,5,11,"ASML,TSM,MSFT,GOOGL,CDNS,META,AVGO,KLAC,HOCPY,NVDA,DHR,TT,TMO,SNPS,APH,ANET,DSCSY,LIN,MSI,CRWD,ADI,MPWR,ECL,ASMIY,PWR,GEV,AMAT,ETN,PH,ADBE","LWLG,FCEL,SMR,POET,WOLF,TE,OKLO,NVTS,MRAM,AEHR,AMPX,FLNC,CC,PSIX,AOSL,IREN,APLD,AAOI,INTC,ENPH,AXTI,SMCI,SOMMY,VISN,CBRS,IMOS,ATKR,ICHR,UCTT,MXL"
original_0714,long,both,2026-07-15,next_open,192,-0.006912790258585092,-0.03632768498697689,0.029414894728391795,-0.07347246531671214,-0.03006757059980996,0.021898975360525808,0.16698484930689309,5,14,"ASML,TSM,MSFT,GOOGL,CDNS,META,AVGO,KLAC,HOCPY,NVDA,DHR,TT,TMO,SNPS,APH,ANET,DSCSY,LIN,MSI,CRWD,ADI,MPWR,ECL,ASMIY,PWR,GEV,AMAT,ETN,PH,ADBE","LWLG,FCEL,SMR,POET,WOLF,TE,OKLO,NVTS,MRAM,AEHR,AMPX,FLNC,CC,PSIX,AOSL,IREN,APLD,AAOI,INTC,ENPH,AXTI,SMCI,SOMMY,VISN,CBRS,IMOS,ATKR,ICHR,UCTT,MXL"
original_0714,long,both,2026-07-15,report_close,192,-0.01891986903876163,-0.06599760798747183,0.047077738948710195,-0.08457824616255705,-0.03929586423299402,0.03386685895567829,0.19784404416352444,5,13,"ASML,TSM,MSFT,GOOGL,CDNS,META,AVGO,KLAC,HOCPY,NVDA,DHR,TT,TMO,SNPS,APH,ANET,DSCSY,LIN,MSI,CRWD,ADI,MPWR,ECL,ASMIY,PWR,GEV,AMAT,ETN,PH,ADBE","LWLG,FCEL,SMR,POET,WOLF,TE,OKLO,NVTS,MRAM,AEHR,AMPX,FLNC,CC,PSIX,AOSL,IREN,APLD,AAOI,INTC,ENPH,AXTI,SMCI,SOMMY,VISN,CBRS,IMOS,ATKR,ICHR,UCTT,MXL"
original_0714,long,both,2026-07-18,next_open,192,0.0024723702876987626,0.005729952017226392,-0.0032575817295276296,-0.0652011933845037,-0.028489004914295395,0.017440240358850074,0.0940458589914006,4,14,"ASML,TSM,MSFT,GOOGL,CDNS,META,AVGO,KLAC,HOCPY,NVDA,DHR,TT,TMO,SNPS,APH,ANET,DSCSY,LIN,MSI,CRWD,ADI,MPWR,ECL,ASMIY,PWR,GEV,AMAT,ETN,PH,ADBE","LWLG,FCEL,SMR,POET,WOLF,TE,OKLO,NVTS,MRAM,AEHR,AMPX,FLNC,CC,PSIX,AOSL,IREN,APLD,AAOI,INTC,ENPH,AXTI,SMCI,SOMMY,VISN,CBRS,IMOS,ATKR,ICHR,UCTT,MXL"
original_0714,long,both,2026-07-18,report_close,192,0.010355473156044645,0.023884146346094995,-0.01352867319005035,-0.06581053736817244,-0.025835011324122616,0.012586953357046564,0.08469535848954236,4,14,"ASML,TSM,MSFT,GOOGL,CDNS,META,AVGO,KLAC,HOCPY,NVDA,DHR,TT,TMO,SNPS,APH,ANET,DSCSY,LIN,MSI,CRWD,ADI,MPWR,ECL,ASMIY,PWR,GEV,AMAT,ETN,PH,ADBE","LWLG,FCEL,SMR,POET,WOLF,TE,OKLO,NVTS,MRAM,AEHR,AMPX,FLNC,CC,PSIX,AOSL,IREN,APLD,AAOI,INTC,ENPH,AXTI,SMCI,SOMMY,VISN,CBRS,IMOS,ATKR,ICHR,UCTT,MXL"
original_0714,long,self_only,2026-07-14,next_open,192,-0.03647041482746873,-0.08522124803766547,0.048750833210196735,-0.11574907712138327,-0.0576175462624843,0.039349084723882245,0.2344271356102325,4,11,"ASML,TSM,MSFT,CDNS,GOOGL,META,HOCPY,AVGO,KLAC,DHR,TT,DSCSY,TMO,NVDA,ADI,CRWD,ANET,APH,SNPS,LIN,MSI,PWR,AJNMY,ARM,VRT,MPWR,ENTG,ASMIY,ECL,GEV","LWLG,TE,SMR,POET,OKLO,FCEL,NVTS,WOLF,ENPH,AMPX,PSIX,FLNC,AEHR,AAOI,MRAM,AOSL,APLD,CC,VISN,ATKR,INTC,CBRS,RKLB,IREN,SOMMY,IMOS,VSH,AXTI,UCTT,SMCI"
original_0714,long,self_only,2026-07-14,report_close,192,-0.029293904734253917,-0.06605392126292824,0.03676001652867432,-0.1093234174018981,-0.05371429888482221,0.03756899855525532,0.2042936006293574,4,10,"ASML,TSM,MSFT,CDNS,GOOGL,META,HOCPY,AVGO,KLAC,DHR,TT,DSCSY,TMO,NVDA,ADI,CRWD,ANET,APH,SNPS,LIN,MSI,PWR,AJNMY,ARM,VRT,MPWR,ENTG,ASMIY,ECL,GEV","LWLG,TE,SMR,POET,OKLO,FCEL,NVTS,WOLF,ENPH,AMPX,PSIX,FLNC,AEHR,AAOI,MRAM,AOSL,APLD,CC,VISN,ATKR,INTC,CBRS,RKLB,IREN,SOMMY,IMOS,VSH,AXTI,UCTT,SMCI"
original_0714,long,self_only,2026-07-15,next_open,192,-0.009419362509819248,-0.026574028442905847,0.0171546659330866,-0.09139054558719473,-0.03257414285104412,0.019392403109291655,0.1643110978487915,4,13,"ASML,TSM,MSFT,CDNS,GOOGL,META,HOCPY,AVGO,KLAC,DHR,TT,DSCSY,TMO,NVDA,ADI,CRWD,ANET,APH,SNPS,LIN,MSI,PWR,AJNMY,ARM,VRT,MPWR,ENTG,ASMIY,ECL,GEV","LWLG,TE,SMR,POET,OKLO,FCEL,NVTS,WOLF,ENPH,AMPX,PSIX,FLNC,AEHR,AAOI,MRAM,AOSL,APLD,CC,VISN,ATKR,INTC,CBRS,RKLB,IREN,SOMMY,IMOS,VSH,AXTI,UCTT,SMCI"
original_0714,long,self_only,2026-07-15,report_close,192,-0.025014904278835397,-0.055393642419258586,0.03037873814042319,-0.10547056456412085,-0.045390899473067785,0.027771823715604528,0.1897414073732469,4,12,"ASML,TSM,MSFT,CDNS,GOOGL,META,HOCPY,AVGO,KLAC,DHR,TT,DSCSY,TMO,NVDA,ADI,CRWD,ANET,APH,SNPS,LIN,MSI,PWR,AJNMY,ARM,VRT,MPWR,ENTG,ASMIY,ECL,GEV","LWLG,TE,SMR,POET,OKLO,FCEL,NVTS,WOLF,ENPH,AMPX,PSIX,FLNC,AEHR,AAOI,MRAM,AOSL,APLD,CC,VISN,ATKR,INTC,CBRS,RKLB,IREN,SOMMY,IMOS,VSH,AXTI,UCTT,SMCI"
original_0714,long,self_only,2026-07-18,next_open,192,-0.0006119467001758583,0.015111263020607698,-0.015723209720783556,-0.08651179151186195,-0.031573321902170014,0.014355923370975451,0.0924300789409435,3,12,"ASML,TSM,MSFT,CDNS,GOOGL,META,HOCPY,AVGO,KLAC,DHR,TT,DSCSY,TMO,NVDA,ADI,CRWD,ANET,APH,SNPS,LIN,MSI,PWR,AJNMY,ARM,VRT,MPWR,ENTG,ASMIY,ECL,GEV","LWLG,TE,SMR,POET,OKLO,FCEL,NVTS,WOLF,ENPH,AMPX,PSIX,FLNC,AEHR,AAOI,MRAM,AOSL,APLD,CC,VISN,ATKR,INTC,CBRS,RKLB,IREN,SOMMY,IMOS,VSH,AXTI,UCTT,SMCI"
original_0714,long,self_only,2026-07-18,report_close,192,0.0075745129954110976,0.03180699495274218,-0.024232481957331083,-0.08701547975711088,-0.028615971484756163,0.009805993196413017,0.08496154680845293,4,13,"ASML,TSM,MSFT,CDNS,GOOGL,META,HOCPY,AVGO,KLAC,DHR,TT,DSCSY,TMO,NVDA,ADI,CRWD,ANET,APH,SNPS,LIN,MSI,PWR,AJNMY,ARM,VRT,MPWR,ENTG,ASMIY,ECL,GEV","LWLG,TE,SMR,POET,OKLO,FCEL,NVTS,WOLF,ENPH,AMPX,PSIX,FLNC,AEHR,AAOI,MRAM,AOSL,APLD,CC,VISN,ATKR,INTC,CBRS,RKLB,IREN,SOMMY,IMOS,VSH,AXTI,UCTT,SMCI"
original_0714,long,other_only,2026-07-14,next_open,192,-0.028597674837157496,-0.10038249355810214,0.07178481872094464,-0.09076879524730797,-0.049744806272173064,0.04722182471419348,0.2536232129777826,5,14,"MSFT,NVDA,GOOGL,ASML,META,AVGO,TSM,AMZN,SNPS,CDNS,KLAC,APH,ANET,DHR,ETN,LIN,TMO,MPWR,MSI,ECL,PH,LRCX,TT,BWXT,ASMIY,ADBE,AMAT,TEL,HOCPY,SHECY","LWLG,FCEL,WOLF,SMR,POET,NVTS,OKLO,TE,MRAM,CC,AEHR,IREN,FLNC,AOSL,AXTI,AMPX,SMCI,APLD,INTC,PSIX,SOMMY,AAOI,IMOS,MXL,VISN,NBIS,CBRS,ICHR,ENPH,UCTT"
original_0714,long,other_only,2026-07-14,report_close,192,-0.019984901547994312,-0.07997256750546962,0.0599876659574753,-0.08287750891558698,-0.04440529569856261,0.04687800174151492,0.22844213710224348,5,12,"MSFT,NVDA,GOOGL,ASML,META,AVGO,TSM,AMZN,SNPS,CDNS,KLAC,APH,ANET,DHR,ETN,LIN,TMO,MPWR,MSI,ECL,PH,LRCX,TT,BWXT,ASMIY,ADBE,AMAT,TEL,HOCPY,SHECY","LWLG,FCEL,WOLF,SMR,POET,NVTS,OKLO,TE,MRAM,CC,AEHR,IREN,FLNC,AOSL,AXTI,AMPX,SMCI,APLD,INTC,PSIX,SOMMY,AAOI,IMOS,MXL,VISN,NBIS,CBRS,ICHR,ENPH,UCTT"
original_0714,long,other_only,2026-07-15,next_open,192,-0.0064354435603641,-0.039842974965797216,0.033407531405433115,-0.07034037148102179,-0.02959022390158897,0.022376322058746803,0.16849211946938664,5,15,"MSFT,NVDA,GOOGL,ASML,META,AVGO,TSM,AMZN,SNPS,CDNS,KLAC,APH,ANET,DHR,ETN,LIN,TMO,MPWR,MSI,ECL,PH,LRCX,TT,BWXT,ASMIY,ADBE,AMAT,TEL,HOCPY,SHECY","LWLG,FCEL,WOLF,SMR,POET,NVTS,OKLO,TE,MRAM,CC,AEHR,IREN,FLNC,AOSL,AXTI,AMPX,SMCI,APLD,INTC,PSIX,SOMMY,AAOI,IMOS,MXL,VISN,NBIS,CBRS,ICHR,ENPH,UCTT"
original_0714,long,other_only,2026-07-15,report_close,192,-0.018208100419996254,-0.07065435127124073,0.05244625085124448,-0.08120183471894271,-0.03858409561422864,0.034578627574443674,0.20360863196158754,5,14,"MSFT,NVDA,GOOGL,ASML,META,AVGO,TSM,AMZN,SNPS,CDNS,KLAC,APH,ANET,DHR,ETN,LIN,TMO,MPWR,MSI,ECL,PH,LRCX,TT,BWXT,ASMIY,ADBE,AMAT,TEL,HOCPY,SHECY","LWLG,FCEL,WOLF,SMR,POET,NVTS,OKLO,TE,MRAM,CC,AEHR,IREN,FLNC,AOSL,AXTI,AMPX,SMCI,APLD,INTC,PSIX,SOMMY,AAOI,IMOS,MXL,VISN,NBIS,CBRS,ICHR,ENPH,UCTT"
original_0714,long,other_only,2026-07-18,next_open,192,0.004101557442621096,0.003426226356708928,0.0006753310859121675,-0.06328574358443084,-0.026859817759373062,0.019069427513772406,0.09907291864471152,4,15,"MSFT,NVDA,GOOGL,ASML,META,AVGO,TSM,AMZN,SNPS,CDNS,KLAC,APH,ANET,DHR,ETN,LIN,TMO,MPWR,MSI,ECL,PH,LRCX,TT,BWXT,ASMIY,ADBE,AMAT,TEL,HOCPY,SHECY","LWLG,FCEL,WOLF,SMR,POET,NVTS,OKLO,TE,MRAM,CC,AEHR,IREN,FLNC,AOSL,AXTI,AMPX,SMCI,APLD,INTC,PSIX,SOMMY,AAOI,IMOS,MXL,VISN,NBIS,CBRS,ICHR,ENPH,UCTT"
original_0714,long,other_only,2026-07-18,report_close,192,0.011389776684868317,0.023630152363641726,-0.012240375678773409,-0.06377335311330323,-0.024800707795298943,0.013621256885870237,0.0890696633480726,4,15,"MSFT,NVDA,GOOGL,ASML,META,AVGO,TSM,AMZN,SNPS,CDNS,KLAC,APH,ANET,DHR,ETN,LIN,TMO,MPWR,MSI,ECL,PH,LRCX,TT,BWXT,ASMIY,ADBE,AMAT,TEL,HOCPY,SHECY","LWLG,FCEL,WOLF,SMR,POET,NVTS,OKLO,TE,MRAM,CC,AEHR,IREN,FLNC,AOSL,AXTI,AMPX,SMCI,APLD,INTC,PSIX,SOMMY,AAOI,IMOS,MXL,VISN,NBIS,CBRS,ICHR,ENPH,UCTT"
original_0714,long,agreement_only,2026-07-14,next_open,192,-0.04172815542405027,-0.09649692012663982,0.054768764702589554,-0.10927590806622256,-0.06287528685906583,0.03409134412730071,0.23876414019477532,4,11,"ASML,TSM,CDNS,MSFT,META,GOOGL,HOCPY,AVGO,DHR,KLAC,LIN,ANET,TMO,ADI,APH,MSI,TT,DSCSY,ECL,SNPS,MPWR,TDY,CRWD,ETN,ARM,AMAT,NVDA,PWR,AMD,ASMIY","LWLG,FCEL,SMR,POET,WOLF,OKLO,NVTS,TE,MRAM,AEHR,CC,AMPX,PSIX,FLNC,AOSL,IREN,SMCI,AXTI,SOMMY,INTC,APLD,AAOI,ENPH,VISN,IMOS,ATKR,CBRS,ICHR,MXL,UCTT"
original_0714,long,agreement_only,2026-07-14,report_close,192,-0.033852255769750546,-0.07622774198726257,0.04237548621751202,-0.10203868881065548,-0.05827264992031884,0.03301064751975869,0.20969535848954238,4,10,"ASML,TSM,CDNS,MSFT,META,GOOGL,HOCPY,AVGO,DHR,KLAC,LIN,ANET,TMO,ADI,APH,MSI,TT,DSCSY,ECL,SNPS,MPWR,TDY,CRWD,ETN,ARM,AMAT,NVDA,PWR,AMD,ASMIY","LWLG,FCEL,SMR,POET,WOLF,OKLO,NVTS,TE,MRAM,AEHR,CC,AMPX,PSIX,FLNC,AOSL,IREN,SMCI,AXTI,SOMMY,INTC,APLD,AAOI,ENPH,VISN,IMOS,ATKR,CBRS,ICHR,MXL,UCTT"
original_0714,long,agreement_only,2026-07-15,next_open,192,-0.01449419507878635,-0.03632768498697689,0.021833489908190538,-0.08419388728368882,-0.03764897542001122,0.01431757054032455,0.16045730135908637,4,12,"ASML,TSM,CDNS,MSFT,META,GOOGL,HOCPY,AVGO,DHR,KLAC,LIN,ANET,TMO,ADI,APH,MSI,TT,DSCSY,ECL,SNPS,MPWR,TDY,CRWD,ETN,ARM,AMAT,NVDA,PWR,AMD,ASMIY","LWLG,FCEL,SMR,POET,WOLF,OKLO,NVTS,TE,MRAM,AEHR,CC,AMPX,PSIX,FLNC,AOSL,IREN,SMCI,AXTI,SOMMY,INTC,APLD,AAOI,ENPH,VISN,IMOS,ATKR,CBRS,ICHR,MXL,UCTT"
original_0714,long,agreement_only,2026-07-15,report_close,192,-0.028940436565249906,-0.06599760798747184,0.03705717142222194,-0.09754656038143839,-0.04931643175948229,0.02384629142919002,0.18982278978921957,4,11,"ASML,TSM,CDNS,MSFT,META,GOOGL,HOCPY,AVGO,DHR,KLAC,LIN,ANET,TMO,ADI,APH,MSI,TT,DSCSY,ECL,SNPS,MPWR,TDY,CRWD,ETN,ARM,AMAT,NVDA,PWR,AMD,ASMIY","LWLG,FCEL,SMR,POET,WOLF,OKLO,NVTS,TE,MRAM,AEHR,CC,AMPX,PSIX,FLNC,AOSL,IREN,SMCI,AXTI,SOMMY,INTC,APLD,AAOI,ENPH,VISN,IMOS,ATKR,CBRS,ICHR,MXL,UCTT"
original_0714,long,agreement_only,2026-07-18,next_open,192,-0.004193170798686471,0.005729952017226392,-0.009923122815912863,-0.08025816987465195,-0.03515454600068063,0.01077469927246484,0.08629248840300573,3,12,"ASML,TSM,CDNS,MSFT,META,GOOGL,HOCPY,AVGO,DHR,KLAC,LIN,ANET,TMO,ADI,APH,MSI,TT,DSCSY,ECL,SNPS,MPWR,TDY,CRWD,ETN,ARM,AMAT,NVDA,PWR,AMD,ASMIY","LWLG,FCEL,SMR,POET,WOLF,OKLO,NVTS,TE,MRAM,AEHR,CC,AMPX,PSIX,FLNC,AOSL,IREN,SMCI,AXTI,SOMMY,INTC,APLD,AAOI,ENPH,VISN,IMOS,ATKR,CBRS,ICHR,MXL,UCTT"
original_0714,long,agreement_only,2026-07-18,report_close,192,0.0050891618483148715,0.023884146346095002,-0.01879498449778013,-0.08091439058247685,-0.03110132263185239,0.007320642049316791,0.07754387868594527,4,12,"ASML,TSM,CDNS,MSFT,META,GOOGL,HOCPY,AVGO,DHR,KLAC,LIN,ANET,TMO,ADI,APH,MSI,TT,DSCSY,ECL,SNPS,MPWR,TDY,CRWD,ETN,ARM,AMAT,NVDA,PWR,AMD,ASMIY","LWLG,FCEL,SMR,POET,WOLF,OKLO,NVTS,TE,MRAM,AEHR,CC,AMPX,PSIX,FLNC,AOSL,IREN,SMCI,AXTI,SOMMY,INTC,APLD,AAOI,ENPH,VISN,IMOS,ATKR,CBRS,ICHR,MXL,UCTT"
original_0714,long,high_only,2026-07-14,next_open,192,-0.018313570160698362,-0.10550332644414823,0.08718975628344987,-0.0788274536871254,-0.03946070159571392,0.05750592939065262,0.2468057401730733,5,14,"MSFT,TSM,META,CDNS,ASML,GOOGL,KLAC,TMO,AVGO,ECL,DHR,LIN,MSI,ADBE,NVDA,MPWR,APH,PH,AMZN,TXN,ADI,SNPS,TDY,ANET,TT,ETN,CRWD,LRCX,TEL,ASMIY","FCEL,TE,WOLF,LWLG,POET,SMR,NVTS,MRAM,AMPX,PSIX,AEHR,IREN,CC,AXTI,INTC,SMCI,CBRS,FLNC,AOSL,APLD,NBIS,CRWV,OKLO,AAOI,MXL,IMOS,RKLB,ENPH,UCTT,ICHR"
original_0714,long,high_only,2026-07-14,report_close,192,-0.008744502748939434,-0.08683982169696199,0.07809531894802255,-0.07001359287294007,-0.033164896899507725,0.058118400540569805,0.2204920923419147,5,13,"MSFT,TSM,META,CDNS,ASML,GOOGL,KLAC,TMO,AVGO,ECL,DHR,LIN,MSI,ADBE,NVDA,MPWR,APH,PH,AMZN,TXN,ADI,SNPS,TDY,ANET,TT,ETN,CRWD,LRCX,TEL,ASMIY","FCEL,TE,WOLF,LWLG,POET,SMR,NVTS,MRAM,AMPX,PSIX,AEHR,IREN,CC,AXTI,INTC,SMCI,CBRS,FLNC,AOSL,APLD,NBIS,CRWV,OKLO,AAOI,MXL,IMOS,RKLB,ENPH,UCTT,ICHR"
original_0714,long,high_only,2026-07-15,next_open,192,0.0036304685617935097,-0.04147324472969894,0.04510371329149245,-0.058517902147594336,-0.01952431177943136,0.03244223418090441,0.1588652578466213,5,15,"MSFT,TSM,META,CDNS,ASML,GOOGL,KLAC,TMO,AVGO,ECL,DHR,LIN,MSI,ADBE,NVDA,MPWR,APH,PH,AMZN,TXN,ADI,SNPS,TDY,ANET,TT,ETN,CRWD,LRCX,TEL,ASMIY","FCEL,TE,WOLF,LWLG,POET,SMR,NVTS,MRAM,AMPX,PSIX,AEHR,IREN,CC,AXTI,INTC,SMCI,CBRS,FLNC,AOSL,APLD,NBIS,CRWV,OKLO,AAOI,MXL,IMOS,RKLB,ENPH,UCTT,ICHR"
original_0714,long,high_only,2026-07-15,report_close,192,-0.007606828338436707,-0.07388345942446982,0.06627663108603311,-0.06899295485201706,-0.027982823532669093,0.04517989965600322,0.19674877248189243,5,14,"MSFT,TSM,META,CDNS,ASML,GOOGL,KLAC,TMO,AVGO,ECL,DHR,LIN,MSI,ADBE,NVDA,MPWR,APH,PH,AMZN,TXN,ADI,SNPS,TDY,ANET,TT,ETN,CRWD,LRCX,TEL,ASMIY","FCEL,TE,WOLF,LWLG,POET,SMR,NVTS,MRAM,AMPX,PSIX,AEHR,IREN,CC,AXTI,INTC,SMCI,CBRS,FLNC,AOSL,APLD,NBIS,CRWV,OKLO,AAOI,MXL,IMOS,RKLB,ENPH,UCTT,ICHR"
original_0714,long,high_only,2026-07-18,next_open,192,0.013299294261437555,0.004784733304878686,0.00851456095655887,-0.053344674301001205,-0.0176620809405566,0.028267164332588864,0.07749979654396008,4,16,"MSFT,TSM,META,CDNS,ASML,GOOGL,KLAC,TMO,AVGO,ECL,DHR,LIN,MSI,ADBE,NVDA,MPWR,APH,PH,AMZN,TXN,ADI,SNPS,TDY,ANET,TT,ETN,CRWD,LRCX,TEL,ASMIY","FCEL,TE,WOLF,LWLG,POET,SMR,NVTS,MRAM,AMPX,PSIX,AEHR,IREN,CC,AXTI,INTC,SMCI,CBRS,FLNC,AOSL,APLD,NBIS,CRWV,OKLO,AAOI,MXL,IMOS,RKLB,ENPH,UCTT,ICHR"
original_0714,long,high_only,2026-07-18,report_close,192,0.020705863963034487,0.025554865728436113,-0.004849001765401626,-0.05368385478905513,-0.015484620517132775,0.022937344164036408,0.064714279901256,4,16,"MSFT,TSM,META,CDNS,ASML,GOOGL,KLAC,TMO,AVGO,ECL,DHR,LIN,MSI,ADBE,NVDA,MPWR,APH,PH,AMZN,TXN,ADI,SNPS,TDY,ANET,TT,ETN,CRWD,LRCX,TEL,ASMIY","FCEL,TE,WOLF,LWLG,POET,SMR,NVTS,MRAM,AMPX,PSIX,AEHR,IREN,CC,AXTI,INTC,SMCI,CBRS,FLNC,AOSL,APLD,NBIS,CRWV,OKLO,AAOI,MXL,IMOS,RKLB,ENPH,UCTT,ICHR"
original_0714,long,strength_weighted,2026-07-14,next_open,192,-0.026926786384363386,-0.11340516913792413,0.08647838275356075,-0.08929855829315181,-0.04807391781937895,0.048892713166987595,0.246497165179177,5,13,"ASML,MSFT,TSM,META,CDNS,GOOGL,AVGO,KLAC,DHR,HOCPY,TMO,LIN,DSCSY,MSI,NVDA,APH,TT,ANET,CRWD,MPWR,ECL,SNPS,ADBE,ADI,ASMIY,AMAT,PWR,ETN,TDY,PH","LWLG,FCEL,POET,SMR,WOLF,NVTS,TE,MRAM,APLD,AOSL,OKLO,AMPX,AEHR,IREN,PSIX,FLNC,CC,AXTI,INTC,SOMMY,SMCI,CBRS,ENPH,AAOI,IMOS,ICHR,MXL,VISN,VSH,UCTT"
original_0714,long,strength_weighted,2026-07-14,report_close,192,-0.019210226923840355,-0.09345785354358878,0.07424762661974843,-0.0821825471180253,-0.04363062107440865,0.04765267636566888,0.21815912975069854,5,11,"ASML,MSFT,TSM,META,CDNS,GOOGL,AVGO,KLAC,DHR,HOCPY,TMO,LIN,DSCSY,MSI,NVDA,APH,TT,ANET,CRWD,MPWR,ECL,SNPS,ADBE,ADI,ASMIY,AMAT,PWR,ETN,TDY,PH","LWLG,FCEL,POET,SMR,WOLF,NVTS,TE,MRAM,APLD,AOSL,OKLO,AMPX,AEHR,IREN,PSIX,FLNC,CC,AXTI,INTC,SOMMY,SMCI,CBRS,ENPH,AAOI,IMOS,ICHR,MXL,VISN,VSH,UCTT"
original_0714,long,strength_weighted,2026-07-15,next_open,192,-0.0043537313210649615,-0.052365021392301966,0.04801129007123701,-0.06845625215940532,-0.02750851166228983,0.02445803429804594,0.16641178146108565,5,14,"ASML,MSFT,TSM,META,CDNS,GOOGL,AVGO,KLAC,DHR,HOCPY,TMO,LIN,DSCSY,MSI,NVDA,APH,TT,ANET,CRWD,MPWR,ECL,SNPS,ADBE,ADI,ASMIY,AMAT,PWR,ETN,TDY,PH","LWLG,FCEL,POET,SMR,WOLF,NVTS,TE,MRAM,APLD,AOSL,OKLO,AMPX,AEHR,IREN,PSIX,FLNC,CC,AXTI,INTC,SOMMY,SMCI,CBRS,ENPH,AAOI,IMOS,ICHR,MXL,VISN,VSH,UCTT"
original_0714,long,strength_weighted,2026-07-15,report_close,192,-0.016061072488278726,-0.08227349802968473,0.066212425541406,-0.07929771101032668,-0.036437067682511114,0.0367256555061612,0.19860700431326808,5,13,"ASML,MSFT,TSM,META,CDNS,GOOGL,AVGO,KLAC,DHR,HOCPY,TMO,LIN,DSCSY,MSI,NVDA,APH,TT,ANET,CRWD,MPWR,ECL,SNPS,ADBE,ADI,ASMIY,AMAT,PWR,ETN,TDY,PH","LWLG,FCEL,POET,SMR,WOLF,NVTS,TE,MRAM,APLD,AOSL,OKLO,AMPX,AEHR,IREN,PSIX,FLNC,CC,AXTI,INTC,SOMMY,SMCI,CBRS,ENPH,AAOI,IMOS,ICHR,MXL,VISN,VSH,UCTT"
original_0714,long,strength_weighted,2026-07-18,next_open,192,0.005448067119426388,-0.008669386481307717,0.014117453600734105,-0.060503903085990296,-0.02551330808256777,0.020415937190577698,0.090970281854434,4,14,"ASML,MSFT,TSM,META,CDNS,GOOGL,AVGO,KLAC,DHR,HOCPY,TMO,LIN,DSCSY,MSI,NVDA,APH,TT,ANET,CRWD,MPWR,ECL,SNPS,ADBE,ADI,ASMIY,AMAT,PWR,ETN,TDY,PH","LWLG,FCEL,POET,SMR,WOLF,NVTS,TE,MRAM,APLD,AOSL,OKLO,AMPX,AEHR,IREN,PSIX,FLNC,CC,AXTI,INTC,SOMMY,SMCI,CBRS,ENPH,AAOI,IMOS,ICHR,MXL,VISN,VSH,UCTT"
original_0714,long,strength_weighted,2026-07-18,report_close,192,0.01270280949098761,0.009200749270754417,0.003502060220233194,-0.06107723939401255,-0.02348767498917965,0.01493428969198953,0.08061097848791472,4,14,"ASML,MSFT,TSM,META,CDNS,GOOGL,AVGO,KLAC,DHR,HOCPY,TMO,LIN,DSCSY,MSI,NVDA,APH,TT,ANET,CRWD,MPWR,ECL,SNPS,ADBE,ADI,ASMIY,AMAT,PWR,ETN,TDY,PH","LWLG,FCEL,POET,SMR,WOLF,NVTS,TE,MRAM,APLD,AOSL,OKLO,AMPX,AEHR,IREN,PSIX,FLNC,CC,AXTI,INTC,SOMMY,SMCI,CBRS,ENPH,AAOI,IMOS,ICHR,MXL,VISN,VSH,UCTT"
original_0714,odds,both,2026-07-14,next_open,192,0.06500286398518994,-0.09473098027417493,0.15973384425936488,-0.06213428782974195,0.04385573255017437,0.14082236353654093,0.40837696335078544,13,19,"ADBE,ST,PNR,BABA,PSIX,QCOM,VST,ORCL,ET,TEL,BDC,ENS,META,TSM,VISN,HPE,ATKR,SMCI,MSFT,ALLE,DOV,DD,MU,TMO,MMM,CEG,NTAP,AVGO,JBL,NVDA","LWLG,OKLO,NVTS,RKLB,POET,CBRS,SMR,AEHR,ARM,FCEL,WOLF,AMPX,TSLA,APLD,INTC,IREN,BE,AXTI,CRWD,ALAB,NBIS,SITM,CRWV,VICR,MXL,MRAM,FLNC,CIEN,BESIY,LITE"
original_0714,odds,both,2026-07-14,report_close,192,0.06651880836283833,-0.07815255240945002,0.14467136077228834,-0.06190161314343623,0.042098414212270036,0.13338171165234758,0.36810114477931805,13,19,"ADBE,ST,PNR,BABA,PSIX,QCOM,VST,ORCL,ET,TEL,BDC,ENS,META,TSM,VISN,HPE,ATKR,SMCI,MSFT,ALLE,DOV,DD,MU,TMO,MMM,CEG,NTAP,AVGO,JBL,NVDA","LWLG,OKLO,NVTS,RKLB,POET,CBRS,SMR,AEHR,ARM,FCEL,WOLF,AMPX,TSLA,APLD,INTC,IREN,BE,AXTI,CRWD,ALAB,NBIS,SITM,CRWV,VICR,MXL,MRAM,FLNC,CIEN,BESIY,LITE"
original_0714,odds,both,2026-07-15,next_open,192,0.08417584094274415,-0.027611170789629262,0.1117870117323734,-0.06273174952834126,0.06102106060151928,0.11298760656185505,0.28692218484659415,12,18,"ADBE,ST,PNR,BABA,PSIX,QCOM,VST,ORCL,ET,TEL,BDC,ENS,META,TSM,VISN,HPE,ATKR,SMCI,MSFT,ALLE,DOV,DD,MU,TMO,MMM,CEG,NTAP,AVGO,JBL,NVDA","LWLG,OKLO,NVTS,RKLB,POET,CBRS,SMR,AEHR,ARM,FCEL,WOLF,AMPX,TSLA,APLD,INTC,IREN,BE,AXTI,CRWD,ALAB,NBIS,SITM,CRWV,VICR,MXL,MRAM,FLNC,CIEN,BESIY,LITE"
original_0714,odds,both,2026-07-15,report_close,192,0.07279126698035074,-0.06103244880469786,0.1338237157850486,-0.06251701265594223,0.05241527178611835,0.12557799497479066,0.3425674117678974,13,18,"ADBE,ST,PNR,BABA,PSIX,QCOM,VST,ORCL,ET,TEL,BDC,ENS,META,TSM,VISN,HPE,ATKR,SMCI,MSFT,ALLE,DOV,DD,MU,TMO,MMM,CEG,NTAP,AVGO,JBL,NVDA","LWLG,OKLO,NVTS,RKLB,POET,CBRS,SMR,AEHR,ARM,FCEL,WOLF,AMPX,TSLA,APLD,INTC,IREN,BE,AXTI,CRWD,ALAB,NBIS,SITM,CRWV,VICR,MXL,MRAM,FLNC,CIEN,BESIY,LITE"
original_0714,odds,both,2026-07-18,next_open,192,0.09070764474666801,0.013180245542352375,0.07752739920431563,-0.06323039133274855,0.05974626954467385,0.10567551481781932,0.20618235086672276,12,19,"ADBE,ST,PNR,BABA,PSIX,QCOM,VST,ORCL,ET,TEL,BDC,ENS,META,TSM,VISN,HPE,ATKR,SMCI,MSFT,ALLE,DOV,DD,MU,TMO,MMM,CEG,NTAP,AVGO,JBL,NVDA","LWLG,OKLO,NVTS,RKLB,POET,CBRS,SMR,AEHR,ARM,FCEL,WOLF,AMPX,TSLA,APLD,INTC,IREN,BE,AXTI,CRWD,ALAB,NBIS,SITM,CRWV,VICR,MXL,MRAM,FLNC,CIEN,BESIY,LITE"
original_0714,odds,both,2026-07-18,report_close,192,0.09944697904637387,0.03576976085645946,0.06367721818991441,-0.06326268534880664,0.0632564945662066,0.10167845924737579,0.18528911103274287,11,19,"ADBE,ST,PNR,BABA,PSIX,QCOM,VST,ORCL,ET,TEL,BDC,ENS,META,TSM,VISN,HPE,ATKR,SMCI,MSFT,ALLE,DOV,DD,MU,TMO,MMM,CEG,NTAP,AVGO,JBL,NVDA","LWLG,OKLO,NVTS,RKLB,POET,CBRS,SMR,AEHR,ARM,FCEL,WOLF,AMPX,TSLA,APLD,INTC,IREN,BE,AXTI,CRWD,ALAB,NBIS,SITM,CRWV,VICR,MXL,MRAM,FLNC,CIEN,BESIY,LITE"
original_0714,odds,self_only,2026-07-14,next_open,192,0.06289678048953154,-0.10266475671184677,0.1655615372013783,-0.060624366485262926,0.041749649054515975,0.13871628004088252,0.4467012994059084,13,18,"ADBE,ST,PNR,ORCL,BABA,PSIX,QCOM,ET,VST,TEL,BDC,ENS,SMCI,VISN,TSM,META,HPE,IBM,DOV,DD,MSFT,JBL,TMO,ATKR,ALLE,DCI,MIELY,MMM,CEG,SKHY","LWLG,OKLO,NVTS,RKLB,CBRS,AEHR,POET,ARM,SMR,FCEL,INTC,AMPX,APLD,IREN,TSLA,BE,CRWD,MXL,AXTI,WOLF,VICR,SITM,ALAB,FLNC,CRWV,NBIS,MRAAY,ENPH,CIEN,MRAM"
original_0714,odds,self_only,2026-07-14,report_close,192,0.06287654447781296,-0.08641447280022675,0.14929101727803973,-0.06039946979310329,0.03845615032724467,0.1297394477673222,0.40525391313783476,13,18,"ADBE,ST,PNR,ORCL,BABA,PSIX,QCOM,ET,VST,TEL,BDC,ENS,SMCI,VISN,TSM,META,HPE,IBM,DOV,DD,MSFT,JBL,TMO,ATKR,ALLE,DCI,MIELY,MMM,CEG,SKHY","LWLG,OKLO,NVTS,RKLB,CBRS,AEHR,POET,ARM,SMR,FCEL,INTC,AMPX,APLD,IREN,TSLA,BE,CRWD,MXL,AXTI,WOLF,VICR,SITM,ALAB,FLNC,CRWV,NBIS,MRAAY,ENPH,CIEN,MRAM"
original_0714,odds,self_only,2026-07-15,next_open,192,0.07944455241944381,-0.0366683593619528,0.11611291178139661,-0.06110849266410168,0.05628977207821895,0.10825631803855472,0.32406478040311426,11,18,"ADBE,ST,PNR,ORCL,BABA,PSIX,QCOM,ET,VST,TEL,BDC,ENS,SMCI,VISN,TSM,META,HPE,IBM,DOV,DD,MSFT,JBL,TMO,ATKR,ALLE,DCI,MIELY,MMM,CEG,SKHY","LWLG,OKLO,NVTS,RKLB,CBRS,AEHR,POET,ARM,SMR,FCEL,INTC,AMPX,APLD,IREN,TSLA,BE,CRWD,MXL,AXTI,WOLF,VICR,SITM,ALAB,FLNC,CRWV,NBIS,MRAAY,ENPH,CIEN,MRAM"
original_0714,odds,self_only,2026-07-15,report_close,192,0.06775463521097189,-0.07117778346291534,0.13893241867388723,-0.06089847576179275,0.0473786400167395,0.12054136320541181,0.3807730651330603,12,18,"ADBE,ST,PNR,ORCL,BABA,PSIX,QCOM,ET,VST,TEL,BDC,ENS,SMCI,VISN,TSM,META,HPE,IBM,DOV,DD,MSFT,JBL,TMO,ATKR,ALLE,DCI,MIELY,MMM,CEG,SKHY","LWLG,OKLO,NVTS,RKLB,CBRS,AEHR,POET,ARM,SMR,FCEL,INTC,AMPX,APLD,IREN,TSLA,BE,CRWD,MXL,AXTI,WOLF,VICR,SITM,ALAB,FLNC,CRWV,NBIS,MRAAY,ENPH,CIEN,MRAM"
original_0714,odds,self_only,2026-07-18,next_open,192,0.08617695379088586,0.006583797461382619,0.07959315632950324,-0.061625075429845855,0.0552155785888917,0.10114482386203717,0.22892873613107997,10,19,"ADBE,ST,PNR,ORCL,BABA,PSIX,QCOM,ET,VST,TEL,BDC,ENS,SMCI,VISN,TSM,META,HPE,IBM,DOV,DD,MSFT,JBL,TMO,ATKR,ALLE,DCI,MIELY,MMM,CEG,SKHY","LWLG,OKLO,NVTS,RKLB,CBRS,AEHR,POET,ARM,SMR,FCEL,INTC,AMPX,APLD,IREN,TSLA,BE,CRWD,MXL,AXTI,WOLF,VICR,SITM,ALAB,FLNC,CRWV,NBIS,MRAAY,ENPH,CIEN,MRAM"
original_0714,odds,self_only,2026-07-18,report_close,192,0.09457398883431552,0.02791899827381559,0.06665499056049992,-0.061700760294449264,0.058383504354148255,0.09680546903531743,0.2118536879798172,10,20,"ADBE,ST,PNR,ORCL,BABA,PSIX,QCOM,ET,VST,TEL,BDC,ENS,SMCI,VISN,TSM,META,HPE,IBM,DOV,DD,MSFT,JBL,TMO,ATKR,ALLE,DCI,MIELY,MMM,CEG,SKHY","LWLG,OKLO,NVTS,RKLB,CBRS,AEHR,POET,ARM,SMR,FCEL,INTC,AMPX,APLD,IREN,TSLA,BE,CRWD,MXL,AXTI,WOLF,VICR,SITM,ALAB,FLNC,CRWV,NBIS,MRAAY,ENPH,CIEN,MRAM"
original_0714,odds,other_only,2026-07-14,next_open,192,0.053163827133959264,-0.10118033988367557,0.15434416701763484,-0.0635274421469888,0.0320166956989437,0.12898332668531023,0.36506286791633896,12,18,"ADBE,PSIX,VST,NVDA,MU,META,BABA,ET,ST,ATKR,TEL,PNR,QCOM,TSM,BDC,HTHIY,PLAB,HPE,ALLE,VISN,AVGO,ENS,ORCL,MSFT,CEG,MMM,NTAP,SANM,DD,GOOGL","LWLG,OKLO,SMR,POET,RKLB,NVTS,FCEL,CBRS,WOLF,AEHR,ARM,TSLA,NBIS,ALAB,AMPX,APLD,AXTI,IREN,CRWD,BE,INTC,SITM,CRWV,MRAM,VICR,FLNC,MXL,BESIY,MTSI,CIEN"
original_0714,odds,other_only,2026-07-14,report_close,192,0.05377645653974897,-0.08449550886535716,0.1382719654051061,-0.06334316743150281,0.029356062389180676,0.1206393598292582,0.3279592681008058,12,18,"ADBE,PSIX,VST,NVDA,MU,META,BABA,ET,ST,ATKR,TEL,PNR,QCOM,TSM,BDC,HTHIY,PLAB,HPE,ALLE,VISN,AVGO,ENS,ORCL,MSFT,CEG,MMM,NTAP,SANM,DD,GOOGL","LWLG,OKLO,SMR,POET,RKLB,NVTS,FCEL,CBRS,WOLF,AEHR,ARM,TSLA,NBIS,ALAB,AMPX,APLD,AXTI,IREN,CRWD,BE,INTC,SITM,CRWV,MRAM,VICR,FLNC,MXL,BESIY,MTSI,CIEN"
original_0714,odds,other_only,2026-07-15,next_open,192,0.06911665747468086,-0.03602102428092475,0.10513768175560562,-0.06413967045347668,0.045961877133455994,0.09792842309379177,0.24860123972547002,11,18,"ADBE,PSIX,VST,NVDA,MU,META,BABA,ET,ST,ATKR,TEL,PNR,QCOM,TSM,BDC,HTHIY,PLAB,HPE,ALLE,VISN,AVGO,ENS,ORCL,MSFT,CEG,MMM,NTAP,SANM,DD,GOOGL","LWLG,OKLO,SMR,POET,RKLB,NVTS,FCEL,CBRS,WOLF,AEHR,ARM,TSLA,NBIS,ALAB,AMPX,APLD,AXTI,IREN,CRWD,BE,INTC,SITM,CRWV,MRAM,VICR,FLNC,MXL,BESIY,MTSI,CIEN"
original_0714,odds,other_only,2026-07-15,report_close,192,0.05722147232441853,-0.06949998690027635,0.12672145922469488,-0.06382363597621998,0.03684547713018614,0.11000820031885845,0.3009742153378727,12,17,"ADBE,PSIX,VST,NVDA,MU,META,BABA,ET,ST,ATKR,TEL,PNR,QCOM,TSM,BDC,HTHIY,PLAB,HPE,ALLE,VISN,AVGO,ENS,ORCL,MSFT,CEG,MMM,NTAP,SANM,DD,GOOGL","LWLG,OKLO,SMR,POET,RKLB,NVTS,FCEL,CBRS,WOLF,AEHR,ARM,TSLA,NBIS,ALAB,AMPX,APLD,AXTI,IREN,CRWD,BE,INTC,SITM,CRWV,MRAM,VICR,FLNC,MXL,BESIY,MTSI,CIEN"
original_0714,odds,other_only,2026-07-18,next_open,192,0.07176728702575257,0.0077359986654087125,0.06403128836034386,-0.0643675907425394,0.04080591182375841,0.08673515709690388,0.17932615359574644,11,17,"ADBE,PSIX,VST,NVDA,MU,META,BABA,ET,ST,ATKR,TEL,PNR,QCOM,TSM,BDC,HTHIY,PLAB,HPE,ALLE,VISN,AVGO,ENS,ORCL,MSFT,CEG,MMM,NTAP,SANM,DD,GOOGL","LWLG,OKLO,SMR,POET,RKLB,NVTS,FCEL,CBRS,WOLF,AEHR,ARM,TSLA,NBIS,ALAB,AMPX,APLD,AXTI,IREN,CRWD,BE,INTC,SITM,CRWV,MRAM,VICR,FLNC,MXL,BESIY,MTSI,CIEN"
original_0714,odds,other_only,2026-07-18,report_close,192,0.08130838281967524,0.029216227289414795,0.05209215553026045,-0.06441556394182069,0.04511789833950798,0.08353986302067716,0.15713418604020296,10,19,"ADBE,PSIX,VST,NVDA,MU,META,BABA,ET,ST,ATKR,TEL,PNR,QCOM,TSM,BDC,HTHIY,PLAB,HPE,ALLE,VISN,AVGO,ENS,ORCL,MSFT,CEG,MMM,NTAP,SANM,DD,GOOGL","LWLG,OKLO,SMR,POET,RKLB,NVTS,FCEL,CBRS,WOLF,AEHR,ARM,TSLA,NBIS,ALAB,AMPX,APLD,AXTI,IREN,CRWD,BE,INTC,SITM,CRWV,MRAM,VICR,FLNC,MXL,BESIY,MTSI,CIEN"
original_0714,odds,agreement_only,2026-07-14,next_open,192,0.0643752278590191,-0.09171138953253286,0.15608661739155194,-0.05986578776959128,0.043228096424003534,0.1401947274103701,0.4073444239481323,12,20,"ADBE,ST,PNR,BABA,PSIX,ORCL,ET,VST,QCOM,ENS,TEL,TSM,HPE,META,DD,BDC,VISN,ALLE,ATKR,MSFT,TMO,SMCI,DOV,NTAP,JBL,MMM,MU,DCI,DHR,IBM","LWLG,NVTS,OKLO,RKLB,POET,CBRS,AEHR,SMR,ARM,FCEL,WOLF,AMPX,APLD,IREN,TSLA,INTC,AXTI,BE,NBIS,CRWD,ALAB,SITM,CRWV,MXL,VICR,FLNC,MRAM,CIEN,LITE,MTSI"
original_0714,odds,agreement_only,2026-07-14,report_close,192,0.06571634743171718,-0.07508098912152007,0.14079733655323726,-0.059591340022087325,0.04129595328114889,0.13257925072122642,0.36580887339608825,12,20,"ADBE,ST,PNR,BABA,PSIX,ORCL,ET,VST,QCOM,ENS,TEL,TSM,HPE,META,DD,BDC,VISN,ALLE,ATKR,MSFT,TMO,SMCI,DOV,NTAP,JBL,MMM,MU,DCI,DHR,IBM","LWLG,NVTS,OKLO,RKLB,POET,CBRS,AEHR,SMR,ARM,FCEL,WOLF,AMPX,APLD,IREN,TSLA,INTC,AXTI,BE,NBIS,CRWD,ALAB,SITM,CRWV,MXL,VICR,FLNC,MRAM,CIEN,LITE,MTSI"
original_0714,odds,agreement_only,2026-07-15,next_open,192,0.08422344465233991,-0.023860345263934855,0.10808378991627476,-0.06041940218808384,0.061068664311115045,0.11303521027145082,0.284797764696308,12,19,"ADBE,ST,PNR,BABA,PSIX,ORCL,ET,VST,QCOM,ENS,TEL,TSM,HPE,META,DD,BDC,VISN,ALLE,ATKR,MSFT,TMO,SMCI,DOV,NTAP,JBL,MMM,MU,DCI,DHR,IBM","LWLG,NVTS,OKLO,RKLB,POET,CBRS,AEHR,SMR,ARM,FCEL,WOLF,AMPX,APLD,IREN,TSLA,INTC,AXTI,BE,NBIS,CRWD,ALAB,SITM,CRWV,MXL,VICR,FLNC,MRAM,CIEN,LITE,MTSI"
original_0714,odds,agreement_only,2026-07-15,report_close,192,0.07364752713453404,-0.05732335778539479,0.13097088491992884,-0.06021526273459776,0.05327153194030165,0.12643425512897397,0.3399580880557741,13,19,"ADBE,ST,PNR,BABA,PSIX,ORCL,ET,VST,QCOM,ENS,TEL,TSM,HPE,META,DD,BDC,VISN,ALLE,ATKR,MSFT,TMO,SMCI,DOV,NTAP,JBL,MMM,MU,DCI,DHR,IBM","LWLG,NVTS,OKLO,RKLB,POET,CBRS,AEHR,SMR,ARM,FCEL,WOLF,AMPX,APLD,IREN,TSLA,INTC,AXTI,BE,NBIS,CRWD,ALAB,SITM,CRWV,MXL,VICR,FLNC,MRAM,CIEN,LITE,MTSI"
original_0714,odds,agreement_only,2026-07-18,next_open,192,0.0882013049302162,0.016815694799851504,0.07138561013036471,-0.06095324569403093,0.05723992972822205,0.10316917500136752,0.2052684941540298,11,20,"ADBE,ST,PNR,BABA,PSIX,ORCL,ET,VST,QCOM,ENS,TEL,TSM,HPE,META,DD,BDC,VISN,ALLE,ATKR,MSFT,TMO,SMCI,DOV,NTAP,JBL,MMM,MU,DCI,DHR,IBM","LWLG,NVTS,OKLO,RKLB,POET,CBRS,AEHR,SMR,ARM,FCEL,WOLF,AMPX,APLD,IREN,TSLA,INTC,AXTI,BE,NBIS,CRWD,ALAB,SITM,CRWV,MXL,VICR,FLNC,MRAM,CIEN,LITE,MTSI"
original_0714,odds,agreement_only,2026-07-18,report_close,192,0.09458772039769331,0.03986224185965511,0.0547254785380382,-0.06104035020295595,0.05839723591752605,0.09681920059869523,0.18238138512871988,9,20,"ADBE,ST,PNR,BABA,PSIX,ORCL,ET,VST,QCOM,ENS,TEL,TSM,HPE,META,DD,BDC,VISN,ALLE,ATKR,MSFT,TMO,SMCI,DOV,NTAP,JBL,MMM,MU,DCI,DHR,IBM","LWLG,NVTS,OKLO,RKLB,POET,CBRS,AEHR,SMR,ARM,FCEL,WOLF,AMPX,APLD,IREN,TSLA,INTC,AXTI,BE,NBIS,CRWD,ALAB,SITM,CRWV,MXL,VICR,FLNC,MRAM,CIEN,LITE,MTSI"
original_0714,odds,high_only,2026-07-14,next_open,192,0.040695085108774336,-0.09473098027417493,0.13542606538294927,-0.06662953150382078,0.01954795367375877,0.11651458466012532,0.39217847163822805,11,17,"ADBE,META,TSM,PNR,ET,TEL,ALLE,ORCL,MSFT,VST,MU,GOOGL,QCOM,ENS,PSIX,NTAP,NVDA,ST,MMM,PLAB,ATKR,AVGO,DOV,TMO,BABA,DD,HPE,BDC,SANM,CMI","LWLG,RKLB,NVTS,ARM,CBRS,ALAB,TSLA,SMR,WOLF,POET,FCEL,CRWD,APLD,AXTI,AEHR,AMPX,INTC,NBIS,OKLO,MRAM,MXL,IREN,SITM,CIEN,BE,CRWV,FLNC,VICR,BESIY,LITE"
original_0714,odds,high_only,2026-07-14,report_close,192,0.04122587714603819,-0.07815255240945002,0.1193784295554882,-0.06646640670131343,0.016805482995469898,0.10808878043554743,0.3547086509508179,11,17,"ADBE,META,TSM,PNR,ET,TEL,ALLE,ORCL,MSFT,VST,MU,GOOGL,QCOM,ENS,PSIX,NTAP,NVDA,ST,MMM,PLAB,ATKR,AVGO,DOV,TMO,BABA,DD,HPE,BDC,SANM,CMI","LWLG,RKLB,NVTS,ARM,CBRS,ALAB,TSLA,SMR,WOLF,POET,FCEL,CRWD,APLD,AXTI,AEHR,AMPX,INTC,NBIS,OKLO,MRAM,MXL,IREN,SITM,CIEN,BE,CRWV,FLNC,VICR,BESIY,LITE"
original_0714,odds,high_only,2026-07-15,next_open,192,0.05741904722312958,-0.027611170789629262,0.08503021801275884,-0.0672699205945908,0.03426426688190471,0.08623081284224048,0.2709084990369748,10,17,"ADBE,META,TSM,PNR,ET,TEL,ALLE,ORCL,MSFT,VST,MU,GOOGL,QCOM,ENS,PSIX,NTAP,NVDA,ST,MMM,PLAB,ATKR,AVGO,DOV,TMO,BABA,DD,HPE,BDC,SANM,CMI","LWLG,RKLB,NVTS,ARM,CBRS,ALAB,TSLA,SMR,WOLF,POET,FCEL,CRWD,APLD,AXTI,AEHR,AMPX,INTC,NBIS,OKLO,MRAM,MXL,IREN,SITM,CIEN,BE,CRWV,FLNC,VICR,BESIY,LITE"
original_0714,odds,high_only,2026-07-15,report_close,192,0.04535724365668591,-0.061032448804697874,0.10638969246138379,-0.06694646999459852,0.024981248462453524,0.09814397165112584,0.3241190353470961,11,16,"ADBE,META,TSM,PNR,ET,TEL,ALLE,ORCL,MSFT,VST,MU,GOOGL,QCOM,ENS,PSIX,NTAP,NVDA,ST,MMM,PLAB,ATKR,AVGO,DOV,TMO,BABA,DD,HPE,BDC,SANM,CMI","LWLG,RKLB,NVTS,ARM,CBRS,ALAB,TSLA,SMR,WOLF,POET,FCEL,CRWD,APLD,AXTI,AEHR,AMPX,INTC,NBIS,OKLO,MRAM,MXL,IREN,SITM,CIEN,BE,CRWV,FLNC,VICR,BESIY,LITE"
original_0714,odds,high_only,2026-07-18,next_open,192,0.05996077353263152,0.013180245542352375,0.04678052799027914,-0.06748933620307807,0.02899939833063736,0.07492864360378283,0.19786947616851588,10,16,"ADBE,META,TSM,PNR,ET,TEL,ALLE,ORCL,MSFT,VST,MU,GOOGL,QCOM,ENS,PSIX,NTAP,NVDA,ST,MMM,PLAB,ATKR,AVGO,DOV,TMO,BABA,DD,HPE,BDC,SANM,CMI","LWLG,RKLB,NVTS,ARM,CBRS,ALAB,TSLA,SMR,WOLF,POET,FCEL,CRWD,APLD,AXTI,AEHR,AMPX,INTC,NBIS,OKLO,MRAM,MXL,IREN,SITM,CIEN,BE,CRWV,FLNC,VICR,BESIY,LITE"
original_0714,odds,high_only,2026-07-18,report_close,192,0.06876016901417302,0.035769760856459464,0.032990408157713556,-0.06756814342012862,0.03256968453400576,0.07099164921517494,0.17577075929794103,9,18,"ADBE,META,TSM,PNR,ET,TEL,ALLE,ORCL,MSFT,VST,MU,GOOGL,QCOM,ENS,PSIX,NTAP,NVDA,ST,MMM,PLAB,ATKR,AVGO,DOV,TMO,BABA,DD,HPE,BDC,SANM,CMI","LWLG,RKLB,NVTS,ARM,CBRS,ALAB,TSLA,SMR,WOLF,POET,FCEL,CRWD,APLD,AXTI,AEHR,AMPX,INTC,NBIS,OKLO,MRAM,MXL,IREN,SITM,CIEN,BE,CRWV,FLNC,VICR,BESIY,LITE"
original_0714,odds,strength_weighted,2026-07-14,next_open,192,0.06581055135000528,-0.09473098027417493,0.16054153162418022,-0.058890895422152645,0.04466341991498972,0.14163005090135627,0.40557944280172536,13,19,"ADBE,ST,PSIX,ET,QCOM,VST,ORCL,PNR,TEL,BDC,BABA,ENS,META,TSM,VISN,MU,HPE,ATKR,ALLE,MMM,DD,MSFT,TMO,NTAP,DOV,SMCI,AVGO,NVDA,HTHIY,GOOGL","LWLG,NVTS,RKLB,CBRS,POET,SMR,ARM,AEHR,FCEL,OKLO,TSLA,AMPX,WOLF,ALAB,APLD,AXTI,IREN,CRWD,NBIS,INTC,BE,SITM,VICR,MXL,CRWV,MRAM,FLNC,CIEN,BESIY,LITE"
original_0714,odds,strength_weighted,2026-07-14,report_close,192,0.06617524054627545,-0.07815255240945002,0.14432779295572545,-0.05864031268042691,0.04175484639570716,0.1330381438357847,0.3669194042807151,13,19,"ADBE,ST,PSIX,ET,QCOM,VST,ORCL,PNR,TEL,BDC,BABA,ENS,META,TSM,VISN,MU,HPE,ATKR,ALLE,MMM,DD,MSFT,TMO,NTAP,DOV,SMCI,AVGO,NVDA,HTHIY,GOOGL","LWLG,NVTS,RKLB,CBRS,POET,SMR,ARM,AEHR,FCEL,OKLO,TSLA,AMPX,WOLF,ALAB,APLD,AXTI,IREN,CRWD,NBIS,INTC,BE,SITM,VICR,MXL,CRWV,MRAM,FLNC,CIEN,BESIY,LITE"
original_0714,odds,strength_weighted,2026-07-15,next_open,192,0.08199890825078944,-0.027611170789629262,0.1096100790404187,-0.05935921015157575,0.05884412790956457,0.11081067386990034,0.2838635623796219,12,18,"ADBE,ST,PSIX,ET,QCOM,VST,ORCL,PNR,TEL,BDC,BABA,ENS,META,TSM,VISN,MU,HPE,ATKR,ALLE,MMM,DD,MSFT,TMO,NTAP,DOV,SMCI,AVGO,NVDA,HTHIY,GOOGL","LWLG,NVTS,RKLB,CBRS,POET,SMR,ARM,AEHR,FCEL,OKLO,TSLA,AMPX,WOLF,ALAB,APLD,AXTI,IREN,CRWD,NBIS,INTC,BE,SITM,VICR,MXL,CRWV,MRAM,FLNC,CIEN,BESIY,LITE"
original_0714,odds,strength_weighted,2026-07-15,report_close,192,0.07169607207532401,-0.06103244880469786,0.13272852088002188,-0.05917622299135428,0.05132007688109162,0.12448280006976394,0.33919004150503224,13,18,"ADBE,ST,PSIX,ET,QCOM,VST,ORCL,PNR,TEL,BDC,BABA,ENS,META,TSM,VISN,MU,HPE,ATKR,ALLE,MMM,DD,MSFT,TMO,NTAP,DOV,SMCI,AVGO,NVDA,HTHIY,GOOGL","LWLG,NVTS,RKLB,CBRS,POET,SMR,ARM,AEHR,FCEL,OKLO,TSLA,AMPX,WOLF,ALAB,APLD,AXTI,IREN,CRWD,NBIS,INTC,BE,SITM,VICR,MXL,CRWV,MRAM,FLNC,CIEN,BESIY,LITE"
original_0714,odds,strength_weighted,2026-07-18,next_open,192,0.08939041844543257,0.013180245542352375,0.07621017290308019,-0.05969779948245324,0.05842904324343841,0.10435828851658388,0.20351199034262,12,18,"ADBE,ST,PSIX,ET,QCOM,VST,ORCL,PNR,TEL,BDC,BABA,ENS,META,TSM,VISN,MU,HPE,ATKR,ALLE,MMM,DD,MSFT,TMO,NTAP,DOV,SMCI,AVGO,NVDA,HTHIY,GOOGL","LWLG,NVTS,RKLB,CBRS,POET,SMR,ARM,AEHR,FCEL,OKLO,TSLA,AMPX,WOLF,ALAB,APLD,AXTI,IREN,CRWD,NBIS,INTC,BE,SITM,VICR,MXL,CRWV,MRAM,FLNC,CIEN,BESIY,LITE"
original_0714,odds,strength_weighted,2026-07-18,report_close,192,0.09766318780695211,0.03576976085645946,0.06189342695049266,-0.05972793114071051,0.06147270332678485,0.09989466800795403,0.18233391205273583,11,18,"ADBE,ST,PSIX,ET,QCOM,VST,ORCL,PNR,TEL,BDC,BABA,ENS,META,TSM,VISN,MU,HPE,ATKR,ALLE,MMM,DD,MSFT,TMO,NTAP,DOV,SMCI,AVGO,NVDA,HTHIY,GOOGL","LWLG,NVTS,RKLB,CBRS,POET,SMR,ARM,AEHR,FCEL,OKLO,TSLA,AMPX,WOLF,ALAB,APLD,AXTI,IREN,CRWD,NBIS,INTC,BE,SITM,VICR,MXL,CRWV,MRAM,FLNC,CIEN,BESIY,LITE"
original_0714,defense,both,2026-07-14,next_open,192,0.008799587463861391,-0.08876467174947573,0.09756425921333713,-0.04534593379794705,-0.012347543971154173,0.08461908701521237,0.3135444076716491,7,15,"LIN,HOCPY,MSFT,DOV,DHR,PNR,SHECY,ADBE,DCI,QCOM,GOOGL,MIELY,TDY,MSI,TEL,NTAP,META,AJNMY,ALLE,HTHIY,ABBNY,DKILY,FTV,TT,ECL,TMO,ASML,NVDA,DTE,PH","APLD,LWLG,OKLO,WOLF,FCEL,IREN,TE,CRWV,NVTS,POET,AMPX,RKLB,NBIS,SMR,FLNC,AAOI,CBRS,AEHR,CC,BE,MXL,AXTI,AOSL,MRAM,INTC,SMCI,COHR,TSLA,PSIX,ICHR"
original_0714,defense,both,2026-07-14,report_close,192,0.0016768942913800082,-0.0721853678845115,0.07386226217589151,-0.04487052826339144,-0.022743499859188283,0.06853979758088924,0.2687942516886852,7,12,"LIN,HOCPY,MSFT,DOV,DHR,PNR,SHECY,ADBE,DCI,QCOM,GOOGL,MIELY,TDY,MSI,TEL,NTAP,META,AJNMY,ALLE,HTHIY,ABBNY,DKILY,FTV,TT,ECL,TMO,ASML,NVDA,DTE,PH","APLD,LWLG,OKLO,WOLF,FCEL,IREN,TE,CRWV,NVTS,POET,AMPX,RKLB,NBIS,SMR,FLNC,AAOI,CBRS,AEHR,CC,BE,MXL,AXTI,AOSL,MRAM,INTC,SMCI,COHR,TSLA,PSIX,ICHR"
original_0714,defense,both,2026-07-15,next_open,192,0.017018548762340734,-0.023144543631939282,0.040163092394280016,-0.04570300581483455,-0.006136231578884134,0.04583031438145163,0.18953795133331527,7,15,"LIN,HOCPY,MSFT,DOV,DHR,PNR,SHECY,ADBE,DCI,QCOM,GOOGL,MIELY,TDY,MSI,TEL,NTAP,META,AJNMY,ALLE,HTHIY,ABBNY,DKILY,FTV,TT,ECL,TMO,ASML,NVDA,DTE,PH","APLD,LWLG,OKLO,WOLF,FCEL,IREN,TE,CRWV,NVTS,POET,AMPX,RKLB,NBIS,SMR,FLNC,AAOI,CBRS,AEHR,CC,BE,MXL,AXTI,AOSL,MRAM,INTC,SMCI,COHR,TSLA,PSIX,ICHR"
original_0714,defense,both,2026-07-15,report_close,192,0.008927704152811149,-0.056511033269111,0.06543873742192215,-0.045418910785260835,-0.011448291041421239,0.06171443214725107,0.2373043431082658,7,14,"LIN,HOCPY,MSFT,DOV,DHR,PNR,SHECY,ADBE,DCI,QCOM,GOOGL,MIELY,TDY,MSI,TEL,NTAP,META,AJNMY,ALLE,HTHIY,ABBNY,DKILY,FTV,TT,ECL,TMO,ASML,NVDA,DTE,PH","APLD,LWLG,OKLO,WOLF,FCEL,IREN,TE,CRWV,NVTS,POET,AMPX,RKLB,NBIS,SMR,FLNC,AAOI,CBRS,AEHR,CC,BE,MXL,AXTI,AOSL,MRAM,INTC,SMCI,COHR,TSLA,PSIX,ICHR"
original_0714,defense,both,2026-07-18,next_open,192,0.014810562898094055,0.023830421402343798,-0.009019858504249743,-0.0457999098500117,-0.0161508123039001,0.029778432969245365,0.09313878414670537,6,14,"LIN,HOCPY,MSFT,DOV,DHR,PNR,SHECY,ADBE,DCI,QCOM,GOOGL,MIELY,TDY,MSI,TEL,NTAP,META,AJNMY,ALLE,HTHIY,ABBNY,DKILY,FTV,TT,ECL,TMO,ASML,NVDA,DTE,PH","APLD,LWLG,OKLO,WOLF,FCEL,IREN,TE,CRWV,NVTS,POET,AMPX,RKLB,NBIS,SMR,FLNC,AAOI,CBRS,AEHR,CC,BE,MXL,AXTI,AOSL,MRAM,INTC,SMCI,COHR,TSLA,PSIX,ICHR"
original_0714,defense,both,2026-07-18,report_close,192,0.01846955050747096,0.04641071627794289,-0.02794116577047193,-0.04586766304243117,-0.017720933972696303,0.02070103070847288,0.06461594281528905,5,15,"LIN,HOCPY,MSFT,DOV,DHR,PNR,SHECY,ADBE,DCI,QCOM,GOOGL,MIELY,TDY,MSI,TEL,NTAP,META,AJNMY,ALLE,HTHIY,ABBNY,DKILY,FTV,TT,ECL,TMO,ASML,NVDA,DTE,PH","APLD,LWLG,OKLO,WOLF,FCEL,IREN,TE,CRWV,NVTS,POET,AMPX,RKLB,NBIS,SMR,FLNC,AAOI,CBRS,AEHR,CC,BE,MXL,AXTI,AOSL,MRAM,INTC,SMCI,COHR,TSLA,PSIX,ICHR"
original_0714,defense,self_only,2026-07-14,next_open,192,-0.011928999242860495,-0.10038303065947227,0.08845403141661178,-0.048578674695513246,-0.033076130677876056,0.06389050030849049,0.32321704690339914,4,13,"HOCPY,LIN,MSFT,DOV,DHR,PNR,SHECY,DCI,QCOM,ADBE,MIELY,NTAP,GOOGL,AJNMY,TDY,MSI,TEL,PWR,DTE,DKILY,META,ABBNY,TT,DSCSY,FTV,APD,HTHIY,ASML,ECL,TSM","APLD,OKLO,LWLG,TE,IREN,FCEL,WOLF,CRWV,AAOI,MXL,POET,NVTS,AMPX,AEHR,FLNC,CC,RKLB,NBIS,BE,SMR,CBRS,AOSL,PSIX,ENPH,INTC,COHR,AAON,MRAM,BDC,SITM"
original_0714,defense,self_only,2026-07-14,report_close,192,-0.01828939409675675,-0.08318054054449808,0.06489114644774133,-0.056079137420158465,-0.04270978824732504,0.04857350919275249,0.2792535876081709,4,11,"HOCPY,LIN,MSFT,DOV,DHR,PNR,SHECY,DCI,QCOM,ADBE,MIELY,NTAP,GOOGL,AJNMY,TDY,MSI,TEL,PWR,DTE,DKILY,META,ABBNY,TT,DSCSY,FTV,APD,HTHIY,ASML,ECL,TSM","APLD,OKLO,LWLG,TE,IREN,FCEL,WOLF,CRWV,AAOI,MXL,POET,NVTS,AMPX,AEHR,FLNC,CC,RKLB,NBIS,BE,SMR,CBRS,AOSL,PSIX,ENPH,INTC,COHR,AAON,MRAM,BDC,SITM"
original_0714,defense,self_only,2026-07-15,next_open,192,0.0006561803574893813,-0.03678163421553191,0.0374378145730213,-0.048753373122599086,-0.022498599983735487,0.029467945976600282,0.20789307706914795,5,13,"HOCPY,LIN,MSFT,DOV,DHR,PNR,SHECY,DCI,QCOM,ADBE,MIELY,NTAP,GOOGL,AJNMY,TDY,MSI,TEL,PWR,DTE,DKILY,META,ABBNY,TT,DSCSY,FTV,APD,HTHIY,ASML,ECL,TSM","APLD,OKLO,LWLG,TE,IREN,FCEL,WOLF,CRWV,AAOI,MXL,POET,NVTS,AMPX,AEHR,FLNC,CC,RKLB,NBIS,BE,SMR,CBRS,AOSL,PSIX,ENPH,INTC,COHR,AAON,MRAM,BDC,SITM"
original_0714,defense,self_only,2026-07-15,report_close,192,-0.009951376759997554,-0.06972793519202411,0.059776558432026554,-0.048412503367348036,-0.030327371954229944,0.04283535123444237,0.25126990478257333,5,12,"HOCPY,LIN,MSFT,DOV,DHR,PNR,SHECY,DCI,QCOM,ADBE,MIELY,NTAP,GOOGL,AJNMY,TDY,MSI,TEL,PWR,DTE,DKILY,META,ABBNY,TT,DSCSY,FTV,APD,HTHIY,ASML,ECL,TSM","APLD,OKLO,LWLG,TE,IREN,FCEL,WOLF,CRWV,AAOI,MXL,POET,NVTS,AMPX,AEHR,FLNC,CC,RKLB,NBIS,BE,SMR,CBRS,AOSL,PSIX,ENPH,INTC,COHR,AAON,MRAM,BDC,SITM"
original_0714,defense,self_only,2026-07-18,next_open,192,-0.0016491078666433956,0.001375816033808197,-0.0030249239004515927,-0.048937627944033335,-0.03261048306863755,0.013318762204507914,0.10932201665626781,4,12,"HOCPY,LIN,MSFT,DOV,DHR,PNR,SHECY,DCI,QCOM,ADBE,MIELY,NTAP,GOOGL,AJNMY,TDY,MSI,TEL,PWR,DTE,DKILY,META,ABBNY,TT,DSCSY,FTV,APD,HTHIY,ASML,ECL,TSM","APLD,OKLO,LWLG,TE,IREN,FCEL,WOLF,CRWV,AAOI,MXL,POET,NVTS,AMPX,AEHR,FLNC,CC,RKLB,NBIS,BE,SMR,CBRS,AOSL,PSIX,ENPH,INTC,COHR,AAON,MRAM,BDC,SITM"
original_0714,defense,self_only,2026-07-18,report_close,192,0.002799732964761955,0.023275158302305272,-0.020475425337543318,-0.04904028059353083,-0.033390751515405305,0.0050312131657638745,0.0832219976670374,2,13,"HOCPY,LIN,MSFT,DOV,DHR,PNR,SHECY,DCI,QCOM,ADBE,MIELY,NTAP,GOOGL,AJNMY,TDY,MSI,TEL,PWR,DTE,DKILY,META,ABBNY,TT,DSCSY,FTV,APD,HTHIY,ASML,ECL,TSM","APLD,OKLO,LWLG,TE,IREN,FCEL,WOLF,CRWV,AAOI,MXL,POET,NVTS,AMPX,AEHR,FLNC,CC,RKLB,NBIS,BE,SMR,CBRS,AOSL,PSIX,ENPH,INTC,COHR,AAON,MRAM,BDC,SITM"
original_0714,defense,other_only,2026-07-14,next_open,192,0.01073044379067393,-0.09525309069445546,0.1059835344851294,-0.05004033080264958,-0.010416687644341635,0.08654994334202491,0.29996202153921286,7,15,"MSFT,ADBE,LIN,GOOGL,ALLE,META,DOV,DHR,MSI,PNR,TMO,TEL,TDY,HTHIY,SHECY,NVDA,HOCPY,NTAP,QCOM,DCI,ECL,MIELY,ABBNY,PH,FTV,CSCO,TT,AJNMY,ETN,DKILY","WOLF,NVTS,LWLG,FCEL,CRWV,SMR,APLD,POET,RKLB,IREN,CBRS,NBIS,AMPX,TE,OKLO,FLNC,AXTI,AEHR,AAOI,CC,BE,SMCI,MXL,MRAM,INTC,AOSL,ICHR,TSLA,SOMMY,ACMR"
original_0714,defense,other_only,2026-07-14,report_close,192,0.0031408848326297902,-0.07833484532561132,0.08147573015824111,-0.0493313711952571,-0.0212795093179385,0.07000378812213903,0.2558985296910181,7,12,"MSFT,ADBE,LIN,GOOGL,ALLE,META,DOV,DHR,MSI,PNR,TMO,TEL,TDY,HTHIY,SHECY,NVDA,HOCPY,NTAP,QCOM,DCI,ECL,MIELY,ABBNY,PH,FTV,CSCO,TT,AJNMY,ETN,DKILY","WOLF,NVTS,LWLG,FCEL,CRWV,SMR,APLD,POET,RKLB,IREN,CBRS,NBIS,AMPX,TE,OKLO,FLNC,AXTI,AEHR,AAOI,CC,BE,SMCI,MXL,MRAM,INTC,AOSL,ICHR,TSLA,SOMMY,ACMR"
original_0714,defense,other_only,2026-07-15,next_open,192,0.02148760479275311,-0.02931466566148793,0.050802270454241044,-0.050134911759026624,-0.0016671755484717575,0.05029937041186401,0.17053346173670078,7,16,"MSFT,ADBE,LIN,GOOGL,ALLE,META,DOV,DHR,MSI,PNR,TMO,TEL,TDY,HTHIY,SHECY,NVDA,HOCPY,NTAP,QCOM,DCI,ECL,MIELY,ABBNY,PH,FTV,CSCO,TT,AJNMY,ETN,DKILY","WOLF,NVTS,LWLG,FCEL,CRWV,SMR,APLD,POET,RKLB,IREN,CBRS,NBIS,AMPX,TE,OKLO,FLNC,AXTI,AEHR,AAOI,CC,BE,SMCI,MXL,MRAM,INTC,AOSL,ICHR,TSLA,SOMMY,ACMR"
original_0714,defense,other_only,2026-07-15,report_close,192,0.012348983342270303,-0.061659360803301144,0.07400834414557145,-0.04991144203500031,-0.008027011851962085,0.06513571133671023,0.22194341209342705,7,14,"MSFT,ADBE,LIN,GOOGL,ALLE,META,DOV,DHR,MSI,PNR,TMO,TEL,TDY,HTHIY,SHECY,NVDA,HOCPY,NTAP,QCOM,DCI,ECL,MIELY,ABBNY,PH,FTV,CSCO,TT,AJNMY,ETN,DKILY","WOLF,NVTS,LWLG,FCEL,CRWV,SMR,APLD,POET,RKLB,IREN,CBRS,NBIS,AMPX,TE,OKLO,FLNC,AXTI,AEHR,AAOI,CC,BE,SMCI,MXL,MRAM,INTC,AOSL,ICHR,TSLA,SOMMY,ACMR"
original_0714,defense,other_only,2026-07-18,next_open,192,0.018113795023884285,0.014782284542255235,0.00333151048162905,-0.05009810372061041,-0.012847580178109871,0.033081665095035594,0.08103314977077287,6,15,"MSFT,ADBE,LIN,GOOGL,ALLE,META,DOV,DHR,MSI,PNR,TMO,TEL,TDY,HTHIY,SHECY,NVDA,HOCPY,NTAP,QCOM,DCI,ECL,MIELY,ABBNY,PH,FTV,CSCO,TT,AJNMY,ETN,DKILY","WOLF,NVTS,LWLG,FCEL,CRWV,SMR,APLD,POET,RKLB,IREN,CBRS,NBIS,AMPX,TE,OKLO,FLNC,AXTI,AEHR,AAOI,CC,BE,SMCI,MXL,MRAM,INTC,AOSL,ICHR,TSLA,SOMMY,ACMR"
original_0714,defense,other_only,2026-07-18,report_close,192,0.021948296040228722,0.03710490184511765,-0.01515660580488893,-0.05022371527121794,-0.01424218843993854,0.024179776241230643,0.05046557523804357,5,16,"MSFT,ADBE,LIN,GOOGL,ALLE,META,DOV,DHR,MSI,PNR,TMO,TEL,TDY,HTHIY,SHECY,NVDA,HOCPY,NTAP,QCOM,DCI,ECL,MIELY,ABBNY,PH,FTV,CSCO,TT,AJNMY,ETN,DKILY","WOLF,NVTS,LWLG,FCEL,CRWV,SMR,APLD,POET,RKLB,IREN,CBRS,NBIS,AMPX,TE,OKLO,FLNC,AXTI,AEHR,AAOI,CC,BE,SMCI,MXL,MRAM,INTC,AOSL,ICHR,TSLA,SOMMY,ACMR"
original_0714,defense,agreement_only,2026-07-14,next_open,192,0.005338010075373486,-0.08876467174947573,0.09410268182484922,-0.04903926207645248,-0.01580912135964208,0.08115750962672447,0.30359710278599145,6,14,"LIN,HOCPY,DHR,DOV,MSFT,PNR,SHECY,DCI,QCOM,ADBE,GOOGL,NTAP,MIELY,MSI,META,TDY,ECL,ALLE,AJNMY,ABBNY,FTV,DKILY,TEL,HTHIY,ASML,TT,PH,ETN,DTE,TMO","APLD,LWLG,FCEL,WOLF,OKLO,CRWV,TE,IREN,NVTS,POET,AMPX,RKLB,AAOI,SMR,CBRS,NBIS,FLNC,AEHR,BE,CC,MXL,AXTI,SMCI,AOSL,MRAM,INTC,TSLA,COHR,PSIX,ICHR"
original_0714,defense,agreement_only,2026-07-14,report_close,192,-0.0015376379402403662,-0.07218536788451149,0.07064772994427113,-0.04855654295934453,-0.025958032090808658,0.06532526534926887,0.2597777581857147,6,11,"LIN,HOCPY,DHR,DOV,MSFT,PNR,SHECY,DCI,QCOM,ADBE,GOOGL,NTAP,MIELY,MSI,META,TDY,ECL,ALLE,AJNMY,ABBNY,FTV,DKILY,TEL,HTHIY,ASML,TT,PH,ETN,DTE,TMO","APLD,LWLG,FCEL,WOLF,OKLO,CRWV,TE,IREN,NVTS,POET,AMPX,RKLB,AAOI,SMR,CBRS,NBIS,FLNC,AEHR,BE,CC,MXL,AXTI,SMCI,AOSL,MRAM,INTC,TSLA,COHR,PSIX,ICHR"
original_0714,defense,agreement_only,2026-07-15,next_open,192,0.014651878017441222,-0.023144543631939282,0.037796421649380504,-0.04949137907280987,-0.008502902323783645,0.04346364363655213,0.17961946938664788,7,15,"LIN,HOCPY,DHR,DOV,MSFT,PNR,SHECY,DCI,QCOM,ADBE,GOOGL,NTAP,MIELY,MSI,META,TDY,ECL,ALLE,AJNMY,ABBNY,FTV,DKILY,TEL,HTHIY,ASML,TT,PH,ETN,DTE,TMO","APLD,LWLG,FCEL,WOLF,OKLO,CRWV,TE,IREN,NVTS,POET,AMPX,RKLB,AAOI,SMR,CBRS,NBIS,FLNC,AEHR,BE,CC,MXL,AXTI,SMCI,AOSL,MRAM,INTC,TSLA,COHR,PSIX,ICHR"
original_0714,defense,agreement_only,2026-07-15,report_close,192,0.006045468389096069,-0.056511033269111,0.06255650165820707,-0.04918356848651728,-0.014330526805136318,0.05883219638353599,0.22719427339066275,7,13,"LIN,HOCPY,DHR,DOV,MSFT,PNR,SHECY,DCI,QCOM,ADBE,GOOGL,NTAP,MIELY,MSI,META,TDY,ECL,ALLE,AJNMY,ABBNY,FTV,DKILY,TEL,HTHIY,ASML,TT,PH,ETN,DTE,TMO","APLD,LWLG,FCEL,WOLF,OKLO,CRWV,TE,IREN,NVTS,POET,AMPX,RKLB,AAOI,SMR,CBRS,NBIS,FLNC,AEHR,BE,CC,MXL,AXTI,SMCI,AOSL,MRAM,INTC,TSLA,COHR,PSIX,ICHR"
original_0714,defense,agreement_only,2026-07-18,next_open,192,0.011143396112830368,0.02383042140234379,-0.012687025289513423,-0.04943907594340802,-0.019817979089163787,0.026111266183981678,0.08339663076797875,6,14,"LIN,HOCPY,DHR,DOV,MSFT,PNR,SHECY,DCI,QCOM,ADBE,GOOGL,NTAP,MIELY,MSI,META,TDY,ECL,ALLE,AJNMY,ABBNY,FTV,DKILY,TEL,HTHIY,ASML,TT,PH,ETN,DTE,TMO","APLD,LWLG,FCEL,WOLF,OKLO,CRWV,TE,IREN,NVTS,POET,AMPX,RKLB,AAOI,SMR,CBRS,NBIS,FLNC,AEHR,BE,CC,MXL,AXTI,SMCI,AOSL,MRAM,INTC,TSLA,COHR,PSIX,ICHR"
original_0714,defense,agreement_only,2026-07-18,report_close,192,0.014930766379834749,0.04641071627794288,-0.03147994989810814,-0.04956739739545135,-0.021259718100332513,0.01716224658083667,0.054705938203618805,4,15,"LIN,HOCPY,DHR,DOV,MSFT,PNR,SHECY,DCI,QCOM,ADBE,GOOGL,NTAP,MIELY,MSI,META,TDY,ECL,ALLE,AJNMY,ABBNY,FTV,DKILY,TEL,HTHIY,ASML,TT,PH,ETN,DTE,TMO","APLD,LWLG,FCEL,WOLF,OKLO,CRWV,TE,IREN,NVTS,POET,AMPX,RKLB,AAOI,SMR,CBRS,NBIS,FLNC,AEHR,BE,CC,MXL,AXTI,SMCI,AOSL,MRAM,INTC,TSLA,COHR,PSIX,ICHR"
original_0714,defense,high_only,2026-07-14,next_open,192,0.011550407095818553,-0.09165862157748127,0.10320902867329981,-0.05415970868670017,-0.009596724339197012,0.08736990664716954,0.30222716545045175,6,15,"MSFT,LIN,SHECY,ADBE,GOOGL,DOV,META,DHR,ECL,MSI,TMO,TDY,NTAP,ALLE,ABBNY,TEL,PNR,DCI,HOCPY,FTV,HTHIY,PH,MIELY,DTE,ETN,ASML,EME,ADI,KEYS,TSM","OKLO,APLD,FCEL,WOLF,SMR,CRWV,IREN,RKLB,NVTS,TE,POET,CBRS,NBIS,MXL,AEHR,AAOI,LWLG,AMPX,FLNC,SMCI,MRAM,AXTI,BE,INTC,CC,AOSL,PSIX,ALAB,AAON,ACMR"
original_0714,defense,high_only,2026-07-14,report_close,192,0.006705902570957641,-0.07486635515108905,0.0815722577220467,-0.05377638489810821,-0.01771449157961065,0.07356880586046688,0.2599998643626401,6,13,"MSFT,LIN,SHECY,ADBE,GOOGL,DOV,META,DHR,ECL,MSI,TMO,TDY,NTAP,ALLE,ABBNY,TEL,PNR,DCI,HOCPY,FTV,HTHIY,PH,MIELY,DTE,ETN,ASML,EME,ADI,KEYS,TSM","OKLO,APLD,FCEL,WOLF,SMR,CRWV,IREN,RKLB,NVTS,TE,POET,CBRS,NBIS,MXL,AEHR,AAOI,LWLG,AMPX,FLNC,SMCI,MRAM,AXTI,BE,INTC,CC,AOSL,PSIX,ALAB,AAON,ACMR"
original_0714,defense,high_only,2026-07-15,next_open,192,0.022586172627003236,-0.024316890515087463,0.046903063142090695,-0.05474419680626652,-0.000568607714221632,0.05139793824611413,0.17795452079320728,7,17,"MSFT,LIN,SHECY,ADBE,GOOGL,DOV,META,DHR,ECL,MSI,TMO,TDY,NTAP,ALLE,ABBNY,TEL,PNR,DCI,HOCPY,FTV,HTHIY,PH,MIELY,DTE,ETN,ASML,EME,ADI,KEYS,TSM","OKLO,APLD,FCEL,WOLF,SMR,CRWV,IREN,RKLB,NVTS,TE,POET,CBRS,NBIS,MXL,AEHR,AAOI,LWLG,AMPX,FLNC,SMCI,MRAM,AXTI,BE,INTC,CC,AOSL,PSIX,ALAB,AAON,ACMR"
original_0714,defense,high_only,2026-07-15,report_close,192,0.013781658215363098,-0.05806427966293855,0.07184593787830165,-0.054377564847848836,-0.00659433697886929,0.06656838620980302,0.22923052925697857,7,15,"MSFT,LIN,SHECY,ADBE,GOOGL,DOV,META,DHR,ECL,MSI,TMO,TDY,NTAP,ALLE,ABBNY,TEL,PNR,DCI,HOCPY,FTV,HTHIY,PH,MIELY,DTE,ETN,ASML,EME,ADI,KEYS,TSM","OKLO,APLD,FCEL,WOLF,SMR,CRWV,IREN,RKLB,NVTS,TE,POET,CBRS,NBIS,MXL,AEHR,AAOI,LWLG,AMPX,FLNC,SMCI,MRAM,AXTI,BE,INTC,CC,AOSL,PSIX,ALAB,AAON,ACMR"
original_0714,defense,high_only,2026-07-18,next_open,192,0.01862605950297194,0.02467810384145736,-0.00605204433848542,-0.05464215889254864,-0.012335315699022218,0.03359392957412325,0.07715222580907687,6,15,"MSFT,LIN,SHECY,ADBE,GOOGL,DOV,META,DHR,ECL,MSI,TMO,TDY,NTAP,ALLE,ABBNY,TEL,PNR,DCI,HOCPY,FTV,HTHIY,PH,MIELY,DTE,ETN,ASML,EME,ADI,KEYS,TSM","OKLO,APLD,FCEL,WOLF,SMR,CRWV,IREN,RKLB,NVTS,TE,POET,CBRS,NBIS,MXL,AEHR,AAOI,LWLG,AMPX,FLNC,SMCI,MRAM,AXTI,BE,INTC,CC,AOSL,PSIX,ALAB,AAON,ACMR"
original_0714,defense,high_only,2026-07-18,report_close,192,0.02351532471320805,0.04632662107057723,-0.02281129635736918,-0.05484298316535685,-0.012675159766959213,0.02574680491420997,0.04816991292081492,4,17,"MSFT,LIN,SHECY,ADBE,GOOGL,DOV,META,DHR,ECL,MSI,TMO,TDY,NTAP,ALLE,ABBNY,TEL,PNR,DCI,HOCPY,FTV,HTHIY,PH,MIELY,DTE,ETN,ASML,EME,ADI,KEYS,TSM","OKLO,APLD,FCEL,WOLF,SMR,CRWV,IREN,RKLB,NVTS,TE,POET,CBRS,NBIS,MXL,AEHR,AAOI,LWLG,AMPX,FLNC,SMCI,MRAM,AXTI,BE,INTC,CC,AOSL,PSIX,ALAB,AAON,ACMR"
original_0714,defense,strength_weighted,2026-07-14,next_open,192,0.005338010075373486,-0.08876467174947573,0.09410268182484922,-0.04903926207645248,-0.01580912135964208,0.08115750962672447,0.31334095163171743,6,14,"LIN,MSFT,HOCPY,DHR,ADBE,SHECY,DOV,PNR,GOOGL,META,DCI,QCOM,MSI,TDY,MIELY,TEL,NTAP,ALLE,ABBNY,TMO,HTHIY,ECL,FTV,AJNMY,DKILY,ASML,TT,PH,DTE,ETN","APLD,LWLG,OKLO,WOLF,FCEL,CRWV,IREN,POET,NVTS,CBRS,SMR,TE,AMPX,NBIS,RKLB,AAOI,AEHR,FLNC,MXL,BE,CC,AXTI,AOSL,MRAM,SMCI,INTC,COHR,TSLA,ICHR,PSIX"
original_0714,defense,strength_weighted,2026-07-14,report_close,192,-0.0015376379402403662,-0.0721853678845115,0.07064772994427114,-0.04855654295934453,-0.025958032090808658,0.06532526534926887,0.2685551908417655,6,11,"LIN,MSFT,HOCPY,DHR,ADBE,SHECY,DOV,PNR,GOOGL,META,DCI,QCOM,MSI,TDY,MIELY,TEL,NTAP,ALLE,ABBNY,TMO,HTHIY,ECL,FTV,AJNMY,DKILY,ASML,TT,PH,DTE,ETN","APLD,LWLG,OKLO,WOLF,FCEL,CRWV,IREN,POET,NVTS,CBRS,SMR,TE,AMPX,NBIS,RKLB,AAOI,AEHR,FLNC,MXL,BE,CC,AXTI,AOSL,MRAM,SMCI,INTC,COHR,TSLA,ICHR,PSIX"
original_0714,defense,strength_weighted,2026-07-15,next_open,192,0.014651878017441222,-0.023144543631939282,0.037796421649380504,-0.04949137907280987,-0.008502902323783645,0.04346364363655213,0.1882748284187397,7,15,"LIN,MSFT,HOCPY,DHR,ADBE,SHECY,DOV,PNR,GOOGL,META,DCI,QCOM,MSI,TDY,MIELY,TEL,NTAP,ALLE,ABBNY,TMO,HTHIY,ECL,FTV,AJNMY,DKILY,ASML,TT,PH,DTE,ETN","APLD,LWLG,OKLO,WOLF,FCEL,CRWV,IREN,POET,NVTS,CBRS,SMR,TE,AMPX,NBIS,RKLB,AAOI,AEHR,FLNC,MXL,BE,CC,AXTI,AOSL,MRAM,SMCI,INTC,COHR,TSLA,ICHR,PSIX"
original_0714,defense,strength_weighted,2026-07-15,report_close,192,0.006045468389096069,-0.056511033269111,0.06255650165820707,-0.04918356848651717,-0.014330526805136318,0.05883219638353599,0.23691608116539623,7,13,"LIN,MSFT,HOCPY,DHR,ADBE,SHECY,DOV,PNR,GOOGL,META,DCI,QCOM,MSI,TDY,MIELY,TEL,NTAP,ALLE,ABBNY,TMO,HTHIY,ECL,FTV,AJNMY,DKILY,ASML,TT,PH,DTE,ETN","APLD,LWLG,OKLO,WOLF,FCEL,CRWV,IREN,POET,NVTS,CBRS,SMR,TE,AMPX,NBIS,RKLB,AAOI,AEHR,FLNC,MXL,BE,CC,AXTI,AOSL,MRAM,SMCI,INTC,COHR,TSLA,ICHR,PSIX"
original_0714,defense,strength_weighted,2026-07-18,next_open,192,0.011143396112830368,0.023830421402343798,-0.01268702528951343,-0.04943907594340802,-0.019817979089163787,0.026111266183981678,0.08989366030979574,6,14,"LIN,MSFT,HOCPY,DHR,ADBE,SHECY,DOV,PNR,GOOGL,META,DCI,QCOM,MSI,TDY,MIELY,TEL,NTAP,ALLE,ABBNY,TMO,HTHIY,ECL,FTV,AJNMY,DKILY,ASML,TT,PH,DTE,ETN","APLD,LWLG,OKLO,WOLF,FCEL,CRWV,IREN,POET,NVTS,CBRS,SMR,TE,AMPX,NBIS,RKLB,AAOI,AEHR,FLNC,MXL,BE,CC,AXTI,AOSL,MRAM,SMCI,INTC,COHR,TSLA,ICHR,PSIX"
original_0714,defense,strength_weighted,2026-07-18,report_close,192,0.014930766379834749,0.04641071627794289,-0.03147994989810814,-0.04956739739545157,-0.021259718100332513,0.01716224658083667,0.06132334590239536,4,15,"LIN,MSFT,HOCPY,DHR,ADBE,SHECY,DOV,PNR,GOOGL,META,DCI,QCOM,MSI,TDY,MIELY,TEL,NTAP,ALLE,ABBNY,TMO,HTHIY,ECL,FTV,AJNMY,DKILY,ASML,TT,PH,DTE,ETN","APLD,LWLG,OKLO,WOLF,FCEL,CRWV,IREN,POET,NVTS,CBRS,SMR,TE,AMPX,NBIS,RKLB,AAOI,AEHR,FLNC,MXL,BE,CC,AXTI,AOSL,MRAM,SMCI,INTC,COHR,TSLA,ICHR,PSIX"
original_0714,explosion,both,2026-07-14,next_open,192,-0.07226283652058013,0.0015745897307862134,-0.07383742625136634,-0.23837235791163092,-0.0934099679555957,0.0035566630307708458,-0.13440305997884058,4,11,"AAOI,AMD,NBIS,MU,CRWV,CRDO,SKHY,ALAB,VICR,GEV,LITE,BE,SNDK,IREN,MOD,MRVL,TSEM,VRT,CBRS,APLD,COHR,AVGO,TER,AAON,CLS,SITM,PWR,BESIY,TSM,POWL","PNR,APD,DTE,MMM,FTV,LIN,SOMMY,ALLE,DD,TMO,IBM,DCI,AEP,ROG,DHR,NTAP,LWLG,ASGLY,ATKR,BDC,DKILY,PLAB,ET,TXN,ETR,DOV,CC,NDSN,ECL,PH"
original_0714,explosion,both,2026-07-14,report_close,192,-0.06804433426352725,-0.002673937565763836,-0.06537039669776341,-0.23386775482846767,-0.09246472841409555,-0.0011814309740180162,-0.10480190163578659,4,10,"AAOI,AMD,NBIS,MU,CRWV,CRDO,SKHY,ALAB,VICR,GEV,LITE,BE,SNDK,IREN,MOD,MRVL,TSEM,VRT,CBRS,APLD,COHR,AVGO,TER,AAON,CLS,SITM,PWR,BESIY,TSM,POWL","PNR,APD,DTE,MMM,FTV,LIN,SOMMY,ALLE,DD,TMO,IBM,DCI,AEP,ROG,DHR,NTAP,LWLG,ASGLY,ATKR,BDC,DKILY,PLAB,ET,TXN,ETR,DOV,CC,NDSN,ECL,PH"
original_0714,explosion,both,2026-07-15,next_open,192,-0.00359893342537283,0.01717584786365911,-0.02077478128903194,-0.2239273607318547,-0.026753713766597697,0.02521283219373807,-0.014089330765265985,7,14,"AAOI,AMD,NBIS,MU,CRWV,CRDO,SKHY,ALAB,VICR,GEV,LITE,BE,SNDK,IREN,MOD,MRVL,TSEM,VRT,CBRS,APLD,COHR,AVGO,TER,AAON,CLS,SITM,PWR,BESIY,TSM,POWL","PNR,APD,DTE,MMM,FTV,LIN,SOMMY,ALLE,DD,TMO,IBM,DCI,AEP,ROG,DHR,NTAP,LWLG,ASGLY,ATKR,BDC,DKILY,PLAB,ET,TXN,ETR,DOV,CC,NDSN,ECL,PH"
original_0714,explosion,both,2026-07-15,report_close,192,-0.03827216752256584,0.008647000795524528,-0.04691916831809037,-0.2235187396886279,-0.05864816271679823,0.014514560471874084,-0.0723574451346879,6,12,"AAOI,AMD,NBIS,MU,CRWV,CRDO,SKHY,ALAB,VICR,GEV,LITE,BE,SNDK,IREN,MOD,MRVL,TSEM,VRT,CBRS,APLD,COHR,AVGO,TER,AAON,CLS,SITM,PWR,BESIY,TSM,POWL","PNR,APD,DTE,MMM,FTV,LIN,SOMMY,ALLE,DD,TMO,IBM,DCI,AEP,ROG,DHR,NTAP,LWLG,ASGLY,ATKR,BDC,DKILY,PLAB,ET,TXN,ETR,DOV,CC,NDSN,ECL,PH"
original_0714,explosion,both,2026-07-18,next_open,192,0.011086147487580944,0.013292075044984008,-0.0022059275574030646,-0.22388987814069294,-0.01987522771441321,0.026054017558732254,0.012632924612755338,9,16,"AAOI,AMD,NBIS,MU,CRWV,CRDO,SKHY,ALAB,VICR,GEV,LITE,BE,SNDK,IREN,MOD,MRVL,TSEM,VRT,CBRS,APLD,COHR,AVGO,TER,AAON,CLS,SITM,PWR,BESIY,TSM,POWL","PNR,APD,DTE,MMM,FTV,LIN,SOMMY,ALLE,DD,TMO,IBM,DCI,AEP,ROG,DHR,NTAP,LWLG,ASGLY,ATKR,BDC,DKILY,PLAB,ET,TXN,ETR,DOV,CC,NDSN,ECL,PH"
original_0714,explosion,both,2026-07-18,report_close,192,0.04126878075679789,0.01611660828075708,0.025152172476040815,-0.22440064895536216,0.005078296276630631,0.04350026095779981,0.06671662642758322,10,18,"AAOI,AMD,NBIS,MU,CRWV,CRDO,SKHY,ALAB,VICR,GEV,LITE,BE,SNDK,IREN,MOD,MRVL,TSEM,VRT,CBRS,APLD,COHR,AVGO,TER,AAON,CLS,SITM,PWR,BESIY,TSM,POWL","PNR,APD,DTE,MMM,FTV,LIN,SOMMY,ALLE,DD,TMO,IBM,DCI,AEP,ROG,DHR,NTAP,LWLG,ASGLY,ATKR,BDC,DKILY,PLAB,ET,TXN,ETR,DOV,CC,NDSN,ECL,PH"
original_0714,explosion,self_only,2026-07-14,next_open,192,-0.06623883518840165,-0.021537057158158072,-0.04470177803024358,-0.25090760659853706,-0.08738596662341722,0.009580664362949326,-0.17208481404117953,5,11,"NBIS,AMD,AAOI,CBRS,CRWV,VICR,TSEM,APLD,MU,GEV,ALAB,CRDO,IREN,PWR,BE,SKHY,LITE,MRVL,SNDK,VRT,MOD,SITM,TER,CLS,COHR,AAON,FN,DSCSY,MTSI,AXTI","SOMMY,APD,DKILY,ROG,DD,DTE,PNR,LIN,IBM,TMO,PH,LWLG,ATKR,BDC,FTV,DIOD,MMM,PLAB,ASGLY,ENPH,DCI,CDNS,EQIX,ENS,AOSL,AEP,ALLE,DHR,NDSN,TXN"
original_0714,explosion,self_only,2026-07-14,report_close,192,-0.06436081440975273,-0.024568495869859836,-0.0397923185398929,-0.24832257271288638,-0.08878120856032103,0.0025020888797565033,-0.1412476602555408,4,10,"NBIS,AMD,AAOI,CBRS,CRWV,VICR,TSEM,APLD,MU,GEV,ALAB,CRDO,IREN,PWR,BE,SKHY,LITE,MRVL,SNDK,VRT,MOD,SITM,TER,CLS,COHR,AAON,FN,DSCSY,MTSI,AXTI","SOMMY,APD,DKILY,ROG,DD,DTE,PNR,LIN,IBM,TMO,PH,LWLG,ATKR,BDC,FTV,DIOD,MMM,PLAB,ASGLY,ENPH,DCI,CDNS,EQIX,ENS,AOSL,AEP,ALLE,DHR,NDSN,TXN"
original_0714,explosion,self_only,2026-07-15,next_open,192,0.005980951740931498,-0.005137687325176329,0.011118639066107827,-0.2357684453583121,-0.01717382860029337,0.0347927173600424,-0.033231153188834336,8,14,"NBIS,AMD,AAOI,CBRS,CRWV,VICR,TSEM,APLD,MU,GEV,ALAB,CRDO,IREN,PWR,BE,SKHY,LITE,MRVL,SNDK,VRT,MOD,SITM,TER,CLS,COHR,AAON,FN,DSCSY,MTSI,AXTI","SOMMY,APD,DKILY,ROG,DD,DTE,PNR,LIN,IBM,TMO,PH,LWLG,ATKR,BDC,FTV,DIOD,MMM,PLAB,ASGLY,ENPH,DCI,CDNS,EQIX,ENS,AOSL,AEP,ALLE,DHR,NDSN,TXN"
original_0714,explosion,self_only,2026-07-15,report_close,192,-0.029573647226388555,-0.01710524162023175,-0.012468405606156804,-0.2353633522744848,-0.04994964242062094,0.02321308076805137,-0.09858462414887559,7,12,"NBIS,AMD,AAOI,CBRS,CRWV,VICR,TSEM,APLD,MU,GEV,ALAB,CRDO,IREN,PWR,BE,SKHY,LITE,MRVL,SNDK,VRT,MOD,SITM,TER,CLS,COHR,AAON,FN,DSCSY,MTSI,AXTI","SOMMY,APD,DKILY,ROG,DD,DTE,PNR,LIN,IBM,TMO,PH,LWLG,ATKR,BDC,FTV,DIOD,MMM,PLAB,ASGLY,ENPH,DCI,CDNS,EQIX,ENS,AOSL,AEP,ALLE,DHR,NDSN,TXN"
original_0714,explosion,self_only,2026-07-18,next_open,192,0.023768309633963505,-0.0019864029467828504,0.025754712580746356,-0.23602579756502184,-0.007193065568030652,0.038736179705114816,-0.00503045058730977,10,16,"NBIS,AMD,AAOI,CBRS,CRWV,VICR,TSEM,APLD,MU,GEV,ALAB,CRDO,IREN,PWR,BE,SKHY,LITE,MRVL,SNDK,VRT,MOD,SITM,TER,CLS,COHR,AAON,FN,DSCSY,MTSI,AXTI","SOMMY,APD,DKILY,ROG,DD,DTE,PNR,LIN,IBM,TMO,PH,LWLG,ATKR,BDC,FTV,DIOD,MMM,PLAB,ASGLY,ENPH,DCI,CDNS,EQIX,ENS,AOSL,AEP,ALLE,DHR,NDSN,TXN"
original_0714,explosion,self_only,2026-07-18,report_close,192,0.05406933126999856,0.002856972708095329,0.05121235856190323,-0.23631486907325083,0.0178788467898313,0.05630081147100048,0.04695934948322167,11,19,"NBIS,AMD,AAOI,CBRS,CRWV,VICR,TSEM,APLD,MU,GEV,ALAB,CRDO,IREN,PWR,BE,SKHY,LITE,MRVL,SNDK,VRT,MOD,SITM,TER,CLS,COHR,AAON,FN,DSCSY,MTSI,AXTI","SOMMY,APD,DKILY,ROG,DD,DTE,PNR,LIN,IBM,TMO,PH,LWLG,ATKR,BDC,FTV,DIOD,MMM,PLAB,ASGLY,ENPH,DCI,CDNS,EQIX,ENS,AOSL,AEP,ALLE,DHR,NDSN,TXN"
original_0714,explosion,other_only,2026-07-14,next_open,192,-0.05516007887385987,-0.015505718087162704,-0.039654360786697165,-0.23415285880119163,-0.07630721030887544,0.02065942067749111,-0.08859832352223099,7,13,"NVDA,MU,SKHY,CRDO,AVGO,SNDK,AAOI,AMD,LITE,BE,MOD,BESIY,COHR,TSM,CRWV,VRT,MRVL,ATEYY,ALAB,ORCL,GEV,ONTO,POWL,VICR,NBIS,IREN,AAON,TER,FIX,NVT","MMM,ALLE,FTV,PNR,DTE,LIN,APD,AEP,TMO,DCI,DD,ST,DHR,NTAP,SOMMY,IBM,ETR,ASGLY,FCEL,ET,CC,LWLG,PLAB,BDC,ATKR,DOV,TXN,ROG,ECL,WOLF"
original_0714,explosion,other_only,2026-07-14,report_close,192,-0.04933029107322229,-0.01813105246644856,-0.03119923860677373,-0.2285013251179855,-0.07375068522379058,0.01753261221628695,-0.06532464802105092,7,12,"NVDA,MU,SKHY,CRDO,AVGO,SNDK,AAOI,AMD,LITE,BE,MOD,BESIY,COHR,TSM,CRWV,VRT,MRVL,ATEYY,ALAB,ORCL,GEV,ONTO,POWL,VICR,NBIS,IREN,AAON,TER,FIX,NVT","MMM,ALLE,FTV,PNR,DTE,LIN,APD,AEP,TMO,DCI,DD,ST,DHR,NTAP,SOMMY,IBM,ETR,ASGLY,FCEL,ET,CC,LWLG,PLAB,BDC,ATKR,DOV,TXN,ROG,ECL,WOLF"
original_0714,explosion,other_only,2026-07-15,next_open,192,0.009195948417688737,0.003120888907973518,0.006075059509715219,-0.2165921153371293,-0.013958831923536131,0.03800771403679964,0.003855491956704555,8,16,"NVDA,MU,SKHY,CRDO,AVGO,SNDK,AAOI,AMD,LITE,BE,MOD,BESIY,COHR,TSM,CRWV,VRT,MRVL,ATEYY,ALAB,ORCL,GEV,ONTO,POWL,VICR,NBIS,IREN,AAON,TER,FIX,NVT","MMM,ALLE,FTV,PNR,DTE,LIN,APD,AEP,TMO,DCI,DD,ST,DHR,NTAP,SOMMY,IBM,ETR,ASGLY,FCEL,ET,CC,LWLG,PLAB,BDC,ATKR,DOV,TXN,ROG,ECL,WOLF"
original_0714,explosion,other_only,2026-07-15,report_close,192,-0.02515083273984917,-0.006802954610853477,-0.018347878128995694,-0.21613529661134834,-0.045526827934081554,0.027635895254590755,-0.043425996256408875,7,14,"NVDA,MU,SKHY,CRDO,AVGO,SNDK,AAOI,AMD,LITE,BE,MOD,BESIY,COHR,TSM,CRWV,VRT,MRVL,ATEYY,ALAB,ORCL,GEV,ONTO,POWL,VICR,NBIS,IREN,AAON,TER,FIX,NVT","MMM,ALLE,FTV,PNR,DTE,LIN,APD,AEP,TMO,DCI,DD,ST,DHR,NTAP,SOMMY,IBM,ETR,ASGLY,FCEL,ET,CC,LWLG,PLAB,BDC,ATKR,DOV,TXN,ROG,ECL,WOLF"
original_0714,explosion,other_only,2026-07-18,next_open,192,0.02177154958772701,0.0034596891159502743,0.018311860471776735,-0.21677725851900564,-0.009189825614267146,0.03673941965887832,0.028127797520549065,10,16,"NVDA,MU,SKHY,CRDO,AVGO,SNDK,AAOI,AMD,LITE,BE,MOD,BESIY,COHR,TSM,CRWV,VRT,MRVL,ATEYY,ALAB,ORCL,GEV,ONTO,POWL,VICR,NBIS,IREN,AAON,TER,FIX,NVT","MMM,ALLE,FTV,PNR,DTE,LIN,APD,AEP,TMO,DCI,DD,ST,DHR,NTAP,SOMMY,IBM,ETR,ASGLY,FCEL,ET,CC,LWLG,PLAB,BDC,ATKR,DOV,TXN,ROG,ECL,WOLF"
original_0714,explosion,other_only,2026-07-18,report_close,192,0.04867706891570814,0.007318690945909093,0.04135837796979905,-0.21752122106221128,0.012486584435540876,0.050908549116710056,0.07910709925942003,12,18,"NVDA,MU,SKHY,CRDO,AVGO,SNDK,AAOI,AMD,LITE,BE,MOD,BESIY,COHR,TSM,CRWV,VRT,MRVL,ATEYY,ALAB,ORCL,GEV,ONTO,POWL,VICR,NBIS,IREN,AAON,TER,FIX,NVT","MMM,ALLE,FTV,PNR,DTE,LIN,APD,AEP,TMO,DCI,DD,ST,DHR,NTAP,SOMMY,IBM,ETR,ASGLY,FCEL,ET,CC,LWLG,PLAB,BDC,ATKR,DOV,TXN,ROG,ECL,WOLF"
original_0714,explosion,agreement_only,2026-07-14,next_open,192,-0.06050092927840959,0.0015745897307862134,-0.0620755190091958,-0.2480304650607571,-0.08164806071342515,0.015318570272941388,-0.13151228874481188,5,12,"AMD,AAOI,NBIS,CRWV,LITE,MU,ALAB,VICR,IREN,CRDO,BE,GEV,MRVL,APLD,SKHY,CBRS,AVGO,MOD,TSEM,TER,SNDK,BESIY,COHR,SITM,PWR,VRT,MTSI,AXTI,TSM,AAON","DTE,PNR,APD,FTV,MMM,SOMMY,LIN,DD,ALLE,TMO,DHR,AEP,DCI,IBM,ROG,NTAP,LWLG,BDC,ATKR,ASGLY,DKILY,PLAB,ET,TXN,ETR,CC,DOV,ECL,NDSN,PH"
original_0714,explosion,agreement_only,2026-07-14,report_close,192,-0.05861308283375025,-0.002673937565763836,-0.05593914526798642,-0.2454504758052808,-0.08303347698431854,0.008249820455758984,-0.10203320402571686,4,11,"AMD,AAOI,NBIS,CRWV,LITE,MU,ALAB,VICR,IREN,CRDO,BE,GEV,MRVL,APLD,SKHY,CBRS,AVGO,MOD,TSEM,TER,SNDK,BESIY,COHR,SITM,PWR,VRT,MTSI,AXTI,TSM,AAON","DTE,PNR,APD,FTV,MMM,SOMMY,LIN,DD,ALLE,TMO,DHR,AEP,DCI,IBM,ROG,NTAP,LWLG,BDC,ATKR,ASGLY,DKILY,PLAB,ET,TXN,ETR,CC,DOV,ECL,NDSN,PH"
original_0714,explosion,agreement_only,2026-07-15,next_open,192,0.011729231954731186,0.01717584786365911,-0.005446615908927924,-0.2318363351264615,-0.011425548386493681,0.04054099757384209,-0.011805536717033343,8,15,"AMD,AAOI,NBIS,CRWV,LITE,MU,ALAB,VICR,IREN,CRDO,BE,GEV,MRVL,APLD,SKHY,CBRS,AVGO,MOD,TSEM,TER,SNDK,BESIY,COHR,SITM,PWR,VRT,MTSI,AXTI,TSM,AAON","DTE,PNR,APD,FTV,MMM,SOMMY,LIN,DD,ALLE,TMO,DHR,AEP,DCI,IBM,ROG,NTAP,LWLG,BDC,ATKR,ASGLY,DKILY,PLAB,ET,TXN,ETR,CC,DOV,ECL,NDSN,PH"
original_0714,explosion,agreement_only,2026-07-15,report_close,192,-0.02477465943204254,0.008647000795524528,-0.03342166022756707,-0.23151161484749583,-0.04515065462627493,0.028012068562397383,-0.06973286221956976,7,13,"AMD,AAOI,NBIS,CRWV,LITE,MU,ALAB,VICR,IREN,CRDO,BE,GEV,MRVL,APLD,SKHY,CBRS,AVGO,MOD,TSEM,TER,SNDK,BESIY,COHR,SITM,PWR,VRT,MTSI,AXTI,TSM,AAON","DTE,PNR,APD,FTV,MMM,SOMMY,LIN,DD,ALLE,TMO,DHR,AEP,DCI,IBM,ROG,NTAP,LWLG,BDC,ATKR,ASGLY,DKILY,PLAB,ET,TXN,ETR,CC,DOV,ECL,NDSN,PH"
original_0714,explosion,agreement_only,2026-07-18,next_open,192,0.029000844008045836,0.013292075044984008,0.01570876896306183,-0.23237642742754516,-0.0019605311939483207,0.04396871407919715,0.014077462496269974,10,16,"AMD,AAOI,NBIS,CRWV,LITE,MU,ALAB,VICR,IREN,CRDO,BE,GEV,MRVL,APLD,SKHY,CBRS,AVGO,MOD,TSEM,TER,SNDK,BESIY,COHR,SITM,PWR,VRT,MTSI,AXTI,TSM,AAON","DTE,PNR,APD,FTV,MMM,SOMMY,LIN,DD,ALLE,TMO,DHR,AEP,DCI,IBM,ROG,NTAP,LWLG,BDC,ATKR,ASGLY,DKILY,PLAB,ET,TXN,ETR,CC,DOV,ECL,NDSN,PH"
original_0714,explosion,agreement_only,2026-07-18,report_close,192,0.059098835968151665,0.01611660828075708,0.042982227687394584,-0.23274357654515987,0.022908351487984403,0.06133031616915358,0.0677949434392209,11,19,"AMD,AAOI,NBIS,CRWV,LITE,MU,ALAB,VICR,IREN,CRDO,BE,GEV,MRVL,APLD,SKHY,CBRS,AVGO,MOD,TSEM,TER,SNDK,BESIY,COHR,SITM,PWR,VRT,MTSI,AXTI,TSM,AAON","DTE,PNR,APD,FTV,MMM,SOMMY,LIN,DD,ALLE,TMO,DHR,AEP,DCI,IBM,ROG,NTAP,LWLG,BDC,ATKR,ASGLY,DKILY,PLAB,ET,TXN,ETR,CC,DOV,ECL,NDSN,PH"
original_0714,explosion,high_only,2026-07-14,next_open,192,-0.06204334100825113,-0.01779744282937751,-0.044245898178873616,-0.22601142225621607,-0.08319047244326669,0.013776158543099846,-0.04982129777826005,6,12,"MU,SKHY,CRDO,AMD,CRWV,AVGO,TSM,LITE,MRVL,AAOI,ALAB,MOD,NBIS,ORCL,NVDA,BESIY,SNDK,GEV,MPWR,ASMIY,VICR,POWL,CLS,CAMT,ATEYY,VRT,COHR,CBRS,BE,AAON","MMM,DTE,FTV,PNR,ATKR,ALLE,APD,DCI,DD,PLAB,ETR,AEP,IBM,TDY,TMO,ROG,LIN,UMC,DOV,ECL,NDSN,SOMMY,DHR,VSH,ET,POWI,DIOD,CC,VISN,ASGLY"
original_0714,explosion,high_only,2026-07-14,report_close,192,-0.05487695939569672,-0.018809816080902618,-0.0360671433147941,-0.21893882159179945,-0.07929735354626502,0.011985943893812516,-0.030072498168895647,6,11,"MU,SKHY,CRDO,AMD,CRWV,AVGO,TSM,LITE,MRVL,AAOI,ALAB,MOD,NBIS,ORCL,NVDA,BESIY,SNDK,GEV,MPWR,ASMIY,VICR,POWL,CLS,CAMT,ATEYY,VRT,COHR,CBRS,BE,AAON","MMM,DTE,FTV,PNR,ATKR,ALLE,APD,DCI,DD,PLAB,ETR,AEP,IBM,TDY,TMO,ROG,LIN,UMC,DOV,ECL,NDSN,SOMMY,DHR,VSH,ET,POWI,DIOD,CC,VISN,ASGLY"
original_0714,explosion,high_only,2026-07-15,next_open,192,0.0038929331534518423,-0.0032910137399245827,0.007183946893376425,-0.20640482845121444,-0.019261847187773025,0.03270469877256274,0.05082670970892224,8,15,"MU,SKHY,CRDO,AMD,CRWV,AVGO,TSM,LITE,MRVL,AAOI,ALAB,MOD,NBIS,ORCL,NVDA,BESIY,SNDK,GEV,MPWR,ASMIY,VICR,POWL,CLS,CAMT,ATEYY,VRT,COHR,CBRS,BE,AAON","MMM,DTE,FTV,PNR,ATKR,ALLE,APD,DCI,DD,PLAB,ETR,AEP,IBM,TDY,TMO,ROG,LIN,UMC,DOV,ECL,NDSN,SOMMY,DHR,VSH,ET,POWI,DIOD,CC,VISN,ASGLY"
original_0714,explosion,high_only,2026-07-15,report_close,192,-0.02945214688107087,-0.0148594671257868,-0.01459267975528407,-0.20585123546319306,-0.049828142075303256,0.023334581113369054,0.0024465588801779567,7,13,"MU,SKHY,CRDO,AMD,CRWV,AVGO,TSM,LITE,MRVL,AAOI,ALAB,MOD,NBIS,ORCL,NVDA,BESIY,SNDK,GEV,MPWR,ASMIY,VICR,POWL,CLS,CAMT,ATEYY,VRT,COHR,CBRS,BE,AAON","MMM,DTE,FTV,PNR,ATKR,ALLE,APD,DCI,DD,PLAB,ETR,AEP,IBM,TDY,TMO,ROG,LIN,UMC,DOV,ECL,NDSN,SOMMY,DHR,VSH,ET,POWI,DIOD,CC,VISN,ASGLY"
original_0714,explosion,high_only,2026-07-18,next_open,192,0.01832622656923475,-0.003149183146700089,0.02147540971593484,-0.20619543055987777,-0.012635148632759406,0.03329409664038606,0.06953279711363698,10,16,"MU,SKHY,CRDO,AMD,CRWV,AVGO,TSM,LITE,MRVL,AAOI,ALAB,MOD,NBIS,ORCL,NVDA,BESIY,SNDK,GEV,MPWR,ASMIY,VICR,POWL,CLS,CAMT,ATEYY,VRT,COHR,CBRS,BE,AAON","MMM,DTE,FTV,PNR,ATKR,ALLE,APD,DCI,DD,PLAB,ETR,AEP,IBM,TDY,TMO,ROG,LIN,UMC,DOV,ECL,NDSN,SOMMY,DHR,VSH,ET,POWI,DIOD,CC,VISN,ASGLY"
original_0714,explosion,high_only,2026-07-18,report_close,192,0.041355017774612694,-0.0009066220674422531,0.04226163984205495,-0.20687547410691465,0.005164533294445432,0.04358649797561461,0.11759759108048723,12,17,"MU,SKHY,CRDO,AMD,CRWV,AVGO,TSM,LITE,MRVL,AAOI,ALAB,MOD,NBIS,ORCL,NVDA,BESIY,SNDK,GEV,MPWR,ASMIY,VICR,POWL,CLS,CAMT,ATEYY,VRT,COHR,CBRS,BE,AAON","MMM,DTE,FTV,PNR,ATKR,ALLE,APD,DCI,DD,PLAB,ETR,AEP,IBM,TDY,TMO,ROG,LIN,UMC,DOV,ECL,NDSN,SOMMY,DHR,VSH,ET,POWI,DIOD,CC,VISN,ASGLY"
original_0714,explosion,strength_weighted,2026-07-14,next_open,192,-0.05667167118020058,0.0015745897307862134,-0.05824626091098679,-0.23396657786811537,-0.07781880261521615,0.0191478283711504,-0.1066262241271736,5,12,"AMD,MU,CRWV,NBIS,CRDO,SKHY,AAOI,LITE,ALAB,BE,SNDK,MOD,VICR,MRVL,AVGO,IREN,COHR,GEV,APLD,VRT,CBRS,TSEM,TER,CLS,PWR,TSM,AAON,BESIY,ORCL,SITM","DTE,FTV,MMM,APD,PNR,SOMMY,DD,ALLE,TMO,AEP,LIN,IBM,ROG,DCI,DHR,ASGLY,BDC,PLAB,ETR,LWLG,ATKR,DKILY,DOV,ET,TXN,NTAP,ECL,NDSN,CC,PH"
original_0714,explosion,strength_weighted,2026-07-14,report_close,192,-0.05246753884422271,-0.002673937565763836,-0.049793601278458874,-0.22971486411038533,-0.07688793299479099,0.01439536444528653,-0.07870696904755446,5,11,"AMD,MU,CRWV,NBIS,CRDO,SKHY,AAOI,LITE,ALAB,BE,SNDK,MOD,VICR,MRVL,AVGO,IREN,COHR,GEV,APLD,VRT,CBRS,TSEM,TER,CLS,PWR,TSM,AAON,BESIY,ORCL,SITM","DTE,FTV,MMM,APD,PNR,SOMMY,DD,ALLE,TMO,AEP,LIN,IBM,ROG,DCI,DHR,ASGLY,BDC,PLAB,ETR,LWLG,ATKR,DKILY,DOV,ET,TXN,NTAP,ECL,NDSN,CC,PH"
original_0714,explosion,strength_weighted,2026-07-15,next_open,192,0.0115697761009932,0.01717584786365911,-0.00560607176266591,-0.21774704974938597,-0.011585004240231667,0.0403815417201041,0.009626861622765376,8,15,"AMD,MU,CRWV,NBIS,CRDO,SKHY,AAOI,LITE,ALAB,BE,SNDK,MOD,VICR,MRVL,AVGO,IREN,COHR,GEV,APLD,VRT,CBRS,TSEM,TER,CLS,PWR,TSM,AAON,BESIY,ORCL,SITM","DTE,FTV,MMM,APD,PNR,SOMMY,DD,ALLE,TMO,AEP,LIN,IBM,ROG,DCI,DHR,ASGLY,BDC,PLAB,ETR,LWLG,ATKR,DKILY,DOV,ET,TXN,NTAP,ECL,NDSN,CC,PH"
original_0714,explosion,strength_weighted,2026-07-15,report_close,192,-0.022783719005737647,0.008647000795524528,-0.03143071980126218,-0.21717310738263018,-0.043159714199970035,0.030003008988702277,-0.04689492173724331,7,13,"AMD,MU,CRWV,NBIS,CRDO,SKHY,AAOI,LITE,ALAB,BE,SNDK,MOD,VICR,MRVL,AVGO,IREN,COHR,GEV,APLD,VRT,CBRS,TSEM,TER,CLS,PWR,TSM,AAON,BESIY,ORCL,SITM","DTE,FTV,MMM,APD,PNR,SOMMY,DD,ALLE,TMO,AEP,LIN,IBM,ROG,DCI,DHR,ASGLY,BDC,PLAB,ETR,LWLG,ATKR,DKILY,DOV,ET,TXN,NTAP,ECL,NDSN,CC,PH"
original_0714,explosion,strength_weighted,2026-07-18,next_open,192,0.027965874388092466,0.013292075044984008,0.014673799343108458,-0.21745529045637657,-0.0029955008139016907,0.04293374445924378,0.03611344708786588,10,17,"AMD,MU,CRWV,NBIS,CRDO,SKHY,AAOI,LITE,ALAB,BE,SNDK,MOD,VICR,MRVL,AVGO,IREN,COHR,GEV,APLD,VRT,CBRS,TSEM,TER,CLS,PWR,TSM,AAON,BESIY,ORCL,SITM","DTE,FTV,MMM,APD,PNR,SOMMY,DD,ALLE,TMO,AEP,LIN,IBM,ROG,DCI,DHR,ASGLY,BDC,PLAB,ETR,LWLG,ATKR,DKILY,DOV,ET,TXN,NTAP,ECL,NDSN,CC,PH"
original_0714,explosion,strength_weighted,2026-07-18,report_close,192,0.05718451877757416,0.01611660828075708,0.04106791049681709,-0.21824567521569438,0.0209940342974069,0.05941599897857608,0.09007846621273365,11,19,"AMD,MU,CRWV,NBIS,CRDO,SKHY,AAOI,LITE,ALAB,BE,SNDK,MOD,VICR,MRVL,AVGO,IREN,COHR,GEV,APLD,VRT,CBRS,TSEM,TER,CLS,PWR,TSM,AAON,BESIY,ORCL,SITM","DTE,FTV,MMM,APD,PNR,SOMMY,DD,ALLE,TMO,AEP,LIN,IBM,ROG,DCI,DHR,ASGLY,BDC,PLAB,ETR,LWLG,ATKR,DKILY,DOV,ET,TXN,NTAP,ECL,NDSN,CC,PH"
original_0714,mispricing,both,2026-07-14,next_open,192,0.03776840017127078,-0.09580159283329932,0.13356999300457012,-0.059746517480720795,0.016621268736255218,0.11358789972262176,0.3586472207904946,10,16,"ADBE,ORCL,BABA,ST,VST,QCOM,VISN,BDC,PNR,TSM,TEL,ENS,SMCI,JBL,AVGO,ET,MSFT,META,MU,NVDA,TMO,HPE,DD,DOV,ATKR,PSIX,MCHP,CC,DCI,GOOGL","LWLG,OKLO,NVTS,SMR,POET,ARM,CBRS,RKLB,AEHR,TSLA,WOLF,AMPX,FCEL,CRWD,ALAB,APLD,AXTI,INTC,SITM,BE,MRAM,IREN,NBIS,MXL,BESIY,CRWV,CDNS,VICR,IMOS,GLW"
original_0714,mispricing,both,2026-07-14,report_close,192,0.039166624641032204,-0.07710466383033489,0.11627128847136708,-0.05951084906770843,0.014746230490463912,0.10602952793054143,0.3263790928573367,10,16,"ADBE,ORCL,BABA,ST,VST,QCOM,VISN,BDC,PNR,TSM,TEL,ENS,SMCI,JBL,AVGO,ET,MSFT,META,MU,NVDA,TMO,HPE,DD,DOV,ATKR,PSIX,MCHP,CC,DCI,GOOGL","LWLG,OKLO,NVTS,SMR,POET,ARM,CBRS,RKLB,AEHR,TSLA,WOLF,AMPX,FCEL,CRWD,ALAB,APLD,AXTI,INTC,SITM,BE,MRAM,IREN,NBIS,MXL,BESIY,CRWV,CDNS,VICR,IMOS,GLW"
original_0714,mispricing,both,2026-07-15,next_open,192,0.055644207195762484,-0.03192740740310014,0.08757161459886262,-0.06027191456052727,0.032489426854537616,0.08445597281487338,0.24605973469332398,9,15,"ADBE,ORCL,BABA,ST,VST,QCOM,VISN,BDC,PNR,TSM,TEL,ENS,SMCI,JBL,AVGO,ET,MSFT,META,MU,NVDA,TMO,HPE,DD,DOV,ATKR,PSIX,MCHP,CC,DCI,GOOGL","LWLG,OKLO,NVTS,SMR,POET,ARM,CBRS,RKLB,AEHR,TSLA,WOLF,AMPX,FCEL,CRWD,ALAB,APLD,AXTI,INTC,SITM,BE,MRAM,IREN,NBIS,MXL,BESIY,CRWV,CDNS,VICR,IMOS,GLW"
original_0714,mispricing,both,2026-07-15,report_close,192,0.04333173827524062,-0.06432623164431149,0.10765796991955211,-0.06003308839503607,0.02295574308100823,0.09611846626968054,0.2984021918997369,10,15,"ADBE,ORCL,BABA,ST,VST,QCOM,VISN,BDC,PNR,TSM,TEL,ENS,SMCI,JBL,AVGO,ET,MSFT,META,MU,NVDA,TMO,HPE,DD,DOV,ATKR,PSIX,MCHP,CC,DCI,GOOGL","LWLG,OKLO,NVTS,SMR,POET,ARM,CBRS,RKLB,AEHR,TSLA,WOLF,AMPX,FCEL,CRWD,ALAB,APLD,AXTI,INTC,SITM,BE,MRAM,IREN,NBIS,MXL,BESIY,CRWV,CDNS,VICR,IMOS,GLW"
original_0714,mispricing,both,2026-07-18,next_open,192,0.06589083926936676,0.013065516578067682,0.052825322691299074,-0.060752091035148226,0.0349294640673726,0.08085870934051807,0.1705114206657082,9,16,"ADBE,ORCL,BABA,ST,VST,QCOM,VISN,BDC,PNR,TSM,TEL,ENS,SMCI,JBL,AVGO,ET,MSFT,META,MU,NVDA,TMO,HPE,DD,DOV,ATKR,PSIX,MCHP,CC,DCI,GOOGL","LWLG,OKLO,NVTS,SMR,POET,ARM,CBRS,RKLB,AEHR,TSLA,WOLF,AMPX,FCEL,CRWD,ALAB,APLD,AXTI,INTC,SITM,BE,MRAM,IREN,NBIS,MXL,BESIY,CRWV,CDNS,VICR,IMOS,GLW"
original_0714,mispricing,both,2026-07-18,report_close,192,0.07491896591931467,0.03337881718014938,0.04154014873916529,-0.060833950686417615,0.03872848143914741,0.07715044612031659,0.1555116241217481,9,16,"ADBE,ORCL,BABA,ST,VST,QCOM,VISN,BDC,PNR,TSM,TEL,ENS,SMCI,JBL,AVGO,ET,MSFT,META,MU,NVDA,TMO,HPE,DD,DOV,ATKR,PSIX,MCHP,CC,DCI,GOOGL","LWLG,OKLO,NVTS,SMR,POET,ARM,CBRS,RKLB,AEHR,TSLA,WOLF,AMPX,FCEL,CRWD,ALAB,APLD,AXTI,INTC,SITM,BE,MRAM,IREN,NBIS,MXL,BESIY,CRWV,CDNS,VICR,IMOS,GLW"
original_0714,mispricing,self_only,2026-07-14,next_open,192,-0.00938376187697367,-0.13388349526813378,0.12449973339116012,-0.07529713033824714,-0.030530893311989236,0.06643573767437731,0.32310684154843616,8,13,"ADBE,ST,ORCL,BABA,VST,QCOM,VISN,SMCI,BDC,PNR,TSM,TEL,ENS,JBL,DCI,PENG,DOV,Q,MSFT,ASGLY,DD,CC,AVGO,TMO,HUBB,HPE,ET,MCHP,MKSI,IBM","OKLO,LWLG,NVTS,AEHR,ARM,CBRS,POET,SMR,CRWD,RKLB,AMPX,MXL,APLD,INTC,TSLA,CDNS,KLIC,BE,AXTI,MRAAY,WOLF,VICR,FCEL,ENPH,COHR,BESIY,ALAB,DKILY,SITM,VSH"
original_0714,mispricing,self_only,2026-07-14,report_close,192,-0.0055790485421505255,-0.11727775452238318,0.11169870598023265,-0.07540871099799806,-0.029999442692718817,0.061283854747358715,0.29098791471122815,8,13,"ADBE,ST,ORCL,BABA,VST,QCOM,VISN,SMCI,BDC,PNR,TSM,TEL,ENS,JBL,DCI,PENG,DOV,Q,MSFT,ASGLY,DD,CC,AVGO,TMO,HUBB,HPE,ET,MCHP,MKSI,IBM","OKLO,LWLG,NVTS,AEHR,ARM,CBRS,POET,SMR,CRWD,RKLB,AMPX,MXL,APLD,INTC,TSLA,CDNS,KLIC,BE,AXTI,MRAAY,WOLF,VICR,FCEL,ENPH,COHR,BESIY,ALAB,DKILY,SITM,VSH"
original_0714,mispricing,self_only,2026-07-15,next_open,192,0.014407006486238372,-0.07036578192341898,0.08477278840965735,-0.07695635188648897,-0.008747773854986495,0.043218772105349273,0.21789294143178797,7,12,"ADBE,ST,ORCL,BABA,VST,QCOM,VISN,SMCI,BDC,PNR,TSM,TEL,ENS,JBL,DCI,PENG,DOV,Q,MSFT,ASGLY,DD,CC,AVGO,TMO,HUBB,HPE,ET,MCHP,MKSI,IBM","OKLO,LWLG,NVTS,AEHR,ARM,CBRS,POET,SMR,CRWD,RKLB,AMPX,MXL,APLD,INTC,TSLA,CDNS,KLIC,BE,AXTI,MRAAY,WOLF,VICR,FCEL,ENPH,COHR,BESIY,ALAB,DKILY,SITM,VSH"
original_0714,mispricing,self_only,2026-07-15,report_close,192,0.0015342622862673813,-0.10314463352403859,0.10467889581030597,-0.07634660763978374,-0.018841732907965005,0.054320990280707304,0.26551521851178694,8,12,"ADBE,ST,ORCL,BABA,VST,QCOM,VISN,SMCI,BDC,PNR,TSM,TEL,ENS,JBL,DCI,PENG,DOV,Q,MSFT,ASGLY,DD,CC,AVGO,TMO,HUBB,HPE,ET,MCHP,MKSI,IBM","OKLO,LWLG,NVTS,AEHR,ARM,CBRS,POET,SMR,CRWD,RKLB,AMPX,MXL,APLD,INTC,TSLA,CDNS,KLIC,BE,AXTI,MRAAY,WOLF,VICR,FCEL,ENPH,COHR,BESIY,ALAB,DKILY,SITM,VSH"
original_0714,mispricing,self_only,2026-07-18,next_open,192,0.02355763763886245,-0.027307073553364206,0.05086471119222666,-0.07798415569790607,-0.0074037375631317084,0.03852550771001376,0.1345488701407916,6,13,"ADBE,ST,ORCL,BABA,VST,QCOM,VISN,SMCI,BDC,PNR,TSM,TEL,ENS,JBL,DCI,PENG,DOV,Q,MSFT,ASGLY,DD,CC,AVGO,TMO,HUBB,HPE,ET,MCHP,MKSI,IBM","OKLO,LWLG,NVTS,AEHR,ARM,CBRS,POET,SMR,CRWD,RKLB,AMPX,MXL,APLD,INTC,TSLA,CDNS,KLIC,BE,AXTI,MRAAY,WOLF,VICR,FCEL,ENPH,COHR,BESIY,ALAB,DKILY,SITM,VSH"
original_0714,mispricing,self_only,2026-07-18,report_close,192,0.0296977251606051,-0.012415042480835818,0.04211276764144092,-0.07808266505687966,-0.006492759319562162,0.03192920536160702,0.1269955646583295,5,13,"ADBE,ST,ORCL,BABA,VST,QCOM,VISN,SMCI,BDC,PNR,TSM,TEL,ENS,JBL,DCI,PENG,DOV,Q,MSFT,ASGLY,DD,CC,AVGO,TMO,HUBB,HPE,ET,MCHP,MKSI,IBM","OKLO,LWLG,NVTS,AEHR,ARM,CBRS,POET,SMR,CRWD,RKLB,AMPX,MXL,APLD,INTC,TSLA,CDNS,KLIC,BE,AXTI,MRAAY,WOLF,VICR,FCEL,ENPH,COHR,BESIY,ALAB,DKILY,SITM,VSH"
original_0714,mispricing,other_only,2026-07-14,next_open,192,0.03521574590945562,-0.09854589629938162,0.13376164220883724,-0.06418197360393862,0.014068614474440057,0.11103524546080659,0.35143979057591623,11,16,"ADBE,MU,VST,BABA,TSM,META,ORCL,NVDA,CEG,ET,QCOM,PSIX,ST,ATKR,AVGO,PLAB,TEL,HTHIY,BDC,PNR,GOOGL,HPE,MSFT,MOD,ENS,TMO,VISN,SANM,VECO,DD","LWLG,NVTS,OKLO,SMR,FCEL,POET,WOLF,RKLB,ARM,TSLA,CBRS,AMPX,AEHR,ALAB,CRWD,NBIS,AXTI,SITM,MRAM,APLD,INTC,IREN,BE,CRWV,FLNC,BESIY,GLW,IMOS,MXL,POWI"
original_0714,mispricing,other_only,2026-07-14,report_close,192,0.0361644855278511,-0.08079335765520329,0.11695784318305438,-0.06500530384124958,0.011744091377282807,0.10302738881736034,0.32198783332881215,11,16,"ADBE,MU,VST,BABA,TSM,META,ORCL,NVDA,CEG,ET,QCOM,PSIX,ST,ATKR,AVGO,PLAB,TEL,HTHIY,BDC,PNR,GOOGL,HPE,MSFT,MOD,ENS,TMO,VISN,SANM,VECO,DD","LWLG,NVTS,OKLO,SMR,FCEL,POET,WOLF,RKLB,ARM,TSLA,CBRS,AMPX,AEHR,ALAB,CRWD,NBIS,AXTI,SITM,MRAM,APLD,INTC,IREN,BE,CRWV,FLNC,BESIY,GLW,IMOS,MXL,POWI"
original_0714,mispricing,other_only,2026-07-15,next_open,192,0.0507705727210171,-0.036076168057532304,0.0868467407785494,-0.06616405443465656,0.027615792379792233,0.079582338340128,0.24474574776876545,10,16,"ADBE,MU,VST,BABA,TSM,META,ORCL,NVDA,CEG,ET,QCOM,PSIX,ST,ATKR,AVGO,PLAB,TEL,HTHIY,BDC,PNR,GOOGL,HPE,MSFT,MOD,ENS,TMO,VISN,SANM,VECO,DD","LWLG,NVTS,OKLO,SMR,FCEL,POET,WOLF,RKLB,ARM,TSLA,CBRS,AMPX,AEHR,ALAB,CRWD,NBIS,AXTI,SITM,MRAM,APLD,INTC,IREN,BE,CRWV,FLNC,BESIY,GLW,IMOS,MXL,POWI"
original_0714,mispricing,other_only,2026-07-15,report_close,192,0.03767840060077979,-0.06851927647488494,0.10619767707566473,-0.06492581965294908,0.0173024054065474,0.09046512859521971,0.29312759406450917,11,15,"ADBE,MU,VST,BABA,TSM,META,ORCL,NVDA,CEG,ET,QCOM,PSIX,ST,ATKR,AVGO,PLAB,TEL,HTHIY,BDC,PNR,GOOGL,HPE,MSFT,MOD,ENS,TMO,VISN,SANM,VECO,DD","LWLG,NVTS,OKLO,SMR,FCEL,POET,WOLF,RKLB,ARM,TSLA,CBRS,AMPX,AEHR,ALAB,CRWD,NBIS,AXTI,SITM,MRAM,APLD,INTC,IREN,BE,CRWV,FLNC,BESIY,GLW,IMOS,MXL,POWI"
original_0714,mispricing,other_only,2026-07-18,next_open,192,0.05570446210617804,0.005107571524079346,0.050596890582098694,-0.06673231408627478,0.024743086904183885,0.07067233217732935,0.17733397987141583,10,15,"ADBE,MU,VST,BABA,TSM,META,ORCL,NVDA,CEG,ET,QCOM,PSIX,ST,ATKR,AVGO,PLAB,TEL,HTHIY,BDC,PNR,GOOGL,HPE,MSFT,MOD,ENS,TMO,VISN,SANM,VECO,DD","LWLG,NVTS,OKLO,SMR,FCEL,POET,WOLF,RKLB,ARM,TSLA,CBRS,AMPX,AEHR,ALAB,CRWD,NBIS,AXTI,SITM,MRAM,APLD,INTC,IREN,BE,CRWV,FLNC,BESIY,GLW,IMOS,MXL,POWI"
original_0714,mispricing,other_only,2026-07-18,report_close,192,0.06529387836274105,0.025863881556876873,0.039429996805864176,-0.06730113470082022,0.029103393882573783,0.06752535856374296,0.15946714863141906,10,17,"ADBE,MU,VST,BABA,TSM,META,ORCL,NVDA,CEG,ET,QCOM,PSIX,ST,ATKR,AVGO,PLAB,TEL,HTHIY,BDC,PNR,GOOGL,HPE,MSFT,MOD,ENS,TMO,VISN,SANM,VECO,DD","LWLG,NVTS,OKLO,SMR,FCEL,POET,WOLF,RKLB,ARM,TSLA,CBRS,AMPX,AEHR,ALAB,CRWD,NBIS,AXTI,SITM,MRAM,APLD,INTC,IREN,BE,CRWV,FLNC,BESIY,GLW,IMOS,MXL,POWI"
original_0714,mispricing,agreement_only,2026-07-14,next_open,192,0.013511879636510123,-0.09990374693100378,0.1134156265675139,-0.06495508682095719,-0.0076352517985054415,0.0893313791878611,0.3488745490057782,8,14,"ADBE,ORCL,BABA,ST,VST,QCOM,PNR,TSM,VISN,ENS,BDC,TEL,JBL,DD,MU,SMCI,DCI,HPE,HUBB,TMO,GOOGL,AVGO,MCHP,META,DOV,MSFT,CC,PENG,ATKR,ET","NVTS,OKLO,LWLG,ARM,POET,SMR,CBRS,RKLB,AEHR,AMPX,TSLA,WOLF,CRWD,FCEL,ALAB,APLD,AXTI,INTC,SITM,BE,NBIS,MRAM,IREN,MXL,CRWV,VICR,BESIY,IMOS,CDNS,POWI"
original_0714,mispricing,agreement_only,2026-07-14,report_close,192,0.01556164881778,-0.08070152928300638,0.09626317810078638,-0.06470259750322427,-0.008858745332788291,0.08242455210728925,0.3144463961153461,8,14,"ADBE,ORCL,BABA,ST,VST,QCOM,PNR,TSM,VISN,ENS,BDC,TEL,JBL,DD,MU,SMCI,DCI,HPE,HUBB,TMO,GOOGL,AVGO,MCHP,META,DOV,MSFT,CC,PENG,ATKR,ET","NVTS,OKLO,LWLG,ARM,POET,SMR,CBRS,RKLB,AEHR,AMPX,TSLA,WOLF,CRWD,FCEL,ALAB,APLD,AXTI,INTC,SITM,BE,NBIS,MRAM,IREN,MXL,CRWV,VICR,BESIY,IMOS,CDNS,POWI"
original_0714,mispricing,agreement_only,2026-07-15,next_open,192,0.034986820205040514,-0.038259107785786145,0.07324592799082666,-0.06591436038261944,0.011832039863815647,0.06379858582415142,0.2378892792230692,8,13,"ADBE,ORCL,BABA,ST,VST,QCOM,PNR,TSM,VISN,ENS,BDC,TEL,JBL,DD,MU,SMCI,DCI,HPE,HUBB,TMO,GOOGL,AVGO,MCHP,META,DOV,MSFT,CC,PENG,ATKR,ET","NVTS,OKLO,LWLG,ARM,POET,SMR,CBRS,RKLB,AEHR,AMPX,TSLA,WOLF,CRWD,FCEL,ALAB,APLD,AXTI,INTC,SITM,BE,NBIS,MRAM,IREN,MXL,CRWV,VICR,BESIY,IMOS,CDNS,POWI"
original_0714,mispricing,agreement_only,2026-07-15,report_close,192,0.022642419745737816,-0.0700936338751142,0.09273605362085202,-0.06551002078776591,0.0022664245515054277,0.07542914774017774,0.2887770257439709,9,13,"ADBE,ORCL,BABA,ST,VST,QCOM,PNR,TSM,VISN,ENS,BDC,TEL,JBL,DD,MU,SMCI,DCI,HPE,HUBB,TMO,GOOGL,AVGO,MCHP,META,DOV,MSFT,CC,PENG,ATKR,ET","NVTS,OKLO,LWLG,ARM,POET,SMR,CBRS,RKLB,AEHR,AMPX,TSLA,WOLF,CRWD,FCEL,ALAB,APLD,AXTI,INTC,SITM,BE,NBIS,MRAM,IREN,MXL,CRWV,VICR,BESIY,IMOS,CDNS,POWI"
original_0714,mispricing,agreement_only,2026-07-18,next_open,192,0.044829229498108754,0.004064092020402,0.040765137477706756,-0.06699187979330878,0.013867854296114597,0.05979709956926006,0.15989610178227492,8,14,"ADBE,ORCL,BABA,ST,VST,QCOM,PNR,TSM,VISN,ENS,BDC,TEL,JBL,DD,MU,SMCI,DCI,HPE,HUBB,TMO,GOOGL,AVGO,MCHP,META,DOV,MSFT,CC,PENG,ATKR,ET","NVTS,OKLO,LWLG,ARM,POET,SMR,CBRS,RKLB,AEHR,AMPX,TSLA,WOLF,CRWD,FCEL,ALAB,APLD,AXTI,INTC,SITM,BE,NBIS,MRAM,IREN,MXL,CRWV,VICR,BESIY,IMOS,CDNS,POWI"
original_0714,mispricing,agreement_only,2026-07-18,report_close,192,0.052525077220499164,0.02402008528497178,0.028504991935527385,-0.066939682055831,0.016334592740331902,0.05475655742150108,0.14375864688169712,7,14,"ADBE,ORCL,BABA,ST,VST,QCOM,PNR,TSM,VISN,ENS,BDC,TEL,JBL,DD,MU,SMCI,DCI,HPE,HUBB,TMO,GOOGL,AVGO,MCHP,META,DOV,MSFT,CC,PENG,ATKR,ET","NVTS,OKLO,LWLG,ARM,POET,SMR,CBRS,RKLB,AEHR,AMPX,TSLA,WOLF,CRWD,FCEL,ALAB,APLD,AXTI,INTC,SITM,BE,NBIS,MRAM,IREN,MXL,CRWV,VICR,BESIY,IMOS,CDNS,POWI"
original_0714,mispricing,high_only,2026-07-14,next_open,192,0.043802293348442024,-0.11572155774025462,0.15952385108869666,-0.061490853595084105,0.02265516191342646,0.119621792899793,0.3038717684398991,11,18,"ADBE,TSM,MU,NVDA,ORCL,AVGO,META,ATKR,VST,BABA,QCOM,GOOGL,TEL,SNDK,ST,MSFT,CEG,HPE,HTHIY,MOD,PLAB,PNR,VISN,CC,TMO,ENS,PSIX,NTAP,BDC,ALLE","FCEL,LWLG,WOLF,SMR,OKLO,POET,NVTS,ARM,CBRS,AEHR,APLD,RKLB,TSLA,AAOI,ALAB,MRAM,AMPX,AAON,FN,INTC,MXL,CRWD,TT,NBIS,BE,AOSL,SITM,DIOD,CSCO,DSCSY"
original_0714,mispricing,high_only,2026-07-14,report_close,192,0.043827225371760606,-0.09697202634796295,0.14079925171972357,-0.06177786366258031,0.019406831221192314,0.11069012866126984,0.2724479830724575,11,17,"ADBE,TSM,MU,NVDA,ORCL,AVGO,META,ATKR,VST,BABA,QCOM,GOOGL,TEL,SNDK,ST,MSFT,CEG,HPE,HTHIY,MOD,PLAB,PNR,VISN,CC,TMO,ENS,PSIX,NTAP,BDC,ALLE","FCEL,LWLG,WOLF,SMR,OKLO,POET,NVTS,ARM,CBRS,AEHR,APLD,RKLB,TSLA,AAOI,ALAB,MRAM,AMPX,AAON,FN,INTC,MXL,CRWD,TT,NBIS,BE,AOSL,SITM,DIOD,CSCO,DSCSY"
original_0714,mispricing,high_only,2026-07-15,next_open,192,0.06478101351993971,-0.054484787702766754,0.11926580122270647,-0.06224769371852934,0.04162623317871485,0.09359277913905062,0.21995293383609585,13,18,"ADBE,TSM,MU,NVDA,ORCL,AVGO,META,ATKR,VST,BABA,QCOM,GOOGL,TEL,SNDK,ST,MSFT,CEG,HPE,HTHIY,MOD,PLAB,PNR,VISN,CC,TMO,ENS,PSIX,NTAP,BDC,ALLE","FCEL,LWLG,WOLF,SMR,OKLO,POET,NVTS,ARM,CBRS,AEHR,APLD,RKLB,TSLA,AAOI,ALAB,MRAM,AMPX,AAON,FN,INTC,MXL,CRWD,TT,NBIS,BE,AOSL,SITM,DIOD,CSCO,DSCSY"
original_0714,mispricing,high_only,2026-07-15,report_close,192,0.050713210905163425,-0.08508051310701034,0.13579372401217377,-0.06188458949227149,0.030337215710931037,0.10349993889960335,0.25541701706317993,12,17,"ADBE,TSM,MU,NVDA,ORCL,AVGO,META,ATKR,VST,BABA,QCOM,GOOGL,TEL,SNDK,ST,MSFT,CEG,HPE,HTHIY,MOD,PLAB,PNR,VISN,CC,TMO,ENS,PSIX,NTAP,BDC,ALLE","FCEL,LWLG,WOLF,SMR,OKLO,POET,NVTS,ARM,CBRS,AEHR,APLD,RKLB,TSLA,AAOI,ALAB,MRAM,AMPX,AAON,FN,INTC,MXL,CRWD,TT,NBIS,BE,AOSL,SITM,DIOD,CSCO,DSCSY"
original_0714,mispricing,high_only,2026-07-18,next_open,192,0.07232009005371808,-0.019574212243907204,0.09189430229762528,-0.062135976968155426,0.04135871485172392,0.08728796012486939,0.15998765700024414,13,17,"ADBE,TSM,MU,NVDA,ORCL,AVGO,META,ATKR,VST,BABA,QCOM,GOOGL,TEL,SNDK,ST,MSFT,CEG,HPE,HTHIY,MOD,PLAB,PNR,VISN,CC,TMO,ENS,PSIX,NTAP,BDC,ALLE","FCEL,LWLG,WOLF,SMR,OKLO,POET,NVTS,ARM,CBRS,AEHR,APLD,RKLB,TSLA,AAOI,ALAB,MRAM,AMPX,AAON,FN,INTC,MXL,CRWD,TT,NBIS,BE,AOSL,SITM,DIOD,CSCO,DSCSY"
original_0714,mispricing,high_only,2026-07-18,report_close,192,0.08284231403137975,-0.0006568036953667292,0.08349911772674648,-0.06227492101418819,0.046651829551212484,0.08507379423238166,0.1528480454656431,12,18,"ADBE,TSM,MU,NVDA,ORCL,AVGO,META,ATKR,VST,BABA,QCOM,GOOGL,TEL,SNDK,ST,MSFT,CEG,HPE,HTHIY,MOD,PLAB,PNR,VISN,CC,TMO,ENS,PSIX,NTAP,BDC,ALLE","FCEL,LWLG,WOLF,SMR,OKLO,POET,NVTS,ARM,CBRS,AEHR,APLD,RKLB,TSLA,AAOI,ALAB,MRAM,AMPX,AAON,FN,INTC,MXL,CRWD,TT,NBIS,BE,AOSL,SITM,DIOD,CSCO,DSCSY"
original_0714,mispricing,strength_weighted,2026-07-14,next_open,192,0.03885361447933369,-0.11011997565712381,0.1489735901364575,-0.060854915118625064,0.017706483044318128,0.11467311403068467,0.36341826492689155,11,16,"ADBE,ORCL,ST,QCOM,VST,BABA,VISN,TSM,BDC,PNR,TEL,ENS,MU,META,AVGO,ATKR,NVDA,ET,MSFT,HPE,GOOGL,DD,TMO,PSIX,DOV,PLAB,CC,ALLE,HTHIY,SANM","LWLG,NVTS,ARM,SMR,FCEL,POET,CBRS,OKLO,TSLA,WOLF,RKLB,AEHR,AMPX,APLD,INTC,CRWD,ALAB,SITM,AXTI,BE,MRAM,NBIS,IREN,MXL,VICR,POWI,GLW,BESIY,CDNS,IMOS"
original_0714,mispricing,strength_weighted,2026-07-14,report_close,192,0.039316969954374344,-0.09050054845511345,0.1298175184094878,-0.06064364111815024,0.014896575803806052,0.10617987324388359,0.33035326750400135,11,16,"ADBE,ORCL,ST,QCOM,VST,BABA,VISN,TSM,BDC,PNR,TEL,ENS,MU,META,AVGO,ATKR,NVDA,ET,MSFT,HPE,GOOGL,DD,TMO,PSIX,DOV,PLAB,CC,ALLE,HTHIY,SANM","LWLG,NVTS,ARM,SMR,FCEL,POET,CBRS,OKLO,TSLA,WOLF,RKLB,AEHR,AMPX,APLD,INTC,CRWD,ALAB,SITM,AXTI,BE,MRAM,NBIS,IREN,MXL,VICR,POWI,GLW,BESIY,CDNS,IMOS"
original_0714,mispricing,strength_weighted,2026-07-15,next_open,192,0.053527288663206544,-0.04674090758565212,0.10026819624885866,-0.06133730047957209,0.030372508321981677,0.08233905428231744,0.2524736863521689,10,16,"ADBE,ORCL,ST,QCOM,VST,BABA,VISN,TSM,BDC,PNR,TEL,ENS,MU,META,AVGO,ATKR,NVDA,ET,MSFT,HPE,GOOGL,DD,TMO,PSIX,DOV,PLAB,CC,ALLE,HTHIY,SANM","LWLG,NVTS,ARM,SMR,FCEL,POET,CBRS,OKLO,TSLA,WOLF,RKLB,AEHR,AMPX,APLD,INTC,CRWD,ALAB,SITM,AXTI,BE,MRAM,NBIS,IREN,MXL,VICR,POWI,GLW,BESIY,CDNS,IMOS"
original_0714,mispricing,strength_weighted,2026-07-15,report_close,192,0.041540039796321135,-0.0791719950754515,0.12071203487177264,-0.06100379898014763,0.021164044602088747,0.09432676779076106,0.30306981254916865,11,15,"ADBE,ORCL,ST,QCOM,VST,BABA,VISN,TSM,BDC,PNR,TEL,ENS,MU,META,AVGO,ATKR,NVDA,ET,MSFT,HPE,GOOGL,DD,TMO,PSIX,DOV,PLAB,CC,ALLE,HTHIY,SANM","LWLG,NVTS,ARM,SMR,FCEL,POET,CBRS,OKLO,TSLA,WOLF,RKLB,AEHR,AMPX,APLD,INTC,CRWD,ALAB,SITM,AXTI,BE,MRAM,NBIS,IREN,MXL,VICR,POWI,GLW,BESIY,CDNS,IMOS"
original_0714,mispricing,strength_weighted,2026-07-18,next_open,192,0.05772828926507844,-0.0026074906282404276,0.06033577989331887,-0.06152391303739302,0.026766914063084284,0.07269615933622975,0.179848357431571,10,15,"ADBE,ORCL,ST,QCOM,VST,BABA,VISN,TSM,BDC,PNR,TEL,ENS,MU,META,AVGO,ATKR,NVDA,ET,MSFT,HPE,GOOGL,DD,TMO,PSIX,DOV,PLAB,CC,ALLE,HTHIY,SANM","LWLG,NVTS,ARM,SMR,FCEL,POET,CBRS,OKLO,TSLA,WOLF,RKLB,AEHR,AMPX,APLD,INTC,CRWD,ALAB,SITM,AXTI,BE,MRAM,NBIS,IREN,MXL,VICR,POWI,GLW,BESIY,CDNS,IMOS"
original_0714,mispricing,strength_weighted,2026-07-18,report_close,192,0.06650801198781925,0.01666261610853228,0.04984539587928697,-0.06164176051423209,0.030317527507651987,0.06873949218882117,0.16551318395138762,10,17,"ADBE,ORCL,ST,QCOM,VST,BABA,VISN,TSM,BDC,PNR,TEL,ENS,MU,META,AVGO,ATKR,NVDA,ET,MSFT,HPE,GOOGL,DD,TMO,PSIX,DOV,PLAB,CC,ALLE,HTHIY,SANM","LWLG,NVTS,ARM,SMR,FCEL,POET,CBRS,OKLO,TSLA,WOLF,RKLB,AEHR,AMPX,APLD,INTC,CRWD,ALAB,SITM,AXTI,BE,MRAM,NBIS,IREN,MXL,VICR,POWI,GLW,BESIY,CDNS,IMOS"
original_0714,overall,both,2026-07-14,next_open,192,0.02206924045405001,-0.11796081447590641,0.1400300549299564,-0.06085449046871694,0.000922109019034445,0.09788874000540099,0.3983075848411687,10,16,"ADBE,TSM,AVGO,QCOM,MSFT,ORCL,META,NVDA,VST,PNR,GOOGL,TEL,BABA,MU,HTHIY,TMO,DOV,MSI,ET,DELL,CRDO,ASML,APH,EME,ETN,DHR,DSCSY,NVT,ALLE,ST","LWLG,OKLO,SMR,NVTS,FCEL,POET,WOLF,AMPX,RKLB,CBRS,AEHR,APLD,INTC,TE,IREN,TSLA,NBIS,AXTI,FLNC,MRAM,MXL,AOSL,ARM,CRWV,ENPH,BE,IMOS,ALAB,CC,POWI"
original_0714,overall,both,2026-07-14,report_close,192,0.022011620734026748,-0.10027848338900688,0.12229010412303364,-0.062362584007838895,-0.0024087734165415438,0.08887452402353599,0.3569771857960557,10,16,"ADBE,TSM,AVGO,QCOM,MSFT,ORCL,META,NVDA,VST,PNR,GOOGL,TEL,BABA,MU,HTHIY,TMO,DOV,MSI,ET,DELL,CRDO,ASML,APH,EME,ETN,DHR,DSCSY,NVT,ALLE,ST","LWLG,OKLO,SMR,NVTS,FCEL,POET,WOLF,AMPX,RKLB,CBRS,AEHR,APLD,INTC,TE,IREN,TSLA,NBIS,AXTI,FLNC,MRAM,MXL,AOSL,ARM,CRWV,ENPH,BE,IMOS,ALAB,CC,POWI"
original_0714,overall,both,2026-07-15,next_open,192,0.04134654738106569,-0.05913795779518866,0.10048450517625435,-0.06061904194837997,0.018191767039840823,0.0701583130001766,0.2910218240512167,9,18,"ADBE,TSM,AVGO,QCOM,MSFT,ORCL,META,NVDA,VST,PNR,GOOGL,TEL,BABA,MU,HTHIY,TMO,DOV,MSI,ET,DELL,CRDO,ASML,APH,EME,ETN,DHR,DSCSY,NVT,ALLE,ST","LWLG,OKLO,SMR,NVTS,FCEL,POET,WOLF,AMPX,RKLB,CBRS,AEHR,APLD,INTC,TE,IREN,TSLA,NBIS,AXTI,FLNC,MRAM,MXL,AOSL,ARM,CRWV,ENPH,BE,IMOS,ALAB,CC,POWI"
original_0714,overall,both,2026-07-15,report_close,192,0.02967903855812537,-0.09060249779055597,0.12028153634868134,-0.0600188039825329,0.009303043363892982,0.0824657665525653,0.33717582670970897,10,15,"ADBE,TSM,AVGO,QCOM,MSFT,ORCL,META,NVDA,VST,PNR,GOOGL,TEL,BABA,MU,HTHIY,TMO,DOV,MSI,ET,DELL,CRDO,ASML,APH,EME,ETN,DHR,DSCSY,NVT,ALLE,ST","LWLG,OKLO,SMR,NVTS,FCEL,POET,WOLF,AMPX,RKLB,CBRS,AEHR,APLD,INTC,TE,IREN,TSLA,NBIS,AXTI,FLNC,MRAM,MXL,AOSL,ARM,CRWV,ENPH,BE,IMOS,ALAB,CC,POWI"
original_0714,overall,both,2026-07-18,next_open,192,0.043852637877919806,-0.016891290317183658,0.060743928195103464,-0.06107327506723914,0.01289126267592565,0.058820507949071114,0.2017571819982096,8,16,"ADBE,TSM,AVGO,QCOM,MSFT,ORCL,META,NVDA,VST,PNR,GOOGL,TEL,BABA,MU,HTHIY,TMO,DOV,MSI,ET,DELL,CRDO,ASML,APH,EME,ETN,DHR,DSCSY,NVT,ALLE,ST","LWLG,OKLO,SMR,NVTS,FCEL,POET,WOLF,AMPX,RKLB,CBRS,AEHR,APLD,INTC,TE,IREN,TSLA,NBIS,AXTI,FLNC,MRAM,MXL,AOSL,ARM,CRWV,ENPH,BE,IMOS,ALAB,CC,POWI"
original_0714,overall,both,2026-07-18,report_close,192,0.054817827676889426,0.002914093139154931,0.051903734537734496,-0.06153835694997101,0.018627343196722164,0.05704930787789134,0.1953652714103573,8,18,"ADBE,TSM,AVGO,QCOM,MSFT,ORCL,META,NVDA,VST,PNR,GOOGL,TEL,BABA,MU,HTHIY,TMO,DOV,MSI,ET,DELL,CRDO,ASML,APH,EME,ETN,DHR,DSCSY,NVT,ALLE,ST","LWLG,OKLO,SMR,NVTS,FCEL,POET,WOLF,AMPX,RKLB,CBRS,AEHR,APLD,INTC,TE,IREN,TSLA,NBIS,AXTI,FLNC,MRAM,MXL,AOSL,ARM,CRWV,ENPH,BE,IMOS,ALAB,CC,POWI"
original_0714,overall,self_only,2026-07-14,next_open,192,0.015218747727933824,-0.11931326516707452,0.13453201289500835,-0.07553384164686205,-0.005928383707081741,0.0910382472792848,0.4209691967555544,9,15,"ADBE,TSM,QCOM,AVGO,MSFT,ORCL,PNR,META,VST,GOOGL,NVDA,TEL,BABA,DOV,ST,TMO,HTHIY,DSCSY,MU,DELL,MSI,SKHY,ET,CRDO,MIELY,ANET,VRT,LFUS,ASML,DCI","LWLG,OKLO,SMR,NVTS,POET,FCEL,WOLF,AEHR,AMPX,APLD,TE,CBRS,RKLB,INTC,TSLA,ENPH,MXL,IREN,FLNC,ARM,AAOI,BE,IMOS,AXTI,VSH,AOSL,CRWV,POWI,NBIS,MRAM"
original_0714,overall,self_only,2026-07-14,report_close,192,0.012982868411785538,-0.10297610756387995,0.11595897597566548,-0.07863212159861888,-0.011437525738782754,0.07984577170129478,0.3786384721807775,9,16,"ADBE,TSM,QCOM,AVGO,MSFT,ORCL,PNR,META,VST,GOOGL,NVDA,TEL,BABA,DOV,ST,TMO,HTHIY,DSCSY,MU,DELL,MSI,SKHY,ET,CRDO,MIELY,ANET,VRT,LFUS,ASML,DCI","LWLG,OKLO,SMR,NVTS,POET,FCEL,WOLF,AEHR,AMPX,APLD,TE,CBRS,RKLB,INTC,TSLA,ENPH,MXL,IREN,FLNC,ARM,AAOI,BE,IMOS,AXTI,VSH,AOSL,CRWV,POWI,NBIS,MRAM"
original_0714,overall,self_only,2026-07-15,next_open,192,0.03783790175604626,-0.057457438950020374,0.09529534070606663,-0.06533706728060651,0.014683121414821393,0.06664966737515716,0.31824932859506827,9,16,"ADBE,TSM,QCOM,AVGO,MSFT,ORCL,PNR,META,VST,GOOGL,NVDA,TEL,BABA,DOV,ST,TMO,HTHIY,DSCSY,MU,DELL,MSI,SKHY,ET,CRDO,MIELY,ANET,VRT,LFUS,ASML,DCI","LWLG,OKLO,SMR,NVTS,POET,FCEL,WOLF,AEHR,AMPX,APLD,TE,CBRS,RKLB,INTC,TSLA,ENPH,MXL,IREN,FLNC,ARM,AAOI,BE,IMOS,AXTI,VSH,AOSL,CRWV,POWI,NBIS,MRAM"
original_0714,overall,self_only,2026-07-15,report_close,192,0.024549992198652625,-0.08937387331799139,0.11392386551664402,-0.06917051651628625,0.004173997004420237,0.07733672019309255,0.3626485229091501,10,16,"ADBE,TSM,QCOM,AVGO,MSFT,ORCL,PNR,META,VST,GOOGL,NVDA,TEL,BABA,DOV,ST,TMO,HTHIY,DSCSY,MU,DELL,MSI,SKHY,ET,CRDO,MIELY,ANET,VRT,LFUS,ASML,DCI","LWLG,OKLO,SMR,NVTS,POET,FCEL,WOLF,AEHR,AMPX,APLD,TE,CBRS,RKLB,INTC,TSLA,ENPH,MXL,IREN,FLNC,ARM,AAOI,BE,IMOS,AXTI,VSH,AOSL,CRWV,POWI,NBIS,MRAM"
original_0714,overall,self_only,2026-07-18,next_open,192,0.04292313670662708,-0.017916333181392696,0.060839469888019776,-0.06609889788693402,0.01196176150463292,0.057891006777778385,0.2265262593928872,8,16,"ADBE,TSM,QCOM,AVGO,MSFT,ORCL,PNR,META,VST,GOOGL,NVDA,TEL,BABA,DOV,ST,TMO,HTHIY,DSCSY,MU,DELL,MSI,SKHY,ET,CRDO,MIELY,ANET,VRT,LFUS,ASML,DCI","LWLG,OKLO,SMR,NVTS,POET,FCEL,WOLF,AEHR,AMPX,APLD,TE,CBRS,RKLB,INTC,TSLA,ENPH,MXL,IREN,FLNC,ARM,AAOI,BE,IMOS,AXTI,VSH,AOSL,CRWV,POWI,NBIS,MRAM"
original_0714,overall,self_only,2026-07-18,report_close,192,0.056011811442273116,0.0019417476759503746,0.05407006376632274,-0.06724512410337269,0.019821326962105854,0.05824329164327503,0.22230624203130514,9,17,"ADBE,TSM,QCOM,AVGO,MSFT,ORCL,PNR,META,VST,GOOGL,NVDA,TEL,BABA,DOV,ST,TMO,HTHIY,DSCSY,MU,DELL,MSI,SKHY,ET,CRDO,MIELY,ANET,VRT,LFUS,ASML,DCI","LWLG,OKLO,SMR,NVTS,POET,FCEL,WOLF,AEHR,AMPX,APLD,TE,CBRS,RKLB,INTC,TSLA,ENPH,MXL,IREN,FLNC,ARM,AAOI,BE,IMOS,AXTI,VSH,AOSL,CRWV,POWI,NBIS,MRAM"
original_0714,overall,other_only,2026-07-14,next_open,192,0.037656516477516826,-0.10915875053518563,0.14681526701270245,-0.04599080010959178,0.01650938504250126,0.11347601602886781,0.3660767571819982,10,18,"ADBE,NVDA,AVGO,MU,MSFT,META,TSM,VST,TEL,CEG,GOOGL,QCOM,HTHIY,BABA,ETN,APH,TMO,MSI,AMZN,ORCL,EME,PNR,MOD,ALLE,ASML,DHR,HUBB,ET,NTAP,DOV","LWLG,OKLO,FCEL,WOLF,SMR,POET,NVTS,RKLB,CBRS,AMPX,NBIS,AEHR,APLD,IREN,MRAM,INTC,TSLA,AXTI,TE,FLNC,AOSL,ARM,MXL,CRWV,BE,ALAB,IMOS,ENPH,COHU,ROG"
original_0714,overall,other_only,2026-07-14,report_close,192,0.03729528478276943,-0.090401910499738,0.12769719528250745,-0.0456846031805449,0.012874890632201139,0.10415818807227867,0.33059741475191934,10,18,"ADBE,NVDA,AVGO,MU,MSFT,META,TSM,VST,TEL,CEG,GOOGL,QCOM,HTHIY,BABA,ETN,APH,TMO,MSI,AMZN,ORCL,EME,PNR,MOD,ALLE,ASML,DHR,HUBB,ET,NTAP,DOV","LWLG,OKLO,FCEL,WOLF,SMR,POET,NVTS,RKLB,CBRS,AMPX,NBIS,AEHR,APLD,IREN,MRAM,INTC,TSLA,AXTI,TE,FLNC,AOSL,ARM,MXL,CRWV,BE,ALAB,IMOS,ENPH,COHU,ROG"
original_0714,overall,other_only,2026-07-15,next_open,192,0.05010750696038634,-0.04813824063068665,0.09824574759107299,-0.04635250790127021,0.026952726619161475,0.07891927257949724,0.2638519653853458,10,19,"ADBE,NVDA,AVGO,MU,MSFT,META,TSM,VST,TEL,CEG,GOOGL,QCOM,HTHIY,BABA,ETN,APH,TMO,MSI,AMZN,ORCL,EME,PNR,MOD,ALLE,ASML,DHR,HUBB,ET,NTAP,DOV","LWLG,OKLO,FCEL,WOLF,SMR,POET,NVTS,RKLB,CBRS,AMPX,NBIS,AEHR,APLD,IREN,MRAM,INTC,TSLA,AXTI,TE,FLNC,AOSL,ARM,MXL,CRWV,BE,ALAB,IMOS,ENPH,COHU,ROG"
original_0714,overall,other_only,2026-07-15,report_close,192,0.04057193607804033,-0.0805773969356589,0.12114933301369922,-0.04601290895433785,0.02019594088380794,0.09335866407248025,0.307574668366655,11,17,"ADBE,NVDA,AVGO,MU,MSFT,META,TSM,VST,TEL,CEG,GOOGL,QCOM,HTHIY,BABA,ETN,APH,TMO,MSI,AMZN,ORCL,EME,PNR,MOD,ALLE,ASML,DHR,HUBB,ET,NTAP,DOV","LWLG,OKLO,FCEL,WOLF,SMR,POET,NVTS,RKLB,CBRS,AMPX,NBIS,AEHR,APLD,IREN,MRAM,INTC,TSLA,AXTI,TE,FLNC,AOSL,ARM,MXL,CRWV,BE,ALAB,IMOS,ENPH,COHU,ROG"
original_0714,overall,other_only,2026-07-18,next_open,192,0.05030382434852663,-0.005864843801325292,0.05616866814985192,-0.04638589215634925,0.01934244914653247,0.06527169441967794,0.17953808697067525,9,18,"ADBE,NVDA,AVGO,MU,MSFT,META,TSM,VST,TEL,CEG,GOOGL,QCOM,HTHIY,BABA,ETN,APH,TMO,MSI,AMZN,ORCL,EME,PNR,MOD,ALLE,ASML,DHR,HUBB,ET,NTAP,DOV","LWLG,OKLO,FCEL,WOLF,SMR,POET,NVTS,RKLB,CBRS,AMPX,NBIS,AEHR,APLD,IREN,MRAM,INTC,TSLA,AXTI,TE,FLNC,AOSL,ARM,MXL,CRWV,BE,ALAB,IMOS,ENPH,COHU,ROG"
original_0714,overall,other_only,2026-07-18,report_close,192,0.05946916738880755,0.014911737782374172,0.04455742960643338,-0.04652568142769686,0.02327868290864029,0.06170064758980947,0.17075726338062555,8,19,"ADBE,NVDA,AVGO,MU,MSFT,META,TSM,VST,TEL,CEG,GOOGL,QCOM,HTHIY,BABA,ETN,APH,TMO,MSI,AMZN,ORCL,EME,PNR,MOD,ALLE,ASML,DHR,HUBB,ET,NTAP,DOV","LWLG,OKLO,FCEL,WOLF,SMR,POET,NVTS,RKLB,CBRS,AMPX,NBIS,AEHR,APLD,IREN,MRAM,INTC,TSLA,AXTI,TE,FLNC,AOSL,ARM,MXL,CRWV,BE,ALAB,IMOS,ENPH,COHU,ROG"
original_0714,overall,agreement_only,2026-07-14,next_open,192,0.025242701357402884,-0.1179608144759064,0.1432035158333093,-0.057474523548576184,0.00409556992238732,0.10106220090875387,0.3928888723109894,9,16,"ADBE,TSM,AVGO,QCOM,MSFT,META,ORCL,PNR,GOOGL,VST,BABA,TEL,TMO,HTHIY,NVDA,MU,DOV,MSI,APH,ASML,ETN,ET,EME,DELL,DHR,NVT,CRDO,NTAP,LFUS,ST","LWLG,SMR,OKLO,NVTS,FCEL,POET,WOLF,AMPX,RKLB,CBRS,AEHR,APLD,INTC,IREN,TE,NBIS,TSLA,FLNC,AXTI,MXL,MRAM,AOSL,ARM,CRWV,ENPH,IMOS,BE,ALAB,POWI,CC"
original_0714,overall,agreement_only,2026-07-14,report_close,192,0.025452974167477403,-0.10027848338900688,0.1257314575564843,-0.05853071398048182,0.0010325800169091112,0.09231587745698663,0.35134314895694874,9,17,"ADBE,TSM,AVGO,QCOM,MSFT,META,ORCL,PNR,GOOGL,VST,BABA,TEL,TMO,HTHIY,NVDA,MU,DOV,MSI,APH,ASML,ETN,ET,EME,DELL,DHR,NVT,CRDO,NTAP,LFUS,ST","LWLG,SMR,OKLO,NVTS,FCEL,POET,WOLF,AMPX,RKLB,CBRS,AEHR,APLD,INTC,IREN,TE,NBIS,TSLA,FLNC,AXTI,MXL,MRAM,AOSL,ARM,CRWV,ENPH,IMOS,BE,ALAB,POWI,CC"
original_0714,overall,agreement_only,2026-07-15,next_open,192,0.04730879327172125,-0.05913795779518865,0.1064467510669099,-0.058667483662479425,0.024154012930496384,0.07612055889083215,0.28793098771125525,9,19,"ADBE,TSM,AVGO,QCOM,MSFT,META,ORCL,PNR,GOOGL,VST,BABA,TEL,TMO,HTHIY,NVDA,MU,DOV,MSI,APH,ASML,ETN,ET,EME,DELL,DHR,NVT,CRDO,NTAP,LFUS,ST","LWLG,SMR,OKLO,NVTS,FCEL,POET,WOLF,AMPX,RKLB,CBRS,AEHR,APLD,INTC,IREN,TE,NBIS,TSLA,FLNC,AXTI,MXL,MRAM,AOSL,ARM,CRWV,ENPH,IMOS,BE,ALAB,POWI,CC"
original_0714,overall,agreement_only,2026-07-15,report_close,192,0.035550810917496276,-0.09060249779055599,0.12615330870805225,-0.05813010042437705,0.015174815723263888,0.0883375389119362,0.333830670319833,10,16,"ADBE,TSM,AVGO,QCOM,MSFT,META,ORCL,PNR,GOOGL,VST,BABA,TEL,TMO,HTHIY,NVDA,MU,DOV,MSI,APH,ASML,ETN,ET,EME,DELL,DHR,NVT,CRDO,NTAP,LFUS,ST","LWLG,SMR,OKLO,NVTS,FCEL,POET,WOLF,AMPX,RKLB,CBRS,AEHR,APLD,INTC,IREN,TE,NBIS,TSLA,FLNC,AXTI,MXL,MRAM,AOSL,ARM,CRWV,ENPH,IMOS,BE,ALAB,POWI,CC"
original_0714,overall,agreement_only,2026-07-18,next_open,192,0.04923521647577721,-0.016891290317183658,0.06612650679296087,-0.05900410412459811,0.01827384127378305,0.06420308654692852,0.1974947779616418,8,17,"ADBE,TSM,AVGO,QCOM,MSFT,META,ORCL,PNR,GOOGL,VST,BABA,TEL,TMO,HTHIY,NVDA,MU,DOV,MSI,APH,ASML,ETN,ET,EME,DELL,DHR,NVT,CRDO,NTAP,LFUS,ST","LWLG,SMR,OKLO,NVTS,FCEL,POET,WOLF,AMPX,RKLB,CBRS,AEHR,APLD,INTC,IREN,TE,NBIS,TSLA,FLNC,AXTI,MXL,MRAM,AOSL,ARM,CRWV,ENPH,IMOS,BE,ALAB,POWI,CC"
original_0714,overall,agreement_only,2026-07-18,report_close,192,0.060061740497936916,0.002914093139154931,0.057147647358781986,-0.059449567279355464,0.023871256017769654,0.062293220698938834,0.19036533922903726,7,19,"ADBE,TSM,AVGO,QCOM,MSFT,META,ORCL,PNR,GOOGL,VST,BABA,TEL,TMO,HTHIY,NVDA,MU,DOV,MSI,APH,ASML,ETN,ET,EME,DELL,DHR,NVT,CRDO,NTAP,LFUS,ST","LWLG,SMR,OKLO,NVTS,FCEL,POET,WOLF,AMPX,RKLB,CBRS,AEHR,APLD,INTC,IREN,TE,NBIS,TSLA,FLNC,AXTI,MXL,MRAM,AOSL,ARM,CRWV,ENPH,IMOS,BE,ALAB,POWI,CC"
original_0714,overall,high_only,2026-07-14,next_open,192,0.012441946728610261,-0.1592242719602506,0.17166621868886087,-0.06990488288792374,-0.008705184706405304,0.08826144627996124,0.37812135474595127,8,15,"MSFT,GOOGL,META,MU,TEL,NVDA,TSM,ADBE,AVGO,TMO,VST,ETN,EME,HTHIY,APH,CEG,AMZN,MSI,DHR,ASML,QCOM,HUBB,DOV,TT,LIN,ET,KEYS,ANET,KLAC,MOD","POET,SMR,LWLG,TE,INTC,AEHR,AOSL,TSLA,MXL,WOLF,FCEL,OKLO,NVTS,IREN,ENPH,MRAM,ROG,ICHR,CBRS,AMPX,ACMR,ARM,UCTT,RKLB,AAON,UMC,FLNC,MRAAY,APLD,NBIS"
original_0714,overall,high_only,2026-07-14,report_close,192,0.01914192773929307,-0.13852003691542678,0.15766196465471985,-0.06375623977643607,-0.005278466411275221,0.08600483102880231,0.34290141876678515,8,16,"MSFT,GOOGL,META,MU,TEL,NVDA,TSM,ADBE,AVGO,TMO,VST,ETN,EME,HTHIY,APH,CEG,AMZN,MSI,DHR,ASML,QCOM,HUBB,DOV,TT,LIN,ET,KEYS,ANET,KLAC,MOD","POET,SMR,LWLG,TE,INTC,AEHR,AOSL,TSLA,MXL,WOLF,FCEL,OKLO,NVTS,IREN,ENPH,MRAM,ROG,ICHR,CBRS,AMPX,ACMR,ARM,UCTT,RKLB,AAON,UMC,FLNC,MRAAY,APLD,NBIS"
original_0714,overall,high_only,2026-07-15,next_open,192,0.03346140538427769,-0.09582265761846663,0.1292840630027443,-0.05801969262259077,0.010306625043052825,0.0622731710033886,0.2743774245178093,8,18,"MSFT,GOOGL,META,MU,TEL,NVDA,TSM,ADBE,AVGO,TMO,VST,ETN,EME,HTHIY,APH,CEG,AMZN,MSI,DHR,ASML,QCOM,HUBB,DOV,TT,LIN,ET,KEYS,ANET,KLAC,MOD","POET,SMR,LWLG,TE,INTC,AEHR,AOSL,TSLA,MXL,WOLF,FCEL,OKLO,NVTS,IREN,ENPH,MRAM,ROG,ICHR,CBRS,AMPX,ACMR,ARM,UCTT,RKLB,AAON,UMC,FLNC,MRAAY,APLD,NBIS"
original_0714,overall,high_only,2026-07-15,report_close,192,0.021679004744103596,-0.1307989609879892,0.1524779657320928,-0.06208137875508457,0.0013030095498712084,0.07446573273854352,0.3217691180858856,9,16,"MSFT,GOOGL,META,MU,TEL,NVDA,TSM,ADBE,AVGO,TMO,VST,ETN,EME,HTHIY,APH,CEG,AMZN,MSI,DHR,ASML,QCOM,HUBB,DOV,TT,LIN,ET,KEYS,ANET,KLAC,MOD","POET,SMR,LWLG,TE,INTC,AEHR,AOSL,TSLA,MXL,WOLF,FCEL,OKLO,NVTS,IREN,ENPH,MRAM,ROG,ICHR,CBRS,AMPX,ACMR,ARM,UCTT,RKLB,AAON,UMC,FLNC,MRAAY,APLD,NBIS"
original_0714,overall,high_only,2026-07-18,next_open,192,0.03164166637284353,-0.057864861357060954,0.08950652772990449,-0.0579304576947991,0.0006802911708493758,0.04660953644399484,0.1857824919295771,7,17,"MSFT,GOOGL,META,MU,TEL,NVDA,TSM,ADBE,AVGO,TMO,VST,ETN,EME,HTHIY,APH,CEG,AMZN,MSI,DHR,ASML,QCOM,HUBB,DOV,TT,LIN,ET,KEYS,ANET,KLAC,MOD","POET,SMR,LWLG,TE,INTC,AEHR,AOSL,TSLA,MXL,WOLF,FCEL,OKLO,NVTS,IREN,ENPH,MRAM,ROG,ICHR,CBRS,AMPX,ACMR,ARM,UCTT,RKLB,AAON,UMC,FLNC,MRAAY,APLD,NBIS"
original_0714,overall,high_only,2026-07-18,report_close,192,0.041490118410355305,-0.037561342557558684,0.07905146096791399,-0.05868789348110848,0.005299633930188043,0.04372159861135722,0.1774170577543879,7,18,"MSFT,GOOGL,META,MU,TEL,NVDA,TSM,ADBE,AVGO,TMO,VST,ETN,EME,HTHIY,APH,CEG,AMZN,MSI,DHR,ASML,QCOM,HUBB,DOV,TT,LIN,ET,KEYS,ANET,KLAC,MOD","POET,SMR,LWLG,TE,INTC,AEHR,AOSL,TSLA,MXL,WOLF,FCEL,OKLO,NVTS,IREN,ENPH,MRAM,ROG,ICHR,CBRS,AMPX,ACMR,ARM,UCTT,RKLB,AAON,UMC,FLNC,MRAAY,APLD,NBIS"
original_0714,overall,strength_weighted,2026-07-14,next_open,192,0.03630489347395526,-0.10939580255024546,0.14570069602420072,-0.0545021801289729,0.015157762038939697,0.11212439302530625,0.4030616743075713,11,18,"ADBE,TSM,META,GOOGL,QCOM,AVGO,MSFT,VST,NVDA,ORCL,TEL,HTHIY,TMO,MU,PNR,BABA,MSI,DOV,ASML,APH,EME,DHR,ET,ETN,DELL,CRDO,AMZN,NVT,ALLE,CEG","LWLG,NVTS,SMR,POET,FCEL,RKLB,AMPX,AEHR,OKLO,INTC,TE,IREN,WOLF,AOSL,FLNC,MXL,AXTI,CBRS,ENPH,ARM,APLD,TSLA,MRAM,NBIS,BE,CRWV,IMOS,CC,ALAB,SITM"
original_0714,overall,strength_weighted,2026-07-14,report_close,192,0.03626673917935971,-0.09143785095448947,0.1277045901338492,-0.056050517868042715,0.011846345028791415,0.10312964246886894,0.36240946206223046,11,18,"ADBE,TSM,META,GOOGL,QCOM,AVGO,MSFT,VST,NVDA,ORCL,TEL,HTHIY,TMO,MU,PNR,BABA,MSI,DOV,ASML,APH,EME,DHR,ET,ETN,DELL,CRDO,AMZN,NVT,ALLE,CEG","LWLG,NVTS,SMR,POET,FCEL,RKLB,AMPX,AEHR,OKLO,INTC,TE,IREN,WOLF,AOSL,FLNC,MXL,AXTI,CBRS,ENPH,ARM,APLD,TSLA,MRAM,NBIS,BE,CRWV,IMOS,CC,ALAB,SITM"
original_0714,overall,strength_weighted,2026-07-15,next_open,192,0.05319787431473056,-0.048774469361989245,0.10197234367671981,-0.05277066371523376,0.030043093973505693,0.08200963993384146,0.295187586468817,10,20,"ADBE,TSM,META,GOOGL,QCOM,AVGO,MSFT,VST,NVDA,ORCL,TEL,HTHIY,TMO,MU,PNR,BABA,MSI,DOV,ASML,APH,EME,DHR,ET,ETN,DELL,CRDO,AMZN,NVT,ALLE,CEG","LWLG,NVTS,SMR,POET,FCEL,RKLB,AMPX,AEHR,OKLO,INTC,TE,IREN,WOLF,AOSL,FLNC,MXL,AXTI,CBRS,ENPH,ARM,APLD,TSLA,MRAM,NBIS,BE,CRWV,IMOS,CC,ALAB,SITM"
original_0714,overall,strength_weighted,2026-07-15,report_close,192,0.04247756845986199,-0.08106297388862384,0.12354054234848583,-0.05221601530485642,0.0221015732656296,0.09526429645430191,0.341273770447332,11,17,"ADBE,TSM,META,GOOGL,QCOM,AVGO,MSFT,VST,NVDA,ORCL,TEL,HTHIY,TMO,MU,PNR,BABA,MSI,DOV,ASML,APH,EME,DHR,ET,ETN,DELL,CRDO,AMZN,NVT,ALLE,CEG","LWLG,NVTS,SMR,POET,FCEL,RKLB,AMPX,AEHR,OKLO,INTC,TE,IREN,WOLF,AOSL,FLNC,MXL,AXTI,CBRS,ENPH,ARM,APLD,TSLA,MRAM,NBIS,BE,CRWV,IMOS,CC,ALAB,SITM"
original_0714,overall,strength_weighted,2026-07-18,next_open,192,0.0567660934633694,-0.004314272873914064,0.06108036633728346,-0.05312747820558339,0.025804718261375245,0.07173396353452072,0.2068995334074818,9,18,"ADBE,TSM,META,GOOGL,QCOM,AVGO,MSFT,VST,NVDA,ORCL,TEL,HTHIY,TMO,MU,PNR,BABA,MSI,DOV,ASML,APH,EME,DHR,ET,ETN,DELL,CRDO,AMZN,NVT,ALLE,CEG","LWLG,NVTS,SMR,POET,FCEL,RKLB,AMPX,AEHR,OKLO,INTC,TE,IREN,WOLF,AOSL,FLNC,MXL,AXTI,CBRS,ENPH,ARM,APLD,TSLA,MRAM,NBIS,BE,CRWV,IMOS,CC,ALAB,SITM"
original_0714,overall,strength_weighted,2026-07-18,report_close,192,0.0677266249360347,0.015707837093901365,0.05201878784213333,-0.05358824906991022,0.03153614045586743,0.06995810513703661,0.1994818652849741,9,20,"ADBE,TSM,META,GOOGL,QCOM,AVGO,MSFT,VST,NVDA,ORCL,TEL,HTHIY,TMO,MU,PNR,BABA,MSI,DOV,ASML,APH,EME,DHR,ET,ETN,DELL,CRDO,AMZN,NVT,ALLE,CEG","LWLG,NVTS,SMR,POET,FCEL,RKLB,AMPX,AEHR,OKLO,INTC,TE,IREN,WOLF,AOSL,FLNC,MXL,AXTI,CBRS,ENPH,ARM,APLD,TSLA,MRAM,NBIS,BE,CRWV,IMOS,CC,ALAB,SITM"
