ticker,report_date,mode,start_date,end_date,start_raw_price,start_adjusted_price,end_raw_close,end_adjusted_close,return_value,mdd,trading_closes,zero_volume_days,currency,exchange,source_url
AAOI,2026-07-12,next_open,2026-07-13,2026-09-04,115.91500091552734,115.91500091552734,105.52999877929688,105.52999877929688,-0.08959152874267329,-0.3900358827857381,40,0,USD,NGM,https://query1.finance.yahoo.com/v8/finance/chart/AAOI?period1=1767225600&period2=1788566400&interval=1d&events=div%2Csplits
AAOI,2026-07-12,report_close,2026-07-10,2026-09-04,119.91999816894533,119.91999816894533,105.52999877929688,105.52999877929688,-0.1199966611855312,-0.3900358827857381,41,0,USD,NGM,https://query1.finance.yahoo.com/v8/finance/chart/AAOI?period1=1767225600&period2=1788566400&interval=1d&events=div%2Csplits
AAOI,2026-07-13,next_open,2026-07-14,2026-09-04,119.41999816894533,119.41999816894533,105.52999877929688,105.52999877929688,-0.11631217218742584,-0.3900358827857381,39,0,USD,NGM,https://query1.finance.yahoo.com/v8/finance/chart/AAOI?period1=1767225600&period2=1788566400&interval=1d&events=div%2Csplits
AAOI,2026-07-13,report_close,2026-07-13,2026-09-04,111.87999725341795,111.87999725341795,105.52999877929688,105.52999877929688,-0.05675722765471458,-0.3900358827857381,40,0,USD,NGM,https://query1.finance.yahoo.com/v8/finance/chart/AAOI?period1=1767225600&period2=1788566400&interval=1d&events=div%2Csplits
AAOI,2026-07-14,next_open,2026-07-15,2026-09-04,123.78500366210938,123.78500366210938,105.52999877929688,105.52999877929688,-0.14747347693782364,-0.3818314466270909,38,0,USD,NGM,https://query1.finance.yahoo.com/v8/finance/chart/AAOI?period1=1767225600&period2=1788566400&interval=1d&events=div%2Csplits
AAOI,2026-07-14,report_close,2026-07-14,2026-09-04,125.4499969482422,125.4499969482422,105.52999877929688,105.52999877929688,-0.15878835116404078,-0.3900358827857381,39,0,USD,NGM,https://query1.finance.yahoo.com/v8/finance/chart/AAOI?period1=1767225600&period2=1788566400&interval=1d&events=div%2Csplits
AAOI,2026-07-15,next_open,2026-07-16,2026-09-04,105.0,105.0,105.52999877929688,105.52999877929688,0.005047607421875044,-0.35837669568664154,37,0,USD,NGM,https://query1.finance.yahoo.com/v8/finance/chart/AAOI?period1=1767225600&period2=1788566400&interval=1d&events=div%2Csplits
AAOI,2026-07-15,report_close,2026-07-15,2026-09-04,109.08999633789062,109.08999633789062,105.52999877929688,105.52999877929688,-0.03263358399579708,-0.3583766956866413,38,0,USD,NGM,https://query1.finance.yahoo.com/v8/finance/chart/AAOI?period1=1767225600&period2=1788566400&interval=1d&events=div%2Csplits
AAOI,2026-07-18,next_open,2026-07-20,2026-09-04,104.86000061035156,104.86000061035156,105.52999877929688,105.52999877929688,0.006389454177431864,-0.35837669568664143,35,0,USD,NGM,https://query1.finance.yahoo.com/v8/finance/chart/AAOI?period1=1767225600&period2=1788566400&interval=1d&events=div%2Csplits
AAOI,2026-07-18,report_close,2026-07-17,2026-09-04,102.41000366210938,102.41000366210938,105.52999877929688,105.52999877929688,0.03046572605818465,-0.35837669568664143,36,0,USD,NGM,https://query1.finance.yahoo.com/v8/finance/chart/AAOI?period1=1767225600&period2=1788566400&interval=1d&events=div%2Csplits
AAON,2026-07-12,next_open,2026-07-13,2026-09-04,112.66999816894533,112.52550748896087,79.4000015258789,79.4000015258789,-0.29438219566645085,-0.3408127221953524,40,0,USD,NMS,https://query1.finance.yahoo.com/v8/finance/chart/AAON?period1=1767225600&period2=1788566400&interval=1d&events=div%2Csplits
AAON,2026-07-12,report_close,2026-07-10,2026-09-04,114.16000366210938,114.01360321044922,79.4000015258789,79.4000015258789,-0.3035918584265742,-0.346356003560227,41,0,USD,NMS,https://query1.finance.yahoo.com/v8/finance/chart/AAON?period1=1767225600&period2=1788566400&interval=1d&events=div%2Csplits
AAON,2026-07-13,next_open,2026-07-14,2026-09-04,115.97000122070312,115.82128156368124,79.4000015258789,79.4000015258789,-0.3144610346741593,-0.35655773926140366,39,0,USD,NMS,https://query1.finance.yahoo.com/v8/finance/chart/AAON?period1=1767225600&period2=1788566400&interval=1d&events=div%2Csplits
AAON,2026-07-13,report_close,2026-07-13,2026-09-04,112.19000244140624,112.04612731933594,79.4000015258789,79.4000015258789,-0.29136326774074284,-0.3408127221953523,40,0,USD,NMS,https://query1.finance.yahoo.com/v8/finance/chart/AAON?period1=1767225600&period2=1788566400&interval=1d&events=div%2Csplits
AAON,2026-07-14,next_open,2026-07-15,2026-09-04,115.05999755859376,114.91244687188188,79.4000015258789,79.4000015258789,-0.30903915383158176,-0.35146879837947265,38,0,USD,NMS,https://query1.finance.yahoo.com/v8/finance/chart/AAON?period1=1767225600&period2=1788566400&interval=1d&events=div%2Csplits
AAON,2026-07-14,report_close,2026-07-14,2026-09-04,112.93000030517578,112.7851791381836,79.4000015258789,79.4000015258789,-0.29600677914782936,-0.3408127221953523,39,0,USD,NMS,https://query1.finance.yahoo.com/v8/finance/chart/AAON?period1=1767225600&period2=1788566400&interval=1d&events=div%2Csplits
AAON,2026-07-15,next_open,2026-07-16,2026-09-04,111.54000091552734,111.39696515796821,79.4000015258789,79.4000015258789,-0.2872337104221422,-0.3408127221953523,37,0,USD,NMS,https://query1.finance.yahoo.com/v8/finance/chart/AAON?period1=1767225600&period2=1788566400&interval=1d&events=div%2Csplits
AAON,2026-07-15,report_close,2026-07-15,2026-09-04,113.11000061035156,112.96495056152344,79.4000015258789,79.4000015258789,-0.2971271077338652,-0.3408127221953523,38,0,USD,NMS,https://query1.finance.yahoo.com/v8/finance/chart/AAON?period1=1767225600&period2=1788566400&interval=1d&events=div%2Csplits
AAON,2026-07-18,next_open,2026-07-20,2026-09-04,111.87999725341795,111.73652110698778,79.4000015258789,79.4000015258789,-0.2893997348471825,-0.33303537184928556,35,0,USD,NMS,https://query1.finance.yahoo.com/v8/finance/chart/AAON?period1=1767225600&period2=1788566400&interval=1d&events=div%2Csplits
AAON,2026-07-18,report_close,2026-07-17,2026-09-04,111.41999816894533,111.27711486816406,79.4000015258789,79.4000015258789,-0.2864660301451172,-0.3302818163530795,36,0,USD,NMS,https://query1.finance.yahoo.com/v8/finance/chart/AAON?period1=1767225600&period2=1788566400&interval=1d&events=div%2Csplits
ABBNY,2026-07-12,next_open,2026-07-13,2026-09-04,103.55999755859376,103.55999755859376,95.95999908447266,95.95999908447266,-0.07338739526158311,-0.11369757405653569,40,0,USD,PNK,https://query1.finance.yahoo.com/v8/finance/chart/ABBNY?period1=1767225600&period2=1788566400&interval=1d&events=div%2Csplits
ABBNY,2026-07-12,report_close,2026-07-10,2026-09-04,103.30999755859376,103.30999755859376,95.95999908447266,95.95999908447266,-0.07114508419141574,-0.1136975740565358,41,0,USD,PNK,https://query1.finance.yahoo.com/v8/finance/chart/ABBNY?period1=1767225600&period2=1788566400&interval=1d&events=div%2Csplits
ABBNY,2026-07-13,next_open,2026-07-14,2026-09-04,105.3499984741211,105.3499984741211,95.95999908447266,95.95999908447266,-0.08913146203751543,-0.12539154509544348,39,0,USD,PNK,https://query1.finance.yahoo.com/v8/finance/chart/ABBNY?period1=1767225600&period2=1788566400&interval=1d&events=div%2Csplits
ABBNY,2026-07-13,report_close,2026-07-13,2026-09-04,101.61000061035156,101.61000061035156,95.95999908447266,95.95999908447266,-0.05560477799370578,-0.11369757405653591,40,0,USD,PNK,https://query1.finance.yahoo.com/v8/finance/chart/ABBNY?period1=1767225600&period2=1788566400&interval=1d&events=div%2Csplits
ABBNY,2026-07-14,next_open,2026-07-15,2026-09-04,104.91000366210938,104.91000366210938,95.95999908447266,95.95999908447266,-0.08531125979618293,-0.12172341842242362,38,0,USD,PNK,https://query1.finance.yahoo.com/v8/finance/chart/ABBNY?period1=1767225600&period2=1788566400&interval=1d&events=div%2Csplits
ABBNY,2026-07-14,report_close,2026-07-14,2026-09-04,103.95999908447266,103.95999908447266,95.95999908447266,95.95999908447266,-0.07695267478311152,-0.1136975740565358,39,0,USD,PNK,https://query1.finance.yahoo.com/v8/finance/chart/ABBNY?period1=1767225600&period2=1788566400&interval=1d&events=div%2Csplits
ABBNY,2026-07-15,next_open,2026-07-16,2026-09-04,97.87999725341795,97.87999725341795,95.95999908447266,95.95999908447266,-0.01961583799368416,-0.07675354136148438,37,0,USD,PNK,https://query1.finance.yahoo.com/v8/finance/chart/ABBNY?period1=1767225600&period2=1788566400&interval=1d&events=div%2Csplits
ABBNY,2026-07-15,report_close,2026-07-15,2026-09-04,103.47000122070312,103.47000122070312,95.95999908447266,95.95999908447266,-0.072581444357109,-0.1095003546669302,38,0,USD,PNK,https://query1.finance.yahoo.com/v8/finance/chart/ABBNY?period1=1767225600&period2=1788566400&interval=1d&events=div%2Csplits
ABBNY,2026-07-18,next_open,2026-07-20,2026-09-04,98.75,98.75,95.95999908447266,95.95999908447266,-0.028253173828124978,-0.07675354136148427,35,0,USD,PNK,https://query1.finance.yahoo.com/v8/finance/chart/ABBNY?period1=1767225600&period2=1788566400&interval=1d&events=div%2Csplits
ABBNY,2026-07-18,report_close,2026-07-17,2026-09-04,98.29000091552734,98.29000091552734,95.95999908447266,95.95999908447266,-0.02370538009310985,-0.07675354136148449,36,0,USD,PNK,https://query1.finance.yahoo.com/v8/finance/chart/ABBNY?period1=1767225600&period2=1788566400&interval=1d&events=div%2Csplits
ACLS,2026-07-12,next_open,2026-07-13,2026-09-04,139.83999633789062,139.83999633789062,115.08000183105467,115.08000183105467,-0.1770594619225334,-0.24081097504833815,40,0,USD,NMS,https://query1.finance.yahoo.com/v8/finance/chart/ACLS?period1=1767225600&period2=1788566400&interval=1d&events=div%2Csplits
ACLS,2026-07-12,report_close,2026-07-10,2026-09-04,143.35000610351562,143.35000610351562,115.08000183105467,115.08000183105467,-0.1972096481952479,-0.24081097504833804,41,0,USD,NMS,https://query1.finance.yahoo.com/v8/finance/chart/ACLS?period1=1767225600&period2=1788566400&interval=1d&events=div%2Csplits
ACLS,2026-07-13,next_open,2026-07-14,2026-09-04,143.2100067138672,143.2100067138672,115.08000183105467,115.08000183105467,-0.19642485555507383,-0.24081097504833804,39,0,USD,NMS,https://query1.finance.yahoo.com/v8/finance/chart/ACLS?period1=1767225600&period2=1788566400&interval=1d&events=div%2Csplits
ACLS,2026-07-13,report_close,2026-07-13,2026-09-04,136.55999755859375,136.55999755859375,115.08000183105467,115.08000183105467,-0.15729346888954554,-0.24081097504833804,40,0,USD,NMS,https://query1.finance.yahoo.com/v8/finance/chart/ACLS?period1=1767225600&period2=1788566400&interval=1d&events=div%2Csplits
ACLS,2026-07-14,next_open,2026-07-15,2026-09-04,144.6699981689453,144.6699981689453,115.08000183105467,115.08000183105467,-0.20453443500659696,-0.24081097504833804,38,0,USD,NMS,https://query1.finance.yahoo.com/v8/finance/chart/ACLS?period1=1767225600&period2=1788566400&interval=1d&events=div%2Csplits
ACLS,2026-07-14,report_close,2026-07-14,2026-09-04,142.24000549316406,142.24000549316406,115.08000183105467,115.08000183105467,-0.19094490026165445,-0.24081097504833804,39,0,USD,NMS,https://query1.finance.yahoo.com/v8/finance/chart/ACLS?period1=1767225600&period2=1788566400&interval=1d&events=div%2Csplits
ACLS,2026-07-15,next_open,2026-07-16,2026-09-04,140.11000061035156,140.11000061035156,115.08000183105467,115.08000183105467,-0.17864534059139547,-0.23606969765023533,37,0,USD,NMS,https://query1.finance.yahoo.com/v8/finance/chart/ACLS?period1=1767225600&period2=1788566400&interval=1d&events=div%2Csplits
ACLS,2026-07-15,report_close,2026-07-15,2026-09-04,145.00999450683594,145.00999450683594,115.08000183105467,115.08000183105467,-0.2063995159614348,-0.24081097504833804,38,0,USD,NMS,https://query1.finance.yahoo.com/v8/finance/chart/ACLS?period1=1767225600&period2=1788566400&interval=1d&events=div%2Csplits
ACLS,2026-07-18,next_open,2026-07-20,2026-09-04,137.22000122070312,137.22000122070312,115.08000183105467,115.08000183105467,-0.16134673657405618,-0.23606969765023544,35,0,USD,NMS,https://query1.finance.yahoo.com/v8/finance/chart/ACLS?period1=1767225600&period2=1788566400&interval=1d&events=div%2Csplits
ACLS,2026-07-18,report_close,2026-07-17,2026-09-04,136.4199981689453,136.4199981689453,115.08000183105467,115.08000183105467,-0.15642865140243412,-0.23606969765023544,36,0,USD,NMS,https://query1.finance.yahoo.com/v8/finance/chart/ACLS?period1=1767225600&period2=1788566400&interval=1d&events=div%2Csplits
ACMR,2026-07-12,next_open,2026-07-13,2026-09-04,98.48999786376952,98.48999786376952,74.44000244140625,74.44000244140625,-0.24418718594784627,-0.33970367290228287,40,0,USD,NGM,https://query1.finance.yahoo.com/v8/finance/chart/ACMR?period1=1767225600&period2=1788566400&interval=1d&events=div%2Csplits
ACMR,2026-07-12,report_close,2026-07-10,2026-09-04,103.0,103.0,74.44000244140625,74.44000244140625,-0.2772815296950849,-0.3660193878470115,41,0,USD,NGM,https://query1.finance.yahoo.com/v8/finance/chart/ACMR?period1=1767225600&period2=1788566400&interval=1d&events=div%2Csplits
ACMR,2026-07-13,next_open,2026-07-14,2026-09-04,100.8000030517578,100.8000030517578,74.44000244140625,74.44000244140625,-0.2615079346457606,-0.3521825290200814,39,0,USD,NGM,https://query1.finance.yahoo.com/v8/finance/chart/ACMR?period1=1767225600&period2=1788566400&interval=1d&events=div%2Csplits
ACMR,2026-07-13,report_close,2026-07-13,2026-09-04,94.08000183105467,94.08000183105467,74.44000244140625,74.44000244140625,-0.20875849285076753,-0.33970367290228287,40,0,USD,NGM,https://query1.finance.yahoo.com/v8/finance/chart/ACMR?period1=1767225600&period2=1788566400&interval=1d&events=div%2Csplits
ACMR,2026-07-14,next_open,2026-07-15,2026-09-04,100.36000061035156,100.36000061035156,74.44000244140625,74.44000244140625,-0.25827020736657724,-0.34934234102602735,38,0,USD,NGM,https://query1.finance.yahoo.com/v8/finance/chart/ACMR?period1=1767225600&period2=1788566400&interval=1d&events=div%2Csplits
ACMR,2026-07-14,report_close,2026-07-14,2026-09-04,98.8949966430664,98.8949966430664,74.44000244140625,74.44000244140625,-0.24728242107053766,-0.33970367290228287,39,0,USD,NGM,https://query1.finance.yahoo.com/v8/finance/chart/ACMR?period1=1767225600&period2=1788566400&interval=1d&events=div%2Csplits
ACMR,2026-07-15,next_open,2026-07-16,2026-09-04,86.69000244140625,86.69000244140625,74.44000244140625,74.44000244140625,-0.14130810537558547,-0.3145795596444976,37,0,USD,NGM,https://query1.finance.yahoo.com/v8/finance/chart/ACMR?period1=1767225600&period2=1788566400&interval=1d&events=div%2Csplits
ACMR,2026-07-15,report_close,2026-07-15,2026-09-04,91.95999908447266,91.95999908447266,74.44000244140625,74.44000244140625,-0.1905175817473952,-0.3145795596444976,38,0,USD,NGM,https://query1.finance.yahoo.com/v8/finance/chart/ACMR?period1=1767225600&period2=1788566400&interval=1d&events=div%2Csplits
ACMR,2026-07-18,next_open,2026-07-20,2026-09-04,85.56999969482422,85.56999969482422,74.44000244140625,74.44000244140625,-0.13006891776454188,-0.3145795596444976,35,0,USD,NGM,https://query1.finance.yahoo.com/v8/finance/chart/ACMR?period1=1767225600&period2=1788566400&interval=1d&events=div%2Csplits
ACMR,2026-07-18,report_close,2026-07-17,2026-09-04,83.91999816894531,83.91999816894531,74.44000244140625,74.44000244140625,-0.11296467986634373,-0.31457955964449746,36,0,USD,NGM,https://query1.finance.yahoo.com/v8/finance/chart/ACMR?period1=1767225600&period2=1788566400&interval=1d&events=div%2Csplits
ADBE,2026-07-12,next_open,2026-07-13,2026-09-04,226.75,226.75,266.510009765625,266.510009765625,0.17534734185501644,-0.10571128274417152,40,0,USD,NMS,https://query1.finance.yahoo.com/v8/finance/chart/ADBE?period1=1767225600&period2=1788566400&interval=1d&events=div%2Csplits
ADBE,2026-07-12,report_close,2026-07-10,2026-09-04,223.63999938964844,223.63999938964844,266.510009765625,266.510009765625,0.19169205192709748,-0.10571128274417141,41,0,USD,NMS,https://query1.finance.yahoo.com/v8/finance/chart/ADBE?period1=1767225600&period2=1788566400&interval=1d&events=div%2Csplits
ADBE,2026-07-13,next_open,2026-07-14,2026-09-04,221.16000366210935,221.16000366210935,266.510009765625,266.510009765625,0.205055187884704,-0.10571128274417141,39,0,USD,NMS,https://query1.finance.yahoo.com/v8/finance/chart/ADBE?period1=1767225600&period2=1788566400&interval=1d&events=div%2Csplits
ADBE,2026-07-13,report_close,2026-07-13,2026-09-04,230.6100006103516,230.6100006103516,266.510009765625,266.510009765625,0.1556741210713215,-0.10571128274417163,40,0,USD,NMS,https://query1.finance.yahoo.com/v8/finance/chart/ADBE?period1=1767225600&period2=1788566400&interval=1d&events=div%2Csplits
ADBE,2026-07-14,next_open,2026-07-15,2026-09-04,223.16000366210935,223.16000366210935,266.510009765625,266.510009765625,0.19425526703769314,-0.10571128274417152,38,0,USD,NMS,https://query1.finance.yahoo.com/v8/finance/chart/ADBE?period1=1767225600&period2=1788566400&interval=1d&events=div%2Csplits
ADBE,2026-07-14,report_close,2026-07-14,2026-09-04,220.77999877929688,220.77999877929688,266.510009765625,266.510009765625,0.20712931986217753,-0.10571128274417152,39,0,USD,NMS,https://query1.finance.yahoo.com/v8/finance/chart/ADBE?period1=1767225600&period2=1788566400&interval=1d&events=div%2Csplits
ADBE,2026-07-15,next_open,2026-07-16,2026-09-04,228.7100067138672,228.7100067138672,266.510009765625,266.510009765625,0.16527481064284322,-0.10571128274417152,37,0,USD,NMS,https://query1.finance.yahoo.com/v8/finance/chart/ADBE?period1=1767225600&period2=1788566400&interval=1d&events=div%2Csplits
ADBE,2026-07-15,report_close,2026-07-15,2026-09-04,224.55999755859372,224.55999755859372,266.510009765625,266.510009765625,0.18680981770177207,-0.10571128274417152,38,0,USD,NMS,https://query1.finance.yahoo.com/v8/finance/chart/ADBE?period1=1767225600&period2=1788566400&interval=1d&events=div%2Csplits
ADBE,2026-07-18,next_open,2026-07-20,2026-09-04,235.6699981689453,235.6699981689453,266.510009765625,266.510009765625,0.1308609998569752,-0.09971570493734849,35,0,USD,NMS,https://query1.finance.yahoo.com/v8/finance/chart/ADBE?period1=1767225600&period2=1788566400&interval=1d&events=div%2Csplits
ADBE,2026-07-18,report_close,2026-07-17,2026-09-04,237.25,237.25,266.510009765625,266.510009765625,0.12332986202581675,-0.10571128274417152,36,0,USD,NMS,https://query1.finance.yahoo.com/v8/finance/chart/ADBE?period1=1767225600&period2=1788566400&interval=1d&events=div%2Csplits
ADI,2026-07-12,next_open,2026-07-13,2026-09-04,389.8299865722656,388.64586742001774,362.25,362.25,-0.06791753015474922,-0.10026733091514461,40,0,USD,NMS,https://query1.finance.yahoo.com/v8/finance/chart/ADI?period1=1767225600&period2=1788566400&interval=1d&events=div%2Csplits
ADI,2026-07-12,report_close,2026-07-10,2026-09-04,395.6499938964844,394.4482116699219,362.25,362.25,-0.08162848941210477,-0.1068621420086947,41,0,USD,NMS,https://query1.finance.yahoo.com/v8/finance/chart/ADI?period1=1767225600&period2=1788566400&interval=1d&events=div%2Csplits
ADI,2026-07-13,next_open,2026-07-14,2026-09-04,398.2799987792969,397.07020803218927,362.25,362.25,-0.08769282441196524,-0.11275985019048473,39,0,USD,NMS,https://query1.finance.yahoo.com/v8/finance/chart/ADI?period1=1767225600&period2=1788566400&interval=1d&events=div%2Csplits
ADI,2026-07-13,report_close,2026-07-13,2026-09-04,386.010009765625,384.8374938964844,362.25,362.25,-0.05869358951433168,-0.10026733091514461,40,0,USD,NMS,https://query1.finance.yahoo.com/v8/finance/chart/ADI?period1=1767225600&period2=1788566400&interval=1d&events=div%2Csplits
ADI,2026-07-14,next_open,2026-07-15,2026-09-04,397.3500061035156,396.1430350709775,362.25,362.25,-0.08555756903539857,-0.11068326419962538,38,0,USD,NMS,https://query1.finance.yahoo.com/v8/finance/chart/ADI?period1=1767225600&period2=1788566400&interval=1d&events=div%2Csplits
ADI,2026-07-14,report_close,2026-07-14,2026-09-04,392.75,391.5570068359375,362.25,362.25,-0.07484735638562368,-0.10026733091514461,39,0,USD,NMS,https://query1.finance.yahoo.com/v8/finance/chart/ADI?period1=1767225600&period2=1788566400&interval=1d&events=div%2Csplits
ADI,2026-07-15,next_open,2026-07-16,2026-09-04,380.010009765625,378.8557359517511,362.25,362.25,-0.04383129084751647,-0.08885893472150141,37,0,USD,NMS,https://query1.finance.yahoo.com/v8/finance/chart/ADI?period1=1767225600&period2=1788566400&interval=1d&events=div%2Csplits
ADI,2026-07-15,report_close,2026-07-15,2026-09-04,390.9599914550781,389.7724304199219,362.25,362.25,-0.07061153707118417,-0.09614789717213268,38,0,USD,NMS,https://query1.finance.yahoo.com/v8/finance/chart/ADI?period1=1767225600&period2=1788566400&interval=1d&events=div%2Csplits
ADI,2026-07-18,next_open,2026-07-20,2026-09-04,382.1000061035156,380.9393768915847,362.25,362.25,-0.04906128907987284,-0.08885893472150141,35,0,USD,NMS,https://query1.finance.yahoo.com/v8/finance/chart/ADI?period1=1767225600&period2=1788566400&interval=1d&events=div%2Csplits
ADI,2026-07-18,report_close,2026-07-17,2026-09-04,375.3599853515625,374.2198181152344,362.25,362.25,-0.03198606149594274,-0.0888589347215013,36,0,USD,NMS,https://query1.finance.yahoo.com/v8/finance/chart/ADI?period1=1767225600&period2=1788566400&interval=1d&events=div%2Csplits
AEHR,2026-07-12,next_open,2026-07-13,2026-09-04,69.58999633789062,69.58999633789062,86.26000213623047,86.26000213623047,0.23954600769627143,-0.47620358269784735,40,0,USD,NCM,https://query1.finance.yahoo.com/v8/finance/chart/AEHR?period1=1767225600&period2=1788566400&interval=1d&events=div%2Csplits
AEHR,2026-07-12,report_close,2026-07-10,2026-09-04,72.5999984741211,72.5999984741211,86.26000213623047,86.26000213623047,0.18815432436928492,-0.47620358269784746,41,0,USD,NCM,https://query1.finance.yahoo.com/v8/finance/chart/AEHR?period1=1767225600&period2=1788566400&interval=1d&events=div%2Csplits
AEHR,2026-07-13,next_open,2026-07-14,2026-09-04,73.30999755859375,73.30999755859375,86.26000213623047,86.26000213623047,0.17664718331611318,-0.47620358269784735,39,0,USD,NCM,https://query1.finance.yahoo.com/v8/finance/chart/AEHR?period1=1767225600&period2=1788566400&interval=1d&events=div%2Csplits
AEHR,2026-07-13,report_close,2026-07-13,2026-09-04,68.0199966430664,68.0199966430664,86.26000213623047,86.26000213623047,0.2681565185731798,-0.47620358269784735,40,0,USD,NCM,https://query1.finance.yahoo.com/v8/finance/chart/AEHR?period1=1767225600&period2=1788566400&interval=1d&events=div%2Csplits
AEHR,2026-07-14,next_open,2026-07-15,2026-09-04,98.16000366210938,98.16000366210938,86.26000213623047,86.26000213623047,-0.12123065486877538,-0.47620358269784746,38,0,USD,NCM,https://query1.finance.yahoo.com/v8/finance/chart/AEHR?period1=1767225600&period2=1788566400&interval=1d&events=div%2Csplits
AEHR,2026-07-14,report_close,2026-07-14,2026-09-04,72.01000213623047,72.01000213623047,86.26000213623047,86.26000213623047,0.19788917618751722,-0.47620358269784724,39,0,USD,NCM,https://query1.finance.yahoo.com/v8/finance/chart/AEHR?period1=1767225600&period2=1788566400&interval=1d&events=div%2Csplits
AEHR,2026-07-15,next_open,2026-07-16,2026-09-04,84.94000244140625,84.94000244140625,86.26000213623047,86.26000213623047,0.01554037740621439,-0.47620358269784735,37,0,USD,NCM,https://query1.finance.yahoo.com/v8/finance/chart/AEHR?period1=1767225600&period2=1788566400&interval=1d&events=div%2Csplits
AEHR,2026-07-15,report_close,2026-07-15,2026-09-04,87.79000091552734,87.79000091552734,86.26000213623047,86.26000213623047,-0.01742793898326822,-0.47620358269784735,38,0,USD,NCM,https://query1.finance.yahoo.com/v8/finance/chart/AEHR?period1=1767225600&period2=1788566400&interval=1d&events=div%2Csplits
AEHR,2026-07-18,next_open,2026-07-20,2026-09-04,84.18000030517578,84.18000030517578,86.26000213623047,86.26000213623047,0.024708978658993797,-0.47620358269784735,35,0,USD,NCM,https://query1.finance.yahoo.com/v8/finance/chart/AEHR?period1=1767225600&period2=1788566400&interval=1d&events=div%2Csplits
AEHR,2026-07-18,report_close,2026-07-17,2026-09-04,81.05000305175781,81.05000305175781,86.26000213623047,86.26000213623047,0.0642812941184665,-0.47620358269784735,36,0,USD,NCM,https://query1.finance.yahoo.com/v8/finance/chart/AEHR?period1=1767225600&period2=1788566400&interval=1d&events=div%2Csplits
AEIS,2026-07-12,next_open,2026-07-13,2026-09-04,300.0,299.89505109588595,280.8999938964844,280.8999938964844,-0.06333901519878116,-0.2338770415986604,40,0,USD,NMS,https://query1.finance.yahoo.com/v8/finance/chart/AEIS?period1=1767225600&period2=1788566400&interval=1d&events=div%2Csplits
AEIS,2026-07-12,report_close,2026-07-10,2026-09-04,308.04998779296875,307.94219970703125,280.8999938964844,280.8999938964844,-0.08781584932586106,-0.23387704159866052,41,0,USD,NMS,https://query1.finance.yahoo.com/v8/finance/chart/AEIS?period1=1767225600&period2=1788566400&interval=1d&events=div%2Csplits
AEIS,2026-07-13,next_open,2026-07-14,2026-09-04,312.239990234375,312.13074613577345,280.8999938964844,280.8999938964844,-0.1000566353232758,-0.2338770415986604,39,0,USD,NMS,https://query1.finance.yahoo.com/v8/finance/chart/AEIS?period1=1767225600&period2=1788566400&interval=1d&events=div%2Csplits
AEIS,2026-07-13,report_close,2026-07-13,2026-09-04,298.5199890136719,298.4155578613281,280.8999938964844,280.8999938964844,-0.058695210431967904,-0.2338770415986604,40,0,USD,NMS,https://query1.finance.yahoo.com/v8/finance/chart/AEIS?period1=1767225600&period2=1788566400&interval=1d&events=div%2Csplits
AEIS,2026-07-14,next_open,2026-07-15,2026-09-04,311.8399963378906,311.7308902126479,280.8999938964844,280.8999938964844,-0.09890228169281579,-0.2338770415986604,38,0,USD,NMS,https://query1.finance.yahoo.com/v8/finance/chart/AEIS?period1=1767225600&period2=1788566400&interval=1d&events=div%2Csplits
AEIS,2026-07-14,report_close,2026-07-14,2026-09-04,305.20001220703125,305.0932312011719,280.8999938964844,280.8999938964844,-0.07929785006844348,-0.23387704159866052,39,0,USD,NMS,https://query1.finance.yahoo.com/v8/finance/chart/AEIS?period1=1767225600&period2=1788566400&interval=1d&events=div%2Csplits
AEIS,2026-07-15,next_open,2026-07-16,2026-09-04,291.2900085449219,291.1880823959829,280.8999938964844,280.8999938964844,-0.0353314202107623,-0.2338770415986604,37,0,USD,NMS,https://query1.finance.yahoo.com/v8/finance/chart/AEIS?period1=1767225600&period2=1788566400&interval=1d&events=div%2Csplits
AEIS,2026-07-15,report_close,2026-07-15,2026-09-04,301.8800048828125,301.7743835449219,280.8999938964844,280.8999938964844,-0.0691721722805877,-0.23387704159866052,38,0,USD,NMS,https://query1.finance.yahoo.com/v8/finance/chart/AEIS?period1=1767225600&period2=1788566400&interval=1d&events=div%2Csplits
AEIS,2026-07-18,next_open,2026-07-20,2026-09-04,288.29998779296875,288.19911252221806,280.8999938964844,280.8999938964844,-0.025326651986726678,-0.2338770415986604,35,0,USD,NMS,https://query1.finance.yahoo.com/v8/finance/chart/AEIS?period1=1767225600&period2=1788566400&interval=1d&events=div%2Csplits
AEIS,2026-07-18,report_close,2026-07-17,2026-09-04,284.04998779296875,283.9505920410156,280.8999938964844,280.8999938964844,-0.0107434118119063,-0.2338770415986604,36,0,USD,NMS,https://query1.finance.yahoo.com/v8/finance/chart/AEIS?period1=1767225600&period2=1788566400&interval=1d&events=div%2Csplits
AEP,2026-07-12,next_open,2026-07-13,2026-09-04,135.57000732421875,134.54564987054198,124.5,124.5,-0.07466350551064094,-0.10152053746953738,40,0,USD,NMS,https://query1.finance.yahoo.com/v8/finance/chart/AEP?period1=1767225600&period2=1788566400&interval=1d&events=div%2Csplits
AEP,2026-07-12,report_close,2026-07-10,2026-09-04,135.42999267578125,134.4066925048828,124.5,124.5,-0.07370683944568401,-0.10152053746953749,41,0,USD,NMS,https://query1.finance.yahoo.com/v8/finance/chart/AEP?period1=1767225600&period2=1788566400&interval=1d&events=div%2Csplits
AEP,2026-07-13,next_open,2026-07-14,2026-09-04,135.74000549316406,134.714368470162,124.5,124.5,-0.07582241290337477,-0.10224867759229894,39,0,USD,NMS,https://query1.finance.yahoo.com/v8/finance/chart/AEP?period1=1767225600&period2=1788566400&interval=1d&events=div%2Csplits
AEP,2026-07-13,report_close,2026-07-13,2026-09-04,135.6300048828125,134.60519409179688,124.5,124.5,-0.07507283920192132,-0.1015205374695376,40,0,USD,NMS,https://query1.finance.yahoo.com/v8/finance/chart/AEP?period1=1767225600&period2=1788566400&interval=1d&events=div%2Csplits
AEP,2026-07-14,next_open,2026-07-15,2026-09-04,134.4600067138672,133.44403738800506,124.5,124.5,-0.06702463117178603,-0.1009239042646064,38,0,USD,NMS,https://query1.finance.yahoo.com/v8/finance/chart/AEP?period1=1767225600&period2=1788566400&interval=1d&events=div%2Csplits
AEP,2026-07-14,report_close,2026-07-14,2026-09-04,134.94000244140625,133.92041015625,124.5,124.5,-0.07034334904783257,-0.1009239042646064,39,0,USD,NMS,https://query1.finance.yahoo.com/v8/finance/chart/AEP?period1=1767225600&period2=1788566400&interval=1d&events=div%2Csplits
AEP,2026-07-15,next_open,2026-07-16,2026-09-04,132.10000610351562,131.1018682874894,124.5,124.5,-0.05035678265859911,-0.1009239042646064,37,0,USD,NMS,https://query1.finance.yahoo.com/v8/finance/chart/AEP?period1=1767225600&period2=1788566400&interval=1d&events=div%2Csplits
AEP,2026-07-15,report_close,2026-07-15,2026-09-04,132.5,131.49884033203125,124.5,124.5,-0.05322358976215569,-0.1009239042646064,38,0,USD,NMS,https://query1.finance.yahoo.com/v8/finance/chart/AEP?period1=1767225600&period2=1788566400&interval=1d&events=div%2Csplits
AEP,2026-07-18,next_open,2026-07-20,2026-09-04,132.64999389648438,131.64770062991033,124.5,124.5,-0.054294154745657464,-0.10092390426460629,35,0,USD,NMS,https://query1.finance.yahoo.com/v8/finance/chart/AEP?period1=1767225600&period2=1788566400&interval=1d&events=div%2Csplits
AEP,2026-07-18,report_close,2026-07-17,2026-09-04,132.13999938964844,131.1415557861328,124.5,124.5,-0.050644174124058305,-0.1009239042646064,36,0,USD,NMS,https://query1.finance.yahoo.com/v8/finance/chart/AEP?period1=1767225600&period2=1788566400&interval=1d&events=div%2Csplits
AJNMY,2026-07-12,next_open,2026-07-13,2026-09-04,34.72999954223633,34.72999954223633,33.369998931884766,33.369998931884766,-0.0391592464231858,-0.15885190290960927,40,0,USD,PNK,https://query1.finance.yahoo.com/v8/finance/chart/AJNMY?period1=1767225600&period2=1788566400&interval=1d&events=div%2Csplits
AJNMY,2026-07-12,report_close,2026-07-10,2026-09-04,35.77000045776367,35.77000045776367,33.369998931884766,33.369998931884766,-0.06709537308261337,-0.17249091409935335,41,0,USD,PNK,https://query1.finance.yahoo.com/v8/finance/chart/AJNMY?period1=1767225600&period2=1788566400&interval=1d&events=div%2Csplits
AJNMY,2026-07-13,next_open,2026-07-14,2026-09-04,35.31999969482422,35.31999969482422,33.369998931884766,33.369998931884766,-0.055209535101587326,-0.1619478868283427,39,0,USD,PNK,https://query1.finance.yahoo.com/v8/finance/chart/AJNMY?period1=1767225600&period2=1788566400&interval=1d&events=div%2Csplits
AJNMY,2026-07-13,report_close,2026-07-13,2026-09-04,34.79999923706055,34.79999923706055,33.369998931884766,33.369998931884766,-0.04109196369328916,-0.15885190290960916,40,0,USD,PNK,https://query1.finance.yahoo.com/v8/finance/chart/AJNMY?period1=1767225600&period2=1788566400&interval=1d&events=div%2Csplits
AJNMY,2026-07-14,next_open,2026-07-15,2026-09-04,34.5,34.5,33.369998931884766,33.369998931884766,-0.0327536541482677,-0.1422775479244165,38,0,USD,PNK,https://query1.finance.yahoo.com/v8/finance/chart/AJNMY?period1=1767225600&period2=1788566400&interval=1d&events=div%2Csplits
AJNMY,2026-07-14,report_close,2026-07-14,2026-09-04,35.189998626708984,35.189998626708984,33.369998931884766,33.369998931884766,-0.051719231766120366,-0.15885190290960927,39,0,USD,PNK,https://query1.finance.yahoo.com/v8/finance/chart/AJNMY?period1=1767225600&period2=1788566400&interval=1d&events=div%2Csplits
AJNMY,2026-07-15,next_open,2026-07-16,2026-09-04,32.880001068115234,32.880001068115234,33.369998931884766,33.369998931884766,0.014902610944398598,-0.10057731635640421,37,0,USD,PNK,https://query1.finance.yahoo.com/v8/finance/chart/AJNMY?period1=1767225600&period2=1788566400&interval=1d&events=div%2Csplits
AJNMY,2026-07-15,report_close,2026-07-15,2026-09-04,34.5099983215332,34.5099983215332,33.369998931884766,33.369998931884766,-0.03303388713690869,-0.1422775479244166,38,0,USD,PNK,https://query1.finance.yahoo.com/v8/finance/chart/AJNMY?period1=1767225600&period2=1788566400&interval=1d&events=div%2Csplits
AJNMY,2026-07-18,next_open,2026-07-20,2026-09-04,32.5,32.5,33.369998931884766,33.369998931884766,0.02676919790414667,-0.09035035191577756,35,0,USD,PNK,https://query1.finance.yahoo.com/v8/finance/chart/AJNMY?period1=1767225600&period2=1788566400&interval=1d&events=div%2Csplits
AJNMY,2026-07-18,report_close,2026-07-17,2026-09-04,32.470001220703125,32.470001220703125,33.369998931884766,33.369998931884766,0.027717821907804474,-0.09035035191577756,36,0,USD,PNK,https://query1.finance.yahoo.com/v8/finance/chart/AJNMY?period1=1767225600&period2=1788566400&interval=1d&events=div%2Csplits
ALAB,2026-07-12,next_open,2026-07-13,2026-09-04,403.510009765625,403.510009765625,310.3999938964844,310.3999938964844,-0.23075020102530464,-0.38108101546669626,40,0,USD,NMS,https://query1.finance.yahoo.com/v8/finance/chart/ALAB?period1=1767225600&period2=1788566400&interval=1d&events=div%2Csplits
ALAB,2026-07-12,report_close,2026-07-10,2026-09-04,412.9700012207031,412.9700012207031,310.3999938964844,310.3999938964844,-0.2483715694143177,-0.39525872398732464,41,0,USD,NMS,https://query1.finance.yahoo.com/v8/finance/chart/ALAB?period1=1767225600&period2=1788566400&interval=1d&events=div%2Csplits
ALAB,2026-07-13,next_open,2026-07-14,2026-09-04,392.0299987792969,392.0299987792969,310.3999938964844,310.3999938964844,-0.20822387352241423,-0.36295690056678165,39,0,USD,NMS,https://query1.finance.yahoo.com/v8/finance/chart/ALAB?period1=1767225600&period2=1788566400&interval=1d&events=div%2Csplits
ALAB,2026-07-13,report_close,2026-07-13,2026-09-04,362.0499877929688,362.0499877929688,310.3999938964844,310.3999938964844,-0.1426598415631476,-0.3102057342535445,40,0,USD,NMS,https://query1.finance.yahoo.com/v8/finance/chart/ALAB?period1=1767225600&period2=1788566400&interval=1d&events=div%2Csplits
ALAB,2026-07-14,next_open,2026-07-15,2026-09-04,371.5700073242188,371.5700073242188,310.3999938964844,310.3999938964844,-0.16462581000075083,-0.32787899838414614,38,0,USD,NMS,https://query1.finance.yahoo.com/v8/finance/chart/ALAB?period1=1767225600&period2=1788566400&interval=1d&events=div%2Csplits
ALAB,2026-07-14,report_close,2026-07-14,2026-09-04,361.7799987792969,361.7799987792969,310.3999938964844,310.3999938964844,-0.1420200261379203,-0.309690954901248,39,0,USD,NMS,https://query1.finance.yahoo.com/v8/finance/chart/ALAB?period1=1767225600&period2=1788566400&interval=1d&events=div%2Csplits
ALAB,2026-07-15,next_open,2026-07-16,2026-09-04,337.0249938964844,337.0249938964844,310.3999938964844,310.3999938964844,-0.07900007560916311,-0.25898669233454374,37,0,USD,NMS,https://query1.finance.yahoo.com/v8/finance/chart/ALAB?period1=1767225600&period2=1788566400&interval=1d&events=div%2Csplits
ALAB,2026-07-15,report_close,2026-07-15,2026-09-04,350.6199951171875,350.6199951171875,310.3999938964844,310.3999938964844,-0.11471108830305132,-0.2877188723658112,38,0,USD,NMS,https://query1.finance.yahoo.com/v8/finance/chart/ALAB?period1=1767225600&period2=1788566400&interval=1d&events=div%2Csplits
ALAB,2026-07-18,next_open,2026-07-20,2026-09-04,309.3900146484375,309.3900146484375,310.3999938964844,310.3999938964844,0.0032644209581054184,-0.24525902843803604,35,0,USD,NMS,https://query1.finance.yahoo.com/v8/finance/chart/ALAB?period1=1767225600&period2=1788566400&interval=1d&events=div%2Csplits
ALAB,2026-07-18,report_close,2026-07-17,2026-09-04,303.6199951171875,303.6199951171875,310.3999938964844,310.3999938964844,0.022330541098520174,-0.24525902843803604,36,0,USD,NMS,https://query1.finance.yahoo.com/v8/finance/chart/ALAB?period1=1767225600&period2=1788566400&interval=1d&events=div%2Csplits
ALLE,2026-07-12,next_open,2026-07-13,2026-09-04,136.55999755859375,136.55999755859375,157.1199951171875,157.1199951171875,0.15055651674109094,-0.10133772268131247,40,0,USD,NYQ,https://query1.finance.yahoo.com/v8/finance/chart/ALLE?period1=1767225600&period2=1788566400&interval=1d&events=div%2Csplits
ALLE,2026-07-12,report_close,2026-07-10,2026-09-04,136.6300048828125,136.6300048828125,157.1199951171875,157.1199951171875,0.14996698749992188,-0.10133772268131269,41,0,USD,NYQ,https://query1.finance.yahoo.com/v8/finance/chart/ALLE?period1=1767225600&period2=1788566400&interval=1d&events=div%2Csplits
ALLE,2026-07-13,next_open,2026-07-14,2026-09-04,136.97999572753906,136.97999572753906,157.1199951171875,157.1199951171875,0.14702876345322746,-0.10133772268131258,39,0,USD,NYQ,https://query1.finance.yahoo.com/v8/finance/chart/ALLE?period1=1767225600&period2=1788566400&interval=1d&events=div%2Csplits
ALLE,2026-07-13,report_close,2026-07-13,2026-09-04,136.36000061035156,136.36000061035156,157.1199951171875,157.1199951171875,0.15224401887586958,-0.10133772268131258,40,0,USD,NYQ,https://query1.finance.yahoo.com/v8/finance/chart/ALLE?period1=1767225600&period2=1788566400&interval=1d&events=div%2Csplits
ALLE,2026-07-14,next_open,2026-07-15,2026-09-04,136.1199951171875,136.1199951171875,157.1199951171875,157.1199951171875,0.15427564467601407,-0.10133772268131258,38,0,USD,NYQ,https://query1.finance.yahoo.com/v8/finance/chart/ALLE?period1=1767225600&period2=1788566400&interval=1d&events=div%2Csplits
ALLE,2026-07-14,report_close,2026-07-14,2026-09-04,136.50999450683594,136.50999450683594,157.1199951171875,157.1199951171875,0.15097796087977633,-0.10133772268131258,39,0,USD,NYQ,https://query1.finance.yahoo.com/v8/finance/chart/ALLE?period1=1767225600&period2=1788566400&interval=1d&events=div%2Csplits
ALLE,2026-07-15,next_open,2026-07-16,2026-09-04,135.74000549316406,135.74000549316406,157.1199951171875,157.1199951171875,0.15750691585982102,-0.10133772268131247,37,0,USD,NYQ,https://query1.finance.yahoo.com/v8/finance/chart/ALLE?period1=1767225600&period2=1788566400&interval=1d&events=div%2Csplits
ALLE,2026-07-15,report_close,2026-07-15,2026-09-04,135.82000732421875,135.82000732421875,157.1199951171875,157.1199951171875,0.15682511150307255,-0.10133772268131269,38,0,USD,NYQ,https://query1.finance.yahoo.com/v8/finance/chart/ALLE?period1=1767225600&period2=1788566400&interval=1d&events=div%2Csplits
ALLE,2026-07-18,next_open,2026-07-20,2026-09-04,137.61000061035156,137.61000061035156,157.1199951171875,157.1199951171875,0.1417774465540429,-0.10133772268131258,35,0,USD,NYQ,https://query1.finance.yahoo.com/v8/finance/chart/ALLE?period1=1767225600&period2=1788566400&interval=1d&events=div%2Csplits
ALLE,2026-07-18,report_close,2026-07-17,2026-09-04,137.24000549316406,137.24000549316406,157.1199951171875,157.1199951171875,0.14485564579064136,-0.10133772268131258,36,0,USD,NYQ,https://query1.finance.yahoo.com/v8/finance/chart/ALLE?period1=1767225600&period2=1788566400&interval=1d&events=div%2Csplits
AMAT,2026-07-12,next_open,2026-07-13,2026-09-04,582.010009765625,581.3883143507304,454.7099914550781,454.7099914550781,-0.2178893516928031,-0.26745659582970405,40,0,USD,NMS,https://query1.finance.yahoo.com/v8/finance/chart/AMAT?period1=1767225600&period2=1788566400&interval=1d&events=div%2Csplits
AMAT,2026-07-12,report_close,2026-07-10,2026-09-04,602.5,601.8564453125,454.7099914550781,454.7099914550781,-0.24448762658181633,-0.2757242909714571,41,0,USD,NMS,https://query1.finance.yahoo.com/v8/finance/chart/AMAT?period1=1767225600&period2=1788566400&interval=1d&events=div%2Csplits
AMAT,2026-07-13,next_open,2026-07-14,2026-09-04,613.9000244140625,613.2442927340592,454.7099914550781,454.7099914550781,-0.25851736927249536,-0.28917397385197185,39,0,USD,NMS,https://query1.finance.yahoo.com/v8/finance/chart/AMAT?period1=1767225600&period2=1788566400&interval=1d&events=div%2Csplits
AMAT,2026-07-13,report_close,2026-07-13,2026-09-04,575.3900146484375,574.775390625,454.7099914550781,454.7099914550781,-0.2088909879028833,-0.26745659582970416,40,0,USD,NMS,https://query1.finance.yahoo.com/v8/finance/chart/AMAT?period1=1767225600&period2=1788566400&interval=1d&events=div%2Csplits
AMAT,2026-07-14,next_open,2026-07-15,2026-09-04,610.3800048828125,609.7279860046576,454.7099914550781,454.7099914550781,-0.254241232332733,-0.28507463382404175,38,0,USD,NMS,https://query1.finance.yahoo.com/v8/finance/chart/AMAT?period1=1767225600&period2=1788566400&interval=1d&events=div%2Csplits
AMAT,2026-07-14,report_close,2026-07-14,2026-09-04,595.7000122070312,595.063720703125,454.7099914550781,454.7099914550781,-0.23586336112409179,-0.26745659582970405,39,0,USD,NMS,https://query1.finance.yahoo.com/v8/finance/chart/AMAT?period1=1767225600&period2=1788566400&interval=1d&events=div%2Csplits
AMAT,2026-07-15,next_open,2026-07-16,2026-09-04,562.5399780273438,561.9390761215258,454.7099914550781,454.7099914550781,-0.19081976894459307,-0.2270372318083247,37,0,USD,NMS,https://query1.finance.yahoo.com/v8/finance/chart/AMAT?period1=1767225600&period2=1788566400&interval=1d&events=div%2Csplits
AMAT,2026-07-15,report_close,2026-07-15,2026-09-04,579.4299926757812,578.81103515625,454.7099914550781,454.7099914550781,-0.21440683774743652,-0.2468871925628794,38,0,USD,NMS,https://query1.finance.yahoo.com/v8/finance/chart/AMAT?period1=1767225600&period2=1788566400&interval=1d&events=div%2Csplits
AMAT,2026-07-18,next_open,2026-07-20,2026-09-04,545.6300048828125,545.0471933385277,454.7099914550781,454.7099914550781,-0.16574198158899844,-0.22703723180832458,35,0,USD,NMS,https://query1.finance.yahoo.com/v8/finance/chart/AMAT?period1=1767225600&period2=1788566400&interval=1d&events=div%2Csplits
AMAT,2026-07-18,report_close,2026-07-17,2026-09-04,529.6599731445312,529.0941772460938,454.7099914550781,454.7099914550781,-0.14058779890223183,-0.22703723180832458,36,0,USD,NMS,https://query1.finance.yahoo.com/v8/finance/chart/AMAT?period1=1767225600&period2=1788566400&interval=1d&events=div%2Csplits
AMD,2026-07-12,next_open,2026-07-13,2026-09-04,537.5,537.5,477.5700073242188,477.5700073242188,-0.11149766079215107,-0.22227656606119217,40,0,USD,NMS,https://query1.finance.yahoo.com/v8/finance/chart/AMD?period1=1767225600&period2=1788566400&interval=1d&events=div%2Csplits
AMD,2026-07-12,report_close,2026-07-10,2026-09-04,557.8900146484375,557.8900146484375,477.5700073242188,477.5700073242188,-0.14397104306452502,-0.23002744935435482,41,0,USD,NMS,https://query1.finance.yahoo.com/v8/finance/chart/AMD?period1=1767225600&period2=1788566400&interval=1d&events=div%2Csplits
AMD,2026-07-13,next_open,2026-07-14,2026-09-04,567.219970703125,567.219970703125,477.5700073242188,477.5700073242188,-0.15805149326420265,-0.24269239493434647,39,0,USD,NMS,https://query1.finance.yahoo.com/v8/finance/chart/AMD?period1=1767225600&period2=1788566400&interval=1d&events=div%2Csplits
AMD,2026-07-13,report_close,2026-07-13,2026-09-04,534.3900146484375,534.3900146484375,477.5700073242188,477.5700073242188,-0.10632685073952819,-0.22227656606119217,40,0,USD,NMS,https://query1.finance.yahoo.com/v8/finance/chart/AMD?period1=1767225600&period2=1788566400&interval=1d&events=div%2Csplits
AMD,2026-07-14,next_open,2026-07-15,2026-09-04,556.02001953125,556.02001953125,477.5700073242188,477.5700073242188,-0.14109206404684516,-0.22743789347597188,38,0,USD,NMS,https://query1.finance.yahoo.com/v8/finance/chart/AMD?period1=1767225600&period2=1788566400&interval=1d&events=div%2Csplits
AMD,2026-07-14,report_close,2026-07-14,2026-09-04,548.1300048828125,548.1300048828125,477.5700073242188,477.5700073242188,-0.12872858068348048,-0.22227656606119195,39,0,USD,NMS,https://query1.finance.yahoo.com/v8/finance/chart/AMD?period1=1767225600&period2=1788566400&interval=1d&events=div%2Csplits
AMD,2026-07-15,next_open,2026-07-16,2026-09-04,509.3299865722656,509.3299865722656,477.5700073242188,477.5700073242188,-0.062356389934525525,-0.22227656606119217,37,0,USD,NMS,https://query1.finance.yahoo.com/v8/finance/chart/AMD?period1=1767225600&period2=1788566400&interval=1d&events=div%2Csplits
AMD,2026-07-15,report_close,2026-07-15,2026-09-04,529.1400146484375,529.1400146484375,477.5700073242188,477.5700073242188,-0.09746004062550817,-0.22227656606119206,38,0,USD,NMS,https://query1.finance.yahoo.com/v8/finance/chart/AMD?period1=1767225600&period2=1788566400&interval=1d&events=div%2Csplits
AMD,2026-07-18,next_open,2026-07-20,2026-09-04,517.0,517.0,477.5700073242188,477.5700073242188,-0.07626691039802935,-0.22227656606119217,35,0,USD,NMS,https://query1.finance.yahoo.com/v8/finance/chart/AMD?period1=1767225600&period2=1788566400&interval=1d&events=div%2Csplits
AMD,2026-07-18,report_close,2026-07-17,2026-09-04,495.760009765625,495.760009765625,477.5700073242188,477.5700073242188,-0.03669114507643667,-0.22227656606119206,36,0,USD,NMS,https://query1.finance.yahoo.com/v8/finance/chart/AMD?period1=1767225600&period2=1788566400&interval=1d&events=div%2Csplits
AMKR,2026-07-12,next_open,2026-07-13,2026-09-04,67.33999633789062,67.21629958984751,47.77000045776367,47.77000045776367,-0.28930927841527665,-0.3913105137956384,40,0,USD,NMS,https://query1.finance.yahoo.com/v8/finance/chart/AMKR?period1=1767225600&period2=1788566400&interval=1d&events=div%2Csplits
AMKR,2026-07-12,report_close,2026-07-10,2026-09-04,70.47000122070312,70.3405532836914,47.77000045776367,47.77000045776367,-0.32087539509247454,-0.3936426948579652,41,0,USD,NMS,https://query1.finance.yahoo.com/v8/finance/chart/AMKR?period1=1767225600&period2=1788566400&interval=1d&events=div%2Csplits
AMKR,2026-07-13,next_open,2026-07-14,2026-09-04,69.80999755859375,69.68176193128302,47.77000045776367,47.77000045776367,-0.3144547563984925,-0.3913105137956384,39,0,USD,NMS,https://query1.finance.yahoo.com/v8/finance/chart/AMKR?period1=1767225600&period2=1788566400&interval=1d&events=div%2Csplits
AMKR,2026-07-13,report_close,2026-07-13,2026-09-04,66.05999755859375,65.93865203857422,47.77000045776367,47.77000045776367,-0.27553871696045373,-0.3913105137956385,40,0,USD,NMS,https://query1.finance.yahoo.com/v8/finance/chart/AMKR?period1=1767225600&period2=1788566400&interval=1d&events=div%2Csplits
AMKR,2026-07-14,next_open,2026-07-15,2026-09-04,72.0,71.8677466328134,47.77000045776367,47.77000045776367,-0.33530682822393054,-0.40652781908950253,38,0,USD,NMS,https://query1.finance.yahoo.com/v8/finance/chart/AMKR?period1=1767225600&period2=1788566400&interval=1d&events=div%2Csplits
AMKR,2026-07-14,report_close,2026-07-14,2026-09-04,70.19999694824219,70.071044921875,47.77000045776367,47.77000045776367,-0.31826333529028505,-0.3913105137956385,39,0,USD,NMS,https://query1.finance.yahoo.com/v8/finance/chart/AMKR?period1=1767225600&period2=1788566400&interval=1d&events=div%2Csplits
AMKR,2026-07-15,next_open,2026-07-16,2026-09-04,65.12000274658203,65.00038447033562,47.77000045776367,47.77000045776367,-0.26508126302599666,-0.36195314689911895,37,0,USD,NMS,https://query1.finance.yahoo.com/v8/finance/chart/AMKR?period1=1767225600&period2=1788566400&interval=1d&events=div%2Csplits
AMKR,2026-07-15,report_close,2026-07-15,2026-09-04,67.63999938964844,67.51575469970703,47.77000045776367,47.77000045776367,-0.29246143110993084,-0.36827324939190964,38,0,USD,NMS,https://query1.finance.yahoo.com/v8/finance/chart/AMKR?period1=1767225600&period2=1788566400&interval=1d&events=div%2Csplits
AMKR,2026-07-18,next_open,2026-07-20,2026-09-04,64.33000183105469,64.21183272562858,47.77000045776367,47.77000045776367,-0.25605611255669014,-0.36195314689911895,35,0,USD,NMS,https://query1.finance.yahoo.com/v8/finance/chart/AMKR?period1=1767225600&period2=1788566400&interval=1d&events=div%2Csplits
AMKR,2026-07-18,report_close,2026-07-17,2026-09-04,62.93999862670898,62.82438278198242,47.77000045776367,47.77000045776367,-0.2396264261992278,-0.36195314689911895,36,0,USD,NMS,https://query1.finance.yahoo.com/v8/finance/chart/AMKR?period1=1767225600&period2=1788566400&interval=1d&events=div%2Csplits
AMPX,2026-07-12,next_open,2026-07-13,2026-09-04,11.31999969482422,11.31999969482422,9.890000343322754,9.890000343322754,-0.12632503445696175,-0.2557319694164891,40,0,USD,NYQ,https://query1.finance.yahoo.com/v8/finance/chart/AMPX?period1=1767225600&period2=1788566400&interval=1d&events=div%2Csplits
AMPX,2026-07-12,report_close,2026-07-10,2026-09-04,11.529999732971191,11.529999732971191,9.890000343322754,9.890000343322754,-0.14223759129488045,-0.2679965502298951,41,0,USD,NYQ,https://query1.finance.yahoo.com/v8/finance/chart/AMPX?period1=1767225600&period2=1788566400&interval=1d&events=div%2Csplits
AMPX,2026-07-13,next_open,2026-07-14,2026-09-04,11.3100004196167,11.3100004196167,9.890000343322754,9.890000343322754,-0.12555261039875976,-0.25573196941648924,39,0,USD,NYQ,https://query1.finance.yahoo.com/v8/finance/chart/AMPX?period1=1767225600&period2=1788566400&interval=1d&events=div%2Csplits
AMPX,2026-07-13,report_close,2026-07-13,2026-09-04,11.079999923706056,11.079999923706056,9.890000343322754,9.890000343322754,-0.10740068488965027,-0.2557319694164891,40,0,USD,NYQ,https://query1.finance.yahoo.com/v8/finance/chart/AMPX?period1=1767225600&period2=1788566400&interval=1d&events=div%2Csplits
AMPX,2026-07-14,next_open,2026-07-15,2026-09-04,11.199999809265137,11.199999809265137,9.890000343322754,9.890000343322754,-0.11696424002245898,-0.25573196941648924,38,0,USD,NYQ,https://query1.finance.yahoo.com/v8/finance/chart/AMPX?period1=1767225600&period2=1788566400&interval=1d&events=div%2Csplits
AMPX,2026-07-14,report_close,2026-07-14,2026-09-04,11.119999885559082,11.119999885559082,9.890000343322754,9.890000343322754,-0.11061147076392142,-0.2557319694164891,39,0,USD,NYQ,https://query1.finance.yahoo.com/v8/finance/chart/AMPX?period1=1767225600&period2=1788566400&interval=1d&events=div%2Csplits
AMPX,2026-07-15,next_open,2026-07-16,2026-09-04,10.960000038146973,10.960000038146973,9.890000343322754,9.890000343322754,-0.09762770904197238,-0.24220628546833645,37,0,USD,NYQ,https://query1.finance.yahoo.com/v8/finance/chart/AMPX?period1=1767225600&period2=1788566400&interval=1d&events=div%2Csplits
AMPX,2026-07-15,report_close,2026-07-15,2026-09-04,11.34000015258789,11.34000015258789,9.890000343322754,9.890000343322754,-0.1278659426591131,-0.25573196941648924,38,0,USD,NYQ,https://query1.finance.yahoo.com/v8/finance/chart/AMPX?period1=1767225600&period2=1788566400&interval=1d&events=div%2Csplits
AMPX,2026-07-18,next_open,2026-07-20,2026-09-04,10.329999923706056,10.329999923706056,9.890000343322754,9.890000343322754,-0.042594344978992504,-0.24220628546833634,35,0,USD,NYQ,https://query1.finance.yahoo.com/v8/finance/chart/AMPX?period1=1767225600&period2=1788566400&interval=1d&events=div%2Csplits
AMPX,2026-07-18,report_close,2026-07-17,2026-09-04,10.15999984741211,10.15999984741211,9.890000343322754,9.890000343322754,-0.026574754738616257,-0.24220628546833634,36,0,USD,NYQ,https://query1.finance.yahoo.com/v8/finance/chart/AMPX?period1=1767225600&period2=1788566400&interval=1d&events=div%2Csplits
AMZN,2026-07-12,next_open,2026-07-13,2026-09-04,244.67999267578125,244.67999267578125,258.510009765625,258.510009765625,0.05652287683435375,-0.11103707276394192,40,0,USD,NMS,https://query1.finance.yahoo.com/v8/finance/chart/AMZN?period1=1767225600&period2=1788566400&interval=1d&events=div%2Csplits
AMZN,2026-07-12,report_close,2026-07-10,2026-09-04,245.33999633789065,245.33999633789065,258.510009765625,258.510009765625,0.05368066203765709,-0.11103707276394192,41,0,USD,NMS,https://query1.finance.yahoo.com/v8/finance/chart/AMZN?period1=1767225600&period2=1788566400&interval=1d&events=div%2Csplits
AMZN,2026-07-13,next_open,2026-07-14,2026-09-04,245.5500030517578,245.5500030517578,258.510009765625,258.510009765625,0.05277950133494991,-0.11103707276394181,39,0,USD,NMS,https://query1.finance.yahoo.com/v8/finance/chart/AMZN?period1=1767225600&period2=1788566400&interval=1d&events=div%2Csplits
AMZN,2026-07-13,report_close,2026-07-13,2026-09-04,247.30999755859372,247.30999755859372,258.510009765625,258.510009765625,0.045287341060191943,-0.11103707276394192,40,0,USD,NMS,https://query1.finance.yahoo.com/v8/finance/chart/AMZN?period1=1767225600&period2=1788566400&interval=1d&events=div%2Csplits
AMZN,2026-07-14,next_open,2026-07-15,2026-09-04,249.75,249.75,258.510009765625,258.510009765625,0.03507511417667675,-0.11103707276394181,38,0,USD,NMS,https://query1.finance.yahoo.com/v8/finance/chart/AMZN?period1=1767225600&period2=1788566400&interval=1d&events=div%2Csplits
AMZN,2026-07-14,report_close,2026-07-14,2026-09-04,247.4900054931641,247.4900054931641,258.510009765625,258.510009765625,0.04452706787290972,-0.11103707276394192,39,0,USD,NMS,https://query1.finance.yahoo.com/v8/finance/chart/AMZN?period1=1767225600&period2=1788566400&interval=1d&events=div%2Csplits
AMZN,2026-07-15,next_open,2026-07-16,2026-09-04,255.1199951171875,255.1199951171875,258.510009765625,258.510009765625,0.013287922206490776,-0.11159455066477875,37,0,USD,NMS,https://query1.finance.yahoo.com/v8/finance/chart/AMZN?period1=1767225600&period2=1788566400&interval=1d&events=div%2Csplits
AMZN,2026-07-15,report_close,2026-07-15,2026-09-04,254.9600067138672,254.9600067138672,258.510009765625,258.510009765625,0.013923764348429124,-0.11103707276394192,38,0,USD,NMS,https://query1.finance.yahoo.com/v8/finance/chart/AMZN?period1=1767225600&period2=1788566400&interval=1d&events=div%2Csplits
AMZN,2026-07-18,next_open,2026-07-20,2026-09-04,248.75999450683597,248.75999450683597,258.510009765625,258.510009765625,0.03919446644995439,-0.10245754513892957,35,0,USD,NMS,https://query1.finance.yahoo.com/v8/finance/chart/AMZN?period1=1767225600&period2=1788566400&interval=1d&events=div%2Csplits
AMZN,2026-07-18,report_close,2026-07-17,2026-09-04,247.22999572753903,247.22999572753903,258.510009765625,258.510009765625,0.04562558845212772,-0.10245754513892957,36,0,USD,NMS,https://query1.finance.yahoo.com/v8/finance/chart/AMZN?period1=1767225600&period2=1788566400&interval=1d&events=div%2Csplits
ANET,2026-07-12,next_open,2026-07-13,2026-09-04,186.26499938964844,186.26499938964844,193.77999877929688,193.77999877929688,0.04034574082234199,-0.1519072196153981,40,0,USD,NYQ,https://query1.finance.yahoo.com/v8/finance/chart/ANET?period1=1767225600&period2=1788566400&interval=1d&events=div%2Csplits
ANET,2026-07-12,report_close,2026-07-10,2026-09-04,186.9600067138672,186.9600067138672,193.77999877929688,193.77999877929688,0.0364783473498016,-0.1550599296753974,41,0,USD,NYQ,https://query1.finance.yahoo.com/v8/finance/chart/ANET?period1=1767225600&period2=1788566400&interval=1d&events=div%2Csplits
ANET,2026-07-13,next_open,2026-07-14,2026-09-04,183.8999938964844,183.8999938964844,193.77999877929688,193.77999877929688,0.05372487879675436,-0.14100050862631908,39,0,USD,NYQ,https://query1.finance.yahoo.com/v8/finance/chart/ANET?period1=1767225600&period2=1788566400&interval=1d&events=div%2Csplits
ANET,2026-07-13,report_close,2026-07-13,2026-09-04,181.1499938964844,181.1499938964844,193.77999877929688,193.77999877929688,0.069721254807382,-0.1347428663889434,40,0,USD,NYQ,https://query1.finance.yahoo.com/v8/finance/chart/ANET?period1=1767225600&period2=1788566400&interval=1d&events=div%2Csplits
ANET,2026-07-14,next_open,2026-07-15,2026-09-04,184.0,184.0,193.77999877929688,193.77999877929688,0.053152167278787354,-0.14146738467009168,38,0,USD,NYQ,https://query1.finance.yahoo.com/v8/finance/chart/ANET?period1=1767225600&period2=1788566400&interval=1d&events=div%2Csplits
ANET,2026-07-14,report_close,2026-07-14,2026-09-04,182.57000732421875,182.57000732421875,193.77999877929688,193.77999877929688,0.061401057158149586,-0.1347428663889434,39,0,USD,NYQ,https://query1.finance.yahoo.com/v8/finance/chart/ANET?period1=1767225600&period2=1788566400&interval=1d&events=div%2Csplits
ANET,2026-07-15,next_open,2026-07-16,2026-09-04,169.2100067138672,169.2100067138672,193.77999877929688,193.77999877929688,0.14520413149665168,-0.12707838479809985,37,0,USD,NYQ,https://query1.finance.yahoo.com/v8/finance/chart/ANET?period1=1767225600&period2=1788566400&interval=1d&events=div%2Csplits
ANET,2026-07-15,report_close,2026-07-15,2026-09-04,171.9199981689453,171.9199981689453,193.77999877929688,193.77999877929688,0.1271521687015713,-0.12707838479809974,38,0,USD,NYQ,https://query1.finance.yahoo.com/v8/finance/chart/ANET?period1=1767225600&period2=1788566400&interval=1d&events=div%2Csplits
ANET,2026-07-18,next_open,2026-07-20,2026-09-04,168.94000244140625,168.94000244140625,193.77999877929688,193.77999877929688,0.14703442629880348,-0.12707838479809974,35,0,USD,NYQ,https://query1.finance.yahoo.com/v8/finance/chart/ANET?period1=1767225600&period2=1788566400&interval=1d&events=div%2Csplits
ANET,2026-07-18,report_close,2026-07-17,2026-09-04,168.61000061035156,168.61000061035156,193.77999877929688,193.77999877929688,0.14927939077060914,-0.12707838479809963,36,0,USD,NYQ,https://query1.finance.yahoo.com/v8/finance/chart/ANET?period1=1767225600&period2=1788566400&interval=1d&events=div%2Csplits
AOSL,2026-07-12,next_open,2026-07-13,2026-09-04,35.720001220703125,35.720001220703125,25.200000762939453,25.200000762939453,-0.29451288069011416,-0.3484013179422,40,0,USD,NMS,https://query1.finance.yahoo.com/v8/finance/chart/AOSL?period1=1767225600&period2=1788566400&interval=1d&events=div%2Csplits
AOSL,2026-07-12,report_close,2026-07-10,2026-09-04,37.560001373291016,37.560001373291016,25.200000762939453,25.200000762939453,-0.3290734866463765,-0.3706070680162731,41,0,USD,NMS,https://query1.finance.yahoo.com/v8/finance/chart/AOSL?period1=1767225600&period2=1788566400&interval=1d&events=div%2Csplits
AOSL,2026-07-13,next_open,2026-07-14,2026-09-04,37.04999923706055,37.04999923706055,25.200000762939453,25.200000762939453,-0.31983802208200107,-0.3619433231728191,39,0,USD,NMS,https://query1.finance.yahoo.com/v8/finance/chart/AOSL?period1=1767225600&period2=1788566400&interval=1d&events=div%2Csplits
AOSL,2026-07-13,report_close,2026-07-13,2026-09-04,34.689998626708984,34.689998626708984,25.200000762939453,25.200000762939453,-0.273565818375757,-0.3484013179422,40,0,USD,NMS,https://query1.finance.yahoo.com/v8/finance/chart/AOSL?period1=1767225600&period2=1788566400&interval=1d&events=div%2Csplits
AOSL,2026-07-14,next_open,2026-07-15,2026-09-04,35.310001373291016,35.310001373291016,25.200000762939453,25.200000762939453,-0.28632116162982957,-0.3484013179422,38,0,USD,NMS,https://query1.finance.yahoo.com/v8/finance/chart/AOSL?period1=1767225600&period2=1788566400&interval=1d&events=div%2Csplits
AOSL,2026-07-14,report_close,2026-07-14,2026-09-04,34.810001373291016,34.810001373291016,25.200000762939453,25.200000762939453,-0.27607010144288924,-0.3484013179422001,39,0,USD,NMS,https://query1.finance.yahoo.com/v8/finance/chart/AOSL?period1=1767225600&period2=1788566400&interval=1d&events=div%2Csplits
AOSL,2026-07-15,next_open,2026-07-16,2026-09-04,33.9900016784668,33.9900016784668,25.200000762939453,25.200000762939453,-0.25860548636265435,-0.3484013179422001,37,0,USD,NMS,https://query1.finance.yahoo.com/v8/finance/chart/AOSL?period1=1767225600&period2=1788566400&interval=1d&events=div%2Csplits
AOSL,2026-07-15,report_close,2026-07-15,2026-09-04,35.349998474121094,35.349998474121094,25.200000762939453,25.200000762939453,-0.2871286605178276,-0.3484013179422001,38,0,USD,NMS,https://query1.finance.yahoo.com/v8/finance/chart/AOSL?period1=1767225600&period2=1788566400&interval=1d&events=div%2Csplits
AOSL,2026-07-18,next_open,2026-07-20,2026-09-04,31.8799991607666,31.8799991607666,25.200000762939453,25.200000762939453,-0.2095357143562271,-0.3484013179422,35,0,USD,NMS,https://query1.finance.yahoo.com/v8/finance/chart/AOSL?period1=1767225600&period2=1788566400&interval=1d&events=div%2Csplits
AOSL,2026-07-18,report_close,2026-07-17,2026-09-04,31.270000457763672,31.270000457763672,25.200000762939453,25.200000762939453,-0.19411575330876496,-0.3484013179422001,36,0,USD,NMS,https://query1.finance.yahoo.com/v8/finance/chart/AOSL?period1=1767225600&period2=1788566400&interval=1d&events=div%2Csplits
APD,2026-07-12,next_open,2026-07-13,2026-09-04,300.9200134277344,300.9200134277344,301.2699890136719,301.2699890136719,0.0011630186438946755,-0.031063734098058293,40,0,USD,NYQ,https://query1.finance.yahoo.com/v8/finance/chart/APD?period1=1767225600&period2=1788566400&interval=1d&events=div%2Csplits
APD,2026-07-12,report_close,2026-07-10,2026-09-04,299.5299987792969,299.5299987792969,301.2699890136719,301.2699890136719,0.00580906834529471,-0.031063734098058293,41,0,USD,NYQ,https://query1.finance.yahoo.com/v8/finance/chart/APD?period1=1767225600&period2=1788566400&interval=1d&events=div%2Csplits
APD,2026-07-13,next_open,2026-07-14,2026-09-04,303.69000244140625,303.69000244140625,301.2699890136719,301.2699890136719,-0.00796869639526998,-0.03658340998987675,39,0,USD,NYQ,https://query1.finance.yahoo.com/v8/finance/chart/APD?period1=1767225600&period2=1788566400&interval=1d&events=div%2Csplits
APD,2026-07-13,report_close,2026-07-13,2026-09-04,301.9599914550781,301.9599914550781,301.2699890136719,301.2699890136719,-0.0022850790201750515,-0.031063734098058293,40,0,USD,NYQ,https://query1.finance.yahoo.com/v8/finance/chart/APD?period1=1767225600&period2=1788566400&interval=1d&events=div%2Csplits
APD,2026-07-14,next_open,2026-07-15,2026-09-04,297.7699890136719,297.7699890136719,301.2699890136719,301.2699890136719,0.011754038785417364,-0.029032398102899704,38,0,USD,NYQ,https://query1.finance.yahoo.com/v8/finance/chart/APD?period1=1767225600&period2=1788566400&interval=1d&events=div%2Csplits
APD,2026-07-14,report_close,2026-07-14,2026-09-04,299.3999938964844,299.3999938964844,301.2699890136719,301.2699890136719,0.006245808801967012,-0.029032398102899815,39,0,USD,NYQ,https://query1.finance.yahoo.com/v8/finance/chart/APD?period1=1767225600&period2=1788566400&interval=1d&events=div%2Csplits
APD,2026-07-15,next_open,2026-07-16,2026-09-04,292.2200012207031,292.2200012207031,301.2699890136719,301.2699890136719,0.030969775358167917,-0.029032398102899704,37,0,USD,NYQ,https://query1.finance.yahoo.com/v8/finance/chart/APD?period1=1767225600&period2=1788566400&interval=1d&events=div%2Csplits
APD,2026-07-15,report_close,2026-07-15,2026-09-04,293.69000244140625,293.69000244140625,301.2699890136719,301.2699890136719,0.025809481117008426,-0.029032398102899815,38,0,USD,NYQ,https://query1.finance.yahoo.com/v8/finance/chart/APD?period1=1767225600&period2=1788566400&interval=1d&events=div%2Csplits
APD,2026-07-18,next_open,2026-07-20,2026-09-04,295.1000061035156,295.1000061035156,301.2699890136719,301.2699890136719,0.020908108378662416,-0.029032398102899926,35,0,USD,NYQ,https://query1.finance.yahoo.com/v8/finance/chart/APD?period1=1767225600&period2=1788566400&interval=1d&events=div%2Csplits
APD,2026-07-18,report_close,2026-07-17,2026-09-04,295.6199951171875,295.6199951171875,301.2699890136719,301.2699890136719,0.01911235366283215,-0.029032398102899926,36,0,USD,NYQ,https://query1.finance.yahoo.com/v8/finance/chart/APD?period1=1767225600&period2=1788566400&interval=1d&events=div%2Csplits
APH,2026-07-12,next_open,2026-07-13,2026-09-04,79.16999816894531,79.16999816894531,82.77999877929688,82.77999877929688,0.045598088844816864,-0.11106597928883444,40,0,USD,NYQ,https://query1.finance.yahoo.com/v8/finance/chart/APH?period1=1767225600&period2=1788566400&interval=1d&events=div%2Csplits
APH,2026-07-12,report_close,2026-07-10,2026-09-04,79.52999877929688,79.52999877929688,82.77999877929688,82.77999877929688,0.040865082986095036,-0.11106597928883444,41,0,USD,NYQ,https://query1.finance.yahoo.com/v8/finance/chart/APH?period1=1767225600&period2=1788566400&interval=1d&events=div%2Csplits
APH,2026-07-13,next_open,2026-07-14,2026-09-04,79.04499816894531,79.04499816894531,82.77999877929688,82.77999877929688,0.047251574380059225,-0.11106597928883444,39,0,USD,NYQ,https://query1.finance.yahoo.com/v8/finance/chart/APH?period1=1767225600&period2=1788566400&interval=1d&events=div%2Csplits
APH,2026-07-13,report_close,2026-07-13,2026-09-04,77.99500274658203,77.99500274658203,82.77999877929688,82.77999877929688,0.06135003351768642,-0.11106597928883444,40,0,USD,NYQ,https://query1.finance.yahoo.com/v8/finance/chart/APH?period1=1767225600&period2=1788566400&interval=1d&events=div%2Csplits
APH,2026-07-14,next_open,2026-07-15,2026-09-04,80.18499755859375,80.18499755859375,82.77999877929688,82.77999877929688,0.03236267755457467,-0.11106597928883455,38,0,USD,NYQ,https://query1.finance.yahoo.com/v8/finance/chart/APH?period1=1767225600&period2=1788566400&interval=1d&events=div%2Csplits
APH,2026-07-14,report_close,2026-07-14,2026-09-04,79.18499755859375,79.18499755859375,82.77999877929688,82.77999877929688,0.045400029444251366,-0.11106597928883444,39,0,USD,NYQ,https://query1.finance.yahoo.com/v8/finance/chart/APH?period1=1767225600&period2=1788566400&interval=1d&events=div%2Csplits
APH,2026-07-15,next_open,2026-07-16,2026-09-04,77.20999908447266,77.20999908447266,82.77999877929688,82.77999877929688,0.07214091129220557,-0.11106597928883444,37,0,USD,NYQ,https://query1.finance.yahoo.com/v8/finance/chart/APH?period1=1767225600&period2=1788566400&interval=1d&events=div%2Csplits
APH,2026-07-15,report_close,2026-07-15,2026-09-04,78.5199966430664,78.5199966430664,82.77999877929688,82.77999877929688,0.05425372285222374,-0.11106597928883444,38,0,USD,NYQ,https://query1.finance.yahoo.com/v8/finance/chart/APH?period1=1767225600&period2=1788566400&interval=1d&events=div%2Csplits
APH,2026-07-18,next_open,2026-07-20,2026-09-04,76.0,76.0,82.77999877929688,82.77999877929688,0.08921051025390625,-0.11106597928883455,35,0,USD,NYQ,https://query1.finance.yahoo.com/v8/finance/chart/APH?period1=1767225600&period2=1788566400&interval=1d&events=div%2Csplits
APH,2026-07-18,report_close,2026-07-17,2026-09-04,75.5999984741211,75.5999984741211,82.77999877929688,82.77999877929688,0.0949735509271683,-0.11106597928883444,36,0,USD,NYQ,https://query1.finance.yahoo.com/v8/finance/chart/APH?period1=1767225600&period2=1788566400&interval=1d&events=div%2Csplits
APLD,2026-07-12,next_open,2026-07-13,2026-09-04,30.28199958801269,30.28199958801269,26.3700008392334,26.3700008392334,-0.1291856152830767,-0.23320785848810777,40,0,USD,NMS,https://query1.finance.yahoo.com/v8/finance/chart/APLD?period1=1767225600&period2=1788566400&interval=1d&events=div%2Csplits
APLD,2026-07-12,report_close,2026-07-10,2026-09-04,31.149999618530277,31.149999618530277,26.3700008392334,26.3700008392334,-0.1534510060299773,-0.2545746517588543,41,0,USD,NMS,https://query1.finance.yahoo.com/v8/finance/chart/APLD?period1=1767225600&period2=1788566400&interval=1d&events=div%2Csplits
APLD,2026-07-13,next_open,2026-07-14,2026-09-04,29.655000686645508,29.655000686645508,26.3700008392334,26.3700008392334,-0.11077389213790978,-0.22805853150768118,39,0,USD,NMS,https://query1.finance.yahoo.com/v8/finance/chart/APLD?period1=1767225600&period2=1788566400&interval=1d&events=div%2Csplits
APLD,2026-07-13,report_close,2026-07-13,2026-09-04,28.84000015258789,28.84000015258789,26.3700008392334,26.3700008392334,-0.08564491332476132,-0.22805853150768107,40,0,USD,NMS,https://query1.finance.yahoo.com/v8/finance/chart/APLD?period1=1767225600&period2=1788566400&interval=1d&events=div%2Csplits
APLD,2026-07-14,next_open,2026-07-15,2026-09-04,28.549999237060547,28.549999237060547,26.3700008392334,26.3700008392334,-0.07635721387331273,-0.22805853150768118,38,0,USD,NMS,https://query1.finance.yahoo.com/v8/finance/chart/APLD?period1=1767225600&period2=1788566400&interval=1d&events=div%2Csplits
APLD,2026-07-14,report_close,2026-07-14,2026-09-04,28.46999931335449,28.46999931335449,26.3700008392334,26.3700008392334,-0.07376180276674749,-0.22805853150768107,39,0,USD,NMS,https://query1.finance.yahoo.com/v8/finance/chart/APLD?period1=1767225600&period2=1788566400&interval=1d&events=div%2Csplits
APLD,2026-07-15,next_open,2026-07-16,2026-09-04,27.924999237060547,27.924999237060547,26.3700008392334,26.3700008392334,-0.05568481433522976,-0.22805853150768118,37,0,USD,NMS,https://query1.finance.yahoo.com/v8/finance/chart/APLD?period1=1767225600&period2=1788566400&interval=1d&events=div%2Csplits
APLD,2026-07-15,report_close,2026-07-15,2026-09-04,29.030000686645508,29.030000686645508,26.3700008392334,26.3700008392334,-0.09162934152584334,-0.22805853150768107,38,0,USD,NMS,https://query1.finance.yahoo.com/v8/finance/chart/APLD?period1=1767225600&period2=1788566400&interval=1d&events=div%2Csplits
APLD,2026-07-18,next_open,2026-07-20,2026-09-04,27.30500030517578,27.30500030517578,26.3700008392334,26.3700008392334,-0.03424279272998765,-0.22805853150768118,35,0,USD,NMS,https://query1.finance.yahoo.com/v8/finance/chart/APLD?period1=1767225600&period2=1788566400&interval=1d&events=div%2Csplits
APLD,2026-07-18,report_close,2026-07-17,2026-09-04,25.790000915527344,25.790000915527344,26.3700008392334,26.3700008392334,0.02248933319567481,-0.22805853150768107,36,0,USD,NMS,https://query1.finance.yahoo.com/v8/finance/chart/APLD?period1=1767225600&period2=1788566400&interval=1d&events=div%2Csplits
ARM,2026-07-12,next_open,2026-07-13,2026-09-04,311.42999267578125,311.42999267578125,252.08999633789065,252.08999633789065,-0.1905404030872112,-0.27787944424552113,40,0,USD,NMS,https://query1.finance.yahoo.com/v8/finance/chart/ARM?period1=1767225600&period2=1788566400&interval=1d&events=div%2Csplits
ARM,2026-07-12,report_close,2026-07-10,2026-09-04,323.3900146484375,323.3900146484375,252.08999633789065,252.08999633789065,-0.22047687028326535,-0.30458582762943387,41,0,USD,NMS,https://query1.finance.yahoo.com/v8/finance/chart/ARM?period1=1767225600&period2=1788566400&interval=1d&events=div%2Csplits
ARM,2026-07-13,next_open,2026-07-14,2026-09-04,310.0350036621094,310.0350036621094,252.08999633789065,252.08999633789065,-0.1868982748392175,-0.27463029421431373,39,0,USD,NMS,https://query1.finance.yahoo.com/v8/finance/chart/ARM?period1=1767225600&period2=1788566400&interval=1d&events=div%2Csplits
ARM,2026-07-13,report_close,2026-07-13,2026-09-04,298.989990234375,298.989990234375,252.08999633789065,252.08999633789065,-0.1568614182023952,-0.2478343532057391,40,0,USD,NMS,https://query1.finance.yahoo.com/v8/finance/chart/ARM?period1=1767225600&period2=1788566400&interval=1d&events=div%2Csplits
ARM,2026-07-14,next_open,2026-07-15,2026-09-04,281.0899963378906,281.0899963378906,252.08999633789065,252.08999633789065,-0.10316980460997927,-0.22379459889551923,38,0,USD,NMS,https://query1.finance.yahoo.com/v8/finance/chart/ARM?period1=1767225600&period2=1788566400&interval=1d&events=div%2Csplits
ARM,2026-07-14,report_close,2026-07-14,2026-09-04,281.1700134277344,281.1700134277344,252.08999633789065,252.08999633789065,-0.10342503005683357,-0.22379459889551934,39,0,USD,NMS,https://query1.finance.yahoo.com/v8/finance/chart/ARM?period1=1767225600&period2=1788566400&interval=1d&events=div%2Csplits
ARM,2026-07-15,next_open,2026-07-16,2026-09-04,268.5400085449219,268.5400085449219,252.08999633789065,252.08999633789065,-0.06125721189987765,-0.22379459889551934,37,0,USD,NMS,https://query1.finance.yahoo.com/v8/finance/chart/ARM?period1=1767225600&period2=1788566400&interval=1d&events=div%2Csplits
ARM,2026-07-15,report_close,2026-07-15,2026-09-04,277.010009765625,277.010009765625,252.08999633789065,252.08999633789065,-0.08996069654240613,-0.22379459889551923,38,0,USD,NMS,https://query1.finance.yahoo.com/v8/finance/chart/ARM?period1=1767225600&period2=1788566400&interval=1d&events=div%2Csplits
ARM,2026-07-18,next_open,2026-07-20,2026-09-04,272.0,272.0,252.08999633789065,252.08999633789065,-0.07319854287540206,-0.22379459889551923,35,0,USD,NMS,https://query1.finance.yahoo.com/v8/finance/chart/ARM?period1=1767225600&period2=1788566400&interval=1d&events=div%2Csplits
ARM,2026-07-18,report_close,2026-07-17,2026-09-04,267.19000244140625,267.19000244140625,252.08999633789065,252.08999633789065,-0.05651411342318835,-0.22379459889551923,36,0,USD,NMS,https://query1.finance.yahoo.com/v8/finance/chart/ARM?period1=1767225600&period2=1788566400&interval=1d&events=div%2Csplits
ASGLY,2026-07-12,next_open,2026-07-13,2026-09-04,7.869999885559082,7.869999885559082,7.070000171661377,7.070000171661377,-0.10165180756427339,-0.14723924729232551,40,0,USD,PNK,https://query1.finance.yahoo.com/v8/finance/chart/ASGLY?period1=1767225600&period2=1788566400&interval=1d&events=div%2Csplits
ASGLY,2026-07-12,report_close,2026-07-10,2026-09-04,7.71999979019165,7.71999979019165,7.070000171661377,7.070000171661377,-0.0841968440667713,-0.1472392472923254,41,0,USD,PNK,https://query1.finance.yahoo.com/v8/finance/chart/ASGLY?period1=1767225600&period2=1788566400&interval=1d&events=div%2Csplits
ASGLY,2026-07-13,next_open,2026-07-14,2026-09-04,7.929999828338623,7.929999828338623,7.070000171661377,7.070000171661377,-0.10844888717449319,-0.1472392472923254,39,0,USD,PNK,https://query1.finance.yahoo.com/v8/finance/chart/ASGLY?period1=1767225600&period2=1788566400&interval=1d&events=div%2Csplits
ASGLY,2026-07-13,report_close,2026-07-13,2026-09-04,7.670000076293945,7.670000076293945,7.070000171661377,7.070000171661377,-0.07822684467592356,-0.1472392472923254,40,0,USD,PNK,https://query1.finance.yahoo.com/v8/finance/chart/ASGLY?period1=1767225600&period2=1788566400&interval=1d&events=div%2Csplits
ASGLY,2026-07-14,next_open,2026-07-15,2026-09-04,8.100000381469727,8.100000381469727,7.070000171661377,7.070000171661377,-0.12716051374079795,-0.1472392472923254,38,0,USD,PNK,https://query1.finance.yahoo.com/v8/finance/chart/ASGLY?period1=1767225600&period2=1788566400&interval=1d&events=div%2Csplits
ASGLY,2026-07-14,report_close,2026-07-14,2026-09-04,7.980000019073486,7.980000019073486,7.070000171661377,7.070000171661377,-0.11403506832544652,-0.1472392472923254,39,0,USD,PNK,https://query1.finance.yahoo.com/v8/finance/chart/ASGLY?period1=1767225600&period2=1788566400&interval=1d&events=div%2Csplits
ASGLY,2026-07-15,next_open,2026-07-16,2026-09-04,8.039999961853027,8.039999961853027,7.070000171661377,7.070000171661377,-0.12064674064601466,-0.13557215892531815,37,0,USD,PNK,https://query1.finance.yahoo.com/v8/finance/chart/ASGLY?period1=1767225600&period2=1788566400&interval=1d&events=div%2Csplits
ASGLY,2026-07-15,report_close,2026-07-15,2026-09-04,8.149999618530273,8.149999618530273,7.070000171661377,7.070000171661377,-0.1325152757569893,-0.1472392472923254,38,0,USD,PNK,https://query1.finance.yahoo.com/v8/finance/chart/ASGLY?period1=1767225600&period2=1788566400&interval=1d&events=div%2Csplits
ASGLY,2026-07-18,next_open,2026-07-20,2026-09-04,7.639999866485596,7.639999866485596,7.070000171661377,7.070000171661377,-0.07460729120227316,-0.1290727076875292,35,0,USD,PNK,https://query1.finance.yahoo.com/v8/finance/chart/ASGLY?period1=1767225600&period2=1788566400&interval=1d&events=div%2Csplits
ASGLY,2026-07-18,report_close,2026-07-17,2026-09-04,7.630000114440918,7.630000114440918,7.070000171661377,7.070000171661377,-0.0733944868126093,-0.12907270768752932,36,0,USD,PNK,https://query1.finance.yahoo.com/v8/finance/chart/ASGLY?period1=1767225600&period2=1788566400&interval=1d&events=div%2Csplits
ASMIY,2026-07-12,next_open,2026-07-13,2026-09-04,1023.8499755859376,1023.8499755859376,958.9600219726562,958.9600219726562,-0.06337838077902536,-0.2345814856765519,40,0,USD,OQX,https://query1.finance.yahoo.com/v8/finance/chart/ASMIY?period1=1767225600&period2=1788566400&interval=1d&events=div%2Csplits
ASMIY,2026-07-12,report_close,2026-07-10,2026-09-04,1033.800048828125,1033.800048828125,958.9600219726562,958.9600219726562,-0.07239313534595437,-0.2345814856765519,41,0,USD,OQX,https://query1.finance.yahoo.com/v8/finance/chart/ASMIY?period1=1767225600&period2=1788566400&interval=1d&events=div%2Csplits
ASMIY,2026-07-13,next_open,2026-07-14,2026-09-04,1055.4000244140625,1055.4000244140625,958.9600219726562,958.9600219726562,-0.0913776769097081,-0.2345814856765518,39,0,USD,OQX,https://query1.finance.yahoo.com/v8/finance/chart/ASMIY?period1=1767225600&period2=1788566400&interval=1d&events=div%2Csplits
ASMIY,2026-07-13,report_close,2026-07-13,2026-09-04,998.4099731445312,998.4099731445312,958.9600219726562,958.9600219726562,-0.039512777549312594,-0.23458148567655202,40,0,USD,OQX,https://query1.finance.yahoo.com/v8/finance/chart/ASMIY?period1=1767225600&period2=1788566400&interval=1d&events=div%2Csplits
ASMIY,2026-07-14,next_open,2026-07-15,2026-09-04,1084.760009765625,1084.760009765625,958.9600219726562,958.9600219726562,-0.11597034059187827,-0.24867251518451772,38,0,USD,OQX,https://query1.finance.yahoo.com/v8/finance/chart/ASMIY?period1=1767225600&period2=1788566400&interval=1d&events=div%2Csplits
ASMIY,2026-07-14,report_close,2026-07-14,2026-09-04,1044.530029296875,1044.530029296875,958.9600219726562,958.9600219726562,-0.08192201748552908,-0.2345814856765518,39,0,USD,OQX,https://query1.finance.yahoo.com/v8/finance/chart/ASMIY?period1=1767225600&period2=1788566400&interval=1d&events=div%2Csplits
ASMIY,2026-07-15,next_open,2026-07-16,2026-09-04,1023.6209716796876,1023.6209716796876,958.9600219726562,958.9600219726562,-0.06316884031882175,-0.20788221360014403,37,0,USD,OQX,https://query1.finance.yahoo.com/v8/finance/chart/ASMIY?period1=1767225600&period2=1788566400&interval=1d&events=div%2Csplits
ASMIY,2026-07-15,report_close,2026-07-15,2026-09-04,1064.7900390625,1064.7900390625,958.9600219726562,958.9600219726562,-0.09939050254735882,-0.2345814856765519,38,0,USD,OQX,https://query1.finance.yahoo.com/v8/finance/chart/ASMIY?period1=1767225600&period2=1788566400&interval=1d&events=div%2Csplits
ASMIY,2026-07-18,next_open,2026-07-20,2026-09-04,992.9199829101562,992.9199829101562,958.9600219726562,958.9600219726562,-0.03420211247835547,-0.20788221360014403,35,0,USD,OQX,https://query1.finance.yahoo.com/v8/finance/chart/ASMIY?period1=1767225600&period2=1788566400&interval=1d&events=div%2Csplits
ASMIY,2026-07-18,report_close,2026-07-17,2026-09-04,994.4099731445312,994.4099731445312,958.9600219726562,958.9600219726562,-0.035649231332399944,-0.20788221360014392,36,0,USD,OQX,https://query1.finance.yahoo.com/v8/finance/chart/ASMIY?period1=1767225600&period2=1788566400&interval=1d&events=div%2Csplits
ASML,2026-07-12,next_open,2026-07-13,2026-09-04,1773.5400390625,1771.2493174829074,1714.8800048828125,1714.8800048828125,-0.031824606532636746,-0.1446476901131437,40,0,USD,NMS,https://query1.finance.yahoo.com/v8/finance/chart/ASML?period1=1767225600&period2=1788566400&interval=1d&events=div%2Csplits
ASML,2026-07-12,report_close,2026-07-10,2026-09-04,1797.3199462890625,1794.9984130859375,1714.8800048828125,1714.8800048828125,-0.044634250158130495,-0.1446476901131435,41,0,USD,NMS,https://query1.finance.yahoo.com/v8/finance/chart/ASML?period1=1767225600&period2=1788566400&interval=1d&events=div%2Csplits
ASML,2026-07-13,next_open,2026-07-14,2026-09-04,1787.449951171875,1785.141240157985,1714.8800048828125,1714.8800048828125,-0.039358922249174255,-0.1446476901131435,39,0,USD,NMS,https://query1.finance.yahoo.com/v8/finance/chart/ASML?period1=1767225600&period2=1788566400&interval=1d&events=div%2Csplits
ASML,2026-07-13,report_close,2026-07-13,2026-09-04,1726.0400390625,1723.8106689453125,1714.8800048828125,1714.8800048828125,-0.005180768528346591,-0.1446476901131437,40,0,USD,NMS,https://query1.finance.yahoo.com/v8/finance/chart/ASML?period1=1767225600&period2=1788566400&interval=1d&events=div%2Csplits
ASML,2026-07-14,next_open,2026-07-15,2026-09-04,1825.06005859375,1822.7028092777523,1714.8800048828125,1714.8800048828125,-0.05915544972340536,-0.1492359952960668,38,0,USD,NMS,https://query1.finance.yahoo.com/v8/finance/chart/ASML?period1=1767225600&period2=1788566400&interval=1d&events=div%2Csplits
ASML,2026-07-14,report_close,2026-07-14,2026-09-04,1775.6400146484375,1773.3465576171875,1714.8800048828125,1714.8800048828125,-0.032969614700093075,-0.1446476901131435,39,0,USD,NMS,https://query1.finance.yahoo.com/v8/finance/chart/ASML?period1=1767225600&period2=1788566400&interval=1d&events=div%2Csplits
ASML,2026-07-15,next_open,2026-07-16,2026-09-04,1796.9100341796875,1794.5890627913243,1714.8800048828125,1714.8800048828125,-0.04441632881932944,-0.13882668259678022,37,0,USD,NMS,https://query1.finance.yahoo.com/v8/finance/chart/ASML?period1=1767225600&period2=1788566400&interval=1d&events=div%2Csplits
ASML,2026-07-15,report_close,2026-07-15,2026-09-04,1815.27001953125,1812.9254150390625,1714.8800048828125,1714.8800048828125,-0.0540813258741466,-0.1446476901131436,38,0,USD,NMS,https://query1.finance.yahoo.com/v8/finance/chart/ASML?period1=1767225600&period2=1788566400&interval=1d&events=div%2Csplits
ASML,2026-07-18,next_open,2026-07-20,2026-09-04,1778.68994140625,1776.3924856892684,1714.8800048828125,1714.8800048828125,-0.03462775332704027,-0.13882668259678033,35,0,USD,NMS,https://query1.finance.yahoo.com/v8/finance/chart/ASML?period1=1767225600&period2=1788566400&interval=1d&events=div%2Csplits
ASML,2026-07-18,report_close,2026-07-17,2026-09-04,1747.5799560546875,1745.32275390625,1714.8800048828125,1714.8800048828125,-0.01744247529879661,-0.13882668259678033,36,0,USD,NMS,https://query1.finance.yahoo.com/v8/finance/chart/ASML?period1=1767225600&period2=1788566400&interval=1d&events=div%2Csplits
ASMVY,2026-07-12,next_open,2026-07-13,2026-09-04,71.05000305175781,70.64072979731544,60.810001373291016,60.810001373291016,-0.13916515942333918,-0.29335161462155224,40,0,USD,PNK,https://query1.finance.yahoo.com/v8/finance/chart/ASMVY?period1=1767225600&period2=1788566400&interval=1d&events=div%2Csplits
ASMVY,2026-07-12,report_close,2026-07-10,2026-09-04,72.04000091552734,71.62503051757812,60.810001373291016,60.810001373291016,-0.15099510696379947,-0.29335161462155224,41,0,USD,PNK,https://query1.finance.yahoo.com/v8/finance/chart/ASMVY?period1=1767225600&period2=1788566400&interval=1d&events=div%2Csplits
ASMVY,2026-07-13,next_open,2026-07-14,2026-09-04,73.08999633789062,72.66897811139724,60.810001373291016,60.810001373291016,-0.16319173664348374,-0.29470515611294457,39,0,USD,PNK,https://query1.finance.yahoo.com/v8/finance/chart/ASMVY?period1=1767225600&period2=1788566400&interval=1d&events=div%2Csplits
ASMVY,2026-07-13,report_close,2026-07-13,2026-09-04,70.5,70.0938949584961,60.810001373291016,60.810001373291016,-0.1324493893612596,-0.29335161462155224,40,0,USD,PNK,https://query1.finance.yahoo.com/v8/finance/chart/ASMVY?period1=1767225600&period2=1788566400&interval=1d&events=div%2Csplits
ASMVY,2026-07-14,next_open,2026-07-15,2026-09-04,72.73999786376953,72.32099178285911,60.810001373291016,60.810001373291016,-0.1591652731219365,-0.291311494643284,38,0,USD,PNK,https://query1.finance.yahoo.com/v8/finance/chart/ASMVY?period1=1767225600&period2=1788566400&interval=1d&events=div%2Csplits
ASMVY,2026-07-14,report_close,2026-07-14,2026-09-04,72.94999694824219,72.52978515625,60.810001373291016,60.810001373291016,-0.1615858058549492,-0.29335161462155235,39,0,USD,PNK,https://query1.finance.yahoo.com/v8/finance/chart/ASMVY?period1=1767225600&period2=1788566400&interval=1d&events=div%2Csplits
ASMVY,2026-07-15,next_open,2026-07-16,2026-09-04,67.20500183105469,66.81787885469332,60.810001373291016,60.810001373291016,-0.0899142203311698,-0.23294398967725194,37,0,USD,PNK,https://query1.finance.yahoo.com/v8/finance/chart/ASMVY?period1=1767225600&period2=1788566400&interval=1d&events=div%2Csplits
ASMVY,2026-07-15,report_close,2026-07-15,2026-09-04,71.8499984741211,71.43611907958984,60.810001373291016,60.810001373291016,-0.1487499299123437,-0.2825330346486673,38,0,USD,PNK,https://query1.finance.yahoo.com/v8/finance/chart/ASMVY?period1=1767225600&period2=1788566400&interval=1d&events=div%2Csplits
ASMVY,2026-07-18,next_open,2026-07-20,2026-09-04,62.970001220703125,62.607274053114615,60.810001373291016,60.810001373291016,-0.028707090462025797,-0.2236446047681696,35,0,USD,PNK,https://query1.finance.yahoo.com/v8/finance/chart/ASMVY?period1=1767225600&period2=1788566400&interval=1d&events=div%2Csplits
ASMVY,2026-07-18,report_close,2026-07-17,2026-09-04,62.59000015258789,62.22946166992188,60.810001373291016,60.810001373291016,-0.022810100851586745,-0.2236446047681695,36,0,USD,PNK,https://query1.finance.yahoo.com/v8/finance/chart/ASMVY?period1=1767225600&period2=1788566400&interval=1d&events=div%2Csplits
ASX,2026-07-12,next_open,2026-07-13,2026-09-04,41.5,41.5,37.5099983215332,37.5099983215332,-0.0961446187582361,-0.2501204617052193,40,0,USD,NYQ,https://query1.finance.yahoo.com/v8/finance/chart/ASX?period1=1767225600&period2=1788566400&interval=1d&events=div%2Csplits
ASX,2026-07-12,report_close,2026-07-10,2026-09-04,42.65999984741211,42.65999984741211,37.5099983215332,37.5099983215332,-0.12072202401077414,-0.2705109950645901,41,0,USD,NYQ,https://query1.finance.yahoo.com/v8/finance/chart/ASX?period1=1767225600&period2=1788566400&interval=1d&events=div%2Csplits
ASX,2026-07-13,next_open,2026-07-14,2026-09-04,41.77000045776367,41.77000045776367,37.5099983215332,37.5099983215332,-0.10198712208629324,-0.25496766822636674,39,0,USD,NYQ,https://query1.finance.yahoo.com/v8/finance/chart/ASX?period1=1767225600&period2=1788566400&interval=1d&events=div%2Csplits
ASX,2026-07-13,report_close,2026-07-13,2026-09-04,40.560001373291016,40.560001373291016,37.5099983215332,37.5099983215332,-0.07519731135330421,-0.23575638736938043,40,0,USD,NYQ,https://query1.finance.yahoo.com/v8/finance/chart/ASX?period1=1767225600&period2=1788566400&interval=1d&events=div%2Csplits
ASX,2026-07-14,next_open,2026-07-15,2026-09-04,41.7400016784668,41.7400016784668,37.5099983215332,37.5099983215332,-0.10134171506552203,-0.25443220920405807,38,0,USD,NYQ,https://query1.finance.yahoo.com/v8/finance/chart/ASX?period1=1767225600&period2=1788566400&interval=1d&events=div%2Csplits
ASX,2026-07-14,report_close,2026-07-14,2026-09-04,40.36000061035156,40.36000061035156,37.5099983215332,37.5099983215332,-0.07061452541423874,-0.23575638736938032,39,0,USD,NYQ,https://query1.finance.yahoo.com/v8/finance/chart/ASX?period1=1767225600&period2=1788566400&interval=1d&events=div%2Csplits
ASX,2026-07-15,next_open,2026-07-16,2026-09-04,40.25,40.25,37.5099983215332,37.5099983215332,-0.06807457586252907,-0.2314151753719612,37,0,USD,NYQ,https://query1.finance.yahoo.com/v8/finance/chart/ASX?period1=1767225600&period2=1788566400&interval=1d&events=div%2Csplits
ASX,2026-07-15,report_close,2026-07-15,2026-09-04,40.720001220703125,40.720001220703125,37.5099983215332,37.5099983215332,-0.07883111009186006,-0.23575638736938032,38,0,USD,NYQ,https://query1.finance.yahoo.com/v8/finance/chart/ASX?period1=1767225600&period2=1788566400&interval=1d&events=div%2Csplits
ASX,2026-07-18,next_open,2026-07-20,2026-09-04,37.7599983215332,37.7599983215332,37.5099983215332,37.5099983215332,-0.006620763006163433,-0.2314151753719612,35,0,USD,NYQ,https://query1.finance.yahoo.com/v8/finance/chart/ASX?period1=1767225600&period2=1788566400&interval=1d&events=div%2Csplits
ASX,2026-07-18,report_close,2026-07-17,2026-09-04,38.40999984741211,38.40999984741211,37.5099983215332,37.5099983215332,-0.023431437892586837,-0.23141517537196132,36,0,USD,NYQ,https://query1.finance.yahoo.com/v8/finance/chart/ASX?period1=1767225600&period2=1788566400&interval=1d&events=div%2Csplits
ATEYY,2026-07-12,next_open,2026-07-13,2026-09-04,177.3000030517578,177.3000030517578,217.5800018310547,217.5800018310547,0.2271855504003475,-0.17482222036681505,40,0,USD,PNK,https://query1.finance.yahoo.com/v8/finance/chart/ATEYY?period1=1767225600&period2=1788566400&interval=1d&events=div%2Csplits
ATEYY,2026-07-12,report_close,2026-07-10,2026-09-04,186.30999755859372,186.30999755859372,217.5800018310547,217.5800018310547,0.16783857378682354,-0.17482222036681516,41,0,USD,PNK,https://query1.finance.yahoo.com/v8/finance/chart/ATEYY?period1=1767225600&period2=1788566400&interval=1d&events=div%2Csplits
ATEYY,2026-07-13,next_open,2026-07-14,2026-09-04,188.7100067138672,188.7100067138672,217.5800018310547,217.5800018310547,0.15298603195410743,-0.17609034923470357,39,0,USD,PNK,https://query1.finance.yahoo.com/v8/finance/chart/ATEYY?period1=1767225600&period2=1788566400&interval=1d&events=div%2Csplits
ATEYY,2026-07-13,report_close,2026-07-13,2026-09-04,175.16000366210938,175.16000366210938,217.5800018310547,217.5800018310547,0.2421785640674865,-0.17482222036681505,40,0,USD,PNK,https://query1.finance.yahoo.com/v8/finance/chart/ATEYY?period1=1767225600&period2=1788566400&interval=1d&events=div%2Csplits
ATEYY,2026-07-14,next_open,2026-07-15,2026-09-04,190.9600067138672,190.9600067138672,217.5800018310547,217.5800018310547,0.13940089118804155,-0.18579812389455486,38,0,USD,PNK,https://query1.finance.yahoo.com/v8/finance/chart/ATEYY?period1=1767225600&period2=1788566400&interval=1d&events=div%2Csplits
ATEYY,2026-07-14,report_close,2026-07-14,2026-09-04,184.6499938964844,184.6499938964844,217.5800018310547,217.5800018310547,0.17833744393747986,-0.17482222036681505,39,0,USD,PNK,https://query1.finance.yahoo.com/v8/finance/chart/ATEYY?period1=1767225600&period2=1788566400&interval=1d&events=div%2Csplits
ATEYY,2026-07-15,next_open,2026-07-16,2026-09-04,178.42999267578125,178.42999267578125,217.5800018310547,217.5800018310547,0.21941383602706033,-0.16610352227198089,37,0,USD,PNK,https://query1.finance.yahoo.com/v8/finance/chart/ATEYY?period1=1767225600&period2=1788566400&interval=1d&events=div%2Csplits
ATEYY,2026-07-15,report_close,2026-07-15,2026-09-04,188.4199981689453,188.4199981689453,217.5800018310547,217.5800018310547,0.1547606620607398,-0.17482222036681505,38,0,USD,PNK,https://query1.finance.yahoo.com/v8/finance/chart/ATEYY?period1=1767225600&period2=1788566400&interval=1d&events=div%2Csplits
ATEYY,2026-07-18,next_open,2026-07-20,2026-09-04,177.97999572753906,177.97999572753906,217.5800018310547,217.5800018310547,0.22249694939951192,-0.16610352227198089,35,0,USD,PNK,https://query1.finance.yahoo.com/v8/finance/chart/ATEYY?period1=1767225600&period2=1788566400&interval=1d&events=div%2Csplits
ATEYY,2026-07-18,report_close,2026-07-17,2026-09-04,178.0500030517578,178.0500030517578,217.5800018310547,217.5800018310547,0.22201627689838221,-0.166103522271981,36,0,USD,PNK,https://query1.finance.yahoo.com/v8/finance/chart/ATEYY?period1=1767225600&period2=1788566400&interval=1d&events=div%2Csplits
ATKR,2026-07-12,next_open,2026-07-13,2026-09-04,71.54000091552734,71.2880754002276,93.76000213623048,93.76000213623048,0.3152270083017439,-0.08327941590645971,40,0,USD,NYQ,https://query1.finance.yahoo.com/v8/finance/chart/ATKR?period1=1767225600&period2=1788566400&interval=1d&events=div%2Csplits
ATKR,2026-07-12,report_close,2026-07-10,2026-09-04,72.23999786376953,71.98560333251953,93.76000213623048,93.76000213623048,0.3024826881443161,-0.08327941590645971,41,0,USD,NYQ,https://query1.finance.yahoo.com/v8/finance/chart/ATKR?period1=1767225600&period2=1788566400&interval=1d&events=div%2Csplits
ATKR,2026-07-13,next_open,2026-07-14,2026-09-04,73.30000305175781,73.04187956095386,93.76000213623048,93.76000213623048,0.28364717200338796,-0.08327941590645971,39,0,USD,NYQ,https://query1.finance.yahoo.com/v8/finance/chart/ATKR?period1=1767225600&period2=1788566400&interval=1d&events=div%2Csplits
ATKR,2026-07-13,report_close,2026-07-13,2026-09-04,71.68000030517578,71.42758178710938,93.76000213623048,93.76000213623048,0.3126582167611822,-0.08327941590645971,40,0,USD,NYQ,https://query1.finance.yahoo.com/v8/finance/chart/ATKR?period1=1767225600&period2=1788566400&interval=1d&events=div%2Csplits
ATKR,2026-07-14,next_open,2026-07-15,2026-09-04,74.4800033569336,74.21771985074817,93.76000213623048,93.76000213623048,0.2633101949882297,-0.08327941590645993,38,0,USD,NYQ,https://query1.finance.yahoo.com/v8/finance/chart/ATKR?period1=1767225600&period2=1788566400&interval=1d&events=div%2Csplits
ATKR,2026-07-14,report_close,2026-07-14,2026-09-04,73.58000183105469,73.32089233398438,93.76000213623048,93.76000213623048,0.2787624257100392,-0.08327941590645993,39,0,USD,NYQ,https://query1.finance.yahoo.com/v8/finance/chart/ATKR?period1=1767225600&period2=1788566400&interval=1d&events=div%2Csplits
ATKR,2026-07-15,next_open,2026-07-16,2026-09-04,72.69000244140625,72.43402462190868,93.76000213623048,93.76000213623048,0.29441933712283985,-0.08327941590645982,37,0,USD,NYQ,https://query1.finance.yahoo.com/v8/finance/chart/ATKR?period1=1767225600&period2=1788566400&interval=1d&events=div%2Csplits
ATKR,2026-07-15,report_close,2026-07-15,2026-09-04,73.83000183105469,73.57000732421875,93.76000213623048,93.76000213623048,0.27443241541400965,-0.08327941590645982,38,0,USD,NYQ,https://query1.finance.yahoo.com/v8/finance/chart/ATKR?period1=1767225600&period2=1788566400&interval=1d&events=div%2Csplits
ATKR,2026-07-18,next_open,2026-07-20,2026-09-04,73.51000213623047,73.25113851452647,93.76000213623048,93.76000213623048,0.27998013461097115,-0.08327941590645971,35,0,USD,NYQ,https://query1.finance.yahoo.com/v8/finance/chart/ATKR?period1=1767225600&period2=1788566400&interval=1d&events=div%2Csplits
ATKR,2026-07-18,report_close,2026-07-17,2026-09-04,73.41999816894531,73.16145324707031,93.76000213623048,93.76000213623048,0.28154920350744983,-0.08327941590645982,36,0,USD,NYQ,https://query1.finance.yahoo.com/v8/finance/chart/ATKR?period1=1767225600&period2=1788566400&interval=1d&events=div%2Csplits
AVGO,2026-07-12,next_open,2026-07-13,2026-09-04,393.4800109863281,393.4800109863281,357.8999938964844,357.8999938964844,-0.09042395063641495,-0.16871613002645391,40,0,USD,NMS,https://query1.finance.yahoo.com/v8/finance/chart/AVGO?period1=1767225600&period2=1788566400&interval=1d&events=div%2Csplits
AVGO,2026-07-12,report_close,2026-07-10,2026-09-04,399.9700012207031,399.9700012207031,357.8999938964844,357.8999938964844,-0.10518290670755714,-0.1687161300264538,41,0,USD,NMS,https://query1.finance.yahoo.com/v8/finance/chart/AVGO?period1=1767225600&period2=1788566400&interval=1d&events=div%2Csplits
AVGO,2026-07-13,next_open,2026-07-14,2026-09-04,395.7200012207031,395.7200012207031,357.8999938964844,357.8999938964844,-0.09557264532384746,-0.1687161300264538,39,0,USD,NMS,https://query1.finance.yahoo.com/v8/finance/chart/AVGO?period1=1767225600&period2=1788566400&interval=1d&events=div%2Csplits
AVGO,2026-07-13,report_close,2026-07-13,2026-09-04,384.0499877929688,384.0499877929688,357.8999938964844,357.8999938964844,-0.06809007870762174,-0.16871613002645391,40,0,USD,NMS,https://query1.finance.yahoo.com/v8/finance/chart/AVGO?period1=1767225600&period2=1788566400&interval=1d&events=div%2Csplits
AVGO,2026-07-14,next_open,2026-07-15,2026-09-04,396.0899963378906,396.0899963378906,357.8999938964844,357.8999938964844,-0.09641748793076732,-0.16871613002645391,38,0,USD,NMS,https://query1.finance.yahoo.com/v8/finance/chart/AVGO?period1=1767225600&period2=1788566400&interval=1d&events=div%2Csplits
AVGO,2026-07-14,report_close,2026-07-14,2026-09-04,389.1099853515625,389.1099853515625,357.8999938964844,357.8999938964844,-0.0802086624091124,-0.1687161300264538,39,0,USD,NMS,https://query1.finance.yahoo.com/v8/finance/chart/AVGO?period1=1767225600&period2=1788566400&interval=1d&events=div%2Csplits
AVGO,2026-07-15,next_open,2026-07-16,2026-09-04,384.5400085449219,384.5400085449219,357.8999938964844,357.8999938964844,-0.06927761495934281,-0.16871613002645391,37,0,USD,NMS,https://query1.finance.yahoo.com/v8/finance/chart/AVGO?period1=1767225600&period2=1788566400&interval=1d&events=div%2Csplits
AVGO,2026-07-15,report_close,2026-07-15,2026-09-04,394.2799987792969,394.2799987792969,357.8999938964844,357.8999938964844,-0.09226946585027418,-0.1687161300264538,38,0,USD,NMS,https://query1.finance.yahoo.com/v8/finance/chart/AVGO?period1=1767225600&period2=1788566400&interval=1d&events=div%2Csplits
AVGO,2026-07-18,next_open,2026-07-20,2026-09-04,378.760009765625,378.760009765625,357.8999938964844,357.8999938964844,-0.055074493957397164,-0.16871613002645391,35,0,USD,NMS,https://query1.finance.yahoo.com/v8/finance/chart/AVGO?period1=1767225600&period2=1788566400&interval=1d&events=div%2Csplits
AVGO,2026-07-18,report_close,2026-07-17,2026-09-04,370.8299865722656,370.8299865722656,357.8999938964844,357.8999938964844,-0.03486771065980532,-0.16871613002645391,36,0,USD,NMS,https://query1.finance.yahoo.com/v8/finance/chart/AVGO?period1=1767225600&period2=1788566400&interval=1d&events=div%2Csplits
AXTI,2026-07-12,next_open,2026-07-13,2026-09-04,55.0,55.0,61.63999938964844,61.63999938964844,0.1207272616299715,-0.41533812757473176,40,0,USD,NMS,https://query1.finance.yahoo.com/v8/finance/chart/AXTI?period1=1767225600&period2=1788566400&interval=1d&events=div%2Csplits
AXTI,2026-07-12,report_close,2026-07-10,2026-09-04,57.209999084472656,57.209999084472656,61.63999938964844,61.63999938964844,0.07743402160581625,-0.41533812757473176,41,0,USD,NMS,https://query1.finance.yahoo.com/v8/finance/chart/AXTI?period1=1767225600&period2=1788566400&interval=1d&events=div%2Csplits
AXTI,2026-07-13,next_open,2026-07-14,2026-09-04,54.81999969482422,54.81999969482422,61.63999938964844,61.63999938964844,0.12440714580062506,-0.4153381275747319,39,0,USD,NMS,https://query1.finance.yahoo.com/v8/finance/chart/AXTI?period1=1767225600&period2=1788566400&interval=1d&events=div%2Csplits
AXTI,2026-07-13,report_close,2026-07-13,2026-09-04,50.459999084472656,50.459999084472656,61.63999938964844,61.63999938964844,0.22156164304442183,-0.4153381275747319,40,0,USD,NMS,https://query1.finance.yahoo.com/v8/finance/chart/AXTI?period1=1767225600&period2=1788566400&interval=1d&events=div%2Csplits
AXTI,2026-07-14,next_open,2026-07-15,2026-09-04,55.77000045776367,55.77000045776367,61.63999938964844,61.63999938964844,0.10525370062226003,-0.4153381275747319,38,0,USD,NMS,https://query1.finance.yahoo.com/v8/finance/chart/AXTI?period1=1767225600&period2=1788566400&interval=1d&events=div%2Csplits
AXTI,2026-07-14,report_close,2026-07-14,2026-09-04,57.56999969482422,57.56999969482422,61.63999938964844,61.63999938964844,0.07069653841235168,-0.4153381275747319,39,0,USD,NMS,https://query1.finance.yahoo.com/v8/finance/chart/AXTI?period1=1767225600&period2=1788566400&interval=1d&events=div%2Csplits
AXTI,2026-07-15,next_open,2026-07-16,2026-09-04,50.90999984741211,50.90999984741211,61.63999938964844,61.63999938964844,0.2107640851384085,-0.41533812757473176,37,0,USD,NMS,https://query1.finance.yahoo.com/v8/finance/chart/AXTI?period1=1767225600&period2=1788566400&interval=1d&events=div%2Csplits
AXTI,2026-07-15,report_close,2026-07-15,2026-09-04,53.41999816894531,53.41999816894531,61.63999938964844,61.63999938964844,0.15387498132640642,-0.4153381275747319,38,0,USD,NMS,https://query1.finance.yahoo.com/v8/finance/chart/AXTI?period1=1767225600&period2=1788566400&interval=1d&events=div%2Csplits
AXTI,2026-07-18,next_open,2026-07-20,2026-09-04,46.02000045776367,46.02000045776367,61.63999938964844,61.63999938964844,0.3394176179163779,-0.41533812757473176,35,0,USD,NMS,https://query1.finance.yahoo.com/v8/finance/chart/AXTI?period1=1767225600&period2=1788566400&interval=1d&events=div%2Csplits
AXTI,2026-07-18,report_close,2026-07-17,2026-09-04,45.86000061035156,45.86000061035156,61.63999938964844,61.63999938964844,0.3440906796615917,-0.41533812757473176,36,0,USD,NMS,https://query1.finance.yahoo.com/v8/finance/chart/AXTI?period1=1767225600&period2=1788566400&interval=1d&events=div%2Csplits
BABA,2026-07-12,next_open,2026-07-13,2026-09-04,112.8550033569336,112.8550033569336,113.23999786376952,113.23999786376952,0.003411408403562577,-0.15500308819791753,40,0,USD,NYQ,https://query1.finance.yahoo.com/v8/finance/chart/BABA?period1=1767225600&period2=1788566400&interval=1d&events=div%2Csplits
BABA,2026-07-12,report_close,2026-07-10,2026-09-04,112.33000183105467,112.33000183105467,113.23999786376952,113.23999786376952,0.00810109514716717,-0.15500308819791764,41,0,USD,NYQ,https://query1.finance.yahoo.com/v8/finance/chart/BABA?period1=1767225600&period2=1788566400&interval=1d&events=div%2Csplits
BABA,2026-07-13,next_open,2026-07-14,2026-09-04,112.9499969482422,112.9499969482422,113.23999786376952,113.23999786376952,0.0025675159217597443,-0.15500308819791753,39,0,USD,NYQ,https://query1.finance.yahoo.com/v8/finance/chart/BABA?period1=1767225600&period2=1788566400&interval=1d&events=div%2Csplits
BABA,2026-07-13,report_close,2026-07-13,2026-09-04,112.3499984741211,112.3499984741211,113.23999786376952,113.23999786376952,0.007921668017231154,-0.15500308819791753,40,0,USD,NYQ,https://query1.finance.yahoo.com/v8/finance/chart/BABA?period1=1767225600&period2=1788566400&interval=1d&events=div%2Csplits
BABA,2026-07-14,next_open,2026-07-15,2026-09-04,117.4000015258789,117.4000015258789,113.23999786376952,113.23999786376952,-0.03543444299864329,-0.15500308819791764,38,0,USD,NYQ,https://query1.finance.yahoo.com/v8/finance/chart/BABA?period1=1767225600&period2=1788566400&interval=1d&events=div%2Csplits
BABA,2026-07-14,report_close,2026-07-14,2026-09-04,112.31999969482422,112.31999969482422,113.23999786376952,113.23999786376952,0.008190866911012673,-0.15500308819791753,39,0,USD,NYQ,https://query1.finance.yahoo.com/v8/finance/chart/BABA?period1=1767225600&period2=1788566400&interval=1d&events=div%2Csplits
BABA,2026-07-15,next_open,2026-07-16,2026-09-04,118.4749984741211,118.4749984741211,113.23999786376952,113.23999786376952,-0.0441865429649706,-0.15500308819791753,37,0,USD,NYQ,https://query1.finance.yahoo.com/v8/finance/chart/BABA?period1=1767225600&period2=1788566400&interval=1d&events=div%2Csplits
BABA,2026-07-15,report_close,2026-07-15,2026-09-04,117.69000244140624,117.69000244140624,113.23999786376952,113.23999786376952,-0.03781123702374145,-0.15500308819791764,38,0,USD,NYQ,https://query1.finance.yahoo.com/v8/finance/chart/BABA?period1=1767225600&period2=1788566400&interval=1d&events=div%2Csplits
BABA,2026-07-18,next_open,2026-07-20,2026-09-04,118.91000366210938,118.91000366210938,113.23999786376952,113.23999786376952,-0.0476831689825824,-0.15500308819791775,35,0,USD,NYQ,https://query1.finance.yahoo.com/v8/finance/chart/BABA?period1=1767225600&period2=1788566400&interval=1d&events=div%2Csplits
BABA,2026-07-18,report_close,2026-07-17,2026-09-04,114.97000122070312,114.97000122070312,113.23999786376952,113.23999786376952,-0.015047432709099362,-0.15500308819791764,36,0,USD,NYQ,https://query1.finance.yahoo.com/v8/finance/chart/BABA?period1=1767225600&period2=1788566400&interval=1d&events=div%2Csplits
BDC,2026-07-12,next_open,2026-07-13,2026-09-04,105.52999877929688,105.52999877929688,122.27999877929688,122.27999877929688,0.15872263994838653,-0.18814751467344326,40,0,USD,NYQ,https://query1.finance.yahoo.com/v8/finance/chart/BDC?period1=1767225600&period2=1788566400&interval=1d&events=div%2Csplits
BDC,2026-07-12,report_close,2026-07-10,2026-09-04,106.95999908447266,106.95999908447266,122.27999877929688,122.27999877929688,0.14323111280811718,-0.18814751467344326,41,0,USD,NYQ,https://query1.finance.yahoo.com/v8/finance/chart/BDC?period1=1767225600&period2=1788566400&interval=1d&events=div%2Csplits
BDC,2026-07-13,next_open,2026-07-14,2026-09-04,103.91000366210938,103.91000366210938,122.27999877929688,122.27999877929688,0.17678755143655223,-0.18814751467344326,39,0,USD,NYQ,https://query1.finance.yahoo.com/v8/finance/chart/BDC?period1=1767225600&period2=1788566400&interval=1d&events=div%2Csplits
BDC,2026-07-13,report_close,2026-07-13,2026-09-04,102.26000213623048,102.26000213623048,122.27999877929688,122.27999877929688,0.19577543736402236,-0.18814751467344326,40,0,USD,NYQ,https://query1.finance.yahoo.com/v8/finance/chart/BDC?period1=1767225600&period2=1788566400&interval=1d&events=div%2Csplits
BDC,2026-07-14,next_open,2026-07-15,2026-09-04,104.88999938964844,104.88999938964844,122.27999877929688,122.27999877929688,0.1657927303922231,-0.18814751467344315,38,0,USD,NYQ,https://query1.finance.yahoo.com/v8/finance/chart/BDC?period1=1767225600&period2=1788566400&interval=1d&events=div%2Csplits
BDC,2026-07-14,report_close,2026-07-14,2026-09-04,104.76000213623048,104.76000213623048,122.27999877929688,122.27999877929688,0.1672393688984779,-0.18814751467344315,39,0,USD,NYQ,https://query1.finance.yahoo.com/v8/finance/chart/BDC?period1=1767225600&period2=1788566400&interval=1d&events=div%2Csplits
BDC,2026-07-15,next_open,2026-07-16,2026-09-04,100.0,100.0,122.27999877929688,122.27999877929688,0.22279998779296872,-0.18814751467344315,37,0,USD,NYQ,https://query1.finance.yahoo.com/v8/finance/chart/BDC?period1=1767225600&period2=1788566400&interval=1d&events=div%2Csplits
BDC,2026-07-15,report_close,2026-07-15,2026-09-04,101.52999877929688,101.52999877929688,122.27999877929688,122.27999877929688,0.204373094154229,-0.18814751467344326,38,0,USD,NYQ,https://query1.finance.yahoo.com/v8/finance/chart/BDC?period1=1767225600&period2=1788566400&interval=1d&events=div%2Csplits
BDC,2026-07-18,next_open,2026-07-20,2026-09-04,101.98999786376952,101.98999786376952,122.27999877929688,122.27999877929688,0.19894108579773873,-0.18814751467344315,35,0,USD,NYQ,https://query1.finance.yahoo.com/v8/finance/chart/BDC?period1=1767225600&period2=1788566400&interval=1d&events=div%2Csplits
BDC,2026-07-18,report_close,2026-07-17,2026-09-04,101.38999938964844,101.38999938964844,122.27999877929688,122.27999877929688,0.2060360934550043,-0.18814751467344326,36,0,USD,NYQ,https://query1.finance.yahoo.com/v8/finance/chart/BDC?period1=1767225600&period2=1788566400&interval=1d&events=div%2Csplits
BE,2026-07-12,next_open,2026-07-13,2026-09-04,231.3800048828125,231.3800048828125,252.8699951171875,252.8699951171875,0.09287747333767693,-0.32723909570169807,40,0,USD,NYQ,https://query1.finance.yahoo.com/v8/finance/chart/BE?period1=1767225600&period2=1788566400&interval=1d&events=div%2Csplits
BE,2026-07-12,report_close,2026-07-10,2026-09-04,244.6100006103516,244.6100006103516,252.8699951171875,252.8699951171875,0.03376801637801208,-0.3305670267306712,41,0,USD,NYQ,https://query1.finance.yahoo.com/v8/finance/chart/BE?period1=1767225600&period2=1788566400&interval=1d&events=div%2Csplits
BE,2026-07-13,next_open,2026-07-14,2026-09-04,246.58999633789065,246.58999633789065,252.8699951171875,252.8699951171875,0.025467370422811664,-0.33594224245974236,39,0,USD,NYQ,https://query1.finance.yahoo.com/v8/finance/chart/BE?period1=1767225600&period2=1788566400&interval=1d&events=div%2Csplits
BE,2026-07-13,report_close,2026-07-13,2026-09-04,233.4900054931641,233.4900054931641,252.8699951171875,252.8699951171875,0.08300136694540794,-0.3272390957016982,40,0,USD,NYQ,https://query1.finance.yahoo.com/v8/finance/chart/BE?period1=1767225600&period2=1788566400&interval=1d&events=div%2Csplits
BE,2026-07-14,next_open,2026-07-15,2026-09-04,243.1000061035156,243.1000061035156,252.8699951171875,252.8699951171875,0.04018917634050445,-0.3264089021442771,38,0,USD,NYQ,https://query1.finance.yahoo.com/v8/finance/chart/BE?period1=1767225600&period2=1788566400&interval=1d&events=div%2Csplits
BE,2026-07-14,report_close,2026-07-14,2026-09-04,243.3999938964844,243.3999938964844,252.8699951171875,252.8699951171875,0.03890715471722883,-0.3272390957016982,39,0,USD,NYQ,https://query1.finance.yahoo.com/v8/finance/chart/BE?period1=1767225600&period2=1788566400&interval=1d&events=div%2Csplits
BE,2026-07-15,next_open,2026-07-16,2026-09-04,228.3000030517578,228.3000030517578,252.8699951171875,252.8699951171875,0.10762151439769996,-0.28274201572009483,37,0,USD,NYQ,https://query1.finance.yahoo.com/v8/finance/chart/BE?period1=1767225600&period2=1788566400&interval=1d&events=div%2Csplits
BE,2026-07-15,report_close,2026-07-15,2026-09-04,239.3800048828125,239.3800048828125,252.8699951171875,252.8699951171875,0.05635387233356837,-0.3159411953385032,38,0,USD,NYQ,https://query1.finance.yahoo.com/v8/finance/chart/BE?period1=1767225600&period2=1788566400&interval=1d&events=div%2Csplits
BE,2026-07-18,next_open,2026-07-20,2026-09-04,213.875,213.875,252.8699951171875,252.8699951171875,0.1823261022428404,-0.27627506419367187,35,0,USD,NYQ,https://query1.finance.yahoo.com/v8/finance/chart/BE?period1=1767225600&period2=1788566400&interval=1d&events=div%2Csplits
BE,2026-07-18,report_close,2026-07-17,2026-09-04,214.9600067138672,214.9600067138672,252.8699951171875,252.8699951171875,0.17635833280272561,-0.276275064193672,36,0,USD,NYQ,https://query1.finance.yahoo.com/v8/finance/chart/BE?period1=1767225600&period2=1788566400&interval=1d&events=div%2Csplits
BELFB,2026-07-12,next_open,2026-07-13,2026-09-04,272.1700134277344,272.10183292274445,243.7899932861328,243.7899932861328,-0.10404869137595985,-0.2020689605468151,40,0,USD,NMS,https://query1.finance.yahoo.com/v8/finance/chart/BELFB?period1=1767225600&period2=1788566400&interval=1d&events=div%2Csplits
BELFB,2026-07-12,report_close,2026-07-10,2026-09-04,272.5799865722656,272.5116882324219,243.7899932861328,243.7899932861328,-0.10539619468282291,-0.2020689605468151,41,0,USD,NMS,https://query1.finance.yahoo.com/v8/finance/chart/BELFB?period1=1767225600&period2=1788566400&interval=1d&events=div%2Csplits
BELFB,2026-07-13,next_open,2026-07-14,2026-09-04,272.8099975585937,272.74163900264017,243.7899932861328,243.7899932861328,-0.1061504426767308,-0.20206896054681522,39,0,USD,NMS,https://query1.finance.yahoo.com/v8/finance/chart/BELFB?period1=1767225600&period2=1788566400&interval=1d&events=div%2Csplits
BELFB,2026-07-13,report_close,2026-07-13,2026-09-04,263.260009765625,263.1940612792969,243.7899932861328,243.7899932861328,-0.07372532609150628,-0.20206896054681522,40,0,USD,NMS,https://query1.finance.yahoo.com/v8/finance/chart/BELFB?period1=1767225600&period2=1788566400&interval=1d&events=div%2Csplits
BELFB,2026-07-14,next_open,2026-07-15,2026-09-04,276.7799987792969,276.7799987792969,243.7899932861328,243.7899932861328,-0.11919215853263354,-0.2020689605468151,38,0,USD,NMS,https://query1.finance.yahoo.com/v8/finance/chart/BELFB?period1=1767225600&period2=1788566400&interval=1d&events=div%2Csplits
BELFB,2026-07-14,report_close,2026-07-14,2026-09-04,279.3900146484375,279.32000732421875,243.7899932861328,243.7899932861328,-0.12720182266372604,-0.20206896054681533,39,0,USD,NMS,https://query1.finance.yahoo.com/v8/finance/chart/BELFB?period1=1767225600&period2=1788566400&interval=1d&events=div%2Csplits
BELFB,2026-07-15,next_open,2026-07-16,2026-09-04,269.69000244140625,269.69000244140625,243.7899932861328,243.7899932861328,-0.09603622277729984,-0.2020689605468151,37,0,USD,NMS,https://query1.finance.yahoo.com/v8/finance/chart/BELFB?period1=1767225600&period2=1788566400&interval=1d&events=div%2Csplits
BELFB,2026-07-15,report_close,2026-07-15,2026-09-04,275.0,275.0,243.7899932861328,243.7899932861328,-0.11349093350497164,-0.20206896054681522,38,0,USD,NMS,https://query1.finance.yahoo.com/v8/finance/chart/BELFB?period1=1767225600&period2=1788566400&interval=1d&events=div%2Csplits
BELFB,2026-07-18,next_open,2026-07-20,2026-09-04,274.44000244140625,274.44000244140625,243.7899932861328,243.7899932861328,-0.11168200292454566,-0.2020689605468151,35,0,USD,NMS,https://query1.finance.yahoo.com/v8/finance/chart/BELFB?period1=1767225600&period2=1788566400&interval=1d&events=div%2Csplits
BELFB,2026-07-18,report_close,2026-07-17,2026-09-04,270.5599975585937,270.5599975585937,243.7899932861328,243.7899932861328,-0.09894294985962748,-0.20206896054681522,36,0,USD,NMS,https://query1.finance.yahoo.com/v8/finance/chart/BELFB?period1=1767225600&period2=1788566400&interval=1d&events=div%2Csplits
BESIY,2026-07-12,next_open,2026-07-13,2026-09-04,279.9800109863281,279.9800109863281,228.1499938964844,228.1499938964844,-0.18512041951585845,-0.24374779803114066,40,0,USD,PNK,https://query1.finance.yahoo.com/v8/finance/chart/BESIY?period1=1767225600&period2=1788566400&interval=1d&events=div%2Csplits
BESIY,2026-07-12,report_close,2026-07-10,2026-09-04,293.3399963378906,293.3399963378906,228.1499938964844,228.1499938964844,-0.22223359669751808,-0.2639598883290082,41,0,USD,PNK,https://query1.finance.yahoo.com/v8/finance/chart/BESIY?period1=1767225600&period2=1788566400&interval=1d&events=div%2Csplits
BESIY,2026-07-13,next_open,2026-07-14,2026-09-04,284.8500061035156,284.8500061035156,228.1499938964844,228.1499938964844,-0.19905217129055008,-0.24374779803114066,39,0,USD,PNK,https://query1.finance.yahoo.com/v8/finance/chart/BESIY?period1=1767225600&period2=1788566400&interval=1d&events=div%2Csplits
BESIY,2026-07-13,report_close,2026-07-13,2026-09-04,276.510009765625,276.510009765625,228.1499938964844,228.1499938964844,-0.17489426842135458,-0.24374779803114055,40,0,USD,PNK,https://query1.finance.yahoo.com/v8/finance/chart/BESIY?period1=1767225600&period2=1788566400&interval=1d&events=div%2Csplits
BESIY,2026-07-14,next_open,2026-07-15,2026-09-04,285.67999267578125,285.67999267578125,228.1499938964844,228.1499938964844,-0.20137916638981346,-0.24422427472145025,38,0,USD,PNK,https://query1.finance.yahoo.com/v8/finance/chart/BESIY?period1=1767225600&period2=1788566400&interval=1d&events=div%2Csplits
BESIY,2026-07-14,report_close,2026-07-14,2026-09-04,285.5,285.5,228.1499938964844,228.1499938964844,-0.20087567812089524,-0.24374779803114066,39,0,USD,PNK,https://query1.finance.yahoo.com/v8/finance/chart/BESIY?period1=1767225600&period2=1788566400&interval=1d&events=div%2Csplits
BESIY,2026-07-15,next_open,2026-07-16,2026-09-04,271.5799865722656,271.5799865722656,228.1499938964844,228.1499938964844,-0.15991602777484049,-0.2392177133579897,37,0,USD,PNK,https://query1.finance.yahoo.com/v8/finance/chart/BESIY?period1=1767225600&period2=1788566400&interval=1d&events=div%2Csplits
BESIY,2026-07-15,report_close,2026-07-15,2026-09-04,282.8599853515625,282.8599853515625,228.1499938964844,228.1499938964844,-0.19341721801717504,-0.2392177133579898,38,0,USD,PNK,https://query1.finance.yahoo.com/v8/finance/chart/BESIY?period1=1767225600&period2=1788566400&interval=1d&events=div%2Csplits
BESIY,2026-07-18,next_open,2026-07-20,2026-09-04,259.0,259.0,228.1499938964844,228.1499938964844,-0.11911199267766637,-0.2392177133579898,35,0,USD,PNK,https://query1.finance.yahoo.com/v8/finance/chart/BESIY?period1=1767225600&period2=1788566400&interval=1d&events=div%2Csplits
BESIY,2026-07-18,report_close,2026-07-17,2026-09-04,258.3299865722656,258.3299865722656,228.1499938964844,228.1499938964844,-0.11682729162120953,-0.2392177133579898,36,0,USD,PNK,https://query1.finance.yahoo.com/v8/finance/chart/BESIY?period1=1767225600&period2=1788566400&interval=1d&events=div%2Csplits
BWXT,2026-07-12,next_open,2026-07-13,2026-09-04,183.75999450683597,183.47076640571544,157.58999633789062,157.58999633789062,-0.14106209166093386,-0.1850472573825629,40,0,USD,NYQ,https://query1.finance.yahoo.com/v8/finance/chart/BWXT?period1=1767225600&period2=1788566400&interval=1d&events=div%2Csplits
BWXT,2026-07-12,report_close,2026-07-10,2026-09-04,186.0,185.70724487304688,157.58999633789062,157.58999633789062,-0.15140630918507114,-0.19486176010701273,41,0,USD,NYQ,https://query1.finance.yahoo.com/v8/finance/chart/BWXT?period1=1767225600&period2=1788566400&interval=1d&events=div%2Csplits
BWXT,2026-07-13,next_open,2026-07-14,2026-09-04,181.58999633789065,181.30417558788355,157.58999633789062,157.58999633789062,-0.13079775561207607,-0.17530854550018826,39,0,USD,NYQ,https://query1.finance.yahoo.com/v8/finance/chart/BWXT?period1=1767225600&period2=1788566400&interval=1d&events=div%2Csplits
BWXT,2026-07-13,report_close,2026-07-13,2026-09-04,177.13999938964844,176.86119079589844,157.58999633789062,157.58999633789062,-0.1089622566221845,-0.16723729812780697,40,0,USD,NYQ,https://query1.finance.yahoo.com/v8/finance/chart/BWXT?period1=1767225600&period2=1788566400&interval=1d&events=div%2Csplits
BWXT,2026-07-14,next_open,2026-07-15,2026-09-04,181.6000061035156,181.31416636371776,157.58999633789062,157.58999633789062,-0.13084565040679863,-0.17535398766071852,38,0,USD,NYQ,https://query1.finance.yahoo.com/v8/finance/chart/BWXT?period1=1767225600&period2=1788566400&interval=1d&events=div%2Csplits
BWXT,2026-07-14,report_close,2026-07-14,2026-09-04,179.8300018310547,179.5469512939453,157.58999633789062,157.58999633789062,-0.12229088156505563,-0.16723729812780697,39,0,USD,NYQ,https://query1.finance.yahoo.com/v8/finance/chart/BWXT?period1=1767225600&period2=1788566400&interval=1d&events=div%2Csplits
BWXT,2026-07-15,next_open,2026-07-16,2026-09-04,174.52000427246094,174.24530853119717,157.58999633789062,157.58999633789062,-0.09558542685425897,-0.15234211079720372,37,0,USD,NYQ,https://query1.finance.yahoo.com/v8/finance/chart/BWXT?period1=1767225600&period2=1788566400&interval=1d&events=div%2Csplits
BWXT,2026-07-15,report_close,2026-07-15,2026-09-04,176.91000366210938,176.6315460205078,157.58999633789062,157.58999633789062,-0.10780378766772702,-0.15349207069103665,38,0,USD,NYQ,https://query1.finance.yahoo.com/v8/finance/chart/BWXT?period1=1767225600&period2=1788566400&interval=1d&events=div%2Csplits
BWXT,2026-07-18,next_open,2026-07-20,2026-09-04,173.1300048828125,172.85749412666146,157.58999633789062,157.58999633789062,-0.08832418788614149,-0.1523421107972036,35,0,USD,NYQ,https://query1.finance.yahoo.com/v8/finance/chart/BWXT?period1=1767225600&period2=1788566400&interval=1d&events=div%2Csplits
BWXT,2026-07-18,report_close,2026-07-17,2026-09-04,171.17999267578125,170.91055297851562,157.58999633789062,157.58999633789062,-0.07793876041287784,-0.1523421107972036,36,0,USD,NYQ,https://query1.finance.yahoo.com/v8/finance/chart/BWXT?period1=1767225600&period2=1788566400&interval=1d&events=div%2Csplits
CAMT,2026-07-12,next_open,2026-07-13,2026-09-04,137.5,137.5,145.72000122070312,145.72000122070312,0.059781827059659065,-0.2644087162198916,40,0,USD,NGM,https://query1.finance.yahoo.com/v8/finance/chart/CAMT?period1=1767225600&period2=1788566400&interval=1d&events=div%2Csplits
CAMT,2026-07-12,report_close,2026-07-10,2026-09-04,143.7899932861328,143.7899932861328,145.72000122070312,145.72000122070312,0.013422407849548401,-0.2644087162198916,41,0,USD,NGM,https://query1.finance.yahoo.com/v8/finance/chart/CAMT?period1=1767225600&period2=1788566400&interval=1d&events=div%2Csplits
CAMT,2026-07-13,next_open,2026-07-14,2026-09-04,146.35000610351562,146.35000610351562,145.72000122070312,145.72000122070312,-0.004304782074056712,-0.2644087162198916,39,0,USD,NGM,https://query1.finance.yahoo.com/v8/finance/chart/CAMT?period1=1767225600&period2=1788566400&interval=1d&events=div%2Csplits
CAMT,2026-07-13,report_close,2026-07-13,2026-09-04,136.77999877929688,136.77999877929688,145.72000122070312,145.72000122070312,0.06536045124427514,-0.2644087162198916,40,0,USD,NGM,https://query1.finance.yahoo.com/v8/finance/chart/CAMT?period1=1767225600&period2=1788566400&interval=1d&events=div%2Csplits
CAMT,2026-07-14,next_open,2026-07-15,2026-09-04,154.2899932861328,154.2899932861328,145.72000122070312,145.72000122070312,-0.05554470437714343,-0.2644087162198915,38,0,USD,NGM,https://query1.finance.yahoo.com/v8/finance/chart/CAMT?period1=1767225600&period2=1788566400&interval=1d&events=div%2Csplits
CAMT,2026-07-14,report_close,2026-07-14,2026-09-04,149.89999389648438,149.89999389648438,145.72000122070312,145.72000122070312,-0.02788520911260217,-0.2644087162198916,39,0,USD,NGM,https://query1.finance.yahoo.com/v8/finance/chart/CAMT?period1=1767225600&period2=1788566400&interval=1d&events=div%2Csplits
CAMT,2026-07-15,next_open,2026-07-16,2026-09-04,143.35000610351562,143.35000610351562,145.72000122070312,145.72000122070312,0.01653292651746452,-0.2644087162198916,37,0,USD,NGM,https://query1.finance.yahoo.com/v8/finance/chart/CAMT?period1=1767225600&period2=1788566400&interval=1d&events=div%2Csplits
CAMT,2026-07-15,report_close,2026-07-15,2026-09-04,147.30999755859375,147.30999755859375,145.72000122070312,145.72000122070312,-0.01079353991067844,-0.2644087162198916,38,0,USD,NGM,https://query1.finance.yahoo.com/v8/finance/chart/CAMT?period1=1767225600&period2=1788566400&interval=1d&events=div%2Csplits
CAMT,2026-07-18,next_open,2026-07-20,2026-09-04,149.97000122070312,149.97000122070312,145.72000122070312,145.72000122070312,-0.028339000902890543,-0.2644087162198916,35,0,USD,NGM,https://query1.finance.yahoo.com/v8/finance/chart/CAMT?period1=1767225600&period2=1788566400&interval=1d&events=div%2Csplits
CAMT,2026-07-18,report_close,2026-07-17,2026-09-04,146.14999389648438,146.14999389648438,145.72000122070312,145.72000122070312,-0.002942132697492994,-0.2644087162198916,36,0,USD,NGM,https://query1.finance.yahoo.com/v8/finance/chart/CAMT?period1=1767225600&period2=1788566400&interval=1d&events=div%2Csplits
CARR,2026-07-12,next_open,2026-07-13,2026-09-04,69.06999969482422,68.82250945533771,59.709999084472656,59.709999084472656,-0.13240595908201525,-0.17637797695487345,40,0,USD,NYQ,https://query1.finance.yahoo.com/v8/finance/chart/CARR?period1=1767225600&period2=1788566400&interval=1d&events=div%2Csplits
CARR,2026-07-12,report_close,2026-07-10,2026-09-04,69.33999633789062,69.09154510498047,59.709999084472656,59.709999084472656,-0.13578428454962344,-0.17637797695487356,41,0,USD,NYQ,https://query1.finance.yahoo.com/v8/finance/chart/CARR?period1=1767225600&period2=1788566400&interval=1d&events=div%2Csplits
CARR,2026-07-13,next_open,2026-07-14,2026-09-04,70.18000030517578,69.92853352787432,59.709999084472656,59.709999084472656,-0.14612825305893828,-0.1813070128636476,39,0,USD,NYQ,https://query1.finance.yahoo.com/v8/finance/chart/CARR?period1=1767225600&period2=1788566400&interval=1d&events=div%2Csplits
CARR,2026-07-13,report_close,2026-07-13,2026-09-04,68.61000061035156,68.3641586303711,59.709999084472656,59.709999084472656,-0.1265891326577928,-0.17637797695487356,40,0,USD,NYQ,https://query1.finance.yahoo.com/v8/finance/chart/CARR?period1=1767225600&period2=1788566400&interval=1d&events=div%2Csplits
CARR,2026-07-14,next_open,2026-07-15,2026-09-04,70.26000213623047,70.00824832339592,59.709999084472656,59.709999084472656,-0.14710051294743953,-0.1822392165057537,38,0,USD,NYQ,https://query1.finance.yahoo.com/v8/finance/chart/CARR?period1=1767225600&period2=1788566400&interval=1d&events=div%2Csplits
CARR,2026-07-14,report_close,2026-07-14,2026-09-04,69.76000213623047,69.51004028320312,59.709999084472656,59.709999084472656,-0.14098741935413062,-0.17637797695487345,39,0,USD,NYQ,https://query1.finance.yahoo.com/v8/finance/chart/CARR?period1=1767225600&period2=1788566400&interval=1d&events=div%2Csplits
CARR,2026-07-15,next_open,2026-07-16,2026-09-04,67.87000274658203,67.62681862846016,59.709999084472656,59.709999084472656,-0.11706627199901687,-0.17423916792172578,37,0,USD,NYQ,https://query1.finance.yahoo.com/v8/finance/chart/CARR?period1=1767225600&period2=1788566400&interval=1d&events=div%2Csplits
CARR,2026-07-15,report_close,2026-07-15,2026-09-04,68.73999786376953,68.49369049072266,59.709999084472656,59.709999084472656,-0.12824088384374233,-0.17423916792172578,38,0,USD,NYQ,https://query1.finance.yahoo.com/v8/finance/chart/CARR?period1=1767225600&period2=1788566400&interval=1d&events=div%2Csplits
CARR,2026-07-18,next_open,2026-07-20,2026-09-04,68.83999633789062,68.59333388290456,59.709999084472656,59.709999084472656,-0.12950726106412347,-0.17423916792172567,35,0,USD,NYQ,https://query1.finance.yahoo.com/v8/finance/chart/CARR?period1=1767225600&period2=1788566400&interval=1d&events=div%2Csplits
CARR,2026-07-18,report_close,2026-07-17,2026-09-04,68.69000244140625,68.44387817382812,59.709999084472656,59.709999084472656,-0.12760643204895372,-0.17423916792172567,36,0,USD,NYQ,https://query1.finance.yahoo.com/v8/finance/chart/CARR?period1=1767225600&period2=1788566400&interval=1d&events=div%2Csplits
CAT,2026-07-12,next_open,2026-07-13,2026-09-04,939.2100219726562,937.4708973262046,813.9400024414062,813.9400024414062,-0.13177037840547945,-0.16887022800728835,40,0,USD,NYQ,https://query1.finance.yahoo.com/v8/finance/chart/CAT?period1=1767225600&period2=1788566400&interval=1d&events=div%2Csplits
CAT,2026-07-12,report_close,2026-07-10,2026-09-04,952.4099731445312,950.6464233398438,813.9400024414062,813.9400024414062,-0.14380364512197474,-0.18038930772267614,41,0,USD,NYQ,https://query1.finance.yahoo.com/v8/finance/chart/CAT?period1=1767225600&period2=1788566400&interval=1d&events=div%2Csplits
CAT,2026-07-13,next_open,2026-07-14,2026-09-04,958.0,956.2260654912558,813.9400024414062,813.9400024414062,-0.14879960731540076,-0.18517179016214935,39,0,USD,NYQ,https://query1.finance.yahoo.com/v8/finance/chart/CAT?period1=1767225600&period2=1788566400&interval=1d&events=div%2Csplits
CAT,2026-07-13,report_close,2026-07-13,2026-09-04,931.469970703125,929.7451782226562,813.9400024414062,813.9400024414062,-0.12455582292196288,-0.16364304265979945,40,0,USD,NYQ,https://query1.finance.yahoo.com/v8/finance/chart/CAT?period1=1767225600&period2=1788566400&interval=1d&events=div%2Csplits
CAT,2026-07-14,next_open,2026-07-15,2026-09-04,938.5800170898438,936.8420650237014,813.9400024414062,813.9400024414062,-0.13118760052601375,-0.16831235249367338,38,0,USD,NYQ,https://query1.finance.yahoo.com/v8/finance/chart/CAT?period1=1767225600&period2=1788566400&interval=1d&events=div%2Csplits
CAT,2026-07-14,report_close,2026-07-14,2026-09-04,933.3400268554688,931.6117553710938,813.9400024414062,813.9400024414062,-0.12630986272045774,-0.16364304265979945,39,0,USD,NYQ,https://query1.finance.yahoo.com/v8/finance/chart/CAT?period1=1767225600&period2=1788566400&interval=1d&events=div%2Csplits
CAT,2026-07-15,next_open,2026-07-16,2026-09-04,891.77001953125,890.1187789179534,813.9400024414062,813.9400024414062,-0.08558270905052878,-0.1289825024223631,37,0,USD,NYQ,https://query1.finance.yahoo.com/v8/finance/chart/CAT?period1=1767225600&period2=1788566400&interval=1d&events=div%2Csplits
CAT,2026-07-15,report_close,2026-07-15,2026-09-04,914.2999877929688,912.6069946289062,813.9400024414062,813.9400024414062,-0.10811553359573034,-0.14622616555622459,38,0,USD,NYQ,https://query1.finance.yahoo.com/v8/finance/chart/CAT?period1=1767225600&period2=1788566400&interval=1d&events=div%2Csplits
CAT,2026-07-18,next_open,2026-07-20,2026-09-04,890.0,890.0,813.9400024414062,813.9400024414062,-0.08546067141415026,-0.1289825024223632,35,0,USD,NYQ,https://query1.finance.yahoo.com/v8/finance/chart/CAT?period1=1767225600&period2=1788566400&interval=1d&events=div%2Csplits
CAT,2026-07-18,report_close,2026-07-17,2026-09-04,880.280029296875,878.6500244140625,813.9400024414062,813.9400024414062,-0.07364709517399581,-0.1289825024223631,36,0,USD,NYQ,https://query1.finance.yahoo.com/v8/finance/chart/CAT?period1=1767225600&period2=1788566400&interval=1d&events=div%2Csplits
CBRS,2026-07-12,next_open,2026-07-13,2026-09-04,207.1999969482422,207.1999969482422,210.0500030517578,210.0500030517578,0.01375485591453729,-0.3412958989340157,40,0,USD,NMS,https://query1.finance.yahoo.com/v8/finance/chart/CBRS?period1=1767225600&period2=1788566400&interval=1d&events=div%2Csplits
CBRS,2026-07-12,report_close,2026-07-10,2026-09-04,215.0800018310547,215.0800018310547,210.0500030517578,210.0500030517578,-0.023386640954410676,-0.3412958989340157,41,0,USD,NMS,https://query1.finance.yahoo.com/v8/finance/chart/CBRS?period1=1767225600&period2=1788566400&interval=1d&events=div%2Csplits
CBRS,2026-07-13,next_open,2026-07-14,2026-09-04,206.0,206.0,210.0500030517578,210.0500030517578,0.01966020898911558,-0.3412958989340156,39,0,USD,NMS,https://query1.finance.yahoo.com/v8/finance/chart/CBRS?period1=1767225600&period2=1788566400&interval=1d&events=div%2Csplits
CBRS,2026-07-13,report_close,2026-07-13,2026-09-04,204.6199951171875,204.6199951171875,210.0500030517578,210.0500030517578,0.026537034816467964,-0.3412958989340157,40,0,USD,NMS,https://query1.finance.yahoo.com/v8/finance/chart/CBRS?period1=1767225600&period2=1788566400&interval=1d&events=div%2Csplits
CBRS,2026-07-14,next_open,2026-07-15,2026-09-04,204.8999938964844,204.8999938964844,210.0500030517578,210.0500030517578,0.025134257240999158,-0.3412958989340157,38,0,USD,NMS,https://query1.finance.yahoo.com/v8/finance/chart/CBRS?period1=1767225600&period2=1788566400&interval=1d&events=div%2Csplits
CBRS,2026-07-14,report_close,2026-07-14,2026-09-04,203.80999755859372,203.80999755859372,210.0500030517578,210.0500030517578,0.03061677821457276,-0.3412958989340157,39,0,USD,NMS,https://query1.finance.yahoo.com/v8/finance/chart/CBRS?period1=1767225600&period2=1788566400&interval=1d&events=div%2Csplits
CBRS,2026-07-15,next_open,2026-07-16,2026-09-04,178.50999450683594,178.50999450683594,210.0500030517578,210.0500030517578,0.17668483286919856,-0.3412958989340157,37,0,USD,NMS,https://query1.finance.yahoo.com/v8/finance/chart/CBRS?period1=1767225600&period2=1788566400&interval=1d&events=div%2Csplits
CBRS,2026-07-15,report_close,2026-07-15,2026-09-04,184.00999450683597,184.00999450683597,210.0500030517578,210.0500030517578,0.14151409881137988,-0.3412958989340157,38,0,USD,NMS,https://query1.finance.yahoo.com/v8/finance/chart/CBRS?period1=1767225600&period2=1788566400&interval=1d&events=div%2Csplits
CBRS,2026-07-18,next_open,2026-07-20,2026-09-04,176.61000061035156,176.61000061035156,210.0500030517578,210.0500030517578,0.18934376493879168,-0.3412958989340157,35,0,USD,NMS,https://query1.finance.yahoo.com/v8/finance/chart/CBRS?period1=1767225600&period2=1788566400&interval=1d&events=div%2Csplits
CBRS,2026-07-18,report_close,2026-07-17,2026-09-04,172.86000061035156,172.86000061035156,210.0500030517578,210.0500030517578,0.21514521757544847,-0.3412958989340157,36,0,USD,NMS,https://query1.finance.yahoo.com/v8/finance/chart/CBRS?period1=1767225600&period2=1788566400&interval=1d&events=div%2Csplits
CC,2026-07-12,next_open,2026-07-13,2026-09-04,17.81999969482422,17.717237516947836,15.300000190734863,15.300000190734863,-0.13643421125334632,-0.2168544969761076,40,0,USD,NYQ,https://query1.finance.yahoo.com/v8/finance/chart/CC?period1=1767225600&period2=1788566400&interval=1d&events=div%2Csplits
CC,2026-07-12,report_close,2026-07-10,2026-09-04,17.809999465942383,17.707294464111328,15.300000190734863,15.300000190734863,-0.13594929921425913,-0.2168544969761076,41,0,USD,NYQ,https://query1.finance.yahoo.com/v8/finance/chart/CC?period1=1767225600&period2=1788566400&interval=1d&events=div%2Csplits
CC,2026-07-13,next_open,2026-07-14,2026-09-04,18.540000915527344,18.43308658788128,15.300000190734863,15.300000190734863,-0.1699707958409009,-0.2168544969761076,39,0,USD,NYQ,https://query1.finance.yahoo.com/v8/finance/chart/CC?period1=1767225600&period2=1788566400&interval=1d&events=div%2Csplits
CC,2026-07-13,report_close,2026-07-13,2026-09-04,18.1200008392334,18.0155086517334,15.300000190734863,15.300000190734863,-0.15073171196513824,-0.2168544969761076,40,0,USD,NYQ,https://query1.finance.yahoo.com/v8/finance/chart/CC?period1=1767225600&period2=1788566400&interval=1d&events=div%2Csplits
CC,2026-07-14,next_open,2026-07-15,2026-09-04,18.90999984741211,18.800952232482942,15.300000190734863,15.300000190734863,-0.18621142155232884,-0.2284505612269262,38,0,USD,NYQ,https://query1.finance.yahoo.com/v8/finance/chart/CC?period1=1767225600&period2=1788566400&interval=1d&events=div%2Csplits
CC,2026-07-14,report_close,2026-07-14,2026-09-04,18.6299991607666,18.522565841674805,15.300000190734863,15.300000190734863,-0.17398052075967452,-0.2168544969761076,39,0,USD,NYQ,https://query1.finance.yahoo.com/v8/finance/chart/CC?period1=1767225600&period2=1788566400&interval=1d&events=div%2Csplits
CC,2026-07-15,next_open,2026-07-16,2026-09-04,18.170000076293945,18.065218582836934,15.300000190734863,15.300000190734863,-0.1530686373609228,-0.20010962501995722,37,0,USD,NYQ,https://query1.finance.yahoo.com/v8/finance/chart/CC?period1=1767225600&period2=1788566400&interval=1d&events=div%2Csplits
CC,2026-07-15,report_close,2026-07-15,2026-09-04,18.51000022888184,18.40325927734375,15.300000190734863,15.300000190734863,-0.16862551572206064,-0.21177743981307973,38,0,USD,NYQ,https://query1.finance.yahoo.com/v8/finance/chart/CC?period1=1767225600&period2=1788566400&interval=1d&events=div%2Csplits
CC,2026-07-18,next_open,2026-07-20,2026-09-04,17.450000762939453,17.349372254980256,15.300000190734863,15.300000190734863,-0.11812370119945448,-0.20010962501995722,35,0,USD,NYQ,https://query1.finance.yahoo.com/v8/finance/chart/CC?period1=1767225600&period2=1788566400&interval=1d&events=div%2Csplits
CC,2026-07-18,report_close,2026-07-17,2026-09-04,17.520000457763672,17.418968200683594,15.300000190734863,15.300000190734863,-0.1216471598969664,-0.20010962501995722,36,0,USD,NYQ,https://query1.finance.yahoo.com/v8/finance/chart/CC?period1=1767225600&period2=1788566400&interval=1d&events=div%2Csplits
CDNS,2026-07-12,next_open,2026-07-13,2026-09-04,390.6400146484375,390.6400146484375,292.70001220703125,292.70001220703125,-0.2507167693241791,-0.2507167693241791,40,0,USD,NMS,https://query1.finance.yahoo.com/v8/finance/chart/CDNS?period1=1767225600&period2=1788566400&interval=1d&events=div%2Csplits
CDNS,2026-07-12,report_close,2026-07-10,2026-09-04,384.1700134277344,384.1700134277344,292.70001220703125,292.70001220703125,-0.2380977120118445,-0.2380977120118445,41,0,USD,NMS,https://query1.finance.yahoo.com/v8/finance/chart/CDNS?period1=1767225600&period2=1788566400&interval=1d&events=div%2Csplits
CDNS,2026-07-13,next_open,2026-07-14,2026-09-04,370.9500122070313,370.9500122070313,292.70001220703125,292.70001220703125,-0.21094486433478765,-0.2231952715246528,39,0,USD,NMS,https://query1.finance.yahoo.com/v8/finance/chart/CDNS?period1=1767225600&period2=1788566400&interval=1d&events=div%2Csplits
CDNS,2026-07-13,report_close,2026-07-13,2026-09-04,377.9200134277344,377.9200134277344,292.70001220703125,292.70001220703125,-0.2254974549978387,-0.2254974549978387,40,0,USD,NMS,https://query1.finance.yahoo.com/v8/finance/chart/CDNS?period1=1767225600&period2=1788566400&interval=1d&events=div%2Csplits
CDNS,2026-07-14,next_open,2026-07-15,2026-09-04,383.3599853515625,383.3599853515625,292.70001220703125,292.70001220703125,-0.23648783547764118,-0.23648783547764118,38,0,USD,NMS,https://query1.finance.yahoo.com/v8/finance/chart/CDNS?period1=1767225600&period2=1788566400&interval=1d&events=div%2Csplits
CDNS,2026-07-14,report_close,2026-07-14,2026-09-04,376.7999877929688,376.7999877929688,292.70001220703125,292.70001220703125,-0.2231952715246529,-0.2231952715246529,39,0,USD,NMS,https://query1.finance.yahoo.com/v8/finance/chart/CDNS?period1=1767225600&period2=1788566400&interval=1d&events=div%2Csplits
CDNS,2026-07-15,next_open,2026-07-16,2026-09-04,366.010009765625,366.010009765625,292.70001220703125,292.70001220703125,-0.20029506189062396,-0.20029506189062396,37,0,USD,NMS,https://query1.finance.yahoo.com/v8/finance/chart/CDNS?period1=1767225600&period2=1788566400&interval=1d&events=div%2Csplits
CDNS,2026-07-15,report_close,2026-07-15,2026-09-04,371.5,371.5,292.70001220703125,292.70001220703125,-0.21211302232293072,-0.21211302232293072,38,0,USD,NMS,https://query1.finance.yahoo.com/v8/finance/chart/CDNS?period1=1767225600&period2=1788566400&interval=1d&events=div%2Csplits
CDNS,2026-07-18,next_open,2026-07-20,2026-09-04,333.0199890136719,333.0199890136719,292.70001220703125,292.70001220703125,-0.1210737437294952,-0.15781895414311142,35,0,USD,NMS,https://query1.finance.yahoo.com/v8/finance/chart/CDNS?period1=1767225600&period2=1788566400&interval=1d&events=div%2Csplits
CDNS,2026-07-18,report_close,2026-07-17,2026-09-04,330.1099853515625,330.1099853515625,292.70001220703125,292.70001220703125,-0.11332578475228539,-0.15781895414311153,36,0,USD,NMS,https://query1.finance.yahoo.com/v8/finance/chart/CDNS?period1=1767225600&period2=1788566400&interval=1d&events=div%2Csplits
CEG,2026-07-12,next_open,2026-07-13,2026-09-04,250.5050048828125,250.1205237132309,298.9599914550781,298.9599914550781,0.1952637353256257,-0.06404214261949659,40,0,USD,NMS,https://query1.finance.yahoo.com/v8/finance/chart/CEG?period1=1767225600&period2=1788566400&interval=1d&events=div%2Csplits
CEG,2026-07-12,report_close,2026-07-10,2026-09-04,251.3800048828125,250.99417114257807,298.9599914550781,298.9599914550781,0.19110332361165838,-0.06404214261949648,41,0,USD,NMS,https://query1.finance.yahoo.com/v8/finance/chart/CEG?period1=1767225600&period2=1788566400&interval=1d&events=div%2Csplits
CEG,2026-07-13,next_open,2026-07-14,2026-09-04,261.9979858398437,261.5958545216199,298.9599914550781,298.9599914550781,0.142831533021752,-0.06404214261949659,39,0,USD,NMS,https://query1.finance.yahoo.com/v8/finance/chart/CEG?period1=1767225600&period2=1788566400&interval=1d&events=div%2Csplits
CEG,2026-07-13,report_close,2026-07-13,2026-09-04,257.57000732421875,257.1746826171875,298.9599914550781,298.9599914550781,0.16247831401075108,-0.06404214261949648,40,0,USD,NMS,https://query1.finance.yahoo.com/v8/finance/chart/CEG?period1=1767225600&period2=1788566400&interval=1d&events=div%2Csplits
CEG,2026-07-14,next_open,2026-07-15,2026-09-04,258.70001220703125,258.30293506098485,298.9599914550781,298.9599914550781,0.1574006752362076,-0.06404214261949648,38,0,USD,NMS,https://query1.finance.yahoo.com/v8/finance/chart/CEG?period1=1767225600&period2=1788566400&interval=1d&events=div%2Csplits
CEG,2026-07-14,report_close,2026-07-14,2026-09-04,256.42999267578125,256.0364074707031,298.9599914550781,298.9599914550781,0.1676464078230222,-0.06404214261949648,39,0,USD,NMS,https://query1.finance.yahoo.com/v8/finance/chart/CEG?period1=1767225600&period2=1788566400&interval=1d&events=div%2Csplits
CEG,2026-07-15,next_open,2026-07-16,2026-09-04,257.25,256.8551446124331,298.9599914550781,298.9599914550781,0.16392448321865127,-0.06404214261949648,37,0,USD,NMS,https://query1.finance.yahoo.com/v8/finance/chart/CEG?period1=1767225600&period2=1788566400&interval=1d&events=div%2Csplits
CEG,2026-07-15,report_close,2026-07-15,2026-09-04,258.114990234375,257.71881103515625,298.9599914550781,298.9599914550781,0.16002394336009895,-0.06404214261949648,38,0,USD,NMS,https://query1.finance.yahoo.com/v8/finance/chart/CEG?period1=1767225600&period2=1788566400&interval=1d&events=div%2Csplits
CEG,2026-07-18,next_open,2026-07-20,2026-09-04,255.41799926757807,255.02595619449505,298.9599914550781,298.9599914550781,0.17227279887964375,-0.06404214261949648,35,0,USD,NMS,https://query1.finance.yahoo.com/v8/finance/chart/CEG?period1=1767225600&period2=1788566400&interval=1d&events=div%2Csplits
CEG,2026-07-18,report_close,2026-07-17,2026-09-04,252.38999938964844,252.0026092529297,298.9599914550781,298.9599914550781,0.18633688889712374,-0.06404214261949648,36,0,USD,NMS,https://query1.finance.yahoo.com/v8/finance/chart/CEG?period1=1767225600&period2=1788566400&interval=1d&events=div%2Csplits
CIEN,2026-07-12,next_open,2026-07-13,2026-09-04,448.6700134277344,448.6700134277344,321.0,321.0,-0.28455214212415314,-0.2924421468915256,40,0,USD,NYQ,https://query1.finance.yahoo.com/v8/finance/chart/CIEN?period1=1767225600&period2=1788566400&interval=1d&events=div%2Csplits
CIEN,2026-07-12,report_close,2026-07-10,2026-09-04,460.7200012207031,460.7200012207031,321.0,321.0,-0.3032644574806982,-0.31094810163667663,41,0,USD,NYQ,https://query1.finance.yahoo.com/v8/finance/chart/CIEN?period1=1767225600&period2=1788566400&interval=1d&events=div%2Csplits
CIEN,2026-07-13,next_open,2026-07-14,2026-09-04,460.8800048828125,460.8800048828125,321.0,321.0,-0.303506343084638,-0.3111873197106948,39,0,USD,NYQ,https://query1.finance.yahoo.com/v8/finance/chart/CIEN?period1=1767225600&period2=1788566400&interval=1d&events=div%2Csplits
CIEN,2026-07-13,report_close,2026-07-13,2026-09-04,445.4400024414063,445.4400024414063,321.0,321.0,-0.27936422808765426,-0.28968743056504886,40,0,USD,NYQ,https://query1.finance.yahoo.com/v8/finance/chart/CIEN?period1=1767225600&period2=1788566400&interval=1d&events=div%2Csplits
CIEN,2026-07-14,next_open,2026-07-15,2026-09-04,451.010009765625,451.010009765625,321.0,321.0,-0.28826413372330006,-0.29611320240973904,38,0,USD,NYQ,https://query1.finance.yahoo.com/v8/finance/chart/CIEN?period1=1767225600&period2=1788566400&interval=1d&events=div%2Csplits
CIEN,2026-07-14,report_close,2026-07-14,2026-09-04,446.9299926757813,446.9299926757813,321.0,321.0,-0.2817667078502277,-0.28968743056504886,39,0,USD,NYQ,https://query1.finance.yahoo.com/v8/finance/chart/CIEN?period1=1767225600&period2=1788566400&interval=1d&events=div%2Csplits
CIEN,2026-07-15,next_open,2026-07-16,2026-09-04,404.7900085449219,404.7900085449219,321.0,321.0,-0.20699623700228564,-0.28689519592521306,37,0,USD,NYQ,https://query1.finance.yahoo.com/v8/finance/chart/CIEN?period1=1767225600&period2=1788566400&interval=1d&events=div%2Csplits
CIEN,2026-07-15,report_close,2026-07-15,2026-09-04,418.4599914550781,418.4599914550781,321.0,321.0,-0.23290157588587657,-0.28689519592521306,38,0,USD,NYQ,https://query1.finance.yahoo.com/v8/finance/chart/CIEN?period1=1767225600&period2=1788566400&interval=1d&events=div%2Csplits
CIEN,2026-07-18,next_open,2026-07-20,2026-09-04,375.010009765625,375.010009765625,321.0,321.0,-0.14402284834844903,-0.28689519592521295,35,0,USD,NYQ,https://query1.finance.yahoo.com/v8/finance/chart/CIEN?period1=1767225600&period2=1788566400&interval=1d&events=div%2Csplits
CIEN,2026-07-18,report_close,2026-07-17,2026-09-04,374.4100036621094,374.4100036621094,321.0,321.0,-0.14265111279000398,-0.28689519592521295,36,0,USD,NYQ,https://query1.finance.yahoo.com/v8/finance/chart/CIEN?period1=1767225600&period2=1788566400&interval=1d&events=div%2Csplits
CLS,2026-07-12,next_open,2026-07-13,2026-09-04,350.29998779296875,350.29998779296875,312.3500061035156,312.3500061035156,-0.1083356637508135,-0.25159640689326457,40,0,USD,NYQ,https://query1.finance.yahoo.com/v8/finance/chart/CLS?period1=1767225600&period2=1788566400&interval=1d&events=div%2Csplits
CLS,2026-07-12,report_close,2026-07-10,2026-09-04,359.8500061035156,359.8500061035156,312.3500061035156,312.3500061035156,-0.13199944197398739,-0.25159640689326435,41,0,USD,NYQ,https://query1.finance.yahoo.com/v8/finance/chart/CLS?period1=1767225600&period2=1788566400&interval=1d&events=div%2Csplits
CLS,2026-07-13,next_open,2026-07-14,2026-09-04,353.739990234375,353.739990234375,312.3500061035156,312.3500061035156,-0.11700679955194182,-0.25159640689326446,39,0,USD,NYQ,https://query1.finance.yahoo.com/v8/finance/chart/CLS?period1=1767225600&period2=1788566400&interval=1d&events=div%2Csplits
CLS,2026-07-13,report_close,2026-07-13,2026-09-04,345.17999267578125,345.17999267578125,312.3500061035156,312.3500061035156,-0.09510976090407997,-0.25159640689326435,40,0,USD,NYQ,https://query1.finance.yahoo.com/v8/finance/chart/CLS?period1=1767225600&period2=1788566400&interval=1d&events=div%2Csplits
CLS,2026-07-14,next_open,2026-07-15,2026-09-04,349.70001220703125,349.70001220703125,312.3500061035156,312.3500061035156,-0.10680584729692111,-0.25159640689326446,38,0,USD,NYQ,https://query1.finance.yahoo.com/v8/finance/chart/CLS?period1=1767225600&period2=1788566400&interval=1d&events=div%2Csplits
CLS,2026-07-14,report_close,2026-07-14,2026-09-04,345.0299987792969,345.0299987792969,312.3500061035156,312.3500061035156,-0.09471638057966503,-0.25159640689326446,39,0,USD,NYQ,https://query1.finance.yahoo.com/v8/finance/chart/CLS?period1=1767225600&period2=1788566400&interval=1d&events=div%2Csplits
CLS,2026-07-15,next_open,2026-07-16,2026-09-04,328.4599914550781,328.4599914550781,312.3500061035156,312.3500061035156,-0.04904702481478873,-0.25159640689326435,37,0,USD,NYQ,https://query1.finance.yahoo.com/v8/finance/chart/CLS?period1=1767225600&period2=1788566400&interval=1d&events=div%2Csplits
CLS,2026-07-15,report_close,2026-07-15,2026-09-04,334.7699890136719,334.7699890136719,312.3500061035156,312.3500061035156,-0.06697130461488476,-0.25159640689326446,38,0,USD,NYQ,https://query1.finance.yahoo.com/v8/finance/chart/CLS?period1=1767225600&period2=1788566400&interval=1d&events=div%2Csplits
CLS,2026-07-18,next_open,2026-07-20,2026-09-04,306.0400085449219,306.0400085449219,312.3500061035156,312.3500061035156,0.020618211287455113,-0.25159640689326435,35,0,USD,NYQ,https://query1.finance.yahoo.com/v8/finance/chart/CLS?period1=1767225600&period2=1788566400&interval=1d&events=div%2Csplits
CLS,2026-07-18,report_close,2026-07-17,2026-09-04,301.3399963378906,301.3399963378906,312.3500061035156,312.3500061035156,0.0365368351344888,-0.25159640689326457,36,0,USD,NYQ,https://query1.finance.yahoo.com/v8/finance/chart/CLS?period1=1767225600&period2=1788566400&interval=1d&events=div%2Csplits
CMI,2026-07-12,next_open,2026-07-13,2026-09-04,666.239990234375,663.7692624769637,560.75,560.75,-0.15520342429315037,-0.18949212124927517,40,0,USD,NYQ,https://query1.finance.yahoo.com/v8/finance/chart/CMI?period1=1767225600&period2=1788566400&interval=1d&events=div%2Csplits
CMI,2026-07-12,report_close,2026-07-10,2026-09-04,675.9500122070312,673.4432983398438,560.75,560.75,-0.1673389558076419,-0.189983772435254,41,0,USD,NYQ,https://query1.finance.yahoo.com/v8/finance/chart/CMI?period1=1767225600&period2=1788566400&interval=1d&events=div%2Csplits
CMI,2026-07-13,next_open,2026-07-14,2026-09-04,683.6699829101562,681.1346454248214,560.75,560.75,-0.1767413333522888,-0.19913044555269477,39,0,USD,NYQ,https://query1.finance.yahoo.com/v8/finance/chart/CMI?period1=1767225600&period2=1788566400&interval=1d&events=div%2Csplits
CMI,2026-07-13,report_close,2026-07-13,2026-09-04,664.3900146484375,661.9261474609375,560.75,560.75,-0.1528511116369039,-0.18949212124927528,40,0,USD,NYQ,https://query1.finance.yahoo.com/v8/finance/chart/CMI?period1=1767225600&period2=1788566400&interval=1d&events=div%2Csplits
CMI,2026-07-14,next_open,2026-07-15,2026-09-04,678.9500122070312,676.4321946251116,560.75,560.75,-0.1710181678878019,-0.19356292569379563,38,0,USD,NYQ,https://query1.finance.yahoo.com/v8/finance/chart/CMI?period1=1767225600&period2=1788566400&interval=1d&events=div%2Csplits
CMI,2026-07-14,report_close,2026-07-14,2026-09-04,675.5399780273438,673.0347900390625,560.75,560.75,-0.16683356001930538,-0.18949212124927517,39,0,USD,NYQ,https://query1.finance.yahoo.com/v8/finance/chart/CMI?period1=1767225600&period2=1788566400&interval=1d&events=div%2Csplits
CMI,2026-07-15,next_open,2026-07-16,2026-09-04,657.030029296875,654.5935073007736,560.75,560.75,-0.1433615003114509,-0.17668311371085077,37,0,USD,NYQ,https://query1.finance.yahoo.com/v8/finance/chart/CMI?period1=1767225600&period2=1788566400&interval=1d&events=div%2Csplits
CMI,2026-07-15,report_close,2026-07-15,2026-09-04,666.1300048828125,663.6597290039062,560.75,560.75,-0.15506399515662117,-0.17804263817732835,38,0,USD,NYQ,https://query1.finance.yahoo.com/v8/finance/chart/CMI?period1=1767225600&period2=1788566400&interval=1d&events=div%2Csplits
CMI,2026-07-18,next_open,2026-07-20,2026-09-04,652.0,649.5821082409727,560.75,560.75,-0.1367527016430986,-0.17668311371085077,35,0,USD,NYQ,https://query1.finance.yahoo.com/v8/finance/chart/CMI?period1=1767225600&period2=1788566400&interval=1d&events=div%2Csplits
CMI,2026-07-18,report_close,2026-07-17,2026-09-04,648.47998046875,646.0751342773438,560.75,560.75,-0.13206689090856705,-0.17668311371085088,36,0,USD,NYQ,https://query1.finance.yahoo.com/v8/finance/chart/CMI?period1=1767225600&period2=1788566400&interval=1d&events=div%2Csplits
COHR,2026-07-12,next_open,2026-07-13,2026-09-04,314.0,314.0,281.8599853515625,281.8599853515625,-0.10235673454916405,-0.30258750229004583,40,0,USD,NYQ,https://query1.finance.yahoo.com/v8/finance/chart/COHR?period1=1767225600&period2=1788566400&interval=1d&events=div%2Csplits
COHR,2026-07-12,report_close,2026-07-10,2026-09-04,324.5,324.5,281.8599853515625,281.8599853515625,-0.13140220230643296,-0.3157164774984351,41,0,USD,NYQ,https://query1.finance.yahoo.com/v8/finance/chart/COHR?period1=1767225600&period2=1788566400&interval=1d&events=div%2Csplits
COHR,2026-07-13,next_open,2026-07-14,2026-09-04,320.5,320.5,281.8599853515625,281.8599853515625,-0.12056166816985181,-0.30717627752961685,39,0,USD,NYQ,https://query1.finance.yahoo.com/v8/finance/chart/COHR?period1=1767225600&period2=1788566400&interval=1d&events=div%2Csplits
COHR,2026-07-13,report_close,2026-07-13,2026-09-04,307.3900146484375,307.3900146484375,281.8599853515625,281.8599853515625,-0.08305419200449216,-0.30258750229004594,40,0,USD,NYQ,https://query1.finance.yahoo.com/v8/finance/chart/COHR?period1=1767225600&period2=1788566400&interval=1d&events=div%2Csplits
COHR,2026-07-14,next_open,2026-07-15,2026-09-04,315.1199951171875,315.1199951171875,281.8599853515625,281.8599853515625,-0.10554712579649606,-0.30258750229004583,38,0,USD,NYQ,https://query1.finance.yahoo.com/v8/finance/chart/COHR?period1=1767225600&period2=1788566400&interval=1d&events=div%2Csplits
COHR,2026-07-14,report_close,2026-07-14,2026-09-04,310.7699890136719,310.7699890136719,281.8599853515625,281.8599853515625,-0.0930270125306003,-0.30258750229004594,39,0,USD,NYQ,https://query1.finance.yahoo.com/v8/finance/chart/COHR?period1=1767225600&period2=1788566400&interval=1d&events=div%2Csplits
COHR,2026-07-15,next_open,2026-07-16,2026-09-04,286.0899963378906,286.0899963378906,281.8599853515625,281.8599853515625,-0.014785595583468814,-0.30258750229004583,37,0,USD,NYQ,https://query1.finance.yahoo.com/v8/finance/chart/COHR?period1=1767225600&period2=1788566400&interval=1d&events=div%2Csplits
COHR,2026-07-15,report_close,2026-07-15,2026-09-04,299.3800048828125,299.3800048828125,281.8599853515625,281.8599853515625,-0.058521007567315375,-0.30258750229004583,38,0,USD,NYQ,https://query1.finance.yahoo.com/v8/finance/chart/COHR?period1=1767225600&period2=1788566400&interval=1d&events=div%2Csplits
COHR,2026-07-18,next_open,2026-07-20,2026-09-04,288.6499938964844,288.6499938964844,281.8599853515625,281.8599853515625,-0.023523328212357142,-0.30258750229004583,35,0,USD,NYQ,https://query1.finance.yahoo.com/v8/finance/chart/COHR?period1=1767225600&period2=1788566400&interval=1d&events=div%2Csplits
COHR,2026-07-18,report_close,2026-07-17,2026-09-04,277.6000061035156,277.6000061035156,281.8599853515625,281.8599853515625,0.01534574623337126,-0.30258750229004594,36,0,USD,NYQ,https://query1.finance.yahoo.com/v8/finance/chart/COHR?period1=1767225600&period2=1788566400&interval=1d&events=div%2Csplits
COHU,2026-07-12,next_open,2026-07-13,2026-09-04,53.77999877929688,53.77999877929688,50.720001220703125,50.720001220703125,-0.05689843116492843,-0.3002490341800126,40,0,USD,NMS,https://query1.finance.yahoo.com/v8/finance/chart/COHU?period1=1767225600&period2=1788566400&interval=1d&events=div%2Csplits
COHU,2026-07-12,report_close,2026-07-10,2026-09-04,56.16999816894531,56.16999816894531,50.720001220703125,50.720001220703125,-0.09702683150976721,-0.3002490341800125,41,0,USD,NMS,https://query1.finance.yahoo.com/v8/finance/chart/COHU?period1=1767225600&period2=1788566400&interval=1d&events=div%2Csplits
COHU,2026-07-13,next_open,2026-07-14,2026-09-04,55.959999084472656,55.959999084472656,50.720001220703125,50.720001220703125,-0.09363827643849054,-0.3002490341800125,39,0,USD,NMS,https://query1.finance.yahoo.com/v8/finance/chart/COHU?period1=1767225600&period2=1788566400&interval=1d&events=div%2Csplits
COHU,2026-07-13,report_close,2026-07-13,2026-09-04,52.810001373291016,52.810001373291016,50.720001220703125,50.720001220703125,-0.03957583976971679,-0.30024903418001236,40,0,USD,NMS,https://query1.finance.yahoo.com/v8/finance/chart/COHU?period1=1767225600&period2=1788566400&interval=1d&events=div%2Csplits
COHU,2026-07-14,next_open,2026-07-15,2026-09-04,57.91999816894531,57.91999816894531,50.720001220703125,50.720001220703125,-0.12430934350585965,-0.32078726871091945,38,0,USD,NMS,https://query1.finance.yahoo.com/v8/finance/chart/COHU?period1=1767225600&period2=1788566400&interval=1d&events=div%2Csplits
COHU,2026-07-14,report_close,2026-07-14,2026-09-04,55.77999877929688,55.77999877929688,50.720001220703125,50.720001220703125,-0.0907134756064536,-0.3002490341800125,39,0,USD,NMS,https://query1.finance.yahoo.com/v8/finance/chart/COHU?period1=1767225600&period2=1788566400&interval=1d&events=div%2Csplits
COHU,2026-07-15,next_open,2026-07-16,2026-09-04,52.33000183105469,52.33000183105469,50.720001220703125,50.720001220703125,-0.030766301433532983,-0.3002490341800125,37,0,USD,NMS,https://query1.finance.yahoo.com/v8/finance/chart/COHU?period1=1767225600&period2=1788566400&interval=1d&events=div%2Csplits
COHU,2026-07-15,report_close,2026-07-15,2026-09-04,55.02000045776367,55.02000045776367,50.720001220703125,50.720001220703125,-0.07815338424726948,-0.3002490341800125,38,0,USD,NMS,https://query1.finance.yahoo.com/v8/finance/chart/COHU?period1=1767225600&period2=1788566400&interval=1d&events=div%2Csplits
COHU,2026-07-18,next_open,2026-07-20,2026-09-04,52.77000045776367,52.77000045776367,50.720001220703125,50.720001220703125,-0.03884781541173832,-0.3002490341800125,35,0,USD,NMS,https://query1.finance.yahoo.com/v8/finance/chart/COHU?period1=1767225600&period2=1788566400&interval=1d&events=div%2Csplits
COHU,2026-07-18,report_close,2026-07-17,2026-09-04,51.18999862670898,51.18999862670898,50.720001220703125,50.720001220703125,-0.009181430330428397,-0.3002490341800125,36,0,USD,NMS,https://query1.finance.yahoo.com/v8/finance/chart/COHU?period1=1767225600&period2=1788566400&interval=1d&events=div%2Csplits
CRDO,2026-07-12,next_open,2026-07-13,2026-09-04,248.5200042724609,248.5200042724609,170.57000732421875,170.57000732421875,-0.31365683087138096,-0.41952480758992283,40,0,USD,NMS,https://query1.finance.yahoo.com/v8/finance/chart/CRDO?period1=1767225600&period2=1788566400&interval=1d&events=div%2Csplits
CRDO,2026-07-12,report_close,2026-07-10,2026-09-04,257.7900085449219,257.7900085449219,170.57000732421875,170.57000732421875,-0.3383373999365238,-0.41952480758992283,41,0,USD,NMS,https://query1.finance.yahoo.com/v8/finance/chart/CRDO?period1=1767225600&period2=1788566400&interval=1d&events=div%2Csplits
CRDO,2026-07-13,next_open,2026-07-14,2026-09-04,252.5050048828125,252.5050048828125,170.57000732421875,170.57000732421875,-0.32448860804410495,-0.41952480758992283,39,0,USD,NMS,https://query1.finance.yahoo.com/v8/finance/chart/CRDO?period1=1767225600&period2=1788566400&interval=1d&events=div%2Csplits
CRDO,2026-07-13,report_close,2026-07-13,2026-09-04,236.8800048828125,236.8800048828125,170.57000732421875,170.57000732421875,-0.2799307505561651,-0.41952480758992283,40,0,USD,NMS,https://query1.finance.yahoo.com/v8/finance/chart/CRDO?period1=1767225600&period2=1788566400&interval=1d&events=div%2Csplits
CRDO,2026-07-14,next_open,2026-07-15,2026-09-04,238.0,238.0,170.57000732421875,170.57000732421875,-0.28331929695706404,-0.41952480758992283,38,0,USD,NMS,https://query1.finance.yahoo.com/v8/finance/chart/CRDO?period1=1767225600&period2=1788566400&interval=1d&events=div%2Csplits
CRDO,2026-07-14,report_close,2026-07-14,2026-09-04,236.17999267578125,236.17999267578125,170.57000732421875,170.57000732421875,-0.27779654240920126,-0.41952480758992283,39,0,USD,NMS,https://query1.finance.yahoo.com/v8/finance/chart/CRDO?period1=1767225600&period2=1788566400&interval=1d&events=div%2Csplits
CRDO,2026-07-15,next_open,2026-07-16,2026-09-04,218.7400054931641,218.7400054931641,170.57000732421875,170.57000732421875,-0.22021576739171622,-0.4195248075899227,37,0,USD,NMS,https://query1.finance.yahoo.com/v8/finance/chart/CRDO?period1=1767225600&period2=1788566400&interval=1d&events=div%2Csplits
CRDO,2026-07-15,report_close,2026-07-15,2026-09-04,226.7400054931641,226.7400054931641,170.57000732421875,170.57000732421875,-0.24772866193936294,-0.4195248075899227,38,0,USD,NMS,https://query1.finance.yahoo.com/v8/finance/chart/CRDO?period1=1767225600&period2=1788566400&interval=1d&events=div%2Csplits
CRDO,2026-07-18,next_open,2026-07-20,2026-09-04,213.5,213.5,170.57000732421875,170.57000732421875,-0.20107724906689106,-0.41952480758992283,35,0,USD,NMS,https://query1.finance.yahoo.com/v8/finance/chart/CRDO?period1=1767225600&period2=1788566400&interval=1d&events=div%2Csplits
CRDO,2026-07-18,report_close,2026-07-17,2026-09-04,202.67999267578125,202.67999267578125,170.57000732421875,170.57000732421875,-0.1584270106173109,-0.41952480758992283,36,0,USD,NMS,https://query1.finance.yahoo.com/v8/finance/chart/CRDO?period1=1767225600&period2=1788566400&interval=1d&events=div%2Csplits
CRWD,2026-07-12,next_open,2026-07-13,2026-09-04,186.8600006103516,186.8600006103516,213.1000061035156,213.1000061035156,0.1404260163087594,-0.1780250703400884,40,0,USD,NMS,https://query1.finance.yahoo.com/v8/finance/chart/CRWD?period1=1767225600&period2=1788566400&interval=1d&events=div%2Csplits
CRWD,2026-07-12,report_close,2026-07-10,2026-09-04,187.17999267578125,187.17999267578125,213.1000061035156,213.1000061035156,0.13847641009705014,-0.1780250703400883,41,0,USD,NMS,https://query1.finance.yahoo.com/v8/finance/chart/CRWD?period1=1767225600&period2=1788566400&interval=1d&events=div%2Csplits
CRWD,2026-07-13,next_open,2026-07-14,2026-09-04,190.9949951171875,190.9949951171875,213.1000061035156,213.1000061035156,0.11573607451213719,-0.1780250703400884,39,0,USD,NMS,https://query1.finance.yahoo.com/v8/finance/chart/CRWD?period1=1767225600&period2=1788566400&interval=1d&events=div%2Csplits
CRWD,2026-07-13,report_close,2026-07-13,2026-09-04,187.91000366210935,187.91000366210935,213.1000061035156,213.1000061035156,0.13405354664726477,-0.1780250703400884,40,0,USD,NMS,https://query1.finance.yahoo.com/v8/finance/chart/CRWD?period1=1767225600&period2=1788566400&interval=1d&events=div%2Csplits
CRWD,2026-07-14,next_open,2026-07-15,2026-09-04,212.3800048828125,212.3800048828125,213.1000061035156,213.1000061035156,0.003390155401401307,-0.1780250703400884,38,0,USD,NMS,https://query1.finance.yahoo.com/v8/finance/chart/CRWD?period1=1767225600&period2=1788566400&interval=1d&events=div%2Csplits
CRWD,2026-07-14,report_close,2026-07-14,2026-09-04,210.72999572753903,210.72999572753903,213.1000061035156,213.1000061035156,0.011246668362489887,-0.1780250703400884,39,0,USD,NMS,https://query1.finance.yahoo.com/v8/finance/chart/CRWD?period1=1767225600&period2=1788566400&interval=1d&events=div%2Csplits
CRWD,2026-07-15,next_open,2026-07-16,2026-09-04,207.1699981689453,207.1699981689453,213.1000061035156,213.1000061035156,0.028623874050210718,-0.1780250703400884,37,0,USD,NMS,https://query1.finance.yahoo.com/v8/finance/chart/CRWD?period1=1767225600&period2=1788566400&interval=1d&events=div%2Csplits
CRWD,2026-07-15,report_close,2026-07-15,2026-09-04,206.7700042724609,206.7700042724609,213.1000061035156,213.1000061035156,0.030613733618313654,-0.1780250703400884,38,0,USD,NMS,https://query1.finance.yahoo.com/v8/finance/chart/CRWD?period1=1767225600&period2=1788566400&interval=1d&events=div%2Csplits
CRWD,2026-07-18,next_open,2026-07-20,2026-09-04,203.0800018310547,203.0800018310547,213.1000061035156,213.1000061035156,0.04934018210614699,-0.1780250703400884,35,0,USD,NMS,https://query1.finance.yahoo.com/v8/finance/chart/CRWD?period1=1767225600&period2=1788566400&interval=1d&events=div%2Csplits
CRWD,2026-07-18,report_close,2026-07-17,2026-09-04,203.0800018310547,203.0800018310547,213.1000061035156,213.1000061035156,0.04934018210614699,-0.1780250703400884,36,0,USD,NMS,https://query1.finance.yahoo.com/v8/finance/chart/CRWD?period1=1767225600&period2=1788566400&interval=1d&events=div%2Csplits
CRWV,2026-07-12,next_open,2026-07-13,2026-09-04,86.97000122070312,86.97000122070312,89.36000061035156,89.36000061035156,0.027480733081552522,-0.3006784081733912,40,0,USD,NMS,https://query1.finance.yahoo.com/v8/finance/chart/CRWV?period1=1767225600&period2=1788566400&interval=1d&events=div%2Csplits
CRWV,2026-07-12,report_close,2026-07-10,2026-09-04,88.87999725341797,88.87999725341797,89.36000061035156,89.36000061035156,0.005400577990174682,-0.315706552944506,41,0,USD,NMS,https://query1.finance.yahoo.com/v8/finance/chart/CRWV?period1=1767225600&period2=1788566400&interval=1d&events=div%2Csplits
CRWV,2026-07-13,next_open,2026-07-14,2026-09-04,84.66000366210938,84.66000366210938,89.36000061035156,89.36000061035156,0.05551614392789972,-0.2815970108202942,39,0,USD,NMS,https://query1.finance.yahoo.com/v8/finance/chart/CRWV?period1=1767225600&period2=1788566400&interval=1d&events=div%2Csplits
CRWV,2026-07-13,report_close,2026-07-13,2026-09-04,83.30999755859375,83.30999755859375,89.36000061035156,89.36000061035156,0.07262037245293063,-0.26995556983364233,40,0,USD,NMS,https://query1.finance.yahoo.com/v8/finance/chart/CRWV?period1=1767225600&period2=1788566400&interval=1d&events=div%2Csplits
CRWV,2026-07-14,next_open,2026-07-15,2026-09-04,78.73500061035156,78.73500061035156,89.36000061035156,89.36000061035156,0.13494633793910316,-0.2640367843172735,38,0,USD,NMS,https://query1.finance.yahoo.com/v8/finance/chart/CRWV?period1=1767225600&period2=1788566400&interval=1d&events=div%2Csplits
CRWV,2026-07-14,report_close,2026-07-14,2026-09-04,79.94000244140625,79.94000244140625,89.36000061035156,89.36000061035156,0.11783835227988515,-0.2640367843172735,39,0,USD,NMS,https://query1.finance.yahoo.com/v8/finance/chart/CRWV?period1=1767225600&period2=1788566400&interval=1d&events=div%2Csplits
CRWV,2026-07-15,next_open,2026-07-16,2026-09-04,75.56999969482422,75.56999969482422,89.36000061035156,89.36000061035156,0.18247983288627467,-0.2640367843172735,37,0,USD,NMS,https://query1.finance.yahoo.com/v8/finance/chart/CRWV?period1=1767225600&period2=1788566400&interval=1d&events=div%2Csplits
CRWV,2026-07-15,report_close,2026-07-15,2026-09-04,77.12000274658203,77.12000274658203,89.36000061035156,89.36000061035156,0.1587136595934835,-0.2640367843172735,38,0,USD,NMS,https://query1.finance.yahoo.com/v8/finance/chart/CRWV?period1=1767225600&period2=1788566400&interval=1d&events=div%2Csplits
CRWV,2026-07-18,next_open,2026-07-20,2026-09-04,75.76499938964844,75.76499938964844,89.36000061035156,89.36000061035156,0.17943643278852273,-0.2640367843172735,35,0,USD,NMS,https://query1.finance.yahoo.com/v8/finance/chart/CRWV?period1=1767225600&period2=1788566400&interval=1d&events=div%2Csplits
CRWV,2026-07-18,report_close,2026-07-17,2026-09-04,73.20999908447266,73.20999908447266,89.36000061035156,89.36000061035156,0.22059830252482837,-0.2640367843172735,36,0,USD,NMS,https://query1.finance.yahoo.com/v8/finance/chart/CRWV?period1=1767225600&period2=1788566400&interval=1d&events=div%2Csplits
CSCO,2026-07-12,next_open,2026-07-13,2026-09-04,119.97000122070312,119.97000122070312,109.1999969482422,109.1999969482422,-0.08977247781008069,-0.12326442510189084,40,0,USD,NMS,https://query1.finance.yahoo.com/v8/finance/chart/CSCO?period1=1767225600&period2=1788566400&interval=1d&events=div%2Csplits
CSCO,2026-07-12,report_close,2026-07-10,2026-09-04,121.30999755859376,121.30999755859376,109.1999969482422,109.1999969482422,-0.09982689682688628,-0.12326442510189095,41,0,USD,NMS,https://query1.finance.yahoo.com/v8/finance/chart/CSCO?period1=1767225600&period2=1788566400&interval=1d&events=div%2Csplits
CSCO,2026-07-13,next_open,2026-07-14,2026-09-04,119.75,119.75,109.1999969482422,109.1999969482422,-0.08810023425267477,-0.12326442510189095,39,0,USD,NMS,https://query1.finance.yahoo.com/v8/finance/chart/CSCO?period1=1767225600&period2=1788566400&interval=1d&events=div%2Csplits
CSCO,2026-07-13,report_close,2026-07-13,2026-09-04,119.25,119.25,109.1999969482422,109.1999969482422,-0.08427675515100874,-0.12326442510189095,40,0,USD,NMS,https://query1.finance.yahoo.com/v8/finance/chart/CSCO?period1=1767225600&period2=1788566400&interval=1d&events=div%2Csplits
CSCO,2026-07-14,next_open,2026-07-15,2026-09-04,117.1999969482422,117.1999969482422,109.1999969482422,109.1999969482422,-0.06825938744292759,-0.12326442510189095,38,0,USD,NMS,https://query1.finance.yahoo.com/v8/finance/chart/CSCO?period1=1767225600&period2=1788566400&interval=1d&events=div%2Csplits
CSCO,2026-07-14,report_close,2026-07-14,2026-09-04,117.08999633789062,117.08999633789062,109.1999969482422,109.1999969482422,-0.06738406043570089,-0.12326442510189084,39,0,USD,NMS,https://query1.finance.yahoo.com/v8/finance/chart/CSCO?period1=1767225600&period2=1788566400&interval=1d&events=div%2Csplits
CSCO,2026-07-15,next_open,2026-07-16,2026-09-04,110.22000122070312,110.22000122070312,109.1999969482422,109.1999969482422,-0.00925425749559261,-0.12326442510189095,37,0,USD,NMS,https://query1.finance.yahoo.com/v8/finance/chart/CSCO?period1=1767225600&period2=1788566400&interval=1d&events=div%2Csplits
CSCO,2026-07-15,report_close,2026-07-15,2026-09-04,111.7699966430664,111.7699966430664,109.1999969482422,109.1999969482422,-0.022993645629527992,-0.12326442510189095,38,0,USD,NMS,https://query1.finance.yahoo.com/v8/finance/chart/CSCO?period1=1767225600&period2=1788566400&interval=1d&events=div%2Csplits
CSCO,2026-07-18,next_open,2026-07-20,2026-09-04,112.27999877929688,112.27999877929688,109.1999969482422,109.1999969482422,-0.027431438052549995,-0.12326442510189106,35,0,USD,NMS,https://query1.finance.yahoo.com/v8/finance/chart/CSCO?period1=1767225600&period2=1788566400&interval=1d&events=div%2Csplits
CSCO,2026-07-18,report_close,2026-07-17,2026-09-04,111.94000244140624,111.94000244140624,109.1999969482422,109.1999969482422,-0.02447744714494049,-0.12326442510189095,36,0,USD,NMS,https://query1.finance.yahoo.com/v8/finance/chart/CSCO?period1=1767225600&period2=1788566400&interval=1d&events=div%2Csplits
DCI,2026-07-12,next_open,2026-07-13,2026-09-04,89.36000061035156,89.06198142066197,91.02999877929688,91.02999877929688,0.022097165673189645,-0.0867015466036698,40,0,USD,NYQ,https://query1.finance.yahoo.com/v8/finance/chart/DCI?period1=1767225600&period2=1788566400&interval=1d&events=div%2Csplits
DCI,2026-07-12,report_close,2026-07-10,2026-09-04,89.23999786376953,88.94237518310547,91.02999877929688,91.02999877929688,0.023471642081669408,-0.0867015466036698,41,0,USD,NYQ,https://query1.finance.yahoo.com/v8/finance/chart/DCI?period1=1767225600&period2=1788566400&interval=1d&events=div%2Csplits
DCI,2026-07-13,next_open,2026-07-14,2026-09-04,90.48999786376952,90.18820786178684,91.02999877929688,91.02999877929688,0.009333713768878482,-0.08670154660366991,39,0,USD,NYQ,https://query1.finance.yahoo.com/v8/finance/chart/DCI?period1=1767225600&period2=1788566400&interval=1d&events=div%2Csplits
DCI,2026-07-13,report_close,2026-07-13,2026-09-04,89.27999877929688,88.98224639892578,91.02999877929688,91.02999877929688,0.023013044323365373,-0.08670154660366969,40,0,USD,NYQ,https://query1.finance.yahoo.com/v8/finance/chart/DCI?period1=1767225600&period2=1788566400&interval=1d&events=div%2Csplits
DCI,2026-07-14,next_open,2026-07-15,2026-09-04,89.54000091552734,89.24137856905585,91.02999877929688,91.02999877929688,0.020042498658365826,-0.0867015466036698,38,0,USD,NYQ,https://query1.finance.yahoo.com/v8/finance/chart/DCI?period1=1767225600&period2=1788566400&interval=1d&events=div%2Csplits
DCI,2026-07-14,report_close,2026-07-14,2026-09-04,89.7300033569336,89.43074798583984,91.02999877929688,91.02999877929688,0.017882560858266006,-0.0867015466036698,39,0,USD,NYQ,https://query1.finance.yahoo.com/v8/finance/chart/DCI?period1=1767225600&period2=1788566400&interval=1d&events=div%2Csplits
DCI,2026-07-15,next_open,2026-07-16,2026-09-04,88.83000183105469,88.53374983218639,91.02999877929688,91.02999877929688,0.02819545034342341,-0.08670154660366969,37,0,USD,NYQ,https://query1.finance.yahoo.com/v8/finance/chart/DCI?period1=1767225600&period2=1788566400&interval=1d&events=div%2Csplits
DCI,2026-07-15,report_close,2026-07-15,2026-09-04,89.2699966430664,88.97227478027344,91.02999877929688,91.02999877929688,0.023127699096209486,-0.08670154660366991,38,0,USD,NYQ,https://query1.finance.yahoo.com/v8/finance/chart/DCI?period1=1767225600&period2=1788566400&interval=1d&events=div%2Csplits
DCI,2026-07-18,next_open,2026-07-20,2026-09-04,90.72000122070312,90.41744148836233,91.02999877929688,91.02999877929688,0.006774769124753277,-0.0867015466036698,35,0,USD,NYQ,https://query1.finance.yahoo.com/v8/finance/chart/DCI?period1=1767225600&period2=1788566400&interval=1d&events=div%2Csplits
DCI,2026-07-18,report_close,2026-07-17,2026-09-04,90.4000015258789,90.0985107421875,91.02999877929688,91.02999877929688,0.010338550875438779,-0.0867015466036698,36,0,USD,NYQ,https://query1.finance.yahoo.com/v8/finance/chart/DCI?period1=1767225600&period2=1788566400&interval=1d&events=div%2Csplits
DD,2026-07-12,next_open,2026-07-13,2026-09-04,135.0,134.40866500437198,131.58999633789062,131.58999633789062,-0.020970885071953327,-0.10628411595326659,40,0,USD,NYQ,https://query1.finance.yahoo.com/v8/finance/chart/DD?period1=1767225600&period2=1788566400&interval=1d&events=div%2Csplits
DD,2026-07-12,report_close,2026-07-10,2026-09-04,134.67999267578125,134.09005737304688,131.58999633789062,131.58999633789062,-0.018644641400972217,-0.10628411595326659,41,0,USD,NYQ,https://query1.finance.yahoo.com/v8/finance/chart/DD?period1=1767225600&period2=1788566400&interval=1d&events=div%2Csplits
DD,2026-07-13,next_open,2026-07-14,2026-09-04,133.97999572753906,133.39313571667284,131.58999633789062,131.58999633789062,-0.013517482508336065,-0.10628411595326659,39,0,USD,NYQ,https://query1.finance.yahoo.com/v8/finance/chart/DD?period1=1767225600&period2=1788566400&interval=1d&events=div%2Csplits
DD,2026-07-13,report_close,2026-07-13,2026-09-04,132.66000366210938,132.07891845703125,131.58999633789062,131.58999633789062,-0.003701742298107047,-0.10628411595326659,40,0,USD,NYQ,https://query1.finance.yahoo.com/v8/finance/chart/DD?period1=1767225600&period2=1788566400&interval=1d&events=div%2Csplits
DD,2026-07-14,next_open,2026-07-15,2026-09-04,134.1699981689453,133.58230701526224,131.58999633789062,131.58999633789062,-0.014914480232355865,-0.10628411595326659,38,0,USD,NYQ,https://query1.finance.yahoo.com/v8/finance/chart/DD?period1=1767225600&period2=1788566400&interval=1d&events=div%2Csplits
DD,2026-07-14,report_close,2026-07-14,2026-09-04,134.1699981689453,133.58230590820312,131.58999633789062,131.58999633789062,-0.014914472068490836,-0.10628411595326648,39,0,USD,NYQ,https://query1.finance.yahoo.com/v8/finance/chart/DD?period1=1767225600&period2=1788566400&interval=1d&events=div%2Csplits
DD,2026-07-15,next_open,2026-07-16,2026-09-04,133.5800018310547,132.99488546638187,131.58999633789062,131.58999633789062,-0.010563482374262967,-0.10628411595326659,37,0,USD,NYQ,https://query1.finance.yahoo.com/v8/finance/chart/DD?period1=1767225600&period2=1788566400&interval=1d&events=div%2Csplits
DD,2026-07-15,report_close,2026-07-15,2026-09-04,134.86000061035156,134.269287109375,131.58999633789062,131.58999633789062,-0.019954606367291183,-0.10628411595326648,38,0,USD,NYQ,https://query1.finance.yahoo.com/v8/finance/chart/DD?period1=1767225600&period2=1788566400&interval=1d&events=div%2Csplits
DD,2026-07-18,next_open,2026-07-20,2026-09-04,135.88999938964844,135.29476640550644,131.58999633789062,131.58999633789062,-0.02738295180252459,-0.10628411595326659,35,0,USD,NYQ,https://query1.finance.yahoo.com/v8/finance/chart/DD?period1=1767225600&period2=1788566400&interval=1d&events=div%2Csplits
DD,2026-07-18,report_close,2026-07-17,2026-09-04,135.2899932861328,134.6973876953125,131.58999633789062,131.58999633789062,-0.02306942555152469,-0.10628411595326659,36,0,USD,NYQ,https://query1.finance.yahoo.com/v8/finance/chart/DD?period1=1767225600&period2=1788566400&interval=1d&events=div%2Csplits
DELL,2026-07-12,next_open,2026-07-13,2026-09-04,432.4500122070313,431.73658219062264,524.1400146484375,524.1400146484375,0.2140273404420856,-0.1907793305116129,40,0,USD,NYQ,https://query1.finance.yahoo.com/v8/finance/chart/DELL?period1=1767225600&period2=1788566400&interval=1d&events=div%2Csplits
DELL,2026-07-12,report_close,2026-07-10,2026-09-04,434.9700012207031,434.2524108886719,524.1400146484375,524.1400146484375,0.20699390839492615,-0.1907793305116129,41,0,USD,NYQ,https://query1.finance.yahoo.com/v8/finance/chart/DELL?period1=1767225600&period2=1788566400&interval=1d&events=div%2Csplits
DELL,2026-07-13,next_open,2026-07-14,2026-09-04,441.8999938964844,441.1709740674602,524.1400146484375,524.1400146484375,0.1880655017170063,-0.1907793305116129,39,0,USD,NYQ,https://query1.finance.yahoo.com/v8/finance/chart/DELL?period1=1767225600&period2=1788566400&interval=1d&events=div%2Csplits
DELL,2026-07-13,report_close,2026-07-13,2026-09-04,427.1099853515625,426.4053649902344,524.1400146484375,524.1400146484375,0.22920595677880717,-0.19077933051161278,40,0,USD,NYQ,https://query1.finance.yahoo.com/v8/finance/chart/DELL?period1=1767225600&period2=1788566400&interval=1d&events=div%2Csplits
DELL,2026-07-14,next_open,2026-07-15,2026-09-04,459.4500122070313,458.69203696256994,524.1400146484375,524.1400146484375,0.14268391951876902,-0.19414337973649898,38,0,USD,NYQ,https://query1.finance.yahoo.com/v8/finance/chart/DELL?period1=1767225600&period2=1788566400&interval=1d&events=div%2Csplits
DELL,2026-07-14,report_close,2026-07-14,2026-09-04,457.5400085449219,456.7851867675781,524.1400146484375,524.1400146484375,0.14745405462355965,-0.1907793305116129,39,0,USD,NYQ,https://query1.finance.yahoo.com/v8/finance/chart/DELL?period1=1767225600&period2=1788566400&interval=1d&events=div%2Csplits
DELL,2026-07-15,next_open,2026-07-16,2026-09-04,404.489990234375,403.8227022641402,524.1400146484375,524.1400146484375,0.29794588493838026,-0.16333176808132033,37,0,USD,NYQ,https://query1.finance.yahoo.com/v8/finance/chart/DELL?period1=1767225600&period2=1788566400&interval=1d&events=div%2Csplits
DELL,2026-07-15,report_close,2026-07-15,2026-09-04,412.6799926757813,411.9991760253906,524.1400146484375,524.1400146484375,0.2721870458695672,-0.16333176808132033,38,0,USD,NYQ,https://query1.finance.yahoo.com/v8/finance/chart/DELL?period1=1767225600&period2=1788566400&interval=1d&events=div%2Csplits
DELL,2026-07-18,next_open,2026-07-20,2026-09-04,400.2900085449219,399.6296318383652,524.1400146484375,524.1400146484375,0.31156444089819635,-0.16333176808132022,35,0,USD,NYQ,https://query1.finance.yahoo.com/v8/finance/chart/DELL?period1=1767225600&period2=1788566400&interval=1d&events=div%2Csplits
DELL,2026-07-18,report_close,2026-07-17,2026-09-04,396.3399963378906,395.6861267089844,524.1400146484375,524.1400146484375,0.32463581426984733,-0.16333176808132022,36,0,USD,NYQ,https://query1.finance.yahoo.com/v8/finance/chart/DELL?period1=1767225600&period2=1788566400&interval=1d&events=div%2Csplits
DHR,2026-07-12,next_open,2026-07-13,2026-09-04,198.6999969482422,198.6999969482422,207.66000366210935,207.66000366210935,0.045093139665226545,-0.1268230851990637,40,0,USD,NYQ,https://query1.finance.yahoo.com/v8/finance/chart/DHR?period1=1767225600&period2=1788566400&interval=1d&events=div%2Csplits
DHR,2026-07-12,report_close,2026-07-10,2026-09-04,199.0500030517578,199.0500030517578,207.66000366210935,207.66000366210935,0.043255465854540764,-0.1268230851990636,41,0,USD,NYQ,https://query1.finance.yahoo.com/v8/finance/chart/DHR?period1=1767225600&period2=1788566400&interval=1d&events=div%2Csplits
DHR,2026-07-13,next_open,2026-07-14,2026-09-04,198.02999877929688,198.02999877929688,207.66000366210935,207.66000366210935,0.04862902056342011,-0.1268230851990636,39,0,USD,NYQ,https://query1.finance.yahoo.com/v8/finance/chart/DHR?period1=1767225600&period2=1788566400&interval=1d&events=div%2Csplits
DHR,2026-07-13,report_close,2026-07-13,2026-09-04,200.16000366210935,200.16000366210935,207.66000366210935,207.66000366210935,0.03747002329526716,-0.12682308519906382,40,0,USD,NYQ,https://query1.finance.yahoo.com/v8/finance/chart/DHR?period1=1767225600&period2=1788566400&interval=1d&events=div%2Csplits
DHR,2026-07-14,next_open,2026-07-15,2026-09-04,200.0,200.0,207.66000366210935,207.66000366210935,0.038300018310546635,-0.1268230851990635,38,0,USD,NYQ,https://query1.finance.yahoo.com/v8/finance/chart/DHR?period1=1767225600&period2=1788566400&interval=1d&events=div%2Csplits
DHR,2026-07-14,report_close,2026-07-14,2026-09-04,199.0500030517578,199.0500030517578,207.66000366210935,207.66000366210935,0.043255465854540764,-0.1268230851990636,39,0,USD,NYQ,https://query1.finance.yahoo.com/v8/finance/chart/DHR?period1=1767225600&period2=1788566400&interval=1d&events=div%2Csplits
DHR,2026-07-15,next_open,2026-07-16,2026-09-04,201.41000366210935,201.41000366210935,207.66000366210935,207.66000366210935,0.03103122926547952,-0.1268230851990637,37,0,USD,NYQ,https://query1.finance.yahoo.com/v8/finance/chart/DHR?period1=1767225600&period2=1788566400&interval=1d&events=div%2Csplits
DHR,2026-07-15,report_close,2026-07-15,2026-09-04,200.7899932861328,200.7899932861328,207.66000366210935,207.66000366210935,0.0342149041570341,-0.1268230851990637,38,0,USD,NYQ,https://query1.finance.yahoo.com/v8/finance/chart/DHR?period1=1767225600&period2=1788566400&interval=1d&events=div%2Csplits
DHR,2026-07-18,next_open,2026-07-20,2026-09-04,202.0,202.0,207.66000366210935,207.66000366210935,0.028019820109452143,-0.11381190838200028,35,0,USD,NYQ,https://query1.finance.yahoo.com/v8/finance/chart/DHR?period1=1767225600&period2=1788566400&interval=1d&events=div%2Csplits
DHR,2026-07-18,report_close,2026-07-17,2026-09-04,203.8300018310547,203.8300018310547,207.66000366210935,207.66000366210935,0.018790177091933646,-0.12176817495586789,36,0,USD,NYQ,https://query1.finance.yahoo.com/v8/finance/chart/DHR?period1=1767225600&period2=1788566400&interval=1d&events=div%2Csplits
DIOD,2026-07-12,next_open,2026-07-13,2026-09-04,93.4000015258789,93.4000015258789,91.79000091552734,91.79000091552734,-0.017237693619367556,-0.2149195442074302,40,0,USD,NMS,https://query1.finance.yahoo.com/v8/finance/chart/DIOD?period1=1767225600&period2=1788566400&interval=1d&events=div%2Csplits
DIOD,2026-07-12,report_close,2026-07-10,2026-09-04,96.37999725341795,96.37999725341795,91.79000091552734,91.79000091552734,-0.04762395173992218,-0.2149195442074302,41,0,USD,NMS,https://query1.finance.yahoo.com/v8/finance/chart/DIOD?period1=1767225600&period2=1788566400&interval=1d&events=div%2Csplits
DIOD,2026-07-13,next_open,2026-07-14,2026-09-04,99.27999877929688,99.27999877929688,91.79000091552734,91.79000091552734,-0.07544317038540738,-0.23358181634307318,39,0,USD,NMS,https://query1.finance.yahoo.com/v8/finance/chart/DIOD?period1=1767225600&period2=1788566400&interval=1d&events=div%2Csplits
DIOD,2026-07-13,report_close,2026-07-13,2026-09-04,92.29000091552734,92.29000091552734,91.79000091552734,91.79000091552734,-0.0054177050063922705,-0.2149195442074302,40,0,USD,NMS,https://query1.finance.yahoo.com/v8/finance/chart/DIOD?period1=1767225600&period2=1788566400&interval=1d&events=div%2Csplits
DIOD,2026-07-14,next_open,2026-07-15,2026-09-04,96.75,96.75,91.79000091552734,91.79000091552734,-0.05126614040798616,-0.2149195442074302,38,0,USD,NMS,https://query1.finance.yahoo.com/v8/finance/chart/DIOD?period1=1767225600&period2=1788566400&interval=1d&events=div%2Csplits
DIOD,2026-07-14,report_close,2026-07-14,2026-09-04,95.12999725341795,95.12999725341795,91.79000091552734,91.79000091552734,-0.03510981219723108,-0.2149195442074302,39,0,USD,NMS,https://query1.finance.yahoo.com/v8/finance/chart/DIOD?period1=1767225600&period2=1788566400&interval=1d&events=div%2Csplits
DIOD,2026-07-15,next_open,2026-07-16,2026-09-04,93.95999908447266,93.95999908447266,91.79000091552734,91.79000091552734,-0.023094914751908613,-0.19913698950570846,37,0,USD,NMS,https://query1.finance.yahoo.com/v8/finance/chart/DIOD?period1=1767225600&period2=1788566400&interval=1d&events=div%2Csplits
DIOD,2026-07-15,report_close,2026-07-15,2026-09-04,96.91999816894533,96.91999816894533,91.79000091552734,91.79000091552734,-0.05293022441535411,-0.2149195442074302,38,0,USD,NMS,https://query1.finance.yahoo.com/v8/finance/chart/DIOD?period1=1767225600&period2=1788566400&interval=1d&events=div%2Csplits
DIOD,2026-07-18,next_open,2026-07-20,2026-09-04,88.98999786376953,88.98999786376953,91.79000091552734,91.79000091552734,0.03146424451031238,-0.19913698950570835,35,0,USD,NMS,https://query1.finance.yahoo.com/v8/finance/chart/DIOD?period1=1767225600&period2=1788566400&interval=1d&events=div%2Csplits
DIOD,2026-07-18,report_close,2026-07-17,2026-09-04,87.0199966430664,87.0199966430664,91.79000091552734,91.79000091552734,0.0548150362729416,-0.19913698950570835,36,0,USD,NMS,https://query1.finance.yahoo.com/v8/finance/chart/DIOD?period1=1767225600&period2=1788566400&interval=1d&events=div%2Csplits
DKILY,2026-07-12,next_open,2026-07-13,2026-09-04,15.520000457763672,15.520000457763672,13.09000015258789,13.09000015258789,-0.1565721799937323,-0.17525774399498584,40,0,USD,PNK,https://query1.finance.yahoo.com/v8/finance/chart/DKILY?period1=1767225600&period2=1788566400&interval=1d&events=div%2Csplits
DKILY,2026-07-12,report_close,2026-07-10,2026-09-04,15.619999885559082,15.619999885559082,13.09000015258789,13.09000015258789,-0.16197181507729796,-0.1805377538722871,41,0,USD,PNK,https://query1.finance.yahoo.com/v8/finance/chart/DKILY?period1=1767225600&period2=1788566400&interval=1d&events=div%2Csplits
DKILY,2026-07-13,next_open,2026-07-14,2026-09-04,15.609999656677246,15.609999656677246,13.09000015258789,13.09000015258789,-0.16143494936025926,-0.180012782046436,39,0,USD,PNK,https://query1.finance.yahoo.com/v8/finance/chart/DKILY?period1=1767225600&period2=1788566400&interval=1d&events=div%2Csplits
DKILY,2026-07-13,report_close,2026-07-13,2026-09-04,15.449999809265137,15.449999809265137,13.09000015258789,13.09000015258789,-0.15275078872570536,-0.17152101302558642,40,0,USD,PNK,https://query1.finance.yahoo.com/v8/finance/chart/DKILY?period1=1767225600&period2=1788566400&interval=1d&events=div%2Csplits
DKILY,2026-07-14,next_open,2026-07-15,2026-09-04,15.300000190734863,15.300000190734863,13.09000015258789,13.09000015258789,-0.14444444513701837,-0.16339869077347535,38,0,USD,PNK,https://query1.finance.yahoo.com/v8/finance/chart/DKILY?period1=1767225600&period2=1788566400&interval=1d&events=div%2Csplits
DKILY,2026-07-14,report_close,2026-07-14,2026-09-04,15.449999809265137,15.449999809265137,13.09000015258789,13.09000015258789,-0.15275078872570536,-0.17152101302558642,39,0,USD,PNK,https://query1.finance.yahoo.com/v8/finance/chart/DKILY?period1=1767225600&period2=1788566400&interval=1d&events=div%2Csplits
DKILY,2026-07-15,next_open,2026-07-16,2026-09-04,15.130000114440918,15.130000114440918,13.09000015258789,13.09000015258789,-0.13483145713303313,-0.1545574702460235,37,0,USD,PNK,https://query1.finance.yahoo.com/v8/finance/chart/DKILY?period1=1767225600&period2=1788566400&interval=1d&events=div%2Csplits
DKILY,2026-07-15,report_close,2026-07-15,2026-09-04,15.25,15.25,13.09000015258789,13.09000015258789,-0.14163933425653175,-0.16065572519771387,38,0,USD,PNK,https://query1.finance.yahoo.com/v8/finance/chart/DKILY?period1=1767225600&period2=1788566400&interval=1d&events=div%2Csplits
DKILY,2026-07-18,next_open,2026-07-20,2026-09-04,15.210000038146973,15.210000038146973,13.09000015258789,13.09000015258789,-0.13938197766220128,-0.15844837878815143,35,0,USD,PNK,https://query1.finance.yahoo.com/v8/finance/chart/DKILY?period1=1767225600&period2=1788566400&interval=1d&events=div%2Csplits
DKILY,2026-07-18,report_close,2026-07-17,2026-09-04,15.119999885559082,15.119999885559082,13.09000015258789,13.09000015258789,-0.13425924261481104,-0.15399867191555228,36,0,USD,PNK,https://query1.finance.yahoo.com/v8/finance/chart/DKILY?period1=1767225600&period2=1788566400&interval=1d&events=div%2Csplits
DLR,2026-07-12,next_open,2026-07-13,2026-09-04,180.1699981689453,180.1699981689453,188.38999938964844,188.38999938964844,0.0456235849710962,-0.08433669817024159,40,0,USD,NYQ,https://query1.finance.yahoo.com/v8/finance/chart/DLR?period1=1767225600&period2=1788566400&interval=1d&events=div%2Csplits
DLR,2026-07-12,report_close,2026-07-10,2026-09-04,180.41000366210935,180.41000366210935,188.38999938964844,188.38999938964844,0.044232556762677344,-0.08433669817024159,41,0,USD,NYQ,https://query1.finance.yahoo.com/v8/finance/chart/DLR?period1=1767225600&period2=1788566400&interval=1d&events=div%2Csplits
DLR,2026-07-13,next_open,2026-07-14,2026-09-04,178.39999389648438,178.39999389648438,188.38999938964844,188.38999938964844,0.05599779055463827,-0.08433669817024148,39,0,USD,NYQ,https://query1.finance.yahoo.com/v8/finance/chart/DLR?period1=1767225600&period2=1788566400&interval=1d&events=div%2Csplits
DLR,2026-07-13,report_close,2026-07-13,2026-09-04,177.9199981689453,177.9199981689453,188.38999938964844,188.38999938964844,0.0588466801284544,-0.0843366981702417,40,0,USD,NYQ,https://query1.finance.yahoo.com/v8/finance/chart/DLR?period1=1767225600&period2=1788566400&interval=1d&events=div%2Csplits
DLR,2026-07-14,next_open,2026-07-15,2026-09-04,174.8000030517578,174.8000030517578,188.38999938964844,188.38999938964844,0.07774597311572506,-0.08433669817024148,38,0,USD,NYQ,https://query1.finance.yahoo.com/v8/finance/chart/DLR?period1=1767225600&period2=1788566400&interval=1d&events=div%2Csplits
DLR,2026-07-14,report_close,2026-07-14,2026-09-04,173.11000061035156,173.11000061035156,188.38999938964844,188.38999938964844,0.08826756816719206,-0.08433669817024159,39,0,USD,NYQ,https://query1.finance.yahoo.com/v8/finance/chart/DLR?period1=1767225600&period2=1788566400&interval=1d&events=div%2Csplits
DLR,2026-07-15,next_open,2026-07-16,2026-09-04,175.2899932861328,175.2899932861328,188.38999938964844,188.38999938964844,0.07473333678627037,-0.08433669817024148,37,0,USD,NYQ,https://query1.finance.yahoo.com/v8/finance/chart/DLR?period1=1767225600&period2=1788566400&interval=1d&events=div%2Csplits
DLR,2026-07-15,report_close,2026-07-15,2026-09-04,176.07000732421875,176.07000732421875,188.38999938964844,188.38999938964844,0.0699721221840095,-0.0843366981702417,38,0,USD,NYQ,https://query1.finance.yahoo.com/v8/finance/chart/DLR?period1=1767225600&period2=1788566400&interval=1d&events=div%2Csplits
DLR,2026-07-18,next_open,2026-07-20,2026-09-04,173.88999938964844,173.88999938964844,188.38999938964844,188.38999938964844,0.08338604894413026,-0.08433669817024159,35,0,USD,NYQ,https://query1.finance.yahoo.com/v8/finance/chart/DLR?period1=1767225600&period2=1788566400&interval=1d&events=div%2Csplits
DLR,2026-07-18,report_close,2026-07-17,2026-09-04,173.8800048828125,173.8800048828125,188.38999938964844,188.38999938964844,0.08344832125243529,-0.08433669817024159,36,0,USD,NYQ,https://query1.finance.yahoo.com/v8/finance/chart/DLR?period1=1767225600&period2=1788566400&interval=1d&events=div%2Csplits
DOV,2026-07-12,next_open,2026-07-13,2026-09-04,215.3300018310547,214.76100823900944,192.8800048828125,192.8800048828125,-0.10188536334233156,-0.12923325681497744,40,0,USD,NYQ,https://query1.finance.yahoo.com/v8/finance/chart/DOV?period1=1767225600&period2=1788566400&interval=1d&events=div%2Csplits
DOV,2026-07-12,report_close,2026-07-10,2026-09-04,215.3300018310547,214.7610015869141,192.8800048828125,192.8800048828125,-0.10188533552376045,-0.12923325681497755,41,0,USD,NYQ,https://query1.finance.yahoo.com/v8/finance/chart/DOV?period1=1767225600&period2=1788566400&interval=1d&events=div%2Csplits
DOV,2026-07-13,next_open,2026-07-14,2026-09-04,217.41000366210935,216.83550169461878,192.8800048828125,192.8800048828125,-0.11047774291842727,-0.12923325681497744,39,0,USD,NYQ,https://query1.finance.yahoo.com/v8/finance/chart/DOV?period1=1767225600&period2=1788566400&interval=1d&events=div%2Csplits
DOV,2026-07-13,report_close,2026-07-13,2026-09-04,214.2700042724609,213.7038116455078,192.8800048828125,192.8800048828125,-0.09744237410813184,-0.12923325681497744,40,0,USD,NYQ,https://query1.finance.yahoo.com/v8/finance/chart/DOV?period1=1767225600&period2=1788566400&interval=1d&events=div%2Csplits
DOV,2026-07-14,next_open,2026-07-15,2026-09-04,214.0,213.43451958571944,192.8800048828125,192.8800048828125,-0.09630360985094466,-0.12923325681497744,38,0,USD,NYQ,https://query1.finance.yahoo.com/v8/finance/chart/DOV?period1=1767225600&period2=1788566400&interval=1d&events=div%2Csplits
DOV,2026-07-14,report_close,2026-07-14,2026-09-04,214.1499938964844,213.5841064453125,192.8800048828125,192.8800048828125,-0.096936527286974,-0.12923325681497755,39,0,USD,NYQ,https://query1.finance.yahoo.com/v8/finance/chart/DOV?period1=1767225600&period2=1788566400&interval=1d&events=div%2Csplits
DOV,2026-07-15,next_open,2026-07-16,2026-09-04,212.02999877929688,211.46972642319764,192.8800048828125,192.8800048828125,-0.08790724731531074,-0.12923325681497744,37,0,USD,NYQ,https://query1.finance.yahoo.com/v8/finance/chart/DOV?period1=1767225600&period2=1788566400&interval=1d&events=div%2Csplits
DOV,2026-07-15,report_close,2026-07-15,2026-09-04,212.25999450683597,211.69911193847656,192.8800048828125,192.8800048828125,-0.08889554086147144,-0.12923325681497744,38,0,USD,NYQ,https://query1.finance.yahoo.com/v8/finance/chart/DOV?period1=1767225600&period2=1788566400&interval=1d&events=div%2Csplits
DOV,2026-07-18,next_open,2026-07-20,2026-09-04,214.67999267578125,214.11270844362022,192.8800048828125,192.8800048828125,-0.0991660126815811,-0.11775440481980914,35,0,USD,NYQ,https://query1.finance.yahoo.com/v8/finance/chart/DOV?period1=1767225600&period2=1788566400&interval=1d&events=div%2Csplits
DOV,2026-07-18,report_close,2026-07-17,2026-09-04,214.17999267578125,213.6140289306641,192.8800048828125,192.8800048828125,-0.0970630260177413,-0.11713759674153001,36,0,USD,NYQ,https://query1.finance.yahoo.com/v8/finance/chart/DOV?period1=1767225600&period2=1788566400&interval=1d&events=div%2Csplits
DSCSY,2026-07-12,next_open,2026-07-13,2026-09-04,43.790000915527344,43.790000915527344,36.040000915527344,36.040000915527344,-0.17698104220070832,-0.29741383786568043,40,0,USD,PNK,https://query1.finance.yahoo.com/v8/finance/chart/DSCSY?period1=1767225600&period2=1788566400&interval=1d&events=div%2Csplits
DSCSY,2026-07-12,report_close,2026-07-10,2026-09-04,45.41999816894531,45.41999816894531,36.040000915527344,36.040000915527344,-0.20651690073891915,-0.31814177538806276,41,0,USD,PNK,https://query1.finance.yahoo.com/v8/finance/chart/DSCSY?period1=1767225600&period2=1788566400&interval=1d&events=div%2Csplits
DSCSY,2026-07-13,next_open,2026-07-14,2026-09-04,45.02999877929688,45.02999877929688,36.040000915527344,36.040000915527344,-0.19964463929550014,-0.3122362835240995,39,0,USD,PNK,https://query1.finance.yahoo.com/v8/finance/chart/DSCSY?period1=1767225600&period2=1788566400&interval=1d&events=div%2Csplits
DSCSY,2026-07-13,report_close,2026-07-13,2026-09-04,43.5,43.5,36.040000915527344,36.040000915527344,-0.17149423182695767,-0.29741383786568043,40,0,USD,PNK,https://query1.finance.yahoo.com/v8/finance/chart/DSCSY?period1=1767225600&period2=1788566400&interval=1d&events=div%2Csplits
DSCSY,2026-07-14,next_open,2026-07-15,2026-09-04,44.619998931884766,44.619998931884766,36.040000915527344,36.040000915527344,-0.19229041285848814,-0.3059166280879536,38,0,USD,PNK,https://query1.finance.yahoo.com/v8/finance/chart/DSCSY?period1=1767225600&period2=1788566400&interval=1d&events=div%2Csplits
DSCSY,2026-07-14,report_close,2026-07-14,2026-09-04,44.08000183105469,44.08000183105469,36.040000915527344,36.040000915527344,-0.18239565747620057,-0.29741383786568054,39,0,USD,PNK,https://query1.finance.yahoo.com/v8/finance/chart/DSCSY?period1=1767225600&period2=1788566400&interval=1d&events=div%2Csplits
DSCSY,2026-07-15,next_open,2026-07-16,2026-09-04,42.5,42.5,36.040000915527344,36.040000915527344,-0.15199997845818014,-0.2712941338034238,37,0,USD,PNK,https://query1.finance.yahoo.com/v8/finance/chart/DSCSY?period1=1767225600&period2=1788566400&interval=1d&events=div%2Csplits
DSCSY,2026-07-15,report_close,2026-07-15,2026-09-04,43.810001373291016,43.810001373291016,36.040000915527344,36.040000915527344,-0.17735677275054118,-0.2930838086611999,38,0,USD,PNK,https://query1.finance.yahoo.com/v8/finance/chart/DSCSY?period1=1767225600&period2=1788566400&interval=1d&events=div%2Csplits
DSCSY,2026-07-18,next_open,2026-07-20,2026-09-04,41.17900085449219,41.17900085449219,36.040000915527344,36.040000915527344,-0.12479661556441657,-0.2585587988041742,35,0,USD,PNK,https://query1.finance.yahoo.com/v8/finance/chart/DSCSY?period1=1767225600&period2=1788566400&interval=1d&events=div%2Csplits
DSCSY,2026-07-18,report_close,2026-07-17,2026-09-04,40.68000030517578,40.68000030517578,36.040000915527344,36.040000915527344,-0.11406094775909048,-0.2585587988041742,36,0,USD,PNK,https://query1.finance.yahoo.com/v8/finance/chart/DSCSY?period1=1767225600&period2=1788566400&interval=1d&events=div%2Csplits
DTE,2026-07-12,next_open,2026-07-13,2026-09-04,150.42999267578125,150.42999267578125,136.0800018310547,136.0800018310547,-0.09539314992625714,-0.10236323839234518,40,0,USD,NYQ,https://query1.finance.yahoo.com/v8/finance/chart/DTE?period1=1767225600&period2=1788566400&interval=1d&events=div%2Csplits
DTE,2026-07-12,report_close,2026-07-10,2026-09-04,150.27000427246094,150.27000427246094,136.0800018310547,136.0800018310547,-0.09443003951525653,-0.10236323839234518,41,0,USD,NYQ,https://query1.finance.yahoo.com/v8/finance/chart/DTE?period1=1767225600&period2=1788566400&interval=1d&events=div%2Csplits
DTE,2026-07-13,next_open,2026-07-14,2026-09-04,151.16000366210938,151.16000366210938,136.0800018310547,136.0800018310547,-0.09976185145353189,-0.10545119115660528,39,0,USD,NYQ,https://query1.finance.yahoo.com/v8/finance/chart/DTE?period1=1767225600&period2=1788566400&interval=1d&events=div%2Csplits
DTE,2026-07-13,report_close,2026-07-13,2026-09-04,150.63999938964844,150.63999938964844,136.0800018310547,136.0800018310547,-0.0966542592776608,-0.10236323839234518,40,0,USD,NYQ,https://query1.finance.yahoo.com/v8/finance/chart/DTE?period1=1767225600&period2=1788566400&interval=1d&events=div%2Csplits
DTE,2026-07-14,next_open,2026-07-15,2026-09-04,148.57000732421875,148.57000732421875,136.0800018310547,136.0800018310547,-0.08406814886875247,-0.09527636058805855,38,0,USD,NYQ,https://query1.finance.yahoo.com/v8/finance/chart/DTE?period1=1767225600&period2=1788566400&interval=1d&events=div%2Csplits
DTE,2026-07-14,report_close,2026-07-14,2026-09-04,149.07000732421875,149.07000732421875,136.0800018310547,136.0800018310547,-0.08714030224008473,-0.09527636058805866,39,0,USD,NYQ,https://query1.finance.yahoo.com/v8/finance/chart/DTE?period1=1767225600&period2=1788566400&interval=1d&events=div%2Csplits
DTE,2026-07-15,next_open,2026-07-16,2026-09-04,146.92999267578125,146.92999267578125,136.0800018310547,136.0800018310547,-0.07384462931723124,-0.09527636058805855,37,0,USD,NYQ,https://query1.finance.yahoo.com/v8/finance/chart/DTE?period1=1767225600&period2=1788566400&interval=1d&events=div%2Csplits
DTE,2026-07-15,report_close,2026-07-15,2026-09-04,146.9499969482422,146.9499969482422,136.0800018310547,136.0800018310547,-0.07397070665483618,-0.09527636058805855,38,0,USD,NYQ,https://query1.finance.yahoo.com/v8/finance/chart/DTE?period1=1767225600&period2=1788566400&interval=1d&events=div%2Csplits
DTE,2026-07-18,next_open,2026-07-20,2026-09-04,148.38999938964844,148.38999938964844,136.0800018310547,136.0800018310547,-0.08295705646759699,-0.09527636058805855,35,0,USD,NYQ,https://query1.finance.yahoo.com/v8/finance/chart/DTE?period1=1767225600&period2=1788566400&interval=1d&events=div%2Csplits
DTE,2026-07-18,report_close,2026-07-17,2026-09-04,148.19000244140625,148.19000244140625,136.0800018310547,136.0800018310547,-0.08171941703786534,-0.09527636058805866,36,0,USD,NYQ,https://query1.finance.yahoo.com/v8/finance/chart/DTE?period1=1767225600&period2=1788566400&interval=1d&events=div%2Csplits
ECL,2026-07-12,next_open,2026-07-13,2026-09-04,274.07000732421875,274.07000732421875,279.2799987792969,279.2799987792969,0.019009710350811337,-0.04559129954014973,40,0,USD,NYQ,https://query1.finance.yahoo.com/v8/finance/chart/ECL?period1=1767225600&period2=1788566400&interval=1d&events=div%2Csplits
ECL,2026-07-12,report_close,2026-07-10,2026-09-04,274.3099975585937,274.3099975585937,279.2799987792969,279.2799987792969,0.018118192063494076,-0.04559129954014984,41,0,USD,NYQ,https://query1.finance.yahoo.com/v8/finance/chart/ECL?period1=1767225600&period2=1788566400&interval=1d&events=div%2Csplits
ECL,2026-07-13,next_open,2026-07-14,2026-09-04,271.4200134277344,271.4200134277344,279.2799987792969,279.2799987792969,0.02895875382327029,-0.045591299540149954,39,0,USD,NYQ,https://query1.finance.yahoo.com/v8/finance/chart/ECL?period1=1767225600&period2=1788566400&interval=1d&events=div%2Csplits
ECL,2026-07-13,report_close,2026-07-13,2026-09-04,271.8500061035156,271.8500061035156,279.2799987792969,279.2799987792969,0.02733122129470189,-0.045591299540149954,40,0,USD,NYQ,https://query1.finance.yahoo.com/v8/finance/chart/ECL?period1=1767225600&period2=1788566400&interval=1d&events=div%2Csplits
ECL,2026-07-14,next_open,2026-07-15,2026-09-04,269.3999938964844,269.3999938964844,279.2799987792969,279.2799987792969,0.03667410952729577,-0.04559129954014984,38,0,USD,NYQ,https://query1.finance.yahoo.com/v8/finance/chart/ECL?period1=1767225600&period2=1788566400&interval=1d&events=div%2Csplits
ECL,2026-07-14,report_close,2026-07-14,2026-09-04,269.75,269.75,279.2799987792969,279.2799987792969,0.035329003815743665,-0.04559129954014973,39,0,USD,NYQ,https://query1.finance.yahoo.com/v8/finance/chart/ECL?period1=1767225600&period2=1788566400&interval=1d&events=div%2Csplits
ECL,2026-07-15,next_open,2026-07-16,2026-09-04,269.0599975585937,269.0599975585937,279.2799987792969,279.2799987792969,0.03798409764899202,-0.04559129954014973,37,0,USD,NYQ,https://query1.finance.yahoo.com/v8/finance/chart/ECL?period1=1767225600&period2=1788566400&interval=1d&events=div%2Csplits
ECL,2026-07-15,report_close,2026-07-15,2026-09-04,270.25,270.25,279.2799987792969,279.2799987792969,0.033413501496010634,-0.04559129954014984,38,0,USD,NYQ,https://query1.finance.yahoo.com/v8/finance/chart/ECL?period1=1767225600&period2=1788566400&interval=1d&events=div%2Csplits
ECL,2026-07-18,next_open,2026-07-20,2026-09-04,272.67999267578125,272.67999267578125,279.2799987792969,279.2799987792969,0.024204218427433588,-0.040020662899331594,35,0,USD,NYQ,https://query1.finance.yahoo.com/v8/finance/chart/ECL?period1=1767225600&period2=1788566400&interval=1d&events=div%2Csplits
ECL,2026-07-18,report_close,2026-07-17,2026-09-04,272.8299865722656,272.8299865722656,279.2799987792969,279.2799987792969,0.023641141093275087,-0.040020662899331705,36,0,USD,NYQ,https://query1.finance.yahoo.com/v8/finance/chart/ECL?period1=1767225600&period2=1788566400&interval=1d&events=div%2Csplits
EME,2026-07-12,next_open,2026-07-13,2026-09-04,770.9000244140625,770.5020293133158,754.1599731445312,754.1599731445312,-0.021209621191197736,-0.14872350445146798,40,0,USD,NYQ,https://query1.finance.yahoo.com/v8/finance/chart/EME?period1=1767225600&period2=1788566400&interval=1d&events=div%2Csplits
EME,2026-07-12,report_close,2026-07-10,2026-09-04,781.780029296875,781.3764038085938,754.1599731445312,754.1599731445312,-0.0348313956390337,-0.14872350445146798,41,0,USD,NYQ,https://query1.finance.yahoo.com/v8/finance/chart/EME?period1=1767225600&period2=1788566400&interval=1d&events=div%2Csplits
EME,2026-07-13,next_open,2026-07-14,2026-09-04,780.5999755859375,780.1969254635907,754.1599731445312,754.1599731445312,-0.03337228264977887,-0.14872350445146798,39,0,USD,NYQ,https://query1.finance.yahoo.com/v8/finance/chart/EME?period1=1767225600&period2=1788566400&interval=1d&events=div%2Csplits
EME,2026-07-13,report_close,2026-07-13,2026-09-04,764.9000244140625,764.505126953125,754.1599731445312,754.1599731445312,-0.013531830518682786,-0.14872350445146798,40,0,USD,NYQ,https://query1.finance.yahoo.com/v8/finance/chart/EME?period1=1767225600&period2=1788566400&interval=1d&events=div%2Csplits
EME,2026-07-14,next_open,2026-07-15,2026-09-04,781.0700073242188,781.0700073242188,754.1599731445312,754.1599731445312,-0.0344527813478277,-0.14872350445146798,38,0,USD,NYQ,https://query1.finance.yahoo.com/v8/finance/chart/EME?period1=1767225600&period2=1788566400&interval=1d&events=div%2Csplits
EME,2026-07-14,report_close,2026-07-14,2026-09-04,774.739990234375,774.3399658203125,754.1599731445312,754.1599731445312,-0.026060895170770593,-0.14872350445146798,39,0,USD,NYQ,https://query1.finance.yahoo.com/v8/finance/chart/EME?period1=1767225600&period2=1788566400&interval=1d&events=div%2Csplits
EME,2026-07-15,next_open,2026-07-16,2026-09-04,749.219970703125,749.219970703125,754.1599731445312,754.1599731445312,0.006593527447980474,-0.14872350445146787,37,0,USD,NYQ,https://query1.finance.yahoo.com/v8/finance/chart/EME?period1=1767225600&period2=1788566400&interval=1d&events=div%2Csplits
EME,2026-07-15,report_close,2026-07-15,2026-09-04,769.719970703125,769.719970703125,754.1599731445312,754.1599731445312,-0.02021514076655695,-0.14872350445146798,38,0,USD,NYQ,https://query1.finance.yahoo.com/v8/finance/chart/EME?period1=1767225600&period2=1788566400&interval=1d&events=div%2Csplits
EME,2026-07-18,next_open,2026-07-20,2026-09-04,759.0399780273438,759.0399780273438,754.1599731445312,754.1599731445312,-0.006429180312076621,-0.14872350445146787,35,0,USD,NYQ,https://query1.finance.yahoo.com/v8/finance/chart/EME?period1=1767225600&period2=1788566400&interval=1d&events=div%2Csplits
EME,2026-07-18,report_close,2026-07-17,2026-09-04,744.1599731445312,744.1599731445312,754.1599731445312,754.1599731445312,0.013437970813914957,-0.14872350445146798,36,0,USD,NYQ,https://query1.finance.yahoo.com/v8/finance/chart/EME?period1=1767225600&period2=1788566400&interval=1d&events=div%2Csplits
ENPH,2026-07-12,next_open,2026-07-13,2026-09-04,43.79999923706055,43.79999923706055,36.369998931884766,36.369998931884766,-0.1696347131186483,-0.22049347885200266,40,0,USD,NGM,https://query1.finance.yahoo.com/v8/finance/chart/ENPH?period1=1767225600&period2=1788566400&interval=1d&events=div%2Csplits
ENPH,2026-07-12,report_close,2026-07-10,2026-09-04,44.83000183105469,44.83000183105469,36.369998931884766,36.369998931884766,-0.18871297242083762,-0.22049347885200254,41,0,USD,NGM,https://query1.finance.yahoo.com/v8/finance/chart/ENPH?period1=1767225600&period2=1788566400&interval=1d&events=div%2Csplits
ENPH,2026-07-13,next_open,2026-07-14,2026-09-04,44.41999816894531,44.41999816894531,36.369998931884766,36.369998931884766,-0.1812246638652143,-0.22049347885200254,39,0,USD,NGM,https://query1.finance.yahoo.com/v8/finance/chart/ENPH?period1=1767225600&period2=1788566400&interval=1d&events=div%2Csplits
ENPH,2026-07-13,report_close,2026-07-13,2026-09-04,43.060001373291016,43.060001373291016,36.369998931884766,36.369998931884766,-0.15536465926719367,-0.22049347885200254,40,0,USD,NGM,https://query1.finance.yahoo.com/v8/finance/chart/ENPH?period1=1767225600&period2=1788566400&interval=1d&events=div%2Csplits
ENPH,2026-07-14,next_open,2026-07-15,2026-09-04,45.09999847412109,45.09999847412109,36.369998931884766,36.369998931884766,-0.1935698411884803,-0.222394658949982,38,0,USD,NGM,https://query1.finance.yahoo.com/v8/finance/chart/ENPH?period1=1767225600&period2=1788566400&interval=1d&events=div%2Csplits
ENPH,2026-07-14,report_close,2026-07-14,2026-09-04,44.9900016784668,44.9900016784668,36.369998931884766,36.369998931884766,-0.19159818681908947,-0.22049347885200254,39,0,USD,NGM,https://query1.finance.yahoo.com/v8/finance/chart/ENPH?period1=1767225600&period2=1788566400&interval=1d&events=div%2Csplits
ENPH,2026-07-15,next_open,2026-07-16,2026-09-04,42.66999816894531,42.66999816894531,36.369998931884766,36.369998931884766,-0.14764470371235228,-0.17811105695458584,37,0,USD,NGM,https://query1.finance.yahoo.com/v8/finance/chart/ENPH?period1=1767225600&period2=1788566400&interval=1d&events=div%2Csplits
ENPH,2026-07-15,report_close,2026-07-15,2026-09-04,44.04999923706055,44.04999923706055,36.369998931884766,36.369998931884766,-0.17434734252422812,-0.20385924399020627,38,0,USD,NGM,https://query1.finance.yahoo.com/v8/finance/chart/ENPH?period1=1767225600&period2=1788566400&interval=1d&events=div%2Csplits
ENPH,2026-07-18,next_open,2026-07-20,2026-09-04,41.45000076293945,41.45000076293945,36.369998931884766,36.369998931884766,-0.12255733986853701,-0.16028366197597177,35,0,USD,NGM,https://query1.finance.yahoo.com/v8/finance/chart/ENPH?period1=1767225600&period2=1788566400&interval=1d&events=div%2Csplits
ENPH,2026-07-18,report_close,2026-07-17,2026-09-04,41.56999969482422,41.56999969482422,36.369998931884766,36.369998931884766,-0.12509022855698726,-0.16028366197597177,36,0,USD,NGM,https://query1.finance.yahoo.com/v8/finance/chart/ENPH?period1=1767225600&period2=1788566400&interval=1d&events=div%2Csplits
ENS,2026-07-12,next_open,2026-07-13,2026-09-04,202.50999450683597,202.50999450683597,181.91000366210935,181.91000366210935,-0.10172332923564043,-0.12873434779807713,40,0,USD,NYQ,https://query1.finance.yahoo.com/v8/finance/chart/ENS?period1=1767225600&period2=1788566400&interval=1d&events=div%2Csplits
ENS,2026-07-12,report_close,2026-07-10,2026-09-04,205.67999267578125,205.67999267578125,181.91000366210935,181.91000366210935,-0.11556782312386193,-0.14216254023533903,41,0,USD,NYQ,https://query1.finance.yahoo.com/v8/finance/chart/ENS?period1=1767225600&period2=1788566400&interval=1d&events=div%2Csplits
ENS,2026-07-13,next_open,2026-07-14,2026-09-04,207.55999755859372,207.55999755859372,181.91000366210935,181.91000366210935,-0.12357869627187401,-0.14993252786294897,39,0,USD,NYQ,https://query1.finance.yahoo.com/v8/finance/chart/ENS?period1=1767225600&period2=1788566400&interval=1d&events=div%2Csplits
ENS,2026-07-13,report_close,2026-07-13,2026-09-04,201.08999633789065,201.08999633789065,181.91000366210935,181.91000366210935,-0.09538014334414358,-0.12770060456547605,40,0,USD,NYQ,https://query1.finance.yahoo.com/v8/finance/chart/ENS?period1=1767225600&period2=1788566400&interval=1d&events=div%2Csplits
ENS,2026-07-14,next_open,2026-07-15,2026-09-04,202.8000030517578,202.8000030517578,181.91000366210935,181.91000366210935,-0.10300788498665359,-0.12998027718778715,38,0,USD,NYQ,https://query1.finance.yahoo.com/v8/finance/chart/ENS?period1=1767225600&period2=1788566400&interval=1d&events=div%2Csplits
ENS,2026-07-14,report_close,2026-07-14,2026-09-04,201.22999572753903,201.22999572753903,181.91000366210935,181.91000366210935,-0.09600950392896956,-0.12770060456547594,39,0,USD,NYQ,https://query1.finance.yahoo.com/v8/finance/chart/ENS?period1=1767225600&period2=1788566400&interval=1d&events=div%2Csplits
ENS,2026-07-15,next_open,2026-07-16,2026-09-04,196.8300018310547,196.8300018310547,181.91000366210935,181.91000366210935,-0.07580144302265279,-0.12354078495256426,37,0,USD,NYQ,https://query1.finance.yahoo.com/v8/finance/chart/ENS?period1=1767225600&period2=1788566400&interval=1d&events=div%2Csplits
ENS,2026-07-15,report_close,2026-07-15,2026-09-04,202.2700042724609,202.2700042724609,181.91000366210935,181.91000366210935,-0.10065753784691833,-0.12770060456547594,38,0,USD,NYQ,https://query1.finance.yahoo.com/v8/finance/chart/ENS?period1=1767225600&period2=1788566400&interval=1d&events=div%2Csplits
ENS,2026-07-18,next_open,2026-07-20,2026-09-04,199.47000122070312,199.47000122070312,181.91000366210935,181.91000366210935,-0.08803327543556061,-0.12354078495256415,35,0,USD,NYQ,https://query1.finance.yahoo.com/v8/finance/chart/ENS?period1=1767225600&period2=1788566400&interval=1d&events=div%2Csplits
ENS,2026-07-18,report_close,2026-07-17,2026-09-04,196.5500030517578,196.5500030517578,181.91000366210935,181.91000366210935,-0.07448485964049201,-0.12354078495256438,36,0,USD,NYQ,https://query1.finance.yahoo.com/v8/finance/chart/ENS?period1=1767225600&period2=1788566400&interval=1d&events=div%2Csplits
ENTG,2026-07-12,next_open,2026-07-13,2026-09-04,139.52000427246094,139.40192785486536,138.74000549316406,138.74000549316406,-0.004748301346237049,-0.2384225252939447,40,0,USD,NMS,https://query1.finance.yahoo.com/v8/finance/chart/ENTG?period1=1767225600&period2=1788566400&interval=1d&events=div%2Csplits
ENTG,2026-07-12,report_close,2026-07-10,2026-09-04,145.35000610351562,145.22698974609375,138.74000549316406,138.74000549316406,-0.04466789722951048,-0.2631534790928296,41,0,USD,NMS,https://query1.finance.yahoo.com/v8/finance/chart/ENTG?period1=1767225600&period2=1788566400&interval=1d&events=div%2Csplits
ENTG,2026-07-13,next_open,2026-07-14,2026-09-04,144.86000061035156,144.73740210856639,138.74000549316406,138.74000549316406,-0.041436398111551864,-0.26066102764534127,39,0,USD,NMS,https://query1.finance.yahoo.com/v8/finance/chart/ENTG?period1=1767225600&period2=1788566400&interval=1d&events=div%2Csplits
ENTG,2026-07-13,report_close,2026-07-13,2026-09-04,136.27000427246094,136.15467834472656,138.74000549316406,138.74000549316406,0.018988162433109856,-0.23842252529394492,40,0,USD,NMS,https://query1.finance.yahoo.com/v8/finance/chart/ENTG?period1=1767225600&period2=1788566400&interval=1d&events=div%2Csplits
ENTG,2026-07-14,next_open,2026-07-15,2026-09-04,144.8300018310547,144.70743506556536,138.74000549316406,138.74000549316406,-0.04123789195556904,-0.2605079200820233,38,0,USD,NMS,https://query1.finance.yahoo.com/v8/finance/chart/ENTG?period1=1767225600&period2=1788566400&interval=1d&events=div%2Csplits
ENTG,2026-07-14,report_close,2026-07-14,2026-09-04,140.6300048828125,140.510986328125,138.74000549316406,138.74000549316406,-0.012603860247805132,-0.2384225252939448,39,0,USD,NMS,https://query1.finance.yahoo.com/v8/finance/chart/ENTG?period1=1767225600&period2=1788566400&interval=1d&events=div%2Csplits
ENTG,2026-07-15,next_open,2026-07-16,2026-09-04,133.3300018310547,133.2171546121479,138.74000549316406,138.74000549316406,0.04145750520715996,-0.23592315484845616,37,0,USD,NMS,https://query1.finance.yahoo.com/v8/finance/chart/ENTG?period1=1767225600&period2=1788566400&interval=1d&events=div%2Csplits
ENTG,2026-07-15,report_close,2026-07-15,2026-09-04,138.69000244140625,138.5726318359375,138.74000549316406,138.74000549316406,0.0012078406465190206,-0.23592315484845616,38,0,USD,NMS,https://query1.finance.yahoo.com/v8/finance/chart/ENTG?period1=1767225600&period2=1788566400&interval=1d&events=div%2Csplits
ENTG,2026-07-18,next_open,2026-07-20,2026-09-04,140.83999633789062,140.7207939723022,138.74000549316406,138.74000549316406,-0.014076018356803832,-0.23955799910215791,35,0,USD,NMS,https://query1.finance.yahoo.com/v8/finance/chart/ENTG?period1=1767225600&period2=1788566400&interval=1d&events=div%2Csplits
ENTG,2026-07-18,report_close,2026-07-17,2026-09-04,138.74000549316406,138.62258911132812,138.74000549316406,138.74000549316406,0.0008470219939524792,-0.23592315484845616,36,0,USD,NMS,https://query1.finance.yahoo.com/v8/finance/chart/ENTG?period1=1767225600&period2=1788566400&interval=1d&events=div%2Csplits
EQIX,2026-07-12,next_open,2026-07-13,2026-09-04,1051.2099609375,1046.2110590596883,1035.97998046875,1035.97998046875,-0.009779172665345115,-0.0707649126868155,40,0,USD,NMS,https://query1.finance.yahoo.com/v8/finance/chart/EQIX?period1=1767225600&period2=1788566400&interval=1d&events=div%2Csplits
EQIX,2026-07-12,report_close,2026-07-10,2026-09-04,1051.2099609375,1046.2110595703125,1035.97998046875,1035.97998046875,-0.009779173148642184,-0.07076491268681562,41,0,USD,NMS,https://query1.finance.yahoo.com/v8/finance/chart/EQIX?period1=1767225600&period2=1788566400&interval=1d&events=div%2Csplits
EQIX,2026-07-13,next_open,2026-07-14,2026-09-04,1036.300048828125,1031.372060421558,1035.97998046875,1035.97998046875,0.004467757295372632,-0.0707649126868154,39,0,USD,NMS,https://query1.finance.yahoo.com/v8/finance/chart/EQIX?period1=1767225600&period2=1788566400&interval=1d&events=div%2Csplits
EQIX,2026-07-13,report_close,2026-07-13,2026-09-04,1039.530029296875,1034.586669921875,1035.97998046875,1035.97998046875,0.0013467315860353768,-0.0707649126868154,40,0,USD,NMS,https://query1.finance.yahoo.com/v8/finance/chart/EQIX?period1=1767225600&period2=1788566400&interval=1d&events=div%2Csplits
EQIX,2026-07-14,next_open,2026-07-15,2026-09-04,1023.5399780273438,1018.6726539523002,1035.97998046875,1035.97998046875,0.016990076693724987,-0.0707649126868154,38,0,USD,NMS,https://query1.finance.yahoo.com/v8/finance/chart/EQIX?period1=1767225600&period2=1788566400&interval=1d&events=div%2Csplits
EQIX,2026-07-14,report_close,2026-07-14,2026-09-04,1023.5399780273438,1018.6726684570312,1035.97998046875,1035.97998046875,0.016990062212951962,-0.07076491268681562,39,0,USD,NMS,https://query1.finance.yahoo.com/v8/finance/chart/EQIX?period1=1767225600&period2=1788566400&interval=1d&events=div%2Csplits
EQIX,2026-07-15,next_open,2026-07-16,2026-09-04,1017.2899780273438,1012.4523938596612,1035.97998046875,1035.97998046875,0.023238215200812595,-0.0707649126868154,37,0,USD,NMS,https://query1.finance.yahoo.com/v8/finance/chart/EQIX?period1=1767225600&period2=1788566400&interval=1d&events=div%2Csplits
EQIX,2026-07-15,report_close,2026-07-15,2026-09-04,1022.5999755859376,1017.7371215820312,1035.97998046875,1035.97998046875,0.017924922359480178,-0.0707649126868154,38,0,USD,NMS,https://query1.finance.yahoo.com/v8/finance/chart/EQIX?period1=1767225600&period2=1788566400&interval=1d&events=div%2Csplits
EQIX,2026-07-18,next_open,2026-07-20,2026-09-04,1026.4300537109375,1021.5489767520685,1035.97998046875,1035.97998046875,0.014126590153869856,-0.0707649126868155,35,0,USD,NMS,https://query1.finance.yahoo.com/v8/finance/chart/EQIX?period1=1767225600&period2=1788566400&interval=1d&events=div%2Csplits
EQIX,2026-07-18,report_close,2026-07-17,2026-09-04,1020.0,1015.1495361328124,1035.97998046875,1035.97998046875,0.020519582184207685,-0.0707649126868155,36,0,USD,NMS,https://query1.finance.yahoo.com/v8/finance/chart/EQIX?period1=1767225600&period2=1788566400&interval=1d&events=div%2Csplits
ET,2026-07-12,next_open,2026-07-13,2026-09-04,19.790000915527344,19.46447629642703,21.5,21.5,0.10457634064095611,-0.024975548105629852,40,0,USD,NYQ,https://query1.finance.yahoo.com/v8/finance/chart/ET?period1=1767225600&period2=1788566400&interval=1d&events=div%2Csplits
ET,2026-07-12,report_close,2026-07-10,2026-09-04,19.65999984741211,19.336612701416016,21.5,21.5,0.11188036560434189,-0.024975548105629963,41,0,USD,NYQ,https://query1.finance.yahoo.com/v8/finance/chart/ET?period1=1767225600&period2=1788566400&interval=1d&events=div%2Csplits
ET,2026-07-13,next_open,2026-07-14,2026-09-04,20.229999542236328,19.897236173141227,21.5,21.5,0.08055208336031638,-0.02497554810562974,39,0,USD,NYQ,https://query1.finance.yahoo.com/v8/finance/chart/ET?period1=1767225600&period2=1788566400&interval=1d&events=div%2Csplits
ET,2026-07-13,report_close,2026-07-13,2026-09-04,20.18000030517578,19.84806060791016,21.5,21.5,0.08322925976110152,-0.024975548105629852,40,0,USD,NYQ,https://query1.finance.yahoo.com/v8/finance/chart/ET?period1=1767225600&period2=1788566400&interval=1d&events=div%2Csplits
ET,2026-07-14,next_open,2026-07-15,2026-09-04,20.020000457763672,19.690691669168615,21.5,21.5,0.09188647921720161,-0.02497554810562974,38,0,USD,NYQ,https://query1.finance.yahoo.com/v8/finance/chart/ET?period1=1767225600&period2=1788566400&interval=1d&events=div%2Csplits
ET,2026-07-14,report_close,2026-07-14,2026-09-04,20.06999969482422,19.7398681640625,21.5,21.5,0.08916634200941198,-0.024975548105629963,39,0,USD,NYQ,https://query1.finance.yahoo.com/v8/finance/chart/ET?period1=1767225600&period2=1788566400&interval=1d&events=div%2Csplits
ET,2026-07-15,next_open,2026-07-16,2026-09-04,19.93000030517578,19.602171872202074,21.5,21.5,0.09681723740465942,-0.024975548105629852,37,0,USD,NYQ,https://query1.finance.yahoo.com/v8/finance/chart/ET?period1=1767225600&period2=1788566400&interval=1d&events=div%2Csplits
ET,2026-07-15,report_close,2026-07-15,2026-09-04,19.90999984741211,19.582500457763672,21.5,21.5,0.09791903472041619,-0.024975548105629963,38,0,USD,NYQ,https://query1.finance.yahoo.com/v8/finance/chart/ET?period1=1767225600&period2=1788566400&interval=1d&events=div%2Csplits
ET,2026-07-18,next_open,2026-07-20,2026-09-04,20.32999992370605,19.995591747100573,21.5,21.5,0.07523699583022192,-0.024975548105629852,35,0,USD,NYQ,https://query1.finance.yahoo.com/v8/finance/chart/ET?period1=1767225600&period2=1788566400&interval=1d&events=div%2Csplits
ET,2026-07-18,report_close,2026-07-17,2026-09-04,20.31999969482422,19.98575592041016,21.5,21.5,0.07576616494367583,-0.024975548105629963,36,0,USD,NYQ,https://query1.finance.yahoo.com/v8/finance/chart/ET?period1=1767225600&period2=1788566400&interval=1d&events=div%2Csplits
ETN,2026-07-12,next_open,2026-07-13,2026-09-04,403.1099853515625,402.1206082551765,410.8500061035156,410.8500061035156,0.021708407052840384,-0.15055657293350322,40,0,USD,NYQ,https://query1.finance.yahoo.com/v8/finance/chart/ETN?period1=1767225600&period2=1788566400&interval=1d&events=div%2Csplits
ETN,2026-07-12,report_close,2026-07-10,2026-09-04,407.2799987792969,406.2803955078125,410.8500061035156,410.8500061035156,0.011247430706055939,-0.15055657293350322,41,0,USD,NYQ,https://query1.finance.yahoo.com/v8/finance/chart/ETN?period1=1767225600&period2=1788566400&interval=1d&events=div%2Csplits
ETN,2026-07-13,next_open,2026-07-14,2026-09-04,411.3999938964844,410.39026942970787,410.8500061035156,410.8500061035156,0.0011202426276983868,-0.15055657293350333,39,0,USD,NYQ,https://query1.finance.yahoo.com/v8/finance/chart/ETN?period1=1767225600&period2=1788566400&interval=1d&events=div%2Csplits
ETN,2026-07-13,report_close,2026-07-13,2026-09-04,402.8500061035156,401.86126708984375,410.8500061035156,410.8500061035156,0.022367766564729052,-0.15055657293350333,40,0,USD,NYQ,https://query1.finance.yahoo.com/v8/finance/chart/ETN?period1=1767225600&period2=1788566400&interval=1d&events=div%2Csplits
ETN,2026-07-14,next_open,2026-07-15,2026-09-04,419.0,417.97162454995333,410.8500061035156,410.8500061035156,-0.017038521344854063,-0.15055657293350333,38,0,USD,NYQ,https://query1.finance.yahoo.com/v8/finance/chart/ETN?period1=1767225600&period2=1788566400&interval=1d&events=div%2Csplits
ETN,2026-07-14,report_close,2026-07-14,2026-09-04,415.5199890136719,414.5001525878906,410.8500061035156,410.8500061035156,-0.008806140266983453,-0.15055657293350333,39,0,USD,NYQ,https://query1.finance.yahoo.com/v8/finance/chart/ETN?period1=1767225600&period2=1788566400&interval=1d&events=div%2Csplits
ETN,2026-07-15,next_open,2026-07-16,2026-09-04,401.7900085449219,400.8038651312975,410.8500061035156,410.8500061035156,0.025064980271403137,-0.15055657293350322,37,0,USD,NYQ,https://query1.finance.yahoo.com/v8/finance/chart/ETN?period1=1767225600&period2=1788566400&interval=1d&events=div%2Csplits
ETN,2026-07-15,report_close,2026-07-15,2026-09-04,412.8599853515625,411.8466796875,410.8500061035156,410.8500061035156,-0.00242001121568014,-0.15055657293350333,38,0,USD,NYQ,https://query1.finance.yahoo.com/v8/finance/chart/ETN?period1=1767225600&period2=1788566400&interval=1d&events=div%2Csplits
ETN,2026-07-18,next_open,2026-07-20,2026-09-04,408.2099914550781,407.20810295868336,410.8500061035156,410.8500061035156,0.008943592031619652,-0.15055657293350333,35,0,USD,NYQ,https://query1.finance.yahoo.com/v8/finance/chart/ETN?period1=1767225600&period2=1788566400&interval=1d&events=div%2Csplits
ETN,2026-07-18,report_close,2026-07-17,2026-09-04,399.989990234375,399.0082702636719,410.8500061035156,410.8500061035156,0.029677920791011392,-0.15055657293350333,36,0,USD,NYQ,https://query1.finance.yahoo.com/v8/finance/chart/ETN?period1=1767225600&period2=1788566400&interval=1d&events=div%2Csplits
ETR,2026-07-12,next_open,2026-07-13,2026-09-04,114.81999969482422,114.13863795064911,107.2699966430664,107.2699966430664,-0.060178055660280005,-0.09232822500339555,40,0,USD,NYQ,https://query1.finance.yahoo.com/v8/finance/chart/ETR?period1=1767225600&period2=1788566400&interval=1d&events=div%2Csplits
ETR,2026-07-12,report_close,2026-07-10,2026-09-04,115.0500030517578,114.36727905273438,107.2699966430664,107.2699966430664,-0.062056931566898954,-0.09232822500339555,41,0,USD,NYQ,https://query1.finance.yahoo.com/v8/finance/chart/ETR?period1=1767225600&period2=1788566400&interval=1d&events=div%2Csplits
ETR,2026-07-13,next_open,2026-07-14,2026-09-04,115.63999938964844,114.95377433109685,107.2699966430664,107.2699966430664,-0.06684232625454434,-0.09232822500339544,39,0,USD,NYQ,https://query1.finance.yahoo.com/v8/finance/chart/ETR?period1=1767225600&period2=1788566400&interval=1d&events=div%2Csplits
ETR,2026-07-13,report_close,2026-07-13,2026-09-04,114.83999633789062,114.15851593017578,107.2699966430664,107.2699966430664,-0.06034170320962029,-0.09232822500339555,40,0,USD,NYQ,https://query1.finance.yahoo.com/v8/finance/chart/ETR?period1=1767225600&period2=1788566400&interval=1d&events=div%2Csplits
ETR,2026-07-14,next_open,2026-07-15,2026-09-04,115.33000183105467,114.64561610166244,107.2699966430664,107.2699966430664,-0.06433407320220319,-0.09232822500339555,38,0,USD,NYQ,https://query1.finance.yahoo.com/v8/finance/chart/ETR?period1=1767225600&period2=1788566400&interval=1d&events=div%2Csplits
ETR,2026-07-14,report_close,2026-07-14,2026-09-04,115.41000366210938,114.7251434326172,107.2699966430664,107.2699966430664,-0.06498267569331484,-0.09232822500339555,39,0,USD,NYQ,https://query1.finance.yahoo.com/v8/finance/chart/ETR?period1=1767225600&period2=1788566400&interval=1d&events=div%2Csplits
ETR,2026-07-15,next_open,2026-07-16,2026-09-04,114.1999969482422,113.52231697969373,107.2699966430664,107.2699966430664,-0.05507569351095698,-0.09232822500339555,37,0,USD,NYQ,https://query1.finance.yahoo.com/v8/finance/chart/ETR?period1=1767225600&period2=1788566400&interval=1d&events=div%2Csplits
ETR,2026-07-15,report_close,2026-07-15,2026-09-04,114.23999786376952,113.56208038330078,107.2699966430664,107.2699966430664,-0.05540655577105491,-0.09232822500339566,38,0,USD,NYQ,https://query1.finance.yahoo.com/v8/finance/chart/ETR?period1=1767225600&period2=1788566400&interval=1d&events=div%2Csplits
ETR,2026-07-18,next_open,2026-07-20,2026-09-04,113.88999938964844,113.21415674027274,107.2699966430664,107.2699966430664,-0.05250368212204215,-0.09232822500339555,35,0,USD,NYQ,https://query1.finance.yahoo.com/v8/finance/chart/ETR?period1=1767225600&period2=1788566400&interval=1d&events=div%2Csplits
ETR,2026-07-18,report_close,2026-07-17,2026-09-04,113.23999786376952,112.56800842285156,107.2699966430664,107.2699966430664,-0.04706498634926237,-0.09232822500339544,36,0,USD,NYQ,https://query1.finance.yahoo.com/v8/finance/chart/ETR?period1=1767225600&period2=1788566400&interval=1d&events=div%2Csplits
FCEL,2026-07-12,next_open,2026-07-13,2026-09-04,20.690000534057617,20.690000534057617,14.949999809265137,14.949999809265137,-0.2774287373914718,-0.3903472012324606,40,0,USD,NGM,https://query1.finance.yahoo.com/v8/finance/chart/FCEL?period1=1767225600&period2=1788566400&interval=1d&events=div%2Csplits
FCEL,2026-07-12,report_close,2026-07-10,2026-09-04,21.030000686645508,21.030000686645508,14.949999809265137,14.949999809265137,-0.28911082638439,-0.3903472012324605,41,0,USD,NGM,https://query1.finance.yahoo.com/v8/finance/chart/FCEL?period1=1767225600&period2=1788566400&interval=1d&events=div%2Csplits
FCEL,2026-07-13,next_open,2026-07-14,2026-09-04,21.200000762939453,21.200000762939453,14.949999809265137,14.949999809265137,-0.29481135512976897,-0.3903472012324606,39,0,USD,NGM,https://query1.finance.yahoo.com/v8/finance/chart/FCEL?period1=1767225600&period2=1788566400&interval=1d&events=div%2Csplits
FCEL,2026-07-13,report_close,2026-07-13,2026-09-04,19.07999992370605,19.07999992370605,14.949999809265137,14.949999809265137,-0.21645702992428073,-0.3903472012324606,40,0,USD,NGM,https://query1.finance.yahoo.com/v8/finance/chart/FCEL?period1=1767225600&period2=1788566400&interval=1d&events=div%2Csplits
FCEL,2026-07-14,next_open,2026-07-15,2026-09-04,21.26000022888184,21.26000022888184,14.949999809265137,14.949999809265137,-0.2968015217160971,-0.3903472012324606,38,0,USD,NGM,https://query1.finance.yahoo.com/v8/finance/chart/FCEL?period1=1767225600&period2=1788566400&interval=1d&events=div%2Csplits
FCEL,2026-07-14,report_close,2026-07-14,2026-09-04,21.350000381469727,21.350000381469727,14.949999809265137,14.949999809265137,-0.29976582940763474,-0.3903472012324606,39,0,USD,NGM,https://query1.finance.yahoo.com/v8/finance/chart/FCEL?period1=1767225600&period2=1788566400&interval=1d&events=div%2Csplits
FCEL,2026-07-15,next_open,2026-07-16,2026-09-04,19.56999969482422,19.56999969482422,14.949999809265137,14.949999809265137,-0.23607562379170388,-0.3903472012324606,37,0,USD,NGM,https://query1.finance.yahoo.com/v8/finance/chart/FCEL?period1=1767225600&period2=1788566400&interval=1d&events=div%2Csplits
FCEL,2026-07-15,report_close,2026-07-15,2026-09-04,20.25,20.25,14.949999809265137,14.949999809265137,-0.261728404480734,-0.3903472012324605,38,0,USD,NGM,https://query1.finance.yahoo.com/v8/finance/chart/FCEL?period1=1767225600&period2=1788566400&interval=1d&events=div%2Csplits
FCEL,2026-07-18,next_open,2026-07-20,2026-09-04,19.32999992370605,19.32999992370605,14.949999809265137,14.949999809265137,-0.22659079833049256,-0.3903472012324605,35,0,USD,NGM,https://query1.finance.yahoo.com/v8/finance/chart/FCEL?period1=1767225600&period2=1788566400&interval=1d&events=div%2Csplits
FCEL,2026-07-18,report_close,2026-07-17,2026-09-04,18.5,18.5,14.949999809265137,14.949999809265137,-0.19189190220188446,-0.3903472012324606,36,0,USD,NGM,https://query1.finance.yahoo.com/v8/finance/chart/FCEL?period1=1767225600&period2=1788566400&interval=1d&events=div%2Csplits
FIX,2026-07-12,next_open,2026-07-13,2026-09-04,1722.010009765625,1721.1187116696126,1610.3399658203125,1610.3399658203125,-0.06436438410563583,-0.19267165443690237,40,0,USD,NYQ,https://query1.finance.yahoo.com/v8/finance/chart/FIX?period1=1767225600&period2=1788566400&interval=1d&events=div%2Csplits
FIX,2026-07-12,report_close,2026-07-10,2026-09-04,1756.0899658203125,1755.1810302734375,1610.3399658203125,1610.3399658203125,-0.08252200881555816,-0.19267165443690237,41,0,USD,NYQ,https://query1.finance.yahoo.com/v8/finance/chart/FIX?period1=1767225600&period2=1788566400&interval=1d&events=div%2Csplits
FIX,2026-07-13,next_open,2026-07-14,2026-09-04,1785.0,1784.076052329524,1610.3399658203125,1610.3399658203125,-0.09738154731820925,-0.19267165443690237,39,0,USD,NYQ,https://query1.finance.yahoo.com/v8/finance/chart/FIX?period1=1767225600&period2=1788566400&interval=1d&events=div%2Csplits
FIX,2026-07-13,report_close,2026-07-13,2026-09-04,1732.030029296875,1731.133544921875,1610.3399658203125,1610.3399658203125,-0.06977715812618823,-0.19267165443690237,40,0,USD,NYQ,https://query1.finance.yahoo.com/v8/finance/chart/FIX?period1=1767225600&period2=1788566400&interval=1d&events=div%2Csplits
FIX,2026-07-14,next_open,2026-07-15,2026-09-04,1788.489990234375,1787.5642576340808,1610.3399658203125,1610.3399658203125,-0.09914289293764045,-0.19267165443690248,38,0,USD,NYQ,https://query1.finance.yahoo.com/v8/finance/chart/FIX?period1=1767225600&period2=1788566400&interval=1d&events=div%2Csplits
FIX,2026-07-14,report_close,2026-07-14,2026-09-04,1775.0999755859375,1774.18115234375,1610.3399658203125,1610.3399658203125,-0.09234749580503554,-0.19267165443690248,39,0,USD,NYQ,https://query1.finance.yahoo.com/v8/finance/chart/FIX?period1=1767225600&period2=1788566400&interval=1d&events=div%2Csplits
FIX,2026-07-15,next_open,2026-07-16,2026-09-04,1682.5,1681.6291435067071,1610.3399658203125,1610.3399658203125,-0.042392924719260705,-0.19267165443690248,37,0,USD,NYQ,https://query1.finance.yahoo.com/v8/finance/chart/FIX?period1=1767225600&period2=1788566400&interval=1d&events=div%2Csplits
FIX,2026-07-15,report_close,2026-07-15,2026-09-04,1736.699951171875,1735.801025390625,1610.3399658203125,1610.3399658203125,-0.07227847992662562,-0.19267165443690248,38,0,USD,NYQ,https://query1.finance.yahoo.com/v8/finance/chart/FIX?period1=1767225600&period2=1788566400&interval=1d&events=div%2Csplits
FIX,2026-07-18,next_open,2026-07-20,2026-09-04,1700.010009765625,1699.1300785547871,1610.3399658203125,1610.3399658203125,-0.052256218552728995,-0.19267165443690237,35,0,USD,NYQ,https://query1.finance.yahoo.com/v8/finance/chart/FIX?period1=1767225600&period2=1788566400&interval=1d&events=div%2Csplits
FIX,2026-07-18,report_close,2026-07-17,2026-09-04,1674.06005859375,1673.193603515625,1610.3399658203125,1610.3399658203125,-0.03756507170673362,-0.19267165443690237,36,0,USD,NYQ,https://query1.finance.yahoo.com/v8/finance/chart/FIX?period1=1767225600&period2=1788566400&interval=1d&events=div%2Csplits
FLEX,2026-07-12,next_open,2026-07-13,2026-09-04,132.5,132.5,109.51000213623048,109.51000213623048,-0.17350941783976992,-0.2224905913730837,40,0,USD,NMS,https://query1.finance.yahoo.com/v8/finance/chart/FLEX?period1=1767225600&period2=1788566400&interval=1d&events=div%2Csplits
FLEX,2026-07-12,report_close,2026-07-10,2026-09-04,135.8000030517578,135.8000030517578,109.51000213623048,109.51000213623048,-0.1935935222733931,-0.24138443057470238,41,0,USD,NMS,https://query1.finance.yahoo.com/v8/finance/chart/FLEX?period1=1767225600&period2=1788566400&interval=1d&events=div%2Csplits
FLEX,2026-07-13,next_open,2026-07-14,2026-09-04,135.16000366210938,135.16000366210938,109.51000213623048,109.51000213623048,-0.1897750875325671,-0.23779229171516414,39,0,USD,NMS,https://query1.finance.yahoo.com/v8/finance/chart/FLEX?period1=1767225600&period2=1788566400&interval=1d&events=div%2Csplits
FLEX,2026-07-13,report_close,2026-07-13,2026-09-04,129.5,129.5,109.51000213623048,109.51000213623048,-0.15436291786694611,-0.2209619452232111,40,0,USD,NMS,https://query1.finance.yahoo.com/v8/finance/chart/FLEX?period1=1767225600&period2=1788566400&interval=1d&events=div%2Csplits
FLEX,2026-07-14,next_open,2026-07-15,2026-09-04,135.0,135.0,109.51000213623048,109.51000213623048,-0.18881479899088527,-0.2368889137550637,38,0,USD,NMS,https://query1.finance.yahoo.com/v8/finance/chart/FLEX?period1=1767225600&period2=1788566400&interval=1d&events=div%2Csplits
FLEX,2026-07-14,report_close,2026-07-14,2026-09-04,132.24000549316406,132.24000549316406,109.51000213623048,109.51000213623048,-0.17188447075577729,-0.2209619452232111,39,0,USD,NMS,https://query1.finance.yahoo.com/v8/finance/chart/FLEX?period1=1767225600&period2=1788566400&interval=1d&events=div%2Csplits
FLEX,2026-07-15,next_open,2026-07-16,2026-09-04,124.61000061035156,124.61000061035156,109.51000213623048,109.51000213623048,-0.12117806275708098,-0.19477884416762192,37,0,USD,NMS,https://query1.finance.yahoo.com/v8/finance/chart/FLEX?period1=1767225600&period2=1788566400&interval=1d&events=div%2Csplits
FLEX,2026-07-15,report_close,2026-07-15,2026-09-04,128.72000122070312,128.72000122070312,109.51000213623048,109.51000213623048,-0.14923864902343498,-0.19965820644743104,38,0,USD,NMS,https://query1.finance.yahoo.com/v8/finance/chart/FLEX?period1=1767225600&period2=1788566400&interval=1d&events=div%2Csplits
FLEX,2026-07-18,next_open,2026-07-20,2026-09-04,120.41000366210938,120.41000366210938,109.51000213623048,109.51000213623048,-0.09052405277277564,-0.19477884416762192,35,0,USD,NMS,https://query1.finance.yahoo.com/v8/finance/chart/FLEX?period1=1767225600&period2=1788566400&interval=1d&events=div%2Csplits
FLEX,2026-07-18,report_close,2026-07-17,2026-09-04,119.25,119.25,109.51000213623048,109.51000213623048,-0.08167713093307771,-0.19477884416762192,36,0,USD,NMS,https://query1.finance.yahoo.com/v8/finance/chart/FLEX?period1=1767225600&period2=1788566400&interval=1d&events=div%2Csplits
FLNC,2026-07-12,next_open,2026-07-13,2026-09-04,15.699999809265137,15.699999809265137,10.350000381469728,10.350000381469728,-0.34076429890388793,-0.3503184755934998,40,0,USD,NMS,https://query1.finance.yahoo.com/v8/finance/chart/FLNC?period1=1767225600&period2=1788566400&interval=1d&events=div%2Csplits
FLNC,2026-07-12,report_close,2026-07-10,2026-09-04,16.15999984741211,16.15999984741211,10.350000381469728,10.350000381469728,-0.3595296733169713,-0.36881188703113865,41,0,USD,NMS,https://query1.finance.yahoo.com/v8/finance/chart/FLNC?period1=1767225600&period2=1788566400&interval=1d&events=div%2Csplits
FLNC,2026-07-13,next_open,2026-07-14,2026-09-04,15.53499984741211,15.53499984741211,10.350000381469728,10.350000381469728,-0.33376244073836425,-0.3490746803060959,39,0,USD,NMS,https://query1.finance.yahoo.com/v8/finance/chart/FLNC?period1=1767225600&period2=1788566400&interval=1d&events=div%2Csplits
FLNC,2026-07-13,report_close,2026-07-13,2026-09-04,15.15999984741211,15.15999984741211,10.350000381469728,10.350000381469728,-0.3172822898651594,-0.3490746803060959,40,0,USD,NMS,https://query1.finance.yahoo.com/v8/finance/chart/FLNC?period1=1767225600&period2=1788566400&interval=1d&events=div%2Csplits
FLNC,2026-07-14,next_open,2026-07-15,2026-09-04,15.479999542236328,15.479999542236328,10.350000381469728,10.350000381469728,-0.3313953044229542,-0.3490746803060958,38,0,USD,NMS,https://query1.finance.yahoo.com/v8/finance/chart/FLNC?period1=1767225600&period2=1788566400&interval=1d&events=div%2Csplits
FLNC,2026-07-14,report_close,2026-07-14,2026-09-04,15.609999656677246,15.609999656677246,10.350000381469728,10.350000381469728,-0.33696344592535143,-0.3490746803060959,39,0,USD,NMS,https://query1.finance.yahoo.com/v8/finance/chart/FLNC?period1=1767225600&period2=1788566400&interval=1d&events=div%2Csplits
FLNC,2026-07-15,next_open,2026-07-16,2026-09-04,14.8149995803833,14.8149995803833,10.350000381469728,10.350000381469728,-0.3013836871670065,-0.349074680306096,37,0,USD,NMS,https://query1.finance.yahoo.com/v8/finance/chart/FLNC?period1=1767225600&period2=1788566400&interval=1d&events=div%2Csplits
FLNC,2026-07-15,report_close,2026-07-15,2026-09-04,15.369999885559082,15.369999885559082,10.350000381469728,10.350000381469728,-0.32661024993278664,-0.349074680306096,38,0,USD,NMS,https://query1.finance.yahoo.com/v8/finance/chart/FLNC?period1=1767225600&period2=1788566400&interval=1d&events=div%2Csplits
FLNC,2026-07-18,next_open,2026-07-20,2026-09-04,14.432000160217283,14.432000160217283,10.350000381469728,10.350000381469728,-0.28284366223885193,-0.3490746803060959,35,0,USD,NMS,https://query1.finance.yahoo.com/v8/finance/chart/FLNC?period1=1767225600&period2=1788566400&interval=1d&events=div%2Csplits
FLNC,2026-07-18,report_close,2026-07-17,2026-09-04,14.06999969482422,14.06999969482422,10.350000381469728,10.350000381469728,-0.2643922810263406,-0.3490746803060959,36,0,USD,NMS,https://query1.finance.yahoo.com/v8/finance/chart/FLNC?period1=1767225600&period2=1788566400&interval=1d&events=div%2Csplits
FN,2026-07-12,next_open,2026-07-13,2026-09-04,464.4200134277344,464.4200134277344,407.3999938964844,407.3999938964844,-0.122776835370215,-0.3401049338058465,40,0,USD,NYQ,https://query1.finance.yahoo.com/v8/finance/chart/FN?period1=1767225600&period2=1788566400&interval=1d&events=div%2Csplits
FN,2026-07-12,report_close,2026-07-10,2026-09-04,471.1300048828125,471.1300048828125,407.3999938964844,407.3999938964844,-0.13527054173121522,-0.3401049338058464,41,0,USD,NYQ,https://query1.finance.yahoo.com/v8/finance/chart/FN?period1=1767225600&period2=1788566400&interval=1d&events=div%2Csplits
FN,2026-07-13,next_open,2026-07-14,2026-09-04,490.9299926757813,490.9299926757813,407.3999938964844,407.3999938964844,-0.17014645677690665,-0.3401049338058465,39,0,USD,NYQ,https://query1.finance.yahoo.com/v8/finance/chart/FN?period1=1767225600&period2=1788566400&interval=1d&events=div%2Csplits
FN,2026-07-13,report_close,2026-07-13,2026-09-04,474.6400146484375,474.6400146484375,407.3999938964844,407.3999938964844,-0.14166530144273093,-0.3401049338058464,40,0,USD,NYQ,https://query1.finance.yahoo.com/v8/finance/chart/FN?period1=1767225600&period2=1788566400&interval=1d&events=div%2Csplits
FN,2026-07-14,next_open,2026-07-15,2026-09-04,486.9800109863281,486.9800109863281,407.3999938964844,407.3999938964844,-0.16341536673889878,-0.3401049338058465,38,0,USD,NYQ,https://query1.finance.yahoo.com/v8/finance/chart/FN?period1=1767225600&period2=1788566400&interval=1d&events=div%2Csplits
FN,2026-07-14,report_close,2026-07-14,2026-09-04,482.7799987792969,482.7799987792969,407.3999938964844,407.3999938964844,-0.15613738156802248,-0.3401049338058465,39,0,USD,NYQ,https://query1.finance.yahoo.com/v8/finance/chart/FN?period1=1767225600&period2=1788566400&interval=1d&events=div%2Csplits
FN,2026-07-15,next_open,2026-07-16,2026-09-04,475.0,475.0,407.3999938964844,407.3999938964844,-0.14231580232319074,-0.3401049338058464,37,0,USD,NYQ,https://query1.finance.yahoo.com/v8/finance/chart/FN?period1=1767225600&period2=1788566400&interval=1d&events=div%2Csplits
FN,2026-07-15,report_close,2026-07-15,2026-09-04,486.6499938964844,486.6499938964844,407.3999938964844,407.3999938964844,-0.1628480447836137,-0.3401049338058465,38,0,USD,NYQ,https://query1.finance.yahoo.com/v8/finance/chart/FN?period1=1767225600&period2=1788566400&interval=1d&events=div%2Csplits
FN,2026-07-18,next_open,2026-07-20,2026-09-04,493.80999755859375,493.80999755859375,407.3999938964844,407.3999938964844,-0.17498633905615946,-0.3401049338058465,35,0,USD,NYQ,https://query1.finance.yahoo.com/v8/finance/chart/FN?period1=1767225600&period2=1788566400&interval=1d&events=div%2Csplits
FN,2026-07-18,report_close,2026-07-17,2026-09-04,478.3900146484375,478.3900146484375,407.3999938964844,407.3999938964844,-0.1483936089345902,-0.3401049338058464,36,0,USD,NYQ,https://query1.finance.yahoo.com/v8/finance/chart/FN?period1=1767225600&period2=1788566400&interval=1d&events=div%2Csplits
FORM,2026-07-12,next_open,2026-07-13,2026-09-04,112.08000183105467,112.08000183105467,103.9000015258789,103.9000015258789,-0.0729835846853929,-0.30942384819669966,40,0,USD,NMS,https://query1.finance.yahoo.com/v8/finance/chart/FORM?period1=1767225600&period2=1788566400&interval=1d&events=div%2Csplits
FORM,2026-07-12,report_close,2026-07-10,2026-09-04,117.5199966430664,117.5199966430664,103.9000015258789,103.9000015258789,-0.11589512854186312,-0.30942384819669966,41,0,USD,NMS,https://query1.finance.yahoo.com/v8/finance/chart/FORM?period1=1767225600&period2=1788566400&interval=1d&events=div%2Csplits
FORM,2026-07-13,next_open,2026-07-14,2026-09-04,118.95999908447266,118.95999908447266,103.9000015258789,103.9000015258789,-0.12659715597256982,-0.30942384819669955,39,0,USD,NMS,https://query1.finance.yahoo.com/v8/finance/chart/FORM?period1=1767225600&period2=1788566400&interval=1d&events=div%2Csplits
FORM,2026-07-13,report_close,2026-07-13,2026-09-04,110.3000030517578,110.3000030517578,103.9000015258789,103.9000015258789,-0.05802358430466881,-0.30942384819669977,40,0,USD,NMS,https://query1.finance.yahoo.com/v8/finance/chart/FORM?period1=1767225600&period2=1788566400&interval=1d&events=div%2Csplits
FORM,2026-07-14,next_open,2026-07-15,2026-09-04,121.37999725341795,121.37999725341795,103.9000015258789,103.9000015258789,-0.14401051345424076,-0.3124897113482814,38,0,USD,NMS,https://query1.finance.yahoo.com/v8/finance/chart/FORM?period1=1767225600&period2=1788566400&interval=1d&events=div%2Csplits
FORM,2026-07-14,report_close,2026-07-14,2026-09-04,116.33000183105467,116.33000183105467,103.9000015258789,103.9000015258789,-0.10685120011626736,-0.30942384819669966,39,0,USD,NMS,https://query1.finance.yahoo.com/v8/finance/chart/FORM?period1=1767225600&period2=1788566400&interval=1d&events=div%2Csplits
FORM,2026-07-15,next_open,2026-07-16,2026-09-04,110.0,110.0,103.9000015258789,103.9000015258789,-0.05545453158291902,-0.30942384819669966,37,0,USD,NMS,https://query1.finance.yahoo.com/v8/finance/chart/FORM?period1=1767225600&period2=1788566400&interval=1d&events=div%2Csplits
FORM,2026-07-15,report_close,2026-07-15,2026-09-04,115.80999755859376,115.80999755859376,103.9000015258789,103.9000015258789,-0.10284082794051552,-0.30942384819669966,38,0,USD,NMS,https://query1.finance.yahoo.com/v8/finance/chart/FORM?period1=1767225600&period2=1788566400&interval=1d&events=div%2Csplits
FORM,2026-07-18,next_open,2026-07-20,2026-09-04,107.27999877929688,107.27999877929688,103.9000015258789,103.9000015258789,-0.03150631330982312,-0.30942384819669966,35,0,USD,NMS,https://query1.finance.yahoo.com/v8/finance/chart/FORM?period1=1767225600&period2=1788566400&interval=1d&events=div%2Csplits
FORM,2026-07-18,report_close,2026-07-17,2026-09-04,105.56999969482422,105.56999969482422,103.9000015258789,103.9000015258789,-0.01581887064291798,-0.30942384819669966,36,0,USD,NMS,https://query1.finance.yahoo.com/v8/finance/chart/FORM?period1=1767225600&period2=1788566400&interval=1d&events=div%2Csplits
FTV,2026-07-12,next_open,2026-07-13,2026-09-04,62.34999847412109,62.27418613862986,56.93999862670898,56.93999862670898,-0.08565647891481609,-0.1168669005111923,40,0,USD,NYQ,https://query1.finance.yahoo.com/v8/finance/chart/FTV?period1=1767225600&period2=1788566400&interval=1d&events=div%2Csplits
FTV,2026-07-12,report_close,2026-07-10,2026-09-04,62.20000076293945,62.12437057495117,56.93999862670898,56.93999862670898,-0.08345150059890594,-0.1168669005111923,41,0,USD,NYQ,https://query1.finance.yahoo.com/v8/finance/chart/FTV?period1=1767225600&period2=1788566400&interval=1d&events=div%2Csplits
FTV,2026-07-13,next_open,2026-07-14,2026-09-04,62.45000076293945,62.37406465555027,56.93999862670898,56.93999862670898,-0.08712060146873479,-0.1168669005111923,39,0,USD,NYQ,https://query1.finance.yahoo.com/v8/finance/chart/FTV?period1=1767225600&period2=1788566400&interval=1d&events=div%2Csplits
FTV,2026-07-13,report_close,2026-07-13,2026-09-04,62.310001373291016,62.23423767089844,56.93999862670898,56.93999862670898,-0.08506955724573961,-0.11686690051119208,40,0,USD,NYQ,https://query1.finance.yahoo.com/v8/finance/chart/FTV?period1=1767225600&period2=1788566400&interval=1d&events=div%2Csplits
FTV,2026-07-14,next_open,2026-07-15,2026-09-04,60.41999816894531,60.34653044182745,56.93999862670898,56.93999862670898,-0.05644950571602925,-0.1168669005111923,38,0,USD,NYQ,https://query1.finance.yahoo.com/v8/finance/chart/FTV?period1=1767225600&period2=1788566400&interval=1d&events=div%2Csplits
FTV,2026-07-14,report_close,2026-07-14,2026-09-04,60.68000030517578,60.60621643066406,56.93999862670898,56.93999862670898,-0.0604924382327906,-0.1168669005111923,39,0,USD,NYQ,https://query1.finance.yahoo.com/v8/finance/chart/FTV?period1=1767225600&period2=1788566400&interval=1d&events=div%2Csplits
FTV,2026-07-15,next_open,2026-07-16,2026-09-04,60.68000030517578,60.60621715320754,56.93999862670898,56.93999862670898,-0.06049244943354015,-0.1168669005111923,37,0,USD,NYQ,https://query1.finance.yahoo.com/v8/finance/chart/FTV?period1=1767225600&period2=1788566400&interval=1d&events=div%2Csplits
FTV,2026-07-15,report_close,2026-07-15,2026-09-04,60.52000045776367,60.4464111328125,56.93999862670898,56.93999862670898,-0.05800861358665699,-0.1168669005111922,38,0,USD,NYQ,https://query1.finance.yahoo.com/v8/finance/chart/FTV?period1=1767225600&period2=1788566400&interval=1d&events=div%2Csplits
FTV,2026-07-18,next_open,2026-07-20,2026-09-04,61.70000076293945,61.62497590143208,56.93999862670898,56.93999862670898,-0.07602400173294399,-0.1168669005111922,35,0,USD,NYQ,https://query1.finance.yahoo.com/v8/finance/chart/FTV?period1=1767225600&period2=1788566400&interval=1d&events=div%2Csplits
FTV,2026-07-18,report_close,2026-07-17,2026-09-04,61.77999877929688,61.70487976074219,56.93999862670898,56.93999862670898,-0.07722049135350095,-0.1168669005111923,36,0,USD,NYQ,https://query1.finance.yahoo.com/v8/finance/chart/FTV?period1=1767225600&period2=1788566400&interval=1d&events=div%2Csplits
GEV,2026-07-12,next_open,2026-07-13,2026-09-04,1070.0,1070.0,941.9500122070312,941.9500122070312,-0.11967288578782131,-0.1673956294807969,40,0,USD,NYQ,https://query1.finance.yahoo.com/v8/finance/chart/GEV?period1=1767225600&period2=1788566400&interval=1d&events=div%2Csplits
GEV,2026-07-12,report_close,2026-07-10,2026-09-04,1091.5699462890625,1091.5699462890625,941.9500122070312,941.9500122070312,-0.13706857228039682,-0.17684612667145372,41,0,USD,NYQ,https://query1.finance.yahoo.com/v8/finance/chart/GEV?period1=1767225600&period2=1788566400&interval=1d&events=div%2Csplits
GEV,2026-07-13,next_open,2026-07-14,2026-09-04,1071.0699462890625,1071.0699462890625,941.9500122070312,941.9500122070312,-0.12055228935271056,-0.16739562948079678,39,0,USD,NYQ,https://query1.finance.yahoo.com/v8/finance/chart/GEV?period1=1767225600&period2=1788566400&interval=1d&events=div%2Csplits
GEV,2026-07-13,report_close,2026-07-13,2026-09-04,1042.5999755859375,1042.5999755859375,941.9500122070312,941.9500122070312,-0.09653746953364484,-0.16739562948079678,40,0,USD,NYQ,https://query1.finance.yahoo.com/v8/finance/chart/GEV?period1=1767225600&period2=1788566400&interval=1d&events=div%2Csplits
GEV,2026-07-14,next_open,2026-07-15,2026-09-04,1070.9100341796875,1070.9100341796875,941.9500122070312,941.9500122070312,-0.12042096708099204,-0.16739562948079678,38,0,USD,NYQ,https://query1.finance.yahoo.com/v8/finance/chart/GEV?period1=1767225600&period2=1788566400&interval=1d&events=div%2Csplits
GEV,2026-07-14,report_close,2026-07-14,2026-09-04,1066.010009765625,1066.010009765625,941.9500122070312,941.9500122070312,-0.11637789178534053,-0.16739562948079678,39,0,USD,NYQ,https://query1.finance.yahoo.com/v8/finance/chart/GEV?period1=1767225600&period2=1788566400&interval=1d&events=div%2Csplits
GEV,2026-07-15,next_open,2026-07-16,2026-09-04,1034.989990234375,1034.989990234375,941.9500122070312,941.9500122070312,-0.08989456797188411,-0.1673956294807969,37,0,USD,NYQ,https://query1.finance.yahoo.com/v8/finance/chart/GEV?period1=1767225600&period2=1788566400&interval=1d&events=div%2Csplits
GEV,2026-07-15,report_close,2026-07-15,2026-09-04,1055.280029296875,1055.280029296875,941.9500122070312,941.9500122070312,-0.1073933116742053,-0.1673956294807969,38,0,USD,NYQ,https://query1.finance.yahoo.com/v8/finance/chart/GEV?period1=1767225600&period2=1788566400&interval=1d&events=div%2Csplits
GEV,2026-07-18,next_open,2026-07-20,2026-09-04,1081.0,1081.0,941.9500122070312,941.9500122070312,-0.128630886024948,-0.1687973827040934,35,0,USD,NYQ,https://query1.finance.yahoo.com/v8/finance/chart/GEV?period1=1767225600&period2=1788566400&interval=1d&events=div%2Csplits
GEV,2026-07-18,report_close,2026-07-17,2026-09-04,1057.8399658203125,1057.8399658203125,941.9500122070312,941.9500122070312,-0.10955338931953973,-0.1673956294807969,36,0,USD,NYQ,https://query1.finance.yahoo.com/v8/finance/chart/GEV?period1=1767225600&period2=1788566400&interval=1d&events=div%2Csplits
GFS,2026-07-12,next_open,2026-07-13,2026-09-04,67.00499725341797,67.00499725341797,45.209999084472656,45.209999084472656,-0.32527421927225786,-0.34437725384825857,40,0,USD,NMS,https://query1.finance.yahoo.com/v8/finance/chart/GFS?period1=1767225600&period2=1788566400&interval=1d&events=div%2Csplits
GFS,2026-07-12,report_close,2026-07-10,2026-09-04,68.97000122070312,68.97000122070312,45.209999084472656,45.209999084472656,-0.34449763253155186,-0.36305640818244533,41,0,USD,NMS,https://query1.finance.yahoo.com/v8/finance/chart/GFS?period1=1767225600&period2=1788566400&interval=1d&events=div%2Csplits
GFS,2026-07-13,next_open,2026-07-14,2026-09-04,67.63999938964844,67.63999938964844,45.209999084472656,45.209999084472656,-0.3316085231752448,-0.35053221907777266,39,0,USD,NMS,https://query1.finance.yahoo.com/v8/finance/chart/GFS?period1=1767225600&period2=1788566400&interval=1d&events=div%2Csplits
GFS,2026-07-13,report_close,2026-07-13,2026-09-04,63.93999862670898,63.93999862670898,45.209999084472656,45.209999084472656,-0.29293087182539346,-0.3129496207585878,40,0,USD,NMS,https://query1.finance.yahoo.com/v8/finance/chart/GFS?period1=1767225600&period2=1788566400&interval=1d&events=div%2Csplits
GFS,2026-07-14,next_open,2026-07-15,2026-09-04,64.52999877929688,64.52999877929688,45.209999084472656,45.209999084472656,-0.2993956308739718,-0.3192313476492763,38,0,USD,NMS,https://query1.finance.yahoo.com/v8/finance/chart/GFS?period1=1767225600&period2=1788566400&interval=1d&events=div%2Csplits
GFS,2026-07-14,report_close,2026-07-14,2026-09-04,63.38999938964844,63.38999938964844,45.209999084472656,45.209999084472656,-0.2867960321852372,-0.3069884725010814,39,0,USD,NMS,https://query1.finance.yahoo.com/v8/finance/chart/GFS?period1=1767225600&period2=1788566400&interval=1d&events=div%2Csplits
GFS,2026-07-15,next_open,2026-07-16,2026-09-04,59.04999923706055,59.04999923706055,45.209999084472656,45.209999084472656,-0.23437765167491698,-0.26031317129744413,37,0,USD,NMS,https://query1.finance.yahoo.com/v8/finance/chart/GFS?period1=1767225600&period2=1788566400&interval=1d&events=div%2Csplits
GFS,2026-07-15,report_close,2026-07-15,2026-09-04,61.40999984741211,61.40999984741211,45.209999084472656,45.209999084472656,-0.2638006970068758,-0.2846441880096008,38,0,USD,NMS,https://query1.finance.yahoo.com/v8/finance/chart/GFS?period1=1767225600&period2=1788566400&interval=1d&events=div%2Csplits
GFS,2026-07-18,next_open,2026-07-20,2026-09-04,58.220001220703125,58.220001220703125,45.209999084472656,45.209999084472656,-0.22346275959204365,-0.260313171297444,35,0,USD,NMS,https://query1.finance.yahoo.com/v8/finance/chart/GFS?period1=1767225600&period2=1788566400&interval=1d&events=div%2Csplits
GFS,2026-07-18,report_close,2026-07-17,2026-09-04,57.47999954223633,57.47999954223633,45.209999084472656,45.209999084472656,-0.21346556289979912,-0.26031317129744413,36,0,USD,NMS,https://query1.finance.yahoo.com/v8/finance/chart/GFS?period1=1767225600&period2=1788566400&interval=1d&events=div%2Csplits
GLW,2026-07-12,next_open,2026-07-13,2026-09-04,185.25,184.90183124217677,154.3000030517578,154.3000030517578,-0.16550311040639698,-0.33889360841638183,40,0,USD,NYQ,https://query1.finance.yahoo.com/v8/finance/chart/GLW?period1=1767225600&period2=1788566400&interval=1d&events=div%2Csplits
GLW,2026-07-12,report_close,2026-07-10,2026-09-04,190.88999938964844,190.5312347412109,154.3000030517578,154.3000030517578,-0.1901590137630934,-0.3501492993920309,41,0,USD,NYQ,https://query1.finance.yahoo.com/v8/finance/chart/GLW?period1=1767225600&period2=1788566400&interval=1d&events=div%2Csplits
GLW,2026-07-13,next_open,2026-07-14,2026-09-04,192.97999572753903,192.61729830628136,154.3000030517578,154.3000030517578,-0.1989296682668401,-0.35718724396499535,39,0,USD,NYQ,https://query1.finance.yahoo.com/v8/finance/chart/GLW?period1=1767225600&period2=1788566400&interval=1d&events=div%2Csplits
GLW,2026-07-13,report_close,2026-07-13,2026-09-04,183.1100006103516,182.76585388183597,154.3000030517578,154.3000030517578,-0.1557503780136209,-0.33889360841638183,40,0,USD,NYQ,https://query1.finance.yahoo.com/v8/finance/chart/GLW?period1=1767225600&period2=1788566400&interval=1d&events=div%2Csplits
GLW,2026-07-14,next_open,2026-07-15,2026-09-04,186.6000061035156,186.24930668642077,154.3000030517578,154.3000030517578,-0.1715405238444968,-0.3352090346690956,38,0,USD,NYQ,https://query1.finance.yahoo.com/v8/finance/chart/GLW?period1=1767225600&period2=1788566400&interval=1d&events=div%2Csplits
GLW,2026-07-14,report_close,2026-07-14,2026-09-04,187.63999938964844,187.28733825683597,154.3000030517578,154.3000030517578,-0.1761322228833273,-0.33889360841638183,39,0,USD,NYQ,https://query1.finance.yahoo.com/v8/finance/chart/GLW?period1=1767225600&period2=1788566400&interval=1d&events=div%2Csplits
GLW,2026-07-15,next_open,2026-07-16,2026-09-04,166.5800018310547,166.26692553761754,154.3000030517578,154.3000030517578,-0.07197416110970445,-0.25531276900730304,37,0,USD,NYQ,https://query1.finance.yahoo.com/v8/finance/chart/GLW?period1=1767225600&period2=1788566400&interval=1d&events=div%2Csplits
GLW,2026-07-15,report_close,2026-07-15,2026-09-04,174.41000366210938,174.08221435546875,154.3000030517578,154.3000030517578,-0.1136371764166354,-0.2887449367374866,38,0,USD,NYQ,https://query1.finance.yahoo.com/v8/finance/chart/GLW?period1=1767225600&period2=1788566400&interval=1d&events=div%2Csplits
GLW,2026-07-18,next_open,2026-07-20,2026-09-04,157.86000061035156,157.56330399438306,154.3000030517578,154.3000030517578,-0.020711046670750077,-0.2361923785860629,35,0,USD,NYQ,https://query1.finance.yahoo.com/v8/finance/chart/GLW?period1=1767225600&period2=1788566400&interval=1d&events=div%2Csplits
GLW,2026-07-18,report_close,2026-07-17,2026-09-04,154.61000061035156,154.3194122314453,154.3000030517578,154.3000030517578,-0.00012577276835656903,-0.236192378586063,36,0,USD,NYQ,https://query1.finance.yahoo.com/v8/finance/chart/GLW?period1=1767225600&period2=1788566400&interval=1d&events=div%2Csplits
GNRC,2026-07-12,next_open,2026-07-13,2026-09-04,229.3800048828125,229.3800048828125,187.3500061035156,187.3500061035156,-0.18323305381726507,-0.21196272273520922,40,0,USD,NYQ,https://query1.finance.yahoo.com/v8/finance/chart/GNRC?period1=1767225600&period2=1788566400&interval=1d&events=div%2Csplits
GNRC,2026-07-12,report_close,2026-07-10,2026-09-04,233.94000244140625,233.94000244140625,187.3500061035156,187.3500061035156,-0.19915361140324772,-0.22732327682132947,41,0,USD,NYQ,https://query1.finance.yahoo.com/v8/finance/chart/GNRC?period1=1767225600&period2=1788566400&interval=1d&events=div%2Csplits
GNRC,2026-07-13,next_open,2026-07-14,2026-09-04,233.3699951171875,233.3699951171875,187.3500061035156,187.3500061035156,-0.19719754028602865,-0.22543601024601834,39,0,USD,NYQ,https://query1.finance.yahoo.com/v8/finance/chart/GNRC?period1=1767225600&period2=1788566400&interval=1d&events=div%2Csplits
GNRC,2026-07-13,report_close,2026-07-13,2026-09-04,226.9499969482422,226.9499969482422,187.3500061035156,187.3500061035156,-0.17448773464296496,-0.20352501900205022,40,0,USD,NYQ,https://query1.finance.yahoo.com/v8/finance/chart/GNRC?period1=1767225600&period2=1788566400&interval=1d&events=div%2Csplits
GNRC,2026-07-14,next_open,2026-07-15,2026-09-04,227.0,227.0,187.3500061035156,187.3500061035156,-0.17466957663649518,-0.20370046472759484,38,0,USD,NYQ,https://query1.finance.yahoo.com/v8/finance/chart/GNRC?period1=1767225600&period2=1788566400&interval=1d&events=div%2Csplits
GNRC,2026-07-14,report_close,2026-07-14,2026-09-04,225.1199951171875,225.1199951171875,187.3500061035156,187.3500061035156,-0.16777714033802515,-0.2022244106008243,39,0,USD,NYQ,https://query1.finance.yahoo.com/v8/finance/chart/GNRC?period1=1767225600&period2=1788566400&interval=1d&events=div%2Csplits
GNRC,2026-07-15,next_open,2026-07-16,2026-09-04,218.77999877929688,218.77999877929688,187.3500061035156,187.3500061035156,-0.1436602653402862,-0.1853988306499914,37,0,USD,NYQ,https://query1.finance.yahoo.com/v8/finance/chart/GNRC?period1=1767225600&period2=1788566400&interval=1d&events=div%2Csplits
GNRC,2026-07-15,report_close,2026-07-15,2026-09-04,226.5800018310547,226.5800018310547,187.3500061035156,187.3500061035156,-0.17313970964123404,-0.2022244106008243,38,0,USD,NYQ,https://query1.finance.yahoo.com/v8/finance/chart/GNRC?period1=1767225600&period2=1788566400&interval=1d&events=div%2Csplits
GNRC,2026-07-18,next_open,2026-07-20,2026-09-04,218.0200042724609,218.0200042724609,187.3500061035156,187.3500061035156,-0.1406751562605092,-0.1853988306499914,35,0,USD,NYQ,https://query1.finance.yahoo.com/v8/finance/chart/GNRC?period1=1767225600&period2=1788566400&interval=1d&events=div%2Csplits
GNRC,2026-07-18,report_close,2026-07-17,2026-09-04,214.91000366210935,214.91000366210935,187.3500061035156,187.3500061035156,-0.12823971471297702,-0.1853988306499914,36,0,USD,NYQ,https://query1.finance.yahoo.com/v8/finance/chart/GNRC?period1=1767225600&period2=1788566400&interval=1d&events=div%2Csplits
GOOGL,2026-07-12,next_open,2026-07-13,2026-09-04,356.19000244140625,355.96119810970276,338.4599914550781,338.4599914550781,-0.04916605165833554,-0.14350808874984566,40,0,USD,NMS,https://query1.finance.yahoo.com/v8/finance/chart/GOOGL?period1=1767225600&period2=1788566400&interval=1d&events=div%2Csplits
GOOGL,2026-07-12,report_close,2026-07-10,2026-09-04,357.17999267578125,356.9505615234375,338.4599914550781,338.4599914550781,-0.051801487548984504,-0.14350808874984555,41,0,USD,NMS,https://query1.finance.yahoo.com/v8/finance/chart/GOOGL?period1=1767225600&period2=1788566400&interval=1d&events=div%2Csplits
GOOGL,2026-07-13,next_open,2026-07-14,2026-09-04,351.20001220703125,350.97442351070157,338.4599914550781,338.4599914550781,-0.03565625076165091,-0.14350808874984566,39,0,USD,NMS,https://query1.finance.yahoo.com/v8/finance/chart/GOOGL?period1=1767225600&period2=1788566400&interval=1d&events=div%2Csplits
GOOGL,2026-07-13,report_close,2026-07-13,2026-09-04,352.510009765625,352.2835693359375,338.4599914550781,338.4599914550781,-0.03923991660160908,-0.14350808874984566,40,0,USD,NMS,https://query1.finance.yahoo.com/v8/finance/chart/GOOGL?period1=1767225600&period2=1788566400&interval=1d&events=div%2Csplits
GOOGL,2026-07-14,next_open,2026-07-15,2026-09-04,357.9700012207031,357.74006858863044,338.4599914550781,338.4599914550781,-0.053894094697350514,-0.14350808874984555,38,0,USD,NMS,https://query1.finance.yahoo.com/v8/finance/chart/GOOGL?period1=1767225600&period2=1788566400&interval=1d&events=div%2Csplits
GOOGL,2026-07-14,report_close,2026-07-14,2026-09-04,359.510009765625,359.2790832519531,338.4599914550781,338.4599914550781,-0.05794685181345527,-0.14350808874984566,39,0,USD,NMS,https://query1.finance.yahoo.com/v8/finance/chart/GOOGL?period1=1767225600&period2=1788566400&interval=1d&events=div%2Csplits
GOOGL,2026-07-15,next_open,2026-07-16,2026-09-04,373.05999755859375,372.8203579699616,338.4599914550781,338.4599914550781,-0.09216333223319295,-0.14842115080511664,37,0,USD,NMS,https://query1.finance.yahoo.com/v8/finance/chart/GOOGL?period1=1767225600&period2=1788566400&interval=1d&events=div%2Csplits
GOOGL,2026-07-15,report_close,2026-07-15,2026-09-04,370.9200134277344,370.6817626953125,338.4599914550781,338.4599914550781,-0.0869256987609599,-0.14350808874984566,38,0,USD,NMS,https://query1.finance.yahoo.com/v8/finance/chart/GOOGL?period1=1767225600&period2=1788566400&interval=1d&events=div%2Csplits
GOOGL,2026-07-18,next_open,2026-07-20,2026-09-04,350.8800048828125,350.6546131580819,338.4599914550781,338.4599914550781,-0.03477673256078395,-0.11288233755854149,35,0,USD,NMS,https://query1.finance.yahoo.com/v8/finance/chart/GOOGL?period1=1767225600&period2=1788566400&interval=1d&events=div%2Csplits
GOOGL,2026-07-18,report_close,2026-07-17,2026-09-04,346.7699890136719,346.5472412109375,338.4599914550781,338.4599914550781,-0.02333664445747763,-0.1128823375585416,36,0,USD,NMS,https://query1.finance.yahoo.com/v8/finance/chart/GOOGL?period1=1767225600&period2=1788566400&interval=1d&events=div%2Csplits
HOCPY,2026-07-12,next_open,2026-07-13,2026-09-04,157.75,157.75,156.10000610351562,156.10000610351562,-0.010459549264560275,-0.09547678616288802,40,0,USD,PNK,https://query1.finance.yahoo.com/v8/finance/chart/HOCPY?period1=1767225600&period2=1788566400&interval=1d&events=div%2Csplits
HOCPY,2026-07-12,report_close,2026-07-10,2026-09-04,155.72000122070312,155.72000122070312,156.10000610351562,156.10000610351562,0.0024403087582429706,-0.09547678616288824,41,0,USD,PNK,https://query1.finance.yahoo.com/v8/finance/chart/HOCPY?period1=1767225600&period2=1788566400&interval=1d&events=div%2Csplits
HOCPY,2026-07-13,next_open,2026-07-14,2026-09-04,159.36000061035156,159.36000061035156,156.10000610351562,156.10000610351562,-0.02045679276073109,-0.09547678616288802,39,0,USD,PNK,https://query1.finance.yahoo.com/v8/finance/chart/HOCPY?period1=1767225600&period2=1788566400&interval=1d&events=div%2Csplits
HOCPY,2026-07-13,report_close,2026-07-13,2026-09-04,157.5,157.5,156.10000610351562,156.10000610351562,-0.008888850136408721,-0.09547678616288802,40,0,USD,PNK,https://query1.finance.yahoo.com/v8/finance/chart/HOCPY?period1=1767225600&period2=1788566400&interval=1d&events=div%2Csplits
HOCPY,2026-07-14,next_open,2026-07-15,2026-09-04,154.6699981689453,154.6699981689453,156.10000610351562,156.10000610351562,0.009245541808362345,-0.09547678616288802,38,0,USD,PNK,https://query1.finance.yahoo.com/v8/finance/chart/HOCPY?period1=1767225600&period2=1788566400&interval=1d&events=div%2Csplits
HOCPY,2026-07-14,report_close,2026-07-14,2026-09-04,158.4199981689453,158.4199981689453,156.10000610351562,156.10000610351562,-0.014644565662445985,-0.09547678616288802,39,0,USD,PNK,https://query1.finance.yahoo.com/v8/finance/chart/HOCPY?period1=1767225600&period2=1788566400&interval=1d&events=div%2Csplits
HOCPY,2026-07-15,next_open,2026-07-16,2026-09-04,153.27999877929688,153.27999877929688,156.10000610351562,156.10000610351562,0.01839775147884226,-0.09547678616288813,37,0,USD,PNK,https://query1.finance.yahoo.com/v8/finance/chart/HOCPY?period1=1767225600&period2=1788566400&interval=1d&events=div%2Csplits
HOCPY,2026-07-15,report_close,2026-07-15,2026-09-04,154.60000610351562,154.60000610351562,156.10000610351562,156.10000610351562,0.009702457572968282,-0.09547678616288824,38,0,USD,PNK,https://query1.finance.yahoo.com/v8/finance/chart/HOCPY?period1=1767225600&period2=1788566400&interval=1d&events=div%2Csplits
HOCPY,2026-07-18,next_open,2026-07-20,2026-09-04,157.82000732421875,157.82000732421875,156.10000610351562,156.10000610351562,-0.010898499181853594,-0.09547678616288813,35,0,USD,PNK,https://query1.finance.yahoo.com/v8/finance/chart/HOCPY?period1=1767225600&period2=1788566400&interval=1d&events=div%2Csplits
HOCPY,2026-07-18,report_close,2026-07-17,2026-09-04,157.11000061035156,157.11000061035156,156.10000610351562,156.10000610351562,-0.0064285819038396586,-0.09547678616288813,36,0,USD,PNK,https://query1.finance.yahoo.com/v8/finance/chart/HOCPY?period1=1767225600&period2=1788566400&interval=1d&events=div%2Csplits
HPE,2026-07-12,next_open,2026-07-13,2026-09-04,48.18999862670898,48.18999862670898,52.0,52.0,0.07906207681814204,-0.14961552672347855,40,0,USD,NYQ,https://query1.finance.yahoo.com/v8/finance/chart/HPE?period1=1767225600&period2=1788566400&interval=1d&events=div%2Csplits
HPE,2026-07-12,report_close,2026-07-10,2026-09-04,48.540000915527344,48.540000915527344,52.0,52.0,0.07128139718196524,-0.14961552672347855,41,0,USD,NYQ,https://query1.finance.yahoo.com/v8/finance/chart/HPE?period1=1767225600&period2=1788566400&interval=1d&events=div%2Csplits
HPE,2026-07-13,next_open,2026-07-14,2026-09-04,48.86000061035156,48.86000061035156,52.0,52.0,0.06426523435169984,-0.14961552672347855,39,0,USD,NYQ,https://query1.finance.yahoo.com/v8/finance/chart/HPE?period1=1767225600&period2=1788566400&interval=1d&events=div%2Csplits
HPE,2026-07-13,report_close,2026-07-13,2026-09-04,47.2400016784668,47.2400016784668,52.0,52.0,0.10076202693495939,-0.14961552672347866,40,0,USD,NYQ,https://query1.finance.yahoo.com/v8/finance/chart/HPE?period1=1767225600&period2=1788566400&interval=1d&events=div%2Csplits
HPE,2026-07-14,next_open,2026-07-15,2026-09-04,50.310001373291016,50.310001373291016,52.0,52.0,0.033591703052629596,-0.14961552672347866,38,0,USD,NYQ,https://query1.finance.yahoo.com/v8/finance/chart/HPE?period1=1767225600&period2=1788566400&interval=1d&events=div%2Csplits
HPE,2026-07-14,report_close,2026-07-14,2026-09-04,49.560001373291016,49.560001373291016,52.0,52.0,0.04923322354918169,-0.14961552672347844,39,0,USD,NYQ,https://query1.finance.yahoo.com/v8/finance/chart/HPE?period1=1767225600&period2=1788566400&interval=1d&events=div%2Csplits
HPE,2026-07-15,next_open,2026-07-16,2026-09-04,47.25,47.25,52.0,52.0,0.10052910052910047,-0.14961552672347866,37,0,USD,NYQ,https://query1.finance.yahoo.com/v8/finance/chart/HPE?period1=1767225600&period2=1788566400&interval=1d&events=div%2Csplits
HPE,2026-07-15,report_close,2026-07-15,2026-09-04,47.38999938964844,47.38999938964844,52.0,52.0,0.097277920863585,-0.14961552672347855,38,0,USD,NYQ,https://query1.finance.yahoo.com/v8/finance/chart/HPE?period1=1767225600&period2=1788566400&interval=1d&events=div%2Csplits
HPE,2026-07-18,next_open,2026-07-20,2026-09-04,46.119998931884766,46.119998931884766,52.0,52.0,0.1274935213419992,-0.14961552672347844,35,0,USD,NYQ,https://query1.finance.yahoo.com/v8/finance/chart/HPE?period1=1767225600&period2=1788566400&interval=1d&events=div%2Csplits
HPE,2026-07-18,report_close,2026-07-17,2026-09-04,45.81999969482422,45.81999969482422,52.0,52.0,0.13487560773322893,-0.14961552672347855,36,0,USD,NYQ,https://query1.finance.yahoo.com/v8/finance/chart/HPE?period1=1767225600&period2=1788566400&interval=1d&events=div%2Csplits
HTHIY,2026-07-12,next_open,2026-07-13,2026-09-04,29.26000022888184,29.26000022888184,34.66999816894531,34.66999816894531,0.18489398146768954,-0.09261815437406684,40,0,USD,PNK,https://query1.finance.yahoo.com/v8/finance/chart/HTHIY?period1=1767225600&period2=1788566400&interval=1d&events=div%2Csplits
HTHIY,2026-07-12,report_close,2026-07-10,2026-09-04,29.420000076293945,29.420000076293945,34.66999816894531,34.66999816894531,0.17844996869601348,-0.09261815437406695,41,0,USD,PNK,https://query1.finance.yahoo.com/v8/finance/chart/HTHIY?period1=1767225600&period2=1788566400&interval=1d&events=div%2Csplits
HTHIY,2026-07-13,next_open,2026-07-14,2026-09-04,29.350000381469727,29.350000381469727,34.66999816894531,34.66999816894531,0.1812605696194265,-0.09261815437406684,39,0,USD,PNK,https://query1.finance.yahoo.com/v8/finance/chart/HTHIY?period1=1767225600&period2=1788566400&interval=1d&events=div%2Csplits
HTHIY,2026-07-13,report_close,2026-07-13,2026-09-04,29.11000061035156,29.11000061035156,34.66999816894531,34.66999816894531,0.1909995686024346,-0.09261815437406706,40,0,USD,PNK,https://query1.finance.yahoo.com/v8/finance/chart/HTHIY?period1=1767225600&period2=1788566400&interval=1d&events=div%2Csplits
HTHIY,2026-07-14,next_open,2026-07-15,2026-09-04,29.459999084472656,29.459999084472656,34.66999816894531,34.66999816894531,0.1768499404746644,-0.09261815437406684,38,0,USD,PNK,https://query1.finance.yahoo.com/v8/finance/chart/HTHIY?period1=1767225600&period2=1788566400&interval=1d&events=div%2Csplits
HTHIY,2026-07-14,report_close,2026-07-14,2026-09-04,29.739999771118164,29.739999771118164,34.66999816894531,34.66999816894531,0.1657699541280726,-0.09261815437406695,39,0,USD,PNK,https://query1.finance.yahoo.com/v8/finance/chart/HTHIY?period1=1767225600&period2=1788566400&interval=1d&events=div%2Csplits
HTHIY,2026-07-15,next_open,2026-07-16,2026-09-04,29.36000061035156,29.36000061035156,34.66999816894531,34.66999816894531,0.18085822371276072,-0.09261815437406695,37,0,USD,PNK,https://query1.finance.yahoo.com/v8/finance/chart/HTHIY?period1=1767225600&period2=1788566400&interval=1d&events=div%2Csplits
HTHIY,2026-07-15,report_close,2026-07-15,2026-09-04,29.200000762939453,29.200000762939453,34.66999816894531,34.66999816894531,0.18732867339333636,-0.09261815437406684,38,0,USD,PNK,https://query1.finance.yahoo.com/v8/finance/chart/HTHIY?period1=1767225600&period2=1788566400&interval=1d&events=div%2Csplits
HTHIY,2026-07-18,next_open,2026-07-20,2026-09-04,29.149999618530277,29.149999618530277,34.66999816894531,34.66999816894531,0.1893653043791481,-0.09261815437406673,35,0,USD,PNK,https://query1.finance.yahoo.com/v8/finance/chart/HTHIY?period1=1767225600&period2=1788566400&interval=1d&events=div%2Csplits
HTHIY,2026-07-18,report_close,2026-07-17,2026-09-04,29.18000030517578,29.18000030517578,34.66999816894531,34.66999816894531,0.1881424882232008,-0.09261815437406695,36,0,USD,PNK,https://query1.finance.yahoo.com/v8/finance/chart/HTHIY?period1=1767225600&period2=1788566400&interval=1d&events=div%2Csplits
HUBB,2026-07-12,next_open,2026-07-13,2026-09-04,486.5799865722656,485.0768209743025,460.7200012207031,460.7200012207031,-0.050212293600583546,-0.14421359621847318,40,0,USD,NYQ,https://query1.finance.yahoo.com/v8/finance/chart/HUBB?period1=1767225600&period2=1788566400&interval=1d&events=div%2Csplits
HUBB,2026-07-12,report_close,2026-07-10,2026-09-04,490.9400024414063,489.4233703613281,460.7200012207031,460.7200012207031,-0.05864732025247199,-0.14421359621847318,41,0,USD,NYQ,https://query1.finance.yahoo.com/v8/finance/chart/HUBB?period1=1767225600&period2=1788566400&interval=1d&events=div%2Csplits
HUBB,2026-07-13,next_open,2026-07-14,2026-09-04,483.7300109863281,482.2356627434842,460.7200012207031,460.7200012207031,-0.044616487715521624,-0.1442135962184733,39,0,USD,NYQ,https://query1.finance.yahoo.com/v8/finance/chart/HUBB?period1=1767225600&period2=1788566400&interval=1d&events=div%2Csplits
HUBB,2026-07-13,report_close,2026-07-13,2026-09-04,477.0299987792969,475.5563354492188,460.7200012207031,460.7200012207031,-0.031197847915328536,-0.14421359621847318,40,0,USD,NYQ,https://query1.finance.yahoo.com/v8/finance/chart/HUBB?period1=1767225600&period2=1788566400&interval=1d&events=div%2Csplits
HUBB,2026-07-14,next_open,2026-07-15,2026-09-04,484.239990234375,482.7440396568279,460.7200012207031,460.7200012207031,-0.045622600440144656,-0.14421359621847318,38,0,USD,NYQ,https://query1.finance.yahoo.com/v8/finance/chart/HUBB?period1=1767225600&period2=1788566400&interval=1d&events=div%2Csplits
HUBB,2026-07-14,report_close,2026-07-14,2026-09-04,483.8900146484375,482.3951721191406,460.7200012207031,460.7200012207031,-0.04493239599231358,-0.14421359621847318,39,0,USD,NYQ,https://query1.finance.yahoo.com/v8/finance/chart/HUBB?period1=1767225600&period2=1788566400&interval=1d&events=div%2Csplits
HUBB,2026-07-15,next_open,2026-07-16,2026-09-04,469.9700012207031,468.5181525895362,460.7200012207031,460.7200012207031,-0.016644288648651306,-0.14421359621847318,37,0,USD,NYQ,https://query1.finance.yahoo.com/v8/finance/chart/HUBB?period1=1767225600&period2=1788566400&interval=1d&events=div%2Csplits
HUBB,2026-07-15,report_close,2026-07-15,2026-09-04,479.9200134277344,478.4374084472656,460.7200012207031,460.7200012207031,-0.037031818402459504,-0.1442135962184733,38,0,USD,NYQ,https://query1.finance.yahoo.com/v8/finance/chart/HUBB?period1=1767225600&period2=1788566400&interval=1d&events=div%2Csplits
HUBB,2026-07-18,next_open,2026-07-20,2026-09-04,492.510009765625,490.98851765131883,460.7200012207031,460.7200012207031,-0.06164811465532327,-0.14421359621847318,35,0,USD,NYQ,https://query1.finance.yahoo.com/v8/finance/chart/HUBB?period1=1767225600&period2=1788566400&interval=1d&events=div%2Csplits
HUBB,2026-07-18,report_close,2026-07-17,2026-09-04,488.6700134277344,487.160400390625,460.7200012207031,460.7200012207031,-0.05427452467138316,-0.14421359621847318,36,0,USD,NYQ,https://query1.finance.yahoo.com/v8/finance/chart/HUBB?period1=1767225600&period2=1788566400&interval=1d&events=div%2Csplits
IBM,2026-07-12,next_open,2026-07-13,2026-09-04,290.5,288.4309383542422,234.88999938964844,234.88999938964844,-0.1856282799275728,-0.2916695092893765,40,0,USD,NYQ,https://query1.finance.yahoo.com/v8/finance/chart/IBM?period1=1767225600&period2=1788566400&interval=1d&events=div%2Csplits
IBM,2026-07-12,report_close,2026-07-10,2026-09-04,287.5599975585937,285.5118713378906,234.88999938964844,234.88999938964844,-0.1773021615914998,-0.2910105786367857,41,0,USD,NYQ,https://query1.finance.yahoo.com/v8/finance/chart/IBM?period1=1767225600&period2=1788566400&interval=1d&events=div%2Csplits
IBM,2026-07-13,next_open,2026-07-14,2026-09-04,226.3699951171875,224.75769030587438,234.88999938964844,234.88999938964844,0.04508103402372976,-0.09100138988549589,39,0,USD,NYQ,https://query1.finance.yahoo.com/v8/finance/chart/IBM?period1=1767225600&period2=1788566400&interval=1d&events=div%2Csplits
IBM,2026-07-13,report_close,2026-07-13,2026-09-04,290.2300109863281,288.1628723144531,234.88999938964844,234.88999938964844,-0.18487070349115453,-0.2910105786367856,40,0,USD,NYQ,https://query1.finance.yahoo.com/v8/finance/chart/IBM?period1=1767225600&period2=1788566400&interval=1d&events=div%2Csplits
IBM,2026-07-14,next_open,2026-07-15,2026-09-04,220.97000122070312,219.39615784665963,234.88999938964844,234.88999938964844,0.07062038686118544,-0.0687875753805205,38,0,USD,NYQ,https://query1.finance.yahoo.com/v8/finance/chart/IBM?period1=1767225600&period2=1788566400&interval=1d&events=div%2Csplits
IBM,2026-07-14,report_close,2026-07-14,2026-09-04,217.07000732421875,215.52394104003903,234.88999938964844,234.88999938964844,0.08985571744909615,-0.0606254052537869,39,0,USD,NYQ,https://query1.finance.yahoo.com/v8/finance/chart/IBM?period1=1767225600&period2=1788566400&interval=1d&events=div%2Csplits
IBM,2026-07-15,next_open,2026-07-16,2026-09-04,208.82000732421875,207.3327042116084,234.88999938964844,234.88999938964844,0.13291340255666784,-0.06062540525378701,37,0,USD,NYQ,https://query1.finance.yahoo.com/v8/finance/chart/IBM?period1=1767225600&period2=1788566400&interval=1d&events=div%2Csplits
IBM,2026-07-15,report_close,2026-07-15,2026-09-04,211.1999969482422,209.69573974609372,234.88999938964844,234.88999938964844,0.12014674057785202,-0.06062540525378701,38,0,USD,NYQ,https://query1.finance.yahoo.com/v8/finance/chart/IBM?period1=1767225600&period2=1788566400&interval=1d&events=div%2Csplits
IBM,2026-07-18,next_open,2026-07-20,2026-09-04,210.07000732421875,208.57380136565473,234.88999938964844,234.88999938964844,0.12617211678401685,-0.04013921709138002,35,0,USD,NYQ,https://query1.finance.yahoo.com/v8/finance/chart/IBM?period1=1767225600&period2=1788566400&interval=1d&events=div%2Csplits
IBM,2026-07-18,report_close,2026-07-17,2026-09-04,212.6699981689453,211.1552734375,234.88999938964844,234.88999938964844,0.1124041354296259,-0.04013921709138013,36,0,USD,NYQ,https://query1.finance.yahoo.com/v8/finance/chart/IBM?period1=1767225600&period2=1788566400&interval=1d&events=div%2Csplits
ICHR,2026-07-12,next_open,2026-07-13,2026-09-04,96.0,96.0,56.380001068115234,56.380001068115234,-0.41270832220713294,-0.46083335081736243,40,0,USD,NMS,https://query1.finance.yahoo.com/v8/finance/chart/ICHR?period1=1767225600&period2=1788566400&interval=1d&events=div%2Csplits
ICHR,2026-07-12,report_close,2026-07-10,2026-09-04,100.3000030517578,100.3000030517578,56.380001068115234,56.380001068115234,-0.43788634743090216,-0.4839481879694112,41,0,USD,NMS,https://query1.finance.yahoo.com/v8/finance/chart/ICHR?period1=1767225600&period2=1788566400&interval=1d&events=div%2Csplits
ICHR,2026-07-13,next_open,2026-07-14,2026-09-04,97.16999816894533,97.16999816894533,56.380001068115234,56.380001068115234,-0.4197797454921247,-0.4673253134003327,39,0,USD,NMS,https://query1.finance.yahoo.com/v8/finance/chart/ICHR?period1=1767225600&period2=1788566400&interval=1d&events=div%2Csplits
ICHR,2026-07-13,report_close,2026-07-13,2026-09-04,90.41000366210938,90.41000366210938,56.380001068115234,56.380001068115234,-0.37639642977092413,-0.4599895759465443,40,0,USD,NMS,https://query1.finance.yahoo.com/v8/finance/chart/ICHR?period1=1767225600&period2=1788566400&interval=1d&events=div%2Csplits
ICHR,2026-07-14,next_open,2026-07-15,2026-09-04,98.23999786376952,98.23999786376952,56.380001068115234,56.380001068115234,-0.4260993251822135,-0.4731270414591279,38,0,USD,NMS,https://query1.finance.yahoo.com/v8/finance/chart/ICHR?period1=1767225600&period2=1788566400&interval=1d&events=div%2Csplits
ICHR,2026-07-14,report_close,2026-07-14,2026-09-04,94.8499984741211,94.8499984741211,56.380001068115234,56.380001068115234,-0.4055877493398382,-0.45998957594654444,39,0,USD,NMS,https://query1.finance.yahoo.com/v8/finance/chart/ICHR?period1=1767225600&period2=1788566400&interval=1d&events=div%2Csplits
ICHR,2026-07-15,next_open,2026-07-16,2026-09-04,88.0999984741211,88.0999984741211,56.380001068115234,56.380001068115234,-0.3600453797433769,-0.45998957594654444,37,0,USD,NMS,https://query1.finance.yahoo.com/v8/finance/chart/ICHR?period1=1767225600&period2=1788566400&interval=1d&events=div%2Csplits
ICHR,2026-07-15,report_close,2026-07-15,2026-09-04,93.16999816894533,93.16999816894533,56.380001068115234,56.380001068115234,-0.39486956986001787,-0.45998957594654444,38,0,USD,NMS,https://query1.finance.yahoo.com/v8/finance/chart/ICHR?period1=1767225600&period2=1788566400&interval=1d&events=div%2Csplits
ICHR,2026-07-18,next_open,2026-07-20,2026-09-04,84.81999969482422,84.81999969482422,56.380001068115234,56.380001068115234,-0.33529826372357807,-0.45998957594654444,35,0,USD,NMS,https://query1.finance.yahoo.com/v8/finance/chart/ICHR?period1=1767225600&period2=1788566400&interval=1d&events=div%2Csplits
ICHR,2026-07-18,report_close,2026-07-17,2026-09-04,82.87000274658203,82.87000274658203,56.380001068115234,56.380001068115234,-0.31965730421747063,-0.45998957594654444,36,0,USD,NMS,https://query1.finance.yahoo.com/v8/finance/chart/ICHR?period1=1767225600&period2=1788566400&interval=1d&events=div%2Csplits
IESC,2026-07-12,next_open,2026-07-13,2026-09-04,307.29998779296875,307.29998779296875,322.57000732421875,322.57000732421875,0.049690921372693264,-0.2639869590089454,40,0,USD,NGM,https://query1.finance.yahoo.com/v8/finance/chart/IESC?period1=1767225600&period2=1788566400&interval=1d&events=div%2Csplits
IESC,2026-07-12,report_close,2026-07-10,2026-09-04,312.7699890136719,312.7699890136719,322.57000732421875,322.57000732421875,0.0313329879936739,-0.2639869590089454,41,0,USD,NGM,https://query1.finance.yahoo.com/v8/finance/chart/IESC?period1=1767225600&period2=1788566400&interval=1d&events=div%2Csplits
IESC,2026-07-13,next_open,2026-07-14,2026-09-04,311.7449951171875,311.7449951171875,322.57000732421875,322.57000732421875,0.03472393262628648,-0.2639869590089454,39,0,USD,NGM,https://query1.finance.yahoo.com/v8/finance/chart/IESC?period1=1767225600&period2=1788566400&interval=1d&events=div%2Csplits
IESC,2026-07-13,report_close,2026-07-13,2026-09-04,301.4549865722656,301.4549865722656,322.57000732421875,322.57000732421875,0.07004369372702812,-0.2639869590089454,40,0,USD,NGM,https://query1.finance.yahoo.com/v8/finance/chart/IESC?period1=1767225600&period2=1788566400&interval=1d&events=div%2Csplits
IESC,2026-07-14,next_open,2026-07-15,2026-09-04,313.7099914550781,313.7099914550781,322.57000732421875,322.57000732421875,0.028242695835237086,-0.2639869590089454,38,0,USD,NGM,https://query1.finance.yahoo.com/v8/finance/chart/IESC?period1=1767225600&period2=1788566400&interval=1d&events=div%2Csplits
IESC,2026-07-14,report_close,2026-07-14,2026-09-04,308.07501220703125,308.07501220703125,322.57000732421875,322.57000732421875,0.0470502135611266,-0.26398695900894553,39,0,USD,NGM,https://query1.finance.yahoo.com/v8/finance/chart/IESC?period1=1767225600&period2=1788566400&interval=1d&events=div%2Csplits
IESC,2026-07-15,next_open,2026-07-16,2026-09-04,303.489990234375,303.489990234375,322.57000732421875,322.57000732421875,0.06286868662491596,-0.2639869590089454,37,0,USD,NGM,https://query1.finance.yahoo.com/v8/finance/chart/IESC?period1=1767225600&period2=1788566400&interval=1d&events=div%2Csplits
IESC,2026-07-15,report_close,2026-07-15,2026-09-04,312.9549865722656,312.9549865722656,322.57000732421875,322.57000732421875,0.030723334551286507,-0.26398695900894553,38,0,USD,NGM,https://query1.finance.yahoo.com/v8/finance/chart/IESC?period1=1767225600&period2=1788566400&interval=1d&events=div%2Csplits
IESC,2026-07-18,next_open,2026-07-20,2026-09-04,312.4949951171875,312.4949951171875,322.57000732421875,322.57000732421875,0.032240555415145256,-0.2639869590089453,35,0,USD,NGM,https://query1.finance.yahoo.com/v8/finance/chart/IESC?period1=1767225600&period2=1788566400&interval=1d&events=div%2Csplits
IESC,2026-07-18,report_close,2026-07-17,2026-09-04,306.510009765625,306.510009765625,322.57000732421875,322.57000732421875,0.052396323274643164,-0.2639869590089454,36,0,USD,NGM,https://query1.finance.yahoo.com/v8/finance/chart/IESC?period1=1767225600&period2=1788566400&interval=1d&events=div%2Csplits
IFNNY,2026-07-12,next_open,2026-07-13,2026-09-04,80.55000305175781,80.55000305175781,66.2300033569336,66.2300033569336,-0.1777777672537496,-0.23554841786654201,40,0,USD,OQX,https://query1.finance.yahoo.com/v8/finance/chart/IFNNY?period1=1767225600&period2=1788566400&interval=1d&events=div%2Csplits
IFNNY,2026-07-12,report_close,2026-07-10,2026-09-04,83.0999984741211,83.0999984741211,66.2300033569336,66.2300033569336,-0.2030083685553994,-0.25523465070914353,41,0,USD,OQX,https://query1.finance.yahoo.com/v8/finance/chart/IFNNY?period1=1767225600&period2=1788566400&interval=1d&events=div%2Csplits
IFNNY,2026-07-13,next_open,2026-07-14,2026-09-04,82.16000366210938,82.16000366210938,66.2300033569336,66.2300033569336,-0.19388996586087537,-0.2467137703136335,39,0,USD,OQX,https://query1.finance.yahoo.com/v8/finance/chart/IFNNY?period1=1767225600&period2=1788566400&interval=1d&events=div%2Csplits
IFNNY,2026-07-13,report_close,2026-07-13,2026-09-04,79.01000213623047,79.01000213623047,66.2300033569336,66.2300033569336,-0.16175165717957296,-0.23554841786654201,40,0,USD,OQX,https://query1.finance.yahoo.com/v8/finance/chart/IFNNY?period1=1767225600&period2=1788566400&interval=1d&events=div%2Csplits
IFNNY,2026-07-14,next_open,2026-07-15,2026-09-04,79.25,79.25,66.2300033569336,66.2300033569336,-0.1642901784614058,-0.22307310388580004,38,0,USD,OQX,https://query1.finance.yahoo.com/v8/finance/chart/IFNNY?period1=1767225600&period2=1788566400&interval=1d&events=div%2Csplits
IFNNY,2026-07-14,report_close,2026-07-14,2026-09-04,80.95999908447266,80.95999908447266,66.2300033569336,66.2300033569336,-0.18194164888971864,-0.2355484178665419,39,0,USD,OQX,https://query1.finance.yahoo.com/v8/finance/chart/IFNNY?period1=1767225600&period2=1788566400&interval=1d&events=div%2Csplits
IFNNY,2026-07-15,next_open,2026-07-16,2026-09-04,73.7300033569336,73.7300033569336,66.2300033569336,66.2300033569336,-0.10172249638579056,-0.22307310388579993,37,0,USD,OQX,https://query1.finance.yahoo.com/v8/finance/chart/IFNNY?period1=1767225600&period2=1788566400&interval=1d&events=div%2Csplits
IFNNY,2026-07-15,report_close,2026-07-15,2026-09-04,77.45999908447266,77.45999908447266,66.2300033569336,66.2300033569336,-0.1449779997452929,-0.22307310388580004,38,0,USD,OQX,https://query1.finance.yahoo.com/v8/finance/chart/IFNNY?period1=1767225600&period2=1788566400&interval=1d&events=div%2Csplits
IFNNY,2026-07-18,next_open,2026-07-20,2026-09-04,73.05000305175781,73.05000305175781,66.2300033569336,66.2300033569336,-0.09336070376331229,-0.22307310388580004,35,0,USD,OQX,https://query1.finance.yahoo.com/v8/finance/chart/IFNNY?period1=1767225600&period2=1788566400&interval=1d&events=div%2Csplits
IFNNY,2026-07-18,report_close,2026-07-17,2026-09-04,73.0999984741211,73.0999984741211,66.2300033569336,66.2300033569336,-0.09398078331861548,-0.22307310388580015,36,0,USD,OQX,https://query1.finance.yahoo.com/v8/finance/chart/IFNNY?period1=1767225600&period2=1788566400&interval=1d&events=div%2Csplits
IMOS,2026-07-12,next_open,2026-07-13,2026-09-04,72.62999725341797,72.62999725341797,57.61000061035156,57.61000061035156,-0.20680155873693862,-0.37160951238366435,40,0,USD,NMS,https://query1.finance.yahoo.com/v8/finance/chart/IMOS?period1=1767225600&period2=1788566400&interval=1d&events=div%2Csplits
IMOS,2026-07-12,report_close,2026-07-10,2026-09-04,75.79000091552734,75.79000091552734,57.61000061035156,57.61000061035156,-0.2398733353419341,-0.39780975275990504,41,0,USD,NMS,https://query1.finance.yahoo.com/v8/finance/chart/IMOS?period1=1767225600&period2=1788566400&interval=1d&events=div%2Csplits
IMOS,2026-07-13,next_open,2026-07-14,2026-09-04,67.0,67.0,57.61000061035156,57.61000061035156,-0.14014924462161849,-0.3583579199779131,39,0,USD,NMS,https://query1.finance.yahoo.com/v8/finance/chart/IMOS?period1=1767225600&period2=1788566400&interval=1d&events=div%2Csplits
IMOS,2026-07-13,report_close,2026-07-13,2026-09-04,69.13999938964844,69.13999938964844,57.61000061035156,57.61000061035156,-0.166763073200477,-0.358357919977913,40,0,USD,NMS,https://query1.finance.yahoo.com/v8/finance/chart/IMOS?period1=1767225600&period2=1788566400&interval=1d&events=div%2Csplits
IMOS,2026-07-14,next_open,2026-07-15,2026-09-04,68.66999816894531,68.66999816894531,57.61000061035156,57.61000061035156,-0.16106011145338028,-0.3583579199779131,38,0,USD,NMS,https://query1.finance.yahoo.com/v8/finance/chart/IMOS?period1=1767225600&period2=1788566400&interval=1d&events=div%2Csplits
IMOS,2026-07-14,report_close,2026-07-14,2026-09-04,64.47000122070312,64.47000122070312,57.61000061035156,57.61000061035156,-0.10640608779992744,-0.358357919977913,39,0,USD,NMS,https://query1.finance.yahoo.com/v8/finance/chart/IMOS?period1=1767225600&period2=1788566400&interval=1d&events=div%2Csplits
IMOS,2026-07-15,next_open,2026-07-16,2026-09-04,68.63999938964844,68.63999938964844,57.61000061035156,57.61000061035156,-0.16069345683823388,-0.358357919977913,37,0,USD,NMS,https://query1.finance.yahoo.com/v8/finance/chart/IMOS?period1=1767225600&period2=1788566400&interval=1d&events=div%2Csplits
IMOS,2026-07-15,report_close,2026-07-15,2026-09-04,68.63999938964844,68.63999938964844,57.61000061035156,57.61000061035156,-0.16069345683823388,-0.358357919977913,38,0,USD,NMS,https://query1.finance.yahoo.com/v8/finance/chart/IMOS?period1=1767225600&period2=1788566400&interval=1d&events=div%2Csplits
IMOS,2026-07-18,next_open,2026-07-20,2026-09-04,66.62000274658203,66.62000274658203,57.61000061035156,57.61000061035156,-0.13524469775997916,-0.3149204817168817,35,0,USD,NMS,https://query1.finance.yahoo.com/v8/finance/chart/IMOS?period1=1767225600&period2=1788566400&interval=1d&events=div%2Csplits
IMOS,2026-07-18,report_close,2026-07-17,2026-09-04,68.80999755859375,68.80999755859375,57.61000061035156,57.61000061035156,-0.16276700109900544,-0.3367242986633646,36,0,USD,NMS,https://query1.finance.yahoo.com/v8/finance/chart/IMOS?period1=1767225600&period2=1788566400&interval=1d&events=div%2Csplits
INTC,2026-07-12,next_open,2026-07-13,2026-09-04,105.9800033569336,105.9800033569336,95.8000030517578,95.8000030517578,-0.09605585943312567,-0.2401633664603583,40,0,USD,NMS,https://query1.finance.yahoo.com/v8/finance/chart/INTC?period1=1767225600&period2=1788566400&interval=1d&events=div%2Csplits
INTC,2026-07-12,report_close,2026-07-10,2026-09-04,109.83999633789062,109.83999633789062,95.8000030517578,95.8000030517578,-0.12782223010043525,-0.2545520758983084,41,0,USD,NMS,https://query1.finance.yahoo.com/v8/finance/chart/INTC?period1=1767225600&period2=1788566400&interval=1d&events=div%2Csplits
INTC,2026-07-13,next_open,2026-07-14,2026-09-04,107.9800033569336,107.9800033569336,95.8000030517578,95.8000030517578,-0.11279866573919395,-0.2417114770522898,39,0,USD,NMS,https://query1.finance.yahoo.com/v8/finance/chart/INTC?period1=1767225600&period2=1788566400&interval=1d&events=div%2Csplits
INTC,2026-07-13,report_close,2026-07-13,2026-09-04,103.12000274658205,103.12000274658205,95.8000030517578,95.8000030517578,-0.07098525504128606,-0.2401633664603583,40,0,USD,NMS,https://query1.finance.yahoo.com/v8/finance/chart/INTC?period1=1767225600&period2=1788566400&interval=1d&events=div%2Csplits
INTC,2026-07-14,next_open,2026-07-15,2026-09-04,109.3000030517578,109.3000030517578,95.8000030517578,95.8000030517578,-0.12351326279110186,-0.25086921347436186,38,0,USD,NMS,https://query1.finance.yahoo.com/v8/finance/chart/INTC?period1=1767225600&period2=1788566400&interval=1d&events=div%2Csplits
INTC,2026-07-14,report_close,2026-07-14,2026-09-04,107.76000213623048,107.76000213623048,95.8000030517578,95.8000030517578,-0.11098736866534975,-0.2401633664603583,39,0,USD,NMS,https://query1.finance.yahoo.com/v8/finance/chart/INTC?period1=1767225600&period2=1788566400&interval=1d&events=div%2Csplits
INTC,2026-07-15,next_open,2026-07-16,2026-09-04,101.13999938964844,101.13999938964844,95.8000030517578,95.8000030517578,-0.05279806575159207,-0.2235182586718618,37,0,USD,NMS,https://query1.finance.yahoo.com/v8/finance/chart/INTC?period1=1767225600&period2=1788566400&interval=1d&events=div%2Csplits
INTC,2026-07-15,report_close,2026-07-15,2026-09-04,102.98999786376952,102.98999786376952,95.8000030517578,95.8000030517578,-0.069812554239707,-0.2235182586718617,38,0,USD,NMS,https://query1.finance.yahoo.com/v8/finance/chart/INTC?period1=1767225600&period2=1788566400&interval=1d&events=div%2Csplits
INTC,2026-07-18,next_open,2026-07-20,2026-09-04,97.58000183105467,97.58000183105467,95.8000030517578,95.8000030517578,-0.018241430066569198,-0.2235182586718618,35,0,USD,NMS,https://query1.finance.yahoo.com/v8/finance/chart/INTC?period1=1767225600&period2=1788566400&interval=1d&events=div%2Csplits
INTC,2026-07-18,report_close,2026-07-17,2026-09-04,95.04000091552734,95.04000091552734,95.8000030517578,95.8000030517578,0.007996655396772967,-0.2235182586718618,36,0,USD,NMS,https://query1.finance.yahoo.com/v8/finance/chart/INTC?period1=1767225600&period2=1788566400&interval=1d&events=div%2Csplits
IREN,2026-07-12,next_open,2026-07-13,2026-09-04,40.34000015258789,40.34000015258789,44.68000030517578,44.68000030517578,0.10758552642963903,-0.29014292041538337,40,0,USD,NMS,https://query1.finance.yahoo.com/v8/finance/chart/IREN?period1=1767225600&period2=1788566400&interval=1d&events=div%2Csplits
IREN,2026-07-12,report_close,2026-07-10,2026-09-04,41.13999938964844,41.13999938964844,44.68000030517578,44.68000030517578,0.086047665727921,-0.29014292041538337,41,0,USD,NMS,https://query1.finance.yahoo.com/v8/finance/chart/IREN?period1=1767225600&period2=1788566400&interval=1d&events=div%2Csplits
IREN,2026-07-13,next_open,2026-07-14,2026-09-04,40.04999923706055,40.04999923706055,44.68000030517578,44.68000030517578,0.11560552200537444,-0.2901429204153835,39,0,USD,NMS,https://query1.finance.yahoo.com/v8/finance/chart/IREN?period1=1767225600&period2=1788566400&interval=1d&events=div%2Csplits
IREN,2026-07-13,report_close,2026-07-13,2026-09-04,38.97999954223633,38.97999954223633,44.68000030517578,44.68000030517578,0.1462288565899874,-0.2901429204153836,40,0,USD,NMS,https://query1.finance.yahoo.com/v8/finance/chart/IREN?period1=1767225600&period2=1788566400&interval=1d&events=div%2Csplits
IREN,2026-07-14,next_open,2026-07-15,2026-09-04,39.1150016784668,39.1150016784668,44.68000030517578,44.68000030517578,0.14227274416231395,-0.2901429204153835,38,0,USD,NMS,https://query1.finance.yahoo.com/v8/finance/chart/IREN?period1=1767225600&period2=1788566400&interval=1d&events=div%2Csplits
IREN,2026-07-14,report_close,2026-07-14,2026-09-04,38.59000015258789,38.59000015258789,44.68000030517578,44.68000030517578,0.15781290822771576,-0.2901429204153835,39,0,USD,NMS,https://query1.finance.yahoo.com/v8/finance/chart/IREN?period1=1767225600&period2=1788566400&interval=1d&events=div%2Csplits
IREN,2026-07-15,next_open,2026-07-16,2026-09-04,37.09000015258789,37.09000015258789,44.68000030517578,44.68000030517578,0.20463737183506892,-0.2901429204153835,37,0,USD,NMS,https://query1.finance.yahoo.com/v8/finance/chart/IREN?period1=1767225600&period2=1788566400&interval=1d&events=div%2Csplits
IREN,2026-07-15,report_close,2026-07-15,2026-09-04,38.27999877929688,38.27999877929688,44.68000030517578,44.68000030517578,0.16718917789883103,-0.2901429204153835,38,0,USD,NMS,https://query1.finance.yahoo.com/v8/finance/chart/IREN?period1=1767225600&period2=1788566400&interval=1d&events=div%2Csplits
IREN,2026-07-18,next_open,2026-07-20,2026-09-04,36.391998291015625,36.391998291015625,44.68000030517578,44.68000030517578,0.2277424269995716,-0.2901429204153835,35,0,USD,NMS,https://query1.finance.yahoo.com/v8/finance/chart/IREN?period1=1767225600&period2=1788566400&interval=1d&events=div%2Csplits
IREN,2026-07-18,report_close,2026-07-17,2026-09-04,33.619998931884766,33.619998931884766,44.68000030517578,44.68000030517578,0.32897090198304135,-0.29014292041538337,36,0,USD,NMS,https://query1.finance.yahoo.com/v8/finance/chart/IREN?period1=1767225600&period2=1788566400&interval=1d&events=div%2Csplits
JBL,2026-07-12,next_open,2026-07-13,2026-09-04,325.3399963378906,325.269716631175,310.57000732421875,310.57000732421875,-0.045192369763780826,-0.1921248362465885,40,0,USD,NYQ,https://query1.finance.yahoo.com/v8/finance/chart/JBL?period1=1767225600&period2=1788566400&interval=1d&events=div%2Csplits
JBL,2026-07-12,report_close,2026-07-10,2026-09-04,330.2900085449219,330.2186584472656,310.57000732421875,310.57000732421875,-0.05950194097280148,-0.19212483624658838,41,0,USD,NYQ,https://query1.finance.yahoo.com/v8/finance/chart/JBL?period1=1767225600&period2=1788566400&interval=1d&events=div%2Csplits
JBL,2026-07-13,next_open,2026-07-14,2026-09-04,329.9200134277344,329.84875672477773,310.57000732421875,310.57000732421875,-0.05844723985618949,-0.19212483624658838,39,0,USD,NYQ,https://query1.finance.yahoo.com/v8/finance/chart/JBL?period1=1767225600&period2=1788566400&interval=1d&events=div%2Csplits
JBL,2026-07-13,report_close,2026-07-13,2026-09-04,321.9599914550781,321.89044189453125,310.57000732421875,310.57000732421875,-0.03516859495325331,-0.19212483624658838,40,0,USD,NYQ,https://query1.finance.yahoo.com/v8/finance/chart/JBL?period1=1767225600&period2=1788566400&interval=1d&events=div%2Csplits
JBL,2026-07-14,next_open,2026-07-15,2026-09-04,330.0,329.92872379382516,310.57000732421875,310.57000732421875,-0.05867545040335376,-0.1921248362465885,38,0,USD,NYQ,https://query1.finance.yahoo.com/v8/finance/chart/JBL?period1=1767225600&period2=1788566400&interval=1d&events=div%2Csplits
JBL,2026-07-14,report_close,2026-07-14,2026-09-04,326.82000732421875,326.7494201660156,310.57000732421875,310.57000732421875,-0.04951627101151823,-0.1921248362465885,39,0,USD,NYQ,https://query1.finance.yahoo.com/v8/finance/chart/JBL?period1=1767225600&period2=1788566400&interval=1d&events=div%2Csplits
JBL,2026-07-15,next_open,2026-07-16,2026-09-04,313.75,313.6822404857927,310.57000732421875,310.57000732421875,-0.00992161098044353,-0.1921248362465885,37,0,USD,NYQ,https://query1.finance.yahoo.com/v8/finance/chart/JBL?period1=1767225600&period2=1788566400&interval=1d&events=div%2Csplits
JBL,2026-07-15,report_close,2026-07-15,2026-09-04,319.17999267578125,319.1110534667969,310.57000732421875,310.57000732421875,-0.026765121576920903,-0.1921248362465885,38,0,USD,NYQ,https://query1.finance.yahoo.com/v8/finance/chart/JBL?period1=1767225600&period2=1788566400&interval=1d&events=div%2Csplits
JBL,2026-07-18,next_open,2026-07-20,2026-09-04,304.0,303.93434196666243,310.57000732421875,310.57000732421875,0.021832561975784204,-0.1921248362465885,35,0,USD,NYQ,https://query1.finance.yahoo.com/v8/finance/chart/JBL?period1=1767225600&period2=1788566400&interval=1d&events=div%2Csplits
JBL,2026-07-18,report_close,2026-07-17,2026-09-04,301.010009765625,300.9449768066406,310.57000732421875,310.57000732421875,0.03198269205125248,-0.19212483624658838,36,0,USD,NYQ,https://query1.finance.yahoo.com/v8/finance/chart/JBL?period1=1767225600&period2=1788566400&interval=1d&events=div%2Csplits
JCI,2026-07-12,next_open,2026-07-13,2026-09-04,141.39999389648438,141.39999389648438,144.94000244140625,144.94000244140625,0.025035422190424095,-0.10674586198012659,40,0,USD,NYQ,https://query1.finance.yahoo.com/v8/finance/chart/JCI?period1=1767225600&period2=1788566400&interval=1d&events=div%2Csplits
JCI,2026-07-12,report_close,2026-07-10,2026-09-04,142.80999755859375,142.80999755859375,144.94000244140625,144.94000244140625,0.01491495637018403,-0.1067458619801267,41,0,USD,NYQ,https://query1.finance.yahoo.com/v8/finance/chart/JCI?period1=1767225600&period2=1788566400&interval=1d&events=div%2Csplits
JCI,2026-07-13,next_open,2026-07-14,2026-09-04,145.69000244140625,145.69000244140625,144.94000244140625,144.94000244140625,-0.005147916723397872,-0.10674586198012681,39,0,USD,NYQ,https://query1.finance.yahoo.com/v8/finance/chart/JCI?period1=1767225600&period2=1788566400&interval=1d&events=div%2Csplits
JCI,2026-07-13,report_close,2026-07-13,2026-09-04,143.92999267578125,143.92999267578125,144.94000244140625,144.94000244140625,0.007017368283344316,-0.1067458619801267,40,0,USD,NYQ,https://query1.finance.yahoo.com/v8/finance/chart/JCI?period1=1767225600&period2=1788566400&interval=1d&events=div%2Csplits
JCI,2026-07-14,next_open,2026-07-15,2026-09-04,145.83999633789062,145.83999633789062,144.94000244140625,144.94000244140625,-0.006171104766069857,-0.10674586198012681,38,0,USD,NYQ,https://query1.finance.yahoo.com/v8/finance/chart/JCI?period1=1767225600&period2=1788566400&interval=1d&events=div%2Csplits
JCI,2026-07-14,report_close,2026-07-14,2026-09-04,145.24000549316406,145.24000549316406,144.94000244140625,144.94000244140625,-0.002065567615059938,-0.1067458619801267,39,0,USD,NYQ,https://query1.finance.yahoo.com/v8/finance/chart/JCI?period1=1767225600&period2=1788566400&interval=1d&events=div%2Csplits
JCI,2026-07-15,next_open,2026-07-16,2026-09-04,140.32000732421875,140.32000732421875,144.94000244140625,144.94000244140625,0.03292470692730709,-0.1067458619801267,37,0,USD,NYQ,https://query1.finance.yahoo.com/v8/finance/chart/JCI?period1=1767225600&period2=1788566400&interval=1d&events=div%2Csplits
JCI,2026-07-15,report_close,2026-07-15,2026-09-04,142.75999450683594,142.75999450683594,144.94000244140625,144.94000244140625,0.015270440028392729,-0.10674586198012681,38,0,USD,NYQ,https://query1.finance.yahoo.com/v8/finance/chart/JCI?period1=1767225600&period2=1788566400&interval=1d&events=div%2Csplits
JCI,2026-07-18,next_open,2026-07-20,2026-09-04,142.8300018310547,142.8300018310547,144.94000244140625,144.94000244140625,0.014772810917186519,-0.1067458619801267,35,0,USD,NYQ,https://query1.finance.yahoo.com/v8/finance/chart/JCI?period1=1767225600&period2=1788566400&interval=1d&events=div%2Csplits
JCI,2026-07-18,report_close,2026-07-17,2026-09-04,140.4600067138672,140.4600067138672,144.94000244140625,144.94000244140625,0.03189516953865246,-0.1067458619801267,36,0,USD,NYQ,https://query1.finance.yahoo.com/v8/finance/chart/JCI?period1=1767225600&period2=1788566400&interval=1d&events=div%2Csplits
KEYS,2026-07-12,next_open,2026-07-13,2026-09-04,325.760009765625,325.760009765625,327.2099914550781,327.2099914550781,0.0044510733238751765,-0.13980338110942025,40,0,USD,NYQ,https://query1.finance.yahoo.com/v8/finance/chart/KEYS?period1=1767225600&period2=1788566400&interval=1d&events=div%2Csplits
KEYS,2026-07-12,report_close,2026-07-10,2026-09-04,322.04998779296875,322.04998779296875,327.2099914550781,327.2099914550781,0.01602236875545704,-0.13980338110942025,41,0,USD,NYQ,https://query1.finance.yahoo.com/v8/finance/chart/KEYS?period1=1767225600&period2=1788566400&interval=1d&events=div%2Csplits
KEYS,2026-07-13,next_open,2026-07-14,2026-09-04,328.19000244140625,328.19000244140625,327.2099914550781,327.2099914550781,-0.0029861085926987663,-0.13980338110942037,39,0,USD,NYQ,https://query1.finance.yahoo.com/v8/finance/chart/KEYS?period1=1767225600&period2=1788566400&interval=1d&events=div%2Csplits
KEYS,2026-07-13,report_close,2026-07-13,2026-09-04,320.8299865722656,320.8299865722656,327.2099914550781,327.2099914550781,0.019885936944286975,-0.13980338110942025,40,0,USD,NYQ,https://query1.finance.yahoo.com/v8/finance/chart/KEYS?period1=1767225600&period2=1788566400&interval=1d&events=div%2Csplits
KEYS,2026-07-14,next_open,2026-07-15,2026-09-04,330.6499938964844,330.6499938964844,327.2099914550781,327.2099914550781,-0.010403757764723243,-0.13980338110942014,38,0,USD,NYQ,https://query1.finance.yahoo.com/v8/finance/chart/KEYS?period1=1767225600&period2=1788566400&interval=1d&events=div%2Csplits
KEYS,2026-07-14,report_close,2026-07-14,2026-09-04,325.7300109863281,325.7300109863281,327.2099914550781,327.2099914550781,0.0045435803236812955,-0.13980338110942025,39,0,USD,NYQ,https://query1.finance.yahoo.com/v8/finance/chart/KEYS?period1=1767225600&period2=1788566400&interval=1d&events=div%2Csplits
KEYS,2026-07-15,next_open,2026-07-16,2026-09-04,316.30499267578125,316.30499267578125,327.2099914550781,327.2099914550781,0.03447621451386551,-0.13980338110942025,37,0,USD,NYQ,https://query1.finance.yahoo.com/v8/finance/chart/KEYS?period1=1767225600&period2=1788566400&interval=1d&events=div%2Csplits
KEYS,2026-07-15,report_close,2026-07-15,2026-09-04,322.7099914550781,322.7099914550781,327.2099914550781,327.2099914550781,0.013944408661503704,-0.13980338110942025,38,0,USD,NYQ,https://query1.finance.yahoo.com/v8/finance/chart/KEYS?period1=1767225600&period2=1788566400&interval=1d&events=div%2Csplits
KEYS,2026-07-18,next_open,2026-07-20,2026-09-04,318.42999267578125,318.42999267578125,327.2099914550781,327.2099914550781,0.027572775747404243,-0.13980338110942025,35,0,USD,NYQ,https://query1.finance.yahoo.com/v8/finance/chart/KEYS?period1=1767225600&period2=1788566400&interval=1d&events=div%2Csplits
KEYS,2026-07-18,report_close,2026-07-17,2026-09-04,315.8999938964844,315.8999938964844,327.2099914550781,327.2099914550781,0.03580246209912841,-0.13980338110942025,36,0,USD,NYQ,https://query1.finance.yahoo.com/v8/finance/chart/KEYS?period1=1767225600&period2=1788566400&interval=1d&events=div%2Csplits
KLAC,2026-07-12,next_open,2026-07-13,2026-09-04,221.5500030517578,221.29987780609417,185.6000061035156,185.6000061035156,-0.1613189851548823,-0.2612318849469212,40,0,USD,NMS,https://query1.finance.yahoo.com/v8/finance/chart/KLAC?period1=1767225600&period2=1788566400&interval=1d&events=div%2Csplits
KLAC,2026-07-12,report_close,2026-07-10,2026-09-04,231.5200042724609,231.2586212158203,185.6000061035156,185.6000061035156,-0.19743529937287907,-0.2649015077760839,41,0,USD,NMS,https://query1.finance.yahoo.com/v8/finance/chart/KLAC?period1=1767225600&period2=1788566400&interval=1d&events=div%2Csplits
KLAC,2026-07-13,next_open,2026-07-14,2026-09-04,237.3999938964844,237.13197101909907,185.6000061035156,185.6000061035156,-0.21731344235920425,-0.2831086291783098,39,0,USD,NMS,https://query1.finance.yahoo.com/v8/finance/chart/KLAC?period1=1767225600&period2=1788566400&interval=1d&events=div%2Csplits
KLAC,2026-07-13,report_close,2026-07-13,2026-09-04,222.25,221.99908447265625,185.6000061035156,185.6000061035156,-0.16396048864617707,-0.2612318849469212,40,0,USD,NMS,https://query1.finance.yahoo.com/v8/finance/chart/KLAC?period1=1767225600&period2=1788566400&interval=1d&events=div%2Csplits
KLAC,2026-07-14,next_open,2026-07-15,2026-09-04,235.9600067138672,235.69362049321862,185.6000061035156,185.6000061035156,-0.21253699733100884,-0.2787337077100802,38,0,USD,NMS,https://query1.finance.yahoo.com/v8/finance/chart/KLAC?period1=1767225600&period2=1788566400&interval=1d&events=div%2Csplits
KLAC,2026-07-14,report_close,2026-07-14,2026-09-04,230.3699951171875,230.1099090576172,185.6000061035156,185.6000061035156,-0.19342888420748872,-0.2612318849469212,39,0,USD,NMS,https://query1.finance.yahoo.com/v8/finance/chart/KLAC?period1=1767225600&period2=1788566400&interval=1d&events=div%2Csplits
KLAC,2026-07-15,next_open,2026-07-16,2026-09-04,217.75999450683597,217.51414676789125,185.6000061035156,185.6000061035156,-0.14672213802457246,-0.22418740256626546,37,0,USD,NMS,https://query1.finance.yahoo.com/v8/finance/chart/KLAC?period1=1767225600&period2=1788566400&interval=1d&events=div%2Csplits
KLAC,2026-07-15,report_close,2026-07-15,2026-09-04,224.5,224.24655151367188,185.6000061035156,185.6000061035156,-0.17233953052696138,-0.2419153711749863,38,0,USD,NMS,https://query1.finance.yahoo.com/v8/finance/chart/KLAC?period1=1767225600&period2=1788566400&interval=1d&events=div%2Csplits
KLAC,2026-07-18,next_open,2026-07-20,2026-09-04,217.4499969482422,217.20450156511907,185.6000061035156,185.6000061035156,-0.14550571113337762,-0.2219174263013195,35,0,USD,NMS,https://query1.finance.yahoo.com/v8/finance/chart/KLAC?period1=1767225600&period2=1788566400&interval=1d&events=div%2Csplits
KLAC,2026-07-18,report_close,2026-07-17,2026-09-04,212.75,212.5098114013672,185.6000061035156,185.6000061035156,-0.12662853126826723,-0.2219174263013196,36,0,USD,NMS,https://query1.finance.yahoo.com/v8/finance/chart/KLAC?period1=1767225600&period2=1788566400&interval=1d&events=div%2Csplits
KLIC,2026-07-12,next_open,2026-07-13,2026-09-04,110.23999786376952,110.23999786376952,81.62000274658203,81.62000274658203,-0.25961534535364383,-0.2920899634634766,40,0,USD,NMS,https://query1.finance.yahoo.com/v8/finance/chart/KLIC?period1=1767225600&period2=1788566400&interval=1d&events=div%2Csplits
KLIC,2026-07-12,report_close,2026-07-10,2026-09-04,113.41000366210938,113.41000366210938,81.62000274658203,81.62000274658203,-0.28031037729477193,-0.31187727364829687,41,0,USD,NMS,https://query1.finance.yahoo.com/v8/finance/chart/KLIC?period1=1767225600&period2=1788566400&interval=1d&events=div%2Csplits
KLIC,2026-07-13,next_open,2026-07-14,2026-09-04,112.62000274658205,112.62000274658205,81.62000274658203,81.62000274658203,-0.27526193610344984,-0.3070502662734501,39,0,USD,NMS,https://query1.finance.yahoo.com/v8/finance/chart/KLIC?period1=1767225600&period2=1788566400&interval=1d&events=div%2Csplits
KLIC,2026-07-13,report_close,2026-07-13,2026-09-04,106.48999786376952,106.48999786376952,81.62000274658203,81.62000274658203,-0.23354301451863269,-0.29112541092284827,40,0,USD,NMS,https://query1.finance.yahoo.com/v8/finance/chart/KLIC?period1=1767225600&period2=1788566400&interval=1d&events=div%2Csplits
KLIC,2026-07-14,next_open,2026-07-15,2026-09-04,113.08000183105467,113.08000183105467,81.62000274658203,81.62000274658203,-0.27821010413030356,-0.3098691222863462,38,0,USD,NMS,https://query1.finance.yahoo.com/v8/finance/chart/KLIC?period1=1767225600&period2=1788566400&interval=1d&events=div%2Csplits
KLIC,2026-07-14,report_close,2026-07-14,2026-09-04,110.08999633789062,110.08999633789062,81.62000274658203,81.62000274658203,-0.2586065449936783,-0.2911254109228484,39,0,USD,NMS,https://query1.finance.yahoo.com/v8/finance/chart/KLIC?period1=1767225600&period2=1788566400&interval=1d&events=div%2Csplits
KLIC,2026-07-15,next_open,2026-07-16,2026-09-04,102.83999633789062,102.83999633789062,81.62000274658203,81.62000274658203,-0.20633989057708912,-0.2810023930600205,37,0,USD,NMS,https://query1.finance.yahoo.com/v8/finance/chart/KLIC?period1=1767225600&period2=1788566400&interval=1d&events=div%2Csplits
KLIC,2026-07-15,report_close,2026-07-15,2026-09-04,107.41999816894533,107.41999816894533,81.62000274658203,81.62000274658203,-0.24017869914488577,-0.2810023930600206,38,0,USD,NMS,https://query1.finance.yahoo.com/v8/finance/chart/KLIC?period1=1767225600&period2=1788566400&interval=1d&events=div%2Csplits
KLIC,2026-07-18,next_open,2026-07-20,2026-09-04,99.43000030517578,99.43000030517578,81.62000274658203,81.62000274658203,-0.17912096453716553,-0.2810023930600205,35,0,USD,NMS,https://query1.finance.yahoo.com/v8/finance/chart/KLIC?period1=1767225600&period2=1788566400&interval=1d&events=div%2Csplits
KLIC,2026-07-18,report_close,2026-07-17,2026-09-04,97.22000122070312,97.22000122070312,81.62000274658203,81.62000274658203,-0.16046079282293868,-0.2810023930600205,36,0,USD,NMS,https://query1.finance.yahoo.com/v8/finance/chart/KLIC?period1=1767225600&period2=1788566400&interval=1d&events=div%2Csplits
LFUS,2026-07-12,next_open,2026-07-13,2026-09-04,410.8900146484375,410.0976899094734,419.0700073242188,419.0700073242188,0.02187848806640691,-0.14340663122248232,40,0,USD,NMS,https://query1.finance.yahoo.com/v8/finance/chart/LFUS?period1=1767225600&period2=1788566400&interval=1d&events=div%2Csplits
LFUS,2026-07-12,report_close,2026-07-10,2026-09-04,415.1600036621094,414.35943603515625,419.0700073242188,419.0700073242188,0.011368321508823831,-0.14340663122248243,41,0,USD,NMS,https://query1.finance.yahoo.com/v8/finance/chart/LFUS?period1=1767225600&period2=1788566400&interval=1d&events=div%2Csplits
LFUS,2026-07-13,next_open,2026-07-14,2026-09-04,420.6600036621094,419.8488198756121,419.0700073242188,419.0700073242188,-0.0018549833047619702,-0.14340663122248232,39,0,USD,NMS,https://query1.finance.yahoo.com/v8/finance/chart/LFUS?period1=1767225600&period2=1788566400&interval=1d&events=div%2Csplits
LFUS,2026-07-13,report_close,2026-07-13,2026-09-04,407.2200012207031,406.4347534179688,419.0700073242188,419.0700073242188,0.03108802532261845,-0.14340663122248232,40,0,USD,NMS,https://query1.finance.yahoo.com/v8/finance/chart/LFUS?period1=1767225600&period2=1788566400&interval=1d&events=div%2Csplits
LFUS,2026-07-14,next_open,2026-07-15,2026-09-04,420.2099914550781,419.3996876107068,419.0700073242188,419.0700073242188,-0.0007860766143297226,-0.14340663122248232,38,0,USD,NMS,https://query1.finance.yahoo.com/v8/finance/chart/LFUS?period1=1767225600&period2=1788566400&interval=1d&events=div%2Csplits
LFUS,2026-07-14,report_close,2026-07-14,2026-09-04,416.30999755859375,415.5072021484375,419.0700073242188,419.0700073242188,0.008574593069288206,-0.1434066312224822,39,0,USD,NMS,https://query1.finance.yahoo.com/v8/finance/chart/LFUS?period1=1767225600&period2=1788566400&interval=1d&events=div%2Csplits
LFUS,2026-07-15,next_open,2026-07-16,2026-09-04,405.3200073242188,404.5384170407396,419.0700073242188,419.0700073242188,0.035921409862084364,-0.1434066312224822,37,0,USD,NMS,https://query1.finance.yahoo.com/v8/finance/chart/LFUS?period1=1767225600&period2=1788566400&interval=1d&events=div%2Csplits
LFUS,2026-07-15,report_close,2026-07-15,2026-09-04,415.4299926757813,414.62890625,419.0700073242188,419.0700073242188,0.010711026190588502,-0.1434066312224822,38,0,USD,NMS,https://query1.finance.yahoo.com/v8/finance/chart/LFUS?period1=1767225600&period2=1788566400&interval=1d&events=div%2Csplits
LFUS,2026-07-18,next_open,2026-07-20,2026-09-04,401.6600036621094,400.88547874494594,419.0700073242188,419.0700073242188,0.04536090615255817,-0.1434066312224822,35,0,USD,NMS,https://query1.finance.yahoo.com/v8/finance/chart/LFUS?period1=1767225600&period2=1788566400&interval=1d&events=div%2Csplits
LFUS,2026-07-18,report_close,2026-07-17,2026-09-04,397.75,396.9830017089844,419.0700073242188,419.0700073242188,0.05563715705748451,-0.14340663122248243,36,0,USD,NMS,https://query1.finance.yahoo.com/v8/finance/chart/LFUS?period1=1767225600&period2=1788566400&interval=1d&events=div%2Csplits
LIN,2026-07-12,next_open,2026-07-13,2026-09-04,530.9199829101562,529.1773121569677,477.5700073242188,477.5700073242188,-0.09752365350357428,-0.10658854711287058,40,0,USD,NMS,https://query1.finance.yahoo.com/v8/finance/chart/LIN?period1=1767225600&period2=1788566400&interval=1d&events=div%2Csplits
LIN,2026-07-12,report_close,2026-07-10,2026-09-04,529.7899780273438,528.051025390625,477.5700073242188,477.5700073242188,-0.09559875019476183,-0.10468297843124286,41,0,USD,NMS,https://query1.finance.yahoo.com/v8/finance/chart/LIN?period1=1767225600&period2=1788566400&interval=1d&events=div%2Csplits
LIN,2026-07-13,next_open,2026-07-14,2026-09-04,524.4000244140625,522.6787702012291,477.5700073242188,477.5700073242188,-0.08630303247182514,-0.09548063123542039,39,0,USD,NMS,https://query1.finance.yahoo.com/v8/finance/chart/LIN?period1=1767225600&period2=1788566400&interval=1d&events=div%2Csplits
LIN,2026-07-13,report_close,2026-07-13,2026-09-04,524.0599975585938,522.33984375,477.5700073242188,477.5700073242188,-0.08571016927287811,-0.09489372303113242,40,0,USD,NMS,https://query1.finance.yahoo.com/v8/finance/chart/LIN?period1=1767225600&period2=1788566400&interval=1d&events=div%2Csplits
LIN,2026-07-14,next_open,2026-07-15,2026-09-04,518.6400146484375,516.9376548435043,477.5700073242188,477.5700073242188,-0.076155503764189,-0.08912310838955628,38,0,USD,NMS,https://query1.finance.yahoo.com/v8/finance/chart/LIN?period1=1767225600&period2=1788566400&interval=1d&events=div%2Csplits
LIN,2026-07-14,report_close,2026-07-14,2026-09-04,522.5399780273438,520.8248291015625,477.5700073242188,477.5700073242188,-0.08305061387330459,-0.0922608814472049,39,0,USD,NMS,https://query1.finance.yahoo.com/v8/finance/chart/LIN?period1=1767225600&period2=1788566400&interval=1d&events=div%2Csplits
LIN,2026-07-15,next_open,2026-07-16,2026-09-04,513.239990234375,511.55531886516474,477.5700073242188,477.5700073242188,-0.06643526181359816,-0.08912310838955617,37,0,USD,NMS,https://query1.finance.yahoo.com/v8/finance/chart/LIN?period1=1767225600&period2=1788566400&interval=1d&events=div%2Csplits
LIN,2026-07-15,report_close,2026-07-15,2026-09-04,514.1500244140625,512.46240234375,477.5700073242188,477.5700073242188,-0.06808771699143312,-0.0891231083895564,38,0,USD,NMS,https://query1.finance.yahoo.com/v8/finance/chart/LIN?period1=1767225600&period2=1788566400&interval=1d&events=div%2Csplits
LIN,2026-07-18,next_open,2026-07-20,2026-09-04,513.5800170898438,511.89426990703817,477.5700073242188,477.5700073242188,-0.06705342216284771,-0.07642437299616622,35,0,USD,NMS,https://query1.finance.yahoo.com/v8/finance/chart/LIN?period1=1767225600&period2=1788566400&interval=1d&events=div%2Csplits
LIN,2026-07-18,report_close,2026-07-17,2026-09-04,513.219970703125,511.535400390625,477.5700073242188,477.5700073242188,-0.06639891010567234,-0.07577643516355337,36,0,USD,NMS,https://query1.finance.yahoo.com/v8/finance/chart/LIN?period1=1767225600&period2=1788566400&interval=1d&events=div%2Csplits
LITE,2026-07-12,next_open,2026-07-13,2026-09-04,778.3800048828125,778.3800048828125,881.2550048828125,881.2550048828125,0.1321655224371907,-0.2808276692514813,40,0,USD,NMS,https://query1.finance.yahoo.com/v8/finance/chart/LITE?period1=1767225600&period2=1788566400&interval=1d&events=div%2Csplits
LITE,2026-07-12,report_close,2026-07-10,2026-09-04,802.010009765625,802.010009765625,881.2550048828125,881.2550048828125,0.09880798762143339,-0.2808276692514813,41,0,USD,NMS,https://query1.finance.yahoo.com/v8/finance/chart/LITE?period1=1767225600&period2=1788566400&interval=1d&events=div%2Csplits
LITE,2026-07-13,next_open,2026-07-14,2026-09-04,816.260009765625,816.260009765625,881.2550048828125,881.2550048828125,0.07962535753264421,-0.2808276692514813,39,0,USD,NMS,https://query1.finance.yahoo.com/v8/finance/chart/LITE?period1=1767225600&period2=1788566400&interval=1d&events=div%2Csplits
LITE,2026-07-13,report_close,2026-07-13,2026-09-04,768.1500244140625,768.1500244140625,881.2550048828125,881.2550048828125,0.1472433468384322,-0.2808276692514813,40,0,USD,NMS,https://query1.finance.yahoo.com/v8/finance/chart/LITE?period1=1767225600&period2=1788566400&interval=1d&events=div%2Csplits
LITE,2026-07-14,next_open,2026-07-15,2026-09-04,813.9500122070312,813.9500122070312,881.2550048828125,881.2550048828125,0.08268934414446805,-0.2808276692514813,38,0,USD,NMS,https://query1.finance.yahoo.com/v8/finance/chart/LITE?period1=1767225600&period2=1788566400&interval=1d&events=div%2Csplits
LITE,2026-07-14,report_close,2026-07-14,2026-09-04,814.7999877929688,814.7999877929688,881.2550048828125,881.2550048828125,0.08155991419421715,-0.2808276692514814,39,0,USD,NMS,https://query1.finance.yahoo.com/v8/finance/chart/LITE?period1=1767225600&period2=1788566400&interval=1d&events=div%2Csplits
LITE,2026-07-15,next_open,2026-07-16,2026-09-04,731.3900146484375,731.3900146484375,881.2550048828125,881.2550048828125,0.20490434273485625,-0.2808276692514813,37,0,USD,NMS,https://query1.finance.yahoo.com/v8/finance/chart/LITE?period1=1767225600&period2=1788566400&interval=1d&events=div%2Csplits
LITE,2026-07-15,report_close,2026-07-15,2026-09-04,752.0,752.0,881.2550048828125,881.2550048828125,0.17188165542927192,-0.2808276692514814,38,0,USD,NMS,https://query1.finance.yahoo.com/v8/finance/chart/LITE?period1=1767225600&period2=1788566400&interval=1d&events=div%2Csplits
LITE,2026-07-18,next_open,2026-07-20,2026-09-04,764.1300048828125,764.1300048828125,881.2550048828125,881.2550048828125,0.15327889135561734,-0.2808276692514813,35,0,USD,NMS,https://query1.finance.yahoo.com/v8/finance/chart/LITE?period1=1767225600&period2=1788566400&interval=1d&events=div%2Csplits
LITE,2026-07-18,report_close,2026-07-17,2026-09-04,732.8200073242188,732.8200073242188,881.2550048828125,881.2550048828125,0.20255314548599967,-0.2808276692514813,36,0,USD,NMS,https://query1.finance.yahoo.com/v8/finance/chart/LITE?period1=1767225600&period2=1788566400&interval=1d&events=div%2Csplits
LRCX,2026-07-12,next_open,2026-07-13,2026-09-04,335.0,335.0,307.6499938964844,307.6499938964844,-0.0816418092642257,-0.2708754647405588,40,0,USD,NMS,https://query1.finance.yahoo.com/v8/finance/chart/LRCX?period1=1767225600&period2=1788566400&interval=1d&events=div%2Csplits
LRCX,2026-07-12,report_close,2026-07-10,2026-09-04,350.3299865722656,350.3299865722656,307.6499938964844,307.6499938964844,-0.12182797451447192,-0.2796791146182368,41,0,USD,NMS,https://query1.finance.yahoo.com/v8/finance/chart/LRCX?period1=1767225600&period2=1788566400&interval=1d&events=div%2Csplits
LRCX,2026-07-13,next_open,2026-07-14,2026-09-04,354.6600036621094,354.6600036621094,307.6499938964844,307.6499938964844,-0.13254951017936667,-0.2884734576839013,39,0,USD,NMS,https://query1.finance.yahoo.com/v8/finance/chart/LRCX?period1=1767225600&period2=1788566400&interval=1d&events=div%2Csplits
LRCX,2026-07-13,report_close,2026-07-13,2026-09-04,329.9200134277344,329.9200134277344,307.6499938964844,307.6499938964844,-0.06750126886778884,-0.2708754647405588,40,0,USD,NMS,https://query1.finance.yahoo.com/v8/finance/chart/LRCX?period1=1767225600&period2=1788566400&interval=1d&events=div%2Csplits
LRCX,2026-07-14,next_open,2026-07-15,2026-09-04,357.25,357.25,307.6499938964844,307.6499938964844,-0.1388383655801697,-0.29363189334215367,38,0,USD,NMS,https://query1.finance.yahoo.com/v8/finance/chart/LRCX?period1=1767225600&period2=1788566400&interval=1d&events=div%2Csplits
LRCX,2026-07-14,report_close,2026-07-14,2026-09-04,346.1000061035156,346.1000061035156,307.6499938964844,307.6499938964844,-0.11109509254250394,-0.2708754647405588,39,0,USD,NMS,https://query1.finance.yahoo.com/v8/finance/chart/LRCX?period1=1767225600&period2=1788566400&interval=1d&events=div%2Csplits
LRCX,2026-07-15,next_open,2026-07-16,2026-09-04,324.989990234375,324.989990234375,307.6499938964844,307.6499938964844,-0.05335547819606823,-0.22351452756582801,37,0,USD,NMS,https://query1.finance.yahoo.com/v8/finance/chart/LRCX?period1=1767225600&period2=1788566400&interval=1d&events=div%2Csplits
LRCX,2026-07-15,report_close,2026-07-15,2026-09-04,335.42999267578125,335.42999267578125,307.6499938964844,307.6499938964844,-0.08281906623105217,-0.2476820450953795,38,0,USD,NMS,https://query1.finance.yahoo.com/v8/finance/chart/LRCX?period1=1767225600&period2=1788566400&interval=1d&events=div%2Csplits
LRCX,2026-07-18,next_open,2026-07-20,2026-09-04,321.1499938964844,321.1499938964844,307.6499938964844,307.6499938964844,-0.04203643237294108,-0.21630432887106965,35,0,USD,NMS,https://query1.finance.yahoo.com/v8/finance/chart/LRCX?period1=1767225600&period2=1788566400&interval=1d&events=div%2Csplits
LRCX,2026-07-18,report_close,2026-07-17,2026-09-04,313.29998779296875,313.29998779296875,307.6499938964844,307.6499938964844,-0.01803381460779996,-0.21630432887106954,36,0,USD,NMS,https://query1.finance.yahoo.com/v8/finance/chart/LRCX?period1=1767225600&period2=1788566400&interval=1d&events=div%2Csplits
LWLG,2026-07-12,next_open,2026-07-13,2026-09-04,6.590000152587891,6.590000152587891,5.349999904632568,5.349999904632568,-0.18816391794291154,-0.37731191066364334,40,0,USD,NCM,https://query1.finance.yahoo.com/v8/finance/chart/LWLG?period1=1767225600&period2=1788566400&interval=1d&events=div%2Csplits
LWLG,2026-07-12,report_close,2026-07-10,2026-09-04,6.829999923706055,6.829999923706055,5.349999904632568,5.349999904632568,-0.21669107402718935,-0.37731191066364334,41,0,USD,NCM,https://query1.finance.yahoo.com/v8/finance/chart/LWLG?period1=1767225600&period2=1788566400&interval=1d&events=div%2Csplits
LWLG,2026-07-13,next_open,2026-07-14,2026-09-04,6.71999979019165,6.71999979019165,5.349999904632568,5.349999904632568,-0.2038690369542423,-0.37731191066364334,39,0,USD,NCM,https://query1.finance.yahoo.com/v8/finance/chart/LWLG?period1=1767225600&period2=1788566400&interval=1d&events=div%2Csplits
LWLG,2026-07-13,report_close,2026-07-13,2026-09-04,6.46999979019165,6.46999979019165,5.349999904632568,5.349999904632568,-0.17310663398428117,-0.37731191066364334,40,0,USD,NCM,https://query1.finance.yahoo.com/v8/finance/chart/LWLG?period1=1767225600&period2=1788566400&interval=1d&events=div%2Csplits
LWLG,2026-07-14,next_open,2026-07-15,2026-09-04,6.889999866485596,6.889999866485596,5.349999904632568,5.349999904632568,-0.22351233551453464,-0.37731191066364334,38,0,USD,NCM,https://query1.finance.yahoo.com/v8/finance/chart/LWLG?period1=1767225600&period2=1788566400&interval=1d&events=div%2Csplits
LWLG,2026-07-14,report_close,2026-07-14,2026-09-04,6.869999885559082,6.869999885559082,5.349999904632568,5.349999904632568,-0.22125182041437774,-0.3773119106636432,39,0,USD,NCM,https://query1.finance.yahoo.com/v8/finance/chart/LWLG?period1=1767225600&period2=1788566400&interval=1d&events=div%2Csplits
LWLG,2026-07-15,next_open,2026-07-16,2026-09-04,6.480000019073486,6.480000019073486,5.349999904632568,5.349999904632568,-0.17438273319673325,-0.3773119106636432,37,0,USD,NCM,https://query1.finance.yahoo.com/v8/finance/chart/LWLG?period1=1767225600&period2=1788566400&interval=1d&events=div%2Csplits
LWLG,2026-07-15,report_close,2026-07-15,2026-09-04,6.75,6.75,5.349999904632568,5.349999904632568,-0.20740742153591585,-0.3773119106636432,38,0,USD,NCM,https://query1.finance.yahoo.com/v8/finance/chart/LWLG?period1=1767225600&period2=1788566400&interval=1d&events=div%2Csplits
LWLG,2026-07-18,next_open,2026-07-20,2026-09-04,6.239999771118164,6.239999771118164,5.349999904632568,5.349999904632568,-0.1426281889632368,-0.37731191066364334,35,0,USD,NCM,https://query1.finance.yahoo.com/v8/finance/chart/LWLG?period1=1767225600&period2=1788566400&interval=1d&events=div%2Csplits
LWLG,2026-07-18,report_close,2026-07-17,2026-09-04,6.230000019073486,6.230000019073486,5.349999904632568,5.349999904632568,-0.14125202435742368,-0.3773119106636432,36,0,USD,NCM,https://query1.finance.yahoo.com/v8/finance/chart/LWLG?period1=1767225600&period2=1788566400&interval=1d&events=div%2Csplits
MCHP,2026-07-12,next_open,2026-07-13,2026-09-04,87.0,86.47969560320266,74.16999816894531,74.16999816894531,-0.14234205322297033,-0.18069108158864455,40,0,USD,NMS,https://query1.finance.yahoo.com/v8/finance/chart/MCHP?period1=1767225600&period2=1788566400&interval=1d&events=div%2Csplits
MCHP,2026-07-12,report_close,2026-07-10,2026-09-04,88.58999633789062,88.0601806640625,74.16999816894531,74.16999816894531,-0.15773511240121485,-0.19437857036910733,41,0,USD,NMS,https://query1.finance.yahoo.com/v8/finance/chart/MCHP?period1=1767225600&period2=1788566400&interval=1d&events=div%2Csplits
MCHP,2026-07-13,next_open,2026-07-14,2026-09-04,88.0,87.47371173938808,74.16999816894531,74.16999816894531,-0.152088133747871,-0.18897726837636764,39,0,USD,NMS,https://query1.finance.yahoo.com/v8/finance/chart/MCHP?period1=1767225600&period2=1788566400&interval=1d&events=div%2Csplits
MCHP,2026-07-13,report_close,2026-07-13,2026-09-04,84.2300033569336,83.72626495361328,74.16999816894531,74.16999816894531,-0.11413702486265698,-0.18069108158864466,40,0,USD,NMS,https://query1.finance.yahoo.com/v8/finance/chart/MCHP?period1=1767225600&period2=1788566400&interval=1d&events=div%2Csplits
MCHP,2026-07-14,next_open,2026-07-15,2026-09-04,88.13999938964844,87.61287152594083,74.16999816894531,74.16999816894531,-0.1534349134192604,-0.19026545524042626,38,0,USD,NMS,https://query1.finance.yahoo.com/v8/finance/chart/MCHP?period1=1767225600&period2=1788566400&interval=1d&events=div%2Csplits
MCHP,2026-07-14,report_close,2026-07-14,2026-09-04,87.11000061035156,86.58903503417969,74.16999816894531,74.16999816894531,-0.1434250521481404,-0.18069108158864466,39,0,USD,NMS,https://query1.finance.yahoo.com/v8/finance/chart/MCHP?period1=1767225600&period2=1788566400&interval=1d&events=div%2Csplits
MCHP,2026-07-15,next_open,2026-07-16,2026-09-04,83.8499984741211,83.34852572428565,74.16999816894531,74.16999816894531,-0.11012225441998369,-0.16055039701293528,37,0,USD,NMS,https://query1.finance.yahoo.com/v8/finance/chart/MCHP?period1=1767225600&period2=1788566400&interval=1d&events=div%2Csplits
MCHP,2026-07-15,report_close,2026-07-15,2026-09-04,86.26000213623047,85.7441177368164,74.16999816894531,74.16999816894531,-0.13498441494723612,-0.17261766156495806,38,0,USD,NMS,https://query1.finance.yahoo.com/v8/finance/chart/MCHP?period1=1767225600&period2=1788566400&interval=1d&events=div%2Csplits
MCHP,2026-07-18,next_open,2026-07-20,2026-09-04,82.52999877929688,82.03642707488665,74.16999816894531,74.16999816894531,-0.0958894626012965,-0.16055039701293516,35,0,USD,NMS,https://query1.finance.yahoo.com/v8/finance/chart/MCHP?period1=1767225600&period2=1788566400&interval=1d&events=div%2Csplits
MCHP,2026-07-18,report_close,2026-07-17,2026-09-04,80.95999908447266,80.47581481933594,74.16999816894531,74.16999816894531,-0.0783566673359799,-0.16055039701293528,36,0,USD,NMS,https://query1.finance.yahoo.com/v8/finance/chart/MCHP?period1=1767225600&period2=1788566400&interval=1d&events=div%2Csplits
META,2026-07-12,next_open,2026-07-13,2026-09-04,661.3800048828125,661.3800048828125,616.77001953125,616.77001953125,-0.06744985488254485,-0.20883293768118005,40,0,USD,NMS,https://query1.finance.yahoo.com/v8/finance/chart/META?period1=1767225600&period2=1788566400&interval=1d&events=div%2Csplits
META,2026-07-12,report_close,2026-07-10,2026-09-04,669.2100219726562,669.2100219726562,616.77001953125,616.77001953125,-0.07836105365969692,-0.20883293768118005,41,0,USD,NMS,https://query1.finance.yahoo.com/v8/finance/chart/META?period1=1767225600&period2=1788566400&interval=1d&events=div%2Csplits
META,2026-07-13,next_open,2026-07-14,2026-09-04,652.0,652.0,616.77001953125,616.77001953125,-0.05403371237538346,-0.20883293768118005,39,0,USD,NMS,https://query1.finance.yahoo.com/v8/finance/chart/META?period1=1767225600&period2=1788566400&interval=1d&events=div%2Csplits
META,2026-07-13,report_close,2026-07-13,2026-09-04,656.72998046875,656.72998046875,616.77001953125,616.77001953125,-0.06084686572246634,-0.20883293768118005,40,0,USD,NMS,https://query1.finance.yahoo.com/v8/finance/chart/META?period1=1767225600&period2=1788566400&interval=1d&events=div%2Csplits
META,2026-07-14,next_open,2026-07-15,2026-09-04,663.5999755859375,663.5999755859375,616.77001953125,616.77001953125,-0.07056955662684905,-0.20883293768118005,38,0,USD,NMS,https://query1.finance.yahoo.com/v8/finance/chart/META?period1=1767225600&period2=1788566400&interval=1d&events=div%2Csplits
META,2026-07-14,report_close,2026-07-14,2026-09-04,661.0399780273438,661.0399780273438,616.77001953125,616.77001953125,-0.06697016817077062,-0.20883293768118005,39,0,USD,NMS,https://query1.finance.yahoo.com/v8/finance/chart/META?period1=1767225600&period2=1788566400&interval=1d&events=div%2Csplits
META,2026-07-15,next_open,2026-07-16,2026-09-04,677.280029296875,677.280029296875,616.77001953125,616.77001953125,-0.08934267533097662,-0.204125315998946,37,0,USD,NMS,https://query1.finance.yahoo.com/v8/finance/chart/META?period1=1767225600&period2=1788566400&interval=1d&events=div%2Csplits
META,2026-07-15,report_close,2026-07-15,2026-09-04,681.3099975585938,681.3099975585938,616.77001953125,616.77001953125,-0.0947292396392484,-0.20883293768118005,38,0,USD,NMS,https://query1.finance.yahoo.com/v8/finance/chart/META?period1=1767225600&period2=1788566400&interval=1d&events=div%2Csplits
META,2026-07-18,next_open,2026-07-20,2026-09-04,646.7000122070312,646.7000122070312,616.77001953125,616.77001953125,-0.04628110733079682,-0.16649138839924338,35,0,USD,NMS,https://query1.finance.yahoo.com/v8/finance/chart/META?period1=1767225600&period2=1788566400&interval=1d&events=div%2Csplits
META,2026-07-18,report_close,2026-07-17,2026-09-04,646.010009765625,646.010009765625,616.77001953125,616.77001953125,-0.045262441436446754,-0.16560111894792895,36,0,USD,NMS,https://query1.finance.yahoo.com/v8/finance/chart/META?period1=1767225600&period2=1788566400&interval=1d&events=div%2Csplits
MICLF,2026-07-12,next_open,2026-07-13,2026-09-03,32.5,32.5,32.81999969482422,32.81999969482422,0.009846144456129746,0.0,39,38,USD,PNK,https://query1.finance.yahoo.com/v8/finance/chart/MICLF?period1=1767225600&period2=1788566400&interval=1d&events=div%2Csplits
MICLF,2026-07-12,report_close,2026-07-10,2026-09-03,32.5,32.5,32.81999969482422,32.81999969482422,0.009846144456129746,0.0,40,39,USD,PNK,https://query1.finance.yahoo.com/v8/finance/chart/MICLF?period1=1767225600&period2=1788566400&interval=1d&events=div%2Csplits
MICLF,2026-07-13,next_open,2026-07-14,2026-09-03,32.5,32.5,32.81999969482422,32.81999969482422,0.009846144456129746,0.0,38,37,USD,PNK,https://query1.finance.yahoo.com/v8/finance/chart/MICLF?period1=1767225600&period2=1788566400&interval=1d&events=div%2Csplits
MICLF,2026-07-13,report_close,2026-07-13,2026-09-03,32.5,32.5,32.81999969482422,32.81999969482422,0.009846144456129746,0.0,39,38,USD,PNK,https://query1.finance.yahoo.com/v8/finance/chart/MICLF?period1=1767225600&period2=1788566400&interval=1d&events=div%2Csplits
MICLF,2026-07-14,next_open,2026-07-15,2026-09-03,32.5,32.5,32.81999969482422,32.81999969482422,0.009846144456129746,0.0,37,36,USD,PNK,https://query1.finance.yahoo.com/v8/finance/chart/MICLF?period1=1767225600&period2=1788566400&interval=1d&events=div%2Csplits
MICLF,2026-07-14,report_close,2026-07-14,2026-09-03,32.5,32.5,32.81999969482422,32.81999969482422,0.009846144456129746,0.0,38,37,USD,PNK,https://query1.finance.yahoo.com/v8/finance/chart/MICLF?period1=1767225600&period2=1788566400&interval=1d&events=div%2Csplits
MICLF,2026-07-15,next_open,2026-07-16,2026-09-03,32.5,32.5,32.81999969482422,32.81999969482422,0.009846144456129746,0.0,36,35,USD,PNK,https://query1.finance.yahoo.com/v8/finance/chart/MICLF?period1=1767225600&period2=1788566400&interval=1d&events=div%2Csplits
MICLF,2026-07-15,report_close,2026-07-15,2026-09-03,32.5,32.5,32.81999969482422,32.81999969482422,0.009846144456129746,0.0,37,36,USD,PNK,https://query1.finance.yahoo.com/v8/finance/chart/MICLF?period1=1767225600&period2=1788566400&interval=1d&events=div%2Csplits
MICLF,2026-07-18,next_open,2026-07-20,2026-09-03,32.5,32.5,32.81999969482422,32.81999969482422,0.009846144456129746,0.0,34,33,USD,PNK,https://query1.finance.yahoo.com/v8/finance/chart/MICLF?period1=1767225600&period2=1788566400&interval=1d&events=div%2Csplits
MICLF,2026-07-18,report_close,2026-07-17,2026-09-03,32.5,32.5,32.81999969482422,32.81999969482422,0.009846144456129746,0.0,35,34,USD,PNK,https://query1.finance.yahoo.com/v8/finance/chart/MICLF?period1=1767225600&period2=1788566400&interval=1d&events=div%2Csplits
MIELY,2026-07-12,next_open,2026-07-13,2026-09-04,70.69000244140625,70.69000244140625,67.75,67.75,-0.04159007412460014,-0.13034436877292155,40,0,USD,PNK,https://query1.finance.yahoo.com/v8/finance/chart/MIELY?period1=1767225600&period2=1788566400&interval=1d&events=div%2Csplits
MIELY,2026-07-12,report_close,2026-07-10,2026-09-04,72.63999938964844,72.63999938964844,67.75,67.75,-0.06731827410154534,-0.13449890611034265,41,0,USD,PNK,https://query1.finance.yahoo.com/v8/finance/chart/MIELY?period1=1767225600&period2=1788566400&interval=1d&events=div%2Csplits
MIELY,2026-07-13,next_open,2026-07-14,2026-09-04,69.66999816894531,69.66999816894531,67.75,67.75,-0.027558464466863275,-0.13034436877292166,39,0,USD,PNK,https://query1.finance.yahoo.com/v8/finance/chart/MIELY?period1=1767225600&period2=1788566400&interval=1d&events=div%2Csplits
MIELY,2026-07-13,report_close,2026-07-13,2026-09-04,69.75,69.75,67.75,67.75,-0.028673835125448077,-0.13034436877292155,40,0,USD,PNK,https://query1.finance.yahoo.com/v8/finance/chart/MIELY?period1=1767225600&period2=1788566400&interval=1d&events=div%2Csplits
MIELY,2026-07-14,next_open,2026-07-15,2026-09-04,70.37000274658203,70.37000274658203,67.75,67.75,-0.037231812481480775,-0.13034436877292166,38,0,USD,PNK,https://query1.finance.yahoo.com/v8/finance/chart/MIELY?period1=1767225600&period2=1788566400&interval=1d&events=div%2Csplits
MIELY,2026-07-14,report_close,2026-07-14,2026-09-04,69.48999786376953,69.48999786376953,67.75,67.75,-0.025039544067632313,-0.13034436877292166,39,0,USD,PNK,https://query1.finance.yahoo.com/v8/finance/chart/MIELY?period1=1767225600&period2=1788566400&interval=1d&events=div%2Csplits
MIELY,2026-07-15,next_open,2026-07-16,2026-09-04,69.26000213623047,69.26000213623047,67.75,67.75,-0.02180193603315783,-0.13034436877292155,37,0,USD,PNK,https://query1.finance.yahoo.com/v8/finance/chart/MIELY?period1=1767225600&period2=1788566400&interval=1d&events=div%2Csplits
MIELY,2026-07-15,report_close,2026-07-15,2026-09-04,70.31999969482422,70.31999969482422,67.75,67.75,-0.036547208560545275,-0.13034436877292166,38,0,USD,PNK,https://query1.finance.yahoo.com/v8/finance/chart/MIELY?period1=1767225600&period2=1788566400&interval=1d&events=div%2Csplits
MIELY,2026-07-18,next_open,2026-07-20,2026-09-04,68.2300033569336,68.2300033569336,67.75,67.75,-0.007035077433933834,-0.13034436877292166,35,0,USD,PNK,https://query1.finance.yahoo.com/v8/finance/chart/MIELY?period1=1767225600&period2=1788566400&interval=1d&events=div%2Csplits
MIELY,2026-07-18,report_close,2026-07-17,2026-09-04,66.88999938964844,66.88999938964844,67.75,67.75,0.012856938528910344,-0.13034436877292166,36,0,USD,PNK,https://query1.finance.yahoo.com/v8/finance/chart/MIELY?period1=1767225600&period2=1788566400&interval=1d&events=div%2Csplits
MKSI,2026-07-12,next_open,2026-07-13,2026-09-04,352.510009765625,352.1824763628064,260.3099975585937,260.3099975585937,-0.260866127562715,-0.3118064829909287,40,0,USD,NMS,https://query1.finance.yahoo.com/v8/finance/chart/MKSI?period1=1767225600&period2=1788566400&interval=1d&events=div%2Csplits
MKSI,2026-07-12,report_close,2026-07-10,2026-09-04,368.5799865722656,368.2375183105469,260.3099975585937,260.3099975585937,-0.29309213587773075,-0.3307580292957133,41,0,USD,NMS,https://query1.finance.yahoo.com/v8/finance/chart/MKSI?period1=1767225600&period2=1788566400&interval=1d&events=div%2Csplits
MKSI,2026-07-13,next_open,2026-07-14,2026-09-04,373.2099914550781,372.86322016120624,260.3099975585937,260.3099975585937,-0.3018619604099072,-0.3390605747199772,39,0,USD,NMS,https://query1.finance.yahoo.com/v8/finance/chart/MKSI?period1=1767225600&period2=1788566400&interval=1d&events=div%2Csplits
MKSI,2026-07-13,report_close,2026-07-13,2026-09-04,352.0299987792969,351.7029113769531,260.3099975585937,260.3099975585937,-0.25985828055999527,-0.3118064829909287,40,0,USD,NMS,https://query1.finance.yahoo.com/v8/finance/chart/MKSI?period1=1767225600&period2=1788566400&interval=1d&events=div%2Csplits
MKSI,2026-07-14,next_open,2026-07-15,2026-09-04,366.489990234375,366.1494638919763,260.3099975585937,260.3099975585937,-0.2890608256212224,-0.32694151775649605,38,0,USD,NMS,https://query1.finance.yahoo.com/v8/finance/chart/MKSI?period1=1767225600&period2=1788566400&interval=1d&events=div%2Csplits
MKSI,2026-07-14,report_close,2026-07-14,2026-09-04,358.42999267578125,358.0969543457031,260.3099975585937,260.3099975585937,-0.27307396949460483,-0.3118064829909287,39,0,USD,NMS,https://query1.finance.yahoo.com/v8/finance/chart/MKSI?period1=1767225600&period2=1788566400&interval=1d&events=div%2Csplits
MKSI,2026-07-15,next_open,2026-07-16,2026-09-04,336.1199951171875,335.8076954199876,260.3099975585937,260.3099975585937,-0.22482420412364446,-0.2859274940179647,37,0,USD,NMS,https://query1.finance.yahoo.com/v8/finance/chart/MKSI?period1=1767225600&period2=1788566400&interval=1d&events=div%2Csplits
MKSI,2026-07-15,report_close,2026-07-15,2026-09-04,353.79998779296875,353.47125244140625,260.3099975585937,260.3099975585937,-0.2635610512576425,-0.3028004378311988,38,0,USD,NMS,https://query1.finance.yahoo.com/v8/finance/chart/MKSI?period1=1767225600&period2=1788566400&interval=1d&events=div%2Csplits
MKSI,2026-07-18,next_open,2026-07-20,2026-09-04,330.8800048828125,330.5725725342164,260.3099975585937,260.3099975585937,-0.21254810838352323,-0.2859274940179646,35,0,USD,NMS,https://query1.finance.yahoo.com/v8/finance/chart/MKSI?period1=1767225600&period2=1788566400&interval=1d&events=div%2Csplits
MKSI,2026-07-18,report_close,2026-07-17,2026-09-04,324.69000244140625,324.3883056640625,260.3099975585937,260.3099975585937,-0.19753581428989153,-0.2859274940179647,36,0,USD,NMS,https://query1.finance.yahoo.com/v8/finance/chart/MKSI?period1=1767225600&period2=1788566400&interval=1d&events=div%2Csplits
MMM,2026-07-12,next_open,2026-07-13,2026-09-04,157.22000122070312,156.5347459064221,168.55999755859375,168.55999755859375,0.07682161287922917,-0.08016762578751269,40,0,USD,NYQ,https://query1.finance.yahoo.com/v8/finance/chart/MMM?period1=1767225600&period2=1788566400&interval=1d&events=div%2Csplits
MMM,2026-07-12,report_close,2026-07-10,2026-09-04,157.52000427246094,156.8334503173828,168.55999755859375,168.55999755859375,0.07477070240742645,-0.08016762578751258,41,0,USD,NYQ,https://query1.finance.yahoo.com/v8/finance/chart/MMM?period1=1767225600&period2=1788566400&interval=1d&events=div%2Csplits
MMM,2026-07-13,next_open,2026-07-14,2026-09-04,158.77000427246094,158.07799439809207,168.55999755859375,168.55999755859375,0.06630905965383493,-0.08016762578751269,39,0,USD,NYQ,https://query1.finance.yahoo.com/v8/finance/chart/MMM?period1=1767225600&period2=1788566400&interval=1d&events=div%2Csplits
MMM,2026-07-13,report_close,2026-07-13,2026-09-04,157.6999969482422,157.0126495361328,168.55999755859375,168.55999755859375,0.07354406193752938,-0.08016762578751246,40,0,USD,NYQ,https://query1.finance.yahoo.com/v8/finance/chart/MMM?period1=1767225600&period2=1788566400&interval=1d&events=div%2Csplits
MMM,2026-07-14,next_open,2026-07-15,2026-09-04,157.64999389648438,156.96287000095919,168.55999755859375,168.55999755859375,0.07388452796233724,-0.08016762578751258,38,0,USD,NYQ,https://query1.finance.yahoo.com/v8/finance/chart/MMM?period1=1767225600&period2=1788566400&interval=1d&events=div%2Csplits
MMM,2026-07-14,report_close,2026-07-14,2026-09-04,156.5800018310547,155.8975372314453,168.55999755859375,168.55999755859375,0.08122296575057342,-0.08016762578751258,39,0,USD,NYQ,https://query1.finance.yahoo.com/v8/finance/chart/MMM?period1=1767225600&period2=1788566400&interval=1d&events=div%2Csplits
MMM,2026-07-15,next_open,2026-07-16,2026-09-04,159.8800048828125,159.18316436176076,168.55999755859375,168.55999755859375,0.05890593540107747,-0.08016762578751258,37,0,USD,NYQ,https://query1.finance.yahoo.com/v8/finance/chart/MMM?period1=1767225600&period2=1788566400&interval=1d&events=div%2Csplits
MMM,2026-07-15,report_close,2026-07-15,2026-09-04,160.52999877929688,159.830322265625,168.55999755859375,168.55999755859375,0.05461839261301571,-0.08016762578751258,38,0,USD,NYQ,https://query1.finance.yahoo.com/v8/finance/chart/MMM?period1=1767225600&period2=1788566400&interval=1d&events=div%2Csplits
MMM,2026-07-18,next_open,2026-07-20,2026-09-04,160.4199981689453,159.72080709509405,168.55999755859375,168.55999755859375,0.05534150887577893,-0.08016762578751246,35,0,USD,NYQ,https://query1.finance.yahoo.com/v8/finance/chart/MMM?period1=1767225600&period2=1788566400&interval=1d&events=div%2Csplits
MMM,2026-07-18,report_close,2026-07-17,2026-09-04,159.83999633789062,159.14332580566406,168.55999755859375,168.55999755859375,0.05917101270353453,-0.08016762578751258,36,0,USD,NYQ,https://query1.finance.yahoo.com/v8/finance/chart/MMM?period1=1767225600&period2=1788566400&interval=1d&events=div%2Csplits
MOD,2026-07-12,next_open,2026-07-13,2026-09-04,245.27999877929688,245.27999877929688,194.66000366210935,194.66000366210935,-0.20637636729089937,-0.2884553544419768,40,0,USD,NYQ,https://query1.finance.yahoo.com/v8/finance/chart/MOD?period1=1767225600&period2=1788566400&interval=1d&events=div%2Csplits
MOD,2026-07-12,report_close,2026-07-10,2026-09-04,245.91000366210935,245.91000366210935,194.66000366210935,194.66000366210935,-0.20840957763727108,-0.2884553544419769,41,0,USD,NYQ,https://query1.finance.yahoo.com/v8/finance/chart/MOD?period1=1767225600&period2=1788566400&interval=1d&events=div%2Csplits
MOD,2026-07-13,next_open,2026-07-14,2026-09-04,237.58999633789065,237.58999633789065,194.66000366210935,194.66000366210935,-0.18068939491344593,-0.2884553544419768,39,0,USD,NYQ,https://query1.finance.yahoo.com/v8/finance/chart/MOD?period1=1767225600&period2=1788566400&interval=1d&events=div%2Csplits
MOD,2026-07-13,report_close,2026-07-13,2026-09-04,234.27999877929688,234.27999877929688,194.66000366210935,194.66000366210935,-0.1691138608657391,-0.2884553544419769,40,0,USD,NYQ,https://query1.finance.yahoo.com/v8/finance/chart/MOD?period1=1767225600&period2=1788566400&interval=1d&events=div%2Csplits
MOD,2026-07-14,next_open,2026-07-15,2026-09-04,230.5399932861328,230.5399932861328,194.66000366210935,194.66000366210935,-0.1556345565582251,-0.2884553544419769,38,0,USD,NYQ,https://query1.finance.yahoo.com/v8/finance/chart/MOD?period1=1767225600&period2=1788566400&interval=1d&events=div%2Csplits
MOD,2026-07-14,report_close,2026-07-14,2026-09-04,229.57000732421875,229.57000732421875,194.66000366210935,194.66000366210935,-0.15206691879748235,-0.2884553544419769,39,0,USD,NYQ,https://query1.finance.yahoo.com/v8/finance/chart/MOD?period1=1767225600&period2=1788566400&interval=1d&events=div%2Csplits
MOD,2026-07-15,next_open,2026-07-16,2026-09-04,225.02999877929688,225.02999877929688,194.66000366210935,194.66000366210935,-0.13495976217363614,-0.2884553544419769,37,0,USD,NYQ,https://query1.finance.yahoo.com/v8/finance/chart/MOD?period1=1767225600&period2=1788566400&interval=1d&events=div%2Csplits
MOD,2026-07-15,report_close,2026-07-15,2026-09-04,231.9600067138672,231.9600067138672,194.66000366210935,194.66000366210935,-0.16080359532740063,-0.2884553544419769,38,0,USD,NYQ,https://query1.finance.yahoo.com/v8/finance/chart/MOD?period1=1767225600&period2=1788566400&interval=1d&events=div%2Csplits
MOD,2026-07-18,next_open,2026-07-20,2026-09-04,232.3699951171875,232.3699951171875,194.66000366210935,194.66000366210935,-0.16228425462616403,-0.2884553544419769,35,0,USD,NYQ,https://query1.finance.yahoo.com/v8/finance/chart/MOD?period1=1767225600&period2=1788566400&interval=1d&events=div%2Csplits
MOD,2026-07-18,report_close,2026-07-17,2026-09-04,229.33999633789065,229.33999633789065,194.66000366210935,194.66000366210935,-0.15121650488162852,-0.2884553544419769,36,0,USD,NYQ,https://query1.finance.yahoo.com/v8/finance/chart/MOD?period1=1767225600&period2=1788566400&interval=1d&events=div%2Csplits
MPWR,2026-07-12,next_open,2026-07-13,2026-09-04,1307.1700439453125,1307.1700439453125,1223.8599853515625,1223.8599853515625,-0.06373314549215248,-0.14893094852113997,40,0,USD,NMS,https://query1.finance.yahoo.com/v8/finance/chart/MPWR?period1=1767225600&period2=1788566400&interval=1d&events=div%2Csplits
MPWR,2026-07-12,report_close,2026-07-10,2026-09-04,1352.739990234375,1352.739990234375,1223.8599853515625,1223.8599853515625,-0.09527330145720225,-0.14893094852113986,41,0,USD,NMS,https://query1.finance.yahoo.com/v8/finance/chart/MPWR?period1=1767225600&period2=1788566400&interval=1d&events=div%2Csplits
MPWR,2026-07-13,next_open,2026-07-14,2026-09-04,1367.6800537109375,1367.6800537109375,1223.8599853515625,1223.8599853515625,-0.10515622273582692,-0.14893094852113986,39,0,USD,NMS,https://query1.finance.yahoo.com/v8/finance/chart/MPWR?period1=1767225600&period2=1788566400&interval=1d&events=div%2Csplits
MPWR,2026-07-13,report_close,2026-07-13,2026-09-04,1291.3800048828125,1291.3800048828125,1223.8599853515625,1223.8599853515625,-0.05228516724430554,-0.14893094852113986,40,0,USD,NMS,https://query1.finance.yahoo.com/v8/finance/chart/MPWR?period1=1767225600&period2=1788566400&interval=1d&events=div%2Csplits
MPWR,2026-07-14,next_open,2026-07-15,2026-09-04,1406.0400390625,1406.0400390625,1223.8599853515625,1223.8599853515625,-0.1295696058786555,-0.14893094852113997,38,0,USD,NMS,https://query1.finance.yahoo.com/v8/finance/chart/MPWR?period1=1767225600&period2=1788566400&interval=1d&events=div%2Csplits
MPWR,2026-07-14,report_close,2026-07-14,2026-09-04,1376.4100341796875,1376.4100341796875,1223.8599853515625,1223.8599853515625,-0.11083183429350818,-0.14893094852113986,39,0,USD,NMS,https://query1.finance.yahoo.com/v8/finance/chart/MPWR?period1=1767225600&period2=1788566400&interval=1d&events=div%2Csplits
MPWR,2026-07-15,next_open,2026-07-16,2026-09-04,1318.030029296875,1318.030029296875,1223.8599853515625,1223.8599853515625,-0.07144757088391152,-0.14893094852113997,37,0,USD,NMS,https://query1.finance.yahoo.com/v8/finance/chart/MPWR?period1=1767225600&period2=1788566400&interval=1d&events=div%2Csplits
MPWR,2026-07-15,report_close,2026-07-15,2026-09-04,1352.6600341796875,1352.6600341796875,1223.8599853515625,1223.8599853515625,-0.09521982284797448,-0.14893094852113997,38,0,USD,NMS,https://query1.finance.yahoo.com/v8/finance/chart/MPWR?period1=1767225600&period2=1788566400&interval=1d&events=div%2Csplits
MPWR,2026-07-18,next_open,2026-07-20,2026-09-04,1332.9599609375,1332.9599609375,1223.8599853515625,1223.8599853515625,-0.08184790149976084,-0.14893094852113986,35,0,USD,NMS,https://query1.finance.yahoo.com/v8/finance/chart/MPWR?period1=1767225600&period2=1788566400&interval=1d&events=div%2Csplits
MPWR,2026-07-18,report_close,2026-07-17,2026-09-04,1312.0,1312.0,1223.8599853515625,1223.8599853515625,-0.06717988921374807,-0.14893094852113986,36,0,USD,NMS,https://query1.finance.yahoo.com/v8/finance/chart/MPWR?period1=1767225600&period2=1788566400&interval=1d&events=div%2Csplits
MRAAY,2026-07-12,next_open,2026-07-13,2026-09-04,27.799999237060547,27.799999237060547,23.290000915527344,23.290000915527344,-0.16223015990305734,-0.3256637438208656,40,0,USD,PNK,https://query1.finance.yahoo.com/v8/finance/chart/MRAAY?period1=1767225600&period2=1788566400&interval=1d&events=div%2Csplits
MRAAY,2026-07-12,report_close,2026-07-10,2026-09-04,30.899999618530277,30.899999618530277,23.290000915527344,23.290000915527344,-0.24627827821846726,-0.3834951627107289,41,0,USD,PNK,https://query1.finance.yahoo.com/v8/finance/chart/MRAAY?period1=1767225600&period2=1788566400&interval=1d&events=div%2Csplits
MRAAY,2026-07-13,next_open,2026-07-14,2026-09-04,28.270000457763672,28.270000457763672,23.290000915527344,23.290000915527344,-0.1761584528332999,-0.3261408231838594,39,0,USD,PNK,https://query1.finance.yahoo.com/v8/finance/chart/MRAAY?period1=1767225600&period2=1788566400&interval=1d&events=div%2Csplits
MRAAY,2026-07-13,report_close,2026-07-13,2026-09-04,27.700000762939453,27.700000762939453,23.290000915527344,23.290000915527344,-0.15920576627970218,-0.3256637438208656,40,0,USD,PNK,https://query1.finance.yahoo.com/v8/finance/chart/MRAAY?period1=1767225600&period2=1788566400&interval=1d&events=div%2Csplits
MRAAY,2026-07-14,next_open,2026-07-15,2026-09-04,27.82999992370605,27.82999992370605,23.290000915527344,23.290000915527344,-0.16313327418702084,-0.3154869101945831,38,0,USD,PNK,https://query1.finance.yahoo.com/v8/finance/chart/MRAAY?period1=1767225600&period2=1788566400&interval=1d&events=div%2Csplits
MRAAY,2026-07-14,report_close,2026-07-14,2026-09-04,28.25,28.25,23.290000915527344,23.290000915527344,-0.17557518883089052,-0.3256637438208656,39,0,USD,PNK,https://query1.finance.yahoo.com/v8/finance/chart/MRAAY?period1=1767225600&period2=1788566400&interval=1d&events=div%2Csplits
MRAAY,2026-07-15,next_open,2026-07-16,2026-09-04,25.290000915527344,25.290000915527344,23.290000915527344,23.290000915527344,-0.07908263849733821,-0.2575994017793496,37,0,USD,PNK,https://query1.finance.yahoo.com/v8/finance/chart/MRAAY?period1=1767225600&period2=1788566400&interval=1d&events=div%2Csplits
MRAAY,2026-07-15,report_close,2026-07-15,2026-09-04,27.450000762939453,27.450000762939453,23.290000915527344,23.290000915527344,-0.15154825981019904,-0.30601097604411875,38,0,USD,PNK,https://query1.finance.yahoo.com/v8/finance/chart/MRAAY?period1=1767225600&period2=1788566400&interval=1d&events=div%2Csplits
MRAAY,2026-07-18,next_open,2026-07-20,2026-09-04,24.290000915527344,24.290000915527344,23.290000915527344,23.290000915527344,-0.0411692038826047,-0.2575994017793496,35,0,USD,PNK,https://query1.finance.yahoo.com/v8/finance/chart/MRAAY?period1=1767225600&period2=1788566400&interval=1d&events=div%2Csplits
MRAAY,2026-07-18,report_close,2026-07-17,2026-09-04,23.8799991607666,23.8799991607666,23.290000915527344,23.290000915527344,-0.0247067950575387,-0.2575994017793497,36,0,USD,PNK,https://query1.finance.yahoo.com/v8/finance/chart/MRAAY?period1=1767225600&period2=1788566400&interval=1d&events=div%2Csplits
MRAM,2026-07-12,next_open,2026-07-13,2026-09-04,17.65999984741211,17.65999984741211,16.3700008392334,16.3700008392334,-0.073046377085204,-0.2678368959855604,40,0,USD,NGM,https://query1.finance.yahoo.com/v8/finance/chart/MRAM?period1=1767225600&period2=1788566400&interval=1d&events=div%2Csplits
MRAM,2026-07-12,report_close,2026-07-10,2026-09-04,18.420000076293945,18.420000076293945,16.3700008392334,16.3700008392334,-0.11129203195274906,-0.2980455889456619,41,0,USD,NGM,https://query1.finance.yahoo.com/v8/finance/chart/MRAM?period1=1767225600&period2=1788566400&interval=1d&events=div%2Csplits
MRAM,2026-07-13,next_open,2026-07-14,2026-09-04,17.93000030517578,17.93000030517578,16.3700008392334,16.3700008392334,-0.08700498825379632,-0.2788622373060793,39,0,USD,NGM,https://query1.finance.yahoo.com/v8/finance/chart/MRAM?period1=1767225600&period2=1788566400&interval=1d&events=div%2Csplits
MRAM,2026-07-13,report_close,2026-07-13,2026-09-04,16.93000030517578,16.93000030517578,16.3700008392334,16.3700008392334,-0.03307734529521433,-0.2607203845406829,40,0,USD,NGM,https://query1.finance.yahoo.com/v8/finance/chart/MRAM?period1=1767225600&period2=1788566400&interval=1d&events=div%2Csplits
MRAM,2026-07-14,next_open,2026-07-15,2026-09-04,17.75,17.75,16.3700008392334,16.3700008392334,-0.07774643159248462,-0.27154927858164624,38,0,USD,NGM,https://query1.finance.yahoo.com/v8/finance/chart/MRAM?period1=1767225600&period2=1788566400&interval=1d&events=div%2Csplits
MRAM,2026-07-14,report_close,2026-07-14,2026-09-04,17.489999771118164,17.489999771118164,16.3700008392334,16.3700008392334,-0.0640365321064359,-0.2607203845406829,39,0,USD,NGM,https://query1.finance.yahoo.com/v8/finance/chart/MRAM?period1=1767225600&period2=1788566400&interval=1d&events=div%2Csplits
MRAM,2026-07-15,next_open,2026-07-16,2026-09-04,15.734999656677246,15.734999656677246,16.3700008392334,16.3700008392334,0.040355970537735875,-0.22108433686487738,37,0,USD,NGM,https://query1.finance.yahoo.com/v8/finance/chart/MRAM?period1=1767225600&period2=1788566400&interval=1d&events=div%2Csplits
MRAM,2026-07-15,report_close,2026-07-15,2026-09-04,16.399999618530273,16.399999618530273,16.3700008392334,16.3700008392334,-0.0018291939021132242,-0.22108433686487738,38,0,USD,NGM,https://query1.finance.yahoo.com/v8/finance/chart/MRAM?period1=1767225600&period2=1788566400&interval=1d&events=div%2Csplits
MRAM,2026-07-18,next_open,2026-07-20,2026-09-04,15.0,15.0,16.3700008392334,16.3700008392334,0.09133338928222656,-0.22108433686487738,35,0,USD,NGM,https://query1.finance.yahoo.com/v8/finance/chart/MRAM?period1=1767225600&period2=1788566400&interval=1d&events=div%2Csplits
MRAM,2026-07-18,report_close,2026-07-17,2026-09-04,14.550000190734863,14.550000190734863,16.3700008392334,16.3700008392334,0.1250859535835247,-0.22108433686487738,36,0,USD,NGM,https://query1.finance.yahoo.com/v8/finance/chart/MRAM?period1=1767225600&period2=1788566400&interval=1d&events=div%2Csplits
MRVL,2026-07-12,next_open,2026-07-13,2026-09-04,228.77999877929688,228.77999877929688,223.5500030517578,223.5500030517578,-0.022860371341222097,-0.2857767516026798,40,0,USD,NMS,https://query1.finance.yahoo.com/v8/finance/chart/MRVL?period1=1767225600&period2=1788566400&interval=1d&events=div%2Csplits
MRVL,2026-07-12,report_close,2026-07-10,2026-09-04,235.80999755859372,235.80999755859372,223.5500030517578,223.5500030517578,-0.051990986954611906,-0.3070692693769992,41,0,USD,NMS,https://query1.finance.yahoo.com/v8/finance/chart/MRVL?period1=1767225600&period2=1788566400&interval=1d&events=div%2Csplits
MRVL,2026-07-13,next_open,2026-07-14,2026-09-04,231.57000732421875,231.57000732421875,223.5500030517578,223.5500030517578,-0.03463317363561769,-0.29438187706359675,39,0,USD,NMS,https://query1.finance.yahoo.com/v8/finance/chart/MRVL?period1=1767225600&period2=1788566400&interval=1d&events=div%2Csplits
MRVL,2026-07-13,report_close,2026-07-13,2026-09-04,217.52999877929688,217.52999877929688,223.5500030517578,223.5500030517578,0.02767436356476405,-0.26541992401062764,40,0,USD,NMS,https://query1.finance.yahoo.com/v8/finance/chart/MRVL?period1=1767225600&period2=1788566400&interval=1d&events=div%2Csplits
MRVL,2026-07-14,next_open,2026-07-15,2026-09-04,222.16000366210935,222.16000366210935,223.5500030517578,223.5500030517578,0.006256749040041365,-0.26449409793400547,38,0,USD,NMS,https://query1.finance.yahoo.com/v8/finance/chart/MRVL?period1=1767225600&period2=1788566400&interval=1d&events=div%2Csplits
MRVL,2026-07-14,report_close,2026-07-14,2026-09-04,222.44000244140625,222.44000244140625,223.5500030517578,223.5500030517578,0.004990112381624945,-0.26541992401062764,39,0,USD,NMS,https://query1.finance.yahoo.com/v8/finance/chart/MRVL?period1=1767225600&period2=1788566400&interval=1d&events=div%2Csplits
MRVL,2026-07-15,next_open,2026-07-16,2026-09-04,200.1199951171875,200.1199951171875,223.5500030517578,223.5500030517578,0.1170797946544524,-0.22555576263171184,37,0,USD,NMS,https://query1.finance.yahoo.com/v8/finance/chart/MRVL?period1=1767225600&period2=1788566400&interval=1d&events=div%2Csplits
MRVL,2026-07-15,report_close,2026-07-15,2026-09-04,206.25999450683597,206.25999450683597,223.5500030517578,223.5500030517578,0.08382628238821566,-0.22555576263171184,38,0,USD,NMS,https://query1.finance.yahoo.com/v8/finance/chart/MRVL?period1=1767225600&period2=1788566400&interval=1d&events=div%2Csplits
MRVL,2026-07-18,next_open,2026-07-20,2026-09-04,193.00999450683597,193.00999450683597,223.5500030517578,223.5500030517578,0.15823019229110535,-0.22555576263171195,35,0,USD,NMS,https://query1.finance.yahoo.com/v8/finance/chart/MRVL?period1=1767225600&period2=1788566400&interval=1d&events=div%2Csplits
MRVL,2026-07-18,report_close,2026-07-17,2026-09-04,188.67999267578125,188.67999267578125,223.5500030517578,223.5500030517578,0.18481032292541766,-0.22555576263171195,36,0,USD,NMS,https://query1.finance.yahoo.com/v8/finance/chart/MRVL?period1=1767225600&period2=1788566400&interval=1d&events=div%2Csplits
MSFT,2026-07-12,next_open,2026-07-13,2026-09-04,387.75,387.02143811329415,499.7000122070313,499.7000122070313,0.29114297813330015,-0.0514803377853037,40,0,USD,NMS,https://query1.finance.yahoo.com/v8/finance/chart/MSFT?period1=1767225600&period2=1788566400&interval=1d&events=div%2Csplits
MSFT,2026-07-12,report_close,2026-07-10,2026-09-04,385.1000061035156,384.37640380859375,499.7000122070313,499.7000122070313,0.30002780414134045,-0.05148033778530381,41,0,USD,NMS,https://query1.finance.yahoo.com/v8/finance/chart/MSFT?period1=1767225600&period2=1788566400&interval=1d&events=div%2Csplits
MSFT,2026-07-13,next_open,2026-07-14,2026-09-04,382.8200073242188,382.1007052927434,499.7000122070313,499.7000122070313,0.3077704523580771,-0.05148033778530381,39,0,USD,NMS,https://query1.finance.yahoo.com/v8/finance/chart/MSFT?period1=1767225600&period2=1788566400&interval=1d&events=div%2Csplits
MSFT,2026-07-13,report_close,2026-07-13,2026-09-04,390.989990234375,390.2553405761719,499.7000122070313,499.7000122070313,0.2804437511842264,-0.05148033778530359,40,0,USD,NMS,https://query1.finance.yahoo.com/v8/finance/chart/MSFT?period1=1767225600&period2=1788566400&interval=1d&events=div%2Csplits
MSFT,2026-07-14,next_open,2026-07-15,2026-09-04,387.7999877929688,387.0713224899768,499.7000122070313,499.7000122070313,0.2909765802140276,-0.0514803377853037,38,0,USD,NMS,https://query1.finance.yahoo.com/v8/finance/chart/MSFT?period1=1767225600&period2=1788566400&interval=1d&events=div%2Csplits
MSFT,2026-07-14,report_close,2026-07-14,2026-09-04,384.9299926757813,384.2067260742188,499.7000122070313,499.7000122070313,0.300601937173016,-0.0514803377853037,39,0,USD,NMS,https://query1.finance.yahoo.com/v8/finance/chart/MSFT?period1=1767225600&period2=1788566400&interval=1d&events=div%2Csplits
MSFT,2026-07-15,next_open,2026-07-16,2026-09-04,398.30999755859375,397.56157784187184,499.7000122070313,499.7000122070313,0.25691223714225364,-0.0514803377853037,37,0,USD,NMS,https://query1.finance.yahoo.com/v8/finance/chart/MSFT?period1=1767225600&period2=1788566400&interval=1d&events=div%2Csplits
MSFT,2026-07-15,report_close,2026-07-15,2026-09-04,395.6300048828125,394.8866271972656,499.7000122070313,499.7000122070313,0.2654265244525644,-0.0514803377853037,38,0,USD,NMS,https://query1.finance.yahoo.com/v8/finance/chart/MSFT?period1=1767225600&period2=1788566400&interval=1d&events=div%2Csplits
MSFT,2026-07-18,next_open,2026-07-20,2026-09-04,391.4100036621094,390.67455694621333,499.7000122070313,499.7000122070313,0.2790697610641386,-0.05148033778530381,35,0,USD,NMS,https://query1.finance.yahoo.com/v8/finance/chart/MSFT?period1=1767225600&period2=1788566400&interval=1d&events=div%2Csplits
MSFT,2026-07-18,report_close,2026-07-17,2026-09-04,393.8200073242188,393.08001708984375,499.7000122070313,499.7000122070313,0.27124247095170473,-0.05148033778530381,36,0,USD,NMS,https://query1.finance.yahoo.com/v8/finance/chart/MSFT?period1=1767225600&period2=1788566400&interval=1d&events=div%2Csplits
MSI,2026-07-12,next_open,2026-07-13,2026-09-04,424.2300109863281,424.2300109863281,468.0499877929688,468.0499877929688,0.10329296766336715,-0.04720707373669242,40,0,USD,NYQ,https://query1.finance.yahoo.com/v8/finance/chart/MSI?period1=1767225600&period2=1788566400&interval=1d&events=div%2Csplits
MSI,2026-07-12,report_close,2026-07-10,2026-09-04,422.8800048828125,422.8800048828125,468.0499877929688,468.0499877929688,0.10681513050652214,-0.04720707373669242,41,0,USD,NYQ,https://query1.finance.yahoo.com/v8/finance/chart/MSI?period1=1767225600&period2=1788566400&interval=1d&events=div%2Csplits
MSI,2026-07-13,next_open,2026-07-14,2026-09-04,414.6700134277344,414.6700134277344,468.0499877929688,468.0499877929688,0.12872880275085796,-0.04720707373669242,39,0,USD,NYQ,https://query1.finance.yahoo.com/v8/finance/chart/MSI?period1=1767225600&period2=1788566400&interval=1d&events=div%2Csplits
MSI,2026-07-13,report_close,2026-07-13,2026-09-04,418.05999755859375,418.05999755859375,468.0499877929688,468.0499877929688,0.11957611473546614,-0.047207073736692196,40,0,USD,NYQ,https://query1.finance.yahoo.com/v8/finance/chart/MSI?period1=1767225600&period2=1788566400&interval=1d&events=div%2Csplits
MSI,2026-07-14,next_open,2026-07-15,2026-09-04,412.9500122070313,412.9500122070313,468.0499877929688,468.0499877929688,0.1334301342950761,-0.04720707373669231,38,0,USD,NYQ,https://query1.finance.yahoo.com/v8/finance/chart/MSI?period1=1767225600&period2=1788566400&interval=1d&events=div%2Csplits
MSI,2026-07-14,report_close,2026-07-14,2026-09-04,413.7099914550781,413.7099914550781,468.0499877929688,468.0499877929688,0.13134803959355446,-0.04720707373669231,39,0,USD,NYQ,https://query1.finance.yahoo.com/v8/finance/chart/MSI?period1=1767225600&period2=1788566400&interval=1d&events=div%2Csplits
MSI,2026-07-15,next_open,2026-07-16,2026-09-04,407.1000061035156,407.1000061035156,468.0499877929688,468.0499877929688,0.1497174669016219,-0.04720707373669242,37,0,USD,NYQ,https://query1.finance.yahoo.com/v8/finance/chart/MSI?period1=1767225600&period2=1788566400&interval=1d&events=div%2Csplits
MSI,2026-07-15,report_close,2026-07-15,2026-09-04,407.1799926757813,407.1799926757813,468.0499877929688,468.0499877929688,0.1494916160226356,-0.04720707373669242,38,0,USD,NYQ,https://query1.finance.yahoo.com/v8/finance/chart/MSI?period1=1767225600&period2=1788566400&interval=1d&events=div%2Csplits
MSI,2026-07-18,next_open,2026-07-20,2026-09-04,418.2699890136719,418.2699890136719,468.0499877929688,468.0499877929688,0.11901403420475809,-0.04720707373669231,35,0,USD,NYQ,https://query1.finance.yahoo.com/v8/finance/chart/MSI?period1=1767225600&period2=1788566400&interval=1d&events=div%2Csplits
MSI,2026-07-18,report_close,2026-07-17,2026-09-04,413.30999755859375,413.30999755859375,468.0499877929688,468.0499877929688,0.13244293764419468,-0.04720707373669231,36,0,USD,NYQ,https://query1.finance.yahoo.com/v8/finance/chart/MSI?period1=1767225600&period2=1788566400&interval=1d&events=div%2Csplits
MTRN,2026-07-12,next_open,2026-07-13,2026-09-04,253.1199951171875,252.97032396537617,244.2400054931641,244.2400054931641,-0.03451123568710368,-0.2569948685085268,40,0,USD,NYQ,https://query1.finance.yahoo.com/v8/finance/chart/MTRN?period1=1767225600&period2=1788566400&interval=1d&events=div%2Csplits
MTRN,2026-07-12,report_close,2026-07-10,2026-09-04,257.6600036621094,257.5076599121094,244.2400054931641,244.2400054931641,-0.05152333885319649,-0.265155674720026,41,0,USD,NYQ,https://query1.finance.yahoo.com/v8/finance/chart/MTRN?period1=1767225600&period2=1788566400&interval=1d&events=div%2Csplits
MTRN,2026-07-13,next_open,2026-07-14,2026-09-04,255.58999633789065,255.43887485131103,244.2400054931641,244.2400054931641,-0.04384167979390652,-0.25920421191689325,39,0,USD,NYQ,https://query1.finance.yahoo.com/v8/finance/chart/MTRN?period1=1767225600&period2=1788566400&interval=1d&events=div%2Csplits
MTRN,2026-07-13,report_close,2026-07-13,2026-09-04,246.75,246.6040954589844,244.2400054931641,244.2400054931641,-0.009586580309707382,-0.2569948685085268,40,0,USD,NYQ,https://query1.finance.yahoo.com/v8/finance/chart/MTRN?period1=1767225600&period2=1788566400&interval=1d&events=div%2Csplits
MTRN,2026-07-14,next_open,2026-07-15,2026-09-04,255.1100006103516,254.9591635371395,244.2400054931641,244.2400054931641,-0.04204264673316582,-0.257810388231155,38,0,USD,NYQ,https://query1.finance.yahoo.com/v8/finance/chart/MTRN?period1=1767225600&period2=1788566400&interval=1d&events=div%2Csplits
MTRN,2026-07-14,report_close,2026-07-14,2026-09-04,253.2700042724609,253.1202545166016,244.2400054931641,244.2400054931641,-0.035083123001739325,-0.2569948685085267,39,0,USD,NYQ,https://query1.finance.yahoo.com/v8/finance/chart/MTRN?period1=1767225600&period2=1788566400&interval=1d&events=div%2Csplits
MTRN,2026-07-15,next_open,2026-07-16,2026-09-04,247.2700042724609,247.12380476135692,244.2400054931641,244.2400054931641,-0.01166945155679222,-0.2569948685085268,37,0,USD,NYQ,https://query1.finance.yahoo.com/v8/finance/chart/MTRN?period1=1767225600&period2=1788566400&interval=1d&events=div%2Csplits
MTRN,2026-07-15,report_close,2026-07-15,2026-09-04,251.0,250.85159301757807,244.2400054931641,244.2400054931641,-0.026356569814370956,-0.2569948685085268,38,0,USD,NYQ,https://query1.finance.yahoo.com/v8/finance/chart/MTRN?period1=1767225600&period2=1788566400&interval=1d&events=div%2Csplits
MTRN,2026-07-18,next_open,2026-07-20,2026-09-04,246.33999633789065,246.19434769464613,244.2400054931641,244.2400054931641,-0.007938209060372126,-0.2569948685085267,35,0,USD,NYQ,https://query1.finance.yahoo.com/v8/finance/chart/MTRN?period1=1767225600&period2=1788566400&interval=1d&events=div%2Csplits
MTRN,2026-07-18,report_close,2026-07-17,2026-09-04,245.1199951171875,244.97506713867188,244.2400054931641,244.2400054931641,-0.003000556971341495,-0.2569948685085267,36,0,USD,NYQ,https://query1.finance.yahoo.com/v8/finance/chart/MTRN?period1=1767225600&period2=1788566400&interval=1d&events=div%2Csplits
MTSI,2026-07-12,next_open,2026-07-13,2026-09-04,300.3500061035156,300.3500061035156,268.95001220703125,268.95001220703125,-0.10454467540667323,-0.24207980079433078,40,0,USD,NMS,https://query1.finance.yahoo.com/v8/finance/chart/MTSI?period1=1767225600&period2=1788566400&interval=1d&events=div%2Csplits
MTSI,2026-07-12,report_close,2026-07-10,2026-09-04,308.5199890136719,308.5199890136719,268.95001220703125,268.95001220703125,-0.12825741675002822,-0.25868658479781015,41,0,USD,NMS,https://query1.finance.yahoo.com/v8/finance/chart/MTSI?period1=1767225600&period2=1788566400&interval=1d&events=div%2Csplits
MTSI,2026-07-13,next_open,2026-07-14,2026-09-04,309.8900146484375,309.8900146484375,268.95001220703125,268.95001220703125,-0.13211139599916333,-0.26196393590373346,39,0,USD,NMS,https://query1.finance.yahoo.com/v8/finance/chart/MTSI?period1=1767225600&period2=1788566400&interval=1d&events=div%2Csplits
MTSI,2026-07-13,report_close,2026-07-13,2026-09-04,294.239990234375,294.239990234375,268.95001220703125,268.95001220703125,-0.08595017287486717,-0.24207980079433078,40,0,USD,NMS,https://query1.finance.yahoo.com/v8/finance/chart/MTSI?period1=1767225600&period2=1788566400&interval=1d&events=div%2Csplits
MTSI,2026-07-14,next_open,2026-07-15,2026-09-04,302.4599914550781,302.4599914550781,268.95001220703125,268.95001220703125,-0.1107914441405512,-0.24383385183082773,38,0,USD,NMS,https://query1.finance.yahoo.com/v8/finance/chart/MTSI?period1=1767225600&period2=1788566400&interval=1d&events=div%2Csplits
MTSI,2026-07-14,report_close,2026-07-14,2026-09-04,301.760009765625,301.760009765625,268.95001220703125,268.95001220703125,-0.1087287794829973,-0.24207980079433078,39,0,USD,NMS,https://query1.finance.yahoo.com/v8/finance/chart/MTSI?period1=1767225600&period2=1788566400&interval=1d&events=div%2Csplits
MTSI,2026-07-15,next_open,2026-07-16,2026-09-04,282.3299865722656,282.3299865722656,268.95001220703125,268.95001220703125,-0.04739126200400823,-0.21402621550629897,37,0,USD,NMS,https://query1.finance.yahoo.com/v8/finance/chart/MTSI?period1=1767225600&period2=1788566400&interval=1d&events=div%2Csplits
MTSI,2026-07-15,report_close,2026-07-15,2026-09-04,293.0199890136719,293.0199890136719,268.95001220703125,268.95001220703125,-0.08214448743808245,-0.2194730213330398,38,0,USD,NMS,https://query1.finance.yahoo.com/v8/finance/chart/MTSI?period1=1767225600&period2=1788566400&interval=1d&events=div%2Csplits
MTSI,2026-07-18,next_open,2026-07-20,2026-09-04,271.67999267578125,271.67999267578125,268.95001220703125,268.95001220703125,-0.010048514952692544,-0.21402621550629897,35,0,USD,NMS,https://query1.finance.yahoo.com/v8/finance/chart/MTSI?period1=1767225600&period2=1788566400&interval=1d&events=div%2Csplits
MTSI,2026-07-18,report_close,2026-07-17,2026-09-04,267.3599853515625,267.3599853515625,268.95001220703125,268.95001220703125,0.005947138474659663,-0.21402621550629908,36,0,USD,NMS,https://query1.finance.yahoo.com/v8/finance/chart/MTSI?period1=1767225600&period2=1788566400&interval=1d&events=div%2Csplits
MU,2026-07-12,next_open,2026-07-13,2026-09-04,929.0,929.0,1016.5900268554688,1016.5900268554688,0.09428420544183935,-0.25369367750106775,40,0,USD,NMS,https://query1.finance.yahoo.com/v8/finance/chart/MU?period1=1767225600&period2=1788566400&interval=1d&events=div%2Csplits
MU,2026-07-12,report_close,2026-07-10,2026-09-04,979.2999877929688,979.2999877929688,1016.5900268554688,1016.5900268554688,0.03807825949895083,-0.25369367750106775,41,0,USD,NMS,https://query1.finance.yahoo.com/v8/finance/chart/MU?period1=1767225600&period2=1788566400&interval=1d&events=div%2Csplits
MU,2026-07-13,next_open,2026-07-14,2026-09-04,988.3800048828124,988.3800048828124,1016.5900268554688,1016.5900268554688,0.028541676109687275,-0.25369367750106775,39,0,USD,NMS,https://query1.finance.yahoo.com/v8/finance/chart/MU?period1=1767225600&period2=1788566400&interval=1d&events=div%2Csplits
MU,2026-07-13,report_close,2026-07-13,2026-09-04,937.0,937.0,1016.5900268554688,1016.5900268554688,0.08494133068886733,-0.25369367750106775,40,0,USD,NMS,https://query1.finance.yahoo.com/v8/finance/chart/MU?period1=1767225600&period2=1788566400&interval=1d&events=div%2Csplits
MU,2026-07-14,next_open,2026-07-15,2026-09-04,975.8099975585938,975.8099975585938,1016.5900268554688,1016.5900268554688,0.04179095254086729,-0.25369367750106775,38,0,USD,NMS,https://query1.finance.yahoo.com/v8/finance/chart/MU?period1=1767225600&period2=1788566400&interval=1d&events=div%2Csplits
MU,2026-07-14,report_close,2026-07-14,2026-09-04,983.1199951171876,983.1199951171876,1016.5900268554688,1016.5900268554688,0.03404470655109759,-0.25369367750106775,39,0,USD,NMS,https://query1.finance.yahoo.com/v8/finance/chart/MU?period1=1767225600&period2=1788566400&interval=1d&events=div%2Csplits
MU,2026-07-15,next_open,2026-07-16,2026-09-04,866.77001953125,866.77001953125,1016.5900268554688,1016.5900268554688,0.17284862645023358,-0.25369367750106775,37,0,USD,NMS,https://query1.finance.yahoo.com/v8/finance/chart/MU?period1=1767225600&period2=1788566400&interval=1d&events=div%2Csplits
MU,2026-07-15,report_close,2026-07-15,2026-09-04,904.280029296875,904.280029296875,1016.5900268554688,1016.5900268554688,0.12419825045336963,-0.25369367750106775,38,0,USD,NMS,https://query1.finance.yahoo.com/v8/finance/chart/MU?period1=1767225600&period2=1788566400&interval=1d&events=div%2Csplits
MU,2026-07-18,next_open,2026-07-20,2026-09-04,885.5700073242188,885.5700073242188,1016.5900268554688,1016.5900268554688,0.14794992880024438,-0.25369367750106764,35,0,USD,NMS,https://query1.finance.yahoo.com/v8/finance/chart/MU?period1=1767225600&period2=1788566400&interval=1d&events=div%2Csplits
MU,2026-07-18,report_close,2026-07-17,2026-09-04,848.9500122070312,848.9500122070312,1016.5900268554688,1016.5900268554688,0.19746747421867705,-0.25369367750106775,36,0,USD,NMS,https://query1.finance.yahoo.com/v8/finance/chart/MU?period1=1767225600&period2=1788566400&interval=1d&events=div%2Csplits
MXL,2026-07-12,next_open,2026-07-13,2026-09-04,86.63999938964844,86.63999938964844,62.7400016784668,62.7400016784668,-0.2758540844823363,-0.3816826626596206,40,0,USD,NMS,https://query1.finance.yahoo.com/v8/finance/chart/MXL?period1=1767225600&period2=1788566400&interval=1d&events=div%2Csplits
MXL,2026-07-12,report_close,2026-07-10,2026-09-04,91.3000030517578,91.3000030517578,62.7400016784668,62.7400016784668,-0.31281490053292105,-0.3816826626596207,41,0,USD,NMS,https://query1.finance.yahoo.com/v8/finance/chart/MXL?period1=1767225600&period2=1788566400&interval=1d&events=div%2Csplits
MXL,2026-07-13,next_open,2026-07-14,2026-09-04,95.0,95.0,62.7400016784668,62.7400016784668,-0.33957892970034953,-0.3973684210526316,39,0,USD,NMS,https://query1.finance.yahoo.com/v8/finance/chart/MXL?period1=1767225600&period2=1788566400&interval=1d&events=div%2Csplits
MXL,2026-07-13,report_close,2026-07-13,2026-09-04,89.30000305175781,89.30000305175781,62.7400016784668,62.7400016784668,-0.29742441730821645,-0.3816826626596207,40,0,USD,NMS,https://query1.finance.yahoo.com/v8/finance/chart/MXL?period1=1767225600&period2=1788566400&interval=1d&events=div%2Csplits
MXL,2026-07-14,next_open,2026-07-15,2026-09-04,95.36000061035156,95.36000061035156,62.7400016784668,62.7400016784668,-0.3420721342607016,-0.39964346021842023,38,0,USD,NMS,https://query1.finance.yahoo.com/v8/finance/chart/MXL?period1=1767225600&period2=1788566400&interval=1d&events=div%2Csplits
MXL,2026-07-14,report_close,2026-07-14,2026-09-04,92.58999633789062,92.58999633789062,62.7400016784668,62.7400016784668,-0.32238898196400845,-0.3816826626596207,39,0,USD,NMS,https://query1.finance.yahoo.com/v8/finance/chart/MXL?period1=1767225600&period2=1788566400&interval=1d&events=div%2Csplits
MXL,2026-07-15,next_open,2026-07-16,2026-09-04,82.94000244140625,82.94000244140625,62.7400016784668,62.7400016784668,-0.24354955592399374,-0.3725339616351153,37,0,USD,NMS,https://query1.finance.yahoo.com/v8/finance/chart/MXL?period1=1767225600&period2=1788566400&interval=1d&events=div%2Csplits
MXL,2026-07-15,report_close,2026-07-15,2026-09-04,88.83999633789062,88.83999633789062,62.7400016784668,62.7400016784668,-0.2937865346161892,-0.3725339616351153,38,0,USD,NMS,https://query1.finance.yahoo.com/v8/finance/chart/MXL?period1=1767225600&period2=1788566400&interval=1d&events=div%2Csplits
MXL,2026-07-18,next_open,2026-07-20,2026-09-04,74.55999755859375,74.55999755859375,62.7400016784668,62.7400016784668,-0.15852999285358194,-0.3725339616351153,35,0,USD,NMS,https://query1.finance.yahoo.com/v8/finance/chart/MXL?period1=1767225600&period2=1788566400&interval=1d&events=div%2Csplits
MXL,2026-07-18,report_close,2026-07-17,2026-09-04,71.83999633789062,71.83999633789062,62.7400016784668,62.7400016784668,-0.12667031073641932,-0.3725339616351153,36,0,USD,NMS,https://query1.finance.yahoo.com/v8/finance/chart/MXL?period1=1767225600&period2=1788566400&interval=1d&events=div%2Csplits
MYRG,2026-07-12,next_open,2026-07-13,2026-09-04,412.1900024414063,412.1900024414063,286.5899963378906,286.5899963378906,-0.3047138585593666,-0.3254820825391812,40,0,USD,NMS,https://query1.finance.yahoo.com/v8/finance/chart/MYRG?period1=1767225600&period2=1788566400&interval=1d&events=div%2Csplits
MYRG,2026-07-12,report_close,2026-07-10,2026-09-04,419.3399963378906,419.3399963378906,286.5899963378906,286.5899963378906,-0.31656889674085453,-0.32596461972414825,41,0,USD,NMS,https://query1.finance.yahoo.com/v8/finance/chart/MYRG?period1=1767225600&period2=1788566400&interval=1d&events=div%2Csplits
MYRG,2026-07-13,next_open,2026-07-14,2026-09-04,423.2099914550781,423.2099914550781,286.5899963378906,286.5899963378906,-0.32281845390148145,-0.33212825877603025,39,0,USD,NMS,https://query1.finance.yahoo.com/v8/finance/chart/MYRG?period1=1767225600&period2=1788566400&interval=1d&events=div%2Csplits
MYRG,2026-07-13,report_close,2026-07-13,2026-09-04,411.8900146484375,411.8900146484375,286.5899963378906,286.5899963378906,-0.30420746765977036,-0.3254820825391813,40,0,USD,NMS,https://query1.finance.yahoo.com/v8/finance/chart/MYRG?period1=1767225600&period2=1788566400&interval=1d&events=div%2Csplits
MYRG,2026-07-14,next_open,2026-07-15,2026-09-04,420.0,420.0,286.5899963378906,286.5899963378906,-0.31764286586216517,-0.3270238240559896,38,0,USD,NMS,https://query1.finance.yahoo.com/v8/finance/chart/MYRG?period1=1767225600&period2=1788566400&interval=1d&events=div%2Csplits
MYRG,2026-07-14,report_close,2026-07-14,2026-09-04,419.0400085449219,419.0400085449219,286.5899963378906,286.5899963378906,-0.3160796332239296,-0.3254820825391813,39,0,USD,NMS,https://query1.finance.yahoo.com/v8/finance/chart/MYRG?period1=1767225600&period2=1788566400&interval=1d&events=div%2Csplits
MYRG,2026-07-15,next_open,2026-07-16,2026-09-04,404.7099914550781,404.7099914550781,286.5899963378906,286.5899963378906,-0.29186330362762625,-0.30904248946204704,37,0,USD,NMS,https://query1.finance.yahoo.com/v8/finance/chart/MYRG?period1=1767225600&period2=1788566400&interval=1d&events=div%2Csplits
MYRG,2026-07-15,report_close,2026-07-15,2026-09-04,414.9800109863281,414.9800109863281,286.5899963378906,286.5899963378906,-0.30938843136872785,-0.31888287046723196,38,0,USD,NMS,https://query1.finance.yahoo.com/v8/finance/chart/MYRG?period1=1767225600&period2=1788566400&interval=1d&events=div%2Csplits
MYRG,2026-07-18,next_open,2026-07-20,2026-09-04,399.0,399.0,286.5899963378906,286.5899963378906,-0.2817293324864897,-0.30904248946204715,35,0,USD,NMS,https://query1.finance.yahoo.com/v8/finance/chart/MYRG?period1=1767225600&period2=1788566400&interval=1d&events=div%2Csplits
MYRG,2026-07-18,report_close,2026-07-17,2026-09-04,391.510009765625,391.510009765625,286.5899963378906,286.5899963378906,-0.2679880738950815,-0.30904248946204715,36,0,USD,NMS,https://query1.finance.yahoo.com/v8/finance/chart/MYRG?period1=1767225600&period2=1788566400&interval=1d&events=div%2Csplits
NBIS,2026-07-12,next_open,2026-07-13,2026-09-04,212.69000244140625,212.69000244140625,226.38999938964844,226.38999938964844,0.06441298035161003,-0.329230210427242,40,0,USD,NMS,https://query1.finance.yahoo.com/v8/finance/chart/NBIS?period1=1767225600&period2=1788566400&interval=1d&events=div%2Csplits
NBIS,2026-07-12,report_close,2026-07-10,2026-09-04,219.6499938964844,219.6499938964844,226.38999938964844,226.38999938964844,0.03068520683110254,-0.3292302104272419,41,0,USD,NMS,https://query1.finance.yahoo.com/v8/finance/chart/NBIS?period1=1767225600&period2=1788566400&interval=1d&events=div%2Csplits
NBIS,2026-07-13,next_open,2026-07-14,2026-09-04,217.0399932861328,217.0399932861328,226.38999938964844,226.38999938964844,0.04307964611475601,-0.329230210427242,39,0,USD,NMS,https://query1.finance.yahoo.com/v8/finance/chart/NBIS?period1=1767225600&period2=1788566400&interval=1d&events=div%2Csplits
NBIS,2026-07-13,report_close,2026-07-13,2026-09-04,210.50999450683597,210.50999450683597,226.38999938964844,226.38999938964844,0.07543587144170871,-0.329230210427242,40,0,USD,NMS,https://query1.finance.yahoo.com/v8/finance/chart/NBIS?period1=1767225600&period2=1788566400&interval=1d&events=div%2Csplits
NBIS,2026-07-14,next_open,2026-07-15,2026-09-04,197.4199981689453,197.4199981689453,226.38999938964844,226.38999938964844,0.14674299204436014,-0.3292302104272421,38,0,USD,NMS,https://query1.finance.yahoo.com/v8/finance/chart/NBIS?period1=1767225600&period2=1788566400&interval=1d&events=div%2Csplits
NBIS,2026-07-14,report_close,2026-07-14,2026-09-04,194.08999633789065,194.08999633789065,226.38999938964844,226.38999938964844,0.1664176601638283,-0.329230210427242,39,0,USD,NMS,https://query1.finance.yahoo.com/v8/finance/chart/NBIS?period1=1767225600&period2=1788566400&interval=1d&events=div%2Csplits
NBIS,2026-07-15,next_open,2026-07-16,2026-09-04,190.41000366210935,190.41000366210935,226.38999938964844,226.38999938964844,0.18896063775823002,-0.3292302104272419,37,0,USD,NMS,https://query1.finance.yahoo.com/v8/finance/chart/NBIS?period1=1767225600&period2=1788566400&interval=1d&events=div%2Csplits
NBIS,2026-07-15,report_close,2026-07-15,2026-09-04,199.50999450683597,199.50999450683597,226.38999938964844,226.38999938964844,0.13473011690094272,-0.3292302104272421,38,0,USD,NMS,https://query1.finance.yahoo.com/v8/finance/chart/NBIS?period1=1767225600&period2=1788566400&interval=1d&events=div%2Csplits
NBIS,2026-07-18,next_open,2026-07-20,2026-09-04,186.96499633789065,186.96499633789065,226.38999938964844,226.38999938964844,0.21086836479544724,-0.329230210427242,35,0,USD,NMS,https://query1.finance.yahoo.com/v8/finance/chart/NBIS?period1=1767225600&period2=1788566400&interval=1d&events=div%2Csplits
NBIS,2026-07-18,report_close,2026-07-17,2026-09-04,177.7100067138672,177.7100067138672,226.38999938964844,226.38999938964844,0.2739293840338515,-0.329230210427242,36,0,USD,NMS,https://query1.finance.yahoo.com/v8/finance/chart/NBIS?period1=1767225600&period2=1788566400&interval=1d&events=div%2Csplits
NDSN,2026-07-12,next_open,2026-07-13,2026-09-04,286.6000061035156,286.6000061035156,318.3599853515625,318.3599853515625,0.11081639417891576,-0.06065138204413967,40,0,USD,NMS,https://query1.finance.yahoo.com/v8/finance/chart/NDSN?period1=1767225600&period2=1788566400&interval=1d&events=div%2Csplits
NDSN,2026-07-12,report_close,2026-07-10,2026-09-04,286.6000061035156,286.6000061035156,318.3599853515625,318.3599853515625,0.11081639417891576,-0.06065138204413967,41,0,USD,NMS,https://query1.finance.yahoo.com/v8/finance/chart/NDSN?period1=1767225600&period2=1788566400&interval=1d&events=div%2Csplits
NDSN,2026-07-13,next_open,2026-07-14,2026-09-04,290.42999267578125,290.42999267578125,318.3599853515625,318.3599853515625,0.09616772847204058,-0.06065138204413967,39,0,USD,NMS,https://query1.finance.yahoo.com/v8/finance/chart/NDSN?period1=1767225600&period2=1788566400&interval=1d&events=div%2Csplits
NDSN,2026-07-13,report_close,2026-07-13,2026-09-04,286.5899963378906,286.5899963378906,318.3599853515625,318.3599853515625,0.11085519180584003,-0.06065138204413978,40,0,USD,NMS,https://query1.finance.yahoo.com/v8/finance/chart/NDSN?period1=1767225600&period2=1788566400&interval=1d&events=div%2Csplits
NDSN,2026-07-14,next_open,2026-07-15,2026-09-04,286.6000061035156,286.6000061035156,318.3599853515625,318.3599853515625,0.11081639417891576,-0.06065138204413967,38,0,USD,NMS,https://query1.finance.yahoo.com/v8/finance/chart/NDSN?period1=1767225600&period2=1788566400&interval=1d&events=div%2Csplits
NDSN,2026-07-14,report_close,2026-07-14,2026-09-04,286.8299865722656,286.8299865722656,318.3599853515625,318.3599853515625,0.10992574087560758,-0.06065138204413956,39,0,USD,NMS,https://query1.finance.yahoo.com/v8/finance/chart/NDSN?period1=1767225600&period2=1788566400&interval=1d&events=div%2Csplits
NDSN,2026-07-15,next_open,2026-07-16,2026-09-04,286.2099914550781,286.2099914550781,318.3599853515625,318.3599853515625,0.11233008929225474,-0.06065138204413967,37,0,USD,NMS,https://query1.finance.yahoo.com/v8/finance/chart/NDSN?period1=1767225600&period2=1788566400&interval=1d&events=div%2Csplits
NDSN,2026-07-15,report_close,2026-07-15,2026-09-04,287.7699890136719,287.7699890136719,318.3599853515625,318.3599853515625,0.10630016160732203,-0.06065138204413967,38,0,USD,NMS,https://query1.finance.yahoo.com/v8/finance/chart/NDSN?period1=1767225600&period2=1788566400&interval=1d&events=div%2Csplits
NDSN,2026-07-18,next_open,2026-07-20,2026-09-04,290.3399963378906,290.3399963378906,318.3599853515625,318.3599853515625,0.09650750625850013,-0.06065138204413978,35,0,USD,NMS,https://query1.finance.yahoo.com/v8/finance/chart/NDSN?period1=1767225600&period2=1788566400&interval=1d&events=div%2Csplits
NDSN,2026-07-18,report_close,2026-07-17,2026-09-04,288.9800109863281,288.9800109863281,318.3599853515625,318.3599853515625,0.10166784292434805,-0.06065138204413956,36,0,USD,NMS,https://query1.finance.yahoo.com/v8/finance/chart/NDSN?period1=1767225600&period2=1788566400&interval=1d&events=div%2Csplits
NOK,2026-07-12,next_open,2026-07-13,2026-09-04,12.210000038146973,12.210000038146973,10.029999732971191,10.029999732971191,-0.17854220297829126,-0.31122032586918513,40,0,USD,NYQ,https://query1.finance.yahoo.com/v8/finance/chart/NOK?period1=1767225600&period2=1788566400&interval=1d&events=div%2Csplits
NOK,2026-07-12,report_close,2026-07-10,2026-09-04,12.4399995803833,12.4399995803833,10.029999732971191,10.029999732971191,-0.19372989780582073,-0.3239549733848961,41,0,USD,NYQ,https://query1.finance.yahoo.com/v8/finance/chart/NOK?period1=1767225600&period2=1788566400&interval=1d&events=div%2Csplits
NOK,2026-07-13,next_open,2026-07-14,2026-09-04,11.93000030517578,11.93000030517578,10.029999732971191,10.029999732971191,-0.15926240767825306,-0.295054515316025,39,0,USD,NYQ,https://query1.finance.yahoo.com/v8/finance/chart/NOK?period1=1767225600&period2=1788566400&interval=1d&events=div%2Csplits
NOK,2026-07-13,report_close,2026-07-13,2026-09-04,11.6899995803833,11.6899995803833,10.029999732971191,10.029999732971191,-0.14200170290833147,-0.28119658252025814,40,0,USD,NYQ,https://query1.finance.yahoo.com/v8/finance/chart/NOK?period1=1767225600&period2=1788566400&interval=1d&events=div%2Csplits
NOK,2026-07-14,next_open,2026-07-15,2026-09-04,12.050000190734863,12.050000190734863,10.029999732971191,10.029999732971191,-0.1676348901070418,-0.30207471250676965,38,0,USD,NYQ,https://query1.finance.yahoo.com/v8/finance/chart/NOK?period1=1767225600&period2=1788566400&interval=1d&events=div%2Csplits
NOK,2026-07-14,report_close,2026-07-14,2026-09-04,11.699999809265137,11.699999809265137,10.029999732971191,10.029999732971191,-0.14273505158277744,-0.28119658252025803,39,0,USD,NYQ,https://query1.finance.yahoo.com/v8/finance/chart/NOK?period1=1767225600&period2=1788566400&interval=1d&events=div%2Csplits
NOK,2026-07-15,next_open,2026-07-16,2026-09-04,10.800000190734863,10.800000190734863,10.029999732971191,10.029999732971191,-0.07129633742268282,-0.22129632417720646,37,0,USD,NYQ,https://query1.finance.yahoo.com/v8/finance/chart/NOK?period1=1767225600&period2=1788566400&interval=1d&events=div%2Csplits
NOK,2026-07-15,report_close,2026-07-15,2026-09-04,11.25,11.25,10.029999732971191,10.029999732971191,-0.1084444681803386,-0.25244445800781246,38,0,USD,NYQ,https://query1.finance.yahoo.com/v8/finance/chart/NOK?period1=1767225600&period2=1788566400&interval=1d&events=div%2Csplits
NOK,2026-07-18,next_open,2026-07-20,2026-09-04,10.220000267028809,10.220000267028809,10.029999732971191,10.029999732971191,-0.018591049813431626,-0.2088429203319505,35,0,USD,NYQ,https://query1.finance.yahoo.com/v8/finance/chart/NOK?period1=1767225600&period2=1788566400&interval=1d&events=div%2Csplits
NOK,2026-07-18,report_close,2026-07-17,2026-09-04,10.119999885559082,10.119999885559082,10.029999732971191,10.029999732971191,-0.008893295810834756,-0.2088429203319504,36,0,USD,NYQ,https://query1.finance.yahoo.com/v8/finance/chart/NOK?period1=1767225600&period2=1788566400&interval=1d&events=div%2Csplits
NTAP,2026-07-12,next_open,2026-07-13,2026-09-04,168.19000244140625,168.19000244140625,185.58999633789065,185.58999633789065,0.10345438875028368,-0.12705233400595894,40,0,USD,NMS,https://query1.finance.yahoo.com/v8/finance/chart/NTAP?period1=1767225600&period2=1788566400&interval=1d&events=div%2Csplits
NTAP,2026-07-12,report_close,2026-07-10,2026-09-04,168.8699951171875,168.8699951171875,185.58999633789065,185.58999633789065,0.0990110836984408,-0.12705233400595917,41,0,USD,NMS,https://query1.finance.yahoo.com/v8/finance/chart/NTAP?period1=1767225600&period2=1788566400&interval=1d&events=div%2Csplits
NTAP,2026-07-13,next_open,2026-07-14,2026-09-04,166.3699951171875,166.3699951171875,185.58999633789065,185.58999633789065,0.11552564635927887,-0.12705233400595906,39,0,USD,NMS,https://query1.finance.yahoo.com/v8/finance/chart/NTAP?period1=1767225600&period2=1788566400&interval=1d&events=div%2Csplits
NTAP,2026-07-13,report_close,2026-07-13,2026-09-04,163.92999267578125,163.92999267578125,185.58999633789065,185.58999633789065,0.13212959574120342,-0.12705233400595917,40,0,USD,NMS,https://query1.finance.yahoo.com/v8/finance/chart/NTAP?period1=1767225600&period2=1788566400&interval=1d&events=div%2Csplits
NTAP,2026-07-14,next_open,2026-07-15,2026-09-04,175.4199981689453,175.4199981689453,185.58999633789065,185.58999633789065,0.057975135532442046,-0.12705233400595917,38,0,USD,NMS,https://query1.finance.yahoo.com/v8/finance/chart/NTAP?period1=1767225600&period2=1788566400&interval=1d&events=div%2Csplits
NTAP,2026-07-14,report_close,2026-07-14,2026-09-04,174.5500030517578,174.5500030517578,185.58999633789065,185.58999633789065,0.06324831333780745,-0.12705233400595894,39,0,USD,NMS,https://query1.finance.yahoo.com/v8/finance/chart/NTAP?period1=1767225600&period2=1788566400&interval=1d&events=div%2Csplits
NTAP,2026-07-15,next_open,2026-07-16,2026-09-04,161.60000610351562,161.60000610351562,185.58999633789065,185.58999633789065,0.14845290425922286,-0.12705233400595906,37,0,USD,NMS,https://query1.finance.yahoo.com/v8/finance/chart/NTAP?period1=1767225600&period2=1788566400&interval=1d&events=div%2Csplits
NTAP,2026-07-15,report_close,2026-07-15,2026-09-04,162.10000610351562,162.10000610351562,185.58999633789065,185.58999633789065,0.14491048334306988,-0.12705233400595906,38,0,USD,NMS,https://query1.finance.yahoo.com/v8/finance/chart/NTAP?period1=1767225600&period2=1788566400&interval=1d&events=div%2Csplits
NTAP,2026-07-18,next_open,2026-07-20,2026-09-04,163.7899932861328,163.7899932861328,185.58999633789065,185.58999633789065,0.13309728277279032,-0.12705233400595917,35,0,USD,NMS,https://query1.finance.yahoo.com/v8/finance/chart/NTAP?period1=1767225600&period2=1788566400&interval=1d&events=div%2Csplits
NTAP,2026-07-18,report_close,2026-07-17,2026-09-04,163.8800048828125,163.8800048828125,185.58999633789065,185.58999633789065,0.13247492560549134,-0.12705233400595906,36,0,USD,NMS,https://query1.finance.yahoo.com/v8/finance/chart/NTAP?period1=1767225600&period2=1788566400&interval=1d&events=div%2Csplits
NTNX,2026-07-12,next_open,2026-07-13,2026-09-04,55.38999938964844,55.38999938964844,68.05999755859375,68.05999755859375,0.22874161958039574,-0.05765438664242539,40,0,USD,NMS,https://query1.finance.yahoo.com/v8/finance/chart/NTNX?period1=1767225600&period2=1788566400&interval=1d&events=div%2Csplits
NTNX,2026-07-12,report_close,2026-07-10,2026-09-04,54.790000915527344,54.790000915527344,68.05999755859375,68.05999755859375,0.24219741597605493,-0.057654386642425504,41,0,USD,NMS,https://query1.finance.yahoo.com/v8/finance/chart/NTNX?period1=1767225600&period2=1788566400&interval=1d&events=div%2Csplits
NTNX,2026-07-13,next_open,2026-07-14,2026-09-04,52.91999816894531,52.91999816894531,68.05999755859375,68.05999755859375,0.28609221302908017,-0.05765438664242539,39,0,USD,NMS,https://query1.finance.yahoo.com/v8/finance/chart/NTNX?period1=1767225600&period2=1788566400&interval=1d&events=div%2Csplits
NTNX,2026-07-13,report_close,2026-07-13,2026-09-04,55.220001220703125,55.220001220703125,68.05999755859375,68.05999755859375,0.2325243762051321,-0.057654386642425504,40,0,USD,NMS,https://query1.finance.yahoo.com/v8/finance/chart/NTNX?period1=1767225600&period2=1788566400&interval=1d&events=div%2Csplits
NTNX,2026-07-14,next_open,2026-07-15,2026-09-04,55.59999847412109,55.59999847412109,68.05999755859375,68.05999755859375,0.22410070910833113,-0.057654386642425504,38,0,USD,NMS,https://query1.finance.yahoo.com/v8/finance/chart/NTNX?period1=1767225600&period2=1788566400&interval=1d&events=div%2Csplits
NTNX,2026-07-14,report_close,2026-07-14,2026-09-04,55.470001220703125,55.470001220703125,68.05999755859375,68.05999755859375,0.2269694620664917,-0.057654386642425615,39,0,USD,NMS,https://query1.finance.yahoo.com/v8/finance/chart/NTNX?period1=1767225600&period2=1788566400&interval=1d&events=div%2Csplits
NTNX,2026-07-15,next_open,2026-07-16,2026-09-04,54.93000030517578,54.93000030517578,68.05999755859375,68.05999755859375,0.2390314433000429,-0.05765438664242539,37,0,USD,NMS,https://query1.finance.yahoo.com/v8/finance/chart/NTNX?period1=1767225600&period2=1788566400&interval=1d&events=div%2Csplits
NTNX,2026-07-15,report_close,2026-07-15,2026-09-04,54.59000015258789,54.59000015258789,68.05999755859375,68.05999755859375,0.2467484405267455,-0.057654386642425504,38,0,USD,NMS,https://query1.finance.yahoo.com/v8/finance/chart/NTNX?period1=1767225600&period2=1788566400&interval=1d&events=div%2Csplits
NTNX,2026-07-18,next_open,2026-07-20,2026-09-04,54.59000015258789,54.59000015258789,68.05999755859375,68.05999755859375,0.2467484405267455,-0.04510300775567755,35,0,USD,NMS,https://query1.finance.yahoo.com/v8/finance/chart/NTNX?period1=1767225600&period2=1788566400&interval=1d&events=div%2Csplits
NTNX,2026-07-18,report_close,2026-07-17,2026-09-04,55.08000183105469,55.08000183105469,68.05999755859375,68.05999755859375,0.2356571404509431,-0.04510300775567766,36,0,USD,NMS,https://query1.finance.yahoo.com/v8/finance/chart/NTNX?period1=1767225600&period2=1788566400&interval=1d&events=div%2Csplits
NVDA,2026-07-12,next_open,2026-07-13,2026-09-04,208.5399932861328,208.5399932861328,230.3600006103516,230.3600006103516,0.10463224334279153,-0.10583531996783069,40,0,USD,NMS,https://query1.finance.yahoo.com/v8/finance/chart/NVDA?period1=1767225600&period2=1788566400&interval=1d&events=div%2Csplits
NVDA,2026-07-12,report_close,2026-07-10,2026-09-04,210.9600067138672,210.9600067138672,230.3600006103516,230.3600006103516,0.09196052938506649,-0.10583531996783069,41,0,USD,NMS,https://query1.finance.yahoo.com/v8/finance/chart/NVDA?period1=1767225600&period2=1788566400&interval=1d&events=div%2Csplits
NVDA,2026-07-13,next_open,2026-07-14,2026-09-04,208.1999969482422,208.1999969482422,230.3600006103516,230.3600006103516,0.10643613826573839,-0.10583531996783069,39,0,USD,NMS,https://query1.finance.yahoo.com/v8/finance/chart/NVDA?period1=1767225600&period2=1788566400&interval=1d&events=div%2Csplits
NVDA,2026-07-13,report_close,2026-07-13,2026-09-04,203.52999877929688,203.52999877929688,230.3600006103516,230.3600006103516,0.13182332821683218,-0.10583531996783069,40,0,USD,NMS,https://query1.finance.yahoo.com/v8/finance/chart/NVDA?period1=1767225600&period2=1788566400&interval=1d&events=div%2Csplits
NVDA,2026-07-14,next_open,2026-07-15,2026-09-04,211.9600067138672,211.9600067138672,230.3600006103516,230.3600006103516,0.08680880030978311,-0.10583531996783069,38,0,USD,NMS,https://query1.finance.yahoo.com/v8/finance/chart/NVDA?period1=1767225600&period2=1788566400&interval=1d&events=div%2Csplits
NVDA,2026-07-14,report_close,2026-07-14,2026-09-04,211.8000030517578,211.8000030517578,230.3600006103516,230.3600006103516,0.08762982668162778,-0.1058353199678308,39,0,USD,NMS,https://query1.finance.yahoo.com/v8/finance/chart/NVDA?period1=1767225600&period2=1788566400&interval=1d&events=div%2Csplits
NVDA,2026-07-15,next_open,2026-07-16,2026-09-04,210.1699981689453,210.1699981689453,230.3600006103516,230.3600006103516,0.09606510261838852,-0.10398002124688865,37,0,USD,NMS,https://query1.finance.yahoo.com/v8/finance/chart/NVDA?period1=1767225600&period2=1788566400&interval=1d&events=div%2Csplits
NVDA,2026-07-15,report_close,2026-07-15,2026-09-04,212.5,212.5,230.3600006103516,230.3600006103516,0.08404706169577225,-0.1058353199678308,38,0,USD,NMS,https://query1.finance.yahoo.com/v8/finance/chart/NVDA?period1=1767225600&period2=1788566400&interval=1d&events=div%2Csplits
NVDA,2026-07-18,next_open,2026-07-20,2026-09-04,205.8699951171875,205.8699951171875,230.3600006103516,230.3600006103516,0.11895859558953026,-0.10398002124688865,35,0,USD,NMS,https://query1.finance.yahoo.com/v8/finance/chart/NVDA?period1=1767225600&period2=1788566400&interval=1d&events=div%2Csplits
NVDA,2026-07-18,report_close,2026-07-17,2026-09-04,202.80999755859372,202.80999755859372,230.3600006103516,230.3600006103516,0.13584144462009773,-0.10398002124688877,36,0,USD,NMS,https://query1.finance.yahoo.com/v8/finance/chart/NVDA?period1=1767225600&period2=1788566400&interval=1d&events=div%2Csplits
NVMI,2026-07-12,next_open,2026-07-13,2026-09-04,455.8500061035156,455.8500061035156,372.1000061035156,372.1000061035156,-0.183722713345718,-0.2869873536431977,40,0,USD,NMS,https://query1.finance.yahoo.com/v8/finance/chart/NVMI?period1=1767225600&period2=1788566400&interval=1d&events=div%2Csplits
NVMI,2026-07-12,report_close,2026-07-10,2026-09-04,475.8999938964844,475.8999938964844,372.1000061035156,372.1000061035156,-0.21811302610679772,-0.2905231792840085,41,0,USD,NMS,https://query1.finance.yahoo.com/v8/finance/chart/NVMI?period1=1767225600&period2=1788566400&interval=1d&events=div%2Csplits
NVMI,2026-07-13,next_open,2026-07-14,2026-09-04,488.2099914550781,488.2099914550781,372.1000061035156,372.1000061035156,-0.23782795801762324,-0.30841232142315766,39,0,USD,NMS,https://query1.finance.yahoo.com/v8/finance/chart/NVMI?period1=1767225600&period2=1788566400&interval=1d&events=div%2Csplits
NVMI,2026-07-13,report_close,2026-07-13,2026-09-04,452.7300109863281,452.7300109863281,372.1000061035156,372.1000061035156,-0.1780973271622751,-0.2869873536431977,40,0,USD,NMS,https://query1.finance.yahoo.com/v8/finance/chart/NVMI?period1=1767225600&period2=1788566400&interval=1d&events=div%2Csplits
NVMI,2026-07-14,next_open,2026-07-15,2026-09-04,488.3900146484375,488.3900146484375,372.1000061035156,372.1000061035156,-0.23810889874280505,-0.3086672443713163,38,0,USD,NMS,https://query1.finance.yahoo.com/v8/finance/chart/NVMI?period1=1767225600&period2=1788566400&interval=1d&events=div%2Csplits
NVMI,2026-07-14,report_close,2026-07-14,2026-09-04,473.5400085449219,473.5400085449219,372.1000061035156,372.1000061035156,-0.21421632937226942,-0.2869873536431977,39,0,USD,NMS,https://query1.finance.yahoo.com/v8/finance/chart/NVMI?period1=1767225600&period2=1788566400&interval=1d&events=div%2Csplits
NVMI,2026-07-15,next_open,2026-07-16,2026-09-04,457.9400024414063,457.9400024414063,372.1000061035156,372.1000061035156,-0.1874481283143068,-0.2626981420090315,37,0,USD,NMS,https://query1.finance.yahoo.com/v8/finance/chart/NVMI?period1=1767225600&period2=1788566400&interval=1d&events=div%2Csplits
NVMI,2026-07-15,report_close,2026-07-15,2026-09-04,472.4800109863281,472.4800109863281,372.1000061035156,372.1000061035156,-0.21245344257689058,-0.28538772689325986,38,0,USD,NMS,https://query1.finance.yahoo.com/v8/finance/chart/NVMI?period1=1767225600&period2=1788566400&interval=1d&events=div%2Csplits
NVMI,2026-07-18,next_open,2026-07-20,2026-09-04,447.30999755859375,447.30999755859375,372.1000061035156,372.1000061035156,-0.16813840930355295,-0.2585369737381418,35,0,USD,NMS,https://query1.finance.yahoo.com/v8/finance/chart/NVMI?period1=1767225600&period2=1788566400&interval=1d&events=div%2Csplits
NVMI,2026-07-18,report_close,2026-07-17,2026-09-04,437.4599914550781,437.4599914550781,372.1000061035156,372.1000061035156,-0.1494079153025224,-0.2585369737381418,36,0,USD,NMS,https://query1.finance.yahoo.com/v8/finance/chart/NVMI?period1=1767225600&period2=1788566400&interval=1d&events=div%2Csplits
NVT,2026-07-12,next_open,2026-07-13,2026-09-04,158.30999755859375,158.10061437532383,156.02999877929688,156.02999877929688,-0.013096821946000814,-0.17303165579816093,40,0,USD,NYQ,https://query1.finance.yahoo.com/v8/finance/chart/NVT?period1=1767225600&period2=1788566400&interval=1d&events=div%2Csplits
NVT,2026-07-12,report_close,2026-07-10,2026-09-04,160.72000122070312,160.50743103027344,156.02999877929688,156.02999877929688,-0.02789548260935082,-0.1730316557981607,41,0,USD,NYQ,https://query1.finance.yahoo.com/v8/finance/chart/NVT?period1=1767225600&period2=1788566400&interval=1d&events=div%2Csplits
NVT,2026-07-13,next_open,2026-07-14,2026-09-04,163.0,162.7844277727695,156.02999877929688,156.02999877929688,-0.041493090499424956,-0.17922124100925962,39,0,USD,NYQ,https://query1.finance.yahoo.com/v8/finance/chart/NVT?period1=1767225600&period2=1788566400&interval=1d&events=div%2Csplits
NVT,2026-07-13,report_close,2026-07-13,2026-09-04,158.02000427246094,157.81100463867188,156.02999877929688,156.02999877929688,-0.011285688621353374,-0.17303165579816082,40,0,USD,NYQ,https://query1.finance.yahoo.com/v8/finance/chart/NVT?period1=1767225600&period2=1788566400&interval=1d&events=div%2Csplits
NVT,2026-07-14,next_open,2026-07-15,2026-09-04,163.2899932861328,163.07403626439574,156.02999877929688,156.02999877929688,-0.04319533413447996,-0.1806788887366071,38,0,USD,NYQ,https://query1.finance.yahoo.com/v8/finance/chart/NVT?period1=1767225600&period2=1788566400&interval=1d&events=div%2Csplits
NVT,2026-07-14,report_close,2026-07-14,2026-09-04,161.77999877929688,161.5660400390625,156.02999877929688,156.02999877929688,-0.03426488176863873,-0.17303165579816082,39,0,USD,NYQ,https://query1.finance.yahoo.com/v8/finance/chart/NVT?period1=1767225600&period2=1788566400&interval=1d&events=div%2Csplits
NVT,2026-07-15,next_open,2026-07-16,2026-09-04,154.41000366210938,154.2057819250551,156.02999877929688,156.02999877929688,0.01182975652059759,-0.16878281433849085,37,0,USD,NYQ,https://query1.finance.yahoo.com/v8/finance/chart/NVT?period1=1767225600&period2=1788566400&interval=1d&events=div%2Csplits
NVT,2026-07-15,report_close,2026-07-15,2026-09-04,159.4600067138672,159.24911499023438,156.02999877929688,156.02999877929688,-0.02021434286234436,-0.16878281433849085,38,0,USD,NYQ,https://query1.finance.yahoo.com/v8/finance/chart/NVT?period1=1767225600&period2=1788566400&interval=1d&events=div%2Csplits
NVT,2026-07-18,next_open,2026-07-20,2026-09-04,157.41000366210938,157.20181330549744,156.02999877929688,156.02999877929688,-0.007454204894719152,-0.16878281433849096,35,0,USD,NYQ,https://query1.finance.yahoo.com/v8/finance/chart/NVT?period1=1767225600&period2=1788566400&interval=1d&events=div%2Csplits
NVT,2026-07-18,report_close,2026-07-17,2026-09-04,154.9199981689453,154.71510314941406,156.02999877929688,156.02999877929688,0.008498818816757403,-0.16878281433849096,36,0,USD,NYQ,https://query1.finance.yahoo.com/v8/finance/chart/NVT?period1=1767225600&period2=1788566400&interval=1d&events=div%2Csplits
NVTS,2026-07-12,next_open,2026-07-13,2026-09-04,13.010000228881836,13.010000228881836,11.800000190734863,11.800000190734863,-0.09300538177246198,-0.26639040536115866,40,0,USD,NGM,https://query1.finance.yahoo.com/v8/finance/chart/NVTS?period1=1767225600&period2=1788566400&interval=1d&events=div%2Csplits
NVTS,2026-07-12,report_close,2026-07-10,2026-09-04,13.470000267028809,13.470000267028809,11.800000190734863,11.800000190734863,-0.12397921627230313,-0.27728289059458366,41,0,USD,NGM,https://query1.finance.yahoo.com/v8/finance/chart/NVTS?period1=1767225600&period2=1788566400&interval=1d&events=div%2Csplits
NVTS,2026-07-13,next_open,2026-07-14,2026-09-04,13.675000190734863,13.675000190734863,11.800000190734863,11.800000190734863,-0.13711151545506794,-0.2881170368631557,39,0,USD,NGM,https://query1.finance.yahoo.com/v8/finance/chart/NVTS?period1=1767225600&period2=1788566400&interval=1d&events=div%2Csplits
NVTS,2026-07-13,report_close,2026-07-13,2026-09-04,12.869999885559082,12.869999885559082,11.800000190734863,11.800000190734863,-0.08313906016617945,-0.26639040536115854,40,0,USD,NGM,https://query1.finance.yahoo.com/v8/finance/chart/NVTS?period1=1767225600&period2=1788566400&interval=1d&events=div%2Csplits
NVTS,2026-07-14,next_open,2026-07-15,2026-09-04,13.170000076293944,13.170000076293944,11.800000190734863,11.800000190734863,-0.10402428835403621,-0.26639040536115877,38,0,USD,NGM,https://query1.finance.yahoo.com/v8/finance/chart/NVTS?period1=1767225600&period2=1788566400&interval=1d&events=div%2Csplits
NVTS,2026-07-14,report_close,2026-07-14,2026-09-04,13.09000015258789,13.09000015258789,11.800000190734863,11.800000190734863,-0.09854850625024592,-0.26639040536115854,39,0,USD,NGM,https://query1.finance.yahoo.com/v8/finance/chart/NVTS?period1=1767225600&period2=1788566400&interval=1d&events=div%2Csplits
NVTS,2026-07-15,next_open,2026-07-16,2026-09-04,12.652000427246094,12.652000427246094,11.800000190734863,11.800000190734863,-0.06734114825640125,-0.24965708932579422,37,0,USD,NGM,https://query1.finance.yahoo.com/v8/finance/chart/NVTS?period1=1767225600&period2=1788566400&interval=1d&events=div%2Csplits
NVTS,2026-07-15,report_close,2026-07-15,2026-09-04,13.270000457763672,13.270000457763672,11.800000190734863,11.800000190734863,-0.11077620318910986,-0.26639040536115866,38,0,USD,NGM,https://query1.finance.yahoo.com/v8/finance/chart/NVTS?period1=1767225600&period2=1788566400&interval=1d&events=div%2Csplits
NVTS,2026-07-18,next_open,2026-07-20,2026-09-04,11.649999618530272,11.649999618530272,11.800000190734863,11.800000190734863,0.012875586018561203,-0.24965708932579422,35,0,USD,NGM,https://query1.finance.yahoo.com/v8/finance/chart/NVTS?period1=1767225600&period2=1788566400&interval=1d&events=div%2Csplits
NVTS,2026-07-18,report_close,2026-07-17,2026-09-04,11.460000038146973,11.460000038146973,11.800000190734863,11.800000190734863,0.029668425083432037,-0.24965708932579422,36,0,USD,NGM,https://query1.finance.yahoo.com/v8/finance/chart/NVTS?period1=1767225600&period2=1788566400&interval=1d&events=div%2Csplits
OKLO,2026-07-12,next_open,2026-07-13,2026-09-04,47.720001220703125,47.720001220703125,41.27000045776367,41.27000045776367,-0.13516346600890583,-0.2279966636588222,40,0,USD,NYQ,https://query1.finance.yahoo.com/v8/finance/chart/OKLO?period1=1767225600&period2=1788566400&interval=1d&events=div%2Csplits
OKLO,2026-07-12,report_close,2026-07-10,2026-09-04,48.84999847412109,48.84999847412109,41.27000045776367,41.27000045776367,-0.15516884857986257,-0.24585463043352285,41,0,USD,NYQ,https://query1.finance.yahoo.com/v8/finance/chart/OKLO?period1=1767225600&period2=1788566400&interval=1d&events=div%2Csplits
OKLO,2026-07-13,next_open,2026-07-14,2026-09-04,46.959999084472656,46.959999084472656,41.27000045776367,41.27000045776367,-0.12116692371466387,-0.2155025368224709,39,0,USD,NYQ,https://query1.finance.yahoo.com/v8/finance/chart/OKLO?period1=1767225600&period2=1788566400&interval=1d&events=div%2Csplits
OKLO,2026-07-13,report_close,2026-07-13,2026-09-04,45.810001373291016,45.810001373291016,41.27000045776367,41.27000045776367,-0.09910501592288401,-0.20425443543266164,40,0,USD,NYQ,https://query1.finance.yahoo.com/v8/finance/chart/OKLO?period1=1767225600&period2=1788566400&interval=1d&events=div%2Csplits
OKLO,2026-07-14,next_open,2026-07-15,2026-09-04,46.790000915527344,46.790000915527344,41.27000045776367,41.27000045776367,-0.11797393352757657,-0.21265228827207672,38,0,USD,NYQ,https://query1.finance.yahoo.com/v8/finance/chart/OKLO?period1=1767225600&period2=1788566400&interval=1d&events=div%2Csplits
OKLO,2026-07-14,report_close,2026-07-14,2026-09-04,46.2400016784668,46.2400016784668,41.27000045776367,41.27000045776367,-0.10748272145970905,-0.20425443543266153,39,0,USD,NYQ,https://query1.finance.yahoo.com/v8/finance/chart/OKLO?period1=1767225600&period2=1788566400&interval=1d&events=div%2Csplits
OKLO,2026-07-15,next_open,2026-07-16,2026-09-04,44.29999923706055,44.29999923706055,41.27000045776367,41.27000045776367,-0.06839726481895814,-0.20425443543266153,37,0,USD,NYQ,https://query1.finance.yahoo.com/v8/finance/chart/OKLO?period1=1767225600&period2=1788566400&interval=1d&events=div%2Csplits
OKLO,2026-07-15,report_close,2026-07-15,2026-09-04,45.68999862670898,45.68999862670898,41.27000045776367,41.27000045776367,-0.09673885536870008,-0.20425443543266164,38,0,USD,NYQ,https://query1.finance.yahoo.com/v8/finance/chart/OKLO?period1=1767225600&period2=1788566400&interval=1d&events=div%2Csplits
OKLO,2026-07-18,next_open,2026-07-20,2026-09-04,41.25,41.25,41.27000045776367,41.27000045776367,0.00048485958214961045,-0.20425443543266164,35,0,USD,NYQ,https://query1.finance.yahoo.com/v8/finance/chart/OKLO?period1=1767225600&period2=1788566400&interval=1d&events=div%2Csplits
OKLO,2026-07-18,report_close,2026-07-17,2026-09-04,41.11000061035156,41.11000061035156,41.27000045776367,41.27000045776367,0.0038919933115209027,-0.20425443543266142,36,0,USD,NYQ,https://query1.finance.yahoo.com/v8/finance/chart/OKLO?period1=1767225600&period2=1788566400&interval=1d&events=div%2Csplits
ON,2026-07-12,next_open,2026-07-13,2026-09-04,92.98999786376952,92.98999786376952,74.37999725341797,74.37999725341797,-0.20012905729512143,-0.2325829752586388,40,0,USD,NMS,https://query1.finance.yahoo.com/v8/finance/chart/ON?period1=1767225600&period2=1788566400&interval=1d&events=div%2Csplits
ON,2026-07-12,report_close,2026-07-10,2026-09-04,95.95999908447266,95.95999908447266,74.37999725341797,74.37999725341797,-0.22488539013071496,-0.25041683001834447,41,0,USD,NMS,https://query1.finance.yahoo.com/v8/finance/chart/ON?period1=1767225600&period2=1788566400&interval=1d&events=div%2Csplits
ON,2026-07-13,next_open,2026-07-14,2026-09-04,95.44000244140624,95.44000244140624,74.37999725341797,74.37999725341797,-0.22066224485815267,-0.24633279059966517,39,0,USD,NMS,https://query1.finance.yahoo.com/v8/finance/chart/ON?period1=1767225600&period2=1788566400&interval=1d&events=div%2Csplits
ON,2026-07-13,report_close,2026-07-13,2026-09-04,90.37000274658205,90.37000274658205,74.37999725341797,74.37999725341797,-0.17693930515863399,-0.2325829752586387,40,0,USD,NMS,https://query1.finance.yahoo.com/v8/finance/chart/ON?period1=1767225600&period2=1788566400&interval=1d&events=div%2Csplits
ON,2026-07-14,next_open,2026-07-15,2026-09-04,94.55999755859376,94.55999755859376,74.37999725341797,74.37999725341797,-0.21340948420257022,-0.23931892806358612,38,0,USD,NMS,https://query1.finance.yahoo.com/v8/finance/chart/ON?period1=1767225600&period2=1788566400&interval=1d&events=div%2Csplits
ON,2026-07-14,report_close,2026-07-14,2026-09-04,93.7300033569336,93.7300033569336,74.37999725341797,74.37999725341797,-0.2064440991197748,-0.2325829752586387,39,0,USD,NMS,https://query1.finance.yahoo.com/v8/finance/chart/ON?period1=1767225600&period2=1788566400&interval=1d&events=div%2Csplits
ON,2026-07-15,next_open,2026-07-16,2026-09-04,88.94999694824219,88.94999694824219,74.37999725341797,74.37999725341797,-0.1637998897661811,-0.22094661671519067,37,0,USD,NMS,https://query1.finance.yahoo.com/v8/finance/chart/ON?period1=1767225600&period2=1788566400&interval=1d&events=div%2Csplits
ON,2026-07-15,report_close,2026-07-15,2026-09-04,92.54000091552734,92.54000091552734,74.37999725341797,74.37999725341797,-0.1962395016473606,-0.22271450622920186,38,0,USD,NMS,https://query1.finance.yahoo.com/v8/finance/chart/ON?period1=1767225600&period2=1788566400&interval=1d&events=div%2Csplits
ON,2026-07-18,next_open,2026-07-20,2026-09-04,89.87999725341797,89.87999725341797,74.37999725341797,74.37999725341797,-0.17245216370331573,-0.22094661671519078,35,0,USD,NMS,https://query1.finance.yahoo.com/v8/finance/chart/ON?period1=1767225600&period2=1788566400&interval=1d&events=div%2Csplits
ON,2026-07-18,report_close,2026-07-17,2026-09-04,87.37000274658203,87.37000274658203,74.37999725341797,74.37999725341797,-0.14867809413766142,-0.22094661671519067,36,0,USD,NMS,https://query1.finance.yahoo.com/v8/finance/chart/ON?period1=1767225600&period2=1788566400&interval=1d&events=div%2Csplits
ONTO,2026-07-12,next_open,2026-07-13,2026-09-04,311.7900085449219,311.7900085449219,268.010009765625,268.010009765625,-0.14041501516874033,-0.31632847127886166,40,0,USD,NYQ,https://query1.finance.yahoo.com/v8/finance/chart/ONTO?period1=1767225600&period2=1788566400&interval=1d&events=div%2Csplits
ONTO,2026-07-12,report_close,2026-07-10,2026-09-04,321.44000244140625,321.44000244140625,268.010009765625,268.010009765625,-0.1662207325471905,-0.3208374940875991,41,0,USD,NYQ,https://query1.finance.yahoo.com/v8/finance/chart/ONTO?period1=1767225600&period2=1788566400&interval=1d&events=div%2Csplits
ONTO,2026-07-13,next_open,2026-07-14,2026-09-04,324.5599975585937,324.5599975585937,268.010009765625,268.010009765625,-0.17423585228724803,-0.3273662829653503,39,0,USD,NYQ,https://query1.finance.yahoo.com/v8/finance/chart/ONTO?period1=1767225600&period2=1788566400&interval=1d&events=div%2Csplits
ONTO,2026-07-13,report_close,2026-07-13,2026-09-04,304.2099914550781,304.2099914550781,268.010009765625,268.010009765625,-0.11899668882111214,-0.31632847127886177,40,0,USD,NYQ,https://query1.finance.yahoo.com/v8/finance/chart/ONTO?period1=1767225600&period2=1788566400&interval=1d&events=div%2Csplits
ONTO,2026-07-14,next_open,2026-07-15,2026-09-04,326.2950134277344,326.2950134277344,268.010009765625,268.010009765625,-0.17862670670269976,-0.33094289347163575,38,0,USD,NYQ,https://query1.finance.yahoo.com/v8/finance/chart/ONTO?period1=1767225600&period2=1788566400&interval=1d&events=div%2Csplits
ONTO,2026-07-14,report_close,2026-07-14,2026-09-04,319.32000732421875,319.32000732421875,268.010009765625,268.010009765625,-0.1606851947316179,-0.31632847127886166,39,0,USD,NYQ,https://query1.finance.yahoo.com/v8/finance/chart/ONTO?period1=1767225600&period2=1788566400&interval=1d&events=div%2Csplits
ONTO,2026-07-15,next_open,2026-07-16,2026-09-04,291.4599914550781,291.4599914550781,268.010009765625,268.010009765625,-0.08045694907346279,-0.28106844720053203,37,0,USD,NYQ,https://query1.finance.yahoo.com/v8/finance/chart/ONTO?period1=1767225600&period2=1788566400&interval=1d&events=div%2Csplits
ONTO,2026-07-15,report_close,2026-07-15,2026-09-04,304.7300109863281,304.7300109863281,268.010009765625,268.010009765625,-0.12050011451727538,-0.2835953477244212,38,0,USD,NYQ,https://query1.finance.yahoo.com/v8/finance/chart/ONTO?period1=1767225600&period2=1788566400&interval=1d&events=div%2Csplits
ONTO,2026-07-18,next_open,2026-07-20,2026-09-04,286.510009765625,286.510009765625,268.010009765625,268.010009765625,-0.06457016986992403,-0.2810684472005319,35,0,USD,NYQ,https://query1.finance.yahoo.com/v8/finance/chart/ONTO?period1=1767225600&period2=1788566400&interval=1d&events=div%2Csplits
ONTO,2026-07-18,report_close,2026-07-17,2026-09-04,279.8500061035156,279.8500061035156,268.010009765625,268.010009765625,-0.04230836548029604,-0.2810684472005319,36,0,USD,NYQ,https://query1.finance.yahoo.com/v8/finance/chart/ONTO?period1=1767225600&period2=1788566400&interval=1d&events=div%2Csplits
ORCL,2026-07-12,next_open,2026-07-13,2026-09-04,139.02999877929688,139.02999877929688,158.77999877929688,158.77999877929688,0.14205567268508812,-0.17291232918508215,40,0,USD,NYQ,https://query1.finance.yahoo.com/v8/finance/chart/ORCL?period1=1767225600&period2=1788566400&interval=1d&events=div%2Csplits
ORCL,2026-07-12,report_close,2026-07-10,2026-09-04,140.63999938964844,140.63999938964844,158.77999877929688,158.77999877929688,0.12898179371709806,-0.1823805577161205,41,0,USD,NYQ,https://query1.finance.yahoo.com/v8/finance/chart/ORCL?period1=1767225600&period2=1788566400&interval=1d&events=div%2Csplits
ORCL,2026-07-13,next_open,2026-07-14,2026-09-04,132.0,132.0,158.77999877929688,158.77999877929688,0.20287877863103687,-0.13208549251888646,39,0,USD,NYQ,https://query1.finance.yahoo.com/v8/finance/chart/ORCL?period1=1767225600&period2=1788566400&interval=1d&events=div%2Csplits
ORCL,2026-07-13,report_close,2026-07-13,2026-09-04,131.5399932861328,131.5399932861328,158.77999877929688,158.77999877929688,0.20708534957813285,-0.13208549251888635,40,0,USD,NYQ,https://query1.finance.yahoo.com/v8/finance/chart/ORCL?period1=1767225600&period2=1788566400&interval=1d&events=div%2Csplits
ORCL,2026-07-14,next_open,2026-07-15,2026-09-04,130.55999755859375,130.55999755859375,158.77999877929688,158.77999877929688,0.2161458467249,-0.13208549251888646,38,0,USD,NYQ,https://query1.finance.yahoo.com/v8/finance/chart/ORCL?period1=1767225600&period2=1788566400&interval=1d&events=div%2Csplits
ORCL,2026-07-14,report_close,2026-07-14,2026-09-04,127.94000244140624,127.94000244140624,158.77999877929688,158.77999877929688,0.2410504591948457,-0.13208549251888646,39,0,USD,NYQ,https://query1.finance.yahoo.com/v8/finance/chart/ORCL?period1=1767225600&period2=1788566400&interval=1d&events=div%2Csplits
ORCL,2026-07-15,next_open,2026-07-16,2026-09-04,131.47999572753906,131.47999572753906,158.77999877929688,158.77999877929688,0.20763617233704945,-0.12541830240047414,37,0,USD,NYQ,https://query1.finance.yahoo.com/v8/finance/chart/ORCL?period1=1767225600&period2=1788566400&interval=1d&events=div%2Csplits
ORCL,2026-07-15,report_close,2026-07-15,2026-09-04,132.49000549316406,132.49000549316406,158.77999877929688,158.77999877929688,0.1984300112923556,-0.13208549251888646,38,0,USD,NYQ,https://query1.finance.yahoo.com/v8/finance/chart/ORCL?period1=1767225600&period2=1788566400&interval=1d&events=div%2Csplits
ORCL,2026-07-18,next_open,2026-07-20,2026-09-04,124.2699966430664,124.2699966430664,158.77999877929688,158.77999877929688,0.27770180307762926,-0.09537827282073896,35,0,USD,NYQ,https://query1.finance.yahoo.com/v8/finance/chart/ORCL?period1=1767225600&period2=1788566400&interval=1d&events=div%2Csplits
ORCL,2026-07-18,report_close,2026-07-17,2026-09-04,126.41000366210938,126.41000366210938,158.77999877929688,158.77999877929688,0.25607146728443775,-0.09537827282073874,36,0,USD,NYQ,https://query1.finance.yahoo.com/v8/finance/chart/ORCL?period1=1767225600&period2=1788566400&interval=1d&events=div%2Csplits
P,2026-07-12,next_open,2026-07-13,2026-09-04,78.19999694824219,78.19999694824219,99.51000213623048,99.51000213623048,0.2725064708390288,-0.2177556073077923,40,0,USD,NYQ,https://query1.finance.yahoo.com/v8/finance/chart/P?period1=1767225600&period2=1788566400&interval=1d&events=div%2Csplits
P,2026-07-12,report_close,2026-07-10,2026-09-04,79.33000183105469,79.33000183105469,99.51000213623048,99.51000213623048,0.2543804341282152,-0.2177556073077923,41,0,USD,NYQ,https://query1.finance.yahoo.com/v8/finance/chart/P?period1=1767225600&period2=1788566400&interval=1d&events=div%2Csplits
P,2026-07-13,next_open,2026-07-14,2026-09-04,76.80999755859375,76.80999755859375,99.51000213623048,99.51000213623048,0.29553450461081265,-0.2177556073077923,39,0,USD,NYQ,https://query1.finance.yahoo.com/v8/finance/chart/P?period1=1767225600&period2=1788566400&interval=1d&events=div%2Csplits
P,2026-07-13,report_close,2026-07-13,2026-09-04,75.36000061035156,75.36000061035156,99.51000213623048,99.51000213623048,0.3204618010918865,-0.2177556073077923,40,0,USD,NYQ,https://query1.finance.yahoo.com/v8/finance/chart/P?period1=1767225600&period2=1788566400&interval=1d&events=div%2Csplits
P,2026-07-14,next_open,2026-07-15,2026-09-04,77.45999908447266,77.45999908447266,99.51000213623048,99.51000213623048,0.28466309466014295,-0.2177556073077923,38,0,USD,NYQ,https://query1.finance.yahoo.com/v8/finance/chart/P?period1=1767225600&period2=1788566400&interval=1d&events=div%2Csplits
P,2026-07-14,report_close,2026-07-14,2026-09-04,77.02999877929688,77.02999877929688,99.51000213623048,99.51000213623048,0.2918343984574421,-0.2177556073077922,39,0,USD,NYQ,https://query1.finance.yahoo.com/v8/finance/chart/P?period1=1767225600&period2=1788566400&interval=1d&events=div%2Csplits
P,2026-07-15,next_open,2026-07-16,2026-09-04,69.25,69.25,99.51000213623048,99.51000213623048,0.43696753987336434,-0.2177556073077923,37,0,USD,NYQ,https://query1.finance.yahoo.com/v8/finance/chart/P?period1=1767225600&period2=1788566400&interval=1d&events=div%2Csplits
P,2026-07-15,report_close,2026-07-15,2026-09-04,70.75,70.75,99.51000213623048,99.51000213623048,0.40650179697852273,-0.21775560730779242,38,0,USD,NYQ,https://query1.finance.yahoo.com/v8/finance/chart/P?period1=1767225600&period2=1788566400&interval=1d&events=div%2Csplits
P,2026-07-18,next_open,2026-07-20,2026-09-04,69.69000244140625,69.69000244140625,99.51000213623048,99.51000213623048,0.4278949440401614,-0.2177556073077923,35,0,USD,NYQ,https://query1.finance.yahoo.com/v8/finance/chart/P?period1=1767225600&period2=1788566400&interval=1d&events=div%2Csplits
P,2026-07-18,report_close,2026-07-17,2026-09-04,69.37999725341797,69.37999725341797,99.51000213623048,99.51000213623048,0.43427509477637205,-0.21775560730779242,36,0,USD,NYQ,https://query1.finance.yahoo.com/v8/finance/chart/P?period1=1767225600&period2=1788566400&interval=1d&events=div%2Csplits
PENG,2026-07-12,next_open,2026-07-13,2026-09-04,75.37999725341797,75.37999725341797,51.7599983215332,51.7599983215332,-0.31334571229125063,-0.43830335412882615,40,0,USD,NMS,https://query1.finance.yahoo.com/v8/finance/chart/PENG?period1=1767225600&period2=1788566400&interval=1d&events=div%2Csplits
PENG,2026-07-12,report_close,2026-07-10,2026-09-04,78.3499984741211,78.3499984741211,51.7599983215332,51.7599983215332,-0.3393746097055833,-0.44224630996804026,41,0,USD,NMS,https://query1.finance.yahoo.com/v8/finance/chart/PENG?period1=1767225600&period2=1788566400&interval=1d&events=div%2Csplits
PENG,2026-07-13,next_open,2026-07-14,2026-09-04,79.12000274658203,79.12000274658203,51.7599983215332,51.7599983215332,-0.34580388618895463,-0.4476744281353392,39,0,USD,NMS,https://query1.finance.yahoo.com/v8/finance/chart/PENG?period1=1767225600&period2=1788566400&interval=1d&events=div%2Csplits
PENG,2026-07-13,report_close,2026-07-13,2026-09-04,77.20999908447266,77.20999908447266,51.7599983215332,51.7599983215332,-0.32962052926714236,-0.43830335412882615,40,0,USD,NMS,https://query1.finance.yahoo.com/v8/finance/chart/PENG?period1=1767225600&period2=1788566400&interval=1d&events=div%2Csplits
PENG,2026-07-14,next_open,2026-07-15,2026-09-04,81.5999984741211,81.5999984741211,51.7599983215332,51.7599983215332,-0.36568628321790286,-0.46446076494966326,38,0,USD,NMS,https://query1.finance.yahoo.com/v8/finance/chart/PENG?period1=1767225600&period2=1788566400&interval=1d&events=div%2Csplits
PENG,2026-07-14,report_close,2026-07-14,2026-09-04,77.80000305175781,77.80000305175781,51.7599983215332,51.7599983215332,-0.3347044178507428,-0.43830335412882615,39,0,USD,NMS,https://query1.finance.yahoo.com/v8/finance/chart/PENG?period1=1767225600&period2=1788566400&interval=1d&events=div%2Csplits
PENG,2026-07-15,next_open,2026-07-16,2026-09-04,70.0199966430664,70.0199966430664,51.7599983215332,51.7599983215332,-0.2607826220645979,-0.37589256129639126,37,0,USD,NMS,https://query1.finance.yahoo.com/v8/finance/chart/PENG?period1=1767225600&period2=1788566400&interval=1d&events=div%2Csplits
PENG,2026-07-15,report_close,2026-07-15,2026-09-04,72.8499984741211,72.8499984741211,51.7599983215332,51.7599983215332,-0.2894989786455494,-0.4001372453224794,38,0,USD,NMS,https://query1.finance.yahoo.com/v8/finance/chart/PENG?period1=1767225600&period2=1788566400&interval=1d&events=div%2Csplits
PENG,2026-07-18,next_open,2026-07-20,2026-09-04,58.91999816894531,58.91999816894531,51.7599983215332,51.7599983215332,-0.12152070722883856,-0.2618243209500658,35,0,USD,NMS,https://query1.finance.yahoo.com/v8/finance/chart/PENG?period1=1767225600&period2=1788566400&interval=1d&events=div%2Csplits
PENG,2026-07-18,report_close,2026-07-17,2026-09-04,60.40999984741211,60.40999984741211,51.7599983215332,51.7599983215332,-0.14318823949226445,-0.27660981835259,36,0,USD,NMS,https://query1.finance.yahoo.com/v8/finance/chart/PENG?period1=1767225600&period2=1788566400&interval=1d&events=div%2Csplits
PH,2026-07-12,next_open,2026-07-13,2026-09-04,958.989990234375,957.0624045060459,962.5900268554688,962.5900268554688,0.005775613296894466,-0.11414595952986184,40,0,USD,NYQ,https://query1.finance.yahoo.com/v8/finance/chart/PH?period1=1767225600&period2=1788566400&interval=1d&events=div%2Csplits
PH,2026-07-12,report_close,2026-07-10,2026-09-04,961.27001953125,959.337890625,962.5900268554688,962.5900268554688,0.0033899799666519126,-0.11414595952986206,41,0,USD,NYQ,https://query1.finance.yahoo.com/v8/finance/chart/PH?period1=1767225600&period2=1788566400&interval=1d&events=div%2Csplits
PH,2026-07-13,next_open,2026-07-14,2026-09-04,963.02001953125,961.0843740250373,962.5900268554688,962.5900268554688,0.0015666187809564303,-0.11414595952986184,39,0,USD,NYQ,https://query1.finance.yahoo.com/v8/finance/chart/PH?period1=1767225600&period2=1788566400&interval=1d&events=div%2Csplits
PH,2026-07-13,report_close,2026-07-13,2026-09-04,951.260009765625,949.3479614257812,962.5900268554688,962.5900268554688,0.013948589945671719,-0.11414595952986195,40,0,USD,NYQ,https://query1.finance.yahoo.com/v8/finance/chart/PH?period1=1767225600&period2=1788566400&interval=1d&events=div%2Csplits
PH,2026-07-14,next_open,2026-07-15,2026-09-04,959.22998046875,957.301952618922,962.5900268554688,962.5900268554688,0.005523935496088761,-0.11414595952986184,38,0,USD,NYQ,https://query1.finance.yahoo.com/v8/finance/chart/PH?period1=1767225600&period2=1788566400&interval=1d&events=div%2Csplits
PH,2026-07-14,report_close,2026-07-14,2026-09-04,964.5499877929688,962.6112670898438,962.5900268554688,962.5900268554688,-2.206522518610754e-05,-0.11414595952986195,39,0,USD,NYQ,https://query1.finance.yahoo.com/v8/finance/chart/PH?period1=1767225600&period2=1788566400&interval=1d&events=div%2Csplits
PH,2026-07-15,next_open,2026-07-16,2026-09-04,949.969970703125,948.0605250378196,962.5900268554688,962.5900268554688,0.015325500254395275,-0.11414595952986195,37,0,USD,NYQ,https://query1.finance.yahoo.com/v8/finance/chart/PH?period1=1767225600&period2=1788566400&interval=1d&events=div%2Csplits
PH,2026-07-15,report_close,2026-07-15,2026-09-04,952.9500122070312,951.0346069335938,962.5900268554688,962.5900268554688,0.012150367439448972,-0.11414595952986195,38,0,USD,NYQ,https://query1.finance.yahoo.com/v8/finance/chart/PH?period1=1767225600&period2=1788566400&interval=1d&events=div%2Csplits
PH,2026-07-18,next_open,2026-07-20,2026-09-04,956.010009765625,954.0884458127615,962.5900268554688,962.5900268554688,0.008910684412979153,-0.11414595952986184,35,0,USD,NYQ,https://query1.finance.yahoo.com/v8/finance/chart/PH?period1=1767225600&period2=1788566400&interval=1d&events=div%2Csplits
PH,2026-07-18,report_close,2026-07-17,2026-09-04,953.2100219726562,951.2940673828124,962.5900268554688,962.5900268554688,0.011874308754740381,-0.11414595952986195,36,0,USD,NYQ,https://query1.finance.yahoo.com/v8/finance/chart/PH?period1=1767225600&period2=1788566400&interval=1d&events=div%2Csplits
PLAB,2026-07-12,next_open,2026-07-13,2026-09-04,28.989999771118164,28.989999771118164,29.1299991607666,29.1299991607666,0.004829230450285049,-0.18660710818913373,40,0,USD,NMS,https://query1.finance.yahoo.com/v8/finance/chart/PLAB?period1=1767225600&period2=1788566400&interval=1d&events=div%2Csplits
PLAB,2026-07-12,report_close,2026-07-10,2026-09-04,29.899999618530277,29.899999618530277,29.1299991607666,29.1299991607666,-0.02575252399958139,-0.18660710818913362,41,0,USD,NMS,https://query1.finance.yahoo.com/v8/finance/chart/PLAB?period1=1767225600&period2=1788566400&interval=1d&events=div%2Csplits
PLAB,2026-07-13,next_open,2026-07-14,2026-09-04,29.81999969482422,29.81999969482422,29.1299991607666,29.1299991607666,-0.02313885114416614,-0.18660710818913362,39,0,USD,NMS,https://query1.finance.yahoo.com/v8/finance/chart/PLAB?period1=1767225600&period2=1788566400&interval=1d&events=div%2Csplits
PLAB,2026-07-13,report_close,2026-07-13,2026-09-04,28.559999465942383,28.559999465942383,29.1299991607666,29.1299991607666,0.01995797288105483,-0.18660710818913362,40,0,USD,NMS,https://query1.finance.yahoo.com/v8/finance/chart/PLAB?period1=1767225600&period2=1788566400&interval=1d&events=div%2Csplits
PLAB,2026-07-14,next_open,2026-07-15,2026-09-04,29.90999984741211,29.90999984741211,29.1299991607666,29.1299991607666,-0.026078257794207138,-0.18660710818913373,38,0,USD,NMS,https://query1.finance.yahoo.com/v8/finance/chart/PLAB?period1=1767225600&period2=1788566400&interval=1d&events=div%2Csplits
PLAB,2026-07-14,report_close,2026-07-14,2026-09-04,29.46999931335449,29.46999931335449,29.1299991607666,29.1299991607666,-0.01153716187681808,-0.18660710818913373,39,0,USD,NMS,https://query1.finance.yahoo.com/v8/finance/chart/PLAB?period1=1767225600&period2=1788566400&interval=1d&events=div%2Csplits
PLAB,2026-07-15,next_open,2026-07-16,2026-09-04,28.600000381469727,28.600000381469727,29.1299991607666,29.1299991607666,0.01853142560236698,-0.18660710818913373,37,0,USD,NMS,https://query1.finance.yahoo.com/v8/finance/chart/PLAB?period1=1767225600&period2=1788566400&interval=1d&events=div%2Csplits
PLAB,2026-07-15,report_close,2026-07-15,2026-09-04,29.770000457763672,29.770000457763672,29.1299991607666,29.1299991607666,-0.021498195739199755,-0.18660710818913373,38,0,USD,NMS,https://query1.finance.yahoo.com/v8/finance/chart/PLAB?period1=1767225600&period2=1788566400&interval=1d&events=div%2Csplits
PLAB,2026-07-18,next_open,2026-07-20,2026-09-04,29.399999618530277,29.399999618530277,29.1299991607666,29.1299991607666,-0.009183689158740682,-0.18660710818913373,35,0,USD,NMS,https://query1.finance.yahoo.com/v8/finance/chart/PLAB?period1=1767225600&period2=1788566400&interval=1d&events=div%2Csplits
PLAB,2026-07-18,report_close,2026-07-17,2026-09-04,28.850000381469727,28.850000381469727,29.1299991607666,29.1299991607666,0.009705330176588811,-0.18660710818913373,36,0,USD,NMS,https://query1.finance.yahoo.com/v8/finance/chart/PLAB?period1=1767225600&period2=1788566400&interval=1d&events=div%2Csplits
PNR,2026-07-12,next_open,2026-07-13,2026-09-04,76.37999725341797,76.04774875027114,60.209999084472656,60.209999084472656,-0.2082605984538367,-0.2146682498763931,40,0,USD,NYQ,https://query1.finance.yahoo.com/v8/finance/chart/PNR?period1=1767225600&period2=1788566400&interval=1d&events=div%2Csplits
PNR,2026-07-12,report_close,2026-07-10,2026-09-04,76.19000244140625,75.85858154296875,60.209999084472656,60.209999084472656,-0.2062862518676576,-0.2146682498763931,41,0,USD,NYQ,https://query1.finance.yahoo.com/v8/finance/chart/PNR?period1=1767225600&period2=1788566400&interval=1d&events=div%2Csplits
PNR,2026-07-13,next_open,2026-07-14,2026-09-04,77.37999725341797,77.04340168507115,60.209999084472656,60.209999084472656,-0.21849246311070314,-0.22329493709020365,39,0,USD,NYQ,https://query1.finance.yahoo.com/v8/finance/chart/PNR?period1=1767225600&period2=1788566400&interval=1d&events=div%2Csplits
PNR,2026-07-13,report_close,2026-07-13,2026-09-04,76.52999877929688,76.19709777832031,60.209999084472656,60.209999084472656,-0.2098124359061393,-0.2146682498763931,40,0,USD,NYQ,https://query1.finance.yahoo.com/v8/finance/chart/PNR?period1=1767225600&period2=1788566400&interval=1d&events=div%2Csplits
PNR,2026-07-14,next_open,2026-07-15,2026-09-04,57.9900016784668,57.73774929559303,60.209999084472656,60.209999084472656,0.04281860341009747,-0.14391990205560323,38,0,USD,NYQ,https://query1.finance.yahoo.com/v8/finance/chart/PNR?period1=1767225600&period2=1788566400&interval=1d&events=div%2Csplits
PNR,2026-07-14,report_close,2026-07-14,2026-09-04,75.68000030517578,75.35079956054688,60.209999084472656,60.209999084472656,-0.20093748924200971,-0.20584784101057274,39,0,USD,NYQ,https://query1.finance.yahoo.com/v8/finance/chart/PNR?period1=1767225600&period2=1788566400&interval=1d&events=div%2Csplits
PNR,2026-07-15,next_open,2026-07-16,2026-09-04,63.40999984741211,63.13416651009684,60.209999084472656,60.209999084472656,-0.046316718621073893,-0.14391990205560334,37,0,USD,NYQ,https://query1.finance.yahoo.com/v8/finance/chart/PNR?period1=1767225600&period2=1788566400&interval=1d&events=div%2Csplits
PNR,2026-07-15,report_close,2026-07-15,2026-09-04,64.33000183105469,64.0501708984375,60.209999084472656,60.209999084472656,-0.05995568411603602,-0.14391990205560323,38,0,USD,NYQ,https://query1.finance.yahoo.com/v8/finance/chart/PNR?period1=1767225600&period2=1788566400&interval=1d&events=div%2Csplits
PNR,2026-07-18,next_open,2026-07-20,2026-09-04,62.810001373291016,62.536782012702425,60.209999084472656,60.209999084472656,-0.03720663029570592,-0.14391990205560334,35,0,USD,NYQ,https://query1.finance.yahoo.com/v8/finance/chart/PNR?period1=1767225600&period2=1788566400&interval=1d&events=div%2Csplits
PNR,2026-07-18,report_close,2026-07-17,2026-09-04,62.45000076293945,62.1783447265625,60.209999084472656,60.209999084472656,-0.03165644969717196,-0.14391990205560334,36,0,USD,NYQ,https://query1.finance.yahoo.com/v8/finance/chart/PNR?period1=1767225600&period2=1788566400&interval=1d&events=div%2Csplits
POET,2026-07-12,next_open,2026-07-13,2026-09-04,8.220000267028809,8.220000267028809,7.920000076293945,7.920000076293945,-0.03649637238312409,-0.2769580496982287,40,0,USD,NCM,https://query1.finance.yahoo.com/v8/finance/chart/POET?period1=1767225600&period2=1788566400&interval=1d&events=div%2Csplits
POET,2026-07-12,report_close,2026-07-10,2026-09-04,8.3100004196167,8.3100004196167,7.920000076293945,7.920000076293945,-0.04693144688682738,-0.27695804969822857,41,0,USD,NCM,https://query1.finance.yahoo.com/v8/finance/chart/POET?period1=1767225600&period2=1788566400&interval=1d&events=div%2Csplits
POET,2026-07-13,next_open,2026-07-14,2026-09-04,8.380000114440918,8.380000114440918,7.920000076293945,7.920000076293945,-0.054892605234488356,-0.2769580496982287,39,0,USD,NCM,https://query1.finance.yahoo.com/v8/finance/chart/POET?period1=1767225600&period2=1788566400&interval=1d&events=div%2Csplits
POET,2026-07-13,report_close,2026-07-13,2026-09-04,8.0,8.0,7.920000076293945,7.920000076293945,-0.009999990463256836,-0.2769580496982287,40,0,USD,NCM,https://query1.finance.yahoo.com/v8/finance/chart/POET?period1=1767225600&period2=1788566400&interval=1d&events=div%2Csplits
POET,2026-07-14,next_open,2026-07-15,2026-09-04,8.970000267028809,8.970000267028809,7.920000076293945,7.920000076293945,-0.11705687396625486,-0.2898551063623258,38,0,USD,NCM,https://query1.finance.yahoo.com/v8/finance/chart/POET?period1=1767225600&period2=1788566400&interval=1d&events=div%2Csplits
POET,2026-07-14,report_close,2026-07-14,2026-09-04,8.8100004196167,8.8100004196167,7.920000076293945,7.920000076293945,-0.1010216005598642,-0.2769580496982287,39,0,USD,NCM,https://query1.finance.yahoo.com/v8/finance/chart/POET?period1=1767225600&period2=1788566400&interval=1d&events=div%2Csplits
POET,2026-07-15,next_open,2026-07-16,2026-09-04,7.929999828338623,7.929999828338623,7.920000076293945,7.920000076293945,-0.0012610028072059798,-0.25887265540959326,37,0,USD,NCM,https://query1.finance.yahoo.com/v8/finance/chart/POET?period1=1767225600&period2=1788566400&interval=1d&events=div%2Csplits
POET,2026-07-15,report_close,2026-07-15,2026-09-04,8.270000457763672,8.270000457763672,7.920000076293945,7.920000076293945,-0.04232168828251448,-0.25887265540959337,38,0,USD,NCM,https://query1.finance.yahoo.com/v8/finance/chart/POET?period1=1767225600&period2=1788566400&interval=1d&events=div%2Csplits
POET,2026-07-18,next_open,2026-07-20,2026-09-04,7.570000171661377,7.570000171661377,7.920000076293945,7.920000076293945,0.04623512505888816,-0.25887265540959337,35,0,USD,NCM,https://query1.finance.yahoo.com/v8/finance/chart/POET?period1=1767225600&period2=1788566400&interval=1d&events=div%2Csplits
POET,2026-07-18,report_close,2026-07-17,2026-09-04,7.389999866485596,7.389999866485596,7.920000076293945,7.920000076293945,0.07171856825220724,-0.25887265540959337,36,0,USD,NCM,https://query1.finance.yahoo.com/v8/finance/chart/POET?period1=1767225600&period2=1788566400&interval=1d&events=div%2Csplits
POWI,2026-07-12,next_open,2026-07-13,2026-09-04,69.87999725341797,69.58832002869173,50.45000076293945,50.45000076293945,-0.27502200452405545,-0.32801922356790303,40,0,USD,NMS,https://query1.finance.yahoo.com/v8/finance/chart/POWI?period1=1767225600&period2=1788566400&interval=1d&events=div%2Csplits
POWI,2026-07-12,report_close,2026-07-10,2026-09-04,72.06999969482422,71.7691879272461,50.45000076293945,50.45000076293945,-0.29705208850793097,-0.3280192235679029,41,0,USD,NMS,https://query1.finance.yahoo.com/v8/finance/chart/POWI?period1=1767225600&period2=1788566400&interval=1d&events=div%2Csplits
POWI,2026-07-13,next_open,2026-07-14,2026-09-04,72.7300033569336,72.42643153782511,50.45000076293945,50.45000076293945,-0.30343108597595814,-0.32801922356790303,39,0,USD,NMS,https://query1.finance.yahoo.com/v8/finance/chart/POWI?period1=1767225600&period2=1788566400&interval=1d&events=div%2Csplits
POWI,2026-07-13,report_close,2026-07-13,2026-09-04,69.44000244140625,69.15016174316406,50.45000076293945,50.45000076293945,-0.2704283042703547,-0.3280192235679029,40,0,USD,NMS,https://query1.finance.yahoo.com/v8/finance/chart/POWI?period1=1767225600&period2=1788566400&interval=1d&events=div%2Csplits
POWI,2026-07-14,next_open,2026-07-15,2026-09-04,71.81999969482422,71.52022804296325,50.45000076293945,50.45000076293945,-0.2946051467756311,-0.32801922356790303,38,0,USD,NMS,https://query1.finance.yahoo.com/v8/finance/chart/POWI?period1=1767225600&period2=1788566400&interval=1d&events=div%2Csplits
POWI,2026-07-14,report_close,2026-07-14,2026-09-04,70.76000213623047,70.46465301513672,50.45000076293945,50.45000076293945,-0.2840381864634721,-0.32801922356790303,39,0,USD,NMS,https://query1.finance.yahoo.com/v8/finance/chart/POWI?period1=1767225600&period2=1788566400&interval=1d&events=div%2Csplits
POWI,2026-07-15,next_open,2026-07-16,2026-09-04,68.63999938964844,68.35350412910638,50.45000076293945,50.45000076293945,-0.2619251725902847,-0.32801922356790303,37,0,USD,NMS,https://query1.finance.yahoo.com/v8/finance/chart/POWI?period1=1767225600&period2=1788566400&interval=1d&events=div%2Csplits
POWI,2026-07-15,report_close,2026-07-15,2026-09-04,71.0199966430664,70.72356414794922,50.45000076293945,50.45000076293945,-0.2866592433407168,-0.3280192235679029,38,0,USD,NMS,https://query1.finance.yahoo.com/v8/finance/chart/POWI?period1=1767225600&period2=1788566400&interval=1d&events=div%2Csplits
POWI,2026-07-18,next_open,2026-07-20,2026-09-04,71.43000030517578,71.13185743145593,50.45000076293945,50.45000076293945,-0.29075378340072056,-0.32801922356790303,35,0,USD,NMS,https://query1.finance.yahoo.com/v8/finance/chart/POWI?period1=1767225600&period2=1788566400&interval=1d&events=div%2Csplits
POWI,2026-07-18,report_close,2026-07-17,2026-09-04,70.44999694824219,70.15594482421875,50.45000076293945,50.45000076293945,-0.2808877296236847,-0.32801922356790303,36,0,USD,NMS,https://query1.finance.yahoo.com/v8/finance/chart/POWI?period1=1767225600&period2=1788566400&interval=1d&events=div%2Csplits
POWL,2026-07-12,next_open,2026-07-13,2026-09-04,225.94000244140625,225.8401014162177,181.1699981689453,181.1699981689453,-0.1977952673911817,-0.30939869867471426,40,0,USD,NMS,https://query1.finance.yahoo.com/v8/finance/chart/POWL?period1=1767225600&period2=1788566400&interval=1d&events=div%2Csplits
POWL,2026-07-12,report_close,2026-07-10,2026-09-04,232.19000244140625,232.08734130859372,181.1699981689453,181.1699981689453,-0.21938871311359642,-0.30939869867471437,41,0,USD,NMS,https://query1.finance.yahoo.com/v8/finance/chart/POWL?period1=1767225600&period2=1788566400&interval=1d&events=div%2Csplits
POWL,2026-07-13,next_open,2026-07-14,2026-09-04,234.3000030517578,234.19640428210698,181.1699981689453,181.1699981689453,-0.22641853223881026,-0.30939869867471437,39,0,USD,NMS,https://query1.finance.yahoo.com/v8/finance/chart/POWL?period1=1767225600&period2=1788566400&interval=1d&events=div%2Csplits
POWL,2026-07-13,report_close,2026-07-13,2026-09-04,225.66000366210935,225.5602264404297,181.1699981689453,181.1699981689453,-0.19679989230374273,-0.30939869867471426,40,0,USD,NMS,https://query1.finance.yahoo.com/v8/finance/chart/POWL?period1=1767225600&period2=1788566400&interval=1d&events=div%2Csplits
POWL,2026-07-14,next_open,2026-07-15,2026-09-04,242.17999267578125,242.07290598474472,181.1699981689453,181.1699981689453,-0.25158911348648605,-0.30939869867471437,38,0,USD,NMS,https://query1.finance.yahoo.com/v8/finance/chart/POWL?period1=1767225600&period2=1788566400&interval=1d&events=div%2Csplits
POWL,2026-07-14,report_close,2026-07-14,2026-09-04,234.25,234.14642333984372,181.1699981689453,181.1699981689453,-0.22625340338429,-0.30939869867471437,39,0,USD,NMS,https://query1.finance.yahoo.com/v8/finance/chart/POWL?period1=1767225600&period2=1788566400&interval=1d&events=div%2Csplits
POWL,2026-07-15,next_open,2026-07-16,2026-09-04,240.83999633789065,240.7335155713505,181.1699981689453,181.1699981689453,-0.24742511345393148,-0.30199507647479784,37,0,USD,NMS,https://query1.finance.yahoo.com/v8/finance/chart/POWL?period1=1767225600&period2=1788566400&interval=1d&events=div%2Csplits
POWL,2026-07-15,report_close,2026-07-15,2026-09-04,247.00999450683597,246.90077209472656,181.1699981689453,181.1699981689453,-0.26622344421249045,-0.30939869867471437,38,0,USD,NMS,https://query1.finance.yahoo.com/v8/finance/chart/POWL?period1=1767225600&period2=1788566400&interval=1d&events=div%2Csplits
POWL,2026-07-18,next_open,2026-07-20,2026-09-04,234.9900054931641,234.88610168915244,181.1699981689453,181.1699981689453,-0.22869000393771644,-0.30199507647479795,35,0,USD,NMS,https://query1.finance.yahoo.com/v8/finance/chart/POWL?period1=1767225600&period2=1788566400&interval=1d&events=div%2Csplits
POWL,2026-07-18,report_close,2026-07-17,2026-09-04,232.7899932861328,232.68707275390625,181.1699981689453,181.1699981689453,-0.2214006733388505,-0.30199507647479795,36,0,USD,NMS,https://query1.finance.yahoo.com/v8/finance/chart/POWL?period1=1767225600&period2=1788566400&interval=1d&events=div%2Csplits
PSIX,2026-07-12,next_open,2026-07-13,2026-09-04,33.79999923706055,33.79999923706055,40.4900016784668,40.4900016784668,0.19792907078148358,-0.2473372453167536,40,0,USD,NCM,https://query1.finance.yahoo.com/v8/finance/chart/PSIX?period1=1767225600&period2=1788566400&interval=1d&events=div%2Csplits
PSIX,2026-07-12,report_close,2026-07-10,2026-09-04,34.52000045776367,34.52000045776367,40.4900016784668,40.4900016784668,0.17294325438980263,-0.2630359155068879,41,0,USD,NCM,https://query1.finance.yahoo.com/v8/finance/chart/PSIX?period1=1767225600&period2=1788566400&interval=1d&events=div%2Csplits
PSIX,2026-07-13,next_open,2026-07-14,2026-09-04,32.72999954223633,32.72999954223633,40.4900016784668,40.4900016784668,0.23709142208256373,-0.23968914434719069,39,0,USD,NCM,https://query1.finance.yahoo.com/v8/finance/chart/PSIX?period1=1767225600&period2=1788566400&interval=1d&events=div%2Csplits
PSIX,2026-07-13,report_close,2026-07-13,2026-09-04,32.18000030517578,32.18000030517578,40.4900016784668,40.4900016784668,0.2582349687533858,-0.2396891443471908,40,0,USD,NCM,https://query1.finance.yahoo.com/v8/finance/chart/PSIX?period1=1767225600&period2=1788566400&interval=1d&events=div%2Csplits
PSIX,2026-07-14,next_open,2026-07-15,2026-09-04,32.93000030517578,32.93000030517578,40.4900016784668,40.4900016784668,0.2295779320749891,-0.2396891443471909,38,0,USD,NCM,https://query1.finance.yahoo.com/v8/finance/chart/PSIX?period1=1767225600&period2=1788566400&interval=1d&events=div%2Csplits
PSIX,2026-07-14,report_close,2026-07-14,2026-09-04,32.630001068115234,32.630001068115234,40.4900016784668,40.4900016784668,0.24088263417288225,-0.2396891443471908,39,0,USD,NCM,https://query1.finance.yahoo.com/v8/finance/chart/PSIX?period1=1767225600&period2=1788566400&interval=1d&events=div%2Csplits
PSIX,2026-07-15,next_open,2026-07-16,2026-09-04,32.4900016784668,32.4900016784668,40.4900016784668,40.4900016784668,0.2462295963900214,-0.23373494128181405,37,0,USD,NCM,https://query1.finance.yahoo.com/v8/finance/chart/PSIX?period1=1767225600&period2=1788566400&interval=1d&events=div%2Csplits
PSIX,2026-07-15,report_close,2026-07-15,2026-09-04,33.459999084472656,33.459999084472656,40.4900016784668,40.4900016784668,0.21010169714130278,-0.2396891443471908,38,0,USD,NCM,https://query1.finance.yahoo.com/v8/finance/chart/PSIX?period1=1767225600&period2=1788566400&interval=1d&events=div%2Csplits
PSIX,2026-07-18,next_open,2026-07-20,2026-09-04,30.450000762939453,30.450000762939453,40.4900016784668,40.4900016784668,0.3297208756640486,-0.23373494128181416,35,0,USD,NCM,https://query1.finance.yahoo.com/v8/finance/chart/PSIX?period1=1767225600&period2=1788566400&interval=1d&events=div%2Csplits
PSIX,2026-07-18,report_close,2026-07-17,2026-09-04,30.25,30.25,40.4900016784668,40.4900016784668,0.33851245218072057,-0.23373494128181405,36,0,USD,NCM,https://query1.finance.yahoo.com/v8/finance/chart/PSIX?period1=1767225600&period2=1788566400&interval=1d&events=div%2Csplits
PWR,2026-07-12,next_open,2026-07-13,2026-09-04,649.5,649.5,624.4099731445312,624.4099731445312,-0.03862975651342382,-0.16559370042757815,40,0,USD,NYQ,https://query1.finance.yahoo.com/v8/finance/chart/PWR?period1=1767225600&period2=1788566400&interval=1d&events=div%2Csplits
PWR,2026-07-12,report_close,2026-07-10,2026-09-04,658.5599975585938,658.5599975585938,624.4099731445312,624.4099731445312,-0.05185560091815944,-0.16559370042757826,41,0,USD,NYQ,https://query1.finance.yahoo.com/v8/finance/chart/PWR?period1=1767225600&period2=1788566400&interval=1d&events=div%2Csplits
PWR,2026-07-13,next_open,2026-07-14,2026-09-04,663.9000244140625,663.9000244140625,624.4099731445312,624.4099731445312,-0.05948192471356506,-0.16559370042757815,39,0,USD,NYQ,https://query1.finance.yahoo.com/v8/finance/chart/PWR?period1=1767225600&period2=1788566400&interval=1d&events=div%2Csplits
PWR,2026-07-13,report_close,2026-07-13,2026-09-04,646.7000122070312,646.7000122070312,624.4099731445312,624.4099731445312,-0.0344673552524446,-0.16559370042757826,40,0,USD,NYQ,https://query1.finance.yahoo.com/v8/finance/chart/PWR?period1=1767225600&period2=1788566400&interval=1d&events=div%2Csplits
PWR,2026-07-14,next_open,2026-07-15,2026-09-04,664.030029296875,664.030029296875,624.4099731445312,624.4099731445312,-0.05966606087724147,-0.16559370042757826,38,0,USD,NYQ,https://query1.finance.yahoo.com/v8/finance/chart/PWR?period1=1767225600&period2=1788566400&interval=1d&events=div%2Csplits
PWR,2026-07-14,report_close,2026-07-14,2026-09-04,660.9400024414062,660.9400024414062,624.4099731445312,624.4099731445312,-0.05526981142303222,-0.16559370042757815,39,0,USD,NYQ,https://query1.finance.yahoo.com/v8/finance/chart/PWR?period1=1767225600&period2=1788566400&interval=1d&events=div%2Csplits
PWR,2026-07-15,next_open,2026-07-16,2026-09-04,633.6900024414062,633.6900024414062,624.4099731445312,624.4099731445312,-0.014644430653982243,-0.16559370042757815,37,0,USD,NYQ,https://query1.finance.yahoo.com/v8/finance/chart/PWR?period1=1767225600&period2=1788566400&interval=1d&events=div%2Csplits
PWR,2026-07-15,report_close,2026-07-15,2026-09-04,648.8400268554688,648.8400268554688,624.4099731445312,624.4099731445312,-0.03765189060442997,-0.16559370042757815,38,0,USD,NYQ,https://query1.finance.yahoo.com/v8/finance/chart/PWR?period1=1767225600&period2=1788566400&interval=1d&events=div%2Csplits
PWR,2026-07-18,next_open,2026-07-20,2026-09-04,634.1900024414062,634.1900024414062,624.4099731445312,624.4099731445312,-0.01542129213520449,-0.16559370042757815,35,0,USD,NYQ,https://query1.finance.yahoo.com/v8/finance/chart/PWR?period1=1767225600&period2=1788566400&interval=1d&events=div%2Csplits
PWR,2026-07-18,report_close,2026-07-17,2026-09-04,628.530029296875,628.530029296875,624.4099731445312,624.4099731445312,-0.006555066520771979,-0.16559370042757815,36,0,USD,NYQ,https://query1.finance.yahoo.com/v8/finance/chart/PWR?period1=1767225600&period2=1788566400&interval=1d&events=div%2Csplits
Q,2026-07-12,next_open,2026-07-13,2026-09-04,140.7100067138672,140.61640579417679,120.47000122070312,120.47000122070312,-0.1432720773916123,-0.1895161899140564,40,0,USD,NYQ,https://query1.finance.yahoo.com/v8/finance/chart/Q?period1=1767225600&period2=1788566400&interval=1d&events=div%2Csplits
Q,2026-07-12,report_close,2026-07-10,2026-09-04,143.8000030517578,143.704345703125,120.47000122070312,120.47000122070312,-0.1616815717627711,-0.19633607947836706,41,0,USD,NYQ,https://query1.finance.yahoo.com/v8/finance/chart/Q?period1=1767225600&period2=1788566400&interval=1d&events=div%2Csplits
Q,2026-07-13,next_open,2026-07-14,2026-09-04,145.8000030517578,145.7030175087958,120.47000122070312,120.47000122070312,-0.17318115108061782,-0.2073602878073708,39,0,USD,NYQ,https://query1.finance.yahoo.com/v8/finance/chart/Q?period1=1767225600&period2=1788566400&interval=1d&events=div%2Csplits
Q,2026-07-13,report_close,2026-07-13,2026-09-04,140.97999572753906,140.88621520996094,120.47000122070312,120.47000122070312,-0.14491278624265536,-0.1895161899140564,40,0,USD,NYQ,https://query1.finance.yahoo.com/v8/finance/chart/Q?period1=1767225600&period2=1788566400&interval=1d&events=div%2Csplits
Q,2026-07-14,next_open,2026-07-15,2026-09-04,143.6199951171875,143.5244475814666,120.47000122070312,120.47000122070312,-0.16063079669878144,-0.19532874147997903,38,0,USD,NYQ,https://query1.finance.yahoo.com/v8/finance/chart/Q?period1=1767225600&period2=1788566400&interval=1d&events=div%2Csplits
Q,2026-07-14,report_close,2026-07-14,2026-09-04,141.6699981689453,141.5757598876953,120.47000122070312,120.47000122070312,-0.14907748815004973,-0.1895161899140565,39,0,USD,NYQ,https://query1.finance.yahoo.com/v8/finance/chart/Q?period1=1767225600&period2=1788566400&interval=1d&events=div%2Csplits
Q,2026-07-15,next_open,2026-07-16,2026-09-04,136.84500122070312,136.75396812430216,120.47000122070312,120.47000122070312,-0.11907491334216913,-0.1895161899140564,37,0,USD,NYQ,https://query1.finance.yahoo.com/v8/finance/chart/Q?period1=1767225600&period2=1788566400&interval=1d&events=div%2Csplits
Q,2026-07-15,report_close,2026-07-15,2026-09-04,140.22999572753906,140.13670349121094,120.47000122070312,120.47000122070312,-0.14033940988016225,-0.1895161899140565,38,0,USD,NYQ,https://query1.finance.yahoo.com/v8/finance/chart/Q?period1=1767225600&period2=1788566400&interval=1d&events=div%2Csplits
Q,2026-07-18,next_open,2026-07-20,2026-09-04,138.61000061035156,138.51779651882595,120.47000122070312,120.47000122070312,-0.13029224945597473,-0.1895161899140565,35,0,USD,NYQ,https://query1.finance.yahoo.com/v8/finance/chart/Q?period1=1767225600&period2=1788566400&interval=1d&events=div%2Csplits
Q,2026-07-18,report_close,2026-07-17,2026-09-04,136.35000610351562,136.25929260253906,120.47000122070312,120.47000122070312,-0.1158768042917443,-0.1895161899140565,36,0,USD,NYQ,https://query1.finance.yahoo.com/v8/finance/chart/Q?period1=1767225600&period2=1788566400&interval=1d&events=div%2Csplits
QCOM,2026-07-12,next_open,2026-07-13,2026-09-04,185.05999755859372,184.0582560544413,168.74000549316406,168.74000549316406,-0.0832250119589657,-0.20236680892124959,40,0,USD,NMS,https://query1.finance.yahoo.com/v8/finance/chart/QCOM?period1=1767225600&period2=1788566400&interval=1d&events=div%2Csplits
QCOM,2026-07-12,report_close,2026-07-10,2026-09-04,189.16000366210935,188.1360626220703,168.74000549316406,168.74000549316406,-0.10309590228785248,-0.2196553277719585,41,0,USD,NMS,https://query1.finance.yahoo.com/v8/finance/chart/QCOM?period1=1767225600&period2=1788566400&interval=1d&events=div%2Csplits
QCOM,2026-07-13,next_open,2026-07-14,2026-09-04,189.3300018310547,188.3051476680881,168.74000549316406,168.74000549316406,-0.1039012603596483,-0.22035602351207695,39,0,USD,NMS,https://query1.finance.yahoo.com/v8/finance/chart/QCOM?period1=1767225600&period2=1788566400&interval=1d&events=div%2Csplits
QCOM,2026-07-13,report_close,2026-07-13,2026-09-04,183.97999572753903,182.98410034179688,168.74000549316406,168.74000549316406,-0.07784334716527941,-0.1976845318972259,40,0,USD,NMS,https://query1.finance.yahoo.com/v8/finance/chart/QCOM?period1=1767225600&period2=1788566400&interval=1d&events=div%2Csplits
QCOM,2026-07-14,next_open,2026-07-15,2026-09-04,180.0,179.02565625097253,168.74000549316406,168.74000549316406,-0.05745350120872739,-0.17994449960131775,38,0,USD,NMS,https://query1.finance.yahoo.com/v8/finance/chart/QCOM?period1=1767225600&period2=1788566400&interval=1d&events=div%2Csplits
QCOM,2026-07-14,report_close,2026-07-14,2026-09-04,178.10000610351562,177.1359405517578,168.74000549316406,168.74000549316406,-0.047398258266737936,-0.17119601101958937,39,0,USD,NMS,https://query1.finance.yahoo.com/v8/finance/chart/QCOM?period1=1767225600&period2=1788566400&interval=1d&events=div%2Csplits
QCOM,2026-07-15,next_open,2026-07-16,2026-09-04,173.0800018310547,172.14310860574568,168.74000549316406,168.74000549316406,-0.01976903484632453,-0.15953997380977625,37,0,USD,NMS,https://query1.finance.yahoo.com/v8/finance/chart/QCOM?period1=1767225600&period2=1788566400&interval=1d&events=div%2Csplits
QCOM,2026-07-15,report_close,2026-07-15,2026-09-04,177.97999572753906,177.01658630371094,168.74000549316406,168.74000549316406,-0.04675596215795608,-0.17063718611538925,38,0,USD,NMS,https://query1.finance.yahoo.com/v8/finance/chart/QCOM?period1=1767225600&period2=1788566400&interval=1d&events=div%2Csplits
QCOM,2026-07-18,next_open,2026-07-20,2026-09-04,175.5500030517578,174.5997415116818,168.74000549316406,168.74000549316406,-0.03356096617202431,-0.15953997380977614,35,0,USD,NMS,https://query1.finance.yahoo.com/v8/finance/chart/QCOM?period1=1767225600&period2=1788566400&interval=1d&events=div%2Csplits
QCOM,2026-07-18,report_close,2026-07-17,2026-09-04,171.77999877929688,170.8501434326172,168.74000549316406,168.74000549316406,-0.012350811635609582,-0.15953997380977603,36,0,USD,NMS,https://query1.finance.yahoo.com/v8/finance/chart/QCOM?period1=1767225600&period2=1788566400&interval=1d&events=div%2Csplits
RKLB,2026-07-12,next_open,2026-07-13,2026-09-04,79.88999938964844,79.88999938964844,64.26000213623047,64.26000213623047,-0.1956439776296104,-0.2664914392061687,40,0,USD,NMS,https://query1.finance.yahoo.com/v8/finance/chart/RKLB?period1=1767225600&period2=1788566400&interval=1d&events=div%2Csplits
RKLB,2026-07-12,report_close,2026-07-10,2026-09-04,81.04000091552734,81.04000091552734,64.26000213623047,64.26000213623047,-0.20705822544088603,-0.27690032314778434,41,0,USD,NMS,https://query1.finance.yahoo.com/v8/finance/chart/RKLB?period1=1767225600&period2=1788566400&interval=1d&events=div%2Csplits
RKLB,2026-07-13,next_open,2026-07-14,2026-09-04,78.76000213623047,78.76000213623047,64.26000213623047,64.26000213623047,-0.18410360089781963,-0.25643953445686773,39,0,USD,NMS,https://query1.finance.yahoo.com/v8/finance/chart/RKLB?period1=1767225600&period2=1788566400&interval=1d&events=div%2Csplits
RKLB,2026-07-13,report_close,2026-07-13,2026-09-04,76.7300033569336,76.7300033569336,64.26000213623047,64.26000213623047,-0.16251792877806892,-0.25643953445686785,40,0,USD,NMS,https://query1.finance.yahoo.com/v8/finance/chart/RKLB?period1=1767225600&period2=1788566400&interval=1d&events=div%2Csplits
RKLB,2026-07-14,next_open,2026-07-15,2026-09-04,78.94000244140625,78.94000244140625,64.26000213623047,64.26000213623047,-0.18596402142338553,-0.257664090932638,38,0,USD,NMS,https://query1.finance.yahoo.com/v8/finance/chart/RKLB?period1=1767225600&period2=1788566400&interval=1d&events=div%2Csplits
RKLB,2026-07-14,report_close,2026-07-14,2026-09-04,78.80999755859375,78.80999755859375,64.26000213623047,64.26000213623047,-0.1846211885940694,-0.25643953445686773,39,0,USD,NMS,https://query1.finance.yahoo.com/v8/finance/chart/RKLB?period1=1767225600&period2=1788566400&interval=1d&events=div%2Csplits
RKLB,2026-07-15,next_open,2026-07-16,2026-09-04,73.37999725341797,73.37999725341797,64.26000213623047,64.26000213623047,-0.12428448430832695,-0.24495956135449692,37,0,USD,NMS,https://query1.finance.yahoo.com/v8/finance/chart/RKLB?period1=1767225600&period2=1788566400&interval=1d&events=div%2Csplits
RKLB,2026-07-15,report_close,2026-07-15,2026-09-04,76.19999694824219,76.19999694824219,64.26000213623047,64.26000213623047,-0.1566928515774324,-0.24495956135449692,38,0,USD,NMS,https://query1.finance.yahoo.com/v8/finance/chart/RKLB?period1=1767225600&period2=1788566400&interval=1d&events=div%2Csplits
RKLB,2026-07-18,next_open,2026-07-20,2026-09-04,68.38999938964844,68.38999938964844,64.26000213623047,64.26000213623047,-0.06038890613066872,-0.24495956135449704,35,0,USD,NMS,https://query1.finance.yahoo.com/v8/finance/chart/RKLB?period1=1767225600&period2=1788566400&interval=1d&events=div%2Csplits
RKLB,2026-07-18,report_close,2026-07-17,2026-09-04,67.62000274658203,67.62000274658203,64.26000213623047,64.26000213623047,-0.049689448001706826,-0.24495956135449704,36,0,USD,NMS,https://query1.finance.yahoo.com/v8/finance/chart/RKLB?period1=1767225600&period2=1788566400&interval=1d&events=div%2Csplits
RMBS,2026-07-12,next_open,2026-07-13,2026-09-04,108.48999786376952,108.48999786376952,85.45999908447266,85.45999908447266,-0.21227762220269875,-0.2367038511460019,40,0,USD,NMS,https://query1.finance.yahoo.com/v8/finance/chart/RMBS?period1=1767225600&period2=1788566400&interval=1d&events=div%2Csplits
RMBS,2026-07-12,report_close,2026-07-10,2026-09-04,112.0999984741211,112.0999984741211,85.45999908447266,85.45999908447266,-0.2376449576473315,-0.26128457907418356,41,0,USD,NMS,https://query1.finance.yahoo.com/v8/finance/chart/RMBS?period1=1767225600&period2=1788566400&interval=1d&events=div%2Csplits
RMBS,2026-07-13,next_open,2026-07-14,2026-09-04,108.0,108.0,85.45999908447266,85.45999908447266,-0.20870371218080874,-0.23324076334635413,39,0,USD,NMS,https://query1.finance.yahoo.com/v8/finance/chart/RMBS?period1=1767225600&period2=1788566400&interval=1d&events=div%2Csplits
RMBS,2026-07-13,report_close,2026-07-13,2026-09-04,103.11000061035156,103.11000061035156,85.45999908447266,85.45999908447266,-0.17117642732422755,-0.21722282973872908,40,0,USD,NMS,https://query1.finance.yahoo.com/v8/finance/chart/RMBS?period1=1767225600&period2=1788566400&interval=1d&events=div%2Csplits
RMBS,2026-07-14,next_open,2026-07-15,2026-09-04,107.79000091552734,107.79000091552734,85.45999908447266,85.45999908447266,-0.2071620896316182,-0.23174694447316935,38,0,USD,NMS,https://query1.finance.yahoo.com/v8/finance/chart/RMBS?period1=1767225600&period2=1788566400&interval=1d&events=div%2Csplits
RMBS,2026-07-14,report_close,2026-07-14,2026-09-04,105.37999725341795,105.37999725341795,85.45999908447266,85.45999908447266,-0.18903016405515427,-0.21722282973872908,39,0,USD,NMS,https://query1.finance.yahoo.com/v8/finance/chart/RMBS?period1=1767225600&period2=1788566400&interval=1d&events=div%2Csplits
RMBS,2026-07-15,next_open,2026-07-16,2026-09-04,98.8499984741211,98.8499984741211,85.45999908447266,85.45999908447266,-0.13545776020577216,-0.2172228297387292,37,0,USD,NMS,https://query1.finance.yahoo.com/v8/finance/chart/RMBS?period1=1767225600&period2=1788566400&interval=1d&events=div%2Csplits
RMBS,2026-07-15,report_close,2026-07-15,2026-09-04,102.88999938964844,102.88999938964844,85.45999908447266,85.45999908447266,-0.16940422206795525,-0.21722282973872908,38,0,USD,NMS,https://query1.finance.yahoo.com/v8/finance/chart/RMBS?period1=1767225600&period2=1788566400&interval=1d&events=div%2Csplits
RMBS,2026-07-18,next_open,2026-07-20,2026-09-04,104.06999969482422,104.06999969482422,85.45999908447266,85.45999908447266,-0.17882195315579597,-0.21722282973872908,35,0,USD,NMS,https://query1.finance.yahoo.com/v8/finance/chart/RMBS?period1=1767225600&period2=1788566400&interval=1d&events=div%2Csplits
RMBS,2026-07-18,report_close,2026-07-17,2026-09-04,101.44000244140624,101.44000244140624,85.45999908447266,85.45999908447266,-0.15753157504273474,-0.2172228297387292,36,0,USD,NMS,https://query1.finance.yahoo.com/v8/finance/chart/RMBS?period1=1767225600&period2=1788566400&interval=1d&events=div%2Csplits
ROG,2026-07-12,next_open,2026-07-13,2026-09-04,135.63999938964844,135.63999938964844,127.81999969482422,127.81999969482422,-0.0576526078591314,-0.15828426556858588,40,0,USD,NYQ,https://query1.finance.yahoo.com/v8/finance/chart/ROG?period1=1767225600&period2=1788566400&interval=1d&events=div%2Csplits
ROG,2026-07-12,report_close,2026-07-10,2026-09-04,137.52000427246094,137.52000427246094,127.81999969482422,127.81999969482422,-0.07053522597642325,-0.158284265568586,41,0,USD,NYQ,https://query1.finance.yahoo.com/v8/finance/chart/ROG?period1=1767225600&period2=1788566400&interval=1d&events=div%2Csplits
ROG,2026-07-13,next_open,2026-07-14,2026-09-04,138.77999877929688,138.77999877929688,127.81999969482422,127.81999969482422,-0.07897390964747342,-0.1584522125464234,39,0,USD,NYQ,https://query1.finance.yahoo.com/v8/finance/chart/ROG?period1=1767225600&period2=1788566400&interval=1d&events=div%2Csplits
ROG,2026-07-13,report_close,2026-07-13,2026-09-04,134.8300018310547,134.8300018310547,127.81999969482422,127.81999969482422,-0.05199141171127608,-0.158284265568586,40,0,USD,NYQ,https://query1.finance.yahoo.com/v8/finance/chart/ROG?period1=1767225600&period2=1788566400&interval=1d&events=div%2Csplits
ROG,2026-07-14,next_open,2026-07-15,2026-09-04,140.83999633789062,140.83999633789062,127.81999969482422,127.81999969482422,-0.09244530660047734,-0.17076111933903138,38,0,USD,NYQ,https://query1.finance.yahoo.com/v8/finance/chart/ROG?period1=1767225600&period2=1788566400&interval=1d&events=div%2Csplits
ROG,2026-07-14,report_close,2026-07-14,2026-09-04,137.58999633789062,137.58999633789062,127.81999969482422,127.81999969482422,-0.07100804493862656,-0.158284265568586,39,0,USD,NYQ,https://query1.finance.yahoo.com/v8/finance/chart/ROG?period1=1767225600&period2=1788566400&interval=1d&events=div%2Csplits
ROG,2026-07-15,next_open,2026-07-16,2026-09-04,135.14999389648438,135.14999389648438,127.81999969482422,127.81999969482422,-0.05423599358261477,-0.15828426556858588,37,0,USD,NYQ,https://query1.finance.yahoo.com/v8/finance/chart/ROG?period1=1767225600&period2=1788566400&interval=1d&events=div%2Csplits
ROG,2026-07-15,report_close,2026-07-15,2026-09-04,138.38999938964844,138.38999938964844,127.81999969482422,127.81999969482422,-0.07637834916859498,-0.15828426556858577,38,0,USD,NYQ,https://query1.finance.yahoo.com/v8/finance/chart/ROG?period1=1767225600&period2=1788566400&interval=1d&events=div%2Csplits
ROG,2026-07-18,next_open,2026-07-20,2026-09-04,133.0399932861328,133.0399932861328,127.81999969482422,127.81999969482422,-0.03923627371268579,-0.15828426556858588,35,0,USD,NYQ,https://query1.finance.yahoo.com/v8/finance/chart/ROG?period1=1767225600&period2=1788566400&interval=1d&events=div%2Csplits
ROG,2026-07-18,report_close,2026-07-17,2026-09-04,132.24000549316406,132.24000549316406,127.81999969482422,127.81999969482422,-0.033424119893645465,-0.158284265568586,36,0,USD,NYQ,https://query1.finance.yahoo.com/v8/finance/chart/ROG?period1=1767225600&period2=1788566400&interval=1d&events=div%2Csplits
RYCEY,2026-07-12,next_open,2026-07-13,2026-09-04,19.0,18.926285178705808,20.1200008392334,20.1200008392334,0.06307184158202661,-0.07102272445053781,40,0,USD,PNK,https://query1.finance.yahoo.com/v8/finance/chart/RYCEY?period1=1767225600&period2=1788566400&interval=1d&events=div%2Csplits
RYCEY,2026-07-12,report_close,2026-07-10,2026-09-04,19.31999969482422,19.24504280090332,20.1200008392334,20.1200008392334,0.04546407339187675,-0.07102272445053781,41,0,USD,PNK,https://query1.finance.yahoo.com/v8/finance/chart/RYCEY?period1=1767225600&period2=1788566400&interval=1d&events=div%2Csplits
RYCEY,2026-07-13,next_open,2026-07-14,2026-09-04,18.709999084472656,18.63740921020508,20.1200008392334,20.1200008392334,0.07954923414014603,-0.07102272445053759,39,0,USD,PNK,https://query1.finance.yahoo.com/v8/finance/chart/RYCEY?period1=1767225600&period2=1788566400&interval=1d&events=div%2Csplits
RYCEY,2026-07-13,report_close,2026-07-13,2026-09-04,18.82999992370605,18.75694465637207,20.1200008392334,20.1200008392334,0.07266941433333463,-0.0710227244505377,40,0,USD,PNK,https://query1.finance.yahoo.com/v8/finance/chart/RYCEY?period1=1767225600&period2=1788566400&interval=1d&events=div%2Csplits
RYCEY,2026-07-14,next_open,2026-07-15,2026-09-04,18.84000015258789,18.766905482443274,20.1200008392334,20.1200008392334,0.07210007840962196,-0.0710227244505377,38,0,USD,PNK,https://query1.finance.yahoo.com/v8/finance/chart/RYCEY?period1=1767225600&period2=1788566400&interval=1d&events=div%2Csplits
RYCEY,2026-07-14,report_close,2026-07-14,2026-09-04,18.709999084472656,18.63740921020508,20.1200008392334,20.1200008392334,0.07954923414014603,-0.07102272445053759,39,0,USD,PNK,https://query1.finance.yahoo.com/v8/finance/chart/RYCEY?period1=1767225600&period2=1788566400&interval=1d&events=div%2Csplits
RYCEY,2026-07-15,next_open,2026-07-16,2026-09-04,18.530000686645508,18.458110113597645,20.1200008392334,20.1200008392334,0.09003580081643792,-0.07102272445053781,37,0,USD,PNK,https://query1.finance.yahoo.com/v8/finance/chart/RYCEY?period1=1767225600&period2=1788566400&interval=1d&events=div%2Csplits
RYCEY,2026-07-15,report_close,2026-07-15,2026-09-04,18.850000381469727,18.7768669128418,20.1200008392334,20.1200008392334,0.07153131204615426,-0.0710227244505377,38,0,USD,PNK,https://query1.finance.yahoo.com/v8/finance/chart/RYCEY?period1=1767225600&period2=1788566400&interval=1d&events=div%2Csplits
RYCEY,2026-07-18,next_open,2026-07-20,2026-09-04,18.440000534057617,18.368458614657257,20.1200008392334,20.1200008392334,0.09535597195828305,-0.07102272445053759,35,0,USD,PNK,https://query1.finance.yahoo.com/v8/finance/chart/RYCEY?period1=1767225600&period2=1788566400&interval=1d&events=div%2Csplits
RYCEY,2026-07-18,report_close,2026-07-17,2026-09-04,18.36000061035156,18.288768768310547,20.1200008392334,20.1200008392334,0.10012877816553067,-0.0710227244505377,36,0,USD,PNK,https://query1.finance.yahoo.com/v8/finance/chart/RYCEY?period1=1767225600&period2=1788566400&interval=1d&events=div%2Csplits
SANM,2026-07-12,next_open,2026-07-13,2026-09-04,205.6199951171875,205.6199951171875,198.47000122070312,198.47000122070312,-0.03477285315763878,-0.25322454141223183,40,0,USD,NMS,https://query1.finance.yahoo.com/v8/finance/chart/SANM?period1=1767225600&period2=1788566400&interval=1d&events=div%2Csplits
SANM,2026-07-12,report_close,2026-07-10,2026-09-04,208.7899932861328,208.7899932861328,198.47000122070312,198.47000122070312,-0.04942761816792063,-0.2532245414122317,41,0,USD,NMS,https://query1.finance.yahoo.com/v8/finance/chart/SANM?period1=1767225600&period2=1788566400&interval=1d&events=div%2Csplits
SANM,2026-07-13,next_open,2026-07-14,2026-09-04,209.8500061035156,209.8500061035156,198.47000122070312,198.47000122070312,-0.05422923303227778,-0.2532245414122317,39,0,USD,NMS,https://query1.finance.yahoo.com/v8/finance/chart/SANM?period1=1767225600&period2=1788566400&interval=1d&events=div%2Csplits
SANM,2026-07-13,report_close,2026-07-13,2026-09-04,201.8000030517578,201.8000030517578,198.47000122070312,198.47000122070312,-0.01650149544448032,-0.2532245414122317,40,0,USD,NMS,https://query1.finance.yahoo.com/v8/finance/chart/SANM?period1=1767225600&period2=1788566400&interval=1d&events=div%2Csplits
SANM,2026-07-14,next_open,2026-07-15,2026-09-04,210.27999877929688,210.27999877929688,198.47000122070312,198.47000122070312,-0.056163199672590536,-0.2532245414122317,38,0,USD,NMS,https://query1.finance.yahoo.com/v8/finance/chart/SANM?period1=1767225600&period2=1788566400&interval=1d&events=div%2Csplits
SANM,2026-07-14,report_close,2026-07-14,2026-09-04,207.58999633789065,207.58999633789065,198.47000122070312,198.47000122070312,-0.043932729312943675,-0.2532245414122317,39,0,USD,NMS,https://query1.finance.yahoo.com/v8/finance/chart/SANM?period1=1767225600&period2=1788566400&interval=1d&events=div%2Csplits
SANM,2026-07-15,next_open,2026-07-16,2026-09-04,202.3999938964844,202.3999938964844,198.47000122070312,198.47000122070312,-0.01941696044611163,-0.2532245414122316,37,0,USD,NMS,https://query1.finance.yahoo.com/v8/finance/chart/SANM?period1=1767225600&period2=1788566400&interval=1d&events=div%2Csplits
SANM,2026-07-15,report_close,2026-07-15,2026-09-04,207.3300018310547,207.3300018310547,198.47000122070312,198.47000122070312,-0.04273380857620035,-0.2532245414122317,38,0,USD,NMS,https://query1.finance.yahoo.com/v8/finance/chart/SANM?period1=1767225600&period2=1788566400&interval=1d&events=div%2Csplits
SANM,2026-07-18,next_open,2026-07-20,2026-09-04,200.1199951171875,200.1199951171875,198.47000122070312,198.47000122070312,-0.008245022670114288,-0.2532245414122317,35,0,USD,NMS,https://query1.finance.yahoo.com/v8/finance/chart/SANM?period1=1767225600&period2=1788566400&interval=1d&events=div%2Csplits
SANM,2026-07-18,report_close,2026-07-17,2026-09-04,197.2400054931641,197.2400054931641,198.47000122070312,198.47000122070312,0.006236035759904057,-0.2532245414122316,36,0,USD,NMS,https://query1.finance.yahoo.com/v8/finance/chart/SANM?period1=1767225600&period2=1788566400&interval=1d&events=div%2Csplits
SHECY,2026-07-12,next_open,2026-07-13,2026-09-04,22.850000381469727,22.850000381469727,18.61000061035156,18.61000061035156,-0.18555797375638594,-0.2615384201561436,40,0,USD,PNK,https://query1.finance.yahoo.com/v8/finance/chart/SHECY?period1=1767225600&period2=1788566400&interval=1d&events=div%2Csplits
SHECY,2026-07-12,report_close,2026-07-10,2026-09-04,22.81999969482422,22.81999969482422,18.61000061035156,18.61000061035156,-0.18448725419691947,-0.2615384201561435,41,0,USD,PNK,https://query1.finance.yahoo.com/v8/finance/chart/SHECY?period1=1767225600&period2=1788566400&interval=1d&events=div%2Csplits
SHECY,2026-07-13,next_open,2026-07-14,2026-09-04,23.270000457763672,23.270000457763672,18.61000061035156,18.61000061035156,-0.20025783221922444,-0.2615384201561436,39,0,USD,PNK,https://query1.finance.yahoo.com/v8/finance/chart/SHECY?period1=1767225600&period2=1788566400&interval=1d&events=div%2Csplits
SHECY,2026-07-13,report_close,2026-07-13,2026-09-04,22.59000015258789,22.59000015258789,18.61000061035156,18.61000061035156,-0.17618413082570905,-0.2615384201561435,40,0,USD,PNK,https://query1.finance.yahoo.com/v8/finance/chart/SHECY?period1=1767225600&period2=1788566400&interval=1d&events=div%2Csplits
SHECY,2026-07-14,next_open,2026-07-15,2026-09-04,23.440000534057617,23.440000534057617,18.61000061035156,18.61000061035156,-0.20605801252812317,-0.2627986223149532,38,0,USD,PNK,https://query1.finance.yahoo.com/v8/finance/chart/SHECY?period1=1767225600&period2=1788566400&interval=1d&events=div%2Csplits
SHECY,2026-07-14,report_close,2026-07-14,2026-09-04,23.200000762939453,23.200000762939453,18.61000061035156,18.61000061035156,-0.19784482765708056,-0.2615384201561435,39,0,USD,PNK,https://query1.finance.yahoo.com/v8/finance/chart/SHECY?period1=1767225600&period2=1788566400&interval=1d&events=div%2Csplits
SHECY,2026-07-15,next_open,2026-07-16,2026-09-04,22.6200008392334,22.6200008392334,18.61000061035156,18.61000061035156,-0.17727674978361052,-0.236074268544053,37,0,USD,PNK,https://query1.finance.yahoo.com/v8/finance/chart/SHECY?period1=1767225600&period2=1788566400&interval=1d&events=div%2Csplits
SHECY,2026-07-15,report_close,2026-07-15,2026-09-04,23.399999618530277,23.399999618530277,18.61000061035156,18.61000061035156,-0.20470081565238807,-0.2615384201561435,38,0,USD,PNK,https://query1.finance.yahoo.com/v8/finance/chart/SHECY?period1=1767225600&period2=1788566400&interval=1d&events=div%2Csplits
SHECY,2026-07-18,next_open,2026-07-20,2026-09-04,21.8700008392334,21.8700008392334,18.61000061035156,18.61000061035156,-0.149062647635276,-0.22649952691948516,35,0,USD,PNK,https://query1.finance.yahoo.com/v8/finance/chart/SHECY?period1=1767225600&period2=1788566400&interval=1d&events=div%2Csplits
SHECY,2026-07-18,report_close,2026-07-17,2026-09-04,22.200000762939453,22.200000762939453,18.61000061035156,18.61000061035156,-0.16171171302755172,-0.22649952691948516,36,0,USD,PNK,https://query1.finance.yahoo.com/v8/finance/chart/SHECY?period1=1767225600&period2=1788566400&interval=1d&events=div%2Csplits
SIMO,2026-07-12,next_open,2026-07-13,2026-09-04,313.04998779296875,312.415393213123,256.2099914550781,256.2099914550781,-0.1799059936835532,-0.3302028376530505,40,0,USD,NMS,https://query1.finance.yahoo.com/v8/finance/chart/SIMO?period1=1767225600&period2=1788566400&interval=1d&events=div%2Csplits
SIMO,2026-07-12,report_close,2026-07-10,2026-09-04,326.3500061035156,325.6884460449219,256.2099914550781,256.2099914550781,-0.21332796859567027,-0.3574996399510165,41,0,USD,NMS,https://query1.finance.yahoo.com/v8/finance/chart/SIMO?period1=1767225600&period2=1788566400&interval=1d&events=div%2Csplits
SIMO,2026-07-13,next_open,2026-07-14,2026-09-04,317.5,316.8563904100731,256.2099914550781,256.2099914550781,-0.19140027088141376,-0.3395905836810168,39,0,USD,NMS,https://query1.finance.yahoo.com/v8/finance/chart/SIMO?period1=1767225600&period2=1788566400&interval=1d&events=div%2Csplits
SIMO,2026-07-13,report_close,2026-07-13,2026-09-04,299.510009765625,298.9028625488281,256.2099914550781,256.2099914550781,-0.14283192449110715,-0.3201258480869503,40,0,USD,NMS,https://query1.finance.yahoo.com/v8/finance/chart/SIMO?period1=1767225600&period2=1788566400&interval=1d&events=div%2Csplits
SIMO,2026-07-14,next_open,2026-07-15,2026-09-04,310.42999267578125,309.8007137396758,256.2099914550781,256.2099914550781,-0.17298450231986795,-0.3245498329500549,38,0,USD,NMS,https://query1.finance.yahoo.com/v8/finance/chart/SIMO?period1=1767225600&period2=1788566400&interval=1d&events=div%2Csplits
SIMO,2026-07-14,report_close,2026-07-14,2026-09-04,308.4100036621094,307.7848205566406,256.2099914550781,256.2099914550781,-0.16756781250058872,-0.3201258480869502,39,0,USD,NMS,https://query1.finance.yahoo.com/v8/finance/chart/SIMO?period1=1767225600&period2=1788566400&interval=1d&events=div%2Csplits
SIMO,2026-07-15,next_open,2026-07-16,2026-09-04,280.0,279.4323876338231,256.2099914550781,256.2099914550781,-0.0831055998031851,-0.27466445567406583,37,0,USD,NMS,https://query1.finance.yahoo.com/v8/finance/chart/SIMO?period1=1767225600&period2=1788566400&interval=1d&events=div%2Csplits
SIMO,2026-07-15,report_close,2026-07-15,2026-09-04,293.3999938964844,292.80523681640625,256.2099914550781,256.2099914550781,-0.12498152614761449,-0.2853442577638644,38,0,USD,NMS,https://query1.finance.yahoo.com/v8/finance/chart/SIMO?period1=1767225600&period2=1788566400&interval=1d&events=div%2Csplits
SIMO,2026-07-18,next_open,2026-07-20,2026-09-04,269.7799987792969,269.233107208089,256.2099914550781,256.2099914550781,-0.048371152745881885,-0.27466445567406583,35,0,USD,NMS,https://query1.finance.yahoo.com/v8/finance/chart/SIMO?period1=1767225600&period2=1788566400&interval=1d&events=div%2Csplits
SIMO,2026-07-18,report_close,2026-07-17,2026-09-04,264.3299865722656,263.7941589355469,256.2099914550781,256.2099914550781,-0.02875032377923803,-0.27466445567406594,36,0,USD,NMS,https://query1.finance.yahoo.com/v8/finance/chart/SIMO?period1=1767225600&period2=1788566400&interval=1d&events=div%2Csplits
SITM,2026-07-12,next_open,2026-07-13,2026-09-04,607.1500244140625,607.1500244140625,612.0900268554688,612.0900268554688,0.008136378560099189,-0.2624492978766291,40,0,USD,NGM,https://query1.finance.yahoo.com/v8/finance/chart/SITM?period1=1767225600&period2=1788566400&interval=1d&events=div%2Csplits
SITM,2026-07-12,report_close,2026-07-10,2026-09-04,628.9400024414062,628.9400024414062,612.0900268554688,612.0900268554688,-0.02679106992802116,-0.2651763254553594,41,0,USD,NGM,https://query1.finance.yahoo.com/v8/finance/chart/SITM?period1=1767225600&period2=1788566400&interval=1d&events=div%2Csplits
SITM,2026-07-13,next_open,2026-07-14,2026-09-04,634.97998046875,634.97998046875,612.0900268554688,612.0900268554688,-0.03604830753307153,-0.2721660243194798,39,0,USD,NGM,https://query1.finance.yahoo.com/v8/finance/chart/SITM?period1=1767225600&period2=1788566400&interval=1d&events=div%2Csplits
SITM,2026-07-13,report_close,2026-07-13,2026-09-04,602.5499877929688,602.5499877929688,612.0900268554688,612.0900268554688,0.015832776127742365,-0.2624492978766291,40,0,USD,NGM,https://query1.finance.yahoo.com/v8/finance/chart/SITM?period1=1767225600&period2=1788566400&interval=1d&events=div%2Csplits
SITM,2026-07-14,next_open,2026-07-15,2026-09-04,636.0399780273438,636.0399780273438,612.0900268554688,612.0900268554688,-0.03765478900580266,-0.2733790019056934,38,0,USD,NGM,https://query1.finance.yahoo.com/v8/finance/chart/SITM?period1=1767225600&period2=1788566400&interval=1d&events=div%2Csplits
SITM,2026-07-14,report_close,2026-07-14,2026-09-04,623.8300170898438,623.8300170898438,612.0900268554688,612.0900268554688,-0.018819213427949233,-0.2624492978766291,39,0,USD,NGM,https://query1.finance.yahoo.com/v8/finance/chart/SITM?period1=1767225600&period2=1788566400&interval=1d&events=div%2Csplits
SITM,2026-07-15,next_open,2026-07-16,2026-09-04,583.510009765625,583.510009765625,612.0900268554688,612.0900268554688,0.04897948040569733,-0.2624492978766292,37,0,USD,NGM,https://query1.finance.yahoo.com/v8/finance/chart/SITM?period1=1767225600&period2=1788566400&interval=1d&events=div%2Csplits
SITM,2026-07-15,report_close,2026-07-15,2026-09-04,612.3800048828125,612.3800048828125,612.0900268554688,612.0900268554688,-0.00047352628275187936,-0.2624492978766291,38,0,USD,NGM,https://query1.finance.yahoo.com/v8/finance/chart/SITM?period1=1767225600&period2=1788566400&interval=1d&events=div%2Csplits
SITM,2026-07-18,next_open,2026-07-20,2026-09-04,563.3300170898438,563.3300170898438,612.0900268554688,612.0900268554688,0.08655673989736723,-0.2624492978766291,35,0,USD,NGM,https://query1.finance.yahoo.com/v8/finance/chart/SITM?period1=1767225600&period2=1788566400&interval=1d&events=div%2Csplits
SITM,2026-07-18,report_close,2026-07-17,2026-09-04,554.969970703125,554.969970703125,612.0900268554688,612.0900268554688,0.10292458901870827,-0.2624492978766291,36,0,USD,NGM,https://query1.finance.yahoo.com/v8/finance/chart/SITM?period1=1767225600&period2=1788566400&interval=1d&events=div%2Csplits
SKHY,2026-07-12,next_open,2026-07-13,2026-09-04,152.6199951171875,152.6199951171875,177.0,177.0,0.159743190032817,-0.34617366897318946,40,0,USD,NMS,https://query1.finance.yahoo.com/v8/finance/chart/SKHY?period1=1767225600&period2=1788566400&interval=1d&events=div%2Csplits
SKHY,2026-07-12,report_close,2026-07-10,2026-09-04,168.00999450683594,168.00999450683594,177.0,177.0,0.05350875416401668,-0.34617366897318946,41,0,USD,NMS,https://query1.finance.yahoo.com/v8/finance/chart/SKHY?period1=1767225600&period2=1788566400&interval=1d&events=div%2Csplits
SKHY,2026-07-13,next_open,2026-07-14,2026-09-04,168.11000061035156,168.11000061035156,177.0,177.0,0.052882037697768114,-0.34617366897318935,39,0,USD,NMS,https://query1.finance.yahoo.com/v8/finance/chart/SKHY?period1=1767225600&period2=1788566400&interval=1d&events=div%2Csplits
SKHY,2026-07-13,report_close,2026-07-13,2026-09-04,152.35000610351562,152.35000610351562,177.0,177.0,0.16179844377384334,-0.34617366897318935,40,0,USD,NMS,https://query1.finance.yahoo.com/v8/finance/chart/SKHY?period1=1767225600&period2=1788566400&interval=1d&events=div%2Csplits
SKHY,2026-07-14,next_open,2026-07-15,2026-09-04,181.80999755859372,181.80999755859372,177.0,177.0,-0.026456177455497443,-0.30262360366257934,38,0,USD,NMS,https://query1.finance.yahoo.com/v8/finance/chart/SKHY?period1=1767225600&period2=1788566400&interval=1d&events=div%2Csplits
SKHY,2026-07-14,report_close,2026-07-14,2026-09-04,193.9199981689453,193.9199981689453,177.0,177.0,-0.08725246662907049,-0.34617366897318935,39,0,USD,NMS,https://query1.finance.yahoo.com/v8/finance/chart/SKHY?period1=1767225600&period2=1788566400&interval=1d&events=div%2Csplits
SKHY,2026-07-15,next_open,2026-07-16,2026-09-04,165.91000366210938,165.91000366210938,177.0,177.0,0.0668434458025593,-0.2625916068674311,37,0,USD,NMS,https://query1.finance.yahoo.com/v8/finance/chart/SKHY?period1=1767225600&period2=1788566400&interval=1d&events=div%2Csplits
SKHY,2026-07-15,report_close,2026-07-15,2026-09-04,176.4600067138672,176.4600067138672,177.0,177.0,0.0030601454470553513,-0.2814802442962647,38,0,USD,NMS,https://query1.finance.yahoo.com/v8/finance/chart/SKHY?period1=1767225600&period2=1788566400&interval=1d&events=div%2Csplits
SKHY,2026-07-18,next_open,2026-07-20,2026-09-04,163.4199981689453,163.4199981689453,177.0,177.0,0.08309877605686622,-0.2625916068674311,35,0,USD,NMS,https://query1.finance.yahoo.com/v8/finance/chart/SKHY?period1=1767225600&period2=1788566400&interval=1d&events=div%2Csplits
SKHY,2026-07-18,report_close,2026-07-17,2026-09-04,154.02999877929688,154.02999877929688,177.0,177.0,0.1491268025887338,-0.2625916068674311,36,0,USD,NMS,https://query1.finance.yahoo.com/v8/finance/chart/SKHY?period1=1767225600&period2=1788566400&interval=1d&events=div%2Csplits
SMCI,2026-07-12,next_open,2026-07-13,2026-09-04,27.63999938964844,27.63999938964844,39.59000015258789,39.59000015258789,0.43234446551452854,-0.17628204697139327,40,0,USD,NMS,https://query1.finance.yahoo.com/v8/finance/chart/SMCI?period1=1767225600&period2=1788566400&interval=1d&events=div%2Csplits
SMCI,2026-07-12,report_close,2026-07-10,2026-09-04,28.309999465942383,28.309999465942383,39.59000015258789,39.59000015258789,0.39844581064777573,-0.17628204697139338,41,0,USD,NMS,https://query1.finance.yahoo.com/v8/finance/chart/SMCI?period1=1767225600&period2=1788566400&interval=1d&events=div%2Csplits
SMCI,2026-07-13,next_open,2026-07-14,2026-09-04,27.959999084472656,27.959999084472656,39.59000015258789,39.59000015258789,0.41595141090594145,-0.17628204697139338,39,0,USD,NMS,https://query1.finance.yahoo.com/v8/finance/chart/SMCI?period1=1767225600&period2=1788566400&interval=1d&events=div%2Csplits
SMCI,2026-07-13,report_close,2026-07-13,2026-09-04,27.65999984741211,27.65999984741211,39.59000015258789,39.59000015258789,0.4313087625086145,-0.17628204697139338,40,0,USD,NMS,https://query1.finance.yahoo.com/v8/finance/chart/SMCI?period1=1767225600&period2=1788566400&interval=1d&events=div%2Csplits
SMCI,2026-07-14,next_open,2026-07-15,2026-09-04,28.11000061035156,28.11000061035156,39.59000015258789,39.59000015258789,0.40839556360624196,-0.17628204697139327,38,0,USD,NMS,https://query1.finance.yahoo.com/v8/finance/chart/SMCI?period1=1767225600&period2=1788566400&interval=1d&events=div%2Csplits
SMCI,2026-07-14,report_close,2026-07-14,2026-09-04,27.649999618530277,27.649999618530277,39.59000015258789,39.59000015258789,0.431826426719216,-0.17628204697139338,39,0,USD,NMS,https://query1.finance.yahoo.com/v8/finance/chart/SMCI?period1=1767225600&period2=1788566400&interval=1d&events=div%2Csplits
SMCI,2026-07-15,next_open,2026-07-16,2026-09-04,26.520000457763672,26.520000457763672,39.59000015258789,39.59000015258789,0.4928355757625187,-0.17628204697139327,37,0,USD,NMS,https://query1.finance.yahoo.com/v8/finance/chart/SMCI?period1=1767225600&period2=1788566400&interval=1d&events=div%2Csplits
SMCI,2026-07-15,report_close,2026-07-15,2026-09-04,26.88999938964844,26.88999938964844,39.59000015258789,39.59000015258789,0.4722945723765406,-0.17628204697139338,38,0,USD,NMS,https://query1.finance.yahoo.com/v8/finance/chart/SMCI?period1=1767225600&period2=1788566400&interval=1d&events=div%2Csplits
SMCI,2026-07-18,next_open,2026-07-20,2026-09-04,24.350000381469727,24.350000381469727,39.59000015258789,39.59000015258789,0.625872670733745,-0.17628204697139338,35,0,USD,NMS,https://query1.finance.yahoo.com/v8/finance/chart/SMCI?period1=1767225600&period2=1788566400&interval=1d&events=div%2Csplits
SMCI,2026-07-18,report_close,2026-07-17,2026-09-04,24.18000030517578,24.18000030517578,39.59000015258789,39.59000015258789,0.6373035423044873,-0.17628204697139316,36,0,USD,NMS,https://query1.finance.yahoo.com/v8/finance/chart/SMCI?period1=1767225600&period2=1788566400&interval=1d&events=div%2Csplits
SMR,2026-07-12,next_open,2026-07-13,2026-09-04,8.869999885559082,8.869999885559082,9.699999809265137,9.699999809265137,0.09357383702533606,-0.1443066233918573,40,0,USD,NYQ,https://query1.finance.yahoo.com/v8/finance/chart/SMR?period1=1767225600&period2=1788566400&interval=1d&events=div%2Csplits
SMR,2026-07-12,report_close,2026-07-10,2026-09-04,9.039999961853027,9.039999961853027,9.699999809265137,9.699999809265137,0.07300883298641314,-0.16039820966635432,41,0,USD,NYQ,https://query1.finance.yahoo.com/v8/finance/chart/SMR?period1=1767225600&period2=1788566400&interval=1d&events=div%2Csplits
SMR,2026-07-13,next_open,2026-07-14,2026-09-04,8.600000381469727,8.600000381469727,9.699999809265137,9.699999809265137,0.12790690453520903,-0.13847902484911434,39,0,USD,NYQ,https://query1.finance.yahoo.com/v8/finance/chart/SMR?period1=1767225600&period2=1788566400&interval=1d&events=div%2Csplits
SMR,2026-07-13,report_close,2026-07-13,2026-09-04,8.350000381469727,8.350000381469727,9.699999809265137,9.699999809265137,0.16167657079289732,-0.13847902484911434,40,0,USD,NYQ,https://query1.finance.yahoo.com/v8/finance/chart/SMR?period1=1767225600&period2=1788566400&interval=1d&events=div%2Csplits
SMR,2026-07-14,next_open,2026-07-15,2026-09-04,8.59000015258789,8.59000015258789,9.699999809265137,9.699999809265137,0.12921998101977206,-0.13847902484911434,38,0,USD,NYQ,https://query1.finance.yahoo.com/v8/finance/chart/SMR?period1=1767225600&period2=1788566400&interval=1d&events=div%2Csplits
SMR,2026-07-14,report_close,2026-07-14,2026-09-04,8.600000381469727,8.600000381469727,9.699999809265137,9.699999809265137,0.12790690453520903,-0.13847902484911434,39,0,USD,NYQ,https://query1.finance.yahoo.com/v8/finance/chart/SMR?period1=1767225600&period2=1788566400&interval=1d&events=div%2Csplits
SMR,2026-07-15,next_open,2026-07-16,2026-09-04,8.119999885559082,8.119999885559082,9.699999809265137,9.699999809265137,0.19458127413474324,-0.13847902484911434,37,0,USD,NYQ,https://query1.finance.yahoo.com/v8/finance/chart/SMR?period1=1767225600&period2=1788566400&interval=1d&events=div%2Csplits
SMR,2026-07-15,report_close,2026-07-15,2026-09-04,8.359999656677246,8.359999656677246,9.699999809265137,9.699999809265137,0.160287106174414,-0.13847902484911423,38,0,USD,NYQ,https://query1.finance.yahoo.com/v8/finance/chart/SMR?period1=1767225600&period2=1788566400&interval=1d&events=div%2Csplits
SMR,2026-07-18,next_open,2026-07-20,2026-09-04,7.769999980926514,7.769999980926514,9.699999809265137,9.699999809265137,0.24839122690814808,-0.13847902484911434,35,0,USD,NYQ,https://query1.finance.yahoo.com/v8/finance/chart/SMR?period1=1767225600&period2=1788566400&interval=1d&events=div%2Csplits
SMR,2026-07-18,report_close,2026-07-17,2026-09-04,7.71999979019165,7.71999979019165,9.699999809265137,9.699999809265137,0.2564766933788132,-0.13847902484911434,36,0,USD,NYQ,https://query1.finance.yahoo.com/v8/finance/chart/SMR?period1=1767225600&period2=1788566400&interval=1d&events=div%2Csplits
SMTC,2026-07-12,next_open,2026-07-13,2026-09-04,130.16000366210938,130.16000366210938,147.88999938964844,147.88999938964844,0.13621692707973088,-0.2674730998538565,40,0,USD,NMS,https://query1.finance.yahoo.com/v8/finance/chart/SMTC?period1=1767225600&period2=1788566400&interval=1d&events=div%2Csplits
SMTC,2026-07-12,report_close,2026-07-10,2026-09-04,136.1300048828125,136.1300048828125,147.88999938964844,147.88999938964844,0.08638796800866588,-0.26747309985385637,41,0,USD,NMS,https://query1.finance.yahoo.com/v8/finance/chart/SMTC?period1=1767225600&period2=1788566400&interval=1d&events=div%2Csplits
SMTC,2026-07-13,next_open,2026-07-14,2026-09-04,145.0399932861328,145.0399932861328,147.88999938964844,147.88999938964844,0.019649794783795693,-0.286058964112913,39,0,USD,NMS,https://query1.finance.yahoo.com/v8/finance/chart/SMTC?period1=1767225600&period2=1788566400&interval=1d&events=div%2Csplits
SMTC,2026-07-13,report_close,2026-07-13,2026-09-04,132.14999389648438,132.14999389648438,147.88999938964844,147.88999938964844,0.1191071223619844,-0.2674730998538565,40,0,USD,NMS,https://query1.finance.yahoo.com/v8/finance/chart/SMTC?period1=1767225600&period2=1788566400&interval=1d&events=div%2Csplits
SMTC,2026-07-14,next_open,2026-07-15,2026-09-04,144.19000244140625,144.19000244140625,147.88999938964844,147.88999938964844,0.02566056512652981,-0.2818503273565247,38,0,USD,NMS,https://query1.finance.yahoo.com/v8/finance/chart/SMTC?period1=1767225600&period2=1788566400&interval=1d&events=div%2Csplits
SMTC,2026-07-14,report_close,2026-07-14,2026-09-04,141.36000061035156,141.36000061035156,147.88999938964844,147.88999938964844,0.04619410548317937,-0.26747309985385637,39,0,USD,NMS,https://query1.finance.yahoo.com/v8/finance/chart/SMTC?period1=1767225600&period2=1788566400&interval=1d&events=div%2Csplits
SMTC,2026-07-15,next_open,2026-07-16,2026-09-04,131.25999450683594,131.25999450683594,147.88999938964844,147.88999938964844,0.1266951514457546,-0.2533169273101532,37,0,USD,NMS,https://query1.finance.yahoo.com/v8/finance/chart/SMTC?period1=1767225600&period2=1788566400&interval=1d&events=div%2Csplits
SMTC,2026-07-15,report_close,2026-07-15,2026-09-04,135.22000122070312,135.22000122070312,147.88999938964844,147.88999938964844,0.0936991425422753,-0.2533169273101532,38,0,USD,NMS,https://query1.finance.yahoo.com/v8/finance/chart/SMTC?period1=1767225600&period2=1788566400&interval=1d&events=div%2Csplits
SMTC,2026-07-18,next_open,2026-07-20,2026-09-04,127.79000091552734,127.79000091552734,147.88999938964844,147.88999938964844,0.15728928969495626,-0.2533169273101531,35,0,USD,NMS,https://query1.finance.yahoo.com/v8/finance/chart/SMTC?period1=1767225600&period2=1788566400&interval=1d&events=div%2Csplits
SMTC,2026-07-18,report_close,2026-07-17,2026-09-04,124.95999908447266,124.95999908447266,147.88999938964844,147.88999938964844,0.18349872337687168,-0.2533169273101531,36,0,USD,NMS,https://query1.finance.yahoo.com/v8/finance/chart/SMTC?period1=1767225600&period2=1788566400&interval=1d&events=div%2Csplits
SMTOY,2026-07-12,next_open,2026-07-13,2026-09-04,7.800000190734863,7.800000190734863,6.889999866485596,6.889999866485596,-0.11666670538421275,-0.20384616842401537,40,0,USD,PNK,https://query1.finance.yahoo.com/v8/finance/chart/SMTOY?period1=1767225600&period2=1788566400&interval=1d&events=div%2Csplits
SMTOY,2026-07-12,report_close,2026-07-10,2026-09-04,8.020000457763672,8.020000457763672,6.889999866485596,6.889999866485596,-0.14089782129428585,-0.22568582497580136,41,0,USD,PNK,https://query1.finance.yahoo.com/v8/finance/chart/SMTOY?period1=1767225600&period2=1788566400&interval=1d&events=div%2Csplits
SMTOY,2026-07-13,next_open,2026-07-14,2026-09-04,7.809999942779541,7.809999942779541,6.889999866485596,6.889999866485596,-0.11779770589428729,-0.2048655462682547,39,0,USD,PNK,https://query1.finance.yahoo.com/v8/finance/chart/SMTOY?period1=1767225600&period2=1788566400&interval=1d&events=div%2Csplits
SMTOY,2026-07-13,report_close,2026-07-13,2026-09-04,7.710000038146973,7.710000038146973,6.889999866485596,6.889999866485596,-0.10635540435852664,-0.19455252822028668,40,0,USD,PNK,https://query1.finance.yahoo.com/v8/finance/chart/SMTOY?period1=1767225600&period2=1788566400&interval=1d&events=div%2Csplits
SMTOY,2026-07-14,next_open,2026-07-15,2026-09-04,7.71999979019165,7.71999979019165,6.889999866485596,6.889999866485596,-0.10751294640714615,-0.19559582811947096,38,0,USD,PNK,https://query1.finance.yahoo.com/v8/finance/chart/SMTOY?period1=1767225600&period2=1788566400&interval=1d&events=div%2Csplits
SMTOY,2026-07-14,report_close,2026-07-14,2026-09-04,7.610000133514404,7.610000133514404,6.889999866485596,6.889999866485596,-0.09461238559746288,-0.18396847185348109,39,0,USD,PNK,https://query1.finance.yahoo.com/v8/finance/chart/SMTOY?period1=1767225600&period2=1788566400&interval=1d&events=div%2Csplits
SMTOY,2026-07-15,next_open,2026-07-16,2026-09-04,7.179999828338623,7.179999828338623,6.889999866485596,6.889999866485596,-0.04038996779755222,-0.16644292655901105,37,0,USD,PNK,https://query1.finance.yahoo.com/v8/finance/chart/SMTOY?period1=1767225600&period2=1788566400&interval=1d&events=div%2Csplits
SMTOY,2026-07-15,report_close,2026-07-15,2026-09-04,7.440000057220459,7.440000057220459,6.889999866485596,6.889999866485596,-0.07392475625065253,-0.16644292655901116,38,0,USD,PNK,https://query1.finance.yahoo.com/v8/finance/chart/SMTOY?period1=1767225600&period2=1788566400&interval=1d&events=div%2Csplits
SMTOY,2026-07-18,next_open,2026-07-20,2026-09-04,7.28000020980835,7.28000020980835,6.889999866485596,6.889999866485596,-0.05357147418722685,-0.16644292655901116,35,0,USD,PNK,https://query1.finance.yahoo.com/v8/finance/chart/SMTOY?period1=1767225600&period2=1788566400&interval=1d&events=div%2Csplits
SMTOY,2026-07-18,report_close,2026-07-17,2026-09-04,7.150000095367432,7.150000095367432,6.889999866485596,6.889999866485596,-0.036363667890059626,-0.16644292655901105,36,0,USD,PNK,https://query1.finance.yahoo.com/v8/finance/chart/SMTOY?period1=1767225600&period2=1788566400&interval=1d&events=div%2Csplits
SNDK,2026-07-12,next_open,2026-07-13,2026-09-04,1792.8599853515625,1792.8599853515625,1740.0,1740.0,-0.029483610423262974,-0.43336901768755165,40,0,USD,NMS,https://query1.finance.yahoo.com/v8/finance/chart/SNDK?period1=1767225600&period2=1788566400&interval=1d&events=div%2Csplits
SNDK,2026-07-12,report_close,2026-07-10,2026-09-04,1915.9200439453125,1915.9200439453125,1740.0,1740.0,-0.09182013858107219,-0.4697638777469594,41,0,USD,NMS,https://query1.finance.yahoo.com/v8/finance/chart/SNDK?period1=1767225600&period2=1788566400&interval=1d&events=div%2Csplits
SNDK,2026-07-13,next_open,2026-07-14,2026-09-04,1807.0,1807.0,1740.0,1740.0,-0.03707802988378528,-0.43780298027203235,39,0,USD,NMS,https://query1.finance.yahoo.com/v8/finance/chart/SNDK?period1=1767225600&period2=1788566400&interval=1d&events=div%2Csplits
SNDK,2026-07-13,report_close,2026-07-13,2026-09-04,1673.969970703125,1673.969970703125,1740.0,1740.0,0.03944516953857913,-0.42207390649247933,40,0,USD,NMS,https://query1.finance.yahoo.com/v8/finance/chart/SNDK?period1=1767225600&period2=1788566400&interval=1d&events=div%2Csplits
SNDK,2026-07-14,next_open,2026-07-15,2026-09-04,1717.2900390625,1717.2900390625,1740.0,1740.0,0.013224301324136212,-0.4084342239572818,38,0,USD,NMS,https://query1.finance.yahoo.com/v8/finance/chart/SNDK?period1=1767225600&period2=1788566400&interval=1d&events=div%2Csplits
SNDK,2026-07-14,report_close,2026-07-14,2026-09-04,1757.8199462890625,1757.8199462890625,1740.0,1740.0,-0.010137526500755834,-0.42207390649247933,39,0,USD,NMS,https://query1.finance.yahoo.com/v8/finance/chart/SNDK?period1=1767225600&period2=1788566400&interval=1d&events=div%2Csplits
SNDK,2026-07-15,next_open,2026-07-16,2026-09-04,1527.489990234375,1527.489990234375,1740.0,1740.0,0.13912366766673068,-0.36914170240155575,37,0,USD,NMS,https://query1.finance.yahoo.com/v8/finance/chart/SNDK?period1=1767225600&period2=1788566400&interval=1d&events=div%2Csplits
SNDK,2026-07-15,report_close,2026-07-15,2026-09-04,1615.0,1615.0,1740.0,1740.0,0.07739938080495357,-0.3709659352022058,38,0,USD,NMS,https://query1.finance.yahoo.com/v8/finance/chart/SNDK?period1=1767225600&period2=1788566400&interval=1d&events=div%2Csplits
SNDK,2026-07-18,next_open,2026-07-20,2026-09-04,1408.780029296875,1408.780029296875,1740.0,1740.0,0.23511120530892082,-0.36914170240155575,35,0,USD,NMS,https://query1.finance.yahoo.com/v8/finance/chart/SNDK?period1=1767225600&period2=1788566400&interval=1d&events=div%2Csplits
SNDK,2026-07-18,report_close,2026-07-17,2026-09-04,1354.8199462890625,1354.8199462890625,1740.0,1740.0,0.2843035008201422,-0.36914170240155586,36,0,USD,NMS,https://query1.finance.yahoo.com/v8/finance/chart/SNDK?period1=1767225600&period2=1788566400&interval=1d&events=div%2Csplits
SNPS,2026-07-12,next_open,2026-07-13,2026-09-04,448.8399963378906,448.8399963378906,393.8399963378906,393.8399963378906,-0.12253809920851066,-0.17046165758371412,40,0,USD,NMS,https://query1.finance.yahoo.com/v8/finance/chart/SNPS?period1=1767225600&period2=1788566400&interval=1d&events=div%2Csplits
SNPS,2026-07-12,report_close,2026-07-10,2026-09-04,445.5,445.5,393.8399963378906,393.8399963378906,-0.11595960417981899,-0.16424245438324214,41,0,USD,NMS,https://query1.finance.yahoo.com/v8/finance/chart/SNPS?period1=1767225600&period2=1788566400&interval=1d&events=div%2Csplits
SNPS,2026-07-13,next_open,2026-07-14,2026-09-04,426.1900024414063,426.1900024414063,393.8399963378906,393.8399963378906,-0.0759051266294386,-0.1528318872675224,39,0,USD,NMS,https://query1.finance.yahoo.com/v8/finance/chart/SNPS?period1=1767225600&period2=1788566400&interval=1d&events=div%2Csplits
SNPS,2026-07-13,report_close,2026-07-13,2026-09-04,433.8200073242188,433.8200073242188,393.8399963378906,393.8399963378906,-0.09215806166461293,-0.1528318872675225,40,0,USD,NMS,https://query1.finance.yahoo.com/v8/finance/chart/SNPS?period1=1767225600&period2=1788566400&interval=1d&events=div%2Csplits
SNPS,2026-07-14,next_open,2026-07-15,2026-09-04,429.8599853515625,429.8599853515625,393.8399963378906,393.8399963378906,-0.08379470116115317,-0.1528318872675224,38,0,USD,NMS,https://query1.finance.yahoo.com/v8/finance/chart/SNPS?period1=1767225600&period2=1788566400&interval=1d&events=div%2Csplits
SNPS,2026-07-14,report_close,2026-07-14,2026-09-04,425.8999938964844,425.8999938964844,393.8399963378906,393.8399963378906,-0.07527588170472244,-0.15283188726752261,39,0,USD,NMS,https://query1.finance.yahoo.com/v8/finance/chart/SNPS?period1=1767225600&period2=1788566400&interval=1d&events=div%2Csplits
SNPS,2026-07-15,next_open,2026-07-16,2026-09-04,425.6400146484375,425.6400146484375,393.8399963378906,393.8399963378906,-0.07471106384772697,-0.1528318872675224,37,0,USD,NMS,https://query1.finance.yahoo.com/v8/finance/chart/SNPS?period1=1767225600&period2=1788566400&interval=1d&events=div%2Csplits
SNPS,2026-07-15,report_close,2026-07-15,2026-09-04,425.2799987792969,425.2799987792969,393.8399963378906,393.8399963378906,-0.07392777118992222,-0.1528318872675225,38,0,USD,NMS,https://query1.finance.yahoo.com/v8/finance/chart/SNPS?period1=1767225600&period2=1788566400&interval=1d&events=div%2Csplits
SNPS,2026-07-18,next_open,2026-07-20,2026-09-04,382.0,382.0,393.8399963378906,393.8399963378906,0.030994754811231928,-0.15283188726752261,35,0,USD,NMS,https://query1.finance.yahoo.com/v8/finance/chart/SNPS?period1=1767225600&period2=1788566400&interval=1d&events=div%2Csplits
SNPS,2026-07-18,report_close,2026-07-17,2026-09-04,384.2799987792969,384.2799987792969,393.8399963378906,393.8399963378906,0.024877687074430055,-0.1528318872675225,36,0,USD,NMS,https://query1.finance.yahoo.com/v8/finance/chart/SNPS?period1=1767225600&period2=1788566400&interval=1d&events=div%2Csplits
SOMMY,2026-07-12,next_open,2026-07-13,2026-09-04,16.34000015258789,16.34000015258789,20.0,20.0,0.22399019664834263,-0.14502037041665627,40,19,USD,PNK,https://query1.finance.yahoo.com/v8/finance/chart/SOMMY?period1=1767225600&period2=1788566400&interval=1d&events=div%2Csplits
SOMMY,2026-07-12,report_close,2026-07-10,2026-09-04,16.579999923706055,16.579999923706055,20.0,20.0,0.20627262316232198,-0.14502037041665627,41,20,USD,PNK,https://query1.finance.yahoo.com/v8/finance/chart/SOMMY?period1=1767225600&period2=1788566400&interval=1d&events=div%2Csplits
SOMMY,2026-07-13,next_open,2026-07-14,2026-09-04,16.520000457763672,16.520000457763672,20.0,20.0,0.21065371947982503,-0.14502037041665639,39,19,USD,PNK,https://query1.finance.yahoo.com/v8/finance/chart/SOMMY?period1=1767225600&period2=1788566400&interval=1d&events=div%2Csplits
SOMMY,2026-07-13,report_close,2026-07-13,2026-09-04,16.020000457763672,16.020000457763672,20.0,20.0,0.24843941501309552,-0.14502037041665639,40,19,USD,PNK,https://query1.finance.yahoo.com/v8/finance/chart/SOMMY?period1=1767225600&period2=1788566400&interval=1d&events=div%2Csplits
SOMMY,2026-07-14,next_open,2026-07-15,2026-09-04,16.84000015258789,16.84000015258789,20.0,20.0,0.1876484452956786,-0.14502037041665639,38,19,USD,PNK,https://query1.finance.yahoo.com/v8/finance/chart/SOMMY?period1=1767225600&period2=1788566400&interval=1d&events=div%2Csplits
SOMMY,2026-07-14,report_close,2026-07-14,2026-09-04,16.520000457763672,16.520000457763672,20.0,20.0,0.21065371947982503,-0.14502037041665639,39,19,USD,PNK,https://query1.finance.yahoo.com/v8/finance/chart/SOMMY?period1=1767225600&period2=1788566400&interval=1d&events=div%2Csplits
SOMMY,2026-07-15,next_open,2026-07-16,2026-09-04,16.84000015258789,16.84000015258789,20.0,20.0,0.1876484452956786,-0.14502037041665639,37,19,USD,PNK,https://query1.finance.yahoo.com/v8/finance/chart/SOMMY?period1=1767225600&period2=1788566400&interval=1d&events=div%2Csplits
SOMMY,2026-07-15,report_close,2026-07-15,2026-09-04,16.84000015258789,16.84000015258789,20.0,20.0,0.1876484452956786,-0.14502037041665639,38,19,USD,PNK,https://query1.finance.yahoo.com/v8/finance/chart/SOMMY?period1=1767225600&period2=1788566400&interval=1d&events=div%2Csplits
SOMMY,2026-07-18,next_open,2026-07-20,2026-09-04,17.170000076293945,17.170000076293945,20.0,20.0,0.16482235941357648,-0.14502037041665639,35,17,USD,PNK,https://query1.finance.yahoo.com/v8/finance/chart/SOMMY?period1=1767225600&period2=1788566400&interval=1d&events=div%2Csplits
SOMMY,2026-07-18,report_close,2026-07-17,2026-09-04,16.84000015258789,16.84000015258789,20.0,20.0,0.1876484452956786,-0.14502037041665639,36,18,USD,PNK,https://query1.finance.yahoo.com/v8/finance/chart/SOMMY?period1=1767225600&period2=1788566400&interval=1d&events=div%2Csplits
ST,2026-07-12,next_open,2026-07-13,2026-09-04,44.97999954223633,44.863244400413784,43.08000183105469,43.08000183105469,-0.03974840859576012,-0.15563810716118187,40,0,USD,NYQ,https://query1.finance.yahoo.com/v8/finance/chart/ST?period1=1767225600&period2=1788566400&interval=1d&events=div%2Csplits
ST,2026-07-12,report_close,2026-07-10,2026-09-04,45.31999969482422,45.20236206054688,43.08000183105469,43.08000183105469,-0.04695241869549582,-0.15563810716118198,41,0,USD,NYQ,https://query1.finance.yahoo.com/v8/finance/chart/ST?period1=1767225600&period2=1788566400&interval=1d&events=div%2Csplits
ST,2026-07-13,next_open,2026-07-14,2026-09-04,45.47999954223633,45.36194545414066,43.08000183105469,43.08000183105469,-0.05030524154641769,-0.15563810716118187,39,0,USD,NYQ,https://query1.finance.yahoo.com/v8/finance/chart/ST?period1=1767225600&period2=1788566400&interval=1d&events=div%2Csplits
ST,2026-07-13,report_close,2026-07-13,2026-09-04,44.400001525878906,44.28475189208984,43.08000183105469,43.08000183105469,-0.027204624832737112,-0.15563810716118198,40,0,USD,NYQ,https://query1.finance.yahoo.com/v8/finance/chart/ST?period1=1767225600&period2=1788566400&interval=1d&events=div%2Csplits
ST,2026-07-14,next_open,2026-07-15,2026-09-04,45.09999847412109,44.98293228347502,43.08000183105469,43.08000183105469,-0.04230338832578506,-0.15563810716118198,38,0,USD,NYQ,https://query1.finance.yahoo.com/v8/finance/chart/ST?period1=1767225600&period2=1788566400&interval=1d&events=div%2Csplits
ST,2026-07-14,report_close,2026-07-14,2026-09-04,44.66999816894531,44.554046630859375,43.08000183105469,43.08000183105469,-0.03308442018785618,-0.15563810716118198,39,0,USD,NYQ,https://query1.finance.yahoo.com/v8/finance/chart/ST?period1=1767225600&period2=1788566400&interval=1d&events=div%2Csplits
ST,2026-07-15,next_open,2026-07-16,2026-09-04,44.36000061035156,44.24485489119612,43.08000183105469,43.08000183105469,-0.026327424126623478,-0.15563810716118198,37,0,USD,NYQ,https://query1.finance.yahoo.com/v8/finance/chart/ST?period1=1767225600&period2=1788566400&interval=1d&events=div%2Csplits
ST,2026-07-15,report_close,2026-07-15,2026-09-04,44.650001525878906,44.53410339355469,43.08000183105469,43.08000183105469,-0.03265141659302939,-0.1556381071611821,38,0,USD,NYQ,https://query1.finance.yahoo.com/v8/finance/chart/ST?period1=1767225600&period2=1788566400&interval=1d&events=div%2Csplits
ST,2026-07-18,next_open,2026-07-20,2026-09-04,45.52000045776367,45.40184236394804,43.08000183105469,43.08000183105469,-0.051139786669473164,-0.15563810716118198,35,0,USD,NYQ,https://query1.finance.yahoo.com/v8/finance/chart/ST?period1=1767225600&period2=1788566400&interval=1d&events=div%2Csplits
ST,2026-07-18,report_close,2026-07-17,2026-09-04,45.04999923706055,44.93306350708008,43.08000183105469,43.08000183105469,-0.04124049266601648,-0.15563810716118198,36,0,USD,NYQ,https://query1.finance.yahoo.com/v8/finance/chart/ST?period1=1767225600&period2=1788566400&interval=1d&events=div%2Csplits
STM,2026-07-12,next_open,2026-07-13,2026-09-04,70.05999755859375,70.05999755859375,52.2400016784668,52.2400016784668,-0.25435336142030884,-0.3104234635059163,40,0,USD,NYQ,https://query1.finance.yahoo.com/v8/finance/chart/STM?period1=1767225600&period2=1788566400&interval=1d&events=div%2Csplits
STM,2026-07-12,report_close,2026-07-10,2026-09-04,71.45999908447266,71.45999908447266,52.2400016784668,52.2400016784668,-0.2689616240168987,-0.32325774937129026,41,0,USD,NYQ,https://query1.finance.yahoo.com/v8/finance/chart/STM?period1=1767225600&period2=1788566400&interval=1d&events=div%2Csplits
STM,2026-07-13,next_open,2026-07-14,2026-09-04,71.6500015258789,71.6500015258789,52.2400016784668,52.2400016784668,-0.27090020145221505,-0.3250523436083298,39,0,USD,NYQ,https://query1.finance.yahoo.com/v8/finance/chart/STM?period1=1767225600&period2=1788566400&interval=1d&events=div%2Csplits
STM,2026-07-13,report_close,2026-07-13,2026-09-04,68.47000122070312,68.47000122070312,52.2400016784668,52.2400016784668,-0.23703810797258895,-0.31042346350591643,40,0,USD,NYQ,https://query1.finance.yahoo.com/v8/finance/chart/STM?period1=1767225600&period2=1788566400&interval=1d&events=div%2Csplits
STM,2026-07-14,next_open,2026-07-15,2026-09-04,70.05000305175781,70.05000305175781,52.2400016784668,52.2400016784668,-0.254246974980597,-0.3096359956669833,38,0,USD,NYQ,https://query1.finance.yahoo.com/v8/finance/chart/STM?period1=1767225600&period2=1788566400&interval=1d&events=div%2Csplits
STM,2026-07-14,report_close,2026-07-14,2026-09-04,70.12999725341797,70.12999725341797,52.2400016784668,52.2400016784668,-0.25509762263792557,-0.3104234635059163,39,0,USD,NYQ,https://query1.finance.yahoo.com/v8/finance/chart/STM?period1=1767225600&period2=1788566400&interval=1d&events=div%2Csplits
STM,2026-07-15,next_open,2026-07-16,2026-09-04,64.95999908447266,64.95999908447266,52.2400016784668,52.2400016784668,-0.1958127707093258,-0.2647103074552193,37,0,USD,NYQ,https://query1.finance.yahoo.com/v8/finance/chart/STM?period1=1767225600&period2=1788566400&interval=1d&events=div%2Csplits
STM,2026-07-15,report_close,2026-07-15,2026-09-04,67.75,67.75,52.2400016784668,52.2400016784668,-0.22892986452447528,-0.2861992529837408,38,0,USD,NYQ,https://query1.finance.yahoo.com/v8/finance/chart/STM?period1=1767225600&period2=1788566400&interval=1d&events=div%2Csplits
STM,2026-07-18,next_open,2026-07-20,2026-09-04,62.369998931884766,62.369998931884766,52.2400016784668,52.2400016784668,-0.16241778782906657,-0.2647103074552193,35,0,USD,NYQ,https://query1.finance.yahoo.com/v8/finance/chart/STM?period1=1767225600&period2=1788566400&interval=1d&events=div%2Csplits
STM,2026-07-18,report_close,2026-07-17,2026-09-04,62.060001373291016,62.060001373291016,52.2400016784668,52.2400016784668,-0.15823395870968326,-0.2647103074552193,36,0,USD,NYQ,https://query1.finance.yahoo.com/v8/finance/chart/STM?period1=1767225600&period2=1788566400&interval=1d&events=div%2Csplits
STX,2026-07-12,next_open,2026-07-13,2026-09-04,869.5999755859375,869.5999755859375,849.280029296875,849.280029296875,-0.023367004208309616,-0.2011881482864919,40,0,USD,NMS,https://query1.finance.yahoo.com/v8/finance/chart/STX?period1=1767225600&period2=1788566400&interval=1d&events=div%2Csplits
STX,2026-07-12,report_close,2026-07-10,2026-09-04,910.3400268554688,910.3400268554688,849.280029296875,849.280029296875,-0.06707383588252136,-0.2011881482864919,41,0,USD,NMS,https://query1.finance.yahoo.com/v8/finance/chart/STX?period1=1767225600&period2=1788566400&interval=1d&events=div%2Csplits
STX,2026-07-13,next_open,2026-07-14,2026-09-04,901.1400146484376,901.1400146484376,849.280029296875,849.280029296875,-0.05754930921782975,-0.2011881482864919,39,0,USD,NMS,https://query1.finance.yahoo.com/v8/finance/chart/STX?period1=1767225600&period2=1788566400&interval=1d&events=div%2Csplits
STX,2026-07-13,report_close,2026-07-13,2026-09-04,860.6599731445312,860.6599731445312,849.280029296875,849.280029296875,-0.01322234587729021,-0.201188148286492,40,0,USD,NMS,https://query1.finance.yahoo.com/v8/finance/chart/STX?period1=1767225600&period2=1788566400&interval=1d&events=div%2Csplits
STX,2026-07-14,next_open,2026-07-15,2026-09-04,889.02001953125,889.02001953125,849.280029296875,849.280029296875,-0.044700894649513656,-0.2011881482864919,38,0,USD,NMS,https://query1.finance.yahoo.com/v8/finance/chart/STX?period1=1767225600&period2=1788566400&interval=1d&events=div%2Csplits
STX,2026-07-14,report_close,2026-07-14,2026-09-04,878.3099975585938,878.3099975585938,849.280029296875,849.280029296875,-0.03305207539753874,-0.2011881482864919,39,0,USD,NMS,https://query1.finance.yahoo.com/v8/finance/chart/STX?period1=1767225600&period2=1788566400&interval=1d&events=div%2Csplits
STX,2026-07-15,next_open,2026-07-16,2026-09-04,785.1099853515625,785.1099853515625,849.280029296875,849.280029296875,0.08173382728864165,-0.20118814828649179,37,0,USD,NMS,https://query1.finance.yahoo.com/v8/finance/chart/STX?period1=1767225600&period2=1788566400&interval=1d&events=div%2Csplits
STX,2026-07-15,report_close,2026-07-15,2026-09-04,828.2999877929688,828.2999877929688,849.280029296875,849.280029296875,0.0253290375625963,-0.2011881482864919,38,0,USD,NMS,https://query1.finance.yahoo.com/v8/finance/chart/STX?period1=1767225600&period2=1788566400&interval=1d&events=div%2Csplits
STX,2026-07-18,next_open,2026-07-20,2026-09-04,810.02001953125,810.02001953125,849.280029296875,849.280029296875,0.04846794995060044,-0.2011881482864919,35,0,USD,NMS,https://query1.finance.yahoo.com/v8/finance/chart/STX?period1=1767225600&period2=1788566400&interval=1d&events=div%2Csplits
STX,2026-07-18,report_close,2026-07-17,2026-09-04,787.6599731445312,787.6599731445312,849.280029296875,849.280029296875,0.07823179830548121,-0.2011881482864919,36,0,USD,NMS,https://query1.finance.yahoo.com/v8/finance/chart/STX?period1=1767225600&period2=1788566400&interval=1d&events=div%2Csplits
TDY,2026-07-12,next_open,2026-07-13,2026-09-04,632.3900146484375,632.3900146484375,610.6500244140625,610.6500244140625,-0.03437750396242556,-0.12286996085821456,40,0,USD,NYQ,https://query1.finance.yahoo.com/v8/finance/chart/TDY?period1=1767225600&period2=1788566400&interval=1d&events=div%2Csplits
TDY,2026-07-12,report_close,2026-07-10,2026-09-04,634.5999755859375,634.5999755859375,610.6500244140625,610.6500244140625,-0.03774023336474541,-0.12286996085821444,41,0,USD,NYQ,https://query1.finance.yahoo.com/v8/finance/chart/TDY?period1=1767225600&period2=1788566400&interval=1d&events=div%2Csplits
TDY,2026-07-13,next_open,2026-07-14,2026-09-04,629.6799926757812,629.6799926757812,610.6500244140625,610.6500244140625,-0.03022164985876752,-0.12286996085821444,39,0,USD,NYQ,https://query1.finance.yahoo.com/v8/finance/chart/TDY?period1=1767225600&period2=1788566400&interval=1d&events=div%2Csplits
TDY,2026-07-13,report_close,2026-07-13,2026-09-04,623.8800048828125,623.8800048828125,610.6500244140625,610.6500244140625,-0.021205969681998504,-0.12286996085821456,40,0,USD,NYQ,https://query1.finance.yahoo.com/v8/finance/chart/TDY?period1=1767225600&period2=1788566400&interval=1d&events=div%2Csplits
TDY,2026-07-14,next_open,2026-07-15,2026-09-04,625.510009765625,625.510009765625,610.6500244140625,610.6500244140625,-0.023756590813199696,-0.12286996085821444,38,0,USD,NYQ,https://query1.finance.yahoo.com/v8/finance/chart/TDY?period1=1767225600&period2=1788566400&interval=1d&events=div%2Csplits
TDY,2026-07-14,report_close,2026-07-14,2026-09-04,623.0999755859375,623.0999755859375,610.6500244140625,610.6500244140625,-0.01998066387367059,-0.12286996085821456,39,0,USD,NYQ,https://query1.finance.yahoo.com/v8/finance/chart/TDY?period1=1767225600&period2=1788566400&interval=1d&events=div%2Csplits
TDY,2026-07-15,next_open,2026-07-16,2026-09-04,618.77001953125,618.77001953125,610.6500244140625,610.6500244140625,-0.013122799846280175,-0.12286996085821456,37,0,USD,NYQ,https://query1.finance.yahoo.com/v8/finance/chart/TDY?period1=1767225600&period2=1788566400&interval=1d&events=div%2Csplits
TDY,2026-07-15,report_close,2026-07-15,2026-09-04,624.1500244140625,624.1500244140625,610.6500244140625,610.6500244140625,-0.02162941515971817,-0.12286996085821444,38,0,USD,NYQ,https://query1.finance.yahoo.com/v8/finance/chart/TDY?period1=1767225600&period2=1788566400&interval=1d&events=div%2Csplits
TDY,2026-07-18,next_open,2026-07-20,2026-09-04,635.6699829101562,635.6699829101562,610.6500244140625,610.6500244140625,-0.03935998107311922,-0.12286996085821456,35,0,USD,NYQ,https://query1.finance.yahoo.com/v8/finance/chart/TDY?period1=1767225600&period2=1788566400&interval=1d&events=div%2Csplits
TDY,2026-07-18,report_close,2026-07-17,2026-09-04,635.52001953125,635.52001953125,610.6500244140625,610.6500244140625,-0.039133299271250754,-0.12286996085821444,36,0,USD,NYQ,https://query1.finance.yahoo.com/v8/finance/chart/TDY?period1=1767225600&period2=1788566400&interval=1d&events=div%2Csplits
TE,2026-07-12,next_open,2026-07-13,2026-09-04,6.71999979019165,6.71999979019165,4.599999904632568,4.599999904632568,-0.3154761832959255,-0.4561403588269247,40,0,USD,NYQ,https://query1.finance.yahoo.com/v8/finance/chart/TE?period1=1767225600&period2=1788566400&interval=1d&events=div%2Csplits
TE,2026-07-12,report_close,2026-07-10,2026-09-04,6.849999904632568,6.849999904632568,4.599999904632568,4.599999904632568,-0.32846715785767433,-0.45693429483196923,41,0,USD,NYQ,https://query1.finance.yahoo.com/v8/finance/chart/TE?period1=1767225600&period2=1788566400&interval=1d&events=div%2Csplits
TE,2026-07-13,next_open,2026-07-14,2026-09-04,6.800000190734863,6.800000190734863,4.599999904632568,4.599999904632568,-0.3235294447638163,-0.45614035882692483,39,0,USD,NYQ,https://query1.finance.yahoo.com/v8/finance/chart/TE?period1=1767225600&period2=1788566400&interval=1d&events=div%2Csplits
TE,2026-07-13,report_close,2026-07-13,2026-09-04,6.550000190734863,6.550000190734863,4.599999904632568,4.599999904632568,-0.2977099586745995,-0.45614035882692483,40,0,USD,NYQ,https://query1.finance.yahoo.com/v8/finance/chart/TE?period1=1767225600&period2=1788566400&interval=1d&events=div%2Csplits
TE,2026-07-14,next_open,2026-07-15,2026-09-04,6.800000190734863,6.800000190734863,4.599999904632568,4.599999904632568,-0.3235294447638163,-0.452941187607788,38,0,USD,NYQ,https://query1.finance.yahoo.com/v8/finance/chart/TE?period1=1767225600&period2=1788566400&interval=1d&events=div%2Csplits
TE,2026-07-14,report_close,2026-07-14,2026-09-04,6.840000152587891,6.840000152587891,4.599999904632568,4.599999904632568,-0.32748540906213663,-0.45614035882692483,39,0,USD,NYQ,https://query1.finance.yahoo.com/v8/finance/chart/TE?period1=1767225600&period2=1788566400&interval=1d&events=div%2Csplits
TE,2026-07-15,next_open,2026-07-16,2026-09-04,6.449999809265137,6.449999809265137,4.599999904632568,4.599999904632568,-0.28682169912239786,-0.4232557924627198,37,0,USD,NYQ,https://query1.finance.yahoo.com/v8/finance/chart/TE?period1=1767225600&period2=1788566400&interval=1d&events=div%2Csplits
TE,2026-07-15,report_close,2026-07-15,2026-09-04,6.659999847412109,6.659999847412109,4.599999904632568,4.599999904632568,-0.3093093078042637,-0.4414414243484228,38,0,USD,NYQ,https://query1.finance.yahoo.com/v8/finance/chart/TE?period1=1767225600&period2=1788566400&interval=1d&events=div%2Csplits
TE,2026-07-18,next_open,2026-07-20,2026-09-04,5.849999904632568,5.849999904632568,4.599999904632568,4.599999904632568,-0.21367521715857374,-0.39016392020184754,35,0,USD,NYQ,https://query1.finance.yahoo.com/v8/finance/chart/TE?period1=1767225600&period2=1788566400&interval=1d&events=div%2Csplits
TE,2026-07-18,report_close,2026-07-17,2026-09-04,5.840000152587891,5.840000152587891,4.599999904632568,4.599999904632568,-0.2123288040336503,-0.39016392020184754,36,0,USD,NYQ,https://query1.finance.yahoo.com/v8/finance/chart/TE?period1=1767225600&period2=1788566400&interval=1d&events=div%2Csplits
TEL,2026-07-12,next_open,2026-07-13,2026-09-04,199.63999938964844,198.8634923936753,208.6499938964844,208.6499938964844,0.04921215747048979,-0.0829941995568465,40,0,USD,NYQ,https://query1.finance.yahoo.com/v8/finance/chart/TEL?period1=1767225600&period2=1788566400&interval=1d&events=div%2Csplits
TEL,2026-07-12,report_close,2026-07-10,2026-09-04,200.3600006103516,199.5807037353516,208.6499938964844,208.6499938964844,0.04544171851983703,-0.08299419955684662,41,0,USD,NYQ,https://query1.finance.yahoo.com/v8/finance/chart/TEL?period1=1767225600&period2=1788566400&interval=1d&events=div%2Csplits
TEL,2026-07-13,next_open,2026-07-14,2026-09-04,201.25999450683597,200.47719769338678,208.6499938964844,208.6499938964844,0.04076671211055749,-0.08299419955684673,39,0,USD,NYQ,https://query1.finance.yahoo.com/v8/finance/chart/TEL?period1=1767225600&period2=1788566400&interval=1d&events=div%2Csplits
TEL,2026-07-13,report_close,2026-07-13,2026-09-04,198.17999267578125,197.4091644287109,208.6499938964844,208.6499938964844,0.05694178130130734,-0.0829941995568465,40,0,USD,NYQ,https://query1.finance.yahoo.com/v8/finance/chart/TEL?period1=1767225600&period2=1788566400&interval=1d&events=div%2Csplits
TEL,2026-07-14,next_open,2026-07-15,2026-09-04,202.83999633789065,202.05105051818404,208.6499938964844,208.6499938964844,0.0326597825716648,-0.0829941995568465,38,0,USD,NYQ,https://query1.finance.yahoo.com/v8/finance/chart/TEL?period1=1767225600&period2=1788566400&interval=1d&events=div%2Csplits
TEL,2026-07-14,report_close,2026-07-14,2026-09-04,200.97999572753903,200.1982879638672,208.6499938964844,208.6499938964844,0.04221667437107457,-0.0829941995568465,39,0,USD,NYQ,https://query1.finance.yahoo.com/v8/finance/chart/TEL?period1=1767225600&period2=1788566400&interval=1d&events=div%2Csplits
TEL,2026-07-15,next_open,2026-07-16,2026-09-04,198.4499969482422,197.67811903463843,208.6499938964844,208.6499938964844,0.055503739692724485,-0.08299419955684662,37,0,USD,NYQ,https://query1.finance.yahoo.com/v8/finance/chart/TEL?period1=1767225600&period2=1788566400&interval=1d&events=div%2Csplits
TEL,2026-07-15,report_close,2026-07-15,2026-09-04,201.33999633789065,200.556884765625,208.6499938964844,208.6499938964844,0.040353185283652504,-0.0829941995568465,38,0,USD,NYQ,https://query1.finance.yahoo.com/v8/finance/chart/TEL?period1=1767225600&period2=1788566400&interval=1d&events=div%2Csplits
TEL,2026-07-18,next_open,2026-07-20,2026-09-04,205.25,204.45167777199146,208.6499938964844,208.6499938964844,0.020534515393779262,-0.0829941995568465,35,0,USD,NYQ,https://query1.finance.yahoo.com/v8/finance/chart/TEL?period1=1767225600&period2=1788566400&interval=1d&events=div%2Csplits
TEL,2026-07-18,report_close,2026-07-17,2026-09-04,203.30999755859372,202.51922607421875,208.6499938964844,208.6499938964844,0.03027252247161405,-0.0829941995568465,36,0,USD,NYQ,https://query1.finance.yahoo.com/v8/finance/chart/TEL?period1=1767225600&period2=1788566400&interval=1d&events=div%2Csplits
TER,2026-07-12,next_open,2026-07-13,2026-09-04,345.0,344.86752484367696,357.0299987792969,357.0299987792969,0.03526708970678816,-0.24299322449872673,40,0,USD,NMS,https://query1.finance.yahoo.com/v8/finance/chart/TER?period1=1767225600&period2=1788566400&interval=1d&events=div%2Csplits
TER,2026-07-12,report_close,2026-07-10,2026-09-04,359.6000061035156,359.4619445800781,357.0299987792969,357.0299987792969,-0.0067655167325771925,-0.24299322449872673,41,0,USD,NMS,https://query1.finance.yahoo.com/v8/finance/chart/TER?period1=1767225600&period2=1788566400&interval=1d&events=div%2Csplits
TER,2026-07-13,next_open,2026-07-14,2026-09-04,363.5700073242188,363.43041723995196,357.0299987792969,357.0299987792969,-0.017611124872988437,-0.24299322449872673,39,0,USD,NMS,https://query1.finance.yahoo.com/v8/finance/chart/TER?period1=1767225600&period2=1788566400&interval=1d&events=div%2Csplits
TER,2026-07-13,report_close,2026-07-13,2026-09-04,341.1099853515625,340.97900390625,357.0299987792969,357.0299987792969,0.047073264597429665,-0.24299322449872662,40,0,USD,NMS,https://query1.finance.yahoo.com/v8/finance/chart/TER?period1=1767225600&period2=1788566400&interval=1d&events=div%2Csplits
TER,2026-07-14,next_open,2026-07-15,2026-09-04,356.29998779296875,356.16316433219674,357.0299987792969,357.0299987792969,0.002433812740644914,-0.24299322449872662,38,0,USD,NMS,https://query1.finance.yahoo.com/v8/finance/chart/TER?period1=1767225600&period2=1788566400&interval=1d&events=div%2Csplits
TER,2026-07-14,report_close,2026-07-14,2026-09-04,353.2300109863281,353.0943908691406,357.0299987792969,357.0299987792969,0.011146050495077997,-0.24299322449872673,39,0,USD,NMS,https://query1.finance.yahoo.com/v8/finance/chart/TER?period1=1767225600&period2=1788566400&interval=1d&events=div%2Csplits
TER,2026-07-15,next_open,2026-07-16,2026-09-04,332.239990234375,332.11242493874266,357.0299987792969,357.0299987792969,0.07502752673330493,-0.24299322449872673,37,0,USD,NMS,https://query1.finance.yahoo.com/v8/finance/chart/TER?period1=1767225600&period2=1788566400&interval=1d&events=div%2Csplits
TER,2026-07-15,report_close,2026-07-15,2026-09-04,342.1199951171875,341.9886169433594,357.0299987792969,357.0299987792969,0.043982112534548756,-0.24299322449872673,38,0,USD,NMS,https://query1.finance.yahoo.com/v8/finance/chart/TER?period1=1767225600&period2=1788566400&interval=1d&events=div%2Csplits
TER,2026-07-18,next_open,2026-07-20,2026-09-04,335.2200012207031,335.09129736325747,357.0299987792969,357.0299987792969,0.06547081821780831,-0.24299322449872673,35,0,USD,NMS,https://query1.finance.yahoo.com/v8/finance/chart/TER?period1=1767225600&period2=1788566400&interval=1d&events=div%2Csplits
TER,2026-07-18,report_close,2026-07-17,2026-09-04,322.3599853515625,322.2362060546875,357.0299987792969,357.0299987792969,0.10797605008639044,-0.24299322449872673,36,0,USD,NMS,https://query1.finance.yahoo.com/v8/finance/chart/TER?period1=1767225600&period2=1788566400&interval=1d&events=div%2Csplits
TMO,2026-07-12,next_open,2026-07-13,2026-09-04,524.2000122070312,524.2000122070312,613.780029296875,613.780029296875,0.17088900229644488,-0.05240570737587169,40,0,USD,NYQ,https://query1.finance.yahoo.com/v8/finance/chart/TMO?period1=1767225600&period2=1788566400&interval=1d&events=div%2Csplits
TMO,2026-07-12,report_close,2026-07-10,2026-09-04,527.0499877929688,527.0499877929688,613.780029296875,613.780029296875,0.16455752492679077,-0.0524057073758718,41,0,USD,NYQ,https://query1.finance.yahoo.com/v8/finance/chart/TMO?period1=1767225600&period2=1788566400&interval=1d&events=div%2Csplits
TMO,2026-07-13,next_open,2026-07-14,2026-09-04,525.010009765625,525.010009765625,613.780029296875,613.780029296875,0.16908252772338317,-0.05240570737587169,39,0,USD,NYQ,https://query1.finance.yahoo.com/v8/finance/chart/TMO?period1=1767225600&period2=1788566400&interval=1d&events=div%2Csplits
TMO,2026-07-13,report_close,2026-07-13,2026-09-04,528.510009765625,528.510009765625,613.780029296875,613.780029296875,0.16134040596329324,-0.05240570737587169,40,0,USD,NYQ,https://query1.finance.yahoo.com/v8/finance/chart/TMO?period1=1767225600&period2=1788566400&interval=1d&events=div%2Csplits
TMO,2026-07-14,next_open,2026-07-15,2026-09-04,537.239990234375,537.239990234375,613.780029296875,613.780029296875,0.14246899049549322,-0.05240570737587158,38,0,USD,NYQ,https://query1.finance.yahoo.com/v8/finance/chart/TMO?period1=1767225600&period2=1788566400&interval=1d&events=div%2Csplits
TMO,2026-07-14,report_close,2026-07-14,2026-09-04,534.0700073242188,534.0700073242188,613.780029296875,613.780029296875,0.14925013739681248,-0.05240570737587169,39,0,USD,NYQ,https://query1.finance.yahoo.com/v8/finance/chart/TMO?period1=1767225600&period2=1788566400&interval=1d&events=div%2Csplits
TMO,2026-07-15,next_open,2026-07-16,2026-09-04,536.25,536.25,613.780029296875,613.780029296875,0.14457814321095563,-0.0524057073758718,37,0,USD,NYQ,https://query1.finance.yahoo.com/v8/finance/chart/TMO?period1=1767225600&period2=1788566400&interval=1d&events=div%2Csplits
TMO,2026-07-15,report_close,2026-07-15,2026-09-04,535.2899780273438,535.2899780273438,613.780029296875,613.780029296875,0.1466309000567947,-0.05240570737587158,38,0,USD,NYQ,https://query1.finance.yahoo.com/v8/finance/chart/TMO?period1=1767225600&period2=1788566400&interval=1d&events=div%2Csplits
TMO,2026-07-18,next_open,2026-07-20,2026-09-04,530.5700073242188,530.5700073242188,613.780029296875,613.780029296875,0.15683137158902505,-0.05240570737587169,35,0,USD,NYQ,https://query1.finance.yahoo.com/v8/finance/chart/TMO?period1=1767225600&period2=1788566400&interval=1d&events=div%2Csplits
TMO,2026-07-18,report_close,2026-07-17,2026-09-04,532.47998046875,532.47998046875,613.780029296875,613.780029296875,0.15268188816517636,-0.05240570737587169,36,0,USD,NYQ,https://query1.finance.yahoo.com/v8/finance/chart/TMO?period1=1767225600&period2=1788566400&interval=1d&events=div%2Csplits
TOELY,2026-07-12,next_open,2026-07-13,2026-09-04,217.0,217.0,176.49000549316406,176.49000549316406,-0.18668200233564947,-0.32209519092656846,40,0,USD,PNK,https://query1.finance.yahoo.com/v8/finance/chart/TOELY?period1=1767225600&period2=1788566400&interval=1d&events=div%2Csplits
TOELY,2026-07-12,report_close,2026-07-10,2026-09-04,228.25999450683597,228.25999450683597,176.49000549316406,176.49000549316406,-0.22680272609978303,-0.3428546236317912,41,0,USD,PNK,https://query1.finance.yahoo.com/v8/finance/chart/TOELY?period1=1767225600&period2=1788566400&interval=1d&events=div%2Csplits
TOELY,2026-07-13,next_open,2026-07-14,2026-09-04,224.80999755859372,224.80999755859372,176.49000549316406,176.49000549316406,-0.21493702499968093,-0.3327698873316143,39,0,USD,PNK,https://query1.finance.yahoo.com/v8/finance/chart/TOELY?period1=1767225600&period2=1788566400&interval=1d&events=div%2Csplits
TOELY,2026-07-13,report_close,2026-07-13,2026-09-04,218.25,218.25,176.49000549316406,176.49000549316406,-0.19134018101643047,-0.32209519092656846,40,0,USD,PNK,https://query1.finance.yahoo.com/v8/finance/chart/TOELY?period1=1767225600&period2=1788566400&interval=1d&events=div%2Csplits
TOELY,2026-07-14,next_open,2026-07-15,2026-09-04,225.5399932861328,225.5399932861328,176.49000549316406,176.49000549316406,-0.2174780050238857,-0.334929482729471,38,0,USD,PNK,https://query1.finance.yahoo.com/v8/finance/chart/TOELY?period1=1767225600&period2=1788566400&interval=1d&events=div%2Csplits
TOELY,2026-07-14,report_close,2026-07-14,2026-09-04,221.2700042724609,221.2700042724609,176.49000549316406,176.49000549316406,-0.2023771768185848,-0.32209519092656846,39,0,USD,PNK,https://query1.finance.yahoo.com/v8/finance/chart/TOELY?period1=1767225600&period2=1788566400&interval=1d&events=div%2Csplits
TOELY,2026-07-15,next_open,2026-07-16,2026-09-04,215.07000732421875,215.07000732421875,176.49000549316406,176.49000549316406,-0.17938345895388008,-0.3025526810259763,37,0,USD,PNK,https://query1.finance.yahoo.com/v8/finance/chart/TOELY?period1=1767225600&period2=1788566400&interval=1d&events=div%2Csplits
TOELY,2026-07-15,report_close,2026-07-15,2026-09-04,218.8000030517578,218.8000030517578,176.49000549316406,176.49000549316406,-0.19337292947196705,-0.3144424227246604,38,0,USD,PNK,https://query1.finance.yahoo.com/v8/finance/chart/TOELY?period1=1767225600&period2=1788566400&interval=1d&events=div%2Csplits
TOELY,2026-07-18,next_open,2026-07-20,2026-09-04,203.0,203.0,176.49000549316406,176.49000549316406,-0.13059110594500467,-0.2828113584634374,35,0,USD,PNK,https://query1.finance.yahoo.com/v8/finance/chart/TOELY?period1=1767225600&period2=1788566400&interval=1d&events=div%2Csplits
TOELY,2026-07-18,report_close,2026-07-17,2026-09-04,202.94000244140625,202.94000244140625,176.49000549316406,176.49000549316406,-0.1303340722875913,-0.2828113584634374,36,0,USD,PNK,https://query1.finance.yahoo.com/v8/finance/chart/TOELY?period1=1767225600&period2=1788566400&interval=1d&events=div%2Csplits
TSEM,2026-07-12,next_open,2026-07-13,2026-09-04,212.7700042724609,212.7700042724609,222.33999633789065,222.33999633789065,0.044978107220296826,-0.278703683847188,40,0,USD,NMS,https://query1.finance.yahoo.com/v8/finance/chart/TSEM?period1=1767225600&period2=1788566400&interval=1d&events=div%2Csplits
TSEM,2026-07-12,report_close,2026-07-10,2026-09-04,222.75,222.75,222.33999633789065,222.33999633789065,-0.0018406449477411657,-0.2787036838471879,41,0,USD,NMS,https://query1.finance.yahoo.com/v8/finance/chart/TSEM?period1=1767225600&period2=1788566400&interval=1d&events=div%2Csplits
TSEM,2026-07-13,next_open,2026-07-14,2026-09-04,271.5,271.5,222.33999633789065,222.33999633789065,-0.18106815345159977,-0.30813997665601967,39,0,USD,NMS,https://query1.finance.yahoo.com/v8/finance/chart/TSEM?period1=1767225600&period2=1788566400&interval=1d&events=div%2Csplits
TSEM,2026-07-13,report_close,2026-07-13,2026-09-04,229.67999267578125,229.67999267578125,222.33999633789065,222.33999633789065,-0.0319574911701247,-0.278703683847188,40,0,USD,NMS,https://query1.finance.yahoo.com/v8/finance/chart/TSEM?period1=1767225600&period2=1788566400&interval=1d&events=div%2Csplits
TSEM,2026-07-14,next_open,2026-07-15,2026-09-04,257.44000244140625,257.44000244140625,222.33999633789065,222.33999633789065,-0.13634247114142417,-0.278703683847188,38,0,USD,NMS,https://query1.finance.yahoo.com/v8/finance/chart/TSEM?period1=1767225600&period2=1788566400&interval=1d&events=div%2Csplits
TSEM,2026-07-14,report_close,2026-07-14,2026-09-04,255.4900054931641,255.4900054931641,222.33999633789065,222.33999633789065,-0.1297507082176661,-0.2787036838471879,39,0,USD,NMS,https://query1.finance.yahoo.com/v8/finance/chart/TSEM?period1=1767225600&period2=1788566400&interval=1d&events=div%2Csplits
TSEM,2026-07-15,next_open,2026-07-16,2026-09-04,241.16000366210935,241.16000366210935,222.33999633789065,222.33999633789065,-0.07803950505236978,-0.278703683847188,37,0,USD,NMS,https://query1.finance.yahoo.com/v8/finance/chart/TSEM?period1=1767225600&period2=1788566400&interval=1d&events=div%2Csplits
TSEM,2026-07-15,report_close,2026-07-15,2026-09-04,251.0,251.0,222.33999633789065,222.33999633789065,-0.11418328152234802,-0.278703683847188,38,0,USD,NMS,https://query1.finance.yahoo.com/v8/finance/chart/TSEM?period1=1767225600&period2=1788566400&interval=1d&events=div%2Csplits
TSEM,2026-07-18,next_open,2026-07-20,2026-09-04,239.72999572753903,239.72999572753903,222.33999633789065,222.33999633789065,-0.07253993951350457,-0.2787036838471879,35,0,USD,NMS,https://query1.finance.yahoo.com/v8/finance/chart/TSEM?period1=1767225600&period2=1788566400&interval=1d&events=div%2Csplits
TSEM,2026-07-18,report_close,2026-07-17,2026-09-04,234.1000061035156,234.1000061035156,222.33999633789065,222.33999633789065,-0.05023498273820992,-0.278703683847188,36,0,USD,NMS,https://query1.finance.yahoo.com/v8/finance/chart/TSEM?period1=1767225600&period2=1788566400&interval=1d&events=div%2Csplits
TSLA,2026-07-12,next_open,2026-07-13,2026-09-04,404.6099853515625,404.6099853515625,354.0799865722656,354.0799865722656,-0.1248856938995011,-0.26269736752786566,40,0,USD,NMS,https://query1.finance.yahoo.com/v8/finance/chart/TSLA?period1=1767225600&period2=1788566400&interval=1d&events=div%2Csplits
TSLA,2026-07-12,report_close,2026-07-10,2026-09-04,407.760009765625,407.760009765625,354.0799865722656,354.0799865722656,-0.13164612004059428,-0.2683931720138787,41,0,USD,NMS,https://query1.finance.yahoo.com/v8/finance/chart/TSLA?period1=1767225600&period2=1788566400&interval=1d&events=div%2Csplits
TSLA,2026-07-13,next_open,2026-07-14,2026-09-04,399.0499877929688,399.0499877929688,354.0799865722656,354.0799865722656,-0.11269265153826813,-0.2524244669843463,39,0,USD,NMS,https://query1.finance.yahoo.com/v8/finance/chart/TSLA?period1=1767225600&period2=1788566400&interval=1d&events=div%2Csplits
TSLA,2026-07-13,report_close,2026-07-13,2026-09-04,394.760009765625,394.760009765625,354.0799865722656,354.0799865722656,-0.1030500106064739,-0.24700890292470545,40,0,USD,NMS,https://query1.finance.yahoo.com/v8/finance/chart/TSLA?period1=1767225600&period2=1788566400&interval=1d&events=div%2Csplits
TSLA,2026-07-14,next_open,2026-07-15,2026-09-04,399.3999938964844,399.3999938964844,354.0799865722656,354.0799865722656,-0.11347022538003515,-0.2530795896768674,38,0,USD,NMS,https://query1.finance.yahoo.com/v8/finance/chart/TSLA?period1=1767225600&period2=1788566400&interval=1d&events=div%2Csplits
TSLA,2026-07-14,report_close,2026-07-14,2026-09-04,396.1799926757813,396.1799926757813,354.0799865722656,354.0799865722656,-0.10626484648852208,-0.24700890292470534,39,0,USD,NMS,https://query1.finance.yahoo.com/v8/finance/chart/TSLA?period1=1767225600&period2=1788566400&interval=1d&events=div%2Csplits
TSLA,2026-07-15,next_open,2026-07-16,2026-09-04,392.3500061035156,392.3500061035156,354.0799865722656,354.0799865722656,-0.09754050958559957,-0.23965846136494895,37,0,USD,NMS,https://query1.finance.yahoo.com/v8/finance/chart/TSLA?period1=1767225600&period2=1788566400&interval=1d&events=div%2Csplits
TSLA,2026-07-15,report_close,2026-07-15,2026-09-04,394.4599914550781,394.4599914550781,354.0799865722656,354.0799865722656,-0.10236780854215233,-0.24372556460344597,38,0,USD,NMS,https://query1.finance.yahoo.com/v8/finance/chart/TSLA?period1=1767225600&period2=1788566400&interval=1d&events=div%2Csplits
TSLA,2026-07-18,next_open,2026-07-20,2026-09-04,386.0499877929688,386.0499877929688,354.0799865722656,354.0799865722656,-0.08281311289109039,-0.22725031276467222,35,0,USD,NMS,https://query1.finance.yahoo.com/v8/finance/chart/TSLA?period1=1767225600&period2=1788566400&interval=1d&events=div%2Csplits
TSLA,2026-07-18,report_close,2026-07-17,2026-09-04,380.8399963378906,380.8399963378906,354.0799865722656,354.0799865722656,-0.07026575470787177,-0.21667889351741854,36,0,USD,NMS,https://query1.finance.yahoo.com/v8/finance/chart/TSLA?period1=1767225600&period2=1788566400&interval=1d&events=div%2Csplits
TSM,2026-07-12,next_open,2026-07-13,2026-09-04,433.8200073242188,433.8200073242188,428.9100036621094,428.9100036621094,-0.011318066431269758,-0.13634685560336135,40,0,USD,NYQ,https://query1.finance.yahoo.com/v8/finance/chart/TSM?period1=1767225600&period2=1788566400&interval=1d&events=div%2Csplits
TSM,2026-07-12,report_close,2026-07-10,2026-09-04,434.1099853515625,434.1099853515625,428.9100036621094,428.9100036621094,-0.01197848901181564,-0.13692376109637483,41,0,USD,NYQ,https://query1.finance.yahoo.com/v8/finance/chart/TSM?period1=1767225600&period2=1788566400&interval=1d&events=div%2Csplits
TSM,2026-07-13,next_open,2026-07-14,2026-09-04,430.8699951171875,430.8699951171875,428.9100036621094,428.9100036621094,-0.004548916093693345,-0.13043373250942647,39,0,USD,NYQ,https://query1.finance.yahoo.com/v8/finance/chart/TSM?period1=1767225600&period2=1788566400&interval=1d&events=div%2Csplits
TSM,2026-07-13,report_close,2026-07-13,2026-09-04,421.5799865722656,421.5799865722656,428.9100036621094,428.9100036621094,0.01738701390794617,-0.1176137482553068,40,0,USD,NYQ,https://query1.finance.yahoo.com/v8/finance/chart/TSM?period1=1767225600&period2=1788566400&interval=1d&events=div%2Csplits
TSM,2026-07-14,next_open,2026-07-15,2026-09-04,425.75,425.75,428.9100036621094,428.9100036621094,0.007422204726034831,-0.11997648049856868,38,0,USD,NYQ,https://query1.finance.yahoo.com/v8/finance/chart/TSM?period1=1767225600&period2=1788566400&interval=1d&events=div%2Csplits
TSM,2026-07-14,report_close,2026-07-14,2026-09-04,420.3900146484375,420.3900146484375,428.9100036621094,428.9100036621094,0.0202668681861935,-0.11761374825530657,39,0,USD,NYQ,https://query1.finance.yahoo.com/v8/finance/chart/TSM?period1=1767225600&period2=1788566400&interval=1d&events=div%2Csplits
TSM,2026-07-15,next_open,2026-07-16,2026-09-04,405.2900085449219,405.2900085449219,428.9100036621094,428.9100036621094,0.058279243552014304,-0.11761374825530657,37,0,USD,NYQ,https://query1.finance.yahoo.com/v8/finance/chart/TSM?period1=1767225600&period2=1788566400&interval=1d&events=div%2Csplits
TSM,2026-07-15,report_close,2026-07-15,2026-09-04,419.4800109863281,419.4800109863281,428.9100036621094,428.9100036621094,0.022480195548790105,-0.1176137482553068,38,0,USD,NYQ,https://query1.finance.yahoo.com/v8/finance/chart/TSM?period1=1767225600&period2=1788566400&interval=1d&events=div%2Csplits
TSM,2026-07-18,next_open,2026-07-20,2026-09-04,407.7099914550781,407.7099914550781,428.9100036621094,428.9100036621094,0.051997774524412455,-0.11761374825530657,35,0,USD,NYQ,https://query1.finance.yahoo.com/v8/finance/chart/TSM?period1=1767225600&period2=1788566400&interval=1d&events=div%2Csplits
TSM,2026-07-18,report_close,2026-07-17,2026-09-04,398.3699951171875,398.3699951171875,428.9100036621094,428.9100036621094,0.07666242166641601,-0.1176137482553068,36,0,USD,NYQ,https://query1.finance.yahoo.com/v8/finance/chart/TSM?period1=1767225600&period2=1788566400&interval=1d&events=div%2Csplits
TT,2026-07-12,next_open,2026-07-13,2026-09-04,475.7300109863281,474.60797962988374,447.8999938964844,447.8999938964844,-0.056273781477983564,-0.09285893342505969,40,0,USD,NYQ,https://query1.finance.yahoo.com/v8/finance/chart/TT?period1=1767225600&period2=1788566400&interval=1d&events=div%2Csplits
TT,2026-07-12,report_close,2026-07-10,2026-09-04,479.7000122070313,478.568603515625,447.8999938964844,447.8999938964844,-0.06408404018534686,-0.09285893342505969,41,0,USD,NYQ,https://query1.finance.yahoo.com/v8/finance/chart/TT?period1=1767225600&period2=1788566400&interval=1d&events=div%2Csplits
TT,2026-07-13,next_open,2026-07-14,2026-09-04,484.0199890136719,482.87840808447135,447.8999938964844,447.8999938964844,-0.0724373125871225,-0.0929713976540597,39,0,USD,NYQ,https://query1.finance.yahoo.com/v8/finance/chart/TT?period1=1767225600&period2=1788566400&interval=1d&events=div%2Csplits
TT,2026-07-13,report_close,2026-07-13,2026-09-04,479.8999938964844,478.7681274414063,447.8999938964844,447.8999938964844,-0.06447407790047532,-0.09285893342505969,40,0,USD,NYQ,https://query1.finance.yahoo.com/v8/finance/chart/TT?period1=1767225600&period2=1788566400&interval=1d&events=div%2Csplits
TT,2026-07-14,next_open,2026-07-15,2026-09-04,485.2099914550781,484.06560688613786,447.8999938964844,447.8999938964844,-0.07471221354125324,-0.09519593758101152,38,0,USD,NYQ,https://query1.finance.yahoo.com/v8/finance/chart/TT?period1=1767225600&period2=1788566400&interval=1d&events=div%2Csplits
TT,2026-07-14,report_close,2026-07-14,2026-09-04,483.5499877929688,482.4095153808594,447.8999938964844,447.8999938964844,-0.07153573962389603,-0.09285893342505969,39,0,USD,NYQ,https://query1.finance.yahoo.com/v8/finance/chart/TT?period1=1767225600&period2=1788566400&interval=1d&events=div%2Csplits
TT,2026-07-15,next_open,2026-07-16,2026-09-04,469.0400085449219,467.9337650523178,447.8999938964844,447.8999938964844,-0.04281326258555751,-0.09285893342505969,37,0,USD,NYQ,https://query1.finance.yahoo.com/v8/finance/chart/TT?period1=1767225600&period2=1788566400&interval=1d&events=div%2Csplits
TT,2026-07-15,report_close,2026-07-15,2026-09-04,480.2000122070313,479.06744384765625,447.8999938964844,447.8999938964844,-0.06505858486406169,-0.09285893342505969,38,0,USD,NYQ,https://query1.finance.yahoo.com/v8/finance/chart/TT?period1=1767225600&period2=1788566400&interval=1d&events=div%2Csplits
TT,2026-07-18,next_open,2026-07-20,2026-09-04,474.7000122070313,473.58040014311814,447.8999938964844,447.8999938964844,-0.05422607489430098,-0.09285893342505958,35,0,USD,NYQ,https://query1.finance.yahoo.com/v8/finance/chart/TT?period1=1767225600&period2=1788566400&interval=1d&events=div%2Csplits
TT,2026-07-18,report_close,2026-07-17,2026-09-04,469.9800109863281,468.8715515136719,447.8999938964844,447.8999938964844,-0.04472772457506624,-0.0928589334250598,36,0,USD,NYQ,https://query1.finance.yahoo.com/v8/finance/chart/TT?period1=1767225600&period2=1788566400&interval=1d&events=div%2Csplits
TTDKY,2026-07-12,next_open,2026-07-13,2026-09-04,19.799999237060547,19.799999237060547,18.81999969482422,18.81999969482422,-0.04949492828272528,-0.16824766468831232,40,0,USD,PNK,https://query1.finance.yahoo.com/v8/finance/chart/TTDKY?period1=1767225600&period2=1788566400&interval=1d&events=div%2Csplits
TTDKY,2026-07-12,report_close,2026-07-10,2026-09-04,21.18000030517578,21.18000030517578,18.81999969482422,18.81999969482422,-0.11142590067738789,-0.21340889483647052,41,0,USD,PNK,https://query1.finance.yahoo.com/v8/finance/chart/TTDKY?period1=1767225600&period2=1788566400&interval=1d&events=div%2Csplits
TTDKY,2026-07-13,next_open,2026-07-14,2026-09-04,20.15999984741211,20.15999984741211,18.81999969482422,18.81999969482422,-0.06646826204018563,-0.17361111242514649,39,0,USD,PNK,https://query1.finance.yahoo.com/v8/finance/chart/TTDKY?period1=1767225600&period2=1788566400&interval=1d&events=div%2Csplits
TTDKY,2026-07-13,report_close,2026-07-13,2026-09-04,19.770000457763672,19.770000457763672,18.81999969482422,18.81999969482422,-0.04805264243513907,-0.16824766468831232,40,0,USD,PNK,https://query1.finance.yahoo.com/v8/finance/chart/TTDKY?period1=1767225600&period2=1788566400&interval=1d&events=div%2Csplits
TTDKY,2026-07-14,next_open,2026-07-15,2026-09-04,19.979999542236328,19.979999542236328,18.81999969482422,18.81999969482422,-0.058058051751200046,-0.16616615469915152,38,0,USD,PNK,https://query1.finance.yahoo.com/v8/finance/chart/TTDKY?period1=1767225600&period2=1788566400&interval=1d&events=div%2Csplits
TTDKY,2026-07-14,report_close,2026-07-14,2026-09-04,20.030000686645508,20.030000686645508,18.81999969482422,18.81999969482422,-0.06040943336702065,-0.16824766468831232,39,0,USD,PNK,https://query1.finance.yahoo.com/v8/finance/chart/TTDKY?period1=1767225600&period2=1788566400&interval=1d&events=div%2Csplits
TTDKY,2026-07-15,next_open,2026-07-16,2026-09-04,18.770000457763672,18.770000457763672,18.81999969482422,18.81999969482422,0.0026637845413512995,-0.12637650162449687,37,0,USD,PNK,https://query1.finance.yahoo.com/v8/finance/chart/TTDKY?period1=1767225600&period2=1788566400&interval=1d&events=div%2Csplits
TTDKY,2026-07-15,report_close,2026-07-15,2026-09-04,19.59000015258789,19.59000015258789,18.81999969482422,18.81999969482422,-0.03930579131016254,-0.14956611956885157,38,0,USD,PNK,https://query1.finance.yahoo.com/v8/finance/chart/TTDKY?period1=1767225600&period2=1788566400&interval=1d&events=div%2Csplits
TTDKY,2026-07-18,next_open,2026-07-20,2026-09-04,19.209999084472656,19.209999084472656,18.81999969482422,18.81999969482422,-0.020301895275136816,-0.132743329442514,35,0,USD,PNK,https://query1.finance.yahoo.com/v8/finance/chart/TTDKY?period1=1767225600&period2=1788566400&interval=1d&events=div%2Csplits
TTDKY,2026-07-18,report_close,2026-07-17,2026-09-04,18.489999771118164,18.489999771118164,18.81999969482422,18.81999969482422,0.01784748122179658,-0.12637650162449698,36,0,USD,PNK,https://query1.finance.yahoo.com/v8/finance/chart/TTDKY?period1=1767225600&period2=1788566400&interval=1d&events=div%2Csplits
TXN,2026-07-12,next_open,2026-07-13,2026-09-04,308.5199890136719,306.94839963505274,258.44000244140625,258.44000244140625,-0.15803437076499083,-0.1746495611669583,40,0,USD,NMS,https://query1.finance.yahoo.com/v8/finance/chart/TXN?period1=1767225600&period2=1788566400&interval=1d&events=div%2Csplits
TXN,2026-07-12,report_close,2026-07-10,2026-09-04,311.4599914550781,309.8734130859375,258.44000244140625,258.44000244140625,-0.16598200578849653,-0.18244035906484302,41,0,USD,NMS,https://query1.finance.yahoo.com/v8/finance/chart/TXN?period1=1767225600&period2=1788566400&interval=1d&events=div%2Csplits
TXN,2026-07-13,next_open,2026-07-14,2026-09-04,309.0199890136719,307.4458554682577,258.44000244140625,258.44000244140625,-0.15939669426414205,-0.17598500083197,39,0,USD,NMS,https://query1.finance.yahoo.com/v8/finance/chart/TXN?period1=1767225600&period2=1788566400&interval=1d&events=div%2Csplits
TXN,2026-07-13,report_close,2026-07-13,2026-09-04,298.57000732421875,297.0491027832031,258.44000244140625,258.44000244140625,-0.12997548210059784,-0.16662701304854988,40,0,USD,NMS,https://query1.finance.yahoo.com/v8/finance/chart/TXN?period1=1767225600&period2=1788566400&interval=1d&events=div%2Csplits
TXN,2026-07-14,next_open,2026-07-15,2026-09-04,312.010009765625,310.4206210715505,258.44000244140625,258.44000244140625,-0.16745220871832145,-0.18388154928825762,38,0,USD,NMS,https://query1.finance.yahoo.com/v8/finance/chart/TXN?period1=1767225600&period2=1788566400&interval=1d&events=div%2Csplits
TXN,2026-07-14,report_close,2026-07-14,2026-09-04,305.54998779296875,303.9935302734375,258.44000244140625,258.44000244140625,-0.14985032014022326,-0.16662701304855,39,0,USD,NMS,https://query1.finance.yahoo.com/v8/finance/chart/TXN?period1=1767225600&period2=1788566400&interval=1d&events=div%2Csplits
TXN,2026-07-15,next_open,2026-07-16,2026-09-04,293.510009765625,292.0148851090728,258.44000244140625,258.44000244140625,-0.1149766137953061,-0.13444675542847218,37,0,USD,NMS,https://query1.finance.yahoo.com/v8/finance/chart/TXN?period1=1767225600&period2=1788566400&interval=1d&events=div%2Csplits
TXN,2026-07-15,report_close,2026-07-15,2026-09-04,301.19000244140625,299.6557312011719,258.44000244140625,258.44000244140625,-0.13754360243520825,-0.15456315378192276,38,0,USD,NMS,https://query1.finance.yahoo.com/v8/finance/chart/TXN?period1=1767225600&period2=1788566400&interval=1d&events=div%2Csplits
TXN,2026-07-18,next_open,2026-07-20,2026-09-04,288.3099975585937,286.84134705557136,258.44000244140625,258.44000244140625,-0.09901412368093065,-0.13444675542847218,35,0,USD,NMS,https://query1.finance.yahoo.com/v8/finance/chart/TXN?period1=1767225600&period2=1788566400&interval=1d&events=div%2Csplits
TXN,2026-07-18,report_close,2026-07-17,2026-09-04,284.0199890136719,282.5731811523437,258.44000244140625,258.44000244140625,-0.08540505724046943,-0.13444675542847206,36,0,USD,NMS,https://query1.finance.yahoo.com/v8/finance/chart/TXN?period1=1767225600&period2=1788566400&interval=1d&events=div%2Csplits
UCTT,2026-07-12,next_open,2026-07-13,2026-09-04,100.47000122070312,100.47000122070312,72.43000030517578,72.43000030517578,-0.2790882907817597,-0.3807893517307551,40,0,USD,NMS,https://query1.finance.yahoo.com/v8/finance/chart/UCTT?period1=1767225600&period2=1788566400&interval=1d&events=div%2Csplits
UCTT,2026-07-12,report_close,2026-07-10,2026-09-04,106.2699966430664,106.2699966430664,72.43000030517578,72.43000030517578,-0.3184341526945792,-0.38731530378193846,41,0,USD,NMS,https://query1.finance.yahoo.com/v8/finance/chart/UCTT?period1=1767225600&period2=1788566400&interval=1d&events=div%2Csplits
UCTT,2026-07-13,next_open,2026-07-14,2026-09-04,106.76000213623048,106.76000213623048,72.43000030517578,72.43000030517578,-0.32156239363172834,-0.3901273950213272,39,0,USD,NMS,https://query1.finance.yahoo.com/v8/finance/chart/UCTT?period1=1767225600&period2=1788566400&interval=1d&events=div%2Csplits
UCTT,2026-07-13,report_close,2026-07-13,2026-09-04,98.25,98.25,72.43000030517578,72.43000030517578,-0.2627989790821803,-0.3807893517307551,40,0,USD,NMS,https://query1.finance.yahoo.com/v8/finance/chart/UCTT?period1=1767225600&period2=1788566400&interval=1d&events=div%2Csplits
UCTT,2026-07-14,next_open,2026-07-15,2026-09-04,107.5199966430664,107.5199966430664,72.43000030517578,72.43000030517578,-0.32635786303434056,-0.3944382194644508,38,0,USD,NMS,https://query1.finance.yahoo.com/v8/finance/chart/UCTT?period1=1767225600&period2=1788566400&interval=1d&events=div%2Csplits
UCTT,2026-07-14,report_close,2026-07-14,2026-09-04,103.7699966430664,103.7699966430664,72.43000030517578,72.43000030517578,-0.3020140440563912,-0.3807893517307551,39,0,USD,NMS,https://query1.finance.yahoo.com/v8/finance/chart/UCTT?period1=1767225600&period2=1788566400&interval=1d&events=div%2Csplits
UCTT,2026-07-15,next_open,2026-07-16,2026-09-04,96.08999633789062,96.08999633789062,72.43000030517578,72.43000030517578,-0.24622746315357213,-0.3807893517307551,37,0,USD,NMS,https://query1.finance.yahoo.com/v8/finance/chart/UCTT?period1=1767225600&period2=1788566400&interval=1d&events=div%2Csplits
UCTT,2026-07-15,report_close,2026-07-15,2026-09-04,102.11000061035156,102.11000061035156,72.43000030517578,72.43000030517578,-0.290666929074202,-0.3807893517307551,38,0,USD,NMS,https://query1.finance.yahoo.com/v8/finance/chart/UCTT?period1=1767225600&period2=1788566400&interval=1d&events=div%2Csplits
UCTT,2026-07-18,next_open,2026-07-20,2026-09-04,95.0,95.0,72.43000030517578,72.43000030517578,-0.2375789441560444,-0.3807893517307551,35,0,USD,NMS,https://query1.finance.yahoo.com/v8/finance/chart/UCTT?period1=1767225600&period2=1788566400&interval=1d&events=div%2Csplits
UCTT,2026-07-18,report_close,2026-07-17,2026-09-04,92.43000030517578,92.43000030517578,72.43000030517578,72.43000030517578,-0.21637996250098535,-0.38078935173075523,36,0,USD,NMS,https://query1.finance.yahoo.com/v8/finance/chart/UCTT?period1=1767225600&period2=1788566400&interval=1d&events=div%2Csplits
UMC,2026-07-12,next_open,2026-07-13,2026-09-04,23.559999465942383,23.559999465942383,20.770000457763672,20.770000457763672,-0.11842101321826637,-0.31340286685520236,40,0,USD,NYQ,https://query1.finance.yahoo.com/v8/finance/chart/UMC?period1=1767225600&period2=1788566400&interval=1d&events=div%2Csplits
UMC,2026-07-12,report_close,2026-07-10,2026-09-04,24.34000015258789,24.34000015258789,20.770000457763672,20.770000457763672,-0.14667213116038735,-0.31340286685520236,41,0,USD,NYQ,https://query1.finance.yahoo.com/v8/finance/chart/UMC?period1=1767225600&period2=1788566400&interval=1d&events=div%2Csplits
UMC,2026-07-13,next_open,2026-07-14,2026-09-04,24.170000076293945,24.170000076293945,20.770000457763672,20.770000457763672,-0.14067023615217156,-0.31340286685520236,39,0,USD,NYQ,https://query1.finance.yahoo.com/v8/finance/chart/UMC?period1=1767225600&period2=1788566400&interval=1d&events=div%2Csplits
UMC,2026-07-13,report_close,2026-07-13,2026-09-04,23.459999084472656,23.459999084472656,20.770000457763672,20.770000457763672,-0.11466320254417228,-0.31340286685520224,40,0,USD,NYQ,https://query1.finance.yahoo.com/v8/finance/chart/UMC?period1=1767225600&period2=1788566400&interval=1d&events=div%2Csplits
UMC,2026-07-14,next_open,2026-07-15,2026-09-04,25.600000381469727,25.600000381469727,20.770000457763672,20.770000457763672,-0.18867186920833778,-0.3316406111174731,38,0,USD,NYQ,https://query1.finance.yahoo.com/v8/finance/chart/UMC?period1=1767225600&period2=1788566400&interval=1d&events=div%2Csplits
UMC,2026-07-14,report_close,2026-07-14,2026-09-04,23.84000015258789,23.84000015258789,20.770000457763672,20.770000457763672,-0.12877515416001217,-0.31340286685520236,39,0,USD,NYQ,https://query1.finance.yahoo.com/v8/finance/chart/UMC?period1=1767225600&period2=1788566400&interval=1d&events=div%2Csplits
UMC,2026-07-15,next_open,2026-07-16,2026-09-04,22.729999542236328,22.729999542236328,20.770000457763672,20.770000457763672,-0.08622961389993145,-0.24725028794839266,37,0,USD,NYQ,https://query1.finance.yahoo.com/v8/finance/chart/UMC?period1=1767225600&period2=1788566400&interval=1d&events=div%2Csplits
UMC,2026-07-15,report_close,2026-07-15,2026-09-04,24.920000076293945,24.920000076293945,20.770000457763672,20.770000457763672,-0.16653288947932676,-0.31340286685520236,38,0,USD,NYQ,https://query1.finance.yahoo.com/v8/finance/chart/UMC?period1=1767225600&period2=1788566400&interval=1d&events=div%2Csplits
UMC,2026-07-18,next_open,2026-07-20,2026-09-04,20.690000534057617,20.690000534057617,20.770000457763672,20.770000457763672,0.003866598436011115,-0.1963363140171216,35,0,USD,NYQ,https://query1.finance.yahoo.com/v8/finance/chart/UMC?period1=1767225600&period2=1788566400&interval=1d&events=div%2Csplits
UMC,2026-07-18,report_close,2026-07-17,2026-09-04,21.25,21.25,20.770000457763672,20.770000457763672,-0.022588213752297803,-0.19633631401712148,36,0,USD,NYQ,https://query1.finance.yahoo.com/v8/finance/chart/UMC?period1=1767225600&period2=1788566400&interval=1d&events=div%2Csplits
VECO,2026-07-12,next_open,2026-07-13,2026-09-04,56.36000061035156,56.36000061035156,44.66999816894531,44.66999816894531,-0.20741664859491082,-0.27524993269051545,40,0,USD,NMS,https://query1.finance.yahoo.com/v8/finance/chart/VECO?period1=1767225600&period2=1788566400&interval=1d&events=div%2Csplits
VECO,2026-07-12,report_close,2026-07-10,2026-09-04,57.400001525878906,57.400001525878906,44.66999816894531,44.66999816894531,-0.22177705607192788,-0.27524993269051545,41,0,USD,NMS,https://query1.finance.yahoo.com/v8/finance/chart/VECO?period1=1767225600&period2=1788566400&interval=1d&events=div%2Csplits
VECO,2026-07-13,next_open,2026-07-14,2026-09-04,59.0,59.0,44.66999816894531,44.66999816894531,-0.24288138696702866,-0.28728814852439755,39,0,USD,NMS,https://query1.finance.yahoo.com/v8/finance/chart/VECO?period1=1767225600&period2=1788566400&interval=1d&events=div%2Csplits
VECO,2026-07-13,report_close,2026-07-13,2026-09-04,55.7599983215332,55.7599983215332,44.66999816894531,44.66999816894531,-0.19888810054546202,-0.27524993269051534,40,0,USD,NMS,https://query1.finance.yahoo.com/v8/finance/chart/VECO?period1=1767225600&period2=1788566400&interval=1d&events=div%2Csplits
VECO,2026-07-14,next_open,2026-07-15,2026-09-04,58.709999084472656,58.709999084472656,44.66999816894531,44.66999816894531,-0.2391415625015838,-0.28376767343228027,38,0,USD,NMS,https://query1.finance.yahoo.com/v8/finance/chart/VECO?period1=1767225600&period2=1788566400&interval=1d&events=div%2Csplits
VECO,2026-07-14,report_close,2026-07-14,2026-09-04,58.02000045776367,58.02000045776367,44.66999816894531,44.66999816894531,-0.2300931089881092,-0.27524993269051545,39,0,USD,NMS,https://query1.finance.yahoo.com/v8/finance/chart/VECO?period1=1767225600&period2=1788566400&interval=1d&events=div%2Csplits
VECO,2026-07-15,next_open,2026-07-16,2026-09-04,55.5,55.5,44.66999816894531,44.66999816894531,-0.1951351681271115,-0.24234235608899912,37,0,USD,NMS,https://query1.finance.yahoo.com/v8/finance/chart/VECO?period1=1767225600&period2=1788566400&interval=1d&events=div%2Csplits
VECO,2026-07-15,report_close,2026-07-15,2026-09-04,56.959999084472656,56.959999084472656,44.66999816894531,44.66999816894531,-0.2157654689793984,-0.2617626419779313,38,0,USD,NMS,https://query1.finance.yahoo.com/v8/finance/chart/VECO?period1=1767225600&period2=1788566400&interval=1d&events=div%2Csplits
VECO,2026-07-18,next_open,2026-07-20,2026-09-04,52.31999969482422,52.31999969482422,44.66999816894531,44.66999816894531,-0.1462156263474842,-0.23781039273751314,35,0,USD,NMS,https://query1.finance.yahoo.com/v8/finance/chart/VECO?period1=1767225600&period2=1788566400&interval=1d&events=div%2Csplits
VECO,2026-07-18,report_close,2026-07-17,2026-09-04,52.27000045776367,52.27000045776367,44.66999816894531,44.66999816894531,-0.14539893289190764,-0.23781039273751314,36,0,USD,NMS,https://query1.finance.yahoo.com/v8/finance/chart/VECO?period1=1767225600&period2=1788566400&interval=1d&events=div%2Csplits
VIAV,2026-07-12,next_open,2026-07-13,2026-09-04,41.81999969482422,41.81999969482422,34.86000061035156,34.86000061035156,-0.16642752595079646,-0.2730219998200677,40,0,USD,NMS,https://query1.finance.yahoo.com/v8/finance/chart/VIAV?period1=1767225600&period2=1788566400&interval=1d&events=div%2Csplits
VIAV,2026-07-12,report_close,2026-07-10,2026-09-04,43.08000183105469,43.08000183105469,34.86000061035156,34.86000061035156,-0.1908078196686066,-0.2730219998200677,41,0,USD,NMS,https://query1.finance.yahoo.com/v8/finance/chart/VIAV?period1=1767225600&period2=1788566400&interval=1d&events=div%2Csplits
VIAV,2026-07-13,next_open,2026-07-14,2026-09-04,42.47999954223633,42.47999954223633,34.86000061035156,34.86000061035156,-0.17937850786247012,-0.2730219998200676,39,0,USD,NMS,https://query1.finance.yahoo.com/v8/finance/chart/VIAV?period1=1767225600&period2=1788566400&interval=1d&events=div%2Csplits
VIAV,2026-07-13,report_close,2026-07-13,2026-09-04,40.91999816894531,40.91999816894531,34.86000061035156,34.86000061035156,-0.14809378860609912,-0.2730219998200677,40,0,USD,NMS,https://query1.finance.yahoo.com/v8/finance/chart/VIAV?period1=1767225600&period2=1788566400&interval=1d&events=div%2Csplits
VIAV,2026-07-14,next_open,2026-07-15,2026-09-04,42.47999954223633,42.47999954223633,34.86000061035156,34.86000061035156,-0.17937850786247012,-0.2730219998200676,38,0,USD,NMS,https://query1.finance.yahoo.com/v8/finance/chart/VIAV?period1=1767225600&period2=1788566400&interval=1d&events=div%2Csplits
VIAV,2026-07-14,report_close,2026-07-14,2026-09-04,41.84999847412109,41.84999847412109,34.86000061035156,34.86000061035156,-0.1670250446506456,-0.2730219998200677,39,0,USD,NMS,https://query1.finance.yahoo.com/v8/finance/chart/VIAV?period1=1767225600&period2=1788566400&interval=1d&events=div%2Csplits
VIAV,2026-07-15,next_open,2026-07-16,2026-09-04,38.720001220703125,38.720001220703125,34.86000061035156,34.86000061035156,-0.09969009526496775,-0.2730219998200677,37,0,USD,NMS,https://query1.finance.yahoo.com/v8/finance/chart/VIAV?period1=1767225600&period2=1788566400&interval=1d&events=div%2Csplits
VIAV,2026-07-15,report_close,2026-07-15,2026-09-04,40.119998931884766,40.119998931884766,34.86000061035156,34.86000061035156,-0.13110664161441188,-0.2730219998200677,38,0,USD,NMS,https://query1.finance.yahoo.com/v8/finance/chart/VIAV?period1=1767225600&period2=1788566400&interval=1d&events=div%2Csplits
VIAV,2026-07-18,next_open,2026-07-20,2026-09-04,39.060001373291016,39.060001373291016,34.86000061035156,34.86000061035156,-0.1075268974724457,-0.2730219998200677,35,0,USD,NMS,https://query1.finance.yahoo.com/v8/finance/chart/VIAV?period1=1767225600&period2=1788566400&interval=1d&events=div%2Csplits
VIAV,2026-07-18,report_close,2026-07-17,2026-09-04,38.15999984741211,38.15999984741211,34.86000061035156,34.86000061035156,-0.08647796777400518,-0.2730219998200677,36,0,USD,NMS,https://query1.finance.yahoo.com/v8/finance/chart/VIAV?period1=1767225600&period2=1788566400&interval=1d&events=div%2Csplits
VICR,2026-07-12,next_open,2026-07-13,2026-09-04,261.19000244140625,261.19000244140625,188.5500030517578,188.5500030517578,-0.2781117145015688,-0.3346313591940868,40,0,USD,NMS,https://query1.finance.yahoo.com/v8/finance/chart/VICR?period1=1767225600&period2=1788566400&interval=1d&events=div%2Csplits
VICR,2026-07-12,report_close,2026-07-10,2026-09-04,272.04998779296875,272.04998779296875,188.5500030517578,188.5500030517578,-0.3069288310527505,-0.3530968079767266,41,0,USD,NMS,https://query1.finance.yahoo.com/v8/finance/chart/VICR?period1=1767225600&period2=1788566400&interval=1d&events=div%2Csplits
VICR,2026-07-13,next_open,2026-07-14,2026-09-04,268.4100036621094,268.4100036621094,188.5500030517578,188.5500030517578,-0.29752989650446904,-0.34432397044816987,39,0,USD,NMS,https://query1.finance.yahoo.com/v8/finance/chart/VICR?period1=1767225600&period2=1788566400&interval=1d&events=div%2Csplits
VICR,2026-07-13,report_close,2026-07-13,2026-09-04,252.16000366210935,252.16000366210935,188.5500030517578,188.5500030517578,-0.25226046830007187,-0.3346313591940867,40,0,USD,NMS,https://query1.finance.yahoo.com/v8/finance/chart/VICR?period1=1767225600&period2=1788566400&interval=1d&events=div%2Csplits
VICR,2026-07-14,next_open,2026-07-15,2026-09-04,272.1499938964844,272.1499938964844,188.5500030517578,188.5500030517578,-0.3071835117384748,-0.3533345234609704,38,0,USD,NMS,https://query1.finance.yahoo.com/v8/finance/chart/VICR?period1=1767225600&period2=1788566400&interval=1d&events=div%2Csplits
VICR,2026-07-14,report_close,2026-07-14,2026-09-04,264.5,264.5,188.5500030517578,188.5500030517578,-0.28714554611811793,-0.3346313591940867,39,0,USD,NMS,https://query1.finance.yahoo.com/v8/finance/chart/VICR?period1=1767225600&period2=1788566400&interval=1d&events=div%2Csplits
VICR,2026-07-15,next_open,2026-07-16,2026-09-04,247.6199951171875,247.6199951171875,188.5500030517578,188.5500030517578,-0.23855097823370242,-0.3057593471670057,37,0,USD,NMS,https://query1.finance.yahoo.com/v8/finance/chart/VICR?period1=1767225600&period2=1788566400&interval=1d&events=div%2Csplits
VICR,2026-07-15,report_close,2026-07-15,2026-09-04,260.20001220703125,260.20001220703125,188.5500030517578,188.5500030517578,-0.2753651260333695,-0.3236356754928378,38,0,USD,NMS,https://query1.finance.yahoo.com/v8/finance/chart/VICR?period1=1767225600&period2=1788566400&interval=1d&events=div%2Csplits
VICR,2026-07-18,next_open,2026-07-20,2026-09-04,239.82000732421875,239.82000732421875,188.5500030517578,188.5500030517578,-0.21378535029042722,-0.3057593471670057,35,0,USD,NMS,https://query1.finance.yahoo.com/v8/finance/chart/VICR?period1=1767225600&period2=1788566400&interval=1d&events=div%2Csplits
VICR,2026-07-18,report_close,2026-07-17,2026-09-04,237.6199951171875,237.6199951171875,188.5500030517578,188.5500030517578,-0.20650615719956456,-0.3057593471670057,36,0,USD,NMS,https://query1.finance.yahoo.com/v8/finance/chart/VICR?period1=1767225600&period2=1788566400&interval=1d&events=div%2Csplits
VISN,2026-07-12,next_open,2026-07-13,2026-09-04,12.390000343322754,7.063259319879586,6.400000095367432,6.400000095367432,-0.09390271466395228,-0.19135306981210232,40,0,USD,NMS,https://query1.finance.yahoo.com/v8/finance/chart/VISN?period1=1767225600&period2=1788566400&interval=1d&events=div%2Csplits
VISN,2026-07-12,report_close,2026-07-10,2026-09-04,12.489999771118164,7.120266914367676,6.400000095367432,6.400000095367432,-0.10115727790300233,-0.19135306981210243,41,0,USD,NMS,https://query1.finance.yahoo.com/v8/finance/chart/VISN?period1=1767225600&period2=1788566400&interval=1d&events=div%2Csplits
VISN,2026-07-13,next_open,2026-07-14,2026-09-04,12.329999923706056,7.029054685816072,6.400000095367432,6.400000095367432,-0.08949348362846132,-0.19135306981210232,39,0,USD,NMS,https://query1.finance.yahoo.com/v8/finance/chart/VISN?period1=1767225600&period2=1788566400&interval=1d&events=div%2Csplits
VISN,2026-07-13,report_close,2026-07-13,2026-09-04,12.130000114440918,6.9150390625,6.400000095367432,6.400000095367432,-0.07448099171638889,-0.19135306981210243,40,0,USD,NMS,https://query1.finance.yahoo.com/v8/finance/chart/VISN?period1=1767225600&period2=1788566400&interval=1d&events=div%2Csplits
VISN,2026-07-14,next_open,2026-07-15,2026-09-04,12.270000457763672,6.994850140853497,6.400000095367432,6.400000095367432,-0.08504114219857806,-0.19135306981210243,38,0,USD,NMS,https://query1.finance.yahoo.com/v8/finance/chart/VISN?period1=1767225600&period2=1788566400&interval=1d&events=div%2Csplits
VISN,2026-07-14,report_close,2026-07-14,2026-09-04,12.09000015258789,6.892236232757568,6.400000095367432,6.400000095367432,-0.07141893004923805,-0.19135306981210243,39,0,USD,NMS,https://query1.finance.yahoo.com/v8/finance/chart/VISN?period1=1767225600&period2=1788566400&interval=1d&events=div%2Csplits
VISN,2026-07-15,next_open,2026-07-16,2026-09-04,12.210000038146973,6.96064529729308,6.400000095367432,6.400000095367432,-0.08054500380067886,-0.19135306981210232,37,0,USD,NMS,https://query1.finance.yahoo.com/v8/finance/chart/VISN?period1=1767225600&period2=1788566400&interval=1d&events=div%2Csplits
VISN,2026-07-15,report_close,2026-07-15,2026-09-04,12.31999969482422,7.023353576660156,6.400000095367432,6.400000095367432,-0.08875439268275465,-0.19135306981210232,38,0,USD,NMS,https://query1.finance.yahoo.com/v8/finance/chart/VISN?period1=1767225600&period2=1788566400&interval=1d&events=div%2Csplits
VISN,2026-07-18,next_open,2026-07-20,2026-09-04,12.289999961853027,7.006251309874102,6.400000095367432,6.400000095367432,-0.08653004120081509,-0.19135306981210243,35,0,USD,NMS,https://query1.finance.yahoo.com/v8/finance/chart/VISN?period1=1767225600&period2=1788566400&interval=1d&events=div%2Csplits
VISN,2026-07-18,report_close,2026-07-17,2026-09-04,12.130000114440918,6.9150390625,6.400000095367432,6.400000095367432,-0.07448099171638889,-0.19135306981210243,36,0,USD,NMS,https://query1.finance.yahoo.com/v8/finance/chart/VISN?period1=1767225600&period2=1788566400&interval=1d&events=div%2Csplits
VRT,2026-07-12,next_open,2026-07-13,2026-09-04,311.94000244140625,311.94000244140625,280.5299987792969,280.5299987792969,-0.10069245180572606,-0.28499073045936807,40,0,USD,NYQ,https://query1.finance.yahoo.com/v8/finance/chart/VRT?period1=1767225600&period2=1788566400&interval=1d&events=div%2Csplits
VRT,2026-07-12,report_close,2026-07-10,2026-09-04,318.8599853515625,318.8599853515625,280.5299987792969,280.5299987792969,-0.12020945974141117,-0.30050804888478666,41,0,USD,NYQ,https://query1.finance.yahoo.com/v8/finance/chart/VRT?period1=1767225600&period2=1788566400&interval=1d&events=div%2Csplits
VRT,2026-07-13,next_open,2026-07-14,2026-09-04,315.5299987792969,315.5299987792969,280.5299987792969,280.5299987792969,-0.11092447670714622,-0.2931258702848659,39,0,USD,NYQ,https://query1.finance.yahoo.com/v8/finance/chart/VRT?period1=1767225600&period2=1788566400&interval=1d&events=div%2Csplits
VRT,2026-07-13,report_close,2026-07-13,2026-09-04,305.8699951171875,305.8699951171875,280.5299987792969,280.5299987792969,-0.08284564273191342,-0.27080133113194105,40,0,USD,NYQ,https://query1.finance.yahoo.com/v8/finance/chart/VRT?period1=1767225600&period2=1788566400&interval=1d&events=div%2Csplits
VRT,2026-07-14,next_open,2026-07-15,2026-09-04,306.25,306.25,280.5299987792969,280.5299987792969,-0.08398367745535718,-0.2717061443718112,38,0,USD,NYQ,https://query1.finance.yahoo.com/v8/finance/chart/VRT?period1=1767225600&period2=1788566400&interval=1d&events=div%2Csplits
VRT,2026-07-14,report_close,2026-07-14,2026-09-04,303.5799865722656,303.5799865722656,280.5299987792969,280.5299987792969,-0.07592723108406163,-0.26768891249129523,39,0,USD,NYQ,https://query1.finance.yahoo.com/v8/finance/chart/VRT?period1=1767225600&period2=1788566400&interval=1d&events=div%2Csplits
VRT,2026-07-15,next_open,2026-07-16,2026-09-04,297.0,297.0,280.5299987792969,280.5299987792969,-0.05545454956465701,-0.2675205475003849,37,0,USD,NYQ,https://query1.finance.yahoo.com/v8/finance/chart/VRT?period1=1767225600&period2=1788566400&interval=1d&events=div%2Csplits
VRT,2026-07-15,report_close,2026-07-15,2026-09-04,304.57000732421875,304.57000732421875,280.5299987792969,280.5299987792969,-0.07893097799131277,-0.26768891249129523,38,0,USD,NYQ,https://query1.finance.yahoo.com/v8/finance/chart/VRT?period1=1767225600&period2=1788566400&interval=1d&events=div%2Csplits
VRT,2026-07-18,next_open,2026-07-20,2026-09-04,295.0,295.0,280.5299987792969,280.5299987792969,-0.04905085159560385,-0.2675205475003849,35,0,USD,NYQ,https://query1.finance.yahoo.com/v8/finance/chart/VRT?period1=1767225600&period2=1788566400&interval=1d&events=div%2Csplits
VRT,2026-07-18,report_close,2026-07-17,2026-09-04,289.5599975585937,289.5599975585937,280.5299987792969,280.5299987792969,-0.031185242628238297,-0.2675205475003848,36,0,USD,NYQ,https://query1.finance.yahoo.com/v8/finance/chart/VRT?period1=1767225600&period2=1788566400&interval=1d&events=div%2Csplits
VSH,2026-07-12,next_open,2026-07-13,2026-09-04,42.0,42.0,31.799999237060547,31.799999237060547,-0.24285716102236798,-0.2945238295055571,40,0,USD,NYQ,https://query1.finance.yahoo.com/v8/finance/chart/VSH?period1=1767225600&period2=1788566400&interval=1d&events=div%2Csplits
VSH,2026-07-12,report_close,2026-07-10,2026-09-04,44.66999816894531,44.66999816894531,31.799999237060547,31.799999237060547,-0.2881128152996437,-0.3366912832925647,41,0,USD,NYQ,https://query1.finance.yahoo.com/v8/finance/chart/VSH?period1=1767225600&period2=1788566400&interval=1d&events=div%2Csplits
VSH,2026-07-13,next_open,2026-07-14,2026-09-04,44.209999084472656,44.209999084472656,31.799999237060547,31.799999237060547,-0.28070572504876445,-0.32978964545662726,39,0,USD,NYQ,https://query1.finance.yahoo.com/v8/finance/chart/VSH?period1=1767225600&period2=1788566400&interval=1d&events=div%2Csplits
VSH,2026-07-13,report_close,2026-07-13,2026-09-04,41.93999862670898,41.93999862670898,31.799999237060547,31.799999237060547,-0.24177395616772612,-0.2935145414645508,40,0,USD,NYQ,https://query1.finance.yahoo.com/v8/finance/chart/VSH?period1=1767225600&period2=1788566400&interval=1d&events=div%2Csplits
VSH,2026-07-14,next_open,2026-07-15,2026-09-04,42.060001373291016,42.060001373291016,31.799999237060547,31.799999237060547,-0.24393727535029952,-0.29553023791429844,38,0,USD,NYQ,https://query1.finance.yahoo.com/v8/finance/chart/VSH?period1=1767225600&period2=1788566400&interval=1d&events=div%2Csplits
VSH,2026-07-14,report_close,2026-07-14,2026-09-04,41.7400016784668,41.7400016784668,31.799999237060547,31.799999237060547,-0.2381409209797466,-0.2901294209565787,39,0,USD,NYQ,https://query1.finance.yahoo.com/v8/finance/chart/VSH?period1=1767225600&period2=1788566400&interval=1d&events=div%2Csplits
VSH,2026-07-15,next_open,2026-07-16,2026-09-04,39.09999847412109,39.09999847412109,31.799999237060547,31.799999237060547,-0.18670075503691264,-0.27377451679331677,37,0,USD,NYQ,https://query1.finance.yahoo.com/v8/finance/chart/VSH?period1=1767225600&period2=1788566400&interval=1d&events=div%2Csplits
VSH,2026-07-15,report_close,2026-07-15,2026-09-04,40.45000076293945,40.45000076293945,31.799999237060547,31.799999237060547,-0.21384428585237736,-0.27377451679331677,38,0,USD,NYQ,https://query1.finance.yahoo.com/v8/finance/chart/VSH?period1=1767225600&period2=1788566400&interval=1d&events=div%2Csplits
VSH,2026-07-18,next_open,2026-07-20,2026-09-04,37.5,37.5,31.799999237060547,31.799999237060547,-0.1520000203450521,-0.2737745167933169,35,0,USD,NYQ,https://query1.finance.yahoo.com/v8/finance/chart/VSH?period1=1767225600&period2=1788566400&interval=1d&events=div%2Csplits
VSH,2026-07-18,report_close,2026-07-17,2026-09-04,37.810001373291016,37.810001373291016,31.799999237060547,31.799999237060547,-0.15895270875276757,-0.27377451679331677,36,0,USD,NYQ,https://query1.finance.yahoo.com/v8/finance/chart/VSH?period1=1767225600&period2=1788566400&interval=1d&events=div%2Csplits
VST,2026-07-12,next_open,2026-07-13,2026-09-04,157.64999389648438,157.64999389648438,149.3000030517578,149.3000030517578,-0.05296537372661936,-0.19718305662141422,40,0,USD,NYQ,https://query1.finance.yahoo.com/v8/finance/chart/VST?period1=1767225600&period2=1788566400&interval=1d&events=div%2Csplits
VST,2026-07-12,report_close,2026-07-10,2026-09-04,158.86000061035156,158.86000061035156,149.3000030517578,149.3000030517578,-0.06017875816356255,-0.19718305662141422,41,0,USD,NYQ,https://query1.finance.yahoo.com/v8/finance/chart/VST?period1=1767225600&period2=1788566400&interval=1d&events=div%2Csplits
VST,2026-07-13,next_open,2026-07-14,2026-09-04,161.0,161.0,149.3000030517578,149.3000030517578,-0.0726707884983987,-0.19718305662141433,39,0,USD,NYQ,https://query1.finance.yahoo.com/v8/finance/chart/VST?period1=1767225600&period2=1788566400&interval=1d&events=div%2Csplits
VST,2026-07-13,report_close,2026-07-13,2026-09-04,158.1199951171875,158.1199951171875,149.3000030517578,149.3000030517578,-0.055780371476061075,-0.19718305662141433,40,0,USD,NYQ,https://query1.finance.yahoo.com/v8/finance/chart/VST?period1=1767225600&period2=1788566400&interval=1d&events=div%2Csplits
VST,2026-07-14,next_open,2026-07-15,2026-09-04,162.5,162.5,149.3000030517578,149.3000030517578,-0.08123075045072115,-0.19718305662141433,38,0,USD,NYQ,https://query1.finance.yahoo.com/v8/finance/chart/VST?period1=1767225600&period2=1788566400&interval=1d&events=div%2Csplits
VST,2026-07-14,report_close,2026-07-14,2026-09-04,158.42999267578125,158.42999267578125,149.3000030517578,149.3000030517578,-0.057627911671418675,-0.19718305662141433,39,0,USD,NYQ,https://query1.finance.yahoo.com/v8/finance/chart/VST?period1=1767225600&period2=1788566400&interval=1d&events=div%2Csplits
VST,2026-07-15,next_open,2026-07-16,2026-09-04,157.8699951171875,157.8699951171875,149.3000030517578,149.3000030517578,-0.05428512276235997,-0.19718305662141433,37,0,USD,NYQ,https://query1.finance.yahoo.com/v8/finance/chart/VST?period1=1767225600&period2=1788566400&interval=1d&events=div%2Csplits
VST,2026-07-15,report_close,2026-07-15,2026-09-04,160.22999572753906,160.22999572753906,149.3000030517578,149.3000030517578,-0.0682143978482469,-0.19718305662141422,38,0,USD,NYQ,https://query1.finance.yahoo.com/v8/finance/chart/VST?period1=1767225600&period2=1788566400&interval=1d&events=div%2Csplits
VST,2026-07-18,next_open,2026-07-20,2026-09-04,157.52000427246094,157.52000427246094,149.3000030517578,149.3000030517578,-0.05218385600399722,-0.19718305662141433,35,0,USD,NYQ,https://query1.finance.yahoo.com/v8/finance/chart/VST?period1=1767225600&period2=1788566400&interval=1d&events=div%2Csplits
VST,2026-07-18,report_close,2026-07-17,2026-09-04,155.44000244140625,155.44000244140625,149.3000030517578,149.3000030517578,-0.03950076745503739,-0.19718305662141433,36,0,USD,NYQ,https://query1.finance.yahoo.com/v8/finance/chart/VST?period1=1767225600&period2=1788566400&interval=1d&events=div%2Csplits
WDC,2026-07-12,next_open,2026-07-13,2026-09-04,551.6699829101562,551.6699829101562,467.4599914550781,467.4599914550781,-0.1526455925893513,-0.22903503843951445,40,0,USD,NMS,https://query1.finance.yahoo.com/v8/finance/chart/WDC?period1=1767225600&period2=1788566400&interval=1d&events=div%2Csplits
WDC,2026-07-12,report_close,2026-07-10,2026-09-04,582.5900268554688,582.5900268554688,467.4599914550781,467.4599914550781,-0.19761758714237743,-0.254535835195971,41,0,USD,NMS,https://query1.finance.yahoo.com/v8/finance/chart/WDC?period1=1767225600&period2=1788566400&interval=1d&events=div%2Csplits
WDC,2026-07-13,next_open,2026-07-14,2026-09-04,587.6500244140625,587.6500244140625,467.4599914550781,467.4599914550781,-0.2045265514603256,-0.2609547013530661,39,0,USD,NMS,https://query1.finance.yahoo.com/v8/finance/chart/WDC?period1=1767225600&period2=1788566400&interval=1d&events=div%2Csplits
WDC,2026-07-13,report_close,2026-07-13,2026-09-04,555.5499877929688,555.5499877929688,467.4599914550781,467.4599914550781,-0.15856358252809155,-0.22903503843951434,40,0,USD,NMS,https://query1.finance.yahoo.com/v8/finance/chart/WDC?period1=1767225600&period2=1788566400&interval=1d&events=div%2Csplits
WDC,2026-07-14,next_open,2026-07-15,2026-09-04,562.6400146484375,562.6400146484375,467.4599914550781,467.4599914550781,-0.16916682197378385,-0.22810326943358494,38,0,USD,NMS,https://query1.finance.yahoo.com/v8/finance/chart/WDC?period1=1767225600&period2=1788566400&interval=1d&events=div%2Csplits
WDC,2026-07-14,report_close,2026-07-14,2026-09-04,563.3200073242188,563.3200073242188,467.4599914550781,467.4599914550781,-0.17016973411698544,-0.22903503843951434,39,0,USD,NMS,https://query1.finance.yahoo.com/v8/finance/chart/WDC?period1=1767225600&period2=1788566400&interval=1d&events=div%2Csplits
WDC,2026-07-15,next_open,2026-07-16,2026-09-04,486.6799926757813,486.6799926757813,467.4599914550781,467.4599914550781,-0.03949207181300185,-0.2221028169643846,37,0,USD,NMS,https://query1.finance.yahoo.com/v8/finance/chart/WDC?period1=1767225600&period2=1788566400&interval=1d&events=div%2Csplits
WDC,2026-07-15,report_close,2026-07-15,2026-09-04,513.8400268554688,513.8400268554688,467.4599914550781,467.4599914550781,-0.09026162419502648,-0.22210281696438472,38,0,USD,NMS,https://query1.finance.yahoo.com/v8/finance/chart/WDC?period1=1767225600&period2=1788566400&interval=1d&events=div%2Csplits
WDC,2026-07-18,next_open,2026-07-20,2026-09-04,491.3599853515625,491.3599853515625,467.4599914550781,467.4599914550781,-0.04864049700625128,-0.22210281696438472,35,0,USD,NMS,https://query1.finance.yahoo.com/v8/finance/chart/WDC?period1=1767225600&period2=1788566400&interval=1d&events=div%2Csplits
WDC,2026-07-18,report_close,2026-07-17,2026-09-04,477.2200012207031,477.2200012207031,467.4599914550781,467.4599914550781,-0.02045180365588073,-0.22210281696438472,36,0,USD,NMS,https://query1.finance.yahoo.com/v8/finance/chart/WDC?period1=1767225600&period2=1788566400&interval=1d&events=div%2Csplits
WOLF,2026-07-12,next_open,2026-07-13,2026-09-04,34.0,34.0,28.350000381469727,28.350000381469727,-0.16617645936853742,-0.42849001886047267,40,0,USD,NYQ,https://query1.finance.yahoo.com/v8/finance/chart/WOLF?period1=1767225600&period2=1788566400&interval=1d&events=div%2Csplits
WOLF,2026-07-12,report_close,2026-07-10,2026-09-04,35.290000915527344,35.290000915527344,28.350000381469727,28.350000381469727,-0.19665628659714962,-0.43156704603212037,41,0,USD,NYQ,https://query1.finance.yahoo.com/v8/finance/chart/WOLF?period1=1767225600&period2=1788566400&interval=1d&events=div%2Csplits
WOLF,2026-07-13,next_open,2026-07-14,2026-09-04,35.900001525878906,35.900001525878906,28.350000381469727,28.350000381469727,-0.21030642962415136,-0.4412256653671195,39,0,USD,NYQ,https://query1.finance.yahoo.com/v8/finance/chart/WOLF?period1=1767225600&period2=1788566400&interval=1d&events=div%2Csplits
WOLF,2026-07-13,report_close,2026-07-13,2026-09-04,33.650001525878906,33.650001525878906,28.350000381469727,28.350000381469727,-0.15750374157734148,-0.4284900188604728,40,0,USD,NYQ,https://query1.finance.yahoo.com/v8/finance/chart/WOLF?period1=1767225600&period2=1788566400&interval=1d&events=div%2Csplits
WOLF,2026-07-14,next_open,2026-07-15,2026-09-04,35.5,35.5,28.350000381469727,28.350000381469727,-0.20140843995859925,-0.43492959250866525,38,0,USD,NYQ,https://query1.finance.yahoo.com/v8/finance/chart/WOLF?period1=1767225600&period2=1788566400&interval=1d&events=div%2Csplits
WOLF,2026-07-14,report_close,2026-07-14,2026-09-04,34.310001373291016,34.310001373291016,28.350000381469727,28.350000381469727,-0.17371031050033459,-0.42849001886047267,39,0,USD,NYQ,https://query1.finance.yahoo.com/v8/finance/chart/WOLF?period1=1767225600&period2=1788566400&interval=1d&events=div%2Csplits
WOLF,2026-07-15,next_open,2026-07-16,2026-09-04,34.0099983215332,34.0099983215332,28.350000381469727,28.350000381469727,-0.16642158833862353,-0.410173464982457,37,0,USD,NYQ,https://query1.finance.yahoo.com/v8/finance/chart/WOLF?period1=1767225600&period2=1788566400&interval=1d&events=div%2Csplits
WOLF,2026-07-15,report_close,2026-07-15,2026-09-04,35.099998474121094,35.099998474121094,28.350000381469727,28.350000381469727,-0.19230764632733754,-0.42849001886047267,38,0,USD,NYQ,https://query1.finance.yahoo.com/v8/finance/chart/WOLF?period1=1767225600&period2=1788566400&interval=1d&events=div%2Csplits
WOLF,2026-07-18,next_open,2026-07-20,2026-09-04,29.8799991607666,29.8799991607666,28.350000381469727,28.350000381469727,-0.0512047798617683,-0.3677907420313642,35,0,USD,NYQ,https://query1.finance.yahoo.com/v8/finance/chart/WOLF?period1=1767225600&period2=1788566400&interval=1d&events=div%2Csplits
WOLF,2026-07-18,report_close,2026-07-17,2026-09-04,29.88999938964844,29.88999938964844,28.350000381469727,28.350000381469727,-0.05152221611326124,-0.3677907420313642,36,0,USD,NYQ,https://query1.finance.yahoo.com/v8/finance/chart/WOLF?period1=1767225600&period2=1788566400&interval=1d&events=div%2Csplits
SPY,2026-07-12,next_open,2026-07-13,2026-09-04,752.469970703125,752.469970703125,770.1900024414062,770.1900024414062,0.023549154688157437,-0.0335845784607135,40,0,USD,,
SPY,2026-07-12,report_close,2026-07-10,2026-09-04,754.9500122070312,754.9500122070312,770.1900024414062,770.1900024414062,0.020186754073719726,-0.03376381193750455,41,0,USD,,
SPY,2026-07-13,next_open,2026-07-14,2026-09-04,750.9099731445312,750.9099731445312,770.1900024414062,770.1900024414062,0.02567555364345142,-0.03358457846071328,39,0,USD,,
SPY,2026-07-13,report_close,2026-07-13,2026-09-04,749.1699829101562,749.1699829101562,770.1900024414062,770.1900024414062,0.028057743917605515,-0.03358457846071339,40,0,USD,,
SPY,2026-07-14,next_open,2026-07-15,2026-09-04,754.239990234375,754.239990234375,770.1900024414062,770.1900024414062,0.021147131435015565,-0.03358457846071339,38,0,USD,,
SPY,2026-07-14,report_close,2026-07-14,2026-09-04,751.8300170898438,751.8300170898438,770.1900024414062,770.1900024414062,0.024420394150568292,-0.0335845784607135,39,0,USD,,
SPY,2026-07-15,next_open,2026-07-16,2026-09-04,752.760009765625,752.760009765625,770.1900024414062,770.1900024414062,0.023154780341224868,-0.03095274389007896,37,0,USD,,
SPY,2026-07-15,report_close,2026-07-15,2026-09-04,754.8099975585938,754.8099975585938,770.1900024414062,770.1900024414062,0.020375995194232388,-0.03358457846071339,38,0,USD,,
SPY,2026-07-18,next_open,2026-07-20,2026-09-04,747.0599975585938,747.0599975585938,770.1900024414062,770.1900024414062,0.030961375201994157,-0.025151021793142103,35,0,USD,,
SPY,2026-07-18,report_close,2026-07-17,2026-09-04,743.2899780273438,743.2899780273438,770.1900024414062,770.1900024414062,0.03619048448016726,-0.025151021793142214,36,0,USD,,
QQQ,2026-07-12,next_open,2026-07-13,2026-09-04,717.719970703125,717.719970703125,718.9600219726562,718.9600219726562,0.0017277647552658149,-0.0805347049091113,40,0,USD,,
QQQ,2026-07-12,report_close,2026-07-10,2026-09-04,725.510009765625,725.510009765625,718.9600219726562,718.9600219726562,-0.009028114987806646,-0.08791061244968768,41,0,USD,,
QQQ,2026-07-13,next_open,2026-07-14,2026-09-04,720.219970703125,720.219970703125,718.9600219726562,718.9600219726562,-0.0017493943263454659,-0.08121128629253827,39,0,USD,,
QQQ,2026-07-13,report_close,2026-07-13,2026-09-04,711.739990234375,711.739990234375,718.9600219726562,718.9600219726562,0.010144198495722678,-0.0805347049091113,40,0,USD,,
QQQ,2026-07-14,next_open,2026-07-15,2026-09-04,723.8499755859375,723.8499755859375,718.9600219726562,718.9600219726562,-0.006755479420059385,-0.08581888127702564,38,0,USD,,
QQQ,2026-07-14,report_close,2026-07-14,2026-09-04,719.6900024414062,719.6900024414062,718.9600219726562,718.9600219726562,-0.0010142984705548974,-0.0805347049091113,39,0,USD,,
QQQ,2026-07-15,next_open,2026-07-16,2026-09-04,712.010009765625,712.010009765625,718.9600219726562,718.9600219726562,0.009761115871557813,-0.07061702589465824,37,0,USD,,
QQQ,2026-07-15,report_close,2026-07-15,2026-09-04,717.739990234375,717.739990234375,718.9600219726562,718.9600219726562,0.0016998241074499543,-0.07803662959804591,38,0,USD,,
QQQ,2026-07-18,next_open,2026-07-20,2026-09-04,702.1599731445312,702.1599731445312,718.9600219726562,718.9600219726562,0.023926241128340298,-0.0666318633884091,35,0,USD,,
QQQ,2026-07-18,report_close,2026-07-17,2026-09-04,695.3300170898438,695.3300170898438,718.9600219726562,718.9600219726562,0.033983869963950086,-0.06663186338840899,36,0,USD,,
SOXX,2026-07-12,next_open,2026-07-13,2026-09-04,563.5800170898438,563.5800170898438,519.8599853515625,519.8599853515625,-0.07757555344853817,-0.1812226827849408,40,0,USD,,
SOXX,2026-07-12,report_close,2026-07-10,2026-09-04,581.3400268554688,581.3400268554688,519.8599853515625,519.8599853515625,-0.10575573444763209,-0.20012388874161058,41,0,USD,,
SOXX,2026-07-13,next_open,2026-07-14,2026-09-04,580.510009765625,580.510009765625,519.8599853515625,519.8599853515625,-0.10447713802307956,-0.19898022053445896,39,0,USD,,
SOXX,2026-07-13,report_close,2026-07-13,2026-09-04,553.6099853515625,553.6099853515625,519.8599853515625,519.8599853515625,-0.06096349576962112,-0.1812226827849409,40,0,USD,,
SOXX,2026-07-14,next_open,2026-07-15,2026-09-04,575.1199951171875,575.1199951171875,519.8599853515625,519.8599853515625,-0.09608431324729916,-0.1914730770136922,38,0,USD,,
SOXX,2026-07-14,report_close,2026-07-14,2026-09-04,567.9199829101562,567.9199829101562,519.8599853515625,519.8599853515625,-0.08462459326104876,-0.1812226827849408,39,0,USD,,
SOXX,2026-07-15,next_open,2026-07-16,2026-09-04,539.0499877929688,539.0499877929688,519.8599853515625,519.8599853515625,-0.03559967141447462,-0.16294645800097562,37,0,USD,,
SOXX,2026-07-15,report_close,2026-07-15,2026-09-04,555.27001953125,555.27001953125,519.8599853515625,519.8599853515625,-0.06377083749196488,-0.16294645800097562,38,0,USD,,
SOXX,2026-07-18,next_open,2026-07-20,2026-09-04,534.0,534.0,519.8599853515625,519.8599853515625,-0.026479428180594566,-0.16294645800097574,35,0,USD,,
SOXX,2026-07-18,report_close,2026-07-17,2026-09-04,521.8099975585938,521.8099975585938,519.8599853515625,519.8599853515625,-0.0037370158029834677,-0.16294645800097574,36,0,USD,,
