ticker,yahoo_symbol,currency,date,adj_close,close
AAOI,AAOI,USD,2026-05-20,165.25999450683594,165.25999450683594
AAOI,AAOI,USD,2026-05-21,176.80999755859375,176.80999755859375
AAOI,AAOI,USD,2026-05-22,181.49000549316406,181.49000549316406
AAOI,AAOI,USD,2026-05-26,177.6199951171875,177.6199951171875
AAOI,AAOI,USD,2026-05-27,179.8300018310547,179.8300018310547
AAOI,AAOI,USD,2026-05-28,169.02000427246094,169.02000427246094
AAOI,AAOI,USD,2026-05-29,158.41000366210938,158.41000366210938
AAOI,AAOI,USD,2026-06-01,185.6699981689453,185.6699981689453
AAOI,AAOI,USD,2026-06-02,202.3699951171875,202.3699951171875
AAOI,AAOI,USD,2026-06-03,184.07000732421875,184.07000732421875
AAOI,AAOI,USD,2026-06-04,202.88999938964844,202.88999938964844
AAOI,AAOI,USD,2026-06-05,177.0,177.0
AAOI,AAOI,USD,2026-06-08,196.63999938964844,196.63999938964844
AAOI,AAOI,USD,2026-06-09,162.8800048828125,162.8800048828125
AAOI,AAOI,USD,2026-06-10,175.1300048828125,175.1300048828125
AAOI,AAOI,USD,2026-06-11,172.77999877929688,172.77999877929688
AAOI,AAOI,USD,2026-06-12,169.0500030517578,169.0500030517578
AAOI,AAOI,USD,2026-06-15,191.5500030517578,191.5500030517578
AAOI,AAOI,USD,2026-06-16,170.80999755859375,170.80999755859375
AAOI,AAOI,USD,2026-06-17,167.33999633789062,167.33999633789062
AAOI,AAOI,USD,2026-06-18,161.85000610351562,161.85000610351562
AAOI,AAOI,USD,2026-06-22,171.22999572753906,171.22999572753906
AAOI,AAOI,USD,2026-06-23,147.44000244140625,147.44000244140625
AAOI,AAOI,USD,2026-06-24,146.97000122070312,146.97000122070312
AAOI,AAOI,USD,2026-06-25,138.5399932861328,138.5399932861328
AAOI,AAOI,USD,2026-06-26,135.69000244140625,135.69000244140625
AAOI,AAOI,USD,2026-06-29,150.10000610351562,150.10000610351562
AAOI,AAOI,USD,2026-06-30,148.16000366210938,148.16000366210938
AAOI,AAOI,USD,2026-07-01,139.0,139.0
AAOI,AAOI,USD,2026-07-02,120.94999694824219,120.94999694824219
AAOI,AAOI,USD,2026-07-06,123.36000061035156,123.36000061035156
AAOI,AAOI,USD,2026-07-07,114.41000366210938,114.41000366210938
AAOI,AAOI,USD,2026-07-08,114.44000244140625,114.44000244140625
AAOI,AAOI,USD,2026-07-09,122.20999908447266,122.20999908447266
AAOI,AAOI,USD,2026-07-10,119.91999816894531,119.91999816894531
AAON,AAON,USD,2026-05-20,133.66688537597656,133.75999450683594
AAON,AAON,USD,2026-05-21,132.29783630371094,132.38999938964844
AAON,AAON,USD,2026-05-22,134.5063018798828,134.60000610351562
AAON,AAON,USD,2026-05-26,141.02175903320312,141.1199951171875
AAON,AAON,USD,2026-05-27,139.44285583496094,139.5399932861328
AAON,AAON,USD,2026-05-28,142.1609649658203,142.25999450683594
AAON,AAON,USD,2026-05-29,140.10240173339844,140.1999969482422
AAON,AAON,USD,2026-06-01,138.5634765625,138.66000366210938
AAON,AAON,USD,2026-06-02,143.4001007080078,143.5
AAON,AAON,USD,2026-06-03,148.1468048095703,148.25
AAON,AAON,USD,2026-06-04,143.5500030517578,143.64999389648438
AAON,AAON,USD,2026-06-05,132.6199951171875,132.6199951171875
AAON,AAON,USD,2026-06-08,132.0500030517578,132.0500030517578
AAON,AAON,USD,2026-06-09,129.66000366210938,129.66000366210938
AAON,AAON,USD,2026-06-10,121.12000274658203,121.12000274658203
AAON,AAON,USD,2026-06-11,128.63999938964844,128.63999938964844
AAON,AAON,USD,2026-06-12,127.19000244140625,127.19000244140625
AAON,AAON,USD,2026-06-15,131.25999450683594,131.25999450683594
AAON,AAON,USD,2026-06-16,130.66000366210938,130.66000366210938
AAON,AAON,USD,2026-06-17,133.36000061035156,133.36000061035156
AAON,AAON,USD,2026-06-18,136.72000122070312,136.72000122070312
AAON,AAON,USD,2026-06-22,136.16000366210938,136.16000366210938
AAON,AAON,USD,2026-06-23,129.4499969482422,129.4499969482422
AAON,AAON,USD,2026-06-24,131.60000610351562,131.60000610351562
AAON,AAON,USD,2026-06-25,133.25999450683594,133.25999450683594
AAON,AAON,USD,2026-06-26,126.77999877929688,126.77999877929688
AAON,AAON,USD,2026-06-29,125.70999908447266,125.70999908447266
AAON,AAON,USD,2026-06-30,126.86000061035156,126.86000061035156
AAON,AAON,USD,2026-07-01,116.41999816894531,116.41999816894531
AAON,AAON,USD,2026-07-02,107.62000274658203,107.62000274658203
AAON,AAON,USD,2026-07-06,109.3499984741211,109.3499984741211
AAON,AAON,USD,2026-07-07,109.94000244140625,109.94000244140625
AAON,AAON,USD,2026-07-08,107.9800033569336,107.9800033569336
AAON,AAON,USD,2026-07-09,110.25,110.25
AAON,AAON,USD,2026-07-10,114.16000366210938,114.16000366210938
ABBNY,ABBNY,USD,2026-05-20,103.66999816894531,103.66999816894531
ABBNY,ABBNY,USD,2026-05-21,105.41000366210938,105.41000366210938
ABBNY,ABBNY,USD,2026-05-22,106.4000015258789,106.4000015258789
ABBNY,ABBNY,USD,2026-05-26,108.37000274658203,108.37000274658203
ABBNY,ABBNY,USD,2026-05-27,106.19999694824219,106.19999694824219
ABBNY,ABBNY,USD,2026-05-28,106.37000274658203,106.37000274658203
ABBNY,ABBNY,USD,2026-05-29,106.73999786376953,106.73999786376953
ABBNY,ABBNY,USD,2026-06-01,106.8499984741211,106.8499984741211
ABBNY,ABBNY,USD,2026-06-02,108.94999694824219,108.94999694824219
ABBNY,ABBNY,USD,2026-06-03,107.79000091552734,107.79000091552734
ABBNY,ABBNY,USD,2026-06-04,107.41999816894531,107.41999816894531
ABBNY,ABBNY,USD,2026-06-05,101.5,101.5
ABBNY,ABBNY,USD,2026-06-08,103.36000061035156,103.36000061035156
ABBNY,ABBNY,USD,2026-06-09,101.12000274658203,101.12000274658203
ABBNY,ABBNY,USD,2026-06-10,98.5,98.5
ABBNY,ABBNY,USD,2026-06-11,104.44999694824219,104.44999694824219
ABBNY,ABBNY,USD,2026-06-12,102.16999816894531,102.16999816894531
ABBNY,ABBNY,USD,2026-06-15,103.9000015258789,103.9000015258789
ABBNY,ABBNY,USD,2026-06-16,105.44000244140625,105.44000244140625
ABBNY,ABBNY,USD,2026-06-17,105.63999938964844,105.63999938964844
ABBNY,ABBNY,USD,2026-06-18,108.47000122070312,108.47000122070312
ABBNY,ABBNY,USD,2026-06-22,109.7300033569336,109.7300033569336
ABBNY,ABBNY,USD,2026-06-23,105.97000122070312,105.97000122070312
ABBNY,ABBNY,USD,2026-06-24,105.83999633789062,105.83999633789062
ABBNY,ABBNY,USD,2026-06-25,106.91999816894531,106.91999816894531
ABBNY,ABBNY,USD,2026-06-26,103.9000015258789,103.9000015258789
ABBNY,ABBNY,USD,2026-06-29,105.91000366210938,105.91000366210938
ABBNY,ABBNY,USD,2026-06-30,108.69999694824219,108.69999694824219
ABBNY,ABBNY,USD,2026-07-01,105.61000061035156,105.61000061035156
ABBNY,ABBNY,USD,2026-07-02,105.91000366210938,105.91000366210938
ABBNY,ABBNY,USD,2026-07-06,107.6500015258789,107.6500015258789
ABBNY,ABBNY,USD,2026-07-07,102.95999908447266,102.95999908447266
ABBNY,ABBNY,USD,2026-07-08,103.30000305175781,103.30000305175781
ABBNY,ABBNY,USD,2026-07-09,105.04000091552734,105.04000091552734
ABBNY,ABBNY,USD,2026-07-10,103.30999755859375,103.30999755859375
ACLS,ACLS,USD,2026-05-20,149.55999755859375,149.55999755859375
ACLS,ACLS,USD,2026-05-21,152.50999450683594,152.50999450683594
ACLS,ACLS,USD,2026-05-22,156.94000244140625,156.94000244140625
ACLS,ACLS,USD,2026-05-26,164.27000427246094,164.27000427246094
ACLS,ACLS,USD,2026-05-27,157.91000366210938,157.91000366210938
ACLS,ACLS,USD,2026-05-28,155.5500030517578,155.5500030517578
ACLS,ACLS,USD,2026-05-29,150.41000366210938,150.41000366210938
ACLS,ACLS,USD,2026-06-01,150.4199981689453,150.4199981689453
ACLS,ACLS,USD,2026-06-02,158.77999877929688,158.77999877929688
ACLS,ACLS,USD,2026-06-03,159.19000244140625,159.19000244140625
ACLS,ACLS,USD,2026-06-04,161.8699951171875,161.8699951171875
ACLS,ACLS,USD,2026-06-05,147.16000366210938,147.16000366210938
ACLS,ACLS,USD,2026-06-08,154.75999450683594,154.75999450683594
ACLS,ACLS,USD,2026-06-09,164.57000732421875,164.57000732421875
ACLS,ACLS,USD,2026-06-10,157.42999267578125,157.42999267578125
ACLS,ACLS,USD,2026-06-11,173.57000732421875,173.57000732421875
ACLS,ACLS,USD,2026-06-12,180.1199951171875,180.1199951171875
ACLS,ACLS,USD,2026-06-15,191.60000610351562,191.60000610351562
ACLS,ACLS,USD,2026-06-16,176.85000610351562,176.85000610351562
ACLS,ACLS,USD,2026-06-17,175.4499969482422,175.4499969482422
ACLS,ACLS,USD,2026-06-18,187.52999877929688,187.52999877929688
ACLS,ACLS,USD,2026-06-22,183.9199981689453,183.9199981689453
ACLS,ACLS,USD,2026-06-23,171.05999755859375,171.05999755859375
ACLS,ACLS,USD,2026-06-24,168.91000366210938,168.91000366210938
ACLS,ACLS,USD,2026-06-25,180.6999969482422,180.6999969482422
ACLS,ACLS,USD,2026-06-26,173.22999572753906,173.22999572753906
ACLS,ACLS,USD,2026-06-29,176.1300048828125,176.1300048828125
ACLS,ACLS,USD,2026-06-30,189.4499969482422,189.4499969482422
ACLS,ACLS,USD,2026-07-01,178.3300018310547,178.3300018310547
ACLS,ACLS,USD,2026-07-02,144.5,144.5
ACLS,ACLS,USD,2026-07-06,139.97000122070312,139.97000122070312
ACLS,ACLS,USD,2026-07-07,131.5399932861328,131.5399932861328
ACLS,ACLS,USD,2026-07-08,135.42999267578125,135.42999267578125
ACLS,ACLS,USD,2026-07-09,142.92999267578125,142.92999267578125
ACLS,ACLS,USD,2026-07-10,143.35000610351562,143.35000610351562
ACMR,ACMR,USD,2026-05-20,71.5999984741211,71.5999984741211
ACMR,ACMR,USD,2026-05-21,71.58999633789062,71.58999633789062
ACMR,ACMR,USD,2026-05-22,73.3499984741211,73.3499984741211
ACMR,ACMR,USD,2026-05-26,86.45999908447266,86.45999908447266
ACMR,ACMR,USD,2026-05-27,88.63999938964844,88.63999938964844
ACMR,ACMR,USD,2026-05-28,92.86000061035156,92.86000061035156
ACMR,ACMR,USD,2026-05-29,86.55999755859375,86.55999755859375
ACMR,ACMR,USD,2026-06-01,82.05000305175781,82.05000305175781
ACMR,ACMR,USD,2026-06-02,91.91999816894531,91.91999816894531
ACMR,ACMR,USD,2026-06-03,88.86000061035156,88.86000061035156
ACMR,ACMR,USD,2026-06-04,90.20500183105469,90.20500183105469
ACMR,ACMR,USD,2026-06-05,76.29000091552734,76.29000091552734
ACMR,ACMR,USD,2026-06-08,80.56999969482422,80.56999969482422
ACMR,ACMR,USD,2026-06-09,81.33000183105469,81.33000183105469
ACMR,ACMR,USD,2026-06-10,79.95999908447266,79.95999908447266
ACMR,ACMR,USD,2026-06-11,91.69999694824219,91.69999694824219
ACMR,ACMR,USD,2026-06-12,93.94999694824219,93.94999694824219
ACMR,ACMR,USD,2026-06-15,95.20999908447266,95.20999908447266
ACMR,ACMR,USD,2026-06-16,91.18000030517578,91.18000030517578
ACMR,ACMR,USD,2026-06-17,96.19000244140625,96.19000244140625
ACMR,ACMR,USD,2026-06-18,109.87000274658203,109.87000274658203
ACMR,ACMR,USD,2026-06-22,103.16999816894531,103.16999816894531
ACMR,ACMR,USD,2026-06-23,99.12000274658203,99.12000274658203
ACMR,ACMR,USD,2026-06-24,101.5999984741211,101.5999984741211
ACMR,ACMR,USD,2026-06-25,106.86000061035156,106.86000061035156
ACMR,ACMR,USD,2026-06-26,104.5,104.5
ACMR,ACMR,USD,2026-06-29,118.87999725341797,118.87999725341797
ACMR,ACMR,USD,2026-06-30,126.88999938964844,126.88999938964844
ACMR,ACMR,USD,2026-07-01,117.16000366210938,117.16000366210938
ACMR,ACMR,USD,2026-07-02,97.7699966430664,97.7699966430664
ACMR,ACMR,USD,2026-07-06,98.5199966430664,98.5199966430664
ACMR,ACMR,USD,2026-07-07,94.66000366210938,94.66000366210938
ACMR,ACMR,USD,2026-07-08,98.06999969482422,98.06999969482422
ACMR,ACMR,USD,2026-07-09,106.04000091552734,106.04000091552734
ACMR,ACMR,USD,2026-07-10,103.0,103.0
ADBE,ADBE,USD,2026-05-20,253.3699951171875,253.3699951171875
ADBE,ADBE,USD,2026-05-21,244.10000610351562,244.10000610351562
ADBE,ADBE,USD,2026-05-22,244.75999450683594,244.75999450683594
ADBE,ADBE,USD,2026-05-26,240.49000549316406,240.49000549316406
ADBE,ADBE,USD,2026-05-27,238.24000549316406,238.24000549316406
ADBE,ADBE,USD,2026-05-28,241.44000244140625,241.44000244140625
ADBE,ADBE,USD,2026-05-29,259.2099914550781,259.2099914550781
ADBE,ADBE,USD,2026-06-01,274.0299987792969,274.0299987792969
ADBE,ADBE,USD,2026-06-02,262.1099853515625,262.1099853515625
ADBE,ADBE,USD,2026-06-03,256.239990234375,256.239990234375
ADBE,ADBE,USD,2026-06-04,258.4200134277344,258.4200134277344
ADBE,ADBE,USD,2026-06-05,251.44000244140625,251.44000244140625
ADBE,ADBE,USD,2026-06-08,244.99000549316406,244.99000549316406
ADBE,ADBE,USD,2026-06-09,237.8800048828125,237.8800048828125
ADBE,ADBE,USD,2026-06-10,233.3800048828125,233.3800048828125
ADBE,ADBE,USD,2026-06-11,218.8000030517578,218.8000030517578
ADBE,ADBE,USD,2026-06-12,204.02000427246094,204.02000427246094
ADBE,ADBE,USD,2026-06-15,206.36000061035156,206.36000061035156
ADBE,ADBE,USD,2026-06-16,207.32000732421875,207.32000732421875
ADBE,ADBE,USD,2026-06-17,196.27999877929688,196.27999877929688
ADBE,ADBE,USD,2026-06-18,195.16000366210938,195.16000366210938
ADBE,ADBE,USD,2026-06-22,194.89999389648438,194.89999389648438
ADBE,ADBE,USD,2026-06-23,197.42999267578125,197.42999267578125
ADBE,ADBE,USD,2026-06-24,196.57000732421875,196.57000732421875
ADBE,ADBE,USD,2026-06-25,193.41000366210938,193.41000366210938
ADBE,ADBE,USD,2026-06-26,202.72999572753906,202.72999572753906
ADBE,ADBE,USD,2026-06-29,206.42999267578125,206.42999267578125
ADBE,ADBE,USD,2026-06-30,205.02000427246094,205.02000427246094
ADBE,ADBE,USD,2026-07-01,210.97999572753906,210.97999572753906
ADBE,ADBE,USD,2026-07-02,219.72000122070312,219.72000122070312
ADBE,ADBE,USD,2026-07-06,218.07000732421875,218.07000732421875
ADBE,ADBE,USD,2026-07-07,221.5399932861328,221.5399932861328
ADBE,ADBE,USD,2026-07-08,220.94000244140625,220.94000244140625
ADBE,ADBE,USD,2026-07-09,222.64999389648438,222.64999389648438
ADBE,ADBE,USD,2026-07-10,223.63999938964844,223.63999938964844
ADI,ADI,USD,2026-05-20,396.9626770019531,398.04998779296875
ADI,ADI,USD,2026-05-21,383.16046142578125,384.2099914550781
ADI,ADI,USD,2026-05-22,395.9853515625,397.07000732421875
ADI,ADI,USD,2026-05-26,418.7928771972656,419.94000244140625
ADI,ADI,USD,2026-05-27,415.7412414550781,416.8800048828125
ADI,ADI,USD,2026-05-28,417.8654479980469,419.010009765625
ADI,ADI,USD,2026-05-29,412.7195129394531,413.8500061035156
ADI,ADI,USD,2026-06-01,401.5899963378906,402.69000244140625
ADI,ADI,USD,2026-06-02,423.20001220703125,423.20001220703125
ADI,ADI,USD,2026-06-03,437.6700134277344,437.6700134277344
ADI,ADI,USD,2026-06-04,428.760009765625,428.760009765625
ADI,ADI,USD,2026-06-05,401.3900146484375,401.3900146484375
ADI,ADI,USD,2026-06-08,403.8900146484375,403.8900146484375
ADI,ADI,USD,2026-06-09,404.6199951171875,404.6199951171875
ADI,ADI,USD,2026-06-10,392.6700134277344,392.6700134277344
ADI,ADI,USD,2026-06-11,412.1300048828125,412.1300048828125
ADI,ADI,USD,2026-06-12,417.7900085449219,417.7900085449219
ADI,ADI,USD,2026-06-15,427.5799865722656,427.5799865722656
ADI,ADI,USD,2026-06-16,416.0,416.0
ADI,ADI,USD,2026-06-17,414.45001220703125,414.45001220703125
ADI,ADI,USD,2026-06-18,434.4599914550781,434.4599914550781
ADI,ADI,USD,2026-06-22,445.4800109863281,445.4800109863281
ADI,ADI,USD,2026-06-23,407.260009765625,407.260009765625
ADI,ADI,USD,2026-06-24,413.1600036621094,413.1600036621094
ADI,ADI,USD,2026-06-25,417.92999267578125,417.92999267578125
ADI,ADI,USD,2026-06-26,386.9100036621094,386.9100036621094
ADI,ADI,USD,2026-06-29,391.7799987792969,391.7799987792969
ADI,ADI,USD,2026-06-30,397.1700134277344,397.1700134277344
ADI,ADI,USD,2026-07-01,388.9800109863281,388.9800109863281
ADI,ADI,USD,2026-07-02,377.1600036621094,377.1600036621094
ADI,ADI,USD,2026-07-06,388.8299865722656,388.8299865722656
ADI,ADI,USD,2026-07-07,379.0299987792969,379.0299987792969
ADI,ADI,USD,2026-07-08,385.3999938964844,385.3999938964844
ADI,ADI,USD,2026-07-09,393.6400146484375,393.6400146484375
ADI,ADI,USD,2026-07-10,395.6499938964844,395.6499938964844
AEHR,AEHR,USD,2026-05-20,82.33999633789062,82.33999633789062
AEHR,AEHR,USD,2026-05-21,91.30000305175781,91.30000305175781
AEHR,AEHR,USD,2026-05-22,95.0199966430664,95.0199966430664
AEHR,AEHR,USD,2026-05-26,109.91999816894531,109.91999816894531
AEHR,AEHR,USD,2026-05-27,103.81999969482422,103.81999969482422
AEHR,AEHR,USD,2026-05-28,99.98999786376953,99.98999786376953
AEHR,AEHR,USD,2026-05-29,92.33000183105469,92.33000183105469
AEHR,AEHR,USD,2026-06-01,93.62000274658203,93.62000274658203
AEHR,AEHR,USD,2026-06-02,113.0,113.0
AEHR,AEHR,USD,2026-06-03,114.58999633789062,114.58999633789062
AEHR,AEHR,USD,2026-06-04,116.58000183105469,116.58000183105469
AEHR,AEHR,USD,2026-06-05,98.44999694824219,98.44999694824219
AEHR,AEHR,USD,2026-06-08,95.58000183105469,95.58000183105469
AEHR,AEHR,USD,2026-06-09,94.30999755859375,94.30999755859375
AEHR,AEHR,USD,2026-06-10,93.31999969482422,93.31999969482422
AEHR,AEHR,USD,2026-06-11,103.02999877929688,103.02999877929688
AEHR,AEHR,USD,2026-06-12,108.47000122070312,108.47000122070312
AEHR,AEHR,USD,2026-06-15,115.87999725341797,115.87999725341797
AEHR,AEHR,USD,2026-06-16,104.83000183105469,104.83000183105469
AEHR,AEHR,USD,2026-06-17,112.62000274658203,112.62000274658203
AEHR,AEHR,USD,2026-06-18,115.30000305175781,115.30000305175781
AEHR,AEHR,USD,2026-06-22,113.33000183105469,113.33000183105469
AEHR,AEHR,USD,2026-06-23,102.38999938964844,102.38999938964844
AEHR,AEHR,USD,2026-06-24,95.19999694824219,95.19999694824219
AEHR,AEHR,USD,2026-06-25,98.79000091552734,98.79000091552734
AEHR,AEHR,USD,2026-06-26,91.80999755859375,91.80999755859375
AEHR,AEHR,USD,2026-06-29,94.7699966430664,94.7699966430664
AEHR,AEHR,USD,2026-06-30,96.05999755859375,96.05999755859375
AEHR,AEHR,USD,2026-07-01,84.43000030517578,84.43000030517578
AEHR,AEHR,USD,2026-07-02,69.95999908447266,69.95999908447266
AEHR,AEHR,USD,2026-07-06,72.33000183105469,72.33000183105469
AEHR,AEHR,USD,2026-07-07,66.94000244140625,66.94000244140625
AEHR,AEHR,USD,2026-07-08,67.88999938964844,67.88999938964844
AEHR,AEHR,USD,2026-07-09,76.20999908447266,76.20999908447266
AEHR,AEHR,USD,2026-07-10,72.5999984741211,72.5999984741211
AEP,AEP,USD,2026-05-20,128.8699951171875,128.8699951171875
AEP,AEP,USD,2026-05-21,129.61000061035156,129.61000061035156
AEP,AEP,USD,2026-05-22,131.58999633789062,131.58999633789062
AEP,AEP,USD,2026-05-26,130.89999389648438,130.89999389648438
AEP,AEP,USD,2026-05-27,129.57000732421875,129.57000732421875
AEP,AEP,USD,2026-05-28,127.76000213623047,127.76000213623047
AEP,AEP,USD,2026-05-29,126.66999816894531,126.66999816894531
AEP,AEP,USD,2026-06-01,123.79000091552734,123.79000091552734
AEP,AEP,USD,2026-06-02,127.11000061035156,127.11000061035156
AEP,AEP,USD,2026-06-03,126.30999755859375,126.30999755859375
AEP,AEP,USD,2026-06-04,127.79000091552734,127.79000091552734
AEP,AEP,USD,2026-06-05,129.13999938964844,129.13999938964844
AEP,AEP,USD,2026-06-08,126.7699966430664,126.7699966430664
AEP,AEP,USD,2026-06-09,127.76000213623047,127.76000213623047
AEP,AEP,USD,2026-06-10,128.52999877929688,128.52999877929688
AEP,AEP,USD,2026-06-11,128.47999572753906,128.47999572753906
AEP,AEP,USD,2026-06-12,129.22999572753906,129.22999572753906
AEP,AEP,USD,2026-06-15,129.30999755859375,129.30999755859375
AEP,AEP,USD,2026-06-16,129.75,129.75
AEP,AEP,USD,2026-06-17,128.27000427246094,128.27000427246094
AEP,AEP,USD,2026-06-18,127.69000244140625,127.69000244140625
AEP,AEP,USD,2026-06-22,130.3000030517578,130.3000030517578
AEP,AEP,USD,2026-06-23,133.74000549316406,133.74000549316406
AEP,AEP,USD,2026-06-24,134.9600067138672,134.9600067138672
AEP,AEP,USD,2026-06-25,137.0,137.0
AEP,AEP,USD,2026-06-26,138.69000244140625,138.69000244140625
AEP,AEP,USD,2026-06-29,137.97000122070312,137.97000122070312
AEP,AEP,USD,2026-06-30,136.80999755859375,136.80999755859375
AEP,AEP,USD,2026-07-01,135.0500030517578,135.0500030517578
AEP,AEP,USD,2026-07-02,138.50999450683594,138.50999450683594
AEP,AEP,USD,2026-07-06,135.97999572753906,135.97999572753906
AEP,AEP,USD,2026-07-07,137.52999877929688,137.52999877929688
AEP,AEP,USD,2026-07-08,135.89999389648438,135.89999389648438
AEP,AEP,USD,2026-07-09,133.85000610351562,133.85000610351562
AEP,AEP,USD,2026-07-10,135.42999267578125,135.42999267578125
AJNMY,AJNMY,USD,2026-05-20,32.5099983215332,32.5099983215332
AJNMY,AJNMY,USD,2026-05-21,32.7400016784668,32.7400016784668
AJNMY,AJNMY,USD,2026-05-22,33.41999816894531,33.41999816894531
AJNMY,AJNMY,USD,2026-05-26,33.880001068115234,33.880001068115234
AJNMY,AJNMY,USD,2026-05-27,33.189998626708984,33.189998626708984
AJNMY,AJNMY,USD,2026-05-28,32.52000045776367,32.52000045776367
AJNMY,AJNMY,USD,2026-05-29,32.16999816894531,32.16999816894531
AJNMY,AJNMY,USD,2026-06-01,33.68000030517578,33.68000030517578
AJNMY,AJNMY,USD,2026-06-02,33.099998474121094,33.099998474121094
AJNMY,AJNMY,USD,2026-06-03,32.45000076293945,32.45000076293945
AJNMY,AJNMY,USD,2026-06-04,32.25,32.25
AJNMY,AJNMY,USD,2026-06-05,30.350000381469727,30.350000381469727
AJNMY,AJNMY,USD,2026-06-08,30.559999465942383,30.559999465942383
AJNMY,AJNMY,USD,2026-06-09,29.489999771118164,29.489999771118164
AJNMY,AJNMY,USD,2026-06-10,29.389999389648438,29.389999389648438
AJNMY,AJNMY,USD,2026-06-11,32.4900016784668,32.4900016784668
AJNMY,AJNMY,USD,2026-06-12,32.52000045776367,32.52000045776367
AJNMY,AJNMY,USD,2026-06-15,31.719999313354492,31.719999313354492
AJNMY,AJNMY,USD,2026-06-16,32.20000076293945,32.20000076293945
AJNMY,AJNMY,USD,2026-06-17,33.2599983215332,33.2599983215332
AJNMY,AJNMY,USD,2026-06-18,36.599998474121094,36.599998474121094
AJNMY,AJNMY,USD,2026-06-22,38.68000030517578,38.68000030517578
AJNMY,AJNMY,USD,2026-06-23,34.77000045776367,34.77000045776367
AJNMY,AJNMY,USD,2026-06-24,33.939998626708984,33.939998626708984
AJNMY,AJNMY,USD,2026-06-25,35.31999969482422,35.31999969482422
AJNMY,AJNMY,USD,2026-06-26,35.630001068115234,35.630001068115234
AJNMY,AJNMY,USD,2026-06-29,36.15999984741211,36.15999984741211
AJNMY,AJNMY,USD,2026-06-30,36.40999984741211,36.40999984741211
AJNMY,AJNMY,USD,2026-07-01,37.849998474121094,37.849998474121094
AJNMY,AJNMY,USD,2026-07-02,37.380001068115234,37.380001068115234
AJNMY,AJNMY,USD,2026-07-06,37.709999084472656,37.709999084472656
AJNMY,AJNMY,USD,2026-07-07,35.84000015258789,35.84000015258789
AJNMY,AJNMY,USD,2026-07-08,35.189998626708984,35.189998626708984
AJNMY,AJNMY,USD,2026-07-09,35.66999816894531,35.66999816894531
AJNMY,AJNMY,USD,2026-07-10,35.77000045776367,35.77000045776367
ALAB,ALAB,USD,2026-05-20,287.4800109863281,287.4800109863281
ALAB,ALAB,USD,2026-05-21,297.8399963378906,297.8399963378906
ALAB,ALAB,USD,2026-05-22,306.8800048828125,306.8800048828125
ALAB,ALAB,USD,2026-05-26,318.7200012207031,318.7200012207031
ALAB,ALAB,USD,2026-05-27,325.3299865722656,325.3299865722656
ALAB,ALAB,USD,2026-05-28,349.1700134277344,349.1700134277344
ALAB,ALAB,USD,2026-05-29,342.8500061035156,342.8500061035156
ALAB,ALAB,USD,2026-06-01,320.0899963378906,320.0899963378906
ALAB,ALAB,USD,2026-06-02,355.760009765625,355.760009765625
ALAB,ALAB,USD,2026-06-03,363.5400085449219,363.5400085449219
ALAB,ALAB,USD,2026-06-04,358.04998779296875,358.04998779296875
ALAB,ALAB,USD,2026-06-05,317.05999755859375,317.05999755859375
ALAB,ALAB,USD,2026-06-08,346.3299865722656,346.3299865722656
ALAB,ALAB,USD,2026-06-09,341.70001220703125,341.70001220703125
ALAB,ALAB,USD,2026-06-10,330.8599853515625,330.8599853515625
ALAB,ALAB,USD,2026-06-11,367.4700012207031,367.4700012207031
ALAB,ALAB,USD,2026-06-12,367.1499938964844,367.1499938964844
ALAB,ALAB,USD,2026-06-15,389.20001220703125,389.20001220703125
ALAB,ALAB,USD,2026-06-16,361.7099914550781,361.7099914550781
ALAB,ALAB,USD,2026-06-17,374.67999267578125,374.67999267578125
ALAB,ALAB,USD,2026-06-18,417.07000732421875,417.07000732421875
ALAB,ALAB,USD,2026-06-22,439.6600036621094,439.6600036621094
ALAB,ALAB,USD,2026-06-23,397.0199890136719,397.0199890136719
ALAB,ALAB,USD,2026-06-24,399.9200134277344,399.9200134277344
ALAB,ALAB,USD,2026-06-25,398.0,398.0
ALAB,ALAB,USD,2026-06-26,391.739990234375,391.739990234375
ALAB,ALAB,USD,2026-06-29,455.9599914550781,455.9599914550781
ALAB,ALAB,USD,2026-06-30,483.0199890136719,483.0199890136719
ALAB,ALAB,USD,2026-07-01,430.8599853515625,430.8599853515625
ALAB,ALAB,USD,2026-07-02,406.4200134277344,406.4200134277344
ALAB,ALAB,USD,2026-07-06,432.739990234375,432.739990234375
ALAB,ALAB,USD,2026-07-07,382.8900146484375,382.8900146484375
ALAB,ALAB,USD,2026-07-08,393.1600036621094,393.1600036621094
ALAB,ALAB,USD,2026-07-09,417.45001220703125,417.45001220703125
ALAB,ALAB,USD,2026-07-10,412.9700012207031,412.9700012207031
ALLE,ALLE,USD,2026-05-20,128.71937561035156,129.25
ALLE,ALLE,USD,2026-05-21,130.16342163085938,130.6999969482422
ALLE,ALLE,USD,2026-05-22,129.89453125,130.42999267578125
ALLE,ALLE,USD,2026-05-26,131.06968688964844,131.61000061035156
ALLE,ALLE,USD,2026-05-27,130.68128967285156,131.22000122070312
ALLE,ALLE,USD,2026-05-28,130.83067321777344,131.3699951171875
ALLE,ALLE,USD,2026-05-29,129.53602600097656,130.07000732421875
ALLE,ALLE,USD,2026-06-01,129.6654815673828,130.1999969482422
ALLE,ALLE,USD,2026-06-02,129.31692504882812,129.85000610351562
ALLE,ALLE,USD,2026-06-03,129.5758514404297,130.11000061035156
ALLE,ALLE,USD,2026-06-04,129.8148651123047,130.35000610351562
ALLE,ALLE,USD,2026-06-05,129.62564086914062,130.16000366210938
ALLE,ALLE,USD,2026-06-08,127.10602569580078,127.62999725341797
ALLE,ALLE,USD,2026-06-09,130.51199340820312,131.0500030517578
ALLE,ALLE,USD,2026-06-10,128.8189697265625,129.35000610351562
ALLE,ALLE,USD,2026-06-11,133.16107177734375,133.7100067138672
ALLE,ALLE,USD,2026-06-12,133.4199981689453,133.97000122070312
ALLE,ALLE,USD,2026-06-15,133.6999969482422,133.6999969482422
ALLE,ALLE,USD,2026-06-16,134.8699951171875,134.8699951171875
ALLE,ALLE,USD,2026-06-17,130.17999267578125,130.17999267578125
ALLE,ALLE,USD,2026-06-18,133.57000732421875,133.57000732421875
ALLE,ALLE,USD,2026-06-22,130.92999267578125,130.92999267578125
ALLE,ALLE,USD,2026-06-23,128.75999450683594,128.75999450683594
ALLE,ALLE,USD,2026-06-24,134.0,134.0
ALLE,ALLE,USD,2026-06-25,137.0,137.0
ALLE,ALLE,USD,2026-06-26,139.7100067138672,139.7100067138672
ALLE,ALLE,USD,2026-06-29,139.64999389648438,139.64999389648438
ALLE,ALLE,USD,2026-06-30,140.49000549316406,140.49000549316406
ALLE,ALLE,USD,2026-07-01,139.92999267578125,139.92999267578125
ALLE,ALLE,USD,2026-07-02,140.5800018310547,140.5800018310547
ALLE,ALLE,USD,2026-07-06,140.13999938964844,140.13999938964844
ALLE,ALLE,USD,2026-07-07,139.32000732421875,139.32000732421875
ALLE,ALLE,USD,2026-07-08,134.99000549316406,134.99000549316406
ALLE,ALLE,USD,2026-07-09,135.07000732421875,135.07000732421875
ALLE,ALLE,USD,2026-07-10,136.6300048828125,136.6300048828125
AMAT,AMAT,USD,2026-05-20,426.32000732421875,426.8500061035156
AMAT,AMAT,USD,2026-05-21,427.3599853515625,427.3599853515625
AMAT,AMAT,USD,2026-05-22,432.1600036621094,432.1600036621094
AMAT,AMAT,USD,2026-05-26,454.8900146484375,454.8900146484375
AMAT,AMAT,USD,2026-05-27,448.25,448.25
AMAT,AMAT,USD,2026-05-28,449.67999267578125,449.67999267578125
AMAT,AMAT,USD,2026-05-29,450.05999755859375,450.05999755859375
AMAT,AMAT,USD,2026-06-01,458.1700134277344,458.1700134277344
AMAT,AMAT,USD,2026-06-02,490.04998779296875,490.04998779296875
AMAT,AMAT,USD,2026-06-03,500.7699890136719,500.7699890136719
AMAT,AMAT,USD,2026-06-04,501.70001220703125,501.70001220703125
AMAT,AMAT,USD,2026-06-05,453.010009765625,453.010009765625
AMAT,AMAT,USD,2026-06-08,492.1700134277344,492.1700134277344
AMAT,AMAT,USD,2026-06-09,499.2099914550781,499.2099914550781
AMAT,AMAT,USD,2026-06-10,497.010009765625,497.010009765625
AMAT,AMAT,USD,2026-06-11,552.6400146484375,552.6400146484375
AMAT,AMAT,USD,2026-06-12,567.25,567.25
AMAT,AMAT,USD,2026-06-15,585.780029296875,585.780029296875
AMAT,AMAT,USD,2026-06-16,568.22998046875,568.22998046875
AMAT,AMAT,USD,2026-06-17,592.9199829101562,592.9199829101562
AMAT,AMAT,USD,2026-06-18,617.1099853515625,617.1099853515625
AMAT,AMAT,USD,2026-06-22,640.1799926757812,640.1799926757812
AMAT,AMAT,USD,2026-06-23,585.8800048828125,585.8800048828125
AMAT,AMAT,USD,2026-06-24,588.969970703125,588.969970703125
AMAT,AMAT,USD,2026-06-25,668.0,668.0
AMAT,AMAT,USD,2026-06-26,626.8400268554688,626.8400268554688
AMAT,AMAT,USD,2026-06-29,694.6400146484375,694.6400146484375
AMAT,AMAT,USD,2026-06-30,723.0,723.0
AMAT,AMAT,USD,2026-07-01,650.9099731445312,650.9099731445312
AMAT,AMAT,USD,2026-07-02,603.0399780273438,603.0399780273438
AMAT,AMAT,USD,2026-07-06,592.7899780273438,592.7899780273438
AMAT,AMAT,USD,2026-07-07,554.5,554.5
AMAT,AMAT,USD,2026-07-08,570.5,570.5
AMAT,AMAT,USD,2026-07-09,588.6599731445312,588.6599731445312
AMAT,AMAT,USD,2026-07-10,602.5,602.5
AMD,AMD,USD,2026-05-20,447.5799865722656,447.5799865722656
AMD,AMD,USD,2026-05-21,449.5899963378906,449.5899963378906
AMD,AMD,USD,2026-05-22,467.510009765625,467.510009765625
AMD,AMD,USD,2026-05-26,503.8900146484375,503.8900146484375
AMD,AMD,USD,2026-05-27,495.5400085449219,495.5400085449219
AMD,AMD,USD,2026-05-28,518.0900268554688,518.0900268554688
AMD,AMD,USD,2026-05-29,516.0999755859375,516.0999755859375
AMD,AMD,USD,2026-06-01,510.1300048828125,510.1300048828125
AMD,AMD,USD,2026-06-02,521.5399780273438,521.5399780273438
AMD,AMD,USD,2026-06-03,542.52001953125,542.52001953125
AMD,AMD,USD,2026-06-04,523.2000122070312,523.2000122070312
AMD,AMD,USD,2026-06-05,466.3800048828125,466.3800048828125
AMD,AMD,USD,2026-06-08,490.3299865722656,490.3299865722656
AMD,AMD,USD,2026-06-09,475.510009765625,475.510009765625
AMD,AMD,USD,2026-06-10,452.3999938964844,452.3999938964844
AMD,AMD,USD,2026-06-11,488.45001220703125,488.45001220703125
AMD,AMD,USD,2026-06-12,511.57000732421875,511.57000732421875
AMD,AMD,USD,2026-06-15,547.260009765625,547.260009765625
AMD,AMD,USD,2026-06-16,507.2900085449219,507.2900085449219
AMD,AMD,USD,2026-06-17,512.47998046875,512.47998046875
AMD,AMD,USD,2026-06-18,537.3699951171875,537.3699951171875
AMD,AMD,USD,2026-06-22,551.6300048828125,551.6300048828125
AMD,AMD,USD,2026-06-23,519.8499755859375,519.8499755859375
AMD,AMD,USD,2026-06-24,519.739990234375,519.739990234375
AMD,AMD,USD,2026-06-25,532.5700073242188,532.5700073242188
AMD,AMD,USD,2026-06-26,521.5800170898438,521.5800170898438
AMD,AMD,USD,2026-06-29,539.489990234375,539.489990234375
AMD,AMD,USD,2026-06-30,580.9099731445312,580.9099731445312
AMD,AMD,USD,2026-07-01,540.8800048828125,540.8800048828125
AMD,AMD,USD,2026-07-02,517.8200073242188,517.8200073242188
AMD,AMD,USD,2026-07-06,552.0499877929688,552.0499877929688
AMD,AMD,USD,2026-07-07,516.1099853515625,516.1099853515625
AMD,AMD,USD,2026-07-08,517.4099731445312,517.4099731445312
AMD,AMD,USD,2026-07-09,546.719970703125,546.719970703125
AMD,AMD,USD,2026-07-10,557.8900146484375,557.8900146484375
AMKR,AMKR,USD,2026-05-20,68.41302490234375,68.48999786376953
AMKR,AMKR,USD,2026-05-21,65.82593536376953,65.9000015258789
AMKR,AMKR,USD,2026-05-22,65.67610168457031,65.75
AMKR,AMKR,USD,2026-05-26,73.37743377685547,73.45999908447266
AMKR,AMKR,USD,2026-05-27,72.10887145996094,72.19000244140625
AMKR,AMKR,USD,2026-05-28,70.50067901611328,70.58000183105469
AMKR,AMKR,USD,2026-05-29,69.48181915283203,69.55999755859375
AMKR,AMKR,USD,2026-06-01,72.6682357788086,72.75
AMKR,AMKR,USD,2026-06-02,74.65599822998047,74.73999786376953
AMKR,AMKR,USD,2026-06-03,75.19999694824219,75.19999694824219
AMKR,AMKR,USD,2026-06-04,73.81999969482422,73.81999969482422
AMKR,AMKR,USD,2026-06-05,64.94999694824219,64.94999694824219
AMKR,AMKR,USD,2026-06-08,68.29000091552734,68.29000091552734
AMKR,AMKR,USD,2026-06-09,70.91000366210938,70.91000366210938
AMKR,AMKR,USD,2026-06-10,69.61000061035156,69.61000061035156
AMKR,AMKR,USD,2026-06-11,76.1500015258789,76.1500015258789
AMKR,AMKR,USD,2026-06-12,82.77999877929688,82.77999877929688
AMKR,AMKR,USD,2026-06-15,85.44000244140625,85.44000244140625
AMKR,AMKR,USD,2026-06-16,86.55000305175781,86.55000305175781
AMKR,AMKR,USD,2026-06-17,86.43000030517578,86.43000030517578
AMKR,AMKR,USD,2026-06-18,90.45999908447266,90.45999908447266
AMKR,AMKR,USD,2026-06-22,93.55000305175781,93.55000305175781
AMKR,AMKR,USD,2026-06-23,86.72000122070312,86.72000122070312
AMKR,AMKR,USD,2026-06-24,82.76000213623047,82.76000213623047
AMKR,AMKR,USD,2026-06-25,85.62000274658203,85.62000274658203
AMKR,AMKR,USD,2026-06-26,78.72000122070312,78.72000122070312
AMKR,AMKR,USD,2026-06-29,82.33999633789062,82.33999633789062
AMKR,AMKR,USD,2026-06-30,86.2300033569336,86.2300033569336
AMKR,AMKR,USD,2026-07-01,79.98999786376953,79.98999786376953
AMKR,AMKR,USD,2026-07-02,69.6500015258789,69.6500015258789
AMKR,AMKR,USD,2026-07-06,69.87999725341797,69.87999725341797
AMKR,AMKR,USD,2026-07-07,65.33000183105469,65.33000183105469
AMKR,AMKR,USD,2026-07-08,66.91000366210938,66.91000366210938
AMKR,AMKR,USD,2026-07-09,72.16000366210938,72.16000366210938
AMKR,AMKR,USD,2026-07-10,70.47000122070312,70.47000122070312
AMPX,AMPX,USD,2026-05-20,15.069999694824219,15.069999694824219
AMPX,AMPX,USD,2026-05-21,15.300000190734863,15.300000190734863
AMPX,AMPX,USD,2026-05-22,16.030000686645508,16.030000686645508
AMPX,AMPX,USD,2026-05-26,17.829999923706055,17.829999923706055
AMPX,AMPX,USD,2026-05-27,17.15999984741211,17.15999984741211
AMPX,AMPX,USD,2026-05-28,20.850000381469727,20.850000381469727
AMPX,AMPX,USD,2026-05-29,20.280000686645508,20.280000686645508
AMPX,AMPX,USD,2026-06-01,21.75,21.75
AMPX,AMPX,USD,2026-06-02,22.90999984741211,22.90999984741211
AMPX,AMPX,USD,2026-06-03,21.739999771118164,21.739999771118164
AMPX,AMPX,USD,2026-06-04,22.540000915527344,22.540000915527344
AMPX,AMPX,USD,2026-06-05,19.690000534057617,19.690000534057617
AMPX,AMPX,USD,2026-06-08,18.829999923706055,18.829999923706055
AMPX,AMPX,USD,2026-06-09,17.420000076293945,17.420000076293945
AMPX,AMPX,USD,2026-06-10,16.43000030517578,16.43000030517578
AMPX,AMPX,USD,2026-06-11,17.100000381469727,17.100000381469727
AMPX,AMPX,USD,2026-06-12,16.309999465942383,16.309999465942383
AMPX,AMPX,USD,2026-06-15,16.81999969482422,16.81999969482422
AMPX,AMPX,USD,2026-06-16,15.489999771118164,15.489999771118164
AMPX,AMPX,USD,2026-06-17,15.0,15.0
AMPX,AMPX,USD,2026-06-18,16.170000076293945,16.170000076293945
AMPX,AMPX,USD,2026-06-22,15.649999618530273,15.649999618530273
AMPX,AMPX,USD,2026-06-23,14.119999885559082,14.119999885559082
AMPX,AMPX,USD,2026-06-24,12.520000457763672,12.520000457763672
AMPX,AMPX,USD,2026-06-25,12.5600004196167,12.5600004196167
AMPX,AMPX,USD,2026-06-26,12.90999984741211,12.90999984741211
AMPX,AMPX,USD,2026-06-29,13.520000457763672,13.520000457763672
AMPX,AMPX,USD,2026-06-30,13.859999656677246,13.859999656677246
AMPX,AMPX,USD,2026-07-01,13.59000015258789,13.59000015258789
AMPX,AMPX,USD,2026-07-02,12.380000114440918,12.380000114440918
AMPX,AMPX,USD,2026-07-06,13.09000015258789,13.09000015258789
AMPX,AMPX,USD,2026-07-07,11.720000267028809,11.720000267028809
AMPX,AMPX,USD,2026-07-08,11.579999923706055,11.579999923706055
AMPX,AMPX,USD,2026-07-09,11.880000114440918,11.880000114440918
AMPX,AMPX,USD,2026-07-10,11.529999732971191,11.529999732971191
AMZN,AMZN,USD,2026-05-20,265.010009765625,265.010009765625
AMZN,AMZN,USD,2026-05-21,268.4599914550781,268.4599914550781
AMZN,AMZN,USD,2026-05-22,266.32000732421875,266.32000732421875
AMZN,AMZN,USD,2026-05-26,265.2900085449219,265.2900085449219
AMZN,AMZN,USD,2026-05-27,271.8500061035156,271.8500061035156
AMZN,AMZN,USD,2026-05-28,274.0,274.0
AMZN,AMZN,USD,2026-05-29,270.6400146484375,270.6400146484375
AMZN,AMZN,USD,2026-06-01,261.260009765625,261.260009765625
AMZN,AMZN,USD,2026-06-02,256.5199890136719,256.5199890136719
AMZN,AMZN,USD,2026-06-03,250.02000427246094,250.02000427246094
AMZN,AMZN,USD,2026-06-04,253.7899932861328,253.7899932861328
AMZN,AMZN,USD,2026-06-05,246.02999877929688,246.02999877929688
AMZN,AMZN,USD,2026-06-08,245.22000122070312,245.22000122070312
AMZN,AMZN,USD,2026-06-09,244.19000244140625,244.19000244140625
AMZN,AMZN,USD,2026-06-10,238.0,238.0
AMZN,AMZN,USD,2026-06-11,241.50999450683594,241.50999450683594
AMZN,AMZN,USD,2026-06-12,238.5500030517578,238.5500030517578
AMZN,AMZN,USD,2026-06-15,246.02000427246094,246.02000427246094
AMZN,AMZN,USD,2026-06-16,246.0,246.0
AMZN,AMZN,USD,2026-06-17,237.5,237.5
AMZN,AMZN,USD,2026-06-18,244.38999938964844,244.38999938964844
AMZN,AMZN,USD,2026-06-22,232.7899932861328,232.7899932861328
AMZN,AMZN,USD,2026-06-23,234.11000061035156,234.11000061035156
AMZN,AMZN,USD,2026-06-24,234.27000427246094,234.27000427246094
AMZN,AMZN,USD,2026-06-25,227.00999450683594,227.00999450683594
AMZN,AMZN,USD,2026-06-26,232.69000244140625,232.69000244140625
AMZN,AMZN,USD,2026-06-29,240.13999938964844,240.13999938964844
AMZN,AMZN,USD,2026-06-30,238.33999633789062,238.33999633789062
AMZN,AMZN,USD,2026-07-01,241.6999969482422,241.6999969482422
AMZN,AMZN,USD,2026-07-02,242.6699981689453,242.6699981689453
AMZN,AMZN,USD,2026-07-06,244.16000366210938,244.16000366210938
AMZN,AMZN,USD,2026-07-07,245.97999572753906,245.97999572753906
AMZN,AMZN,USD,2026-07-08,243.6199951171875,243.6199951171875
AMZN,AMZN,USD,2026-07-09,247.0399932861328,247.0399932861328
AMZN,AMZN,USD,2026-07-10,245.33999633789062,245.33999633789062
ANET,ANET,USD,2026-05-20,140.49000549316406,140.49000549316406
ANET,ANET,USD,2026-05-21,148.58999633789062,148.58999633789062
ANET,ANET,USD,2026-05-22,154.02999877929688,154.02999877929688
ANET,ANET,USD,2026-05-26,158.00999450683594,158.00999450683594
ANET,ANET,USD,2026-05-27,154.30999755859375,154.30999755859375
ANET,ANET,USD,2026-05-28,155.27000427246094,155.27000427246094
ANET,ANET,USD,2026-05-29,159.47000122070312,159.47000122070312
ANET,ANET,USD,2026-06-01,170.67999267578125,170.67999267578125
ANET,ANET,USD,2026-06-02,175.3300018310547,175.3300018310547
ANET,ANET,USD,2026-06-03,174.3699951171875,174.3699951171875
ANET,ANET,USD,2026-06-04,166.00999450683594,166.00999450683594
ANET,ANET,USD,2026-06-05,154.27000427246094,154.27000427246094
ANET,ANET,USD,2026-06-08,156.39999389648438,156.39999389648438
ANET,ANET,USD,2026-06-09,152.16000366210938,152.16000366210938
ANET,ANET,USD,2026-06-10,151.75999450683594,151.75999450683594
ANET,ANET,USD,2026-06-11,156.39999389648438,156.39999389648438
ANET,ANET,USD,2026-06-12,163.24000549316406,163.24000549316406
ANET,ANET,USD,2026-06-15,169.08999633789062,169.08999633789062
ANET,ANET,USD,2026-06-16,168.00999450683594,168.00999450683594
ANET,ANET,USD,2026-06-17,164.92999267578125,164.92999267578125
ANET,ANET,USD,2026-06-18,169.6699981689453,169.6699981689453
ANET,ANET,USD,2026-06-22,174.55999755859375,174.55999755859375
ANET,ANET,USD,2026-06-23,162.1999969482422,162.1999969482422
ANET,ANET,USD,2026-06-24,161.74000549316406,161.74000549316406
ANET,ANET,USD,2026-06-25,165.4499969482422,165.4499969482422
ANET,ANET,USD,2026-06-26,157.60000610351562,157.60000610351562
ANET,ANET,USD,2026-06-29,164.10000610351562,164.10000610351562
ANET,ANET,USD,2026-06-30,169.8800048828125,169.8800048828125
ANET,ANET,USD,2026-07-01,166.6199951171875,166.6199951171875
ANET,ANET,USD,2026-07-02,159.99000549316406,159.99000549316406
ANET,ANET,USD,2026-07-06,173.27999877929688,173.27999877929688
ANET,ANET,USD,2026-07-07,166.4600067138672,166.4600067138672
ANET,ANET,USD,2026-07-08,181.0500030517578,181.0500030517578
ANET,ANET,USD,2026-07-09,184.69000244140625,184.69000244140625
ANET,ANET,USD,2026-07-10,186.9600067138672,186.9600067138672
AOSL,AOSL,USD,2026-05-20,40.599998474121094,40.599998474121094
AOSL,AOSL,USD,2026-05-21,39.11000061035156,39.11000061035156
AOSL,AOSL,USD,2026-05-22,41.720001220703125,41.720001220703125
AOSL,AOSL,USD,2026-05-26,47.88999938964844,47.88999938964844
AOSL,AOSL,USD,2026-05-27,48.86000061035156,48.86000061035156
AOSL,AOSL,USD,2026-05-28,49.34000015258789,49.34000015258789
AOSL,AOSL,USD,2026-05-29,45.349998474121094,45.349998474121094
AOSL,AOSL,USD,2026-06-01,43.880001068115234,43.880001068115234
AOSL,AOSL,USD,2026-06-02,53.31999969482422,53.31999969482422
AOSL,AOSL,USD,2026-06-03,52.720001220703125,52.720001220703125
AOSL,AOSL,USD,2026-06-04,50.25,50.25
AOSL,AOSL,USD,2026-06-05,42.0099983215332,42.0099983215332
AOSL,AOSL,USD,2026-06-08,44.20000076293945,44.20000076293945
AOSL,AOSL,USD,2026-06-09,41.029998779296875,41.029998779296875
AOSL,AOSL,USD,2026-06-10,38.61000061035156,38.61000061035156
AOSL,AOSL,USD,2026-06-11,43.33000183105469,43.33000183105469
AOSL,AOSL,USD,2026-06-12,45.209999084472656,45.209999084472656
AOSL,AOSL,USD,2026-06-15,47.36000061035156,47.36000061035156
AOSL,AOSL,USD,2026-06-16,45.16999816894531,45.16999816894531
AOSL,AOSL,USD,2026-06-17,43.150001525878906,43.150001525878906
AOSL,AOSL,USD,2026-06-18,48.040000915527344,48.040000915527344
AOSL,AOSL,USD,2026-06-22,49.36000061035156,49.36000061035156
AOSL,AOSL,USD,2026-06-23,45.06999969482422,45.06999969482422
AOSL,AOSL,USD,2026-06-24,41.97999954223633,41.97999954223633
AOSL,AOSL,USD,2026-06-25,45.70000076293945,45.70000076293945
AOSL,AOSL,USD,2026-06-26,43.9900016784668,43.9900016784668
AOSL,AOSL,USD,2026-06-29,45.209999084472656,45.209999084472656
AOSL,AOSL,USD,2026-06-30,47.33000183105469,47.33000183105469
AOSL,AOSL,USD,2026-07-01,43.52000045776367,43.52000045776367
AOSL,AOSL,USD,2026-07-02,37.11000061035156,37.11000061035156
AOSL,AOSL,USD,2026-07-06,38.2400016784668,38.2400016784668
AOSL,AOSL,USD,2026-07-07,34.77000045776367,34.77000045776367
AOSL,AOSL,USD,2026-07-08,37.369998931884766,37.369998931884766
AOSL,AOSL,USD,2026-07-09,37.97999954223633,37.97999954223633
AOSL,AOSL,USD,2026-07-10,37.560001373291016,37.560001373291016
APD,APD,USD,2026-05-20,287.4046325683594,289.19000244140625
APD,APD,USD,2026-05-21,288.3984680175781,290.19000244140625
APD,APD,USD,2026-05-22,287.68292236328125,289.4700012207031
APD,APD,USD,2026-05-26,287.8121032714844,289.6000061035156
APD,APD,USD,2026-05-27,283.96600341796875,285.7300109863281
APD,APD,USD,2026-05-28,281.8988342285156,283.6499938964844
APD,APD,USD,2026-05-29,276.89990234375,278.6199951171875
APD,APD,USD,2026-06-01,277.1682434082031,278.8900146484375
APD,APD,USD,2026-06-02,277.5657653808594,279.2900085449219
APD,APD,USD,2026-06-03,280.52734375,282.2699890136719
APD,APD,USD,2026-06-04,281.1037902832031,282.8500061035156
APD,APD,USD,2026-06-05,280.60687255859375,282.3500061035156
APD,APD,USD,2026-06-08,275.0613098144531,276.7699890136719
APD,APD,USD,2026-06-09,281.23297119140625,282.9800109863281
APD,APD,USD,2026-06-10,274.80291748046875,276.510009765625
APD,APD,USD,2026-06-11,276.4029846191406,278.1199951171875
APD,APD,USD,2026-06-12,279.8813781738281,281.6199951171875
APD,APD,USD,2026-06-15,281.2131042480469,282.9599914550781
APD,APD,USD,2026-06-16,278.7484130859375,280.4800109863281
APD,APD,USD,2026-06-17,280.01055908203125,281.75
APD,APD,USD,2026-06-18,278.4800720214844,280.2099914550781
APD,APD,USD,2026-06-22,281.3621520996094,283.1099853515625
APD,APD,USD,2026-06-23,280.7062683105469,282.45001220703125
APD,APD,USD,2026-06-24,277.00921630859375,278.7300109863281
APD,APD,USD,2026-06-25,278.2017822265625,279.92999267578125
APD,APD,USD,2026-06-26,276.07501220703125,277.7900085449219
APD,APD,USD,2026-06-29,269.6747741699219,271.3500061035156
APD,APD,USD,2026-06-30,291.3699951171875,293.17999267578125
APD,APD,USD,2026-07-01,306.3999938964844,306.3999938964844
APD,APD,USD,2026-07-02,314.19000244140625,314.19000244140625
APD,APD,USD,2026-07-06,308.8599853515625,308.8599853515625
APD,APD,USD,2026-07-07,305.04998779296875,305.04998779296875
APD,APD,USD,2026-07-08,296.75,296.75
APD,APD,USD,2026-07-09,295.8500061035156,295.8500061035156
APD,APD,USD,2026-07-10,299.5299987792969,299.5299987792969
APH,APH,USD,2026-05-20,122.86463928222656,123.05000305175781
APH,APH,USD,2026-05-21,124.67191314697266,124.86000061035156
APH,APH,USD,2026-05-22,131.86106872558594,132.05999755859375
APH,APH,USD,2026-05-26,139.34976196289062,139.55999755859375
APH,APH,USD,2026-05-27,140.02874755859375,140.24000549316406
APH,APH,USD,2026-05-28,147.45753479003906,147.67999267578125
APH,APH,USD,2026-05-29,148.53590393066406,148.75999450683594
APH,APH,USD,2026-06-01,146.1195526123047,146.33999633789062
APH,APH,USD,2026-06-02,148.17645263671875,148.39999389648438
APH,APH,USD,2026-06-03,147.3976287841797,147.6199951171875
APH,APH,USD,2026-06-04,146.5489044189453,146.77000427246094
APH,APH,USD,2026-06-05,138.60089111328125,138.80999755859375
APH,APH,USD,2026-06-08,143.38368225097656,143.60000610351562
APH,APH,USD,2026-06-09,153.83792114257812,154.07000732421875
APH,APH,USD,2026-06-10,148.99522399902344,149.22000122070312
APH,APH,USD,2026-06-11,152.2303466796875,152.4600067138672
APH,APH,USD,2026-06-12,153.5683135986328,153.8000030517578
APH,APH,USD,2026-06-15,158.35110473632812,158.58999633789062
APH,APH,USD,2026-06-16,158.57077026367188,158.80999755859375
APH,APH,USD,2026-06-17,160.8673095703125,161.11000061035156
APH,APH,USD,2026-06-18,163.7130126953125,163.9600067138672
APH,APH,USD,2026-06-22,165.7100067138672,165.9600067138672
APH,APH,USD,2026-06-23,158.6999969482422,158.6999969482422
APH,APH,USD,2026-06-24,162.77999877929688,162.77999877929688
APH,APH,USD,2026-06-25,165.14999389648438,165.14999389648438
APH,APH,USD,2026-06-26,163.72000122070312,163.72000122070312
APH,APH,USD,2026-06-29,166.4199981689453,166.4199981689453
APH,APH,USD,2026-06-30,176.32000732421875,176.32000732421875
APH,APH,USD,2026-07-01,172.22000122070312,172.22000122070312
APH,APH,USD,2026-07-02,164.58999633789062,164.58999633789062
APH,APH,USD,2026-07-06,166.80999755859375,166.80999755859375
APH,APH,USD,2026-07-07,158.61000061035156,158.61000061035156
APH,APH,USD,2026-07-08,158.22000122070312,158.22000122070312
APH,APH,USD,2026-07-09,162.24000549316406,162.24000549316406
APH,APH,USD,2026-07-10,159.05999755859375,159.05999755859375
APLD,APLD,USD,2026-05-20,39.52000045776367,39.52000045776367
APLD,APLD,USD,2026-05-21,48.02000045776367,48.02000045776367
APLD,APLD,USD,2026-05-22,45.869998931884766,45.869998931884766
APLD,APLD,USD,2026-05-26,45.13999938964844,45.13999938964844
APLD,APLD,USD,2026-05-27,48.97999954223633,48.97999954223633
APLD,APLD,USD,2026-05-28,49.650001525878906,49.650001525878906
APLD,APLD,USD,2026-05-29,47.279998779296875,47.279998779296875
APLD,APLD,USD,2026-06-01,47.939998626708984,47.939998626708984
APLD,APLD,USD,2026-06-02,47.86000061035156,47.86000061035156
APLD,APLD,USD,2026-06-03,44.709999084472656,44.709999084472656
APLD,APLD,USD,2026-06-04,44.150001525878906,44.150001525878906
APLD,APLD,USD,2026-06-05,39.619998931884766,39.619998931884766
APLD,APLD,USD,2026-06-08,40.94499969482422,40.94499969482422
APLD,APLD,USD,2026-06-09,41.90999984741211,41.90999984741211
APLD,APLD,USD,2026-06-10,38.91999816894531,38.91999816894531
APLD,APLD,USD,2026-06-11,41.470001220703125,41.470001220703125
APLD,APLD,USD,2026-06-12,42.70000076293945,42.70000076293945
APLD,APLD,USD,2026-06-15,46.470001220703125,46.470001220703125
APLD,APLD,USD,2026-06-16,46.27000045776367,46.27000045776367
APLD,APLD,USD,2026-06-17,45.56999969482422,45.56999969482422
APLD,APLD,USD,2026-06-18,46.59000015258789,46.59000015258789
APLD,APLD,USD,2026-06-22,45.20000076293945,45.20000076293945
APLD,APLD,USD,2026-06-23,45.27000045776367,45.27000045776367
APLD,APLD,USD,2026-06-24,41.97999954223633,41.97999954223633
APLD,APLD,USD,2026-06-25,40.95000076293945,40.95000076293945
APLD,APLD,USD,2026-06-26,39.15999984741211,39.15999984741211
APLD,APLD,USD,2026-06-29,37.77000045776367,37.77000045776367
APLD,APLD,USD,2026-06-30,37.29999923706055,37.29999923706055
APLD,APLD,USD,2026-07-01,35.52000045776367,35.52000045776367
APLD,APLD,USD,2026-07-02,33.060001373291016,33.060001373291016
APLD,APLD,USD,2026-07-06,33.5,33.5
APLD,APLD,USD,2026-07-07,30.709999084472656,30.709999084472656
APLD,APLD,USD,2026-07-08,31.440000534057617,31.440000534057617
APLD,APLD,USD,2026-07-09,32.290000915527344,32.290000915527344
APLD,APLD,USD,2026-07-10,31.149999618530273,31.149999618530273
ARM,ARM,USD,2026-05-20,256.7300109863281,256.7300109863281
ARM,ARM,USD,2026-05-21,298.2300109863281,298.2300109863281
ARM,ARM,USD,2026-05-22,306.510009765625,306.510009765625
ARM,ARM,USD,2026-05-26,321.2200012207031,321.2200012207031
ARM,ARM,USD,2026-05-27,302.7099914550781,302.7099914550781
ARM,ARM,USD,2026-05-28,335.2699890136719,335.2699890136719
ARM,ARM,USD,2026-05-29,353.2900085449219,353.2900085449219
ARM,ARM,USD,2026-06-01,408.8500061035156,408.8500061035156
ARM,ARM,USD,2026-06-02,402.7099914550781,402.7099914550781
ARM,ARM,USD,2026-06-03,411.8299865722656,411.8299865722656
ARM,ARM,USD,2026-06-04,393.44000244140625,393.44000244140625
ARM,ARM,USD,2026-06-05,342.92999267578125,342.92999267578125
ARM,ARM,USD,2026-06-08,346.3900146484375,346.3900146484375
ARM,ARM,USD,2026-06-09,324.8599853515625,324.8599853515625
ARM,ARM,USD,2026-06-10,307.42999267578125,307.42999267578125
ARM,ARM,USD,2026-06-11,342.2300109863281,342.2300109863281
ARM,ARM,USD,2026-06-12,380.80999755859375,380.80999755859375
ARM,ARM,USD,2026-06-15,412.54998779296875,412.54998779296875
ARM,ARM,USD,2026-06-16,396.3399963378906,396.3399963378906
ARM,ARM,USD,2026-06-17,418.8800048828125,418.8800048828125
ARM,ARM,USD,2026-06-18,439.4599914550781,439.4599914550781
ARM,ARM,USD,2026-06-22,407.7200012207031,407.7200012207031
ARM,ARM,USD,2026-06-23,366.3900146484375,366.3900146484375
ARM,ARM,USD,2026-06-24,359.0799865722656,359.0799865722656
ARM,ARM,USD,2026-06-25,347.7099914550781,347.7099914550781
ARM,ARM,USD,2026-06-26,334.2699890136719,334.2699890136719
ARM,ARM,USD,2026-06-29,343.5799865722656,343.5799865722656
ARM,ARM,USD,2026-06-30,354.57000732421875,354.57000732421875
ARM,ARM,USD,2026-07-01,337.4700012207031,337.4700012207031
ARM,ARM,USD,2026-07-02,315.2799987792969,315.2799987792969
ARM,ARM,USD,2026-07-06,322.239990234375,322.239990234375
ARM,ARM,USD,2026-07-07,300.42999267578125,300.42999267578125
ARM,ARM,USD,2026-07-08,300.239990234375,300.239990234375
ARM,ARM,USD,2026-07-09,327.8699951171875,327.8699951171875
ARM,ARM,USD,2026-07-10,323.3900146484375,323.3900146484375
ASGLY,ASGLY,USD,2026-05-20,7.829999923706055,7.829999923706055
ASGLY,ASGLY,USD,2026-05-21,7.75,7.75
ASGLY,ASGLY,USD,2026-05-22,8.130000114440918,8.130000114440918
ASGLY,ASGLY,USD,2026-05-26,8.850000381469727,8.850000381469727
ASGLY,ASGLY,USD,2026-05-27,8.75,8.75
ASGLY,ASGLY,USD,2026-05-28,8.630000114440918,8.630000114440918
ASGLY,ASGLY,USD,2026-05-29,8.649999618530273,8.649999618530273
ASGLY,ASGLY,USD,2026-06-01,8.739999771118164,8.739999771118164
ASGLY,ASGLY,USD,2026-06-02,9.569999694824219,9.569999694824219
ASGLY,ASGLY,USD,2026-06-03,10.15999984741211,10.15999984741211
ASGLY,ASGLY,USD,2026-06-04,10.15999984741211,10.15999984741211
ASGLY,ASGLY,USD,2026-06-05,9.5,9.5
ASGLY,ASGLY,USD,2026-06-08,9.069999694824219,9.069999694824219
ASGLY,ASGLY,USD,2026-06-09,8.789999961853027,8.789999961853027
ASGLY,ASGLY,USD,2026-06-10,9.0,9.0
ASGLY,ASGLY,USD,2026-06-11,8.65999984741211,8.65999984741211
ASGLY,ASGLY,USD,2026-06-12,8.90999984741211,8.90999984741211
ASGLY,ASGLY,USD,2026-06-15,9.359999656677246,9.359999656677246
ASGLY,ASGLY,USD,2026-06-16,9.229999542236328,9.229999542236328
ASGLY,ASGLY,USD,2026-06-17,9.029999732971191,9.029999732971191
ASGLY,ASGLY,USD,2026-06-18,9.140000343322754,9.140000343322754
ASGLY,ASGLY,USD,2026-06-22,9.510000228881836,9.510000228881836
ASGLY,ASGLY,USD,2026-06-23,9.109999656677246,9.109999656677246
ASGLY,ASGLY,USD,2026-06-24,9.229999542236328,9.229999542236328
ASGLY,ASGLY,USD,2026-06-25,8.819999694824219,8.819999694824219
ASGLY,ASGLY,USD,2026-06-26,9.180000305175781,9.180000305175781
ASGLY,ASGLY,USD,2026-06-29,8.630000114440918,8.630000114440918
ASGLY,ASGLY,USD,2026-06-30,8.300000190734863,8.300000190734863
ASGLY,ASGLY,USD,2026-07-01,8.65999984741211,8.65999984741211
ASGLY,ASGLY,USD,2026-07-02,8.399999618530273,8.399999618530273
ASGLY,ASGLY,USD,2026-07-06,8.260000228881836,8.260000228881836
ASGLY,ASGLY,USD,2026-07-07,8.149999618530273,8.149999618530273
ASGLY,ASGLY,USD,2026-07-08,8.119999885559082,8.119999885559082
ASGLY,ASGLY,USD,2026-07-09,7.869999885559082,7.869999885559082
ASGLY,ASGLY,USD,2026-07-10,7.71999979019165,7.71999979019165
ASMIY,ASMIY,USD,2026-05-20,1000.0,1000.0
ASMIY,ASMIY,USD,2026-05-21,1024.1300048828125,1024.1300048828125
ASMIY,ASMIY,USD,2026-05-22,1043.27001953125,1043.27001953125
ASMIY,ASMIY,USD,2026-05-26,1044.8699951171875,1044.8699951171875
ASMIY,ASMIY,USD,2026-05-27,1044.8299560546875,1044.8299560546875
ASMIY,ASMIY,USD,2026-05-28,1035.739990234375,1035.739990234375
ASMIY,ASMIY,USD,2026-05-29,1044.0,1044.0
ASMIY,ASMIY,USD,2026-06-01,1013.0050048828125,1013.0050048828125
ASMIY,ASMIY,USD,2026-06-02,1037.719970703125,1037.719970703125
ASMIY,ASMIY,USD,2026-06-03,1042.0,1042.0
ASMIY,ASMIY,USD,2026-06-04,1038.1800537109375,1038.1800537109375
ASMIY,ASMIY,USD,2026-06-05,979.8599853515625,979.8599853515625
ASMIY,ASMIY,USD,2026-06-08,1018.1599731445312,1018.1599731445312
ASMIY,ASMIY,USD,2026-06-09,1040.77001953125,1040.77001953125
ASMIY,ASMIY,USD,2026-06-10,1043.469970703125,1043.469970703125
ASMIY,ASMIY,USD,2026-06-11,1165.9150390625,1165.9150390625
ASMIY,ASMIY,USD,2026-06-12,1164.260009765625,1164.260009765625
ASMIY,ASMIY,USD,2026-06-15,1190.239990234375,1190.239990234375
ASMIY,ASMIY,USD,2026-06-16,1139.199951171875,1139.199951171875
ASMIY,ASMIY,USD,2026-06-17,1183.1199951171875,1183.1199951171875
ASMIY,ASMIY,USD,2026-06-18,1236.3399658203125,1236.3399658203125
ASMIY,ASMIY,USD,2026-06-22,1243.5,1243.5
ASMIY,ASMIY,USD,2026-06-23,1130.6600341796875,1130.6600341796875
ASMIY,ASMIY,USD,2026-06-24,1100.510009765625,1100.510009765625
ASMIY,ASMIY,USD,2026-06-25,1147.1099853515625,1147.1099853515625
ASMIY,ASMIY,USD,2026-06-26,1083.6500244140625,1083.6500244140625
ASMIY,ASMIY,USD,2026-06-29,1130.6199951171875,1130.6199951171875
ASMIY,ASMIY,USD,2026-06-30,1148.8599853515625,1148.8599853515625
ASMIY,ASMIY,USD,2026-07-01,1118.1099853515625,1118.1099853515625
ASMIY,ASMIY,USD,2026-07-02,1050.199951171875,1050.199951171875
ASMIY,ASMIY,USD,2026-07-06,1093.0,1093.0
ASMIY,ASMIY,USD,2026-07-07,1031.8800048828125,1031.8800048828125
ASMIY,ASMIY,USD,2026-07-08,1021.72998046875,1021.72998046875
ASMIY,ASMIY,USD,2026-07-09,1044.1199951171875,1044.1199951171875
ASMIY,ASMIY,USD,2026-07-10,1033.800048828125,1033.800048828125
ASML,ASML,USD,2026-05-20,1550.1300048828125,1550.1300048828125
ASML,ASML,USD,2026-05-21,1592.0,1592.0
ASML,ASML,USD,2026-05-22,1632.9000244140625,1632.9000244140625
ASML,ASML,USD,2026-05-26,1632.030029296875,1632.030029296875
ASML,ASML,USD,2026-05-27,1597.8699951171875,1597.8699951171875
ASML,ASML,USD,2026-05-28,1605.77001953125,1605.77001953125
ASML,ASML,USD,2026-05-29,1612.760009765625,1612.760009765625
ASML,ASML,USD,2026-06-01,1628.5699462890625,1628.5699462890625
ASML,ASML,USD,2026-06-02,1705.3699951171875,1705.3699951171875
ASML,ASML,USD,2026-06-03,1726.3599853515625,1726.3599853515625
ASML,ASML,USD,2026-06-04,1757.469970703125,1757.469970703125
ASML,ASML,USD,2026-06-05,1641.739990234375,1641.739990234375
ASML,ASML,USD,2026-06-08,1749.0400390625,1749.0400390625
ASML,ASML,USD,2026-06-09,1777.77001953125,1777.77001953125
ASML,ASML,USD,2026-06-10,1734.18994140625,1734.18994140625
ASML,ASML,USD,2026-06-11,1899.47998046875,1899.47998046875
ASML,ASML,USD,2026-06-12,1863.550048828125,1863.550048828125
ASML,ASML,USD,2026-06-15,1892.6600341796875,1892.6600341796875
ASML,ASML,USD,2026-06-16,1803.8900146484375,1803.8900146484375
ASML,ASML,USD,2026-06-17,1867.8299560546875,1867.8299560546875
ASML,ASML,USD,2026-06-18,1929.6800537109375,1929.6800537109375
ASML,ASML,USD,2026-06-22,1929.25,1929.25
ASML,ASML,USD,2026-06-23,1778.4599609375,1778.4599609375
ASML,ASML,USD,2026-06-24,1762.77001953125,1762.77001953125
ASML,ASML,USD,2026-06-25,1841.1800537109375,1841.1800537109375
ASML,ASML,USD,2026-06-26,1794.6199951171875,1794.6199951171875
ASML,ASML,USD,2026-06-29,1883.1099853515625,1883.1099853515625
ASML,ASML,USD,2026-06-30,1989.43994140625,1989.43994140625
ASML,ASML,USD,2026-07-01,1843.0400390625,1843.0400390625
ASML,ASML,USD,2026-07-02,1769.3199462890625,1769.3199462890625
ASML,ASML,USD,2026-07-06,1825.0699462890625,1825.0699462890625
ASML,ASML,USD,2026-07-07,1747.280029296875,1747.280029296875
ASML,ASML,USD,2026-07-08,1768.6500244140625,1768.6500244140625
ASML,ASML,USD,2026-07-09,1804.25,1804.25
ASML,ASML,USD,2026-07-10,1797.3199462890625,1797.3199462890625
ASMVY,ASMVY,USD,2026-05-20,68.94999694824219,68.94999694824219
ASMVY,ASMVY,USD,2026-05-21,66.97000122070312,66.97000122070312
ASMVY,ASMVY,USD,2026-05-22,70.37000274658203,70.37000274658203
ASMVY,ASMVY,USD,2026-05-26,78.78500366210938,78.78500366210938
ASMVY,ASMVY,USD,2026-05-27,77.7699966430664,77.7699966430664
ASMVY,ASMVY,USD,2026-05-28,77.44999694824219,77.44999694824219
ASMVY,ASMVY,USD,2026-05-29,74.48999786376953,74.48999786376953
ASMVY,ASMVY,USD,2026-06-01,71.62000274658203,71.62000274658203
ASMVY,ASMVY,USD,2026-06-02,71.12000274658203,71.12000274658203
ASMVY,ASMVY,USD,2026-06-03,71.05999755859375,71.05999755859375
ASMVY,ASMVY,USD,2026-06-04,70.2750015258789,70.2750015258789
ASMVY,ASMVY,USD,2026-06-05,66.0,66.0
ASMVY,ASMVY,USD,2026-06-08,65.63999938964844,65.63999938964844
ASMVY,ASMVY,USD,2026-06-09,69.79000091552734,69.79000091552734
ASMVY,ASMVY,USD,2026-06-10,66.87999725341797,66.87999725341797
ASMVY,ASMVY,USD,2026-06-11,70.7300033569336,70.7300033569336
ASMVY,ASMVY,USD,2026-06-12,70.08000183105469,70.08000183105469
ASMVY,ASMVY,USD,2026-06-15,78.0199966430664,78.0199966430664
ASMVY,ASMVY,USD,2026-06-16,73.91000366210938,73.91000366210938
ASMVY,ASMVY,USD,2026-06-17,79.4800033569336,79.4800033569336
ASMVY,ASMVY,USD,2026-06-18,80.45999908447266,80.45999908447266
ASMVY,ASMVY,USD,2026-06-22,79.95500183105469,79.95500183105469
ASMVY,ASMVY,USD,2026-06-23,74.57499694824219,74.57499694824219
ASMVY,ASMVY,USD,2026-06-24,76.0,76.0
ASMVY,ASMVY,USD,2026-06-25,78.13999938964844,78.13999938964844
ASMVY,ASMVY,USD,2026-06-26,75.72000122070312,75.72000122070312
ASMVY,ASMVY,USD,2026-06-29,83.88999938964844,83.88999938964844
ASMVY,ASMVY,USD,2026-06-30,93.4000015258789,93.4000015258789
ASMVY,ASMVY,USD,2026-07-01,92.11900329589844,92.11900329589844
ASMVY,ASMVY,USD,2026-07-02,73.66999816894531,73.66999816894531
ASMVY,ASMVY,USD,2026-07-06,75.05000305175781,75.05000305175781
ASMVY,ASMVY,USD,2026-07-07,72.5999984741211,72.5999984741211
ASMVY,ASMVY,USD,2026-07-08,71.22000122070312,71.22000122070312
ASMVY,ASMVY,USD,2026-07-09,76.55999755859375,76.55999755859375
ASMVY,ASMVY,USD,2026-07-10,72.04000091552734,72.04000091552734
ASX,ASX,USD,2026-05-20,31.374387741088867,31.690000534057617
ASX,ASX,USD,2026-05-21,32.31492614746094,32.63999938964844
ASX,ASX,USD,2026-05-22,34.463314056396484,34.810001373291016
ASX,ASX,USD,2026-05-26,38.56208038330078,38.95000076293945
ASX,ASX,USD,2026-05-27,38.680885314941406,39.06999969482422
ASX,ASX,USD,2026-05-28,40.195648193359375,40.599998474121094
ASX,ASX,USD,2026-05-29,37.968055725097656,38.349998474121094
ASX,ASX,USD,2026-06-01,37.78984832763672,38.16999816894531
ASX,ASX,USD,2026-06-02,38.86899185180664,39.2599983215332
ASX,ASX,USD,2026-06-03,39.51251983642578,39.90999984741211
ASX,ASX,USD,2026-06-04,38.01755905151367,38.400001525878906
ASX,ASX,USD,2026-06-05,33.69108200073242,34.029998779296875
ASX,ASX,USD,2026-06-08,35.16624069213867,35.52000045776367
ASX,ASX,USD,2026-06-09,34.73062515258789,35.08000183105469
ASX,ASX,USD,2026-06-10,33.95839309692383,34.29999923706055
ASX,ASX,USD,2026-06-11,36.433494567871094,36.79999923706055
ASX,ASX,USD,2026-06-12,37.7403450012207,38.119998931884766
ASX,ASX,USD,2026-06-15,38.11656188964844,38.5
ASX,ASX,USD,2026-06-16,36.47309494018555,36.84000015258789
ASX,ASX,USD,2026-06-17,37.06711959838867,37.439998626708984
ASX,ASX,USD,2026-06-18,40.15604782104492,40.560001373291016
ASX,ASX,USD,2026-06-22,43.185569763183594,43.619998931884766
ASX,ASX,USD,2026-06-23,39.37391662597656,39.77000045776367
ASX,ASX,USD,2026-06-24,40.928279876708984,41.34000015258789
ASX,ASX,USD,2026-06-25,41.433197021484375,41.849998474121094
ASX,ASX,USD,2026-06-26,39.809532165527344,40.209999084472656
ASX,ASX,USD,2026-06-29,41.710411071777344,42.130001068115234
ASX,ASX,USD,2026-06-30,44.670631408691406,45.119998931884766
ASX,ASX,USD,2026-07-01,42.56184768676758,42.9900016784668
ASX,ASX,USD,2026-07-02,41.452999114990234,41.869998931884766
ASX,ASX,USD,2026-07-06,43.31999969482422,43.31999969482422
ASX,ASX,USD,2026-07-07,39.650001525878906,39.650001525878906
ASX,ASX,USD,2026-07-08,39.93000030517578,39.93000030517578
ASX,ASX,USD,2026-07-09,43.25,43.25
ASX,ASX,USD,2026-07-10,42.65999984741211,42.65999984741211
ATEYY,ATEYY,USD,2026-05-20,169.77000427246094,169.77000427246094
ATEYY,ATEYY,USD,2026-05-21,172.6300048828125,172.6300048828125
ATEYY,ATEYY,USD,2026-05-22,169.42999267578125,169.42999267578125
ATEYY,ATEYY,USD,2026-05-26,169.1199951171875,169.1199951171875
ATEYY,ATEYY,USD,2026-05-27,169.9499969482422,169.9499969482422
ATEYY,ATEYY,USD,2026-05-28,171.8000030517578,171.8000030517578
ATEYY,ATEYY,USD,2026-05-29,165.64999389648438,165.64999389648438
ATEYY,ATEYY,USD,2026-06-01,164.4199981689453,164.4199981689453
ATEYY,ATEYY,USD,2026-06-02,169.82000732421875,169.82000732421875
ATEYY,ATEYY,USD,2026-06-03,174.8000030517578,174.8000030517578
ATEYY,ATEYY,USD,2026-06-04,177.0,177.0
ATEYY,ATEYY,USD,2026-06-05,153.50999450683594,153.50999450683594
ATEYY,ATEYY,USD,2026-06-08,165.50999450683594,165.50999450683594
ATEYY,ATEYY,USD,2026-06-09,159.8800048828125,159.8800048828125
ATEYY,ATEYY,USD,2026-06-10,144.72000122070312,144.72000122070312
ATEYY,ATEYY,USD,2026-06-11,168.05999755859375,168.05999755859375
ATEYY,ATEYY,USD,2026-06-12,175.0,175.0
ATEYY,ATEYY,USD,2026-06-15,186.35000610351562,186.35000610351562
ATEYY,ATEYY,USD,2026-06-16,185.91000366210938,185.91000366210938
ATEYY,ATEYY,USD,2026-06-17,187.42999267578125,187.42999267578125
ATEYY,ATEYY,USD,2026-06-18,194.99000549316406,194.99000549316406
ATEYY,ATEYY,USD,2026-06-22,201.7899932861328,201.7899932861328
ATEYY,ATEYY,USD,2026-06-23,190.4499969482422,190.4499969482422
ATEYY,ATEYY,USD,2026-06-24,192.75,192.75
ATEYY,ATEYY,USD,2026-06-25,216.24000549316406,216.24000549316406
ATEYY,ATEYY,USD,2026-06-26,200.74000549316406,200.74000549316406
ATEYY,ATEYY,USD,2026-06-29,206.6699981689453,206.6699981689453
ATEYY,ATEYY,USD,2026-06-30,208.05999755859375,208.05999755859375
ATEYY,ATEYY,USD,2026-07-01,185.0,185.0
ATEYY,ATEYY,USD,2026-07-02,176.6999969482422,176.6999969482422
ATEYY,ATEYY,USD,2026-07-06,186.42999267578125,186.42999267578125
ATEYY,ATEYY,USD,2026-07-07,176.0,176.0
ATEYY,ATEYY,USD,2026-07-08,177.39999389648438,177.39999389648438
ATEYY,ATEYY,USD,2026-07-09,186.67999267578125,186.67999267578125
ATEYY,ATEYY,USD,2026-07-10,186.30999755859375,186.30999755859375
ATKR,ATKR,USD,2026-05-20,75.37999725341797,75.37999725341797
ATKR,ATKR,USD,2026-05-21,76.18000030517578,76.18000030517578
ATKR,ATKR,USD,2026-05-22,84.75,84.75
ATKR,ATKR,USD,2026-05-26,85.41000366210938,85.41000366210938
ATKR,ATKR,USD,2026-05-27,82.23999786376953,82.23999786376953
ATKR,ATKR,USD,2026-05-28,82.05999755859375,82.05999755859375
ATKR,ATKR,USD,2026-05-29,82.80999755859375,82.80999755859375
ATKR,ATKR,USD,2026-06-01,81.91000366210938,81.91000366210938
ATKR,ATKR,USD,2026-06-02,84.16000366210938,84.16000366210938
ATKR,ATKR,USD,2026-06-03,85.0199966430664,85.0199966430664
ATKR,ATKR,USD,2026-06-04,84.93000030517578,84.93000030517578
ATKR,ATKR,USD,2026-06-05,80.61000061035156,80.61000061035156
ATKR,ATKR,USD,2026-06-08,80.08999633789062,80.08999633789062
ATKR,ATKR,USD,2026-06-09,80.77999877929688,80.77999877929688
ATKR,ATKR,USD,2026-06-10,76.12000274658203,76.12000274658203
ATKR,ATKR,USD,2026-06-11,78.98999786376953,78.98999786376953
ATKR,ATKR,USD,2026-06-12,79.2699966430664,79.2699966430664
ATKR,ATKR,USD,2026-06-15,79.25,79.25
ATKR,ATKR,USD,2026-06-16,78.86000061035156,78.86000061035156
ATKR,ATKR,USD,2026-06-17,76.83999633789062,76.83999633789062
ATKR,ATKR,USD,2026-06-18,81.16999816894531,81.16999816894531
ATKR,ATKR,USD,2026-06-22,81.94999694824219,81.94999694824219
ATKR,ATKR,USD,2026-06-23,77.81999969482422,77.81999969482422
ATKR,ATKR,USD,2026-06-24,77.88999938964844,77.88999938964844
ATKR,ATKR,USD,2026-06-25,79.95999908447266,79.95999908447266
ATKR,ATKR,USD,2026-06-26,77.83000183105469,77.83000183105469
ATKR,ATKR,USD,2026-06-29,75.12999725341797,75.12999725341797
ATKR,ATKR,USD,2026-06-30,76.04000091552734,76.04000091552734
ATKR,ATKR,USD,2026-07-01,72.43000030517578,72.43000030517578
ATKR,ATKR,USD,2026-07-02,69.20999908447266,69.20999908447266
ATKR,ATKR,USD,2026-07-06,70.44999694824219,70.44999694824219
ATKR,ATKR,USD,2026-07-07,69.26000213623047,69.26000213623047
ATKR,ATKR,USD,2026-07-08,68.91999816894531,68.91999816894531
ATKR,ATKR,USD,2026-07-09,70.5999984741211,70.5999984741211
ATKR,ATKR,USD,2026-07-10,72.23999786376953,72.23999786376953
AVGO,AVGO,USD,2026-05-20,417.0998840332031,417.760009765625
AVGO,AVGO,USD,2026-05-21,413.9149169921875,414.57000732421875
AVGO,AVGO,USD,2026-05-22,413.485595703125,414.1400146484375
AVGO,AVGO,USD,2026-05-26,421.3431701660156,422.010009765625
AVGO,AVGO,USD,2026-05-27,421.193359375,421.8599853515625
AVGO,AVGO,USD,2026-05-28,425.9059143066406,426.5799865722656
AVGO,AVGO,USD,2026-05-29,446.06402587890625,446.7699890136719
AVGO,AVGO,USD,2026-06-01,459.2431640625,459.9700012207031
AVGO,AVGO,USD,2026-06-02,480.8090515136719,481.57000732421875
AVGO,AVGO,USD,2026-06-03,478.4727478027344,479.2300109863281
AVGO,AVGO,USD,2026-06-04,418.248046875,418.9100036621094
AVGO,AVGO,USD,2026-06-05,385.1204833984375,385.7300109863281
AVGO,AVGO,USD,2026-06-08,395.9732971191406,396.6000061035156
AVGO,AVGO,USD,2026-06-09,391.5403137207031,392.1600036621094
AVGO,AVGO,USD,2026-06-10,371.51202392578125,372.1000061035156
AVGO,AVGO,USD,2026-06-11,384.9607238769531,385.57000732421875
AVGO,AVGO,USD,2026-06-12,381.4662780761719,382.07000732421875
AVGO,AVGO,USD,2026-06-15,393.3175048828125,393.94000244140625
AVGO,AVGO,USD,2026-06-16,376.1147155761719,376.7099914550781
AVGO,AVGO,USD,2026-06-17,392.2791442871094,392.8999938964844
AVGO,AVGO,USD,2026-06-18,410.70001220703125,411.3500061035156
AVGO,AVGO,USD,2026-06-22,392.1300048828125,392.1300048828125
AVGO,AVGO,USD,2026-06-23,380.1499938964844,380.1499938964844
AVGO,AVGO,USD,2026-06-24,382.07000732421875,382.07000732421875
AVGO,AVGO,USD,2026-06-25,378.9100036621094,378.9100036621094
AVGO,AVGO,USD,2026-06-26,365.0199890136719,365.0199890136719
AVGO,AVGO,USD,2026-06-29,372.45001220703125,372.45001220703125
AVGO,AVGO,USD,2026-06-30,377.75,377.75
AVGO,AVGO,USD,2026-07-01,369.3399963378906,369.3399963378906
AVGO,AVGO,USD,2026-07-02,360.45001220703125,360.45001220703125
AVGO,AVGO,USD,2026-07-06,373.8999938964844,373.8999938964844
AVGO,AVGO,USD,2026-07-07,370.7799987792969,370.7799987792969
AVGO,AVGO,USD,2026-07-08,388.69000244140625,388.69000244140625
AVGO,AVGO,USD,2026-07-09,401.1099853515625,401.1099853515625
AVGO,AVGO,USD,2026-07-10,399.9700012207031,399.9700012207031
AXTI,AXTI,USD,2026-05-20,104.61000061035156,104.61000061035156
AXTI,AXTI,USD,2026-05-21,121.0199966430664,121.0199966430664
AXTI,AXTI,USD,2026-05-22,140.8300018310547,140.8300018310547
AXTI,AXTI,USD,2026-05-26,132.60000610351562,132.60000610351562
AXTI,AXTI,USD,2026-05-27,122.7699966430664,122.7699966430664
AXTI,AXTI,USD,2026-05-28,115.69999694824219,115.69999694824219
AXTI,AXTI,USD,2026-05-29,103.16000366210938,103.16000366210938
AXTI,AXTI,USD,2026-06-01,109.55000305175781,109.55000305175781
AXTI,AXTI,USD,2026-06-02,110.8499984741211,110.8499984741211
AXTI,AXTI,USD,2026-06-03,106.69999694824219,106.69999694824219
AXTI,AXTI,USD,2026-06-04,105.98999786376953,105.98999786376953
AXTI,AXTI,USD,2026-06-05,89.04000091552734,89.04000091552734
AXTI,AXTI,USD,2026-06-08,90.77999877929688,90.77999877929688
AXTI,AXTI,USD,2026-06-09,78.36000061035156,78.36000061035156
AXTI,AXTI,USD,2026-06-10,85.29000091552734,85.29000091552734
AXTI,AXTI,USD,2026-06-11,88.33999633789062,88.33999633789062
AXTI,AXTI,USD,2026-06-12,97.18000030517578,97.18000030517578
AXTI,AXTI,USD,2026-06-15,110.73999786376953,110.73999786376953
AXTI,AXTI,USD,2026-06-16,93.04000091552734,93.04000091552734
AXTI,AXTI,USD,2026-06-17,92.11000061035156,92.11000061035156
AXTI,AXTI,USD,2026-06-18,84.56999969482422,84.56999969482422
AXTI,AXTI,USD,2026-06-22,92.44000244140625,92.44000244140625
AXTI,AXTI,USD,2026-06-23,77.91000366210938,77.91000366210938
AXTI,AXTI,USD,2026-06-24,70.13999938964844,70.13999938964844
AXTI,AXTI,USD,2026-06-25,69.05999755859375,69.05999755859375
AXTI,AXTI,USD,2026-06-26,70.1500015258789,70.1500015258789
AXTI,AXTI,USD,2026-06-29,71.45999908447266,71.45999908447266
AXTI,AXTI,USD,2026-06-30,72.08000183105469,72.08000183105469
AXTI,AXTI,USD,2026-07-01,65.02999877929688,65.02999877929688
AXTI,AXTI,USD,2026-07-02,56.619998931884766,56.619998931884766
AXTI,AXTI,USD,2026-07-06,63.52000045776367,63.52000045776367
AXTI,AXTI,USD,2026-07-07,58.150001525878906,58.150001525878906
AXTI,AXTI,USD,2026-07-08,60.119998931884766,60.119998931884766
AXTI,AXTI,USD,2026-07-09,62.54999923706055,62.54999923706055
AXTI,AXTI,USD,2026-07-10,57.209999084472656,57.209999084472656
BABA,BABA,USD,2026-05-20,133.24627685546875,134.47000122070312
BABA,BABA,USD,2026-05-21,130.27357482910156,131.47000122070312
BABA,BABA,USD,2026-05-22,128.81695556640625,130.0
BABA,BABA,USD,2026-05-26,128.29177856445312,129.47000122070312
BABA,BABA,USD,2026-05-27,126.59733581542969,127.76000213623047
BABA,BABA,USD,2026-05-28,125.01190185546875,126.16000366210938
BABA,BABA,USD,2026-05-29,123.08955383300781,124.22000122070312
BABA,BABA,USD,2026-06-01,124.2588119506836,125.4000015258789
BABA,BABA,USD,2026-06-02,129.62950134277344,130.82000732421875
BABA,BABA,USD,2026-06-03,126.05233764648438,127.20999908447266
BABA,BABA,USD,2026-06-04,124.80380249023438,125.94999694824219
BABA,BABA,USD,2026-06-05,119.95830535888672,121.05999755859375
BABA,BABA,USD,2026-06-08,118.9773178100586,120.06999969482422
BABA,BABA,USD,2026-06-09,118.61067962646484,119.69999694824219
BABA,BABA,USD,2026-06-10,114.32999420166016,115.37999725341797
BABA,BABA,USD,2026-06-11,112.69000244140625,112.69000244140625
BABA,BABA,USD,2026-06-12,112.81999969482422,112.81999969482422
BABA,BABA,USD,2026-06-15,112.55000305175781,112.55000305175781
BABA,BABA,USD,2026-06-16,110.97000122070312,110.97000122070312
BABA,BABA,USD,2026-06-17,107.44000244140625,107.44000244140625
BABA,BABA,USD,2026-06-18,107.0999984741211,107.0999984741211
BABA,BABA,USD,2026-06-22,104.97000122070312,104.97000122070312
BABA,BABA,USD,2026-06-23,102.5999984741211,102.5999984741211
BABA,BABA,USD,2026-06-24,99.80000305175781,99.80000305175781
BABA,BABA,USD,2026-06-25,95.06999969482422,95.06999969482422
BABA,BABA,USD,2026-06-26,94.80999755859375,94.80999755859375
BABA,BABA,USD,2026-06-29,95.51000213623047,95.51000213623047
BABA,BABA,USD,2026-06-30,95.9800033569336,95.9800033569336
BABA,BABA,USD,2026-07-01,97.98999786376953,97.98999786376953
BABA,BABA,USD,2026-07-02,96.13999938964844,96.13999938964844
BABA,BABA,USD,2026-07-06,97.91000366210938,97.91000366210938
BABA,BABA,USD,2026-07-07,98.13999938964844,98.13999938964844
BABA,BABA,USD,2026-07-08,108.9800033569336,108.9800033569336
BABA,BABA,USD,2026-07-09,111.13999938964844,111.13999938964844
BABA,BABA,USD,2026-07-10,112.33000183105469,112.33000183105469
BDC,BDC,USD,2026-05-20,105.46403503417969,105.51000213623047
BDC,BDC,USD,2026-05-21,104.74434661865234,104.79000091552734
BDC,BDC,USD,2026-05-22,105.98381042480469,106.02999877929688
BDC,BDC,USD,2026-05-26,109.0524673461914,109.0999984741211
BDC,BDC,USD,2026-05-27,107.40318298339844,107.44999694824219
BDC,BDC,USD,2026-05-28,105.38407135009766,105.43000030517578
BDC,BDC,USD,2026-05-29,105.03422546386719,105.08000183105469
BDC,BDC,USD,2026-06-01,103.20501708984375,103.25
BDC,BDC,USD,2026-06-02,109.38232421875,109.43000030517578
BDC,BDC,USD,2026-06-03,110.55181884765625,110.5999984741211
BDC,BDC,USD,2026-06-04,110.67176818847656,110.72000122070312
BDC,BDC,USD,2026-06-05,106.1737289428711,106.22000122070312
BDC,BDC,USD,2026-06-08,108.1028823852539,108.1500015258789
BDC,BDC,USD,2026-06-09,110.10201263427734,110.1500015258789
BDC,BDC,USD,2026-06-10,105.78389739990234,105.83000183105469
BDC,BDC,USD,2026-06-11,112.07115936279297,112.12000274658203
BDC,BDC,USD,2026-06-12,114.98988342285156,115.04000091552734
BDC,BDC,USD,2026-06-15,114.7199935913086,114.7699966430664
BDC,BDC,USD,2026-06-16,118.41999816894531,118.41999816894531
BDC,BDC,USD,2026-06-17,120.0,120.0
BDC,BDC,USD,2026-06-18,123.26000213623047,123.26000213623047
BDC,BDC,USD,2026-06-22,121.6500015258789,121.6500015258789
BDC,BDC,USD,2026-06-23,118.44000244140625,118.44000244140625
BDC,BDC,USD,2026-06-24,118.48999786376953,118.48999786376953
BDC,BDC,USD,2026-06-25,121.31999969482422,121.31999969482422
BDC,BDC,USD,2026-06-26,119.5199966430664,119.5199966430664
BDC,BDC,USD,2026-06-29,118.66000366210938,118.66000366210938
BDC,BDC,USD,2026-06-30,119.91000366210938,119.91000366210938
BDC,BDC,USD,2026-07-01,116.86000061035156,116.86000061035156
BDC,BDC,USD,2026-07-02,115.41000366210938,115.41000366210938
BDC,BDC,USD,2026-07-06,113.23999786376953,113.23999786376953
BDC,BDC,USD,2026-07-07,107.41000366210938,107.41000366210938
BDC,BDC,USD,2026-07-08,105.83999633789062,105.83999633789062
BDC,BDC,USD,2026-07-09,107.98999786376953,107.98999786376953
BDC,BDC,USD,2026-07-10,106.95999908447266,106.95999908447266
BE,BE,USD,2026-05-20,282.30999755859375,282.30999755859375
BE,BE,USD,2026-05-21,307.8800048828125,307.8800048828125
BE,BE,USD,2026-05-22,302.489990234375,302.489990234375
BE,BE,USD,2026-05-26,302.3999938964844,302.3999938964844
BE,BE,USD,2026-05-27,293.79998779296875,293.79998779296875
BE,BE,USD,2026-05-28,290.010009765625,290.010009765625
BE,BE,USD,2026-05-29,285.0,285.0
BE,BE,USD,2026-06-01,273.510009765625,273.510009765625
BE,BE,USD,2026-06-02,302.8500061035156,302.8500061035156
BE,BE,USD,2026-06-03,287.32000732421875,287.32000732421875
BE,BE,USD,2026-06-04,291.3699951171875,291.3699951171875
BE,BE,USD,2026-06-05,263.6099853515625,263.6099853515625
BE,BE,USD,2026-06-08,253.57000732421875,253.57000732421875
BE,BE,USD,2026-06-09,259.6099853515625,259.6099853515625
BE,BE,USD,2026-06-10,234.22999572753906,234.22999572753906
BE,BE,USD,2026-06-11,248.8800048828125,248.8800048828125
BE,BE,USD,2026-06-12,260.2200012207031,260.2200012207031
BE,BE,USD,2026-06-15,274.5,274.5
BE,BE,USD,2026-06-16,280.8800048828125,280.8800048828125
BE,BE,USD,2026-06-17,284.989990234375,284.989990234375
BE,BE,USD,2026-06-18,328.9100036621094,328.9100036621094
BE,BE,USD,2026-06-22,345.8500061035156,345.8500061035156
BE,BE,USD,2026-06-23,321.9800109863281,321.9800109863281
BE,BE,USD,2026-06-24,326.19000244140625,326.19000244140625
BE,BE,USD,2026-06-25,309.17999267578125,309.17999267578125
BE,BE,USD,2026-06-26,252.02000427246094,252.02000427246094
BE,BE,USD,2026-06-29,275.010009765625,275.010009765625
BE,BE,USD,2026-06-30,302.70001220703125,302.70001220703125
BE,BE,USD,2026-07-01,289.5,289.5
BE,BE,USD,2026-07-02,270.8900146484375,270.8900146484375
BE,BE,USD,2026-07-06,295.04998779296875,295.04998779296875
BE,BE,USD,2026-07-07,269.57000732421875,269.57000732421875
BE,BE,USD,2026-07-08,254.2899932861328,254.2899932861328
BE,BE,USD,2026-07-09,257.0199890136719,257.0199890136719
BE,BE,USD,2026-07-10,244.61000061035156,244.61000061035156
BELFB,BELFB,USD,2026-05-20,254.75,254.75
BELFB,BELFB,USD,2026-05-21,260.3999938964844,260.3999938964844
BELFB,BELFB,USD,2026-05-22,270.010009765625,270.010009765625
BELFB,BELFB,USD,2026-05-26,276.25,276.25
BELFB,BELFB,USD,2026-05-27,280.1300048828125,280.1300048828125
BELFB,BELFB,USD,2026-05-28,276.9599914550781,276.9599914550781
BELFB,BELFB,USD,2026-05-29,274.5199890136719,274.5199890136719
BELFB,BELFB,USD,2026-06-01,269.8599853515625,269.8599853515625
BELFB,BELFB,USD,2026-06-02,269.2200012207031,269.2200012207031
BELFB,BELFB,USD,2026-06-03,280.0899963378906,280.0899963378906
BELFB,BELFB,USD,2026-06-04,276.5400085449219,276.5400085449219
BELFB,BELFB,USD,2026-06-05,262.55999755859375,262.55999755859375
BELFB,BELFB,USD,2026-06-08,279.1300048828125,279.1300048828125
BELFB,BELFB,USD,2026-06-09,276.0400085449219,276.0400085449219
BELFB,BELFB,USD,2026-06-10,276.95001220703125,276.95001220703125
BELFB,BELFB,USD,2026-06-11,296.54998779296875,296.54998779296875
BELFB,BELFB,USD,2026-06-12,293.8699951171875,293.8699951171875
BELFB,BELFB,USD,2026-06-15,302.1499938964844,302.1499938964844
BELFB,BELFB,USD,2026-06-16,293.2200012207031,293.2200012207031
BELFB,BELFB,USD,2026-06-17,299.8399963378906,299.8399963378906
BELFB,BELFB,USD,2026-06-18,296.3900146484375,296.3900146484375
BELFB,BELFB,USD,2026-06-22,304.3299865722656,304.3299865722656
BELFB,BELFB,USD,2026-06-23,288.6400146484375,288.6400146484375
BELFB,BELFB,USD,2026-06-24,294.1499938964844,294.1499938964844
BELFB,BELFB,USD,2026-06-25,310.32000732421875,310.32000732421875
BELFB,BELFB,USD,2026-06-26,310.6400146484375,310.6400146484375
BELFB,BELFB,USD,2026-06-29,315.6499938964844,315.6499938964844
BELFB,BELFB,USD,2026-06-30,333.0400085449219,333.0400085449219
BELFB,BELFB,USD,2026-07-01,318.05999755859375,318.05999755859375
BELFB,BELFB,USD,2026-07-02,266.94000244140625,266.94000244140625
BELFB,BELFB,USD,2026-07-06,277.45001220703125,277.45001220703125
BELFB,BELFB,USD,2026-07-07,251.52999877929688,251.52999877929688
BELFB,BELFB,USD,2026-07-08,258.6700134277344,258.6700134277344
BELFB,BELFB,USD,2026-07-09,267.69000244140625,267.69000244140625
BELFB,BELFB,USD,2026-07-10,272.5799865722656,272.5799865722656
BESIY,BESIY,USD,2026-05-20,308.30999755859375,308.30999755859375
BESIY,BESIY,USD,2026-05-21,319.6600036621094,319.6600036621094
BESIY,BESIY,USD,2026-05-22,315.1000061035156,315.1000061035156
BESIY,BESIY,USD,2026-05-26,334.8800048828125,334.8800048828125
BESIY,BESIY,USD,2026-05-27,324.6499938964844,324.6499938964844
BESIY,BESIY,USD,2026-05-28,333.69000244140625,333.69000244140625
BESIY,BESIY,USD,2026-05-29,331.0,331.0
BESIY,BESIY,USD,2026-06-01,325.70001220703125,325.70001220703125
BESIY,BESIY,USD,2026-06-02,333.0,333.0
BESIY,BESIY,USD,2026-06-03,334.29998779296875,334.29998779296875
BESIY,BESIY,USD,2026-06-04,332.70001220703125,332.70001220703125
BESIY,BESIY,USD,2026-06-05,305.2099914550781,305.2099914550781
BESIY,BESIY,USD,2026-06-08,321.8999938964844,321.8999938964844
BESIY,BESIY,USD,2026-06-09,336.8399963378906,336.8399963378906
BESIY,BESIY,USD,2026-06-10,333.6000061035156,333.6000061035156
BESIY,BESIY,USD,2026-06-11,368.6400146484375,368.6400146484375
BESIY,BESIY,USD,2026-06-12,365.70001220703125,365.70001220703125
BESIY,BESIY,USD,2026-06-15,366.0,366.0
BESIY,BESIY,USD,2026-06-16,343.0,343.0
BESIY,BESIY,USD,2026-06-17,352.9200134277344,352.9200134277344
BESIY,BESIY,USD,2026-06-18,366.989990234375,366.989990234375
BESIY,BESIY,USD,2026-06-22,368.69000244140625,368.69000244140625
BESIY,BESIY,USD,2026-06-23,340.9100036621094,340.9100036621094
BESIY,BESIY,USD,2026-06-24,331.7300109863281,331.7300109863281
BESIY,BESIY,USD,2026-06-25,328.010009765625,328.010009765625
BESIY,BESIY,USD,2026-06-26,321.3399963378906,321.3399963378906
BESIY,BESIY,USD,2026-06-29,323.6600036621094,323.6600036621094
BESIY,BESIY,USD,2026-06-30,330.760009765625,330.760009765625
BESIY,BESIY,USD,2026-07-01,318.260009765625,318.260009765625
BESIY,BESIY,USD,2026-07-02,294.2200012207031,294.2200012207031
BESIY,BESIY,USD,2026-07-06,293.3500061035156,293.3500061035156
BESIY,BESIY,USD,2026-07-07,276.8599853515625,276.8599853515625
BESIY,BESIY,USD,2026-07-08,279.760009765625,279.760009765625
BESIY,BESIY,USD,2026-07-09,288.5799865722656,288.5799865722656
BESIY,BESIY,USD,2026-07-10,293.3399963378906,293.3399963378906
BWXT,BWXT,USD,2026-05-20,202.66000366210938,202.66000366210938
BWXT,BWXT,USD,2026-05-21,202.52000427246094,202.52000427246094
BWXT,BWXT,USD,2026-05-22,202.91000366210938,202.91000366210938
BWXT,BWXT,USD,2026-05-26,204.3800048828125,204.3800048828125
BWXT,BWXT,USD,2026-05-27,198.9499969482422,198.9499969482422
BWXT,BWXT,USD,2026-05-28,199.27000427246094,199.27000427246094
BWXT,BWXT,USD,2026-05-29,195.8800048828125,195.8800048828125
BWXT,BWXT,USD,2026-06-01,188.38999938964844,188.38999938964844
BWXT,BWXT,USD,2026-06-02,187.25999450683594,187.25999450683594
BWXT,BWXT,USD,2026-06-03,184.72000122070312,184.72000122070312
BWXT,BWXT,USD,2026-06-04,190.75999450683594,190.75999450683594
BWXT,BWXT,USD,2026-06-05,185.9499969482422,185.9499969482422
BWXT,BWXT,USD,2026-06-08,187.4600067138672,187.4600067138672
BWXT,BWXT,USD,2026-06-09,188.9600067138672,188.9600067138672
BWXT,BWXT,USD,2026-06-10,183.0,183.0
BWXT,BWXT,USD,2026-06-11,194.67999267578125,194.67999267578125
BWXT,BWXT,USD,2026-06-12,193.4499969482422,193.4499969482422
BWXT,BWXT,USD,2026-06-15,193.94000244140625,193.94000244140625
BWXT,BWXT,USD,2026-06-16,196.92999267578125,196.92999267578125
BWXT,BWXT,USD,2026-06-17,203.07000732421875,203.07000732421875
BWXT,BWXT,USD,2026-06-18,205.39999389648438,205.39999389648438
BWXT,BWXT,USD,2026-06-22,210.0,210.0
BWXT,BWXT,USD,2026-06-23,209.88999938964844,209.88999938964844
BWXT,BWXT,USD,2026-06-24,205.64999389648438,205.64999389648438
BWXT,BWXT,USD,2026-06-25,204.77000427246094,204.77000427246094
BWXT,BWXT,USD,2026-06-26,197.91000366210938,197.91000366210938
BWXT,BWXT,USD,2026-06-29,189.25,189.25
BWXT,BWXT,USD,2026-06-30,194.64999389648438,194.64999389648438
BWXT,BWXT,USD,2026-07-01,191.25,191.25
BWXT,BWXT,USD,2026-07-02,191.05999755859375,191.05999755859375
BWXT,BWXT,USD,2026-07-06,196.88999938964844,196.88999938964844
BWXT,BWXT,USD,2026-07-07,186.0800018310547,186.0800018310547
BWXT,BWXT,USD,2026-07-08,184.11000061035156,184.11000061035156
BWXT,BWXT,USD,2026-07-09,186.99000549316406,186.99000549316406
BWXT,BWXT,USD,2026-07-10,186.0,186.0
CAMT,CAMT,USD,2026-05-20,159.3699951171875,159.3699951171875
CAMT,CAMT,USD,2026-05-21,160.58999633789062,160.58999633789062
CAMT,CAMT,USD,2026-05-22,167.3699951171875,167.3699951171875
CAMT,CAMT,USD,2026-05-26,174.72999572753906,174.72999572753906
CAMT,CAMT,USD,2026-05-27,169.6199951171875,169.6199951171875
CAMT,CAMT,USD,2026-05-28,174.77999877929688,174.77999877929688
CAMT,CAMT,USD,2026-05-29,171.66000366210938,171.66000366210938
CAMT,CAMT,USD,2026-06-01,163.08999633789062,163.08999633789062
CAMT,CAMT,USD,2026-06-02,187.52000427246094,187.52000427246094
CAMT,CAMT,USD,2026-06-03,183.4499969482422,183.4499969482422
CAMT,CAMT,USD,2026-06-04,181.16000366210938,181.16000366210938
CAMT,CAMT,USD,2026-06-05,164.2100067138672,164.2100067138672
CAMT,CAMT,USD,2026-06-08,168.6699981689453,168.6699981689453
CAMT,CAMT,USD,2026-06-09,168.14999389648438,168.14999389648438
CAMT,CAMT,USD,2026-06-10,166.69000244140625,166.69000244140625
CAMT,CAMT,USD,2026-06-11,184.14999389648438,184.14999389648438
CAMT,CAMT,USD,2026-06-12,193.27000427246094,193.27000427246094
CAMT,CAMT,USD,2026-06-15,197.75,197.75
CAMT,CAMT,USD,2026-06-16,182.24000549316406,182.24000549316406
CAMT,CAMT,USD,2026-06-17,178.13999938964844,178.13999938964844
CAMT,CAMT,USD,2026-06-18,195.16000366210938,195.16000366210938
CAMT,CAMT,USD,2026-06-22,195.72000122070312,195.72000122070312
CAMT,CAMT,USD,2026-06-23,169.38999938964844,169.38999938964844
CAMT,CAMT,USD,2026-06-24,166.89999389648438,166.89999389648438
CAMT,CAMT,USD,2026-06-25,168.05999755859375,168.05999755859375
CAMT,CAMT,USD,2026-06-26,153.72000122070312,153.72000122070312
CAMT,CAMT,USD,2026-06-29,157.32000732421875,157.32000732421875
CAMT,CAMT,USD,2026-06-30,163.1199951171875,163.1199951171875
CAMT,CAMT,USD,2026-07-01,155.47999572753906,155.47999572753906
CAMT,CAMT,USD,2026-07-02,142.5,142.5
CAMT,CAMT,USD,2026-07-06,141.83999633789062,141.83999633789062
CAMT,CAMT,USD,2026-07-07,133.25999450683594,133.25999450683594
CAMT,CAMT,USD,2026-07-08,140.0500030517578,140.0500030517578
CAMT,CAMT,USD,2026-07-09,145.36000061035156,145.36000061035156
CAMT,CAMT,USD,2026-07-10,143.7899932861328,143.7899932861328
CARR,CARR,USD,2026-05-20,63.59000015258789,63.59000015258789
CARR,CARR,USD,2026-05-21,62.18000030517578,62.18000030517578
CARR,CARR,USD,2026-05-22,63.13999938964844,63.13999938964844
CARR,CARR,USD,2026-05-26,64.88999938964844,64.88999938964844
CARR,CARR,USD,2026-05-27,64.51000213623047,64.51000213623047
CARR,CARR,USD,2026-05-28,63.810001373291016,63.810001373291016
CARR,CARR,USD,2026-05-29,63.869998931884766,63.869998931884766
CARR,CARR,USD,2026-06-01,65.11000061035156,65.11000061035156
CARR,CARR,USD,2026-06-02,66.41999816894531,66.41999816894531
CARR,CARR,USD,2026-06-03,67.58000183105469,67.58000183105469
CARR,CARR,USD,2026-06-04,68.54000091552734,68.54000091552734
CARR,CARR,USD,2026-06-05,67.16000366210938,67.16000366210938
CARR,CARR,USD,2026-06-08,67.3499984741211,67.3499984741211
CARR,CARR,USD,2026-06-09,71.23999786376953,71.23999786376953
CARR,CARR,USD,2026-06-10,67.97000122070312,67.97000122070312
CARR,CARR,USD,2026-06-11,69.73999786376953,69.73999786376953
CARR,CARR,USD,2026-06-12,69.91000366210938,69.91000366210938
CARR,CARR,USD,2026-06-15,71.12999725341797,71.12999725341797
CARR,CARR,USD,2026-06-16,71.1500015258789,71.1500015258789
CARR,CARR,USD,2026-06-17,69.48999786376953,69.48999786376953
CARR,CARR,USD,2026-06-18,71.80999755859375,71.80999755859375
CARR,CARR,USD,2026-06-22,71.8499984741211,71.8499984741211
CARR,CARR,USD,2026-06-23,70.75,70.75
CARR,CARR,USD,2026-06-24,74.05999755859375,74.05999755859375
CARR,CARR,USD,2026-06-25,76.0,76.0
CARR,CARR,USD,2026-06-26,73.58999633789062,73.58999633789062
CARR,CARR,USD,2026-06-29,73.43000030517578,73.43000030517578
CARR,CARR,USD,2026-06-30,73.3499984741211,73.3499984741211
CARR,CARR,USD,2026-07-01,72.06999969482422,72.06999969482422
CARR,CARR,USD,2026-07-02,70.06999969482422,70.06999969482422
CARR,CARR,USD,2026-07-06,70.0999984741211,70.0999984741211
CARR,CARR,USD,2026-07-07,68.66999816894531,68.66999816894531
CARR,CARR,USD,2026-07-08,66.73999786376953,66.73999786376953
CARR,CARR,USD,2026-07-09,67.80999755859375,67.80999755859375
CARR,CARR,USD,2026-07-10,69.33999633789062,69.33999633789062
CAT,CAT,USD,2026-05-20,872.5599975585938,872.5599975585938
CAT,CAT,USD,2026-05-21,865.9500122070312,865.9500122070312
CAT,CAT,USD,2026-05-22,879.8900146484375,879.8900146484375
CAT,CAT,USD,2026-05-26,908.5499877929688,908.5499877929688
CAT,CAT,USD,2026-05-27,909.9299926757812,909.9299926757812
CAT,CAT,USD,2026-05-28,887.6699829101562,887.6699829101562
CAT,CAT,USD,2026-05-29,875.8699951171875,875.8699951171875
CAT,CAT,USD,2026-06-01,865.3599853515625,865.3599853515625
CAT,CAT,USD,2026-06-02,909.8099975585938,909.8099975585938
CAT,CAT,USD,2026-06-03,926.1799926757812,926.1799926757812
CAT,CAT,USD,2026-06-04,940.47998046875,940.47998046875
CAT,CAT,USD,2026-06-05,904.280029296875,904.280029296875
CAT,CAT,USD,2026-06-08,915.6400146484375,915.6400146484375
CAT,CAT,USD,2026-06-09,914.7000122070312,914.7000122070312
CAT,CAT,USD,2026-06-10,856.1599731445312,856.1599731445312
CAT,CAT,USD,2026-06-11,897.6300048828125,897.6300048828125
CAT,CAT,USD,2026-06-12,910.5700073242188,910.5700073242188
CAT,CAT,USD,2026-06-15,933.9299926757812,933.9299926757812
CAT,CAT,USD,2026-06-16,945.4600219726562,945.4600219726562
CAT,CAT,USD,2026-06-17,955.9199829101562,955.9199829101562
CAT,CAT,USD,2026-06-18,985.8200073242188,985.8200073242188
CAT,CAT,USD,2026-06-22,1022.280029296875,1022.280029296875
CAT,CAT,USD,2026-06-23,984.239990234375,984.239990234375
CAT,CAT,USD,2026-06-24,994.4500122070312,994.4500122070312
CAT,CAT,USD,2026-06-25,1057.010009765625,1057.010009765625
CAT,CAT,USD,2026-06-26,997.469970703125,997.469970703125
CAT,CAT,USD,2026-06-29,1033.18994140625,1033.18994140625
CAT,CAT,USD,2026-06-30,1064.9000244140625,1064.9000244140625
CAT,CAT,USD,2026-07-01,991.4099731445312,991.4099731445312
CAT,CAT,USD,2026-07-02,963.530029296875,963.530029296875
CAT,CAT,USD,2026-07-06,969.9199829101562,969.9199829101562
CAT,CAT,USD,2026-07-07,940.1199951171875,940.1199951171875
CAT,CAT,USD,2026-07-08,948.0800170898438,948.0800170898438
CAT,CAT,USD,2026-07-09,938.3900146484375,938.3900146484375
CAT,CAT,USD,2026-07-10,952.4099731445312,952.4099731445312
CC,CC,USD,2026-05-20,22.270000457763672,22.270000457763672
CC,CC,USD,2026-05-21,21.440000534057617,21.440000534057617
CC,CC,USD,2026-05-22,21.3700008392334,21.3700008392334
CC,CC,USD,2026-05-26,22.100000381469727,22.100000381469727
CC,CC,USD,2026-05-27,22.5,22.5
CC,CC,USD,2026-05-28,22.719999313354492,22.719999313354492
CC,CC,USD,2026-05-29,22.15999984741211,22.15999984741211
CC,CC,USD,2026-06-01,22.31999969482422,22.31999969482422
CC,CC,USD,2026-06-02,23.25,23.25
CC,CC,USD,2026-06-03,22.610000610351562,22.610000610351562
CC,CC,USD,2026-06-04,21.670000076293945,21.670000076293945
CC,CC,USD,2026-06-05,20.5,20.5
CC,CC,USD,2026-06-08,20.860000610351562,20.860000610351562
CC,CC,USD,2026-06-09,20.219999313354492,20.219999313354492
CC,CC,USD,2026-06-10,20.309999465942383,20.309999465942383
CC,CC,USD,2026-06-11,21.520000457763672,21.520000457763672
CC,CC,USD,2026-06-12,22.0,22.0
CC,CC,USD,2026-06-15,22.43000030517578,22.43000030517578
CC,CC,USD,2026-06-16,21.670000076293945,21.670000076293945
CC,CC,USD,2026-06-17,22.020000457763672,22.020000457763672
CC,CC,USD,2026-06-18,21.770000457763672,21.770000457763672
CC,CC,USD,2026-06-22,21.459999084472656,21.459999084472656
CC,CC,USD,2026-06-23,19.959999084472656,19.959999084472656
CC,CC,USD,2026-06-24,21.170000076293945,21.170000076293945
CC,CC,USD,2026-06-25,21.360000610351562,21.360000610351562
CC,CC,USD,2026-06-26,20.739999771118164,20.739999771118164
CC,CC,USD,2026-06-29,20.260000228881836,20.260000228881836
CC,CC,USD,2026-06-30,20.520000457763672,20.520000457763672
CC,CC,USD,2026-07-01,20.139999389648438,20.139999389648438
CC,CC,USD,2026-07-02,19.010000228881836,19.010000228881836
CC,CC,USD,2026-07-06,18.190000534057617,18.190000534057617
CC,CC,USD,2026-07-07,18.850000381469727,18.850000381469727
CC,CC,USD,2026-07-08,18.3799991607666,18.3799991607666
CC,CC,USD,2026-07-09,17.389999389648438,17.389999389648438
CC,CC,USD,2026-07-10,17.809999465942383,17.809999465942383
CDNS,CDNS,USD,2026-05-20,350.8900146484375,350.8900146484375
CDNS,CDNS,USD,2026-05-21,358.4599914550781,358.4599914550781
CDNS,CDNS,USD,2026-05-22,373.5899963378906,373.5899963378906
CDNS,CDNS,USD,2026-05-26,381.75,381.75
CDNS,CDNS,USD,2026-05-27,374.04998779296875,374.04998779296875
CDNS,CDNS,USD,2026-05-28,373.8500061035156,373.8500061035156
CDNS,CDNS,USD,2026-05-29,374.92999267578125,374.92999267578125
CDNS,CDNS,USD,2026-06-01,414.1600036621094,414.1600036621094
CDNS,CDNS,USD,2026-06-02,416.3900146484375,416.3900146484375
CDNS,CDNS,USD,2026-06-03,408.0,408.0
CDNS,CDNS,USD,2026-06-04,411.67999267578125,411.67999267578125
CDNS,CDNS,USD,2026-06-05,376.19000244140625,376.19000244140625
CDNS,CDNS,USD,2026-06-08,394.239990234375,394.239990234375
CDNS,CDNS,USD,2026-06-09,390.8999938964844,390.8999938964844
CDNS,CDNS,USD,2026-06-10,385.1300048828125,385.1300048828125
CDNS,CDNS,USD,2026-06-11,383.739990234375,383.739990234375
CDNS,CDNS,USD,2026-06-12,384.9599914550781,384.9599914550781
CDNS,CDNS,USD,2026-06-15,394.5,394.5
CDNS,CDNS,USD,2026-06-16,387.8500061035156,387.8500061035156
CDNS,CDNS,USD,2026-06-17,389.6000061035156,389.6000061035156
CDNS,CDNS,USD,2026-06-18,387.3900146484375,387.3900146484375
CDNS,CDNS,USD,2026-06-22,389.0400085449219,389.0400085449219
CDNS,CDNS,USD,2026-06-23,379.05999755859375,379.05999755859375
CDNS,CDNS,USD,2026-06-24,372.3999938964844,372.3999938964844
CDNS,CDNS,USD,2026-06-25,368.2300109863281,368.2300109863281
CDNS,CDNS,USD,2026-06-26,377.2699890136719,377.2699890136719
CDNS,CDNS,USD,2026-06-29,372.7200012207031,372.7200012207031
CDNS,CDNS,USD,2026-06-30,375.32000732421875,375.32000732421875
CDNS,CDNS,USD,2026-07-01,377.7300109863281,377.7300109863281
CDNS,CDNS,USD,2026-07-02,373.1400146484375,373.1400146484375
CDNS,CDNS,USD,2026-07-06,375.7699890136719,375.7699890136719
CDNS,CDNS,USD,2026-07-07,371.05999755859375,371.05999755859375
CDNS,CDNS,USD,2026-07-08,374.05999755859375,374.05999755859375
CDNS,CDNS,USD,2026-07-09,385.95001220703125,385.95001220703125
CDNS,CDNS,USD,2026-07-10,384.1700134277344,384.1700134277344
CEG,CEG,USD,2026-05-20,281.260009765625,281.260009765625
CEG,CEG,USD,2026-05-21,285.8299865722656,285.8299865722656
CEG,CEG,USD,2026-05-22,294.07000732421875,294.07000732421875
CEG,CEG,USD,2026-05-26,301.57000732421875,301.57000732421875
CEG,CEG,USD,2026-05-27,288.67999267578125,288.67999267578125
CEG,CEG,USD,2026-05-28,286.30999755859375,286.30999755859375
CEG,CEG,USD,2026-05-29,287.75,287.75
CEG,CEG,USD,2026-06-01,265.70001220703125,265.70001220703125
CEG,CEG,USD,2026-06-02,272.6499938964844,272.6499938964844
CEG,CEG,USD,2026-06-03,267.239990234375,267.239990234375
CEG,CEG,USD,2026-06-04,264.5899963378906,264.5899963378906
CEG,CEG,USD,2026-06-05,254.8300018310547,254.8300018310547
CEG,CEG,USD,2026-06-08,250.6699981689453,250.6699981689453
CEG,CEG,USD,2026-06-09,251.64999389648438,251.64999389648438
CEG,CEG,USD,2026-06-10,242.3000030517578,242.3000030517578
CEG,CEG,USD,2026-06-11,246.7100067138672,246.7100067138672
CEG,CEG,USD,2026-06-12,253.75999450683594,253.75999450683594
CEG,CEG,USD,2026-06-15,262.3500061035156,262.3500061035156
CEG,CEG,USD,2026-06-16,268.0,268.0
CEG,CEG,USD,2026-06-17,267.1700134277344,267.1700134277344
CEG,CEG,USD,2026-06-18,274.05999755859375,274.05999755859375
CEG,CEG,USD,2026-06-22,275.5299987792969,275.5299987792969
CEG,CEG,USD,2026-06-23,270.260009765625,270.260009765625
CEG,CEG,USD,2026-06-24,267.9700012207031,267.9700012207031
CEG,CEG,USD,2026-06-25,268.69000244140625,268.69000244140625
CEG,CEG,USD,2026-06-26,264.0199890136719,264.0199890136719
CEG,CEG,USD,2026-06-29,259.32000732421875,259.32000732421875
CEG,CEG,USD,2026-06-30,248.3699951171875,248.3699951171875
CEG,CEG,USD,2026-07-01,236.5,236.5
CEG,CEG,USD,2026-07-02,239.25,239.25
CEG,CEG,USD,2026-07-06,245.8699951171875,245.8699951171875
CEG,CEG,USD,2026-07-07,239.7100067138672,239.7100067138672
CEG,CEG,USD,2026-07-08,244.52000427246094,244.52000427246094
CEG,CEG,USD,2026-07-09,250.74000549316406,250.74000549316406
CEG,CEG,USD,2026-07-10,251.3800048828125,251.3800048828125
CIEN,CIEN,USD,2026-05-20,554.760009765625,554.760009765625
CIEN,CIEN,USD,2026-05-21,587.22998046875,587.22998046875
CIEN,CIEN,USD,2026-05-22,583.739990234375,583.739990234375
CIEN,CIEN,USD,2026-05-26,602.3900146484375,602.3900146484375
CIEN,CIEN,USD,2026-05-27,582.0800170898438,582.0800170898438
CIEN,CIEN,USD,2026-05-28,570.1799926757812,570.1799926757812
CIEN,CIEN,USD,2026-05-29,580.22998046875,580.22998046875
CIEN,CIEN,USD,2026-06-01,569.6099853515625,569.6099853515625
CIEN,CIEN,USD,2026-06-02,627.0,627.0
CIEN,CIEN,USD,2026-06-03,620.3699951171875,620.3699951171875
CIEN,CIEN,USD,2026-06-04,535.6300048828125,535.6300048828125
CIEN,CIEN,USD,2026-06-05,488.2099914550781,488.2099914550781
CIEN,CIEN,USD,2026-06-08,466.6700134277344,466.6700134277344
CIEN,CIEN,USD,2026-06-09,439.3399963378906,439.3399963378906
CIEN,CIEN,USD,2026-06-10,434.6499938964844,434.6499938964844
CIEN,CIEN,USD,2026-06-11,445.2200012207031,445.2200012207031
CIEN,CIEN,USD,2026-06-12,445.9800109863281,445.9800109863281
CIEN,CIEN,USD,2026-06-15,463.4100036621094,463.4100036621094
CIEN,CIEN,USD,2026-06-16,430.29998779296875,430.29998779296875
CIEN,CIEN,USD,2026-06-17,436.7200012207031,436.7200012207031
CIEN,CIEN,USD,2026-06-18,428.2200012207031,428.2200012207031
CIEN,CIEN,USD,2026-06-22,460.3299865722656,460.3299865722656
CIEN,CIEN,USD,2026-06-23,459.8500061035156,459.8500061035156
CIEN,CIEN,USD,2026-06-24,463.510009765625,463.510009765625
CIEN,CIEN,USD,2026-06-25,484.69000244140625,484.69000244140625
CIEN,CIEN,USD,2026-06-26,479.5,479.5
CIEN,CIEN,USD,2026-06-29,478.92999267578125,478.92999267578125
CIEN,CIEN,USD,2026-06-30,490.55999755859375,490.55999755859375
CIEN,CIEN,USD,2026-07-01,462.44000244140625,462.44000244140625
CIEN,CIEN,USD,2026-07-02,422.4599914550781,422.4599914550781
CIEN,CIEN,USD,2026-07-06,433.8299865722656,433.8299865722656
CIEN,CIEN,USD,2026-07-07,418.9100036621094,418.9100036621094
CIEN,CIEN,USD,2026-07-08,440.9700012207031,440.9700012207031
CIEN,CIEN,USD,2026-07-09,462.3399963378906,462.3399963378906
CIEN,CIEN,USD,2026-07-10,460.7200012207031,460.7200012207031
CLS,CLS,USD,2026-05-20,346.4800109863281,346.4800109863281
CLS,CLS,USD,2026-05-21,354.7699890136719,354.7699890136719
CLS,CLS,USD,2026-05-22,367.3699951171875,367.3699951171875
CLS,CLS,USD,2026-05-26,370.8399963378906,370.8399963378906
CLS,CLS,USD,2026-05-27,357.70001220703125,357.70001220703125
CLS,CLS,USD,2026-05-28,351.0199890136719,351.0199890136719
CLS,CLS,USD,2026-05-29,385.3900146484375,385.3900146484375
CLS,CLS,USD,2026-06-01,426.54998779296875,426.54998779296875
CLS,CLS,USD,2026-06-02,472.3999938964844,472.3999938964844
CLS,CLS,USD,2026-06-03,458.1400146484375,458.1400146484375
CLS,CLS,USD,2026-06-04,425.3599853515625,425.3599853515625
CLS,CLS,USD,2026-06-05,371.7099914550781,371.7099914550781
CLS,CLS,USD,2026-06-08,386.5,386.5
CLS,CLS,USD,2026-06-09,371.8599853515625,371.8599853515625
CLS,CLS,USD,2026-06-10,362.9200134277344,362.9200134277344
CLS,CLS,USD,2026-06-11,385.8599853515625,385.8599853515625
CLS,CLS,USD,2026-06-12,393.1199951171875,393.1199951171875
CLS,CLS,USD,2026-06-15,403.45001220703125,403.45001220703125
CLS,CLS,USD,2026-06-16,382.010009765625,382.010009765625
CLS,CLS,USD,2026-06-17,380.3699951171875,380.3699951171875
CLS,CLS,USD,2026-06-18,372.54998779296875,372.54998779296875
CLS,CLS,USD,2026-06-22,376.8399963378906,376.8399963378906
CLS,CLS,USD,2026-06-23,351.20001220703125,351.20001220703125
CLS,CLS,USD,2026-06-24,362.239990234375,362.239990234375
CLS,CLS,USD,2026-06-25,361.3999938964844,361.3999938964844
CLS,CLS,USD,2026-06-26,337.5299987792969,337.5299987792969
CLS,CLS,USD,2026-06-29,343.25,343.25
CLS,CLS,USD,2026-06-30,364.79998779296875,364.79998779296875
CLS,CLS,USD,2026-07-01,361.6199951171875,361.6199951171875
CLS,CLS,USD,2026-07-02,336.2099914550781,336.2099914550781
CLS,CLS,USD,2026-07-06,350.20001220703125,350.20001220703125
CLS,CLS,USD,2026-07-07,345.05999755859375,345.05999755859375
CLS,CLS,USD,2026-07-08,360.739990234375,360.739990234375
CLS,CLS,USD,2026-07-09,354.7799987792969,354.7799987792969
CLS,CLS,USD,2026-07-10,359.8500061035156,359.8500061035156
CMI,CMI,USD,2026-05-20,667.7726440429688,669.8699951171875
CMI,CMI,USD,2026-05-21,636.780029296875,638.780029296875
CMI,CMI,USD,2026-05-22,639.5499877929688,639.5499877929688
CMI,CMI,USD,2026-05-26,668.75,668.75
CMI,CMI,USD,2026-05-27,667.8499755859375,667.8499755859375
CMI,CMI,USD,2026-05-28,668.6799926757812,668.6799926757812
CMI,CMI,USD,2026-05-29,646.6300048828125,646.6300048828125
CMI,CMI,USD,2026-06-01,643.5,643.5
CMI,CMI,USD,2026-06-02,672.6699829101562,672.6699829101562
CMI,CMI,USD,2026-06-03,682.3300170898438,682.3300170898438
CMI,CMI,USD,2026-06-04,678.0999755859375,678.0999755859375
CMI,CMI,USD,2026-06-05,651.219970703125,651.219970703125
CMI,CMI,USD,2026-06-08,672.6799926757812,672.6799926757812
CMI,CMI,USD,2026-06-09,669.22998046875,669.22998046875
CMI,CMI,USD,2026-06-10,630.52001953125,630.52001953125
CMI,CMI,USD,2026-06-11,655.6900024414062,655.6900024414062
CMI,CMI,USD,2026-06-12,659.5800170898438,659.5800170898438
CMI,CMI,USD,2026-06-15,679.7100219726562,679.7100219726562
CMI,CMI,USD,2026-06-16,699.969970703125,699.969970703125
CMI,CMI,USD,2026-06-17,717.780029296875,717.780029296875
CMI,CMI,USD,2026-06-18,716.8599853515625,716.8599853515625
CMI,CMI,USD,2026-06-22,724.9299926757812,724.9299926757812
CMI,CMI,USD,2026-06-23,699.0499877929688,699.0499877929688
CMI,CMI,USD,2026-06-24,694.8699951171875,694.8699951171875
CMI,CMI,USD,2026-06-25,727.5900268554688,727.5900268554688
CMI,CMI,USD,2026-06-26,685.8699951171875,685.8699951171875
CMI,CMI,USD,2026-06-29,691.0900268554688,691.0900268554688
CMI,CMI,USD,2026-06-30,713.2100219726562,713.2100219726562
CMI,CMI,USD,2026-07-01,682.3200073242188,682.3200073242188
CMI,CMI,USD,2026-07-02,661.7000122070312,661.7000122070312
CMI,CMI,USD,2026-07-06,678.239990234375,678.239990234375
CMI,CMI,USD,2026-07-07,660.1400146484375,660.1400146484375
CMI,CMI,USD,2026-07-08,669.2100219726562,669.2100219726562
CMI,CMI,USD,2026-07-09,673.3900146484375,673.3900146484375
CMI,CMI,USD,2026-07-10,675.9500122070312,675.9500122070312
COHR,COHR,USD,2026-05-20,358.5,358.5
COHR,COHR,USD,2026-05-21,378.0,378.0
COHR,COHR,USD,2026-05-22,377.57000732421875,377.57000732421875
COHR,COHR,USD,2026-05-26,381.3500061035156,381.3500061035156
COHR,COHR,USD,2026-05-27,380.17999267578125,380.17999267578125
COHR,COHR,USD,2026-05-28,376.95001220703125,376.95001220703125
COHR,COHR,USD,2026-05-29,361.4700012207031,361.4700012207031
COHR,COHR,USD,2026-06-01,362.8999938964844,362.8999938964844
COHR,COHR,USD,2026-06-02,426.8900146484375,426.8900146484375
COHR,COHR,USD,2026-06-03,417.42999267578125,417.42999267578125
COHR,COHR,USD,2026-06-04,421.8999938964844,421.8999938964844
COHR,COHR,USD,2026-06-05,376.989990234375,376.989990234375
COHR,COHR,USD,2026-06-08,401.92999267578125,401.92999267578125
COHR,COHR,USD,2026-06-09,355.94000244140625,355.94000244140625
COHR,COHR,USD,2026-06-10,354.7699890136719,354.7699890136719
COHR,COHR,USD,2026-06-11,363.5799865722656,363.5799865722656
COHR,COHR,USD,2026-06-12,385.0299987792969,385.0299987792969
COHR,COHR,USD,2026-06-15,413.8399963378906,413.8399963378906
COHR,COHR,USD,2026-06-16,382.80999755859375,382.80999755859375
COHR,COHR,USD,2026-06-17,378.8500061035156,378.8500061035156
COHR,COHR,USD,2026-06-18,389.57000732421875,389.57000732421875
COHR,COHR,USD,2026-06-22,425.4800109863281,425.4800109863281
COHR,COHR,USD,2026-06-23,381.2200012207031,381.2200012207031
COHR,COHR,USD,2026-06-24,392.5,392.5
COHR,COHR,USD,2026-06-25,407.25,407.25
COHR,COHR,USD,2026-06-26,380.55999755859375,380.55999755859375
COHR,COHR,USD,2026-06-29,391.2200012207031,391.2200012207031
COHR,COHR,USD,2026-06-30,394.4700012207031,394.4700012207031
COHR,COHR,USD,2026-07-01,368.6499938964844,368.6499938964844
COHR,COHR,USD,2026-07-02,333.3599853515625,333.3599853515625
COHR,COHR,USD,2026-07-06,335.70001220703125,335.70001220703125
COHR,COHR,USD,2026-07-07,314.1300048828125,314.1300048828125
COHR,COHR,USD,2026-07-08,317.04998779296875,317.04998779296875
COHR,COHR,USD,2026-07-09,327.239990234375,327.239990234375
COHR,COHR,USD,2026-07-10,324.5,324.5
COHU,COHU,USD,2026-05-20,44.97999954223633,44.97999954223633
COHU,COHU,USD,2026-05-21,45.650001525878906,45.650001525878906
COHU,COHU,USD,2026-05-22,46.529998779296875,46.529998779296875
COHU,COHU,USD,2026-05-26,49.93000030517578,49.93000030517578
COHU,COHU,USD,2026-05-27,54.939998626708984,54.939998626708984
COHU,COHU,USD,2026-05-28,54.04999923706055,54.04999923706055
COHU,COHU,USD,2026-05-29,52.75,52.75
COHU,COHU,USD,2026-06-01,54.5,54.5
COHU,COHU,USD,2026-06-02,57.59000015258789,57.59000015258789
COHU,COHU,USD,2026-06-03,56.119998931884766,56.119998931884766
COHU,COHU,USD,2026-06-04,55.880001068115234,55.880001068115234
COHU,COHU,USD,2026-06-05,49.810001373291016,49.810001373291016
COHU,COHU,USD,2026-06-08,52.5099983215332,52.5099983215332
COHU,COHU,USD,2026-06-09,54.9900016784668,54.9900016784668
COHU,COHU,USD,2026-06-10,54.470001220703125,54.470001220703125
COHU,COHU,USD,2026-06-11,58.56999969482422,58.56999969482422
COHU,COHU,USD,2026-06-12,61.33000183105469,61.33000183105469
COHU,COHU,USD,2026-06-15,64.05000305175781,64.05000305175781
COHU,COHU,USD,2026-06-16,62.40999984741211,62.40999984741211
COHU,COHU,USD,2026-06-17,65.44999694824219,65.44999694824219
COHU,COHU,USD,2026-06-18,69.4000015258789,69.4000015258789
COHU,COHU,USD,2026-06-22,70.06999969482422,70.06999969482422
COHU,COHU,USD,2026-06-23,64.37000274658203,64.37000274658203
COHU,COHU,USD,2026-06-24,63.65999984741211,63.65999984741211
COHU,COHU,USD,2026-06-25,67.36000061035156,67.36000061035156
COHU,COHU,USD,2026-06-26,64.08000183105469,64.08000183105469
COHU,COHU,USD,2026-06-29,68.12000274658203,68.12000274658203
COHU,COHU,USD,2026-06-30,73.91000366210938,73.91000366210938
COHU,COHU,USD,2026-07-01,69.11000061035156,69.11000061035156
COHU,COHU,USD,2026-07-02,59.27000045776367,59.27000045776367
COHU,COHU,USD,2026-07-06,58.70000076293945,58.70000076293945
COHU,COHU,USD,2026-07-07,50.970001220703125,50.970001220703125
COHU,COHU,USD,2026-07-08,52.119998931884766,52.119998931884766
COHU,COHU,USD,2026-07-09,55.13999938964844,55.13999938964844
COHU,COHU,USD,2026-07-10,56.16999816894531,56.16999816894531
CRDO,CRDO,USD,2026-05-20,182.97999572753906,182.97999572753906
CRDO,CRDO,USD,2026-05-21,193.38999938964844,193.38999938964844
CRDO,CRDO,USD,2026-05-22,218.41000366210938,218.41000366210938
CRDO,CRDO,USD,2026-05-26,221.63999938964844,221.63999938964844
CRDO,CRDO,USD,2026-05-27,221.22999572753906,221.22999572753906
CRDO,CRDO,USD,2026-05-28,222.35000610351562,222.35000610351562
CRDO,CRDO,USD,2026-05-29,236.02999877929688,236.02999877929688
CRDO,CRDO,USD,2026-06-01,226.10000610351562,226.10000610351562
CRDO,CRDO,USD,2026-06-02,229.0,229.0
CRDO,CRDO,USD,2026-06-03,214.60000610351562,214.60000610351562
CRDO,CRDO,USD,2026-06-04,217.5,217.5
CRDO,CRDO,USD,2026-06-05,206.88999938964844,206.88999938964844
CRDO,CRDO,USD,2026-06-08,222.27000427246094,222.27000427246094
CRDO,CRDO,USD,2026-06-09,234.32000732421875,234.32000732421875
CRDO,CRDO,USD,2026-06-10,237.67999267578125,237.67999267578125
CRDO,CRDO,USD,2026-06-11,264.760009765625,264.760009765625
CRDO,CRDO,USD,2026-06-12,250.80999755859375,250.80999755859375
CRDO,CRDO,USD,2026-06-15,259.4100036621094,259.4100036621094
CRDO,CRDO,USD,2026-06-16,239.17999267578125,239.17999267578125
CRDO,CRDO,USD,2026-06-17,249.3300018310547,249.3300018310547
CRDO,CRDO,USD,2026-06-18,271.8299865722656,271.8299865722656
CRDO,CRDO,USD,2026-06-22,302.5199890136719,302.5199890136719
CRDO,CRDO,USD,2026-06-23,272.0050048828125,272.0050048828125
CRDO,CRDO,USD,2026-06-24,268.989990234375,268.989990234375
CRDO,CRDO,USD,2026-06-25,268.0299987792969,268.0299987792969
CRDO,CRDO,USD,2026-06-26,238.0,238.0
CRDO,CRDO,USD,2026-06-29,245.67999267578125,245.67999267578125
CRDO,CRDO,USD,2026-06-30,271.95001220703125,271.95001220703125
CRDO,CRDO,USD,2026-07-01,259.0899963378906,259.0899963378906
CRDO,CRDO,USD,2026-07-02,241.91000366210938,241.91000366210938
CRDO,CRDO,USD,2026-07-06,265.54998779296875,265.54998779296875
CRDO,CRDO,USD,2026-07-07,246.39999389648438,246.39999389648438
CRDO,CRDO,USD,2026-07-08,258.69000244140625,258.69000244140625
CRDO,CRDO,USD,2026-07-09,265.6499938964844,265.6499938964844
CRDO,CRDO,USD,2026-07-10,257.7900085449219,257.7900085449219
CRWD,CRWD,USD,2026-05-20,162.52749633789062,162.52749633789062
CRWD,CRWD,USD,2026-05-21,162.0574951171875,162.0574951171875
CRWD,CRWD,USD,2026-05-22,165.86500549316406,165.86500549316406
CRWD,CRWD,USD,2026-05-26,167.8874969482422,167.8874969482422
CRWD,CRWD,USD,2026-05-27,161.33999633789062,161.33999633789062
CRWD,CRWD,USD,2026-05-28,167.75,167.75
CRWD,CRWD,USD,2026-05-29,182.75,182.75
CRWD,CRWD,USD,2026-06-01,195.54249572753906,195.54249572753906
CRWD,CRWD,USD,2026-06-02,192.2375030517578,192.2375030517578
CRWD,CRWD,USD,2026-06-03,186.90249633789062,186.90249633789062
CRWD,CRWD,USD,2026-06-04,179.7725067138672,179.7725067138672
CRWD,CRWD,USD,2026-06-05,167.7550048828125,167.7550048828125
CRWD,CRWD,USD,2026-06-08,164.69749450683594,164.69749450683594
CRWD,CRWD,USD,2026-06-09,161.2324981689453,161.2324981689453
CRWD,CRWD,USD,2026-06-10,161.93499755859375,161.93499755859375
CRWD,CRWD,USD,2026-06-11,172.88250732421875,172.88250732421875
CRWD,CRWD,USD,2026-06-12,170.6999969482422,170.6999969482422
CRWD,CRWD,USD,2026-06-15,173.2274932861328,173.2274932861328
CRWD,CRWD,USD,2026-06-16,169.87249755859375,169.87249755859375
CRWD,CRWD,USD,2026-06-17,170.74000549316406,170.74000549316406
CRWD,CRWD,USD,2026-06-18,171.21499633789062,171.21499633789062
CRWD,CRWD,USD,2026-06-22,168.86000061035156,168.86000061035156
CRWD,CRWD,USD,2026-06-23,170.22999572753906,170.22999572753906
CRWD,CRWD,USD,2026-06-24,168.2550048828125,168.2550048828125
CRWD,CRWD,USD,2026-06-25,169.66250610351562,169.66250610351562
CRWD,CRWD,USD,2026-06-26,175.2725067138672,175.2725067138672
CRWD,CRWD,USD,2026-06-29,185.7274932861328,185.7274932861328
CRWD,CRWD,USD,2026-06-30,190.78500366210938,190.78500366210938
CRWD,CRWD,USD,2026-07-01,193.18499755859375,193.18499755859375
CRWD,CRWD,USD,2026-07-02,193.97999572753906,193.97999572753906
CRWD,CRWD,USD,2026-07-06,199.3800048828125,199.3800048828125
CRWD,CRWD,USD,2026-07-07,194.6199951171875,194.6199951171875
CRWD,CRWD,USD,2026-07-08,191.1199951171875,191.1199951171875
CRWD,CRWD,USD,2026-07-09,198.39999389648438,198.39999389648438
CRWD,CRWD,USD,2026-07-10,187.17999267578125,187.17999267578125
CRWV,CRWV,USD,2026-05-20,101.27999877929688,101.27999877929688
CRWV,CRWV,USD,2026-05-21,107.58000183105469,107.58000183105469
CRWV,CRWV,USD,2026-05-22,105.48999786376953,105.48999786376953
CRWV,CRWV,USD,2026-05-26,105.88999938964844,105.88999938964844
CRWV,CRWV,USD,2026-05-27,104.2699966430664,104.2699966430664
CRWV,CRWV,USD,2026-05-28,106.86000061035156,106.86000061035156
CRWV,CRWV,USD,2026-05-29,109.52999877929688,109.52999877929688
CRWV,CRWV,USD,2026-06-01,124.81999969482422,124.81999969482422
CRWV,CRWV,USD,2026-06-02,119.2699966430664,119.2699966430664
CRWV,CRWV,USD,2026-06-03,110.93000030517578,110.93000030517578
CRWV,CRWV,USD,2026-06-04,108.02999877929688,108.02999877929688
CRWV,CRWV,USD,2026-06-05,100.38999938964844,100.38999938964844
CRWV,CRWV,USD,2026-06-08,102.37000274658203,102.37000274658203
CRWV,CRWV,USD,2026-06-09,98.44999694824219,98.44999694824219
CRWV,CRWV,USD,2026-06-10,95.61000061035156,95.61000061035156
CRWV,CRWV,USD,2026-06-11,95.73999786376953,95.73999786376953
CRWV,CRWV,USD,2026-06-12,100.55000305175781,100.55000305175781
CRWV,CRWV,USD,2026-06-15,106.70999908447266,106.70999908447266
CRWV,CRWV,USD,2026-06-16,117.02999877929688,117.02999877929688
CRWV,CRWV,USD,2026-06-17,115.20999908447266,115.20999908447266
CRWV,CRWV,USD,2026-06-18,117.94999694824219,117.94999694824219
CRWV,CRWV,USD,2026-06-22,111.29000091552734,111.29000091552734
CRWV,CRWV,USD,2026-06-23,105.72000122070312,105.72000122070312
CRWV,CRWV,USD,2026-06-24,100.87999725341797,100.87999725341797
CRWV,CRWV,USD,2026-06-25,98.76000213623047,98.76000213623047
CRWV,CRWV,USD,2026-06-26,96.58000183105469,96.58000183105469
CRWV,CRWV,USD,2026-06-29,95.51000213623047,95.51000213623047
CRWV,CRWV,USD,2026-06-30,99.54000091552734,99.54000091552734
CRWV,CRWV,USD,2026-07-01,85.68499755859375,85.68499755859375
CRWV,CRWV,USD,2026-07-02,81.74500274658203,81.74500274658203
CRWV,CRWV,USD,2026-07-06,86.45999908447266,86.45999908447266
CRWV,CRWV,USD,2026-07-07,83.52999877929688,83.52999877929688
CRWV,CRWV,USD,2026-07-08,90.0,90.0
CRWV,CRWV,USD,2026-07-09,89.69999694824219,89.69999694824219
CRWV,CRWV,USD,2026-07-10,88.87999725341797,88.87999725341797
CSCO,CSCO,USD,2026-05-20,113.92381286621094,114.3499984741211
CSCO,CSCO,USD,2026-05-21,117.75946044921875,118.19999694824219
CSCO,CSCO,USD,2026-05-22,119.96123504638672,120.41000366210938
CSCO,CSCO,USD,2026-05-26,117.88898468017578,118.33000183105469
CSCO,CSCO,USD,2026-05-27,119.22398376464844,119.66999816894531
CSCO,CSCO,USD,2026-05-28,118.19782257080078,118.63999938964844
CSCO,CSCO,USD,2026-05-29,119.97119140625,120.41999816894531
CSCO,CSCO,USD,2026-06-01,120.87779998779297,121.33000183105469
CSCO,CSCO,USD,2026-06-02,127.52294158935547,128.0
CSCO,CSCO,USD,2026-06-03,126.02853393554688,126.5
CSCO,CSCO,USD,2026-06-04,129.51548767089844,130.0
CSCO,CSCO,USD,2026-06-05,121.1866455078125,121.63999938964844
CSCO,CSCO,USD,2026-06-08,123.68729400634766,124.1500015258789
CSCO,CSCO,USD,2026-06-09,119.91141510009766,120.36000061035156
CSCO,CSCO,USD,2026-06-10,118.35723114013672,118.80000305175781
CSCO,CSCO,USD,2026-06-11,121.37593841552734,121.83000183105469
CSCO,CSCO,USD,2026-06-12,120.6486587524414,121.0999984741211
CSCO,CSCO,USD,2026-06-15,119.72212219238281,120.16999816894531
CSCO,CSCO,USD,2026-06-16,119.12435913085938,119.56999969482422
CSCO,CSCO,USD,2026-06-17,116.89270782470703,117.33000183105469
CSCO,CSCO,USD,2026-06-18,119.09447479248047,119.54000091552734
CSCO,CSCO,USD,2026-06-22,121.07705688476562,121.52999877929688
CSCO,CSCO,USD,2026-06-23,120.69847106933594,121.1500015258789
CSCO,CSCO,USD,2026-06-24,119.28376770019531,119.7300033569336
CSCO,CSCO,USD,2026-06-25,118.52659606933594,118.97000122070312
CSCO,CSCO,USD,2026-06-26,113.3459701538086,113.7699966430664
CSCO,CSCO,USD,2026-06-29,117.2613296508789,117.69999694824219
CSCO,CSCO,USD,2026-06-30,117.02222442626953,117.45999908447266
CSCO,CSCO,USD,2026-07-01,116.57390594482422,117.01000213623047
CSCO,CSCO,USD,2026-07-02,112.27000427246094,112.69000244140625
CSCO,CSCO,USD,2026-07-06,113.9800033569336,113.9800033569336
CSCO,CSCO,USD,2026-07-07,111.79000091552734,111.79000091552734
CSCO,CSCO,USD,2026-07-08,113.81999969482422,113.81999969482422
CSCO,CSCO,USD,2026-07-09,118.30999755859375,118.30999755859375
CSCO,CSCO,USD,2026-07-10,121.30999755859375,121.30999755859375
DCI,DCI,USD,2026-05-20,82.64277648925781,82.94999694824219
DCI,DCI,USD,2026-05-21,82.31400299072266,82.62000274658203
DCI,DCI,USD,2026-05-22,83.35015106201172,83.66000366210938
DCI,DCI,USD,2026-05-26,84.44607543945312,84.76000213623047
DCI,DCI,USD,2026-05-27,83.40992736816406,83.72000122070312
DCI,DCI,USD,2026-05-28,83.04129028320312,83.3499984741211
DCI,DCI,USD,2026-05-29,81.56678009033203,81.87000274658203
DCI,DCI,USD,2026-06-01,81.48707580566406,81.79000091552734
DCI,DCI,USD,2026-06-02,85.32281494140625,85.63999938964844
DCI,DCI,USD,2026-06-03,84.9242935180664,85.23999786376953
DCI,DCI,USD,2026-06-04,83.73870849609375,84.05000305175781
DCI,DCI,USD,2026-06-05,83.3401870727539,83.6500015258789
DCI,DCI,USD,2026-06-08,83.6689682006836,83.9800033569336
DCI,DCI,USD,2026-06-09,85.84088897705078,86.16000366210938
DCI,DCI,USD,2026-06-10,83.25051879882812,83.55999755859375
DCI,DCI,USD,2026-06-11,85.07373809814453,85.38999938964844
DCI,DCI,USD,2026-06-12,86.08000183105469,86.4000015258789
DCI,DCI,USD,2026-06-15,86.43000030517578,86.43000030517578
DCI,DCI,USD,2026-06-16,86.79000091552734,86.79000091552734
DCI,DCI,USD,2026-06-17,85.3499984741211,85.3499984741211
DCI,DCI,USD,2026-06-18,85.5199966430664,85.5199966430664
DCI,DCI,USD,2026-06-22,85.94999694824219,85.94999694824219
DCI,DCI,USD,2026-06-23,84.63999938964844,84.63999938964844
DCI,DCI,USD,2026-06-24,86.06999969482422,86.06999969482422
DCI,DCI,USD,2026-06-25,89.11000061035156,89.11000061035156
DCI,DCI,USD,2026-06-26,88.5199966430664,88.5199966430664
DCI,DCI,USD,2026-06-29,88.4000015258789,88.4000015258789
DCI,DCI,USD,2026-06-30,89.7699966430664,89.7699966430664
DCI,DCI,USD,2026-07-01,88.5199966430664,88.5199966430664
DCI,DCI,USD,2026-07-02,89.08999633789062,89.08999633789062
DCI,DCI,USD,2026-07-06,91.37000274658203,91.37000274658203
DCI,DCI,USD,2026-07-07,89.54000091552734,89.54000091552734
DCI,DCI,USD,2026-07-08,87.68000030517578,87.68000030517578
DCI,DCI,USD,2026-07-09,88.5199966430664,88.5199966430664
DCI,DCI,USD,2026-07-10,89.23999786376953,89.23999786376953
DELL,DELL,USD,2026-05-20,242.92999267578125,242.92999267578125
DELL,DELL,USD,2026-05-21,252.8000030517578,252.8000030517578
DELL,DELL,USD,2026-05-22,295.19000244140625,295.19000244140625
DELL,DELL,USD,2026-05-26,305.0799865722656,305.0799865722656
DELL,DELL,USD,2026-05-27,305.32000732421875,305.32000732421875
DELL,DELL,USD,2026-05-28,317.04998779296875,317.04998779296875
DELL,DELL,USD,2026-05-29,420.9100036621094,420.9100036621094
DELL,DELL,USD,2026-06-01,465.9599914550781,465.9599914550781
DELL,DELL,USD,2026-06-02,435.30999755859375,435.30999755859375
DELL,DELL,USD,2026-06-03,421.0799865722656,421.0799865722656
DELL,DELL,USD,2026-06-04,422.04998779296875,422.04998779296875
DELL,DELL,USD,2026-06-05,394.3900146484375,394.3900146484375
DELL,DELL,USD,2026-06-08,400.7699890136719,400.7699890136719
DELL,DELL,USD,2026-06-09,381.7799987792969,381.7799987792969
DELL,DELL,USD,2026-06-10,369.8299865722656,369.8299865722656
DELL,DELL,USD,2026-06-11,391.45001220703125,391.45001220703125
DELL,DELL,USD,2026-06-12,395.57000732421875,395.57000732421875
DELL,DELL,USD,2026-06-15,409.07000732421875,409.07000732421875
DELL,DELL,USD,2026-06-16,404.0799865722656,404.0799865722656
DELL,DELL,USD,2026-06-17,419.32000732421875,419.32000732421875
DELL,DELL,USD,2026-06-18,409.5,409.5
DELL,DELL,USD,2026-06-22,418.7099914550781,418.7099914550781
DELL,DELL,USD,2026-06-23,427.7799987792969,427.7799987792969
DELL,DELL,USD,2026-06-24,434.05999755859375,434.05999755859375
DELL,DELL,USD,2026-06-25,409.45001220703125,409.45001220703125
DELL,DELL,USD,2026-06-26,399.489990234375,399.489990234375
DELL,DELL,USD,2026-06-29,414.6099853515625,414.6099853515625
DELL,DELL,USD,2026-06-30,431.4599914550781,431.4599914550781
DELL,DELL,USD,2026-07-01,425.25,425.25
DELL,DELL,USD,2026-07-02,394.32000732421875,394.32000732421875
DELL,DELL,USD,2026-07-06,411.79998779296875,411.79998779296875
DELL,DELL,USD,2026-07-07,417.2799987792969,417.2799987792969
DELL,DELL,USD,2026-07-08,431.9700012207031,431.9700012207031
DELL,DELL,USD,2026-07-09,450.2200012207031,450.2200012207031
DELL,DELL,USD,2026-07-10,434.9700012207031,434.9700012207031
DIOD,DIOD,USD,2026-05-20,97.1500015258789,97.1500015258789
DIOD,DIOD,USD,2026-05-21,96.30000305175781,96.30000305175781
DIOD,DIOD,USD,2026-05-22,99.6500015258789,99.6500015258789
DIOD,DIOD,USD,2026-05-26,108.23999786376953,108.23999786376953
DIOD,DIOD,USD,2026-05-27,109.12999725341797,109.12999725341797
DIOD,DIOD,USD,2026-05-28,109.88999938964844,109.88999938964844
DIOD,DIOD,USD,2026-05-29,105.31999969482422,105.31999969482422
DIOD,DIOD,USD,2026-06-01,101.95999908447266,101.95999908447266
DIOD,DIOD,USD,2026-06-02,114.12999725341797,114.12999725341797
DIOD,DIOD,USD,2026-06-03,116.22000122070312,116.22000122070312
DIOD,DIOD,USD,2026-06-04,112.5,112.5
DIOD,DIOD,USD,2026-06-05,101.05999755859375,101.05999755859375
DIOD,DIOD,USD,2026-06-08,104.66000366210938,104.66000366210938
DIOD,DIOD,USD,2026-06-09,103.51000213623047,103.51000213623047
DIOD,DIOD,USD,2026-06-10,100.44999694824219,100.44999694824219
DIOD,DIOD,USD,2026-06-11,106.83999633789062,106.83999633789062
DIOD,DIOD,USD,2026-06-12,108.75,108.75
DIOD,DIOD,USD,2026-06-15,113.1500015258789,113.1500015258789
DIOD,DIOD,USD,2026-06-16,109.52999877929688,109.52999877929688
DIOD,DIOD,USD,2026-06-17,108.80000305175781,108.80000305175781
DIOD,DIOD,USD,2026-06-18,119.45999908447266,119.45999908447266
DIOD,DIOD,USD,2026-06-22,122.76000213623047,122.76000213623047
DIOD,DIOD,USD,2026-06-23,112.08000183105469,112.08000183105469
DIOD,DIOD,USD,2026-06-24,113.04000091552734,113.04000091552734
DIOD,DIOD,USD,2026-06-25,114.97000122070312,114.97000122070312
DIOD,DIOD,USD,2026-06-26,104.13999938964844,104.13999938964844
DIOD,DIOD,USD,2026-06-29,103.91000366210938,103.91000366210938
DIOD,DIOD,USD,2026-06-30,109.44000244140625,109.44000244140625
DIOD,DIOD,USD,2026-07-01,105.38999938964844,105.38999938964844
DIOD,DIOD,USD,2026-07-02,96.25,96.25
DIOD,DIOD,USD,2026-07-06,97.63999938964844,97.63999938964844
DIOD,DIOD,USD,2026-07-07,91.56999969482422,91.56999969482422
DIOD,DIOD,USD,2026-07-08,92.7699966430664,92.7699966430664
DIOD,DIOD,USD,2026-07-09,94.80000305175781,94.80000305175781
DIOD,DIOD,USD,2026-07-10,96.37999725341797,96.37999725341797
DLR,DLR,USD,2026-05-20,189.3872833251953,190.64999389648438
DLR,DLR,USD,2026-05-21,192.98330688476562,194.27000427246094
DLR,DLR,USD,2026-05-22,190.75814819335938,192.02999877929688
DLR,DLR,USD,2026-05-26,192.3872833251953,193.6699981689453
DLR,DLR,USD,2026-05-27,190.44027709960938,191.7100067138672
DLR,DLR,USD,2026-05-28,190.162109375,191.42999267578125
DLR,DLR,USD,2026-05-29,188.74159240722656,190.0
DLR,DLR,USD,2026-06-01,183.7747039794922,185.0
DLR,DLR,USD,2026-06-02,186.0197296142578,187.25999450683594
DLR,DLR,USD,2026-06-03,182.28463745117188,183.5
DLR,DLR,USD,2026-06-04,187.4501953125,188.6999969482422
DLR,DLR,USD,2026-06-05,185.55284118652344,186.7899932861328
DLR,DLR,USD,2026-06-08,180.94357299804688,182.14999389648438
DLR,DLR,USD,2026-06-09,183.70516967773438,184.92999267578125
DLR,DLR,USD,2026-06-10,179.58265686035156,180.77999877929688
DLR,DLR,USD,2026-06-11,181.62901306152344,182.83999633789062
DLR,DLR,USD,2026-06-12,182.97999572753906,184.1999969482422
DLR,DLR,USD,2026-06-15,184.89999389648438,184.89999389648438
DLR,DLR,USD,2026-06-16,190.4499969482422,190.4499969482422
DLR,DLR,USD,2026-06-17,187.0800018310547,187.0800018310547
DLR,DLR,USD,2026-06-18,188.14999389648438,188.14999389648438
DLR,DLR,USD,2026-06-22,195.5399932861328,195.5399932861328
DLR,DLR,USD,2026-06-23,195.0,195.0
DLR,DLR,USD,2026-06-24,193.02000427246094,193.02000427246094
DLR,DLR,USD,2026-06-25,192.44000244140625,192.44000244140625
DLR,DLR,USD,2026-06-26,193.0,193.0
DLR,DLR,USD,2026-06-29,190.5800018310547,190.5800018310547
DLR,DLR,USD,2026-06-30,179.5800018310547,179.5800018310547
DLR,DLR,USD,2026-07-01,176.32000732421875,176.32000732421875
DLR,DLR,USD,2026-07-02,173.3000030517578,173.3000030517578
DLR,DLR,USD,2026-07-06,173.6999969482422,173.6999969482422
DLR,DLR,USD,2026-07-07,174.89999389648438,174.89999389648438
DLR,DLR,USD,2026-07-08,176.3000030517578,176.3000030517578
DLR,DLR,USD,2026-07-09,179.3300018310547,179.3300018310547
DLR,DLR,USD,2026-07-10,180.41000366210938,180.41000366210938
DOV,DOV,USD,2026-05-20,210.4637451171875,210.97999572753906
DOV,DOV,USD,2026-05-21,207.2615966796875,207.77000427246094
DOV,DOV,USD,2026-05-22,209.38638305664062,209.89999389648438
DOV,DOV,USD,2026-05-26,214.8729248046875,215.39999389648438
DOV,DOV,USD,2026-05-27,212.84788513183594,213.3699951171875
DOV,DOV,USD,2026-05-28,211.989990234375,212.50999450683594
DOV,DOV,USD,2026-05-29,211.36000061035156,211.36000061035156
DOV,DOV,USD,2026-06-01,207.5399932861328,207.5399932861328
DOV,DOV,USD,2026-06-02,211.83999633789062,211.83999633789062
DOV,DOV,USD,2026-06-03,213.50999450683594,213.50999450683594
DOV,DOV,USD,2026-06-04,213.47000122070312,213.47000122070312
DOV,DOV,USD,2026-06-05,214.75999450683594,214.75999450683594
DOV,DOV,USD,2026-06-08,216.19000244140625,216.19000244140625
DOV,DOV,USD,2026-06-09,220.97000122070312,220.97000122070312
DOV,DOV,USD,2026-06-10,213.75999450683594,213.75999450683594
DOV,DOV,USD,2026-06-11,218.52999877929688,218.52999877929688
DOV,DOV,USD,2026-06-12,217.42999267578125,217.42999267578125
DOV,DOV,USD,2026-06-15,220.6699981689453,220.6699981689453
DOV,DOV,USD,2026-06-16,222.6300048828125,222.6300048828125
DOV,DOV,USD,2026-06-17,220.7899932861328,220.7899932861328
DOV,DOV,USD,2026-06-18,223.57000732421875,223.57000732421875
DOV,DOV,USD,2026-06-22,229.39999389648438,229.39999389648438
DOV,DOV,USD,2026-06-23,223.5399932861328,223.5399932861328
DOV,DOV,USD,2026-06-24,224.30999755859375,224.30999755859375
DOV,DOV,USD,2026-06-25,230.72999572753906,230.72999572753906
DOV,DOV,USD,2026-06-26,225.9600067138672,225.9600067138672
DOV,DOV,USD,2026-06-29,224.0,224.0
DOV,DOV,USD,2026-06-30,224.27999877929688,224.27999877929688
DOV,DOV,USD,2026-07-01,217.1699981689453,217.1699981689453
DOV,DOV,USD,2026-07-02,213.7100067138672,213.7100067138672
DOV,DOV,USD,2026-07-06,214.74000549316406,214.74000549316406
DOV,DOV,USD,2026-07-07,214.0500030517578,214.0500030517578
DOV,DOV,USD,2026-07-08,211.47000122070312,211.47000122070312
DOV,DOV,USD,2026-07-09,211.57000732421875,211.57000732421875
DOV,DOV,USD,2026-07-10,215.3300018310547,215.3300018310547
DSCSY,DSCSY,USD,2026-05-20,39.7400016784668,39.7400016784668
DSCSY,DSCSY,USD,2026-05-21,42.25,42.25
DSCSY,DSCSY,USD,2026-05-22,41.720001220703125,41.720001220703125
DSCSY,DSCSY,USD,2026-05-26,42.79999923706055,42.79999923706055
DSCSY,DSCSY,USD,2026-05-27,42.349998474121094,42.349998474121094
DSCSY,DSCSY,USD,2026-05-28,42.619998931884766,42.619998931884766
DSCSY,DSCSY,USD,2026-05-29,41.15999984741211,41.15999984741211
DSCSY,DSCSY,USD,2026-06-01,40.33000183105469,40.33000183105469
DSCSY,DSCSY,USD,2026-06-02,41.06999969482422,41.06999969482422
DSCSY,DSCSY,USD,2026-06-03,43.27000045776367,43.27000045776367
DSCSY,DSCSY,USD,2026-06-04,45.0099983215332,45.0099983215332
DSCSY,DSCSY,USD,2026-06-05,42.11000061035156,42.11000061035156
DSCSY,DSCSY,USD,2026-06-08,43.939998626708984,43.939998626708984
DSCSY,DSCSY,USD,2026-06-09,44.34000015258789,44.34000015258789
DSCSY,DSCSY,USD,2026-06-10,42.90999984741211,42.90999984741211
DSCSY,DSCSY,USD,2026-06-11,46.02000045776367,46.02000045776367
DSCSY,DSCSY,USD,2026-06-12,50.720001220703125,50.720001220703125
DSCSY,DSCSY,USD,2026-06-15,53.86000061035156,53.86000061035156
DSCSY,DSCSY,USD,2026-06-16,50.11000061035156,50.11000061035156
DSCSY,DSCSY,USD,2026-06-17,52.220001220703125,52.220001220703125
DSCSY,DSCSY,USD,2026-06-18,54.97999954223633,54.97999954223633
DSCSY,DSCSY,USD,2026-06-22,55.38999938964844,55.38999938964844
DSCSY,DSCSY,USD,2026-06-23,50.45000076293945,50.45000076293945
DSCSY,DSCSY,USD,2026-06-24,49.13999938964844,49.13999938964844
DSCSY,DSCSY,USD,2026-06-25,51.529998779296875,51.529998779296875
DSCSY,DSCSY,USD,2026-06-26,48.849998474121094,48.849998474121094
DSCSY,DSCSY,USD,2026-06-29,51.189998626708984,51.189998626708984
DSCSY,DSCSY,USD,2026-06-30,52.369998931884766,52.369998931884766
DSCSY,DSCSY,USD,2026-07-01,48.0,48.0
DSCSY,DSCSY,USD,2026-07-02,45.125,45.125
DSCSY,DSCSY,USD,2026-07-06,48.16999816894531,48.16999816894531
DSCSY,DSCSY,USD,2026-07-07,43.20000076293945,43.20000076293945
DSCSY,DSCSY,USD,2026-07-08,42.70000076293945,42.70000076293945
DSCSY,DSCSY,USD,2026-07-09,45.43000030517578,45.43000030517578
DSCSY,DSCSY,USD,2026-07-10,45.41999816894531,45.41999816894531
DTE,DTE,USD,2026-05-20,141.642822265625,142.77000427246094
DTE,DTE,USD,2026-05-21,142.61508178710938,143.75
DTE,DTE,USD,2026-05-22,144.15284729003906,145.3000030517578
DTE,DTE,USD,2026-05-26,143.47821044921875,144.6199951171875
DTE,DTE,USD,2026-05-27,144.12307739257812,145.27000427246094
DTE,DTE,USD,2026-05-28,142.2480010986328,143.3800048828125
DTE,DTE,USD,2026-05-29,141.7420196533203,142.8699951171875
DTE,DTE,USD,2026-06-01,138.7260284423828,139.8300018310547
DTE,DTE,USD,2026-06-02,141.5237579345703,142.64999389648438
DTE,DTE,USD,2026-06-03,140.69039916992188,141.80999755859375
DTE,DTE,USD,2026-06-04,141.60311889648438,142.72999572753906
DTE,DTE,USD,2026-06-05,144.619140625,145.77000427246094
DTE,DTE,USD,2026-06-08,141.98013305664062,143.11000061035156
DTE,DTE,USD,2026-06-09,144.79769897460938,145.9499969482422
DTE,DTE,USD,2026-06-10,144.91676330566406,146.07000732421875
DTE,DTE,USD,2026-06-11,144.6389617919922,145.7899932861328
DTE,DTE,USD,2026-06-12,146.256103515625,147.4199981689453
DTE,DTE,USD,2026-06-15,146.87120056152344,148.0399932861328
DTE,DTE,USD,2026-06-16,147.67481994628906,148.85000610351562
DTE,DTE,USD,2026-06-17,146.02792358398438,147.19000244140625
DTE,DTE,USD,2026-06-18,146.39498901367188,147.55999755859375
DTE,DTE,USD,2026-06-22,146.8300018310547,146.8300018310547
DTE,DTE,USD,2026-06-23,149.19000244140625,149.19000244140625
DTE,DTE,USD,2026-06-24,151.10000610351562,151.10000610351562
DTE,DTE,USD,2026-06-25,152.80999755859375,152.80999755859375
DTE,DTE,USD,2026-06-26,154.42999267578125,154.42999267578125
DTE,DTE,USD,2026-06-29,154.02000427246094,154.02000427246094
DTE,DTE,USD,2026-06-30,152.3699951171875,152.3699951171875
DTE,DTE,USD,2026-07-01,150.57000732421875,150.57000732421875
DTE,DTE,USD,2026-07-02,154.05999755859375,154.05999755859375
DTE,DTE,USD,2026-07-06,151.36000061035156,151.36000061035156
DTE,DTE,USD,2026-07-07,153.83999633789062,153.83999633789062
DTE,DTE,USD,2026-07-08,151.38999938964844,151.38999938964844
DTE,DTE,USD,2026-07-09,149.27000427246094,149.27000427246094
DTE,DTE,USD,2026-07-10,150.27000427246094,150.27000427246094
ECL,ECL,USD,2026-05-20,247.96420288085938,248.63999938964844
ECL,ECL,USD,2026-05-21,249.50001525878906,250.17999267578125
ECL,ECL,USD,2026-05-22,252.63148498535156,253.32000732421875
ECL,ECL,USD,2026-05-26,253.53900146484375,254.22999572753906
ECL,ECL,USD,2026-05-27,261.8663024902344,262.5799865722656
ECL,ECL,USD,2026-05-28,259.5426330566406,260.25
ECL,ECL,USD,2026-05-29,255.30419921875,256.0
ECL,ECL,USD,2026-06-01,249.7892303466797,250.47000122070312
ECL,ECL,USD,2026-06-02,255.56350708007812,256.260009765625
ECL,ECL,USD,2026-06-03,254.97509765625,255.6699981689453
ECL,ECL,USD,2026-06-04,253.63873291015625,254.3300018310547
ECL,ECL,USD,2026-06-05,257.26885986328125,257.9700012207031
ECL,ECL,USD,2026-06-08,256.7103576660156,257.4100036621094
ECL,ECL,USD,2026-06-09,263.72125244140625,264.44000244140625
ECL,ECL,USD,2026-06-10,256.29150390625,256.989990234375
ECL,ECL,USD,2026-06-11,262.9134521484375,263.6300048828125
ECL,ECL,USD,2026-06-12,264.6886291503906,265.4100036621094
ECL,ECL,USD,2026-06-15,267.8500061035156,268.5799865722656
ECL,ECL,USD,2026-06-16,273.8699951171875,273.8699951171875
ECL,ECL,USD,2026-06-17,269.05999755859375,269.05999755859375
ECL,ECL,USD,2026-06-18,269.1199951171875,269.1199951171875
ECL,ECL,USD,2026-06-22,269.3399963378906,269.3399963378906
ECL,ECL,USD,2026-06-23,268.6600036621094,268.6600036621094
ECL,ECL,USD,2026-06-24,276.2900085449219,276.2900085449219
ECL,ECL,USD,2026-06-25,281.20001220703125,281.20001220703125
ECL,ECL,USD,2026-06-26,283.6499938964844,283.6499938964844
ECL,ECL,USD,2026-06-29,278.6000061035156,278.6000061035156
ECL,ECL,USD,2026-06-30,278.6099853515625,278.6099853515625
ECL,ECL,USD,2026-07-01,278.3699951171875,278.3699951171875
ECL,ECL,USD,2026-07-02,283.3599853515625,283.3599853515625
ECL,ECL,USD,2026-07-06,283.7200012207031,283.7200012207031
ECL,ECL,USD,2026-07-07,283.0799865722656,283.0799865722656
ECL,ECL,USD,2026-07-08,274.1199951171875,274.1199951171875
ECL,ECL,USD,2026-07-09,273.0299987792969,273.0299987792969
ECL,ECL,USD,2026-07-10,274.30999755859375,274.30999755859375
EME,EME,USD,2026-05-20,853.1500244140625,853.1500244140625
EME,EME,USD,2026-05-21,849.2000122070312,849.2000122070312
EME,EME,USD,2026-05-22,848.9099731445312,848.9099731445312
EME,EME,USD,2026-05-26,861.4099731445312,861.4099731445312
EME,EME,USD,2026-05-27,855.260009765625,855.260009765625
EME,EME,USD,2026-05-28,848.4500122070312,848.4500122070312
EME,EME,USD,2026-05-29,826.8200073242188,826.8200073242188
EME,EME,USD,2026-06-01,830.9500122070312,830.9500122070312
EME,EME,USD,2026-06-02,827.280029296875,827.280029296875
EME,EME,USD,2026-06-03,839.5399780273438,839.5399780273438
EME,EME,USD,2026-06-04,845.4299926757812,845.4299926757812
EME,EME,USD,2026-06-05,817.4400024414062,817.4400024414062
EME,EME,USD,2026-06-08,823.7899780273438,823.7899780273438
EME,EME,USD,2026-06-09,827.780029296875,827.780029296875
EME,EME,USD,2026-06-10,776.719970703125,776.719970703125
EME,EME,USD,2026-06-11,811.530029296875,811.530029296875
EME,EME,USD,2026-06-12,823.0499877929688,823.0499877929688
EME,EME,USD,2026-06-15,842.2999877929688,842.2999877929688
EME,EME,USD,2026-06-16,834.77001953125,834.77001953125
EME,EME,USD,2026-06-17,827.5,827.5
EME,EME,USD,2026-06-18,836.5900268554688,836.5900268554688
EME,EME,USD,2026-06-22,868.8800048828125,868.8800048828125
EME,EME,USD,2026-06-23,838.6099853515625,838.6099853515625
EME,EME,USD,2026-06-24,847.1699829101562,847.1699829101562
EME,EME,USD,2026-06-25,862.6599731445312,862.6599731445312
EME,EME,USD,2026-06-26,798.0999755859375,798.0999755859375
EME,EME,USD,2026-06-29,814.4099731445312,814.4099731445312
EME,EME,USD,2026-06-30,829.8800048828125,829.8800048828125
EME,EME,USD,2026-07-01,804.3300170898438,804.3300170898438
EME,EME,USD,2026-07-02,774.6599731445312,774.6599731445312
EME,EME,USD,2026-07-06,787.2899780273438,787.2899780273438
EME,EME,USD,2026-07-07,768.3800048828125,768.3800048828125
EME,EME,USD,2026-07-08,768.97998046875,768.97998046875
EME,EME,USD,2026-07-09,783.4099731445312,783.4099731445312
EME,EME,USD,2026-07-10,781.780029296875,781.780029296875
ENPH,ENPH,USD,2026-05-20,53.150001525878906,53.150001525878906
ENPH,ENPH,USD,2026-05-21,62.34000015258789,62.34000015258789
ENPH,ENPH,USD,2026-05-22,64.02999877929688,64.02999877929688
ENPH,ENPH,USD,2026-05-26,66.9000015258789,66.9000015258789
ENPH,ENPH,USD,2026-05-27,70.27999877929688,70.27999877929688
ENPH,ENPH,USD,2026-05-28,69.5,69.5
ENPH,ENPH,USD,2026-05-29,68.36000061035156,68.36000061035156
ENPH,ENPH,USD,2026-06-01,63.7400016784668,63.7400016784668
ENPH,ENPH,USD,2026-06-02,72.33000183105469,72.33000183105469
ENPH,ENPH,USD,2026-06-03,69.0199966430664,69.0199966430664
ENPH,ENPH,USD,2026-06-04,68.38999938964844,68.38999938964844
ENPH,ENPH,USD,2026-06-05,56.06999969482422,56.06999969482422
ENPH,ENPH,USD,2026-06-08,56.880001068115234,56.880001068115234
ENPH,ENPH,USD,2026-06-09,53.5099983215332,53.5099983215332
ENPH,ENPH,USD,2026-06-10,50.56999969482422,50.56999969482422
ENPH,ENPH,USD,2026-06-11,54.93000030517578,54.93000030517578
ENPH,ENPH,USD,2026-06-12,54.59000015258789,54.59000015258789
ENPH,ENPH,USD,2026-06-15,52.400001525878906,52.400001525878906
ENPH,ENPH,USD,2026-06-16,50.2599983215332,50.2599983215332
ENPH,ENPH,USD,2026-06-17,47.779998779296875,47.779998779296875
ENPH,ENPH,USD,2026-06-18,52.279998779296875,52.279998779296875
ENPH,ENPH,USD,2026-06-22,52.40999984741211,52.40999984741211
ENPH,ENPH,USD,2026-06-23,47.220001220703125,47.220001220703125
ENPH,ENPH,USD,2026-06-24,47.81999969482422,47.81999969482422
ENPH,ENPH,USD,2026-06-25,47.209999084472656,47.209999084472656
ENPH,ENPH,USD,2026-06-26,47.58000183105469,47.58000183105469
ENPH,ENPH,USD,2026-06-29,48.34000015258789,48.34000015258789
ENPH,ENPH,USD,2026-06-30,49.2400016784668,49.2400016784668
ENPH,ENPH,USD,2026-07-01,46.84000015258789,46.84000015258789
ENPH,ENPH,USD,2026-07-02,43.06999969482422,43.06999969482422
ENPH,ENPH,USD,2026-07-06,44.54999923706055,44.54999923706055
ENPH,ENPH,USD,2026-07-07,42.9900016784668,42.9900016784668
ENPH,ENPH,USD,2026-07-08,43.02000045776367,43.02000045776367
ENPH,ENPH,USD,2026-07-09,44.88999938964844,44.88999938964844
ENPH,ENPH,USD,2026-07-10,44.83000183105469,44.83000183105469
ENS,ENS,USD,2026-05-20,214.31214904785156,214.55999755859375
ENS,ENS,USD,2026-05-21,238.634033203125,238.91000366210938
ENS,ENS,USD,2026-05-22,231.97174072265625,232.24000549316406
ENS,ENS,USD,2026-05-26,243.05889892578125,243.33999633789062
ENS,ENS,USD,2026-05-27,235.43772888183594,235.7100067138672
ENS,ENS,USD,2026-05-28,228.06625366210938,228.3300018310547
ENS,ENS,USD,2026-05-29,227.7066650390625,227.97000122070312
ENS,ENS,USD,2026-06-01,227.6267547607422,227.88999938964844
ENS,ENS,USD,2026-06-02,237.2356414794922,237.50999450683594
ENS,ENS,USD,2026-06-03,239.86260986328125,240.13999938964844
ENS,ENS,USD,2026-06-04,238.07467651367188,238.35000610351562
ENS,ENS,USD,2026-06-05,226.81768798828125,227.0800018310547
ENS,ENS,USD,2026-06-08,228.15614318847656,228.4199981689453
ENS,ENS,USD,2026-06-09,226.28829956054688,226.5500030517578
ENS,ENS,USD,2026-06-10,220.50498962402344,220.75999450683594
ENS,ENS,USD,2026-06-11,222.66249084472656,222.9199981689453
ENS,ENS,USD,2026-06-12,224.00094604492188,224.25999450683594
ENS,ENS,USD,2026-06-15,231.15267944335938,231.4199981689453
ENS,ENS,USD,2026-06-16,226.43812561035156,226.6999969482422
ENS,ENS,USD,2026-06-17,227.4169921875,227.67999267578125
ENS,ENS,USD,2026-06-18,227.9499969482422,227.9499969482422
ENS,ENS,USD,2026-06-22,232.94000244140625,232.94000244140625
ENS,ENS,USD,2026-06-23,223.42999267578125,223.42999267578125
ENS,ENS,USD,2026-06-24,218.94000244140625,218.94000244140625
ENS,ENS,USD,2026-06-25,226.33999633789062,226.33999633789062
ENS,ENS,USD,2026-06-26,221.89999389648438,221.89999389648438
ENS,ENS,USD,2026-06-29,224.1300048828125,224.1300048828125
ENS,ENS,USD,2026-06-30,233.82000732421875,233.82000732421875
ENS,ENS,USD,2026-07-01,220.4600067138672,220.4600067138672
ENS,ENS,USD,2026-07-02,206.67999267578125,206.67999267578125
ENS,ENS,USD,2026-07-06,213.30999755859375,213.30999755859375
ENS,ENS,USD,2026-07-07,195.97999572753906,195.97999572753906
ENS,ENS,USD,2026-07-08,199.67999267578125,199.67999267578125
ENS,ENS,USD,2026-07-09,206.2899932861328,206.2899932861328
ENS,ENS,USD,2026-07-10,205.67999267578125,205.67999267578125
ENTG,ENTG,USD,2026-05-20,127.69999694824219,127.69999694824219
ENTG,ENTG,USD,2026-05-21,131.38999938964844,131.38999938964844
ENTG,ENTG,USD,2026-05-22,135.27999877929688,135.27999877929688
ENTG,ENTG,USD,2026-05-26,142.1199951171875,142.1199951171875
ENTG,ENTG,USD,2026-05-27,140.0,140.0
ENTG,ENTG,USD,2026-05-28,138.44000244140625,138.44000244140625
ENTG,ENTG,USD,2026-05-29,138.7899932861328,138.7899932861328
ENTG,ENTG,USD,2026-06-01,135.72999572753906,135.72999572753906
ENTG,ENTG,USD,2026-06-02,142.9199981689453,142.9199981689453
ENTG,ENTG,USD,2026-06-03,140.3300018310547,140.3300018310547
ENTG,ENTG,USD,2026-06-04,139.8800048828125,139.8800048828125
ENTG,ENTG,USD,2026-06-05,125.41000366210938,125.41000366210938
ENTG,ENTG,USD,2026-06-08,132.7100067138672,132.7100067138672
ENTG,ENTG,USD,2026-06-09,134.35000610351562,134.35000610351562
ENTG,ENTG,USD,2026-06-10,128.8800048828125,128.8800048828125
ENTG,ENTG,USD,2026-06-11,144.9199981689453,144.9199981689453
ENTG,ENTG,USD,2026-06-12,150.52000427246094,150.52000427246094
ENTG,ENTG,USD,2026-06-15,162.88999938964844,162.88999938964844
ENTG,ENTG,USD,2026-06-16,151.61000061035156,151.61000061035156
ENTG,ENTG,USD,2026-06-17,157.33999633789062,157.33999633789062
ENTG,ENTG,USD,2026-06-18,178.77000427246094,178.77000427246094
ENTG,ENTG,USD,2026-06-22,184.0,184.0
ENTG,ENTG,USD,2026-06-23,168.22000122070312,168.22000122070312
ENTG,ENTG,USD,2026-06-24,171.4600067138672,171.4600067138672
ENTG,ENTG,USD,2026-06-25,176.27999877929688,176.27999877929688
ENTG,ENTG,USD,2026-06-26,161.42999267578125,161.42999267578125
ENTG,ENTG,USD,2026-06-29,171.0399932861328,171.0399932861328
ENTG,ENTG,USD,2026-06-30,179.86000061035156,179.86000061035156
ENTG,ENTG,USD,2026-07-01,165.19000244140625,165.19000244140625
ENTG,ENTG,USD,2026-07-02,146.66000366210938,146.66000366210938
ENTG,ENTG,USD,2026-07-06,145.1699981689453,145.1699981689453
ENTG,ENTG,USD,2026-07-07,135.0800018310547,135.0800018310547
ENTG,ENTG,USD,2026-07-08,138.72000122070312,138.72000122070312
ENTG,ENTG,USD,2026-07-09,146.10000610351562,146.10000610351562
ENTG,ENTG,USD,2026-07-10,145.35000610351562,145.35000610351562
EQIX,EQIX,USD,2026-05-20,1065.06005859375,1065.06005859375
EQIX,EQIX,USD,2026-05-21,1078.4200439453125,1078.4200439453125
EQIX,EQIX,USD,2026-05-22,1079.7900390625,1079.7900390625
EQIX,EQIX,USD,2026-05-26,1077.6300048828125,1077.6300048828125
EQIX,EQIX,USD,2026-05-27,1070.219970703125,1070.219970703125
EQIX,EQIX,USD,2026-05-28,1069.43994140625,1069.43994140625
EQIX,EQIX,USD,2026-05-29,1068.0400390625,1068.0400390625
EQIX,EQIX,USD,2026-06-01,1050.77001953125,1050.77001953125
EQIX,EQIX,USD,2026-06-02,1071.800048828125,1071.800048828125
EQIX,EQIX,USD,2026-06-03,1077.0,1077.0
EQIX,EQIX,USD,2026-06-04,1089.1500244140625,1089.1500244140625
EQIX,EQIX,USD,2026-06-05,1080.949951171875,1080.949951171875
EQIX,EQIX,USD,2026-06-08,1062.739990234375,1062.739990234375
EQIX,EQIX,USD,2026-06-09,1059.8399658203125,1059.8399658203125
EQIX,EQIX,USD,2026-06-10,1038.3299560546875,1038.3299560546875
EQIX,EQIX,USD,2026-06-11,1043.1800537109375,1043.1800537109375
EQIX,EQIX,USD,2026-06-12,1055.8499755859375,1055.8499755859375
EQIX,EQIX,USD,2026-06-15,1064.3800048828125,1064.3800048828125
EQIX,EQIX,USD,2026-06-16,1094.6800537109375,1094.6800537109375
EQIX,EQIX,USD,2026-06-17,1088.52001953125,1088.52001953125
EQIX,EQIX,USD,2026-06-18,1092.18994140625,1092.18994140625
EQIX,EQIX,USD,2026-06-22,1115.93994140625,1115.93994140625
EQIX,EQIX,USD,2026-06-23,1115.9300537109375,1115.9300537109375
EQIX,EQIX,USD,2026-06-24,1095.0,1095.0
EQIX,EQIX,USD,2026-06-25,1087.6099853515625,1087.6099853515625
EQIX,EQIX,USD,2026-06-26,1091.300048828125,1091.300048828125
EQIX,EQIX,USD,2026-06-29,1085.1700439453125,1085.1700439453125
EQIX,EQIX,USD,2026-06-30,1042.3900146484375,1042.3900146484375
EQIX,EQIX,USD,2026-07-01,1013.6199951171875,1013.6199951171875
EQIX,EQIX,USD,2026-07-02,1002.02001953125,1002.02001953125
EQIX,EQIX,USD,2026-07-06,998.8400268554688,998.8400268554688
EQIX,EQIX,USD,2026-07-07,1022.9299926757812,1022.9299926757812
EQIX,EQIX,USD,2026-07-08,1015.969970703125,1015.969970703125
EQIX,EQIX,USD,2026-07-09,1034.8699951171875,1034.8699951171875
EQIX,EQIX,USD,2026-07-10,1051.2099609375,1051.2099609375
ET,ET,USD,2026-05-20,20.15999984741211,20.15999984741211
ET,ET,USD,2026-05-21,20.010000228881836,20.010000228881836
ET,ET,USD,2026-05-22,20.06999969482422,20.06999969482422
ET,ET,USD,2026-05-26,19.600000381469727,19.600000381469727
ET,ET,USD,2026-05-27,19.329999923706055,19.329999923706055
ET,ET,USD,2026-05-28,19.420000076293945,19.420000076293945
ET,ET,USD,2026-05-29,19.170000076293945,19.170000076293945
ET,ET,USD,2026-06-01,19.270000457763672,19.270000457763672
ET,ET,USD,2026-06-02,19.540000915527344,19.540000915527344
ET,ET,USD,2026-06-03,19.549999237060547,19.549999237060547
ET,ET,USD,2026-06-04,19.6200008392334,19.6200008392334
ET,ET,USD,2026-06-05,19.389999389648438,19.389999389648438
ET,ET,USD,2026-06-08,19.34000015258789,19.34000015258789
ET,ET,USD,2026-06-09,19.059999465942383,19.059999465942383
ET,ET,USD,2026-06-10,19.040000915527344,19.040000915527344
ET,ET,USD,2026-06-11,18.760000228881836,18.760000228881836
ET,ET,USD,2026-06-12,19.06999969482422,19.06999969482422
ET,ET,USD,2026-06-15,18.90999984741211,18.90999984741211
ET,ET,USD,2026-06-16,18.90999984741211,18.90999984741211
ET,ET,USD,2026-06-17,18.75,18.75
ET,ET,USD,2026-06-18,18.75,18.75
ET,ET,USD,2026-06-22,18.889999389648438,18.889999389648438
ET,ET,USD,2026-06-23,19.219999313354492,19.219999313354492
ET,ET,USD,2026-06-24,18.940000534057617,18.940000534057617
ET,ET,USD,2026-06-25,19.18000030517578,19.18000030517578
ET,ET,USD,2026-06-26,19.170000076293945,19.170000076293945
ET,ET,USD,2026-06-29,19.059999465942383,19.059999465942383
ET,ET,USD,2026-06-30,19.1200008392334,19.1200008392334
ET,ET,USD,2026-07-01,19.049999237060547,19.049999237060547
ET,ET,USD,2026-07-02,19.329999923706055,19.329999923706055
ET,ET,USD,2026-07-06,19.25,19.25
ET,ET,USD,2026-07-07,19.809999465942383,19.809999465942383
ET,ET,USD,2026-07-08,19.860000610351562,19.860000610351562
ET,ET,USD,2026-07-09,19.790000915527344,19.790000915527344
ET,ET,USD,2026-07-10,19.65999984741211,19.65999984741211
ETN,ETN,USD,2026-05-20,379.69000244140625,379.69000244140625
ETN,ETN,USD,2026-05-21,381.510009765625,381.510009765625
ETN,ETN,USD,2026-05-22,391.3500061035156,391.3500061035156
ETN,ETN,USD,2026-05-26,403.1300048828125,403.1300048828125
ETN,ETN,USD,2026-05-27,406.3699951171875,406.3699951171875
ETN,ETN,USD,2026-05-28,401.94000244140625,401.94000244140625
ETN,ETN,USD,2026-05-29,400.6000061035156,400.6000061035156
ETN,ETN,USD,2026-06-01,400.0799865722656,400.0799865722656
ETN,ETN,USD,2026-06-02,417.6199951171875,417.6199951171875
ETN,ETN,USD,2026-06-03,421.2099914550781,421.2099914550781
ETN,ETN,USD,2026-06-04,418.6099853515625,418.6099853515625
ETN,ETN,USD,2026-06-05,395.94000244140625,395.94000244140625
ETN,ETN,USD,2026-06-08,403.1400146484375,403.1400146484375
ETN,ETN,USD,2026-06-09,401.7200012207031,401.7200012207031
ETN,ETN,USD,2026-06-10,375.4599914550781,375.4599914550781
ETN,ETN,USD,2026-06-11,393.6400146484375,393.6400146484375
ETN,ETN,USD,2026-06-12,391.3900146484375,391.3900146484375
ETN,ETN,USD,2026-06-15,407.05999755859375,407.05999755859375
ETN,ETN,USD,2026-06-16,407.7099914550781,407.7099914550781
ETN,ETN,USD,2026-06-17,409.6400146484375,409.6400146484375
ETN,ETN,USD,2026-06-18,421.7699890136719,421.7699890136719
ETN,ETN,USD,2026-06-22,435.7799987792969,435.7799987792969
ETN,ETN,USD,2026-06-23,405.2799987792969,405.2799987792969
ETN,ETN,USD,2026-06-24,404.5899963378906,404.5899963378906
ETN,ETN,USD,2026-06-25,419.8699951171875,419.8699951171875
ETN,ETN,USD,2026-06-26,402.67999267578125,402.67999267578125
ETN,ETN,USD,2026-06-29,408.260009765625,408.260009765625
ETN,ETN,USD,2026-06-30,426.1199951171875,426.1199951171875
ETN,ETN,USD,2026-07-01,412.30999755859375,412.30999755859375
ETN,ETN,USD,2026-07-02,398.5199890136719,398.5199890136719
ETN,ETN,USD,2026-07-06,413.4200134277344,413.4200134277344
ETN,ETN,USD,2026-07-07,395.67999267578125,395.67999267578125
ETN,ETN,USD,2026-07-08,399.55999755859375,399.55999755859375
ETN,ETN,USD,2026-07-09,405.8299865722656,405.8299865722656
ETN,ETN,USD,2026-07-10,407.2799987792969,407.2799987792969
ETR,ETR,USD,2026-05-20,111.93000030517578,111.93000030517578
ETR,ETR,USD,2026-05-21,112.2699966430664,112.2699966430664
ETR,ETR,USD,2026-05-22,112.4000015258789,112.4000015258789
ETR,ETR,USD,2026-05-26,111.97000122070312,111.97000122070312
ETR,ETR,USD,2026-05-27,111.51000213623047,111.51000213623047
ETR,ETR,USD,2026-05-28,109.62000274658203,109.62000274658203
ETR,ETR,USD,2026-05-29,109.05000305175781,109.05000305175781
ETR,ETR,USD,2026-06-01,104.97000122070312,104.97000122070312
ETR,ETR,USD,2026-06-02,107.5999984741211,107.5999984741211
ETR,ETR,USD,2026-06-03,108.66000366210938,108.66000366210938
ETR,ETR,USD,2026-06-04,109.27999877929688,109.27999877929688
ETR,ETR,USD,2026-06-05,110.73999786376953,110.73999786376953
ETR,ETR,USD,2026-06-08,108.11000061035156,108.11000061035156
ETR,ETR,USD,2026-06-09,109.66000366210938,109.66000366210938
ETR,ETR,USD,2026-06-10,110.4800033569336,110.4800033569336
ETR,ETR,USD,2026-06-11,109.88999938964844,109.88999938964844
ETR,ETR,USD,2026-06-12,111.11000061035156,111.11000061035156
ETR,ETR,USD,2026-06-15,111.08000183105469,111.08000183105469
ETR,ETR,USD,2026-06-16,112.38999938964844,112.38999938964844
ETR,ETR,USD,2026-06-17,110.86000061035156,110.86000061035156
ETR,ETR,USD,2026-06-18,111.11000061035156,111.11000061035156
ETR,ETR,USD,2026-06-22,112.19999694824219,112.19999694824219
ETR,ETR,USD,2026-06-23,113.80999755859375,113.80999755859375
ETR,ETR,USD,2026-06-24,114.69000244140625,114.69000244140625
ETR,ETR,USD,2026-06-25,115.37999725341797,115.37999725341797
ETR,ETR,USD,2026-06-26,115.91000366210938,115.91000366210938
ETR,ETR,USD,2026-06-29,116.33000183105469,116.33000183105469
ETR,ETR,USD,2026-06-30,114.86000061035156,114.86000061035156
ETR,ETR,USD,2026-07-01,112.86000061035156,112.86000061035156
ETR,ETR,USD,2026-07-02,115.11000061035156,115.11000061035156
ETR,ETR,USD,2026-07-06,113.83000183105469,113.83000183105469
ETR,ETR,USD,2026-07-07,115.19000244140625,115.19000244140625
ETR,ETR,USD,2026-07-08,114.33999633789062,114.33999633789062
ETR,ETR,USD,2026-07-09,113.93000030517578,113.93000030517578
ETR,ETR,USD,2026-07-10,115.05000305175781,115.05000305175781
FCEL,FCEL,USD,2026-05-20,20.219999313354492,20.219999313354492
FCEL,FCEL,USD,2026-05-21,26.3799991607666,26.3799991607666
FCEL,FCEL,USD,2026-05-22,25.010000228881836,25.010000228881836
FCEL,FCEL,USD,2026-05-26,24.399999618530273,24.399999618530273
FCEL,FCEL,USD,2026-05-27,23.690000534057617,23.690000534057617
FCEL,FCEL,USD,2026-05-28,24.389999389648438,24.389999389648438
FCEL,FCEL,USD,2026-05-29,21.65999984741211,21.65999984741211
FCEL,FCEL,USD,2026-06-01,21.309999465942383,21.309999465942383
FCEL,FCEL,USD,2026-06-02,24.639999389648438,24.639999389648438
FCEL,FCEL,USD,2026-06-03,21.809999465942383,21.809999465942383
FCEL,FCEL,USD,2026-06-04,21.399999618530273,21.399999618530273
FCEL,FCEL,USD,2026-06-05,17.329999923706055,17.329999923706055
FCEL,FCEL,USD,2026-06-08,15.5,15.5
FCEL,FCEL,USD,2026-06-09,17.489999771118164,17.489999771118164
FCEL,FCEL,USD,2026-06-10,16.209999084472656,16.209999084472656
FCEL,FCEL,USD,2026-06-11,17.690000534057617,17.690000534057617
FCEL,FCEL,USD,2026-06-12,16.940000534057617,16.940000534057617
FCEL,FCEL,USD,2026-06-15,17.5,17.5
FCEL,FCEL,USD,2026-06-16,19.75,19.75
FCEL,FCEL,USD,2026-06-17,20.040000915527344,20.040000915527344
FCEL,FCEL,USD,2026-06-18,24.040000915527344,24.040000915527344
FCEL,FCEL,USD,2026-06-22,24.389999389648438,24.389999389648438
FCEL,FCEL,USD,2026-06-23,21.81999969482422,21.81999969482422
FCEL,FCEL,USD,2026-06-24,21.559999465942383,21.559999465942383
FCEL,FCEL,USD,2026-06-25,19.649999618530273,19.649999618530273
FCEL,FCEL,USD,2026-06-26,24.0,24.0
FCEL,FCEL,USD,2026-06-29,29.799999237060547,29.799999237060547
FCEL,FCEL,USD,2026-06-30,36.0099983215332,36.0099983215332
FCEL,FCEL,USD,2026-07-01,31.889999389648438,31.889999389648438
FCEL,FCEL,USD,2026-07-02,28.110000610351562,28.110000610351562
FCEL,FCEL,USD,2026-07-06,29.729999542236328,29.729999542236328
FCEL,FCEL,USD,2026-07-07,25.959999084472656,25.959999084472656
FCEL,FCEL,USD,2026-07-08,22.540000915527344,22.540000915527344
FCEL,FCEL,USD,2026-07-09,23.0,23.0
FCEL,FCEL,USD,2026-07-10,21.030000686645508,21.030000686645508
FIX,FIX,USD,2026-05-20,1835.510009765625,1835.510009765625
FIX,FIX,USD,2026-05-21,1835.3299560546875,1835.3299560546875
FIX,FIX,USD,2026-05-22,1828.25,1828.25
FIX,FIX,USD,2026-05-26,1883.56005859375,1883.56005859375
FIX,FIX,USD,2026-05-27,1867.0899658203125,1867.0899658203125
FIX,FIX,USD,2026-05-28,1855.1500244140625,1855.1500244140625
FIX,FIX,USD,2026-05-29,1828.2099609375,1828.2099609375
FIX,FIX,USD,2026-06-01,1787.8800048828125,1787.8800048828125
FIX,FIX,USD,2026-06-02,1883.260009765625,1883.260009765625
FIX,FIX,USD,2026-06-03,1850.0400390625,1850.0400390625
FIX,FIX,USD,2026-06-04,1914.6500244140625,1914.6500244140625
FIX,FIX,USD,2026-06-05,1843.93994140625,1843.93994140625
FIX,FIX,USD,2026-06-08,1852.030029296875,1852.030029296875
FIX,FIX,USD,2026-06-09,1831.56005859375,1831.56005859375
FIX,FIX,USD,2026-06-10,1719.47998046875,1719.47998046875
FIX,FIX,USD,2026-06-11,1843.4200439453125,1843.4200439453125
FIX,FIX,USD,2026-06-12,1877.6099853515625,1877.6099853515625
FIX,FIX,USD,2026-06-15,1952.02001953125,1952.02001953125
FIX,FIX,USD,2026-06-16,1913.93994140625,1913.93994140625
FIX,FIX,USD,2026-06-17,1931.77001953125,1931.77001953125
FIX,FIX,USD,2026-06-18,1967.4100341796875,1967.4100341796875
FIX,FIX,USD,2026-06-22,2066.510009765625,2066.510009765625
FIX,FIX,USD,2026-06-23,1908.0699462890625,1908.0699462890625
FIX,FIX,USD,2026-06-24,1954.469970703125,1954.469970703125
FIX,FIX,USD,2026-06-25,2017.5699462890625,2017.5699462890625
FIX,FIX,USD,2026-06-26,1854.22998046875,1854.22998046875
FIX,FIX,USD,2026-06-29,1948.68994140625,1948.68994140625
FIX,FIX,USD,2026-06-30,1981.949951171875,1981.949951171875
FIX,FIX,USD,2026-07-01,1865.1500244140625,1865.1500244140625
FIX,FIX,USD,2026-07-02,1741.300048828125,1741.300048828125
FIX,FIX,USD,2026-07-06,1793.030029296875,1793.030029296875
FIX,FIX,USD,2026-07-07,1683.43994140625,1683.43994140625
FIX,FIX,USD,2026-07-08,1684.93994140625,1684.93994140625
FIX,FIX,USD,2026-07-09,1781.4200439453125,1781.4200439453125
FIX,FIX,USD,2026-07-10,1756.0899658203125,1756.0899658203125
FLEX,FLEX,USD,2026-05-20,131.52000427246094,131.52000427246094
FLEX,FLEX,USD,2026-05-21,131.07000732421875,131.07000732421875
FLEX,FLEX,USD,2026-05-22,132.47000122070312,132.47000122070312
FLEX,FLEX,USD,2026-05-26,143.24000549316406,143.24000549316406
FLEX,FLEX,USD,2026-05-27,145.7899932861328,145.7899932861328
FLEX,FLEX,USD,2026-05-28,144.85000610351562,144.85000610351562
FLEX,FLEX,USD,2026-05-29,150.77999877929688,150.77999877929688
FLEX,FLEX,USD,2026-06-01,148.00999450683594,148.00999450683594
FLEX,FLEX,USD,2026-06-02,159.42999267578125,159.42999267578125
FLEX,FLEX,USD,2026-06-03,161.94000244140625,161.94000244140625
FLEX,FLEX,USD,2026-06-04,159.50999450683594,159.50999450683594
FLEX,FLEX,USD,2026-06-05,151.9199981689453,151.9199981689453
FLEX,FLEX,USD,2026-06-08,150.8300018310547,150.8300018310547
FLEX,FLEX,USD,2026-06-09,147.2100067138672,147.2100067138672
FLEX,FLEX,USD,2026-06-10,139.49000549316406,139.49000549316406
FLEX,FLEX,USD,2026-06-11,151.99000549316406,151.99000549316406
FLEX,FLEX,USD,2026-06-12,149.7100067138672,149.7100067138672
FLEX,FLEX,USD,2026-06-15,149.22000122070312,149.22000122070312
FLEX,FLEX,USD,2026-06-16,146.92999267578125,146.92999267578125
FLEX,FLEX,USD,2026-06-17,143.1300048828125,143.1300048828125
FLEX,FLEX,USD,2026-06-18,147.61000061035156,147.61000061035156
FLEX,FLEX,USD,2026-06-22,155.80999755859375,155.80999755859375
FLEX,FLEX,USD,2026-06-23,151.85000610351562,151.85000610351562
FLEX,FLEX,USD,2026-06-24,150.72000122070312,150.72000122070312
FLEX,FLEX,USD,2026-06-25,161.27999877929688,161.27999877929688
FLEX,FLEX,USD,2026-06-26,146.6999969482422,146.6999969482422
FLEX,FLEX,USD,2026-06-29,159.55999755859375,159.55999755859375
FLEX,FLEX,USD,2026-06-30,162.07000732421875,162.07000732421875
FLEX,FLEX,USD,2026-07-01,153.52999877929688,153.52999877929688
FLEX,FLEX,USD,2026-07-02,136.86000061035156,136.86000061035156
FLEX,FLEX,USD,2026-07-06,138.64999389648438,138.64999389648438
FLEX,FLEX,USD,2026-07-07,131.52000427246094,131.52000427246094
FLEX,FLEX,USD,2026-07-08,133.3699951171875,133.3699951171875
FLEX,FLEX,USD,2026-07-09,139.94000244140625,139.94000244140625
FLEX,FLEX,USD,2026-07-10,135.8000030517578,135.8000030517578
FLNC,FLNC,USD,2026-05-20,18.940000534057617,18.940000534057617
FLNC,FLNC,USD,2026-05-21,20.190000534057617,20.190000534057617
FLNC,FLNC,USD,2026-05-22,21.489999771118164,21.489999771118164
FLNC,FLNC,USD,2026-05-26,21.329999923706055,21.329999923706055
FLNC,FLNC,USD,2026-05-27,21.219999313354492,21.219999313354492
FLNC,FLNC,USD,2026-05-28,21.360000610351562,21.360000610351562
FLNC,FLNC,USD,2026-05-29,18.8799991607666,18.8799991607666
FLNC,FLNC,USD,2026-06-01,27.149999618530273,27.149999618530273
FLNC,FLNC,USD,2026-06-02,27.90999984741211,27.90999984741211
FLNC,FLNC,USD,2026-06-03,24.850000381469727,24.850000381469727
FLNC,FLNC,USD,2026-06-04,27.149999618530273,27.149999618530273
FLNC,FLNC,USD,2026-06-05,22.90999984741211,22.90999984741211
FLNC,FLNC,USD,2026-06-08,24.06999969482422,24.06999969482422
FLNC,FLNC,USD,2026-06-09,23.459999084472656,23.459999084472656
FLNC,FLNC,USD,2026-06-10,21.6200008392334,21.6200008392334
FLNC,FLNC,USD,2026-06-11,24.280000686645508,24.280000686645508
FLNC,FLNC,USD,2026-06-12,23.709999084472656,23.709999084472656
FLNC,FLNC,USD,2026-06-15,24.18000030517578,24.18000030517578
FLNC,FLNC,USD,2026-06-16,23.920000076293945,23.920000076293945
FLNC,FLNC,USD,2026-06-17,23.420000076293945,23.420000076293945
FLNC,FLNC,USD,2026-06-18,24.799999237060547,24.799999237060547
FLNC,FLNC,USD,2026-06-22,25.190000534057617,25.190000534057617
FLNC,FLNC,USD,2026-06-23,21.209999084472656,21.209999084472656
FLNC,FLNC,USD,2026-06-24,19.75,19.75
FLNC,FLNC,USD,2026-06-25,19.3799991607666,19.3799991607666
FLNC,FLNC,USD,2026-06-26,19.270000457763672,19.270000457763672
FLNC,FLNC,USD,2026-06-29,19.149999618530273,19.149999618530273
FLNC,FLNC,USD,2026-06-30,19.8799991607666,19.8799991607666
FLNC,FLNC,USD,2026-07-01,18.360000610351562,18.360000610351562
FLNC,FLNC,USD,2026-07-02,17.0,17.0
FLNC,FLNC,USD,2026-07-06,17.81999969482422,17.81999969482422
FLNC,FLNC,USD,2026-07-07,16.200000762939453,16.200000762939453
FLNC,FLNC,USD,2026-07-08,15.34000015258789,15.34000015258789
FLNC,FLNC,USD,2026-07-09,16.739999771118164,16.739999771118164
FLNC,FLNC,USD,2026-07-10,16.15999984741211,16.15999984741211
FN,FN,USD,2026-05-20,662.2100219726562,662.2100219726562
FN,FN,USD,2026-05-21,703.27001953125,703.27001953125
FN,FN,USD,2026-05-22,703.8599853515625,703.8599853515625
FN,FN,USD,2026-05-26,680.77001953125,680.77001953125
FN,FN,USD,2026-05-27,686.9000244140625,686.9000244140625
FN,FN,USD,2026-05-28,667.9500122070312,667.9500122070312
FN,FN,USD,2026-05-29,654.1599731445312,654.1599731445312
FN,FN,USD,2026-06-01,622.3599853515625,622.3599853515625
FN,FN,USD,2026-06-02,701.1099853515625,701.1099853515625
FN,FN,USD,2026-06-03,725.0,725.0
FN,FN,USD,2026-06-04,714.780029296875,714.780029296875
FN,FN,USD,2026-06-05,621.25,621.25
FN,FN,USD,2026-06-08,623.7100219726562,623.7100219726562
FN,FN,USD,2026-06-09,586.0,586.0
FN,FN,USD,2026-06-10,580.25,580.25
FN,FN,USD,2026-06-11,582.239990234375,582.239990234375
FN,FN,USD,2026-06-12,611.010009765625,611.010009765625
FN,FN,USD,2026-06-15,635.5800170898438,635.5800170898438
FN,FN,USD,2026-06-16,588.030029296875,588.030029296875
FN,FN,USD,2026-06-17,584.3800048828125,584.3800048828125
FN,FN,USD,2026-06-18,573.760009765625,573.760009765625
FN,FN,USD,2026-06-22,617.0900268554688,617.0900268554688
FN,FN,USD,2026-06-23,583.5499877929688,583.5499877929688
FN,FN,USD,2026-06-24,568.1699829101562,568.1699829101562
FN,FN,USD,2026-06-25,567.7899780273438,567.7899780273438
FN,FN,USD,2026-06-26,524.7899780273438,524.7899780273438
FN,FN,USD,2026-06-29,528.22998046875,528.22998046875
FN,FN,USD,2026-06-30,562.0800170898438,562.0800170898438
FN,FN,USD,2026-07-01,547.1799926757812,547.1799926757812
FN,FN,USD,2026-07-02,499.6099853515625,499.6099853515625
FN,FN,USD,2026-07-06,500.75,500.75
FN,FN,USD,2026-07-07,468.4800109863281,468.4800109863281
FN,FN,USD,2026-07-08,480.07000732421875,480.07000732421875
FN,FN,USD,2026-07-09,482.7799987792969,482.7799987792969
FN,FN,USD,2026-07-10,471.1300048828125,471.1300048828125
FORM,FORM,USD,2026-05-20,125.30999755859375,125.30999755859375
FORM,FORM,USD,2026-05-21,128.0,128.0
FORM,FORM,USD,2026-05-22,128.99000549316406,128.99000549316406
FORM,FORM,USD,2026-05-26,136.47999572753906,136.47999572753906
FORM,FORM,USD,2026-05-27,133.02999877929688,133.02999877929688
FORM,FORM,USD,2026-05-28,130.22000122070312,130.22000122070312
FORM,FORM,USD,2026-05-29,124.58999633789062,124.58999633789062
FORM,FORM,USD,2026-06-01,115.06999969482422,115.06999969482422
FORM,FORM,USD,2026-06-02,125.11000061035156,125.11000061035156
FORM,FORM,USD,2026-06-03,126.0199966430664,126.0199966430664
FORM,FORM,USD,2026-06-04,126.61000061035156,126.61000061035156
FORM,FORM,USD,2026-06-05,116.69999694824219,116.69999694824219
FORM,FORM,USD,2026-06-08,124.25,124.25
FORM,FORM,USD,2026-06-09,120.62000274658203,120.62000274658203
FORM,FORM,USD,2026-06-10,115.80999755859375,115.80999755859375
FORM,FORM,USD,2026-06-11,130.24000549316406,130.24000549316406
FORM,FORM,USD,2026-06-12,139.2100067138672,139.2100067138672
FORM,FORM,USD,2026-06-15,152.60000610351562,152.60000610351562
FORM,FORM,USD,2026-06-16,140.24000549316406,140.24000549316406
FORM,FORM,USD,2026-06-17,139.9499969482422,139.9499969482422
FORM,FORM,USD,2026-06-18,149.5500030517578,149.5500030517578
FORM,FORM,USD,2026-06-22,156.66000366210938,156.66000366210938
FORM,FORM,USD,2026-06-23,142.7899932861328,142.7899932861328
FORM,FORM,USD,2026-06-24,141.4199981689453,141.4199981689453
FORM,FORM,USD,2026-06-25,148.75,148.75
FORM,FORM,USD,2026-06-26,130.74000549316406,130.74000549316406
FORM,FORM,USD,2026-06-29,144.1699981689453,144.1699981689453
FORM,FORM,USD,2026-06-30,159.92999267578125,159.92999267578125
FORM,FORM,USD,2026-07-01,147.1300048828125,147.1300048828125
FORM,FORM,USD,2026-07-02,123.58999633789062,123.58999633789062
FORM,FORM,USD,2026-07-06,118.66999816894531,118.66999816894531
FORM,FORM,USD,2026-07-07,106.05000305175781,106.05000305175781
FORM,FORM,USD,2026-07-08,111.58999633789062,111.58999633789062
FORM,FORM,USD,2026-07-09,119.44000244140625,119.44000244140625
FORM,FORM,USD,2026-07-10,117.5199966430664,117.5199966430664
FTV,FTV,USD,2026-05-20,58.97196578979492,59.029998779296875
FTV,FTV,USD,2026-05-21,58.96197509765625,59.02000045776367
FTV,FTV,USD,2026-05-22,59.071868896484375,59.130001068115234
FTV,FTV,USD,2026-05-26,60.26069641113281,60.31999969482422
FTV,FTV,USD,2026-05-27,59.85110092163086,59.90999984741211
FTV,FTV,USD,2026-05-28,59.1118278503418,59.16999816894531
FTV,FTV,USD,2026-05-29,58.262664794921875,58.31999969482422
FTV,FTV,USD,2026-06-01,58.66227340698242,58.720001220703125
FTV,FTV,USD,2026-06-02,60.10085678100586,60.15999984741211
FTV,FTV,USD,2026-06-03,60.54042053222656,60.599998474121094
FTV,FTV,USD,2026-06-04,61.409568786621094,61.470001220703125
FTV,FTV,USD,2026-06-05,61.21975326538086,61.279998779296875
FTV,FTV,USD,2026-06-08,61.09987258911133,61.15999984741211
FTV,FTV,USD,2026-06-09,62.71827697753906,62.779998779296875
FTV,FTV,USD,2026-06-10,60.000953674316406,60.060001373291016
FTV,FTV,USD,2026-06-11,59.78116989135742,59.84000015258789
FTV,FTV,USD,2026-06-12,60.080875396728516,60.13999938964844
FTV,FTV,USD,2026-06-15,60.22073745727539,60.279998779296875
FTV,FTV,USD,2026-06-16,61.369606018066406,61.43000030517578
FTV,FTV,USD,2026-06-17,60.62034606933594,60.68000030517578
FTV,FTV,USD,2026-06-18,60.96999740600586,61.029998779296875
FTV,FTV,USD,2026-06-22,61.66999816894531,61.66999816894531
FTV,FTV,USD,2026-06-23,60.34000015258789,60.34000015258789
FTV,FTV,USD,2026-06-24,60.38999938964844,60.38999938964844
FTV,FTV,USD,2026-06-25,61.72999954223633,61.72999954223633
FTV,FTV,USD,2026-06-26,61.47999954223633,61.47999954223633
FTV,FTV,USD,2026-06-29,60.66999816894531,60.66999816894531
FTV,FTV,USD,2026-06-30,61.09000015258789,61.09000015258789
FTV,FTV,USD,2026-07-01,61.79999923706055,61.79999923706055
FTV,FTV,USD,2026-07-02,62.650001525878906,62.650001525878906
FTV,FTV,USD,2026-07-06,63.599998474121094,63.599998474121094
FTV,FTV,USD,2026-07-07,62.54999923706055,62.54999923706055
FTV,FTV,USD,2026-07-08,61.27000045776367,61.27000045776367
FTV,FTV,USD,2026-07-09,61.150001525878906,61.150001525878906
FTV,FTV,USD,2026-07-10,62.20000076293945,62.20000076293945
GEV,GEV,USD,2026-05-20,1023.996826171875,1024.52001953125
GEV,GEV,USD,2026-05-21,1043.286865234375,1043.8199462890625
GEV,GEV,USD,2026-05-22,1038.20947265625,1038.739990234375
GEV,GEV,USD,2026-05-26,1069.92333984375,1070.469970703125
GEV,GEV,USD,2026-05-27,1031.363037109375,1031.8900146484375
GEV,GEV,USD,2026-05-28,995.4913330078125,996.0
GEV,GEV,USD,2026-05-29,967.8255004882812,968.3200073242188
GEV,GEV,USD,2026-06-01,950.0545654296875,950.5399780273438
GEV,GEV,USD,2026-06-02,969.1748046875,969.6699829101562
GEV,GEV,USD,2026-06-03,958.8700561523438,959.3599853515625
GEV,GEV,USD,2026-06-04,962.8380737304688,963.3300170898438
GEV,GEV,USD,2026-06-05,933.1331787109375,933.6099853515625
GEV,GEV,USD,2026-06-08,933.373046875,933.8499755859375
GEV,GEV,USD,2026-06-09,919.6801147460938,920.1500244140625
GEV,GEV,USD,2026-06-10,866.647216796875,867.0900268554688
GEV,GEV,USD,2026-06-11,906.326904296875,906.7899780273438
GEV,GEV,USD,2026-06-12,940.1795654296875,940.6599731445312
GEV,GEV,USD,2026-06-15,978.5700073242188,979.0700073242188
GEV,GEV,USD,2026-06-16,982.3499755859375,982.3499755859375
GEV,GEV,USD,2026-06-17,1048.8599853515625,1048.8599853515625
GEV,GEV,USD,2026-06-18,1109.72998046875,1109.72998046875
GEV,GEV,USD,2026-06-22,1127.5899658203125,1127.5899658203125
GEV,GEV,USD,2026-06-23,1034.97998046875,1034.97998046875
GEV,GEV,USD,2026-06-24,1057.6500244140625,1057.6500244140625
GEV,GEV,USD,2026-06-25,1085.469970703125,1085.469970703125
GEV,GEV,USD,2026-06-26,1045.1700439453125,1045.1700439453125
GEV,GEV,USD,2026-06-29,1102.510009765625,1102.510009765625
GEV,GEV,USD,2026-06-30,1174.8599853515625,1174.8599853515625
GEV,GEV,USD,2026-07-01,1134.3499755859375,1134.3499755859375
GEV,GEV,USD,2026-07-02,1113.1099853515625,1113.1099853515625
GEV,GEV,USD,2026-07-06,1152.0400390625,1152.0400390625
GEV,GEV,USD,2026-07-07,1077.0799560546875,1077.0799560546875
GEV,GEV,USD,2026-07-08,1070.989990234375,1070.989990234375
GEV,GEV,USD,2026-07-09,1075.260009765625,1075.260009765625
GEV,GEV,USD,2026-07-10,1091.5699462890625,1091.5699462890625
GFS,GFS,USD,2026-05-20,70.6881332397461,70.79000091552734
GFS,GFS,USD,2026-05-21,81.2329330444336,81.3499984741211
GFS,GFS,USD,2026-05-22,85.51676177978516,85.63999938964844
GFS,GFS,USD,2026-05-26,89.8305435180664,89.95999908447266
GFS,GFS,USD,2026-05-27,80.99327850341797,81.11000061035156
GFS,GFS,USD,2026-05-28,80.51396942138672,80.62999725341797
GFS,GFS,USD,2026-05-29,79.85491943359375,79.97000122070312
GFS,GFS,USD,2026-06-01,79.81497955322266,79.93000030517578
GFS,GFS,USD,2026-06-02,84.47825622558594,84.5999984741211
GFS,GFS,USD,2026-06-03,85.86625671386719,85.98999786376953
GFS,GFS,USD,2026-06-04,84.57810974121094,84.69999694824219
GFS,GFS,USD,2026-06-05,75.42131042480469,75.52999877929688
GFS,GFS,USD,2026-06-08,77.19874572753906,77.30999755859375
GFS,GFS,USD,2026-06-09,75.15170288085938,75.26000213623047
GFS,GFS,USD,2026-06-10,74.71233367919922,74.81999969482422
GFS,GFS,USD,2026-06-11,80.62380981445312,80.73999786376953
GFS,GFS,USD,2026-06-12,81.26288604736328,81.37999725341797
GFS,GFS,USD,2026-06-15,83.8591537475586,83.9800033569336
GFS,GFS,USD,2026-06-16,79.80499267578125,79.91999816894531
GFS,GFS,USD,2026-06-17,80.52395629882812,80.63999938964844
GFS,GFS,USD,2026-06-18,85.70648956298828,85.83000183105469
GFS,GFS,USD,2026-06-22,89.54096221923828,89.66999816894531
GFS,GFS,USD,2026-06-23,83.2699966430664,83.38999938964844
GFS,GFS,USD,2026-06-24,83.69999694824219,83.69999694824219
GFS,GFS,USD,2026-06-25,86.12000274658203,86.12000274658203
GFS,GFS,USD,2026-06-26,79.77999877929688,79.77999877929688
GFS,GFS,USD,2026-06-29,81.0,81.0
GFS,GFS,USD,2026-06-30,82.41000366210938,82.41000366210938
GFS,GFS,USD,2026-07-01,77.2300033569336,77.2300033569336
GFS,GFS,USD,2026-07-02,69.83999633789062,69.83999633789062
GFS,GFS,USD,2026-07-06,68.91000366210938,68.91000366210938
GFS,GFS,USD,2026-07-07,65.83999633789062,65.83999633789062
GFS,GFS,USD,2026-07-08,67.97000122070312,67.97000122070312
GFS,GFS,USD,2026-07-09,69.70999908447266,69.70999908447266
GFS,GFS,USD,2026-07-10,68.97000122070312,68.97000122070312
GLW,GLW,USD,2026-05-20,180.4134979248047,180.69000244140625
GLW,GLW,USD,2026-05-21,191.5963592529297,191.88999938964844
GLW,GLW,USD,2026-05-22,193.7530517578125,194.0500030517578
GLW,GLW,USD,2026-05-26,195.8697967529297,196.1699981689453
GLW,GLW,USD,2026-05-27,190.59788513183594,190.88999938964844
GLW,GLW,USD,2026-05-28,182.69000244140625,182.97000122070312
GLW,GLW,USD,2026-05-29,181.16000366210938,181.16000366210938
GLW,GLW,USD,2026-06-01,176.6999969482422,176.6999969482422
GLW,GLW,USD,2026-06-02,200.39999389648438,200.39999389648438
GLW,GLW,USD,2026-06-03,200.75999450683594,200.75999450683594
GLW,GLW,USD,2026-06-04,197.6999969482422,197.6999969482422
GLW,GLW,USD,2026-06-05,177.5800018310547,177.5800018310547
GLW,GLW,USD,2026-06-08,187.5399932861328,187.5399932861328
GLW,GLW,USD,2026-06-09,173.94000244140625,173.94000244140625
GLW,GLW,USD,2026-06-10,168.1699981689453,168.1699981689453
GLW,GLW,USD,2026-06-11,176.5500030517578,176.5500030517578
GLW,GLW,USD,2026-06-12,179.1999969482422,179.1999969482422
GLW,GLW,USD,2026-06-15,187.8800048828125,187.8800048828125
GLW,GLW,USD,2026-06-16,177.4199981689453,177.4199981689453
GLW,GLW,USD,2026-06-17,175.39999389648438,175.39999389648438
GLW,GLW,USD,2026-06-18,194.9199981689453,194.9199981689453
GLW,GLW,USD,2026-06-22,209.8300018310547,209.8300018310547
GLW,GLW,USD,2026-06-23,194.07000732421875,194.07000732421875
GLW,GLW,USD,2026-06-24,205.8300018310547,205.8300018310547
GLW,GLW,USD,2026-06-25,228.00999450683594,228.00999450683594
GLW,GLW,USD,2026-06-26,221.0500030517578,221.0500030517578
GLW,GLW,USD,2026-06-29,255.69000244140625,255.69000244140625
GLW,GLW,USD,2026-06-30,255.42999267578125,255.42999267578125
GLW,GLW,USD,2026-07-01,220.6300048828125,220.6300048828125
GLW,GLW,USD,2026-07-02,196.7899932861328,196.7899932861328
GLW,GLW,USD,2026-07-06,194.8000030517578,194.8000030517578
GLW,GLW,USD,2026-07-07,185.3800048828125,185.3800048828125
GLW,GLW,USD,2026-07-08,184.02999877929688,184.02999877929688
GLW,GLW,USD,2026-07-09,192.3800048828125,192.3800048828125
GLW,GLW,USD,2026-07-10,190.88999938964844,190.88999938964844
GNRC,GNRC,USD,2026-05-20,245.19000244140625,245.19000244140625
GNRC,GNRC,USD,2026-05-21,247.7899932861328,247.7899932861328
GNRC,GNRC,USD,2026-05-22,270.1400146484375,270.1400146484375
GNRC,GNRC,USD,2026-05-26,274.82000732421875,274.82000732421875
GNRC,GNRC,USD,2026-05-27,280.5299987792969,280.5299987792969
GNRC,GNRC,USD,2026-05-28,279.45001220703125,279.45001220703125
GNRC,GNRC,USD,2026-05-29,277.9100036621094,277.9100036621094
GNRC,GNRC,USD,2026-06-01,269.260009765625,269.260009765625
GNRC,GNRC,USD,2026-06-02,284.5799865722656,284.5799865722656
GNRC,GNRC,USD,2026-06-03,285.30999755859375,285.30999755859375
GNRC,GNRC,USD,2026-06-04,278.1400146484375,278.1400146484375
GNRC,GNRC,USD,2026-06-05,261.5400085449219,261.5400085449219
GNRC,GNRC,USD,2026-06-08,265.8900146484375,265.8900146484375
GNRC,GNRC,USD,2026-06-09,260.989990234375,260.989990234375
GNRC,GNRC,USD,2026-06-10,239.11000061035156,239.11000061035156
GNRC,GNRC,USD,2026-06-11,257.3299865722656,257.3299865722656
GNRC,GNRC,USD,2026-06-12,262.3599853515625,262.3599853515625
GNRC,GNRC,USD,2026-06-15,270.1000061035156,270.1000061035156
GNRC,GNRC,USD,2026-06-16,265.6600036621094,265.6600036621094
GNRC,GNRC,USD,2026-06-17,268.20001220703125,268.20001220703125
GNRC,GNRC,USD,2026-06-18,279.1499938964844,279.1499938964844
GNRC,GNRC,USD,2026-06-22,295.5400085449219,295.5400085449219
GNRC,GNRC,USD,2026-06-23,274.5400085449219,274.5400085449219
GNRC,GNRC,USD,2026-06-24,284.1400146484375,284.1400146484375
GNRC,GNRC,USD,2026-06-25,295.1600036621094,295.1600036621094
GNRC,GNRC,USD,2026-06-26,278.6199951171875,278.6199951171875
GNRC,GNRC,USD,2026-06-29,283.80999755859375,283.80999755859375
GNRC,GNRC,USD,2026-06-30,292.80999755859375,292.80999755859375
GNRC,GNRC,USD,2026-07-01,270.2200012207031,270.2200012207031
GNRC,GNRC,USD,2026-07-02,252.66000366210938,252.66000366210938
GNRC,GNRC,USD,2026-07-06,257.80999755859375,257.80999755859375
GNRC,GNRC,USD,2026-07-07,235.8000030517578,235.8000030517578
GNRC,GNRC,USD,2026-07-08,236.61000061035156,236.61000061035156
GNRC,GNRC,USD,2026-07-09,235.86000061035156,235.86000061035156
GNRC,GNRC,USD,2026-07-10,233.94000244140625,233.94000244140625
GOOGL,GOOGL,USD,2026-05-20,388.6778564453125,388.9100036621094
GOOGL,GOOGL,USD,2026-05-21,387.4285888671875,387.6600036621094
GOOGL,GOOGL,USD,2026-05-22,382.74139404296875,382.9700012207031
GOOGL,GOOGL,USD,2026-05-26,388.6478576660156,388.8800048828125
GOOGL,GOOGL,USD,2026-05-27,388.5978698730469,388.8299865722656
GOOGL,GOOGL,USD,2026-05-28,389.8971252441406,390.1300048828125
GOOGL,GOOGL,USD,2026-05-29,380.1129455566406,380.3399963378906
GOOGL,GOOGL,USD,2026-06-01,376.14532470703125,376.3699951171875
GOOGL,GOOGL,USD,2026-06-02,361.6340026855469,361.8500061035156
GOOGL,GOOGL,USD,2026-06-03,358.77569580078125,358.989990234375
GOOGL,GOOGL,USD,2026-06-04,371.96783447265625,372.19000244140625
GOOGL,GOOGL,USD,2026-06-05,368.30999755859375,368.5299987792969
GOOGL,GOOGL,USD,2026-06-08,363.30999755859375,363.30999755859375
GOOGL,GOOGL,USD,2026-06-09,364.260009765625,364.260009765625
GOOGL,GOOGL,USD,2026-06-10,356.3800048828125,356.3800048828125
GOOGL,GOOGL,USD,2026-06-11,357.7699890136719,357.7699890136719
GOOGL,GOOGL,USD,2026-06-12,359.67999267578125,359.67999267578125
GOOGL,GOOGL,USD,2026-06-15,369.3500061035156,369.3500061035156
GOOGL,GOOGL,USD,2026-06-16,373.25,373.25
GOOGL,GOOGL,USD,2026-06-17,363.7900085449219,363.7900085449219
GOOGL,GOOGL,USD,2026-06-18,368.0299987792969,368.0299987792969
GOOGL,GOOGL,USD,2026-06-22,349.67999267578125,349.67999267578125
GOOGL,GOOGL,USD,2026-06-23,346.1300048828125,346.1300048828125
GOOGL,GOOGL,USD,2026-06-24,345.2900085449219,345.2900085449219
GOOGL,GOOGL,USD,2026-06-25,343.7099914550781,343.7099914550781
GOOGL,GOOGL,USD,2026-06-26,337.3900146484375,337.3900146484375
GOOGL,GOOGL,USD,2026-06-29,353.6499938964844,353.6499938964844
GOOGL,GOOGL,USD,2026-06-30,357.3699951171875,357.3699951171875
GOOGL,GOOGL,USD,2026-07-01,361.2099914550781,361.2099914550781
GOOGL,GOOGL,USD,2026-07-02,359.9100036621094,359.9100036621094
GOOGL,GOOGL,USD,2026-07-06,366.4599914550781,366.4599914550781
GOOGL,GOOGL,USD,2026-07-07,367.0299987792969,367.0299987792969
GOOGL,GOOGL,USD,2026-07-08,361.9200134277344,361.9200134277344
GOOGL,GOOGL,USD,2026-07-09,358.8900146484375,358.8900146484375
GOOGL,GOOGL,USD,2026-07-10,357.17999267578125,357.17999267578125
HOCPY,HOCPY,USD,2026-05-20,170.41000366210938,170.41000366210938
HOCPY,HOCPY,USD,2026-05-21,168.94000244140625,168.94000244140625
HOCPY,HOCPY,USD,2026-05-22,164.61000061035156,164.61000061035156
HOCPY,HOCPY,USD,2026-05-26,164.69000244140625,164.69000244140625
HOCPY,HOCPY,USD,2026-05-27,171.08999633789062,171.08999633789062
HOCPY,HOCPY,USD,2026-05-28,172.14999389648438,172.14999389648438
HOCPY,HOCPY,USD,2026-05-29,170.08999633789062,170.08999633789062
HOCPY,HOCPY,USD,2026-06-01,165.85000610351562,165.85000610351562
HOCPY,HOCPY,USD,2026-06-02,166.52000427246094,166.52000427246094
HOCPY,HOCPY,USD,2026-06-03,171.69000244140625,171.69000244140625
HOCPY,HOCPY,USD,2026-06-04,166.72000122070312,166.72000122070312
HOCPY,HOCPY,USD,2026-06-05,159.42999267578125,159.42999267578125
HOCPY,HOCPY,USD,2026-06-08,166.99000549316406,166.99000549316406
HOCPY,HOCPY,USD,2026-06-09,158.4499969482422,158.4499969482422
HOCPY,HOCPY,USD,2026-06-10,158.3800048828125,158.3800048828125
HOCPY,HOCPY,USD,2026-06-11,164.66000366210938,164.66000366210938
HOCPY,HOCPY,USD,2026-06-12,166.85000610351562,166.85000610351562
HOCPY,HOCPY,USD,2026-06-15,166.25,166.25
HOCPY,HOCPY,USD,2026-06-16,168.5,168.5
HOCPY,HOCPY,USD,2026-06-17,171.4199981689453,171.4199981689453
HOCPY,HOCPY,USD,2026-06-18,178.4600067138672,178.4600067138672
HOCPY,HOCPY,USD,2026-06-22,168.60000610351562,168.60000610351562
HOCPY,HOCPY,USD,2026-06-23,162.3300018310547,162.3300018310547
HOCPY,HOCPY,USD,2026-06-24,162.9199981689453,162.9199981689453
HOCPY,HOCPY,USD,2026-06-25,159.88999938964844,159.88999938964844
HOCPY,HOCPY,USD,2026-06-26,159.77000427246094,159.77000427246094
HOCPY,HOCPY,USD,2026-06-29,161.55999755859375,161.55999755859375
HOCPY,HOCPY,USD,2026-06-30,161.1999969482422,161.1999969482422
HOCPY,HOCPY,USD,2026-07-01,158.0399932861328,158.0399932861328
HOCPY,HOCPY,USD,2026-07-02,158.11000061035156,158.11000061035156
HOCPY,HOCPY,USD,2026-07-06,158.6999969482422,158.6999969482422
HOCPY,HOCPY,USD,2026-07-07,157.0,157.0
HOCPY,HOCPY,USD,2026-07-08,148.8300018310547,148.8300018310547
HOCPY,HOCPY,USD,2026-07-09,154.4499969482422,154.4499969482422
HOCPY,HOCPY,USD,2026-07-10,155.72000122070312,155.72000122070312
HPE,HPE,USD,2026-05-20,33.70140075683594,33.79999923706055
HPE,HPE,USD,2026-05-21,33.870906829833984,33.970001220703125
HPE,HPE,USD,2026-05-22,37.470375061035156,37.58000183105469
HPE,HPE,USD,2026-05-26,37.948974609375,38.060001373291016
HPE,HPE,USD,2026-05-27,37.09148025512695,37.20000076293945
HPE,HPE,USD,2026-05-28,38.098533630371094,38.209999084472656
HPE,HPE,USD,2026-05-29,42.91444778442383,43.040000915527344
HPE,HPE,USD,2026-06-01,46.862892150878906,47.0
HPE,HPE,USD,2026-06-02,55.986202239990234,56.150001525878906
HPE,HPE,USD,2026-06-03,54.98912048339844,55.150001525878906
HPE,HPE,USD,2026-06-04,53.53337478637695,53.689998626708984
HPE,HPE,USD,2026-06-05,49.05647659301758,49.20000076293945
HPE,HPE,USD,2026-06-08,49.724517822265625,49.869998931884766
HPE,HPE,USD,2026-06-09,48.129188537597656,48.27000045776367
HPE,HPE,USD,2026-06-10,45.3572998046875,45.4900016784668
HPE,HPE,USD,2026-06-11,46.663475036621094,46.79999923706055
HPE,HPE,USD,2026-06-12,48.029476165771484,48.16999816894531
HPE,HPE,USD,2026-06-15,48.87699890136719,49.02000045776367
HPE,HPE,USD,2026-06-16,48.380001068115234,48.380001068115234
HPE,HPE,USD,2026-06-17,48.20000076293945,48.20000076293945
HPE,HPE,USD,2026-06-18,47.40999984741211,47.40999984741211
HPE,HPE,USD,2026-06-22,48.400001525878906,48.400001525878906
HPE,HPE,USD,2026-06-23,48.91999816894531,48.91999816894531
HPE,HPE,USD,2026-06-24,48.75,48.75
HPE,HPE,USD,2026-06-25,46.720001220703125,46.720001220703125
HPE,HPE,USD,2026-06-26,43.709999084472656,43.709999084472656
HPE,HPE,USD,2026-06-29,44.40999984741211,44.40999984741211
HPE,HPE,USD,2026-06-30,45.11000061035156,45.11000061035156
HPE,HPE,USD,2026-07-01,43.95000076293945,43.95000076293945
HPE,HPE,USD,2026-07-02,41.22999954223633,41.22999954223633
HPE,HPE,USD,2026-07-06,43.150001525878906,43.150001525878906
HPE,HPE,USD,2026-07-07,43.470001220703125,43.470001220703125
HPE,HPE,USD,2026-07-08,44.66999816894531,44.66999816894531
HPE,HPE,USD,2026-07-09,49.11000061035156,49.11000061035156
HPE,HPE,USD,2026-07-10,48.540000915527344,48.540000915527344
HUBB,HUBB,USD,2026-05-20,461.9317932128906,463.32000732421875
HUBB,HUBB,USD,2026-05-21,459.59881591796875,460.9800109863281
HUBB,HUBB,USD,2026-05-22,473.5867919921875,475.010009765625
HUBB,HUBB,USD,2026-05-26,476.6176452636719,478.04998779296875
HUBB,HUBB,USD,2026-05-27,482.799072265625,484.25
HUBB,HUBB,USD,2026-05-28,472.510009765625,473.92999267578125
HUBB,HUBB,USD,2026-05-29,473.6099853515625,473.6099853515625
HUBB,HUBB,USD,2026-06-01,462.92999267578125,462.92999267578125
HUBB,HUBB,USD,2026-06-02,480.4599914550781,480.4599914550781
HUBB,HUBB,USD,2026-06-03,484.9100036621094,484.9100036621094
HUBB,HUBB,USD,2026-06-04,485.2699890136719,485.2699890136719
HUBB,HUBB,USD,2026-06-05,476.82000732421875,476.82000732421875
HUBB,HUBB,USD,2026-06-08,485.0299987792969,485.0299987792969
HUBB,HUBB,USD,2026-06-09,486.4700012207031,486.4700012207031
HUBB,HUBB,USD,2026-06-10,467.5899963378906,467.5899963378906
HUBB,HUBB,USD,2026-06-11,469.32000732421875,469.32000732421875
HUBB,HUBB,USD,2026-06-12,476.8900146484375,476.8900146484375
HUBB,HUBB,USD,2026-06-15,489.7300109863281,489.7300109863281
HUBB,HUBB,USD,2026-06-16,502.6499938964844,502.6499938964844
HUBB,HUBB,USD,2026-06-17,508.8699951171875,508.8699951171875
HUBB,HUBB,USD,2026-06-18,523.6900024414062,523.6900024414062
HUBB,HUBB,USD,2026-06-22,539.3900146484375,539.3900146484375
HUBB,HUBB,USD,2026-06-23,509.9599914550781,509.9599914550781
HUBB,HUBB,USD,2026-06-24,518.1799926757812,518.1799926757812
HUBB,HUBB,USD,2026-06-25,536.0399780273438,536.0399780273438
HUBB,HUBB,USD,2026-06-26,517.02001953125,517.02001953125
HUBB,HUBB,USD,2026-06-29,514.7100219726562,514.7100219726562
HUBB,HUBB,USD,2026-06-30,523.2000122070312,523.2000122070312
HUBB,HUBB,USD,2026-07-01,490.1199951171875,490.1199951171875
HUBB,HUBB,USD,2026-07-02,487.1000061035156,487.1000061035156
HUBB,HUBB,USD,2026-07-06,495.6000061035156,495.6000061035156
HUBB,HUBB,USD,2026-07-07,478.8900146484375,478.8900146484375
HUBB,HUBB,USD,2026-07-08,480.5,480.5
HUBB,HUBB,USD,2026-07-09,485.4100036621094,485.4100036621094
HUBB,HUBB,USD,2026-07-10,490.94000244140625,490.94000244140625
IBM,IBM,USD,2026-05-20,225.0,225.0
IBM,IBM,USD,2026-05-21,252.97000122070312,252.97000122070312
IBM,IBM,USD,2026-05-22,253.83999633789062,253.83999633789062
IBM,IBM,USD,2026-05-26,250.69000244140625,250.69000244140625
IBM,IBM,USD,2026-05-27,255.1999969482422,255.1999969482422
IBM,IBM,USD,2026-05-28,264.2200012207031,264.2200012207031
IBM,IBM,USD,2026-05-29,297.79998779296875,297.79998779296875
IBM,IBM,USD,2026-06-01,320.4200134277344,320.4200134277344
IBM,IBM,USD,2026-06-02,329.2300109863281,329.2300109863281
IBM,IBM,USD,2026-06-03,305.6300048828125,305.6300048828125
IBM,IBM,USD,2026-06-04,301.7699890136719,301.7699890136719
IBM,IBM,USD,2026-06-05,284.8399963378906,284.8399963378906
IBM,IBM,USD,2026-06-08,280.82000732421875,280.82000732421875
IBM,IBM,USD,2026-06-09,277.489990234375,277.489990234375
IBM,IBM,USD,2026-06-10,272.3599853515625,272.3599853515625
IBM,IBM,USD,2026-06-11,274.8500061035156,274.8500061035156
IBM,IBM,USD,2026-06-12,272.239990234375,272.239990234375
IBM,IBM,USD,2026-06-15,268.7099914550781,268.7099914550781
IBM,IBM,USD,2026-06-16,270.80999755859375,270.80999755859375
IBM,IBM,USD,2026-06-17,262.3500061035156,262.3500061035156
IBM,IBM,USD,2026-06-18,249.10000610351562,249.10000610351562
IBM,IBM,USD,2026-06-22,252.22000122070312,252.22000122070312
IBM,IBM,USD,2026-06-23,264.94000244140625,264.94000244140625
IBM,IBM,USD,2026-06-24,262.9599914550781,262.9599914550781
IBM,IBM,USD,2026-06-25,258.2699890136719,258.2699890136719
IBM,IBM,USD,2026-06-26,271.6300048828125,271.6300048828125
IBM,IBM,USD,2026-06-29,278.0,278.0
IBM,IBM,USD,2026-06-30,281.2099914550781,281.2099914550781
IBM,IBM,USD,2026-07-01,286.25,286.25
IBM,IBM,USD,2026-07-02,289.5199890136719,289.5199890136719
IBM,IBM,USD,2026-07-06,299.5199890136719,299.5199890136719
IBM,IBM,USD,2026-07-07,306.1300048828125,306.1300048828125
IBM,IBM,USD,2026-07-08,302.04998779296875,302.04998779296875
IBM,IBM,USD,2026-07-09,295.29998779296875,295.29998779296875
IBM,IBM,USD,2026-07-10,287.55999755859375,287.55999755859375
ICHR,ICHR,USD,2026-05-20,65.76000213623047,65.76000213623047
ICHR,ICHR,USD,2026-05-21,65.31999969482422,65.31999969482422
ICHR,ICHR,USD,2026-05-22,68.95999908447266,68.95999908447266
ICHR,ICHR,USD,2026-05-26,72.7300033569336,72.7300033569336
ICHR,ICHR,USD,2026-05-27,73.73999786376953,73.73999786376953
ICHR,ICHR,USD,2026-05-28,70.1500015258789,70.1500015258789
ICHR,ICHR,USD,2026-05-29,71.5199966430664,71.5199966430664
ICHR,ICHR,USD,2026-06-01,70.01000213623047,70.01000213623047
ICHR,ICHR,USD,2026-06-02,74.94999694824219,74.94999694824219
ICHR,ICHR,USD,2026-06-03,72.44999694824219,72.44999694824219
ICHR,ICHR,USD,2026-06-04,71.05999755859375,71.05999755859375
ICHR,ICHR,USD,2026-06-05,62.90999984741211,62.90999984741211
ICHR,ICHR,USD,2026-06-08,66.75,66.75
ICHR,ICHR,USD,2026-06-09,71.5999984741211,71.5999984741211
ICHR,ICHR,USD,2026-06-10,72.16999816894531,72.16999816894531
ICHR,ICHR,USD,2026-06-11,84.04000091552734,84.04000091552734
ICHR,ICHR,USD,2026-06-12,86.80000305175781,86.80000305175781
ICHR,ICHR,USD,2026-06-15,89.47000122070312,89.47000122070312
ICHR,ICHR,USD,2026-06-16,85.7699966430664,85.7699966430664
ICHR,ICHR,USD,2026-06-17,89.44999694824219,89.44999694824219
ICHR,ICHR,USD,2026-06-18,98.61000061035156,98.61000061035156
ICHR,ICHR,USD,2026-06-22,99.61000061035156,99.61000061035156
ICHR,ICHR,USD,2026-06-23,92.19999694824219,92.19999694824219
ICHR,ICHR,USD,2026-06-24,89.37999725341797,89.37999725341797
ICHR,ICHR,USD,2026-06-25,95.02999877929688,95.02999877929688
ICHR,ICHR,USD,2026-06-26,94.0,94.0
ICHR,ICHR,USD,2026-06-29,105.45999908447266,105.45999908447266
ICHR,ICHR,USD,2026-06-30,112.27999877929688,112.27999877929688
ICHR,ICHR,USD,2026-07-01,111.7699966430664,111.7699966430664
ICHR,ICHR,USD,2026-07-02,98.22000122070312,98.22000122070312
ICHR,ICHR,USD,2026-07-06,95.66999816894531,95.66999816894531
ICHR,ICHR,USD,2026-07-07,85.01000213623047,85.01000213623047
ICHR,ICHR,USD,2026-07-08,88.80999755859375,88.80999755859375
ICHR,ICHR,USD,2026-07-09,96.44000244140625,96.44000244140625
ICHR,ICHR,USD,2026-07-10,100.30000305175781,100.30000305175781
IESC,IESC,USD,2026-05-20,655.8800048828125,655.8800048828125
IESC,IESC,USD,2026-05-21,647.8400268554688,647.8400268554688
IESC,IESC,USD,2026-05-22,659.6500244140625,659.6500244140625
IESC,IESC,USD,2026-05-26,696.8499755859375,696.8499755859375
IESC,IESC,USD,2026-05-27,694.2000122070312,694.2000122070312
IESC,IESC,USD,2026-05-28,698.9600219726562,698.9600219726562
IESC,IESC,USD,2026-05-29,678.3499755859375,678.3499755859375
IESC,IESC,USD,2026-06-01,677.4299926757812,677.4299926757812
IESC,IESC,USD,2026-06-02,704.8900146484375,704.8900146484375
IESC,IESC,USD,2026-06-03,724.4500122070312,724.4500122070312
IESC,IESC,USD,2026-06-04,742.0900268554688,742.0900268554688
IESC,IESC,USD,2026-06-05,720.719970703125,720.719970703125
IESC,IESC,USD,2026-06-08,734.9099731445312,734.9099731445312
IESC,IESC,USD,2026-06-09,726.3099975585938,726.3099975585938
IESC,IESC,USD,2026-06-10,678.2000122070312,678.2000122070312
IESC,IESC,USD,2026-06-11,731.3300170898438,731.3300170898438
IESC,IESC,USD,2026-06-12,749.8300170898438,749.8300170898438
IESC,IESC,USD,2026-06-15,726.4099731445312,726.4099731445312
IESC,IESC,USD,2026-06-16,695.8099975585938,695.8099975585938
IESC,IESC,USD,2026-06-17,685.1799926757812,685.1799926757812
IESC,IESC,USD,2026-06-18,712.3900146484375,712.3900146484375
IESC,IESC,USD,2026-06-22,754.739990234375,754.739990234375
IESC,IESC,USD,2026-06-23,710.5399780273438,710.5399780273438
IESC,IESC,USD,2026-06-24,747.489990234375,747.489990234375
IESC,IESC,USD,2026-06-25,766.5399780273438,766.5399780273438
IESC,IESC,USD,2026-06-26,714.9000244140625,714.9000244140625
IESC,IESC,USD,2026-06-29,722.969970703125,722.969970703125
IESC,IESC,USD,2026-06-30,734.6599731445312,734.6599731445312
IESC,IESC,USD,2026-07-01,699.97998046875,699.97998046875
IESC,IESC,USD,2026-07-02,654.0,654.0
IESC,IESC,USD,2026-07-06,670.7899780273438,670.7899780273438
IESC,IESC,USD,2026-07-07,609.469970703125,609.469970703125
IESC,IESC,USD,2026-07-08,619.2899780273438,619.2899780273438
IESC,IESC,USD,2026-07-09,642.77001953125,642.77001953125
IESC,IESC,USD,2026-07-10,625.5399780273438,625.5399780273438
IFNNY,IFNNY,USD,2026-05-20,79.9000015258789,79.9000015258789
IFNNY,IFNNY,USD,2026-05-21,80.48999786376953,80.48999786376953
IFNNY,IFNNY,USD,2026-05-22,84.80000305175781,84.80000305175781
IFNNY,IFNNY,USD,2026-05-26,89.86000061035156,89.86000061035156
IFNNY,IFNNY,USD,2026-05-27,89.38999938964844,89.38999938964844
IFNNY,IFNNY,USD,2026-05-28,93.27999877929688,93.27999877929688
IFNNY,IFNNY,USD,2026-05-29,95.70999908447266,95.70999908447266
IFNNY,IFNNY,USD,2026-06-01,93.88999938964844,93.88999938964844
IFNNY,IFNNY,USD,2026-06-02,102.41000366210938,102.41000366210938
IFNNY,IFNNY,USD,2026-06-03,101.7300033569336,101.7300033569336
IFNNY,IFNNY,USD,2026-06-04,99.08999633789062,99.08999633789062
IFNNY,IFNNY,USD,2026-06-05,85.0199966430664,85.0199966430664
IFNNY,IFNNY,USD,2026-06-08,89.6500015258789,89.6500015258789
IFNNY,IFNNY,USD,2026-06-09,90.0,90.0
IFNNY,IFNNY,USD,2026-06-10,86.22000122070312,86.22000122070312
IFNNY,IFNNY,USD,2026-06-11,92.1500015258789,92.1500015258789
IFNNY,IFNNY,USD,2026-06-12,92.30000305175781,92.30000305175781
IFNNY,IFNNY,USD,2026-06-15,94.01000213623047,94.01000213623047
IFNNY,IFNNY,USD,2026-06-16,90.31999969482422,90.31999969482422
IFNNY,IFNNY,USD,2026-06-17,87.58999633789062,87.58999633789062
IFNNY,IFNNY,USD,2026-06-18,95.2300033569336,95.2300033569336
IFNNY,IFNNY,USD,2026-06-22,99.12999725341797,99.12999725341797
IFNNY,IFNNY,USD,2026-06-23,92.20999908447266,92.20999908447266
IFNNY,IFNNY,USD,2026-06-24,89.72000122070312,89.72000122070312
IFNNY,IFNNY,USD,2026-06-25,93.55999755859375,93.55999755859375
IFNNY,IFNNY,USD,2026-06-26,89.36000061035156,89.36000061035156
IFNNY,IFNNY,USD,2026-06-29,90.93000030517578,90.93000030517578
IFNNY,IFNNY,USD,2026-06-30,93.95999908447266,93.95999908447266
IFNNY,IFNNY,USD,2026-07-01,89.12999725341797,89.12999725341797
IFNNY,IFNNY,USD,2026-07-02,86.18000030517578,86.18000030517578
IFNNY,IFNNY,USD,2026-07-06,87.94999694824219,87.94999694824219
IFNNY,IFNNY,USD,2026-07-07,81.41999816894531,81.41999816894531
IFNNY,IFNNY,USD,2026-07-08,81.52999877929688,81.52999877929688
IFNNY,IFNNY,USD,2026-07-09,83.91000366210938,83.91000366210938
IFNNY,IFNNY,USD,2026-07-10,83.0999984741211,83.0999984741211
IMOS,IMOS,USD,2026-05-20,47.862850189208984,48.4900016784668
IMOS,IMOS,USD,2026-05-21,48.43534851074219,49.06999969482422
IMOS,IMOS,USD,2026-05-22,50.36012649536133,51.02000045776367
IMOS,IMOS,USD,2026-05-26,54.51567459106445,55.22999954223633
IMOS,IMOS,USD,2026-05-27,55.98640823364258,56.720001220703125
IMOS,IMOS,USD,2026-05-28,66.12357330322266,66.98999786376953
IMOS,IMOS,USD,2026-05-29,69.35128784179688,70.26000213623047
IMOS,IMOS,USD,2026-06-01,65.7090072631836,66.56999969482422
IMOS,IMOS,USD,2026-06-02,63.77436065673828,64.61000061035156
IMOS,IMOS,USD,2026-06-03,61.93841552734375,62.75
IMOS,IMOS,USD,2026-06-04,63.103153228759766,63.93000030517578
IMOS,IMOS,USD,2026-06-05,56.914249420166016,57.65999984741211
IMOS,IMOS,USD,2026-06-08,55.749507904052734,56.47999954223633
IMOS,IMOS,USD,2026-06-09,57.822349548339844,58.58000183105469
IMOS,IMOS,USD,2026-06-10,54.40709686279297,55.119998931884766
IMOS,IMOS,USD,2026-06-11,62.93535232543945,63.7599983215332
IMOS,IMOS,USD,2026-06-12,61.14876174926758,61.95000076293945
IMOS,IMOS,USD,2026-06-15,59.87544631958008,60.65999984741211
IMOS,IMOS,USD,2026-06-16,57.812477111816406,58.56999969482422
IMOS,IMOS,USD,2026-06-17,58.236915588378906,59.0
IMOS,IMOS,USD,2026-06-18,65.71887969970703,66.58000183105469
IMOS,IMOS,USD,2026-06-22,69.38089752197266,70.29000091552734
IMOS,IMOS,USD,2026-06-23,64.49491119384766,65.33999633789062
IMOS,IMOS,USD,2026-06-24,61.987770080566406,62.79999923706055
IMOS,IMOS,USD,2026-06-25,58.13821029663086,58.900001525878906
IMOS,IMOS,USD,2026-06-26,59.75699996948242,60.540000915527344
IMOS,IMOS,USD,2026-06-29,58.29999923706055,58.29999923706055
IMOS,IMOS,USD,2026-06-30,64.25,64.25
IMOS,IMOS,USD,2026-07-01,64.80999755859375,64.80999755859375
IMOS,IMOS,USD,2026-07-02,63.93000030517578,63.93000030517578
IMOS,IMOS,USD,2026-07-06,72.52999877929688,72.52999877929688
IMOS,IMOS,USD,2026-07-07,65.8499984741211,65.8499984741211
IMOS,IMOS,USD,2026-07-08,68.06999969482422,68.06999969482422
IMOS,IMOS,USD,2026-07-09,74.37000274658203,74.37000274658203
IMOS,IMOS,USD,2026-07-10,75.79000091552734,75.79000091552734
INTC,INTC,USD,2026-05-20,118.95999908447266,118.95999908447266
INTC,INTC,USD,2026-05-21,118.5,118.5
INTC,INTC,USD,2026-05-22,119.83999633789062,119.83999633789062
INTC,INTC,USD,2026-05-26,123.5199966430664,123.5199966430664
INTC,INTC,USD,2026-05-27,121.7699966430664,121.7699966430664
INTC,INTC,USD,2026-05-28,120.88999938964844,120.88999938964844
INTC,INTC,USD,2026-05-29,114.68000030517578,114.68000030517578
INTC,INTC,USD,2026-06-01,109.33000183105469,109.33000183105469
INTC,INTC,USD,2026-06-02,107.93000030517578,107.93000030517578
INTC,INTC,USD,2026-06-03,112.70999908447266,112.70999908447266
INTC,INTC,USD,2026-06-04,111.77999877929688,111.77999877929688
INTC,INTC,USD,2026-06-05,99.16999816894531,99.16999816894531
INTC,INTC,USD,2026-06-08,110.2699966430664,110.2699966430664
INTC,INTC,USD,2026-06-09,107.91999816894531,107.91999816894531
INTC,INTC,USD,2026-06-10,107.04000091552734,107.04000091552734
INTC,INTC,USD,2026-06-11,116.95999908447266,116.95999908447266
INTC,INTC,USD,2026-06-12,124.56999969482422,124.56999969482422
INTC,INTC,USD,2026-06-15,127.86000061035156,127.86000061035156
INTC,INTC,USD,2026-06-16,117.05000305175781,117.05000305175781
INTC,INTC,USD,2026-06-17,121.0999984741211,121.0999984741211
INTC,INTC,USD,2026-06-18,133.99000549316406,133.99000549316406
INTC,INTC,USD,2026-06-22,140.94000244140625,140.94000244140625
INTC,INTC,USD,2026-06-23,132.27999877929688,132.27999877929688
INTC,INTC,USD,2026-06-24,131.64999389648438,131.64999389648438
INTC,INTC,USD,2026-06-25,132.8699951171875,132.8699951171875
INTC,INTC,USD,2026-06-26,128.32000732421875,128.32000732421875
INTC,INTC,USD,2026-06-29,131.72000122070312,131.72000122070312
INTC,INTC,USD,2026-06-30,139.6300048828125,139.6300048828125
INTC,INTC,USD,2026-07-01,127.0199966430664,127.0199966430664
INTC,INTC,USD,2026-07-02,120.3499984741211,120.3499984741211
INTC,INTC,USD,2026-07-06,122.19999694824219,122.19999694824219
INTC,INTC,USD,2026-07-07,110.38999938964844,110.38999938964844
INTC,INTC,USD,2026-07-08,110.23999786376953,110.23999786376953
INTC,INTC,USD,2026-07-09,112.54000091552734,112.54000091552734
INTC,INTC,USD,2026-07-10,109.83999633789062,109.83999633789062
IREN,IREN,USD,2026-05-20,52.709999084472656,52.709999084472656
IREN,IREN,USD,2026-05-21,58.060001373291016,58.060001373291016
IREN,IREN,USD,2026-05-22,56.83000183105469,56.83000183105469
IREN,IREN,USD,2026-05-26,59.779998779296875,59.779998779296875
IREN,IREN,USD,2026-05-27,67.83999633789062,67.83999633789062
IREN,IREN,USD,2026-05-28,64.05000305175781,64.05000305175781
IREN,IREN,USD,2026-05-29,63.540000915527344,63.540000915527344
IREN,IREN,USD,2026-06-01,65.33000183105469,65.33000183105469
IREN,IREN,USD,2026-06-02,66.5999984741211,66.5999984741211
IREN,IREN,USD,2026-06-03,65.4800033569336,65.4800033569336
IREN,IREN,USD,2026-06-04,61.86000061035156,61.86000061035156
IREN,IREN,USD,2026-06-05,54.349998474121094,54.349998474121094
IREN,IREN,USD,2026-06-08,59.189998626708984,59.189998626708984
IREN,IREN,USD,2026-06-09,54.02000045776367,54.02000045776367
IREN,IREN,USD,2026-06-10,51.52000045776367,51.52000045776367
IREN,IREN,USD,2026-06-11,56.709999084472656,56.709999084472656
IREN,IREN,USD,2026-06-12,59.77000045776367,59.77000045776367
IREN,IREN,USD,2026-06-15,60.849998474121094,60.849998474121094
IREN,IREN,USD,2026-06-16,59.18000030517578,59.18000030517578
IREN,IREN,USD,2026-06-17,58.11000061035156,58.11000061035156
IREN,IREN,USD,2026-06-18,59.959999084472656,59.959999084472656
IREN,IREN,USD,2026-06-22,56.869998931884766,56.869998931884766
IREN,IREN,USD,2026-06-23,54.720001220703125,54.720001220703125
IREN,IREN,USD,2026-06-24,50.29999923706055,50.29999923706055
IREN,IREN,USD,2026-06-25,47.7400016784668,47.7400016784668
IREN,IREN,USD,2026-06-26,47.209999084472656,47.209999084472656
IREN,IREN,USD,2026-06-29,45.90999984741211,45.90999984741211
IREN,IREN,USD,2026-06-30,45.72999954223633,45.72999954223633
IREN,IREN,USD,2026-07-01,43.31999969482422,43.31999969482422
IREN,IREN,USD,2026-07-02,38.81999969482422,38.81999969482422
IREN,IREN,USD,2026-07-06,43.90999984741211,43.90999984741211
IREN,IREN,USD,2026-07-07,39.814998626708984,39.814998626708984
IREN,IREN,USD,2026-07-08,43.005001068115234,43.005001068115234
IREN,IREN,USD,2026-07-09,41.720001220703125,41.720001220703125
IREN,IREN,USD,2026-07-10,41.13999938964844,41.13999938964844
JBL,JBL,USD,2026-05-20,345.1499938964844,345.1499938964844
JBL,JBL,USD,2026-05-21,356.4100036621094,356.4100036621094
JBL,JBL,USD,2026-05-22,364.3500061035156,364.3500061035156
JBL,JBL,USD,2026-05-26,380.25,380.25
JBL,JBL,USD,2026-05-27,371.3800048828125,371.3800048828125
JBL,JBL,USD,2026-05-28,363.6499938964844,363.6499938964844
JBL,JBL,USD,2026-05-29,364.55999755859375,364.55999755859375
JBL,JBL,USD,2026-06-01,359.9700012207031,359.9700012207031
JBL,JBL,USD,2026-06-02,373.1600036621094,373.1600036621094
JBL,JBL,USD,2026-06-03,379.0400085449219,379.0400085449219
JBL,JBL,USD,2026-06-04,373.82000732421875,373.82000732421875
JBL,JBL,USD,2026-06-05,353.239990234375,353.239990234375
JBL,JBL,USD,2026-06-08,363.95001220703125,363.95001220703125
JBL,JBL,USD,2026-06-09,362.3800048828125,362.3800048828125
JBL,JBL,USD,2026-06-10,352.3599853515625,352.3599853515625
JBL,JBL,USD,2026-06-11,376.8900146484375,376.8900146484375
JBL,JBL,USD,2026-06-12,384.82000732421875,384.82000732421875
JBL,JBL,USD,2026-06-15,385.6300048828125,385.6300048828125
JBL,JBL,USD,2026-06-16,375.510009765625,375.510009765625
JBL,JBL,USD,2026-06-17,374.9800109863281,374.9800109863281
JBL,JBL,USD,2026-06-18,371.8800048828125,371.8800048828125
JBL,JBL,USD,2026-06-22,377.239990234375,377.239990234375
JBL,JBL,USD,2026-06-23,372.989990234375,372.989990234375
JBL,JBL,USD,2026-06-24,371.79998779296875,371.79998779296875
JBL,JBL,USD,2026-06-25,374.6400146484375,374.6400146484375
JBL,JBL,USD,2026-06-26,358.6000061035156,358.6000061035156
JBL,JBL,USD,2026-06-29,373.5799865722656,373.5799865722656
JBL,JBL,USD,2026-06-30,385.4800109863281,385.4800109863281
JBL,JBL,USD,2026-07-01,375.3399963378906,375.3399963378906
JBL,JBL,USD,2026-07-02,341.29998779296875,341.29998779296875
JBL,JBL,USD,2026-07-06,338.2200012207031,338.2200012207031
JBL,JBL,USD,2026-07-07,321.0799865722656,321.0799865722656
JBL,JBL,USD,2026-07-08,325.2099914550781,325.2099914550781
JBL,JBL,USD,2026-07-09,332.510009765625,332.510009765625
JBL,JBL,USD,2026-07-10,330.2900085449219,330.2900085449219
JCI,JCI,USD,2026-05-20,137.36988830566406,137.75
JCI,JCI,USD,2026-05-21,135.09619140625,135.47000122070312
JCI,JCI,USD,2026-05-22,137.97821044921875,138.36000061035156
JCI,JCI,USD,2026-05-26,139.8330841064453,140.22000122070312
JCI,JCI,USD,2026-05-27,137.8186492919922,138.1999969482422
JCI,JCI,USD,2026-05-28,135.77430725097656,136.14999389648438
JCI,JCI,USD,2026-05-29,133.69007873535156,134.05999755859375
JCI,JCI,USD,2026-06-01,133.54049682617188,133.91000366210938
JCI,JCI,USD,2026-06-02,141.59820556640625,141.99000549316406
JCI,JCI,USD,2026-06-03,146.5544891357422,146.9600067138672
JCI,JCI,USD,2026-06-04,146.99325561523438,147.39999389648438
JCI,JCI,USD,2026-06-05,143.25360107421875,143.64999389648438
JCI,JCI,USD,2026-06-08,143.6525115966797,144.0500030517578
JCI,JCI,USD,2026-06-09,147.34230041503906,147.75
JCI,JCI,USD,2026-06-10,138.97544860839844,139.36000061035156
JCI,JCI,USD,2026-06-11,143.61260986328125,144.00999450683594
JCI,JCI,USD,2026-06-12,144.55999755859375,144.9600067138672
JCI,JCI,USD,2026-06-15,146.05999755859375,146.05999755859375
JCI,JCI,USD,2026-06-16,145.1699981689453,145.1699981689453
JCI,JCI,USD,2026-06-17,143.6199951171875,143.6199951171875
JCI,JCI,USD,2026-06-18,144.82000732421875,144.82000732421875
JCI,JCI,USD,2026-06-22,148.2100067138672,148.2100067138672
JCI,JCI,USD,2026-06-23,141.27999877929688,141.27999877929688
JCI,JCI,USD,2026-06-24,142.80999755859375,142.80999755859375
JCI,JCI,USD,2026-06-25,145.49000549316406,145.49000549316406
JCI,JCI,USD,2026-06-26,138.39999389648438,138.39999389648438
JCI,JCI,USD,2026-06-29,140.47000122070312,140.47000122070312
JCI,JCI,USD,2026-06-30,146.11000061035156,146.11000061035156
JCI,JCI,USD,2026-07-01,144.8000030517578,144.8000030517578
JCI,JCI,USD,2026-07-02,140.75999450683594,140.75999450683594
JCI,JCI,USD,2026-07-06,142.72000122070312,142.72000122070312
JCI,JCI,USD,2026-07-07,140.6199951171875,140.6199951171875
JCI,JCI,USD,2026-07-08,140.22999572753906,140.22999572753906
JCI,JCI,USD,2026-07-09,140.52999877929688,140.52999877929688
JCI,JCI,USD,2026-07-10,142.80999755859375,142.80999755859375
KEYS,KEYS,USD,2026-05-20,342.0799865722656,342.0799865722656
KEYS,KEYS,USD,2026-05-21,337.54998779296875,337.54998779296875
KEYS,KEYS,USD,2026-05-22,346.55999755859375,346.55999755859375
KEYS,KEYS,USD,2026-05-26,355.739990234375,355.739990234375
KEYS,KEYS,USD,2026-05-27,347.6499938964844,347.6499938964844
KEYS,KEYS,USD,2026-05-28,339.1300048828125,339.1300048828125
KEYS,KEYS,USD,2026-05-29,338.3299865722656,338.3299865722656
KEYS,KEYS,USD,2026-06-01,330.0,330.0
KEYS,KEYS,USD,2026-06-02,346.57000732421875,346.57000732421875
KEYS,KEYS,USD,2026-06-03,350.4800109863281,350.4800109863281
KEYS,KEYS,USD,2026-06-04,343.1099853515625,343.1099853515625
KEYS,KEYS,USD,2026-06-05,329.8299865722656,329.8299865722656
KEYS,KEYS,USD,2026-06-08,331.6000061035156,331.6000061035156
KEYS,KEYS,USD,2026-06-09,331.42999267578125,331.42999267578125
KEYS,KEYS,USD,2026-06-10,324.0,324.0
KEYS,KEYS,USD,2026-06-11,340.0299987792969,340.0299987792969
KEYS,KEYS,USD,2026-06-12,350.6700134277344,350.6700134277344
KEYS,KEYS,USD,2026-06-15,356.94000244140625,356.94000244140625
KEYS,KEYS,USD,2026-06-16,350.2900085449219,350.2900085449219
KEYS,KEYS,USD,2026-06-17,350.70001220703125,350.70001220703125
KEYS,KEYS,USD,2026-06-18,363.6700134277344,363.6700134277344
KEYS,KEYS,USD,2026-06-22,373.3399963378906,373.3399963378906
KEYS,KEYS,USD,2026-06-23,352.5799865722656,352.5799865722656
KEYS,KEYS,USD,2026-06-24,351.29998779296875,351.29998779296875
KEYS,KEYS,USD,2026-06-25,360.05999755859375,360.05999755859375
KEYS,KEYS,USD,2026-06-26,328.6600036621094,328.6600036621094
KEYS,KEYS,USD,2026-06-29,340.1300048828125,340.1300048828125
KEYS,KEYS,USD,2026-06-30,350.07000732421875,350.07000732421875
KEYS,KEYS,USD,2026-07-01,335.6000061035156,335.6000061035156
KEYS,KEYS,USD,2026-07-02,313.8599853515625,313.8599853515625
KEYS,KEYS,USD,2026-07-06,319.7300109863281,319.7300109863281
KEYS,KEYS,USD,2026-07-07,309.1199951171875,309.1199951171875
KEYS,KEYS,USD,2026-07-08,317.239990234375,317.239990234375
KEYS,KEYS,USD,2026-07-09,322.1700134277344,322.1700134277344
KEYS,KEYS,USD,2026-07-10,322.04998779296875,322.04998779296875
KLAC,KLAC,USD,2026-05-20,182.94700622558594,182.94700622558594
KLAC,KLAC,USD,2026-05-21,184.21800231933594,184.21800231933594
KLAC,KLAC,USD,2026-05-22,188.83799743652344,188.83799743652344
KLAC,KLAC,USD,2026-05-26,201.13900756835938,201.13900756835938
KLAC,KLAC,USD,2026-05-27,195.718994140625,195.718994140625
KLAC,KLAC,USD,2026-05-28,192.76300048828125,192.76300048828125
KLAC,KLAC,USD,2026-05-29,192.17100524902344,192.17100524902344
KLAC,KLAC,USD,2026-06-01,194.00399780273438,194.00399780273438
KLAC,KLAC,USD,2026-06-02,204.52000427246094,204.52000427246094
KLAC,KLAC,USD,2026-06-03,212.51100158691406,212.51100158691406
KLAC,KLAC,USD,2026-06-04,213.11000061035156,213.11000061035156
KLAC,KLAC,USD,2026-06-05,192.9199981689453,192.9199981689453
KLAC,KLAC,USD,2026-06-08,210.80599975585938,210.80599975585938
KLAC,KLAC,USD,2026-06-09,213.93699645996094,213.93699645996094
KLAC,KLAC,USD,2026-06-10,213.56399536132812,213.56399536132812
KLAC,KLAC,USD,2026-06-11,241.16400146484375,241.16400146484375
KLAC,KLAC,USD,2026-06-12,254.5399932861328,254.5399932861328
KLAC,KLAC,USD,2026-06-15,256.4200134277344,256.4200134277344
KLAC,KLAC,USD,2026-06-16,237.3300018310547,237.3300018310547
KLAC,KLAC,USD,2026-06-17,238.72999572753906,238.72999572753906
KLAC,KLAC,USD,2026-06-18,259.55999755859375,259.55999755859375
KLAC,KLAC,USD,2026-06-22,269.1600036621094,269.1600036621094
KLAC,KLAC,USD,2026-06-23,244.49000549316406,244.49000549316406
KLAC,KLAC,USD,2026-06-24,240.47999572753906,240.47999572753906
KLAC,KLAC,USD,2026-06-25,258.79998779296875,258.79998779296875
KLAC,KLAC,USD,2026-06-26,248.63999938964844,248.63999938964844
KLAC,KLAC,USD,2026-06-29,278.3900146484375,278.3900146484375
KLAC,KLAC,USD,2026-06-30,301.7099914550781,301.7099914550781
KLAC,KLAC,USD,2026-07-01,266.19000244140625,266.19000244140625
KLAC,KLAC,USD,2026-07-02,235.5500030517578,235.5500030517578
KLAC,KLAC,USD,2026-07-06,233.30999755859375,233.30999755859375
KLAC,KLAC,USD,2026-07-07,216.47000122070312,216.47000122070312
KLAC,KLAC,USD,2026-07-08,221.17999267578125,221.17999267578125
KLAC,KLAC,USD,2026-07-09,229.52000427246094,229.52000427246094
KLAC,KLAC,USD,2026-07-10,231.52000427246094,231.52000427246094
KLIC,KLIC,USD,2026-05-20,101.05188751220703,101.2300033569336
KLIC,KLIC,USD,2026-05-21,100.91212463378906,101.08999633789062
KLIC,KLIC,USD,2026-05-22,104.21630859375,104.4000015258789
KLIC,KLIC,USD,2026-05-26,108.37896728515625,108.56999969482422
KLIC,KLIC,USD,2026-05-27,105.42417907714844,105.61000061035156
KLIC,KLIC,USD,2026-05-28,104.56568908691406,104.75
KLIC,KLIC,USD,2026-05-29,101.71072387695312,101.88999938964844
KLIC,KLIC,USD,2026-06-01,103.15816497802734,103.33999633789062
KLIC,KLIC,USD,2026-06-02,108.1693344116211,108.36000061035156
KLIC,KLIC,USD,2026-06-03,108.20926666259766,108.4000015258789
KLIC,KLIC,USD,2026-06-04,107.330810546875,107.5199966430664
KLIC,KLIC,USD,2026-06-05,97.98728942871094,98.16000366210938
KLIC,KLIC,USD,2026-06-08,102.31964874267578,102.5
KLIC,KLIC,USD,2026-06-09,102.45940399169922,102.63999938964844
KLIC,KLIC,USD,2026-06-10,101.85047149658203,102.02999877929688
KLIC,KLIC,USD,2026-06-11,111.62325286865234,111.81999969482422
KLIC,KLIC,USD,2026-06-12,112.93093872070312,113.12999725341797
KLIC,KLIC,USD,2026-06-15,115.23688507080078,115.44000244140625
KLIC,KLIC,USD,2026-06-16,117.06365966796875,117.2699966430664
KLIC,KLIC,USD,2026-06-17,116.30500030517578,116.51000213623047
KLIC,KLIC,USD,2026-06-18,121.87000274658203,121.87000274658203
KLIC,KLIC,USD,2026-06-22,124.22000122070312,124.22000122070312
KLIC,KLIC,USD,2026-06-23,127.0999984741211,127.0999984741211
KLIC,KLIC,USD,2026-06-24,123.27999877929688,123.27999877929688
KLIC,KLIC,USD,2026-06-25,131.49000549316406,131.49000549316406
KLIC,KLIC,USD,2026-06-26,125.22000122070312,125.22000122070312
KLIC,KLIC,USD,2026-06-29,129.1199951171875,129.1199951171875
KLIC,KLIC,USD,2026-06-30,133.75999450683594,133.75999450683594
KLIC,KLIC,USD,2026-07-01,133.80999755859375,133.80999755859375
KLIC,KLIC,USD,2026-07-02,121.33000183105469,121.33000183105469
KLIC,KLIC,USD,2026-07-06,119.61000061035156,119.61000061035156
KLIC,KLIC,USD,2026-07-07,105.87000274658203,105.87000274658203
KLIC,KLIC,USD,2026-07-08,104.2300033569336,104.2300033569336
KLIC,KLIC,USD,2026-07-09,111.38999938964844,111.38999938964844
KLIC,KLIC,USD,2026-07-10,113.41000366210938,113.41000366210938
LFUS,LFUS,USD,2026-05-20,440.510009765625,441.260009765625
LFUS,LFUS,USD,2026-05-21,443.9100036621094,443.9100036621094
LFUS,LFUS,USD,2026-05-22,460.4800109863281,460.4800109863281
LFUS,LFUS,USD,2026-05-26,476.7699890136719,476.7699890136719
LFUS,LFUS,USD,2026-05-27,475.6600036621094,475.6600036621094
LFUS,LFUS,USD,2026-05-28,473.6000061035156,473.6000061035156
LFUS,LFUS,USD,2026-05-29,466.8699951171875,466.8699951171875
LFUS,LFUS,USD,2026-06-01,463.4599914550781,463.4599914550781
LFUS,LFUS,USD,2026-06-02,487.8999938964844,487.8999938964844
LFUS,LFUS,USD,2026-06-03,484.6499938964844,484.6499938964844
LFUS,LFUS,USD,2026-06-04,480.239990234375,480.239990234375
LFUS,LFUS,USD,2026-06-05,457.3399963378906,457.3399963378906
LFUS,LFUS,USD,2026-06-08,464.3399963378906,464.3399963378906
LFUS,LFUS,USD,2026-06-09,456.0,456.0
LFUS,LFUS,USD,2026-06-10,439.44000244140625,439.44000244140625
LFUS,LFUS,USD,2026-06-11,462.9800109863281,462.9800109863281
LFUS,LFUS,USD,2026-06-12,472.1400146484375,472.1400146484375
LFUS,LFUS,USD,2026-06-15,476.8999938964844,476.8999938964844
LFUS,LFUS,USD,2026-06-16,469.19000244140625,469.19000244140625
LFUS,LFUS,USD,2026-06-17,466.44000244140625,466.44000244140625
LFUS,LFUS,USD,2026-06-18,479.82000732421875,479.82000732421875
LFUS,LFUS,USD,2026-06-22,489.1000061035156,489.1000061035156
LFUS,LFUS,USD,2026-06-23,466.9599914550781,466.9599914550781
LFUS,LFUS,USD,2026-06-24,463.69000244140625,463.69000244140625
LFUS,LFUS,USD,2026-06-25,477.2200012207031,477.2200012207031
LFUS,LFUS,USD,2026-06-26,452.3599853515625,452.3599853515625
LFUS,LFUS,USD,2026-06-29,449.0199890136719,449.0199890136719
LFUS,LFUS,USD,2026-06-30,455.3299865722656,455.3299865722656
LFUS,LFUS,USD,2026-07-01,440.3900146484375,440.3900146484375
LFUS,LFUS,USD,2026-07-02,418.4700012207031,418.4700012207031
LFUS,LFUS,USD,2026-07-06,422.0199890136719,422.0199890136719
LFUS,LFUS,USD,2026-07-07,404.3599853515625,404.3599853515625
LFUS,LFUS,USD,2026-07-08,401.55999755859375,401.55999755859375
LFUS,LFUS,USD,2026-07-09,410.55999755859375,410.55999755859375
LFUS,LFUS,USD,2026-07-10,415.1600036621094,415.1600036621094
LIN,LIN,USD,2026-05-20,505.0329895019531,506.6300048828125
LIN,LIN,USD,2026-05-21,512.8881225585938,514.510009765625
LIN,LIN,USD,2026-05-22,515.948486328125,517.5800170898438
LIN,LIN,USD,2026-05-26,513.3466796875,514.969970703125
LIN,LIN,USD,2026-05-27,506.2690734863281,507.8699951171875
LIN,LIN,USD,2026-05-28,500.39764404296875,501.9800109863281
LIN,LIN,USD,2026-05-29,496.12115478515625,497.69000244140625
LIN,LIN,USD,2026-06-01,495.842041015625,497.4100036621094
LIN,LIN,USD,2026-06-02,494.3467712402344,495.9100036621094
LIN,LIN,USD,2026-06-03,505.97003173828125,507.57000732421875
LIN,LIN,USD,2026-06-04,507.45001220703125,507.45001220703125
LIN,LIN,USD,2026-06-05,507.8999938964844,507.8999938964844
LIN,LIN,USD,2026-06-08,501.9200134277344,501.9200134277344
LIN,LIN,USD,2026-06-09,515.5900268554688,515.5900268554688
LIN,LIN,USD,2026-06-10,509.1600036621094,509.1600036621094
LIN,LIN,USD,2026-06-11,515.4400024414062,515.4400024414062
LIN,LIN,USD,2026-06-12,523.5700073242188,523.5700073242188
LIN,LIN,USD,2026-06-15,521.47998046875,521.47998046875
LIN,LIN,USD,2026-06-16,518.1699829101562,518.1699829101562
LIN,LIN,USD,2026-06-17,515.8499755859375,515.8499755859375
LIN,LIN,USD,2026-06-18,512.1500244140625,512.1500244140625
LIN,LIN,USD,2026-06-22,516.7100219726562,516.7100219726562
LIN,LIN,USD,2026-06-23,512.260009765625,512.260009765625
LIN,LIN,USD,2026-06-24,515.72998046875,515.72998046875
LIN,LIN,USD,2026-06-25,522.280029296875,522.280029296875
LIN,LIN,USD,2026-06-26,519.6199951171875,519.6199951171875
LIN,LIN,USD,2026-06-29,511.05999755859375,511.05999755859375
LIN,LIN,USD,2026-06-30,518.9400024414062,518.9400024414062
LIN,LIN,USD,2026-07-01,533.5499877929688,533.5499877929688
LIN,LIN,USD,2026-07-02,546.6400146484375,546.6400146484375
LIN,LIN,USD,2026-07-06,540.52001953125,540.52001953125
LIN,LIN,USD,2026-07-07,538.22998046875,538.22998046875
LIN,LIN,USD,2026-07-08,527.6699829101562,527.6699829101562
LIN,LIN,USD,2026-07-09,525.5599975585938,525.5599975585938
LIN,LIN,USD,2026-07-10,529.7899780273438,529.7899780273438
LITE,LITE,USD,2026-05-20,868.0700073242188,868.0700073242188
LITE,LITE,USD,2026-05-21,964.5,964.5
LITE,LITE,USD,2026-05-22,946.9000244140625,946.9000244140625
LITE,LITE,USD,2026-05-26,910.8099975585938,910.8099975585938
LITE,LITE,USD,2026-05-27,902.3099975585938,902.3099975585938
LITE,LITE,USD,2026-05-28,860.6199951171875,860.6199951171875
LITE,LITE,USD,2026-05-29,854.9600219726562,854.9600219726562
LITE,LITE,USD,2026-06-01,905.0,905.0
LITE,LITE,USD,2026-06-02,1029.1500244140625,1029.1500244140625
LITE,LITE,USD,2026-06-03,938.0,938.0
LITE,LITE,USD,2026-06-04,945.0800170898438,945.0800170898438
LITE,LITE,USD,2026-06-05,863.6599731445312,863.6599731445312
LITE,LITE,USD,2026-06-08,895.4000244140625,895.4000244140625
LITE,LITE,USD,2026-06-09,821.760009765625,821.760009765625
LITE,LITE,USD,2026-06-10,853.260009765625,853.260009765625
LITE,LITE,USD,2026-06-11,889.5900268554688,889.5900268554688
LITE,LITE,USD,2026-06-12,921.5599975585938,921.5599975585938
LITE,LITE,USD,2026-06-15,957.239990234375,957.239990234375
LITE,LITE,USD,2026-06-16,875.3599853515625,875.3599853515625
LITE,LITE,USD,2026-06-17,869.97998046875,869.97998046875
LITE,LITE,USD,2026-06-18,850.0,850.0
LITE,LITE,USD,2026-06-22,893.9299926757812,893.9299926757812
LITE,LITE,USD,2026-06-23,827.9199829101562,827.9199829101562
LITE,LITE,USD,2026-06-24,842.530029296875,842.530029296875
LITE,LITE,USD,2026-06-25,861.969970703125,861.969970703125
LITE,LITE,USD,2026-06-26,816.97998046875,816.97998046875
LITE,LITE,USD,2026-06-29,851.4000244140625,851.4000244140625
LITE,LITE,USD,2026-06-30,858.0599975585938,858.0599975585938
LITE,LITE,USD,2026-07-01,801.1599731445312,801.1599731445312
LITE,LITE,USD,2026-07-02,728.3200073242188,728.3200073242188
LITE,LITE,USD,2026-07-06,731.25,731.25
LITE,LITE,USD,2026-07-07,698.9099731445312,698.9099731445312
LITE,LITE,USD,2026-07-08,707.0999755859375,707.0999755859375
LITE,LITE,USD,2026-07-09,785.77001953125,785.77001953125
LITE,LITE,USD,2026-07-10,802.010009765625,802.010009765625
LRCX,LRCX,USD,2026-05-20,291.8843994140625,292.0899963378906
LRCX,LRCX,USD,2026-05-21,302.0272216796875,302.239990234375
LRCX,LRCX,USD,2026-05-22,305.13507080078125,305.3500061035156
LRCX,LRCX,USD,2026-05-26,322.4528503417969,322.67999267578125
LRCX,LRCX,USD,2026-05-27,318.7054748535156,318.92999267578125
LRCX,LRCX,USD,2026-05-28,317.7761535644531,318.0
LRCX,LRCX,USD,2026-05-29,317.9560241699219,318.17999267578125
LRCX,LRCX,USD,2026-06-01,316.8967590332031,317.1199951171875
LRCX,LRCX,USD,2026-06-02,334.1745910644531,334.4100036621094
LRCX,LRCX,USD,2026-06-03,343.4680480957031,343.7099914550781
LRCX,LRCX,USD,2026-06-04,336.1731872558594,336.4100036621094
LRCX,LRCX,USD,2026-06-05,303.0664978027344,303.2799987792969
LRCX,LRCX,USD,2026-06-08,324.22161865234375,324.45001220703125
LRCX,LRCX,USD,2026-06-09,326.9297180175781,327.1600036621094
LRCX,LRCX,USD,2026-06-10,321.5734558105469,321.79998779296875
LRCX,LRCX,USD,2026-06-11,362.2648010253906,362.5199890136719
LRCX,LRCX,USD,2026-06-12,366.5517883300781,366.80999755859375
LRCX,LRCX,USD,2026-06-15,388.646240234375,388.9200134277344
LRCX,LRCX,USD,2026-06-16,369.08001708984375,369.3399963378906
LRCX,LRCX,USD,2026-06-17,374.17999267578125,374.17999267578125
LRCX,LRCX,USD,2026-06-18,389.0400085449219,389.0400085449219
LRCX,LRCX,USD,2026-06-22,409.5400085449219,409.5400085449219
LRCX,LRCX,USD,2026-06-23,371.3299865722656,371.3299865722656
LRCX,LRCX,USD,2026-06-24,374.79998779296875,374.79998779296875
LRCX,LRCX,USD,2026-06-25,401.82000732421875,401.82000732421875
LRCX,LRCX,USD,2026-06-26,379.0899963378906,379.0899963378906
LRCX,LRCX,USD,2026-06-29,410.9100036621094,410.9100036621094
LRCX,LRCX,USD,2026-06-30,433.3299865722656,433.3299865722656
LRCX,LRCX,USD,2026-07-01,391.260009765625,391.260009765625
LRCX,LRCX,USD,2026-07-02,351.4100036621094,351.4100036621094
LRCX,LRCX,USD,2026-07-06,350.20001220703125,350.20001220703125
LRCX,LRCX,USD,2026-07-07,326.1300048828125,326.1300048828125
LRCX,LRCX,USD,2026-07-08,333.1499938964844,333.1499938964844
LRCX,LRCX,USD,2026-07-09,353.1700134277344,353.1700134277344
LRCX,LRCX,USD,2026-07-10,350.3299865722656,350.3299865722656
LWLG,LWLG,USD,2026-05-20,11.6899995803833,11.6899995803833
LWLG,LWLG,USD,2026-05-21,13.170000076293945,13.170000076293945
LWLG,LWLG,USD,2026-05-22,12.850000381469727,12.850000381469727
LWLG,LWLG,USD,2026-05-26,11.970000267028809,11.970000267028809
LWLG,LWLG,USD,2026-05-27,11.600000381469727,11.600000381469727
LWLG,LWLG,USD,2026-05-28,11.460000038146973,11.460000038146973
LWLG,LWLG,USD,2026-05-29,10.859999656677246,10.859999656677246
LWLG,LWLG,USD,2026-06-01,11.020000457763672,11.020000457763672
LWLG,LWLG,USD,2026-06-02,12.720000267028809,12.720000267028809
LWLG,LWLG,USD,2026-06-03,12.289999961853027,12.289999961853027
LWLG,LWLG,USD,2026-06-04,12.180000305175781,12.180000305175781
LWLG,LWLG,USD,2026-06-05,10.140000343322754,10.140000343322754
LWLG,LWLG,USD,2026-06-08,10.300000190734863,10.300000190734863
LWLG,LWLG,USD,2026-06-09,9.40999984741211,9.40999984741211
LWLG,LWLG,USD,2026-06-10,9.229999542236328,9.229999542236328
LWLG,LWLG,USD,2026-06-11,10.039999961853027,10.039999961853027
LWLG,LWLG,USD,2026-06-12,9.59000015258789,9.59000015258789
LWLG,LWLG,USD,2026-06-15,10.079999923706055,10.079999923706055
LWLG,LWLG,USD,2026-06-16,9.390000343322754,9.390000343322754
LWLG,LWLG,USD,2026-06-17,9.279999732971191,9.279999732971191
LWLG,LWLG,USD,2026-06-18,9.779999732971191,9.779999732971191
LWLG,LWLG,USD,2026-06-22,10.029999732971191,10.029999732971191
LWLG,LWLG,USD,2026-06-23,9.260000228881836,9.260000228881836
LWLG,LWLG,USD,2026-06-24,8.390000343322754,8.390000343322754
LWLG,LWLG,USD,2026-06-25,8.15999984741211,8.15999984741211
LWLG,LWLG,USD,2026-06-26,7.889999866485596,7.889999866485596
LWLG,LWLG,USD,2026-06-29,9.180000305175781,9.180000305175781
LWLG,LWLG,USD,2026-06-30,9.460000038146973,9.460000038146973
LWLG,LWLG,USD,2026-07-01,8.119999885559082,8.119999885559082
LWLG,LWLG,USD,2026-07-02,7.369999885559082,7.369999885559082
LWLG,LWLG,USD,2026-07-06,7.400000095367432,7.400000095367432
LWLG,LWLG,USD,2026-07-07,6.739999771118164,6.739999771118164
LWLG,LWLG,USD,2026-07-08,6.840000152587891,6.840000152587891
LWLG,LWLG,USD,2026-07-09,7.090000152587891,7.090000152587891
LWLG,LWLG,USD,2026-07-10,6.829999923706055,6.829999923706055
MCHP,MCHP,USD,2026-05-20,93.55046081542969,94.0199966430664
MCHP,MCHP,USD,2026-05-21,90.65499877929688,91.11000061035156
MCHP,MCHP,USD,2026-05-22,93.43000030517578,93.43000030517578
MCHP,MCHP,USD,2026-05-26,98.05000305175781,98.05000305175781
MCHP,MCHP,USD,2026-05-27,96.8499984741211,96.8499984741211
MCHP,MCHP,USD,2026-05-28,96.04000091552734,96.04000091552734
MCHP,MCHP,USD,2026-05-29,94.6500015258789,94.6500015258789
MCHP,MCHP,USD,2026-06-01,91.5199966430664,91.5199966430664
MCHP,MCHP,USD,2026-06-02,96.95999908447266,96.95999908447266
MCHP,MCHP,USD,2026-06-03,96.55000305175781,96.55000305175781
MCHP,MCHP,USD,2026-06-04,96.30000305175781,96.30000305175781
MCHP,MCHP,USD,2026-06-05,88.33999633789062,88.33999633789062
MCHP,MCHP,USD,2026-06-08,91.37000274658203,91.37000274658203
MCHP,MCHP,USD,2026-06-09,91.47000122070312,91.47000122070312
MCHP,MCHP,USD,2026-06-10,87.91000366210938,87.91000366210938
MCHP,MCHP,USD,2026-06-11,92.94000244140625,92.94000244140625
MCHP,MCHP,USD,2026-06-12,95.23999786376953,95.23999786376953
MCHP,MCHP,USD,2026-06-15,100.31999969482422,100.31999969482422
MCHP,MCHP,USD,2026-06-16,95.62999725341797,95.62999725341797
MCHP,MCHP,USD,2026-06-17,94.11000061035156,94.11000061035156
MCHP,MCHP,USD,2026-06-18,99.7699966430664,99.7699966430664
MCHP,MCHP,USD,2026-06-22,102.70999908447266,102.70999908447266
MCHP,MCHP,USD,2026-06-23,93.26000213623047,93.26000213623047
MCHP,MCHP,USD,2026-06-24,92.4800033569336,92.4800033569336
MCHP,MCHP,USD,2026-06-25,94.12000274658203,94.12000274658203
MCHP,MCHP,USD,2026-06-26,87.93000030517578,87.93000030517578
MCHP,MCHP,USD,2026-06-29,89.05999755859375,89.05999755859375
MCHP,MCHP,USD,2026-06-30,91.19999694824219,91.19999694824219
MCHP,MCHP,USD,2026-07-01,88.69000244140625,88.69000244140625
MCHP,MCHP,USD,2026-07-02,84.63999938964844,84.63999938964844
MCHP,MCHP,USD,2026-07-06,87.58999633789062,87.58999633789062
MCHP,MCHP,USD,2026-07-07,84.1500015258789,84.1500015258789
MCHP,MCHP,USD,2026-07-08,85.48999786376953,85.48999786376953
MCHP,MCHP,USD,2026-07-09,88.26000213623047,88.26000213623047
MCHP,MCHP,USD,2026-07-10,88.58999633789062,88.58999633789062
META,META,USD,2026-05-20,604.499755859375,605.0599975585938
META,META,USD,2026-05-21,606.8175659179688,607.3800048828125
META,META,USD,2026-05-22,609.6949462890625,610.260009765625
META,META,USD,2026-05-26,611.7730102539062,612.3400268554688
META,META,USD,2026-05-27,634.6718139648438,635.260009765625
META,META,USD,2026-05-28,634.7017211914062,635.2899780273438
META,META,USD,2026-05-29,631.92431640625,632.510009765625
META,META,USD,2026-06-01,599.9139404296875,600.469970703125
META,META,USD,2026-06-02,597.0765991210938,597.6300048828125
META,META,USD,2026-06-03,622.4031372070312,622.97998046875
META,META,USD,2026-06-04,626.9888916015625,627.5700073242188
META,META,USD,2026-06-05,592.450927734375,593.0
META,META,USD,2026-06-08,584.8479614257812,585.3900146484375
META,META,USD,2026-06-09,584.0487060546875,584.5900268554688
META,META,USD,2026-06-10,570.4512939453125,570.97998046875
META,META,USD,2026-06-11,567.9036254882812,568.4299926757812
META,META,USD,2026-06-12,566.4549560546875,566.97998046875
META,META,USD,2026-06-15,593.47998046875,593.47998046875
META,META,USD,2026-06-16,600.2100219726562,600.2100219726562
META,META,USD,2026-06-17,567.5800170898438,567.5800170898438
META,META,USD,2026-06-18,577.219970703125,577.219970703125
META,META,USD,2026-06-22,563.8499755859375,563.8499755859375
META,META,USD,2026-06-23,562.2000122070312,562.2000122070312
META,META,USD,2026-06-24,557.6699829101562,557.6699829101562
META,META,USD,2026-06-25,542.8699951171875,542.8699951171875
META,META,USD,2026-06-26,550.25,550.25
META,META,USD,2026-06-29,562.5999755859375,562.5999755859375
META,META,USD,2026-06-30,563.2899780273438,563.2899780273438
META,META,USD,2026-07-01,612.9099731445312,612.9099731445312
META,META,USD,2026-07-02,582.9000244140625,582.9000244140625
META,META,USD,2026-07-06,600.2899780273438,600.2899780273438
META,META,USD,2026-07-07,615.5800170898438,615.5800170898438
META,META,USD,2026-07-08,603.1199951171875,603.1199951171875
META,META,USD,2026-07-09,631.47998046875,631.47998046875
META,META,USD,2026-07-10,669.2100219726562,669.2100219726562
MICLF,MICLF,USD,2026-05-20,27.219999313354492,27.219999313354492
MICLF,MICLF,USD,2026-05-21,27.219999313354492,27.219999313354492
MICLF,MICLF,USD,2026-05-22,27.219999313354492,27.219999313354492
MICLF,MICLF,USD,2026-05-26,27.219999313354492,27.219999313354492
MICLF,MICLF,USD,2026-05-27,27.219999313354492,27.219999313354492
MICLF,MICLF,USD,2026-05-28,27.219999313354492,27.219999313354492
MICLF,MICLF,USD,2026-05-29,27.219999313354492,27.219999313354492
MICLF,MICLF,USD,2026-06-01,27.219999313354492,27.219999313354492
MICLF,MICLF,USD,2026-06-02,27.219999313354492,27.219999313354492
MICLF,MICLF,USD,2026-06-03,27.219999313354492,27.219999313354492
MICLF,MICLF,USD,2026-06-04,27.219999313354492,27.219999313354492
MICLF,MICLF,USD,2026-06-05,27.219999313354492,27.219999313354492
MICLF,MICLF,USD,2026-06-08,27.219999313354492,27.219999313354492
MICLF,MICLF,USD,2026-06-09,27.219999313354492,27.219999313354492
MICLF,MICLF,USD,2026-06-10,27.219999313354492,27.219999313354492
MICLF,MICLF,USD,2026-06-11,28.989999771118164,28.989999771118164
MICLF,MICLF,USD,2026-06-12,28.989999771118164,28.989999771118164
MICLF,MICLF,USD,2026-06-15,28.989999771118164,28.989999771118164
MICLF,MICLF,USD,2026-06-16,28.989999771118164,28.989999771118164
MICLF,MICLF,USD,2026-06-17,28.989999771118164,28.989999771118164
MICLF,MICLF,USD,2026-06-18,28.989999771118164,28.989999771118164
MICLF,MICLF,USD,2026-06-22,28.989999771118164,28.989999771118164
MICLF,MICLF,USD,2026-06-23,28.989999771118164,28.989999771118164
MICLF,MICLF,USD,2026-06-24,32.91999816894531,32.91999816894531
MICLF,MICLF,USD,2026-06-25,32.91999816894531,32.91999816894531
MICLF,MICLF,USD,2026-06-26,32.91999816894531,32.91999816894531
MICLF,MICLF,USD,2026-06-29,32.91999816894531,32.91999816894531
MICLF,MICLF,USD,2026-06-30,32.91999816894531,32.91999816894531
MICLF,MICLF,USD,2026-07-01,32.91999816894531,32.91999816894531
MICLF,MICLF,USD,2026-07-02,32.91999816894531,32.91999816894531
MICLF,MICLF,USD,2026-07-06,32.91999816894531,32.91999816894531
MICLF,MICLF,USD,2026-07-07,32.91999816894531,32.91999816894531
MICLF,MICLF,USD,2026-07-08,32.91999816894531,32.91999816894531
MICLF,MICLF,USD,2026-07-09,32.5,32.5
MICLF,MICLF,USD,2026-07-10,32.5,32.5
MIELY,MIELY,USD,2026-05-20,74.29000091552734,74.29000091552734
MIELY,MIELY,USD,2026-05-21,76.9000015258789,76.9000015258789
MIELY,MIELY,USD,2026-05-22,79.37999725341797,79.37999725341797
MIELY,MIELY,USD,2026-05-26,82.16999816894531,82.16999816894531
MIELY,MIELY,USD,2026-05-27,81.63999938964844,81.63999938964844
MIELY,MIELY,USD,2026-05-28,83.12999725341797,83.12999725341797
MIELY,MIELY,USD,2026-05-29,81.80999755859375,81.80999755859375
MIELY,MIELY,USD,2026-06-01,77.0,77.0
MIELY,MIELY,USD,2026-06-02,76.43000030517578,76.43000030517578
MIELY,MIELY,USD,2026-06-03,75.41000366210938,75.41000366210938
MIELY,MIELY,USD,2026-06-04,75.05999755859375,75.05999755859375
MIELY,MIELY,USD,2026-06-05,72.6500015258789,72.6500015258789
MIELY,MIELY,USD,2026-06-08,72.19000244140625,72.19000244140625
MIELY,MIELY,USD,2026-06-09,71.8499984741211,71.8499984741211
MIELY,MIELY,USD,2026-06-10,68.30999755859375,68.30999755859375
MIELY,MIELY,USD,2026-06-11,69.68000030517578,69.68000030517578
MIELY,MIELY,USD,2026-06-12,70.08000183105469,70.08000183105469
MIELY,MIELY,USD,2026-06-15,72.55999755859375,72.55999755859375
MIELY,MIELY,USD,2026-06-16,73.11000061035156,73.11000061035156
MIELY,MIELY,USD,2026-06-17,73.36000061035156,73.36000061035156
MIELY,MIELY,USD,2026-06-18,75.88999938964844,75.88999938964844
MIELY,MIELY,USD,2026-06-22,77.63999938964844,77.63999938964844
MIELY,MIELY,USD,2026-06-23,75.5,75.5
MIELY,MIELY,USD,2026-06-24,74.12000274658203,74.12000274658203
MIELY,MIELY,USD,2026-06-25,73.33999633789062,73.33999633789062
MIELY,MIELY,USD,2026-06-26,72.6500015258789,72.6500015258789
MIELY,MIELY,USD,2026-06-29,72.94999694824219,72.94999694824219
MIELY,MIELY,USD,2026-06-30,73.1500015258789,73.1500015258789
MIELY,MIELY,USD,2026-07-01,74.30999755859375,74.30999755859375
MIELY,MIELY,USD,2026-07-02,72.98999786376953,72.98999786376953
MIELY,MIELY,USD,2026-07-06,75.05000305175781,75.05000305175781
MIELY,MIELY,USD,2026-07-07,71.95999908447266,71.95999908447266
MIELY,MIELY,USD,2026-07-08,70.43000030517578,70.43000030517578
MIELY,MIELY,USD,2026-07-09,72.0999984741211,72.0999984741211
MIELY,MIELY,USD,2026-07-10,72.63999938964844,72.63999938964844
MKSI,MKSI,USD,2026-05-20,311.2749938964844,311.510009765625
MKSI,MKSI,USD,2026-05-21,312.9237365722656,313.1600036621094
MKSI,MKSI,USD,2026-05-22,320.3780822753906,320.6199951171875
MKSI,MKSI,USD,2026-05-26,333.85791015625,334.1099853515625
MKSI,MKSI,USD,2026-05-27,327.7625427246094,328.010009765625
MKSI,MKSI,USD,2026-05-28,323.1659851074219,323.4100036621094
MKSI,MKSI,USD,2026-05-29,324.0153503417969,324.260009765625
MKSI,MKSI,USD,2026-06-01,317.38037109375,317.6199951171875
MKSI,MKSI,USD,2026-06-02,331.1099853515625,331.3599853515625
MKSI,MKSI,USD,2026-06-03,335.1499938964844,335.1499938964844
MKSI,MKSI,USD,2026-06-04,330.2300109863281,330.2300109863281
MKSI,MKSI,USD,2026-06-05,301.6499938964844,301.6499938964844
MKSI,MKSI,USD,2026-06-08,312.0899963378906,312.0899963378906
MKSI,MKSI,USD,2026-06-09,320.9599914550781,320.9599914550781
MKSI,MKSI,USD,2026-06-10,316.07000732421875,316.07000732421875
MKSI,MKSI,USD,2026-06-11,345.32000732421875,345.32000732421875
MKSI,MKSI,USD,2026-06-12,355.69000244140625,355.69000244140625
MKSI,MKSI,USD,2026-06-15,375.32000732421875,375.32000732421875
MKSI,MKSI,USD,2026-06-16,366.30999755859375,366.30999755859375
MKSI,MKSI,USD,2026-06-17,371.260009765625,371.260009765625
MKSI,MKSI,USD,2026-06-18,406.3699951171875,406.3699951171875
MKSI,MKSI,USD,2026-06-22,420.55999755859375,420.55999755859375
MKSI,MKSI,USD,2026-06-23,389.1700134277344,389.1700134277344
MKSI,MKSI,USD,2026-06-24,381.6199951171875,381.6199951171875
MKSI,MKSI,USD,2026-06-25,410.30999755859375,410.30999755859375
MKSI,MKSI,USD,2026-06-26,388.6099853515625,388.6099853515625
MKSI,MKSI,USD,2026-06-29,416.0,416.0
MKSI,MKSI,USD,2026-06-30,444.79998779296875,444.79998779296875
MKSI,MKSI,USD,2026-07-01,411.04998779296875,411.04998779296875
MKSI,MKSI,USD,2026-07-02,365.55999755859375,365.55999755859375
MKSI,MKSI,USD,2026-07-06,368.05999755859375,368.05999755859375
MKSI,MKSI,USD,2026-07-07,349.57000732421875,349.57000732421875
MKSI,MKSI,USD,2026-07-08,349.3900146484375,349.3900146484375
MKSI,MKSI,USD,2026-07-09,368.7799987792969,368.7799987792969
MKSI,MKSI,USD,2026-07-10,368.5799865722656,368.5799865722656
MMM,MMM,USD,2026-05-20,149.0093536376953,149.77999877929688
MMM,MMM,USD,2026-05-21,150.82000732421875,151.60000610351562
MMM,MMM,USD,2026-05-22,152.44000244140625,152.44000244140625
MMM,MMM,USD,2026-05-26,154.02999877929688,154.02999877929688
MMM,MMM,USD,2026-05-27,155.1699981689453,155.1699981689453
MMM,MMM,USD,2026-05-28,152.85000610351562,152.85000610351562
MMM,MMM,USD,2026-05-29,153.1300048828125,153.1300048828125
MMM,MMM,USD,2026-06-01,150.92999267578125,150.92999267578125
MMM,MMM,USD,2026-06-02,152.89999389648438,152.89999389648438
MMM,MMM,USD,2026-06-03,151.64999389648438,151.64999389648438
MMM,MMM,USD,2026-06-04,152.77000427246094,152.77000427246094
MMM,MMM,USD,2026-06-05,153.75999450683594,153.75999450683594
MMM,MMM,USD,2026-06-08,153.85000610351562,153.85000610351562
MMM,MMM,USD,2026-06-09,156.38999938964844,156.38999938964844
MMM,MMM,USD,2026-06-10,156.85000610351562,156.85000610351562
MMM,MMM,USD,2026-06-11,157.91000366210938,157.91000366210938
MMM,MMM,USD,2026-06-12,158.32000732421875,158.32000732421875
MMM,MMM,USD,2026-06-15,158.22999572753906,158.22999572753906
MMM,MMM,USD,2026-06-16,161.6300048828125,161.6300048828125
MMM,MMM,USD,2026-06-17,159.22999572753906,159.22999572753906
MMM,MMM,USD,2026-06-18,160.60000610351562,160.60000610351562
MMM,MMM,USD,2026-06-22,163.22000122070312,163.22000122070312
MMM,MMM,USD,2026-06-23,161.83999633789062,161.83999633789062
MMM,MMM,USD,2026-06-24,165.91000366210938,165.91000366210938
MMM,MMM,USD,2026-06-25,167.97000122070312,167.97000122070312
MMM,MMM,USD,2026-06-26,164.00999450683594,164.00999450683594
MMM,MMM,USD,2026-06-29,162.42999267578125,162.42999267578125
MMM,MMM,USD,2026-06-30,161.91000366210938,161.91000366210938
MMM,MMM,USD,2026-07-01,159.9600067138672,159.9600067138672
MMM,MMM,USD,2026-07-02,160.44000244140625,160.44000244140625
MMM,MMM,USD,2026-07-06,159.14999389648438,159.14999389648438
MMM,MMM,USD,2026-07-07,158.00999450683594,158.00999450683594
MMM,MMM,USD,2026-07-08,154.6999969482422,154.6999969482422
MMM,MMM,USD,2026-07-09,155.33999633789062,155.33999633789062
MMM,MMM,USD,2026-07-10,157.52000427246094,157.52000427246094
MOD,MOD,USD,2026-05-20,257.3299865722656,257.3299865722656
MOD,MOD,USD,2026-05-21,250.11000061035156,250.11000061035156
MOD,MOD,USD,2026-05-22,260.5199890136719,260.5199890136719
MOD,MOD,USD,2026-05-26,295.8800048828125,295.8800048828125
MOD,MOD,USD,2026-05-27,279.92999267578125,279.92999267578125
MOD,MOD,USD,2026-05-28,270.70001220703125,270.70001220703125
MOD,MOD,USD,2026-05-29,278.9100036621094,278.9100036621094
MOD,MOD,USD,2026-06-01,288.5199890136719,288.5199890136719
MOD,MOD,USD,2026-06-02,306.8900146484375,306.8900146484375
MOD,MOD,USD,2026-06-03,302.0299987792969,302.0299987792969
MOD,MOD,USD,2026-06-04,301.2099914550781,301.2099914550781
MOD,MOD,USD,2026-06-05,276.510009765625,276.510009765625
MOD,MOD,USD,2026-06-08,275.2300109863281,275.2300109863281
MOD,MOD,USD,2026-06-09,278.17999267578125,278.17999267578125
MOD,MOD,USD,2026-06-10,258.1700134277344,258.1700134277344
MOD,MOD,USD,2026-06-11,271.510009765625,271.510009765625
MOD,MOD,USD,2026-06-12,274.5,274.5
MOD,MOD,USD,2026-06-15,285.7200012207031,285.7200012207031
MOD,MOD,USD,2026-06-16,284.9700012207031,284.9700012207031
MOD,MOD,USD,2026-06-17,283.8800048828125,283.8800048828125
MOD,MOD,USD,2026-06-18,297.3699951171875,297.3699951171875
MOD,MOD,USD,2026-06-22,295.5799865722656,295.5799865722656
MOD,MOD,USD,2026-06-23,277.4599914550781,277.4599914550781
MOD,MOD,USD,2026-06-24,276.70001220703125,276.70001220703125
MOD,MOD,USD,2026-06-25,283.6700134277344,283.6700134277344
MOD,MOD,USD,2026-06-26,255.99000549316406,255.99000549316406
MOD,MOD,USD,2026-06-29,256.3399963378906,256.3399963378906
MOD,MOD,USD,2026-06-30,267.0199890136719,267.0199890136719
MOD,MOD,USD,2026-07-01,244.49000549316406,244.49000549316406
MOD,MOD,USD,2026-07-02,230.97000122070312,230.97000122070312
MOD,MOD,USD,2026-07-06,235.19000244140625,235.19000244140625
MOD,MOD,USD,2026-07-07,230.41000366210938,230.41000366210938
MOD,MOD,USD,2026-07-08,235.6199951171875,235.6199951171875
MOD,MOD,USD,2026-07-09,243.5,243.5
MOD,MOD,USD,2026-07-10,245.91000366210938,245.91000366210938
MPWR,MPWR,USD,2026-05-20,1550.903564453125,1553.27001953125
MPWR,MPWR,USD,2026-05-21,1558.8714599609375,1561.25
MPWR,MPWR,USD,2026-05-22,1587.387939453125,1589.81005859375
MPWR,MPWR,USD,2026-05-26,1660.4464111328125,1662.97998046875
MPWR,MPWR,USD,2026-05-27,1617.7017822265625,1620.1700439453125
MPWR,MPWR,USD,2026-05-28,1630.681884765625,1633.1700439453125
MPWR,MPWR,USD,2026-05-29,1563.8238525390625,1566.2099609375
MPWR,MPWR,USD,2026-06-01,1540.0401611328125,1542.3900146484375
MPWR,MPWR,USD,2026-06-02,1622.5142822265625,1624.989990234375
MPWR,MPWR,USD,2026-06-03,1687.3154296875,1689.8900146484375
MPWR,MPWR,USD,2026-06-04,1650.082275390625,1652.5999755859375
MPWR,MPWR,USD,2026-06-05,1478.793701171875,1481.050048828125
MPWR,MPWR,USD,2026-06-08,1556.8046875,1559.1800537109375
MPWR,MPWR,USD,2026-06-09,1529.64599609375,1531.97998046875
MPWR,MPWR,USD,2026-06-10,1470.7958984375,1473.0400390625
MPWR,MPWR,USD,2026-06-11,1587.12841796875,1589.550048828125
MPWR,MPWR,USD,2026-06-12,1574.9168701171875,1577.3199462890625
MPWR,MPWR,USD,2026-06-15,1649.7728271484375,1652.2900390625
MPWR,MPWR,USD,2026-06-16,1496.4866943359375,1498.77001953125
MPWR,MPWR,USD,2026-06-17,1446.003662109375,1448.2099609375
MPWR,MPWR,USD,2026-06-18,1561.317626953125,1563.699951171875
MPWR,MPWR,USD,2026-06-22,1535.537109375,1537.8800048828125
MPWR,MPWR,USD,2026-06-23,1421.5909423828125,1423.760009765625
MPWR,MPWR,USD,2026-06-24,1432.7637939453125,1434.949951171875
MPWR,MPWR,USD,2026-06-25,1436.1087646484375,1438.300048828125
MPWR,MPWR,USD,2026-06-26,1311.319091796875,1313.3199462890625
MPWR,MPWR,USD,2026-06-29,1310.77001953125,1312.77001953125
MPWR,MPWR,USD,2026-06-30,1382.3599853515625,1382.3599853515625
MPWR,MPWR,USD,2026-07-01,1331.72998046875,1331.72998046875
MPWR,MPWR,USD,2026-07-02,1288.1600341796875,1288.1600341796875
MPWR,MPWR,USD,2026-07-06,1346.1300048828125,1346.1300048828125
MPWR,MPWR,USD,2026-07-07,1272.81005859375,1272.81005859375
MPWR,MPWR,USD,2026-07-08,1315.510009765625,1315.510009765625
MPWR,MPWR,USD,2026-07-09,1374.1300048828125,1374.1300048828125
MPWR,MPWR,USD,2026-07-10,1352.739990234375,1352.739990234375
MRAM,MRAM,USD,2026-05-20,28.940000534057617,28.940000534057617
MRAM,MRAM,USD,2026-05-21,32.45000076293945,32.45000076293945
MRAM,MRAM,USD,2026-05-22,33.68000030517578,33.68000030517578
MRAM,MRAM,USD,2026-05-26,32.70000076293945,32.70000076293945
MRAM,MRAM,USD,2026-05-27,29.969999313354492,29.969999313354492
MRAM,MRAM,USD,2026-05-28,31.260000228881836,31.260000228881836
MRAM,MRAM,USD,2026-05-29,26.3799991607666,26.3799991607666
MRAM,MRAM,USD,2026-06-01,30.110000610351562,30.110000610351562
MRAM,MRAM,USD,2026-06-02,30.110000610351562,30.110000610351562
MRAM,MRAM,USD,2026-06-03,28.56999969482422,28.56999969482422
MRAM,MRAM,USD,2026-06-04,28.420000076293945,28.420000076293945
MRAM,MRAM,USD,2026-06-05,23.65999984741211,23.65999984741211
MRAM,MRAM,USD,2026-06-08,24.299999237060547,24.299999237060547
MRAM,MRAM,USD,2026-06-09,23.280000686645508,23.280000686645508
MRAM,MRAM,USD,2026-06-10,22.860000610351562,22.860000610351562
MRAM,MRAM,USD,2026-06-11,24.200000762939453,24.200000762939453
MRAM,MRAM,USD,2026-06-12,24.40999984741211,24.40999984741211
MRAM,MRAM,USD,2026-06-15,27.850000381469727,27.850000381469727
MRAM,MRAM,USD,2026-06-16,26.15999984741211,26.15999984741211
MRAM,MRAM,USD,2026-06-17,25.68000030517578,25.68000030517578
MRAM,MRAM,USD,2026-06-18,27.110000610351562,27.110000610351562
MRAM,MRAM,USD,2026-06-22,25.530000686645508,25.530000686645508
MRAM,MRAM,USD,2026-06-23,22.549999237060547,22.549999237060547
MRAM,MRAM,USD,2026-06-24,21.399999618530273,21.399999618530273
MRAM,MRAM,USD,2026-06-25,21.84000015258789,21.84000015258789
MRAM,MRAM,USD,2026-06-26,21.75,21.75
MRAM,MRAM,USD,2026-06-29,22.530000686645508,22.530000686645508
MRAM,MRAM,USD,2026-06-30,24.18000030517578,24.18000030517578
MRAM,MRAM,USD,2026-07-01,22.34000015258789,22.34000015258789
MRAM,MRAM,USD,2026-07-02,19.139999389648438,19.139999389648438
MRAM,MRAM,USD,2026-07-06,19.6200008392334,19.6200008392334
MRAM,MRAM,USD,2026-07-07,17.68000030517578,17.68000030517578
MRAM,MRAM,USD,2026-07-08,17.389999389648438,17.389999389648438
MRAM,MRAM,USD,2026-07-09,18.139999389648438,18.139999389648438
MRAM,MRAM,USD,2026-07-10,18.420000076293945,18.420000076293945
MRVL,MRVL,USD,2026-05-20,186.75393676757812,186.8000030517578
MRVL,MRVL,USD,2026-05-21,190.64297485351562,190.69000244140625
MRVL,MRVL,USD,2026-05-22,196.28158569335938,196.3300018310547
MRVL,MRVL,USD,2026-05-26,208.20863342285156,208.25999450683594
MRVL,MRVL,USD,2026-05-27,198.65098571777344,198.6999969482422
MRVL,MRVL,USD,2026-05-28,204.77947998046875,204.8300018310547
MRVL,MRVL,USD,2026-05-29,204.94943237304688,205.0
MRVL,MRVL,USD,2026-06-01,219.37586975097656,219.42999267578125
MRVL,MRVL,USD,2026-06-02,290.7182922363281,290.7900085449219
MRVL,MRVL,USD,2026-06-03,301.5755920410156,301.6499938964844
MRVL,MRVL,USD,2026-06-04,316.3519592285156,316.42999267578125
MRVL,MRVL,USD,2026-06-05,263.405029296875,263.4700012207031
MRVL,MRVL,USD,2026-06-08,288.7787780761719,288.8500061035156
MRVL,MRVL,USD,2026-06-09,266.8141784667969,266.8800048828125
MRVL,MRVL,USD,2026-06-10,252.52769470214844,252.58999633789062
MRVL,MRVL,USD,2026-06-11,280.6407470703125,280.7099914550781
MRVL,MRVL,USD,2026-06-12,279.6310119628906,279.70001220703125
MRVL,MRVL,USD,2026-06-15,308.8038330078125,308.8800048828125
MRVL,MRVL,USD,2026-06-16,278.6012878417969,278.6700134277344
MRVL,MRVL,USD,2026-06-17,289.4685974121094,289.5400085449219
MRVL,MRVL,USD,2026-06-18,310.5033874511719,310.5799865722656
MRVL,MRVL,USD,2026-06-22,307.7840576171875,307.8599853515625
MRVL,MRVL,USD,2026-06-23,278.97119140625,279.0400085449219
MRVL,MRVL,USD,2026-06-24,276.63177490234375,276.70001220703125
MRVL,MRVL,USD,2026-06-25,281.1906433105469,281.260009765625
MRVL,MRVL,USD,2026-06-26,266.7041931152344,266.7699890136719
MRVL,MRVL,USD,2026-06-29,277.6814880371094,277.75
MRVL,MRVL,USD,2026-06-30,297.8165283203125,297.8900146484375
MRVL,MRVL,USD,2026-07-01,271.9828796386719,272.04998779296875
MRVL,MRVL,USD,2026-07-02,245.2294921875,245.2899932861328
MRVL,MRVL,USD,2026-07-06,249.20852661132812,249.27000427246094
MRVL,MRVL,USD,2026-07-07,230.64309692382812,230.6999969482422
MRVL,MRVL,USD,2026-07-08,231.65286254882812,231.7100067138672
MRVL,MRVL,USD,2026-07-09,243.2100067138672,243.27000427246094
MRVL,MRVL,USD,2026-07-10,235.80999755859375,235.80999755859375
MSFT,MSFT,USD,2026-05-20,420.1499938964844,421.05999755859375
MSFT,MSFT,USD,2026-05-21,419.0899963378906,419.0899963378906
MSFT,MSFT,USD,2026-05-22,418.57000732421875,418.57000732421875
MSFT,MSFT,USD,2026-05-26,416.0299987792969,416.0299987792969
MSFT,MSFT,USD,2026-05-27,412.6700134277344,412.6700134277344
MSFT,MSFT,USD,2026-05-28,426.989990234375,426.989990234375
MSFT,MSFT,USD,2026-05-29,450.239990234375,450.239990234375
MSFT,MSFT,USD,2026-06-01,460.5199890136719,460.5199890136719
MSFT,MSFT,USD,2026-06-02,441.30999755859375,441.30999755859375
MSFT,MSFT,USD,2026-06-03,427.3399963378906,427.3399963378906
MSFT,MSFT,USD,2026-06-04,428.04998779296875,428.04998779296875
MSFT,MSFT,USD,2026-06-05,416.6700134277344,416.6700134277344
MSFT,MSFT,USD,2026-06-08,411.739990234375,411.739990234375
MSFT,MSFT,USD,2026-06-09,403.4100036621094,403.4100036621094
MSFT,MSFT,USD,2026-06-10,397.3599853515625,397.3599853515625
MSFT,MSFT,USD,2026-06-11,390.3399963378906,390.3399963378906
MSFT,MSFT,USD,2026-06-12,390.739990234375,390.739990234375
MSFT,MSFT,USD,2026-06-15,399.760009765625,399.760009765625
MSFT,MSFT,USD,2026-06-16,393.8299865722656,393.8299865722656
MSFT,MSFT,USD,2026-06-17,378.9100036621094,378.9100036621094
MSFT,MSFT,USD,2026-06-18,379.3999938964844,379.3999938964844
MSFT,MSFT,USD,2026-06-22,367.3399963378906,367.3399963378906
MSFT,MSFT,USD,2026-06-23,373.94000244140625,373.94000244140625
MSFT,MSFT,USD,2026-06-24,365.4599914550781,365.4599914550781
MSFT,MSFT,USD,2026-06-25,352.8299865722656,352.8299865722656
MSFT,MSFT,USD,2026-06-26,372.9700012207031,372.9700012207031
MSFT,MSFT,USD,2026-06-29,368.57000732421875,368.57000732421875
MSFT,MSFT,USD,2026-06-30,373.0199890136719,373.0199890136719
MSFT,MSFT,USD,2026-07-01,384.2799987792969,384.2799987792969
MSFT,MSFT,USD,2026-07-02,390.489990234375,390.489990234375
MSFT,MSFT,USD,2026-07-06,386.739990234375,386.739990234375
MSFT,MSFT,USD,2026-07-07,388.8399963378906,388.8399963378906
MSFT,MSFT,USD,2026-07-08,383.3399963378906,383.3399963378906
MSFT,MSFT,USD,2026-07-09,384.3599853515625,384.3599853515625
MSFT,MSFT,USD,2026-07-10,385.1000061035156,385.1000061035156
MSI,MSI,USD,2026-05-20,394.7369384765625,395.9200134277344
MSI,MSI,USD,2026-05-21,399.04400634765625,400.239990234375
MSI,MSI,USD,2026-05-22,402.8725280761719,404.0799865722656
MSI,MSI,USD,2026-05-26,409.25341796875,410.4800109863281
MSI,MSI,USD,2026-05-27,407.48870849609375,408.7099914550781
MSI,MSI,USD,2026-05-28,410.3102722167969,411.5400085449219
MSI,MSI,USD,2026-05-29,402.0749206542969,403.2799987792969
MSI,MSI,USD,2026-06-01,410.3501281738281,411.5799865722656
MSI,MSI,USD,2026-06-02,414.1786804199219,415.4200134277344
MSI,MSI,USD,2026-06-03,407.169677734375,408.3900146484375
MSI,MSI,USD,2026-06-04,409.4927062988281,410.7200012207031
MSI,MSI,USD,2026-06-05,409.11383056640625,410.3399963378906
MSI,MSI,USD,2026-06-08,405.58441162109375,406.79998779296875
MSI,MSI,USD,2026-06-09,412.83270263671875,414.07000732421875
MSI,MSI,USD,2026-06-10,410.40997314453125,411.6400146484375
MSI,MSI,USD,2026-06-11,409.1238098144531,410.3500061035156
MSI,MSI,USD,2026-06-12,411.01812744140625,412.25
MSI,MSI,USD,2026-06-15,410.4897155761719,411.7200012207031
MSI,MSI,USD,2026-06-16,403.7200012207031,404.92999267578125
MSI,MSI,USD,2026-06-17,400.70001220703125,400.70001220703125
MSI,MSI,USD,2026-06-18,395.1700134277344,395.1700134277344
MSI,MSI,USD,2026-06-22,392.2300109863281,392.2300109863281
MSI,MSI,USD,2026-06-23,389.44000244140625,389.44000244140625
MSI,MSI,USD,2026-06-24,400.6000061035156,400.6000061035156
MSI,MSI,USD,2026-06-25,397.010009765625,397.010009765625
MSI,MSI,USD,2026-06-26,402.8900146484375,402.8900146484375
MSI,MSI,USD,2026-06-29,412.6000061035156,412.6000061035156
MSI,MSI,USD,2026-06-30,415.2900085449219,415.2900085449219
MSI,MSI,USD,2026-07-01,418.94000244140625,418.94000244140625
MSI,MSI,USD,2026-07-02,422.6600036621094,422.6600036621094
MSI,MSI,USD,2026-07-06,422.8299865722656,422.8299865722656
MSI,MSI,USD,2026-07-07,424.2099914550781,424.2099914550781
MSI,MSI,USD,2026-07-08,420.5400085449219,420.5400085449219
MSI,MSI,USD,2026-07-09,417.2099914550781,417.2099914550781
MSI,MSI,USD,2026-07-10,422.8800048828125,422.8800048828125
MTRN,MTRN,USD,2026-05-20,205.9154510498047,206.0500030517578
MTRN,MTRN,USD,2026-05-21,209.9827880859375,210.1199951171875
MTRN,MTRN,USD,2026-05-22,214.89956665039062,215.0399932861328
MTRN,MTRN,USD,2026-05-26,222.78440856933594,222.92999267578125
MTRN,MTRN,USD,2026-05-27,221.89498901367188,222.0399932861328
MTRN,MTRN,USD,2026-05-28,222.22999572753906,222.22999572753906
MTRN,MTRN,USD,2026-05-29,220.0399932861328,220.0399932861328
MTRN,MTRN,USD,2026-06-01,223.07000732421875,223.07000732421875
MTRN,MTRN,USD,2026-06-02,230.0,230.0
MTRN,MTRN,USD,2026-06-03,228.52000427246094,228.52000427246094
MTRN,MTRN,USD,2026-06-04,227.44000244140625,227.44000244140625
MTRN,MTRN,USD,2026-06-05,220.75,220.75
MTRN,MTRN,USD,2026-06-08,225.52000427246094,225.52000427246094
MTRN,MTRN,USD,2026-06-09,231.27000427246094,231.27000427246094
MTRN,MTRN,USD,2026-06-10,224.0500030517578,224.0500030517578
MTRN,MTRN,USD,2026-06-11,246.0,246.0
MTRN,MTRN,USD,2026-06-12,247.25999450683594,247.25999450683594
MTRN,MTRN,USD,2026-06-15,252.13999938964844,252.13999938964844
MTRN,MTRN,USD,2026-06-16,256.4800109863281,256.4800109863281
MTRN,MTRN,USD,2026-06-17,263.9100036621094,263.9100036621094
MTRN,MTRN,USD,2026-06-18,274.9800109863281,274.9800109863281
MTRN,MTRN,USD,2026-06-22,277.67999267578125,277.67999267578125
MTRN,MTRN,USD,2026-06-23,265.3399963378906,265.3399963378906
MTRN,MTRN,USD,2026-06-24,269.6199951171875,269.6199951171875
MTRN,MTRN,USD,2026-06-25,281.79998779296875,281.79998779296875
MTRN,MTRN,USD,2026-06-26,287.0199890136719,287.0199890136719
MTRN,MTRN,USD,2026-06-29,289.5299987792969,289.5299987792969
MTRN,MTRN,USD,2026-06-30,297.3900146484375,297.3900146484375
MTRN,MTRN,USD,2026-07-01,283.54998779296875,283.54998779296875
MTRN,MTRN,USD,2026-07-02,265.42999267578125,265.42999267578125
MTRN,MTRN,USD,2026-07-06,261.79998779296875,261.79998779296875
MTRN,MTRN,USD,2026-07-07,247.1999969482422,247.1999969482422
MTRN,MTRN,USD,2026-07-08,248.30999755859375,248.30999755859375
MTRN,MTRN,USD,2026-07-09,256.7300109863281,256.7300109863281
MTRN,MTRN,USD,2026-07-10,257.6600036621094,257.6600036621094
MTSI,MTSI,USD,2026-05-20,375.7099914550781,375.7099914550781
MTSI,MTSI,USD,2026-05-21,380.45001220703125,380.45001220703125
MTSI,MTSI,USD,2026-05-22,385.9800109863281,385.9800109863281
MTSI,MTSI,USD,2026-05-26,409.67999267578125,409.67999267578125
MTSI,MTSI,USD,2026-05-27,400.6600036621094,400.6600036621094
MTSI,MTSI,USD,2026-05-28,391.0899963378906,391.0899963378906
MTSI,MTSI,USD,2026-05-29,364.6400146484375,364.6400146484375
MTSI,MTSI,USD,2026-06-01,353.7900085449219,353.7900085449219
MTSI,MTSI,USD,2026-06-02,382.3500061035156,382.3500061035156
MTSI,MTSI,USD,2026-06-03,390.3399963378906,390.3399963378906
MTSI,MTSI,USD,2026-06-04,382.739990234375,382.739990234375
MTSI,MTSI,USD,2026-06-05,345.3999938964844,345.3999938964844
MTSI,MTSI,USD,2026-06-08,361.8599853515625,361.8599853515625
MTSI,MTSI,USD,2026-06-09,358.7200012207031,358.7200012207031
MTSI,MTSI,USD,2026-06-10,354.3999938964844,354.3999938964844
MTSI,MTSI,USD,2026-06-11,374.760009765625,374.760009765625
MTSI,MTSI,USD,2026-06-12,379.8699951171875,379.8699951171875
MTSI,MTSI,USD,2026-06-15,384.7699890136719,384.7699890136719
MTSI,MTSI,USD,2026-06-16,368.32000732421875,368.32000732421875
MTSI,MTSI,USD,2026-06-17,367.1099853515625,367.1099853515625
MTSI,MTSI,USD,2026-06-18,391.4100036621094,391.4100036621094
MTSI,MTSI,USD,2026-06-22,396.260009765625,396.260009765625
MTSI,MTSI,USD,2026-06-23,372.1499938964844,372.1499938964844
MTSI,MTSI,USD,2026-06-24,373.0799865722656,373.0799865722656
MTSI,MTSI,USD,2026-06-25,390.19000244140625,390.19000244140625
MTSI,MTSI,USD,2026-06-26,369.17999267578125,369.17999267578125
MTSI,MTSI,USD,2026-06-29,372.5899963378906,372.5899963378906
MTSI,MTSI,USD,2026-06-30,380.3699951171875,380.3699951171875
MTSI,MTSI,USD,2026-07-01,350.6300048828125,350.6300048828125
MTSI,MTSI,USD,2026-07-02,322.260009765625,322.260009765625
MTSI,MTSI,USD,2026-07-06,327.6400146484375,327.6400146484375
MTSI,MTSI,USD,2026-07-07,304.82000732421875,304.82000732421875
MTSI,MTSI,USD,2026-07-08,305.2300109863281,305.2300109863281
MTSI,MTSI,USD,2026-07-09,317.3500061035156,317.3500061035156
MTSI,MTSI,USD,2026-07-10,308.5199890136719,308.5199890136719
MU,MU,USD,2026-05-20,731.87744140625,731.989990234375
MU,MU,USD,2026-05-21,761.9827880859375,762.0999755859375
MU,MU,USD,2026-05-22,750.884521484375,751.0
MU,MU,USD,2026-05-26,895.7422485351562,895.8800048828125
MU,MU,USD,2026-05-27,928.2672119140625,928.4099731445312
MU,MU,USD,2026-05-28,923.3779907226562,923.52001953125
MU,MU,USD,2026-05-29,970.8507080078125,971.0
MU,MU,USD,2026-06-01,1035.3408203125,1035.5
MU,MU,USD,2026-06-02,1063.936279296875,1064.0999755859375
MU,MU,USD,2026-06-03,1079.4039306640625,1079.5699462890625
MU,MU,USD,2026-06-04,995.8468627929688,996.0
MU,MU,USD,2026-06-05,863.8771362304688,864.010009765625
MU,MU,USD,2026-06-08,949.134033203125,949.280029296875
MU,MU,USD,2026-06-09,935.74609375,935.8900146484375
MU,MU,USD,2026-06-10,891.7428588867188,891.8800048828125
MU,MU,USD,2026-06-11,995.7168579101562,995.8699951171875
MU,MU,USD,2026-06-12,981.4590454101562,981.6099853515625
MU,MU,USD,2026-06-15,1087.8226318359375,1087.989990234375
MU,MU,USD,2026-06-16,1020.60302734375,1020.760009765625
MU,MU,USD,2026-06-17,1043.029541015625,1043.18994140625
MU,MU,USD,2026-06-18,1133.8155517578125,1133.989990234375
MU,MU,USD,2026-06-22,1211.1937255859375,1211.3800048828125
MU,MU,USD,2026-06-23,1051.6082763671875,1051.77001953125
MU,MU,USD,2026-06-24,1048.3487548828125,1048.510009765625
MU,MU,USD,2026-06-25,1213.3734130859375,1213.56005859375
MU,MU,USD,2026-06-26,1132.1558837890625,1132.3299560546875
MU,MU,USD,2026-06-29,1145.1038818359375,1145.280029296875
MU,MU,USD,2026-06-30,1154.112548828125,1154.2900390625
MU,MU,USD,2026-07-01,1032.121337890625,1032.280029296875
MU,MU,USD,2026-07-02,975.4099731445312,975.5599975585938
MU,MU,USD,2026-07-06,984.75,984.75
MU,MU,USD,2026-07-07,938.3800048828125,938.3800048828125
MU,MU,USD,2026-07-08,948.7999877929688,948.7999877929688
MU,MU,USD,2026-07-09,991.6400146484375,991.6400146484375
MU,MU,USD,2026-07-10,979.2999877929688,979.2999877929688
MXL,MXL,USD,2026-05-20,96.7699966430664,96.7699966430664
MXL,MXL,USD,2026-05-21,99.66999816894531,99.66999816894531
MXL,MXL,USD,2026-05-22,99.16000366210938,99.16000366210938
MXL,MXL,USD,2026-05-26,96.12000274658203,96.12000274658203
MXL,MXL,USD,2026-05-27,101.0999984741211,101.0999984741211
MXL,MXL,USD,2026-05-28,97.76000213623047,97.76000213623047
MXL,MXL,USD,2026-05-29,92.93000030517578,92.93000030517578
MXL,MXL,USD,2026-06-01,86.2300033569336,86.2300033569336
MXL,MXL,USD,2026-06-02,88.76000213623047,88.76000213623047
MXL,MXL,USD,2026-06-03,91.38999938964844,91.38999938964844
MXL,MXL,USD,2026-06-04,94.20999908447266,94.20999908447266
MXL,MXL,USD,2026-06-05,80.91999816894531,80.91999816894531
MXL,MXL,USD,2026-06-08,79.2699966430664,79.2699966430664
MXL,MXL,USD,2026-06-09,72.61000061035156,72.61000061035156
MXL,MXL,USD,2026-06-10,71.94999694824219,71.94999694824219
MXL,MXL,USD,2026-06-11,81.08999633789062,81.08999633789062
MXL,MXL,USD,2026-06-12,84.45999908447266,84.45999908447266
MXL,MXL,USD,2026-06-15,88.76000213623047,88.76000213623047
MXL,MXL,USD,2026-06-16,84.38999938964844,84.38999938964844
MXL,MXL,USD,2026-06-17,82.87000274658203,82.87000274658203
MXL,MXL,USD,2026-06-18,88.76000213623047,88.76000213623047
MXL,MXL,USD,2026-06-22,96.44000244140625,96.44000244140625
MXL,MXL,USD,2026-06-23,89.08000183105469,89.08000183105469
MXL,MXL,USD,2026-06-24,84.98999786376953,84.98999786376953
MXL,MXL,USD,2026-06-25,94.47000122070312,94.47000122070312
MXL,MXL,USD,2026-06-26,96.5999984741211,96.5999984741211
MXL,MXL,USD,2026-06-29,108.47000122070312,108.47000122070312
MXL,MXL,USD,2026-06-30,128.02999877929688,128.02999877929688
MXL,MXL,USD,2026-07-01,112.38999938964844,112.38999938964844
MXL,MXL,USD,2026-07-02,93.12000274658203,93.12000274658203
MXL,MXL,USD,2026-07-06,95.68000030517578,95.68000030517578
MXL,MXL,USD,2026-07-07,85.81999969482422,85.81999969482422
MXL,MXL,USD,2026-07-08,86.05000305175781,86.05000305175781
MXL,MXL,USD,2026-07-09,95.80000305175781,95.80000305175781
MXL,MXL,USD,2026-07-10,91.30000305175781,91.30000305175781
MYRG,MYRG,USD,2026-05-20,445.7300109863281,445.7300109863281
MYRG,MYRG,USD,2026-05-21,438.9599914550781,438.9599914550781
MYRG,MYRG,USD,2026-05-22,446.8999938964844,446.8999938964844
MYRG,MYRG,USD,2026-05-26,464.3500061035156,464.3500061035156
MYRG,MYRG,USD,2026-05-27,471.989990234375,471.989990234375
MYRG,MYRG,USD,2026-05-28,478.92999267578125,478.92999267578125
MYRG,MYRG,USD,2026-05-29,465.05999755859375,465.05999755859375
MYRG,MYRG,USD,2026-06-01,449.8500061035156,449.8500061035156
MYRG,MYRG,USD,2026-06-02,450.30999755859375,450.30999755859375
MYRG,MYRG,USD,2026-06-03,441.3500061035156,441.3500061035156
MYRG,MYRG,USD,2026-06-04,451.3999938964844,451.3999938964844
MYRG,MYRG,USD,2026-06-05,445.6600036621094,445.6600036621094
MYRG,MYRG,USD,2026-06-08,436.8800048828125,436.8800048828125
MYRG,MYRG,USD,2026-06-09,423.44000244140625,423.44000244140625
MYRG,MYRG,USD,2026-06-10,407.2200012207031,407.2200012207031
MYRG,MYRG,USD,2026-06-11,425.0799865722656,425.0799865722656
MYRG,MYRG,USD,2026-06-12,445.7200012207031,445.7200012207031
MYRG,MYRG,USD,2026-06-15,449.94000244140625,449.94000244140625
MYRG,MYRG,USD,2026-06-16,446.7699890136719,446.7699890136719
MYRG,MYRG,USD,2026-06-17,444.3999938964844,444.3999938964844
MYRG,MYRG,USD,2026-06-18,461.1000061035156,461.1000061035156
MYRG,MYRG,USD,2026-06-22,483.0799865722656,483.0799865722656
MYRG,MYRG,USD,2026-06-23,468.0,468.0
MYRG,MYRG,USD,2026-06-24,470.0799865722656,470.0799865722656
MYRG,MYRG,USD,2026-06-25,487.3299865722656,487.3299865722656
MYRG,MYRG,USD,2026-06-26,477.95001220703125,477.95001220703125
MYRG,MYRG,USD,2026-06-29,501.1300048828125,501.1300048828125
MYRG,MYRG,USD,2026-06-30,500.3999938964844,500.3999938964844
MYRG,MYRG,USD,2026-07-01,463.1099853515625,463.1099853515625
MYRG,MYRG,USD,2026-07-02,433.010009765625,433.010009765625
MYRG,MYRG,USD,2026-07-06,442.7200012207031,442.7200012207031
MYRG,MYRG,USD,2026-07-07,419.0799865722656,419.0799865722656
MYRG,MYRG,USD,2026-07-08,419.7799987792969,419.7799987792969
MYRG,MYRG,USD,2026-07-09,430.9100036621094,430.9100036621094
MYRG,MYRG,USD,2026-07-10,419.3399963378906,419.3399963378906
NBIS,NBIS,USD,2026-05-20,191.82000732421875,191.82000732421875
NBIS,NBIS,USD,2026-05-21,219.92999267578125,219.92999267578125
NBIS,NBIS,USD,2026-05-22,214.77000427246094,214.77000427246094
NBIS,NBIS,USD,2026-05-26,208.05999755859375,208.05999755859375
NBIS,NBIS,USD,2026-05-27,208.3699951171875,208.3699951171875
NBIS,NBIS,USD,2026-05-28,226.33999633789062,226.33999633789062
NBIS,NBIS,USD,2026-05-29,231.08999633789062,231.08999633789062
NBIS,NBIS,USD,2026-06-01,264.510009765625,264.510009765625
NBIS,NBIS,USD,2026-06-02,260.5799865722656,260.5799865722656
NBIS,NBIS,USD,2026-06-03,251.67999267578125,251.67999267578125
NBIS,NBIS,USD,2026-06-04,259.6700134277344,259.6700134277344
NBIS,NBIS,USD,2026-06-05,227.80999755859375,227.80999755859375
NBIS,NBIS,USD,2026-06-08,218.0,218.0
NBIS,NBIS,USD,2026-06-09,220.1199951171875,220.1199951171875
NBIS,NBIS,USD,2026-06-10,211.69000244140625,211.69000244140625
NBIS,NBIS,USD,2026-06-11,222.24000549316406,222.24000549316406
NBIS,NBIS,USD,2026-06-12,232.36000061035156,232.36000061035156
NBIS,NBIS,USD,2026-06-15,260.07000732421875,260.07000732421875
NBIS,NBIS,USD,2026-06-16,265.1000061035156,265.1000061035156
NBIS,NBIS,USD,2026-06-17,280.9100036621094,280.9100036621094
NBIS,NBIS,USD,2026-06-18,286.69000244140625,286.69000244140625
NBIS,NBIS,USD,2026-06-22,283.6099853515625,283.6099853515625
NBIS,NBIS,USD,2026-06-23,275.25,275.25
NBIS,NBIS,USD,2026-06-24,259.6600036621094,259.6600036621094
NBIS,NBIS,USD,2026-06-25,256.6300048828125,256.6300048828125
NBIS,NBIS,USD,2026-06-26,240.3000030517578,240.3000030517578
NBIS,NBIS,USD,2026-06-29,261.1499938964844,261.1499938964844
NBIS,NBIS,USD,2026-06-30,276.1700134277344,276.1700134277344
NBIS,NBIS,USD,2026-07-01,229.17999267578125,229.17999267578125
NBIS,NBIS,USD,2026-07-02,215.6199951171875,215.6199951171875
NBIS,NBIS,USD,2026-07-06,213.02000427246094,213.02000427246094
NBIS,NBIS,USD,2026-07-07,195.19000244140625,195.19000244140625
NBIS,NBIS,USD,2026-07-08,216.47999572753906,216.47999572753906
NBIS,NBIS,USD,2026-07-09,216.1999969482422,216.1999969482422
NBIS,NBIS,USD,2026-07-10,219.64999389648438,219.64999389648438
NDSN,NDSN,USD,2026-05-20,275.41961669921875,276.20001220703125
NDSN,NDSN,USD,2026-05-21,285.9597473144531,286.7699890136719
NDSN,NDSN,USD,2026-05-22,289.0809020996094,289.8999938964844
NDSN,NDSN,USD,2026-05-26,287.0167541503906,287.8299865722656
NDSN,NDSN,USD,2026-05-27,287.9241638183594,288.739990234375
NDSN,NDSN,USD,2026-05-28,287.3059387207031,288.1199951171875
NDSN,NDSN,USD,2026-05-29,286.5181579589844,287.3299865722656
NDSN,NDSN,USD,2026-06-01,280.5151672363281,281.30999755859375
NDSN,NDSN,USD,2026-06-02,286.91705322265625,287.7300109863281
NDSN,NDSN,USD,2026-06-03,288.6322021484375,289.45001220703125
NDSN,NDSN,USD,2026-06-04,285.67059326171875,286.4800109863281
NDSN,NDSN,USD,2026-06-05,281.9311828613281,282.7300109863281
NDSN,NDSN,USD,2026-06-08,281.4126281738281,282.2099914550781
NDSN,NDSN,USD,2026-06-09,289.3102722167969,290.1300048828125
NDSN,NDSN,USD,2026-06-10,277.7829284667969,278.57000732421875
NDSN,NDSN,USD,2026-06-11,284.8229675292969,285.6300048828125
NDSN,NDSN,USD,2026-06-12,287.3956604003906,288.2099914550781
NDSN,NDSN,USD,2026-06-15,291.4142761230469,292.239990234375
NDSN,NDSN,USD,2026-06-16,292.0724182128906,292.8999938964844
NDSN,NDSN,USD,2026-06-17,289.3999938964844,290.2200012207031
NDSN,NDSN,USD,2026-06-18,295.9200134277344,295.9200134277344
NDSN,NDSN,USD,2026-06-22,295.05999755859375,295.05999755859375
NDSN,NDSN,USD,2026-06-23,291.07000732421875,291.07000732421875
NDSN,NDSN,USD,2026-06-24,296.1099853515625,296.1099853515625
NDSN,NDSN,USD,2026-06-25,304.6400146484375,304.6400146484375
NDSN,NDSN,USD,2026-06-26,301.4700012207031,301.4700012207031
NDSN,NDSN,USD,2026-06-29,302.1600036621094,302.1600036621094
NDSN,NDSN,USD,2026-06-30,301.69000244140625,301.69000244140625
NDSN,NDSN,USD,2026-07-01,295.6400146484375,295.6400146484375
NDSN,NDSN,USD,2026-07-02,290.3800048828125,290.3800048828125
NDSN,NDSN,USD,2026-07-06,293.6600036621094,293.6600036621094
NDSN,NDSN,USD,2026-07-07,286.0299987792969,286.0299987792969
NDSN,NDSN,USD,2026-07-08,283.8900146484375,283.8900146484375
NDSN,NDSN,USD,2026-07-09,286.3699951171875,286.3699951171875
NDSN,NDSN,USD,2026-07-10,286.6000061035156,286.6000061035156
NOK,NOK,USD,2026-05-20,13.619999885559082,13.619999885559082
NOK,NOK,USD,2026-05-21,14.180000305175781,14.180000305175781
NOK,NOK,USD,2026-05-22,15.470000267028809,15.470000267028809
NOK,NOK,USD,2026-05-26,16.459999084472656,16.459999084472656
NOK,NOK,USD,2026-05-27,15.680000305175781,15.680000305175781
NOK,NOK,USD,2026-05-28,15.279999732971191,15.279999732971191
NOK,NOK,USD,2026-05-29,14.84000015258789,14.84000015258789
NOK,NOK,USD,2026-06-01,16.25,16.25
NOK,NOK,USD,2026-06-02,16.850000381469727,16.850000381469727
NOK,NOK,USD,2026-06-03,16.729999542236328,16.729999542236328
NOK,NOK,USD,2026-06-04,16.6200008392334,16.6200008392334
NOK,NOK,USD,2026-06-05,14.380000114440918,14.380000114440918
NOK,NOK,USD,2026-06-08,14.59000015258789,14.59000015258789
NOK,NOK,USD,2026-06-09,13.850000381469727,13.850000381469727
NOK,NOK,USD,2026-06-10,13.399999618530273,13.399999618530273
NOK,NOK,USD,2026-06-11,14.09000015258789,14.09000015258789
NOK,NOK,USD,2026-06-12,14.800000190734863,14.800000190734863
NOK,NOK,USD,2026-06-15,14.819999694824219,14.819999694824219
NOK,NOK,USD,2026-06-16,13.979999542236328,13.979999542236328
NOK,NOK,USD,2026-06-17,13.829999923706055,13.829999923706055
NOK,NOK,USD,2026-06-18,13.489999771118164,13.489999771118164
NOK,NOK,USD,2026-06-22,14.430000305175781,14.430000305175781
NOK,NOK,USD,2026-06-23,13.699999809265137,13.699999809265137
NOK,NOK,USD,2026-06-24,13.8100004196167,13.8100004196167
NOK,NOK,USD,2026-06-25,13.979999542236328,13.979999542236328
NOK,NOK,USD,2026-06-26,13.010000228881836,13.010000228881836
NOK,NOK,USD,2026-06-29,13.029999732971191,13.029999732971191
NOK,NOK,USD,2026-06-30,13.279999732971191,13.279999732971191
NOK,NOK,USD,2026-07-01,12.90999984741211,12.90999984741211
NOK,NOK,USD,2026-07-02,12.069999694824219,12.069999694824219
NOK,NOK,USD,2026-07-06,12.510000228881836,12.510000228881836
NOK,NOK,USD,2026-07-07,11.850000381469727,11.850000381469727
NOK,NOK,USD,2026-07-08,11.949999809265137,11.949999809265137
NOK,NOK,USD,2026-07-09,12.899999618530273,12.899999618530273
NOK,NOK,USD,2026-07-10,12.4399995803833,12.4399995803833
NTAP,NTAP,USD,2026-05-20,118.60975646972656,118.97000122070312
NTAP,NTAP,USD,2026-05-21,123.57466888427734,123.94999694824219
NTAP,NTAP,USD,2026-05-22,138.93801879882812,139.36000061035156
NTAP,NTAP,USD,2026-05-26,138.5292510986328,138.9499969482422
NTAP,NTAP,USD,2026-05-27,142.3077850341797,142.74000549316406
NTAP,NTAP,USD,2026-05-28,141.9687957763672,142.39999389648438
NTAP,NTAP,USD,2026-05-29,173.76223754882812,174.2899932861328
NTAP,NTAP,USD,2026-06-01,179.15585327148438,179.6999969482422
NTAP,NTAP,USD,2026-06-02,175.108154296875,175.63999938964844
NTAP,NTAP,USD,2026-06-03,180.5316925048828,181.0800018310547
NTAP,NTAP,USD,2026-06-04,178.328369140625,178.8699951171875
NTAP,NTAP,USD,2026-06-05,166.53419494628906,167.0399932861328
NTAP,NTAP,USD,2026-06-08,169.79429626464844,170.30999755859375
NTAP,NTAP,USD,2026-06-09,164.50038146972656,165.0
NTAP,NTAP,USD,2026-06-10,160.17352294921875,160.66000366210938
NTAP,NTAP,USD,2026-06-11,159.9840850830078,160.47000122070312
NTAP,NTAP,USD,2026-06-12,161.12063598632812,161.61000061035156
NTAP,NTAP,USD,2026-06-15,161.33001708984375,161.82000732421875
NTAP,NTAP,USD,2026-06-16,160.77169799804688,161.25999450683594
NTAP,NTAP,USD,2026-06-17,154.3412322998047,154.80999755859375
NTAP,NTAP,USD,2026-06-18,159.2263946533203,159.7100067138672
NTAP,NTAP,USD,2026-06-22,157.83062744140625,158.30999755859375
NTAP,NTAP,USD,2026-06-23,157.3421173095703,157.82000732421875
NTAP,NTAP,USD,2026-06-24,155.08895874023438,155.55999755859375
NTAP,NTAP,USD,2026-06-25,154.12188720703125,154.58999633789062
NTAP,NTAP,USD,2026-06-26,151.98837280273438,152.4499969482422
NTAP,NTAP,USD,2026-06-29,154.59046936035156,155.05999755859375
NTAP,NTAP,USD,2026-06-30,154.2913818359375,154.75999450683594
NTAP,NTAP,USD,2026-07-01,155.90647888183594,156.3800048828125
NTAP,NTAP,USD,2026-07-02,153.7031707763672,154.1699981689453
NTAP,NTAP,USD,2026-07-06,163.0547637939453,163.5500030517578
NTAP,NTAP,USD,2026-07-07,165.27801513671875,165.77999877929688
NTAP,NTAP,USD,2026-07-08,164.89915466308594,165.39999389648438
NTAP,NTAP,USD,2026-07-09,171.20999145507812,171.72999572753906
NTAP,NTAP,USD,2026-07-10,168.8699951171875,168.8699951171875
NTNX,NTNX,USD,2026-05-20,45.029998779296875,45.029998779296875
NTNX,NTNX,USD,2026-05-21,44.689998626708984,44.689998626708984
NTNX,NTNX,USD,2026-05-22,47.119998931884766,47.119998931884766
NTNX,NTNX,USD,2026-05-26,46.54999923706055,46.54999923706055
NTNX,NTNX,USD,2026-05-27,46.56999969482422,46.56999969482422
NTNX,NTNX,USD,2026-05-28,48.810001373291016,48.810001373291016
NTNX,NTNX,USD,2026-05-29,52.06999969482422,52.06999969482422
NTNX,NTNX,USD,2026-06-01,55.869998931884766,55.869998931884766
NTNX,NTNX,USD,2026-06-02,55.4900016784668,55.4900016784668
NTNX,NTNX,USD,2026-06-03,53.040000915527344,53.040000915527344
NTNX,NTNX,USD,2026-06-04,54.970001220703125,54.970001220703125
NTNX,NTNX,USD,2026-06-05,53.63999938964844,53.63999938964844
NTNX,NTNX,USD,2026-06-08,51.849998474121094,51.849998474121094
NTNX,NTNX,USD,2026-06-09,50.7400016784668,50.7400016784668
NTNX,NTNX,USD,2026-06-10,49.65999984741211,49.65999984741211
NTNX,NTNX,USD,2026-06-11,49.209999084472656,49.209999084472656
NTNX,NTNX,USD,2026-06-12,49.310001373291016,49.310001373291016
NTNX,NTNX,USD,2026-06-15,49.400001525878906,49.400001525878906
NTNX,NTNX,USD,2026-06-16,48.31999969482422,48.31999969482422
NTNX,NTNX,USD,2026-06-17,46.470001220703125,46.470001220703125
NTNX,NTNX,USD,2026-06-18,46.900001525878906,46.900001525878906
NTNX,NTNX,USD,2026-06-22,46.61000061035156,46.61000061035156
NTNX,NTNX,USD,2026-06-23,47.88999938964844,47.88999938964844
NTNX,NTNX,USD,2026-06-24,47.5,47.5
NTNX,NTNX,USD,2026-06-25,46.939998626708984,46.939998626708984
NTNX,NTNX,USD,2026-06-26,49.720001220703125,49.720001220703125
NTNX,NTNX,USD,2026-06-29,51.060001373291016,51.060001373291016
NTNX,NTNX,USD,2026-06-30,50.959999084472656,50.959999084472656
NTNX,NTNX,USD,2026-07-01,51.20000076293945,51.20000076293945
NTNX,NTNX,USD,2026-07-02,51.279998779296875,51.279998779296875
NTNX,NTNX,USD,2026-07-06,52.41999816894531,52.41999816894531
NTNX,NTNX,USD,2026-07-07,53.7599983215332,53.7599983215332
NTNX,NTNX,USD,2026-07-08,53.93000030517578,53.93000030517578
NTNX,NTNX,USD,2026-07-09,55.529998779296875,55.529998779296875
NTNX,NTNX,USD,2026-07-10,54.790000915527344,54.790000915527344
NVDA,NVDA,USD,2026-05-20,223.20985412597656,223.47000122070312
NVDA,NVDA,USD,2026-05-21,219.25445556640625,219.50999450683594
NVDA,NVDA,USD,2026-05-22,215.07933044433594,215.3300018310547
NVDA,NVDA,USD,2026-05-26,214.60987854003906,214.86000061035156
NVDA,NVDA,USD,2026-05-27,212.35250854492188,212.60000610351562
NVDA,NVDA,USD,2026-05-28,214.00057983398438,214.25
NVDA,NVDA,USD,2026-05-29,210.8942108154297,211.13999938964844
NVDA,NVDA,USD,2026-06-01,224.09881591796875,224.36000061035156
NVDA,NVDA,USD,2026-06-02,222.56060791015625,222.82000732421875
NVDA,NVDA,USD,2026-06-03,214.5,214.75
NVDA,NVDA,USD,2026-06-04,218.66000366210938,218.66000366210938
NVDA,NVDA,USD,2026-06-05,205.10000610351562,205.10000610351562
NVDA,NVDA,USD,2026-06-08,208.63999938964844,208.63999938964844
NVDA,NVDA,USD,2026-06-09,208.19000244140625,208.19000244140625
NVDA,NVDA,USD,2026-06-10,200.4199981689453,200.4199981689453
NVDA,NVDA,USD,2026-06-11,204.8699951171875,204.8699951171875
NVDA,NVDA,USD,2026-06-12,205.19000244140625,205.19000244140625
NVDA,NVDA,USD,2026-06-15,212.4499969482422,212.4499969482422
NVDA,NVDA,USD,2026-06-16,207.41000366210938,207.41000366210938
NVDA,NVDA,USD,2026-06-17,204.64999389648438,204.64999389648438
NVDA,NVDA,USD,2026-06-18,210.69000244140625,210.69000244140625
NVDA,NVDA,USD,2026-06-22,208.64999389648438,208.64999389648438
NVDA,NVDA,USD,2026-06-23,200.0399932861328,200.0399932861328
NVDA,NVDA,USD,2026-06-24,199.0,199.0
NVDA,NVDA,USD,2026-06-25,195.74000549316406,195.74000549316406
NVDA,NVDA,USD,2026-06-26,192.52999877929688,192.52999877929688
NVDA,NVDA,USD,2026-06-29,194.97000122070312,194.97000122070312
NVDA,NVDA,USD,2026-06-30,200.08999633789062,200.08999633789062
NVDA,NVDA,USD,2026-07-01,197.5800018310547,197.5800018310547
NVDA,NVDA,USD,2026-07-02,194.8300018310547,194.8300018310547
NVDA,NVDA,USD,2026-07-06,195.5500030517578,195.5500030517578
NVDA,NVDA,USD,2026-07-07,196.92999267578125,196.92999267578125
NVDA,NVDA,USD,2026-07-08,204.1199951171875,204.1199951171875
NVDA,NVDA,USD,2026-07-09,202.77999877929688,202.77999877929688
NVDA,NVDA,USD,2026-07-10,210.9600067138672,210.9600067138672
NVMI,NVMI,USD,2026-05-20,494.0299987792969,494.0299987792969
NVMI,NVMI,USD,2026-05-21,496.5,496.5
NVMI,NVMI,USD,2026-05-22,503.489990234375,503.489990234375
NVMI,NVMI,USD,2026-05-26,527.25,527.25
NVMI,NVMI,USD,2026-05-27,512.1500244140625,512.1500244140625
NVMI,NVMI,USD,2026-05-28,505.9700012207031,505.9700012207031
NVMI,NVMI,USD,2026-05-29,502.3299865722656,502.3299865722656
NVMI,NVMI,USD,2026-06-01,481.82000732421875,481.82000732421875
NVMI,NVMI,USD,2026-06-02,523.1300048828125,523.1300048828125
NVMI,NVMI,USD,2026-06-03,530.0399780273438,530.0399780273438
NVMI,NVMI,USD,2026-06-04,520.4000244140625,520.4000244140625
NVMI,NVMI,USD,2026-06-05,475.760009765625,475.760009765625
NVMI,NVMI,USD,2026-06-08,507.9599914550781,507.9599914550781
NVMI,NVMI,USD,2026-06-09,514.489990234375,514.489990234375
NVMI,NVMI,USD,2026-06-10,508.3500061035156,508.3500061035156
NVMI,NVMI,USD,2026-06-11,559.6199951171875,559.6199951171875
NVMI,NVMI,USD,2026-06-12,583.0499877929688,583.0499877929688
NVMI,NVMI,USD,2026-06-15,605.6500244140625,605.6500244140625
NVMI,NVMI,USD,2026-06-16,550.6900024414062,550.6900024414062
NVMI,NVMI,USD,2026-06-17,554.4199829101562,554.4199829101562
NVMI,NVMI,USD,2026-06-18,575.3099975585938,575.3099975585938
NVMI,NVMI,USD,2026-06-22,583.0999755859375,583.0999755859375
NVMI,NVMI,USD,2026-06-23,527.8800048828125,527.8800048828125
NVMI,NVMI,USD,2026-06-24,521.9299926757812,521.9299926757812
NVMI,NVMI,USD,2026-06-25,534.239990234375,534.239990234375
NVMI,NVMI,USD,2026-06-26,488.5799865722656,488.5799865722656
NVMI,NVMI,USD,2026-06-29,520.3900146484375,520.3900146484375
NVMI,NVMI,USD,2026-06-30,542.9400024414062,542.9400024414062
NVMI,NVMI,USD,2026-07-01,502.6000061035156,502.6000061035156
NVMI,NVMI,USD,2026-07-02,470.1400146484375,470.1400146484375
NVMI,NVMI,USD,2026-07-06,466.6300048828125,466.6300048828125
NVMI,NVMI,USD,2026-07-07,446.42999267578125,446.42999267578125
NVMI,NVMI,USD,2026-07-08,451.989990234375,451.989990234375
NVMI,NVMI,USD,2026-07-09,473.989990234375,473.989990234375
NVMI,NVMI,USD,2026-07-10,475.8999938964844,475.8999938964844
NVT,NVT,USD,2026-05-20,161.86000061035156,161.86000061035156
NVT,NVT,USD,2026-05-21,163.57000732421875,163.57000732421875
NVT,NVT,USD,2026-05-22,164.66000366210938,164.66000366210938
NVT,NVT,USD,2026-05-26,169.2899932861328,169.2899932861328
NVT,NVT,USD,2026-05-27,167.8000030517578,167.8000030517578
NVT,NVT,USD,2026-05-28,164.8699951171875,164.8699951171875
NVT,NVT,USD,2026-05-29,166.99000549316406,166.99000549316406
NVT,NVT,USD,2026-06-01,171.5500030517578,171.5500030517578
NVT,NVT,USD,2026-06-02,173.38999938964844,173.38999938964844
NVT,NVT,USD,2026-06-03,176.38999938964844,176.38999938964844
NVT,NVT,USD,2026-06-04,173.8800048828125,173.8800048828125
NVT,NVT,USD,2026-06-05,162.86000061035156,162.86000061035156
NVT,NVT,USD,2026-06-08,163.80999755859375,163.80999755859375
NVT,NVT,USD,2026-06-09,163.8000030517578,163.8000030517578
NVT,NVT,USD,2026-06-10,156.7899932861328,156.7899932861328
NVT,NVT,USD,2026-06-11,164.52000427246094,164.52000427246094
NVT,NVT,USD,2026-06-12,165.83999633789062,165.83999633789062
NVT,NVT,USD,2026-06-15,169.0,169.0
NVT,NVT,USD,2026-06-16,167.33999633789062,167.33999633789062
NVT,NVT,USD,2026-06-17,170.94000244140625,170.94000244140625
NVT,NVT,USD,2026-06-18,177.02000427246094,177.02000427246094
NVT,NVT,USD,2026-06-22,184.33999633789062,184.33999633789062
NVT,NVT,USD,2026-06-23,168.3699951171875,168.3699951171875
NVT,NVT,USD,2026-06-24,167.5500030517578,167.5500030517578
NVT,NVT,USD,2026-06-25,171.91000366210938,171.91000366210938
NVT,NVT,USD,2026-06-26,162.9199981689453,162.9199981689453
NVT,NVT,USD,2026-06-29,163.35000610351562,163.35000610351562
NVT,NVT,USD,2026-06-30,169.61000061035156,169.61000061035156
NVT,NVT,USD,2026-07-01,159.99000549316406,159.99000549316406
NVT,NVT,USD,2026-07-02,152.14999389648438,152.14999389648438
NVT,NVT,USD,2026-07-06,156.88999938964844,156.88999938964844
NVT,NVT,USD,2026-07-07,153.17999267578125,153.17999267578125
NVT,NVT,USD,2026-07-08,154.75999450683594,154.75999450683594
NVT,NVT,USD,2026-07-09,158.0500030517578,158.0500030517578
NVT,NVT,USD,2026-07-10,160.72000122070312,160.72000122070312
NVTS,NVTS,USD,2026-05-20,22.989999771118164,22.989999771118164
NVTS,NVTS,USD,2026-05-21,24.3799991607666,24.3799991607666
NVTS,NVTS,USD,2026-05-22,29.25,29.25
NVTS,NVTS,USD,2026-05-26,31.790000915527344,31.790000915527344
NVTS,NVTS,USD,2026-05-27,28.8799991607666,28.8799991607666
NVTS,NVTS,USD,2026-05-28,28.510000228881836,28.510000228881836
NVTS,NVTS,USD,2026-05-29,26.600000381469727,26.600000381469727
NVTS,NVTS,USD,2026-06-01,24.860000610351562,24.860000610351562
NVTS,NVTS,USD,2026-06-02,25.860000610351562,25.860000610351562
NVTS,NVTS,USD,2026-06-03,30.84000015258789,30.84000015258789
NVTS,NVTS,USD,2026-06-04,30.670000076293945,30.670000076293945
NVTS,NVTS,USD,2026-06-05,25.079999923706055,25.079999923706055
NVTS,NVTS,USD,2026-06-08,24.479999542236328,24.479999542236328
NVTS,NVTS,USD,2026-06-09,22.850000381469727,22.850000381469727
NVTS,NVTS,USD,2026-06-10,20.5,20.5
NVTS,NVTS,USD,2026-06-11,22.209999084472656,22.209999084472656
NVTS,NVTS,USD,2026-06-12,23.389999389648438,23.389999389648438
NVTS,NVTS,USD,2026-06-15,23.729999542236328,23.729999542236328
NVTS,NVTS,USD,2026-06-16,22.09000015258789,22.09000015258789
NVTS,NVTS,USD,2026-06-17,22.34000015258789,22.34000015258789
NVTS,NVTS,USD,2026-06-18,24.020000457763672,24.020000457763672
NVTS,NVTS,USD,2026-06-22,23.700000762939453,23.700000762939453
NVTS,NVTS,USD,2026-06-23,21.399999618530273,21.399999618530273
NVTS,NVTS,USD,2026-06-24,18.31999969482422,18.31999969482422
NVTS,NVTS,USD,2026-06-25,17.700000762939453,17.700000762939453
NVTS,NVTS,USD,2026-06-26,17.299999237060547,17.299999237060547
NVTS,NVTS,USD,2026-06-29,17.739999771118164,17.739999771118164
NVTS,NVTS,USD,2026-06-30,17.920000076293945,17.920000076293945
NVTS,NVTS,USD,2026-07-01,16.530000686645508,16.530000686645508
NVTS,NVTS,USD,2026-07-02,14.460000038146973,14.460000038146973
NVTS,NVTS,USD,2026-07-06,15.229999542236328,15.229999542236328
NVTS,NVTS,USD,2026-07-07,13.989999771118164,13.989999771118164
NVTS,NVTS,USD,2026-07-08,13.359999656677246,13.359999656677246
NVTS,NVTS,USD,2026-07-09,14.180000305175781,14.180000305175781
NVTS,NVTS,USD,2026-07-10,13.470000267028809,13.470000267028809
OKLO,OKLO,USD,2026-05-20,62.58000183105469,62.58000183105469
OKLO,OKLO,USD,2026-05-21,65.08999633789062,65.08999633789062
OKLO,OKLO,USD,2026-05-22,65.87999725341797,65.87999725341797
OKLO,OKLO,USD,2026-05-26,68.69999694824219,68.69999694824219
OKLO,OKLO,USD,2026-05-27,67.81999969482422,67.81999969482422
OKLO,OKLO,USD,2026-05-28,68.08999633789062,68.08999633789062
OKLO,OKLO,USD,2026-05-29,66.87999725341797,66.87999725341797
OKLO,OKLO,USD,2026-06-01,66.88999938964844,66.88999938964844
OKLO,OKLO,USD,2026-06-02,73.47000122070312,73.47000122070312
OKLO,OKLO,USD,2026-06-03,65.20999908447266,65.20999908447266
OKLO,OKLO,USD,2026-06-04,65.38999938964844,65.38999938964844
OKLO,OKLO,USD,2026-06-05,58.09000015258789,58.09000015258789
OKLO,OKLO,USD,2026-06-08,58.939998626708984,58.939998626708984
OKLO,OKLO,USD,2026-06-09,56.47999954223633,56.47999954223633
OKLO,OKLO,USD,2026-06-10,54.02000045776367,54.02000045776367
OKLO,OKLO,USD,2026-06-11,57.86000061035156,57.86000061035156
OKLO,OKLO,USD,2026-06-12,57.4900016784668,57.4900016784668
OKLO,OKLO,USD,2026-06-15,60.7400016784668,60.7400016784668
OKLO,OKLO,USD,2026-06-16,57.45000076293945,57.45000076293945
OKLO,OKLO,USD,2026-06-17,58.81999969482422,58.81999969482422
OKLO,OKLO,USD,2026-06-18,61.16999816894531,61.16999816894531
OKLO,OKLO,USD,2026-06-22,58.400001525878906,58.400001525878906
OKLO,OKLO,USD,2026-06-23,57.189998626708984,57.189998626708984
OKLO,OKLO,USD,2026-06-24,54.060001373291016,54.060001373291016
OKLO,OKLO,USD,2026-06-25,51.0099983215332,51.0099983215332
OKLO,OKLO,USD,2026-06-26,50.0,50.0
OKLO,OKLO,USD,2026-06-29,52.7599983215332,52.7599983215332
OKLO,OKLO,USD,2026-06-30,52.33000183105469,52.33000183105469
OKLO,OKLO,USD,2026-07-01,52.45000076293945,52.45000076293945
OKLO,OKLO,USD,2026-07-02,52.36000061035156,52.36000061035156
OKLO,OKLO,USD,2026-07-06,51.84000015258789,51.84000015258789
OKLO,OKLO,USD,2026-07-07,47.900001525878906,47.900001525878906
OKLO,OKLO,USD,2026-07-08,47.279998779296875,47.279998779296875
OKLO,OKLO,USD,2026-07-09,49.27000045776367,49.27000045776367
OKLO,OKLO,USD,2026-07-10,48.849998474121094,48.849998474121094
ON,ON,USD,2026-05-20,110.20999908447266,110.20999908447266
ON,ON,USD,2026-05-21,109.61000061035156,109.61000061035156
ON,ON,USD,2026-05-22,116.19999694824219,116.19999694824219
ON,ON,USD,2026-05-26,127.0,127.0
ON,ON,USD,2026-05-27,124.88999938964844,124.88999938964844
ON,ON,USD,2026-05-28,123.7699966430664,123.7699966430664
ON,ON,USD,2026-05-29,120.62000274658203,120.62000274658203
ON,ON,USD,2026-06-01,120.91999816894531,120.91999816894531
ON,ON,USD,2026-06-02,128.63999938964844,128.63999938964844
ON,ON,USD,2026-06-03,133.92999267578125,133.92999267578125
ON,ON,USD,2026-06-04,131.82000732421875,131.82000732421875
ON,ON,USD,2026-06-05,117.26000213623047,117.26000213623047
ON,ON,USD,2026-06-08,120.9000015258789,120.9000015258789
ON,ON,USD,2026-06-09,117.0,117.0
ON,ON,USD,2026-06-10,110.16999816894531,110.16999816894531
ON,ON,USD,2026-06-11,115.95999908447266,115.95999908447266
ON,ON,USD,2026-06-12,116.79000091552734,116.79000091552734
ON,ON,USD,2026-06-15,125.9000015258789,125.9000015258789
ON,ON,USD,2026-06-16,118.25,118.25
ON,ON,USD,2026-06-17,112.91999816894531,112.91999816894531
ON,ON,USD,2026-06-18,121.62000274658203,121.62000274658203
ON,ON,USD,2026-06-22,131.5500030517578,131.5500030517578
ON,ON,USD,2026-06-23,117.05999755859375,117.05999755859375
ON,ON,USD,2026-06-24,115.73999786376953,115.73999786376953
ON,ON,USD,2026-06-25,118.73999786376953,118.73999786376953
ON,ON,USD,2026-06-26,90.6500015258789,90.6500015258789
ON,ON,USD,2026-06-29,88.56999969482422,88.56999969482422
ON,ON,USD,2026-06-30,94.54000091552734,94.54000091552734
ON,ON,USD,2026-07-01,94.62999725341797,94.62999725341797
ON,ON,USD,2026-07-02,91.22000122070312,91.22000122070312
ON,ON,USD,2026-07-06,94.69000244140625,94.69000244140625
ON,ON,USD,2026-07-07,91.0999984741211,91.0999984741211
ON,ON,USD,2026-07-08,93.79000091552734,93.79000091552734
ON,ON,USD,2026-07-09,97.87000274658203,97.87000274658203
ON,ON,USD,2026-07-10,95.95999908447266,95.95999908447266
ONTO,ONTO,USD,2026-05-20,263.1199951171875,263.1199951171875
ONTO,ONTO,USD,2026-05-21,261.45001220703125,261.45001220703125
ONTO,ONTO,USD,2026-05-22,262.25,262.25
ONTO,ONTO,USD,2026-05-26,274.1700134277344,274.1700134277344
ONTO,ONTO,USD,2026-05-27,266.8900146484375,266.8900146484375
ONTO,ONTO,USD,2026-05-28,258.80999755859375,258.80999755859375
ONTO,ONTO,USD,2026-05-29,258.239990234375,258.239990234375
ONTO,ONTO,USD,2026-06-01,255.7100067138672,255.7100067138672
ONTO,ONTO,USD,2026-06-02,278.0199890136719,278.0199890136719
ONTO,ONTO,USD,2026-06-03,279.9800109863281,279.9800109863281
ONTO,ONTO,USD,2026-06-04,274.760009765625,274.760009765625
ONTO,ONTO,USD,2026-06-05,253.24000549316406,253.24000549316406
ONTO,ONTO,USD,2026-06-08,268.989990234375,268.989990234375
ONTO,ONTO,USD,2026-06-09,274.0299987792969,274.0299987792969
ONTO,ONTO,USD,2026-06-10,269.3299865722656,269.3299865722656
ONTO,ONTO,USD,2026-06-11,303.5299987792969,303.5299987792969
ONTO,ONTO,USD,2026-06-12,323.8800048828125,323.8800048828125
ONTO,ONTO,USD,2026-06-15,335.9599914550781,335.9599914550781
ONTO,ONTO,USD,2026-06-16,316.1499938964844,316.1499938964844
ONTO,ONTO,USD,2026-06-17,318.9200134277344,318.9200134277344
ONTO,ONTO,USD,2026-06-18,333.760009765625,333.760009765625
ONTO,ONTO,USD,2026-06-22,347.8699951171875,347.8699951171875
ONTO,ONTO,USD,2026-06-23,315.8800048828125,315.8800048828125
ONTO,ONTO,USD,2026-06-24,322.239990234375,322.239990234375
ONTO,ONTO,USD,2026-06-25,344.239990234375,344.239990234375
ONTO,ONTO,USD,2026-06-26,323.9200134277344,323.9200134277344
ONTO,ONTO,USD,2026-06-29,351.45001220703125,351.45001220703125
ONTO,ONTO,USD,2026-06-30,378.45001220703125,378.45001220703125
ONTO,ONTO,USD,2026-07-01,351.3599853515625,351.3599853515625
ONTO,ONTO,USD,2026-07-02,307.5799865722656,307.5799865722656
ONTO,ONTO,USD,2026-07-06,303.8599853515625,303.8599853515625
ONTO,ONTO,USD,2026-07-07,279.92999267578125,279.92999267578125
ONTO,ONTO,USD,2026-07-08,291.45001220703125,291.45001220703125
ONTO,ONTO,USD,2026-07-09,317.0199890136719,317.0199890136719
ONTO,ONTO,USD,2026-07-10,321.44000244140625,321.44000244140625
ORCL,ORCL,USD,2026-05-20,187.50767517089844,188.16000366210938
ORCL,ORCL,USD,2026-05-21,189.11209106445312,189.77000427246094
ORCL,ORCL,USD,2026-05-22,191.41407775878906,192.0800018310547
ORCL,ORCL,USD,2026-05-26,192.3906707763672,193.05999755859375
ORCL,ORCL,USD,2026-05-27,190.2979736328125,190.9600067138672
ORCL,ORCL,USD,2026-05-28,202.99378967285156,203.6999969482422
ORCL,ORCL,USD,2026-05-29,224.9972381591797,225.77999877929688
ORCL,ORCL,USD,2026-06-01,247.28968811035156,248.14999389648438
ORCL,ORCL,USD,2026-06-02,243.73207092285156,244.5800018310547
ORCL,ORCL,USD,2026-06-03,229.53146362304688,230.3300018310547
ORCL,ORCL,USD,2026-06-04,235.5206298828125,236.33999633789062
ORCL,ORCL,USD,2026-06-05,212.93917846679688,213.67999267578125
ORCL,ORCL,USD,2026-06-08,211.0856475830078,211.82000732421875
ORCL,ORCL,USD,2026-06-09,205.0964813232422,205.80999755859375
ORCL,ORCL,USD,2026-06-10,200.56224060058594,201.25999450683594
ORCL,ORCL,USD,2026-06-11,183.4617462158203,184.10000610351562
ORCL,ORCL,USD,2026-06-12,183.49163818359375,184.1300048828125
ORCL,ORCL,USD,2026-06-15,191.97213745117188,192.63999938964844
ORCL,ORCL,USD,2026-06-16,187.6770782470703,188.3300018310547
ORCL,ORCL,USD,2026-06-17,182.8937225341797,183.52999877929688
ORCL,ORCL,USD,2026-06-18,183.6510772705078,184.2899932861328
ORCL,ORCL,USD,2026-06-22,174.4630584716797,175.07000732421875
ORCL,ORCL,USD,2026-06-23,164.58740234375,165.16000366210938
ORCL,ORCL,USD,2026-06-24,156.98385620117188,157.52999877929688
ORCL,ORCL,USD,2026-06-25,151.9314422607422,152.4600067138672
ORCL,ORCL,USD,2026-06-26,148.0150604248047,148.52999877929688
ORCL,ORCL,USD,2026-06-29,147.2477264404297,147.75999450683594
ORCL,ORCL,USD,2026-06-30,146.04193115234375,146.5500030517578
ORCL,ORCL,USD,2026-07-01,142.00596618652344,142.5
ORCL,ORCL,USD,2026-07-02,139.78370666503906,140.27000427246094
ORCL,ORCL,USD,2026-07-06,143.2615966796875,143.75999450683594
ORCL,ORCL,USD,2026-07-07,141.1090850830078,141.60000610351562
ORCL,ORCL,USD,2026-07-08,140.00294494628906,140.49000549316406
ORCL,ORCL,USD,2026-07-09,143.72000122070312,144.22000122070312
ORCL,ORCL,USD,2026-07-10,140.63999938964844,140.63999938964844
PENG,PENG,USD,2026-05-20,47.630001068115234,47.630001068115234
PENG,PENG,USD,2026-05-21,48.810001373291016,48.810001373291016
PENG,PENG,USD,2026-05-22,53.209999084472656,53.209999084472656
PENG,PENG,USD,2026-05-26,54.95000076293945,54.95000076293945
PENG,PENG,USD,2026-05-27,54.439998626708984,54.439998626708984
PENG,PENG,USD,2026-05-28,54.06999969482422,54.06999969482422
PENG,PENG,USD,2026-05-29,55.83000183105469,55.83000183105469
PENG,PENG,USD,2026-06-01,59.709999084472656,59.709999084472656
PENG,PENG,USD,2026-06-02,70.6500015258789,70.6500015258789
PENG,PENG,USD,2026-06-03,71.41000366210938,71.41000366210938
PENG,PENG,USD,2026-06-04,71.16000366210938,71.16000366210938
PENG,PENG,USD,2026-06-05,59.86000061035156,59.86000061035156
PENG,PENG,USD,2026-06-08,64.62999725341797,64.62999725341797
PENG,PENG,USD,2026-06-09,61.689998626708984,61.689998626708984
PENG,PENG,USD,2026-06-10,58.52000045776367,58.52000045776367
PENG,PENG,USD,2026-06-11,64.33000183105469,64.33000183105469
PENG,PENG,USD,2026-06-12,64.12999725341797,64.12999725341797
PENG,PENG,USD,2026-06-15,63.869998931884766,63.869998931884766
PENG,PENG,USD,2026-06-16,60.380001068115234,60.380001068115234
PENG,PENG,USD,2026-06-17,59.68000030517578,59.68000030517578
PENG,PENG,USD,2026-06-18,67.1500015258789,67.1500015258789
PENG,PENG,USD,2026-06-22,67.94000244140625,67.94000244140625
PENG,PENG,USD,2026-06-23,66.95999908447266,66.95999908447266
PENG,PENG,USD,2026-06-24,64.72000122070312,64.72000122070312
PENG,PENG,USD,2026-06-25,66.7699966430664,66.7699966430664
PENG,PENG,USD,2026-06-26,62.279998779296875,62.279998779296875
PENG,PENG,USD,2026-06-29,67.94000244140625,67.94000244140625
PENG,PENG,USD,2026-06-30,76.01000213623047,76.01000213623047
PENG,PENG,USD,2026-07-01,68.80999755859375,68.80999755859375
PENG,PENG,USD,2026-07-02,61.470001220703125,61.470001220703125
PENG,PENG,USD,2026-07-06,67.70999908447266,67.70999908447266
PENG,PENG,USD,2026-07-07,62.709999084472656,62.709999084472656
PENG,PENG,USD,2026-07-08,78.47000122070312,78.47000122070312
PENG,PENG,USD,2026-07-09,81.38999938964844,81.38999938964844
PENG,PENG,USD,2026-07-10,78.3499984741211,78.3499984741211
PH,PH,USD,2026-05-20,859.4400024414062,859.4400024414062
PH,PH,USD,2026-05-21,864.72998046875,864.72998046875
PH,PH,USD,2026-05-22,866.9600219726562,866.9600219726562
PH,PH,USD,2026-05-26,868.030029296875,868.030029296875
PH,PH,USD,2026-05-27,856.6799926757812,856.6799926757812
PH,PH,USD,2026-05-28,852.8099975585938,852.8099975585938
PH,PH,USD,2026-05-29,844.6300048828125,844.6300048828125
PH,PH,USD,2026-06-01,823.2999877929688,823.2999877929688
PH,PH,USD,2026-06-02,836.3200073242188,836.3200073242188
PH,PH,USD,2026-06-03,850.760009765625,850.760009765625
PH,PH,USD,2026-06-04,872.22998046875,872.22998046875
PH,PH,USD,2026-06-05,882.3400268554688,882.3400268554688
PH,PH,USD,2026-06-08,883.1400146484375,883.1400146484375
PH,PH,USD,2026-06-09,905.530029296875,905.530029296875
PH,PH,USD,2026-06-10,875.5999755859375,875.5999755859375
PH,PH,USD,2026-06-11,902.3699951171875,902.3699951171875
PH,PH,USD,2026-06-12,903.47998046875,903.47998046875
PH,PH,USD,2026-06-15,918.8599853515625,918.8599853515625
PH,PH,USD,2026-06-16,938.510009765625,938.510009765625
PH,PH,USD,2026-06-17,945.969970703125,945.969970703125
PH,PH,USD,2026-06-18,953.27001953125,953.27001953125
PH,PH,USD,2026-06-22,962.1400146484375,962.1400146484375
PH,PH,USD,2026-06-23,947.5800170898438,947.5800170898438
PH,PH,USD,2026-06-24,961.0900268554688,961.0900268554688
PH,PH,USD,2026-06-25,989.9099731445312,989.9099731445312
PH,PH,USD,2026-06-26,968.9199829101562,968.9199829101562
PH,PH,USD,2026-06-29,963.7899780273438,963.7899780273438
PH,PH,USD,2026-06-30,978.1199951171875,978.1199951171875
PH,PH,USD,2026-07-01,963.8099975585938,963.8099975585938
PH,PH,USD,2026-07-02,962.8900146484375,962.8900146484375
PH,PH,USD,2026-07-06,971.3599853515625,971.3599853515625
PH,PH,USD,2026-07-07,957.510009765625,957.510009765625
PH,PH,USD,2026-07-08,939.1300048828125,939.1300048828125
PH,PH,USD,2026-07-09,949.1699829101562,949.1699829101562
PH,PH,USD,2026-07-10,961.27001953125,961.27001953125
PLAB,PLAB,USD,2026-05-20,49.83000183105469,49.83000183105469
PLAB,PLAB,USD,2026-05-21,51.060001373291016,51.060001373291016
PLAB,PLAB,USD,2026-05-22,51.459999084472656,51.459999084472656
PLAB,PLAB,USD,2026-05-26,54.439998626708984,54.439998626708984
PLAB,PLAB,USD,2026-05-27,53.5099983215332,53.5099983215332
PLAB,PLAB,USD,2026-05-28,34.02000045776367,34.02000045776367
PLAB,PLAB,USD,2026-05-29,32.349998474121094,32.349998474121094
PLAB,PLAB,USD,2026-06-01,31.8700008392334,31.8700008392334
PLAB,PLAB,USD,2026-06-02,33.13999938964844,33.13999938964844
PLAB,PLAB,USD,2026-06-03,32.11000061035156,32.11000061035156
PLAB,PLAB,USD,2026-06-04,31.520000457763672,31.520000457763672
PLAB,PLAB,USD,2026-06-05,29.149999618530273,29.149999618530273
PLAB,PLAB,USD,2026-06-08,29.959999084472656,29.959999084472656
PLAB,PLAB,USD,2026-06-09,29.559999465942383,29.559999465942383
PLAB,PLAB,USD,2026-06-10,28.6299991607666,28.6299991607666
PLAB,PLAB,USD,2026-06-11,30.729999542236328,30.729999542236328
PLAB,PLAB,USD,2026-06-12,31.780000686645508,31.780000686645508
PLAB,PLAB,USD,2026-06-15,32.7400016784668,32.7400016784668
PLAB,PLAB,USD,2026-06-16,30.43000030517578,30.43000030517578
PLAB,PLAB,USD,2026-06-17,31.010000228881836,31.010000228881836
PLAB,PLAB,USD,2026-06-18,33.630001068115234,33.630001068115234
PLAB,PLAB,USD,2026-06-22,34.060001373291016,34.060001373291016
PLAB,PLAB,USD,2026-06-23,31.549999237060547,31.549999237060547
PLAB,PLAB,USD,2026-06-24,31.649999618530273,31.649999618530273
PLAB,PLAB,USD,2026-06-25,32.849998474121094,32.849998474121094
PLAB,PLAB,USD,2026-06-26,30.690000534057617,30.690000534057617
PLAB,PLAB,USD,2026-06-29,31.280000686645508,31.280000686645508
PLAB,PLAB,USD,2026-06-30,32.529998779296875,32.529998779296875
PLAB,PLAB,USD,2026-07-01,30.309999465942383,30.309999465942383
PLAB,PLAB,USD,2026-07-02,28.860000610351562,28.860000610351562
PLAB,PLAB,USD,2026-07-06,29.200000762939453,29.200000762939453
PLAB,PLAB,USD,2026-07-07,27.549999237060547,27.549999237060547
PLAB,PLAB,USD,2026-07-08,28.139999389648438,28.139999389648438
PLAB,PLAB,USD,2026-07-09,29.190000534057617,29.190000534057617
PLAB,PLAB,USD,2026-07-10,29.899999618530273,29.899999618530273
PNR,PNR,USD,2026-05-20,74.19000244140625,74.19000244140625
PNR,PNR,USD,2026-05-21,74.43000030517578,74.43000030517578
PNR,PNR,USD,2026-05-22,74.81999969482422,74.81999969482422
PNR,PNR,USD,2026-05-26,73.54000091552734,73.54000091552734
PNR,PNR,USD,2026-05-27,72.44999694824219,72.44999694824219
PNR,PNR,USD,2026-05-28,71.33000183105469,71.33000183105469
PNR,PNR,USD,2026-05-29,70.83999633789062,70.83999633789062
PNR,PNR,USD,2026-06-01,70.80000305175781,70.80000305175781
PNR,PNR,USD,2026-06-02,71.26000213623047,71.26000213623047
PNR,PNR,USD,2026-06-03,71.44999694824219,71.44999694824219
PNR,PNR,USD,2026-06-04,72.8499984741211,72.8499984741211
PNR,PNR,USD,2026-06-05,73.1500015258789,73.1500015258789
PNR,PNR,USD,2026-06-08,72.72000122070312,72.72000122070312
PNR,PNR,USD,2026-06-09,74.58000183105469,74.58000183105469
PNR,PNR,USD,2026-06-10,71.4000015258789,71.4000015258789
PNR,PNR,USD,2026-06-11,72.56999969482422,72.56999969482422
PNR,PNR,USD,2026-06-12,73.80000305175781,73.80000305175781
PNR,PNR,USD,2026-06-15,74.20999908447266,74.20999908447266
PNR,PNR,USD,2026-06-16,75.19999694824219,75.19999694824219
PNR,PNR,USD,2026-06-17,73.38999938964844,73.38999938964844
PNR,PNR,USD,2026-06-18,74.31999969482422,74.31999969482422
PNR,PNR,USD,2026-06-22,74.02999877929688,74.02999877929688
PNR,PNR,USD,2026-06-23,73.16000366210938,73.16000366210938
PNR,PNR,USD,2026-06-24,74.80999755859375,74.80999755859375
PNR,PNR,USD,2026-06-25,76.0,76.0
PNR,PNR,USD,2026-06-26,76.41999816894531,76.41999816894531
PNR,PNR,USD,2026-06-29,76.30000305175781,76.30000305175781
PNR,PNR,USD,2026-06-30,76.66000366210938,76.66000366210938
PNR,PNR,USD,2026-07-01,76.37999725341797,76.37999725341797
PNR,PNR,USD,2026-07-02,76.72000122070312,76.72000122070312
PNR,PNR,USD,2026-07-06,75.52999877929688,75.52999877929688
PNR,PNR,USD,2026-07-07,75.18000030517578,75.18000030517578
PNR,PNR,USD,2026-07-08,73.26000213623047,73.26000213623047
PNR,PNR,USD,2026-07-09,74.56999969482422,74.56999969482422
PNR,PNR,USD,2026-07-10,76.19000244140625,76.19000244140625
POET,POET,USD,2026-05-20,14.779999732971191,14.779999732971191
POET,POET,USD,2026-05-21,14.819999694824219,14.819999694824219
POET,POET,USD,2026-05-22,14.59000015258789,14.59000015258789
POET,POET,USD,2026-05-26,13.350000381469727,13.350000381469727
POET,POET,USD,2026-05-27,13.279999732971191,13.279999732971191
POET,POET,USD,2026-05-28,13.260000228881836,13.260000228881836
POET,POET,USD,2026-05-29,12.289999961853027,12.289999961853027
POET,POET,USD,2026-06-01,13.890000343322754,13.890000343322754
POET,POET,USD,2026-06-02,13.819999694824219,13.819999694824219
POET,POET,USD,2026-06-03,15.380000114440918,15.380000114440918
POET,POET,USD,2026-06-04,15.479999542236328,15.479999542236328
POET,POET,USD,2026-06-05,11.859999656677246,11.859999656677246
POET,POET,USD,2026-06-08,12.279999732971191,12.279999732971191
POET,POET,USD,2026-06-09,10.770000457763672,10.770000457763672
POET,POET,USD,2026-06-10,10.979999542236328,10.979999542236328
POET,POET,USD,2026-06-11,11.25,11.25
POET,POET,USD,2026-06-12,12.529999732971191,12.529999732971191
POET,POET,USD,2026-06-15,13.930000305175781,13.930000305175781
POET,POET,USD,2026-06-16,12.649999618530273,12.649999618530273
POET,POET,USD,2026-06-17,11.949999809265137,11.949999809265137
POET,POET,USD,2026-06-18,12.149999618530273,12.149999618530273
POET,POET,USD,2026-06-22,12.09000015258789,12.09000015258789
POET,POET,USD,2026-06-23,10.729999542236328,10.729999542236328
POET,POET,USD,2026-06-24,10.65999984741211,10.65999984741211
POET,POET,USD,2026-06-25,10.130000114440918,10.130000114440918
POET,POET,USD,2026-06-26,9.4399995803833,9.4399995803833
POET,POET,USD,2026-06-29,9.850000381469727,9.850000381469727
POET,POET,USD,2026-06-30,10.279999732971191,10.279999732971191
POET,POET,USD,2026-07-01,9.699999809265137,9.699999809265137
POET,POET,USD,2026-07-02,8.760000228881836,8.760000228881836
POET,POET,USD,2026-07-06,8.949999809265137,8.949999809265137
POET,POET,USD,2026-07-07,8.270000457763672,8.270000457763672
POET,POET,USD,2026-07-08,8.510000228881836,8.510000228881836
POET,POET,USD,2026-07-09,8.699999809265137,8.699999809265137
POET,POET,USD,2026-07-10,8.3100004196167,8.3100004196167
POWI,POWI,USD,2026-05-20,68.95929718017578,69.12999725341797
POWI,POWI,USD,2026-05-21,70.30596923828125,70.4800033569336
POWI,POWI,USD,2026-05-22,70.675048828125,70.8499984741211
POWI,POWI,USD,2026-05-26,83.88235473632812,84.08999633789062
POWI,POWI,USD,2026-05-27,86.68541717529297,86.9000015258789
POWI,POWI,USD,2026-05-28,86.85499572753906,87.06999969482422
POWI,POWI,USD,2026-05-29,84.0,84.0
POWI,POWI,USD,2026-06-01,81.91000366210938,81.91000366210938
POWI,POWI,USD,2026-06-02,84.19000244140625,84.19000244140625
POWI,POWI,USD,2026-06-03,84.98999786376953,84.98999786376953
POWI,POWI,USD,2026-06-04,85.30000305175781,85.30000305175781
POWI,POWI,USD,2026-06-05,77.0199966430664,77.0199966430664
POWI,POWI,USD,2026-06-08,76.68000030517578,76.68000030517578
POWI,POWI,USD,2026-06-09,74.70999908447266,74.70999908447266
POWI,POWI,USD,2026-06-10,74.62999725341797,74.62999725341797
POWI,POWI,USD,2026-06-11,77.76000213623047,77.76000213623047
POWI,POWI,USD,2026-06-12,78.37999725341797,78.37999725341797
POWI,POWI,USD,2026-06-15,83.30999755859375,83.30999755859375
POWI,POWI,USD,2026-06-16,79.33000183105469,79.33000183105469
POWI,POWI,USD,2026-06-17,80.7300033569336,80.7300033569336
POWI,POWI,USD,2026-06-18,87.11000061035156,87.11000061035156
POWI,POWI,USD,2026-06-22,87.3499984741211,87.3499984741211
POWI,POWI,USD,2026-06-23,80.56999969482422,80.56999969482422
POWI,POWI,USD,2026-06-24,81.86000061035156,81.86000061035156
POWI,POWI,USD,2026-06-25,84.80999755859375,84.80999755859375
POWI,POWI,USD,2026-06-26,79.37000274658203,79.37000274658203
POWI,POWI,USD,2026-06-29,78.95999908447266,78.95999908447266
POWI,POWI,USD,2026-06-30,83.76000213623047,83.76000213623047
POWI,POWI,USD,2026-07-01,80.2699966430664,80.2699966430664
POWI,POWI,USD,2026-07-02,72.98999786376953,72.98999786376953
POWI,POWI,USD,2026-07-06,73.05999755859375,73.05999755859375
POWI,POWI,USD,2026-07-07,66.83999633789062,66.83999633789062
POWI,POWI,USD,2026-07-08,66.45999908447266,66.45999908447266
POWI,POWI,USD,2026-07-09,70.83000183105469,70.83000183105469
POWI,POWI,USD,2026-07-10,72.06999969482422,72.06999969482422
POWL,POWL,USD,2026-05-20,271.04998779296875,271.04998779296875
POWL,POWL,USD,2026-05-21,270.75,270.75
POWL,POWL,USD,2026-05-22,279.2200012207031,279.2200012207031
POWL,POWL,USD,2026-05-26,291.9700012207031,291.9700012207031
POWL,POWL,USD,2026-05-27,295.94000244140625,295.94000244140625
POWL,POWL,USD,2026-05-28,288.8999938964844,288.8999938964844
POWL,POWL,USD,2026-05-29,284.4200134277344,284.4200134277344
POWL,POWL,USD,2026-06-01,288.1199951171875,288.1199951171875
POWL,POWL,USD,2026-06-02,299.07000732421875,299.07000732421875
POWL,POWL,USD,2026-06-03,299.7300109863281,299.7300109863281
POWL,POWL,USD,2026-06-04,300.05999755859375,300.05999755859375
POWL,POWL,USD,2026-06-05,284.8699951171875,284.8699951171875
POWL,POWL,USD,2026-06-08,293.6000061035156,293.6000061035156
POWL,POWL,USD,2026-06-09,283.510009765625,283.510009765625
POWL,POWL,USD,2026-06-10,262.3399963378906,262.3399963378906
POWL,POWL,USD,2026-06-11,290.5,290.5
POWL,POWL,USD,2026-06-12,294.75,294.75
POWL,POWL,USD,2026-06-15,303.5299987792969,303.5299987792969
POWL,POWL,USD,2026-06-16,292.70001220703125,292.70001220703125
POWL,POWL,USD,2026-06-17,294.0299987792969,294.0299987792969
POWL,POWL,USD,2026-06-18,297.20001220703125,297.20001220703125
POWL,POWL,USD,2026-06-22,307.79998779296875,307.79998779296875
POWL,POWL,USD,2026-06-23,291.5,291.5
POWL,POWL,USD,2026-06-24,294.489990234375,294.489990234375
POWL,POWL,USD,2026-06-25,309.20001220703125,309.20001220703125
POWL,POWL,USD,2026-06-26,279.7699890136719,279.7699890136719
POWL,POWL,USD,2026-06-29,281.0899963378906,281.0899963378906
POWL,POWL,USD,2026-06-30,286.3599853515625,286.3599853515625
POWL,POWL,USD,2026-07-01,264.8599853515625,264.8599853515625
POWL,POWL,USD,2026-07-02,246.3300018310547,246.3300018310547
POWL,POWL,USD,2026-07-06,248.0500030517578,248.0500030517578
POWL,POWL,USD,2026-07-07,234.0500030517578,234.0500030517578
POWL,POWL,USD,2026-07-08,231.85000610351562,231.85000610351562
POWL,POWL,USD,2026-07-09,236.5800018310547,236.5800018310547
POWL,POWL,USD,2026-07-10,232.19000244140625,232.19000244140625
PSIX,PSIX,USD,2026-05-20,36.959999084472656,36.959999084472656
PSIX,PSIX,USD,2026-05-21,39.59000015258789,39.59000015258789
PSIX,PSIX,USD,2026-05-22,38.869998931884766,38.869998931884766
PSIX,PSIX,USD,2026-05-26,42.9900016784668,42.9900016784668
PSIX,PSIX,USD,2026-05-27,42.84000015258789,42.84000015258789
PSIX,PSIX,USD,2026-05-28,41.9900016784668,41.9900016784668
PSIX,PSIX,USD,2026-05-29,41.68000030517578,41.68000030517578
PSIX,PSIX,USD,2026-06-01,39.380001068115234,39.380001068115234
PSIX,PSIX,USD,2026-06-02,40.59000015258789,40.59000015258789
PSIX,PSIX,USD,2026-06-03,40.41999816894531,40.41999816894531
PSIX,PSIX,USD,2026-06-04,40.18000030517578,40.18000030517578
PSIX,PSIX,USD,2026-06-05,37.61000061035156,37.61000061035156
PSIX,PSIX,USD,2026-06-08,39.849998474121094,39.849998474121094
PSIX,PSIX,USD,2026-06-09,39.13999938964844,39.13999938964844
PSIX,PSIX,USD,2026-06-10,38.290000915527344,38.290000915527344
PSIX,PSIX,USD,2026-06-11,40.58000183105469,40.58000183105469
PSIX,PSIX,USD,2026-06-12,40.720001220703125,40.720001220703125
PSIX,PSIX,USD,2026-06-15,39.439998626708984,39.439998626708984
PSIX,PSIX,USD,2026-06-16,39.02000045776367,39.02000045776367
PSIX,PSIX,USD,2026-06-17,38.91999816894531,38.91999816894531
PSIX,PSIX,USD,2026-06-18,40.310001373291016,40.310001373291016
PSIX,PSIX,USD,2026-06-22,39.11000061035156,39.11000061035156
PSIX,PSIX,USD,2026-06-23,39.09000015258789,39.09000015258789
PSIX,PSIX,USD,2026-06-24,38.439998626708984,38.439998626708984
PSIX,PSIX,USD,2026-06-25,38.709999084472656,38.709999084472656
PSIX,PSIX,USD,2026-06-26,37.9900016784668,37.9900016784668
PSIX,PSIX,USD,2026-06-29,36.459999084472656,36.459999084472656
PSIX,PSIX,USD,2026-06-30,38.88999938964844,38.88999938964844
PSIX,PSIX,USD,2026-07-01,36.720001220703125,36.720001220703125
PSIX,PSIX,USD,2026-07-02,37.08000183105469,37.08000183105469
PSIX,PSIX,USD,2026-07-06,36.68000030517578,36.68000030517578
PSIX,PSIX,USD,2026-07-07,34.72999954223633,34.72999954223633
PSIX,PSIX,USD,2026-07-08,34.650001525878906,34.650001525878906
PSIX,PSIX,USD,2026-07-09,34.68000030517578,34.68000030517578
PSIX,PSIX,USD,2026-07-10,34.52000045776367,34.52000045776367
PSTG,P,USD,2026-05-20,77.93000030517578,77.93000030517578
PSTG,P,USD,2026-05-21,79.0,79.0
PSTG,P,USD,2026-05-22,87.19999694824219,87.19999694824219
PSTG,P,USD,2026-05-26,88.3499984741211,88.3499984741211
PSTG,P,USD,2026-05-27,85.73999786376953,85.73999786376953
PSTG,P,USD,2026-05-28,73.04000091552734,73.04000091552734
PSTG,P,USD,2026-05-29,79.51000213623047,79.51000213623047
PSTG,P,USD,2026-06-01,84.44999694824219,84.44999694824219
PSTG,P,USD,2026-06-02,82.9800033569336,82.9800033569336
PSTG,P,USD,2026-06-03,80.83999633789062,80.83999633789062
PSTG,P,USD,2026-06-04,78.51000213623047,78.51000213623047
PSTG,P,USD,2026-06-05,72.16999816894531,72.16999816894531
PSTG,P,USD,2026-06-08,73.7699966430664,73.7699966430664
PSTG,P,USD,2026-06-09,70.0,70.0
PSTG,P,USD,2026-06-10,66.52999877929688,66.52999877929688
PSTG,P,USD,2026-06-11,69.33999633789062,69.33999633789062
PSTG,P,USD,2026-06-12,72.30999755859375,72.30999755859375
PSTG,P,USD,2026-06-15,74.69999694824219,74.69999694824219
PSTG,P,USD,2026-06-16,73.26000213623047,73.26000213623047
PSTG,P,USD,2026-06-17,72.66999816894531,72.66999816894531
PSTG,P,USD,2026-06-18,74.61000061035156,74.61000061035156
PSTG,P,USD,2026-06-22,77.04000091552734,77.04000091552734
PSTG,P,USD,2026-06-23,72.36000061035156,72.36000061035156
PSTG,P,USD,2026-06-24,72.80000305175781,72.80000305175781
PSTG,P,USD,2026-06-25,71.69000244140625,71.69000244140625
PSTG,P,USD,2026-06-26,69.16000366210938,69.16000366210938
PSTG,P,USD,2026-06-29,72.31999969482422,72.31999969482422
PSTG,P,USD,2026-06-30,78.79000091552734,78.79000091552734
PSTG,P,USD,2026-07-01,77.13999938964844,77.13999938964844
PSTG,P,USD,2026-07-02,72.70999908447266,72.70999908447266
PSTG,P,USD,2026-07-06,77.7300033569336,77.7300033569336
PSTG,P,USD,2026-07-07,78.25,78.25
PSTG,P,USD,2026-07-08,77.7300033569336,77.7300033569336
PSTG,P,USD,2026-07-09,80.95999908447266,80.95999908447266
PSTG,P,USD,2026-07-10,79.33000183105469,79.33000183105469
PWR,PWR,USD,2026-05-20,709.821533203125,709.9299926757812
PWR,PWR,USD,2026-05-21,716.8004760742188,716.9099731445312
PWR,PWR,USD,2026-05-22,723.3294677734375,723.4400024414062
PWR,PWR,USD,2026-05-26,742.0665893554688,742.1799926757812
PWR,PWR,USD,2026-05-27,733.5079345703125,733.6199951171875
PWR,PWR,USD,2026-05-28,729.9884643554688,730.0999755859375
PWR,PWR,USD,2026-05-29,711.6212768554688,711.72998046875
PWR,PWR,USD,2026-06-01,687.3749389648438,687.47998046875
PWR,PWR,USD,2026-06-02,705.9521484375,706.0599975585938
PWR,PWR,USD,2026-06-03,715.5606689453125,715.6699829101562
PWR,PWR,USD,2026-06-04,719.0601196289062,719.1699829101562
PWR,PWR,USD,2026-06-05,695.0037841796875,695.1099853515625
PWR,PWR,USD,2026-06-08,693.7039794921875,693.8099975585938
PWR,PWR,USD,2026-06-09,691.8442993164062,691.9500122070312
PWR,PWR,USD,2026-06-10,650.820556640625,650.9199829101562
PWR,PWR,USD,2026-06-11,683.1856079101562,683.2899780273438
PWR,PWR,USD,2026-06-12,707.6318969726562,707.739990234375
PWR,PWR,USD,2026-06-15,724.2393188476562,724.3499755859375
PWR,PWR,USD,2026-06-16,719.1801147460938,719.2899780273438
PWR,PWR,USD,2026-06-17,714.7407836914062,714.8499755859375
PWR,PWR,USD,2026-06-18,702.1427001953125,702.25
PWR,PWR,USD,2026-06-22,740.0269165039062,740.1400146484375
PWR,PWR,USD,2026-06-23,702.1826782226562,702.2899780273438
PWR,PWR,USD,2026-06-24,701.7727661132812,701.8800048828125
PWR,PWR,USD,2026-06-25,718.480224609375,718.5900268554688
PWR,PWR,USD,2026-06-26,687.764892578125,687.8699951171875
PWR,PWR,USD,2026-06-29,714.3408813476562,714.4500122070312
PWR,PWR,USD,2026-06-30,719.9299926757812,720.0399780273438
PWR,PWR,USD,2026-07-01,691.4000244140625,691.4000244140625
PWR,PWR,USD,2026-07-02,668.3099975585938,668.3099975585938
PWR,PWR,USD,2026-07-06,674.0399780273438,674.0399780273438
PWR,PWR,USD,2026-07-07,656.7899780273438,656.7899780273438
PWR,PWR,USD,2026-07-08,666.3300170898438,666.3300170898438
PWR,PWR,USD,2026-07-09,668.1699829101562,668.1699829101562
PWR,PWR,USD,2026-07-10,658.5599975585938,658.5599975585938
Q,Q,USD,2026-05-20,152.96298217773438,153.0399932861328
Q,Q,USD,2026-05-21,152.68312072753906,152.75999450683594
Q,Q,USD,2026-05-22,156.85101318359375,156.92999267578125
Q,Q,USD,2026-05-26,164.4871826171875,164.57000732421875
Q,Q,USD,2026-05-27,159.02992248535156,159.11000061035156
Q,Q,USD,2026-05-28,158.8800048828125,158.9600067138672
Q,Q,USD,2026-05-29,156.0,156.0
Q,Q,USD,2026-06-01,151.9199981689453,151.9199981689453
Q,Q,USD,2026-06-02,155.74000549316406,155.74000549316406
Q,Q,USD,2026-06-03,155.0,155.0
Q,Q,USD,2026-06-04,154.8000030517578,154.8000030517578
Q,Q,USD,2026-06-05,142.0500030517578,142.0500030517578
Q,Q,USD,2026-06-08,144.4499969482422,144.4499969482422
Q,Q,USD,2026-06-09,144.6999969482422,144.6999969482422
Q,Q,USD,2026-06-10,139.74000549316406,139.74000549316406
Q,Q,USD,2026-06-11,149.1199951171875,149.1199951171875
Q,Q,USD,2026-06-12,150.64999389648438,150.64999389648438
Q,Q,USD,2026-06-15,161.02000427246094,161.02000427246094
Q,Q,USD,2026-06-16,152.24000549316406,152.24000549316406
Q,Q,USD,2026-06-17,156.72000122070312,156.72000122070312
Q,Q,USD,2026-06-18,168.97999572753906,168.97999572753906
Q,Q,USD,2026-06-22,175.63999938964844,175.63999938964844
Q,Q,USD,2026-06-23,161.19000244140625,161.19000244140625
Q,Q,USD,2026-06-24,158.72999572753906,158.72999572753906
Q,Q,USD,2026-06-25,167.49000549316406,167.49000549316406
Q,Q,USD,2026-06-26,158.1999969482422,158.1999969482422
Q,Q,USD,2026-06-29,158.22999572753906,158.22999572753906
Q,Q,USD,2026-06-30,163.30999755859375,163.30999755859375
Q,Q,USD,2026-07-01,153.3699951171875,153.3699951171875
Q,Q,USD,2026-07-02,141.75,141.75
Q,Q,USD,2026-07-06,146.67999267578125,146.67999267578125
Q,Q,USD,2026-07-07,140.5399932861328,140.5399932861328
Q,Q,USD,2026-07-08,142.1699981689453,142.1699981689453
Q,Q,USD,2026-07-09,143.4600067138672,143.4600067138672
Q,Q,USD,2026-07-10,143.8000030517578,143.8000030517578
QCOM,QCOM,USD,2026-05-20,201.76478576660156,202.50999450683594
QCOM,QCOM,USD,2026-05-21,212.6246795654297,213.41000366210938
QCOM,QCOM,USD,2026-05-22,237.28359985351562,238.16000366210938
QCOM,QCOM,USD,2026-05-26,247.90438842773438,248.82000732421875
QCOM,QCOM,USD,2026-05-27,232.54110717773438,233.39999389648438
QCOM,QCOM,USD,2026-05-28,242.39471435546875,243.2899932861328
QCOM,QCOM,USD,2026-05-29,250.09628295898438,251.02000427246094
QCOM,QCOM,USD,2026-06-01,228.14735412597656,228.99000549316406
QCOM,QCOM,USD,2026-06-02,239.9537353515625,240.83999633789062
QCOM,QCOM,USD,2026-06-03,249.08999633789062,250.00999450683594
QCOM,QCOM,USD,2026-06-04,242.57000732421875,242.57000732421875
QCOM,QCOM,USD,2026-06-05,215.94000244140625,215.94000244140625
QCOM,QCOM,USD,2026-06-08,217.77000427246094,217.77000427246094
QCOM,QCOM,USD,2026-06-09,205.4199981689453,205.4199981689453
QCOM,QCOM,USD,2026-06-10,191.1999969482422,191.1999969482422
QCOM,QCOM,USD,2026-06-11,202.9600067138672,202.9600067138672
QCOM,QCOM,USD,2026-06-12,211.72000122070312,211.72000122070312
QCOM,QCOM,USD,2026-06-15,220.80999755859375,220.80999755859375
QCOM,QCOM,USD,2026-06-16,214.07000732421875,214.07000732421875
QCOM,QCOM,USD,2026-06-17,212.97000122070312,212.97000122070312
QCOM,QCOM,USD,2026-06-18,226.11000061035156,226.11000061035156
QCOM,QCOM,USD,2026-06-22,221.89999389648438,221.89999389648438
QCOM,QCOM,USD,2026-06-23,204.1300048828125,204.1300048828125
QCOM,QCOM,USD,2026-06-24,197.41000366210938,197.41000366210938
QCOM,QCOM,USD,2026-06-25,204.89999389648438,204.89999389648438
QCOM,QCOM,USD,2026-06-26,189.38999938964844,189.38999938964844
QCOM,QCOM,USD,2026-06-29,188.72000122070312,188.72000122070312
QCOM,QCOM,USD,2026-06-30,184.7899932861328,184.7899932861328
QCOM,QCOM,USD,2026-07-01,181.9199981689453,181.9199981689453
QCOM,QCOM,USD,2026-07-02,176.25,176.25
QCOM,QCOM,USD,2026-07-06,186.47999572753906,186.47999572753906
QCOM,QCOM,USD,2026-07-07,182.97000122070312,182.97000122070312
QCOM,QCOM,USD,2026-07-08,186.55999755859375,186.55999755859375
QCOM,QCOM,USD,2026-07-09,191.11000061035156,191.11000061035156
QCOM,QCOM,USD,2026-07-10,189.16000366210938,189.16000366210938
QQQ,QQQ,USD,2026-05-20,712.3671875,713.1500244140625
QQQ,QQQ,USD,2026-05-21,713.7256469726562,714.510009765625
QQQ,QQQ,USD,2026-05-22,716.7523193359375,717.5399780273438
QQQ,QQQ,USD,2026-05-26,729.4783935546875,730.280029296875
QQQ,QQQ,USD,2026-05-27,728.6492919921875,729.4500122070312
QQQ,QQQ,USD,2026-05-28,734.79248046875,735.5999755859375
QQQ,QQQ,USD,2026-05-29,737.49951171875,738.3099975585938
QQQ,QQQ,USD,2026-06-01,741.9246826171875,742.739990234375
QQQ,QQQ,USD,2026-06-02,745.3408813476562,746.1599731445312
QQQ,QQQ,USD,2026-06-03,743.39306640625,744.2100219726562
QQQ,QQQ,USD,2026-06-04,739.7969970703125,740.6099853515625
QQQ,QQQ,USD,2026-06-05,704.2860107421875,705.0599975585938
QQQ,QQQ,USD,2026-06-08,715.283935546875,716.0700073242188
QQQ,QQQ,USD,2026-06-09,707.052978515625,707.8300170898438
QQQ,QQQ,USD,2026-06-10,692.9285278320312,693.6900024414062
QQQ,QQQ,USD,2026-06-11,716.332763671875,717.1199951171875
QQQ,QQQ,USD,2026-06-12,720.5481567382812,721.3400268554688
QQQ,QQQ,USD,2026-06-15,743.1832885742188,744.0
QQQ,QQQ,USD,2026-06-16,729.0587768554688,729.8599853515625
QQQ,QQQ,USD,2026-06-17,721.7168579101562,722.510009765625
QQQ,QQQ,USD,2026-06-18,739.8070068359375,740.6199951171875
QQQ,QQQ,USD,2026-06-22,737.9500122070312,737.9500122070312
QQQ,QQQ,USD,2026-06-23,713.6500244140625,713.6500244140625
QQQ,QQQ,USD,2026-06-24,710.6199951171875,710.6199951171875
QQQ,QQQ,USD,2026-06-25,716.3800048828125,716.3800048828125
QQQ,QQQ,USD,2026-06-26,706.52001953125,706.52001953125
QQQ,QQQ,USD,2026-06-29,724.0800170898438,724.0800170898438
QQQ,QQQ,USD,2026-06-30,736.4000244140625,736.4000244140625
QQQ,QQQ,USD,2026-07-01,725.1699829101562,725.1699829101562
QQQ,QQQ,USD,2026-07-02,712.5999755859375,712.5999755859375
QQQ,QQQ,USD,2026-07-06,722.8200073242188,722.8200073242188
QQQ,QQQ,USD,2026-07-07,709.4299926757812,709.4299926757812
QQQ,QQQ,USD,2026-07-08,711.4400024414062,711.4400024414062
QQQ,QQQ,USD,2026-07-09,723.280029296875,723.280029296875
QQQ,QQQ,USD,2026-07-10,725.510009765625,725.510009765625
RKLB,RKLB,USD,2026-05-20,134.27999877929688,134.27999877929688
RKLB,RKLB,USD,2026-05-21,125.44999694824219,125.44999694824219
RKLB,RKLB,USD,2026-05-22,135.75999450683594,135.75999450683594
RKLB,RKLB,USD,2026-05-26,143.1999969482422,143.1999969482422
RKLB,RKLB,USD,2026-05-27,150.22999572753906,150.22999572753906
RKLB,RKLB,USD,2026-05-28,148.02999877929688,148.02999877929688
RKLB,RKLB,USD,2026-05-29,143.47999572753906,143.47999572753906
RKLB,RKLB,USD,2026-06-01,122.38999938964844,122.38999938964844
RKLB,RKLB,USD,2026-06-02,123.31999969482422,123.31999969482422
RKLB,RKLB,USD,2026-06-03,114.69999694824219,114.69999694824219
RKLB,RKLB,USD,2026-06-04,119.94999694824219,119.94999694824219
RKLB,RKLB,USD,2026-06-05,110.08000183105469,110.08000183105469
RKLB,RKLB,USD,2026-06-08,113.6500015258789,113.6500015258789
RKLB,RKLB,USD,2026-06-09,108.2300033569336,108.2300033569336
RKLB,RKLB,USD,2026-06-10,105.05000305175781,105.05000305175781
RKLB,RKLB,USD,2026-06-11,114.77999877929688,114.77999877929688
RKLB,RKLB,USD,2026-06-12,102.38999938964844,102.38999938964844
RKLB,RKLB,USD,2026-06-15,109.25,109.25
RKLB,RKLB,USD,2026-06-16,104.62999725341797,104.62999725341797
RKLB,RKLB,USD,2026-06-17,107.9800033569336,107.9800033569336
RKLB,RKLB,USD,2026-06-18,107.23999786376953,107.23999786376953
RKLB,RKLB,USD,2026-06-22,100.29000091552734,100.29000091552734
RKLB,RKLB,USD,2026-06-23,95.12000274658203,95.12000274658203
RKLB,RKLB,USD,2026-06-24,85.41000366210938,85.41000366210938
RKLB,RKLB,USD,2026-06-25,80.69000244140625,80.69000244140625
RKLB,RKLB,USD,2026-06-26,84.54000091552734,84.54000091552734
RKLB,RKLB,USD,2026-06-29,98.01000213623047,98.01000213623047
RKLB,RKLB,USD,2026-06-30,101.6500015258789,101.6500015258789
RKLB,RKLB,USD,2026-07-01,100.06999969482422,100.06999969482422
RKLB,RKLB,USD,2026-07-02,100.45999908447266,100.45999908447266
RKLB,RKLB,USD,2026-07-06,93.08999633789062,93.08999633789062
RKLB,RKLB,USD,2026-07-07,83.41000366210938,83.41000366210938
RKLB,RKLB,USD,2026-07-08,83.3499984741211,83.3499984741211
RKLB,RKLB,USD,2026-07-09,82.55000305175781,82.55000305175781
RKLB,RKLB,USD,2026-07-10,81.04000091552734,81.04000091552734
RMBS,RMBS,USD,2026-05-20,133.55999755859375,133.55999755859375
RMBS,RMBS,USD,2026-05-21,141.82000732421875,141.82000732421875
RMBS,RMBS,USD,2026-05-22,142.97999572753906,142.97999572753906
RMBS,RMBS,USD,2026-05-26,157.22999572753906,157.22999572753906
RMBS,RMBS,USD,2026-05-27,148.66000366210938,148.66000366210938
RMBS,RMBS,USD,2026-05-28,148.02000427246094,148.02000427246094
RMBS,RMBS,USD,2026-05-29,145.4600067138672,145.4600067138672
RMBS,RMBS,USD,2026-06-01,147.47999572753906,147.47999572753906
RMBS,RMBS,USD,2026-06-02,166.77999877929688,166.77999877929688
RMBS,RMBS,USD,2026-06-03,170.66000366210938,170.66000366210938
RMBS,RMBS,USD,2026-06-04,169.35000610351562,169.35000610351562
RMBS,RMBS,USD,2026-06-05,145.30999755859375,145.30999755859375
RMBS,RMBS,USD,2026-06-08,152.02999877929688,152.02999877929688
RMBS,RMBS,USD,2026-06-09,146.83999633789062,146.83999633789062
RMBS,RMBS,USD,2026-06-10,138.1199951171875,138.1199951171875
RMBS,RMBS,USD,2026-06-11,144.47000122070312,144.47000122070312
RMBS,RMBS,USD,2026-06-12,146.55999755859375,146.55999755859375
RMBS,RMBS,USD,2026-06-15,143.2899932861328,143.2899932861328
RMBS,RMBS,USD,2026-06-16,132.47999572753906,132.47999572753906
RMBS,RMBS,USD,2026-06-17,130.10000610351562,130.10000610351562
RMBS,RMBS,USD,2026-06-18,141.1699981689453,141.1699981689453
RMBS,RMBS,USD,2026-06-22,140.35000610351562,140.35000610351562
RMBS,RMBS,USD,2026-06-23,128.2100067138672,128.2100067138672
RMBS,RMBS,USD,2026-06-24,124.5199966430664,124.5199966430664
RMBS,RMBS,USD,2026-06-25,123.69000244140625,123.69000244140625
RMBS,RMBS,USD,2026-06-26,114.7300033569336,114.7300033569336
RMBS,RMBS,USD,2026-06-29,123.9000015258789,123.9000015258789
RMBS,RMBS,USD,2026-06-30,132.74000549316406,132.74000549316406
RMBS,RMBS,USD,2026-07-01,123.83000183105469,123.83000183105469
RMBS,RMBS,USD,2026-07-02,112.91999816894531,112.91999816894531
RMBS,RMBS,USD,2026-07-06,113.25,113.25
RMBS,RMBS,USD,2026-07-07,105.93000030517578,105.93000030517578
RMBS,RMBS,USD,2026-07-08,109.63999938964844,109.63999938964844
RMBS,RMBS,USD,2026-07-09,114.12999725341797,114.12999725341797
RMBS,RMBS,USD,2026-07-10,112.0999984741211,112.0999984741211
ROG,ROG,USD,2026-05-20,133.0,133.0
ROG,ROG,USD,2026-05-21,132.39999389648438,132.39999389648438
ROG,ROG,USD,2026-05-22,135.1300048828125,135.1300048828125
ROG,ROG,USD,2026-05-26,144.0399932861328,144.0399932861328
ROG,ROG,USD,2026-05-27,145.85000610351562,145.85000610351562
ROG,ROG,USD,2026-05-28,144.94000244140625,144.94000244140625
ROG,ROG,USD,2026-05-29,141.52000427246094,141.52000427246094
ROG,ROG,USD,2026-06-01,147.02000427246094,147.02000427246094
ROG,ROG,USD,2026-06-02,154.22000122070312,154.22000122070312
ROG,ROG,USD,2026-06-03,148.0,148.0
ROG,ROG,USD,2026-06-04,145.77999877929688,145.77999877929688
ROG,ROG,USD,2026-06-05,137.6699981689453,137.6699981689453
ROG,ROG,USD,2026-06-08,140.9199981689453,140.9199981689453
ROG,ROG,USD,2026-06-09,140.7899932861328,140.7899932861328
ROG,ROG,USD,2026-06-10,137.47000122070312,137.47000122070312
ROG,ROG,USD,2026-06-11,145.99000549316406,145.99000549316406
ROG,ROG,USD,2026-06-12,151.05999755859375,151.05999755859375
ROG,ROG,USD,2026-06-15,154.92999267578125,154.92999267578125
ROG,ROG,USD,2026-06-16,161.13999938964844,161.13999938964844
ROG,ROG,USD,2026-06-17,158.47999572753906,158.47999572753906
ROG,ROG,USD,2026-06-18,162.67999267578125,162.67999267578125
ROG,ROG,USD,2026-06-22,166.50999450683594,166.50999450683594
ROG,ROG,USD,2026-06-23,159.13999938964844,159.13999938964844
ROG,ROG,USD,2026-06-24,162.13999938964844,162.13999938964844
ROG,ROG,USD,2026-06-25,167.08999633789062,167.08999633789062
ROG,ROG,USD,2026-06-26,160.52999877929688,160.52999877929688
ROG,ROG,USD,2026-06-29,164.6199951171875,164.6199951171875
ROG,ROG,USD,2026-06-30,163.72999572753906,163.72999572753906
ROG,ROG,USD,2026-07-01,157.0800018310547,157.0800018310547
ROG,ROG,USD,2026-07-02,143.89999389648438,143.89999389648438
ROG,ROG,USD,2026-07-06,141.10000610351562,141.10000610351562
ROG,ROG,USD,2026-07-07,133.38999938964844,133.38999938964844
ROG,ROG,USD,2026-07-08,135.41000366210938,135.41000366210938
ROG,ROG,USD,2026-07-09,139.0399932861328,139.0399932861328
ROG,ROG,USD,2026-07-10,137.52000427246094,137.52000427246094
RYCEY,RYCEY,USD,2026-05-20,16.520000457763672,16.520000457763672
RYCEY,RYCEY,USD,2026-05-21,16.420000076293945,16.420000076293945
RYCEY,RYCEY,USD,2026-05-22,16.75,16.75
RYCEY,RYCEY,USD,2026-05-26,17.0,17.0
RYCEY,RYCEY,USD,2026-05-27,17.329999923706055,17.329999923706055
RYCEY,RYCEY,USD,2026-05-28,17.729999542236328,17.729999542236328
RYCEY,RYCEY,USD,2026-05-29,17.950000762939453,17.950000762939453
RYCEY,RYCEY,USD,2026-06-01,17.06999969482422,17.06999969482422
RYCEY,RYCEY,USD,2026-06-02,17.18000030517578,17.18000030517578
RYCEY,RYCEY,USD,2026-06-03,16.889999389648438,16.889999389648438
RYCEY,RYCEY,USD,2026-06-04,17.030000686645508,17.030000686645508
RYCEY,RYCEY,USD,2026-06-05,16.770000457763672,16.770000457763672
RYCEY,RYCEY,USD,2026-06-08,16.729999542236328,16.729999542236328
RYCEY,RYCEY,USD,2026-06-09,16.579999923706055,16.579999923706055
RYCEY,RYCEY,USD,2026-06-10,16.489999771118164,16.489999771118164
RYCEY,RYCEY,USD,2026-06-11,17.290000915527344,17.290000915527344
RYCEY,RYCEY,USD,2026-06-12,17.600000381469727,17.600000381469727
RYCEY,RYCEY,USD,2026-06-15,18.219999313354492,18.219999313354492
RYCEY,RYCEY,USD,2026-06-16,18.6200008392334,18.6200008392334
RYCEY,RYCEY,USD,2026-06-17,18.440000534057617,18.440000534057617
RYCEY,RYCEY,USD,2026-06-18,18.760000228881836,18.760000228881836
RYCEY,RYCEY,USD,2026-06-22,18.780000686645508,18.780000686645508
RYCEY,RYCEY,USD,2026-06-23,18.530000686645508,18.530000686645508
RYCEY,RYCEY,USD,2026-06-24,18.649999618530273,18.649999618530273
RYCEY,RYCEY,USD,2026-06-25,18.920000076293945,18.920000076293945
RYCEY,RYCEY,USD,2026-06-26,18.610000610351562,18.610000610351562
RYCEY,RYCEY,USD,2026-06-29,18.93000030517578,18.93000030517578
RYCEY,RYCEY,USD,2026-06-30,19.25,19.25
RYCEY,RYCEY,USD,2026-07-01,19.200000762939453,19.200000762939453
RYCEY,RYCEY,USD,2026-07-02,19.6299991607666,19.6299991607666
RYCEY,RYCEY,USD,2026-07-06,20.100000381469727,20.100000381469727
RYCEY,RYCEY,USD,2026-07-07,19.3700008392334,19.3700008392334
RYCEY,RYCEY,USD,2026-07-08,18.889999389648438,18.889999389648438
RYCEY,RYCEY,USD,2026-07-09,19.309999465942383,19.309999465942383
RYCEY,RYCEY,USD,2026-07-10,19.31999969482422,19.31999969482422
SANM,SANM,USD,2026-05-20,231.17999267578125,231.17999267578125
SANM,SANM,USD,2026-05-21,234.36000061035156,234.36000061035156
SANM,SANM,USD,2026-05-22,246.44000244140625,246.44000244140625
SANM,SANM,USD,2026-05-26,259.9700012207031,259.9700012207031
SANM,SANM,USD,2026-05-27,261.82000732421875,261.82000732421875
SANM,SANM,USD,2026-05-28,263.2300109863281,263.2300109863281
SANM,SANM,USD,2026-05-29,259.7300109863281,259.7300109863281
SANM,SANM,USD,2026-06-01,264.8800048828125,264.8800048828125
SANM,SANM,USD,2026-06-02,278.3599853515625,278.3599853515625
SANM,SANM,USD,2026-06-03,282.7200012207031,282.7200012207031
SANM,SANM,USD,2026-06-04,280.1300048828125,280.1300048828125
SANM,SANM,USD,2026-06-05,252.0800018310547,252.0800018310547
SANM,SANM,USD,2026-06-08,251.9499969482422,251.9499969482422
SANM,SANM,USD,2026-06-09,242.36000061035156,242.36000061035156
SANM,SANM,USD,2026-06-10,231.32000732421875,231.32000732421875
SANM,SANM,USD,2026-06-11,246.97999572753906,246.97999572753906
SANM,SANM,USD,2026-06-12,255.1999969482422,255.1999969482422
SANM,SANM,USD,2026-06-15,259.82000732421875,259.82000732421875
SANM,SANM,USD,2026-06-16,249.0500030517578,249.0500030517578
SANM,SANM,USD,2026-06-17,242.77000427246094,242.77000427246094
SANM,SANM,USD,2026-06-18,241.49000549316406,241.49000549316406
SANM,SANM,USD,2026-06-22,253.4499969482422,253.4499969482422
SANM,SANM,USD,2026-06-23,247.0399932861328,247.0399932861328
SANM,SANM,USD,2026-06-24,248.80999755859375,248.80999755859375
SANM,SANM,USD,2026-06-25,253.55999755859375,253.55999755859375
SANM,SANM,USD,2026-06-26,236.5500030517578,236.5500030517578
SANM,SANM,USD,2026-06-29,240.41000366210938,240.41000366210938
SANM,SANM,USD,2026-06-30,253.0800018310547,253.0800018310547
SANM,SANM,USD,2026-07-01,246.38999938964844,246.38999938964844
SANM,SANM,USD,2026-07-02,219.77000427246094,219.77000427246094
SANM,SANM,USD,2026-07-06,217.61000061035156,217.61000061035156
SANM,SANM,USD,2026-07-07,205.75,205.75
SANM,SANM,USD,2026-07-08,209.55999755859375,209.55999755859375
SANM,SANM,USD,2026-07-09,212.8800048828125,212.8800048828125
SANM,SANM,USD,2026-07-10,208.7899932861328,208.7899932861328
SHECY,SHECY,USD,2026-05-20,22.010000228881836,22.010000228881836
SHECY,SHECY,USD,2026-05-21,21.68000030517578,21.68000030517578
SHECY,SHECY,USD,2026-05-22,22.110000610351562,22.110000610351562
SHECY,SHECY,USD,2026-05-26,22.190000534057617,22.190000534057617
SHECY,SHECY,USD,2026-05-27,23.239999771118164,23.239999771118164
SHECY,SHECY,USD,2026-05-28,23.219999313354492,23.219999313354492
SHECY,SHECY,USD,2026-05-29,24.170000076293945,24.170000076293945
SHECY,SHECY,USD,2026-06-01,24.559999465942383,24.559999465942383
SHECY,SHECY,USD,2026-06-02,23.469999313354492,23.469999313354492
SHECY,SHECY,USD,2026-06-03,24.200000762939453,24.200000762939453
SHECY,SHECY,USD,2026-06-04,23.84000015258789,23.84000015258789
SHECY,SHECY,USD,2026-06-05,22.040000915527344,22.040000915527344
SHECY,SHECY,USD,2026-06-08,21.899999618530273,21.899999618530273
SHECY,SHECY,USD,2026-06-09,21.020000457763672,21.020000457763672
SHECY,SHECY,USD,2026-06-10,20.860000610351562,20.860000610351562
SHECY,SHECY,USD,2026-06-11,21.899999618530273,21.899999618530273
SHECY,SHECY,USD,2026-06-12,22.6200008392334,22.6200008392334
SHECY,SHECY,USD,2026-06-15,23.56999969482422,23.56999969482422
SHECY,SHECY,USD,2026-06-16,23.229999542236328,23.229999542236328
SHECY,SHECY,USD,2026-06-17,23.469999313354492,23.469999313354492
SHECY,SHECY,USD,2026-06-18,23.3700008392334,23.3700008392334
SHECY,SHECY,USD,2026-06-22,22.770000457763672,22.770000457763672
SHECY,SHECY,USD,2026-06-23,22.43000030517578,22.43000030517578
SHECY,SHECY,USD,2026-06-24,21.84000015258789,21.84000015258789
SHECY,SHECY,USD,2026-06-25,21.700000762939453,21.700000762939453
SHECY,SHECY,USD,2026-06-26,21.299999237060547,21.299999237060547
SHECY,SHECY,USD,2026-06-29,21.579999923706055,21.579999923706055
SHECY,SHECY,USD,2026-06-30,21.670000076293945,21.670000076293945
SHECY,SHECY,USD,2026-07-01,22.170000076293945,22.170000076293945
SHECY,SHECY,USD,2026-07-02,21.610000610351562,21.610000610351562
SHECY,SHECY,USD,2026-07-06,22.959999084472656,22.959999084472656
SHECY,SHECY,USD,2026-07-07,21.81999969482422,21.81999969482422
SHECY,SHECY,USD,2026-07-08,21.34000015258789,21.34000015258789
SHECY,SHECY,USD,2026-07-09,21.899999618530273,21.899999618530273
SHECY,SHECY,USD,2026-07-10,22.81999969482422,22.81999969482422
SIMO,SIMO,USD,2026-05-20,258.0199890136719,258.0199890136719
SIMO,SIMO,USD,2026-05-21,263.510009765625,263.510009765625
SIMO,SIMO,USD,2026-05-22,276.1400146484375,276.1400146484375
SIMO,SIMO,USD,2026-05-26,290.32000732421875,290.32000732421875
SIMO,SIMO,USD,2026-05-27,284.9800109863281,284.9800109863281
SIMO,SIMO,USD,2026-05-28,282.44000244140625,282.44000244140625
SIMO,SIMO,USD,2026-05-29,276.8699951171875,276.8699951171875
SIMO,SIMO,USD,2026-06-01,268.04998779296875,268.04998779296875
SIMO,SIMO,USD,2026-06-02,301.2699890136719,301.2699890136719
SIMO,SIMO,USD,2026-06-03,306.57000732421875,306.57000732421875
SIMO,SIMO,USD,2026-06-04,294.6700134277344,294.6700134277344
SIMO,SIMO,USD,2026-06-05,258.70001220703125,258.70001220703125
SIMO,SIMO,USD,2026-06-08,263.2099914550781,263.2099914550781
SIMO,SIMO,USD,2026-06-09,259.75,259.75
SIMO,SIMO,USD,2026-06-10,251.67999267578125,251.67999267578125
SIMO,SIMO,USD,2026-06-11,274.3399963378906,274.3399963378906
SIMO,SIMO,USD,2026-06-12,280.489990234375,280.489990234375
SIMO,SIMO,USD,2026-06-15,276.3999938964844,276.3999938964844
SIMO,SIMO,USD,2026-06-16,282.67999267578125,282.67999267578125
SIMO,SIMO,USD,2026-06-17,307.1199951171875,307.1199951171875
SIMO,SIMO,USD,2026-06-18,321.6600036621094,321.6600036621094
SIMO,SIMO,USD,2026-06-22,336.8999938964844,336.8999938964844
SIMO,SIMO,USD,2026-06-23,319.0,319.0
SIMO,SIMO,USD,2026-06-24,321.6600036621094,321.6600036621094
SIMO,SIMO,USD,2026-06-25,325.260009765625,325.260009765625
SIMO,SIMO,USD,2026-06-26,305.2799987792969,305.2799987792969
SIMO,SIMO,USD,2026-06-29,331.94000244140625,331.94000244140625
SIMO,SIMO,USD,2026-06-30,333.3299865722656,333.3299865722656
SIMO,SIMO,USD,2026-07-01,316.9800109863281,316.9800109863281
SIMO,SIMO,USD,2026-07-02,300.7099914550781,300.7099914550781
SIMO,SIMO,USD,2026-07-06,318.8599853515625,318.8599853515625
SIMO,SIMO,USD,2026-07-07,294.8999938964844,294.8999938964844
SIMO,SIMO,USD,2026-07-08,313.29998779296875,313.29998779296875
SIMO,SIMO,USD,2026-07-09,324.260009765625,324.260009765625
SIMO,SIMO,USD,2026-07-10,326.3500061035156,326.3500061035156
SITM,SITM,USD,2026-05-20,697.0,697.0
SITM,SITM,USD,2026-05-21,711.7899780273438,711.7899780273438
SITM,SITM,USD,2026-05-22,728.5599975585938,728.5599975585938
SITM,SITM,USD,2026-05-26,743.1199951171875,743.1199951171875
SITM,SITM,USD,2026-05-27,726.2100219726562,726.2100219726562
SITM,SITM,USD,2026-05-28,729.510009765625,729.510009765625
SITM,SITM,USD,2026-05-29,710.2000122070312,710.2000122070312
SITM,SITM,USD,2026-06-01,665.010009765625,665.010009765625
SITM,SITM,USD,2026-06-02,701.0800170898438,701.0800170898438
SITM,SITM,USD,2026-06-03,712.75,712.75
SITM,SITM,USD,2026-06-04,706.97998046875,706.97998046875
SITM,SITM,USD,2026-06-05,625.6799926757812,625.6799926757812
SITM,SITM,USD,2026-06-08,664.280029296875,664.280029296875
SITM,SITM,USD,2026-06-09,659.52001953125,659.52001953125
SITM,SITM,USD,2026-06-10,664.22998046875,664.22998046875
SITM,SITM,USD,2026-06-11,721.239990234375,721.239990234375
SITM,SITM,USD,2026-06-12,729.8900146484375,729.8900146484375
SITM,SITM,USD,2026-06-15,742.4600219726562,742.4600219726562
SITM,SITM,USD,2026-06-16,684.8599853515625,684.8599853515625
SITM,SITM,USD,2026-06-17,677.2100219726562,677.2100219726562
SITM,SITM,USD,2026-06-18,729.0399780273438,729.0399780273438
SITM,SITM,USD,2026-06-22,753.1199951171875,753.1199951171875
SITM,SITM,USD,2026-06-23,706.9000244140625,706.9000244140625
SITM,SITM,USD,2026-06-24,692.469970703125,692.469970703125
SITM,SITM,USD,2026-06-25,675.7000122070312,675.7000122070312
SITM,SITM,USD,2026-06-26,672.1900024414062,672.1900024414062
SITM,SITM,USD,2026-06-29,710.469970703125,710.469970703125
SITM,SITM,USD,2026-06-30,745.5599975585938,745.5599975585938
SITM,SITM,USD,2026-07-01,703.8400268554688,703.8400268554688
SITM,SITM,USD,2026-07-02,601.6599731445312,601.6599731445312
SITM,SITM,USD,2026-07-06,615.4600219726562,615.4600219726562
SITM,SITM,USD,2026-07-07,592.1900024414062,592.1900024414062
SITM,SITM,USD,2026-07-08,612.1300048828125,612.1300048828125
SITM,SITM,USD,2026-07-09,648.1500244140625,648.1500244140625
SITM,SITM,USD,2026-07-10,628.9400024414062,628.9400024414062
SMCI,SMCI,USD,2026-05-20,33.459999084472656,33.459999084472656
SMCI,SMCI,USD,2026-05-21,33.459999084472656,33.459999084472656
SMCI,SMCI,USD,2026-05-22,35.58000183105469,35.58000183105469
SMCI,SMCI,USD,2026-05-26,37.099998474121094,37.099998474121094
SMCI,SMCI,USD,2026-05-27,38.189998626708984,38.189998626708984
SMCI,SMCI,USD,2026-05-28,41.29999923706055,41.29999923706055
SMCI,SMCI,USD,2026-05-29,46.09000015258789,46.09000015258789
SMCI,SMCI,USD,2026-06-01,46.880001068115234,46.880001068115234
SMCI,SMCI,USD,2026-06-02,50.16999816894531,50.16999816894531
SMCI,SMCI,USD,2026-06-03,47.41999816894531,47.41999816894531
SMCI,SMCI,USD,2026-06-04,46.900001525878906,46.900001525878906
SMCI,SMCI,USD,2026-06-05,41.63999938964844,41.63999938964844
SMCI,SMCI,USD,2026-06-08,43.9900016784668,43.9900016784668
SMCI,SMCI,USD,2026-06-09,40.63999938964844,40.63999938964844
SMCI,SMCI,USD,2026-06-10,29.270000457763672,29.270000457763672
SMCI,SMCI,USD,2026-06-11,31.969999313354492,31.969999313354492
SMCI,SMCI,USD,2026-06-12,30.459999084472656,30.459999084472656
SMCI,SMCI,USD,2026-06-15,30.850000381469727,30.850000381469727
SMCI,SMCI,USD,2026-06-16,29.219999313354492,29.219999313354492
SMCI,SMCI,USD,2026-06-17,27.780000686645508,27.780000686645508
SMCI,SMCI,USD,2026-06-18,30.65999984741211,30.65999984741211
SMCI,SMCI,USD,2026-06-22,35.459999084472656,35.459999084472656
SMCI,SMCI,USD,2026-06-23,33.31999969482422,33.31999969482422
SMCI,SMCI,USD,2026-06-24,32.45000076293945,32.45000076293945
SMCI,SMCI,USD,2026-06-25,31.68000030517578,31.68000030517578
SMCI,SMCI,USD,2026-06-26,30.6299991607666,30.6299991607666
SMCI,SMCI,USD,2026-06-29,28.149999618530273,28.149999618530273
SMCI,SMCI,USD,2026-06-30,29.329999923706055,29.329999923706055
SMCI,SMCI,USD,2026-07-01,27.649999618530273,27.649999618530273
SMCI,SMCI,USD,2026-07-02,27.219999313354492,27.219999313354492
SMCI,SMCI,USD,2026-07-06,27.190000534057617,27.190000534057617
SMCI,SMCI,USD,2026-07-07,26.25,26.25
SMCI,SMCI,USD,2026-07-08,28.170000076293945,28.170000076293945
SMCI,SMCI,USD,2026-07-09,28.239999771118164,28.239999771118164
SMCI,SMCI,USD,2026-07-10,28.309999465942383,28.309999465942383
SMR,SMR,USD,2026-05-20,10.390000343322754,10.390000343322754
SMR,SMR,USD,2026-05-21,11.329999923706055,11.329999923706055
SMR,SMR,USD,2026-05-22,11.399999618530273,11.399999618530273
SMR,SMR,USD,2026-05-26,12.220000267028809,12.220000267028809
SMR,SMR,USD,2026-05-27,12.069999694824219,12.069999694824219
SMR,SMR,USD,2026-05-28,12.1899995803833,12.1899995803833
SMR,SMR,USD,2026-05-29,12.670000076293945,12.670000076293945
SMR,SMR,USD,2026-06-01,12.890000343322754,12.890000343322754
SMR,SMR,USD,2026-06-02,13.949999809265137,13.949999809265137
SMR,SMR,USD,2026-06-03,12.270000457763672,12.270000457763672
SMR,SMR,USD,2026-06-04,12.0,12.0
SMR,SMR,USD,2026-06-05,10.5,10.5
SMR,SMR,USD,2026-06-08,10.760000228881836,10.760000228881836
SMR,SMR,USD,2026-06-09,10.0,10.0
SMR,SMR,USD,2026-06-10,9.289999961853027,9.289999961853027
SMR,SMR,USD,2026-06-11,9.569999694824219,9.569999694824219
SMR,SMR,USD,2026-06-12,9.890000343322754,9.890000343322754
SMR,SMR,USD,2026-06-15,10.640000343322754,10.640000343322754
SMR,SMR,USD,2026-06-16,9.890000343322754,9.890000343322754
SMR,SMR,USD,2026-06-17,10.34000015258789,10.34000015258789
SMR,SMR,USD,2026-06-18,11.739999771118164,11.739999771118164
SMR,SMR,USD,2026-06-22,11.239999771118164,11.239999771118164
SMR,SMR,USD,2026-06-23,10.859999656677246,10.859999656677246
SMR,SMR,USD,2026-06-24,10.210000038146973,10.210000038146973
SMR,SMR,USD,2026-06-25,10.069999694824219,10.069999694824219
SMR,SMR,USD,2026-06-26,10.100000381469727,10.100000381469727
SMR,SMR,USD,2026-06-29,10.260000228881836,10.260000228881836
SMR,SMR,USD,2026-06-30,10.029999732971191,10.029999732971191
SMR,SMR,USD,2026-07-01,10.149999618530273,10.149999618530273
SMR,SMR,USD,2026-07-02,9.760000228881836,9.760000228881836
SMR,SMR,USD,2026-07-06,9.609999656677246,9.609999656677246
SMR,SMR,USD,2026-07-07,8.960000038146973,8.960000038146973
SMR,SMR,USD,2026-07-08,8.760000228881836,8.760000228881836
SMR,SMR,USD,2026-07-09,9.029999732971191,9.029999732971191
SMR,SMR,USD,2026-07-10,9.039999961853027,9.039999961853027
SMTC,SMTC,USD,2026-05-20,141.85000610351562,141.85000610351562
SMTC,SMTC,USD,2026-05-21,146.52999877929688,146.52999877929688
SMTC,SMTC,USD,2026-05-22,156.77999877929688,156.77999877929688
SMTC,SMTC,USD,2026-05-26,164.4600067138672,164.4600067138672
SMTC,SMTC,USD,2026-05-27,157.1999969482422,157.1999969482422
SMTC,SMTC,USD,2026-05-28,166.3300018310547,166.3300018310547
SMTC,SMTC,USD,2026-05-29,152.5399932861328,152.5399932861328
SMTC,SMTC,USD,2026-06-01,149.5800018310547,149.5800018310547
SMTC,SMTC,USD,2026-06-02,166.6300048828125,166.6300048828125
SMTC,SMTC,USD,2026-06-03,163.5,163.5
SMTC,SMTC,USD,2026-06-04,169.35000610351562,169.35000610351562
SMTC,SMTC,USD,2026-06-05,151.02000427246094,151.02000427246094
SMTC,SMTC,USD,2026-06-08,158.7899932861328,158.7899932861328
SMTC,SMTC,USD,2026-06-09,157.52000427246094,157.52000427246094
SMTC,SMTC,USD,2026-06-10,154.27999877929688,154.27999877929688
SMTC,SMTC,USD,2026-06-11,163.57000732421875,163.57000732421875
SMTC,SMTC,USD,2026-06-12,166.7100067138672,166.7100067138672
SMTC,SMTC,USD,2026-06-15,174.3000030517578,174.3000030517578
SMTC,SMTC,USD,2026-06-16,161.58999633789062,161.58999633789062
SMTC,SMTC,USD,2026-06-17,150.1999969482422,150.1999969482422
SMTC,SMTC,USD,2026-06-18,158.22999572753906,158.22999572753906
SMTC,SMTC,USD,2026-06-22,174.72999572753906,174.72999572753906
SMTC,SMTC,USD,2026-06-23,163.27999877929688,163.27999877929688
SMTC,SMTC,USD,2026-06-24,158.47999572753906,158.47999572753906
SMTC,SMTC,USD,2026-06-25,162.27000427246094,162.27000427246094
SMTC,SMTC,USD,2026-06-26,149.75,149.75
SMTC,SMTC,USD,2026-06-29,156.13999938964844,156.13999938964844
SMTC,SMTC,USD,2026-06-30,161.85000610351562,161.85000610351562
SMTC,SMTC,USD,2026-07-01,147.02999877929688,147.02999877929688
SMTC,SMTC,USD,2026-07-02,135.27000427246094,135.27000427246094
SMTC,SMTC,USD,2026-07-06,138.88999938964844,138.88999938964844
SMTC,SMTC,USD,2026-07-07,126.4000015258789,126.4000015258789
SMTC,SMTC,USD,2026-07-08,128.83999633789062,128.83999633789062
SMTC,SMTC,USD,2026-07-09,137.5,137.5
SMTC,SMTC,USD,2026-07-10,136.1300048828125,136.1300048828125
SMTOY,SMTOY,USD,2026-05-20,8.5649995803833,8.5649995803833
SMTOY,SMTOY,USD,2026-05-21,8.828749656677246,8.828749656677246
SMTOY,SMTOY,USD,2026-05-22,9.227499961853027,9.227499961853027
SMTOY,SMTOY,USD,2026-05-26,9.477499961853027,9.477499961853027
SMTOY,SMTOY,USD,2026-05-27,9.517499923706055,9.517499923706055
SMTOY,SMTOY,USD,2026-05-28,9.551250457763672,9.551250457763672
SMTOY,SMTOY,USD,2026-05-29,9.717499732971191,9.717499732971191
SMTOY,SMTOY,USD,2026-06-01,10.462499618530273,10.462499618530273
SMTOY,SMTOY,USD,2026-06-02,11.022500038146973,11.022500038146973
SMTOY,SMTOY,USD,2026-06-03,10.836250305175781,10.836250305175781
SMTOY,SMTOY,USD,2026-06-04,10.648750305175781,10.648750305175781
SMTOY,SMTOY,USD,2026-06-05,9.431249618530273,9.431249618530273
SMTOY,SMTOY,USD,2026-06-08,10.1225004196167,10.1225004196167
SMTOY,SMTOY,USD,2026-06-09,8.885000228881836,8.885000228881836
SMTOY,SMTOY,USD,2026-06-10,8.225000381469727,8.225000381469727
SMTOY,SMTOY,USD,2026-06-11,8.506250381469727,8.506250381469727
SMTOY,SMTOY,USD,2026-06-12,8.832500457763672,8.832500457763672
SMTOY,SMTOY,USD,2026-06-15,9.103750228881836,9.103750228881836
SMTOY,SMTOY,USD,2026-06-16,9.3125,9.3125
SMTOY,SMTOY,USD,2026-06-17,9.398750305175781,9.398750305175781
SMTOY,SMTOY,USD,2026-06-18,10.356249809265137,10.356249809265137
SMTOY,SMTOY,USD,2026-06-22,11.141249656677246,11.141249656677246
SMTOY,SMTOY,USD,2026-06-23,9.641249656677246,9.641249656677246
SMTOY,SMTOY,USD,2026-06-24,9.8462495803833,9.8462495803833
SMTOY,SMTOY,USD,2026-06-25,9.397500038146973,9.397500038146973
SMTOY,SMTOY,USD,2026-06-26,9.668749809265137,9.668749809265137
SMTOY,SMTOY,USD,2026-06-29,9.4087495803833,9.4087495803833
SMTOY,SMTOY,USD,2026-06-30,9.163749694824219,9.163749694824219
SMTOY,SMTOY,USD,2026-07-01,8.579999923706055,8.579999923706055
SMTOY,SMTOY,USD,2026-07-02,8.220000267028809,8.220000267028809
SMTOY,SMTOY,USD,2026-07-06,7.949999809265137,7.949999809265137
SMTOY,SMTOY,USD,2026-07-07,7.360000133514404,7.360000133514404
SMTOY,SMTOY,USD,2026-07-08,7.320000171661377,7.320000171661377
SMTOY,SMTOY,USD,2026-07-09,7.679999828338623,7.679999828338623
SMTOY,SMTOY,USD,2026-07-10,8.020000457763672,8.020000457763672
SNDK,SNDK,USD,2026-05-20,1392.56005859375,1392.56005859375
SNDK,SNDK,USD,2026-05-21,1542.239990234375,1542.239990234375
SNDK,SNDK,USD,2026-05-22,1478.68994140625,1478.68994140625
SNDK,SNDK,USD,2026-05-26,1589.550048828125,1589.550048828125
SNDK,SNDK,USD,2026-05-27,1589.93994140625,1589.93994140625
SNDK,SNDK,USD,2026-05-28,1641.6400146484375,1641.6400146484375
SNDK,SNDK,USD,2026-05-29,1694.97998046875,1694.97998046875
SNDK,SNDK,USD,2026-06-01,1761.4300537109375,1761.4300537109375
SNDK,SNDK,USD,2026-06-02,1716.3599853515625,1716.3599853515625
SNDK,SNDK,USD,2026-06-03,1831.5,1831.5
SNDK,SNDK,USD,2026-06-04,1759.6800537109375,1759.6800537109375
SNDK,SNDK,USD,2026-06-05,1559.3199462890625,1559.3199462890625
SNDK,SNDK,USD,2026-06-08,1642.0,1642.0
SNDK,SNDK,USD,2026-06-09,1646.5400390625,1646.5400390625
SNDK,SNDK,USD,2026-06-10,1643.22998046875,1643.22998046875
SNDK,SNDK,USD,2026-06-11,1881.510009765625,1881.510009765625
SNDK,SNDK,USD,2026-06-12,1980.0999755859375,1980.0999755859375
SNDK,SNDK,USD,2026-06-15,2107.860107421875,2107.860107421875
SNDK,SNDK,USD,2026-06-16,1991.550048828125,1991.550048828125
SNDK,SNDK,USD,2026-06-17,1958.800048828125,1958.800048828125
SNDK,SNDK,USD,2026-06-18,2184.75,2184.75
SNDK,SNDK,USD,2026-06-22,2273.72998046875,2273.72998046875
SNDK,SNDK,USD,2026-06-23,1963.5999755859375,1963.5999755859375
SNDK,SNDK,USD,2026-06-24,1914.4599609375,1914.4599609375
SNDK,SNDK,USD,2026-06-25,2335.0,2335.0
SNDK,SNDK,USD,2026-06-26,2090.7099609375,2090.7099609375
SNDK,SNDK,USD,2026-06-29,2050.389892578125,2050.389892578125
SNDK,SNDK,USD,2026-06-30,2273.72998046875,2273.72998046875
SNDK,SNDK,USD,2026-07-01,2032.219970703125,2032.219970703125
SNDK,SNDK,USD,2026-07-02,1745.0,1745.0
SNDK,SNDK,USD,2026-07-06,1744.4300537109375,1744.4300537109375
SNDK,SNDK,USD,2026-07-07,1617.699951171875,1617.699951171875
SNDK,SNDK,USD,2026-07-08,1727.1800537109375,1727.1800537109375
SNDK,SNDK,USD,2026-07-09,1858.27001953125,1858.27001953125
SNDK,SNDK,USD,2026-07-10,1915.9200439453125,1915.9200439453125
SNPS,SNPS,USD,2026-05-20,498.92999267578125,498.92999267578125
SNPS,SNPS,USD,2026-05-21,503.9800109863281,503.9800109863281
SNPS,SNPS,USD,2026-05-22,524.739990234375,524.739990234375
SNPS,SNPS,USD,2026-05-26,534.5599975585938,534.5599975585938
SNPS,SNPS,USD,2026-05-27,525.9199829101562,525.9199829101562
SNPS,SNPS,USD,2026-05-28,480.6400146484375,480.6400146484375
SNPS,SNPS,USD,2026-05-29,475.6199951171875,475.6199951171875
SNPS,SNPS,USD,2026-06-01,492.2900085449219,492.2900085449219
SNPS,SNPS,USD,2026-06-02,508.3500061035156,508.3500061035156
SNPS,SNPS,USD,2026-06-03,498.0199890136719,498.0199890136719
SNPS,SNPS,USD,2026-06-04,494.4800109863281,494.4800109863281
SNPS,SNPS,USD,2026-06-05,464.8500061035156,464.8500061035156
SNPS,SNPS,USD,2026-06-08,473.4800109863281,473.4800109863281
SNPS,SNPS,USD,2026-06-09,465.2699890136719,465.2699890136719
SNPS,SNPS,USD,2026-06-10,460.5400085449219,460.5400085449219
SNPS,SNPS,USD,2026-06-11,456.2900085449219,456.2900085449219
SNPS,SNPS,USD,2026-06-12,453.8900146484375,453.8900146484375
SNPS,SNPS,USD,2026-06-15,454.3800048828125,454.3800048828125
SNPS,SNPS,USD,2026-06-16,448.3800048828125,448.3800048828125
SNPS,SNPS,USD,2026-06-17,461.739990234375,461.739990234375
SNPS,SNPS,USD,2026-06-18,455.510009765625,455.510009765625
SNPS,SNPS,USD,2026-06-22,464.5799865722656,464.5799865722656
SNPS,SNPS,USD,2026-06-23,461.5,461.5
SNPS,SNPS,USD,2026-06-24,463.92999267578125,463.92999267578125
SNPS,SNPS,USD,2026-06-25,455.0199890136719,455.0199890136719
SNPS,SNPS,USD,2026-06-26,454.3399963378906,454.3399963378906
SNPS,SNPS,USD,2026-06-29,447.260009765625,447.260009765625
SNPS,SNPS,USD,2026-06-30,446.07000732421875,446.07000732421875
SNPS,SNPS,USD,2026-07-01,454.5299987792969,454.5299987792969
SNPS,SNPS,USD,2026-07-02,437.1600036621094,437.1600036621094
SNPS,SNPS,USD,2026-07-06,442.2699890136719,442.2699890136719
SNPS,SNPS,USD,2026-07-07,436.6300048828125,436.6300048828125
SNPS,SNPS,USD,2026-07-08,434.5,434.5
SNPS,SNPS,USD,2026-07-09,443.3699951171875,443.3699951171875
SNPS,SNPS,USD,2026-07-10,445.5,445.5
SOMMY,SOMMY,USD,2026-05-20,18.299999237060547,18.299999237060547
SOMMY,SOMMY,USD,2026-05-21,18.299999237060547,18.299999237060547
SOMMY,SOMMY,USD,2026-05-22,18.049999237060547,18.049999237060547
SOMMY,SOMMY,USD,2026-05-26,18.389999389648438,18.389999389648438
SOMMY,SOMMY,USD,2026-05-27,18.399999618530273,18.399999618530273
SOMMY,SOMMY,USD,2026-05-28,18.450000762939453,18.450000762939453
SOMMY,SOMMY,USD,2026-05-29,18.739999771118164,18.739999771118164
SOMMY,SOMMY,USD,2026-06-01,18.739999771118164,18.739999771118164
SOMMY,SOMMY,USD,2026-06-02,17.950000762939453,17.950000762939453
SOMMY,SOMMY,USD,2026-06-03,17.950000762939453,17.950000762939453
SOMMY,SOMMY,USD,2026-06-04,18.290000915527344,18.290000915527344
SOMMY,SOMMY,USD,2026-06-05,18.290000915527344,18.290000915527344
SOMMY,SOMMY,USD,2026-06-08,17.860000610351562,17.860000610351562
SOMMY,SOMMY,USD,2026-06-09,17.309999465942383,17.309999465942383
SOMMY,SOMMY,USD,2026-06-10,17.0,17.0
SOMMY,SOMMY,USD,2026-06-11,17.0,17.0
SOMMY,SOMMY,USD,2026-06-12,17.0,17.0
SOMMY,SOMMY,USD,2026-06-15,17.0,17.0
SOMMY,SOMMY,USD,2026-06-16,17.0,17.0
SOMMY,SOMMY,USD,2026-06-17,17.510000228881836,17.510000228881836
SOMMY,SOMMY,USD,2026-06-18,17.3799991607666,17.3799991607666
SOMMY,SOMMY,USD,2026-06-22,16.8799991607666,16.8799991607666
SOMMY,SOMMY,USD,2026-06-23,16.06999969482422,16.06999969482422
SOMMY,SOMMY,USD,2026-06-24,16.06999969482422,16.06999969482422
SOMMY,SOMMY,USD,2026-06-25,16.040000915527344,16.040000915527344
SOMMY,SOMMY,USD,2026-06-26,16.040000915527344,16.040000915527344
SOMMY,SOMMY,USD,2026-06-29,15.899999618530273,15.899999618530273
SOMMY,SOMMY,USD,2026-06-30,16.670000076293945,16.670000076293945
SOMMY,SOMMY,USD,2026-07-01,16.079999923706055,16.079999923706055
SOMMY,SOMMY,USD,2026-07-02,16.510000228881836,16.510000228881836
SOMMY,SOMMY,USD,2026-07-06,16.81999969482422,16.81999969482422
SOMMY,SOMMY,USD,2026-07-07,16.75,16.75
SOMMY,SOMMY,USD,2026-07-08,16.75,16.75
SOMMY,SOMMY,USD,2026-07-09,16.579999923706055,16.579999923706055
SOMMY,SOMMY,USD,2026-07-10,16.579999923706055,16.579999923706055
SOXX,SOXX,USD,2026-05-20,520.0630493164062,520.3099975585938
SOXX,SOXX,USD,2026-05-21,524.4609985351562,524.7100219726562
SOXX,SOXX,USD,2026-05-22,537.0750122070312,537.3300170898438
SOXX,SOXX,USD,2026-05-26,569.8194580078125,570.0900268554688
SOXX,SOXX,USD,2026-05-27,563.7122802734375,563.97998046875
SOXX,SOXX,USD,2026-05-28,569.19970703125,569.469970703125
SOXX,SOXX,USD,2026-05-29,568.8099365234375,569.0800170898438
SOXX,SOXX,USD,2026-06-01,571.6585083007812,571.9299926757812
SOXX,SOXX,USD,2026-06-02,604.7328491210938,605.02001953125
SOXX,SOXX,USD,2026-06-03,615.3877563476562,615.6799926757812
SOXX,SOXX,USD,2026-06-04,602.4338989257812,602.719970703125
SOXX,SOXX,USD,2026-06-05,539.5138549804688,539.77001953125
SOXX,SOXX,USD,2026-06-08,571.1787719726562,571.4500122070312
SOXX,SOXX,USD,2026-06-09,561.8732299804688,562.1400146484375
SOXX,SOXX,USD,2026-06-10,541.2529907226562,541.510009765625
SOXX,SOXX,USD,2026-06-11,586.6514282226562,586.9299926757812
SOXX,SOXX,USD,2026-06-12,595.9669799804688,596.25
SOXX,SOXX,USD,2026-06-15,628.4500122070312,628.4500122070312
SOXX,SOXX,USD,2026-06-16,591.239990234375,591.239990234375
SOXX,SOXX,USD,2026-06-17,599.72998046875,599.72998046875
SOXX,SOXX,USD,2026-06-18,639.4500122070312,639.4500122070312
SOXX,SOXX,USD,2026-06-22,655.010009765625,655.010009765625
SOXX,SOXX,USD,2026-06-23,603.3900146484375,603.3900146484375
SOXX,SOXX,USD,2026-06-24,601.5,601.5
SOXX,SOXX,USD,2026-06-25,625.2000122070312,625.2000122070312
SOXX,SOXX,USD,2026-06-26,589.9400024414062,589.9400024414062
SOXX,SOXX,USD,2026-06-29,614.3499755859375,614.3499755859375
SOXX,SOXX,USD,2026-06-30,640.760009765625,640.760009765625
SOXX,SOXX,USD,2026-07-01,599.7000122070312,599.7000122070312
SOXX,SOXX,USD,2026-07-02,566.3200073242188,566.3200073242188
SOXX,SOXX,USD,2026-07-06,581.510009765625,581.510009765625
SOXX,SOXX,USD,2026-07-07,551.6900024414062,551.6900024414062
SOXX,SOXX,USD,2026-07-08,562.030029296875,562.030029296875
SOXX,SOXX,USD,2026-07-09,581.7000122070312,581.7000122070312
SOXX,SOXX,USD,2026-07-10,581.3400268554688,581.3400268554688
SPY,SPY,USD,2026-05-20,739.3452758789062,741.25
SPY,SPY,USD,2026-05-21,740.8114624023438,742.719970703125
SPY,SPY,USD,2026-05-22,743.7239990234375,745.6400146484375
SPY,SPY,USD,2026-05-26,748.6613159179688,750.5900268554688
SPY,SPY,USD,2026-05-27,748.5316162109375,750.4600219726562
SPY,SPY,USD,2026-05-28,752.6609497070312,754.5999755859375
SPY,SPY,USD,2026-05-29,754.5361328125,756.47998046875
SPY,SPY,USD,2026-06-01,756.5908203125,758.5399780273438
SPY,SPY,USD,2026-06-02,757.6182250976562,759.5700073242188
SPY,SPY,USD,2026-06-03,752.3018798828125,754.239990234375
SPY,SPY,USD,2026-06-04,755.1445922851562,757.0900268554688
SPY,SPY,USD,2026-06-05,735.65478515625,737.5499877929688
SPY,SPY,USD,2026-06-08,737.3204345703125,739.219970703125
SPY,SPY,USD,2026-06-09,735.1560668945312,737.0499877929688
SPY,SPY,USD,2026-06-10,723.56591796875,725.4299926757812
SPY,SPY,USD,2026-06-11,735.8642578125,737.760009765625
SPY,SPY,USD,2026-06-12,739.843994140625,741.75
SPY,SPY,USD,2026-06-15,752.890380859375,754.8300170898438
SPY,SPY,USD,2026-06-16,748.4019775390625,750.3300170898438
SPY,SPY,USD,2026-06-17,739.0560302734375,740.9600219726562
SPY,SPY,USD,2026-06-18,746.739990234375,746.739990234375
SPY,SPY,USD,2026-06-22,744.3900146484375,744.3900146484375
SPY,SPY,USD,2026-06-23,733.5800170898438,733.5800170898438
SPY,SPY,USD,2026-06-24,733.239990234375,733.239990234375
SPY,SPY,USD,2026-06-25,734.2999877929688,734.2999877929688
SPY,SPY,USD,2026-06-26,728.989990234375,728.989990234375
SPY,SPY,USD,2026-06-29,741.0,741.0
SPY,SPY,USD,2026-06-30,746.77001953125,746.77001953125
SPY,SPY,USD,2026-07-01,745.760009765625,745.760009765625
SPY,SPY,USD,2026-07-02,744.780029296875,744.780029296875
SPY,SPY,USD,2026-07-06,751.280029296875,751.280029296875
SPY,SPY,USD,2026-07-07,747.7100219726562,747.7100219726562
SPY,SPY,USD,2026-07-08,745.4000244140625,745.4000244140625
SPY,SPY,USD,2026-07-09,751.7100219726562,751.7100219726562
SPY,SPY,USD,2026-07-10,754.9500122070312,754.9500122070312
ST,ST,USD,2026-05-20,47.7400016784668,47.7400016784668
ST,ST,USD,2026-05-21,47.459999084472656,47.459999084472656
ST,ST,USD,2026-05-22,48.59000015258789,48.59000015258789
ST,ST,USD,2026-05-26,50.38999938964844,50.38999938964844
ST,ST,USD,2026-05-27,50.5099983215332,50.5099983215332
ST,ST,USD,2026-05-28,50.380001068115234,50.380001068115234
ST,ST,USD,2026-05-29,49.38999938964844,49.38999938964844
ST,ST,USD,2026-06-01,49.290000915527344,49.290000915527344
ST,ST,USD,2026-06-02,53.130001068115234,53.130001068115234
ST,ST,USD,2026-06-03,53.54999923706055,53.54999923706055
ST,ST,USD,2026-06-04,52.63999938964844,52.63999938964844
ST,ST,USD,2026-06-05,49.84000015258789,49.84000015258789
ST,ST,USD,2026-06-08,50.16999816894531,50.16999816894531
ST,ST,USD,2026-06-09,49.650001525878906,49.650001525878906
ST,ST,USD,2026-06-10,47.02000045776367,47.02000045776367
ST,ST,USD,2026-06-11,49.849998474121094,49.849998474121094
ST,ST,USD,2026-06-12,50.400001525878906,50.400001525878906
ST,ST,USD,2026-06-15,51.369998931884766,51.369998931884766
ST,ST,USD,2026-06-16,50.25,50.25
ST,ST,USD,2026-06-17,49.459999084472656,49.459999084472656
ST,ST,USD,2026-06-18,50.630001068115234,50.630001068115234
ST,ST,USD,2026-06-22,51.70000076293945,51.70000076293945
ST,ST,USD,2026-06-23,48.810001373291016,48.810001373291016
ST,ST,USD,2026-06-24,48.20000076293945,48.20000076293945
ST,ST,USD,2026-06-25,49.18000030517578,49.18000030517578
ST,ST,USD,2026-06-26,46.849998474121094,46.849998474121094
ST,ST,USD,2026-06-29,46.88999938964844,46.88999938964844
ST,ST,USD,2026-06-30,47.7400016784668,47.7400016784668
ST,ST,USD,2026-07-01,46.54999923706055,46.54999923706055
ST,ST,USD,2026-07-02,45.34000015258789,45.34000015258789
ST,ST,USD,2026-07-06,46.119998931884766,46.119998931884766
ST,ST,USD,2026-07-07,44.290000915527344,44.290000915527344
ST,ST,USD,2026-07-08,43.90999984741211,43.90999984741211
ST,ST,USD,2026-07-09,44.7599983215332,44.7599983215332
ST,ST,USD,2026-07-10,45.31999969482422,45.31999969482422
STM,STM,USD,2026-05-20,64.85687255859375,64.93000030517578
STM,STM,USD,2026-05-21,65.58605194091797,65.66000366210938
STM,STM,USD,2026-05-22,66.78469848632812,66.86000061035156
STM,STM,USD,2026-05-26,70.61038208007812,70.69000244140625
STM,STM,USD,2026-05-27,67.67369079589844,67.75
STM,STM,USD,2026-05-28,69.37177276611328,69.44999694824219
STM,STM,USD,2026-05-29,69.23193359375,69.30999755859375
STM,STM,USD,2026-06-01,68.9422607421875,69.0199966430664
STM,STM,USD,2026-06-02,79.42044830322266,79.51000213623047
STM,STM,USD,2026-06-03,79.62022399902344,79.70999908447266
STM,STM,USD,2026-06-04,78.27174377441406,78.36000061035156
STM,STM,USD,2026-06-05,70.64035034179688,70.72000122070312
STM,STM,USD,2026-06-08,74.92552185058594,75.01000213623047
STM,STM,USD,2026-06-09,73.23741912841797,73.31999969482422
STM,STM,USD,2026-06-10,70.66032409667969,70.73999786376953
STM,STM,USD,2026-06-11,78.03202056884766,78.12000274658203
STM,STM,USD,2026-06-12,77.21294403076172,77.30000305175781
STM,STM,USD,2026-06-15,78.86107635498047,78.94999694824219
STM,STM,USD,2026-06-16,74.4660415649414,74.55000305175781
STM,STM,USD,2026-06-17,73.27737426757812,73.36000061035156
STM,STM,USD,2026-06-18,78.30171203613281,78.38999938964844
STM,STM,USD,2026-06-22,79.81999969482422,79.91000366210938
STM,STM,USD,2026-06-23,72.43000030517578,72.43000030517578
STM,STM,USD,2026-06-24,71.83999633789062,71.83999633789062
STM,STM,USD,2026-06-25,74.87999725341797,74.87999725341797
STM,STM,USD,2026-06-26,71.41999816894531,71.41999816894531
STM,STM,USD,2026-06-29,74.79000091552734,74.79000091552734
STM,STM,USD,2026-06-30,74.88999938964844,74.88999938964844
STM,STM,USD,2026-07-01,70.72000122070312,70.72000122070312
STM,STM,USD,2026-07-02,68.3499984741211,68.3499984741211
STM,STM,USD,2026-07-06,71.38999938964844,71.38999938964844
STM,STM,USD,2026-07-07,67.27999877929688,67.27999877929688
STM,STM,USD,2026-07-08,68.54000091552734,68.54000091552734
STM,STM,USD,2026-07-09,71.38999938964844,71.38999938964844
STM,STM,USD,2026-07-10,71.45999908447266,71.45999908447266
STX,STX,USD,2026-05-20,750.5348510742188,751.0700073242188
STX,STX,USD,2026-05-21,809.882568359375,810.4600219726562
STX,STX,USD,2026-05-22,812.15087890625,812.72998046875
STX,STX,USD,2026-05-26,845.1574096679688,845.760009765625
STX,STX,USD,2026-05-27,870.0396118164062,870.6599731445312
STX,STX,USD,2026-05-28,880.0924682617188,880.719970703125
STX,STX,USD,2026-05-29,879.173095703125,879.7999877929688
STX,STX,USD,2026-06-01,920.6035766601562,921.260009765625
STX,STX,USD,2026-06-02,925.9497680664062,926.6099853515625
STX,STX,USD,2026-06-03,940.019775390625,940.6900024414062
STX,STX,USD,2026-06-04,925.3302001953125,925.989990234375
STX,STX,USD,2026-06-05,846.8661499023438,847.469970703125
STX,STX,USD,2026-06-08,876.1453247070312,876.77001953125
STX,STX,USD,2026-06-09,845.4072265625,846.010009765625
STX,STX,USD,2026-06-10,815.4085693359375,815.989990234375
STX,STX,USD,2026-06-11,867.4714965820312,868.0900268554688
STX,STX,USD,2026-06-12,930.3765869140625,931.0399780273438
STX,STX,USD,2026-06-15,1018.0740966796875,1018.7999877929688
STX,STX,USD,2026-06-16,1030.6051025390625,1031.3399658203125
STX,STX,USD,2026-06-17,1065.310302734375,1066.0699462890625
STX,STX,USD,2026-06-18,1069.4674072265625,1070.22998046875
STX,STX,USD,2026-06-22,1093.260498046875,1094.0400390625
STX,STX,USD,2026-06-23,1037.8499755859375,1038.5899658203125
STX,STX,USD,2026-06-24,993.25,993.25
STX,STX,USD,2026-06-25,1025.3599853515625,1025.3599853515625
STX,STX,USD,2026-06-26,899.9000244140625,899.9000244140625
STX,STX,USD,2026-06-29,968.530029296875,968.530029296875
STX,STX,USD,2026-06-30,965.0,965.0
STX,STX,USD,2026-07-01,915.1900024414062,915.1900024414062
STX,STX,USD,2026-07-02,820.1599731445312,820.1599731445312
STX,STX,USD,2026-07-06,868.260009765625,868.260009765625
STX,STX,USD,2026-07-07,827.6400146484375,827.6400146484375
STX,STX,USD,2026-07-08,860.02001953125,860.02001953125
STX,STX,USD,2026-07-09,890.0900268554688,890.0900268554688
STX,STX,USD,2026-07-10,910.3400268554688,910.3400268554688
TDY,TDY,USD,2026-05-20,614.2000122070312,614.2000122070312
TDY,TDY,USD,2026-05-21,607.1199951171875,607.1199951171875
TDY,TDY,USD,2026-05-22,620.4500122070312,620.4500122070312
TDY,TDY,USD,2026-05-26,627.969970703125,627.969970703125
TDY,TDY,USD,2026-05-27,612.52001953125,612.52001953125
TDY,TDY,USD,2026-05-28,634.0599975585938,634.0599975585938
TDY,TDY,USD,2026-05-29,619.8300170898438,619.8300170898438
TDY,TDY,USD,2026-06-01,609.469970703125,609.469970703125
TDY,TDY,USD,2026-06-02,618.8099975585938,618.8099975585938
TDY,TDY,USD,2026-06-03,618.02001953125,618.02001953125
TDY,TDY,USD,2026-06-04,618.5900268554688,618.5900268554688
TDY,TDY,USD,2026-06-05,602.27001953125,602.27001953125
TDY,TDY,USD,2026-06-08,612.3800048828125,612.3800048828125
TDY,TDY,USD,2026-06-09,619.260009765625,619.260009765625
TDY,TDY,USD,2026-06-10,601.3499755859375,601.3499755859375
TDY,TDY,USD,2026-06-11,623.72998046875,623.72998046875
TDY,TDY,USD,2026-06-12,626.02001953125,626.02001953125
TDY,TDY,USD,2026-06-15,628.3400268554688,628.3400268554688
TDY,TDY,USD,2026-06-16,630.0700073242188,630.0700073242188
TDY,TDY,USD,2026-06-17,615.3499755859375,615.3499755859375
TDY,TDY,USD,2026-06-18,619.5800170898438,619.5800170898438
TDY,TDY,USD,2026-06-22,616.6500244140625,616.6500244140625
TDY,TDY,USD,2026-06-23,612.9099731445312,612.9099731445312
TDY,TDY,USD,2026-06-24,612.1699829101562,612.1699829101562
TDY,TDY,USD,2026-06-25,627.1900024414062,627.1900024414062
TDY,TDY,USD,2026-06-26,624.2899780273438,624.2899780273438
TDY,TDY,USD,2026-06-29,641.219970703125,641.219970703125
TDY,TDY,USD,2026-06-30,666.9000244140625,666.9000244140625
TDY,TDY,USD,2026-07-01,661.2000122070312,661.2000122070312
TDY,TDY,USD,2026-07-02,652.0800170898438,652.0800170898438
TDY,TDY,USD,2026-07-06,654.97998046875,654.97998046875
TDY,TDY,USD,2026-07-07,641.7000122070312,641.7000122070312
TDY,TDY,USD,2026-07-08,639.510009765625,639.510009765625
TDY,TDY,USD,2026-07-09,631.52001953125,631.52001953125
TDY,TDY,USD,2026-07-10,634.5999755859375,634.5999755859375
TEL,TEL,USD,2026-05-20,200.6145477294922,201.38999938964844
TEL,TEL,USD,2026-05-21,201.79000854492188,202.57000732421875
TEL,TEL,USD,2026-05-22,202.77999877929688,202.77999877929688
TEL,TEL,USD,2026-05-26,208.60000610351562,208.60000610351562
TEL,TEL,USD,2026-05-27,208.75,208.75
TEL,TEL,USD,2026-05-28,210.3300018310547,210.3300018310547
TEL,TEL,USD,2026-05-29,213.41000366210938,213.41000366210938
TEL,TEL,USD,2026-06-01,211.08999633789062,211.08999633789062
TEL,TEL,USD,2026-06-02,214.72999572753906,214.72999572753906
TEL,TEL,USD,2026-06-03,218.38999938964844,218.38999938964844
TEL,TEL,USD,2026-06-04,220.75,220.75
TEL,TEL,USD,2026-06-05,212.64999389648438,212.64999389648438
TEL,TEL,USD,2026-06-08,205.61000061035156,205.61000061035156
TEL,TEL,USD,2026-06-09,210.91000366210938,210.91000366210938
TEL,TEL,USD,2026-06-10,202.0,202.0
TEL,TEL,USD,2026-06-11,207.74000549316406,207.74000549316406
TEL,TEL,USD,2026-06-12,210.3800048828125,210.3800048828125
TEL,TEL,USD,2026-06-15,216.13999938964844,216.13999938964844
TEL,TEL,USD,2026-06-16,217.0,217.0
TEL,TEL,USD,2026-06-17,212.1999969482422,212.1999969482422
TEL,TEL,USD,2026-06-18,217.63999938964844,217.63999938964844
TEL,TEL,USD,2026-06-22,212.69000244140625,212.69000244140625
TEL,TEL,USD,2026-06-23,203.0500030517578,203.0500030517578
TEL,TEL,USD,2026-06-24,198.5500030517578,198.5500030517578
TEL,TEL,USD,2026-06-25,200.07000732421875,200.07000732421875
TEL,TEL,USD,2026-06-26,197.74000549316406,197.74000549316406
TEL,TEL,USD,2026-06-29,198.3000030517578,198.3000030517578
TEL,TEL,USD,2026-06-30,201.61000061035156,201.61000061035156
TEL,TEL,USD,2026-07-01,201.44000244140625,201.44000244140625
TEL,TEL,USD,2026-07-02,197.44000244140625,197.44000244140625
TEL,TEL,USD,2026-07-06,200.14999389648438,200.14999389648438
TEL,TEL,USD,2026-07-07,197.83999633789062,197.83999633789062
TEL,TEL,USD,2026-07-08,196.24000549316406,196.24000549316406
TEL,TEL,USD,2026-07-09,198.91000366210938,198.91000366210938
TEL,TEL,USD,2026-07-10,200.36000061035156,200.36000061035156
TER,TER,USD,2026-05-20,344.2099914550781,344.3399963378906
TER,TER,USD,2026-05-21,353.44000244140625,353.44000244140625
TER,TER,USD,2026-05-22,358.44000244140625,358.44000244140625
TER,TER,USD,2026-05-26,389.1400146484375,389.1400146484375
TER,TER,USD,2026-05-27,375.8299865722656,375.8299865722656
TER,TER,USD,2026-05-28,382.6499938964844,382.6499938964844
TER,TER,USD,2026-05-29,374.30999755859375,374.30999755859375
TER,TER,USD,2026-06-01,369.4700012207031,369.4700012207031
TER,TER,USD,2026-06-02,392.6199951171875,392.6199951171875
TER,TER,USD,2026-06-03,409.6700134277344,409.6700134277344
TER,TER,USD,2026-06-04,406.8599853515625,406.8599853515625
TER,TER,USD,2026-06-05,357.92999267578125,357.92999267578125
TER,TER,USD,2026-06-08,374.69000244140625,374.69000244140625
TER,TER,USD,2026-06-09,369.2099914550781,369.2099914550781
TER,TER,USD,2026-06-10,347.5899963378906,347.5899963378906
TER,TER,USD,2026-06-11,381.3999938964844,381.3999938964844
TER,TER,USD,2026-06-12,403.20001220703125,403.20001220703125
TER,TER,USD,2026-06-15,432.4100036621094,432.4100036621094
TER,TER,USD,2026-06-16,409.3500061035156,409.3500061035156
TER,TER,USD,2026-06-17,408.55999755859375,408.55999755859375
TER,TER,USD,2026-06-18,437.9200134277344,437.9200134277344
TER,TER,USD,2026-06-22,457.0,457.0
TER,TER,USD,2026-06-23,420.1199951171875,420.1199951171875
TER,TER,USD,2026-06-24,427.20001220703125,427.20001220703125
TER,TER,USD,2026-06-25,471.9599914550781,471.9599914550781
TER,TER,USD,2026-06-26,436.8599853515625,436.8599853515625
TER,TER,USD,2026-06-29,463.2099914550781,463.2099914550781
TER,TER,USD,2026-06-30,483.8399963378906,483.8399963378906
TER,TER,USD,2026-07-01,427.3399963378906,427.3399963378906
TER,TER,USD,2026-07-02,369.0899963378906,369.0899963378906
TER,TER,USD,2026-07-06,379.5199890136719,379.5199890136719
TER,TER,USD,2026-07-07,343.1099853515625,343.1099853515625
TER,TER,USD,2026-07-08,351.57000732421875,351.57000732421875
TER,TER,USD,2026-07-09,362.75,362.75
TER,TER,USD,2026-07-10,359.6000061035156,359.6000061035156
TMO,TMO,USD,2026-05-20,451.33758544921875,451.7900085449219
TMO,TMO,USD,2026-05-21,448.91998291015625,449.3699951171875
TMO,TMO,USD,2026-05-22,447.8310852050781,448.2799987792969
TMO,TMO,USD,2026-05-26,447.7311706542969,448.17999267578125
TMO,TMO,USD,2026-05-27,455.7531433105469,456.2099914550781
TMO,TMO,USD,2026-05-28,486.7320861816406,487.2200012207031
TMO,TMO,USD,2026-05-29,492.0168151855469,492.510009765625
TMO,TMO,USD,2026-06-01,493.5452575683594,494.0400085449219
TMO,TMO,USD,2026-06-02,481.59722900390625,482.0799865722656
TMO,TMO,USD,2026-06-03,473.47540283203125,473.95001220703125
TMO,TMO,USD,2026-06-04,481.5472717285156,482.0299987792969
TMO,TMO,USD,2026-06-05,472.3265075683594,472.79998779296875
TMO,TMO,USD,2026-06-08,469.1596984863281,469.6300048828125
TMO,TMO,USD,2026-06-09,493.5752258300781,494.07000732421875
TMO,TMO,USD,2026-06-10,481.5572814941406,482.0400085449219
TMO,TMO,USD,2026-06-11,475.18365478515625,475.6600036621094
TMO,TMO,USD,2026-06-12,468.8699951171875,469.3399963378906
TMO,TMO,USD,2026-06-15,473.7200012207031,473.7200012207031
TMO,TMO,USD,2026-06-16,472.6300048828125,472.6300048828125
TMO,TMO,USD,2026-06-17,461.69000244140625,461.69000244140625
TMO,TMO,USD,2026-06-18,464.6099853515625,464.6099853515625
TMO,TMO,USD,2026-06-22,464.010009765625,464.010009765625
TMO,TMO,USD,2026-06-23,469.3500061035156,469.3500061035156
TMO,TMO,USD,2026-06-24,492.20001220703125,492.20001220703125
TMO,TMO,USD,2026-06-25,505.75,505.75
TMO,TMO,USD,2026-06-26,513.030029296875,513.030029296875
TMO,TMO,USD,2026-06-29,506.4200134277344,506.4200134277344
TMO,TMO,USD,2026-06-30,501.3599853515625,501.3599853515625
TMO,TMO,USD,2026-07-01,513.3300170898438,513.3300170898438
TMO,TMO,USD,2026-07-02,523.4400024414062,523.4400024414062
TMO,TMO,USD,2026-07-06,517.5999755859375,517.5999755859375
TMO,TMO,USD,2026-07-07,516.6199951171875,516.6199951171875
TMO,TMO,USD,2026-07-08,510.1300048828125,510.1300048828125
TMO,TMO,USD,2026-07-09,524.7100219726562,524.7100219726562
TMO,TMO,USD,2026-07-10,527.0499877929688,527.0499877929688
TSEM,TSEM,USD,2026-05-20,264.4800109863281,264.4800109863281
TSEM,TSEM,USD,2026-05-21,279.010009765625,279.010009765625
TSEM,TSEM,USD,2026-05-22,283.42999267578125,283.42999267578125
TSEM,TSEM,USD,2026-05-26,288.5299987792969,288.5299987792969
TSEM,TSEM,USD,2026-05-27,277.7900085449219,277.7900085449219
TSEM,TSEM,USD,2026-05-28,275.5,275.5
TSEM,TSEM,USD,2026-05-29,255.22999572753906,255.22999572753906
TSEM,TSEM,USD,2026-06-01,252.52999877929688,252.52999877929688
TSEM,TSEM,USD,2026-06-02,274.7099914550781,274.7099914550781
TSEM,TSEM,USD,2026-06-03,267.9100036621094,267.9100036621094
TSEM,TSEM,USD,2026-06-04,261.30999755859375,261.30999755859375
TSEM,TSEM,USD,2026-06-05,235.47999572753906,235.47999572753906
TSEM,TSEM,USD,2026-06-08,242.0399932861328,242.0399932861328
TSEM,TSEM,USD,2026-06-09,228.0800018310547,228.0800018310547
TSEM,TSEM,USD,2026-06-10,233.5399932861328,233.5399932861328
TSEM,TSEM,USD,2026-06-11,258.3399963378906,258.3399963378906
TSEM,TSEM,USD,2026-06-12,262.9200134277344,262.9200134277344
TSEM,TSEM,USD,2026-06-15,286.8599853515625,286.8599853515625
TSEM,TSEM,USD,2026-06-16,268.5299987792969,268.5299987792969
TSEM,TSEM,USD,2026-06-17,267.1300048828125,267.1300048828125
TSEM,TSEM,USD,2026-06-18,286.739990234375,286.739990234375
TSEM,TSEM,USD,2026-06-22,316.8500061035156,316.8500061035156
TSEM,TSEM,USD,2026-06-23,282.6499938964844,282.6499938964844
TSEM,TSEM,USD,2026-06-24,275.32000732421875,275.32000732421875
TSEM,TSEM,USD,2026-06-25,269.8800048828125,269.8800048828125
TSEM,TSEM,USD,2026-06-26,249.91000366210938,249.91000366210938
TSEM,TSEM,USD,2026-06-29,255.58999633789062,255.58999633789062
TSEM,TSEM,USD,2026-06-30,260.6400146484375,260.6400146484375
TSEM,TSEM,USD,2026-07-01,245.4600067138672,245.4600067138672
TSEM,TSEM,USD,2026-07-02,219.0500030517578,219.0500030517578
TSEM,TSEM,USD,2026-07-06,218.9499969482422,218.9499969482422
TSEM,TSEM,USD,2026-07-07,211.92999267578125,211.92999267578125
TSEM,TSEM,USD,2026-07-08,216.6999969482422,216.6999969482422
TSEM,TSEM,USD,2026-07-09,226.5800018310547,226.5800018310547
TSEM,TSEM,USD,2026-07-10,222.75,222.75
TSLA,TSLA,USD,2026-05-20,417.260009765625,417.260009765625
TSLA,TSLA,USD,2026-05-21,417.8500061035156,417.8500061035156
TSLA,TSLA,USD,2026-05-22,426.010009765625,426.010009765625
TSLA,TSLA,USD,2026-05-26,433.5899963378906,433.5899963378906
TSLA,TSLA,USD,2026-05-27,440.3599853515625,440.3599853515625
TSLA,TSLA,USD,2026-05-28,442.1000061035156,442.1000061035156
TSLA,TSLA,USD,2026-05-29,435.7900085449219,435.7900085449219
TSLA,TSLA,USD,2026-06-01,415.8800048828125,415.8800048828125
TSLA,TSLA,USD,2026-06-02,423.739990234375,423.739990234375
TSLA,TSLA,USD,2026-06-03,423.70001220703125,423.70001220703125
TSLA,TSLA,USD,2026-06-04,418.45001220703125,418.45001220703125
TSLA,TSLA,USD,2026-06-05,391.0,391.0
TSLA,TSLA,USD,2026-06-08,408.95001220703125,408.95001220703125
TSLA,TSLA,USD,2026-06-09,396.67999267578125,396.67999267578125
TSLA,TSLA,USD,2026-06-10,381.5899963378906,381.5899963378906
TSLA,TSLA,USD,2026-06-11,399.1499938964844,399.1499938964844
TSLA,TSLA,USD,2026-06-12,406.42999267578125,406.42999267578125
TSLA,TSLA,USD,2026-06-15,411.1499938964844,411.1499938964844
TSLA,TSLA,USD,2026-06-16,404.6600036621094,404.6600036621094
TSLA,TSLA,USD,2026-06-17,396.3800048828125,396.3800048828125
TSLA,TSLA,USD,2026-06-18,400.489990234375,400.489990234375
TSLA,TSLA,USD,2026-06-22,405.04998779296875,405.04998779296875
TSLA,TSLA,USD,2026-06-23,381.6099853515625,381.6099853515625
TSLA,TSLA,USD,2026-06-24,375.5299987792969,375.5299987792969
TSLA,TSLA,USD,2026-06-25,375.1199951171875,375.1199951171875
TSLA,TSLA,USD,2026-06-26,379.7099914550781,379.7099914550781
TSLA,TSLA,USD,2026-06-29,411.8399963378906,411.8399963378906
TSLA,TSLA,USD,2026-06-30,420.6000061035156,420.6000061035156
TSLA,TSLA,USD,2026-07-01,425.29998779296875,425.29998779296875
TSLA,TSLA,USD,2026-07-02,393.45001220703125,393.45001220703125
TSLA,TSLA,USD,2026-07-06,419.7699890136719,419.7699890136719
TSLA,TSLA,USD,2026-07-07,402.8999938964844,402.8999938964844
TSLA,TSLA,USD,2026-07-08,394.05999755859375,394.05999755859375
TSLA,TSLA,USD,2026-07-09,406.54998779296875,406.54998779296875
TSLA,TSLA,USD,2026-07-10,407.760009765625,407.760009765625
TSM,TSM,USD,2026-05-20,400.6816711425781,401.6199951171875
TSM,TSM,USD,2026-05-21,406.19873046875,407.1499938964844
TSM,TSM,USD,2026-05-22,403.57489013671875,404.5199890136719
TSM,TSM,USD,2026-05-26,411.3566589355469,412.32000732421875
TSM,TSM,USD,2026-05-27,421.7423400878906,422.7300109863281
TSM,TSM,USD,2026-05-28,423.8673400878906,424.8599853515625
TSM,TSM,USD,2026-05-29,417.47235107421875,418.45001220703125
TSM,TSM,USD,2026-06-01,434.6122131347656,435.6300048828125
TSM,TSM,USD,2026-06-02,445.6463623046875,446.69000244140625
TSM,TSM,USD,2026-06-03,435.66973876953125,436.69000244140625
TSM,TSM,USD,2026-06-04,443.8805236816406,444.9200134277344
TSM,TSM,USD,2026-06-05,414.20001220703125,415.1700134277344
TSM,TSM,USD,2026-06-08,425.8028259277344,426.79998779296875
TSM,TSM,USD,2026-06-09,426.92022705078125,427.9200134277344
TSM,TSM,USD,2026-06-10,407.7950134277344,408.75
TSM,TSM,USD,2026-06-11,421.07000732421875,421.07000732421875
TSM,TSM,USD,2026-06-12,423.92999267578125,423.92999267578125
TSM,TSM,USD,2026-06-15,441.3999938964844,441.3999938964844
TSM,TSM,USD,2026-06-16,425.8299865722656,425.8299865722656
TSM,TSM,USD,2026-06-17,432.1499938964844,432.1499938964844
TSM,TSM,USD,2026-06-18,462.1199951171875,462.1199951171875
TSM,TSM,USD,2026-06-22,467.6700134277344,467.6700134277344
TSM,TSM,USD,2026-06-23,436.3900146484375,436.3900146484375
TSM,TSM,USD,2026-06-24,440.8299865722656,440.8299865722656
TSM,TSM,USD,2026-06-25,434.989990234375,434.989990234375
TSM,TSM,USD,2026-06-26,432.3500061035156,432.3500061035156
TSM,TSM,USD,2026-06-29,455.1000061035156,455.1000061035156
TSM,TSM,USD,2026-06-30,477.57000732421875,477.57000732421875
TSM,TSM,USD,2026-07-01,444.2300109863281,444.2300109863281
TSM,TSM,USD,2026-07-02,434.1600036621094,434.1600036621094
TSM,TSM,USD,2026-07-06,451.7900085449219,451.7900085449219
TSM,TSM,USD,2026-07-07,432.57000732421875,432.57000732421875
TSM,TSM,USD,2026-07-08,436.9800109863281,436.9800109863281
TSM,TSM,USD,2026-07-09,436.9599914550781,436.9599914550781
TSM,TSM,USD,2026-07-10,434.1099853515625,434.1099853515625
TT,TT,USD,2026-05-20,450.6673278808594,451.69000244140625
TT,TT,USD,2026-05-21,446.62652587890625,447.6400146484375
TT,TT,USD,2026-05-22,449.99884033203125,451.0199890136719
TT,TT,USD,2026-05-26,460.3852844238281,461.42999267578125
TT,TT,USD,2026-05-27,456.6437683105469,457.67999267578125
TT,TT,USD,2026-05-28,451.2360534667969,452.260009765625
TT,TT,USD,2026-05-29,450.2781982421875,451.29998779296875
TT,TT,USD,2026-06-01,447.4546203613281,448.4700012207031
TT,TT,USD,2026-06-02,457.8809814453125,458.9200134277344
TT,TT,USD,2026-06-03,464.7853088378906,465.8399963378906
TT,TT,USD,2026-06-04,462.71002197265625,463.760009765625
TT,TT,USD,2026-06-05,456.8399963378906,456.8399963378906
TT,TT,USD,2026-06-08,458.9200134277344,458.9200134277344
TT,TT,USD,2026-06-09,470.760009765625,470.760009765625
TT,TT,USD,2026-06-10,449.1199951171875,449.1199951171875
TT,TT,USD,2026-06-11,460.1400146484375,460.1400146484375
TT,TT,USD,2026-06-12,458.25,458.25
TT,TT,USD,2026-06-15,472.5400085449219,472.5400085449219
TT,TT,USD,2026-06-16,475.3399963378906,475.3399963378906
TT,TT,USD,2026-06-17,472.510009765625,472.510009765625
TT,TT,USD,2026-06-18,483.3999938964844,483.3999938964844
TT,TT,USD,2026-06-22,491.5899963378906,491.5899963378906
TT,TT,USD,2026-06-23,474.3399963378906,474.3399963378906
TT,TT,USD,2026-06-24,483.1499938964844,483.1499938964844
TT,TT,USD,2026-06-25,503.4599914550781,503.4599914550781
TT,TT,USD,2026-06-26,477.8900146484375,477.8900146484375
TT,TT,USD,2026-06-29,480.3500061035156,480.3500061035156
TT,TT,USD,2026-06-30,491.1600036621094,491.1600036621094
TT,TT,USD,2026-07-01,484.5799865722656,484.5799865722656
TT,TT,USD,2026-07-02,478.1300048828125,478.1300048828125
TT,TT,USD,2026-07-06,487.239990234375,487.239990234375
TT,TT,USD,2026-07-07,475.739990234375,475.739990234375
TT,TT,USD,2026-07-08,472.2900085449219,472.2900085449219
TT,TT,USD,2026-07-09,472.0,472.0
TT,TT,USD,2026-07-10,479.70001220703125,479.70001220703125
TXN,TXN,USD,2026-05-20,304.8800048828125,304.8800048828125
TXN,TXN,USD,2026-05-21,298.3900146484375,298.3900146484375
TXN,TXN,USD,2026-05-22,309.2099914550781,309.2099914550781
TXN,TXN,USD,2026-05-26,324.8900146484375,324.8900146484375
TXN,TXN,USD,2026-05-27,317.45001220703125,317.45001220703125
TXN,TXN,USD,2026-05-28,315.95001220703125,315.95001220703125
TXN,TXN,USD,2026-05-29,305.67999267578125,305.67999267578125
TXN,TXN,USD,2026-06-01,293.20001220703125,293.20001220703125
TXN,TXN,USD,2026-06-02,308.1199951171875,308.1199951171875
TXN,TXN,USD,2026-06-03,308.5899963378906,308.5899963378906
TXN,TXN,USD,2026-06-04,305.3699951171875,305.3699951171875
TXN,TXN,USD,2026-06-05,285.05999755859375,285.05999755859375
TXN,TXN,USD,2026-06-08,290.8999938964844,290.8999938964844
TXN,TXN,USD,2026-06-09,288.6300048828125,288.6300048828125
TXN,TXN,USD,2026-06-10,282.010009765625,282.010009765625
TXN,TXN,USD,2026-06-11,297.1000061035156,297.1000061035156
TXN,TXN,USD,2026-06-12,301.1199951171875,301.1199951171875
TXN,TXN,USD,2026-06-15,313.3399963378906,313.3399963378906
TXN,TXN,USD,2026-06-16,305.7099914550781,305.7099914550781
TXN,TXN,USD,2026-06-17,301.8800048828125,301.8800048828125
TXN,TXN,USD,2026-06-18,322.8599853515625,322.8599853515625
TXN,TXN,USD,2026-06-22,332.2799987792969,332.2799987792969
TXN,TXN,USD,2026-06-23,304.3599853515625,304.3599853515625
TXN,TXN,USD,2026-06-24,303.1099853515625,303.1099853515625
TXN,TXN,USD,2026-06-25,311.80999755859375,311.80999755859375
TXN,TXN,USD,2026-06-26,285.42999267578125,285.42999267578125
TXN,TXN,USD,2026-06-29,285.4800109863281,285.4800109863281
TXN,TXN,USD,2026-06-30,298.07000732421875,298.07000732421875
TXN,TXN,USD,2026-07-01,298.4100036621094,298.4100036621094
TXN,TXN,USD,2026-07-02,293.0799865722656,293.0799865722656
TXN,TXN,USD,2026-07-06,303.5,303.5
TXN,TXN,USD,2026-07-07,293.29998779296875,293.29998779296875
TXN,TXN,USD,2026-07-08,301.32000732421875,301.32000732421875
TXN,TXN,USD,2026-07-09,308.5299987792969,308.5299987792969
TXN,TXN,USD,2026-07-10,311.4599914550781,311.4599914550781
UCTT,UCTT,USD,2026-05-20,80.22000122070312,80.22000122070312
UCTT,UCTT,USD,2026-05-21,80.58000183105469,80.58000183105469
UCTT,UCTT,USD,2026-05-22,84.01000213623047,84.01000213623047
UCTT,UCTT,USD,2026-05-26,87.45999908447266,87.45999908447266
UCTT,UCTT,USD,2026-05-27,91.58000183105469,91.58000183105469
UCTT,UCTT,USD,2026-05-28,87.29000091552734,87.29000091552734
UCTT,UCTT,USD,2026-05-29,85.56999969482422,85.56999969482422
UCTT,UCTT,USD,2026-06-01,84.69999694824219,84.69999694824219
UCTT,UCTT,USD,2026-06-02,90.20999908447266,90.20999908447266
UCTT,UCTT,USD,2026-06-03,92.55000305175781,92.55000305175781
UCTT,UCTT,USD,2026-06-04,93.69000244140625,93.69000244140625
UCTT,UCTT,USD,2026-06-05,82.06999969482422,82.06999969482422
UCTT,UCTT,USD,2026-06-08,83.93000030517578,83.93000030517578
UCTT,UCTT,USD,2026-06-09,91.87999725341797,91.87999725341797
UCTT,UCTT,USD,2026-06-10,90.9000015258789,90.9000015258789
UCTT,UCTT,USD,2026-06-11,104.83000183105469,104.83000183105469
UCTT,UCTT,USD,2026-06-12,108.9000015258789,108.9000015258789
UCTT,UCTT,USD,2026-06-15,113.55000305175781,113.55000305175781
UCTT,UCTT,USD,2026-06-16,109.30999755859375,109.30999755859375
UCTT,UCTT,USD,2026-06-17,111.61000061035156,111.61000061035156
UCTT,UCTT,USD,2026-06-18,121.27999877929688,121.27999877929688
UCTT,UCTT,USD,2026-06-22,123.13999938964844,123.13999938964844
UCTT,UCTT,USD,2026-06-23,111.62999725341797,111.62999725341797
UCTT,UCTT,USD,2026-06-24,108.41999816894531,108.41999816894531
UCTT,UCTT,USD,2026-06-25,120.66000366210938,120.66000366210938
UCTT,UCTT,USD,2026-06-26,118.81999969482422,118.81999969482422
UCTT,UCTT,USD,2026-06-29,130.6999969482422,130.6999969482422
UCTT,UCTT,USD,2026-06-30,142.58999633789062,142.58999633789062
UCTT,UCTT,USD,2026-07-01,129.58999633789062,129.58999633789062
UCTT,UCTT,USD,2026-07-02,106.4800033569336,106.4800033569336
UCTT,UCTT,USD,2026-07-06,105.52999877929688,105.52999877929688
UCTT,UCTT,USD,2026-07-07,90.77999877929688,90.77999877929688
UCTT,UCTT,USD,2026-07-08,100.91000366210938,100.91000366210938
UCTT,UCTT,USD,2026-07-09,106.19000244140625,106.19000244140625
UCTT,UCTT,USD,2026-07-10,106.2699966430664,106.2699966430664
UMC,UMC,USD,2026-05-20,17.25640106201172,17.559999465942383
UMC,UMC,USD,2026-05-21,18.032743453979492,18.350000381469727
UMC,UMC,USD,2026-05-22,17.904991149902344,18.219999313354492
UMC,UMC,USD,2026-05-26,20.715543746948242,21.079999923706055
UMC,UMC,USD,2026-05-27,21.835834503173828,22.219999313354492
UMC,UMC,USD,2026-05-28,22.28788185119629,22.68000030517578
UMC,UMC,USD,2026-05-29,21.796525955200195,22.18000030517578
UMC,UMC,USD,2026-06-01,22.494251251220703,22.889999389648438
UMC,UMC,USD,2026-06-02,22.071683883666992,22.459999084472656
UMC,UMC,USD,2026-06-03,21.049665451049805,21.420000076293945
UMC,UMC,USD,2026-06-04,20.430559158325195,20.790000915527344
UMC,UMC,USD,2026-06-05,19.359403610229492,19.700000762939453
UMC,UMC,USD,2026-06-08,19.654216766357422,20.0
UMC,UMC,USD,2026-06-09,19.536291122436523,19.8799991607666
UMC,UMC,USD,2026-06-10,18.57323455810547,18.899999618530273
UMC,UMC,USD,2026-06-11,20.322460174560547,20.68000030517578
UMC,UMC,USD,2026-06-12,21.25603485107422,21.6299991607666
UMC,UMC,USD,2026-06-15,22.680965423583984,23.079999923706055
UMC,UMC,USD,2026-06-16,21.2462100982666,21.6200008392334
UMC,UMC,USD,2026-06-17,21.383787155151367,21.760000228881836
UMC,UMC,USD,2026-06-18,23.663677215576172,24.079999923706055
UMC,UMC,USD,2026-06-22,27.024547576904297,27.5
UMC,UMC,USD,2026-06-23,25.747024536132812,26.200000762939453
UMC,UMC,USD,2026-06-24,27.52573013305664,28.010000228881836
UMC,UMC,USD,2026-06-25,27.25057029724121,27.729999542236328
UMC,UMC,USD,2026-06-26,25.13774299621582,25.579999923706055
UMC,UMC,USD,2026-06-29,26.375959396362305,26.84000015258789
UMC,UMC,USD,2026-06-30,26.739561080932617,27.209999084472656
UMC,UMC,USD,2026-07-01,25.26549530029297,25.709999084472656
UMC,UMC,USD,2026-07-02,24.115724563598633,24.540000915527344
UMC,UMC,USD,2026-07-06,25.383420944213867,25.829999923706055
UMC,UMC,USD,2026-07-07,23.417999267578125,23.829999923706055
UMC,UMC,USD,2026-07-08,24.729999542236328,24.729999542236328
UMC,UMC,USD,2026-07-09,24.860000610351562,24.860000610351562
UMC,UMC,USD,2026-07-10,24.34000015258789,24.34000015258789
VECO,VECO,USD,2026-05-20,56.63999938964844,56.63999938964844
VECO,VECO,USD,2026-05-21,57.7400016784668,57.7400016784668
VECO,VECO,USD,2026-05-22,59.54999923706055,59.54999923706055
VECO,VECO,USD,2026-05-26,62.47999954223633,62.47999954223633
VECO,VECO,USD,2026-05-27,60.2400016784668,60.2400016784668
VECO,VECO,USD,2026-05-28,59.130001068115234,59.130001068115234
VECO,VECO,USD,2026-05-29,57.63999938964844,57.63999938964844
VECO,VECO,USD,2026-06-01,57.25,57.25
VECO,VECO,USD,2026-06-02,61.0099983215332,61.0099983215332
VECO,VECO,USD,2026-06-03,60.459999084472656,60.459999084472656
VECO,VECO,USD,2026-06-04,63.65999984741211,63.65999984741211
VECO,VECO,USD,2026-06-05,58.45000076293945,58.45000076293945
VECO,VECO,USD,2026-06-08,61.040000915527344,61.040000915527344
VECO,VECO,USD,2026-06-09,67.19000244140625,67.19000244140625
VECO,VECO,USD,2026-06-10,65.94000244140625,65.94000244140625
VECO,VECO,USD,2026-06-11,71.55000305175781,71.55000305175781
VECO,VECO,USD,2026-06-12,77.4800033569336,77.4800033569336
VECO,VECO,USD,2026-06-15,83.04000091552734,83.04000091552734
VECO,VECO,USD,2026-06-16,75.19999694824219,75.19999694824219
VECO,VECO,USD,2026-06-17,75.77999877929688,75.77999877929688
VECO,VECO,USD,2026-06-18,79.6500015258789,79.6500015258789
VECO,VECO,USD,2026-06-22,77.45999908447266,77.45999908447266
VECO,VECO,USD,2026-06-23,74.83999633789062,74.83999633789062
VECO,VECO,USD,2026-06-24,71.16000366210938,71.16000366210938
VECO,VECO,USD,2026-06-25,75.44999694824219,75.44999694824219
VECO,VECO,USD,2026-06-26,70.94999694824219,70.94999694824219
VECO,VECO,USD,2026-06-29,69.47000122070312,69.47000122070312
VECO,VECO,USD,2026-06-30,75.80000305175781,75.80000305175781
VECO,VECO,USD,2026-07-01,70.5199966430664,70.5199966430664
VECO,VECO,USD,2026-07-02,57.4900016784668,57.4900016784668
VECO,VECO,USD,2026-07-06,54.41999816894531,54.41999816894531
VECO,VECO,USD,2026-07-07,53.349998474121094,53.349998474121094
VECO,VECO,USD,2026-07-08,54.470001220703125,54.470001220703125
VECO,VECO,USD,2026-07-09,57.45000076293945,57.45000076293945
VECO,VECO,USD,2026-07-10,57.400001525878906,57.400001525878906
VIAV,VIAV,USD,2026-05-20,48.099998474121094,48.099998474121094
VIAV,VIAV,USD,2026-05-21,48.97999954223633,48.97999954223633
VIAV,VIAV,USD,2026-05-22,49.5099983215332,49.5099983215332
VIAV,VIAV,USD,2026-05-26,53.790000915527344,53.790000915527344
VIAV,VIAV,USD,2026-05-27,53.060001373291016,53.060001373291016
VIAV,VIAV,USD,2026-05-28,48.4900016784668,48.4900016784668
VIAV,VIAV,USD,2026-05-29,48.560001373291016,48.560001373291016
VIAV,VIAV,USD,2026-06-01,47.4900016784668,47.4900016784668
VIAV,VIAV,USD,2026-06-02,52.880001068115234,52.880001068115234
VIAV,VIAV,USD,2026-06-03,52.41999816894531,52.41999816894531
VIAV,VIAV,USD,2026-06-04,53.209999084472656,53.209999084472656
VIAV,VIAV,USD,2026-06-05,47.560001373291016,47.560001373291016
VIAV,VIAV,USD,2026-06-08,48.75,48.75
VIAV,VIAV,USD,2026-06-09,46.43000030517578,46.43000030517578
VIAV,VIAV,USD,2026-06-10,46.81999969482422,46.81999969482422
VIAV,VIAV,USD,2026-06-11,50.2400016784668,50.2400016784668
VIAV,VIAV,USD,2026-06-12,53.459999084472656,53.459999084472656
VIAV,VIAV,USD,2026-06-15,54.04999923706055,54.04999923706055
VIAV,VIAV,USD,2026-06-16,50.099998474121094,50.099998474121094
VIAV,VIAV,USD,2026-06-17,48.72999954223633,48.72999954223633
VIAV,VIAV,USD,2026-06-18,47.16999816894531,47.16999816894531
VIAV,VIAV,USD,2026-06-22,52.939998626708984,52.939998626708984
VIAV,VIAV,USD,2026-06-23,49.970001220703125,49.970001220703125
VIAV,VIAV,USD,2026-06-24,49.40999984741211,49.40999984741211
VIAV,VIAV,USD,2026-06-25,50.439998626708984,50.439998626708984
VIAV,VIAV,USD,2026-06-26,47.630001068115234,47.630001068115234
VIAV,VIAV,USD,2026-06-29,47.40999984741211,47.40999984741211
VIAV,VIAV,USD,2026-06-30,47.75,47.75
VIAV,VIAV,USD,2026-07-01,47.06999969482422,47.06999969482422
VIAV,VIAV,USD,2026-07-02,41.65999984741211,41.65999984741211
VIAV,VIAV,USD,2026-07-06,42.41999816894531,42.41999816894531
VIAV,VIAV,USD,2026-07-07,40.220001220703125,40.220001220703125
VIAV,VIAV,USD,2026-07-08,40.70000076293945,40.70000076293945
VIAV,VIAV,USD,2026-07-09,42.880001068115234,42.880001068115234
VIAV,VIAV,USD,2026-07-10,43.08000183105469,43.08000183105469
VICR,VICR,USD,2026-05-20,264.20001220703125,264.20001220703125
VICR,VICR,USD,2026-05-21,268.2900085449219,268.2900085449219
VICR,VICR,USD,2026-05-22,267.989990234375,267.989990234375
VICR,VICR,USD,2026-05-26,332.95001220703125,332.95001220703125
VICR,VICR,USD,2026-05-27,345.8399963378906,345.8399963378906
VICR,VICR,USD,2026-05-28,342.0899963378906,342.0899963378906
VICR,VICR,USD,2026-05-29,334.8399963378906,334.8399963378906
VICR,VICR,USD,2026-06-01,328.8500061035156,328.8500061035156
VICR,VICR,USD,2026-06-02,332.95001220703125,332.95001220703125
VICR,VICR,USD,2026-06-03,330.4800109863281,330.4800109863281
VICR,VICR,USD,2026-06-04,306.1199951171875,306.1199951171875
VICR,VICR,USD,2026-06-05,271.0400085449219,271.0400085449219
VICR,VICR,USD,2026-06-08,274.9700012207031,274.9700012207031
VICR,VICR,USD,2026-06-09,283.4800109863281,283.4800109863281
VICR,VICR,USD,2026-06-10,275.510009765625,275.510009765625
VICR,VICR,USD,2026-06-11,298.05999755859375,298.05999755859375
VICR,VICR,USD,2026-06-12,303.7699890136719,303.7699890136719
VICR,VICR,USD,2026-06-15,322.4100036621094,322.4100036621094
VICR,VICR,USD,2026-06-16,320.4599914550781,320.4599914550781
VICR,VICR,USD,2026-06-17,325.1700134277344,325.1700134277344
VICR,VICR,USD,2026-06-18,331.3699951171875,331.3699951171875
VICR,VICR,USD,2026-06-22,365.5299987792969,365.5299987792969
VICR,VICR,USD,2026-06-23,336.1199951171875,336.1199951171875
VICR,VICR,USD,2026-06-24,322.2799987792969,322.2799987792969
VICR,VICR,USD,2026-06-25,331.5899963378906,331.5899963378906
VICR,VICR,USD,2026-06-26,326.92999267578125,326.92999267578125
VICR,VICR,USD,2026-06-29,366.7900085449219,366.7900085449219
VICR,VICR,USD,2026-06-30,379.7799987792969,379.7799987792969
VICR,VICR,USD,2026-07-01,350.2099914550781,350.2099914550781
VICR,VICR,USD,2026-07-02,282.95001220703125,282.95001220703125
VICR,VICR,USD,2026-07-06,285.3399963378906,285.3399963378906
VICR,VICR,USD,2026-07-07,257.3399963378906,257.3399963378906
VICR,VICR,USD,2026-07-08,263.1600036621094,263.1600036621094
VICR,VICR,USD,2026-07-09,277.42999267578125,277.42999267578125
VICR,VICR,USD,2026-07-10,272.04998779296875,272.04998779296875
VISN,VISN,USD,2026-05-20,11.630000114440918,11.630000114440918
VISN,VISN,USD,2026-05-21,11.899999618530273,11.899999618530273
VISN,VISN,USD,2026-05-22,12.300000190734863,12.300000190734863
VISN,VISN,USD,2026-05-26,12.670000076293945,12.670000076293945
VISN,VISN,USD,2026-05-27,12.489999771118164,12.489999771118164
VISN,VISN,USD,2026-05-28,12.369999885559082,12.369999885559082
VISN,VISN,USD,2026-05-29,12.479999542236328,12.479999542236328
VISN,VISN,USD,2026-06-01,12.270000457763672,12.270000457763672
VISN,VISN,USD,2026-06-02,12.4399995803833,12.4399995803833
VISN,VISN,USD,2026-06-03,12.210000038146973,12.210000038146973
VISN,VISN,USD,2026-06-04,12.40999984741211,12.40999984741211
VISN,VISN,USD,2026-06-05,11.75,11.75
VISN,VISN,USD,2026-06-08,12.020000457763672,12.020000457763672
VISN,VISN,USD,2026-06-09,12.140000343322754,12.140000343322754
VISN,VISN,USD,2026-06-10,12.069999694824219,12.069999694824219
VISN,VISN,USD,2026-06-11,12.649999618530273,12.649999618530273
VISN,VISN,USD,2026-06-12,12.65999984741211,12.65999984741211
VISN,VISN,USD,2026-06-15,12.760000228881836,12.760000228881836
VISN,VISN,USD,2026-06-16,12.609999656677246,12.609999656677246
VISN,VISN,USD,2026-06-17,12.569999694824219,12.569999694824219
VISN,VISN,USD,2026-06-18,12.65999984741211,12.65999984741211
VISN,VISN,USD,2026-06-22,12.880000114440918,12.880000114440918
VISN,VISN,USD,2026-06-23,12.5,12.5
VISN,VISN,USD,2026-06-24,12.550000190734863,12.550000190734863
VISN,VISN,USD,2026-06-25,12.619999885559082,12.619999885559082
VISN,VISN,USD,2026-06-26,12.579999923706055,12.579999923706055
VISN,VISN,USD,2026-06-29,12.880000114440918,12.880000114440918
VISN,VISN,USD,2026-06-30,12.779999732971191,12.779999732971191
VISN,VISN,USD,2026-07-01,12.369999885559082,12.369999885559082
VISN,VISN,USD,2026-07-02,12.149999618530273,12.149999618530273
VISN,VISN,USD,2026-07-06,12.380000114440918,12.380000114440918
VISN,VISN,USD,2026-07-07,12.069999694824219,12.069999694824219
VISN,VISN,USD,2026-07-08,12.390000343322754,12.390000343322754
VISN,VISN,USD,2026-07-09,12.600000381469727,12.600000381469727
VISN,VISN,USD,2026-07-10,12.489999771118164,12.489999771118164
VRT,VRT,USD,2026-05-20,315.6043395996094,315.6700134277344
VRT,VRT,USD,2026-05-21,323.3327331542969,323.3999938964844
VRT,VRT,USD,2026-05-22,327.3918762207031,327.4599914550781
VRT,VRT,USD,2026-05-26,323.8426208496094,323.9100036621094
VRT,VRT,USD,2026-05-27,319.7134704589844,319.7799987792969
VRT,VRT,USD,2026-05-28,314.1146240234375,314.17999267578125
VRT,VRT,USD,2026-05-29,315.6443176269531,315.7099914550781
VRT,VRT,USD,2026-06-01,323.32275390625,323.3900146484375
VRT,VRT,USD,2026-06-02,334.42041015625,334.489990234375
VRT,VRT,USD,2026-06-03,331.3710632324219,331.44000244140625
VRT,VRT,USD,2026-06-04,323.8526306152344,323.9200134277344
VRT,VRT,USD,2026-06-05,300.447509765625,300.510009765625
VRT,VRT,USD,2026-06-08,300.5074768066406,300.57000732421875
VRT,VRT,USD,2026-06-09,289.45977783203125,289.5199890136719
VRT,VRT,USD,2026-06-10,280.92156982421875,280.9800109863281
VRT,VRT,USD,2026-06-11,297.81805419921875,297.8800048828125
VRT,VRT,USD,2026-06-12,302.8070068359375,302.8699951171875
VRT,VRT,USD,2026-06-15,311.92999267578125,311.92999267578125
VRT,VRT,USD,2026-06-16,299.6000061035156,299.6000061035156
VRT,VRT,USD,2026-06-17,317.5799865722656,317.5799865722656
VRT,VRT,USD,2026-06-18,333.04998779296875,333.04998779296875
VRT,VRT,USD,2026-06-22,357.9599914550781,357.9599914550781
VRT,VRT,USD,2026-06-23,318.32000732421875,318.32000732421875
VRT,VRT,USD,2026-06-24,316.42999267578125,316.42999267578125
VRT,VRT,USD,2026-06-25,325.57000732421875,325.57000732421875
VRT,VRT,USD,2026-06-26,303.95001220703125,303.95001220703125
VRT,VRT,USD,2026-06-29,306.9700012207031,306.9700012207031
VRT,VRT,USD,2026-06-30,334.82000732421875,334.82000732421875
VRT,VRT,USD,2026-07-01,311.4200134277344,311.4200134277344
VRT,VRT,USD,2026-07-02,300.5299987792969,300.5299987792969
VRT,VRT,USD,2026-07-06,318.4700012207031,318.4700012207031
VRT,VRT,USD,2026-07-07,305.5799865722656,305.5799865722656
VRT,VRT,USD,2026-07-08,317.80999755859375,317.80999755859375
VRT,VRT,USD,2026-07-09,323.9200134277344,323.9200134277344
VRT,VRT,USD,2026-07-10,318.8599853515625,318.8599853515625
VSH,VSH,USD,2026-05-20,40.09343338012695,40.15999984741211
VSH,VSH,USD,2026-05-21,42.10009765625,42.16999816894531
VSH,VSH,USD,2026-05-22,47.17168045043945,47.25
VSH,VSH,USD,2026-05-26,50.28650665283203,50.369998931884766
VSH,VSH,USD,2026-05-27,48.818946838378906,48.900001525878906
VSH,VSH,USD,2026-05-28,52.153411865234375,52.2400016784668
VSH,VSH,USD,2026-05-29,51.963722229003906,52.04999923706055
VSH,VSH,USD,2026-06-01,55.897193908691406,55.9900016784668
VSH,VSH,USD,2026-06-02,62.38642120361328,62.4900016784668
VSH,VSH,USD,2026-06-03,63.86396789550781,63.970001220703125
VSH,VSH,USD,2026-06-04,63.56446075439453,63.66999816894531
VSH,VSH,USD,2026-06-05,57.10519027709961,57.20000076293945
VSH,VSH,USD,2026-06-08,57.12515640258789,57.220001220703125
VSH,VSH,USD,2026-06-09,58.48290252685547,58.58000183105469
VSH,VSH,USD,2026-06-10,54.559417724609375,54.650001525878906
VSH,VSH,USD,2026-06-11,58.502864837646484,58.599998474121094
VSH,VSH,USD,2026-06-12,59.28157424926758,59.380001068115234
VSH,VSH,USD,2026-06-15,63.614383697509766,63.720001220703125
VSH,VSH,USD,2026-06-16,60.30986785888672,60.40999984741211
VSH,VSH,USD,2026-06-17,60.230003356933594,60.33000183105469
VSH,VSH,USD,2026-06-18,64.9000015258789,64.9000015258789
VSH,VSH,USD,2026-06-22,64.2699966430664,64.2699966430664
VSH,VSH,USD,2026-06-23,58.959999084472656,58.959999084472656
VSH,VSH,USD,2026-06-24,55.59000015258789,55.59000015258789
VSH,VSH,USD,2026-06-25,59.90999984741211,59.90999984741211
VSH,VSH,USD,2026-06-26,56.349998474121094,56.349998474121094
VSH,VSH,USD,2026-06-29,56.279998779296875,56.279998779296875
VSH,VSH,USD,2026-06-30,53.779998779296875,53.779998779296875
VSH,VSH,USD,2026-07-01,51.209999084472656,51.209999084472656
VSH,VSH,USD,2026-07-02,45.91999816894531,45.91999816894531
VSH,VSH,USD,2026-07-06,46.16999816894531,46.16999816894531
VSH,VSH,USD,2026-07-07,42.189998626708984,42.189998626708984
VSH,VSH,USD,2026-07-08,42.189998626708984,42.189998626708984
VSH,VSH,USD,2026-07-09,44.040000915527344,44.040000915527344
VSH,VSH,USD,2026-07-10,44.66999816894531,44.66999816894531
VST,VST,USD,2026-05-20,143.7986297607422,144.0
VST,VST,USD,2026-05-21,148.87152099609375,149.0800018310547
VST,VST,USD,2026-05-22,156.0514678955078,156.27000427246094
VST,VST,USD,2026-05-26,164.32986450195312,164.55999755859375
VST,VST,USD,2026-05-27,159.92604064941406,160.14999389648438
VST,VST,USD,2026-05-28,160.0558624267578,160.27999877929688
VST,VST,USD,2026-05-29,160.00592041015625,160.22999572753906
VST,VST,USD,2026-06-01,154.54356384277344,154.75999450683594
VST,VST,USD,2026-06-02,157.74908447265625,157.97000122070312
VST,VST,USD,2026-06-03,153.5849151611328,153.8000030517578
VST,VST,USD,2026-06-04,153.4850616455078,153.6999969482422
VST,VST,USD,2026-06-05,148.5519561767578,148.75999450683594
VST,VST,USD,2026-06-08,146.69456481933594,146.89999389648438
VST,VST,USD,2026-06-09,146.01551818847656,146.22000122070312
VST,VST,USD,2026-06-10,138.34625244140625,138.5399932861328
VST,VST,USD,2026-06-11,146.17530822753906,146.3800048828125
VST,VST,USD,2026-06-12,147.81300354003906,148.02000427246094
VST,VST,USD,2026-06-15,153.30531311035156,153.52000427246094
VST,VST,USD,2026-06-16,158.38819885253906,158.61000061035156
VST,VST,USD,2026-06-17,158.60787963867188,158.8300018310547
VST,VST,USD,2026-06-18,163.52101135253906,163.75
VST,VST,USD,2026-06-22,167.25999450683594,167.25999450683594
VST,VST,USD,2026-06-23,162.38999938964844,162.38999938964844
VST,VST,USD,2026-06-24,162.8699951171875,162.8699951171875
VST,VST,USD,2026-06-25,167.77000427246094,167.77000427246094
VST,VST,USD,2026-06-26,163.49000549316406,163.49000549316406
VST,VST,USD,2026-06-29,162.3800048828125,162.3800048828125
VST,VST,USD,2026-06-30,158.6300048828125,158.6300048828125
VST,VST,USD,2026-07-01,153.16000366210938,153.16000366210938
VST,VST,USD,2026-07-02,151.0500030517578,151.0500030517578
VST,VST,USD,2026-07-06,157.22000122070312,157.22000122070312
VST,VST,USD,2026-07-07,155.72999572753906,155.72999572753906
VST,VST,USD,2026-07-08,154.82000732421875,154.82000732421875
VST,VST,USD,2026-07-09,157.97999572753906,157.97999572753906
VST,VST,USD,2026-07-10,158.86000061035156,158.86000061035156
WDC,WDC,USD,2026-05-20,459.50018310546875,459.6199951171875
WDC,WDC,USD,2026-05-21,486.33319091796875,486.4599914550781
WDC,WDC,USD,2026-05-22,484.1537780761719,484.2799987792969
WDC,WDC,USD,2026-05-26,524.5132446289062,524.6500244140625
WDC,WDC,USD,2026-05-27,530.461669921875,530.5999755859375
WDC,WDC,USD,2026-05-28,531.0415649414062,531.1799926757812
WDC,WDC,USD,2026-05-29,531.071533203125,531.2100219726562
WDC,WDC,USD,2026-06-01,546.0576171875,546.2000122070312
WDC,WDC,USD,2026-06-02,562.9531860351562,563.0999755859375
WDC,WDC,USD,2026-06-03,593.9551391601562,594.1099853515625
WDC,WDC,USD,2026-06-04,575.3499755859375,575.5
WDC,WDC,USD,2026-06-05,511.7200012207031,511.7200012207031
WDC,WDC,USD,2026-06-08,526.9299926757812,526.9299926757812
WDC,WDC,USD,2026-06-09,517.719970703125,517.719970703125
WDC,WDC,USD,2026-06-10,490.0899963378906,490.0899963378906
WDC,WDC,USD,2026-06-11,529.2899780273438,529.2899780273438
WDC,WDC,USD,2026-06-12,562.9299926757812,562.9299926757812
WDC,WDC,USD,2026-06-15,653.530029296875,653.530029296875
WDC,WDC,USD,2026-06-16,681.0800170898438,681.0800170898438
WDC,WDC,USD,2026-06-17,712.1300048828125,712.1300048828125
WDC,WDC,USD,2026-06-18,746.22998046875,746.22998046875
WDC,WDC,USD,2026-06-22,732.6199951171875,732.6199951171875
WDC,WDC,USD,2026-06-23,670.75,670.75
WDC,WDC,USD,2026-06-24,643.8300170898438,643.8300170898438
WDC,WDC,USD,2026-06-25,675.3900146484375,675.3900146484375
WDC,WDC,USD,2026-06-26,586.4500122070312,586.4500122070312
WDC,WDC,USD,2026-06-29,651.8800048828125,651.8800048828125
WDC,WDC,USD,2026-06-30,638.719970703125,638.719970703125
WDC,WDC,USD,2026-07-01,598.3699951171875,598.3699951171875
WDC,WDC,USD,2026-07-02,539.0,539.0
WDC,WDC,USD,2026-07-06,577.4600219726562,577.4600219726562
WDC,WDC,USD,2026-07-07,532.0999755859375,532.0999755859375
WDC,WDC,USD,2026-07-08,550.2999877929688,550.2999877929688
WDC,WDC,USD,2026-07-09,578.0499877929688,578.0499877929688
WDC,WDC,USD,2026-07-10,582.5900268554688,582.5900268554688
WOLF,WOLF,USD,2026-05-20,58.619998931884766,58.619998931884766
WOLF,WOLF,USD,2026-05-21,69.5,69.5
WOLF,WOLF,USD,2026-05-22,69.88999938964844,69.88999938964844
WOLF,WOLF,USD,2026-05-26,73.5,73.5
WOLF,WOLF,USD,2026-05-27,63.2599983215332,63.2599983215332
WOLF,WOLF,USD,2026-05-28,65.05000305175781,65.05000305175781
WOLF,WOLF,USD,2026-05-29,59.279998779296875,59.279998779296875
WOLF,WOLF,USD,2026-06-01,52.95000076293945,52.95000076293945
WOLF,WOLF,USD,2026-06-02,61.060001373291016,61.060001373291016
WOLF,WOLF,USD,2026-06-03,61.66999816894531,61.66999816894531
WOLF,WOLF,USD,2026-06-04,67.05999755859375,67.05999755859375
WOLF,WOLF,USD,2026-06-05,55.060001373291016,55.060001373291016
WOLF,WOLF,USD,2026-06-08,55.41999816894531,55.41999816894531
WOLF,WOLF,USD,2026-06-09,48.779998779296875,48.779998779296875
WOLF,WOLF,USD,2026-06-10,43.41999816894531,43.41999816894531
WOLF,WOLF,USD,2026-06-11,45.540000915527344,45.540000915527344
WOLF,WOLF,USD,2026-06-12,43.13999938964844,43.13999938964844
WOLF,WOLF,USD,2026-06-15,49.09000015258789,49.09000015258789
WOLF,WOLF,USD,2026-06-16,45.0,45.0
WOLF,WOLF,USD,2026-06-17,48.689998626708984,48.689998626708984
WOLF,WOLF,USD,2026-06-18,57.40999984741211,57.40999984741211
WOLF,WOLF,USD,2026-06-22,52.970001220703125,52.970001220703125
WOLF,WOLF,USD,2026-06-23,48.90999984741211,48.90999984741211
WOLF,WOLF,USD,2026-06-24,45.869998931884766,45.869998931884766
WOLF,WOLF,USD,2026-06-25,47.790000915527344,47.790000915527344
WOLF,WOLF,USD,2026-06-26,45.970001220703125,45.970001220703125
WOLF,WOLF,USD,2026-06-29,44.2400016784668,44.2400016784668
WOLF,WOLF,USD,2026-06-30,48.25,48.25
WOLF,WOLF,USD,2026-07-01,44.560001373291016,44.560001373291016
WOLF,WOLF,USD,2026-07-02,40.0,40.0
WOLF,WOLF,USD,2026-07-06,39.470001220703125,39.470001220703125
WOLF,WOLF,USD,2026-07-07,36.0,36.0
WOLF,WOLF,USD,2026-07-08,35.86000061035156,35.86000061035156
WOLF,WOLF,USD,2026-07-09,37.25,37.25
WOLF,WOLF,USD,2026-07-10,35.290000915527344,35.290000915527344
