ticker,company,layer,report_date,observation_start_date,observation_start_close,observation_start_adj_close,last_date,last_close,last_adj_close,adjusted_return,price_return,next_session,next_session_open,next_open_return,next_close_return,source_path,price_url
DELL,Dell Technologies,排序,2026-07-13,2026-07-13,427.1099853515625,426.4053649902344,2026-09-04,524.1400146484375,524.1400146484375,0.22920595677880717,0.22717808673334505,2026-07-14,441.8999938964844,0.1880655017170063,0.14745405462355965,历史28榜见historical_rankings.csv,https://query1.finance.yahoo.com/v8/finance/chart/DELL?period1=1767225600&period2=1788566400&interval=1d&events=div%2Csplits
DELL,Dell Technologies,公司对比,2026-07-14,2026-07-14,457.5400085449219,456.7851867675781,2026-09-04,524.1400146484375,524.1400146484375,0.14745405462355965,0.1455610544645447,2026-07-15,459.4500122070313,0.14268391951876902,0.2721870458695672,公司对比历史原文见company_comparison_historical_sources.csv,https://query1.finance.yahoo.com/v8/finance/chart/DELL?period1=1767225600&period2=1788566400&interval=1d&events=div%2Csplits
DELL,Dell Technologies,情景决策,2026-07-15,2026-07-15,412.6799926757813,411.9991760253906,2026-09-04,524.1400146484375,524.1400146484375,0.2721870458695672,0.27008826197257374,2026-07-16,404.489990234375,0.29794588493838026,0.34142294387438277,D:\drive\Investment\分析报告\公司情景投资决策\结果\DELL_经营情景市场状态投资决策_2026-07-15.md,https://query1.finance.yahoo.com/v8/finance/chart/DELL?period1=1767225600&period2=1788566400&interval=1d&events=div%2Csplits
DELL,Dell Technologies,经营评估,2026-07-12,2026-07-13,427.1099853515625,426.4053649902344,2026-09-04,524.1400146484375,524.1400146484375,0.22920595677880717,0.22717808673334505,2026-07-13,432.4500122070313,0.2140273404420856,0.22920595677880717,D:\drive\Investment\分析报告\公司评估_淘汰\结果\DELL_Dell_Technologies_收入传导估值评估_2026-07-12.md,https://query1.finance.yahoo.com/v8/finance/chart/DELL?period1=1767225600&period2=1788566400&interval=1d&events=div%2Csplits
FN,Fabrinet,排序,2026-07-13,2026-07-13,474.6400146484375,474.6400146484375,2026-09-04,407.3999938964844,407.3999938964844,-0.14166530144273093,-0.14166530144273093,2026-07-14,490.9299926757813,-0.17014645677690665,-0.15613738156802248,历史28榜见historical_rankings.csv,https://query1.finance.yahoo.com/v8/finance/chart/FN?period1=1767225600&period2=1788566400&interval=1d&events=div%2Csplits
FN,Fabrinet,公司对比,2026-07-14,2026-07-14,482.7799987792969,482.7799987792969,2026-09-04,407.3999938964844,407.3999938964844,-0.15613738156802248,-0.15613738156802248,2026-07-15,486.9800109863281,-0.16341536673889878,-0.1628480447836137,公司对比历史原文见company_comparison_historical_sources.csv,https://query1.finance.yahoo.com/v8/finance/chart/FN?period1=1767225600&period2=1788566400&interval=1d&events=div%2Csplits
FN,Fabrinet,情景决策,2026-07-15,2026-07-15,486.6499938964844,486.6499938964844,2026-09-04,407.3999938964844,407.3999938964844,-0.1628480447836137,-0.1628480447836137,2026-07-16,475.0,-0.14231580232319074,-0.11471350586683682,D:\drive\Investment\分析报告\公司情景投资决策\结果\FN_经营情景市场状态投资决策_2026-07-15.md,https://query1.finance.yahoo.com/v8/finance/chart/FN?period1=1767225600&period2=1788566400&interval=1d&events=div%2Csplits
FN,Fabrinet,经营评估,2026-07-12,2026-07-13,474.6400146484375,474.6400146484375,2026-09-04,407.3999938964844,407.3999938964844,-0.14166530144273093,-0.14166530144273093,2026-07-13,464.4200134277344,-0.122776835370215,-0.14166530144273093,D:\drive\Investment\分析报告\公司评估_淘汰\结果\FN_Fabrinet_收入传导估值评估_2026-07-12.md,https://query1.finance.yahoo.com/v8/finance/chart/FN?period1=1767225600&period2=1788566400&interval=1d&events=div%2Csplits
HPE,惠普企业,排序,2026-07-13,2026-07-13,47.2400016784668,47.2400016784668,2026-09-04,52.0,52.0,0.10076202693495939,0.10076202693495939,2026-07-14,48.86000061035156,0.06426523435169984,0.04923322354918169,历史28榜见historical_rankings.csv,https://query1.finance.yahoo.com/v8/finance/chart/HPE?period1=1767225600&period2=1788566400&interval=1d&events=div%2Csplits
HPE,惠普企业,公司对比,2026-07-14,2026-07-14,49.560001373291016,49.560001373291016,2026-09-04,52.0,52.0,0.04923322354918169,0.04923322354918169,2026-07-15,50.310001373291016,0.033591703052629596,0.097277920863585,公司对比历史原文见company_comparison_historical_sources.csv,https://query1.finance.yahoo.com/v8/finance/chart/HPE?period1=1767225600&period2=1788566400&interval=1d&events=div%2Csplits
HPE,惠普企业,情景决策,2026-07-15,2026-07-15,47.38999938964844,47.38999938964844,2026-09-04,52.0,52.0,0.097277920863585,0.097277920863585,2026-07-16,47.25,0.10052910052910047,0.15222687279612068,D:\drive\Investment\分析报告\公司情景投资决策\结果\备份\HPE_2026-08-19T12_34_38-07_00-04bf641c36\HPE_经营情景市场状态投资决策_2026-07-15.md,https://query1.finance.yahoo.com/v8/finance/chart/HPE?period1=1767225600&period2=1788566400&interval=1d&events=div%2Csplits
HPE,惠普企业,经营评估,2026-07-12,2026-07-13,47.2400016784668,47.2400016784668,2026-09-04,52.0,52.0,0.10076202693495939,0.10076202693495939,2026-07-13,48.18999862670898,0.07906207681814204,0.10076202693495939,D:\drive\Investment\分析报告\公司评估_淘汰\备份\HPE_2026-08-19T11_52_18-07_00-2fdc8883f0\HPE_惠普企业_收入传导估值评估_2026-07-12.md,https://query1.finance.yahoo.com/v8/finance/chart/HPE?period1=1767225600&period2=1788566400&interval=1d&events=div%2Csplits
JBL,Jabil Inc,排序,2026-07-13,2026-07-13,321.9599914550781,321.89044189453125,2026-09-04,310.57000732421875,310.57000732421875,-0.03516859495325331,-0.03537701712372099,2026-07-14,329.9200134277344,-0.05844723985618927,-0.04951627101151823,历史28榜见historical_rankings.csv,https://query1.finance.yahoo.com/v8/finance/chart/JBL?period1=1767225600&period2=1788566400&interval=1d&events=div%2Csplits
JBL,Jabil Inc,公司对比,2026-07-14,2026-07-14,326.82000732421875,326.7494201660156,2026-09-04,310.57000732421875,310.57000732421875,-0.04951627101151823,-0.04972155815381074,2026-07-15,330.0,-0.05867545040335376,-0.026765121576920903,公司对比历史原文见company_comparison_historical_sources.csv,https://query1.finance.yahoo.com/v8/finance/chart/JBL?period1=1767225600&period2=1788566400&interval=1d&events=div%2Csplits
JBL,Jabil Inc,情景决策,2026-07-15,2026-07-15,319.17999267578125,319.1110534667969,2026-09-04,310.57000732421875,310.57000732421875,-0.026765121576920903,-0.02697532912192402,2026-07-16,313.75,-0.00992161098044353,0.011649505063288546,D:\drive\Investment\分析报告\公司情景投资决策\结果\JBL_经营情景市场状态投资决策_2026-07-15.md,https://query1.finance.yahoo.com/v8/finance/chart/JBL?period1=1767225600&period2=1788566400&interval=1d&events=div%2Csplits
JBL,Jabil Inc,经营评估,2026-07-12,2026-07-13,321.9599914550781,321.89044189453125,2026-09-04,310.57000732421875,310.57000732421875,-0.03516859495325331,-0.03537701712372099,2026-07-13,325.3399963378906,-0.045192369763780826,-0.03516859495325331,D:\drive\Investment\分析报告\公司评估_淘汰\结果\JBL_Jabil_Inc_收入传导估值评估_2026-07-12.md,https://query1.finance.yahoo.com/v8/finance/chart/JBL?period1=1767225600&period2=1788566400&interval=1d&events=div%2Csplits
MRAM,Everspin Technologies,排序,2026-07-13,2026-07-13,16.93000030517578,16.93000030517578,2026-09-04,16.3700008392334,16.3700008392334,-0.03307734529521433,-0.03307734529521433,2026-07-14,17.93000030517578,-0.08700498825379632,-0.0640365321064359,历史28榜见historical_rankings.csv,https://query1.finance.yahoo.com/v8/finance/chart/MRAM?period1=1767225600&period2=1788566400&interval=1d&events=div%2Csplits
MRAM,Everspin Technologies,公司对比,2026-07-14,2026-07-14,17.489999771118164,17.489999771118164,2026-09-04,16.3700008392334,16.3700008392334,-0.0640365321064359,-0.0640365321064359,2026-07-15,17.75,-0.07774643159248462,-0.0018291939021132242,公司对比历史原文见company_comparison_historical_sources.csv,https://query1.finance.yahoo.com/v8/finance/chart/MRAM?period1=1767225600&period2=1788566400&interval=1d&events=div%2Csplits
MRAM,Everspin Technologies,情景决策,2026-07-15,2026-07-15,16.399999618530273,16.399999618530273,2026-09-04,16.3700008392334,16.3700008392334,-0.0018291939021132242,-0.0018291939021132242,2026-07-16,15.734999656677246,0.040355970537735875,0.11550259805575225,D:\drive\Investment\分析报告\公司情景投资决策\结果\MRAM_经营情景市场状态投资决策_2026-07-15.md,https://query1.finance.yahoo.com/v8/finance/chart/MRAM?period1=1767225600&period2=1788566400&interval=1d&events=div%2Csplits
MRAM,Everspin Technologies,经营评估,2026-07-12,2026-07-13,16.93000030517578,16.93000030517578,2026-09-04,16.3700008392334,16.3700008392334,-0.03307734529521433,-0.03307734529521433,2026-07-13,17.65999984741211,-0.073046377085204,-0.03307734529521433,D:\drive\Investment\分析报告\公司评估_淘汰\结果\MRAM_Everspin_Technologies_收入传导估值评估_2026-07-12.md,https://query1.finance.yahoo.com/v8/finance/chart/MRAM?period1=1767225600&period2=1788566400&interval=1d&events=div%2Csplits
NTAP,NetApp,排序,2026-07-13,2026-07-13,163.92999267578125,163.92999267578125,2026-09-04,185.58999633789065,185.58999633789065,0.13212959574120342,0.13212959574120342,2026-07-14,166.3699951171875,0.11552564635927887,0.06324831333780745,历史28榜见historical_rankings.csv,https://query1.finance.yahoo.com/v8/finance/chart/NTAP?period1=1767225600&period2=1788566400&interval=1d&events=div%2Csplits
NTAP,NetApp,公司对比,2026-07-14,2026-07-14,174.5500030517578,174.5500030517578,2026-09-04,185.58999633789065,185.58999633789065,0.06324831333780745,0.06324831333780745,2026-07-15,175.4199981689453,0.057975135532442046,0.14491048334306988,公司对比历史原文见company_comparison_historical_sources.csv,https://query1.finance.yahoo.com/v8/finance/chart/NTAP?period1=1767225600&period2=1788566400&interval=1d&events=div%2Csplits
NTAP,NetApp,情景决策,2026-07-15,2026-07-15,162.10000610351562,162.10000610351562,2026-09-04,185.58999633789065,185.58999633789065,0.14491048334306988,0.14491048334306988,2026-07-16,161.60000610351562,0.14845290425922286,0.16218920095506717,D:\drive\Investment\分析报告\公司情景投资决策\结果\备份\NTAP_2026-07-18T18_52_37-07_00-e16244ba15\NTAP_经营情景市场状态投资决策_2026-07-15.md,https://query1.finance.yahoo.com/v8/finance/chart/NTAP?period1=1767225600&period2=1788566400&interval=1d&events=div%2Csplits
NTAP,NetApp,经营评估,2026-07-12,2026-07-13,163.92999267578125,163.92999267578125,2026-09-04,185.58999633789065,185.58999633789065,0.13212959574120342,0.13212959574120342,2026-07-13,168.19000244140625,0.10345438875028368,0.13212959574120342,D:\drive\Investment\分析报告\公司评估_淘汰\备份\NTAP_2026-07-18T15_27_31-07_00-884f8ea661\NTAP_NetApp_收入传导估值评估_2026-07-12.md,https://query1.finance.yahoo.com/v8/finance/chart/NTAP?period1=1767225600&period2=1788566400&interval=1d&events=div%2Csplits
PENG,Penguin Solutions,排序,2026-07-13,2026-07-13,77.20999908447266,77.20999908447266,2026-09-04,51.7599983215332,51.7599983215332,-0.32962052926714236,-0.32962052926714236,2026-07-14,79.12000274658203,-0.34580388618895463,-0.3347044178507428,历史28榜见historical_rankings.csv,https://query1.finance.yahoo.com/v8/finance/chart/PENG?period1=1767225600&period2=1788566400&interval=1d&events=div%2Csplits
PENG,Penguin Solutions,公司对比,2026-07-14,2026-07-14,77.80000305175781,77.80000305175781,2026-09-04,51.7599983215332,51.7599983215332,-0.3347044178507428,-0.3347044178507428,2026-07-15,81.5999984741211,-0.36568628321790286,-0.2894989786455494,公司对比历史原文见company_comparison_historical_sources.csv,https://query1.finance.yahoo.com/v8/finance/chart/PENG?period1=1767225600&period2=1788566400&interval=1d&events=div%2Csplits
PENG,Penguin Solutions,情景决策,2026-07-15,2026-07-15,72.8499984741211,72.8499984741211,2026-09-04,51.7599983215332,51.7599983215332,-0.2894989786455494,-0.2894989786455494,2026-07-16,70.0199966430664,-0.2607826220645979,-0.21540097978216266,D:\drive\Investment\分析报告\公司情景投资决策\结果\PENG_经营情景市场状态投资决策_2026-07-15.md,https://query1.finance.yahoo.com/v8/finance/chart/PENG?period1=1767225600&period2=1788566400&interval=1d&events=div%2Csplits
PENG,Penguin Solutions,经营评估,2026-07-12,2026-07-13,77.20999908447266,77.20999908447266,2026-09-04,51.7599983215332,51.7599983215332,-0.32962052926714236,-0.32962052926714236,2026-07-13,75.37999725341797,-0.31334571229125063,-0.32962052926714236,D:\drive\Investment\分析报告\公司评估_淘汰\结果\PENG_Penguin_Solutions_收入传导估值评估_2026-07-12.md,https://query1.finance.yahoo.com/v8/finance/chart/PENG?period1=1767225600&period2=1788566400&interval=1d&events=div%2Csplits
SANM,Sanmina Corporation,排序,2026-07-13,2026-07-13,201.8000030517578,201.8000030517578,2026-09-04,198.47000122070312,198.47000122070312,-0.01650149544448032,-0.01650149544448032,2026-07-14,209.8500061035156,-0.05422923303227778,-0.043932729312943675,历史28榜见historical_rankings.csv,https://query1.finance.yahoo.com/v8/finance/chart/SANM?period1=1767225600&period2=1788566400&interval=1d&events=div%2Csplits
SANM,Sanmina Corporation,公司对比,2026-07-14,2026-07-14,207.58999633789065,207.58999633789065,2026-09-04,198.47000122070312,198.47000122070312,-0.043932729312943675,-0.043932729312943675,2026-07-15,210.27999877929688,-0.056163199672590536,-0.04273380857620035,公司对比历史原文见company_comparison_historical_sources.csv,https://query1.finance.yahoo.com/v8/finance/chart/SANM?period1=1767225600&period2=1788566400&interval=1d&events=div%2Csplits
SANM,Sanmina Corporation,情景决策,2026-07-15,2026-07-15,207.3300018310547,207.3300018310547,2026-09-04,198.47000122070312,198.47000122070312,-0.04273380857620035,-0.04273380857620035,2026-07-16,202.3999938964844,-0.01941696044611163,0.002120667318725289,D:\drive\Investment\分析报告\公司情景投资决策\结果\SANM_经营情景市场状态投资决策_2026-07-15.md,https://query1.finance.yahoo.com/v8/finance/chart/SANM?period1=1767225600&period2=1788566400&interval=1d&events=div%2Csplits
SANM,Sanmina Corporation,经营评估,2026-07-12,2026-07-13,201.8000030517578,201.8000030517578,2026-09-04,198.47000122070312,198.47000122070312,-0.01650149544448032,-0.01650149544448032,2026-07-13,205.6199951171875,-0.03477285315763878,-0.01650149544448032,D:\drive\Investment\分析报告\公司评估_淘汰\结果\SANM_Sanmina_Corporation_收入传导估值评估_2026-07-12.md,https://query1.finance.yahoo.com/v8/finance/chart/SANM?period1=1767225600&period2=1788566400&interval=1d&events=div%2Csplits
SMCI,Super Micro Computer Inc,排序,2026-07-13,2026-07-13,27.65999984741211,27.65999984741211,2026-09-04,39.59000015258789,39.59000015258789,0.4313087625086145,0.4313087625086145,2026-07-14,27.959999084472656,0.41595141090594145,0.431826426719216,历史28榜见historical_rankings.csv,https://query1.finance.yahoo.com/v8/finance/chart/SMCI?period1=1767225600&period2=1788566400&interval=1d&events=div%2Csplits
SMCI,Super Micro Computer Inc,公司对比,2026-07-14,2026-07-14,27.649999618530277,27.649999618530277,2026-09-04,39.59000015258789,39.59000015258789,0.431826426719216,0.431826426719216,2026-07-15,28.11000061035156,0.40839556360624196,0.4722945723765406,公司对比历史原文见company_comparison_historical_sources.csv,https://query1.finance.yahoo.com/v8/finance/chart/SMCI?period1=1767225600&period2=1788566400&interval=1d&events=div%2Csplits
SMCI,Super Micro Computer Inc,情景决策,2026-07-15,2026-07-15,26.88999938964844,26.88999938964844,2026-09-04,39.59000015258789,39.59000015258789,0.4722945723765406,0.4722945723765406,2026-07-16,26.520000457763672,0.4928355757625187,0.6041328874815795,D:\drive\Investment\分析报告\公司情景投资决策\结果\SMCI_经营情景市场状态投资决策_2026-07-15.md,https://query1.finance.yahoo.com/v8/finance/chart/SMCI?period1=1767225600&period2=1788566400&interval=1d&events=div%2Csplits
SMCI,Super Micro Computer Inc,经营评估,2026-07-12,2026-07-13,27.65999984741211,27.65999984741211,2026-09-04,39.59000015258789,39.59000015258789,0.4313087625086145,0.4313087625086145,2026-07-13,27.63999938964844,0.43234446551452854,0.4313087625086145,D:\drive\Investment\分析报告\公司评估_淘汰\结果\SMCI_Super_Micro_Computer_Inc_收入传导估值评估_2026-07-12.md,https://query1.finance.yahoo.com/v8/finance/chart/SMCI?period1=1767225600&period2=1788566400&interval=1d&events=div%2Csplits
STX,Seagate Technology,排序,2026-07-13,2026-07-13,860.6599731445312,860.6599731445312,2026-09-04,849.280029296875,849.280029296875,-0.01322234587729021,-0.01322234587729021,2026-07-14,901.1400146484376,-0.05754930921782975,-0.03305207539753874,历史28榜见historical_rankings.csv,https://query1.finance.yahoo.com/v8/finance/chart/STX?period1=1767225600&period2=1788566400&interval=1d&events=div%2Csplits
STX,Seagate Technology,公司对比,2026-07-14,2026-07-14,878.3099975585938,878.3099975585938,2026-09-04,849.280029296875,849.280029296875,-0.03305207539753874,-0.03305207539753874,2026-07-15,889.02001953125,-0.044700894649513656,0.0253290375625963,公司对比历史原文见company_comparison_historical_sources.csv,https://query1.finance.yahoo.com/v8/finance/chart/STX?period1=1767225600&period2=1788566400&interval=1d&events=div%2Csplits
STX,Seagate Technology,情景决策,2026-07-15,2026-07-15,828.2999877929688,828.2999877929688,2026-09-04,849.280029296875,849.280029296875,0.0253290375625963,0.0253290375625963,2026-07-16,785.1099853515625,0.08173382728864165,0.1392239204041752,D:\drive\Investment\分析报告\公司情景投资决策\结果\备份\STX_2026-08-19T12_34_50-07_00-83185a930e\STX_经营情景市场状态投资决策_2026-07-15.md,https://query1.finance.yahoo.com/v8/finance/chart/STX?period1=1767225600&period2=1788566400&interval=1d&events=div%2Csplits
STX,Seagate Technology,经营评估,2026-07-12,2026-07-13,860.6599731445312,860.6599731445312,2026-09-04,849.280029296875,849.280029296875,-0.01322234587729021,-0.01322234587729021,2026-07-13,869.5999755859375,-0.023367004208309616,-0.01322234587729021,D:\drive\Investment\分析报告\公司评估_淘汰\备份\STX_2026-08-19T11_52_28-07_00-61484ff6ca\STX_Seagate_Technology_收入传导估值评估_2026-07-12.md,https://query1.finance.yahoo.com/v8/finance/chart/STX?period1=1767225600&period2=1788566400&interval=1d&events=div%2Csplits
WDC,WesternDigital,排序,2026-07-13,2026-07-13,555.5499877929688,555.5499877929688,2026-09-04,467.4599914550781,467.4599914550781,-0.15856358252809155,-0.15856358252809155,2026-07-14,587.6500244140625,-0.2045265514603256,-0.17016973411698544,历史28榜见historical_rankings.csv,https://query1.finance.yahoo.com/v8/finance/chart/WDC?period1=1767225600&period2=1788566400&interval=1d&events=div%2Csplits
WDC,WesternDigital,公司对比,2026-07-14,2026-07-14,563.3200073242188,563.3200073242188,2026-09-04,467.4599914550781,467.4599914550781,-0.17016973411698544,-0.17016973411698544,2026-07-15,562.6400146484375,-0.16916682197378385,-0.09026162419502648,公司对比历史原文见company_comparison_historical_sources.csv,https://query1.finance.yahoo.com/v8/finance/chart/WDC?period1=1767225600&period2=1788566400&interval=1d&events=div%2Csplits
WDC,WesternDigital,情景决策,2026-07-15,2026-07-15,513.8400268554688,513.8400268554688,2026-09-04,467.4599914550781,467.4599914550781,-0.09026162419502648,-0.09026162419502648,2026-07-16,486.6799926757813,-0.03949207181300185,0.001392416400427976,D:\drive\Investment\分析报告\公司情景投资决策\结果\备份\WDC_2026-08-19T12_34_50-07_00-83185a930e\WDC_经营情景市场状态投资决策_2026-07-15.md,https://query1.finance.yahoo.com/v8/finance/chart/WDC?period1=1767225600&period2=1788566400&interval=1d&events=div%2Csplits
WDC,WesternDigital,经营评估,2026-07-12,2026-07-13,555.5499877929688,555.5499877929688,2026-09-04,467.4599914550781,467.4599914550781,-0.15856358252809155,-0.15856358252809155,2026-07-13,551.6699829101562,-0.1526455925893513,-0.15856358252809155,D:\drive\Investment\分析报告\公司评估_淘汰\备份\WDC_2026-08-19T11_52_29-07_00-9c7fbfd3a7\WDC_WesternDigital_收入传导估值评估_2026-07-12.md,https://query1.finance.yahoo.com/v8/finance/chart/WDC?period1=1767225600&period2=1788566400&interval=1d&events=div%2Csplits
CLS,Celestica Inc,排序,2026-07-13,2026-07-13,345.17999267578125,345.17999267578125,2026-09-04,312.3500061035156,312.3500061035156,-0.09510976090407997,-0.09510976090407997,2026-07-14,353.739990234375,-0.11700679955194182,-0.09471638057966503,历史28榜见historical_rankings.csv,https://query1.finance.yahoo.com/v8/finance/chart/CLS?period1=1767225600&period2=1788566400&interval=1d&events=div%2Csplits
CLS,Celestica Inc,公司对比,2026-07-14,2026-07-14,345.0299987792969,345.0299987792969,2026-09-04,312.3500061035156,312.3500061035156,-0.09471638057966503,-0.09471638057966503,2026-07-15,349.70001220703125,-0.10680584729692111,-0.06697130461488476,公司对比历史原文见company_comparison_historical_sources.csv,https://query1.finance.yahoo.com/v8/finance/chart/CLS?period1=1767225600&period2=1788566400&interval=1d&events=div%2Csplits
CLS,Celestica Inc,情景决策,2026-07-15,2026-07-15,334.7699890136719,334.7699890136719,2026-09-04,312.3500061035156,312.3500061035156,-0.06697130461488476,-0.06697130461488476,2026-07-16,328.4599914550781,-0.04904702481478873,0.027940568555383294,D:\drive\Investment\分析报告\公司情景投资决策\结果\CLS_经营情景市场状态投资决策_2026-07-15.md,https://query1.finance.yahoo.com/v8/finance/chart/CLS?period1=1767225600&period2=1788566400&interval=1d&events=div%2Csplits
CLS,Celestica Inc,经营评估,2026-07-12,2026-07-13,345.17999267578125,345.17999267578125,2026-09-04,312.3500061035156,312.3500061035156,-0.09510976090407997,-0.09510976090407997,2026-07-13,350.29998779296875,-0.1083356637508135,-0.09510976090407997,D:\drive\Investment\分析报告\公司评估_淘汰\结果\CLS_Celestica_Inc_收入传导估值评估_2026-07-12.md,https://query1.finance.yahoo.com/v8/finance/chart/CLS?period1=1767225600&period2=1788566400&interval=1d&events=div%2Csplits
FLEX,Flex Ltd,排序,2026-07-13,2026-07-13,129.5,129.5,2026-09-04,109.51000213623048,109.51000213623048,-0.15436291786694611,-0.15436291786694611,2026-07-14,135.16000366210938,-0.1897750875325671,-0.17188447075577729,历史28榜见historical_rankings.csv,https://query1.finance.yahoo.com/v8/finance/chart/FLEX?period1=1767225600&period2=1788566400&interval=1d&events=div%2Csplits
FLEX,Flex Ltd,公司对比,2026-07-14,2026-07-14,132.24000549316406,132.24000549316406,2026-09-04,109.51000213623048,109.51000213623048,-0.17188447075577729,-0.17188447075577729,2026-07-15,135.0,-0.18881479899088527,-0.14923864902343498,公司对比历史原文见company_comparison_historical_sources.csv,https://query1.finance.yahoo.com/v8/finance/chart/FLEX?period1=1767225600&period2=1788566400&interval=1d&events=div%2Csplits
FLEX,Flex Ltd,情景决策,2026-07-15,2026-07-15,128.72000122070312,128.72000122070312,2026-09-04,109.51000213623048,109.51000213623048,-0.14923864902343498,-0.14923864902343498,2026-07-16,124.61000061035156,-0.12117806275708098,-0.09585535293161307,D:\drive\Investment\分析报告\公司情景投资决策\结果\FLEX_经营情景市场状态投资决策_2026-07-15.md,https://query1.finance.yahoo.com/v8/finance/chart/FLEX?period1=1767225600&period2=1788566400&interval=1d&events=div%2Csplits
FLEX,Flex Ltd,经营评估,2026-07-12,2026-07-13,129.5,129.5,2026-09-04,109.51000213623048,109.51000213623048,-0.15436291786694611,-0.15436291786694611,2026-07-13,132.5,-0.17350941783976992,-0.15436291786694611,D:\drive\Investment\分析报告\公司评估_淘汰\结果\FLEX_Flex_Ltd_收入传导估值评估_2026-07-12.md,https://query1.finance.yahoo.com/v8/finance/chart/FLEX?period1=1767225600&period2=1788566400&interval=1d&events=div%2Csplits
MU,Micron Technology 美光科技,排序,2026-07-13,2026-07-13,937.0,937.0,2026-09-04,1016.5900268554688,1016.5900268554688,0.08494133068886733,0.08494133068886733,2026-07-14,988.3800048828124,0.028541676109687275,0.03404470655109759,历史28榜见historical_rankings.csv,https://query1.finance.yahoo.com/v8/finance/chart/MU?period1=1767225600&period2=1788566400&interval=1d&events=div%2Csplits
MU,Micron Technology 美光科技,公司对比,2026-07-14,2026-07-14,983.1199951171876,983.1199951171876,2026-09-04,1016.5900268554688,1016.5900268554688,0.03404470655109759,0.03404470655109759,2026-07-15,975.8099975585938,0.04179095254086729,0.12419825045336963,公司对比历史原文见company_comparison_historical_sources.csv,https://query1.finance.yahoo.com/v8/finance/chart/MU?period1=1767225600&period2=1788566400&interval=1d&events=div%2Csplits
MU,Micron Technology 美光科技,情景决策,2026-07-15,2026-07-15,904.280029296875,904.280029296875,2026-09-04,1016.5900268554688,1016.5900268554688,0.12419825045336963,0.12419825045336963,2026-07-16,866.77001953125,0.17284862645023358,0.1915025929568206,D:\drive\Investment\分析报告\公司情景投资决策\结果\备份\MU_2026-08-19T12_34_44-07_00-4699b1730b\MU_经营情景市场状态投资决策_2026-07-15.md,https://query1.finance.yahoo.com/v8/finance/chart/MU?period1=1767225600&period2=1788566400&interval=1d&events=div%2Csplits
MU,Micron Technology 美光科技,经营评估,2026-07-12,2026-07-13,937.0,937.0,2026-09-04,1016.5900268554688,1016.5900268554688,0.08494133068886733,0.08494133068886733,2026-07-13,929.0,0.09428420544183935,0.08494133068886733,D:\drive\Investment\分析报告\公司评估_淘汰\备份\MU_2026-08-19T11_52_24-07_00-2cc2c0509c\MU_Micron_Technology_美光科技_收入传导估值评估_2026-07-12.md,https://query1.finance.yahoo.com/v8/finance/chart/MU?period1=1767225600&period2=1788566400&interval=1d&events=div%2Csplits
P,Everpure,排序,2026-07-13,2026-07-13,75.36000061035156,75.36000061035156,2026-09-04,99.51000213623048,99.51000213623048,0.3204618010918865,0.3204618010918865,2026-07-14,76.80999755859375,0.29553450461081265,0.2918343984574421,历史28榜见historical_rankings.csv,https://query1.finance.yahoo.com/v8/finance/chart/P?period1=1767225600&period2=1788566400&interval=1d&events=div%2Csplits
P,Everpure,公司对比,2026-07-14,2026-07-14,77.02999877929688,77.02999877929688,2026-09-04,99.51000213623048,99.51000213623048,0.2918343984574421,0.2918343984574421,2026-07-15,77.45999908447266,0.28466309466014295,0.40650179697852273,公司对比历史原文见company_comparison_historical_sources.csv,https://query1.finance.yahoo.com/v8/finance/chart/P?period1=1767225600&period2=1788566400&interval=1d&events=div%2Csplits
P,Everpure,情景决策,2026-07-15,2026-07-15,70.75,70.75,2026-09-04,99.51000213623048,99.51000213623048,0.40650179697852273,0.40650179697852273,2026-07-16,69.25,0.43696753987336434,0.4554628951101689,D:\drive\Investment\分析报告\公司情景投资决策\结果\P_经营情景市场状态投资决策_2026-07-15.md,https://query1.finance.yahoo.com/v8/finance/chart/P?period1=1767225600&period2=1788566400&interval=1d&events=div%2Csplits
P,Everpure,经营评估,2026-07-12,2026-07-13,75.36000061035156,75.36000061035156,2026-09-04,99.51000213623048,99.51000213623048,0.3204618010918865,0.3204618010918865,2026-07-13,78.19999694824219,0.2725064708390288,0.3204618010918865,D:\drive\Investment\分析报告\公司评估_淘汰\结果\P_Everpure_收入传导估值评估_2026-07-12.md,https://query1.finance.yahoo.com/v8/finance/chart/P?period1=1767225600&period2=1788566400&interval=1d&events=div%2Csplits
RMBS,Rambus,排序,2026-07-13,2026-07-13,103.11000061035156,103.11000061035156,2026-09-04,85.45999908447266,85.45999908447266,-0.17117642732422755,-0.17117642732422755,2026-07-14,108.0,-0.20870371218080874,-0.18903016405515427,历史28榜见historical_rankings.csv,https://query1.finance.yahoo.com/v8/finance/chart/RMBS?period1=1767225600&period2=1788566400&interval=1d&events=div%2Csplits
RMBS,Rambus,公司对比,2026-07-14,2026-07-14,105.37999725341795,105.37999725341795,2026-09-04,85.45999908447266,85.45999908447266,-0.18903016405515427,-0.18903016405515427,2026-07-15,107.79000091552734,-0.2071620896316182,-0.16940422206795525,公司对比历史原文见company_comparison_historical_sources.csv,https://query1.finance.yahoo.com/v8/finance/chart/RMBS?period1=1767225600&period2=1788566400&interval=1d&events=div%2Csplits
RMBS,Rambus,情景决策,2026-07-15,2026-07-15,102.88999938964844,102.88999938964844,2026-09-04,85.45999908447266,85.45999908447266,-0.16940422206795525,-0.16940422206795525,2026-07-16,98.8499984741211,-0.13545776020577216,-0.15736540497552087,D:\drive\Investment\分析报告\公司情景投资决策\结果\RMBS_经营情景市场状态投资决策_2026-07-15.md,https://query1.finance.yahoo.com/v8/finance/chart/RMBS?period1=1767225600&period2=1788566400&interval=1d&events=div%2Csplits
RMBS,Rambus,经营评估,2026-07-12,2026-07-13,103.11000061035156,103.11000061035156,2026-09-04,85.45999908447266,85.45999908447266,-0.17117642732422755,-0.17117642732422755,2026-07-13,108.48999786376952,-0.21227762220269875,-0.17117642732422755,D:\drive\Investment\分析报告\公司评估_淘汰\结果\RMBS_Rambus_收入传导估值评估_2026-07-12.md,https://query1.finance.yahoo.com/v8/finance/chart/RMBS?period1=1767225600&period2=1788566400&interval=1d&events=div%2Csplits
SIMO,Silicon Motion Technology,排序,2026-07-13,2026-07-13,299.510009765625,298.9028625488281,2026-09-04,256.2099914550781,256.2099914550781,-0.14283192449110715,-0.14456951987825162,2026-07-14,317.5,-0.19140027088141365,-0.16756781250058872,历史28榜见historical_rankings.csv,https://query1.finance.yahoo.com/v8/finance/chart/SIMO?period1=1767225600&period2=1788566400&interval=1d&events=div%2Csplits
SIMO,Silicon Motion Technology,公司对比,2026-07-14,2026-07-14,308.4100036621094,307.7848205566406,2026-09-04,256.2099914550781,256.2099914550781,-0.16756781250058872,-0.1692552497882689,2026-07-15,310.42999267578125,-0.17298450231986795,-0.12498152614761449,公司对比历史原文见company_comparison_historical_sources.csv,https://query1.finance.yahoo.com/v8/finance/chart/SIMO?period1=1767225600&period2=1788566400&interval=1d&events=div%2Csplits
SIMO,Silicon Motion Technology,情景决策,2026-07-15,2026-07-15,293.3999938964844,292.80523681640625,2026-09-04,256.2099914550781,256.2099914550781,-0.12498152614761449,-0.12675529384819073,2026-07-16,280.0,-0.0831055998031851,-0.057697116709901186,D:\drive\Investment\分析报告\公司情景投资决策\结果\SIMO_经营情景市场状态投资决策_2026-07-15.md,https://query1.finance.yahoo.com/v8/finance/chart/SIMO?period1=1767225600&period2=1788566400&interval=1d&events=div%2Csplits
SIMO,Silicon Motion Technology,经营评估,2026-07-12,2026-07-13,299.510009765625,298.9028625488281,2026-09-04,256.2099914550781,256.2099914550781,-0.14283192449110715,-0.14456951987825162,2026-07-13,313.04998779296875,-0.1799059936835533,-0.14283192449110715,D:\drive\Investment\分析报告\公司评估_淘汰\结果\SIMO_Silicon_Motion_Technology_收入传导估值评估_2026-07-12.md,https://query1.finance.yahoo.com/v8/finance/chart/SIMO?period1=1767225600&period2=1788566400&interval=1d&events=div%2Csplits
SNDK,SanDisk,排序,2026-07-13,2026-07-13,1673.969970703125,1673.969970703125,2026-09-04,1740.0,1740.0,0.03944516953857913,0.03944516953857913,2026-07-14,1807.0,-0.03707802988378528,-0.010137526500755834,历史28榜见historical_rankings.csv,https://query1.finance.yahoo.com/v8/finance/chart/SNDK?period1=1767225600&period2=1788566400&interval=1d&events=div%2Csplits
SNDK,SanDisk,公司对比,2026-07-14,2026-07-14,1757.8199462890625,1757.8199462890625,2026-09-04,1740.0,1740.0,-0.010137526500755834,-0.010137526500755834,2026-07-15,1717.2900390625,0.013224301324136212,0.07739938080495357,公司对比历史原文见company_comparison_historical_sources.csv,https://query1.finance.yahoo.com/v8/finance/chart/SNDK?period1=1767225600&period2=1788566400&interval=1d&events=div%2Csplits
SNDK,SanDisk,情景决策,2026-07-15,2026-07-15,1615.0,1615.0,2026-09-04,1740.0,1740.0,0.07739938080495357,0.07739938080495357,2026-07-16,1527.489990234375,0.13912366766673068,0.23309809095790524,D:\drive\Investment\分析报告\公司情景投资决策\结果\SNDK_经营情景市场状态投资决策_2026-07-15.md,https://query1.finance.yahoo.com/v8/finance/chart/SNDK?period1=1767225600&period2=1788566400&interval=1d&events=div%2Csplits
SNDK,SanDisk,经营评估,2026-07-12,2026-07-13,1673.969970703125,1673.969970703125,2026-09-04,1740.0,1740.0,0.03944516953857913,0.03944516953857913,2026-07-13,1792.8599853515625,-0.029483610423262974,0.03944516953857913,D:\drive\Investment\分析报告\公司评估_淘汰\结果\SNDK_SanDisk_收入传导估值评估_2026-07-12.md,https://query1.finance.yahoo.com/v8/finance/chart/SNDK?period1=1767225600&period2=1788566400&interval=1d&events=div%2Csplits
SKHY,SK hynix Inc,排序,2026-07-13,2026-07-13,152.35000610351562,152.35000610351562,2026-09-04,177.0,177.0,0.16179844377384334,0.16179844377384334,2026-07-14,168.11000061035156,0.052882037697768114,-0.08725246662907049,历史28榜见historical_rankings.csv,https://query1.finance.yahoo.com/v8/finance/chart/SKHY?period1=1767225600&period2=1788566400&interval=1d&events=div%2Csplits
SKHY,SK hynix Inc,公司对比,2026-07-14,2026-07-14,193.9199981689453,193.9199981689453,2026-09-04,177.0,177.0,-0.08725246662907049,-0.08725246662907049,2026-07-15,181.80999755859372,-0.026456177455497443,0.0030601454470553513,公司对比历史原文见company_comparison_historical_sources.csv,https://query1.finance.yahoo.com/v8/finance/chart/SKHY?period1=1767225600&period2=1788566400&interval=1d&events=div%2Csplits
SKHY,SK hynix Inc,情景决策,2026-07-15,2026-07-15,176.4600067138672,176.4600067138672,2026-09-04,177.0,177.0,0.0030601454470553513,0.0030601454470553513,2026-07-16,165.91000366210938,0.0668434458025593,0.1621036231184232,D:\drive\Investment\分析报告\公司情景投资决策\结果\SKHY_经营情景市场状态投资决策_2026-07-15.md,https://query1.finance.yahoo.com/v8/finance/chart/SKHY?period1=1767225600&period2=1788566400&interval=1d&events=div%2Csplits
SKHY,SK hynix Inc,经营评估,2026-07-12,2026-07-13,152.35000610351562,152.35000610351562,2026-09-04,177.0,177.0,0.16179844377384334,0.16179844377384334,2026-07-13,152.6199951171875,0.159743190032817,0.16179844377384334,D:\drive\Investment\分析报告\公司评估_淘汰\结果\SKHY_SK_hynix_Inc_收入传导估值评估_2026-07-12.md,https://query1.finance.yahoo.com/v8/finance/chart/SKHY?period1=1767225600&period2=1788566400&interval=1d&events=div%2Csplits
ADI,Analog Devices,排序,2026-07-13,2026-07-13,386.010009765625,384.8374938964844,2026-09-04,362.25,362.25,-0.05869358951433168,-0.06155283325437966,2026-07-14,398.2799987792969,-0.08769282441196524,-0.07484735638562368,历史28榜见historical_rankings.csv,https://query1.finance.yahoo.com/v8/finance/chart/ADI?period1=1767225600&period2=1788566400&interval=1d&events=div%2Csplits
ADI,Analog Devices,公司对比,2026-07-14,2026-07-14,392.75,391.5570068359375,2026-09-04,362.25,362.25,-0.07484735638562368,-0.07765754296626348,2026-07-15,397.3500061035156,-0.08555756903539857,-0.07061153707118417,公司对比历史原文见company_comparison_historical_sources.csv,https://query1.finance.yahoo.com/v8/finance/chart/ADI?period1=1767225600&period2=1788566400&interval=1d&events=div%2Csplits
ADI,Analog Devices,情景决策,2026-07-15,2026-07-15,390.9599914550781,389.7724304199219,2026-09-04,362.25,362.25,-0.07061153707118417,-0.07343460221652098,2026-07-16,380.010009765625,-0.04383129084751647,-0.04513788224785564,D:\drive\Investment\分析报告\公司情景投资决策\结果\ADI_经营情景市场状态投资决策_2026-07-15.md,https://query1.finance.yahoo.com/v8/finance/chart/ADI?period1=1767225600&period2=1788566400&interval=1d&events=div%2Csplits
ADI,Analog Devices,经营评估,2026-07-12,2026-07-13,386.010009765625,384.8374938964844,2026-09-04,362.25,362.25,-0.05869358951433168,-0.06155283325437966,2026-07-13,389.8299865722656,-0.06791753015474944,-0.05869358951433168,D:\drive\Investment\分析报告\公司评估_淘汰\结果\ADI_Analog_Devices_收入传导估值评估_2026-07-12.md,https://query1.finance.yahoo.com/v8/finance/chart/ADI?period1=1767225600&period2=1788566400&interval=1d&events=div%2Csplits
AMD,Advanced Micro Devices,排序,2026-07-13,2026-07-13,534.3900146484375,534.3900146484375,2026-09-04,477.5700073242188,477.5700073242188,-0.10632685073952819,-0.10632685073952819,2026-07-14,567.219970703125,-0.15805149326420265,-0.12872858068348048,历史28榜见historical_rankings.csv,https://query1.finance.yahoo.com/v8/finance/chart/AMD?period1=1767225600&period2=1788566400&interval=1d&events=div%2Csplits
AMD,Advanced Micro Devices,公司对比,2026-07-14,2026-07-14,548.1300048828125,548.1300048828125,2026-09-04,477.5700073242188,477.5700073242188,-0.12872858068348048,-0.12872858068348048,2026-07-15,556.02001953125,-0.14109206404684516,-0.09746004062550817,公司对比历史原文见company_comparison_historical_sources.csv,https://query1.finance.yahoo.com/v8/finance/chart/AMD?period1=1767225600&period2=1788566400&interval=1d&events=div%2Csplits
AMD,Advanced Micro Devices,情景决策,2026-07-15,2026-07-15,529.1400146484375,529.1400146484375,2026-09-04,477.5700073242188,477.5700073242188,-0.09746004062550817,-0.09746004062550817,2026-07-16,509.3299865722656,-0.062356389934525525,-0.04665228371319985,D:\drive\Investment\分析报告\公司情景投资决策\结果\AMD_经营情景市场状态投资决策_2026-07-15.md,https://query1.finance.yahoo.com/v8/finance/chart/AMD?period1=1767225600&period2=1788566400&interval=1d&events=div%2Csplits
AMD,Advanced Micro Devices,经营评估,2026-07-12,2026-07-13,534.3900146484375,534.3900146484375,2026-09-04,477.5700073242188,477.5700073242188,-0.10632685073952819,-0.10632685073952819,2026-07-13,537.5,-0.11149766079215107,-0.10632685073952819,D:\drive\Investment\分析报告\公司评估_淘汰\结果\AMD_Advanced_Micro_Devices_收入传导估值评估_2026-07-12.md,https://query1.finance.yahoo.com/v8/finance/chart/AMD?period1=1767225600&period2=1788566400&interval=1d&events=div%2Csplits
AVGO,Broadcom,排序,2026-07-13,2026-07-13,384.0499877929688,384.0499877929688,2026-09-04,357.8999938964844,357.8999938964844,-0.06809007870762174,-0.06809007870762174,2026-07-14,395.7200012207031,-0.09557264532384746,-0.0802086624091124,历史28榜见historical_rankings.csv,https://query1.finance.yahoo.com/v8/finance/chart/AVGO?period1=1767225600&period2=1788566400&interval=1d&events=div%2Csplits
AVGO,Broadcom,公司对比,2026-07-14,2026-07-14,389.1099853515625,389.1099853515625,2026-09-04,357.8999938964844,357.8999938964844,-0.0802086624091124,-0.0802086624091124,2026-07-15,396.0899963378906,-0.09641748793076732,-0.09226946585027418,公司对比历史原文见company_comparison_historical_sources.csv,https://query1.finance.yahoo.com/v8/finance/chart/AVGO?period1=1767225600&period2=1788566400&interval=1d&events=div%2Csplits
AVGO,Broadcom,情景决策,2026-07-15,2026-07-15,394.2799987792969,394.2799987792969,2026-09-04,357.8999938964844,357.8999938964844,-0.09226946585027418,-0.09226946585027418,2026-07-16,384.5400085449219,-0.06927761495934281,-0.044198204756357495,D:\drive\Investment\分析报告\公司情景投资决策\结果\备份\AVGO_2026-07-18T18_53_56-07_00-34a2aa6554\AVGO_经营情景市场状态投资决策_2026-07-15.md,https://query1.finance.yahoo.com/v8/finance/chart/AVGO?period1=1767225600&period2=1788566400&interval=1d&events=div%2Csplits
AVGO,Broadcom,经营评估,2026-07-12,2026-07-13,384.0499877929688,384.0499877929688,2026-09-04,357.8999938964844,357.8999938964844,-0.06809007870762174,-0.06809007870762174,2026-07-13,393.4800109863281,-0.09042395063641495,-0.06809007870762174,D:\drive\Investment\分析报告\公司评估_淘汰\备份\AVGO_2026-07-18T15_30_45-07_00-b4c5556ba3\AVGO_Broadcom_收入传导估值评估_2026-07-12.md,https://query1.finance.yahoo.com/v8/finance/chart/AVGO?period1=1767225600&period2=1788566400&interval=1d&events=div%2Csplits
CDNS,Cadence Design Systems,排序,2026-07-13,2026-07-13,377.9200134277344,377.9200134277344,2026-09-04,292.70001220703125,292.70001220703125,-0.2254974549978387,-0.2254974549978387,2026-07-14,370.9500122070313,-0.21094486433478754,-0.2231952715246529,历史28榜见historical_rankings.csv,https://query1.finance.yahoo.com/v8/finance/chart/CDNS?period1=1767225600&period2=1788566400&interval=1d&events=div%2Csplits
CDNS,Cadence Design Systems,公司对比,2026-07-14,2026-07-14,376.7999877929688,376.7999877929688,2026-09-04,292.70001220703125,292.70001220703125,-0.2231952715246529,-0.2231952715246529,2026-07-15,383.3599853515625,-0.23648783547764118,-0.21211302232293072,公司对比历史原文见company_comparison_historical_sources.csv,https://query1.finance.yahoo.com/v8/finance/chart/CDNS?period1=1767225600&period2=1788566400&interval=1d&events=div%2Csplits
CDNS,Cadence Design Systems,情景决策,2026-07-15,2026-07-15,371.5,371.5,2026-09-04,292.70001220703125,292.70001220703125,-0.21211302232293072,-0.21211302232293072,2026-07-16,366.010009765625,-0.20029506189062396,-0.19731244451872398,D:\drive\Investment\分析报告\公司情景投资决策\结果\备份\CDNS_2026-07-18T18_26_07-07_00-5b32620c09\CDNS_经营情景市场状态投资决策_2026-07-15.md,https://query1.finance.yahoo.com/v8/finance/chart/CDNS?period1=1767225600&period2=1788566400&interval=1d&events=div%2Csplits
CDNS,Cadence Design Systems,经营评估,2026-07-12,2026-07-13,377.9200134277344,377.9200134277344,2026-09-04,292.70001220703125,292.70001220703125,-0.2254974549978387,-0.2254974549978387,2026-07-13,390.6400146484375,-0.2507167693241791,-0.2254974549978387,D:\drive\Investment\分析报告\公司评估_淘汰\备份\CDNS_2026-07-18T15_22_49-07_00-eef142e8d9\CDNS_Cadence_Design_Systems_收入传导估值评估_2026-07-12.md,https://query1.finance.yahoo.com/v8/finance/chart/CDNS?period1=1767225600&period2=1788566400&interval=1d&events=div%2Csplits
INTC,Intel Corporation 英特尔,排序,2026-07-13,2026-07-13,103.12000274658205,103.12000274658205,2026-09-04,95.8000030517578,95.8000030517578,-0.07098525504128606,-0.07098525504128606,2026-07-14,107.9800033569336,-0.11279866573919395,-0.11098736866534975,历史28榜见historical_rankings.csv,https://query1.finance.yahoo.com/v8/finance/chart/INTC?period1=1767225600&period2=1788566400&interval=1d&events=div%2Csplits
INTC,Intel Corporation 英特尔,公司对比,2026-07-14,2026-07-14,107.76000213623048,107.76000213623048,2026-09-04,95.8000030517578,95.8000030517578,-0.11098736866534975,-0.11098736866534975,2026-07-15,109.3000030517578,-0.12351326279110186,-0.069812554239707,公司对比历史原文见company_comparison_historical_sources.csv,https://query1.finance.yahoo.com/v8/finance/chart/INTC?period1=1767225600&period2=1788566400&interval=1d&events=div%2Csplits
INTC,Intel Corporation 英特尔,情景决策,2026-07-15,2026-07-15,102.98999786376952,102.98999786376952,2026-09-04,95.8000030517578,95.8000030517578,-0.069812554239707,-0.069812554239707,2026-07-16,101.13999938964844,-0.05279806575159207,-0.012167459933289715,D:\drive\Investment\分析报告\公司情景投资决策\结果\备份\INTC_2026-07-18T18_00_11-07_00-f8a9ac486b\INTC_经营情景市场状态投资决策_2026-07-15.md,https://query1.finance.yahoo.com/v8/finance/chart/INTC?period1=1767225600&period2=1788566400&interval=1d&events=div%2Csplits
INTC,Intel Corporation 英特尔,经营评估,2026-07-12,2026-07-13,103.12000274658205,103.12000274658205,2026-09-04,95.8000030517578,95.8000030517578,-0.07098525504128606,-0.07098525504128606,2026-07-13,105.9800033569336,-0.09605585943312567,-0.07098525504128606,D:\drive\Investment\分析报告\公司评估_淘汰\备份\INTC_2026-07-18T15_01_06-07_00-3201d2edc7\INTC_Intel_Corporation_英特尔_收入传导估值评估_2026-07-12.md,https://query1.finance.yahoo.com/v8/finance/chart/INTC?period1=1767225600&period2=1788566400&interval=1d&events=div%2Csplits
MCHP,Microchip Technology,排序,2026-07-13,2026-07-13,84.2300033569336,83.72626495361328,2026-09-04,74.16999816894531,74.16999816894531,-0.11413702486265698,-0.11943493751695511,2026-07-14,88.0,-0.152088133747871,-0.1434250521481404,历史28榜见historical_rankings.csv,https://query1.finance.yahoo.com/v8/finance/chart/MCHP?period1=1767225600&period2=1788566400&interval=1d&events=div%2Csplits
MCHP,Microchip Technology,公司对比,2026-07-14,2026-07-14,87.11000061035156,86.58903503417969,2026-09-04,74.16999816894531,74.16999816894531,-0.1434250521481404,-0.14854784009573918,2026-07-15,88.13999938964844,-0.1534349134192604,-0.13498441494723612,公司对比历史原文见company_comparison_historical_sources.csv,https://query1.finance.yahoo.com/v8/finance/chart/MCHP?period1=1767225600&period2=1788566400&interval=1d&events=div%2Csplits
MCHP,Microchip Technology,情景决策,2026-07-15,2026-07-15,86.26000213623047,85.7441177368164,2026-09-04,74.16999816894531,74.16999816894531,-0.13498441494723612,-0.1401577054008346,2026-07-16,83.8499984741211,-0.11012225441998369,-0.08648081133380559,D:\drive\Investment\分析报告\公司情景投资决策\结果\MCHP_经营情景市场状态投资决策_2026-07-15.md,https://query1.finance.yahoo.com/v8/finance/chart/MCHP?period1=1767225600&period2=1788566400&interval=1d&events=div%2Csplits
MCHP,Microchip Technology,经营评估,2026-07-12,2026-07-13,84.2300033569336,83.72626495361328,2026-09-04,74.16999816894531,74.16999816894531,-0.11413702486265698,-0.11943493751695511,2026-07-13,87.0,-0.14234205322297033,-0.11413702486265698,D:\drive\Investment\分析报告\公司评估_淘汰\结果\MCHP_Microchip_Technology_收入传导估值评估_2026-07-12.md,https://query1.finance.yahoo.com/v8/finance/chart/MCHP?period1=1767225600&period2=1788566400&interval=1d&events=div%2Csplits
MRVL,Marvell Technology,排序,2026-07-13,2026-07-13,217.52999877929688,217.52999877929688,2026-09-04,223.5500030517578,223.5500030517578,0.02767436356476405,0.02767436356476405,2026-07-14,231.57000732421875,-0.03463317363561769,0.004990112381624945,历史28榜见historical_rankings.csv,https://query1.finance.yahoo.com/v8/finance/chart/MRVL?period1=1767225600&period2=1788566400&interval=1d&events=div%2Csplits
MRVL,Marvell Technology,公司对比,2026-07-14,2026-07-14,222.44000244140625,222.44000244140625,2026-09-04,223.5500030517578,223.5500030517578,0.004990112381624945,0.004990112381624945,2026-07-15,222.16000366210935,0.006256749040041365,0.08382628238821566,公司对比历史原文见company_comparison_historical_sources.csv,https://query1.finance.yahoo.com/v8/finance/chart/MRVL?period1=1767225600&period2=1788566400&interval=1d&events=div%2Csplits
MRVL,Marvell Technology,情景决策,2026-07-15,2026-07-15,206.25999450683597,206.25999450683597,2026-09-04,223.5500030517578,223.5500030517578,0.08382628238821566,0.08382628238821566,2026-07-16,200.1199951171875,0.1170797946544524,0.18720127152791854,D:\drive\Investment\分析报告\公司情景投资决策\结果\MRVL_经营情景市场状态投资决策_2026-07-15.md,https://query1.finance.yahoo.com/v8/finance/chart/MRVL?period1=1767225600&period2=1788566400&interval=1d&events=div%2Csplits
MRVL,Marvell Technology,经营评估,2026-07-12,2026-07-13,217.52999877929688,217.52999877929688,2026-09-04,223.5500030517578,223.5500030517578,0.02767436356476405,0.02767436356476405,2026-07-13,228.77999877929688,-0.022860371341222097,0.02767436356476405,D:\drive\Investment\分析报告\公司评估_淘汰\结果\MRVL_Marvell_Technology_收入传导估值评估_2026-07-12.md,https://query1.finance.yahoo.com/v8/finance/chart/MRVL?period1=1767225600&period2=1788566400&interval=1d&events=div%2Csplits
NVDA,NVIDIA,排序,2026-07-13,2026-07-13,203.52999877929688,203.52999877929688,2026-09-04,230.3600006103516,230.3600006103516,0.13182332821683218,0.13182332821683218,2026-07-14,208.1999969482422,0.10643613826573839,0.08762982668162778,历史28榜见historical_rankings.csv,https://query1.finance.yahoo.com/v8/finance/chart/NVDA?period1=1767225600&period2=1788566400&interval=1d&events=div%2Csplits
NVDA,NVIDIA,公司对比,2026-07-14,2026-07-14,211.8000030517578,211.8000030517578,2026-09-04,230.3600006103516,230.3600006103516,0.08762982668162778,0.08762982668162778,2026-07-15,211.9600067138672,0.08680880030978311,0.08404706169577225,公司对比历史原文见company_comparison_historical_sources.csv,https://query1.finance.yahoo.com/v8/finance/chart/NVDA?period1=1767225600&period2=1788566400&interval=1d&events=div%2Csplits
NVDA,NVIDIA,情景决策,2026-07-15,2026-07-15,212.5,212.5,2026-09-04,230.3600006103516,230.3600006103516,0.08404706169577225,0.08404706169577225,2026-07-16,210.1699981689453,0.09606510261838852,0.11070398934209602,D:\drive\Investment\分析报告\公司情景投资决策\结果\备份\NVDA_2026-07-18T18_25_55-07_00-8ec97b3c63\NVDA_经营情景市场状态投资决策_2026-07-15.md,https://query1.finance.yahoo.com/v8/finance/chart/NVDA?period1=1767225600&period2=1788566400&interval=1d&events=div%2Csplits
NVDA,NVIDIA,经营评估,2026-07-12,2026-07-13,203.52999877929688,203.52999877929688,2026-09-04,230.3600006103516,230.3600006103516,0.13182332821683218,0.13182332821683218,2026-07-13,208.5399932861328,0.10463224334279153,0.13182332821683218,D:\drive\Investment\分析报告\公司评估_淘汰\备份\NVDA_2026-07-18T15_22_33-07_00-286e3efe61\NVDA_NVIDIA_收入传导估值评估_2026-07-12.md,https://query1.finance.yahoo.com/v8/finance/chart/NVDA?period1=1767225600&period2=1788566400&interval=1d&events=div%2Csplits
ON,onsemi,排序,2026-07-13,2026-07-13,90.37000274658205,90.37000274658205,2026-09-04,74.37999725341797,74.37999725341797,-0.17693930515863399,-0.17693930515863399,2026-07-14,95.44000244140624,-0.22066224485815267,-0.2064440991197748,历史28榜见historical_rankings.csv,https://query1.finance.yahoo.com/v8/finance/chart/ON?period1=1767225600&period2=1788566400&interval=1d&events=div%2Csplits
ON,onsemi,公司对比,2026-07-14,2026-07-14,93.7300033569336,93.7300033569336,2026-09-04,74.37999725341797,74.37999725341797,-0.2064440991197748,-0.2064440991197748,2026-07-15,94.55999755859376,-0.21340948420257022,-0.1962395016473606,公司对比历史原文见company_comparison_historical_sources.csv,https://query1.finance.yahoo.com/v8/finance/chart/ON?period1=1767225600&period2=1788566400&interval=1d&events=div%2Csplits
ON,onsemi,情景决策,2026-07-15,2026-07-15,92.54000091552734,92.54000091552734,2026-09-04,74.37999725341797,74.37999725341797,-0.1962395016473606,-0.1962395016473606,2026-07-16,88.94999694824219,-0.1637998897661811,-0.15592379783144072,D:\drive\Investment\分析报告\公司情景投资决策\结果\ON_经营情景市场状态投资决策_2026-07-15.md,https://query1.finance.yahoo.com/v8/finance/chart/ON?period1=1767225600&period2=1788566400&interval=1d&events=div%2Csplits
ON,onsemi,经营评估,2026-07-12,2026-07-13,90.37000274658205,90.37000274658205,2026-09-04,74.37999725341797,74.37999725341797,-0.17693930515863399,-0.17693930515863399,2026-07-13,92.98999786376952,-0.20012905729512143,-0.17693930515863399,D:\drive\Investment\分析报告\公司评估_淘汰\结果\ON_onsemi_收入传导估值评估_2026-07-12.md,https://query1.finance.yahoo.com/v8/finance/chart/ON?period1=1767225600&period2=1788566400&interval=1d&events=div%2Csplits
QCOM,Qualcomm,排序,2026-07-13,2026-07-13,183.97999572753903,182.98410034179688,2026-09-04,168.74000549316406,168.74000549316406,-0.07784334716527941,-0.08283503961454752,2026-07-14,189.3300018310547,-0.1039012603596483,-0.047398258266737936,历史28榜见historical_rankings.csv,https://query1.finance.yahoo.com/v8/finance/chart/QCOM?period1=1767225600&period2=1788566400&interval=1d&events=div%2Csplits
QCOM,Qualcomm,公司对比,2026-07-14,2026-07-14,178.10000610351562,177.1359405517578,2026-09-04,168.74000549316406,168.74000549316406,-0.047398258266737936,-0.052554746151503906,2026-07-15,180.0,-0.05745350120872739,-0.04675596215795608,公司对比历史原文见company_comparison_historical_sources.csv,https://query1.finance.yahoo.com/v8/finance/chart/QCOM?period1=1767225600&period2=1788566400&interval=1d&events=div%2Csplits
QCOM,Qualcomm,情景决策,2026-07-15,2026-07-15,177.97999572753906,177.01658630371094,2026-09-04,168.74000549316406,168.74000549316406,-0.04675596215795608,-0.05191589198889546,2026-07-16,173.0800018310547,-0.01976903484632453,-0.005577770138283311,D:\drive\Investment\分析报告\公司情景投资决策\结果\QCOM_经营情景市场状态投资决策_2026-07-15.md,https://query1.finance.yahoo.com/v8/finance/chart/QCOM?period1=1767225600&period2=1788566400&interval=1d&events=div%2Csplits
QCOM,Qualcomm,经营评估,2026-07-12,2026-07-13,183.97999572753903,182.98410034179688,2026-09-04,168.74000549316406,168.74000549316406,-0.07784334716527941,-0.08283503961454752,2026-07-13,185.05999755859372,-0.0832250119589657,-0.07784334716527941,D:\drive\Investment\分析报告\公司评估_淘汰\结果\QCOM_Qualcomm_收入传导估值评估_2026-07-12.md,https://query1.finance.yahoo.com/v8/finance/chart/QCOM?period1=1767225600&period2=1788566400&interval=1d&events=div%2Csplits
STM,STMicroelectronics,排序,2026-07-13,2026-07-13,68.47000122070312,68.47000122070312,2026-09-04,52.2400016784668,52.2400016784668,-0.23703810797258895,-0.23703810797258895,2026-07-14,71.6500015258789,-0.27090020145221505,-0.25509762263792557,历史28榜见historical_rankings.csv,https://query1.finance.yahoo.com/v8/finance/chart/STM?period1=1767225600&period2=1788566400&interval=1d&events=div%2Csplits
STM,STMicroelectronics,公司对比,2026-07-14,2026-07-14,70.12999725341797,70.12999725341797,2026-09-04,52.2400016784668,52.2400016784668,-0.25509762263792557,-0.25509762263792557,2026-07-15,70.05000305175781,-0.254246974980597,-0.22892986452447528,公司对比历史原文见company_comparison_historical_sources.csv,https://query1.finance.yahoo.com/v8/finance/chart/STM?period1=1767225600&period2=1788566400&interval=1d&events=div%2Csplits
STM,STMicroelectronics,情景决策,2026-07-15,2026-07-15,67.75,67.75,2026-09-04,52.2400016784668,52.2400016784668,-0.22892986452447528,-0.22892986452447528,2026-07-16,64.95999908447266,-0.1958127707093258,-0.16775527644582766,D:\drive\Investment\分析报告\公司情景投资决策\结果\STM_经营情景市场状态投资决策_2026-07-15.md,https://query1.finance.yahoo.com/v8/finance/chart/STM?period1=1767225600&period2=1788566400&interval=1d&events=div%2Csplits
STM,STMicroelectronics,经营评估,2026-07-12,2026-07-13,68.47000122070312,68.47000122070312,2026-09-04,52.2400016784668,52.2400016784668,-0.23703810797258895,-0.23703810797258895,2026-07-13,70.05999755859375,-0.25435336142030884,-0.23703810797258895,D:\drive\Investment\分析报告\公司评估_淘汰\结果\STM_STMicroelectronics_收入传导估值评估_2026-07-12.md,https://query1.finance.yahoo.com/v8/finance/chart/STM?period1=1767225600&period2=1788566400&interval=1d&events=div%2Csplits
TXN,德州仪器,排序,2026-07-13,2026-07-13,298.57000732421875,297.0491027832031,2026-09-04,258.44000244140625,258.44000244140625,-0.12997548210059784,-0.13440735471877163,2026-07-14,309.0199890136719,-0.15939669426414205,-0.14985032014022326,历史28榜见historical_rankings.csv,https://query1.finance.yahoo.com/v8/finance/chart/TXN?period1=1767225600&period2=1788566400&interval=1d&events=div%2Csplits
TXN,德州仪器,公司对比,2026-07-14,2026-07-14,305.54998779296875,303.9935302734375,2026-09-04,258.44000244140625,258.44000244140625,-0.14985032014022326,-0.15418094332729204,2026-07-15,312.010009765625,-0.16745220871832145,-0.13754360243520825,公司对比历史原文见company_comparison_historical_sources.csv,https://query1.finance.yahoo.com/v8/finance/chart/TXN?period1=1767225600&period2=1788566400&interval=1d&events=div%2Csplits
TXN,德州仪器,情景决策,2026-07-15,2026-07-15,301.19000244140625,299.6557312011719,2026-09-04,258.44000244140625,258.44000244140625,-0.13754360243520825,-0.14193698214905592,2026-07-16,293.510009765625,-0.1149766137953061,-0.10801723219936787,D:\drive\Investment\分析报告\公司情景投资决策\结果\TXN_经营情景市场状态投资决策_2026-07-15.md,https://query1.finance.yahoo.com/v8/finance/chart/TXN?period1=1767225600&period2=1788566400&interval=1d&events=div%2Csplits
TXN,德州仪器,经营评估,2026-07-12,2026-07-13,298.57000732421875,297.0491027832031,2026-09-04,258.44000244140625,258.44000244140625,-0.12997548210059784,-0.13440735471877163,2026-07-13,308.5199890136719,-0.15803437076499083,-0.12997548210059784,D:\drive\Investment\分析报告\公司评估_淘汰\结果\TXN_德州仪器_收入传导估值评估_2026-07-12.md,https://query1.finance.yahoo.com/v8/finance/chart/TXN?period1=1767225600&period2=1788566400&interval=1d&events=div%2Csplits
ALAB,AsteraLabs,排序,2026-07-13,2026-07-13,362.0499877929688,362.0499877929688,2026-09-04,310.3999938964844,310.3999938964844,-0.1426598415631476,-0.1426598415631476,2026-07-14,392.0299987792969,-0.20822387352241423,-0.1420200261379203,历史28榜见historical_rankings.csv,https://query1.finance.yahoo.com/v8/finance/chart/ALAB?period1=1767225600&period2=1788566400&interval=1d&events=div%2Csplits
ALAB,AsteraLabs,公司对比,2026-07-14,2026-07-14,361.7799987792969,361.7799987792969,2026-09-04,310.3999938964844,310.3999938964844,-0.1420200261379203,-0.1420200261379203,2026-07-15,371.5700073242188,-0.16462581000075083,-0.11471108830305132,公司对比历史原文见company_comparison_historical_sources.csv,https://query1.finance.yahoo.com/v8/finance/chart/ALAB?period1=1767225600&period2=1788566400&interval=1d&events=div%2Csplits
ALAB,AsteraLabs,情景决策,2026-07-15,2026-07-15,350.6199951171875,350.6199951171875,2026-09-04,310.3999938964844,310.3999938964844,-0.11471108830305132,-0.11471108830305132,2026-07-16,337.0249938964844,-0.07900007560916311,-0.029211223566511846,D:\drive\Investment\分析报告\公司情景投资决策\结果\备份\ALAB_2026-08-19T12_34_45-07_00-af0dc1c78c\ALAB_经营情景市场状态投资决策_2026-07-15.md,https://query1.finance.yahoo.com/v8/finance/chart/ALAB?period1=1767225600&period2=1788566400&interval=1d&events=div%2Csplits
ALAB,AsteraLabs,经营评估,2026-07-12,2026-07-13,362.0499877929688,362.0499877929688,2026-09-04,310.3999938964844,310.3999938964844,-0.1426598415631476,-0.1426598415631476,2026-07-13,403.510009765625,-0.23075020102530464,-0.1426598415631476,D:\drive\Investment\分析报告\公司评估_淘汰\备份\ALAB_2026-08-19T11_52_24-07_00-2cc2c0509c\ALAB_AsteraLabs_收入传导估值评估_2026-07-12.md,https://query1.finance.yahoo.com/v8/finance/chart/ALAB?period1=1767225600&period2=1788566400&interval=1d&events=div%2Csplits
ARM,Arm Holdings,排序,2026-07-13,2026-07-13,298.989990234375,298.989990234375,2026-09-04,252.08999633789065,252.08999633789065,-0.1568614182023952,-0.1568614182023952,2026-07-14,310.0350036621094,-0.1868982748392175,-0.10342503005683357,历史28榜见historical_rankings.csv,https://query1.finance.yahoo.com/v8/finance/chart/ARM?period1=1767225600&period2=1788566400&interval=1d&events=div%2Csplits
ARM,Arm Holdings,公司对比,2026-07-14,2026-07-14,281.1700134277344,281.1700134277344,2026-09-04,252.08999633789065,252.08999633789065,-0.10342503005683357,-0.10342503005683357,2026-07-15,281.0899963378906,-0.10316980460997927,-0.08996069654240613,公司对比历史原文见company_comparison_historical_sources.csv,https://query1.finance.yahoo.com/v8/finance/chart/ARM?period1=1767225600&period2=1788566400&interval=1d&events=div%2Csplits
ARM,Arm Holdings,情景决策,2026-07-15,2026-07-15,277.010009765625,277.010009765625,2026-09-04,252.08999633789065,252.08999633789065,-0.08996069654240613,-0.08996069654240613,2026-07-16,268.5400085449219,-0.06125721189987765,-0.037861200175550835,D:\drive\Investment\分析报告\公司情景投资决策\结果\ARM_经营情景市场状态投资决策_2026-07-15.md,https://query1.finance.yahoo.com/v8/finance/chart/ARM?period1=1767225600&period2=1788566400&interval=1d&events=div%2Csplits
ARM,Arm Holdings,经营评估,2026-07-12,2026-07-13,298.989990234375,298.989990234375,2026-09-04,252.08999633789065,252.08999633789065,-0.1568614182023952,-0.1568614182023952,2026-07-13,311.42999267578125,-0.1905404030872112,-0.1568614182023952,D:\drive\Investment\分析报告\公司评估_淘汰\结果\ARM_Arm_Holdings_收入传导估值评估_2026-07-12.md,https://query1.finance.yahoo.com/v8/finance/chart/ARM?period1=1767225600&period2=1788566400&interval=1d&events=div%2Csplits
SNPS,Synopsys,排序,2026-07-13,2026-07-13,433.8200073242188,433.8200073242188,2026-09-04,393.8399963378906,393.8399963378906,-0.09215806166461293,-0.09215806166461293,2026-07-14,426.1900024414063,-0.0759051266294386,-0.07527588170472244,历史28榜见historical_rankings.csv,https://query1.finance.yahoo.com/v8/finance/chart/SNPS?period1=1767225600&period2=1788566400&interval=1d&events=div%2Csplits
SNPS,Synopsys,公司对比,2026-07-14,2026-07-14,425.8999938964844,425.8999938964844,2026-09-04,393.8399963378906,393.8399963378906,-0.07527588170472244,-0.07527588170472244,2026-07-15,429.8599853515625,-0.08379470116115317,-0.07392777118992222,公司对比历史原文见company_comparison_historical_sources.csv,https://query1.finance.yahoo.com/v8/finance/chart/SNPS?period1=1767225600&period2=1788566400&interval=1d&events=div%2Csplits
SNPS,Synopsys,情景决策,2026-07-15,2026-07-15,425.2799987792969,425.2799987792969,2026-09-04,393.8399963378906,393.8399963378906,-0.07392777118992222,-0.07392777118992222,2026-07-16,425.6400146484375,-0.07471106384772697,-0.0556075162681019,D:\drive\Investment\分析报告\公司情景投资决策\结果\SNPS_经营情景市场状态投资决策_2026-07-15.md,https://query1.finance.yahoo.com/v8/finance/chart/SNPS?period1=1767225600&period2=1788566400&interval=1d&events=div%2Csplits
SNPS,Synopsys,经营评估,2026-07-12,2026-07-13,433.8200073242188,433.8200073242188,2026-09-04,393.8399963378906,393.8399963378906,-0.09215806166461293,-0.09215806166461293,2026-07-13,448.8399963378906,-0.12253809920851066,-0.09215806166461293,D:\drive\Investment\分析报告\公司评估_淘汰\结果\SNPS_Synopsys_收入传导估值评估_2026-07-12.md,https://query1.finance.yahoo.com/v8/finance/chart/SNPS?period1=1767225600&period2=1788566400&interval=1d&events=div%2Csplits
MXL,MaxLinear,排序,2026-07-13,2026-07-13,89.30000305175781,89.30000305175781,2026-09-04,62.7400016784668,62.7400016784668,-0.29742441730821645,-0.29742441730821645,2026-07-14,95.0,-0.33957892970034953,-0.32238898196400845,历史28榜见historical_rankings.csv,https://query1.finance.yahoo.com/v8/finance/chart/MXL?period1=1767225600&period2=1788566400&interval=1d&events=div%2Csplits
MXL,MaxLinear,公司对比,2026-07-14,2026-07-14,92.58999633789062,92.58999633789062,2026-09-04,62.7400016784668,62.7400016784668,-0.32238898196400845,-0.32238898196400845,2026-07-15,95.36000061035156,-0.3420721342607016,-0.2937865346161892,公司对比历史原文见company_comparison_historical_sources.csv,https://query1.finance.yahoo.com/v8/finance/chart/MXL?period1=1767225600&period2=1788566400&interval=1d&events=div%2Csplits
MXL,MaxLinear,情景决策,2026-07-15,2026-07-15,88.83999633789062,88.83999633789062,2026-09-04,62.7400016784668,62.7400016784668,-0.2937865346161892,-0.2937865346161892,2026-07-16,82.94000244140625,-0.24354955592399374,-0.15672042484241555,D:\drive\Investment\分析报告\公司情景投资决策\结果\MXL_经营情景市场状态投资决策_2026-07-15.md,https://query1.finance.yahoo.com/v8/finance/chart/MXL?period1=1767225600&period2=1788566400&interval=1d&events=div%2Csplits
MXL,MaxLinear,经营评估,2026-07-12,2026-07-13,89.30000305175781,89.30000305175781,2026-09-04,62.7400016784668,62.7400016784668,-0.29742441730821645,-0.29742441730821645,2026-07-13,86.63999938964844,-0.2758540844823363,-0.29742441730821645,D:\drive\Investment\分析报告\公司评估_淘汰\结果\MXL_MaxLinear_收入传导估值评估_2026-07-12.md,https://query1.finance.yahoo.com/v8/finance/chart/MXL?period1=1767225600&period2=1788566400&interval=1d&events=div%2Csplits
CBRS,Cerebras Systems Inc,排序,2026-07-13,2026-07-13,204.6199951171875,204.6199951171875,2026-09-04,210.0500030517578,210.0500030517578,0.026537034816467964,0.026537034816467964,2026-07-14,206.0,0.01966020898911558,0.03061677821457276,历史28榜见historical_rankings.csv,https://query1.finance.yahoo.com/v8/finance/chart/CBRS?period1=1767225600&period2=1788566400&interval=1d&events=div%2Csplits
CBRS,Cerebras Systems Inc,公司对比,2026-07-14,2026-07-14,203.80999755859372,203.80999755859372,2026-09-04,210.0500030517578,210.0500030517578,0.03061677821457276,0.03061677821457276,2026-07-15,204.8999938964844,0.025134257240999158,0.14151409881137988,公司对比历史原文见company_comparison_historical_sources.csv,https://query1.finance.yahoo.com/v8/finance/chart/CBRS?period1=1767225600&period2=1788566400&interval=1d&events=div%2Csplits
CBRS,Cerebras Systems Inc,情景决策,2026-07-15,2026-07-15,184.00999450683597,184.00999450683597,2026-09-04,210.0500030517578,210.0500030517578,0.14151409881137988,0.14151409881137988,2026-07-16,178.50999450683594,0.17668483286919856,0.163969828421916,D:\drive\Investment\分析报告\公司情景投资决策\结果\CBRS_经营情景市场状态投资决策_2026-07-15.md,https://query1.finance.yahoo.com/v8/finance/chart/CBRS?period1=1767225600&period2=1788566400&interval=1d&events=div%2Csplits
CBRS,Cerebras Systems Inc,经营评估,2026-07-12,2026-07-13,204.6199951171875,204.6199951171875,2026-09-04,210.0500030517578,210.0500030517578,0.026537034816467964,0.026537034816467964,2026-07-13,207.1999969482422,0.01375485591453729,0.026537034816467964,D:\drive\Investment\分析报告\公司评估_淘汰\结果\CBRS_Cerebras_Systems_Inc_收入传导估值评估_2026-07-12.md,https://query1.finance.yahoo.com/v8/finance/chart/CBRS?period1=1767225600&period2=1788566400&interval=1d&events=div%2Csplits
ANET,Arista Networks,排序,2026-07-13,2026-07-13,181.1499938964844,181.1499938964844,2026-09-04,193.77999877929688,193.77999877929688,0.069721254807382,0.069721254807382,2026-07-14,183.8999938964844,0.05372487879675436,0.061401057158149586,历史28榜见historical_rankings.csv,https://query1.finance.yahoo.com/v8/finance/chart/ANET?period1=1767225600&period2=1788566400&interval=1d&events=div%2Csplits
ANET,Arista Networks,公司对比,2026-07-14,2026-07-14,182.57000732421875,182.57000732421875,2026-09-04,193.77999877929688,193.77999877929688,0.061401057158149586,0.061401057158149586,2026-07-15,184.0,0.053152167278787354,0.1271521687015713,公司对比历史原文见company_comparison_historical_sources.csv,https://query1.finance.yahoo.com/v8/finance/chart/ANET?period1=1767225600&period2=1788566400&interval=1d&events=div%2Csplits
ANET,Arista Networks,情景决策,2026-07-15,2026-07-15,171.9199981689453,171.9199981689453,2026-09-04,193.77999877929688,193.77999877929688,0.1271521687015713,0.1271521687015713,2026-07-16,169.2100067138672,0.14520413149665168,0.14962032265061165,D:\drive\Investment\分析报告\公司情景投资决策\结果\备份\ANET_2026-08-19T12_34_47-07_00-4e0ee86efb\ANET_经营情景市场状态投资决策_2026-07-15.md,https://query1.finance.yahoo.com/v8/finance/chart/ANET?period1=1767225600&period2=1788566400&interval=1d&events=div%2Csplits
ANET,Arista Networks,经营评估,2026-07-12,2026-07-13,181.1499938964844,181.1499938964844,2026-09-04,193.77999877929688,193.77999877929688,0.069721254807382,0.069721254807382,2026-07-13,186.26499938964844,0.04034574082234199,0.069721254807382,D:\drive\Investment\分析报告\公司评估_淘汰\备份\ANET_2026-08-19T11_52_26-07_00-f511b4f3e5\ANET_Arista_Networks_收入传导估值评估_2026-07-12.md,https://query1.finance.yahoo.com/v8/finance/chart/ANET?period1=1767225600&period2=1788566400&interval=1d&events=div%2Csplits
APH,Amphenol 安费诺,排序,2026-07-13,2026-07-13,77.99500274658203,77.99500274658203,2026-09-04,82.77999877929688,82.77999877929688,0.06135003351768642,0.06135003351768642,2026-07-14,79.04499816894531,0.047251574380059225,0.045400029444251366,历史28榜见historical_rankings.csv,https://query1.finance.yahoo.com/v8/finance/chart/APH?period1=1767225600&period2=1788566400&interval=1d&events=div%2Csplits
APH,Amphenol 安费诺,公司对比,2026-07-14,2026-07-14,79.18499755859375,79.18499755859375,2026-09-04,82.77999877929688,82.77999877929688,0.045400029444251366,0.045400029444251366,2026-07-15,80.18499755859375,0.03236267755457467,0.05425372285222374,公司对比历史原文见company_comparison_historical_sources.csv,https://query1.finance.yahoo.com/v8/finance/chart/APH?period1=1767225600&period2=1788566400&interval=1d&events=div%2Csplits
APH,Amphenol 安费诺,情景决策,2026-07-15,2026-07-15,78.5199966430664,78.5199966430664,2026-09-04,82.77999877929688,82.77999877929688,0.05425372285222374,0.05425372285222374,2026-07-16,77.20999908447266,0.07214091129220557,0.08110224773701313,D:\drive\Investment\分析报告\公司情景投资决策\结果\APH_经营情景市场状态投资决策_2026-07-15.md,https://query1.finance.yahoo.com/v8/finance/chart/APH?period1=1767225600&period2=1788566400&interval=1d&events=div%2Csplits
APH,Amphenol 安费诺,经营评估,2026-07-12,2026-07-13,77.99500274658203,77.99500274658203,2026-09-04,82.77999877929688,82.77999877929688,0.06135003351768642,0.06135003351768642,2026-07-13,79.16999816894531,0.045598088844816864,0.06135003351768642,D:\drive\Investment\分析报告\公司评估_淘汰\结果\APH_Amphenol_安费诺_收入传导估值评估_2026-07-12.md,https://query1.finance.yahoo.com/v8/finance/chart/APH?period1=1767225600&period2=1788566400&interval=1d&events=div%2Csplits
BDC,Belden,排序,2026-07-13,2026-07-13,102.26000213623048,102.26000213623048,2026-09-04,122.27999877929688,122.27999877929688,0.19577543736402236,0.19577543736402236,2026-07-14,103.91000366210938,0.17678755143655223,0.1672393688984779,历史28榜见historical_rankings.csv,https://query1.finance.yahoo.com/v8/finance/chart/BDC?period1=1767225600&period2=1788566400&interval=1d&events=div%2Csplits
BDC,Belden,公司对比,2026-07-14,2026-07-14,104.76000213623048,104.76000213623048,2026-09-04,122.27999877929688,122.27999877929688,0.1672393688984779,0.1672393688984779,2026-07-15,104.88999938964844,0.1657927303922231,0.204373094154229,公司对比历史原文见company_comparison_historical_sources.csv,https://query1.finance.yahoo.com/v8/finance/chart/BDC?period1=1767225600&period2=1788566400&interval=1d&events=div%2Csplits
BDC,Belden,情景决策,2026-07-15,2026-07-15,101.52999877929688,101.52999877929688,2026-09-04,122.27999877929688,122.27999877929688,0.204373094154229,0.204373094154229,2026-07-16,100.0,0.22279998779296872,0.20830041963178947,D:\drive\Investment\分析报告\公司情景投资决策\结果\BDC_经营情景市场状态投资决策_2026-07-15.md,https://query1.finance.yahoo.com/v8/finance/chart/BDC?period1=1767225600&period2=1788566400&interval=1d&events=div%2Csplits
BDC,Belden,经营评估,2026-07-12,2026-07-13,102.26000213623048,102.26000213623048,2026-09-04,122.27999877929688,122.27999877929688,0.19577543736402236,0.19577543736402236,2026-07-13,105.52999877929688,0.15872263994838653,0.19577543736402236,D:\drive\Investment\分析报告\公司评估_淘汰\结果\BDC_Belden_收入传导估值评估_2026-07-12.md,https://query1.finance.yahoo.com/v8/finance/chart/BDC?period1=1767225600&period2=1788566400&interval=1d&events=div%2Csplits
COHR,Coherent,排序,2026-07-13,2026-07-13,307.3900146484375,307.3900146484375,2026-09-04,281.8599853515625,281.8599853515625,-0.08305419200449216,-0.08305419200449216,2026-07-14,320.5,-0.12056166816985181,-0.0930270125306003,历史28榜见historical_rankings.csv,https://query1.finance.yahoo.com/v8/finance/chart/COHR?period1=1767225600&period2=1788566400&interval=1d&events=div%2Csplits
COHR,Coherent,公司对比,2026-07-14,2026-07-14,310.7699890136719,310.7699890136719,2026-09-04,281.8599853515625,281.8599853515625,-0.0930270125306003,-0.0930270125306003,2026-07-15,315.1199951171875,-0.10554712579649606,-0.058521007567315375,公司对比历史原文见company_comparison_historical_sources.csv,https://query1.finance.yahoo.com/v8/finance/chart/COHR?period1=1767225600&period2=1788566400&interval=1d&events=div%2Csplits
COHR,Coherent,情景决策,2026-07-15,2026-07-15,299.3800048828125,299.3800048828125,2026-09-04,281.8599853515625,281.8599853515625,-0.058521007567315375,-0.058521007567315375,2026-07-16,286.0899963378906,-0.014785595583468814,0.01769206400802159,D:\drive\Investment\分析报告\公司情景投资决策\结果\COHR_经营情景市场状态投资决策_2026-07-15.md,https://query1.finance.yahoo.com/v8/finance/chart/COHR?period1=1767225600&period2=1788566400&interval=1d&events=div%2Csplits
COHR,Coherent,经营评估,2026-07-12,2026-07-13,307.3900146484375,307.3900146484375,2026-09-04,281.8599853515625,281.8599853515625,-0.08305419200449216,-0.08305419200449216,2026-07-13,314.0,-0.10235673454916405,-0.08305419200449216,D:\drive\Investment\分析报告\公司评估_淘汰\结果\COHR_Coherent_收入传导估值评估_2026-07-12.md,https://query1.finance.yahoo.com/v8/finance/chart/COHR?period1=1767225600&period2=1788566400&interval=1d&events=div%2Csplits
CRDO,Credo Technology Group,排序,2026-07-13,2026-07-13,236.8800048828125,236.8800048828125,2026-09-04,170.57000732421875,170.57000732421875,-0.2799307505561651,-0.2799307505561651,2026-07-14,252.5050048828125,-0.32448860804410495,-0.27779654240920126,历史28榜见historical_rankings.csv,https://query1.finance.yahoo.com/v8/finance/chart/CRDO?period1=1767225600&period2=1788566400&interval=1d&events=div%2Csplits
CRDO,Credo Technology Group,公司对比,2026-07-14,2026-07-14,236.17999267578125,236.17999267578125,2026-09-04,170.57000732421875,170.57000732421875,-0.27779654240920126,-0.27779654240920126,2026-07-15,238.0,-0.28331929695706404,-0.24772866193936294,公司对比历史原文见company_comparison_historical_sources.csv,https://query1.finance.yahoo.com/v8/finance/chart/CRDO?period1=1767225600&period2=1788566400&interval=1d&events=div%2Csplits
CRDO,Credo Technology Group,情景决策,2026-07-15,2026-07-15,226.7400054931641,226.7400054931641,2026-09-04,170.57000732421875,170.57000732421875,-0.24772866193936294,-0.24772866193936294,2026-07-16,218.7400054931641,-0.22021576739171622,-0.17983359944684785,D:\drive\Investment\分析报告\公司情景投资决策\结果\备份\CRDO_2026-08-19T12_34_45-07_00-af0dc1c78c\CRDO_经营情景市场状态投资决策_2026-07-15.md,https://query1.finance.yahoo.com/v8/finance/chart/CRDO?period1=1767225600&period2=1788566400&interval=1d&events=div%2Csplits
CRDO,Credo Technology Group,经营评估,2026-07-12,2026-07-13,236.8800048828125,236.8800048828125,2026-09-04,170.57000732421875,170.57000732421875,-0.2799307505561651,-0.2799307505561651,2026-07-13,248.5200042724609,-0.31365683087138096,-0.2799307505561651,D:\drive\Investment\分析报告\公司评估_淘汰\备份\CRDO_2026-08-19T11_52_25-07_00-8a415bb4d6\CRDO_Credo_Technology_Group_收入传导估值评估_2026-07-12.md,https://query1.finance.yahoo.com/v8/finance/chart/CRDO?period1=1767225600&period2=1788566400&interval=1d&events=div%2Csplits
CSCO,Cisco Systems,排序,2026-07-13,2026-07-13,119.25,119.25,2026-09-04,109.1999969482422,109.1999969482422,-0.08427675515100874,-0.08427675515100874,2026-07-14,119.75,-0.08810023425267477,-0.06738406043570089,历史28榜见historical_rankings.csv,https://query1.finance.yahoo.com/v8/finance/chart/CSCO?period1=1767225600&period2=1788566400&interval=1d&events=div%2Csplits
CSCO,Cisco Systems,公司对比,2026-07-14,2026-07-14,117.08999633789062,117.08999633789062,2026-09-04,109.1999969482422,109.1999969482422,-0.06738406043570089,-0.06738406043570089,2026-07-15,117.1999969482422,-0.06825938744292759,-0.022993645629527992,公司对比历史原文见company_comparison_historical_sources.csv,https://query1.finance.yahoo.com/v8/finance/chart/CSCO?period1=1767225600&period2=1788566400&interval=1d&events=div%2Csplits
CSCO,Cisco Systems,情景决策,2026-07-15,2026-07-15,111.7699966430664,111.7699966430664,2026-09-04,109.1999969482422,109.1999969482422,-0.022993645629527992,-0.022993645629527992,2026-07-16,110.22000122070312,-0.00925425749559261,-0.004194844961747157,D:\drive\Investment\分析报告\公司情景投资决策\结果\CSCO_经营情景市场状态投资决策_2026-07-15.md,https://query1.finance.yahoo.com/v8/finance/chart/CSCO?period1=1767225600&period2=1788566400&interval=1d&events=div%2Csplits
CSCO,Cisco Systems,经营评估,2026-07-12,2026-07-13,119.25,119.25,2026-09-04,109.1999969482422,109.1999969482422,-0.08427675515100874,-0.08427675515100874,2026-07-13,119.97000122070312,-0.08977247781008069,-0.08427675515100874,D:\drive\Investment\分析报告\公司评估_淘汰\结果\CSCO_Cisco_Systems_收入传导估值评估_2026-07-12.md,https://query1.finance.yahoo.com/v8/finance/chart/CSCO?period1=1767225600&period2=1788566400&interval=1d&events=div%2Csplits
GLW,Corning,排序,2026-07-13,2026-07-13,183.1100006103516,182.76585388183597,2026-09-04,154.3000030517578,154.3000030517578,-0.1557503780136209,-0.15733710590662897,2026-07-14,192.97999572753903,-0.1989296682668401,-0.1761322228833273,历史28榜见historical_rankings.csv,https://query1.finance.yahoo.com/v8/finance/chart/GLW?period1=1767225600&period2=1788566400&interval=1d&events=div%2Csplits
GLW,Corning,公司对比,2026-07-14,2026-07-14,187.63999938964844,187.28733825683597,2026-09-04,154.3000030517578,154.3000030517578,-0.1761322228833273,-0.17768064616466794,2026-07-15,186.6000061035156,-0.17154052384449692,-0.1136371764166354,公司对比历史原文见company_comparison_historical_sources.csv,https://query1.finance.yahoo.com/v8/finance/chart/GLW?period1=1767225600&period2=1788566400&interval=1d&events=div%2Csplits
GLW,Corning,情景决策,2026-07-15,2026-07-15,174.41000366210938,174.08221435546875,2026-09-04,154.3000030517578,154.3000030517578,-0.1136371764166354,-0.1153030226942221,2026-07-16,166.5800018310547,-0.07197416110970445,-0.023987963019622693,D:\drive\Investment\分析报告\公司情景投资决策\结果\GLW_经营情景市场状态投资决策_2026-07-15.md,https://query1.finance.yahoo.com/v8/finance/chart/GLW?period1=1767225600&period2=1788566400&interval=1d&events=div%2Csplits
GLW,Corning,经营评估,2026-07-12,2026-07-13,183.1100006103516,182.76585388183597,2026-09-04,154.3000030517578,154.3000030517578,-0.1557503780136209,-0.15733710590662897,2026-07-13,185.25,-0.16550311040639698,-0.1557503780136209,D:\drive\Investment\分析报告\公司评估_淘汰\结果\GLW_Corning_收入传导估值评估_2026-07-12.md,https://query1.finance.yahoo.com/v8/finance/chart/GLW?period1=1767225600&period2=1788566400&interval=1d&events=div%2Csplits
LITE,Lumentum,排序,2026-07-13,2026-07-13,768.1500244140625,768.1500244140625,2026-09-04,881.2550048828125,881.2550048828125,0.1472433468384322,0.1472433468384322,2026-07-14,816.260009765625,0.07962535753264421,0.08155991419421715,历史28榜见historical_rankings.csv,https://query1.finance.yahoo.com/v8/finance/chart/LITE?period1=1767225600&period2=1788566400&interval=1d&events=div%2Csplits
LITE,Lumentum,公司对比,2026-07-14,2026-07-14,814.7999877929688,814.7999877929688,2026-09-04,881.2550048828125,881.2550048828125,0.08155991419421715,0.08155991419421715,2026-07-15,813.9500122070312,0.08268934414446805,0.17188165542927192,公司对比历史原文见company_comparison_historical_sources.csv,https://query1.finance.yahoo.com/v8/finance/chart/LITE?period1=1767225600&period2=1788566400&interval=1d&events=div%2Csplits
LITE,Lumentum,情景决策,2026-07-15,2026-07-15,752.0,752.0,2026-09-04,881.2550048828125,881.2550048828125,0.17188165542927192,0.17188165542927192,2026-07-16,731.3900146484375,0.20490434273485625,0.24783006846847844,D:\drive\Investment\分析报告\公司情景投资决策\结果\备份\LITE_2026-08-19T12_34_46-07_00-11fafc2364\LITE_经营情景市场状态投资决策_2026-07-15.md,https://query1.finance.yahoo.com/v8/finance/chart/LITE?period1=1767225600&period2=1788566400&interval=1d&events=div%2Csplits
LITE,Lumentum,经营评估,2026-07-12,2026-07-13,768.1500244140625,768.1500244140625,2026-09-04,881.2550048828125,881.2550048828125,0.1472433468384322,0.1472433468384322,2026-07-13,778.3800048828125,0.1321655224371907,0.1472433468384322,D:\drive\Investment\分析报告\公司评估_淘汰\备份\LITE_2026-08-19T11_52_26-07_00-f511b4f3e5\LITE_Lumentum_收入传导估值评估_2026-07-12.md,https://query1.finance.yahoo.com/v8/finance/chart/LITE?period1=1767225600&period2=1788566400&interval=1d&events=div%2Csplits
LWLG,Lightwave Logic,排序,2026-07-13,2026-07-13,6.46999979019165,6.46999979019165,2026-09-04,5.349999904632568,5.349999904632568,-0.17310663398428117,-0.17310663398428117,2026-07-14,6.71999979019165,-0.2038690369542423,-0.22125182041437774,历史28榜见historical_rankings.csv,https://query1.finance.yahoo.com/v8/finance/chart/LWLG?period1=1767225600&period2=1788566400&interval=1d&events=div%2Csplits
LWLG,Lightwave Logic,公司对比,2026-07-14,2026-07-14,6.869999885559082,6.869999885559082,2026-09-04,5.349999904632568,5.349999904632568,-0.22125182041437774,-0.22125182041437774,2026-07-15,6.889999866485596,-0.22351233551453464,-0.20740742153591585,公司对比历史原文见company_comparison_historical_sources.csv,https://query1.finance.yahoo.com/v8/finance/chart/LWLG?period1=1767225600&period2=1788566400&interval=1d&events=div%2Csplits
LWLG,Lightwave Logic,情景决策,2026-07-15,2026-07-15,6.75,6.75,2026-09-04,5.349999904632568,5.349999904632568,-0.20740742153591585,-0.20740742153591585,2026-07-16,6.480000019073486,-0.17438273319673325,-0.14944357121165008,D:\drive\Investment\分析报告\公司情景投资决策\结果\LWLG_经营情景市场状态投资决策_2026-07-15.md,https://query1.finance.yahoo.com/v8/finance/chart/LWLG?period1=1767225600&period2=1788566400&interval=1d&events=div%2Csplits
LWLG,Lightwave Logic,经营评估,2026-07-12,2026-07-13,6.46999979019165,6.46999979019165,2026-09-04,5.349999904632568,5.349999904632568,-0.17310663398428117,-0.17310663398428117,2026-07-13,6.590000152587891,-0.18816391794291154,-0.17310663398428117,D:\drive\Investment\分析报告\公司评估_淘汰\结果\LWLG_Lightwave_Logic_收入传导估值评估_2026-07-12.md,https://query1.finance.yahoo.com/v8/finance/chart/LWLG?period1=1767225600&period2=1788566400&interval=1d&events=div%2Csplits
NOK,诺基亚,排序,2026-07-13,2026-07-13,11.6899995803833,11.6899995803833,2026-09-04,10.029999732971191,10.029999732971191,-0.14200170290833147,-0.14200170290833147,2026-07-14,11.93000030517578,-0.15926240767825306,-0.14273505158277744,历史28榜见historical_rankings.csv,https://query1.finance.yahoo.com/v8/finance/chart/NOK?period1=1767225600&period2=1788566400&interval=1d&events=div%2Csplits
NOK,诺基亚,公司对比,2026-07-14,2026-07-14,11.699999809265137,11.699999809265137,2026-09-04,10.029999732971191,10.029999732971191,-0.14273505158277744,-0.14273505158277744,2026-07-15,12.050000190734863,-0.1676348901070418,-0.1084444681803386,公司对比历史原文见company_comparison_historical_sources.csv,https://query1.finance.yahoo.com/v8/finance/chart/NOK?period1=1767225600&period2=1788566400&interval=1d&events=div%2Csplits
NOK,诺基亚,情景决策,2026-07-15,2026-07-15,11.25,11.25,2026-09-04,10.029999732971191,10.029999732971191,-0.1084444681803386,-0.1084444681803386,2026-07-16,10.800000190734863,-0.07129633742268282,-0.03371872616675575,D:\drive\Investment\分析报告\公司情景投资决策\结果\NOK_经营情景市场状态投资决策_2026-07-15.md,https://query1.finance.yahoo.com/v8/finance/chart/NOK?period1=1767225600&period2=1788566400&interval=1d&events=div%2Csplits
NOK,诺基亚,经营评估,2026-07-12,2026-07-13,11.6899995803833,11.6899995803833,2026-09-04,10.029999732971191,10.029999732971191,-0.14200170290833147,-0.14200170290833147,2026-07-13,12.210000038146973,-0.17854220297829126,-0.14200170290833147,D:\drive\Investment\分析报告\公司评估_淘汰\结果\NOK_诺基亚_收入传导估值评估_2026-07-12.md,https://query1.finance.yahoo.com/v8/finance/chart/NOK?period1=1767225600&period2=1788566400&interval=1d&events=div%2Csplits
TEL,TE Connectivity,排序,2026-07-13,2026-07-13,198.17999267578125,197.4091644287109,2026-09-04,208.6499938964844,208.6499938964844,0.05694178130130734,0.05283076802728459,2026-07-14,201.25999450683597,0.04076671211055749,0.04221667437107457,历史28榜见historical_rankings.csv,https://query1.finance.yahoo.com/v8/finance/chart/TEL?period1=1767225600&period2=1788566400&interval=1d&events=div%2Csplits
TEL,TE Connectivity,公司对比,2026-07-14,2026-07-14,200.97999572753903,200.1982879638672,2026-09-04,208.6499938964844,208.6499938964844,0.04221667437107457,0.038162992994304146,2026-07-15,202.83999633789065,0.0326597825716648,0.040353185283652504,公司对比历史原文见company_comparison_historical_sources.csv,https://query1.finance.yahoo.com/v8/finance/chart/TEL?period1=1767225600&period2=1788566400&interval=1d&events=div%2Csplits
TEL,TE Connectivity,情景决策,2026-07-15,2026-07-15,201.33999633789065,200.556884765625,2026-09-04,208.6499938964844,208.6499938964844,0.040353185283652504,0.03630673334435763,2026-07-16,198.4499969482422,0.05550373969272426,0.03403616699102674,D:\drive\Investment\分析报告\公司情景投资决策\结果\备份\TEL_2026-08-19T12_34_34-07_00-80a773233e\TEL_经营情景市场状态投资决策_2026-07-15.md,https://query1.finance.yahoo.com/v8/finance/chart/TEL?period1=1767225600&period2=1788566400&interval=1d&events=div%2Csplits
TEL,TE Connectivity,经营评估,2026-07-12,2026-07-13,198.17999267578125,197.4091644287109,2026-09-04,208.6499938964844,208.6499938964844,0.05694178130130734,0.05283076802728459,2026-07-13,199.63999938964844,0.04921215747048979,0.05694178130130734,D:\drive\Investment\分析报告\公司评估_淘汰\备份\TEL_2026-08-19T11_52_15-07_00-96184fbea4\TEL_TE_Connectivity_收入传导估值评估_2026-07-12.md,https://query1.finance.yahoo.com/v8/finance/chart/TEL?period1=1767225600&period2=1788566400&interval=1d&events=div%2Csplits
VIAV,VIAVI Solutions,排序,2026-07-13,2026-07-13,40.91999816894531,40.91999816894531,2026-09-04,34.86000061035156,34.86000061035156,-0.14809378860609912,-0.14809378860609912,2026-07-14,42.47999954223633,-0.17937850786247012,-0.1670250446506456,历史28榜见historical_rankings.csv,https://query1.finance.yahoo.com/v8/finance/chart/VIAV?period1=1767225600&period2=1788566400&interval=1d&events=div%2Csplits
VIAV,VIAVI Solutions,公司对比,2026-07-14,2026-07-14,41.84999847412109,41.84999847412109,2026-09-04,34.86000061035156,34.86000061035156,-0.1670250446506456,-0.1670250446506456,2026-07-15,42.47999954223633,-0.17937850786247012,-0.13110664161441188,公司对比历史原文见company_comparison_historical_sources.csv,https://query1.finance.yahoo.com/v8/finance/chart/VIAV?period1=1767225600&period2=1788566400&interval=1d&events=div%2Csplits
VIAV,VIAVI Solutions,情景决策,2026-07-15,2026-07-15,40.119998931884766,40.119998931884766,2026-09-04,34.86000061035156,34.86000061035156,-0.13110664161441188,-0.13110664161441188,2026-07-16,38.720001220703125,-0.09969009526496775,-0.05605198152500712,D:\drive\Investment\分析报告\公司情景投资决策\结果\VIAV_经营情景市场状态投资决策_2026-07-15.md,https://query1.finance.yahoo.com/v8/finance/chart/VIAV?period1=1767225600&period2=1788566400&interval=1d&events=div%2Csplits
VIAV,VIAVI Solutions,经营评估,2026-07-12,2026-07-13,40.91999816894531,40.91999816894531,2026-09-04,34.86000061035156,34.86000061035156,-0.14809378860609912,-0.14809378860609912,2026-07-13,41.81999969482422,-0.16642752595079646,-0.14809378860609912,D:\drive\Investment\分析报告\公司评估_淘汰\结果\VIAV_VIAVI_Solutions_收入传导估值评估_2026-07-12.md,https://query1.finance.yahoo.com/v8/finance/chart/VIAV?period1=1767225600&period2=1788566400&interval=1d&events=div%2Csplits
VISN,Vistance Networks,排序,2026-07-13,2026-07-13,12.130000114440918,6.9150390625,2026-09-04,6.400000095367432,6.400000095367432,-0.07448099171638889,-0.47238251978677637,2026-07-14,12.329999923706056,-0.08949348362846132,-0.07141893004923805,历史28榜见historical_rankings.csv,https://query1.finance.yahoo.com/v8/finance/chart/VISN?period1=1767225600&period2=1788566400&interval=1d&events=div%2Csplits
VISN,Vistance Networks,公司对比,2026-07-14,2026-07-14,12.09000015258789,6.892236232757568,2026-09-04,6.400000095367432,6.400000095367432,-0.07141893004923805,-0.47063688878469556,2026-07-15,12.270000457763672,-0.08504114219857806,-0.08875439268275465,公司对比历史原文见company_comparison_historical_sources.csv,https://query1.finance.yahoo.com/v8/finance/chart/VISN?period1=1767225600&period2=1788566400&interval=1d&events=div%2Csplits
VISN,Vistance Networks,情景决策,2026-07-15,2026-07-15,12.31999969482422,7.023353576660156,2026-09-04,6.400000095367432,6.400000095367432,-0.08875439268275465,-0.4805194599106891,2026-07-16,12.210000038146973,-0.08054500380067886,-0.0706501978831211,D:\drive\Investment\分析报告\公司情景投资决策\结果\VISN_经营情景市场状态投资决策_2026-07-15.md,https://query1.finance.yahoo.com/v8/finance/chart/VISN?period1=1767225600&period2=1788566400&interval=1d&events=div%2Csplits
VISN,Vistance Networks,经营评估,2026-07-12,2026-07-13,12.130000114440918,6.9150390625,2026-09-04,6.400000095367432,6.400000095367432,-0.07448099171638889,-0.47238251978677637,2026-07-13,12.390000343322754,-0.09390271466395217,-0.07448099171638889,D:\drive\Investment\分析报告\公司评估_淘汰\结果\VISN_Vistance_Networks_收入传导估值评估_2026-07-12.md,https://query1.finance.yahoo.com/v8/finance/chart/VISN?period1=1767225600&period2=1788566400&interval=1d&events=div%2Csplits
AAOI,Applied Optoelectronics,排序,2026-07-13,2026-07-13,111.87999725341795,111.87999725341795,2026-09-04,105.52999877929688,105.52999877929688,-0.05675722765471458,-0.05675722765471458,2026-07-14,119.41999816894533,-0.11631217218742584,-0.15878835116404078,历史28榜见historical_rankings.csv,https://query1.finance.yahoo.com/v8/finance/chart/AAOI?period1=1767225600&period2=1788566400&interval=1d&events=div%2Csplits
AAOI,Applied Optoelectronics,公司对比,2026-07-14,2026-07-14,125.4499969482422,125.4499969482422,2026-09-04,105.52999877929688,105.52999877929688,-0.15878835116404078,-0.15878835116404078,2026-07-15,123.78500366210938,-0.14747347693782364,-0.03263358399579708,公司对比历史原文见company_comparison_historical_sources.csv,https://query1.finance.yahoo.com/v8/finance/chart/AAOI?period1=1767225600&period2=1788566400&interval=1d&events=div%2Csplits
AAOI,Applied Optoelectronics,情景决策,2026-07-15,2026-07-15,109.08999633789062,109.08999633789062,2026-09-04,105.52999877929688,105.52999877929688,-0.03263358399579708,-0.03263358399579708,2026-07-16,105.0,0.005047607421875044,0.0527733542324762,D:\drive\Investment\分析报告\公司情景投资决策\结果\AAOI_经营情景市场状态投资决策_2026-07-15.md,https://query1.finance.yahoo.com/v8/finance/chart/AAOI?period1=1767225600&period2=1788566400&interval=1d&events=div%2Csplits
AAOI,Applied Optoelectronics,经营评估,2026-07-12,2026-07-13,111.87999725341795,111.87999725341795,2026-09-04,105.52999877929688,105.52999877929688,-0.05675722765471458,-0.05675722765471458,2026-07-13,115.91500091552734,-0.08959152874267329,-0.05675722765471458,D:\drive\Investment\分析报告\公司评估_淘汰\结果\AAOI_Applied_Optoelectronics_收入传导估值评估_2026-07-12.md,https://query1.finance.yahoo.com/v8/finance/chart/AAOI?period1=1767225600&period2=1788566400&interval=1d&events=div%2Csplits
BELFB,Bel Fuse Inc,排序,2026-07-13,2026-07-13,263.260009765625,263.1940612792969,2026-09-04,243.7899932861328,243.7899932861328,-0.07372532609150628,-0.07395736442016376,2026-07-14,272.8099975585937,-0.1061504426767308,-0.12720182266372604,历史28榜见historical_rankings.csv,https://query1.finance.yahoo.com/v8/finance/chart/BELFB?period1=1767225600&period2=1788566400&interval=1d&events=div%2Csplits
BELFB,Bel Fuse Inc,公司对比,2026-07-14,2026-07-14,279.3900146484375,279.32000732421875,2026-09-04,243.7899932861328,243.7899932861328,-0.12720182266372604,-0.12742052147819583,2026-07-15,276.7799987792969,-0.11919215853263354,-0.11349093350497164,公司对比历史原文见company_comparison_historical_sources.csv,https://query1.finance.yahoo.com/v8/finance/chart/BELFB?period1=1767225600&period2=1788566400&interval=1d&events=div%2Csplits
BELFB,Bel Fuse Inc,情景决策,2026-07-15,2026-07-15,275.0,275.0,2026-09-04,243.7899932861328,243.7899932861328,-0.11349093350497164,-0.11349093350497164,2026-07-16,269.69000244140625,-0.09603622277729984,-0.08624436116800427,D:\drive\Investment\分析报告\公司情景投资决策\结果\BELFB_经营情景市场状态投资决策_2026-07-15.md,https://query1.finance.yahoo.com/v8/finance/chart/BELFB?period1=1767225600&period2=1788566400&interval=1d&events=div%2Csplits
BELFB,Bel Fuse Inc,经营评估,2026-07-12,2026-07-13,263.260009765625,263.1940612792969,2026-09-04,243.7899932861328,243.7899932861328,-0.07372532609150628,-0.07395736442016376,2026-07-13,272.1700134277344,-0.10404869137596007,-0.07372532609150628,D:\drive\Investment\分析报告\公司评估_淘汰\结果\BELFB_Bel_Fuse_Inc_收入传导估值评估_2026-07-12.md,https://query1.finance.yahoo.com/v8/finance/chart/BELFB?period1=1767225600&period2=1788566400&interval=1d&events=div%2Csplits
CIEN,Ciena Corporation,排序,2026-07-13,2026-07-13,445.4400024414063,445.4400024414063,2026-09-04,321.0,321.0,-0.27936422808765426,-0.27936422808765426,2026-07-14,460.8800048828125,-0.303506343084638,-0.2817667078502277,历史28榜见historical_rankings.csv,https://query1.finance.yahoo.com/v8/finance/chart/CIEN?period1=1767225600&period2=1788566400&interval=1d&events=div%2Csplits
CIEN,Ciena Corporation,公司对比,2026-07-14,2026-07-14,446.9299926757813,446.9299926757813,2026-09-04,321.0,321.0,-0.2817667078502277,-0.2817667078502277,2026-07-15,451.010009765625,-0.28826413372330006,-0.23290157588587657,公司对比历史原文见company_comparison_historical_sources.csv,https://query1.finance.yahoo.com/v8/finance/chart/CIEN?period1=1767225600&period2=1788566400&interval=1d&events=div%2Csplits
CIEN,Ciena Corporation,情景决策,2026-07-15,2026-07-15,418.4599914550781,418.4599914550781,2026-09-04,321.0,321.0,-0.23290157588587657,-0.23290157588587657,2026-07-16,404.7900085449219,-0.20699623700228564,-0.17440394533161352,D:\drive\Investment\分析报告\公司情景投资决策\结果\CIEN_经营情景市场状态投资决策_2026-07-15.md,https://query1.finance.yahoo.com/v8/finance/chart/CIEN?period1=1767225600&period2=1788566400&interval=1d&events=div%2Csplits
CIEN,Ciena Corporation,经营评估,2026-07-12,2026-07-13,445.4400024414063,445.4400024414063,2026-09-04,321.0,321.0,-0.27936422808765426,-0.27936422808765426,2026-07-13,448.6700134277344,-0.28455214212415314,-0.27936422808765426,D:\drive\Investment\分析报告\公司评估_淘汰\结果\CIEN_Ciena_Corporation_收入传导估值评估_2026-07-12.md,https://query1.finance.yahoo.com/v8/finance/chart/CIEN?period1=1767225600&period2=1788566400&interval=1d&events=div%2Csplits
MTSI,MACOM Technology Solutions,排序,2026-07-13,2026-07-13,294.239990234375,294.239990234375,2026-09-04,268.95001220703125,268.95001220703125,-0.08595017287486717,-0.08595017287486717,2026-07-14,309.8900146484375,-0.13211139599916333,-0.1087287794829973,历史28榜见historical_rankings.csv,https://query1.finance.yahoo.com/v8/finance/chart/MTSI?period1=1767225600&period2=1788566400&interval=1d&events=div%2Csplits
MTSI,MACOM Technology Solutions,公司对比,2026-07-14,2026-07-14,301.760009765625,301.760009765625,2026-09-04,268.95001220703125,268.95001220703125,-0.1087287794829973,-0.1087287794829973,2026-07-15,302.4599914550781,-0.1107914441405512,-0.08214448743808245,公司对比历史原文见company_comparison_historical_sources.csv,https://query1.finance.yahoo.com/v8/finance/chart/MTSI?period1=1767225600&period2=1788566400&interval=1d&events=div%2Csplits
MTSI,MACOM Technology Solutions,情景决策,2026-07-15,2026-07-15,293.0199890136719,293.0199890136719,2026-09-04,268.95001220703125,268.95001220703125,-0.08214448743808245,-0.08214448743808245,2026-07-16,282.3299865722656,-0.04739126200400823,-0.023739439758881375,D:\drive\Investment\分析报告\公司情景投资决策\结果\MTSI_经营情景市场状态投资决策_2026-07-15.md,https://query1.finance.yahoo.com/v8/finance/chart/MTSI?period1=1767225600&period2=1788566400&interval=1d&events=div%2Csplits
MTSI,MACOM Technology Solutions,经营评估,2026-07-12,2026-07-13,294.239990234375,294.239990234375,2026-09-04,268.95001220703125,268.95001220703125,-0.08595017287486717,-0.08595017287486717,2026-07-13,300.3500061035156,-0.10454467540667323,-0.08595017287486717,D:\drive\Investment\分析报告\公司评估_淘汰\结果\MTSI_MACOM_Technology_Solutions_收入传导估值评估_2026-07-12.md,https://query1.finance.yahoo.com/v8/finance/chart/MTSI?period1=1767225600&period2=1788566400&interval=1d&events=div%2Csplits
POET,POET Technologies,排序,2026-07-13,2026-07-13,8.0,8.0,2026-09-04,7.920000076293945,7.920000076293945,-0.009999990463256836,-0.009999990463256836,2026-07-14,8.380000114440918,-0.054892605234488356,-0.1010216005598642,历史28榜见historical_rankings.csv,https://query1.finance.yahoo.com/v8/finance/chart/POET?period1=1767225600&period2=1788566400&interval=1d&events=div%2Csplits
POET,POET Technologies,公司对比,2026-07-14,2026-07-14,8.8100004196167,8.8100004196167,2026-09-04,7.920000076293945,7.920000076293945,-0.1010216005598642,-0.1010216005598642,2026-07-15,8.970000267028809,-0.11705687396625486,-0.04232168828251448,公司对比历史原文见company_comparison_historical_sources.csv,https://query1.finance.yahoo.com/v8/finance/chart/POET?period1=1767225600&period2=1788566400&interval=1d&events=div%2Csplits
POET,POET Technologies,情景决策,2026-07-15,2026-07-15,8.270000457763672,8.270000457763672,2026-09-04,7.920000076293945,7.920000076293945,-0.04232168828251448,-0.04232168828251448,2026-07-16,7.929999828338623,-0.0012610028072059798,0.032594523795728136,D:\drive\Investment\分析报告\公司情景投资决策\结果\POET_经营情景市场状态投资决策_2026-07-15.md,https://query1.finance.yahoo.com/v8/finance/chart/POET?period1=1767225600&period2=1788566400&interval=1d&events=div%2Csplits
POET,POET Technologies,经营评估,2026-07-12,2026-07-13,8.0,8.0,2026-09-04,7.920000076293945,7.920000076293945,-0.009999990463256836,-0.009999990463256836,2026-07-13,8.220000267028809,-0.03649637238312409,-0.009999990463256836,D:\drive\Investment\分析报告\公司评估_淘汰\结果\POET_POET_Technologies_收入传导估值评估_2026-07-12.md,https://query1.finance.yahoo.com/v8/finance/chart/POET?period1=1767225600&period2=1788566400&interval=1d&events=div%2Csplits
SITM,SiTime Corporation,排序,2026-07-13,2026-07-13,602.5499877929688,602.5499877929688,2026-09-04,612.0900268554688,612.0900268554688,0.015832776127742365,0.015832776127742365,2026-07-14,634.97998046875,-0.03604830753307153,-0.018819213427949233,历史28榜见historical_rankings.csv,https://query1.finance.yahoo.com/v8/finance/chart/SITM?period1=1767225600&period2=1788566400&interval=1d&events=div%2Csplits
SITM,SiTime Corporation,公司对比,2026-07-14,2026-07-14,623.8300170898438,623.8300170898438,2026-09-04,612.0900268554688,612.0900268554688,-0.018819213427949233,-0.018819213427949233,2026-07-15,636.0399780273438,-0.03765478900580266,-0.00047352628275187936,公司对比历史原文见company_comparison_historical_sources.csv,https://query1.finance.yahoo.com/v8/finance/chart/SITM?period1=1767225600&period2=1788566400&interval=1d&events=div%2Csplits
SITM,SiTime Corporation,情景决策,2026-07-15,2026-07-15,612.3800048828125,612.3800048828125,2026-09-04,612.0900268554688,612.0900268554688,-0.00047352628275187936,-0.00047352628275187936,2026-07-16,583.510009765625,0.04897948040569733,0.08413184388777672,D:\drive\Investment\分析报告\公司情景投资决策\结果\SITM_经营情景市场状态投资决策_2026-07-15.md,https://query1.finance.yahoo.com/v8/finance/chart/SITM?period1=1767225600&period2=1788566400&interval=1d&events=div%2Csplits
SITM,SiTime Corporation,经营评估,2026-07-12,2026-07-13,602.5499877929688,602.5499877929688,2026-09-04,612.0900268554688,612.0900268554688,0.015832776127742365,0.015832776127742365,2026-07-13,607.1500244140625,0.008136378560099189,0.015832776127742365,D:\drive\Investment\分析报告\公司评估_淘汰\结果\SITM_SiTime_Corporation_收入传导估值评估_2026-07-12.md,https://query1.finance.yahoo.com/v8/finance/chart/SITM?period1=1767225600&period2=1788566400&interval=1d&events=div%2Csplits
SMTC,Semtech Corporation,排序,2026-07-13,2026-07-13,132.14999389648438,132.14999389648438,2026-09-04,147.88999938964844,147.88999938964844,0.1191071223619844,0.1191071223619844,2026-07-14,145.0399932861328,0.019649794783795693,0.04619410548317937,历史28榜见historical_rankings.csv,https://query1.finance.yahoo.com/v8/finance/chart/SMTC?period1=1767225600&period2=1788566400&interval=1d&events=div%2Csplits
SMTC,Semtech Corporation,公司对比,2026-07-14,2026-07-14,141.36000061035156,141.36000061035156,2026-09-04,147.88999938964844,147.88999938964844,0.04619410548317937,0.04619410548317937,2026-07-15,144.19000244140625,0.02566056512652981,0.0936991425422753,公司对比历史原文见company_comparison_historical_sources.csv,https://query1.finance.yahoo.com/v8/finance/chart/SMTC?period1=1767225600&period2=1788566400&interval=1d&events=div%2Csplits
SMTC,Semtech Corporation,情景决策,2026-07-15,2026-07-15,135.22000122070312,135.22000122070312,2026-09-04,147.88999938964844,147.88999938964844,0.0936991425422753,0.0936991425422753,2026-07-16,131.25999450683594,0.1266951514457546,0.1585585399281504,D:\drive\Investment\分析报告\公司情景投资决策\结果\SMTC_经营情景市场状态投资决策_2026-07-15.md,https://query1.finance.yahoo.com/v8/finance/chart/SMTC?period1=1767225600&period2=1788566400&interval=1d&events=div%2Csplits
SMTC,Semtech Corporation,经营评估,2026-07-12,2026-07-13,132.14999389648438,132.14999389648438,2026-09-04,147.88999938964844,147.88999938964844,0.1191071223619844,0.1191071223619844,2026-07-13,130.16000366210938,0.13621692707973088,0.1191071223619844,D:\drive\Investment\分析报告\公司评估_淘汰\结果\SMTC_Semtech_Corporation_收入传导估值评估_2026-07-12.md,https://query1.finance.yahoo.com/v8/finance/chart/SMTC?period1=1767225600&period2=1788566400&interval=1d&events=div%2Csplits
AJNMY,味之素 Ajinomoto,排序,2026-07-13,2026-07-13,34.79999923706055,34.79999923706055,2026-09-04,33.369998931884766,33.369998931884766,-0.04109196369328916,-0.04109196369328916,2026-07-14,35.31999969482422,-0.055209535101587326,-0.051719231766120366,历史28榜见historical_rankings.csv,https://query1.finance.yahoo.com/v8/finance/chart/AJNMY?period1=1767225600&period2=1788566400&interval=1d&events=div%2Csplits
AJNMY,味之素 Ajinomoto,公司对比,2026-07-14,2026-07-14,35.189998626708984,35.189998626708984,2026-09-04,33.369998931884766,33.369998931884766,-0.051719231766120366,-0.051719231766120366,2026-07-15,34.5,-0.0327536541482677,-0.03303388713690869,公司对比历史原文见company_comparison_historical_sources.csv,https://query1.finance.yahoo.com/v8/finance/chart/AJNMY?period1=1767225600&period2=1788566400&interval=1d&events=div%2Csplits
AJNMY,味之素 Ajinomoto,情景决策,2026-07-15,2026-07-15,34.5099983215332,34.5099983215332,2026-09-04,33.369998931884766,33.369998931884766,-0.03303388713690869,-0.03303388713690869,2026-07-16,32.880001068115234,0.014902610944398598,0.013977486678986573,D:\drive\Investment\分析报告\公司情景投资决策\结果\AJNMY_经营情景市场状态投资决策_2026-07-15.md,https://query1.finance.yahoo.com/v8/finance/chart/AJNMY?period1=1767225600&period2=1788566400&interval=1d&events=div%2Csplits
AJNMY,味之素 Ajinomoto,经营评估,2026-07-12,2026-07-13,34.79999923706055,34.79999923706055,2026-09-04,33.369998931884766,33.369998931884766,-0.04109196369328916,-0.04109196369328916,2026-07-13,34.72999954223633,-0.0391592464231858,-0.04109196369328916,D:\drive\Investment\分析报告\公司评估_淘汰\结果\AJNMY_味之素_Ajinomoto_收入传导估值评估_2026-07-12.md,https://query1.finance.yahoo.com/v8/finance/chart/AJNMY?period1=1767225600&period2=1788566400&interval=1d&events=div%2Csplits
APD,Air Products and Chemicals,排序,2026-07-13,2026-07-13,301.9599914550781,301.9599914550781,2026-09-04,301.2699890136719,301.2699890136719,-0.0022850790201750515,-0.0022850790201750515,2026-07-14,303.69000244140625,-0.00796869639526998,0.006245808801967012,历史28榜见historical_rankings.csv,https://query1.finance.yahoo.com/v8/finance/chart/APD?period1=1767225600&period2=1788566400&interval=1d&events=div%2Csplits
APD,Air Products and Chemicals,公司对比,2026-07-14,2026-07-14,299.3999938964844,299.3999938964844,2026-09-04,301.2699890136719,301.2699890136719,0.006245808801967012,0.006245808801967012,2026-07-15,297.7699890136719,0.011754038785417364,0.025809481117008426,公司对比历史原文见company_comparison_historical_sources.csv,https://query1.finance.yahoo.com/v8/finance/chart/APD?period1=1767225600&period2=1788566400&interval=1d&events=div%2Csplits
APD,Air Products and Chemicals,情景决策,2026-07-15,2026-07-15,293.69000244140625,293.69000244140625,2026-09-04,301.2699890136719,301.2699890136719,0.025809481117008426,0.025809481117008426,2026-07-16,292.2200012207031,0.030969775358167917,0.013387535249603344,D:\drive\Investment\分析报告\公司情景投资决策\结果\APD_经营情景市场状态投资决策_2026-07-15.md,https://query1.finance.yahoo.com/v8/finance/chart/APD?period1=1767225600&period2=1788566400&interval=1d&events=div%2Csplits
APD,Air Products and Chemicals,经营评估,2026-07-12,2026-07-13,301.9599914550781,301.9599914550781,2026-09-04,301.2699890136719,301.2699890136719,-0.0022850790201750515,-0.0022850790201750515,2026-07-13,300.9200134277344,0.0011630186438946755,-0.0022850790201750515,D:\drive\Investment\分析报告\公司评估_淘汰\结果\APD_Air_Products_and_Chemicals_收入传导估值评估_2026-07-12.md,https://query1.finance.yahoo.com/v8/finance/chart/APD?period1=1767225600&period2=1788566400&interval=1d&events=div%2Csplits
ASGLY,AGC Inc,排序,2026-07-13,2026-07-13,7.670000076293945,7.670000076293945,2026-09-04,7.070000171661377,7.070000171661377,-0.07822684467592356,-0.07822684467592356,2026-07-14,7.929999828338623,-0.10844888717449319,-0.11403506832544652,历史28榜见historical_rankings.csv,https://query1.finance.yahoo.com/v8/finance/chart/ASGLY?period1=1767225600&period2=1788566400&interval=1d&events=div%2Csplits
ASGLY,AGC Inc,公司对比,2026-07-14,2026-07-14,7.980000019073486,7.980000019073486,2026-09-04,7.070000171661377,7.070000171661377,-0.11403506832544652,-0.11403506832544652,2026-07-15,8.100000381469727,-0.12716051374079795,-0.1325152757569893,公司对比历史原文见company_comparison_historical_sources.csv,https://query1.finance.yahoo.com/v8/finance/chart/ASGLY?period1=1767225600&period2=1788566400&interval=1d&events=div%2Csplits
ASGLY,AGC Inc,情景决策,2026-07-15,2026-07-15,8.149999618530273,8.149999618530273,2026-09-04,7.070000171661377,7.070000171661377,-0.1325152757569893,-0.1325152757569893,2026-07-16,8.039999961853027,-0.12064674064601466,-0.07942704040518245,D:\drive\Investment\分析报告\公司情景投资决策\结果\ASGLY_经营情景市场状态投资决策_2026-07-15.md,https://query1.finance.yahoo.com/v8/finance/chart/ASGLY?period1=1767225600&period2=1788566400&interval=1d&events=div%2Csplits
ASGLY,AGC Inc,经营评估,2026-07-12,2026-07-13,7.670000076293945,7.670000076293945,2026-09-04,7.070000171661377,7.070000171661377,-0.07822684467592356,-0.07822684467592356,2026-07-13,7.869999885559082,-0.10165180756427339,-0.07822684467592356,D:\drive\Investment\分析报告\公司评估_淘汰\结果\ASGLY_AGC_Inc_收入传导估值评估_2026-07-12.md,https://query1.finance.yahoo.com/v8/finance/chart/ASGLY?period1=1767225600&period2=1788566400&interval=1d&events=div%2Csplits
AXTI,AXT Inc,排序,2026-07-13,2026-07-13,50.459999084472656,50.459999084472656,2026-09-04,61.63999938964844,61.63999938964844,0.22156164304442183,0.22156164304442183,2026-07-14,54.81999969482422,0.12440714580062506,0.07069653841235168,历史28榜见historical_rankings.csv,https://query1.finance.yahoo.com/v8/finance/chart/AXTI?period1=1767225600&period2=1788566400&interval=1d&events=div%2Csplits
AXTI,AXT Inc,公司对比,2026-07-14,2026-07-14,57.56999969482422,57.56999969482422,2026-09-04,61.63999938964844,61.63999938964844,0.07069653841235168,0.07069653841235168,2026-07-15,55.77000045776367,0.10525370062226003,0.15387498132640642,公司对比历史原文见company_comparison_historical_sources.csv,https://query1.finance.yahoo.com/v8/finance/chart/AXTI?period1=1767225600&period2=1788566400&interval=1d&events=div%2Csplits
AXTI,AXT Inc,情景决策,2026-07-15,2026-07-15,53.41999816894531,53.41999816894531,2026-09-04,61.63999938964844,61.63999938964844,0.15387498132640642,0.15387498132640642,2026-07-16,50.90999984741211,0.2107640851384085,0.3526442791846107,D:\drive\Investment\分析报告\公司情景投资决策\结果\AXTI_经营情景市场状态投资决策_2026-07-15.md,https://query1.finance.yahoo.com/v8/finance/chart/AXTI?period1=1767225600&period2=1788566400&interval=1d&events=div%2Csplits
AXTI,AXT Inc,经营评估,2026-07-12,2026-07-13,50.459999084472656,50.459999084472656,2026-09-04,61.63999938964844,61.63999938964844,0.22156164304442183,0.22156164304442183,2026-07-13,55.0,0.1207272616299715,0.22156164304442183,D:\drive\Investment\分析报告\公司评估_淘汰\结果\AXTI_AXT_Inc_收入传导估值评估_2026-07-12.md,https://query1.finance.yahoo.com/v8/finance/chart/AXTI?period1=1767225600&period2=1788566400&interval=1d&events=div%2Csplits
HOCPY,HOYA Corporation,排序,2026-07-13,2026-07-13,157.5,157.5,2026-09-04,156.10000610351562,156.10000610351562,-0.008888850136408721,-0.008888850136408721,2026-07-14,159.36000061035156,-0.02045679276073109,-0.014644565662445985,历史28榜见historical_rankings.csv,https://query1.finance.yahoo.com/v8/finance/chart/HOCPY?period1=1767225600&period2=1788566400&interval=1d&events=div%2Csplits
HOCPY,HOYA Corporation,公司对比,2026-07-14,2026-07-14,158.4199981689453,158.4199981689453,2026-09-04,156.10000610351562,156.10000610351562,-0.014644565662445985,-0.014644565662445985,2026-07-15,154.6699981689453,0.009245541808362345,0.009702457572968282,公司对比历史原文见company_comparison_historical_sources.csv,https://query1.finance.yahoo.com/v8/finance/chart/HOCPY?period1=1767225600&period2=1788566400&interval=1d&events=div%2Csplits
HOCPY,HOYA Corporation,情景决策,2026-07-15,2026-07-15,154.60000610351562,154.60000610351562,2026-09-04,156.10000610351562,156.10000610351562,0.009702457572968282,0.009702457572968282,2026-07-16,153.27999877929688,0.01839775147884226,0.020595025943932477,D:\drive\Investment\分析报告\公司情景投资决策\结果\HOCPY_经营情景市场状态投资决策_2026-07-15.md,https://query1.finance.yahoo.com/v8/finance/chart/HOCPY?period1=1767225600&period2=1788566400&interval=1d&events=div%2Csplits
HOCPY,HOYA Corporation,经营评估,2026-07-12,2026-07-13,157.5,157.5,2026-09-04,156.10000610351562,156.10000610351562,-0.008888850136408721,-0.008888850136408721,2026-07-13,157.75,-0.010459549264560275,-0.008888850136408721,D:\drive\Investment\分析报告\公司评估_淘汰\结果\HOCPY_HOYA_Corporation_收入传导估值评估_2026-07-12.md,https://query1.finance.yahoo.com/v8/finance/chart/HOCPY?period1=1767225600&period2=1788566400&interval=1d&events=div%2Csplits
LIN,Linde plc,排序,2026-07-13,2026-07-13,524.0599975585938,522.33984375,2026-09-04,477.5700073242188,477.5700073242188,-0.08571016927287811,-0.08871119805166394,2026-07-14,524.4000244140625,-0.08630303247182514,-0.08305061387330459,历史28榜见historical_rankings.csv,https://query1.finance.yahoo.com/v8/finance/chart/LIN?period1=1767225600&period2=1788566400&interval=1d&events=div%2Csplits
LIN,Linde plc,公司对比,2026-07-14,2026-07-14,522.5399780273438,520.8248291015625,2026-09-04,477.5700073242188,477.5700073242188,-0.08305061387330459,-0.0860603448426902,2026-07-15,518.6400146484375,-0.076155503764189,-0.06808771699143312,公司对比历史原文见company_comparison_historical_sources.csv,https://query1.finance.yahoo.com/v8/finance/chart/LIN?period1=1767225600&period2=1788566400&interval=1d&events=div%2Csplits
LIN,Linde plc,情景决策,2026-07-15,2026-07-15,514.1500244140625,512.46240234375,2026-09-04,477.5700073242188,477.5700073242188,-0.06808771699143312,-0.07114658242315786,2026-07-16,513.239990234375,-0.06643526181359816,-0.07988100377254903,D:\drive\Investment\分析报告\公司情景投资决策\结果\LIN_经营情景市场状态投资决策_2026-07-15.md,https://query1.finance.yahoo.com/v8/finance/chart/LIN?period1=1767225600&period2=1788566400&interval=1d&events=div%2Csplits
LIN,Linde plc,经营评估,2026-07-12,2026-07-13,524.0599975585938,522.33984375,2026-09-04,477.5700073242188,477.5700073242188,-0.08571016927287811,-0.08871119805166394,2026-07-13,530.9199829101562,-0.09752365350357428,-0.08571016927287811,D:\drive\Investment\分析报告\公司评估_淘汰\结果\LIN_Linde_plc_收入传导估值评估_2026-07-12.md,https://query1.finance.yahoo.com/v8/finance/chart/LIN?period1=1767225600&period2=1788566400&interval=1d&events=div%2Csplits
MMM,3M,排序,2026-07-13,2026-07-13,157.6999969482422,157.0126495361328,2026-09-04,168.55999755859375,168.55999755859375,0.07354406193752938,0.06886493862086662,2026-07-14,158.77000427246094,0.06630905965383493,0.08122296575057342,历史28榜见historical_rankings.csv,https://query1.finance.yahoo.com/v8/finance/chart/MMM?period1=1767225600&period2=1788566400&interval=1d&events=div%2Csplits
MMM,3M,公司对比,2026-07-14,2026-07-14,156.5800018310547,155.8975372314453,2026-09-04,168.55999755859375,168.55999755859375,0.08122296575057342,0.07651038183321224,2026-07-15,157.64999389648438,0.07388452796233724,0.05461839261301571,公司对比历史原文见company_comparison_historical_sources.csv,https://query1.finance.yahoo.com/v8/finance/chart/MMM?period1=1767225600&period2=1788566400&interval=1d&events=div%2Csplits
MMM,3M,情景决策,2026-07-15,2026-07-15,160.52999877929688,159.830322265625,2026-09-04,168.55999755859375,168.55999755859375,0.05461839261301571,0.050021795554467285,2026-07-16,159.8800048828125,0.05890593540107747,0.04653447271487776,D:\drive\Investment\分析报告\公司情景投资决策\结果\备份\MMM_2026-07-18T18_24_11-07_00-a96a66cd7b\MMM_经营情景市场状态投资决策_2026-07-15.md,https://query1.finance.yahoo.com/v8/finance/chart/MMM?period1=1767225600&period2=1788566400&interval=1d&events=div%2Csplits
MMM,3M,经营评估,2026-07-12,2026-07-13,157.6999969482422,157.0126495361328,2026-09-04,168.55999755859375,168.55999755859375,0.07354406193752938,0.06886493862086662,2026-07-13,157.22000122070312,0.07682161287922917,0.07354406193752938,D:\drive\Investment\分析报告\公司评估_淘汰\备份\MMM_2026-07-18T15_21_15-07_00-057f77a72a\MMM_3M_收入传导估值评估_2026-07-12.md,https://query1.finance.yahoo.com/v8/finance/chart/MMM?period1=1767225600&period2=1788566400&interval=1d&events=div%2Csplits
NDSN,Nordson,排序,2026-07-13,2026-07-13,286.5899963378906,286.5899963378906,2026-09-04,318.3599853515625,318.3599853515625,0.11085519180584003,0.11085519180584003,2026-07-14,290.42999267578125,0.09616772847204058,0.10992574087560758,历史28榜见historical_rankings.csv,https://query1.finance.yahoo.com/v8/finance/chart/NDSN?period1=1767225600&period2=1788566400&interval=1d&events=div%2Csplits
NDSN,Nordson,公司对比,2026-07-14,2026-07-14,286.8299865722656,286.8299865722656,2026-09-04,318.3599853515625,318.3599853515625,0.10992574087560758,0.10992574087560758,2026-07-15,286.6000061035156,0.11081639417891576,0.10630016160732203,公司对比历史原文见company_comparison_historical_sources.csv,https://query1.finance.yahoo.com/v8/finance/chart/NDSN?period1=1767225600&period2=1788566400&interval=1d&events=div%2Csplits
NDSN,Nordson,情景决策,2026-07-15,2026-07-15,287.7699890136719,287.7699890136719,2026-09-04,318.3599853515625,318.3599853515625,0.10630016160732203,0.10630016160732203,2026-07-16,286.2099914550781,0.11233008929225474,0.08521952975297564,D:\drive\Investment\分析报告\公司情景投资决策\结果\NDSN_经营情景市场状态投资决策_2026-07-15.md,https://query1.finance.yahoo.com/v8/finance/chart/NDSN?period1=1767225600&period2=1788566400&interval=1d&events=div%2Csplits
NDSN,Nordson,经营评估,2026-07-12,2026-07-13,286.5899963378906,286.5899963378906,2026-09-04,318.3599853515625,318.3599853515625,0.11085519180584003,0.11085519180584003,2026-07-13,286.6000061035156,0.11081639417891576,0.11085519180584003,D:\drive\Investment\分析报告\公司评估_淘汰\结果\NDSN_Nordson_收入传导估值评估_2026-07-12.md,https://query1.finance.yahoo.com/v8/finance/chart/NDSN?period1=1767225600&period2=1788566400&interval=1d&events=div%2Csplits
Q,Qnity Electronics,排序,2026-07-13,2026-07-13,140.97999572753906,140.88621520996094,2026-09-04,120.47000122070312,120.47000122070312,-0.14491278624265536,-0.14548159404454797,2026-07-14,145.8000030517578,-0.17318115108061782,-0.14907748815004973,历史28榜见historical_rankings.csv,https://query1.finance.yahoo.com/v8/finance/chart/Q?period1=1767225600&period2=1788566400&interval=1d&events=div%2Csplits
Q,Qnity Electronics,公司对比,2026-07-14,2026-07-14,141.6699981689453,141.5757598876953,2026-09-04,120.47000122070312,120.47000122070312,-0.14907748815004973,-0.14964351819190835,2026-07-15,143.6199951171875,-0.16063079669878144,-0.14033940988016225,公司对比历史原文见company_comparison_historical_sources.csv,https://query1.finance.yahoo.com/v8/finance/chart/Q?period1=1767225600&period2=1788566400&interval=1d&events=div%2Csplits
Q,Qnity Electronics,情景决策,2026-07-15,2026-07-15,140.22999572753906,140.13670349121094,2026-09-04,120.47000122070312,120.47000122070312,-0.14033940988016225,-0.14091132502940928,2026-07-16,136.84500122070312,-0.11907491334216913,-0.110133657099164,D:\drive\Investment\分析报告\公司情景投资决策\结果\Q_经营情景市场状态投资决策_2026-07-15.md,https://query1.finance.yahoo.com/v8/finance/chart/Q?period1=1767225600&period2=1788566400&interval=1d&events=div%2Csplits
Q,Qnity Electronics,经营评估,2026-07-12,2026-07-13,140.97999572753906,140.88621520996094,2026-09-04,120.47000122070312,120.47000122070312,-0.14491278624265536,-0.14548159404454797,2026-07-13,140.7100067138672,-0.1432720773916123,-0.14491278624265536,D:\drive\Investment\分析报告\公司评估_淘汰\结果\Q_Qnity_Electronics_收入传导估值评估_2026-07-12.md,https://query1.finance.yahoo.com/v8/finance/chart/Q?period1=1767225600&period2=1788566400&interval=1d&events=div%2Csplits
SHECY,Shin-Etsu Chemical 信越化学,排序,2026-07-13,2026-07-13,22.59000015258789,22.59000015258789,2026-09-04,18.61000061035156,18.61000061035156,-0.17618413082570905,-0.17618413082570905,2026-07-14,23.270000457763672,-0.20025783221922444,-0.19784482765708056,历史28榜见historical_rankings.csv,https://query1.finance.yahoo.com/v8/finance/chart/SHECY?period1=1767225600&period2=1788566400&interval=1d&events=div%2Csplits
SHECY,Shin-Etsu Chemical 信越化学,公司对比,2026-07-14,2026-07-14,23.200000762939453,23.200000762939453,2026-09-04,18.61000061035156,18.61000061035156,-0.19784482765708056,-0.19784482765708056,2026-07-15,23.440000534057617,-0.20605801252812317,-0.20470081565238807,公司对比历史原文见company_comparison_historical_sources.csv,https://query1.finance.yahoo.com/v8/finance/chart/SHECY?period1=1767225600&period2=1788566400&interval=1d&events=div%2Csplits
SHECY,Shin-Etsu Chemical 信越化学,情景决策,2026-07-15,2026-07-15,23.399999618530277,23.399999618530277,2026-09-04,18.61000061035156,18.61000061035156,-0.20470081565238807,-0.20470081565238807,2026-07-16,22.6200008392334,-0.17727674978361052,-0.154859208743106,D:\drive\Investment\分析报告\公司情景投资决策\结果\SHECY_经营情景市场状态投资决策_2026-07-15.md,https://query1.finance.yahoo.com/v8/finance/chart/SHECY?period1=1767225600&period2=1788566400&interval=1d&events=div%2Csplits
SHECY,Shin-Etsu Chemical 信越化学,经营评估,2026-07-12,2026-07-13,22.59000015258789,22.59000015258789,2026-09-04,18.61000061035156,18.61000061035156,-0.17618413082570905,-0.17618413082570905,2026-07-13,22.850000381469727,-0.18555797375638594,-0.17618413082570905,D:\drive\Investment\分析报告\公司评估_淘汰\结果\SHECY_Shin-Etsu_Chemical_信越化学_收入传导估值评估_2026-07-12.md,https://query1.finance.yahoo.com/v8/finance/chart/SHECY?period1=1767225600&period2=1788566400&interval=1d&events=div%2Csplits
SOMMY,住友化学 Sumitomo Chemical,排序,2026-07-13,2026-07-13,16.020000457763672,16.020000457763672,2026-09-04,20.0,20.0,0.24843941501309552,0.24843941501309552,2026-07-14,16.520000457763672,0.21065371947982503,0.21065371947982503,历史28榜见historical_rankings.csv,https://query1.finance.yahoo.com/v8/finance/chart/SOMMY?period1=1767225600&period2=1788566400&interval=1d&events=div%2Csplits
SOMMY,住友化学 Sumitomo Chemical,公司对比,2026-07-14,2026-07-14,16.520000457763672,16.520000457763672,2026-09-04,20.0,20.0,0.21065371947982503,0.21065371947982503,2026-07-15,16.84000015258789,0.1876484452956786,0.1876484452956786,公司对比历史原文见company_comparison_historical_sources.csv,https://query1.finance.yahoo.com/v8/finance/chart/SOMMY?period1=1767225600&period2=1788566400&interval=1d&events=div%2Csplits
SOMMY,住友化学 Sumitomo Chemical,情景决策,2026-07-15,2026-07-15,16.84000015258789,16.84000015258789,2026-09-04,20.0,20.0,0.1876484452956786,0.1876484452956786,2026-07-16,16.84000015258789,0.1876484452956786,0.1876484452956786,D:\drive\Investment\分析报告\公司情景投资决策\结果\SOMMY_经营情景市场状态投资决策_2026-07-15.md,https://query1.finance.yahoo.com/v8/finance/chart/SOMMY?period1=1767225600&period2=1788566400&interval=1d&events=div%2Csplits
SOMMY,住友化学 Sumitomo Chemical,经营评估,2026-07-12,2026-07-13,16.020000457763672,16.020000457763672,2026-09-04,20.0,20.0,0.24843941501309552,0.24843941501309552,2026-07-13,16.34000015258789,0.22399019664834263,0.24843941501309552,D:\drive\Investment\分析报告\公司评估_淘汰\结果\SOMMY_住友化学_Sumitomo_Chemical_收入传导估值评估_2026-07-12.md,https://query1.finance.yahoo.com/v8/finance/chart/SOMMY?period1=1767225600&period2=1788566400&interval=1d&events=div%2Csplits
CC,The Chemours Company,排序,2026-07-13,2026-07-13,18.1200008392334,18.0155086517334,2026-09-04,15.300000190734863,15.300000190734863,-0.15073171196513824,-0.15562916765393708,2026-07-14,18.540000915527344,-0.1699707958409009,-0.17398052075967452,历史28榜见historical_rankings.csv,https://query1.finance.yahoo.com/v8/finance/chart/CC?period1=1767225600&period2=1788566400&interval=1d&events=div%2Csplits
CC,The Chemours Company,公司对比,2026-07-14,2026-07-14,18.6299991607666,18.522565841674805,2026-09-04,15.300000190734863,15.300000190734863,-0.17398052075967452,-0.17874391411914126,2026-07-15,18.90999984741211,-0.18621142155232884,-0.16862551572206064,公司对比历史原文见company_comparison_historical_sources.csv,https://query1.finance.yahoo.com/v8/finance/chart/CC?period1=1767225600&period2=1788566400&interval=1d&events=div%2Csplits
CC,The Chemours Company,情景决策,2026-07-15,2026-07-15,18.51000022888184,18.40325927734375,2026-09-04,15.300000190734863,15.300000190734863,-0.16862551572206064,-0.17341977301211986,2026-07-16,18.170000076293945,-0.1530686373609228,-0.11201713840072225,D:\drive\Investment\分析报告\公司情景投资决策\结果\CC_经营情景市场状态投资决策_2026-07-15.md,https://query1.finance.yahoo.com/v8/finance/chart/CC?period1=1767225600&period2=1788566400&interval=1d&events=div%2Csplits
CC,The Chemours Company,经营评估,2026-07-12,2026-07-13,18.1200008392334,18.0155086517334,2026-09-04,15.300000190734863,15.300000190734863,-0.15073171196513824,-0.15562916765393708,2026-07-13,17.81999969482422,-0.13643421125334632,-0.15073171196513824,D:\drive\Investment\分析报告\公司评估_淘汰\结果\CC_The_Chemours_Company_收入传导估值评估_2026-07-12.md,https://query1.finance.yahoo.com/v8/finance/chart/CC?period1=1767225600&period2=1788566400&interval=1d&events=div%2Csplits
ECL,Ecolab,排序,2026-07-13,2026-07-13,271.8500061035156,271.8500061035156,2026-09-04,279.2799987792969,279.2799987792969,0.02733122129470189,0.02733122129470189,2026-07-14,271.4200134277344,0.02895875382327029,0.035329003815743665,历史28榜见historical_rankings.csv,https://query1.finance.yahoo.com/v8/finance/chart/ECL?period1=1767225600&period2=1788566400&interval=1d&events=div%2Csplits
ECL,Ecolab,公司对比,2026-07-14,2026-07-14,269.75,269.75,2026-09-04,279.2799987792969,279.2799987792969,0.035329003815743665,0.035329003815743665,2026-07-15,269.3999938964844,0.03667410952729577,0.033413501496010634,公司对比历史原文见company_comparison_historical_sources.csv,https://query1.finance.yahoo.com/v8/finance/chart/ECL?period1=1767225600&period2=1788566400&interval=1d&events=div%2Csplits
ECL,Ecolab,情景决策,2026-07-15,2026-07-15,270.25,270.25,2026-09-04,279.2799987792969,279.2799987792969,0.033413501496010634,0.033413501496010634,2026-07-16,269.0599975585937,0.03798409764899202,0.01294841476501385,D:\drive\Investment\分析报告\公司情景投资决策\结果\ECL_经营情景市场状态投资决策_2026-07-15.md,https://query1.finance.yahoo.com/v8/finance/chart/ECL?period1=1767225600&period2=1788566400&interval=1d&events=div%2Csplits
ECL,Ecolab,经营评估,2026-07-12,2026-07-13,271.8500061035156,271.8500061035156,2026-09-04,279.2799987792969,279.2799987792969,0.02733122129470189,0.02733122129470189,2026-07-13,274.07000732421875,0.019009710350811337,0.02733122129470189,D:\drive\Investment\分析报告\公司评估_淘汰\结果\ECL_Ecolab_收入传导估值评估_2026-07-12.md,https://query1.finance.yahoo.com/v8/finance/chart/ECL?period1=1767225600&period2=1788566400&interval=1d&events=div%2Csplits
ENTG,Entegris,排序,2026-07-13,2026-07-13,136.27000427246094,136.15467834472656,2026-09-04,138.74000549316406,138.74000549316406,0.018988162433109856,0.018125788091740036,2026-07-14,144.86000061035156,-0.041436398111551864,-0.012603860247805132,历史28榜见historical_rankings.csv,https://query1.finance.yahoo.com/v8/finance/chart/ENTG?period1=1767225600&period2=1788566400&interval=1d&events=div%2Csplits
ENTG,Entegris,公司对比,2026-07-14,2026-07-14,140.6300048828125,140.510986328125,2026-09-04,138.74000549316406,138.74000549316406,-0.012603860247805132,-0.013439517343566743,2026-07-15,144.8300018310547,-0.04123789195556904,0.0012078406465190206,公司对比历史原文见company_comparison_historical_sources.csv,https://query1.finance.yahoo.com/v8/finance/chart/ENTG?period1=1767225600&period2=1788566400&interval=1d&events=div%2Csplits
ENTG,Entegris,情景决策,2026-07-15,2026-07-15,138.69000244140625,138.5726318359375,2026-09-04,138.74000549316406,138.74000549316406,0.0012078406465190206,0.00036053825710280485,2026-07-16,133.3300018310547,0.04145750520715996,0.03163094189941096,D:\drive\Investment\分析报告\公司情景投资决策\结果\ENTG_经营情景市场状态投资决策_2026-07-15.md,https://query1.finance.yahoo.com/v8/finance/chart/ENTG?period1=1767225600&period2=1788566400&interval=1d&events=div%2Csplits
ENTG,Entegris,经营评估,2026-07-12,2026-07-13,136.27000427246094,136.15467834472656,2026-09-04,138.74000549316406,138.74000549316406,0.018988162433109856,0.018125788091740036,2026-07-13,139.52000427246094,-0.004748301346237049,0.018988162433109856,D:\drive\Investment\分析报告\公司评估_淘汰\结果\ENTG_Entegris_收入传导估值评估_2026-07-12.md,https://query1.finance.yahoo.com/v8/finance/chart/ENTG?period1=1767225600&period2=1788566400&interval=1d&events=div%2Csplits
MTRN,Materion,排序,2026-07-13,2026-07-13,246.75,246.6040954589844,2026-09-04,244.2400054931641,244.2400054931641,-0.009586580309707382,-0.010172216846346172,2026-07-14,255.58999633789065,-0.04384167979390652,-0.035083123001739325,历史28榜见historical_rankings.csv,https://query1.finance.yahoo.com/v8/finance/chart/MTRN?period1=1767225600&period2=1788566400&interval=1d&events=div%2Csplits
MTRN,Materion,公司对比,2026-07-14,2026-07-14,253.2700042724609,253.1202545166016,2026-09-04,244.2400054931641,244.2400054931641,-0.035083123001739325,-0.03565364483345057,2026-07-15,255.1100006103516,-0.04204264673316582,-0.026356569814370956,公司对比历史原文见company_comparison_historical_sources.csv,https://query1.finance.yahoo.com/v8/finance/chart/MTRN?period1=1767225600&period2=1788566400&interval=1d&events=div%2Csplits
MTRN,Materion,情景决策,2026-07-15,2026-07-15,251.0,250.85159301757807,2026-09-04,244.2400054931641,244.2400054931641,-0.026356569814370956,-0.026932249031218713,2026-07-16,247.2700042724609,-0.01166945155679222,0.006111589448223098,D:\drive\Investment\分析报告\公司情景投资决策\结果\MTRN_经营情景市场状态投资决策_2026-07-15.md,https://query1.finance.yahoo.com/v8/finance/chart/MTRN?period1=1767225600&period2=1788566400&interval=1d&events=div%2Csplits
MTRN,Materion,经营评估,2026-07-12,2026-07-13,246.75,246.6040954589844,2026-09-04,244.2400054931641,244.2400054931641,-0.009586580309707382,-0.010172216846346172,2026-07-13,253.1199951171875,-0.03451123568710368,-0.009586580309707382,D:\drive\Investment\分析报告\公司评估_淘汰\结果\MTRN_Materion_收入传导估值评估_2026-07-12.md,https://query1.finance.yahoo.com/v8/finance/chart/MTRN?period1=1767225600&period2=1788566400&interval=1d&events=div%2Csplits
ROG,Rogers Corporation,排序,2026-07-13,2026-07-13,134.8300018310547,134.8300018310547,2026-09-04,127.81999969482422,127.81999969482422,-0.05199141171127608,-0.05199141171127608,2026-07-14,138.77999877929688,-0.07897390964747342,-0.07100804493862656,历史28榜见historical_rankings.csv,https://query1.finance.yahoo.com/v8/finance/chart/ROG?period1=1767225600&period2=1788566400&interval=1d&events=div%2Csplits
ROG,Rogers Corporation,公司对比,2026-07-14,2026-07-14,137.58999633789062,137.58999633789062,2026-09-04,127.81999969482422,127.81999969482422,-0.07100804493862656,-0.07100804493862656,2026-07-15,140.83999633789062,-0.09244530660047734,-0.07637834916859498,公司对比历史原文见company_comparison_historical_sources.csv,https://query1.finance.yahoo.com/v8/finance/chart/ROG?period1=1767225600&period2=1788566400&interval=1d&events=div%2Csplits
ROG,Rogers Corporation,情景决策,2026-07-15,2026-07-15,138.38999938964844,138.38999938964844,2026-09-04,127.81999969482422,127.81999969482422,-0.07637834916859498,-0.07637834916859498,2026-07-16,135.14999389648438,-0.05423599358261477,-0.04668855944765182,D:\drive\Investment\分析报告\公司情景投资决策\结果\ROG_经营情景市场状态投资决策_2026-07-15.md,https://query1.finance.yahoo.com/v8/finance/chart/ROG?period1=1767225600&period2=1788566400&interval=1d&events=div%2Csplits
ROG,Rogers Corporation,经营评估,2026-07-12,2026-07-13,134.8300018310547,134.8300018310547,2026-09-04,127.81999969482422,127.81999969482422,-0.05199141171127608,-0.05199141171127608,2026-07-13,135.63999938964844,-0.0576526078591314,-0.05199141171127608,D:\drive\Investment\分析报告\公司评估_淘汰\结果\ROG_Rogers_Corporation_收入传导估值评估_2026-07-12.md,https://query1.finance.yahoo.com/v8/finance/chart/ROG?period1=1767225600&period2=1788566400&interval=1d&events=div%2Csplits
SMTOY,住友电工 Sumitomo Electric Industries,排序,2026-07-13,2026-07-13,7.710000038146973,7.710000038146973,2026-09-04,6.889999866485596,6.889999866485596,-0.10635540435852664,-0.10635540435852664,2026-07-14,7.809999942779541,-0.11779770589428729,-0.09461238559746288,历史28榜见historical_rankings.csv,https://query1.finance.yahoo.com/v8/finance/chart/SMTOY?period1=1767225600&period2=1788566400&interval=1d&events=div%2Csplits
SMTOY,住友电工 Sumitomo Electric Industries,公司对比,2026-07-14,2026-07-14,7.610000133514404,7.610000133514404,2026-09-04,6.889999866485596,6.889999866485596,-0.09461238559746288,-0.09461238559746288,2026-07-15,7.71999979019165,-0.10751294640714615,-0.07392475625065253,公司对比历史原文见company_comparison_historical_sources.csv,https://query1.finance.yahoo.com/v8/finance/chart/SMTOY?period1=1767225600&period2=1788566400&interval=1d&events=div%2Csplits
SMTOY,住友电工 Sumitomo Electric Industries,情景决策,2026-07-15,2026-07-15,7.440000057220459,7.440000057220459,2026-09-04,6.889999866485596,6.889999866485596,-0.07392475625065253,-0.07392475625065253,2026-07-16,7.179999828338623,-0.04038996779755222,-0.02545973137274804,D:\drive\Investment\分析报告\公司情景投资决策\结果\SMTOY_经营情景市场状态投资决策_2026-07-15.md,https://query1.finance.yahoo.com/v8/finance/chart/SMTOY?period1=1767225600&period2=1788566400&interval=1d&events=div%2Csplits
SMTOY,住友电工 Sumitomo Electric Industries,经营评估,2026-07-12,2026-07-13,7.710000038146973,7.710000038146973,2026-09-04,6.889999866485596,6.889999866485596,-0.10635540435852664,-0.10635540435852664,2026-07-13,7.800000190734863,-0.11666670538421275,-0.10635540435852664,D:\drive\Investment\分析报告\公司评估_淘汰\结果\SMTOY_住友电工_Sumitomo_Electric_Industries_收入传导估值评估_2026-07-12.md,https://query1.finance.yahoo.com/v8/finance/chart/SMTOY?period1=1767225600&period2=1788566400&interval=1d&events=div%2Csplits
DHR,Danaher Corporation,排序,2026-07-13,2026-07-13,200.16000366210935,200.16000366210935,2026-09-04,207.66000366210935,207.66000366210935,0.03747002329526716,0.03747002329526716,2026-07-14,198.02999877929688,0.04862902056342011,0.043255465854540764,历史28榜见historical_rankings.csv,https://query1.finance.yahoo.com/v8/finance/chart/DHR?period1=1767225600&period2=1788566400&interval=1d&events=div%2Csplits
DHR,Danaher Corporation,公司对比,2026-07-14,2026-07-14,199.0500030517578,199.0500030517578,2026-09-04,207.66000366210935,207.66000366210935,0.043255465854540764,0.043255465854540764,2026-07-15,200.0,0.038300018310546635,0.0342149041570341,公司对比历史原文见company_comparison_historical_sources.csv,https://query1.finance.yahoo.com/v8/finance/chart/DHR?period1=1767225600&period2=1788566400&interval=1d&events=div%2Csplits
DHR,Danaher Corporation,情景决策,2026-07-15,2026-07-15,200.7899932861328,200.7899932861328,2026-09-04,207.66000366210935,207.66000366210935,0.0342149041570341,0.0342149041570341,2026-07-16,201.41000366210935,0.03103122926547952,0.012926243726059106,D:\drive\Investment\分析报告\公司情景投资决策\结果\DHR_经营情景市场状态投资决策_2026-07-15.md,https://query1.finance.yahoo.com/v8/finance/chart/DHR?period1=1767225600&period2=1788566400&interval=1d&events=div%2Csplits
DHR,Danaher Corporation,经营评估,2026-07-12,2026-07-13,200.16000366210935,200.16000366210935,2026-09-04,207.66000366210935,207.66000366210935,0.03747002329526716,0.03747002329526716,2026-07-13,198.6999969482422,0.045093139665226545,0.03747002329526716,D:\drive\Investment\分析报告\公司评估_淘汰\结果\DHR_Danaher_Corporation_收入传导估值评估_2026-07-12.md,https://query1.finance.yahoo.com/v8/finance/chart/DHR?period1=1767225600&period2=1788566400&interval=1d&events=div%2Csplits
DD,DuPont de Nemours,排序,2026-07-13,2026-07-13,132.66000366210938,132.07891845703125,2026-09-04,131.58999633789062,131.58999633789062,-0.003701742298107047,-0.00806578693412452,2026-07-14,133.97999572753906,-0.013517482508336065,-0.014914472068490836,历史28榜见historical_rankings.csv,https://query1.finance.yahoo.com/v8/finance/chart/DD?period1=1767225600&period2=1788566400&interval=1d&events=div%2Csplits
DD,DuPont de Nemours,公司对比,2026-07-14,2026-07-14,134.1699981689453,133.58230590820312,2026-09-04,131.58999633789062,131.58999633789062,-0.014914472068490836,-0.019229349826821784,2026-07-15,134.1699981689453,-0.014914480232355865,-0.019954606367291183,公司对比历史原文见company_comparison_historical_sources.csv,https://query1.finance.yahoo.com/v8/finance/chart/DD?period1=1767225600&period2=1788566400&interval=1d&events=div%2Csplits
DD,DuPont de Nemours,情景决策,2026-07-15,2026-07-15,134.86000061035156,134.269287109375,2026-09-04,131.58999633789062,131.58999633789062,-0.019954606367291183,-0.024247399211489662,2026-07-16,133.5800018310547,-0.010563482374262967,-0.0157946351628383,D:\drive\Investment\分析报告\公司情景投资决策\结果\DD_经营情景市场状态投资决策_2026-07-15.md,https://query1.finance.yahoo.com/v8/finance/chart/DD?period1=1767225600&period2=1788566400&interval=1d&events=div%2Csplits
DD,DuPont de Nemours,经营评估,2026-07-12,2026-07-13,132.66000366210938,132.07891845703125,2026-09-04,131.58999633789062,131.58999633789062,-0.003701742298107047,-0.00806578693412452,2026-07-13,135.0,-0.020970885071953327,-0.003701742298107047,D:\drive\Investment\分析报告\公司评估_淘汰\结果\DD_DuPont_de_Nemours_收入传导估值评估_2026-07-12.md,https://query1.finance.yahoo.com/v8/finance/chart/DD?period1=1767225600&period2=1788566400&interval=1d&events=div%2Csplits
DKILY,Daikin Industries,排序,2026-07-13,2026-07-13,15.449999809265137,15.449999809265137,2026-09-04,13.09000015258789,13.09000015258789,-0.15275078872570536,-0.15275078872570536,2026-07-14,15.609999656677246,-0.16143494936025926,-0.15275078872570536,历史28榜见historical_rankings.csv,https://query1.finance.yahoo.com/v8/finance/chart/DKILY?period1=1767225600&period2=1788566400&interval=1d&events=div%2Csplits
DKILY,Daikin Industries,公司对比,2026-07-14,2026-07-14,15.449999809265137,15.449999809265137,2026-09-04,13.09000015258789,13.09000015258789,-0.15275078872570536,-0.15275078872570536,2026-07-15,15.300000190734863,-0.14444444513701837,-0.14163933425653175,公司对比历史原文见company_comparison_historical_sources.csv,https://query1.finance.yahoo.com/v8/finance/chart/DKILY?period1=1767225600&period2=1788566400&interval=1d&events=div%2Csplits
DKILY,Daikin Industries,情景决策,2026-07-15,2026-07-15,15.25,15.25,2026-09-04,13.09000015258789,13.09000015258789,-0.14163933425653175,-0.14163933425653175,2026-07-16,15.130000114440918,-0.13483145713303313,-0.135402915736325,D:\drive\Investment\分析报告\公司情景投资决策\结果\DKILY_经营情景市场状态投资决策_2026-07-15.md,https://query1.finance.yahoo.com/v8/finance/chart/DKILY?period1=1767225600&period2=1788566400&interval=1d&events=div%2Csplits
DKILY,Daikin Industries,经营评估,2026-07-12,2026-07-13,15.449999809265137,15.449999809265137,2026-09-04,13.09000015258789,13.09000015258789,-0.15275078872570536,-0.15275078872570536,2026-07-13,15.520000457763672,-0.1565721799937323,-0.15275078872570536,D:\drive\Investment\分析报告\公司评估_淘汰\结果\DKILY_Daikin_Industries_收入传导估值评估_2026-07-12.md,https://query1.finance.yahoo.com/v8/finance/chart/DKILY?period1=1767225600&period2=1788566400&interval=1d&events=div%2Csplits
AEP,American Electric Power,排序,2026-07-13,2026-07-13,135.6300048828125,134.60519409179688,2026-09-04,124.5,124.5,-0.07507283920192132,-0.08206152386729682,2026-07-14,135.74000549316406,-0.07582241290337477,-0.07034334904783257,历史28榜见historical_rankings.csv,https://query1.finance.yahoo.com/v8/finance/chart/AEP?period1=1767225600&period2=1788566400&interval=1d&events=div%2Csplits
AEP,American Electric Power,公司对比,2026-07-14,2026-07-14,134.94000244140625,133.92041015625,2026-09-04,124.5,124.5,-0.07034334904783257,-0.0773677356789697,2026-07-15,134.4600067138672,-0.06702463117178603,-0.05322358976215569,公司对比历史原文见company_comparison_historical_sources.csv,https://query1.finance.yahoo.com/v8/finance/chart/AEP?period1=1767225600&period2=1788566400&interval=1d&events=div%2Csplits
AEP,American Electric Power,情景决策,2026-07-15,2026-07-15,132.5,131.49884033203125,2026-09-04,124.5,124.5,-0.05322358976215569,-0.060377358490566024,2026-07-16,132.10000610351562,-0.05035678265859911,-0.057703972013021576,D:\drive\Investment\分析报告\公司情景投资决策\结果\AEP_经营情景市场状态投资决策_2026-07-15.md,https://query1.finance.yahoo.com/v8/finance/chart/AEP?period1=1767225600&period2=1788566400&interval=1d&events=div%2Csplits
AEP,American Electric Power,经营评估,2026-07-12,2026-07-13,135.6300048828125,134.60519409179688,2026-09-04,124.5,124.5,-0.07507283920192132,-0.08206152386729682,2026-07-13,135.57000732421875,-0.07466350551064094,-0.07507283920192132,D:\drive\Investment\分析报告\公司评估_淘汰\结果\AEP_American_Electric_Power_收入传导估值评估_2026-07-12.md,https://query1.finance.yahoo.com/v8/finance/chart/AEP?period1=1767225600&period2=1788566400&interval=1d&events=div%2Csplits
BE,Bloom Energy,排序,2026-07-13,2026-07-13,233.4900054931641,233.4900054931641,2026-09-04,252.8699951171875,252.8699951171875,0.08300136694540794,0.08300136694540794,2026-07-14,246.58999633789065,0.025467370422811664,0.03890715471722883,历史28榜见historical_rankings.csv,https://query1.finance.yahoo.com/v8/finance/chart/BE?period1=1767225600&period2=1788566400&interval=1d&events=div%2Csplits
BE,Bloom Energy,公司对比,2026-07-14,2026-07-14,243.3999938964844,243.3999938964844,2026-09-04,252.8699951171875,252.8699951171875,0.03890715471722883,0.03890715471722883,2026-07-15,243.1000061035156,0.04018917634050445,0.05635387233356837,公司对比历史原文见company_comparison_historical_sources.csv,https://query1.finance.yahoo.com/v8/finance/chart/BE?period1=1767225600&period2=1788566400&interval=1d&events=div%2Csplits
BE,Bloom Energy,情景决策,2026-07-15,2026-07-15,239.3800048828125,239.3800048828125,2026-09-04,252.8699951171875,252.8699951171875,0.05635387233356837,0.05635387233356837,2026-07-16,228.3000030517578,0.10762151439769996,0.223189669342706,D:\drive\Investment\分析报告\公司情景投资决策\结果\备份\BE_2026-07-18T18_32_45-07_00-a47a37524c\BE_经营情景市场状态投资决策_2026-07-15.md,https://query1.finance.yahoo.com/v8/finance/chart/BE?period1=1767225600&period2=1788566400&interval=1d&events=div%2Csplits
BE,Bloom Energy,经营评估,2026-07-12,2026-07-13,233.4900054931641,233.4900054931641,2026-09-04,252.8699951171875,252.8699951171875,0.08300136694540794,0.08300136694540794,2026-07-13,231.3800048828125,0.09287747333767693,0.08300136694540794,D:\drive\Investment\分析报告\公司评估_淘汰\备份\BE_2026-07-18T15_25_36-07_00-00ccb0e92e\BE_Bloom_Energy_收入传导估值评估_2026-07-12.md,https://query1.finance.yahoo.com/v8/finance/chart/BE?period1=1767225600&period2=1788566400&interval=1d&events=div%2Csplits
BWXT,BWX Technologies,排序,2026-07-13,2026-07-13,177.13999938964844,176.86119079589844,2026-09-04,157.58999633789062,157.58999633789062,-0.1089622566221845,-0.11036470090955786,2026-07-14,181.58999633789065,-0.13079775561207607,-0.12229088156505563,历史28榜见historical_rankings.csv,https://query1.finance.yahoo.com/v8/finance/chart/BWXT?period1=1767225600&period2=1788566400&interval=1d&events=div%2Csplits
BWXT,BWX Technologies,公司对比,2026-07-14,2026-07-14,179.8300018310547,179.5469512939453,2026-09-04,157.58999633789062,157.58999633789062,-0.12229088156505563,-0.12367238651344692,2026-07-15,181.6000061035156,-0.13084565040679863,-0.10780378766772702,公司对比历史原文见company_comparison_historical_sources.csv,https://query1.finance.yahoo.com/v8/finance/chart/BWXT?period1=1767225600&period2=1788566400&interval=1d&events=div%2Csplits
BWXT,BWX Technologies,情景决策,2026-07-15,2026-07-15,176.91000366210938,176.6315460205078,2026-09-04,157.58999633789062,157.58999633789062,-0.10780378766772702,-0.10920811104113226,2026-07-16,174.52000427246094,-0.09558542685425897,-0.09152509393882269,D:\drive\Investment\分析报告\公司情景投资决策\结果\BWXT_经营情景市场状态投资决策_2026-07-15.md,https://query1.finance.yahoo.com/v8/finance/chart/BWXT?period1=1767225600&period2=1788566400&interval=1d&events=div%2Csplits
BWXT,BWX Technologies,经营评估,2026-07-12,2026-07-13,177.13999938964844,176.86119079589844,2026-09-04,157.58999633789062,157.58999633789062,-0.1089622566221845,-0.11036470090955786,2026-07-13,183.75999450683597,-0.14106209166093386,-0.1089622566221845,D:\drive\Investment\分析报告\公司评估_淘汰\结果\BWXT_BWX_Technologies_收入传导估值评估_2026-07-12.md,https://query1.finance.yahoo.com/v8/finance/chart/BWXT?period1=1767225600&period2=1788566400&interval=1d&events=div%2Csplits
CMI,Cummins Inc,排序,2026-07-13,2026-07-13,664.3900146484375,661.9261474609375,2026-09-04,560.75,560.75,-0.1528511116369039,-0.15599273373077216,2026-07-14,683.6699829101562,-0.1767413333522888,-0.16683356001930538,历史28榜见historical_rankings.csv,https://query1.finance.yahoo.com/v8/finance/chart/CMI?period1=1767225600&period2=1788566400&interval=1d&events=div%2Csplits
CMI,Cummins Inc,公司对比,2026-07-14,2026-07-14,675.5399780273438,673.0347900390625,2026-09-04,560.75,560.75,-0.16683356001930538,-0.16992329360365022,2026-07-15,678.9500122070312,-0.1710181678878019,-0.15506399515662117,公司对比历史原文见company_comparison_historical_sources.csv,https://query1.finance.yahoo.com/v8/finance/chart/CMI?period1=1767225600&period2=1788566400&interval=1d&events=div%2Csplits
CMI,Cummins Inc,情景决策,2026-07-15,2026-07-15,666.1300048828125,663.6597290039062,2026-09-04,560.75,560.75,-0.15506399515662117,-0.15819735503635102,2026-07-16,657.030029296875,-0.1433615003114509,-0.1311961414267998,D:\drive\Investment\分析报告\公司情景投资决策\结果\备份\CMI_2026-08-19T12_34_35-07_00-5d8acd9503\CMI_经营情景市场状态投资决策_2026-07-15.md,https://query1.finance.yahoo.com/v8/finance/chart/CMI?period1=1767225600&period2=1788566400&interval=1d&events=div%2Csplits
CMI,Cummins Inc,经营评估,2026-07-12,2026-07-13,664.3900146484375,661.9261474609375,2026-09-04,560.75,560.75,-0.1528511116369039,-0.15599273373077216,2026-07-13,666.239990234375,-0.15520342429315037,-0.1528511116369039,D:\drive\Investment\分析报告\公司评估_淘汰\备份\CMI_2026-08-19T11_52_15-07_00-96184fbea4\CMI_Cummins_Inc_收入传导估值评估_2026-07-12.md,https://query1.finance.yahoo.com/v8/finance/chart/CMI?period1=1767225600&period2=1788566400&interval=1d&events=div%2Csplits
DTE,DTE Energy Company,排序,2026-07-13,2026-07-13,150.63999938964844,150.63999938964844,2026-09-04,136.0800018310547,136.0800018310547,-0.0966542592776608,-0.0966542592776608,2026-07-14,151.16000366210938,-0.09976185145353189,-0.08714030224008473,历史28榜见historical_rankings.csv,https://query1.finance.yahoo.com/v8/finance/chart/DTE?period1=1767225600&period2=1788566400&interval=1d&events=div%2Csplits
DTE,DTE Energy Company,公司对比,2026-07-14,2026-07-14,149.07000732421875,149.07000732421875,2026-09-04,136.0800018310547,136.0800018310547,-0.08714030224008473,-0.08714030224008473,2026-07-15,148.57000732421875,-0.08406814886875247,-0.07397070665483618,公司对比历史原文见company_comparison_historical_sources.csv,https://query1.finance.yahoo.com/v8/finance/chart/DTE?period1=1767225600&period2=1788566400&interval=1d&events=div%2Csplits
DTE,DTE Energy Company,情景决策,2026-07-15,2026-07-15,146.9499969482422,146.9499969482422,2026-09-04,136.0800018310547,136.0800018310547,-0.07397070665483618,-0.07397070665483618,2026-07-16,146.92999267578125,-0.07384462931723124,-0.08615943533362036,D:\drive\Investment\分析报告\公司情景投资决策\结果\DTE_经营情景市场状态投资决策_2026-07-15.md,https://query1.finance.yahoo.com/v8/finance/chart/DTE?period1=1767225600&period2=1788566400&interval=1d&events=div%2Csplits
DTE,DTE Energy Company,经营评估,2026-07-12,2026-07-13,150.63999938964844,150.63999938964844,2026-09-04,136.0800018310547,136.0800018310547,-0.0966542592776608,-0.0966542592776608,2026-07-13,150.42999267578125,-0.09539314992625714,-0.0966542592776608,D:\drive\Investment\分析报告\公司评估_淘汰\结果\DTE_DTE_Energy_Company_收入传导估值评估_2026-07-12.md,https://query1.finance.yahoo.com/v8/finance/chart/DTE?period1=1767225600&period2=1788566400&interval=1d&events=div%2Csplits
ENS,EnerSys,排序,2026-07-13,2026-07-13,201.08999633789065,201.08999633789065,2026-09-04,181.91000366210935,181.91000366210935,-0.09538014334414358,-0.09538014334414358,2026-07-14,207.55999755859372,-0.1235786962718739,-0.09600950392896956,历史28榜见historical_rankings.csv,https://query1.finance.yahoo.com/v8/finance/chart/ENS?period1=1767225600&period2=1788566400&interval=1d&events=div%2Csplits
ENS,EnerSys,公司对比,2026-07-14,2026-07-14,201.22999572753903,201.22999572753903,2026-09-04,181.91000366210935,181.91000366210935,-0.09600950392896956,-0.09600950392896956,2026-07-15,202.8000030517578,-0.10300788498665359,-0.10065753784691833,公司对比历史原文见company_comparison_historical_sources.csv,https://query1.finance.yahoo.com/v8/finance/chart/ENS?period1=1767225600&period2=1788566400&interval=1d&events=div%2Csplits
ENS,EnerSys,情景决策,2026-07-15,2026-07-15,202.2700042724609,202.2700042724609,2026-09-04,181.91000366210935,181.91000366210935,-0.10065753784691833,-0.10065753784691833,2026-07-16,196.8300018310547,-0.07580144302265279,-0.06856118371948972,D:\drive\Investment\分析报告\公司情景投资决策\结果\ENS_经营情景市场状态投资决策_2026-07-15.md,https://query1.finance.yahoo.com/v8/finance/chart/ENS?period1=1767225600&period2=1788566400&interval=1d&events=div%2Csplits
ENS,EnerSys,经营评估,2026-07-12,2026-07-13,201.08999633789065,201.08999633789065,2026-09-04,181.91000366210935,181.91000366210935,-0.09538014334414358,-0.09538014334414358,2026-07-13,202.50999450683597,-0.10172332923564065,-0.09538014334414358,D:\drive\Investment\分析报告\公司评估_淘汰\结果\ENS_EnerSys_收入传导估值评估_2026-07-12.md,https://query1.finance.yahoo.com/v8/finance/chart/ENS?period1=1767225600&period2=1788566400&interval=1d&events=div%2Csplits
ENPH,Enphase Energy,排序,2026-07-13,2026-07-13,43.060001373291016,43.060001373291016,2026-09-04,36.369998931884766,36.369998931884766,-0.15536465926719367,-0.15536465926719367,2026-07-14,44.41999816894531,-0.1812246638652143,-0.19159818681908947,历史28榜见historical_rankings.csv,https://query1.finance.yahoo.com/v8/finance/chart/ENPH?period1=1767225600&period2=1788566400&interval=1d&events=div%2Csplits
ENPH,Enphase Energy,公司对比,2026-07-14,2026-07-14,44.9900016784668,44.9900016784668,2026-09-04,36.369998931884766,36.369998931884766,-0.19159818681908947,-0.19159818681908947,2026-07-15,45.09999847412109,-0.1935698411884803,-0.17434734252422812,公司对比历史原文见company_comparison_historical_sources.csv,https://query1.finance.yahoo.com/v8/finance/chart/ENPH?period1=1767225600&period2=1788566400&interval=1d&events=div%2Csplits
ENPH,Enphase Energy,情景决策,2026-07-15,2026-07-15,44.04999923706055,44.04999923706055,2026-09-04,36.369998931884766,36.369998931884766,-0.17434734252422812,-0.17434734252422812,2026-07-16,42.66999816894531,-0.14764470371235228,-0.11465439847204106,D:\drive\Investment\分析报告\公司情景投资决策\结果\ENPH_经营情景市场状态投资决策_2026-07-15.md,https://query1.finance.yahoo.com/v8/finance/chart/ENPH?period1=1767225600&period2=1788566400&interval=1d&events=div%2Csplits
ENPH,Enphase Energy,经营评估,2026-07-12,2026-07-13,43.060001373291016,43.060001373291016,2026-09-04,36.369998931884766,36.369998931884766,-0.15536465926719367,-0.15536465926719367,2026-07-13,43.79999923706055,-0.1696347131186483,-0.15536465926719367,D:\drive\Investment\分析报告\公司评估_淘汰\结果\ENPH_Enphase_Energy_收入传导估值评估_2026-07-12.md,https://query1.finance.yahoo.com/v8/finance/chart/ENPH?period1=1767225600&period2=1788566400&interval=1d&events=div%2Csplits
ET,Energy Transfer LP,排序,2026-07-13,2026-07-13,20.18000030517578,19.84806060791016,2026-09-04,21.5,21.5,0.08322925976110152,0.0654112822032844,2026-07-14,20.229999542236328,0.08055208336031638,0.08916634200941198,历史28榜见historical_rankings.csv,https://query1.finance.yahoo.com/v8/finance/chart/ET?period1=1767225600&period2=1788566400&interval=1d&events=div%2Csplits
ET,Energy Transfer LP,公司对比,2026-07-14,2026-07-14,20.06999969482422,19.7398681640625,2026-09-04,21.5,21.5,0.08916634200941198,0.07125063910910567,2026-07-15,20.020000457763672,0.09188647921720161,0.09791903472041619,公司对比历史原文见company_comparison_historical_sources.csv,https://query1.finance.yahoo.com/v8/finance/chart/ET?period1=1767225600&period2=1788566400&interval=1d&events=div%2Csplits
ET,Energy Transfer LP,情景决策,2026-07-15,2026-07-15,19.90999984741211,19.582500457763672,2026-09-04,21.5,21.5,0.09791903472041619,0.07985937542809962,2026-07-16,19.93000030517578,0.09681723740465942,0.08215678468202059,D:\drive\Investment\分析报告\公司情景投资决策\结果\ET_经营情景市场状态投资决策_2026-07-15.md,https://query1.finance.yahoo.com/v8/finance/chart/ET?period1=1767225600&period2=1788566400&interval=1d&events=div%2Csplits
ET,Energy Transfer LP,经营评估,2026-07-12,2026-07-13,20.18000030517578,19.84806060791016,2026-09-04,21.5,21.5,0.08322925976110152,0.0654112822032844,2026-07-13,19.790000915527344,0.10457634064095611,0.08322925976110152,D:\drive\Investment\分析报告\公司评估_淘汰\结果\ET_Energy_Transfer_LP_收入传导估值评估_2026-07-12.md,https://query1.finance.yahoo.com/v8/finance/chart/ET?period1=1767225600&period2=1788566400&interval=1d&events=div%2Csplits
ETR,Entergy Corporation,排序,2026-07-13,2026-07-13,114.83999633789062,114.15851593017578,2026-09-04,107.2699966430664,107.2699966430664,-0.06034170320962029,-0.06591779812105891,2026-07-14,115.63999938964844,-0.06684232625454434,-0.06498267569331484,历史28榜见historical_rankings.csv,https://query1.finance.yahoo.com/v8/finance/chart/ETR?period1=1767225600&period2=1788566400&interval=1d&events=div%2Csplits
ETR,Entergy Corporation,公司对比,2026-07-14,2026-07-14,115.41000366210938,114.7251434326172,2026-09-04,107.2699966430664,107.2699966430664,-0.06498267569331484,-0.07053120839398641,2026-07-15,115.33000183105467,-0.06433407320220319,-0.05540655577105491,公司对比历史原文见company_comparison_historical_sources.csv,https://query1.finance.yahoo.com/v8/finance/chart/ETR?period1=1767225600&period2=1788566400&interval=1d&events=div%2Csplits
ETR,Entergy Corporation,情景决策,2026-07-15,2026-07-15,114.23999786376952,113.56208038330078,2026-09-04,107.2699966430664,107.2699966430664,-0.05540655577105491,-0.06101191658822325,2026-07-16,114.1999969482422,-0.05507569351095709,-0.060587182578617504,D:\drive\Investment\分析报告\公司情景投资决策\结果\ETR_经营情景市场状态投资决策_2026-07-15.md,https://query1.finance.yahoo.com/v8/finance/chart/ETR?period1=1767225600&period2=1788566400&interval=1d&events=div%2Csplits
ETR,Entergy Corporation,经营评估,2026-07-12,2026-07-13,114.83999633789062,114.15851593017578,2026-09-04,107.2699966430664,107.2699966430664,-0.06034170320962029,-0.06591779812105891,2026-07-13,114.81999969482422,-0.060178055660280116,-0.06034170320962029,D:\drive\Investment\分析报告\公司评估_淘汰\结果\ETR_Entergy_Corporation_收入传导估值评估_2026-07-12.md,https://query1.finance.yahoo.com/v8/finance/chart/ETR?period1=1767225600&period2=1788566400&interval=1d&events=div%2Csplits
FCEL,FuelCell Energy,排序,2026-07-13,2026-07-13,19.07999992370605,19.07999992370605,2026-09-04,14.949999809265137,14.949999809265137,-0.21645702992428073,-0.21645702992428073,2026-07-14,21.200000762939453,-0.29481135512976897,-0.29976582940763474,历史28榜见historical_rankings.csv,https://query1.finance.yahoo.com/v8/finance/chart/FCEL?period1=1767225600&period2=1788566400&interval=1d&events=div%2Csplits
FCEL,FuelCell Energy,公司对比,2026-07-14,2026-07-14,21.350000381469727,21.350000381469727,2026-09-04,14.949999809265137,14.949999809265137,-0.29976582940763474,-0.29976582940763474,2026-07-15,21.26000022888184,-0.2968015217160971,-0.261728404480734,公司对比历史原文见company_comparison_historical_sources.csv,https://query1.finance.yahoo.com/v8/finance/chart/FCEL?period1=1767225600&period2=1788566400&interval=1d&events=div%2Csplits
FCEL,FuelCell Energy,情景决策,2026-07-15,2026-07-15,20.25,20.25,2026-09-04,14.949999809265137,14.949999809265137,-0.261728404480734,-0.261728404480734,2026-07-16,19.56999969482422,-0.23607562379170388,-0.1338354802424211,D:\drive\Investment\分析报告\公司情景投资决策\结果\FCEL_经营情景市场状态投资决策_2026-07-15.md,https://query1.finance.yahoo.com/v8/finance/chart/FCEL?period1=1767225600&period2=1788566400&interval=1d&events=div%2Csplits
FCEL,FuelCell Energy,经营评估,2026-07-12,2026-07-13,19.07999992370605,19.07999992370605,2026-09-04,14.949999809265137,14.949999809265137,-0.21645702992428073,-0.21645702992428073,2026-07-13,20.690000534057617,-0.2774287373914718,-0.21645702992428073,D:\drive\Investment\分析报告\公司评估_淘汰\结果\FCEL_FuelCell_Energy_收入传导估值评估_2026-07-12.md,https://query1.finance.yahoo.com/v8/finance/chart/FCEL?period1=1767225600&period2=1788566400&interval=1d&events=div%2Csplits
GEV,GE Vernova,排序,2026-07-13,2026-07-13,1042.5999755859375,1042.5999755859375,2026-09-04,941.9500122070312,941.9500122070312,-0.09653746953364484,-0.09653746953364484,2026-07-14,1071.0699462890625,-0.12055228935271056,-0.11637789178534053,历史28榜见historical_rankings.csv,https://query1.finance.yahoo.com/v8/finance/chart/GEV?period1=1767225600&period2=1788566400&interval=1d&events=div%2Csplits
GEV,GE Vernova,公司对比,2026-07-14,2026-07-14,1066.010009765625,1066.010009765625,2026-09-04,941.9500122070312,941.9500122070312,-0.11637789178534053,-0.11637789178534053,2026-07-15,1070.9100341796875,-0.12042096708099204,-0.1073933116742053,公司对比历史原文见company_comparison_historical_sources.csv,https://query1.finance.yahoo.com/v8/finance/chart/GEV?period1=1767225600&period2=1788566400&interval=1d&events=div%2Csplits
GEV,GE Vernova,情景决策,2026-07-15,2026-07-15,1055.280029296875,1055.280029296875,2026-09-04,941.9500122070312,941.9500122070312,-0.1073933116742053,-0.1073933116742053,2026-07-16,1034.989990234375,-0.08989456797188411,-0.09097485202116595,D:\drive\Investment\分析报告\公司情景投资决策\结果\备份\GEV_2026-08-19T12_34_48-07_00-13df682d44\GEV_经营情景市场状态投资决策_2026-07-15.md,https://query1.finance.yahoo.com/v8/finance/chart/GEV?period1=1767225600&period2=1788566400&interval=1d&events=div%2Csplits
GEV,GE Vernova,经营评估,2026-07-12,2026-07-13,1042.5999755859375,1042.5999755859375,2026-09-04,941.9500122070312,941.9500122070312,-0.09653746953364484,-0.09653746953364484,2026-07-13,1070.0,-0.11967288578782131,-0.09653746953364484,D:\drive\Investment\分析报告\公司评估_淘汰\备份\GEV_2026-08-19T11_52_27-07_00-49965800d5\GEV_GE_Vernova_收入传导估值评估_2026-07-12.md,https://query1.finance.yahoo.com/v8/finance/chart/GEV?period1=1767225600&period2=1788566400&interval=1d&events=div%2Csplits
GNRC,Generac Holdings,排序,2026-07-13,2026-07-13,226.9499969482422,226.9499969482422,2026-09-04,187.3500061035156,187.3500061035156,-0.17448773464296496,-0.17448773464296496,2026-07-14,233.3699951171875,-0.19719754028602865,-0.16777714033802515,历史28榜见historical_rankings.csv,https://query1.finance.yahoo.com/v8/finance/chart/GNRC?period1=1767225600&period2=1788566400&interval=1d&events=div%2Csplits
GNRC,Generac Holdings,公司对比,2026-07-14,2026-07-14,225.1199951171875,225.1199951171875,2026-09-04,187.3500061035156,187.3500061035156,-0.16777714033802515,-0.16777714033802515,2026-07-15,227.0,-0.17466957663649518,-0.17313970964123404,公司对比历史原文见company_comparison_historical_sources.csv,https://query1.finance.yahoo.com/v8/finance/chart/GNRC?period1=1767225600&period2=1788566400&interval=1d&events=div%2Csplits
GNRC,Generac Holdings,情景决策,2026-07-15,2026-07-15,226.5800018310547,226.5800018310547,2026-09-04,187.3500061035156,187.3500061035156,-0.17313970964123404,-0.17313970964123404,2026-07-16,218.77999877929688,-0.1436602653402862,-0.13014206585494292,D:\drive\Investment\分析报告\公司情景投资决策\结果\GNRC_经营情景市场状态投资决策_2026-07-15.md,https://query1.finance.yahoo.com/v8/finance/chart/GNRC?period1=1767225600&period2=1788566400&interval=1d&events=div%2Csplits
GNRC,Generac Holdings,经营评估,2026-07-12,2026-07-13,226.9499969482422,226.9499969482422,2026-09-04,187.3500061035156,187.3500061035156,-0.17448773464296496,-0.17448773464296496,2026-07-13,229.3800048828125,-0.18323305381726507,-0.17448773464296496,D:\drive\Investment\分析报告\公司评估_淘汰\结果\GNRC_Generac_Holdings_收入传导估值评估_2026-07-12.md,https://query1.finance.yahoo.com/v8/finance/chart/GNRC?period1=1767225600&period2=1788566400&interval=1d&events=div%2Csplits
OKLO,Oklo Inc,排序,2026-07-13,2026-07-13,45.810001373291016,45.810001373291016,2026-09-04,41.27000045776367,41.27000045776367,-0.09910501592288401,-0.09910501592288401,2026-07-14,46.959999084472656,-0.12116692371466387,-0.10748272145970905,历史28榜见historical_rankings.csv,https://query1.finance.yahoo.com/v8/finance/chart/OKLO?period1=1767225600&period2=1788566400&interval=1d&events=div%2Csplits
OKLO,Oklo Inc,公司对比,2026-07-14,2026-07-14,46.2400016784668,46.2400016784668,2026-09-04,41.27000045776367,41.27000045776367,-0.10748272145970905,-0.10748272145970905,2026-07-15,46.790000915527344,-0.11797393352757657,-0.09673885536870008,公司对比历史原文见company_comparison_historical_sources.csv,https://query1.finance.yahoo.com/v8/finance/chart/OKLO?period1=1767225600&period2=1788566400&interval=1d&events=div%2Csplits
OKLO,Oklo Inc,情景决策,2026-07-15,2026-07-15,45.68999862670898,45.68999862670898,2026-09-04,41.27000045776367,41.27000045776367,-0.09673885536870008,-0.09673885536870008,2026-07-16,44.29999923706055,-0.06839726481895814,-0.010311757729221438,D:\drive\Investment\分析报告\公司情景投资决策\结果\OKLO_经营情景市场状态投资决策_2026-07-15.md,https://query1.finance.yahoo.com/v8/finance/chart/OKLO?period1=1767225600&period2=1788566400&interval=1d&events=div%2Csplits
OKLO,Oklo Inc,经营评估,2026-07-12,2026-07-13,45.810001373291016,45.810001373291016,2026-09-04,41.27000045776367,41.27000045776367,-0.09910501592288401,-0.09910501592288401,2026-07-13,47.720001220703125,-0.13516346600890583,-0.09910501592288401,D:\drive\Investment\分析报告\公司评估_淘汰\结果\OKLO_Oklo_Inc_收入传导估值评估_2026-07-12.md,https://query1.finance.yahoo.com/v8/finance/chart/OKLO?period1=1767225600&period2=1788566400&interval=1d&events=div%2Csplits
PSIX,Power Solutions International,排序,2026-07-13,2026-07-13,32.18000030517578,32.18000030517578,2026-09-04,40.4900016784668,40.4900016784668,0.2582349687533858,0.2582349687533858,2026-07-14,32.72999954223633,0.23709142208256373,0.24088263417288225,历史28榜见historical_rankings.csv,https://query1.finance.yahoo.com/v8/finance/chart/PSIX?period1=1767225600&period2=1788566400&interval=1d&events=div%2Csplits
PSIX,Power Solutions International,公司对比,2026-07-14,2026-07-14,32.630001068115234,32.630001068115234,2026-09-04,40.4900016784668,40.4900016784668,0.24088263417288225,0.24088263417288225,2026-07-15,32.93000030517578,0.2295779320749891,0.21010169714130278,公司对比历史原文见company_comparison_historical_sources.csv,https://query1.finance.yahoo.com/v8/finance/chart/PSIX?period1=1767225600&period2=1788566400&interval=1d&events=div%2Csplits
PSIX,Power Solutions International,情景决策,2026-07-15,2026-07-15,33.459999084472656,33.459999084472656,2026-09-04,40.4900016784668,40.4900016784668,0.21010169714130278,0.21010169714130278,2026-07-16,32.4900016784668,0.2462295963900214,0.27487409907655125,D:\drive\Investment\分析报告\公司情景投资决策\结果\PSIX_经营情景市场状态投资决策_2026-07-15.md,https://query1.finance.yahoo.com/v8/finance/chart/PSIX?period1=1767225600&period2=1788566400&interval=1d&events=div%2Csplits
PSIX,Power Solutions International,经营评估,2026-07-12,2026-07-13,32.18000030517578,32.18000030517578,2026-09-04,40.4900016784668,40.4900016784668,0.2582349687533858,0.2582349687533858,2026-07-13,33.79999923706055,0.19792907078148358,0.2582349687533858,D:\drive\Investment\分析报告\公司评估_淘汰\结果\PSIX_Power_Solutions_International_收入传导估值评估_2026-07-12.md,https://query1.finance.yahoo.com/v8/finance/chart/PSIX?period1=1767225600&period2=1788566400&interval=1d&events=div%2Csplits
PWR,Quanta Services,排序,2026-07-13,2026-07-13,646.7000122070312,646.7000122070312,2026-09-04,624.4099731445312,624.4099731445312,-0.0344673552524446,-0.0344673552524446,2026-07-14,663.9000244140625,-0.05948192471356506,-0.05526981142303222,历史28榜见historical_rankings.csv,https://query1.finance.yahoo.com/v8/finance/chart/PWR?period1=1767225600&period2=1788566400&interval=1d&events=div%2Csplits
PWR,Quanta Services,公司对比,2026-07-14,2026-07-14,660.9400024414062,660.9400024414062,2026-09-04,624.4099731445312,624.4099731445312,-0.05526981142303222,-0.05526981142303222,2026-07-15,664.030029296875,-0.05966606087724147,-0.03765189060442997,公司对比历史原文见company_comparison_historical_sources.csv,https://query1.finance.yahoo.com/v8/finance/chart/PWR?period1=1767225600&period2=1788566400&interval=1d&events=div%2Csplits
PWR,Quanta Services,情景决策,2026-07-15,2026-07-15,648.8400268554688,648.8400268554688,2026-09-04,624.4099731445312,624.4099731445312,-0.03765189060442997,-0.03765189060442997,2026-07-16,633.6900024414062,-0.014644430653982243,-0.010475176986665113,D:\drive\Investment\分析报告\公司情景投资决策\结果\PWR_经营情景市场状态投资决策_2026-07-15.md,https://query1.finance.yahoo.com/v8/finance/chart/PWR?period1=1767225600&period2=1788566400&interval=1d&events=div%2Csplits
PWR,Quanta Services,经营评估,2026-07-12,2026-07-13,646.7000122070312,646.7000122070312,2026-09-04,624.4099731445312,624.4099731445312,-0.0344673552524446,-0.0344673552524446,2026-07-13,649.5,-0.03862975651342382,-0.0344673552524446,D:\drive\Investment\分析报告\公司评估_淘汰\结果\PWR_Quanta_Services_收入传导估值评估_2026-07-12.md,https://query1.finance.yahoo.com/v8/finance/chart/PWR?period1=1767225600&period2=1788566400&interval=1d&events=div%2Csplits
RYCEY,Rolls-Royce Holdings,排序,2026-07-13,2026-07-13,18.82999992370605,18.75694465637207,2026-09-04,20.1200008392334,20.1200008392334,0.07266941433333463,0.06850774937621207,2026-07-14,18.709999084472656,0.07954923414014603,0.07954923414014603,历史28榜见historical_rankings.csv,https://query1.finance.yahoo.com/v8/finance/chart/RYCEY?period1=1767225600&period2=1788566400&interval=1d&events=div%2Csplits
RYCEY,Rolls-Royce Holdings,公司对比,2026-07-14,2026-07-14,18.709999084472656,18.63740921020508,2026-09-04,20.1200008392334,20.1200008392334,0.07954923414014603,0.07536086711681866,2026-07-15,18.84000015258789,0.07210007840962196,0.07153131204615426,公司对比历史原文见company_comparison_historical_sources.csv,https://query1.finance.yahoo.com/v8/finance/chart/RYCEY?period1=1767225600&period2=1788566400&interval=1d&events=div%2Csplits
RYCEY,Rolls-Royce Holdings,情景决策,2026-07-15,2026-07-15,18.850000381469727,18.7768669128418,2026-09-04,20.1200008392334,20.1200008392334,0.07153131204615426,0.06737402822612837,2026-07-16,18.530000686645508,0.09003580081643792,0.09239396363579866,D:\drive\Investment\分析报告\公司情景投资决策\结果\RYCEY_经营情景市场状态投资决策_2026-07-15.md,https://query1.finance.yahoo.com/v8/finance/chart/RYCEY?period1=1767225600&period2=1788566400&interval=1d&events=div%2Csplits
RYCEY,Rolls-Royce Holdings,经营评估,2026-07-12,2026-07-13,18.82999992370605,18.75694465637207,2026-09-04,20.1200008392334,20.1200008392334,0.07266941433333463,0.06850774937621207,2026-07-13,19.0,0.06307184158202661,0.07266941433333463,D:\drive\Investment\分析报告\公司评估_淘汰\结果\RYCEY_Rolls-Royce_Holdings_收入传导估值评估_2026-07-12.md,https://query1.finance.yahoo.com/v8/finance/chart/RYCEY?period1=1767225600&period2=1788566400&interval=1d&events=div%2Csplits
VST,Vistra Corp,排序,2026-07-13,2026-07-13,158.1199951171875,158.1199951171875,2026-09-04,149.3000030517578,149.3000030517578,-0.055780371476061075,-0.055780371476061075,2026-07-14,161.0,-0.0726707884983987,-0.057627911671418675,历史28榜见historical_rankings.csv,https://query1.finance.yahoo.com/v8/finance/chart/VST?period1=1767225600&period2=1788566400&interval=1d&events=div%2Csplits
VST,Vistra Corp,公司对比,2026-07-14,2026-07-14,158.42999267578125,158.42999267578125,2026-09-04,149.3000030517578,149.3000030517578,-0.057627911671418675,-0.057627911671418675,2026-07-15,162.5,-0.08123075045072115,-0.0682143978482469,公司对比历史原文见company_comparison_historical_sources.csv,https://query1.finance.yahoo.com/v8/finance/chart/VST?period1=1767225600&period2=1788566400&interval=1d&events=div%2Csplits
VST,Vistra Corp,情景决策,2026-07-15,2026-07-15,160.22999572753906,160.22999572753906,2026-09-04,149.3000030517578,149.3000030517578,-0.0682143978482469,-0.0682143978482469,2026-07-16,157.8699951171875,-0.05428512276235997,-0.021368606181209948,D:\drive\Investment\分析报告\公司情景投资决策\结果\VST_经营情景市场状态投资决策_2026-07-15.md,https://query1.finance.yahoo.com/v8/finance/chart/VST?period1=1767225600&period2=1788566400&interval=1d&events=div%2Csplits
VST,Vistra Corp,经营评估,2026-07-12,2026-07-13,158.1199951171875,158.1199951171875,2026-09-04,149.3000030517578,149.3000030517578,-0.055780371476061075,-0.055780371476061075,2026-07-13,157.64999389648438,-0.05296537372661936,-0.055780371476061075,D:\drive\Investment\分析报告\公司评估_淘汰\结果\VST_Vistra_Corp_收入传导估值评估_2026-07-12.md,https://query1.finance.yahoo.com/v8/finance/chart/VST?period1=1767225600&period2=1788566400&interval=1d&events=div%2Csplits
CEG,Constellation Energy,排序,2026-07-13,2026-07-13,257.57000732421875,257.1746826171875,2026-09-04,298.9599914550781,298.9599914550781,0.16247831401075108,0.1606941140423983,2026-07-14,261.9979858398437,0.142831533021752,0.1676464078230222,历史28榜见historical_rankings.csv,https://query1.finance.yahoo.com/v8/finance/chart/CEG?period1=1767225600&period2=1788566400&interval=1d&events=div%2Csplits
CEG,Constellation Energy,公司对比,2026-07-14,2026-07-14,256.42999267578125,256.0364074707031,2026-09-04,298.9599914550781,298.9599914550781,0.1676464078230222,0.16585422920114468,2026-07-15,258.70001220703125,0.1574006752362076,0.16002394336009895,公司对比历史原文见company_comparison_historical_sources.csv,https://query1.finance.yahoo.com/v8/finance/chart/CEG?period1=1767225600&period2=1788566400&interval=1d&events=div%2Csplits
CEG,Constellation Energy,情景决策,2026-07-15,2026-07-15,258.114990234375,257.71881103515625,2026-09-04,298.9599914550781,298.9599914550781,0.16002394336009895,0.1582434293475743,2026-07-16,257.25,0.1639244832186515,0.18925832397401754,D:\drive\Investment\分析报告\公司情景投资决策\结果\CEG_经营情景市场状态投资决策_2026-07-15.md,https://query1.finance.yahoo.com/v8/finance/chart/CEG?period1=1767225600&period2=1788566400&interval=1d&events=div%2Csplits
CEG,Constellation Energy,经营评估,2026-07-12,2026-07-13,257.57000732421875,257.1746826171875,2026-09-04,298.9599914550781,298.9599914550781,0.16247831401075108,0.1606941140423983,2026-07-13,250.5050048828125,0.1952637353256259,0.16247831401075108,D:\drive\Investment\分析报告\公司评估_淘汰\结果\CEG_Constellation_Energy_收入传导估值评估_2026-07-12.md,https://query1.finance.yahoo.com/v8/finance/chart/CEG?period1=1767225600&period2=1788566400&interval=1d&events=div%2Csplits
FLNC,Fluence Energy,排序,2026-07-13,2026-07-13,15.15999984741211,15.15999984741211,2026-09-04,10.350000381469728,10.350000381469728,-0.3172822898651594,-0.3172822898651594,2026-07-14,15.53499984741211,-0.33376244073836425,-0.33696344592535143,历史28榜见historical_rankings.csv,https://query1.finance.yahoo.com/v8/finance/chart/FLNC?period1=1767225600&period2=1788566400&interval=1d&events=div%2Csplits
FLNC,Fluence Energy,公司对比,2026-07-14,2026-07-14,15.609999656677246,15.609999656677246,2026-09-04,10.350000381469728,10.350000381469728,-0.33696344592535143,-0.33696344592535143,2026-07-15,15.479999542236328,-0.3313953044229542,-0.32661024993278664,公司对比历史原文见company_comparison_historical_sources.csv,https://query1.finance.yahoo.com/v8/finance/chart/FLNC?period1=1767225600&period2=1788566400&interval=1d&events=div%2Csplits
FLNC,Fluence Energy,情景决策,2026-07-15,2026-07-15,15.369999885559082,15.369999885559082,2026-09-04,10.350000381469728,10.350000381469728,-0.32661024993278664,-0.32661024993278664,2026-07-16,14.8149995803833,-0.3013836871670065,-0.2822468566775651,D:\drive\Investment\分析报告\公司情景投资决策\结果\FLNC_经营情景市场状态投资决策_2026-07-15.md,https://query1.finance.yahoo.com/v8/finance/chart/FLNC?period1=1767225600&period2=1788566400&interval=1d&events=div%2Csplits
FLNC,Fluence Energy,经营评估,2026-07-12,2026-07-13,15.15999984741211,15.15999984741211,2026-09-04,10.350000381469728,10.350000381469728,-0.3172822898651594,-0.3172822898651594,2026-07-13,15.699999809265137,-0.34076429890388793,-0.3172822898651594,D:\drive\Investment\分析报告\公司评估_淘汰\结果\FLNC_Fluence_Energy_收入传导估值评估_2026-07-12.md,https://query1.finance.yahoo.com/v8/finance/chart/FLNC?period1=1767225600&period2=1788566400&interval=1d&events=div%2Csplits
SMR,NuScale Power,排序,2026-07-13,2026-07-13,8.350000381469727,8.350000381469727,2026-09-04,9.699999809265137,9.699999809265137,0.16167657079289732,0.16167657079289732,2026-07-14,8.600000381469727,0.12790690453520903,0.12790690453520903,历史28榜见historical_rankings.csv,https://query1.finance.yahoo.com/v8/finance/chart/SMR?period1=1767225600&period2=1788566400&interval=1d&events=div%2Csplits
SMR,NuScale Power,公司对比,2026-07-14,2026-07-14,8.600000381469727,8.600000381469727,2026-09-04,9.699999809265137,9.699999809265137,0.12790690453520903,0.12790690453520903,2026-07-15,8.59000015258789,0.12921998101977206,0.160287106174414,公司对比历史原文见company_comparison_historical_sources.csv,https://query1.finance.yahoo.com/v8/finance/chart/SMR?period1=1767225600&period2=1788566400&interval=1d&events=div%2Csplits
SMR,NuScale Power,情景决策,2026-07-15,2026-07-15,8.359999656677246,8.359999656677246,2026-09-04,9.699999809265137,9.699999809265137,0.160287106174414,0.160287106174414,2026-07-16,8.119999885559082,0.19458127413474324,0.2696335050758505,D:\drive\Investment\分析报告\公司情景投资决策\结果\SMR_经营情景市场状态投资决策_2026-07-15.md,https://query1.finance.yahoo.com/v8/finance/chart/SMR?period1=1767225600&period2=1788566400&interval=1d&events=div%2Csplits
SMR,NuScale Power,经营评估,2026-07-12,2026-07-13,8.350000381469727,8.350000381469727,2026-09-04,9.699999809265137,9.699999809265137,0.16167657079289732,0.16167657079289732,2026-07-13,8.869999885559082,0.09357383702533606,0.16167657079289732,D:\drive\Investment\分析报告\公司评估_淘汰\结果\SMR_NuScale_Power_收入传导估值评估_2026-07-12.md,https://query1.finance.yahoo.com/v8/finance/chart/SMR?period1=1767225600&period2=1788566400&interval=1d&events=div%2Csplits
AMPX,Amprius Technologies,排序,2026-07-13,2026-07-13,11.079999923706056,11.079999923706056,2026-09-04,9.890000343322754,9.890000343322754,-0.10740068488965027,-0.10740068488965027,2026-07-14,11.3100004196167,-0.12555261039875976,-0.11061147076392142,历史28榜见historical_rankings.csv,https://query1.finance.yahoo.com/v8/finance/chart/AMPX?period1=1767225600&period2=1788566400&interval=1d&events=div%2Csplits
AMPX,Amprius Technologies,公司对比,2026-07-14,2026-07-14,11.119999885559082,11.119999885559082,2026-09-04,9.890000343322754,9.890000343322754,-0.11061147076392142,-0.11061147076392142,2026-07-15,11.199999809265137,-0.11696424002245898,-0.1278659426591131,公司对比历史原文见company_comparison_historical_sources.csv,https://query1.finance.yahoo.com/v8/finance/chart/AMPX?period1=1767225600&period2=1788566400&interval=1d&events=div%2Csplits
AMPX,Amprius Technologies,情景决策,2026-07-15,2026-07-15,11.34000015258789,11.34000015258789,2026-09-04,9.890000343322754,9.890000343322754,-0.1278659426591131,-0.1278659426591131,2026-07-16,10.960000038146973,-0.09762770904197238,-0.02079208219954698,D:\drive\Investment\分析报告\公司情景投资决策\结果\AMPX_经营情景市场状态投资决策_2026-07-15.md,https://query1.finance.yahoo.com/v8/finance/chart/AMPX?period1=1767225600&period2=1788566400&interval=1d&events=div%2Csplits
AMPX,Amprius Technologies,经营评估,2026-07-12,2026-07-13,11.079999923706056,11.079999923706056,2026-09-04,9.890000343322754,9.890000343322754,-0.10740068488965027,-0.10740068488965027,2026-07-13,11.31999969482422,-0.12632503445696175,-0.10740068488965027,D:\drive\Investment\分析报告\公司评估_淘汰\结果\AMPX_Amprius_Technologies_收入传导估值评估_2026-07-12.md,https://query1.finance.yahoo.com/v8/finance/chart/AMPX?period1=1767225600&period2=1788566400&interval=1d&events=div%2Csplits
HTHIY,Hitachi Ltd,排序,2026-07-13,2026-07-13,29.11000061035156,29.11000061035156,2026-09-04,34.66999816894531,34.66999816894531,0.1909995686024346,0.1909995686024346,2026-07-14,29.350000381469727,0.1812605696194265,0.1657699541280726,历史28榜见historical_rankings.csv,https://query1.finance.yahoo.com/v8/finance/chart/HTHIY?period1=1767225600&period2=1788566400&interval=1d&events=div%2Csplits
HTHIY,Hitachi Ltd,公司对比,2026-07-14,2026-07-14,29.739999771118164,29.739999771118164,2026-09-04,34.66999816894531,34.66999816894531,0.1657699541280726,0.1657699541280726,2026-07-15,29.459999084472656,0.1768499404746644,0.18732867339333636,公司对比历史原文见company_comparison_historical_sources.csv,https://query1.finance.yahoo.com/v8/finance/chart/HTHIY?period1=1767225600&period2=1788566400&interval=1d&events=div%2Csplits
HTHIY,Hitachi Ltd,情景决策,2026-07-15,2026-07-15,29.200000762939453,29.200000762939453,2026-09-04,34.66999816894531,34.66999816894531,0.18732867339333636,0.18732867339333636,2026-07-16,29.36000061035156,0.18085822371276072,0.18005443020035417,D:\drive\Investment\分析报告\公司情景投资决策\结果\HTHIY_经营情景市场状态投资决策_2026-07-15.md,https://query1.finance.yahoo.com/v8/finance/chart/HTHIY?period1=1767225600&period2=1788566400&interval=1d&events=div%2Csplits
HTHIY,Hitachi Ltd,经营评估,2026-07-12,2026-07-13,29.11000061035156,29.11000061035156,2026-09-04,34.66999816894531,34.66999816894531,0.1909995686024346,0.1909995686024346,2026-07-13,29.26000022888184,0.18489398146768954,0.1909995686024346,D:\drive\Investment\分析报告\公司评估_淘汰\结果\HTHIY_Hitachi_Ltd_收入传导估值评估_2026-07-12.md,https://query1.finance.yahoo.com/v8/finance/chart/HTHIY?period1=1767225600&period2=1788566400&interval=1d&events=div%2Csplits
TE,T1 Energy Inc,排序,2026-07-13,2026-07-13,6.550000190734863,6.550000190734863,2026-09-04,4.599999904632568,4.599999904632568,-0.2977099586745995,-0.2977099586745995,2026-07-14,6.800000190734863,-0.3235294447638163,-0.32748540906213663,历史28榜见historical_rankings.csv,https://query1.finance.yahoo.com/v8/finance/chart/TE?period1=1767225600&period2=1788566400&interval=1d&events=div%2Csplits
TE,T1 Energy Inc,公司对比,2026-07-14,2026-07-14,6.840000152587891,6.840000152587891,2026-09-04,4.599999904632568,4.599999904632568,-0.32748540906213663,-0.32748540906213663,2026-07-15,6.800000190734863,-0.3235294447638163,-0.3093093078042637,公司对比历史原文见company_comparison_historical_sources.csv,https://query1.finance.yahoo.com/v8/finance/chart/TE?period1=1767225600&period2=1788566400&interval=1d&events=div%2Csplits
TE,T1 Energy Inc,情景决策,2026-07-15,2026-07-15,6.659999847412109,6.659999847412109,2026-09-04,4.599999904632568,4.599999904632568,-0.3093093078042637,-0.3093093078042637,2026-07-16,6.449999809265137,-0.28682169912239786,-0.22558924910430478,D:\drive\Investment\分析报告\公司情景投资决策\结果\TE_经营情景市场状态投资决策_2026-07-15.md,https://query1.finance.yahoo.com/v8/finance/chart/TE?period1=1767225600&period2=1788566400&interval=1d&events=div%2Csplits
TE,T1 Energy Inc,经营评估,2026-07-12,2026-07-13,6.550000190734863,6.550000190734863,2026-09-04,4.599999904632568,4.599999904632568,-0.2977099586745995,-0.2977099586745995,2026-07-13,6.71999979019165,-0.3154761832959255,-0.2977099586745995,D:\drive\Investment\分析报告\公司评估_淘汰\结果\TE_T1_Energy_Inc_收入传导估值评估_2026-07-12.md,https://query1.finance.yahoo.com/v8/finance/chart/TE?period1=1767225600&period2=1788566400&interval=1d&events=div%2Csplits
AEHR,Aehr Test Systems,排序,2026-07-13,2026-07-13,68.0199966430664,68.0199966430664,2026-09-04,86.26000213623047,86.26000213623047,0.2681565185731798,0.2681565185731798,2026-07-14,73.30999755859375,0.17664718331611318,0.19788917618751722,历史28榜见historical_rankings.csv,https://query1.finance.yahoo.com/v8/finance/chart/AEHR?period1=1767225600&period2=1788566400&interval=1d&events=div%2Csplits
AEHR,Aehr Test Systems,公司对比,2026-07-14,2026-07-14,72.01000213623047,72.01000213623047,2026-09-04,86.26000213623047,86.26000213623047,0.19788917618751722,0.19788917618751722,2026-07-15,98.16000366210938,-0.12123065486877538,-0.01742793898326822,公司对比历史原文见company_comparison_historical_sources.csv,https://query1.finance.yahoo.com/v8/finance/chart/AEHR?period1=1767225600&period2=1788566400&interval=1d&events=div%2Csplits
AEHR,Aehr Test Systems,情景决策,2026-07-15,2026-07-15,87.79000091552734,87.79000091552734,2026-09-04,86.26000213623047,86.26000213623047,-0.01742793898326822,-0.01742793898326822,2026-07-16,84.94000244140625,0.01554037740621439,0.024465620696572765,D:\drive\Investment\分析报告\公司情景投资决策\结果\备份\AEHR_2026-07-18T17_43_28-07_00-6484366478\AEHR_经营情景市场状态投资决策_2026-07-15.md,https://query1.finance.yahoo.com/v8/finance/chart/AEHR?period1=1767225600&period2=1788566400&interval=1d&events=div%2Csplits
AEHR,Aehr Test Systems,经营评估,2026-07-12,2026-07-13,68.0199966430664,68.0199966430664,2026-09-04,86.26000213623047,86.26000213623047,0.2681565185731798,0.2681565185731798,2026-07-13,69.58999633789062,0.23954600769627143,0.2681565185731798,D:\drive\Investment\分析报告\公司评估_淘汰\备份\AEHR_2026-07-18T15_01_03-07_00-23d33bf37b\AEHR_Aehr_Test_Systems_收入传导估值评估_2026-07-12.md,https://query1.finance.yahoo.com/v8/finance/chart/AEHR?period1=1767225600&period2=1788566400&interval=1d&events=div%2Csplits
ASX,ASE Technology Holding,排序,2026-07-13,2026-07-13,40.560001373291016,40.560001373291016,2026-09-04,37.5099983215332,37.5099983215332,-0.07519731135330421,-0.07519731135330421,2026-07-14,41.77000045776367,-0.10198712208629324,-0.07061452541423874,历史28榜见historical_rankings.csv,https://query1.finance.yahoo.com/v8/finance/chart/ASX?period1=1767225600&period2=1788566400&interval=1d&events=div%2Csplits
ASX,ASE Technology Holding,公司对比,2026-07-14,2026-07-14,40.36000061035156,40.36000061035156,2026-09-04,37.5099983215332,37.5099983215332,-0.07061452541423874,-0.07061452541423874,2026-07-15,41.7400016784668,-0.10134171506552203,-0.07883111009186006,公司对比历史原文见company_comparison_historical_sources.csv,https://query1.finance.yahoo.com/v8/finance/chart/ASX?period1=1767225600&period2=1788566400&interval=1d&events=div%2Csplits
ASX,ASE Technology Holding,情景决策,2026-07-15,2026-07-15,40.720001220703125,40.720001220703125,2026-09-04,37.5099983215332,37.5099983215332,-0.07883111009186006,-0.07883111009186006,2026-07-16,40.25,-0.06807457586252907,-0.05062009832862957,D:\drive\Investment\分析报告\公司情景投资决策\结果\ASX_经营情景市场状态投资决策_2026-07-15.md,https://query1.finance.yahoo.com/v8/finance/chart/ASX?period1=1767225600&period2=1788566400&interval=1d&events=div%2Csplits
ASX,ASE Technology Holding,经营评估,2026-07-12,2026-07-13,40.560001373291016,40.560001373291016,2026-09-04,37.5099983215332,37.5099983215332,-0.07519731135330421,-0.07519731135330421,2026-07-13,41.5,-0.0961446187582361,-0.07519731135330421,D:\drive\Investment\分析报告\公司评估_淘汰\结果\ASX_ASE_Technology_Holding_收入传导估值评估_2026-07-12.md,https://query1.finance.yahoo.com/v8/finance/chart/ASX?period1=1767225600&period2=1788566400&interval=1d&events=div%2Csplits
COHU,Cohu Inc,排序,2026-07-13,2026-07-13,52.810001373291016,52.810001373291016,2026-09-04,50.720001220703125,50.720001220703125,-0.03957583976971679,-0.03957583976971679,2026-07-14,55.959999084472656,-0.09363827643849054,-0.0907134756064536,历史28榜见historical_rankings.csv,https://query1.finance.yahoo.com/v8/finance/chart/COHU?period1=1767225600&period2=1788566400&interval=1d&events=div%2Csplits
COHU,Cohu Inc,公司对比,2026-07-14,2026-07-14,55.77999877929688,55.77999877929688,2026-09-04,50.720001220703125,50.720001220703125,-0.0907134756064536,-0.0907134756064536,2026-07-15,57.91999816894531,-0.12430934350585965,-0.07815338424726948,公司对比历史原文见company_comparison_historical_sources.csv,https://query1.finance.yahoo.com/v8/finance/chart/COHU?period1=1767225600&period2=1788566400&interval=1d&events=div%2Csplits
COHU,Cohu Inc,情景决策,2026-07-15,2026-07-15,55.02000045776367,55.02000045776367,2026-09-04,50.720001220703125,50.720001220703125,-0.07815338424726948,-0.07815338424726948,2026-07-16,52.33000183105469,-0.030766301433532983,-0.01533677201654704,D:\drive\Investment\分析报告\公司情景投资决策\结果\COHU_经营情景市场状态投资决策_2026-07-15.md,https://query1.finance.yahoo.com/v8/finance/chart/COHU?period1=1767225600&period2=1788566400&interval=1d&events=div%2Csplits
COHU,Cohu Inc,经营评估,2026-07-12,2026-07-13,52.810001373291016,52.810001373291016,2026-09-04,50.720001220703125,50.720001220703125,-0.03957583976971679,-0.03957583976971679,2026-07-13,53.77999877929688,-0.05689843116492843,-0.03957583976971679,D:\drive\Investment\分析报告\公司评估_淘汰\结果\COHU_Cohu_Inc_收入传导估值评估_2026-07-12.md,https://query1.finance.yahoo.com/v8/finance/chart/COHU?period1=1767225600&period2=1788566400&interval=1d&events=div%2Csplits
IMOS,ChipMOS Technologies 南茂科技,排序,2026-07-13,2026-07-13,69.13999938964844,69.13999938964844,2026-09-04,57.61000061035156,57.61000061035156,-0.166763073200477,-0.166763073200477,2026-07-14,67.0,-0.14014924462161849,-0.10640608779992744,历史28榜见historical_rankings.csv,https://query1.finance.yahoo.com/v8/finance/chart/IMOS?period1=1767225600&period2=1788566400&interval=1d&events=div%2Csplits
IMOS,ChipMOS Technologies 南茂科技,公司对比,2026-07-14,2026-07-14,64.47000122070312,64.47000122070312,2026-09-04,57.61000061035156,57.61000061035156,-0.10640608779992744,-0.10640608779992744,2026-07-15,68.66999816894531,-0.16106011145338028,-0.16069345683823388,公司对比历史原文见company_comparison_historical_sources.csv,https://query1.finance.yahoo.com/v8/finance/chart/IMOS?period1=1767225600&period2=1788566400&interval=1d&events=div%2Csplits
IMOS,ChipMOS Technologies 南茂科技,情景决策,2026-07-15,2026-07-15,68.63999938964844,68.63999938964844,2026-09-04,57.61000061035156,57.61000061035156,-0.16069345683823388,-0.16069345683823388,2026-07-16,68.63999938964844,-0.16069345683823388,-0.19007447160300206,D:\drive\Investment\分析报告\公司情景投资决策\结果\IMOS_经营情景市场状态投资决策_2026-07-15.md,https://query1.finance.yahoo.com/v8/finance/chart/IMOS?period1=1767225600&period2=1788566400&interval=1d&events=div%2Csplits
IMOS,ChipMOS Technologies 南茂科技,经营评估,2026-07-12,2026-07-13,69.13999938964844,69.13999938964844,2026-09-04,57.61000061035156,57.61000061035156,-0.166763073200477,-0.166763073200477,2026-07-13,72.62999725341797,-0.20680155873693862,-0.166763073200477,D:\drive\Investment\分析报告\公司评估_淘汰\结果\IMOS_ChipMOS_Technologies_南茂科技_收入传导估值评估_2026-07-12.md,https://query1.finance.yahoo.com/v8/finance/chart/IMOS?period1=1767225600&period2=1788566400&interval=1d&events=div%2Csplits
KEYS,Keysight Technologies,排序,2026-07-13,2026-07-13,320.8299865722656,320.8299865722656,2026-09-04,327.2099914550781,327.2099914550781,0.019885936944286975,0.019885936944286975,2026-07-14,328.19000244140625,-0.0029861085926987663,0.0045435803236812955,历史28榜见historical_rankings.csv,https://query1.finance.yahoo.com/v8/finance/chart/KEYS?period1=1767225600&period2=1788566400&interval=1d&events=div%2Csplits
KEYS,Keysight Technologies,公司对比,2026-07-14,2026-07-14,325.7300109863281,325.7300109863281,2026-09-04,327.2099914550781,327.2099914550781,0.0045435803236812955,0.0045435803236812955,2026-07-15,330.6499938964844,-0.010403757764723243,0.013944408661503704,公司对比历史原文见company_comparison_historical_sources.csv,https://query1.finance.yahoo.com/v8/finance/chart/KEYS?period1=1767225600&period2=1788566400&interval=1d&events=div%2Csplits
KEYS,Keysight Technologies,情景决策,2026-07-15,2026-07-15,322.7099914550781,322.7099914550781,2026-09-04,327.2099914550781,327.2099914550781,0.013944408661503704,0.013944408661503704,2026-07-16,316.30499267578125,0.03447621451386551,0.04620150031419179,D:\drive\Investment\分析报告\公司情景投资决策\结果\KEYS_经营情景市场状态投资决策_2026-07-15.md,https://query1.finance.yahoo.com/v8/finance/chart/KEYS?period1=1767225600&period2=1788566400&interval=1d&events=div%2Csplits
KEYS,Keysight Technologies,经营评估,2026-07-12,2026-07-13,320.8299865722656,320.8299865722656,2026-09-04,327.2099914550781,327.2099914550781,0.019885936944286975,0.019885936944286975,2026-07-13,325.760009765625,0.0044510733238751765,0.019885936944286975,D:\drive\Investment\分析报告\公司评估_淘汰\结果\KEYS_Keysight_Technologies_收入传导估值评估_2026-07-12.md,https://query1.finance.yahoo.com/v8/finance/chart/KEYS?period1=1767225600&period2=1788566400&interval=1d&events=div%2Csplits
KLIC,Kulicke Soffa,排序,2026-07-13,2026-07-13,106.48999786376952,106.48999786376952,2026-09-04,81.62000274658203,81.62000274658203,-0.23354301451863269,-0.23354301451863269,2026-07-14,112.62000274658205,-0.27526193610344984,-0.2586065449936783,历史28榜见historical_rankings.csv,https://query1.finance.yahoo.com/v8/finance/chart/KLIC?period1=1767225600&period2=1788566400&interval=1d&events=div%2Csplits
KLIC,Kulicke Soffa,公司对比,2026-07-14,2026-07-14,110.08999633789062,110.08999633789062,2026-09-04,81.62000274658203,81.62000274658203,-0.2586065449936783,-0.2586065449936783,2026-07-15,113.08000183105467,-0.27821010413030356,-0.24017869914488577,公司对比历史原文见company_comparison_historical_sources.csv,https://query1.finance.yahoo.com/v8/finance/chart/KLIC?period1=1767225600&period2=1788566400&interval=1d&events=div%2Csplits
KLIC,Kulicke Soffa,情景决策,2026-07-15,2026-07-15,107.41999816894533,107.41999816894533,2026-09-04,81.62000274658203,81.62000274658203,-0.24017869914488577,-0.24017869914488577,2026-07-16,102.83999633789062,-0.20633989057708912,-0.17572202066624454,D:\drive\Investment\分析报告\公司情景投资决策\结果\KLIC_经营情景市场状态投资决策_2026-07-15.md,https://query1.finance.yahoo.com/v8/finance/chart/KLIC?period1=1767225600&period2=1788566400&interval=1d&events=div%2Csplits
KLIC,Kulicke Soffa,经营评估,2026-07-12,2026-07-13,106.48999786376952,106.48999786376952,2026-09-04,81.62000274658203,81.62000274658203,-0.23354301451863269,-0.23354301451863269,2026-07-13,110.23999786376952,-0.25961534535364383,-0.23354301451863269,D:\drive\Investment\分析报告\公司评估_淘汰\结果\KLIC_Kulicke_Soffa_收入传导估值评估_2026-07-12.md,https://query1.finance.yahoo.com/v8/finance/chart/KLIC?period1=1767225600&period2=1788566400&interval=1d&events=div%2Csplits
MICLF,Mycronic AB,排序,2026-07-13,2026-07-13,32.5,32.5,2026-09-03,32.81999969482422,32.81999969482422,0.009846144456129746,0.009846144456129746,2026-07-14,32.5,0.009846144456129746,0.009846144456129746,历史28榜见historical_rankings.csv,https://query1.finance.yahoo.com/v8/finance/chart/MICLF?period1=1767225600&period2=1788566400&interval=1d&events=div%2Csplits
MICLF,Mycronic AB,公司对比,2026-07-14,2026-07-14,32.5,32.5,2026-09-03,32.81999969482422,32.81999969482422,0.009846144456129746,0.009846144456129746,2026-07-15,32.5,0.009846144456129746,0.009846144456129746,公司对比历史原文见company_comparison_historical_sources.csv,https://query1.finance.yahoo.com/v8/finance/chart/MICLF?period1=1767225600&period2=1788566400&interval=1d&events=div%2Csplits
MICLF,Mycronic AB,情景决策,2026-07-15,2026-07-15,32.5,32.5,2026-09-03,32.81999969482422,32.81999969482422,0.009846144456129746,0.009846144456129746,2026-07-16,32.5,0.009846144456129746,0.009846144456129746,D:\drive\Investment\分析报告\公司情景投资决策\结果\MICLF_经营情景市场状态投资决策_2026-07-15.md,https://query1.finance.yahoo.com/v8/finance/chart/MICLF?period1=1767225600&period2=1788566400&interval=1d&events=div%2Csplits
MICLF,Mycronic AB,经营评估,2026-07-12,2026-07-13,32.5,32.5,2026-09-03,32.81999969482422,32.81999969482422,0.009846144456129746,0.009846144456129746,2026-07-13,32.5,0.009846144456129746,0.009846144456129746,D:\drive\Investment\分析报告\公司评估_淘汰\结果\MICLF_Mycronic_AB_收入传导估值评估_2026-07-12.md,https://query1.finance.yahoo.com/v8/finance/chart/MICLF?period1=1767225600&period2=1788566400&interval=1d&events=div%2Csplits
ONTO,Onto Innovation,排序,2026-07-13,2026-07-13,304.2099914550781,304.2099914550781,2026-09-04,268.010009765625,268.010009765625,-0.11899668882111214,-0.11899668882111214,2026-07-14,324.5599975585937,-0.17423585228724803,-0.1606851947316179,历史28榜见historical_rankings.csv,https://query1.finance.yahoo.com/v8/finance/chart/ONTO?period1=1767225600&period2=1788566400&interval=1d&events=div%2Csplits
ONTO,Onto Innovation,公司对比,2026-07-14,2026-07-14,319.32000732421875,319.32000732421875,2026-09-04,268.010009765625,268.010009765625,-0.1606851947316179,-0.1606851947316179,2026-07-15,326.2950134277344,-0.17862670670269976,-0.12050011451727538,公司对比历史原文见company_comparison_historical_sources.csv,https://query1.finance.yahoo.com/v8/finance/chart/ONTO?period1=1767225600&period2=1788566400&interval=1d&events=div%2Csplits
ONTO,Onto Innovation,情景决策,2026-07-15,2026-07-15,304.7300109863281,304.7300109863281,2026-09-04,268.010009765625,268.010009765625,-0.12050011451727538,-0.12050011451727538,2026-07-16,291.4599914550781,-0.08045694907346279,-0.04829365538639996,D:\drive\Investment\分析报告\公司情景投资决策\结果\ONTO_经营情景市场状态投资决策_2026-07-15.md,https://query1.finance.yahoo.com/v8/finance/chart/ONTO?period1=1767225600&period2=1788566400&interval=1d&events=div%2Csplits
ONTO,Onto Innovation,经营评估,2026-07-12,2026-07-13,304.2099914550781,304.2099914550781,2026-09-04,268.010009765625,268.010009765625,-0.11899668882111214,-0.11899668882111214,2026-07-13,311.7900085449219,-0.14041501516874033,-0.11899668882111214,D:\drive\Investment\分析报告\公司评估_淘汰\结果\ONTO_Onto_Innovation_收入传导估值评估_2026-07-12.md,https://query1.finance.yahoo.com/v8/finance/chart/ONTO?period1=1767225600&period2=1788566400&interval=1d&events=div%2Csplits
PLAB,Photronics,排序,2026-07-13,2026-07-13,28.559999465942383,28.559999465942383,2026-09-04,29.1299991607666,29.1299991607666,0.01995797288105483,0.01995797288105483,2026-07-14,29.81999969482422,-0.02313885114416614,-0.01153716187681808,历史28榜见historical_rankings.csv,https://query1.finance.yahoo.com/v8/finance/chart/PLAB?period1=1767225600&period2=1788566400&interval=1d&events=div%2Csplits
PLAB,Photronics,公司对比,2026-07-14,2026-07-14,29.46999931335449,29.46999931335449,2026-09-04,29.1299991607666,29.1299991607666,-0.01153716187681808,-0.01153716187681808,2026-07-15,29.90999984741211,-0.026078257794207138,-0.021498195739199755,公司对比历史原文见company_comparison_historical_sources.csv,https://query1.finance.yahoo.com/v8/finance/chart/PLAB?period1=1767225600&period2=1788566400&interval=1d&events=div%2Csplits
PLAB,Photronics,情景决策,2026-07-15,2026-07-15,29.770000457763672,29.770000457763672,2026-09-04,29.1299991607666,29.1299991607666,-0.021498195739199755,-0.021498195739199755,2026-07-16,28.600000381469727,0.01853142560236698,0.0037904445647072293,D:\drive\Investment\分析报告\公司情景投资决策\结果\PLAB_经营情景市场状态投资决策_2026-07-15.md,https://query1.finance.yahoo.com/v8/finance/chart/PLAB?period1=1767225600&period2=1788566400&interval=1d&events=div%2Csplits
PLAB,Photronics,经营评估,2026-07-12,2026-07-13,28.559999465942383,28.559999465942383,2026-09-04,29.1299991607666,29.1299991607666,0.01995797288105483,0.01995797288105483,2026-07-13,28.989999771118164,0.004829230450285049,0.01995797288105483,D:\drive\Investment\分析报告\公司评估_淘汰\结果\PLAB_Photronics_收入传导估值评估_2026-07-12.md,https://query1.finance.yahoo.com/v8/finance/chart/PLAB?period1=1767225600&period2=1788566400&interval=1d&events=div%2Csplits
TDY,Teledyne Technologies,排序,2026-07-13,2026-07-13,623.8800048828125,623.8800048828125,2026-09-04,610.6500244140625,610.6500244140625,-0.021205969681998504,-0.021205969681998504,2026-07-14,629.6799926757812,-0.03022164985876752,-0.01998066387367059,历史28榜见historical_rankings.csv,https://query1.finance.yahoo.com/v8/finance/chart/TDY?period1=1767225600&period2=1788566400&interval=1d&events=div%2Csplits
TDY,Teledyne Technologies,公司对比,2026-07-14,2026-07-14,623.0999755859375,623.0999755859375,2026-09-04,610.6500244140625,610.6500244140625,-0.01998066387367059,-0.01998066387367059,2026-07-15,625.510009765625,-0.023756590813199696,-0.02162941515971817,公司对比历史原文见company_comparison_historical_sources.csv,https://query1.finance.yahoo.com/v8/finance/chart/TDY?period1=1767225600&period2=1788566400&interval=1d&events=div%2Csplits
TDY,Teledyne Technologies,情景决策,2026-07-15,2026-07-15,624.1500244140625,624.1500244140625,2026-09-04,610.6500244140625,610.6500244140625,-0.02162941515971817,-0.02162941515971817,2026-07-16,618.77001953125,-0.013122799846280175,-0.03203557272100166,D:\drive\Investment\分析报告\公司情景投资决策\结果\TDY_经营情景市场状态投资决策_2026-07-15.md,https://query1.finance.yahoo.com/v8/finance/chart/TDY?period1=1767225600&period2=1788566400&interval=1d&events=div%2Csplits
TDY,Teledyne Technologies,经营评估,2026-07-12,2026-07-13,623.8800048828125,623.8800048828125,2026-09-04,610.6500244140625,610.6500244140625,-0.021205969681998504,-0.021205969681998504,2026-07-13,632.3900146484375,-0.03437750396242556,-0.021205969681998504,D:\drive\Investment\分析报告\公司评估_淘汰\结果\TDY_Teledyne_Technologies_收入传导估值评估_2026-07-12.md,https://query1.finance.yahoo.com/v8/finance/chart/TDY?period1=1767225600&period2=1788566400&interval=1d&events=div%2Csplits
TMO,Thermo Fisher Scientific,排序,2026-07-13,2026-07-13,528.510009765625,528.510009765625,2026-09-04,613.780029296875,613.780029296875,0.16134040596329324,0.16134040596329324,2026-07-14,525.010009765625,0.16908252772338317,0.14925013739681248,历史28榜见historical_rankings.csv,https://query1.finance.yahoo.com/v8/finance/chart/TMO?period1=1767225600&period2=1788566400&interval=1d&events=div%2Csplits
TMO,Thermo Fisher Scientific,公司对比,2026-07-14,2026-07-14,534.0700073242188,534.0700073242188,2026-09-04,613.780029296875,613.780029296875,0.14925013739681248,0.14925013739681248,2026-07-15,537.239990234375,0.14246899049549322,0.1466309000567947,公司对比历史原文见company_comparison_historical_sources.csv,https://query1.finance.yahoo.com/v8/finance/chart/TMO?period1=1767225600&period2=1788566400&interval=1d&events=div%2Csplits
TMO,Thermo Fisher Scientific,情景决策,2026-07-15,2026-07-15,535.2899780273438,535.2899780273438,2026-09-04,613.780029296875,613.780029296875,0.1466309000567947,0.1466309000567947,2026-07-16,536.25,0.14457814321095563,0.12995457673778388,D:\drive\Investment\分析报告\公司情景投资决策\结果\TMO_经营情景市场状态投资决策_2026-07-15.md,https://query1.finance.yahoo.com/v8/finance/chart/TMO?period1=1767225600&period2=1788566400&interval=1d&events=div%2Csplits
TMO,Thermo Fisher Scientific,经营评估,2026-07-12,2026-07-13,528.510009765625,528.510009765625,2026-09-04,613.780029296875,613.780029296875,0.16134040596329324,0.16134040596329324,2026-07-13,524.2000122070312,0.17088900229644488,0.16134040596329324,D:\drive\Investment\分析报告\公司评估_淘汰\结果\TMO_Thermo_Fisher_Scientific_收入传导估值评估_2026-07-12.md,https://query1.finance.yahoo.com/v8/finance/chart/TMO?period1=1767225600&period2=1788566400&interval=1d&events=div%2Csplits
AMKR,Amkor Technology,排序,2026-07-13,2026-07-13,66.05999755859375,65.93865203857422,2026-09-04,47.77000045776367,47.77000045776367,-0.27553871696045373,-0.2768694789097934,2026-07-14,69.80999755859375,-0.3144547563984925,-0.31826333529028505,历史28榜见historical_rankings.csv,https://query1.finance.yahoo.com/v8/finance/chart/AMKR?period1=1767225600&period2=1788566400&interval=1d&events=div%2Csplits
AMKR,Amkor Technology,公司对比,2026-07-14,2026-07-14,70.19999694824219,70.071044921875,2026-09-04,47.77000045776367,47.77000045776367,-0.31826333529028505,-0.31951563341257616,2026-07-15,72.0,-0.33530682822393054,-0.29246143110993084,公司对比历史原文见company_comparison_historical_sources.csv,https://query1.finance.yahoo.com/v8/finance/chart/AMKR?period1=1767225600&period2=1788566400&interval=1d&events=div%2Csplits
AMKR,Amkor Technology,情景决策,2026-07-15,2026-07-15,67.63999938964844,67.51575469970703,2026-09-04,47.77000045776367,47.77000045776367,-0.29246143110993084,-0.29376107497312676,2026-07-16,65.12000274658203,-0.26508126302599666,-0.24059171972973392,D:\drive\Investment\分析报告\公司情景投资决策\结果\备份\AMKR_2026-08-19T12_34_36-07_00-1847f57652\AMKR_经营情景市场状态投资决策_2026-07-15.md,https://query1.finance.yahoo.com/v8/finance/chart/AMKR?period1=1767225600&period2=1788566400&interval=1d&events=div%2Csplits
AMKR,Amkor Technology,经营评估,2026-07-12,2026-07-13,66.05999755859375,65.93865203857422,2026-09-04,47.77000045776367,47.77000045776367,-0.27553871696045373,-0.2768694789097934,2026-07-13,67.33999633789062,-0.28930927841527665,-0.27553871696045373,D:\drive\Investment\分析报告\公司评估_淘汰\备份\AMKR_2026-08-19T11_52_17-07_00-2c6554c159\AMKR_Amkor_Technology_收入传导估值评估_2026-07-12.md,https://query1.finance.yahoo.com/v8/finance/chart/AMKR?period1=1767225600&period2=1788566400&interval=1d&events=div%2Csplits
CAMT,Camtek,排序,2026-07-13,2026-07-13,136.77999877929688,136.77999877929688,2026-09-04,145.72000122070312,145.72000122070312,0.06536045124427514,0.06536045124427514,2026-07-14,146.35000610351562,-0.004304782074056712,-0.02788520911260217,历史28榜见historical_rankings.csv,https://query1.finance.yahoo.com/v8/finance/chart/CAMT?period1=1767225600&period2=1788566400&interval=1d&events=div%2Csplits
CAMT,Camtek,公司对比,2026-07-14,2026-07-14,149.89999389648438,149.89999389648438,2026-09-04,145.72000122070312,145.72000122070312,-0.02788520911260217,-0.02788520911260217,2026-07-15,154.2899932861328,-0.05554470437714343,-0.01079353991067844,公司对比历史原文见company_comparison_historical_sources.csv,https://query1.finance.yahoo.com/v8/finance/chart/CAMT?period1=1767225600&period2=1788566400&interval=1d&events=div%2Csplits
CAMT,Camtek,情景决策,2026-07-15,2026-07-15,147.30999755859375,147.30999755859375,2026-09-04,145.72000122070312,145.72000122070312,-0.01079353991067844,-0.01079353991067844,2026-07-16,143.35000610351562,0.01653292651746452,-0.014872883825549299,D:\drive\Investment\分析报告\公司情景投资决策\结果\CAMT_经营情景市场状态投资决策_2026-07-15.md,https://query1.finance.yahoo.com/v8/finance/chart/CAMT?period1=1767225600&period2=1788566400&interval=1d&events=div%2Csplits
CAMT,Camtek,经营评估,2026-07-12,2026-07-13,136.77999877929688,136.77999877929688,2026-09-04,145.72000122070312,145.72000122070312,0.06536045124427514,0.06536045124427514,2026-07-13,137.5,0.059781827059659065,0.06536045124427514,D:\drive\Investment\分析报告\公司评估_淘汰\结果\CAMT_Camtek_收入传导估值评估_2026-07-12.md,https://query1.finance.yahoo.com/v8/finance/chart/CAMT?period1=1767225600&period2=1788566400&interval=1d&events=div%2Csplits
FORM,FormFactor,排序,2026-07-13,2026-07-13,110.3000030517578,110.3000030517578,2026-09-04,103.9000015258789,103.9000015258789,-0.05802358430466881,-0.05802358430466881,2026-07-14,118.95999908447266,-0.12659715597256982,-0.10685120011626736,历史28榜见historical_rankings.csv,https://query1.finance.yahoo.com/v8/finance/chart/FORM?period1=1767225600&period2=1788566400&interval=1d&events=div%2Csplits
FORM,FormFactor,公司对比,2026-07-14,2026-07-14,116.33000183105467,116.33000183105467,2026-09-04,103.9000015258789,103.9000015258789,-0.10685120011626736,-0.10685120011626736,2026-07-15,121.37999725341795,-0.14401051345424076,-0.10284082794051552,公司对比历史原文见company_comparison_historical_sources.csv,https://query1.finance.yahoo.com/v8/finance/chart/FORM?period1=1767225600&period2=1788566400&interval=1d&events=div%2Csplits
FORM,FormFactor,情景决策,2026-07-15,2026-07-15,115.80999755859376,115.80999755859376,2026-09-04,103.9000015258789,103.9000015258789,-0.10284082794051552,-0.10284082794051552,2026-07-16,110.0,-0.05545453158291902,-0.029969181833450875,D:\drive\Investment\分析报告\公司情景投资决策\结果\FORM_经营情景市场状态投资决策_2026-07-15.md,https://query1.finance.yahoo.com/v8/finance/chart/FORM?period1=1767225600&period2=1788566400&interval=1d&events=div%2Csplits
FORM,FormFactor,经营评估,2026-07-12,2026-07-13,110.3000030517578,110.3000030517578,2026-09-04,103.9000015258789,103.9000015258789,-0.05802358430466881,-0.05802358430466881,2026-07-13,112.08000183105467,-0.0729835846853929,-0.05802358430466881,D:\drive\Investment\分析报告\公司评估_淘汰\结果\FORM_FormFactor_收入传导估值评估_2026-07-12.md,https://query1.finance.yahoo.com/v8/finance/chart/FORM?period1=1767225600&period2=1788566400&interval=1d&events=div%2Csplits
TER,Teradyne,排序,2026-07-13,2026-07-13,341.1099853515625,340.97900390625,2026-09-04,357.0299987792969,357.0299987792969,0.047073264597429665,0.04667120316435924,2026-07-14,363.5700073242188,-0.017611124872988326,0.011146050495077997,历史28榜见historical_rankings.csv,https://query1.finance.yahoo.com/v8/finance/chart/TER?period1=1767225600&period2=1788566400&interval=1d&events=div%2Csplits
TER,Teradyne,公司对比,2026-07-14,2026-07-14,353.2300109863281,353.0943908691406,2026-09-04,357.0299987792969,357.0299987792969,0.011146050495077997,0.010757828255753221,2026-07-15,356.29998779296875,0.002433812740644914,0.043982112534548756,公司对比历史原文见company_comparison_historical_sources.csv,https://query1.finance.yahoo.com/v8/finance/chart/TER?period1=1767225600&period2=1788566400&interval=1d&events=div%2Csplits
TER,Teradyne,情景决策,2026-07-15,2026-07-15,342.1199951171875,341.9886169433594,2026-09-04,357.0299987792969,357.0299987792969,0.043982112534548756,0.04358121090526201,2026-07-16,332.239990234375,0.07502752673330493,0.10818227896733856,D:\drive\Investment\分析报告\公司情景投资决策\结果\TER_经营情景市场状态投资决策_2026-07-15.md,https://query1.finance.yahoo.com/v8/finance/chart/TER?period1=1767225600&period2=1788566400&interval=1d&events=div%2Csplits
TER,Teradyne,经营评估,2026-07-12,2026-07-13,341.1099853515625,340.97900390625,2026-09-04,357.0299987792969,357.0299987792969,0.047073264597429665,0.04667120316435924,2026-07-13,345.0,0.03526708970678816,0.047073264597429665,D:\drive\Investment\分析报告\公司评估_淘汰\结果\TER_Teradyne_收入传导估值评估_2026-07-12.md,https://query1.finance.yahoo.com/v8/finance/chart/TER?period1=1767225600&period2=1788566400&interval=1d&events=div%2Csplits
ATEYY,Advantest,排序,2026-07-13,2026-07-13,175.16000366210938,175.16000366210938,2026-09-04,217.5800018310547,217.5800018310547,0.2421785640674865,0.2421785640674865,2026-07-14,188.7100067138672,0.15298603195410743,0.17833744393747986,历史28榜见historical_rankings.csv,https://query1.finance.yahoo.com/v8/finance/chart/ATEYY?period1=1767225600&period2=1788566400&interval=1d&events=div%2Csplits
ATEYY,Advantest,公司对比,2026-07-14,2026-07-14,184.6499938964844,184.6499938964844,2026-09-04,217.5800018310547,217.5800018310547,0.17833744393747986,0.17833744393747986,2026-07-15,190.9600067138672,0.13940089118804155,0.1547606620607398,公司对比历史原文见company_comparison_historical_sources.csv,https://query1.finance.yahoo.com/v8/finance/chart/ATEYY?period1=1767225600&period2=1788566400&interval=1d&events=div%2Csplits
ATEYY,Advantest,情景决策,2026-07-15,2026-07-15,188.4199981689453,188.4199981689453,2026-09-04,217.5800018310547,217.5800018310547,0.1547606620607398,0.1547606620607398,2026-07-16,178.42999267578125,0.21941383602706033,0.24189500925238283,D:\drive\Investment\分析报告\公司情景投资决策\结果\ATEYY_经营情景市场状态投资决策_2026-07-15.md,https://query1.finance.yahoo.com/v8/finance/chart/ATEYY?period1=1767225600&period2=1788566400&interval=1d&events=div%2Csplits
ATEYY,Advantest,经营评估,2026-07-12,2026-07-13,175.16000366210938,175.16000366210938,2026-09-04,217.5800018310547,217.5800018310547,0.2421785640674865,0.2421785640674865,2026-07-13,177.3000030517578,0.2271855504003475,0.2421785640674865,D:\drive\Investment\分析报告\公司评估_淘汰\结果\ATEYY_Advantest_收入传导估值评估_2026-07-12.md,https://query1.finance.yahoo.com/v8/finance/chart/ATEYY?period1=1767225600&period2=1788566400&interval=1d&events=div%2Csplits
ASMVY,ASMPT,排序,2026-07-13,2026-07-13,70.5,70.0938949584961,2026-09-04,60.810001373291016,60.810001373291016,-0.1324493893612596,-0.13744678903133312,2026-07-14,73.08999633789062,-0.16319173664348374,-0.1615858058549492,历史28榜见historical_rankings.csv,https://query1.finance.yahoo.com/v8/finance/chart/ASMVY?period1=1767225600&period2=1788566400&interval=1d&events=div%2Csplits
ASMVY,ASMPT,公司对比,2026-07-14,2026-07-14,72.94999694824219,72.52978515625,2026-09-04,60.810001373291016,60.810001373291016,-0.1615858058549492,-0.16641529928458343,2026-07-15,72.73999786376953,-0.1591652731219365,-0.1487499299123437,公司对比历史原文见company_comparison_historical_sources.csv,https://query1.finance.yahoo.com/v8/finance/chart/ASMVY?period1=1767225600&period2=1788566400&interval=1d&events=div%2Csplits
ASMVY,ASMPT,情景决策,2026-07-15,2026-07-15,71.8499984741211,71.43611907958984,2026-09-04,60.810001373291016,60.810001373291016,-0.1487499299123437,-0.1536534075892355,2026-07-16,67.20500183105469,-0.0899142203311698,-0.08384789496781708,D:\drive\Investment\分析报告\公司情景投资决策\结果\ASMVY_经营情景市场状态投资决策_2026-07-15.md,https://query1.finance.yahoo.com/v8/finance/chart/ASMVY?period1=1767225600&period2=1788566400&interval=1d&events=div%2Csplits
ASMVY,ASMPT,经营评估,2026-07-12,2026-07-13,70.5,70.0938949584961,2026-09-04,60.810001373291016,60.810001373291016,-0.1324493893612596,-0.13744678903133312,2026-07-13,71.05000305175781,-0.13916515942333918,-0.1324493893612596,D:\drive\Investment\分析报告\公司评估_淘汰\结果\ASMVY_ASMPT_收入传导估值评估_2026-07-12.md,https://query1.finance.yahoo.com/v8/finance/chart/ASMVY?period1=1767225600&period2=1788566400&interval=1d&events=div%2Csplits
BESIY,BE Semiconductor,排序,2026-07-13,2026-07-13,276.510009765625,276.510009765625,2026-09-04,228.1499938964844,228.1499938964844,-0.17489426842135458,-0.17489426842135458,2026-07-14,284.8500061035156,-0.19905217129055008,-0.20087567812089524,历史28榜见historical_rankings.csv,https://query1.finance.yahoo.com/v8/finance/chart/BESIY?period1=1767225600&period2=1788566400&interval=1d&events=div%2Csplits
BESIY,BE Semiconductor,公司对比,2026-07-14,2026-07-14,285.5,285.5,2026-09-04,228.1499938964844,228.1499938964844,-0.20087567812089524,-0.20087567812089524,2026-07-15,285.67999267578125,-0.20137916638981346,-0.19341721801717504,公司对比历史原文见company_comparison_historical_sources.csv,https://query1.finance.yahoo.com/v8/finance/chart/BESIY?period1=1767225600&period2=1788566400&interval=1d&events=div%2Csplits
BESIY,BE Semiconductor,情景决策,2026-07-15,2026-07-15,282.8599853515625,282.8599853515625,2026-09-04,228.1499938964844,228.1499938964844,-0.19341721801717504,-0.19341721801717504,2026-07-16,271.5799865722656,-0.15991602777484049,-0.14681578560251862,D:\drive\Investment\分析报告\公司情景投资决策\结果\BESIY_经营情景市场状态投资决策_2026-07-15.md,https://query1.finance.yahoo.com/v8/finance/chart/BESIY?period1=1767225600&period2=1788566400&interval=1d&events=div%2Csplits
BESIY,BE Semiconductor,经营评估,2026-07-12,2026-07-13,276.510009765625,276.510009765625,2026-09-04,228.1499938964844,228.1499938964844,-0.17489426842135458,-0.17489426842135458,2026-07-13,279.9800109863281,-0.18512041951585845,-0.17489426842135458,D:\drive\Investment\分析报告\公司评估_淘汰\结果\BESIY_BE_Semiconductor_收入传导估值评估_2026-07-12.md,https://query1.finance.yahoo.com/v8/finance/chart/BESIY?period1=1767225600&period2=1788566400&interval=1d&events=div%2Csplits
ALLE,Allegion plc,排序,2026-07-13,2026-07-13,136.36000061035156,136.36000061035156,2026-09-04,157.1199951171875,157.1199951171875,0.15224401887586958,0.15224401887586958,2026-07-14,136.97999572753906,0.14702876345322746,0.15097796087977633,历史28榜见historical_rankings.csv,https://query1.finance.yahoo.com/v8/finance/chart/ALLE?period1=1767225600&period2=1788566400&interval=1d&events=div%2Csplits
ALLE,Allegion plc,公司对比,2026-07-14,2026-07-14,136.50999450683594,136.50999450683594,2026-09-04,157.1199951171875,157.1199951171875,0.15097796087977633,0.15097796087977633,2026-07-15,136.1199951171875,0.15427564467601407,0.15682511150307255,公司对比历史原文见company_comparison_historical_sources.csv,https://query1.finance.yahoo.com/v8/finance/chart/ALLE?period1=1767225600&period2=1788566400&interval=1d&events=div%2Csplits
ALLE,Allegion plc,情景决策,2026-07-15,2026-07-15,135.82000732421875,135.82000732421875,2026-09-04,157.1199951171875,157.1199951171875,0.15682511150307255,0.15682511150307255,2026-07-16,135.74000549316406,0.15750691585982102,0.12646974426430657,D:\drive\Investment\分析报告\公司情景投资决策\结果\ALLE_经营情景市场状态投资决策_2026-07-15.md,https://query1.finance.yahoo.com/v8/finance/chart/ALLE?period1=1767225600&period2=1788566400&interval=1d&events=div%2Csplits
ALLE,Allegion plc,经营评估,2026-07-12,2026-07-13,136.36000061035156,136.36000061035156,2026-09-04,157.1199951171875,157.1199951171875,0.15224401887586958,0.15224401887586958,2026-07-13,136.55999755859375,0.15055651674109094,0.15224401887586958,D:\drive\Investment\分析报告\公司评估_淘汰\结果\ALLE_Allegion_plc_收入传导估值评估_2026-07-12.md,https://query1.finance.yahoo.com/v8/finance/chart/ALLE?period1=1767225600&period2=1788566400&interval=1d&events=div%2Csplits
CARR,Carrier Global,排序,2026-07-13,2026-07-13,68.61000061035156,68.3641586303711,2026-09-04,59.709999084472656,59.709999084472656,-0.1265891326577928,-0.1297187209838928,2026-07-14,70.18000030517578,-0.14612825305893828,-0.14098741935413062,历史28榜见historical_rankings.csv,https://query1.finance.yahoo.com/v8/finance/chart/CARR?period1=1767225600&period2=1788566400&interval=1d&events=div%2Csplits
CARR,Carrier Global,公司对比,2026-07-14,2026-07-14,69.76000213623047,69.51004028320312,2026-09-04,59.709999084472656,59.709999084472656,-0.14098741935413062,-0.14406540630735243,2026-07-15,70.26000213623047,-0.14710051294743953,-0.12824088384374233,公司对比历史原文见company_comparison_historical_sources.csv,https://query1.finance.yahoo.com/v8/finance/chart/CARR?period1=1767225600&period2=1788566400&interval=1d&events=div%2Csplits
CARR,Carrier Global,情景决策,2026-07-15,2026-07-15,68.73999786376953,68.49369049072266,2026-09-04,59.709999084472656,59.709999084472656,-0.12824088384374233,-0.13136454844227274,2026-07-16,67.87000274658203,-0.11706627199901687,-0.13578428454962344,D:\drive\Investment\分析报告\公司情景投资决策\结果\备份\CARR_2026-08-19T12_34_37-07_00-22f161b9ee\CARR_经营情景市场状态投资决策_2026-07-15.md,https://query1.finance.yahoo.com/v8/finance/chart/CARR?period1=1767225600&period2=1788566400&interval=1d&events=div%2Csplits
CARR,Carrier Global,经营评估,2026-07-12,2026-07-13,68.61000061035156,68.3641586303711,2026-09-04,59.709999084472656,59.709999084472656,-0.1265891326577928,-0.1297187209838928,2026-07-13,69.06999969482422,-0.13240595908201525,-0.1265891326577928,D:\drive\Investment\分析报告\公司评估_淘汰\备份\CARR_2026-08-19T11_52_17-07_00-2c6554c159\CARR_Carrier_Global_收入传导估值评估_2026-07-12.md,https://query1.finance.yahoo.com/v8/finance/chart/CARR?period1=1767225600&period2=1788566400&interval=1d&events=div%2Csplits
CAT,Caterpillar Inc,排序,2026-07-13,2026-07-13,931.469970703125,929.7451782226562,2026-09-04,813.9400024414062,813.9400024414062,-0.12455582292196288,-0.12617687306977876,2026-07-14,958.0,-0.14879960731540065,-0.12630986272045774,历史28榜见historical_rankings.csv,https://query1.finance.yahoo.com/v8/finance/chart/CAT?period1=1767225600&period2=1788566400&interval=1d&events=div%2Csplits
CAT,Caterpillar Inc,公司对比,2026-07-14,2026-07-14,933.3400268554688,931.6117553710938,2026-09-04,813.9400024414062,813.9400024414062,-0.12630986272045774,-0.12792768013639688,2026-07-15,938.5800170898438,-0.13118760052601375,-0.10811553359573034,公司对比历史原文见company_comparison_historical_sources.csv,https://query1.finance.yahoo.com/v8/finance/chart/CAT?period1=1767225600&period2=1788566400&interval=1d&events=div%2Csplits
CAT,Caterpillar Inc,情景决策,2026-07-15,2026-07-15,914.2999877929688,912.6069946289062,2026-09-04,813.9400024414062,813.9400024414062,-0.10811553359573034,-0.10976702033412655,2026-07-16,891.77001953125,-0.08558270905052867,-0.07036271042434328,D:\drive\Investment\分析报告\公司情景投资决策\结果\CAT_经营情景市场状态投资决策_2026-07-15.md,https://query1.finance.yahoo.com/v8/finance/chart/CAT?period1=1767225600&period2=1788566400&interval=1d&events=div%2Csplits
CAT,Caterpillar Inc,经营评估,2026-07-12,2026-07-13,931.469970703125,929.7451782226562,2026-09-04,813.9400024414062,813.9400024414062,-0.12455582292196288,-0.12617687306977876,2026-07-13,939.2100219726562,-0.13177037840547945,-0.12455582292196288,D:\drive\Investment\分析报告\公司评估_淘汰\结果\CAT_Caterpillar_Inc_收入传导估值评估_2026-07-12.md,https://query1.finance.yahoo.com/v8/finance/chart/CAT?period1=1767225600&period2=1788566400&interval=1d&events=div%2Csplits
DCI,Donaldson Company,排序,2026-07-13,2026-07-13,89.27999877929688,88.98224639892578,2026-09-04,91.02999877929688,91.02999877929688,0.023013044323365373,0.019601254748289776,2026-07-14,90.48999786376952,0.009333713768878482,0.017882560858266006,历史28榜见historical_rankings.csv,https://query1.finance.yahoo.com/v8/finance/chart/DCI?period1=1767225600&period2=1788566400&interval=1d&events=div%2Csplits
DCI,Donaldson Company,公司对比,2026-07-14,2026-07-14,89.7300033569336,89.43074798583984,2026-09-04,91.02999877929688,91.02999877929688,0.017882560858266006,0.014487856611261618,2026-07-15,89.54000091552734,0.020042498658365826,0.023127699096209486,公司对比历史原文见company_comparison_historical_sources.csv,https://query1.finance.yahoo.com/v8/finance/chart/DCI?period1=1767225600&period2=1788566400&interval=1d&events=div%2Csplits
DCI,Donaldson Company,情景决策,2026-07-15,2026-07-15,89.2699966430664,88.97227478027344,2026-09-04,91.02999877929688,91.02999877929688,0.023127699096209486,0.01971549459408628,2026-07-16,88.83000183105469,0.02819545034342341,0.00246518631140602,D:\drive\Investment\分析报告\公司情景投资决策\结果\DCI_经营情景市场状态投资决策_2026-07-15.md,https://query1.finance.yahoo.com/v8/finance/chart/DCI?period1=1767225600&period2=1788566400&interval=1d&events=div%2Csplits
DCI,Donaldson Company,经营评估,2026-07-12,2026-07-13,89.27999877929688,88.98224639892578,2026-09-04,91.02999877929688,91.02999877929688,0.023013044323365373,0.019601254748289776,2026-07-13,89.36000061035156,0.022097165673189645,0.023013044323365373,D:\drive\Investment\分析报告\公司评估_淘汰\结果\DCI_Donaldson_Company_收入传导估值评估_2026-07-12.md,https://query1.finance.yahoo.com/v8/finance/chart/DCI?period1=1767225600&period2=1788566400&interval=1d&events=div%2Csplits
FIX,Comfort Systems USA,排序,2026-07-13,2026-07-13,1732.030029296875,1731.133544921875,2026-09-04,1610.3399658203125,1610.3399658203125,-0.06977715812618823,-0.07025863375242003,2026-07-14,1785.0,-0.09738154731820925,-0.09234749580503554,历史28榜见historical_rankings.csv,https://query1.finance.yahoo.com/v8/finance/chart/FIX?period1=1767225600&period2=1788566400&interval=1d&events=div%2Csplits
FIX,Comfort Systems USA,公司对比,2026-07-14,2026-07-14,1775.0999755859375,1774.18115234375,2026-09-04,1610.3399658203125,1610.3399658203125,-0.09234749580503554,-0.09281731284528905,2026-07-15,1788.489990234375,-0.09914289293764045,-0.07227847992662562,公司对比历史原文见company_comparison_historical_sources.csv,https://query1.finance.yahoo.com/v8/finance/chart/FIX?period1=1767225600&period2=1788566400&interval=1d&events=div%2Csplits
FIX,Comfort Systems USA,情景决策,2026-07-15,2026-07-15,1736.699951171875,1735.801025390625,2026-09-04,1610.3399658203125,1610.3399658203125,-0.07227847992662562,-0.07275867386666213,2026-07-16,1682.5,-0.04239292471926048,-0.041310289441059966,D:\drive\Investment\分析报告\公司情景投资决策\结果\FIX_经营情景市场状态投资决策_2026-07-15.md,https://query1.finance.yahoo.com/v8/finance/chart/FIX?period1=1767225600&period2=1788566400&interval=1d&events=div%2Csplits
FIX,Comfort Systems USA,经营评估,2026-07-12,2026-07-13,1732.030029296875,1731.133544921875,2026-09-04,1610.3399658203125,1610.3399658203125,-0.06977715812618823,-0.07025863375242003,2026-07-13,1722.010009765625,-0.06436438410563583,-0.06977715812618823,D:\drive\Investment\分析报告\公司评估_淘汰\结果\FIX_Comfort_Systems_USA_收入传导估值评估_2026-07-12.md,https://query1.finance.yahoo.com/v8/finance/chart/FIX?period1=1767225600&period2=1788566400&interval=1d&events=div%2Csplits
FTV,Fortive Corporation,排序,2026-07-13,2026-07-13,62.310001373291016,62.23423767089844,2026-09-04,56.93999862670898,56.93999862670898,-0.08506955724573961,-0.08618203543940017,2026-07-14,62.45000076293945,-0.08712060146873479,-0.0604924382327906,历史28榜见historical_rankings.csv,https://query1.finance.yahoo.com/v8/finance/chart/FTV?period1=1767225600&period2=1788566400&interval=1d&events=div%2Csplits
FTV,Fortive Corporation,公司对比,2026-07-14,2026-07-14,60.68000030517578,60.60621643066406,2026-09-04,56.93999862670898,56.93999862670898,-0.0604924382327906,-0.06163483288822258,2026-07-15,60.41999816894531,-0.05644950571602936,-0.05800861358665699,公司对比历史原文见company_comparison_historical_sources.csv,https://query1.finance.yahoo.com/v8/finance/chart/FTV?period1=1767225600&period2=1788566400&interval=1d&events=div%2Csplits
FTV,Fortive Corporation,情景决策,2026-07-15,2026-07-15,60.52000045776367,60.4464111328125,2026-09-04,56.93999862670898,56.93999862670898,-0.05800861358665699,-0.05915402848605633,2026-07-16,60.68000030517578,-0.06049244943354015,-0.08712061235202506,D:\drive\Investment\分析报告\公司情景投资决策\结果\FTV_经营情景市场状态投资决策_2026-07-15.md,https://query1.finance.yahoo.com/v8/finance/chart/FTV?period1=1767225600&period2=1788566400&interval=1d&events=div%2Csplits
FTV,Fortive Corporation,经营评估,2026-07-12,2026-07-13,62.310001373291016,62.23423767089844,2026-09-04,56.93999862670898,56.93999862670898,-0.08506955724573961,-0.08618203543940017,2026-07-13,62.34999847412109,-0.08565647891481609,-0.08506955724573961,D:\drive\Investment\分析报告\公司评估_淘汰\结果\FTV_Fortive_Corporation_收入传导估值评估_2026-07-12.md,https://query1.finance.yahoo.com/v8/finance/chart/FTV?period1=1767225600&period2=1788566400&interval=1d&events=div%2Csplits
MSI,Motorola Solutions,排序,2026-07-13,2026-07-13,418.05999755859375,418.05999755859375,2026-09-04,468.0499877929688,468.0499877929688,0.11957611473546614,0.11957611473546614,2026-07-14,414.6700134277344,0.12872880275085796,0.13134803959355446,历史28榜见historical_rankings.csv,https://query1.finance.yahoo.com/v8/finance/chart/MSI?period1=1767225600&period2=1788566400&interval=1d&events=div%2Csplits
MSI,Motorola Solutions,公司对比,2026-07-14,2026-07-14,413.7099914550781,413.7099914550781,2026-09-04,468.0499877929688,468.0499877929688,0.13134803959355446,0.13134803959355446,2026-07-15,412.9500122070313,0.1334301342950759,0.1494916160226356,公司对比历史原文见company_comparison_historical_sources.csv,https://query1.finance.yahoo.com/v8/finance/chart/MSI?period1=1767225600&period2=1788566400&interval=1d&events=div%2Csplits
MSI,Motorola Solutions,情景决策,2026-07-15,2026-07-15,407.1799926757813,407.1799926757813,2026-09-04,468.0499877929688,468.0499877929688,0.1494916160226356,0.1494916160226356,2026-07-16,407.1000061035156,0.1497174669016219,0.13003690343583751,D:\drive\Investment\分析报告\公司情景投资决策\结果\MSI_经营情景市场状态投资决策_2026-07-15.md,https://query1.finance.yahoo.com/v8/finance/chart/MSI?period1=1767225600&period2=1788566400&interval=1d&events=div%2Csplits
MSI,Motorola Solutions,经营评估,2026-07-12,2026-07-13,418.05999755859375,418.05999755859375,2026-09-04,468.0499877929688,468.0499877929688,0.11957611473546614,0.11957611473546614,2026-07-13,424.2300109863281,0.10329296766336715,0.11957611473546614,D:\drive\Investment\分析报告\公司评估_淘汰\结果\MSI_Motorola_Solutions_收入传导估值评估_2026-07-12.md,https://query1.finance.yahoo.com/v8/finance/chart/MSI?period1=1767225600&period2=1788566400&interval=1d&events=div%2Csplits
PH,Parker-Hannifin,排序,2026-07-13,2026-07-13,951.260009765625,949.3479614257812,2026-09-04,962.5900268554688,962.5900268554688,0.013948589945671719,0.011910536523694892,2026-07-14,963.02001953125,0.0015666187809566523,-2.206522518610754e-05,历史28榜见historical_rankings.csv,https://query1.finance.yahoo.com/v8/finance/chart/PH?period1=1767225600&period2=1788566400&interval=1d&events=div%2Csplits
PH,Parker-Hannifin,公司对比,2026-07-14,2026-07-14,964.5499877929688,962.6112670898438,2026-09-04,962.5900268554688,962.5900268554688,-2.206522518610754e-05,-0.0020319951918559287,2026-07-15,959.22998046875,0.005523935496088983,0.012150367439448972,公司对比历史原文见company_comparison_historical_sources.csv,https://query1.finance.yahoo.com/v8/finance/chart/PH?period1=1767225600&period2=1788566400&interval=1d&events=div%2Csplits
PH,Parker-Hannifin,情景决策,2026-07-15,2026-07-15,952.9500122070312,951.0346069335938,2026-09-04,962.5900268554688,962.5900268554688,0.012150367439448972,0.010115970958551435,2026-07-16,949.969970703125,0.015325500254395275,0.006457738069901353,D:\drive\Investment\分析报告\公司情景投资决策\结果\PH_经营情景市场状态投资决策_2026-07-15.md,https://query1.finance.yahoo.com/v8/finance/chart/PH?period1=1767225600&period2=1788566400&interval=1d&events=div%2Csplits
PH,Parker-Hannifin,经营评估,2026-07-12,2026-07-13,951.260009765625,949.3479614257812,2026-09-04,962.5900268554688,962.5900268554688,0.013948589945671719,0.011910536523694892,2026-07-13,958.989990234375,0.005775613296894466,0.013948589945671719,D:\drive\Investment\分析报告\公司评估_淘汰\结果\PH_Parker-Hannifin_收入传导估值评估_2026-07-12.md,https://query1.finance.yahoo.com/v8/finance/chart/PH?period1=1767225600&period2=1788566400&interval=1d&events=div%2Csplits
PNR,Pentair plc,排序,2026-07-13,2026-07-13,76.52999877929688,76.19709777832031,2026-09-04,60.209999084472656,60.209999084472656,-0.2098124359061393,-0.21324970541145694,2026-07-14,77.37999725341797,-0.21849246311070314,-0.20093748924200971,历史28榜见historical_rankings.csv,https://query1.finance.yahoo.com/v8/finance/chart/PNR?period1=1767225600&period2=1788566400&interval=1d&events=div%2Csplits
PNR,Pentair plc,公司对比,2026-07-14,2026-07-14,75.68000030517578,75.35079956054688,2026-09-04,60.209999084472656,60.209999084472656,-0.20093748924200971,-0.20441333454441235,2026-07-15,57.9900016784668,0.04281860341009747,-0.05995568411603602,公司对比历史原文见company_comparison_historical_sources.csv,https://query1.finance.yahoo.com/v8/finance/chart/PNR?period1=1767225600&period2=1788566400&interval=1d&events=div%2Csplits
PNR,Pentair plc,情景决策,2026-07-15,2026-07-15,64.33000183105469,64.0501708984375,2026-09-04,60.209999084472656,60.209999084472656,-0.05995568411603602,-0.0640448100312837,2026-07-16,63.40999984741211,-0.046316718621073893,-0.07941765140505885,D:\drive\Investment\分析报告\公司情景投资决策\结果\PNR_经营情景市场状态投资决策_2026-07-15.md,https://query1.finance.yahoo.com/v8/finance/chart/PNR?period1=1767225600&period2=1788566400&interval=1d&events=div%2Csplits
PNR,Pentair plc,经营评估,2026-07-12,2026-07-13,76.52999877929688,76.19709777832031,2026-09-04,60.209999084472656,60.209999084472656,-0.2098124359061393,-0.21324970541145694,2026-07-13,76.37999725341797,-0.2082605984538367,-0.2098124359061393,D:\drive\Investment\分析报告\公司评估_淘汰\结果\PNR_Pentair_plc_收入传导估值评估_2026-07-12.md,https://query1.finance.yahoo.com/v8/finance/chart/PNR?period1=1767225600&period2=1788566400&interval=1d&events=div%2Csplits
RKLB,Rocket Lab,排序,2026-07-13,2026-07-13,76.7300033569336,76.7300033569336,2026-09-04,64.26000213623047,64.26000213623047,-0.16251792877806892,-0.16251792877806892,2026-07-14,78.76000213623047,-0.18410360089781963,-0.1846211885940694,历史28榜见historical_rankings.csv,https://query1.finance.yahoo.com/v8/finance/chart/RKLB?period1=1767225600&period2=1788566400&interval=1d&events=div%2Csplits
RKLB,Rocket Lab,公司对比,2026-07-14,2026-07-14,78.80999755859375,78.80999755859375,2026-09-04,64.26000213623047,64.26000213623047,-0.1846211885940694,-0.1846211885940694,2026-07-15,78.94000244140625,-0.18596402142338553,-0.1566928515774324,公司对比历史原文见company_comparison_historical_sources.csv,https://query1.finance.yahoo.com/v8/finance/chart/RKLB?period1=1767225600&period2=1788566400&interval=1d&events=div%2Csplits
RKLB,Rocket Lab,情景决策,2026-07-15,2026-07-15,76.19999694824219,76.19999694824219,2026-09-04,64.26000213623047,64.26000213623047,-0.1566928515774324,-0.1566928515774324,2026-07-16,73.37999725341797,-0.12428448430832695,-0.045879679404565055,D:\drive\Investment\分析报告\公司情景投资决策\结果\RKLB_经营情景市场状态投资决策_2026-07-15.md,https://query1.finance.yahoo.com/v8/finance/chart/RKLB?period1=1767225600&period2=1788566400&interval=1d&events=div%2Csplits
RKLB,Rocket Lab,经营评估,2026-07-12,2026-07-13,76.7300033569336,76.7300033569336,2026-09-04,64.26000213623047,64.26000213623047,-0.16251792877806892,-0.16251792877806892,2026-07-13,79.88999938964844,-0.1956439776296104,-0.16251792877806892,D:\drive\Investment\分析报告\公司评估_淘汰\结果\RKLB_Rocket_Lab_收入传导估值评估_2026-07-12.md,https://query1.finance.yahoo.com/v8/finance/chart/RKLB?period1=1767225600&period2=1788566400&interval=1d&events=div%2Csplits
TSLA,Tesla,排序,2026-07-13,2026-07-13,394.760009765625,394.760009765625,2026-09-04,354.0799865722656,354.0799865722656,-0.1030500106064739,-0.1030500106064739,2026-07-14,399.0499877929688,-0.11269265153826824,-0.10626484648852208,历史28榜见historical_rankings.csv,https://query1.finance.yahoo.com/v8/finance/chart/TSLA?period1=1767225600&period2=1788566400&interval=1d&events=div%2Csplits
TSLA,Tesla,公司对比,2026-07-14,2026-07-14,396.1799926757813,396.1799926757813,2026-09-04,354.0799865722656,354.0799865722656,-0.10626484648852208,-0.10626484648852208,2026-07-15,399.3999938964844,-0.11347022538003515,-0.10236780854215233,公司对比历史原文见company_comparison_historical_sources.csv,https://query1.finance.yahoo.com/v8/finance/chart/TSLA?period1=1767225600&period2=1788566400&interval=1d&events=div%2Csplits
TSLA,Tesla,情景决策,2026-07-15,2026-07-15,394.4599914550781,394.4599914550781,2026-09-04,354.0799865722656,354.0799865722656,-0.10236780854215233,-0.10236780854215233,2026-07-16,392.3500061035156,-0.09754050958559957,-0.09456352277705748,D:\drive\Investment\分析报告\公司情景投资决策\结果\TSLA_经营情景市场状态投资决策_2026-07-15.md,https://query1.finance.yahoo.com/v8/finance/chart/TSLA?period1=1767225600&period2=1788566400&interval=1d&events=div%2Csplits
TSLA,Tesla,经营评估,2026-07-12,2026-07-13,394.760009765625,394.760009765625,2026-09-04,354.0799865722656,354.0799865722656,-0.1030500106064739,-0.1030500106064739,2026-07-13,404.6099853515625,-0.1248856938995011,-0.1030500106064739,D:\drive\Investment\分析报告\公司评估_淘汰\结果\TSLA_Tesla_收入传导估值评估_2026-07-12.md,https://query1.finance.yahoo.com/v8/finance/chart/TSLA?period1=1767225600&period2=1788566400&interval=1d&events=div%2Csplits
TT,Trane Technologies,排序,2026-07-13,2026-07-13,479.8999938964844,478.7681274414063,2026-09-04,447.8999938964844,447.8999938964844,-0.06447407790047532,-0.06668055929774086,2026-07-14,484.0199890136719,-0.0724373125871225,-0.07153573962389603,历史28榜见historical_rankings.csv,https://query1.finance.yahoo.com/v8/finance/chart/TT?period1=1767225600&period2=1788566400&interval=1d&events=div%2Csplits
TT,Trane Technologies,公司对比,2026-07-14,2026-07-14,483.5499877929688,482.4095153808594,2026-09-04,447.8999938964844,447.8999938964844,-0.07153573962389603,-0.0737255605344942,2026-07-15,485.2099914550781,-0.07471221354125324,-0.06505858486406169,公司对比历史原文见company_comparison_historical_sources.csv,https://query1.finance.yahoo.com/v8/finance/chart/TT?period1=1767225600&period2=1788566400&interval=1d&events=div%2Csplits
TT,Trane Technologies,情景决策,2026-07-15,2026-07-15,480.2000122070313,479.06744384765625,2026-09-04,447.8999938964844,447.8999938964844,-0.06505858486406169,-0.06726367657113108,2026-07-16,469.0400085449219,-0.04281326258555751,-0.0548234200085137,D:\drive\Investment\分析报告\公司情景投资决策\结果\TT_经营情景市场状态投资决策_2026-07-15.md,https://query1.finance.yahoo.com/v8/finance/chart/TT?period1=1767225600&period2=1788566400&interval=1d&events=div%2Csplits
TT,Trane Technologies,经营评估,2026-07-12,2026-07-13,479.8999938964844,478.7681274414063,2026-09-04,447.8999938964844,447.8999938964844,-0.06447407790047532,-0.06668055929774086,2026-07-13,475.7300109863281,-0.05627378147798345,-0.06447407790047532,D:\drive\Investment\分析报告\公司评估_淘汰\结果\TT_Trane_Technologies_收入传导估值评估_2026-07-12.md,https://query1.finance.yahoo.com/v8/finance/chart/TT?period1=1767225600&period2=1788566400&interval=1d&events=div%2Csplits
VRT,Vertiv,排序,2026-07-13,2026-07-13,305.8699951171875,305.8699951171875,2026-09-04,280.5299987792969,280.5299987792969,-0.08284564273191342,-0.08284564273191342,2026-07-14,315.5299987792969,-0.11092447670714622,-0.07592723108406163,历史28榜见historical_rankings.csv,https://query1.finance.yahoo.com/v8/finance/chart/VRT?period1=1767225600&period2=1788566400&interval=1d&events=div%2Csplits
VRT,Vertiv,公司对比,2026-07-14,2026-07-14,303.5799865722656,303.5799865722656,2026-09-04,280.5299987792969,280.5299987792969,-0.07592723108406163,-0.07592723108406163,2026-07-15,306.25,-0.08398367745535718,-0.07893097799131277,公司对比历史原文见company_comparison_historical_sources.csv,https://query1.finance.yahoo.com/v8/finance/chart/VRT?period1=1767225600&period2=1788566400&interval=1d&events=div%2Csplits
VRT,Vertiv,情景决策,2026-07-15,2026-07-15,304.57000732421875,304.57000732421875,2026-09-04,280.5299987792969,280.5299987792969,-0.07893097799131277,-0.07893097799131277,2026-07-16,297.0,-0.05545454956465701,-0.046173157147428645,D:\drive\Investment\分析报告\公司情景投资决策\结果\VRT_经营情景市场状态投资决策_2026-07-15.md,https://query1.finance.yahoo.com/v8/finance/chart/VRT?period1=1767225600&period2=1788566400&interval=1d&events=div%2Csplits
VRT,Vertiv,经营评估,2026-07-12,2026-07-13,305.8699951171875,305.8699951171875,2026-09-04,280.5299987792969,280.5299987792969,-0.08284564273191342,-0.08284564273191342,2026-07-13,311.94000244140625,-0.10069245180572606,-0.08284564273191342,D:\drive\Investment\分析报告\公司评估_淘汰\结果\VRT_Vertiv_收入传导估值评估_2026-07-12.md,https://query1.finance.yahoo.com/v8/finance/chart/VRT?period1=1767225600&period2=1788566400&interval=1d&events=div%2Csplits
DOV,Dover Corporation,排序,2026-07-13,2026-07-13,214.2700042724609,213.7038116455078,2026-09-04,192.8800048828125,192.8800048828125,-0.09744237410813184,-0.09982731583114812,2026-07-14,217.41000366210935,-0.11047774291842716,-0.096936527286974,历史28榜见historical_rankings.csv,https://query1.finance.yahoo.com/v8/finance/chart/DOV?period1=1767225600&period2=1788566400&interval=1d&events=div%2Csplits
DOV,Dover Corporation,公司对比,2026-07-14,2026-07-14,214.1499938964844,213.5841064453125,2026-09-04,192.8800048828125,192.8800048828125,-0.096936527286974,-0.09932285603497781,2026-07-15,214.0,-0.09630360985094466,-0.08889554086147144,公司对比历史原文见company_comparison_historical_sources.csv,https://query1.finance.yahoo.com/v8/finance/chart/DOV?period1=1767225600&period2=1788566400&interval=1d&events=div%2Csplits
DOV,Dover Corporation,情景决策,2026-07-15,2026-07-15,212.25999450683597,211.69911193847656,2026-09-04,192.8800048828125,192.8800048828125,-0.08889554086147144,-0.09130307229608126,2026-07-16,212.02999877929688,-0.08790724731531074,-0.1108867172893877,D:\drive\Investment\分析报告\公司情景投资决策\结果\DOV_经营情景市场状态投资决策_2026-07-15.md,https://query1.finance.yahoo.com/v8/finance/chart/DOV?period1=1767225600&period2=1788566400&interval=1d&events=div%2Csplits
DOV,Dover Corporation,经营评估,2026-07-12,2026-07-13,214.2700042724609,213.7038116455078,2026-09-04,192.8800048828125,192.8800048828125,-0.09744237410813184,-0.09982731583114812,2026-07-13,215.3300018310547,-0.10188536334233156,-0.09744237410813184,D:\drive\Investment\分析报告\公司评估_淘汰\结果\DOV_Dover_Corporation_收入传导估值评估_2026-07-12.md,https://query1.finance.yahoo.com/v8/finance/chart/DOV?period1=1767225600&period2=1788566400&interval=1d&events=div%2Csplits
JCI,Johnson Controls,排序,2026-07-13,2026-07-13,143.92999267578125,143.92999267578125,2026-09-04,144.94000244140625,144.94000244140625,0.007017368283344316,0.007017368283344316,2026-07-14,145.69000244140625,-0.005147916723397872,-0.002065567615059938,历史28榜见historical_rankings.csv,https://query1.finance.yahoo.com/v8/finance/chart/JCI?period1=1767225600&period2=1788566400&interval=1d&events=div%2Csplits
JCI,Johnson Controls,公司对比,2026-07-14,2026-07-14,145.24000549316406,145.24000549316406,2026-09-04,144.94000244140625,144.94000244140625,-0.002065567615059938,-0.002065567615059938,2026-07-15,145.83999633789062,-0.006171104766069857,0.015270440028392729,公司对比历史原文见company_comparison_historical_sources.csv,https://query1.finance.yahoo.com/v8/finance/chart/JCI?period1=1767225600&period2=1788566400&interval=1d&events=div%2Csplits
JCI,Johnson Controls,情景决策,2026-07-15,2026-07-15,142.75999450683594,142.75999450683594,2026-09-04,144.94000244140625,144.94000244140625,0.015270440028392729,0.015270440028392729,2026-07-16,140.32000732421875,0.03292470692730709,0.026051310191663735,D:\drive\Investment\分析报告\公司情景投资决策\结果\JCI_经营情景市场状态投资决策_2026-07-15.md,https://query1.finance.yahoo.com/v8/finance/chart/JCI?period1=1767225600&period2=1788566400&interval=1d&events=div%2Csplits
JCI,Johnson Controls,经营评估,2026-07-12,2026-07-13,143.92999267578125,143.92999267578125,2026-09-04,144.94000244140625,144.94000244140625,0.007017368283344316,0.007017368283344316,2026-07-13,141.39999389648438,0.025035422190424095,0.007017368283344316,D:\drive\Investment\分析报告\公司评估_淘汰\结果\JCI_Johnson_Controls_收入传导估值评估_2026-07-12.md,https://query1.finance.yahoo.com/v8/finance/chart/JCI?period1=1767225600&period2=1788566400&interval=1d&events=div%2Csplits
MOD,Modine Manufacturing,排序,2026-07-13,2026-07-13,234.27999877929688,234.27999877929688,2026-09-04,194.66000366210935,194.66000366210935,-0.1691138608657391,-0.1691138608657391,2026-07-14,237.58999633789065,-0.18068939491344593,-0.15206691879748235,历史28榜见historical_rankings.csv,https://query1.finance.yahoo.com/v8/finance/chart/MOD?period1=1767225600&period2=1788566400&interval=1d&events=div%2Csplits
MOD,Modine Manufacturing,公司对比,2026-07-14,2026-07-14,229.57000732421875,229.57000732421875,2026-09-04,194.66000366210935,194.66000366210935,-0.15206691879748235,-0.15206691879748235,2026-07-15,230.5399932861328,-0.1556345565582251,-0.16080359532740063,公司对比历史原文见company_comparison_historical_sources.csv,https://query1.finance.yahoo.com/v8/finance/chart/MOD?period1=1767225600&period2=1788566400&interval=1d&events=div%2Csplits
MOD,Modine Manufacturing,情景决策,2026-07-15,2026-07-15,231.9600067138672,231.9600067138672,2026-09-04,194.66000366210935,194.66000366210935,-0.16080359532740063,-0.16080359532740063,2026-07-16,225.02999877929688,-0.13495976217363614,-0.13954821492129243,D:\drive\Investment\分析报告\公司情景投资决策\结果\MOD_经营情景市场状态投资决策_2026-07-15.md,https://query1.finance.yahoo.com/v8/finance/chart/MOD?period1=1767225600&period2=1788566400&interval=1d&events=div%2Csplits
MOD,Modine Manufacturing,经营评估,2026-07-12,2026-07-13,234.27999877929688,234.27999877929688,2026-09-04,194.66000366210935,194.66000366210935,-0.1691138608657391,-0.1691138608657391,2026-07-13,245.27999877929688,-0.20637636729089937,-0.1691138608657391,D:\drive\Investment\分析报告\公司评估_淘汰\结果\MOD_Modine_Manufacturing_收入传导估值评估_2026-07-12.md,https://query1.finance.yahoo.com/v8/finance/chart/MOD?period1=1767225600&period2=1788566400&interval=1d&events=div%2Csplits
AAON,AAON,排序,2026-07-13,2026-07-13,112.19000244140624,112.04612731933594,2026-09-04,79.4000015258789,79.4000015258789,-0.29136326774074284,-0.292272040306378,2026-07-14,115.97000122070312,-0.3144610346741593,-0.29600677914782936,历史28榜见historical_rankings.csv,https://query1.finance.yahoo.com/v8/finance/chart/AAON?period1=1767225600&period2=1788566400&interval=1d&events=div%2Csplits
AAON,AAON,公司对比,2026-07-14,2026-07-14,112.93000030517578,112.7851791381836,2026-09-04,79.4000015258789,79.4000015258789,-0.29600677914782936,-0.29690957839978094,2026-07-15,115.05999755859376,-0.30903915383158187,-0.2971271077338652,公司对比历史原文见company_comparison_historical_sources.csv,https://query1.finance.yahoo.com/v8/finance/chart/AAON?period1=1767225600&period2=1788566400&interval=1d&events=div%2Csplits
AAON,AAON,情景决策,2026-07-15,2026-07-15,113.11000061035156,112.96495056152344,2026-09-04,79.4000015258789,79.4000015258789,-0.2971271077338652,-0.29802845816082146,2026-07-16,111.54000091552734,-0.2872337104221422,-0.29768591223176877,D:\drive\Investment\分析报告\公司情景投资决策\结果\AAON_经营情景市场状态投资决策_2026-07-15.md,https://query1.finance.yahoo.com/v8/finance/chart/AAON?period1=1767225600&period2=1788566400&interval=1d&events=div%2Csplits
AAON,AAON,经营评估,2026-07-12,2026-07-13,112.19000244140624,112.04612731933594,2026-09-04,79.4000015258789,79.4000015258789,-0.29136326774074284,-0.292272040306378,2026-07-13,112.66999816894533,-0.29438219566645085,-0.29136326774074284,D:\drive\Investment\分析报告\公司评估_淘汰\结果\AAON_AAON_收入传导估值评估_2026-07-12.md,https://query1.finance.yahoo.com/v8/finance/chart/AAON?period1=1767225600&period2=1788566400&interval=1d&events=div%2Csplits
IESC,IES Holdings,排序,2026-07-13,2026-07-13,301.4549865722656,301.4549865722656,2026-09-04,322.57000732421875,322.57000732421875,0.07004369372702812,0.07004369372702812,2026-07-14,311.7449951171875,0.03472393262628648,0.0470502135611266,历史28榜见historical_rankings.csv,https://query1.finance.yahoo.com/v8/finance/chart/IESC?period1=1767225600&period2=1788566400&interval=1d&events=div%2Csplits
IESC,IES Holdings,公司对比,2026-07-14,2026-07-14,308.07501220703125,308.07501220703125,2026-09-04,322.57000732421875,322.57000732421875,0.0470502135611266,0.0470502135611266,2026-07-15,313.7099914550781,0.028242695835237086,0.030723334551286507,公司对比历史原文见company_comparison_historical_sources.csv,https://query1.finance.yahoo.com/v8/finance/chart/IESC?period1=1767225600&period2=1788566400&interval=1d&events=div%2Csplits
IESC,IES Holdings,情景决策,2026-07-15,2026-07-15,312.9549865722656,312.9549865722656,2026-09-04,322.57000732421875,322.57000732421875,0.030723334551286507,0.030723334551286507,2026-07-16,303.489990234375,0.06286868662491596,0.058335241578879815,D:\drive\Investment\分析报告\公司情景投资决策\结果\IESC_经营情景市场状态投资决策_2026-07-15.md,https://query1.finance.yahoo.com/v8/finance/chart/IESC?period1=1767225600&period2=1788566400&interval=1d&events=div%2Csplits
IESC,IES Holdings,经营评估,2026-07-12,2026-07-13,301.4549865722656,301.4549865722656,2026-09-04,322.57000732421875,322.57000732421875,0.07004369372702812,0.07004369372702812,2026-07-13,307.29998779296875,0.049690921372693264,0.07004369372702812,D:\drive\Investment\分析报告\公司评估_淘汰\结果\IESC_IES_Holdings_收入传导估值评估_2026-07-12.md,https://query1.finance.yahoo.com/v8/finance/chart/IESC?period1=1767225600&period2=1788566400&interval=1d&events=div%2Csplits
EME,EMCOR Group,排序,2026-07-13,2026-07-13,764.9000244140625,764.505126953125,2026-09-04,754.1599731445312,754.1599731445312,-0.013531830518682786,-0.014041117697385919,2026-07-14,780.5999755859375,-0.03337228264977887,-0.026060895170770593,历史28榜见historical_rankings.csv,https://query1.finance.yahoo.com/v8/finance/chart/EME?period1=1767225600&period2=1788566400&interval=1d&events=div%2Csplits
EME,EMCOR Group,公司对比,2026-07-14,2026-07-14,774.739990234375,774.3399658203125,2026-09-04,754.1599731445312,754.1599731445312,-0.026060895170770593,-0.02656377281314448,2026-07-15,781.0700073242188,-0.0344527813478277,-0.02021514076655695,公司对比历史原文见company_comparison_historical_sources.csv,https://query1.finance.yahoo.com/v8/finance/chart/EME?period1=1767225600&period2=1788566400&interval=1d&events=div%2Csplits
EME,EMCOR Group,情景决策,2026-07-15,2026-07-15,769.719970703125,769.719970703125,2026-09-04,754.1599731445312,754.1599731445312,-0.02021514076655695,-0.02021514076655695,2026-07-16,749.219970703125,0.006593527447980474,0.00549303402203094,D:\drive\Investment\分析报告\公司情景投资决策\结果\备份\EME_2026-08-19T12_34_41-07_00-adcdceb9eb\EME_经营情景市场状态投资决策_2026-07-15.md,https://query1.finance.yahoo.com/v8/finance/chart/EME?period1=1767225600&period2=1788566400&interval=1d&events=div%2Csplits
EME,EMCOR Group,经营评估,2026-07-12,2026-07-13,764.9000244140625,764.505126953125,2026-09-04,754.1599731445312,754.1599731445312,-0.013531830518682786,-0.014041117697385919,2026-07-13,770.9000244140625,-0.021209621191197847,-0.013531830518682786,D:\drive\Investment\分析报告\公司评估_淘汰\备份\EME_2026-08-19T11_52_21-07_00-e98452d284\EME_EMCOR_Group_收入传导估值评估_2026-07-12.md,https://query1.finance.yahoo.com/v8/finance/chart/EME?period1=1767225600&period2=1788566400&interval=1d&events=div%2Csplits
MYRG,MYR Group,排序,2026-07-13,2026-07-13,411.8900146484375,411.8900146484375,2026-09-04,286.5899963378906,286.5899963378906,-0.30420746765977036,-0.30420746765977036,2026-07-14,423.2099914550781,-0.32281845390148145,-0.3160796332239296,历史28榜见historical_rankings.csv,https://query1.finance.yahoo.com/v8/finance/chart/MYRG?period1=1767225600&period2=1788566400&interval=1d&events=div%2Csplits
MYRG,MYR Group,公司对比,2026-07-14,2026-07-14,419.0400085449219,419.0400085449219,2026-09-04,286.5899963378906,286.5899963378906,-0.3160796332239296,-0.3160796332239296,2026-07-15,420.0,-0.31764286586216517,-0.30938843136872785,公司对比历史原文见company_comparison_historical_sources.csv,https://query1.finance.yahoo.com/v8/finance/chart/MYRG?period1=1767225600&period2=1788566400&interval=1d&events=div%2Csplits
MYRG,MYR Group,情景决策,2026-07-15,2026-07-15,414.9800109863281,414.9800109863281,2026-09-04,286.5899963378906,286.5899963378906,-0.30938843136872785,-0.30938843136872785,2026-07-16,404.7099914550781,-0.29186330362762625,-0.28138713148537753,D:\drive\Investment\分析报告\公司情景投资决策\结果\MYRG_经营情景市场状态投资决策_2026-07-15.md,https://query1.finance.yahoo.com/v8/finance/chart/MYRG?period1=1767225600&period2=1788566400&interval=1d&events=div%2Csplits
MYRG,MYR Group,经营评估,2026-07-12,2026-07-13,411.8900146484375,411.8900146484375,2026-09-04,286.5899963378906,286.5899963378906,-0.30420746765977036,-0.30420746765977036,2026-07-13,412.1900024414063,-0.3047138585593666,-0.30420746765977036,D:\drive\Investment\分析报告\公司评估_淘汰\结果\MYRG_MYR_Group_收入传导估值评估_2026-07-12.md,https://query1.finance.yahoo.com/v8/finance/chart/MYRG?period1=1767225600&period2=1788566400&interval=1d&events=div%2Csplits
ACLS,Axcelis Technologies,排序,2026-07-13,2026-07-13,136.55999755859375,136.55999755859375,2026-09-04,115.08000183105467,115.08000183105467,-0.15729346888954554,-0.15729346888954554,2026-07-14,143.2100067138672,-0.19642485555507383,-0.19094490026165445,历史28榜见historical_rankings.csv,https://query1.finance.yahoo.com/v8/finance/chart/ACLS?period1=1767225600&period2=1788566400&interval=1d&events=div%2Csplits
ACLS,Axcelis Technologies,公司对比,2026-07-14,2026-07-14,142.24000549316406,142.24000549316406,2026-09-04,115.08000183105467,115.08000183105467,-0.19094490026165445,-0.19094490026165445,2026-07-15,144.6699981689453,-0.20453443500659696,-0.2063995159614348,公司对比历史原文见company_comparison_historical_sources.csv,https://query1.finance.yahoo.com/v8/finance/chart/ACLS?period1=1767225600&period2=1788566400&interval=1d&events=div%2Csplits
ACLS,Axcelis Technologies,情景决策,2026-07-15,2026-07-15,145.00999450683594,145.00999450683594,2026-09-04,115.08000183105467,115.08000183105467,-0.2063995159614348,-0.2063995159614348,2026-07-16,140.11000061035156,-0.17864534059139547,-0.17410646723433953,D:\drive\Investment\分析报告\公司情景投资决策\结果\ACLS_经营情景市场状态投资决策_2026-07-15.md,https://query1.finance.yahoo.com/v8/finance/chart/ACLS?period1=1767225600&period2=1788566400&interval=1d&events=div%2Csplits
ACLS,Axcelis Technologies,经营评估,2026-07-12,2026-07-13,136.55999755859375,136.55999755859375,2026-09-04,115.08000183105467,115.08000183105467,-0.15729346888954554,-0.15729346888954554,2026-07-13,139.83999633789062,-0.1770594619225334,-0.15729346888954554,D:\drive\Investment\分析报告\公司评估_淘汰\结果\ACLS_Axcelis_Technologies_收入传导估值评估_2026-07-12.md,https://query1.finance.yahoo.com/v8/finance/chart/ACLS?period1=1767225600&period2=1788566400&interval=1d&events=div%2Csplits
ACMR,ACM Research,排序,2026-07-13,2026-07-13,94.08000183105467,94.08000183105467,2026-09-04,74.44000244140625,74.44000244140625,-0.20875849285076753,-0.20875849285076753,2026-07-14,100.8000030517578,-0.2615079346457606,-0.24728242107053766,历史28榜见historical_rankings.csv,https://query1.finance.yahoo.com/v8/finance/chart/ACMR?period1=1767225600&period2=1788566400&interval=1d&events=div%2Csplits
ACMR,ACM Research,公司对比,2026-07-14,2026-07-14,98.8949966430664,98.8949966430664,2026-09-04,74.44000244140625,74.44000244140625,-0.24728242107053766,-0.24728242107053766,2026-07-15,100.36000061035156,-0.25827020736657724,-0.1905175817473952,公司对比历史原文见company_comparison_historical_sources.csv,https://query1.finance.yahoo.com/v8/finance/chart/ACMR?period1=1767225600&period2=1788566400&interval=1d&events=div%2Csplits
ACMR,ACM Research,情景决策,2026-07-15,2026-07-15,91.95999908447266,91.95999908447266,2026-09-04,74.44000244140625,74.44000244140625,-0.1905175817473952,-0.1905175817473952,2026-07-16,86.69000244140625,-0.14130810537558547,-0.1147579297983169,D:\drive\Investment\分析报告\公司情景投资决策\结果\ACMR_经营情景市场状态投资决策_2026-07-15.md,https://query1.finance.yahoo.com/v8/finance/chart/ACMR?period1=1767225600&period2=1788566400&interval=1d&events=div%2Csplits
ACMR,ACM Research,经营评估,2026-07-12,2026-07-13,94.08000183105467,94.08000183105467,2026-09-04,74.44000244140625,74.44000244140625,-0.20875849285076753,-0.20875849285076753,2026-07-13,98.48999786376952,-0.24418718594784616,-0.20875849285076753,D:\drive\Investment\分析报告\公司评估_淘汰\结果\ACMR_ACM_Research_收入传导估值评估_2026-07-12.md,https://query1.finance.yahoo.com/v8/finance/chart/ACMR?period1=1767225600&period2=1788566400&interval=1d&events=div%2Csplits
AMAT,Applied Materials,排序,2026-07-13,2026-07-13,575.3900146484375,574.775390625,2026-09-04,454.7099914550781,454.7099914550781,-0.2088909879028833,-0.20973604011375602,2026-07-14,613.9000244140625,-0.25851736927249536,-0.23586336112409179,历史28榜见historical_rankings.csv,https://query1.finance.yahoo.com/v8/finance/chart/AMAT?period1=1767225600&period2=1788566400&interval=1d&events=div%2Csplits
AMAT,Applied Materials,公司对比,2026-07-14,2026-07-14,595.7000122070312,595.063720703125,2026-09-04,454.7099914550781,454.7099914550781,-0.23586336112409179,-0.2366795666657684,2026-07-15,610.3800048828125,-0.254241232332733,-0.21440683774743652,公司对比历史原文见company_comparison_historical_sources.csv,https://query1.finance.yahoo.com/v8/finance/chart/AMAT?period1=1767225600&period2=1788566400&interval=1d&events=div%2Csplits
AMAT,Applied Materials,情景决策,2026-07-15,2026-07-15,579.4299926757812,578.81103515625,2026-09-04,454.7099914550781,454.7099914550781,-0.21440683774743652,-0.21524602246554736,2026-07-16,562.5399780273438,-0.1908197689445933,-0.18849725395023775,D:\drive\Investment\分析报告\公司情景投资决策\结果\AMAT_经营情景市场状态投资决策_2026-07-15.md,https://query1.finance.yahoo.com/v8/finance/chart/AMAT?period1=1767225600&period2=1788566400&interval=1d&events=div%2Csplits
AMAT,Applied Materials,经营评估,2026-07-12,2026-07-13,575.3900146484375,574.775390625,2026-09-04,454.7099914550781,454.7099914550781,-0.2088909879028833,-0.20973604011375602,2026-07-13,582.010009765625,-0.2178893516928031,-0.2088909879028833,D:\drive\Investment\分析报告\公司评估_淘汰\结果\AMAT_Applied_Materials_收入传导估值评估_2026-07-12.md,https://query1.finance.yahoo.com/v8/finance/chart/AMAT?period1=1767225600&period2=1788566400&interval=1d&events=div%2Csplits
ASMIY,ASM International,排序,2026-07-13,2026-07-13,998.4099731445312,998.4099731445312,2026-09-04,958.9600219726562,958.9600219726562,-0.039512777549312594,-0.039512777549312594,2026-07-14,1055.4000244140625,-0.0913776769097081,-0.08192201748552908,历史28榜见historical_rankings.csv,https://query1.finance.yahoo.com/v8/finance/chart/ASMIY?period1=1767225600&period2=1788566400&interval=1d&events=div%2Csplits
ASMIY,ASM International,公司对比,2026-07-14,2026-07-14,1044.530029296875,1044.530029296875,2026-09-04,958.9600219726562,958.9600219726562,-0.08192201748552908,-0.08192201748552908,2026-07-15,1084.760009765625,-0.11597034059187827,-0.09939050254735882,公司对比历史原文见company_comparison_historical_sources.csv,https://query1.finance.yahoo.com/v8/finance/chart/ASMIY?period1=1767225600&period2=1788566400&interval=1d&events=div%2Csplits
ASMIY,ASM International,情景决策,2026-07-15,2026-07-15,1064.7900390625,1064.7900390625,2026-09-04,958.9600219726562,958.9600219726562,-0.09939050254735882,-0.09939050254735882,2026-07-16,1023.6209716796876,-0.06316884031882175,-0.059169794463619696,D:\drive\Investment\分析报告\公司情景投资决策\结果\ASMIY_经营情景市场状态投资决策_2026-07-15.md,https://query1.finance.yahoo.com/v8/finance/chart/ASMIY?period1=1767225600&period2=1788566400&interval=1d&events=div%2Csplits
ASMIY,ASM International,经营评估,2026-07-12,2026-07-13,998.4099731445312,998.4099731445312,2026-09-04,958.9600219726562,958.9600219726562,-0.039512777549312594,-0.039512777549312594,2026-07-13,1023.8499755859376,-0.06337838077902536,-0.039512777549312594,D:\drive\Investment\分析报告\公司评估_淘汰\结果\ASMIY_ASM_International_收入传导估值评估_2026-07-12.md,https://query1.finance.yahoo.com/v8/finance/chart/ASMIY?period1=1767225600&period2=1788566400&interval=1d&events=div%2Csplits
ASML,ASML Holding NV,排序,2026-07-13,2026-07-13,1726.0400390625,1723.8106689453125,2026-09-04,1714.8800048828125,1714.8800048828125,-0.005180768528346591,-0.006465686732127662,2026-07-14,1787.449951171875,-0.039358922249174255,-0.032969614700093075,历史28榜见historical_rankings.csv,https://query1.finance.yahoo.com/v8/finance/chart/ASML?period1=1767225600&period2=1788566400&interval=1d&events=div%2Csplits
ASML,ASML Holding NV,公司对比,2026-07-14,2026-07-14,1775.6400146484375,1773.3465576171875,2026-09-04,1714.8800048828125,1714.8800048828125,-0.032969614700093075,-0.034218653141613875,2026-07-15,1825.06005859375,-0.05915544972340547,-0.0540813258741466,公司对比历史原文见company_comparison_historical_sources.csv,https://query1.finance.yahoo.com/v8/finance/chart/ASML?period1=1767225600&period2=1788566400&interval=1d&events=div%2Csplits
ASML,ASML Holding NV,情景决策,2026-07-15,2026-07-15,1815.27001953125,1812.9254150390625,2026-09-04,1714.8800048828125,1714.8800048828125,-0.0540813258741466,-0.055303075337717944,2026-07-16,1796.9100341796875,-0.04441632881932944,-0.037970332886865465,D:\drive\Investment\分析报告\公司情景投资决策\结果\备份\ASML_2026-07-18T17_46_46-07_00-48331b8b80\ASML_经营情景市场状态投资决策_2026-07-15.md,https://query1.finance.yahoo.com/v8/finance/chart/ASML?period1=1767225600&period2=1788566400&interval=1d&events=div%2Csplits
ASML,ASML Holding NV,经营评估,2026-07-12,2026-07-13,1726.0400390625,1723.8106689453125,2026-09-04,1714.8800048828125,1714.8800048828125,-0.005180768528346591,-0.006465686732127662,2026-07-13,1773.5400390625,-0.031824606532636746,-0.005180768528346591,D:\drive\Investment\分析报告\公司评估_淘汰\备份\ASML_2026-07-18T15_01_04-07_00-0ff55ba83e\ASML_ASML_Holding_NV_收入传导估值评估_2026-07-12.md,https://query1.finance.yahoo.com/v8/finance/chart/ASML?period1=1767225600&period2=1788566400&interval=1d&events=div%2Csplits
DSCSY,DISCO,排序,2026-07-13,2026-07-13,43.5,43.5,2026-09-04,36.040000915527344,36.040000915527344,-0.17149423182695767,-0.17149423182695767,2026-07-14,45.02999877929688,-0.19964463929550014,-0.18239565747620057,历史28榜见historical_rankings.csv,https://query1.finance.yahoo.com/v8/finance/chart/DSCSY?period1=1767225600&period2=1788566400&interval=1d&events=div%2Csplits
DSCSY,DISCO,公司对比,2026-07-14,2026-07-14,44.08000183105469,44.08000183105469,2026-09-04,36.040000915527344,36.040000915527344,-0.18239565747620057,-0.18239565747620057,2026-07-15,44.619998931884766,-0.19229041285848814,-0.17735677275054118,公司对比历史原文见company_comparison_historical_sources.csv,https://query1.finance.yahoo.com/v8/finance/chart/DSCSY?period1=1767225600&period2=1788566400&interval=1d&events=div%2Csplits
DSCSY,DISCO,情景决策,2026-07-15,2026-07-15,43.810001373291016,43.810001373291016,2026-09-04,36.040000915527344,36.040000915527344,-0.17735677275054118,-0.17735677275054118,2026-07-16,42.5,-0.15199997845818014,-0.13944603638117137,D:\drive\Investment\分析报告\公司情景投资决策\结果\DSCSY_经营情景市场状态投资决策_2026-07-15.md,https://query1.finance.yahoo.com/v8/finance/chart/DSCSY?period1=1767225600&period2=1788566400&interval=1d&events=div%2Csplits
DSCSY,DISCO,经营评估,2026-07-12,2026-07-13,43.5,43.5,2026-09-04,36.040000915527344,36.040000915527344,-0.17149423182695767,-0.17149423182695767,2026-07-13,43.790000915527344,-0.17698104220070832,-0.17149423182695767,D:\drive\Investment\分析报告\公司评估_淘汰\结果\DSCSY_DISCO_收入传导估值评估_2026-07-12.md,https://query1.finance.yahoo.com/v8/finance/chart/DSCSY?period1=1767225600&period2=1788566400&interval=1d&events=div%2Csplits
GFS,GlobalFoundries,排序,2026-07-13,2026-07-13,63.93999862670898,63.93999862670898,2026-09-04,45.209999084472656,45.209999084472656,-0.29293087182539346,-0.29293087182539346,2026-07-14,67.63999938964844,-0.3316085231752448,-0.2867960321852372,历史28榜见historical_rankings.csv,https://query1.finance.yahoo.com/v8/finance/chart/GFS?period1=1767225600&period2=1788566400&interval=1d&events=div%2Csplits
GFS,GlobalFoundries,公司对比,2026-07-14,2026-07-14,63.38999938964844,63.38999938964844,2026-09-04,45.209999084472656,45.209999084472656,-0.2867960321852372,-0.2867960321852372,2026-07-15,64.52999877929688,-0.2993956308739718,-0.2638006970068758,公司对比历史原文见company_comparison_historical_sources.csv,https://query1.finance.yahoo.com/v8/finance/chart/GFS?period1=1767225600&period2=1788566400&interval=1d&events=div%2Csplits
GFS,GlobalFoundries,情景决策,2026-07-15,2026-07-15,61.40999984741211,61.40999984741211,2026-09-04,45.209999084472656,45.209999084472656,-0.2638006970068758,-0.2638006970068758,2026-07-16,59.04999923706055,-0.23437765167491698,-0.22372943369628628,D:\drive\Investment\分析报告\公司情景投资决策\结果\GFS_经营情景市场状态投资决策_2026-07-15.md,https://query1.finance.yahoo.com/v8/finance/chart/GFS?period1=1767225600&period2=1788566400&interval=1d&events=div%2Csplits
GFS,GlobalFoundries,经营评估,2026-07-12,2026-07-13,63.93999862670898,63.93999862670898,2026-09-04,45.209999084472656,45.209999084472656,-0.29293087182539346,-0.29293087182539346,2026-07-13,67.00499725341797,-0.32527421927225786,-0.29293087182539346,D:\drive\Investment\分析报告\公司评估_淘汰\结果\GFS_GlobalFoundries_收入传导估值评估_2026-07-12.md,https://query1.finance.yahoo.com/v8/finance/chart/GFS?period1=1767225600&period2=1788566400&interval=1d&events=div%2Csplits
KLAC,KLA Corporation,排序,2026-07-13,2026-07-13,222.25,221.99908447265625,2026-09-04,185.6000061035156,185.6000061035156,-0.16396048864617707,-0.16490435948924365,2026-07-14,237.3999938964844,-0.21731344235920425,-0.19342888420748872,历史28榜见historical_rankings.csv,https://query1.finance.yahoo.com/v8/finance/chart/KLAC?period1=1767225600&period2=1788566400&interval=1d&events=div%2Csplits
KLAC,KLA Corporation,公司对比,2026-07-14,2026-07-14,230.3699951171875,230.1099090576172,2026-09-04,185.6000061035156,185.6000061035156,-0.19342888420748872,-0.19433949716801335,2026-07-15,235.9600067138672,-0.21253699733100884,-0.17233953052696138,公司对比历史原文见company_comparison_historical_sources.csv,https://query1.finance.yahoo.com/v8/finance/chart/KLAC?period1=1767225600&period2=1788566400&interval=1d&events=div%2Csplits
KLAC,KLA Corporation,情景决策,2026-07-15,2026-07-15,224.5,224.24655151367188,2026-09-04,185.6000061035156,185.6000061035156,-0.17233953052696138,-0.17327391490638933,2026-07-16,217.75999450683597,-0.14672213802457257,-0.1529845162401804,D:\drive\Investment\分析报告\公司情景投资决策\结果\KLAC_经营情景市场状态投资决策_2026-07-15.md,https://query1.finance.yahoo.com/v8/finance/chart/KLAC?period1=1767225600&period2=1788566400&interval=1d&events=div%2Csplits
KLAC,KLA Corporation,经营评估,2026-07-12,2026-07-13,222.25,221.99908447265625,2026-09-04,185.6000061035156,185.6000061035156,-0.16396048864617707,-0.16490435948924365,2026-07-13,221.5500030517578,-0.1613189851548823,-0.16396048864617707,D:\drive\Investment\分析报告\公司评估_淘汰\结果\KLAC_KLA_Corporation_收入传导估值评估_2026-07-12.md,https://query1.finance.yahoo.com/v8/finance/chart/KLAC?period1=1767225600&period2=1788566400&interval=1d&events=div%2Csplits
LRCX,Lam Research,排序,2026-07-13,2026-07-13,329.9200134277344,329.9200134277344,2026-09-04,307.6499938964844,307.6499938964844,-0.06750126886778884,-0.06750126886778884,2026-07-14,354.6600036621094,-0.13254951017936667,-0.11109509254250394,历史28榜见historical_rankings.csv,https://query1.finance.yahoo.com/v8/finance/chart/LRCX?period1=1767225600&period2=1788566400&interval=1d&events=div%2Csplits
LRCX,Lam Research,公司对比,2026-07-14,2026-07-14,346.1000061035156,346.1000061035156,2026-09-04,307.6499938964844,307.6499938964844,-0.11109509254250394,-0.11109509254250394,2026-07-15,357.25,-0.1388383655801697,-0.08281906623105217,公司对比历史原文见company_comparison_historical_sources.csv,https://query1.finance.yahoo.com/v8/finance/chart/LRCX?period1=1767225600&period2=1788566400&interval=1d&events=div%2Csplits
LRCX,Lam Research,情景决策,2026-07-15,2026-07-15,335.42999267578125,335.42999267578125,2026-09-04,307.6499938964844,307.6499938964844,-0.08281906623105217,-0.08281906623105217,2026-07-16,324.989990234375,-0.05335547819606823,-0.041469335471541524,D:\drive\Investment\分析报告\公司情景投资决策\结果\LRCX_经营情景市场状态投资决策_2026-07-15.md,https://query1.finance.yahoo.com/v8/finance/chart/LRCX?period1=1767225600&period2=1788566400&interval=1d&events=div%2Csplits
LRCX,Lam Research,经营评估,2026-07-12,2026-07-13,329.9200134277344,329.9200134277344,2026-09-04,307.6499938964844,307.6499938964844,-0.06750126886778884,-0.06750126886778884,2026-07-13,335.0,-0.0816418092642257,-0.06750126886778884,D:\drive\Investment\分析报告\公司评估_淘汰\结果\LRCX_Lam_Research_收入传导估值评估_2026-07-12.md,https://query1.finance.yahoo.com/v8/finance/chart/LRCX?period1=1767225600&period2=1788566400&interval=1d&events=div%2Csplits
MKSI,MKS Inc,排序,2026-07-13,2026-07-13,352.0299987792969,351.7029113769531,2026-09-04,260.3099975585937,260.3099975585937,-0.25985828055999527,-0.26054598056629397,2026-07-14,373.2099914550781,-0.3018619604099072,-0.27307396949460483,历史28榜见historical_rankings.csv,https://query1.finance.yahoo.com/v8/finance/chart/MKSI?period1=1767225600&period2=1788566400&interval=1d&events=div%2Csplits
MKSI,MKS Inc,公司对比,2026-07-14,2026-07-14,358.42999267578125,358.0969543457031,2026-09-04,260.3099975585937,260.3099975585937,-0.27307396949460483,-0.2737493991077422,2026-07-15,366.489990234375,-0.2890608256212224,-0.2635610512576425,公司对比历史原文见company_comparison_historical_sources.csv,https://query1.finance.yahoo.com/v8/finance/chart/MKSI?period1=1767225600&period2=1788566400&interval=1d&events=div%2Csplits
MKSI,MKS Inc,情景决策,2026-07-15,2026-07-15,353.79998779296875,353.47125244140625,2026-09-04,260.3099975585937,260.3099975585937,-0.2635610512576425,-0.26424531786327277,2026-07-16,336.1199951171875,-0.22482420412364446,-0.21520456408155864,D:\drive\Investment\分析报告\公司情景投资决策\结果\备份\MKSI_2026-08-19T12_34_42-07_00-07309e6a19\MKSI_经营情景市场状态投资决策_2026-07-15.md,https://query1.finance.yahoo.com/v8/finance/chart/MKSI?period1=1767225600&period2=1788566400&interval=1d&events=div%2Csplits
MKSI,MKS Inc,经营评估,2026-07-12,2026-07-13,352.0299987792969,351.7029113769531,2026-09-04,260.3099975585937,260.3099975585937,-0.25985828055999527,-0.26054598056629397,2026-07-13,352.510009765625,-0.260866127562715,-0.25985828055999527,D:\drive\Investment\分析报告\公司评估_淘汰\备份\MKSI_2026-08-19T11_52_22-07_00-e30a9dddfa\MKSI_MKS_Inc_收入传导估值评估_2026-07-12.md,https://query1.finance.yahoo.com/v8/finance/chart/MKSI?period1=1767225600&period2=1788566400&interval=1d&events=div%2Csplits
TSEM,Tower Semiconductor,排序,2026-07-13,2026-07-13,229.67999267578125,229.67999267578125,2026-09-04,222.33999633789065,222.33999633789065,-0.0319574911701247,-0.0319574911701247,2026-07-14,271.5,-0.18106815345159977,-0.1297507082176661,历史28榜见historical_rankings.csv,https://query1.finance.yahoo.com/v8/finance/chart/TSEM?period1=1767225600&period2=1788566400&interval=1d&events=div%2Csplits
TSEM,Tower Semiconductor,公司对比,2026-07-14,2026-07-14,255.4900054931641,255.4900054931641,2026-09-04,222.33999633789065,222.33999633789065,-0.1297507082176661,-0.1297507082176661,2026-07-15,257.44000244140625,-0.13634247114142417,-0.11418328152234802,公司对比历史原文见company_comparison_historical_sources.csv,https://query1.finance.yahoo.com/v8/finance/chart/TSEM?period1=1767225600&period2=1788566400&interval=1d&events=div%2Csplits
TSEM,Tower Semiconductor,情景决策,2026-07-15,2026-07-15,251.0,251.0,2026-09-04,222.33999633789065,222.33999633789065,-0.11418328152234802,-0.11418328152234802,2026-07-16,241.16000366210935,-0.07803950505236978,-0.06548420456859372,D:\drive\Investment\分析报告\公司情景投资决策\结果\备份\TSEM_2026-07-18T18_16_14-07_00-7bc65498ea\TSEM_经营情景市场状态投资决策_2026-07-15.md,https://query1.finance.yahoo.com/v8/finance/chart/TSEM?period1=1767225600&period2=1788566400&interval=1d&events=div%2Csplits
TSEM,Tower Semiconductor,经营评估,2026-07-12,2026-07-13,229.67999267578125,229.67999267578125,2026-09-04,222.33999633789065,222.33999633789065,-0.0319574911701247,-0.0319574911701247,2026-07-13,212.7700042724609,0.044978107220296826,-0.0319574911701247,D:\drive\Investment\分析报告\公司评估_淘汰\备份\TSEM_2026-07-18T15_01_07-07_00-de2eaad947\TSEM_Tower_Semiconductor_收入传导估值评估_2026-07-12.md,https://query1.finance.yahoo.com/v8/finance/chart/TSEM?period1=1767225600&period2=1788566400&interval=1d&events=div%2Csplits
TSM,台积电,排序,2026-07-13,2026-07-13,421.5799865722656,421.5799865722656,2026-09-04,428.9100036621094,428.9100036621094,0.01738701390794617,0.01738701390794617,2026-07-14,430.8699951171875,-0.004548916093693345,0.0202668681861935,历史28榜见historical_rankings.csv,https://query1.finance.yahoo.com/v8/finance/chart/TSM?period1=1767225600&period2=1788566400&interval=1d&events=div%2Csplits
TSM,台积电,公司对比,2026-07-14,2026-07-14,420.3900146484375,420.3900146484375,2026-09-04,428.9100036621094,428.9100036621094,0.0202668681861935,0.0202668681861935,2026-07-15,425.75,0.007422204726034831,0.022480195548790105,公司对比历史原文见company_comparison_historical_sources.csv,https://query1.finance.yahoo.com/v8/finance/chart/TSM?period1=1767225600&period2=1788566400&interval=1d&events=div%2Csplits
TSM,台积电,情景决策,2026-07-15,2026-07-15,419.4800109863281,419.4800109863281,2026-09-04,428.9100036621094,428.9100036621094,0.022480195548790105,0.022480195548790105,2026-07-16,405.2900085449219,0.058279243552014304,0.04678580047012004,D:\drive\Investment\分析报告\公司情景投资决策\结果\备份\TSM_2026-07-18T17_57_24-07_00-d74e7eddf3\TSM_经营情景市场状态投资决策_2026-07-15.md,https://query1.finance.yahoo.com/v8/finance/chart/TSM?period1=1767225600&period2=1788566400&interval=1d&events=div%2Csplits
TSM,台积电,经营评估,2026-07-12,2026-07-13,421.5799865722656,421.5799865722656,2026-09-04,428.9100036621094,428.9100036621094,0.01738701390794617,0.01738701390794617,2026-07-13,433.8200073242188,-0.011318066431269758,0.01738701390794617,D:\drive\Investment\分析报告\公司评估_淘汰\备份\TSM_2026-07-18T15_01_04-07_00-0ff55ba83e\TSM_台积电_收入传导估值评估_2026-07-12.md,https://query1.finance.yahoo.com/v8/finance/chart/TSM?period1=1767225600&period2=1788566400&interval=1d&events=div%2Csplits
UCTT,Ultra Clean Holdings,排序,2026-07-13,2026-07-13,98.25,98.25,2026-09-04,72.43000030517578,72.43000030517578,-0.2627989790821803,-0.2627989790821803,2026-07-14,106.76000213623048,-0.32156239363172834,-0.3020140440563912,历史28榜见historical_rankings.csv,https://query1.finance.yahoo.com/v8/finance/chart/UCTT?period1=1767225600&period2=1788566400&interval=1d&events=div%2Csplits
UCTT,Ultra Clean Holdings,公司对比,2026-07-14,2026-07-14,103.7699966430664,103.7699966430664,2026-09-04,72.43000030517578,72.43000030517578,-0.3020140440563912,-0.3020140440563912,2026-07-15,107.5199966430664,-0.32635786303434056,-0.290666929074202,公司对比历史原文见company_comparison_historical_sources.csv,https://query1.finance.yahoo.com/v8/finance/chart/UCTT?period1=1767225600&period2=1788566400&interval=1d&events=div%2Csplits
UCTT,Ultra Clean Holdings,情景决策,2026-07-15,2026-07-15,102.11000061035156,102.11000061035156,2026-09-04,72.43000030517578,72.43000030517578,-0.290666929074202,-0.290666929074202,2026-07-16,96.08999633789062,-0.24622746315357213,-0.21781855832948227,D:\drive\Investment\分析报告\公司情景投资决策\结果\UCTT_经营情景市场状态投资决策_2026-07-15.md,https://query1.finance.yahoo.com/v8/finance/chart/UCTT?period1=1767225600&period2=1788566400&interval=1d&events=div%2Csplits
UCTT,Ultra Clean Holdings,经营评估,2026-07-12,2026-07-13,98.25,98.25,2026-09-04,72.43000030517578,72.43000030517578,-0.2627989790821803,-0.2627989790821803,2026-07-13,100.47000122070312,-0.2790882907817597,-0.2627989790821803,D:\drive\Investment\分析报告\公司评估_淘汰\结果\UCTT_Ultra_Clean_Holdings_收入传导估值评估_2026-07-12.md,https://query1.finance.yahoo.com/v8/finance/chart/UCTT?period1=1767225600&period2=1788566400&interval=1d&events=div%2Csplits
UMC,United Microelectronics 联华电子,排序,2026-07-13,2026-07-13,23.459999084472656,23.459999084472656,2026-09-04,20.770000457763672,20.770000457763672,-0.11466320254417228,-0.11466320254417228,2026-07-14,24.170000076293945,-0.14067023615217156,-0.12877515416001217,历史28榜见historical_rankings.csv,https://query1.finance.yahoo.com/v8/finance/chart/UMC?period1=1767225600&period2=1788566400&interval=1d&events=div%2Csplits
UMC,United Microelectronics 联华电子,公司对比,2026-07-14,2026-07-14,23.84000015258789,23.84000015258789,2026-09-04,20.770000457763672,20.770000457763672,-0.12877515416001217,-0.12877515416001217,2026-07-15,25.600000381469727,-0.18867186920833778,-0.16653288947932676,公司对比历史原文见company_comparison_historical_sources.csv,https://query1.finance.yahoo.com/v8/finance/chart/UMC?period1=1767225600&period2=1788566400&interval=1d&events=div%2Csplits
UMC,United Microelectronics 联华电子,情景决策,2026-07-15,2026-07-15,24.920000076293945,24.920000076293945,2026-09-04,20.770000457763672,20.770000457763672,-0.16653288947932676,-0.16653288947932676,2026-07-16,22.729999542236328,-0.08622961389993145,-0.06819203209205926,D:\drive\Investment\分析报告\公司情景投资决策\结果\UMC_经营情景市场状态投资决策_2026-07-15.md,https://query1.finance.yahoo.com/v8/finance/chart/UMC?period1=1767225600&period2=1788566400&interval=1d&events=div%2Csplits
UMC,United Microelectronics 联华电子,经营评估,2026-07-12,2026-07-13,23.459999084472656,23.459999084472656,2026-09-04,20.770000457763672,20.770000457763672,-0.11466320254417228,-0.11466320254417228,2026-07-13,23.559999465942383,-0.11842101321826637,-0.11466320254417228,D:\drive\Investment\分析报告\公司评估_淘汰\结果\UMC_United_Microelectronics_联华电子_收入传导估值评估_2026-07-12.md,https://query1.finance.yahoo.com/v8/finance/chart/UMC?period1=1767225600&period2=1788566400&interval=1d&events=div%2Csplits
VECO,Veeco Instruments,排序,2026-07-13,2026-07-13,55.7599983215332,55.7599983215332,2026-09-04,44.66999816894531,44.66999816894531,-0.19888810054546202,-0.19888810054546202,2026-07-14,59.0,-0.24288138696702866,-0.2300931089881092,历史28榜见historical_rankings.csv,https://query1.finance.yahoo.com/v8/finance/chart/VECO?period1=1767225600&period2=1788566400&interval=1d&events=div%2Csplits
VECO,Veeco Instruments,公司对比,2026-07-14,2026-07-14,58.02000045776367,58.02000045776367,2026-09-04,44.66999816894531,44.66999816894531,-0.2300931089881092,-0.2300931089881092,2026-07-15,58.709999084472656,-0.2391415625015838,-0.2157654689793984,公司对比历史原文见company_comparison_historical_sources.csv,https://query1.finance.yahoo.com/v8/finance/chart/VECO?period1=1767225600&period2=1788566400&interval=1d&events=div%2Csplits
VECO,Veeco Instruments,情景决策,2026-07-15,2026-07-15,56.959999084472656,56.959999084472656,2026-09-04,44.66999816894531,44.66999816894531,-0.2157654689793984,-0.2157654689793984,2026-07-16,55.5,-0.1951351681271115,-0.17825611355053994,D:\drive\Investment\分析报告\公司情景投资决策\结果\VECO_经营情景市场状态投资决策_2026-07-15.md,https://query1.finance.yahoo.com/v8/finance/chart/VECO?period1=1767225600&period2=1788566400&interval=1d&events=div%2Csplits
VECO,Veeco Instruments,经营评估,2026-07-12,2026-07-13,55.7599983215332,55.7599983215332,2026-09-04,44.66999816894531,44.66999816894531,-0.19888810054546202,-0.19888810054546202,2026-07-13,56.36000061035156,-0.20741664859491082,-0.19888810054546202,D:\drive\Investment\分析报告\公司评估_淘汰\结果\VECO_Veeco_Instruments_收入传导估值评估_2026-07-12.md,https://query1.finance.yahoo.com/v8/finance/chart/VECO?period1=1767225600&period2=1788566400&interval=1d&events=div%2Csplits
ICHR,Ichor Holdings,排序,2026-07-13,2026-07-13,90.41000366210938,90.41000366210938,2026-09-04,56.380001068115234,56.380001068115234,-0.37639642977092413,-0.37639642977092413,2026-07-14,97.16999816894533,-0.4197797454921247,-0.4055877493398382,历史28榜见historical_rankings.csv,https://query1.finance.yahoo.com/v8/finance/chart/ICHR?period1=1767225600&period2=1788566400&interval=1d&events=div%2Csplits
ICHR,Ichor Holdings,公司对比,2026-07-14,2026-07-14,94.8499984741211,94.8499984741211,2026-09-04,56.380001068115234,56.380001068115234,-0.4055877493398382,-0.4055877493398382,2026-07-15,98.23999786376952,-0.4260993251822135,-0.39486956986001787,公司对比历史原文见company_comparison_historical_sources.csv,https://query1.finance.yahoo.com/v8/finance/chart/ICHR?period1=1767225600&period2=1788566400&interval=1d&events=div%2Csplits
ICHR,Ichor Holdings,情景决策,2026-07-15,2026-07-15,93.16999816894533,93.16999816894533,2026-09-04,56.380001068115234,56.380001068115234,-0.39486956986001787,-0.39486956986001787,2026-07-16,88.0999984741211,-0.3600453797433769,-0.3267255492430782,D:\drive\Investment\分析报告\公司情景投资决策\结果\ICHR_经营情景市场状态投资决策_2026-07-15.md,https://query1.finance.yahoo.com/v8/finance/chart/ICHR?period1=1767225600&period2=1788566400&interval=1d&events=div%2Csplits
ICHR,Ichor Holdings,经营评估,2026-07-12,2026-07-13,90.41000366210938,90.41000366210938,2026-09-04,56.380001068115234,56.380001068115234,-0.37639642977092413,-0.37639642977092413,2026-07-13,96.0,-0.41270832220713294,-0.37639642977092413,D:\drive\Investment\分析报告\公司评估_淘汰\结果\ICHR_Ichor_Holdings_收入传导估值评估_2026-07-12.md,https://query1.finance.yahoo.com/v8/finance/chart/ICHR?period1=1767225600&period2=1788566400&interval=1d&events=div%2Csplits
NVMI,Nova Ltd,排序,2026-07-13,2026-07-13,452.7300109863281,452.7300109863281,2026-09-04,372.1000061035156,372.1000061035156,-0.1780973271622751,-0.1780973271622751,2026-07-14,488.2099914550781,-0.23782795801762324,-0.21421632937226942,历史28榜见historical_rankings.csv,https://query1.finance.yahoo.com/v8/finance/chart/NVMI?period1=1767225600&period2=1788566400&interval=1d&events=div%2Csplits
NVMI,Nova Ltd,公司对比,2026-07-14,2026-07-14,473.5400085449219,473.5400085449219,2026-09-04,372.1000061035156,372.1000061035156,-0.21421632937226942,-0.21421632937226942,2026-07-15,488.3900146484375,-0.23810889874280505,-0.21245344257689058,公司对比历史原文见company_comparison_historical_sources.csv,https://query1.finance.yahoo.com/v8/finance/chart/NVMI?period1=1767225600&period2=1788566400&interval=1d&events=div%2Csplits
NVMI,Nova Ltd,情景决策,2026-07-15,2026-07-15,472.4800109863281,472.4800109863281,2026-09-04,372.1000061035156,372.1000061035156,-0.21245344257689058,-0.21245344257689058,2026-07-16,457.9400024414063,-0.1874481283143068,-0.17518231535015294,D:\drive\Investment\分析报告\公司情景投资决策\结果\NVMI_经营情景市场状态投资决策_2026-07-15.md,https://query1.finance.yahoo.com/v8/finance/chart/NVMI?period1=1767225600&period2=1788566400&interval=1d&events=div%2Csplits
NVMI,Nova Ltd,经营评估,2026-07-12,2026-07-13,452.7300109863281,452.7300109863281,2026-09-04,372.1000061035156,372.1000061035156,-0.1780973271622751,-0.1780973271622751,2026-07-13,455.8500061035156,-0.183722713345718,-0.1780973271622751,D:\drive\Investment\分析报告\公司评估_淘汰\结果\NVMI_Nova_Ltd_收入传导估值评估_2026-07-12.md,https://query1.finance.yahoo.com/v8/finance/chart/NVMI?period1=1767225600&period2=1788566400&interval=1d&events=div%2Csplits
TOELY,Tokyo Electron,排序,2026-07-13,2026-07-13,218.25,218.25,2026-09-04,176.49000549316406,176.49000549316406,-0.19134018101643047,-0.19134018101643047,2026-07-14,224.80999755859372,-0.21493702499968093,-0.2023771768185848,历史28榜见historical_rankings.csv,https://query1.finance.yahoo.com/v8/finance/chart/TOELY?period1=1767225600&period2=1788566400&interval=1d&events=div%2Csplits
TOELY,Tokyo Electron,公司对比,2026-07-14,2026-07-14,221.2700042724609,221.2700042724609,2026-09-04,176.49000549316406,176.49000549316406,-0.2023771768185848,-0.2023771768185848,2026-07-15,225.5399932861328,-0.2174780050238857,-0.19337292947196705,公司对比历史原文见company_comparison_historical_sources.csv,https://query1.finance.yahoo.com/v8/finance/chart/TOELY?period1=1767225600&period2=1788566400&interval=1d&events=div%2Csplits
TOELY,Tokyo Electron,情景决策,2026-07-15,2026-07-15,218.8000030517578,218.8000030517578,2026-09-04,176.49000549316406,176.49000549316406,-0.19337292947196705,-0.19337292947196705,2026-07-16,215.07000732421875,-0.17938345895388008,-0.1656502315905194,D:\drive\Investment\分析报告\公司情景投资决策\结果\TOELY_经营情景市场状态投资决策_2026-07-15.md,https://query1.finance.yahoo.com/v8/finance/chart/TOELY?period1=1767225600&period2=1788566400&interval=1d&events=div%2Csplits
TOELY,Tokyo Electron,经营评估,2026-07-12,2026-07-13,218.25,218.25,2026-09-04,176.49000549316406,176.49000549316406,-0.19134018101643047,-0.19134018101643047,2026-07-13,217.0,-0.18668200233564947,-0.19134018101643047,D:\drive\Investment\分析报告\公司评估_淘汰\结果\TOELY_Tokyo_Electron_收入传导估值评估_2026-07-12.md,https://query1.finance.yahoo.com/v8/finance/chart/TOELY?period1=1767225600&period2=1788566400&interval=1d&events=div%2Csplits
AEIS,Advanced Energy Industries,排序,2026-07-13,2026-07-13,298.5199890136719,298.4155578613281,2026-09-04,280.8999938964844,280.8999938964844,-0.058695210431967904,-0.05902450678564286,2026-07-14,312.239990234375,-0.10005663532327569,-0.07929785006844348,历史28榜见historical_rankings.csv,https://query1.finance.yahoo.com/v8/finance/chart/AEIS?period1=1767225600&period2=1788566400&interval=1d&events=div%2Csplits
AEIS,Advanced Energy Industries,公司对比,2026-07-14,2026-07-14,305.20001220703125,305.0932312011719,2026-09-04,280.8999938964844,280.8999938964844,-0.07929785006844348,-0.07961997817373301,2026-07-15,311.8399963378906,-0.09890228169281579,-0.0691721722805877,公司对比历史原文见company_comparison_historical_sources.csv,https://query1.finance.yahoo.com/v8/finance/chart/AEIS?period1=1767225600&period2=1788566400&interval=1d&events=div%2Csplits
AEIS,Advanced Energy Industries,情景决策,2026-07-15,2026-07-15,301.8800048828125,301.7743835449219,2026-09-04,280.8999938964844,280.8999938964844,-0.0691721722805877,-0.06949784896973354,2026-07-16,291.2900085449219,-0.0353314202107623,-0.0171104115148204,D:\drive\Investment\分析报告\公司情景投资决策\结果\AEIS_经营情景市场状态投资决策_2026-07-15.md,https://query1.finance.yahoo.com/v8/finance/chart/AEIS?period1=1767225600&period2=1788566400&interval=1d&events=div%2Csplits
AEIS,Advanced Energy Industries,经营评估,2026-07-12,2026-07-13,298.5199890136719,298.4155578613281,2026-09-04,280.8999938964844,280.8999938964844,-0.058695210431967904,-0.05902450678564286,2026-07-13,300.0,-0.06333901519878116,-0.058695210431967904,D:\drive\Investment\分析报告\公司评估_淘汰\结果\AEIS_Advanced_Energy_Industries_收入传导估值评估_2026-07-12.md,https://query1.finance.yahoo.com/v8/finance/chart/AEIS?period1=1767225600&period2=1788566400&interval=1d&events=div%2Csplits
ABBNY,ABB Ltd,排序,2026-07-13,2026-07-13,101.61000061035156,101.61000061035156,2026-09-04,95.95999908447266,95.95999908447266,-0.05560477799370578,-0.05560477799370578,2026-07-14,105.3499984741211,-0.08913146203751543,-0.07695267478311152,历史28榜见historical_rankings.csv,https://query1.finance.yahoo.com/v8/finance/chart/ABBNY?period1=1767225600&period2=1788566400&interval=1d&events=div%2Csplits
ABBNY,ABB Ltd,公司对比,2026-07-14,2026-07-14,103.95999908447266,103.95999908447266,2026-09-04,95.95999908447266,95.95999908447266,-0.07695267478311152,-0.07695267478311152,2026-07-15,104.91000366210938,-0.08531125979618293,-0.072581444357109,公司对比历史原文见company_comparison_historical_sources.csv,https://query1.finance.yahoo.com/v8/finance/chart/ABBNY?period1=1767225600&period2=1788566400&interval=1d&events=div%2Csplits
ABBNY,ABB Ltd,情景决策,2026-07-15,2026-07-15,103.47000122070312,103.47000122070312,2026-09-04,95.95999908447266,95.95999908447266,-0.072581444357109,-0.072581444357109,2026-07-16,97.87999725341795,-0.01961583799368416,-0.006728097730798077,D:\drive\Investment\分析报告\公司情景投资决策\结果\ABBNY_经营情景市场状态投资决策_2026-07-15.md,https://query1.finance.yahoo.com/v8/finance/chart/ABBNY?period1=1767225600&period2=1788566400&interval=1d&events=div%2Csplits
ABBNY,ABB Ltd,经营评估,2026-07-12,2026-07-13,101.61000061035156,101.61000061035156,2026-09-04,95.95999908447266,95.95999908447266,-0.05560477799370578,-0.05560477799370578,2026-07-13,103.55999755859376,-0.07338739526158311,-0.05560477799370578,D:\drive\Investment\分析报告\公司评估_淘汰\结果\ABBNY_ABB_Ltd_收入传导估值评估_2026-07-12.md,https://query1.finance.yahoo.com/v8/finance/chart/ABBNY?period1=1767225600&period2=1788566400&interval=1d&events=div%2Csplits
AOSL,Alpha and Omega Semiconductor,排序,2026-07-13,2026-07-13,34.689998626708984,34.689998626708984,2026-09-04,25.200000762939453,25.200000762939453,-0.273565818375757,-0.273565818375757,2026-07-14,37.04999923706055,-0.31983802208200107,-0.27607010144288924,历史28榜见historical_rankings.csv,https://query1.finance.yahoo.com/v8/finance/chart/AOSL?period1=1767225600&period2=1788566400&interval=1d&events=div%2Csplits
AOSL,Alpha and Omega Semiconductor,公司对比,2026-07-14,2026-07-14,34.810001373291016,34.810001373291016,2026-09-04,25.200000762939453,25.200000762939453,-0.27607010144288924,-0.27607010144288924,2026-07-15,35.310001373291016,-0.28632116162982957,-0.2871286605178276,公司对比历史原文见company_comparison_historical_sources.csv,https://query1.finance.yahoo.com/v8/finance/chart/AOSL?period1=1767225600&period2=1788566400&interval=1d&events=div%2Csplits
AOSL,Alpha and Omega Semiconductor,情景决策,2026-07-15,2026-07-15,35.349998474121094,35.349998474121094,2026-09-04,25.200000762939453,25.200000762939453,-0.2871286605178276,-0.2871286605178276,2026-07-16,33.9900016784668,-0.25860548636265435,-0.17942033493316267,D:\drive\Investment\分析报告\公司情景投资决策\结果\AOSL_经营情景市场状态投资决策_2026-07-15.md,https://query1.finance.yahoo.com/v8/finance/chart/AOSL?period1=1767225600&period2=1788566400&interval=1d&events=div%2Csplits
AOSL,Alpha and Omega Semiconductor,经营评估,2026-07-12,2026-07-13,34.689998626708984,34.689998626708984,2026-09-04,25.200000762939453,25.200000762939453,-0.273565818375757,-0.273565818375757,2026-07-13,35.720001220703125,-0.29451288069011416,-0.273565818375757,D:\drive\Investment\分析报告\公司评估_淘汰\结果\AOSL_Alpha_and_Omega_Semiconductor_收入传导估值评估_2026-07-12.md,https://query1.finance.yahoo.com/v8/finance/chart/AOSL?period1=1767225600&period2=1788566400&interval=1d&events=div%2Csplits
ATKR,Atkore,排序,2026-07-13,2026-07-13,71.68000030517578,71.42758178710938,2026-09-04,93.76000213623048,93.76000213623048,0.3126582167611822,0.3080357385191079,2026-07-14,73.30000305175781,0.28364717200338796,0.2787624257100392,历史28榜见historical_rankings.csv,https://query1.finance.yahoo.com/v8/finance/chart/ATKR?period1=1767225600&period2=1788566400&interval=1d&events=div%2Csplits
ATKR,Atkore,公司对比,2026-07-14,2026-07-14,73.58000183105469,73.32089233398438,2026-09-04,93.76000213623048,93.76000213623048,0.2787624257100392,0.2742593069175321,2026-07-15,74.4800033569336,0.2633101949882295,0.27443241541400965,公司对比历史原文见company_comparison_historical_sources.csv,https://query1.finance.yahoo.com/v8/finance/chart/ATKR?period1=1767225600&period2=1788566400&interval=1d&events=div%2Csplits
ATKR,Atkore,情景决策,2026-07-15,2026-07-15,73.83000183105469,73.57000732421875,2026-09-04,93.76000213623048,93.76000213623048,0.27443241541400965,0.2699444644574389,2026-07-16,72.69000244140625,0.29441933712283985,0.2868071832787362,D:\drive\Investment\分析报告\公司情景投资决策\结果\ATKR_经营情景市场状态投资决策_2026-07-15.md,https://query1.finance.yahoo.com/v8/finance/chart/ATKR?period1=1767225600&period2=1788566400&interval=1d&events=div%2Csplits
ATKR,Atkore,经营评估,2026-07-12,2026-07-13,71.68000030517578,71.42758178710938,2026-09-04,93.76000213623048,93.76000213623048,0.3126582167611822,0.3080357385191079,2026-07-13,71.54000091552734,0.31522700830174366,0.3126582167611822,D:\drive\Investment\分析报告\公司评估_淘汰\结果\ATKR_Atkore_收入传导估值评估_2026-07-12.md,https://query1.finance.yahoo.com/v8/finance/chart/ATKR?period1=1767225600&period2=1788566400&interval=1d&events=div%2Csplits
DIOD,Diodes Incorporated,排序,2026-07-13,2026-07-13,92.29000091552734,92.29000091552734,2026-09-04,91.79000091552734,91.79000091552734,-0.0054177050063922705,-0.0054177050063922705,2026-07-14,99.27999877929688,-0.07544317038540738,-0.03510981219723108,历史28榜见historical_rankings.csv,https://query1.finance.yahoo.com/v8/finance/chart/DIOD?period1=1767225600&period2=1788566400&interval=1d&events=div%2Csplits
DIOD,Diodes Incorporated,公司对比,2026-07-14,2026-07-14,95.12999725341795,95.12999725341795,2026-09-04,91.79000091552734,91.79000091552734,-0.03510981219723108,-0.03510981219723108,2026-07-15,96.75,-0.05126614040798616,-0.05293022441535411,公司对比历史原文见company_comparison_historical_sources.csv,https://query1.finance.yahoo.com/v8/finance/chart/DIOD?period1=1767225600&period2=1788566400&interval=1d&events=div%2Csplits
DIOD,Diodes Incorporated,情景决策,2026-07-15,2026-07-15,96.91999816894533,96.91999816894533,2026-09-04,91.79000091552734,91.79000091552734,-0.05293022441535411,-0.05293022441535411,2026-07-16,93.95999908447266,-0.023094914751908613,0.02811382359485992,D:\drive\Investment\分析报告\公司情景投资决策\结果\DIOD_经营情景市场状态投资决策_2026-07-15.md,https://query1.finance.yahoo.com/v8/finance/chart/DIOD?period1=1767225600&period2=1788566400&interval=1d&events=div%2Csplits
DIOD,Diodes Incorporated,经营评估,2026-07-12,2026-07-13,92.29000091552734,92.29000091552734,2026-09-04,91.79000091552734,91.79000091552734,-0.0054177050063922705,-0.0054177050063922705,2026-07-13,93.4000015258789,-0.017237693619367556,-0.0054177050063922705,D:\drive\Investment\分析报告\公司评估_淘汰\结果\DIOD_Diodes_Incorporated_收入传导估值评估_2026-07-12.md,https://query1.finance.yahoo.com/v8/finance/chart/DIOD?period1=1767225600&period2=1788566400&interval=1d&events=div%2Csplits
HUBB,Hubbell,排序,2026-07-13,2026-07-13,477.0299987792969,475.5563354492188,2026-09-04,460.7200012207031,460.7200012207031,-0.031197847915328536,-0.034190716727104054,2026-07-14,483.7300109863281,-0.044616487715521624,-0.04493239599231358,历史28榜见historical_rankings.csv,https://query1.finance.yahoo.com/v8/finance/chart/HUBB?period1=1767225600&period2=1788566400&interval=1d&events=div%2Csplits
HUBB,Hubbell,公司对比,2026-07-14,2026-07-14,483.8900146484375,482.3951721191406,2026-09-04,460.7200012207031,460.7200012207031,-0.04493239599231358,-0.047882809577230456,2026-07-15,484.239990234375,-0.045622600440144656,-0.037031818402459504,公司对比历史原文见company_comparison_historical_sources.csv,https://query1.finance.yahoo.com/v8/finance/chart/HUBB?period1=1767225600&period2=1788566400&interval=1d&events=div%2Csplits
HUBB,Hubbell,情景决策,2026-07-15,2026-07-15,479.9200134277344,478.4374084472656,2026-09-04,460.7200012207031,460.7200012207031,-0.037031818402459504,-0.04000669209416574,2026-07-16,469.9700012207031,-0.016644288648651195,-0.04126695570517003,D:\drive\Investment\分析报告\公司情景投资决策\结果\HUBB_经营情景市场状态投资决策_2026-07-15.md,https://query1.finance.yahoo.com/v8/finance/chart/HUBB?period1=1767225600&period2=1788566400&interval=1d&events=div%2Csplits
HUBB,Hubbell,经营评估,2026-07-12,2026-07-13,477.0299987792969,475.5563354492188,2026-09-04,460.7200012207031,460.7200012207031,-0.031197847915328536,-0.034190716727104054,2026-07-13,486.5799865722656,-0.050212293600583546,-0.031197847915328536,D:\drive\Investment\分析报告\公司评估_淘汰\结果\HUBB_Hubbell_收入传导估值评估_2026-07-12.md,https://query1.finance.yahoo.com/v8/finance/chart/HUBB?period1=1767225600&period2=1788566400&interval=1d&events=div%2Csplits
LFUS,Littelfuse,排序,2026-07-13,2026-07-13,407.2200012207031,406.4347534179688,2026-09-04,419.0700073242188,419.0700073242188,0.03108802532261845,0.029099764422163776,2026-07-14,420.6600036621094,-0.0018549833047619702,0.008574593069288206,历史28榜见historical_rankings.csv,https://query1.finance.yahoo.com/v8/finance/chart/LFUS?period1=1767225600&period2=1788566400&interval=1d&events=div%2Csplits
LFUS,Littelfuse,公司对比,2026-07-14,2026-07-14,416.30999755859375,415.5072021484375,2026-09-04,419.0700073242188,419.0700073242188,0.008574593069288206,0.006629698498260561,2026-07-15,420.2099914550781,-0.0007860766143297226,0.010711026190588502,公司对比历史原文见company_comparison_historical_sources.csv,https://query1.finance.yahoo.com/v8/finance/chart/LFUS?period1=1767225600&period2=1788566400&interval=1d&events=div%2Csplits
LFUS,Littelfuse,情景决策,2026-07-15,2026-07-15,415.4299926757813,414.62890625,2026-09-04,419.0700073242188,419.0700073242188,0.010711026190588502,0.008762041048101077,2026-07-16,405.3200073242188,0.035921409862084364,0.04445079284818876,D:\drive\Investment\分析报告\公司情景投资决策\结果\LFUS_经营情景市场状态投资决策_2026-07-15.md,https://query1.finance.yahoo.com/v8/finance/chart/LFUS?period1=1767225600&period2=1788566400&interval=1d&events=div%2Csplits
LFUS,Littelfuse,经营评估,2026-07-12,2026-07-13,407.2200012207031,406.4347534179688,2026-09-04,419.0700073242188,419.0700073242188,0.03108802532261845,0.029099764422163776,2026-07-13,410.8900146484375,0.02187848806640691,0.03108802532261845,D:\drive\Investment\分析报告\公司评估_淘汰\结果\LFUS_Littelfuse_收入传导估值评估_2026-07-12.md,https://query1.finance.yahoo.com/v8/finance/chart/LFUS?period1=1767225600&period2=1788566400&interval=1d&events=div%2Csplits
MIELY,三菱电机 Mitsubishi Electric,排序,2026-07-13,2026-07-13,69.75,69.75,2026-09-04,67.75,67.75,-0.028673835125448077,-0.028673835125448077,2026-07-14,69.66999816894531,-0.027558464466863275,-0.025039544067632313,历史28榜见historical_rankings.csv,https://query1.finance.yahoo.com/v8/finance/chart/MIELY?period1=1767225600&period2=1788566400&interval=1d&events=div%2Csplits
MIELY,三菱电机 Mitsubishi Electric,公司对比,2026-07-14,2026-07-14,69.48999786376953,69.48999786376953,2026-09-04,67.75,67.75,-0.025039544067632313,-0.025039544067632313,2026-07-15,70.37000274658203,-0.037231812481480775,-0.036547208560545275,公司对比历史原文见company_comparison_historical_sources.csv,https://query1.finance.yahoo.com/v8/finance/chart/MIELY?period1=1767225600&period2=1788566400&interval=1d&events=div%2Csplits
MIELY,三菱电机 Mitsubishi Electric,情景决策,2026-07-15,2026-07-15,70.31999969482422,70.31999969482422,2026-09-04,67.75,67.75,-0.036547208560545275,-0.036547208560545275,2026-07-16,69.26000213623047,-0.02180193603315783,-0.019962350763000236,D:\drive\Investment\分析报告\公司情景投资决策\结果\MIELY_经营情景市场状态投资决策_2026-07-15.md,https://query1.finance.yahoo.com/v8/finance/chart/MIELY?period1=1767225600&period2=1788566400&interval=1d&events=div%2Csplits
MIELY,三菱电机 Mitsubishi Electric,经营评估,2026-07-12,2026-07-13,69.75,69.75,2026-09-04,67.75,67.75,-0.028673835125448077,-0.028673835125448077,2026-07-13,70.69000244140625,-0.04159007412460014,-0.028673835125448077,D:\drive\Investment\分析报告\公司评估_淘汰\结果\MIELY_三菱电机_Mitsubishi_Electric_收入传导估值评估_2026-07-12.md,https://query1.finance.yahoo.com/v8/finance/chart/MIELY?period1=1767225600&period2=1788566400&interval=1d&events=div%2Csplits
MPWR,Monolithic Power Systems,排序,2026-07-13,2026-07-13,1291.3800048828125,1291.3800048828125,2026-09-04,1223.8599853515625,1223.8599853515625,-0.05228516724430554,-0.05228516724430554,2026-07-14,1367.6800537109375,-0.10515622273582692,-0.11083183429350818,历史28榜见historical_rankings.csv,https://query1.finance.yahoo.com/v8/finance/chart/MPWR?period1=1767225600&period2=1788566400&interval=1d&events=div%2Csplits
MPWR,Monolithic Power Systems,公司对比,2026-07-14,2026-07-14,1376.4100341796875,1376.4100341796875,2026-09-04,1223.8599853515625,1223.8599853515625,-0.11083183429350818,-0.11083183429350818,2026-07-15,1406.0400390625,-0.1295696058786555,-0.09521982284797448,公司对比历史原文见company_comparison_historical_sources.csv,https://query1.finance.yahoo.com/v8/finance/chart/MPWR?period1=1767225600&period2=1788566400&interval=1d&events=div%2Csplits
MPWR,Monolithic Power Systems,情景决策,2026-07-15,2026-07-15,1352.6600341796875,1352.6600341796875,2026-09-04,1223.8599853515625,1223.8599853515625,-0.09521982284797448,-0.09521982284797448,2026-07-16,1318.030029296875,-0.07144757088391152,-0.0626431566906338,D:\drive\Investment\分析报告\公司情景投资决策\结果\MPWR_经营情景市场状态投资决策_2026-07-15.md,https://query1.finance.yahoo.com/v8/finance/chart/MPWR?period1=1767225600&period2=1788566400&interval=1d&events=div%2Csplits
MPWR,Monolithic Power Systems,经营评估,2026-07-12,2026-07-13,1291.3800048828125,1291.3800048828125,2026-09-04,1223.8599853515625,1223.8599853515625,-0.05228516724430554,-0.05228516724430554,2026-07-13,1307.1700439453125,-0.06373314549215248,-0.05228516724430554,D:\drive\Investment\分析报告\公司评估_淘汰\结果\MPWR_Monolithic_Power_Systems_收入传导估值评估_2026-07-12.md,https://query1.finance.yahoo.com/v8/finance/chart/MPWR?period1=1767225600&period2=1788566400&interval=1d&events=div%2Csplits
POWI,Power Integrations,排序,2026-07-13,2026-07-13,69.44000244140625,69.15016174316406,2026-09-04,50.45000076293945,50.45000076293945,-0.2704283042703547,-0.27347351686069765,2026-07-14,72.7300033569336,-0.30343108597595814,-0.2840381864634721,历史28榜见historical_rankings.csv,https://query1.finance.yahoo.com/v8/finance/chart/POWI?period1=1767225600&period2=1788566400&interval=1d&events=div%2Csplits
POWI,Power Integrations,公司对比,2026-07-14,2026-07-14,70.76000213623047,70.46465301513672,2026-09-04,50.45000076293945,50.45000076293945,-0.2840381864634721,-0.2870265794253263,2026-07-15,71.81999969482422,-0.2946051467756311,-0.2866592433407168,公司对比历史原文见company_comparison_historical_sources.csv,https://query1.finance.yahoo.com/v8/finance/chart/POWI?period1=1767225600&period2=1788566400&interval=1d&events=div%2Csplits
POWI,Power Integrations,情景决策,2026-07-15,2026-07-15,71.0199966430664,70.72356414794922,2026-09-04,50.45000076293945,50.45000076293945,-0.2866592433407168,-0.28963667773047097,2026-07-16,68.63999938964844,-0.2619251725902847,-0.2746068390694899,D:\drive\Investment\分析报告\公司情景投资决策\结果\POWI_经营情景市场状态投资决策_2026-07-15.md,https://query1.finance.yahoo.com/v8/finance/chart/POWI?period1=1767225600&period2=1788566400&interval=1d&events=div%2Csplits
POWI,Power Integrations,经营评估,2026-07-12,2026-07-13,69.44000244140625,69.15016174316406,2026-09-04,50.45000076293945,50.45000076293945,-0.2704283042703547,-0.27347351686069765,2026-07-13,69.87999725341797,-0.27502200452405545,-0.2704283042703547,D:\drive\Investment\分析报告\公司评估_淘汰\结果\POWI_Power_Integrations_收入传导估值评估_2026-07-12.md,https://query1.finance.yahoo.com/v8/finance/chart/POWI?period1=1767225600&period2=1788566400&interval=1d&events=div%2Csplits
POWL,Powell Industries,排序,2026-07-13,2026-07-13,225.66000366210935,225.5602264404297,2026-09-04,181.1699981689453,181.1699981689453,-0.19679989230374273,-0.19715503310804194,2026-07-14,234.3000030517578,-0.22641853223881026,-0.22625340338429,历史28榜见historical_rankings.csv,https://query1.finance.yahoo.com/v8/finance/chart/POWL?period1=1767225600&period2=1788566400&interval=1d&events=div%2Csplits
POWL,Powell Industries,公司对比,2026-07-14,2026-07-14,234.25,234.14642333984372,2026-09-04,181.1699981689453,181.1699981689453,-0.22625340338429,-0.22659552542606054,2026-07-15,242.17999267578125,-0.25158911348648605,-0.26622344421249045,公司对比历史原文见company_comparison_historical_sources.csv,https://query1.finance.yahoo.com/v8/finance/chart/POWL?period1=1767225600&period2=1788566400&interval=1d&events=div%2Csplits
POWL,Powell Industries,情景决策,2026-07-15,2026-07-15,247.00999450683597,246.90077209472656,2026-09-04,181.1699981689453,181.1699981689453,-0.26622344421249045,-0.2665479041418648,2026-07-16,240.83999633789065,-0.24742511345393148,-0.2313069337942798,D:\drive\Investment\分析报告\公司情景投资决策\结果\备份\POWL_2026-08-19T12_34_41-07_00-adcdceb9eb\POWL_经营情景市场状态投资决策_2026-07-15.md,https://query1.finance.yahoo.com/v8/finance/chart/POWL?period1=1767225600&period2=1788566400&interval=1d&events=div%2Csplits
POWL,Powell Industries,经营评估,2026-07-12,2026-07-13,225.66000366210935,225.5602264404297,2026-09-04,181.1699981689453,181.1699981689453,-0.19679989230374273,-0.19715503310804194,2026-07-13,225.94000244140625,-0.1977952673911817,-0.19679989230374273,D:\drive\Investment\分析报告\公司评估_淘汰\备份\POWL_2026-08-19T11_52_21-07_00-e98452d284\POWL_Powell_Industries_收入传导估值评估_2026-07-12.md,https://query1.finance.yahoo.com/v8/finance/chart/POWL?period1=1767225600&period2=1788566400&interval=1d&events=div%2Csplits
ST,Sensata Technologies,排序,2026-07-13,2026-07-13,44.400001525878906,44.28475189208984,2026-09-04,43.08000183105469,43.08000183105469,-0.027204624832737112,-0.02972972183469058,2026-07-14,45.47999954223633,-0.05030524154641769,-0.03308442018785618,历史28榜见historical_rankings.csv,https://query1.finance.yahoo.com/v8/finance/chart/ST?period1=1767225600&period2=1788566400&interval=1d&events=div%2Csplits
ST,Sensata Technologies,公司对比,2026-07-14,2026-07-14,44.66999816894531,44.554046630859375,2026-09-04,43.08000183105469,43.08000183105469,-0.03308442018785618,-0.0355942781075822,2026-07-15,45.09999847412109,-0.04230338832578506,-0.03265141659302939,公司对比历史原文见company_comparison_historical_sources.csv,https://query1.finance.yahoo.com/v8/finance/chart/ST?period1=1767225600&period2=1788566400&interval=1d&events=div%2Csplits
ST,Sensata Technologies,情景决策,2026-07-15,2026-07-15,44.650001525878906,44.53410339355469,2026-09-04,43.08000183105469,43.08000183105469,-0.03265141659302939,-0.0351623659836664,2026-07-16,44.36000061035156,-0.026327424126623478,-0.028298867971283892,D:\drive\Investment\分析报告\公司情景投资决策\结果\ST_经营情景市场状态投资决策_2026-07-15.md,https://query1.finance.yahoo.com/v8/finance/chart/ST?period1=1767225600&period2=1788566400&interval=1d&events=div%2Csplits
ST,Sensata Technologies,经营评估,2026-07-12,2026-07-13,44.400001525878906,44.28475189208984,2026-09-04,43.08000183105469,43.08000183105469,-0.027204624832737112,-0.02972972183469058,2026-07-13,44.97999954223633,-0.03974840859576012,-0.027204624832737112,D:\drive\Investment\分析报告\公司评估_淘汰\结果\ST_Sensata_Technologies_收入传导估值评估_2026-07-12.md,https://query1.finance.yahoo.com/v8/finance/chart/ST?period1=1767225600&period2=1788566400&interval=1d&events=div%2Csplits
VICR,Vicor Corporation,排序,2026-07-13,2026-07-13,252.16000366210935,252.16000366210935,2026-09-04,188.5500030517578,188.5500030517578,-0.25226046830007187,-0.25226046830007187,2026-07-14,268.4100036621094,-0.29752989650446904,-0.28714554611811793,历史28榜见historical_rankings.csv,https://query1.finance.yahoo.com/v8/finance/chart/VICR?period1=1767225600&period2=1788566400&interval=1d&events=div%2Csplits
VICR,Vicor Corporation,公司对比,2026-07-14,2026-07-14,264.5,264.5,2026-09-04,188.5500030517578,188.5500030517578,-0.28714554611811793,-0.28714554611811793,2026-07-15,272.1499938964844,-0.3071835117384748,-0.2753651260333695,公司对比历史原文见company_comparison_historical_sources.csv,https://query1.finance.yahoo.com/v8/finance/chart/VICR?period1=1767225600&period2=1788566400&interval=1d&events=div%2Csplits
VICR,Vicor Corporation,情景决策,2026-07-15,2026-07-15,260.20001220703125,260.20001220703125,2026-09-04,188.5500030517578,188.5500030517578,-0.2753651260333695,-0.2753651260333695,2026-07-16,247.6199951171875,-0.23855097823370242,-0.1816761422899772,D:\drive\Investment\分析报告\公司情景投资决策\结果\VICR_经营情景市场状态投资决策_2026-07-15.md,https://query1.finance.yahoo.com/v8/finance/chart/VICR?period1=1767225600&period2=1788566400&interval=1d&events=div%2Csplits
VICR,Vicor Corporation,经营评估,2026-07-12,2026-07-13,252.16000366210935,252.16000366210935,2026-09-04,188.5500030517578,188.5500030517578,-0.25226046830007187,-0.25226046830007187,2026-07-13,261.19000244140625,-0.2781117145015688,-0.25226046830007187,D:\drive\Investment\分析报告\公司评估_淘汰\结果\VICR_Vicor_Corporation_收入传导估值评估_2026-07-12.md,https://query1.finance.yahoo.com/v8/finance/chart/VICR?period1=1767225600&period2=1788566400&interval=1d&events=div%2Csplits
VSH,Vishay Intertechnology,排序,2026-07-13,2026-07-13,41.93999862670898,41.93999862670898,2026-09-04,31.799999237060547,31.799999237060547,-0.24177395616772612,-0.24177395616772612,2026-07-14,44.209999084472656,-0.28070572504876445,-0.2381409209797466,历史28榜见historical_rankings.csv,https://query1.finance.yahoo.com/v8/finance/chart/VSH?period1=1767225600&period2=1788566400&interval=1d&events=div%2Csplits
VSH,Vishay Intertechnology,公司对比,2026-07-14,2026-07-14,41.7400016784668,41.7400016784668,2026-09-04,31.799999237060547,31.799999237060547,-0.2381409209797466,-0.2381409209797466,2026-07-15,42.060001373291016,-0.24393727535029952,-0.21384428585237736,公司对比历史原文见company_comparison_historical_sources.csv,https://query1.finance.yahoo.com/v8/finance/chart/VSH?period1=1767225600&period2=1788566400&interval=1d&events=div%2Csplits
VSH,Vishay Intertechnology,情景决策,2026-07-15,2026-07-15,40.45000076293945,40.45000076293945,2026-09-04,31.799999237060547,31.799999237060547,-0.21384428585237736,-0.21384428585237736,2026-07-16,39.09999847412109,-0.18670075503691264,-0.1273325895859806,D:\drive\Investment\分析报告\公司情景投资决策\结果\VSH_经营情景市场状态投资决策_2026-07-15.md,https://query1.finance.yahoo.com/v8/finance/chart/VSH?period1=1767225600&period2=1788566400&interval=1d&events=div%2Csplits
VSH,Vishay Intertechnology,经营评估,2026-07-12,2026-07-13,41.93999862670898,41.93999862670898,2026-09-04,31.799999237060547,31.799999237060547,-0.24177395616772612,-0.24177395616772612,2026-07-13,42.0,-0.24285716102236798,-0.24177395616772612,D:\drive\Investment\分析报告\公司评估_淘汰\结果\VSH_Vishay_Intertechnology_收入传导估值评估_2026-07-12.md,https://query1.finance.yahoo.com/v8/finance/chart/VSH?period1=1767225600&period2=1788566400&interval=1d&events=div%2Csplits
WOLF,Wolfspeed,排序,2026-07-13,2026-07-13,33.650001525878906,33.650001525878906,2026-09-04,28.350000381469727,28.350000381469727,-0.15750374157734148,-0.15750374157734148,2026-07-14,35.900001525878906,-0.21030642962415136,-0.17371031050033459,历史28榜见historical_rankings.csv,https://query1.finance.yahoo.com/v8/finance/chart/WOLF?period1=1767225600&period2=1788566400&interval=1d&events=div%2Csplits
WOLF,Wolfspeed,公司对比,2026-07-14,2026-07-14,34.310001373291016,34.310001373291016,2026-09-04,28.350000381469727,28.350000381469727,-0.17371031050033459,-0.17371031050033459,2026-07-15,35.5,-0.20140843995859925,-0.19230764632733754,公司对比历史原文见company_comparison_historical_sources.csv,https://query1.finance.yahoo.com/v8/finance/chart/WOLF?period1=1767225600&period2=1788566400&interval=1d&events=div%2Csplits
WOLF,Wolfspeed,情景决策,2026-07-15,2026-07-15,35.099998474121094,35.099998474121094,2026-09-04,28.350000381469727,28.350000381469727,-0.19230764632733754,-0.19230764632733754,2026-07-16,34.0099983215332,-0.16642158833862353,-0.09076330647874575,D:\drive\Investment\分析报告\公司情景投资决策\结果\WOLF_经营情景市场状态投资决策_2026-07-15.md,https://query1.finance.yahoo.com/v8/finance/chart/WOLF?period1=1767225600&period2=1788566400&interval=1d&events=div%2Csplits
WOLF,Wolfspeed,经营评估,2026-07-12,2026-07-13,33.650001525878906,33.650001525878906,2026-09-04,28.350000381469727,28.350000381469727,-0.15750374157734148,-0.15750374157734148,2026-07-13,34.0,-0.16617645936853742,-0.15750374157734148,D:\drive\Investment\分析报告\公司评估_淘汰\结果\WOLF_Wolfspeed_收入传导估值评估_2026-07-12.md,https://query1.finance.yahoo.com/v8/finance/chart/WOLF?period1=1767225600&period2=1788566400&interval=1d&events=div%2Csplits
ETN,Eaton Corporation,排序,2026-07-13,2026-07-13,402.8500061035156,401.86126708984375,2026-09-04,410.8500061035156,410.8500061035156,0.022367766564729052,0.019858507828703686,2026-07-14,411.3999938964844,0.0011202426276983868,-0.008806140266983453,历史28榜见historical_rankings.csv,https://query1.finance.yahoo.com/v8/finance/chart/ETN?period1=1767225600&period2=1788566400&interval=1d&events=div%2Csplits
ETN,Eaton Corporation,公司对比,2026-07-14,2026-07-14,415.5199890136719,414.5001525878906,2026-09-04,410.8500061035156,410.8500061035156,-0.008806140266983453,-0.011238888702421956,2026-07-15,419.0,-0.017038521344853952,-0.00242001121568014,公司对比历史原文见company_comparison_historical_sources.csv,https://query1.finance.yahoo.com/v8/finance/chart/ETN?period1=1767225600&period2=1788566400&interval=1d&events=div%2Csplits
ETN,Eaton Corporation,情景决策,2026-07-15,2026-07-15,412.8599853515625,411.8466796875,2026-09-04,410.8500061035156,410.8500061035156,-0.00242001121568014,-0.00486842832766976,2026-07-16,401.7900085449219,0.025064980271403137,0.039344080048760555,D:\drive\Investment\分析报告\公司情景投资决策\结果\ETN_经营情景市场状态投资决策_2026-07-15.md,https://query1.finance.yahoo.com/v8/finance/chart/ETN?period1=1767225600&period2=1788566400&interval=1d&events=div%2Csplits
ETN,Eaton Corporation,经营评估,2026-07-12,2026-07-13,402.8500061035156,401.86126708984375,2026-09-04,410.8500061035156,410.8500061035156,0.022367766564729052,0.019858507828703686,2026-07-13,403.1099853515625,0.021708407052840384,0.022367766564729052,D:\drive\Investment\分析报告\公司评估_淘汰\结果\ETN_Eaton_Corporation_收入传导估值评估_2026-07-12.md,https://query1.finance.yahoo.com/v8/finance/chart/ETN?period1=1767225600&period2=1788566400&interval=1d&events=div%2Csplits
IFNNY,Infineon Technologies AG 英飞凌科技,排序,2026-07-13,2026-07-13,79.01000213623047,79.01000213623047,2026-09-04,66.2300033569336,66.2300033569336,-0.16175165717957296,-0.16175165717957296,2026-07-14,82.16000366210938,-0.19388996586087537,-0.18194164888971864,历史28榜见historical_rankings.csv,https://query1.finance.yahoo.com/v8/finance/chart/IFNNY?period1=1767225600&period2=1788566400&interval=1d&events=div%2Csplits
IFNNY,Infineon Technologies AG 英飞凌科技,公司对比,2026-07-14,2026-07-14,80.95999908447266,80.95999908447266,2026-09-04,66.2300033569336,66.2300033569336,-0.18194164888971864,-0.18194164888971864,2026-07-15,79.25,-0.1642901784614058,-0.1449779997452929,公司对比历史原文见company_comparison_historical_sources.csv,https://query1.finance.yahoo.com/v8/finance/chart/IFNNY?period1=1767225600&period2=1788566400&interval=1d&events=div%2Csplits
IFNNY,Infineon Technologies AG 英飞凌科技,情景决策,2026-07-15,2026-07-15,77.45999908447266,77.45999908447266,2026-09-04,66.2300033569336,66.2300033569336,-0.1449779997452929,-0.1449779997452929,2026-07-16,73.7300033569336,-0.10172249638579056,-0.09571265307619092,D:\drive\Investment\分析报告\公司情景投资决策\结果\IFNNY_经营情景市场状态投资决策_2026-07-15.md,https://query1.finance.yahoo.com/v8/finance/chart/IFNNY?period1=1767225600&period2=1788566400&interval=1d&events=div%2Csplits
IFNNY,Infineon Technologies AG 英飞凌科技,经营评估,2026-07-12,2026-07-13,79.01000213623047,79.01000213623047,2026-09-04,66.2300033569336,66.2300033569336,-0.16175165717957296,-0.16175165717957296,2026-07-13,80.55000305175781,-0.1777777672537496,-0.16175165717957296,D:\drive\Investment\分析报告\公司评估_淘汰\结果\IFNNY_Infineon_Technologies_AG_英飞凌科技_收入传导估值评估_2026-07-12.md,https://query1.finance.yahoo.com/v8/finance/chart/IFNNY?period1=1767225600&period2=1788566400&interval=1d&events=div%2Csplits
NVT,nVent Electric,排序,2026-07-13,2026-07-13,158.02000427246094,157.81100463867188,2026-09-04,156.02999877929688,156.02999877929688,-0.011285688621353374,-0.012593377036826725,2026-07-14,163.0,-0.041493090499424734,-0.03426488176863873,历史28榜见historical_rankings.csv,https://query1.finance.yahoo.com/v8/finance/chart/NVT?period1=1767225600&period2=1788566400&interval=1d&events=div%2Csplits
NVT,nVent Electric,公司对比,2026-07-14,2026-07-14,161.77999877929688,161.5660400390625,2026-09-04,156.02999877929688,156.02999877929688,-0.03426488176863873,-0.03554209447018386,2026-07-15,163.2899932861328,-0.043195334134479735,-0.02021434286234436,公司对比历史原文见company_comparison_historical_sources.csv,https://query1.finance.yahoo.com/v8/finance/chart/NVT?period1=1767225600&period2=1788566400&interval=1d&events=div%2Csplits
NVT,nVent Electric,情景决策,2026-07-15,2026-07-15,159.4600067138672,159.24911499023438,2026-09-04,156.02999877929688,156.02999877929688,-0.02021434286234436,-0.021510145429286642,2026-07-16,154.41000366210938,0.01182975652059759,0.016834641171772358,D:\drive\Investment\分析报告\公司情景投资决策\结果\备份\NVT_2026-08-19T12_34_43-07_00-9913595e14\NVT_经营情景市场状态投资决策_2026-07-15.md,https://query1.finance.yahoo.com/v8/finance/chart/NVT?period1=1767225600&period2=1788566400&interval=1d&events=div%2Csplits
NVT,nVent Electric,经营评估,2026-07-12,2026-07-13,158.02000427246094,157.81100463867188,2026-09-04,156.02999877929688,156.02999877929688,-0.011285688621353374,-0.012593377036826725,2026-07-13,158.30999755859375,-0.013096821946000814,-0.011285688621353374,D:\drive\Investment\分析报告\公司评估_淘汰\备份\NVT_2026-08-19T11_52_23-07_00-dc009f5342\NVT_nVent_Electric_收入传导估值评估_2026-07-12.md,https://query1.finance.yahoo.com/v8/finance/chart/NVT?period1=1767225600&period2=1788566400&interval=1d&events=div%2Csplits
NVTS,Navitas Semiconductor,排序,2026-07-13,2026-07-13,12.869999885559082,12.869999885559082,2026-09-04,11.800000190734863,11.800000190734863,-0.08313906016617945,-0.08313906016617945,2026-07-14,13.675000190734863,-0.13711151545506794,-0.09854850625024592,历史28榜见historical_rankings.csv,https://query1.finance.yahoo.com/v8/finance/chart/NVTS?period1=1767225600&period2=1788566400&interval=1d&events=div%2Csplits
NVTS,Navitas Semiconductor,公司对比,2026-07-14,2026-07-14,13.09000015258789,13.09000015258789,2026-09-04,11.800000190734863,11.800000190734863,-0.09854850625024592,-0.09854850625024592,2026-07-15,13.170000076293944,-0.10402428835403621,-0.11077620318910986,公司对比历史原文见company_comparison_historical_sources.csv,https://query1.finance.yahoo.com/v8/finance/chart/NVTS?period1=1767225600&period2=1788566400&interval=1d&events=div%2Csplits
NVTS,Navitas Semiconductor,情景决策,2026-07-15,2026-07-15,13.270000457763672,13.270000457763672,2026-09-04,11.800000190734863,11.800000190734863,-0.11077620318910986,-0.11077620318910986,2026-07-16,12.652000427246094,-0.06734114825640125,0.003828164683610913,D:\drive\Investment\分析报告\公司情景投资决策\结果\NVTS_经营情景市场状态投资决策_2026-07-15.md,https://query1.finance.yahoo.com/v8/finance/chart/NVTS?period1=1767225600&period2=1788566400&interval=1d&events=div%2Csplits
NVTS,Navitas Semiconductor,经营评估,2026-07-12,2026-07-13,12.869999885559082,12.869999885559082,2026-09-04,11.800000190734863,11.800000190734863,-0.08313906016617945,-0.08313906016617945,2026-07-13,13.010000228881836,-0.09300538177246198,-0.08313906016617945,D:\drive\Investment\分析报告\公司评估_淘汰\结果\NVTS_Navitas_Semiconductor_收入传导估值评估_2026-07-12.md,https://query1.finance.yahoo.com/v8/finance/chart/NVTS?period1=1767225600&period2=1788566400&interval=1d&events=div%2Csplits
MRAAY,Murata Manufacturing,排序,2026-07-13,2026-07-13,27.700000762939453,27.700000762939453,2026-09-04,23.290000915527344,23.290000915527344,-0.15920576627970218,-0.15920576627970218,2026-07-14,28.270000457763672,-0.1761584528332999,-0.17557518883089052,历史28榜见historical_rankings.csv,https://query1.finance.yahoo.com/v8/finance/chart/MRAAY?period1=1767225600&period2=1788566400&interval=1d&events=div%2Csplits
MRAAY,Murata Manufacturing,公司对比,2026-07-14,2026-07-14,28.25,28.25,2026-09-04,23.290000915527344,23.290000915527344,-0.17557518883089052,-0.17557518883089052,2026-07-15,27.82999992370605,-0.16313327418702084,-0.15154825981019904,公司对比历史原文见company_comparison_historical_sources.csv,https://query1.finance.yahoo.com/v8/finance/chart/MRAAY?period1=1767225600&period2=1788566400&interval=1d&events=div%2Csplits
MRAAY,Murata Manufacturing,情景决策,2026-07-15,2026-07-15,27.450000762939453,27.450000762939453,2026-09-04,23.290000915527344,23.290000915527344,-0.15154825981019904,-0.15154825981019904,2026-07-16,25.290000915527344,-0.07908263849733821,-0.057466540734824045,D:\drive\Investment\分析报告\公司情景投资决策\结果\MRAAY_经营情景市场状态投资决策_2026-07-15.md,https://query1.finance.yahoo.com/v8/finance/chart/MRAAY?period1=1767225600&period2=1788566400&interval=1d&events=div%2Csplits
MRAAY,Murata Manufacturing,经营评估,2026-07-12,2026-07-13,27.700000762939453,27.700000762939453,2026-09-04,23.290000915527344,23.290000915527344,-0.15920576627970218,-0.15920576627970218,2026-07-13,27.799999237060547,-0.16223015990305734,-0.15920576627970218,D:\drive\Investment\分析报告\公司评估_淘汰\结果\MRAAY_Murata_Manufacturing_收入传导估值评估_2026-07-12.md,https://query1.finance.yahoo.com/v8/finance/chart/MRAAY?period1=1767225600&period2=1788566400&interval=1d&events=div%2Csplits
TTDKY,TDK Corporation,排序,2026-07-13,2026-07-13,19.770000457763672,19.770000457763672,2026-09-04,18.81999969482422,18.81999969482422,-0.04805264243513907,-0.04805264243513907,2026-07-14,20.15999984741211,-0.06646826204018563,-0.06040943336702065,历史28榜见historical_rankings.csv,https://query1.finance.yahoo.com/v8/finance/chart/TTDKY?period1=1767225600&period2=1788566400&interval=1d&events=div%2Csplits
TTDKY,TDK Corporation,公司对比,2026-07-14,2026-07-14,20.030000686645508,20.030000686645508,2026-09-04,18.81999969482422,18.81999969482422,-0.06040943336702065,-0.06040943336702065,2026-07-15,19.979999542236328,-0.058058051751200046,-0.03930579131016254,公司对比历史原文见company_comparison_historical_sources.csv,https://query1.finance.yahoo.com/v8/finance/chart/TTDKY?period1=1767225600&period2=1788566400&interval=1d&events=div%2Csplits
TTDKY,TDK Corporation,情景决策,2026-07-15,2026-07-15,19.59000015258789,19.59000015258789,2026-09-04,18.81999969482422,18.81999969482422,-0.03930579131016254,-0.03930579131016254,2026-07-16,18.770000457763672,0.0026637845413512995,0.010198633527463752,D:\drive\Investment\分析报告\公司情景投资决策\结果\TTDKY_经营情景市场状态投资决策_2026-07-15.md,https://query1.finance.yahoo.com/v8/finance/chart/TTDKY?period1=1767225600&period2=1788566400&interval=1d&events=div%2Csplits
TTDKY,TDK Corporation,经营评估,2026-07-12,2026-07-13,19.770000457763672,19.770000457763672,2026-09-04,18.81999969482422,18.81999969482422,-0.04805264243513907,-0.04805264243513907,2026-07-13,19.799999237060547,-0.04949492828272528,-0.04805264243513907,D:\drive\Investment\分析报告\公司评估_淘汰\结果\TTDKY_TDK_Corporation_收入传导估值评估_2026-07-12.md,https://query1.finance.yahoo.com/v8/finance/chart/TTDKY?period1=1767225600&period2=1788566400&interval=1d&events=div%2Csplits
ADBE,Adobe,排序,2026-07-13,2026-07-13,230.6100006103516,230.6100006103516,2026-09-04,266.510009765625,266.510009765625,0.1556741210713215,0.1556741210713215,2026-07-14,221.16000366210935,0.205055187884704,0.20712931986217753,历史28榜见historical_rankings.csv,https://query1.finance.yahoo.com/v8/finance/chart/ADBE?period1=1767225600&period2=1788566400&interval=1d&events=div%2Csplits
ADBE,Adobe,公司对比,2026-07-14,2026-07-14,220.77999877929688,220.77999877929688,2026-09-04,266.510009765625,266.510009765625,0.20712931986217753,0.20712931986217753,2026-07-15,223.16000366210935,0.19425526703769314,0.18680981770177207,公司对比历史原文见company_comparison_historical_sources.csv,https://query1.finance.yahoo.com/v8/finance/chart/ADBE?period1=1767225600&period2=1788566400&interval=1d&events=div%2Csplits
ADBE,Adobe,情景决策,2026-07-15,2026-07-15,224.55999755859372,224.55999755859372,2026-09-04,266.510009765625,266.510009765625,0.18680981770177207,0.18680981770177207,2026-07-16,228.7100067138672,0.16527481064284322,0.13259110335616864,D:\drive\Investment\分析报告\公司情景投资决策\结果\ADBE_经营情景市场状态投资决策_2026-07-15.md,https://query1.finance.yahoo.com/v8/finance/chart/ADBE?period1=1767225600&period2=1788566400&interval=1d&events=div%2Csplits
ADBE,Adobe,经营评估,2026-07-12,2026-07-13,230.6100006103516,230.6100006103516,2026-09-04,266.510009765625,266.510009765625,0.1556741210713215,0.1556741210713215,2026-07-13,226.75,0.17534734185501644,0.1556741210713215,D:\drive\Investment\分析报告\公司评估_淘汰\结果\ADBE_Adobe_收入传导估值评估_2026-07-12.md,https://query1.finance.yahoo.com/v8/finance/chart/ADBE?period1=1767225600&period2=1788566400&interval=1d&events=div%2Csplits
AMZN,Amazon,排序,2026-07-13,2026-07-13,247.30999755859372,247.30999755859372,2026-09-04,258.510009765625,258.510009765625,0.045287341060191943,0.045287341060191943,2026-07-14,245.5500030517578,0.05277950133494991,0.04452706787290972,历史28榜见historical_rankings.csv,https://query1.finance.yahoo.com/v8/finance/chart/AMZN?period1=1767225600&period2=1788566400&interval=1d&events=div%2Csplits
AMZN,Amazon,公司对比,2026-07-14,2026-07-14,247.4900054931641,247.4900054931641,2026-09-04,258.510009765625,258.510009765625,0.04452706787290972,0.04452706787290972,2026-07-15,249.75,0.03507511417667675,0.013923764348429124,公司对比历史原文见company_comparison_historical_sources.csv,https://query1.finance.yahoo.com/v8/finance/chart/AMZN?period1=1767225600&period2=1788566400&interval=1d&events=div%2Csplits
AMZN,Amazon,情景决策,2026-07-15,2026-07-15,254.9600067138672,254.9600067138672,2026-09-04,258.510009765625,258.510009765625,0.013923764348429124,0.013923764348429124,2026-07-16,255.1199951171875,0.013287922206490776,0.03449521948469636,D:\drive\Investment\分析报告\公司情景投资决策\结果\AMZN_经营情景市场状态投资决策_2026-07-15.md,https://query1.finance.yahoo.com/v8/finance/chart/AMZN?period1=1767225600&period2=1788566400&interval=1d&events=div%2Csplits
AMZN,Amazon,经营评估,2026-07-12,2026-07-13,247.30999755859372,247.30999755859372,2026-09-04,258.510009765625,258.510009765625,0.045287341060191943,0.045287341060191943,2026-07-13,244.67999267578125,0.05652287683435375,0.045287341060191943,D:\drive\Investment\分析报告\公司评估_淘汰\结果\AMZN_Amazon_收入传导估值评估_2026-07-12.md,https://query1.finance.yahoo.com/v8/finance/chart/AMZN?period1=1767225600&period2=1788566400&interval=1d&events=div%2Csplits
APLD,Applied Digital,排序,2026-07-13,2026-07-13,28.84000015258789,28.84000015258789,2026-09-04,26.3700008392334,26.3700008392334,-0.08564491332476132,-0.08564491332476132,2026-07-14,29.655000686645508,-0.11077389213790978,-0.07376180276674749,历史28榜见historical_rankings.csv,https://query1.finance.yahoo.com/v8/finance/chart/APLD?period1=1767225600&period2=1788566400&interval=1d&events=div%2Csplits
APLD,Applied Digital,公司对比,2026-07-14,2026-07-14,28.46999931335449,28.46999931335449,2026-09-04,26.3700008392334,26.3700008392334,-0.07376180276674749,-0.07376180276674749,2026-07-15,28.549999237060547,-0.07635721387331273,-0.09162934152584334,公司对比历史原文见company_comparison_historical_sources.csv,https://query1.finance.yahoo.com/v8/finance/chart/APLD?period1=1767225600&period2=1788566400&interval=1d&events=div%2Csplits
APLD,Applied Digital,情景决策,2026-07-15,2026-07-15,29.030000686645508,29.030000686645508,2026-09-04,26.3700008392334,26.3700008392334,-0.09162934152584334,-0.09162934152584334,2026-07-16,27.924999237060547,-0.05568481433522976,-0.002647492186471423,D:\drive\Investment\分析报告\公司情景投资决策\结果\APLD_经营情景市场状态投资决策_2026-07-15.md,https://query1.finance.yahoo.com/v8/finance/chart/APLD?period1=1767225600&period2=1788566400&interval=1d&events=div%2Csplits
APLD,Applied Digital,经营评估,2026-07-12,2026-07-13,28.84000015258789,28.84000015258789,2026-09-04,26.3700008392334,26.3700008392334,-0.08564491332476132,-0.08564491332476132,2026-07-13,30.28199958801269,-0.1291856152830767,-0.08564491332476132,D:\drive\Investment\分析报告\公司评估_淘汰\结果\APLD_Applied_Digital_收入传导估值评估_2026-07-12.md,https://query1.finance.yahoo.com/v8/finance/chart/APLD?period1=1767225600&period2=1788566400&interval=1d&events=div%2Csplits
CRWD,CrowdStrike,排序,2026-07-13,2026-07-13,187.91000366210935,187.91000366210935,2026-09-04,213.1000061035156,213.1000061035156,0.13405354664726477,0.13405354664726477,2026-07-14,190.9949951171875,0.11573607451213719,0.011246668362489887,历史28榜见historical_rankings.csv,https://query1.finance.yahoo.com/v8/finance/chart/CRWD?period1=1767225600&period2=1788566400&interval=1d&events=div%2Csplits
CRWD,CrowdStrike,公司对比,2026-07-14,2026-07-14,210.72999572753903,210.72999572753903,2026-09-04,213.1000061035156,213.1000061035156,0.011246668362489887,0.011246668362489887,2026-07-15,212.3800048828125,0.003390155401401307,0.030613733618313654,公司对比历史原文见company_comparison_historical_sources.csv,https://query1.finance.yahoo.com/v8/finance/chart/CRWD?period1=1767225600&period2=1788566400&interval=1d&events=div%2Csplits
CRWD,CrowdStrike,情景决策,2026-07-15,2026-07-15,206.7700042724609,206.7700042724609,2026-09-04,213.1000061035156,213.1000061035156,0.030613733618313654,0.030613733618313654,2026-07-16,207.1699981689453,0.028623874050210718,0.04583829921710314,D:\drive\Investment\分析报告\公司情景投资决策\结果\CRWD_经营情景市场状态投资决策_2026-07-15.md,https://query1.finance.yahoo.com/v8/finance/chart/CRWD?period1=1767225600&period2=1788566400&interval=1d&events=div%2Csplits
CRWD,CrowdStrike,经营评估,2026-07-12,2026-07-13,187.91000366210935,187.91000366210935,2026-09-04,213.1000061035156,213.1000061035156,0.13405354664726477,0.13405354664726477,2026-07-13,186.8600006103516,0.1404260163087594,0.13405354664726477,D:\drive\Investment\分析报告\公司评估_淘汰\结果\CRWD_CrowdStrike_收入传导估值评估_2026-07-12.md,https://query1.finance.yahoo.com/v8/finance/chart/CRWD?period1=1767225600&period2=1788566400&interval=1d&events=div%2Csplits
CRWV,CoreWeave,排序,2026-07-13,2026-07-13,83.30999755859375,83.30999755859375,2026-09-04,89.36000061035156,89.36000061035156,0.07262037245293063,0.07262037245293063,2026-07-14,84.66000366210938,0.05551614392789972,0.11783835227988515,历史28榜见historical_rankings.csv,https://query1.finance.yahoo.com/v8/finance/chart/CRWV?period1=1767225600&period2=1788566400&interval=1d&events=div%2Csplits
CRWV,CoreWeave,公司对比,2026-07-14,2026-07-14,79.94000244140625,79.94000244140625,2026-09-04,89.36000061035156,89.36000061035156,0.11783835227988515,0.11783835227988515,2026-07-15,78.73500061035156,0.13494633793910316,0.1587136595934835,公司对比历史原文见company_comparison_historical_sources.csv,https://query1.finance.yahoo.com/v8/finance/chart/CRWV?period1=1767225600&period2=1788566400&interval=1d&events=div%2Csplits
CRWV,CoreWeave,情景决策,2026-07-15,2026-07-15,77.12000274658203,77.12000274658203,2026-09-04,89.36000061035156,89.36000061035156,0.1587136595934835,0.1587136595934835,2026-07-16,75.56999969482422,0.18247983288627467,0.22562057498278643,D:\drive\Investment\分析报告\公司情景投资决策\结果\备份\CRWV_2026-08-19T12_34_52-07_00-a389852cc8\CRWV_经营情景市场状态投资决策_2026-07-15.md,https://query1.finance.yahoo.com/v8/finance/chart/CRWV?period1=1767225600&period2=1788566400&interval=1d&events=div%2Csplits
CRWV,CoreWeave,经营评估,2026-07-12,2026-07-13,83.30999755859375,83.30999755859375,2026-09-04,89.36000061035156,89.36000061035156,0.07262037245293063,0.07262037245293063,2026-07-13,86.97000122070312,0.027480733081552522,0.07262037245293063,D:\drive\Investment\分析报告\公司评估_淘汰\备份\CRWV_2026-08-19T11_52_31-07_00-4b9cb69e30\CRWV_CoreWeave_收入传导估值评估_2026-07-12.md,https://query1.finance.yahoo.com/v8/finance/chart/CRWV?period1=1767225600&period2=1788566400&interval=1d&events=div%2Csplits
DLR,Digital Realty,排序,2026-07-13,2026-07-13,177.9199981689453,177.9199981689453,2026-09-04,188.38999938964844,188.38999938964844,0.0588466801284544,0.0588466801284544,2026-07-14,178.39999389648438,0.05599779055463827,0.08826756816719206,历史28榜见historical_rankings.csv,https://query1.finance.yahoo.com/v8/finance/chart/DLR?period1=1767225600&period2=1788566400&interval=1d&events=div%2Csplits
DLR,Digital Realty,公司对比,2026-07-14,2026-07-14,173.11000061035156,173.11000061035156,2026-09-04,188.38999938964844,188.38999938964844,0.08826756816719206,0.08826756816719206,2026-07-15,174.8000030517578,0.07774597311572506,0.0699721221840095,公司对比历史原文见company_comparison_historical_sources.csv,https://query1.finance.yahoo.com/v8/finance/chart/DLR?period1=1767225600&period2=1788566400&interval=1d&events=div%2Csplits
DLR,Digital Realty,情景决策,2026-07-15,2026-07-15,176.07000732421875,176.07000732421875,2026-09-04,188.38999938964844,188.38999938964844,0.0699721221840095,0.0699721221840095,2026-07-16,175.2899932861328,0.07473333678627037,0.08519581086485517,D:\drive\Investment\分析报告\公司情景投资决策\结果\DLR_经营情景市场状态投资决策_2026-07-15.md,https://query1.finance.yahoo.com/v8/finance/chart/DLR?period1=1767225600&period2=1788566400&interval=1d&events=div%2Csplits
DLR,Digital Realty,经营评估,2026-07-12,2026-07-13,177.9199981689453,177.9199981689453,2026-09-04,188.38999938964844,188.38999938964844,0.0588466801284544,0.0588466801284544,2026-07-13,180.1699981689453,0.0456235849710962,0.0588466801284544,D:\drive\Investment\分析报告\公司评估_淘汰\结果\DLR_Digital_Realty_收入传导估值评估_2026-07-12.md,https://query1.finance.yahoo.com/v8/finance/chart/DLR?period1=1767225600&period2=1788566400&interval=1d&events=div%2Csplits
GOOGL,Alphabet Inc,排序,2026-07-13,2026-07-13,352.510009765625,352.2835693359375,2026-09-04,338.4599914550781,338.4599914550781,-0.03923991660160908,-0.039857076171789796,2026-07-14,351.20001220703125,-0.03565625076165091,-0.05794685181345527,历史28榜见historical_rankings.csv,https://query1.finance.yahoo.com/v8/finance/chart/GOOGL?period1=1767225600&period2=1788566400&interval=1d&events=div%2Csplits
GOOGL,Alphabet Inc,公司对比,2026-07-14,2026-07-14,359.510009765625,359.2790832519531,2026-09-04,338.4599914550781,338.4599914550781,-0.05794685181345527,-0.05855196722970246,2026-07-15,357.9700012207031,-0.05389409469735029,-0.0869256987609599,公司对比历史原文见company_comparison_historical_sources.csv,https://query1.finance.yahoo.com/v8/finance/chart/GOOGL?period1=1767225600&period2=1788566400&interval=1d&events=div%2Csplits
GOOGL,Alphabet Inc,情景决策,2026-07-15,2026-07-15,370.9200134277344,370.6817626953125,2026-09-04,338.4599914550781,338.4599914550781,-0.0869256987609599,-0.08751218806633732,2026-07-16,373.05999755859375,-0.09216333223319295,-0.04452532521259556,D:\drive\Investment\分析报告\公司情景投资决策\结果\备份\GOOGL_2026-07-18T18_17_00-07_00-ed20c324be\GOOGL_经营情景市场状态投资决策_2026-07-15.md,https://query1.finance.yahoo.com/v8/finance/chart/GOOGL?period1=1767225600&period2=1788566400&interval=1d&events=div%2Csplits
GOOGL,Alphabet Inc,经营评估,2026-07-12,2026-07-13,352.510009765625,352.2835693359375,2026-09-04,338.4599914550781,338.4599914550781,-0.03923991660160908,-0.039857076171789796,2026-07-13,356.19000244140625,-0.04916605165833532,-0.03923991660160908,D:\drive\Investment\分析报告\公司评估_淘汰\备份\GOOGL_2026-07-18T15_01_07-07_00-de2eaad947\GOOGL_Alphabet_Inc_收入传导估值评估_2026-07-12.md,https://query1.finance.yahoo.com/v8/finance/chart/GOOGL?period1=1767225600&period2=1788566400&interval=1d&events=div%2Csplits
IBM,International Business Machines,排序,2026-07-13,2026-07-13,290.2300109863281,288.1628723144531,2026-09-04,234.88999938964844,234.88999938964844,-0.18487070349115453,-0.19067639286719595,2026-07-14,226.3699951171875,0.04508103402372976,0.08985571744909615,历史28榜见historical_rankings.csv,https://query1.finance.yahoo.com/v8/finance/chart/IBM?period1=1767225600&period2=1788566400&interval=1d&events=div%2Csplits
IBM,International Business Machines,公司对比,2026-07-14,2026-07-14,217.07000732421875,215.52394104003903,2026-09-04,234.88999938964844,234.88999938964844,0.08985571744909615,0.08209329462459314,2026-07-15,220.97000122070312,0.07062038686118544,0.12014674057785202,公司对比历史原文见company_comparison_historical_sources.csv,https://query1.finance.yahoo.com/v8/finance/chart/IBM?period1=1767225600&period2=1788566400&interval=1d&events=div%2Csplits
IBM,International Business Machines,情景决策,2026-07-15,2026-07-15,211.1999969482422,209.69573974609372,2026-09-04,234.88999938964844,234.88999938964844,0.12014674057785202,0.11216857378654144,2026-07-16,208.82000732421875,0.13291340255666761,0.08000448173328856,D:\drive\Investment\分析报告\公司情景投资决策\结果\备份\IBM_2026-07-18T17_41_44-07_00-cc78f32202\IBM_经营情景市场状态投资决策_2026-07-15.md,https://query1.finance.yahoo.com/v8/finance/chart/IBM?period1=1767225600&period2=1788566400&interval=1d&events=div%2Csplits
IBM,International Business Machines,经营评估,2026-07-12,2026-07-13,290.2300109863281,288.1628723144531,2026-09-04,234.88999938964844,234.88999938964844,-0.18487070349115453,-0.19067639286719595,2026-07-13,290.5,-0.1856282799275728,-0.18487070349115453,D:\drive\Investment\分析报告\公司评估_淘汰\备份\IBM_2026-07-18T15_01_03-07_00-23d33bf37b\IBM_International_Business_Machines_收入传导估值评估_2026-07-12.md,https://query1.finance.yahoo.com/v8/finance/chart/IBM?period1=1767225600&period2=1788566400&interval=1d&events=div%2Csplits
IREN,IREN Limited,排序,2026-07-13,2026-07-13,38.97999954223633,38.97999954223633,2026-09-04,44.68000030517578,44.68000030517578,0.1462288565899874,0.1462288565899874,2026-07-14,40.04999923706055,0.11560552200537444,0.15781290822771576,历史28榜见historical_rankings.csv,https://query1.finance.yahoo.com/v8/finance/chart/IREN?period1=1767225600&period2=1788566400&interval=1d&events=div%2Csplits
IREN,IREN Limited,公司对比,2026-07-14,2026-07-14,38.59000015258789,38.59000015258789,2026-09-04,44.68000030517578,44.68000030517578,0.15781290822771576,0.15781290822771576,2026-07-15,39.1150016784668,0.14227274416231395,0.16718917789883103,公司对比历史原文见company_comparison_historical_sources.csv,https://query1.finance.yahoo.com/v8/finance/chart/IREN?period1=1767225600&period2=1788566400&interval=1d&events=div%2Csplits
IREN,IREN Limited,情景决策,2026-07-15,2026-07-15,38.27999877929688,38.27999877929688,2026-09-04,44.68000030517578,44.68000030517578,0.16718917789883103,0.16718917789883103,2026-07-16,37.09000015258789,0.20463737183506892,0.28280212335041455,D:\drive\Investment\分析报告\公司情景投资决策\结果\IREN_经营情景市场状态投资决策_2026-07-15.md,https://query1.finance.yahoo.com/v8/finance/chart/IREN?period1=1767225600&period2=1788566400&interval=1d&events=div%2Csplits
IREN,IREN Limited,经营评估,2026-07-12,2026-07-13,38.97999954223633,38.97999954223633,2026-09-04,44.68000030517578,44.68000030517578,0.1462288565899874,0.1462288565899874,2026-07-13,40.34000015258789,0.10758552642963903,0.1462288565899874,D:\drive\Investment\分析报告\公司评估_淘汰\结果\IREN_IREN_Limited_收入传导估值评估_2026-07-12.md,https://query1.finance.yahoo.com/v8/finance/chart/IREN?period1=1767225600&period2=1788566400&interval=1d&events=div%2Csplits
META,Meta Platforms,排序,2026-07-13,2026-07-13,656.72998046875,656.72998046875,2026-09-04,616.77001953125,616.77001953125,-0.06084686572246634,-0.06084686572246634,2026-07-14,652.0,-0.05403371237538346,-0.06697016817077062,历史28榜见historical_rankings.csv,https://query1.finance.yahoo.com/v8/finance/chart/META?period1=1767225600&period2=1788566400&interval=1d&events=div%2Csplits
META,Meta Platforms,公司对比,2026-07-14,2026-07-14,661.0399780273438,661.0399780273438,2026-09-04,616.77001953125,616.77001953125,-0.06697016817077062,-0.06697016817077062,2026-07-15,663.5999755859375,-0.07056955662684905,-0.0947292396392484,公司对比历史原文见company_comparison_historical_sources.csv,https://query1.finance.yahoo.com/v8/finance/chart/META?period1=1767225600&period2=1788566400&interval=1d&events=div%2Csplits
META,Meta Platforms,情景决策,2026-07-15,2026-07-15,681.3099975585938,681.3099975585938,2026-09-04,616.77001953125,616.77001953125,-0.0947292396392484,-0.0947292396392484,2026-07-16,677.280029296875,-0.08934267533097662,-0.07188425087365946,D:\drive\Investment\分析报告\公司情景投资决策\结果\备份\META_2026-07-18T17_59_47-07_00-4b065cadb9\META_经营情景市场状态投资决策_2026-07-15.md,https://query1.finance.yahoo.com/v8/finance/chart/META?period1=1767225600&period2=1788566400&interval=1d&events=div%2Csplits
META,Meta Platforms,经营评估,2026-07-12,2026-07-13,656.72998046875,656.72998046875,2026-09-04,616.77001953125,616.77001953125,-0.06084686572246634,-0.06084686572246634,2026-07-13,661.3800048828125,-0.06744985488254485,-0.06084686572246634,D:\drive\Investment\分析报告\公司评估_淘汰\备份\META_2026-07-18T15_01_05-07_00-797747434a\META_Meta_Platforms_收入传导估值评估_2026-07-12.md,https://query1.finance.yahoo.com/v8/finance/chart/META?period1=1767225600&period2=1788566400&interval=1d&events=div%2Csplits
MSFT,微软,排序,2026-07-13,2026-07-13,390.989990234375,390.2553405761719,2026-09-04,499.7000122070313,499.7000122070313,0.2804437511842264,0.2780378646202457,2026-07-14,382.8200073242188,0.3077704523580773,0.300601937173016,历史28榜见historical_rankings.csv,https://query1.finance.yahoo.com/v8/finance/chart/MSFT?period1=1767225600&period2=1788566400&interval=1d&events=div%2Csplits
MSFT,微软,公司对比,2026-07-14,2026-07-14,384.9299926757813,384.2067260742188,2026-09-04,499.7000122070313,499.7000122070313,0.300601937173016,0.29815816308166565,2026-07-15,387.7999877929688,0.2909765802140274,0.2654265244525644,公司对比历史原文见company_comparison_historical_sources.csv,https://query1.finance.yahoo.com/v8/finance/chart/MSFT?period1=1767225600&period2=1788566400&interval=1d&events=div%2Csplits
MSFT,微软,情景决策,2026-07-15,2026-07-15,395.6300048828125,394.8866271972656,2026-09-04,499.7000122070313,499.7000122070313,0.2654265244525644,0.26304882349619785,2026-07-16,398.30999755859375,0.25691223714225364,0.24816929067383908,D:\drive\Investment\分析报告\公司情景投资决策\结果\备份\MSFT_2026-07-18T18_25_08-07_00-211e86e1a9\MSFT_经营情景市场状态投资决策_2026-07-15.md,https://query1.finance.yahoo.com/v8/finance/chart/MSFT?period1=1767225600&period2=1788566400&interval=1d&events=div%2Csplits
MSFT,微软,经营评估,2026-07-12,2026-07-13,390.989990234375,390.2553405761719,2026-09-04,499.7000122070313,499.7000122070313,0.2804437511842264,0.2780378646202457,2026-07-13,387.75,0.29114297813330015,0.2804437511842264,D:\drive\Investment\分析报告\公司评估_淘汰\备份\MSFT_2026-07-18T15_22_23-07_00-00b8cfbf0b\MSFT_微软_收入传导估值评估_2026-07-12.md,https://query1.finance.yahoo.com/v8/finance/chart/MSFT?period1=1767225600&period2=1788566400&interval=1d&events=div%2Csplits
NTNX,Nutanix,排序,2026-07-13,2026-07-13,55.220001220703125,55.220001220703125,2026-09-04,68.05999755859375,68.05999755859375,0.2325243762051321,0.2325243762051321,2026-07-14,52.91999816894531,0.28609221302908017,0.2269694620664917,历史28榜见historical_rankings.csv,https://query1.finance.yahoo.com/v8/finance/chart/NTNX?period1=1767225600&period2=1788566400&interval=1d&events=div%2Csplits
NTNX,Nutanix,公司对比,2026-07-14,2026-07-14,55.470001220703125,55.470001220703125,2026-09-04,68.05999755859375,68.05999755859375,0.2269694620664917,0.2269694620664917,2026-07-15,55.59999847412109,0.22410070910833113,0.2467484405267455,公司对比历史原文见company_comparison_historical_sources.csv,https://query1.finance.yahoo.com/v8/finance/chart/NTNX?period1=1767225600&period2=1788566400&interval=1d&events=div%2Csplits
NTNX,Nutanix,情景决策,2026-07-15,2026-07-15,54.59000015258789,54.59000015258789,2026-09-04,68.05999755859375,68.05999755859375,0.2467484405267455,0.2467484405267455,2026-07-16,54.93000030517578,0.2390314433000429,0.21862129665286112,D:\drive\Investment\分析报告\公司情景投资决策\结果\NTNX_经营情景市场状态投资决策_2026-07-15.md,https://query1.finance.yahoo.com/v8/finance/chart/NTNX?period1=1767225600&period2=1788566400&interval=1d&events=div%2Csplits
NTNX,Nutanix,经营评估,2026-07-12,2026-07-13,55.220001220703125,55.220001220703125,2026-09-04,68.05999755859375,68.05999755859375,0.2325243762051321,0.2325243762051321,2026-07-13,55.38999938964844,0.22874161958039574,0.2325243762051321,D:\drive\Investment\分析报告\公司评估_淘汰\结果\NTNX_Nutanix_收入传导估值评估_2026-07-12.md,https://query1.finance.yahoo.com/v8/finance/chart/NTNX?period1=1767225600&period2=1788566400&interval=1d&events=div%2Csplits
ORCL,Oracle Corporation,排序,2026-07-13,2026-07-13,131.5399932861328,131.5399932861328,2026-09-04,158.77999877929688,158.77999877929688,0.20708534957813285,0.20708534957813285,2026-07-14,132.0,0.20287877863103687,0.2410504591948457,历史28榜见historical_rankings.csv,https://query1.finance.yahoo.com/v8/finance/chart/ORCL?period1=1767225600&period2=1788566400&interval=1d&events=div%2Csplits
ORCL,Oracle Corporation,公司对比,2026-07-14,2026-07-14,127.94000244140624,127.94000244140624,2026-09-04,158.77999877929688,158.77999877929688,0.2410504591948457,0.2410504591948457,2026-07-15,130.55999755859375,0.2161458467249,0.1984300112923556,公司对比历史原文见company_comparison_historical_sources.csv,https://query1.finance.yahoo.com/v8/finance/chart/ORCL?period1=1767225600&period2=1788566400&interval=1d&events=div%2Csplits
ORCL,Oracle Corporation,情景决策,2026-07-15,2026-07-15,132.49000549316406,132.49000549316406,2026-09-04,158.77999877929688,158.77999877929688,0.1984300112923556,0.1984300112923556,2026-07-16,131.47999572753906,0.20763617233704945,0.27831897552236406,D:\drive\Investment\分析报告\公司情景投资决策\结果\ORCL_经营情景市场状态投资决策_2026-07-15.md,https://query1.finance.yahoo.com/v8/finance/chart/ORCL?period1=1767225600&period2=1788566400&interval=1d&events=div%2Csplits
ORCL,Oracle Corporation,经营评估,2026-07-12,2026-07-13,131.5399932861328,131.5399932861328,2026-09-04,158.77999877929688,158.77999877929688,0.20708534957813285,0.20708534957813285,2026-07-13,139.02999877929688,0.14205567268508812,0.20708534957813285,D:\drive\Investment\分析报告\公司评估_淘汰\结果\ORCL_Oracle_Corporation_收入传导估值评估_2026-07-12.md,https://query1.finance.yahoo.com/v8/finance/chart/ORCL?period1=1767225600&period2=1788566400&interval=1d&events=div%2Csplits
BABA,Alibaba 阿里巴巴,排序,2026-07-13,2026-07-13,112.3499984741211,112.3499984741211,2026-09-04,113.23999786376952,113.23999786376952,0.007921668017231154,0.007921668017231154,2026-07-14,112.9499969482422,0.0025675159217597443,0.008190866911012673,历史28榜见historical_rankings.csv,https://query1.finance.yahoo.com/v8/finance/chart/BABA?period1=1767225600&period2=1788566400&interval=1d&events=div%2Csplits
BABA,Alibaba 阿里巴巴,公司对比,2026-07-14,2026-07-14,112.31999969482422,112.31999969482422,2026-09-04,113.23999786376952,113.23999786376952,0.008190866911012673,0.008190866911012673,2026-07-15,117.4000015258789,-0.03543444299864329,-0.03781123702374145,公司对比历史原文见company_comparison_historical_sources.csv,https://query1.finance.yahoo.com/v8/finance/chart/BABA?period1=1767225600&period2=1788566400&interval=1d&events=div%2Csplits
BABA,Alibaba 阿里巴巴,情景决策,2026-07-15,2026-07-15,117.69000244140624,117.69000244140624,2026-09-04,113.23999786376952,113.23999786376952,-0.03781123702374145,-0.03781123702374145,2026-07-16,118.4749984741211,-0.0441865429649706,-0.03617329200165542,D:\drive\Investment\分析报告\公司情景投资决策\结果\BABA_经营情景市场状态投资决策_2026-07-15.md,https://query1.finance.yahoo.com/v8/finance/chart/BABA?period1=1767225600&period2=1788566400&interval=1d&events=div%2Csplits
BABA,Alibaba 阿里巴巴,经营评估,2026-07-12,2026-07-13,112.3499984741211,112.3499984741211,2026-09-04,113.23999786376952,113.23999786376952,0.007921668017231154,0.007921668017231154,2026-07-13,112.8550033569336,0.003411408403562577,0.007921668017231154,D:\drive\Investment\分析报告\公司评估_淘汰\结果\BABA_Alibaba_阿里巴巴_收入传导估值评估_2026-07-12.md,https://query1.finance.yahoo.com/v8/finance/chart/BABA?period1=1767225600&period2=1788566400&interval=1d&events=div%2Csplits
EQIX,Equinix,排序,2026-07-13,2026-07-13,1039.530029296875,1034.586669921875,2026-09-04,1035.97998046875,1035.97998046875,0.0013467315860353768,-0.003415051733066554,2026-07-14,1036.300048828125,0.00446775729537241,0.016990062212951962,历史28榜见historical_rankings.csv,https://query1.finance.yahoo.com/v8/finance/chart/EQIX?period1=1767225600&period2=1788566400&interval=1d&events=div%2Csplits
EQIX,Equinix,公司对比,2026-07-14,2026-07-14,1023.5399780273438,1018.6726684570312,2026-09-04,1035.97998046875,1035.97998046875,0.016990062212951962,0.012153899904703058,2026-07-15,1023.5399780273438,0.016990076693724987,0.017924922359480178,公司对比历史原文见company_comparison_historical_sources.csv,https://query1.finance.yahoo.com/v8/finance/chart/EQIX?period1=1767225600&period2=1788566400&interval=1d&events=div%2Csplits
EQIX,Equinix,情景决策,2026-07-15,2026-07-15,1022.5999755859376,1017.7371215820312,2026-09-04,1035.97998046875,1035.97998046875,0.017924922359480178,0.01308430002176153,2026-07-16,1017.2899780273438,0.023238215200812817,0.03150203772368543,D:\drive\Investment\分析报告\公司情景投资决策\结果\EQIX_经营情景市场状态投资决策_2026-07-15.md,https://query1.finance.yahoo.com/v8/finance/chart/EQIX?period1=1767225600&period2=1788566400&interval=1d&events=div%2Csplits
EQIX,Equinix,经营评估,2026-07-12,2026-07-13,1039.530029296875,1034.586669921875,2026-09-04,1035.97998046875,1035.97998046875,0.0013467315860353768,-0.003415051733066554,2026-07-13,1051.2099609375,-0.009779172665345115,0.0013467315860353768,D:\drive\Investment\分析报告\公司评估_淘汰\结果\EQIX_Equinix_收入传导估值评估_2026-07-12.md,https://query1.finance.yahoo.com/v8/finance/chart/EQIX?period1=1767225600&period2=1788566400&interval=1d&events=div%2Csplits
NBIS,Nebius Group,排序,2026-07-13,2026-07-13,210.50999450683597,210.50999450683597,2026-09-04,226.38999938964844,226.38999938964844,0.07543587144170871,0.07543587144170871,2026-07-14,217.0399932861328,0.04307964611475601,0.1664176601638283,历史28榜见historical_rankings.csv,https://query1.finance.yahoo.com/v8/finance/chart/NBIS?period1=1767225600&period2=1788566400&interval=1d&events=div%2Csplits
NBIS,Nebius Group,公司对比,2026-07-14,2026-07-14,194.08999633789065,194.08999633789065,2026-09-04,226.38999938964844,226.38999938964844,0.1664176601638283,0.1664176601638283,2026-07-15,197.4199981689453,0.14674299204436014,0.13473011690094272,公司对比历史原文见company_comparison_historical_sources.csv,https://query1.finance.yahoo.com/v8/finance/chart/NBIS?period1=1767225600&period2=1788566400&interval=1d&events=div%2Csplits
NBIS,Nebius Group,情景决策,2026-07-15,2026-07-15,199.50999450683597,199.50999450683597,2026-09-04,226.38999938964844,226.38999938964844,0.13473011690094272,0.13473011690094272,2026-07-16,190.41000366210935,0.18896063775823002,0.31798331349255515,D:\drive\Investment\分析报告\公司情景投资决策\结果\备份\NBIS_2026-07-18T18_22_42-07_00-f0c0c66c5b\NBIS_经营情景市场状态投资决策_2026-07-15.md,https://query1.finance.yahoo.com/v8/finance/chart/NBIS?period1=1767225600&period2=1788566400&interval=1d&events=div%2Csplits
NBIS,Nebius Group,经营评估,2026-07-12,2026-07-13,210.50999450683597,210.50999450683597,2026-09-04,226.38999938964844,226.38999938964844,0.07543587144170871,0.07543587144170871,2026-07-13,212.69000244140625,0.06441298035161003,0.07543587144170871,D:\drive\Investment\分析报告\公司评估_淘汰\备份\NBIS_2026-07-18T15_16_34-07_00-b593d8f58b\NBIS_Nebius_Group_收入传导估值评估_2026-07-12.md,https://query1.finance.yahoo.com/v8/finance/chart/NBIS?period1=1767225600&period2=1788566400&interval=1d&events=div%2Csplits
