ticker,path,line,operating_row,market_col_index,market_col,rating,return_low_pct,return_high_pct,cell_text
AAOI,D:\drive\Investment\分析报告\公司情景投资决策\结果\AAOI_经营情景市场状态投资决策_2026-07-15.md,342,悲观 / 受损,0,宽基风险扩张,强烈不建议投资,-84,-76,强烈不建议投资｜-84%～-76%｜中
AAOI,D:\drive\Investment\分析报告\公司情景投资决策\结果\AAOI_经营情景市场状态投资决策_2026-07-15.md,342,悲观 / 受损,1,窄幅主题主导上涨,强烈不建议投资,-82,-74,强烈不建议投资｜-82%～-74%｜中
AAOI,D:\drive\Investment\分析报告\公司情景投资决策\结果\AAOI_经营情景市场状态投资决策_2026-07-15.md,342,悲观 / 受损,2,震荡均值回归,强烈不建议投资,-87,-80,强烈不建议投资｜-87%～-80%｜中
AAOI,D:\drive\Investment\分析报告\公司情景投资决策\结果\AAOI_经营情景市场状态投资决策_2026-07-15.md,342,悲观 / 受损,3,有序风险收缩,强烈不建议投资,-91,-85,强烈不建议投资｜-91%～-85%｜低
AAOI,D:\drive\Investment\分析报告\公司情景投资决策\结果\AAOI_经营情景市场状态投资决策_2026-07-15.md,342,悲观 / 受损,4,流动性信用压力,强烈不建议投资,-95,-90,强烈不建议投资｜-95%～-90%｜低
AAOI,D:\drive\Investment\分析报告\公司情景投资决策\结果\AAOI_经营情景市场状态投资决策_2026-07-15.md,343,基准 / 正常兑现,0,宽基风险扩张,不建议投资,-35,-14,不建议投资｜-35%～-14%｜中
AAOI,D:\drive\Investment\分析报告\公司情景投资决策\结果\AAOI_经营情景市场状态投资决策_2026-07-15.md,343,基准 / 正常兑现,1,窄幅主题主导上涨,不建议投资,-30,-8,不建议投资｜-30%～-8%｜中
AAOI,D:\drive\Investment\分析报告\公司情景投资决策\结果\AAOI_经营情景市场状态投资决策_2026-07-15.md,343,基准 / 正常兑现,2,震荡均值回归,强烈不建议投资,-45,-26,强烈不建议投资｜-45%～-26%｜中
AAOI,D:\drive\Investment\分析报告\公司情景投资决策\结果\AAOI_经营情景市场状态投资决策_2026-07-15.md,343,基准 / 正常兑现,3,有序风险收缩,强烈不建议投资,-57,-41,强烈不建议投资｜-57%～-41%｜低
AAOI,D:\drive\Investment\分析报告\公司情景投资决策\结果\AAOI_经营情景市场状态投资决策_2026-07-15.md,343,基准 / 正常兑现,4,流动性信用压力,强烈不建议投资,-72,-58,强烈不建议投资｜-72%～-58%｜低
AAOI,D:\drive\Investment\分析报告\公司情景投资决策\结果\AAOI_经营情景市场状态投资决策_2026-07-15.md,344,乐观 / 超预期,0,宽基风险扩张,谨慎建议投资,+8,+48,谨慎建议投资｜+8%～+48%｜中
AAOI,D:\drive\Investment\分析报告\公司情景投资决策\结果\AAOI_经营情景市场状态投资决策_2026-07-15.md,344,乐观 / 超预期,1,窄幅主题主导上涨,建议投资,+18,+63,建议投资｜+18%～+63%｜中
AAOI,D:\drive\Investment\分析报告\公司情景投资决策\结果\AAOI_经营情景市场状态投资决策_2026-07-15.md,344,乐观 / 超预期,2,震荡均值回归,中性 / 等待,-9,+26,中性 / 等待｜-9%～+26%｜中
AAOI,D:\drive\Investment\分析报告\公司情景投资决策\结果\AAOI_经营情景市场状态投资决策_2026-07-15.md,344,乐观 / 超预期,3,有序风险收缩,不建议投资,-30,+1,不建议投资｜-30%～+1%｜低
AAOI,D:\drive\Investment\分析报告\公司情景投资决策\结果\AAOI_经营情景市场状态投资决策_2026-07-15.md,344,乐观 / 超预期,4,流动性信用压力,强烈不建议投资,-52,-27,强烈不建议投资｜-52%～-27%｜低
AAOI,D:\drive\Investment\分析报告\公司情景投资决策\结果\AAOI_经营情景市场状态投资决策_2026-07-15.md,345,突破 / 非线性,0,宽基风险扩张,强烈建议投资,+65,+129,强烈建议投资｜+65%～+129%｜低
AAOI,D:\drive\Investment\分析报告\公司情景投资决策\结果\AAOI_经营情景市场状态投资决策_2026-07-15.md,345,突破 / 非线性,1,窄幅主题主导上涨,强烈建议投资,+79,+148,强烈建议投资｜+79%～+148%｜低
AAOI,D:\drive\Investment\分析报告\公司情景投资决策\结果\AAOI_经营情景市场状态投资决策_2026-07-15.md,345,突破 / 非线性,2,震荡均值回归,强烈建议投资,+42,+97,强烈建议投资｜+42%～+97%｜低
AAOI,D:\drive\Investment\分析报告\公司情景投资决策\结果\AAOI_经营情景市场状态投资决策_2026-07-15.md,345,突破 / 非线性,3,有序风险收缩,建议投资,+10,+60,建议投资｜+10%～+60%｜低
AAOI,D:\drive\Investment\分析报告\公司情景投资决策\结果\AAOI_经营情景市场状态投资决策_2026-07-15.md,345,突破 / 非线性,4,流动性信用压力,不建议投资,-27,+15,不建议投资｜-27%～+15%｜低
AAON,D:\drive\Investment\分析报告\公司情景投资决策\结果\AAON_经营情景市场状态投资决策_2026-07-15.md,319,悲观 / 受损,0,宽基风险扩张,强烈不建议投资,-82,-47,强烈不建议投资｜-82%～-47%｜低
AAON,D:\drive\Investment\分析报告\公司情景投资决策\结果\AAON_经营情景市场状态投资决策_2026-07-15.md,319,悲观 / 受损,1,窄幅主题主导上涨,强烈不建议投资,-82,-42,强烈不建议投资｜-82%～-42%｜低
AAON,D:\drive\Investment\分析报告\公司情景投资决策\结果\AAON_经营情景市场状态投资决策_2026-07-15.md,319,悲观 / 受损,2,震荡均值回归,强烈不建议投资,-86,-55,强烈不建议投资｜-86%～-55%｜低
AAON,D:\drive\Investment\分析报告\公司情景投资决策\结果\AAON_经营情景市场状态投资决策_2026-07-15.md,319,悲观 / 受损,3,有序风险收缩,强烈不建议投资,-91,-64,强烈不建议投资｜-91%～-64%｜低
AAON,D:\drive\Investment\分析报告\公司情景投资决策\结果\AAON_经营情景市场状态投资决策_2026-07-15.md,319,悲观 / 受损,4,流动性信用压力,强烈不建议投资,-95,-77,强烈不建议投资｜-95%～-77%｜低
AAON,D:\drive\Investment\分析报告\公司情景投资决策\结果\AAON_经营情景市场状态投资决策_2026-07-15.md,320,基准 / 正常兑现,0,宽基风险扩张,中性/等待,-33,+42,中性/等待｜-33%～+42%｜中
AAON,D:\drive\Investment\分析报告\公司情景投资决策\结果\AAON_经营情景市场状态投资决策_2026-07-15.md,320,基准 / 正常兑现,1,窄幅主题主导上涨,谨慎建议投资,-24,+64,谨慎建议投资｜-24%～+64%｜中
AAON,D:\drive\Investment\分析报告\公司情景投资决策\结果\AAON_经营情景市场状态投资决策_2026-07-15.md,320,基准 / 正常兑现,2,震荡均值回归,不建议投资,-47,+20,不建议投资｜-47%～+20%｜中
AAON,D:\drive\Investment\分析报告\公司情景投资决策\结果\AAON_经营情景市场状态投资决策_2026-07-15.md,320,基准 / 正常兑现,3,有序风险收缩,强烈不建议投资,-60,-7,强烈不建议投资｜-60%～-7%｜低
AAON,D:\drive\Investment\分析报告\公司情景投资决策\结果\AAON_经营情景市场状态投资决策_2026-07-15.md,320,基准 / 正常兑现,4,流动性信用压力,强烈不建议投资,-73,-33,强烈不建议投资｜-73%～-33%｜低
AAON,D:\drive\Investment\分析报告\公司情景投资决策\结果\AAON_经营情景市场状态投资决策_2026-07-15.md,321,乐观 / 超预期,0,宽基风险扩张,建议投资,+11,+117,建议投资｜+11%～+117%｜中
AAON,D:\drive\Investment\分析报告\公司情景投资决策\结果\AAON_经营情景市场状态投资决策_2026-07-15.md,321,乐观 / 超预期,1,窄幅主题主导上涨,强烈建议投资,+24,+157,强烈建议投资｜+24%～+157%｜中
AAON,D:\drive\Investment\分析报告\公司情景投资决策\结果\AAON_经营情景市场状态投资决策_2026-07-15.md,321,乐观 / 超预期,2,震荡均值回归,谨慎建议投资,-7,+91,谨慎建议投资｜-7%～+91%｜中
AAON,D:\drive\Investment\分析报告\公司情景投资决策\结果\AAON_经营情景市场状态投资决策_2026-07-15.md,321,乐观 / 超预期,3,有序风险收缩,中性/等待,-29,+55,中性/等待｜-29%～+55%｜低
AAON,D:\drive\Investment\分析报告\公司情景投资决策\结果\AAON_经营情景市场状态投资决策_2026-07-15.md,321,乐观 / 超预期,4,流动性信用压力,不建议投资,-51,+7,不建议投资｜-51%～+7%｜低
AAON,D:\drive\Investment\分析报告\公司情景投资决策\结果\AAON_经营情景市场状态投资决策_2026-07-15.md,322,突破 / 非线性,0,宽基风险扩张,强烈建议投资,+68,+223,强烈建议投资｜+68%～+223%｜低
AAON,D:\drive\Investment\分析报告\公司情景投资决策\结果\AAON_经营情景市场状态投资决策_2026-07-15.md,322,突破 / 非线性,1,窄幅主题主导上涨,强烈建议投资,+86,+281,强烈建议投资｜+86%～+281%｜低
AAON,D:\drive\Investment\分析报告\公司情景投资决策\结果\AAON_经营情景市场状态投资决策_2026-07-15.md,322,突破 / 非线性,2,震荡均值回归,强烈建议投资,+42,+188,强烈建议投资｜+42%～+188%｜低
AAON,D:\drive\Investment\分析报告\公司情景投资决策\结果\AAON_经营情景市场状态投资决策_2026-07-15.md,322,突破 / 非线性,3,有序风险收缩,建议投资,+11,+126,建议投资｜+11%～+126%｜低
AAON,D:\drive\Investment\分析报告\公司情景投资决策\结果\AAON_经营情景市场状态投资决策_2026-07-15.md,322,突破 / 非线性,4,流动性信用压力,谨慎建议投资,-24,+64,谨慎建议投资｜-24%～+64%｜低
ABBNY,D:\drive\Investment\分析报告\公司情景投资决策\结果\ABBNY_经营情景市场状态投资决策_2026-07-15.md,336,悲观 / 受损,0,宽基风险扩张,强烈不建议投资,-49,-28,强烈不建议投资｜-49%～-28%｜中
ABBNY,D:\drive\Investment\分析报告\公司情景投资决策\结果\ABBNY_经营情景市场状态投资决策_2026-07-15.md,336,悲观 / 受损,1,窄幅主题主导上涨,强烈不建议投资,-53,-32,强烈不建议投资｜-53%～-32%｜中
ABBNY,D:\drive\Investment\分析报告\公司情景投资决策\结果\ABBNY_经营情景市场状态投资决策_2026-07-15.md,336,悲观 / 受损,2,震荡均值回归,强烈不建议投资,-58,-38,强烈不建议投资｜-58%～-38%｜中
ABBNY,D:\drive\Investment\分析报告\公司情景投资决策\结果\ABBNY_经营情景市场状态投资决策_2026-07-15.md,336,悲观 / 受损,3,有序风险收缩,强烈不建议投资,-64,-46,强烈不建议投资｜-64%～-46%｜中
ABBNY,D:\drive\Investment\分析报告\公司情景投资决策\结果\ABBNY_经营情景市场状态投资决策_2026-07-15.md,336,悲观 / 受损,4,流动性信用压力,强烈不建议投资,-74,-55,强烈不建议投资｜-74%～-55%｜低
ABBNY,D:\drive\Investment\分析报告\公司情景投资决策\结果\ABBNY_经营情景市场状态投资决策_2026-07-15.md,337,基准 / 正常兑现,0,宽基风险扩张,谨慎建议投资,-9,+23,谨慎建议投资｜-9%～+23%｜中
ABBNY,D:\drive\Investment\分析报告\公司情景投资决策\结果\ABBNY_经营情景市场状态投资决策_2026-07-15.md,337,基准 / 正常兑现,1,窄幅主题主导上涨,中性 / 等待,-13,+18,中性 / 等待｜-13%～+18%｜中
ABBNY,D:\drive\Investment\分析报告\公司情景投资决策\结果\ABBNY_经营情景市场状态投资决策_2026-07-15.md,337,基准 / 正常兑现,2,震荡均值回归,不建议投资,-22,+7,不建议投资｜-22%～+7%｜中
ABBNY,D:\drive\Investment\分析报告\公司情景投资决策\结果\ABBNY_经营情景市场状态投资决策_2026-07-15.md,337,基准 / 正常兑现,3,有序风险收缩,不建议投资,-31,-3,不建议投资｜-31%～-3%｜中
ABBNY,D:\drive\Investment\分析报告\公司情景投资决策\结果\ABBNY_经营情景市场状态投资决策_2026-07-15.md,337,基准 / 正常兑现,4,流动性信用压力,强烈不建议投资,-49,-18,强烈不建议投资｜-49%～-18%｜低
ABBNY,D:\drive\Investment\分析报告\公司情景投资决策\结果\ABBNY_经营情景市场状态投资决策_2026-07-15.md,338,乐观 / 超预期,0,宽基风险扩张,强烈建议投资,+18,+58,强烈建议投资｜+18%～+58%｜中
ABBNY,D:\drive\Investment\分析报告\公司情景投资决策\结果\ABBNY_经营情景市场状态投资决策_2026-07-15.md,338,乐观 / 超预期,1,窄幅主题主导上涨,建议投资,+13,+52,建议投资｜+13%～+52%｜中
ABBNY,D:\drive\Investment\分析报告\公司情景投资决策\结果\ABBNY_经营情景市场状态投资决策_2026-07-15.md,338,乐观 / 超预期,2,震荡均值回归,建议投资,+3,+40,建议投资｜+3%～+40%｜中
ABBNY,D:\drive\Investment\分析报告\公司情景投资决策\结果\ABBNY_经营情景市场状态投资决策_2026-07-15.md,338,乐观 / 超预期,3,有序风险收缩,谨慎建议投资,-8,+28,谨慎建议投资｜-8%～+28%｜中
ABBNY,D:\drive\Investment\分析报告\公司情景投资决策\结果\ABBNY_经营情景市场状态投资决策_2026-07-15.md,338,乐观 / 超预期,4,流动性信用压力,不建议投资,-29,+9,不建议投资｜-29%～+9%｜低
ABBNY,D:\drive\Investment\分析报告\公司情景投资决策\结果\ABBNY_经营情景市场状态投资决策_2026-07-15.md,339,突破 / 非线性,0,宽基风险扩张,强烈建议投资,+48,+114,强烈建议投资｜+48%～+114%｜低
ABBNY,D:\drive\Investment\分析报告\公司情景投资决策\结果\ABBNY_经营情景市场状态投资决策_2026-07-15.md,339,突破 / 非线性,1,窄幅主题主导上涨,强烈建议投资,+42,+107,强烈建议投资｜+42%～+107%｜低
ABBNY,D:\drive\Investment\分析报告\公司情景投资决策\结果\ABBNY_经营情景市场状态投资决策_2026-07-15.md,339,突破 / 非线性,2,震荡均值回归,强烈建议投资,+29,+92,强烈建议投资｜+29%～+92%｜低
ABBNY,D:\drive\Investment\分析报告\公司情景投资决策\结果\ABBNY_经营情景市场状态投资决策_2026-07-15.md,339,突破 / 非线性,3,有序风险收缩,强烈建议投资,+17,+70,强烈建议投资｜+17%～+70%｜低
ABBNY,D:\drive\Investment\分析报告\公司情景投资决策\结果\ABBNY_经营情景市场状态投资决策_2026-07-15.md,339,突破 / 非线性,4,流动性信用压力,谨慎建议投资,-7,+47,谨慎建议投资｜-7%～+47%｜低
ACLS,D:\drive\Investment\分析报告\公司情景投资决策\结果\ACLS_经营情景市场状态投资决策_2026-07-15.md,443,悲观 / 受损,0,宽基风险扩张,强烈不建议投资,-75,-60,强烈不建议投资｜-75%—-60%｜中
ACLS,D:\drive\Investment\分析报告\公司情景投资决策\结果\ACLS_经营情景市场状态投资决策_2026-07-15.md,443,悲观 / 受损,1,窄幅主题主导上涨,强烈不建议投资,-75,-61,强烈不建议投资｜-75%—-61%｜中
ACLS,D:\drive\Investment\分析报告\公司情景投资决策\结果\ACLS_经营情景市场状态投资决策_2026-07-15.md,443,悲观 / 受损,2,震荡均值回归,强烈不建议投资,-77,-64,强烈不建议投资｜-77%—-64%｜中
ACLS,D:\drive\Investment\分析报告\公司情景投资决策\结果\ACLS_经营情景市场状态投资决策_2026-07-15.md,443,悲观 / 受损,3,有序风险收缩,强烈不建议投资,-80,-68,强烈不建议投资｜-80%—-68%｜低
ACLS,D:\drive\Investment\分析报告\公司情景投资决策\结果\ACLS_经营情景市场状态投资决策_2026-07-15.md,443,悲观 / 受损,4,流动性信用压力,强烈不建议投资,-83,-72,强烈不建议投资｜-83%—-72%｜低
ACLS,D:\drive\Investment\分析报告\公司情景投资决策\结果\ACLS_经营情景市场状态投资决策_2026-07-15.md,444,基准 / 正常兑现,0,宽基风险扩张,不建议投资,-35,+1,不建议投资｜-35%—+1%｜中
ACLS,D:\drive\Investment\分析报告\公司情景投资决策\结果\ACLS_经营情景市场状态投资决策_2026-07-15.md,444,基准 / 正常兑现,1,窄幅主题主导上涨,不建议投资,-35,+1,不建议投资｜-35%—+1%｜中
ACLS,D:\drive\Investment\分析报告\公司情景投资决策\结果\ACLS_经营情景市场状态投资决策_2026-07-15.md,444,基准 / 正常兑现,2,震荡均值回归,强烈不建议投资,-45,-15,强烈不建议投资｜-45%—-15%｜中
ACLS,D:\drive\Investment\分析报告\公司情景投资决策\结果\ACLS_经营情景市场状态投资决策_2026-07-15.md,444,基准 / 正常兑现,3,有序风险收缩,强烈不建议投资,-55,-28,强烈不建议投资｜-55%—-28%｜中
ACLS,D:\drive\Investment\分析报告\公司情景投资决策\结果\ACLS_经营情景市场状态投资决策_2026-07-15.md,444,基准 / 正常兑现,4,流动性信用压力,强烈不建议投资,-63,-41,强烈不建议投资｜-63%—-41%｜低
ACLS,D:\drive\Investment\分析报告\公司情景投资决策\结果\ACLS_经营情景市场状态投资决策_2026-07-15.md,445,乐观 / 超预期,0,宽基风险扩张,建议投资,+7,+65,建议投资｜+7%—+65%｜中
ACLS,D:\drive\Investment\分析报告\公司情景投资决策\结果\ACLS_经营情景市场状态投资决策_2026-07-15.md,445,乐观 / 超预期,1,窄幅主题主导上涨,建议投资,+13,+73,建议投资｜+13%—+73%｜中
ACLS,D:\drive\Investment\分析报告\公司情景投资决策\结果\ACLS_经营情景市场状态投资决策_2026-07-15.md,445,乐观 / 超预期,2,震荡均值回归,谨慎建议投资,-8,+43,谨慎建议投资｜-8%—+43%｜中
ACLS,D:\drive\Investment\分析报告\公司情景投资决策\结果\ACLS_经营情景市场状态投资决策_2026-07-15.md,445,乐观 / 超预期,3,有序风险收缩,中性 / 等待,-23,+20,中性 / 等待｜-23%—+20%｜中
ACLS,D:\drive\Investment\分析报告\公司情景投资决策\结果\ACLS_经营情景市场状态投资决策_2026-07-15.md,445,乐观 / 超预期,4,流动性信用压力,不建议投资,-38,+1,不建议投资｜-38%—+1%｜低
ACLS,D:\drive\Investment\分析报告\公司情景投资决策\结果\ACLS_经营情景市场状态投资决策_2026-07-15.md,446,突破 / 非线性,0,宽基风险扩张,强烈建议投资,+61,+153,强烈建议投资｜+61%—+153%｜低
ACLS,D:\drive\Investment\分析报告\公司情景投资决策\结果\ACLS_经营情景市场状态投资决策_2026-07-15.md,446,突破 / 非线性,1,窄幅主题主导上涨,强烈建议投资,+78,+185,强烈建议投资｜+78%—+185%｜低
ACLS,D:\drive\Investment\分析报告\公司情景投资决策\结果\ACLS_经营情景市场状态投资决策_2026-07-15.md,446,突破 / 非线性,2,震荡均值回归,强烈建议投资,+41,+126,强烈建议投资｜+41%—+126%｜低
ACLS,D:\drive\Investment\分析报告\公司情景投资决策\结果\ACLS_经营情景市场状态投资决策_2026-07-15.md,446,突破 / 非线性,3,有序风险收缩,建议投资,+16,+89,建议投资｜+16%—+89%｜低
ACLS,D:\drive\Investment\分析报告\公司情景投资决策\结果\ACLS_经营情景市场状态投资决策_2026-07-15.md,446,突破 / 非线性,4,流动性信用压力,谨慎建议投资,-4,+62,谨慎建议投资｜-4%—+62%｜低
ACMR,D:\drive\Investment\分析报告\公司情景投资决策\结果\ACMR_经营情景市场状态投资决策_2026-07-15.md,58,悲观 / 受损,0,宽基风险扩张,强烈不建议投资,-71,-61,强烈不建议投资｜-71%～-61%｜中
ACMR,D:\drive\Investment\分析报告\公司情景投资决策\结果\ACMR_经营情景市场状态投资决策_2026-07-15.md,58,悲观 / 受损,1,窄幅主题主导上涨,强烈不建议投资,-75,-64,强烈不建议投资｜-75%～-64%｜中
ACMR,D:\drive\Investment\分析报告\公司情景投资决策\结果\ACMR_经营情景市场状态投资决策_2026-07-15.md,58,悲观 / 受损,2,震荡均值回归,强烈不建议投资,-78,-67,强烈不建议投资｜-78%～-67%｜中
ACMR,D:\drive\Investment\分析报告\公司情景投资决策\结果\ACMR_经营情景市场状态投资决策_2026-07-15.md,58,悲观 / 受损,3,有序风险收缩,强烈不建议投资,-83,-73,强烈不建议投资｜-83%～-73%｜低
ACMR,D:\drive\Investment\分析报告\公司情景投资决策\结果\ACMR_经营情景市场状态投资决策_2026-07-15.md,58,悲观 / 受损,4,流动性信用压力,强烈不建议投资,-89,-80,强烈不建议投资｜-89%～-80%｜低
ACMR,D:\drive\Investment\分析报告\公司情景投资决策\结果\ACMR_经营情景市场状态投资决策_2026-07-15.md,59,基准 / 正常兑现,0,宽基风险扩张,不建议投资,-41,-26,不建议投资｜-41%～-26%｜中
ACMR,D:\drive\Investment\分析报告\公司情景投资决策\结果\ACMR_经营情景市场状态投资决策_2026-07-15.md,59,基准 / 正常兑现,1,窄幅主题主导上涨,不建议投资,-51,-29,不建议投资｜-51%～-29%｜低
ACMR,D:\drive\Investment\分析报告\公司情景投资决策\结果\ACMR_经营情景市场状态投资决策_2026-07-15.md,59,基准 / 正常兑现,2,震荡均值回归,强烈不建议投资,-58,-40,强烈不建议投资｜-58%～-40%｜中
ACMR,D:\drive\Investment\分析报告\公司情景投资决策\结果\ACMR_经营情景市场状态投资决策_2026-07-15.md,59,基准 / 正常兑现,3,有序风险收缩,强烈不建议投资,-68,-50,强烈不建议投资｜-68%～-50%｜中
ACMR,D:\drive\Investment\分析报告\公司情景投资决策\结果\ACMR_经营情景市场状态投资决策_2026-07-15.md,59,基准 / 正常兑现,4,流动性信用压力,强烈不建议投资,-79,-61,强烈不建议投资｜-79%～-61%｜低
ACMR,D:\drive\Investment\分析报告\公司情景投资决策\结果\ACMR_经营情景市场状态投资决策_2026-07-15.md,60,乐观 / 超预期,0,宽基风险扩张,谨慎建议投资,-4,+26,谨慎建议投资｜-4%～+26%｜中
ACMR,D:\drive\Investment\分析报告\公司情景投资决策\结果\ACMR_经营情景市场状态投资决策_2026-07-15.md,60,乐观 / 超预期,1,窄幅主题主导上涨,谨慎建议投资,-21,+32,谨慎建议投资｜-21%～+32%｜低
ACMR,D:\drive\Investment\分析报告\公司情景投资决策\结果\ACMR_经营情景市场状态投资决策_2026-07-15.md,60,乐观 / 超预期,2,震荡均值回归,不建议投资,-31,+4,不建议投资｜-31%～+4%｜低
ACMR,D:\drive\Investment\分析报告\公司情景投资决策\结果\ACMR_经营情景市场状态投资决策_2026-07-15.md,60,乐观 / 超预期,3,有序风险收缩,不建议投资,-49,-11,不建议投资｜-49%～-11%｜低
ACMR,D:\drive\Investment\分析报告\公司情景投资决策\结果\ACMR_经营情景市场状态投资决策_2026-07-15.md,60,乐观 / 超预期,4,流动性信用压力,强烈不建议投资,-66,-29,强烈不建议投资｜-66%～-29%｜低
ACMR,D:\drive\Investment\分析报告\公司情景投资决策\结果\ACMR_经营情景市场状态投资决策_2026-07-15.md,61,突破 / 非线性,0,宽基风险扩张,强烈建议投资,+51,+114,强烈建议投资｜+51%～+114%｜低
ACMR,D:\drive\Investment\分析报告\公司情景投资决策\结果\ACMR_经营情景市场状态投资决策_2026-07-15.md,61,突破 / 非线性,1,窄幅主题主导上涨,强烈建议投资,+25,+126,强烈建议投资｜+25%～+126%｜低
ACMR,D:\drive\Investment\分析报告\公司情景投资决策\结果\ACMR_经营情景市场状态投资决策_2026-07-15.md,61,突破 / 非线性,2,震荡均值回归,建议投资,+7,+76,建议投资｜+7%～+76%｜低
ACMR,D:\drive\Investment\分析报告\公司情景投资决策\结果\ACMR_经营情景市场状态投资决策_2026-07-15.md,61,突破 / 非线性,3,有序风险收缩,谨慎建议投资,-22,+48,谨慎建议投资｜-22%～+48%｜低
ACMR,D:\drive\Investment\分析报告\公司情景投资决策\结果\ACMR_经营情景市场状态投资决策_2026-07-15.md,61,突破 / 非线性,4,流动性信用压力,不建议投资,-49,+25,不建议投资｜-49%～+25%｜低
ADBE,D:\drive\Investment\分析报告\公司情景投资决策\结果\ADBE_经营情景市场状态投资决策_2026-07-15.md,380,悲观 / 受损,0,宽基风险扩张,不建议投资,-32,+15,不建议投资｜-32%～+15%｜中
ADBE,D:\drive\Investment\分析报告\公司情景投资决策\结果\ADBE_经营情景市场状态投资决策_2026-07-15.md,380,悲观 / 受损,1,窄幅主题主导上涨,不建议投资,-34,+8,不建议投资｜-34%～+8%｜中
ADBE,D:\drive\Investment\分析报告\公司情景投资决策\结果\ADBE_经营情景市场状态投资决策_2026-07-15.md,380,悲观 / 受损,2,震荡均值回归,不建议投资,-36,+3,不建议投资｜-36%～+3%｜中
ADBE,D:\drive\Investment\分析报告\公司情景投资决策\结果\ADBE_经营情景市场状态投资决策_2026-07-15.md,380,悲观 / 受损,3,有序风险收缩,强烈不建议投资,-46,-12,强烈不建议投资｜-46%～-12%｜中
ADBE,D:\drive\Investment\分析报告\公司情景投资决策\结果\ADBE_经营情景市场状态投资决策_2026-07-15.md,380,悲观 / 受损,4,流动性信用压力,强烈不建议投资,-65,-31,强烈不建议投资｜-65%～-31%｜低
ADBE,D:\drive\Investment\分析报告\公司情景投资决策\结果\ADBE_经营情景市场状态投资决策_2026-07-15.md,381,基准 / 正常兑现,0,宽基风险扩张,强烈建议投资,+25,+85,强烈建议投资｜+25%～+85%｜中
ADBE,D:\drive\Investment\分析报告\公司情景投资决策\结果\ADBE_经营情景市场状态投资决策_2026-07-15.md,381,基准 / 正常兑现,1,窄幅主题主导上涨,谨慎建议投资,+8,+75,谨慎建议投资｜+8%～+75%｜中
ADBE,D:\drive\Investment\分析报告\公司情景投资决策\结果\ADBE_经营情景市场状态投资决策_2026-07-15.md,381,基准 / 正常兑现,2,震荡均值回归,建议投资,+14,+66,建议投资｜+14%～+66%｜中
ADBE,D:\drive\Investment\分析报告\公司情景投资决策\结果\ADBE_经营情景市场状态投资决策_2026-07-15.md,381,基准 / 正常兑现,3,有序风险收缩,谨慎建议投资,-10,+37,谨慎建议投资｜-10%～+37%｜中
ADBE,D:\drive\Investment\分析报告\公司情景投资决策\结果\ADBE_经营情景市场状态投资决策_2026-07-15.md,381,基准 / 正常兑现,4,流动性信用压力,不建议投资,-34,+5,不建议投资｜-34%～+5%｜低
ADBE,D:\drive\Investment\分析报告\公司情景投资决策\结果\ADBE_经营情景市场状态投资决策_2026-07-15.md,382,乐观 / 超预期,0,宽基风险扩张,强烈建议投资,+70,+173,强烈建议投资｜+70%～+173%｜中
ADBE,D:\drive\Investment\分析报告\公司情景投资决策\结果\ADBE_经营情景市场状态投资决策_2026-07-15.md,382,乐观 / 超预期,1,窄幅主题主导上涨,强烈建议投资,+62,+201,强烈建议投资｜+62%～+201%｜中
ADBE,D:\drive\Investment\分析报告\公司情景投资决策\结果\ADBE_经营情景市场状态投资决策_2026-07-15.md,382,乐观 / 超预期,2,震荡均值回归,强烈建议投资,+54,+143,强烈建议投资｜+54%～+143%｜中
ADBE,D:\drive\Investment\分析报告\公司情景投资决策\结果\ADBE_经营情景市场状态投资决策_2026-07-15.md,382,乐观 / 超预期,3,有序风险收缩,建议投资,+21,+98,建议投资｜+21%～+98%｜低
ADBE,D:\drive\Investment\分析报告\公司情景投资决策\结果\ADBE_经营情景市场状态投资决策_2026-07-15.md,382,乐观 / 超预期,4,流动性信用压力,谨慎建议投资,-19,+49,谨慎建议投资｜-19%～+49%｜低
ADBE,D:\drive\Investment\分析报告\公司情景投资决策\结果\ADBE_经营情景市场状态投资决策_2026-07-15.md,383,突破 / 非线性,0,宽基风险扩张,强烈建议投资,+118,+340,强烈建议投资｜+118%～+340%｜低
ADBE,D:\drive\Investment\分析报告\公司情景投资决策\结果\ADBE_经营情景市场状态投资决策_2026-07-15.md,383,突破 / 非线性,1,窄幅主题主导上涨,强烈建议投资,+107,+410,强烈建议投资｜+107%～+410%｜低
ADBE,D:\drive\Investment\分析报告\公司情景投资决策\结果\ADBE_经营情景市场状态投资决策_2026-07-15.md,383,突破 / 非线性,2,震荡均值回归,强烈建议投资,+98,+270,强烈建议投资｜+98%～+270%｜低
ADBE,D:\drive\Investment\分析报告\公司情景投资决策\结果\ADBE_经营情景市场状态投资决策_2026-07-15.md,383,突破 / 非线性,3,有序风险收缩,强烈建议投资,+60,+164,强烈建议投资｜+60%～+164%｜低
ADBE,D:\drive\Investment\分析报告\公司情景投资决策\结果\ADBE_经营情景市场状态投资决策_2026-07-15.md,383,突破 / 非线性,4,流动性信用压力,建议投资,+10,+86,建议投资｜+10%～+86%｜低
ADI,D:\drive\Investment\分析报告\公司情景投资决策\结果\ADI_经营情景市场状态投资决策_2026-07-15.md,323,悲观 / 受损,0,宽基风险扩张,强烈不建议投资,-50.0,-36.8,强烈不建议投资｜-50.0%～-36.8%｜中
ADI,D:\drive\Investment\分析报告\公司情景投资决策\结果\ADI_经营情景市场状态投资决策_2026-07-15.md,323,悲观 / 受损,1,窄幅主题主导上涨,强烈不建议投资,-52.4,-39.5,强烈不建议投资｜-52.4%～-39.5%｜中
ADI,D:\drive\Investment\分析报告\公司情景投资决策\结果\ADI_经营情景市场状态投资决策_2026-07-15.md,323,悲观 / 受损,2,震荡均值回归,强烈不建议投资,-59.7,-47.6,强烈不建议投资｜-59.7%～-47.6%｜中
ADI,D:\drive\Investment\分析报告\公司情景投资决策\结果\ADI_经营情景市场状态投资决策_2026-07-15.md,323,悲观 / 受损,3,有序风险收缩,强烈不建议投资,-67.0,-55.6,强烈不建议投资｜-67.0%～-55.6%｜低
ADI,D:\drive\Investment\分析报告\公司情景投资决策\结果\ADI_经营情景市场状态投资决策_2026-07-15.md,323,悲观 / 受损,4,流动性信用压力,强烈不建议投资,-74.3,-63.7,强烈不建议投资｜-74.3%～-63.7%｜低
ADI,D:\drive\Investment\分析报告\公司情景投资决策\结果\ADI_经营情景市场状态投资决策_2026-07-15.md,324,基准 / 正常兑现,0,宽基风险扩张,不建议投资,-12.3,+5.3,不建议投资｜-12.3%～+5.3%｜中
ADI,D:\drive\Investment\分析报告\公司情景投资决策\结果\ADI_经营情景市场状态投资决策_2026-07-15.md,324,基准 / 正常兑现,1,窄幅主题主导上涨,不建议投资,-12.3,+9.0,不建议投资｜-12.3%～+9.0%｜中
ADI,D:\drive\Investment\分析报告\公司情景投资决策\结果\ADI_经营情景市场状态投资决策_2026-07-15.md,324,基准 / 正常兑现,2,震荡均值回归,不建议投资,-22.6,-5.9,不建议投资｜-22.6%～-5.9%｜中
ADI,D:\drive\Investment\分析报告\公司情景投资决策\结果\ADI_经营情景市场状态投资决策_2026-07-15.md,324,基准 / 正常兑现,3,有序风险收缩,强烈不建议投资,-36.4,-20.7,强烈不建议投资｜-36.4%～-20.7%｜低
ADI,D:\drive\Investment\分析报告\公司情景投资决策\结果\ADI_经营情景市场状态投资决策_2026-07-15.md,324,基准 / 正常兑现,4,流动性信用压力,强烈不建议投资,-50.3,-35.5,强烈不建议投资｜-50.3%～-35.5%｜低
ADI,D:\drive\Investment\分析报告\公司情景投资决策\结果\ADI_经营情景市场状态投资决策_2026-07-15.md,325,乐观 / 超预期,0,宽基风险扩张,谨慎建议投资,+13.3,+42.5,谨慎建议投资｜+13.3%～+42.5%｜中
ADI,D:\drive\Investment\分析报告\公司情景投资决策\结果\ADI_经营情景市场状态投资决策_2026-07-15.md,325,乐观 / 超预期,1,窄幅主题主导上涨,建议投资,+21.6,+51.7,建议投资｜+21.6%～+51.7%｜中
ADI,D:\drive\Investment\分析报告\公司情景投资决策\结果\ADI_经营情景市场状态投资决策_2026-07-15.md,325,乐观 / 超预期,2,震荡均值回归,谨慎建议投资,+0.9,+28.9,谨慎建议投资｜+0.9%～+28.9%｜中
ADI,D:\drive\Investment\分析报告\公司情景投资决策\结果\ADI_经营情景市场状态投资决策_2026-07-15.md,325,乐观 / 超预期,3,有序风险收缩,不建议投资,-15.7,+10.7,不建议投资｜-15.7%～+10.7%｜低
ADI,D:\drive\Investment\分析报告\公司情景投资决策\结果\ADI_经营情景市场状态投资决策_2026-07-15.md,325,乐观 / 超预期,4,流动性信用压力,强烈不建议投资,-32.3,-7.5,强烈不建议投资｜-32.3%～-7.5%｜低
ADI,D:\drive\Investment\分析报告\公司情景投资决策\结果\ADI_经营情景市场状态投资决策_2026-07-15.md,326,突破 / 非线性,0,宽基风险扩张,强烈建议投资,+42.3,+84.0,强烈建议投资｜+42.3%～+84.0%｜低
ADI,D:\drive\Investment\分析报告\公司情景投资决策\结果\ADI_经营情景市场状态投资决策_2026-07-15.md,326,突破 / 非线性,1,窄幅主题主导上涨,强烈建议投资,+56.9,+100.1,强烈建议投资｜+56.9%～+100.1%｜低
ADI,D:\drive\Investment\分析报告\公司情景投资决策\结果\ADI_经营情景市场状态投资决策_2026-07-15.md,326,突破 / 非线性,2,震荡均值回归,建议投资,+27.8,+67.9,建议投资｜+27.8%～+67.9%｜低
ADI,D:\drive\Investment\分析报告\公司情景投资决策\结果\ADI_经营情景市场状态投资决策_2026-07-15.md,326,突破 / 非线性,3,有序风险收缩,谨慎建议投资,+8.3,+46.4,谨慎建议投资｜+8.3%～+46.4%｜低
ADI,D:\drive\Investment\分析报告\公司情景投资决策\结果\ADI_经营情景市场状态投资决策_2026-07-15.md,326,突破 / 非线性,4,流动性信用压力,谨慎建议投资,-11.1,+24.9,谨慎建议投资｜-11.1%～+24.9%｜低
AEHR,D:\drive\Investment\分析报告\公司情景投资决策\结果\备份\AEHR_2026-07-18T17_43_28-07_00-6484366478\AEHR_经营情景市场状态投资决策_2026-07-15.md,318,悲观 / 受损,0,宽基风险扩张,强烈不建议投资,-94,-52,强烈不建议投资｜−94%～−52%｜中
AEHR,D:\drive\Investment\分析报告\公司情景投资决策\结果\备份\AEHR_2026-07-18T17_43_28-07_00-6484366478\AEHR_经营情景市场状态投资决策_2026-07-15.md,318,悲观 / 受损,1,窄幅主题主导上涨,强烈不建议投资,-94,-56,强烈不建议投资｜−94%～−56%｜中
AEHR,D:\drive\Investment\分析报告\公司情景投资决策\结果\备份\AEHR_2026-07-18T17_43_28-07_00-6484366478\AEHR_经营情景市场状态投资决策_2026-07-15.md,318,悲观 / 受损,2,震荡均值回归,强烈不建议投资,-95,-64,强烈不建议投资｜−95%～−64%｜中
AEHR,D:\drive\Investment\分析报告\公司情景投资决策\结果\备份\AEHR_2026-07-18T17_43_28-07_00-6484366478\AEHR_经营情景市场状态投资决策_2026-07-15.md,318,悲观 / 受损,3,有序风险收缩,强烈不建议投资,-95,-72,强烈不建议投资｜−95%～−72%｜低
AEHR,D:\drive\Investment\分析报告\公司情景投资决策\结果\备份\AEHR_2026-07-18T17_43_28-07_00-6484366478\AEHR_经营情景市场状态投资决策_2026-07-15.md,318,悲观 / 受损,4,流动性信用压力,强烈不建议投资,-96,-80,强烈不建议投资｜−96%～−80%｜低
AEHR,D:\drive\Investment\分析报告\公司情景投资决策\结果\备份\AEHR_2026-07-18T17_43_28-07_00-6484366478\AEHR_经营情景市场状态投资决策_2026-07-15.md,319,基准 / 正常兑现,0,宽基风险扩张,不建议投资,-69,-1,不建议投资｜−69%～−1%｜中
AEHR,D:\drive\Investment\分析报告\公司情景投资决策\结果\备份\AEHR_2026-07-18T17_43_28-07_00-6484366478\AEHR_经营情景市场状态投资决策_2026-07-15.md,319,基准 / 正常兑现,1,窄幅主题主导上涨,不建议投资,-67,+15,不建议投资｜−67%～+15%｜中
AEHR,D:\drive\Investment\分析报告\公司情景投资决策\结果\备份\AEHR_2026-07-18T17_43_28-07_00-6484366478\AEHR_经营情景市场状态投资决策_2026-07-15.md,319,基准 / 正常兑现,2,震荡均值回归,强烈不建议投资,-74,-22,强烈不建议投资｜−74%～−22%｜中
AEHR,D:\drive\Investment\分析报告\公司情景投资决策\结果\备份\AEHR_2026-07-18T17_43_28-07_00-6484366478\AEHR_经营情景市场状态投资决策_2026-07-15.md,319,基准 / 正常兑现,3,有序风险收缩,强烈不建议投资,-78,-43,强烈不建议投资｜−78%～−43%｜中
AEHR,D:\drive\Investment\分析报告\公司情景投资决策\结果\备份\AEHR_2026-07-18T17_43_28-07_00-6484366478\AEHR_经营情景市场状态投资决策_2026-07-15.md,319,基准 / 正常兑现,4,流动性信用压力,强烈不建议投资,-84,-59,强烈不建议投资｜−84%～−59%｜低
AEHR,D:\drive\Investment\分析报告\公司情景投资决策\结果\备份\AEHR_2026-07-18T17_43_28-07_00-6484366478\AEHR_经营情景市场状态投资决策_2026-07-15.md,320,乐观 / 超预期,0,宽基风险扩张,中性 / 等待,-41,+54,中性 / 等待｜−41%～+54%｜中
AEHR,D:\drive\Investment\分析报告\公司情景投资决策\结果\备份\AEHR_2026-07-18T17_43_28-07_00-6484366478\AEHR_经营情景市场状态投资决策_2026-07-15.md,320,乐观 / 超预期,1,窄幅主题主导上涨,谨慎建议投资,-37,+82,谨慎建议投资｜−37%～+82%｜中
AEHR,D:\drive\Investment\分析报告\公司情景投资决策\结果\备份\AEHR_2026-07-18T17_43_28-07_00-6484366478\AEHR_经营情景市场状态投资决策_2026-07-15.md,320,乐观 / 超预期,2,震荡均值回归,不建议投资,-51,+25,不建议投资｜−51%～+25%｜低
AEHR,D:\drive\Investment\分析报告\公司情景投资决策\结果\备份\AEHR_2026-07-18T17_43_28-07_00-6484366478\AEHR_经营情景市场状态投资决策_2026-07-15.md,320,乐观 / 超预期,3,有序风险收缩,强烈不建议投资,-60,-10,强烈不建议投资｜−60%～−10%｜低
AEHR,D:\drive\Investment\分析报告\公司情景投资决策\结果\备份\AEHR_2026-07-18T17_43_28-07_00-6484366478\AEHR_经营情景市场状态投资决策_2026-07-15.md,320,乐观 / 超预期,4,流动性信用压力,强烈不建议投资,-70,-38,强烈不建议投资｜−70%～−38%｜低
AEHR,D:\drive\Investment\分析报告\公司情景投资决策\结果\备份\AEHR_2026-07-18T17_43_28-07_00-6484366478\AEHR_经营情景市场状态投资决策_2026-07-15.md,321,突破 / 非线性,0,宽基风险扩张,建议投资,0,+158,建议投资｜0%～+158%｜低
AEHR,D:\drive\Investment\分析报告\公司情景投资决策\结果\备份\AEHR_2026-07-18T17_43_28-07_00-6484366478\AEHR_经营情景市场状态投资决策_2026-07-15.md,321,突破 / 非线性,1,窄幅主题主导上涨,建议投资,+6,+221,建议投资｜+6%～+221%｜低
AEHR,D:\drive\Investment\分析报告\公司情景投资决策\结果\备份\AEHR_2026-07-18T17_43_28-07_00-6484366478\AEHR_经营情景市场状态投资决策_2026-07-15.md,321,突破 / 非线性,2,震荡均值回归,建议投资,-17,+116,建议投资｜−17%～+116%｜低
AEHR,D:\drive\Investment\分析报告\公司情景投资决策\结果\备份\AEHR_2026-07-18T17_43_28-07_00-6484366478\AEHR_经营情景市场状态投资决策_2026-07-15.md,321,突破 / 非线性,3,有序风险收缩,谨慎建议投资,-32,+64,谨慎建议投资｜−32%～+64%｜低
AEHR,D:\drive\Investment\分析报告\公司情景投资决策\结果\备份\AEHR_2026-07-18T17_43_28-07_00-6484366478\AEHR_经营情景市场状态投资决策_2026-07-15.md,321,突破 / 非线性,4,流动性信用压力,不建议投资,-51,+12,不建议投资｜−51%～+12%｜低
AEIS,D:\drive\Investment\分析报告\公司情景投资决策\结果\AEIS_经营情景市场状态投资决策_2026-07-15.md,66,悲观 / 受损,0,宽基风险扩张,强烈不建议投资,-81,-43,强烈不建议投资｜-81%～-43%｜中
AEIS,D:\drive\Investment\分析报告\公司情景投资决策\结果\AEIS_经营情景市场状态投资决策_2026-07-15.md,66,悲观 / 受损,1,窄幅主题主导上涨,强烈不建议投资,-80,-40,强烈不建议投资｜-80%～-40%｜中
AEIS,D:\drive\Investment\分析报告\公司情景投资决策\结果\AEIS_经营情景市场状态投资决策_2026-07-15.md,66,悲观 / 受损,2,震荡均值回归,强烈不建议投资,-84,-48,强烈不建议投资｜-84%～-48%｜中
AEIS,D:\drive\Investment\分析报告\公司情景投资决策\结果\AEIS_经营情景市场状态投资决策_2026-07-15.md,66,悲观 / 受损,3,有序风险收缩,强烈不建议投资,-86,-57,强烈不建议投资｜-86%～-57%｜中
AEIS,D:\drive\Investment\分析报告\公司情景投资决策\结果\AEIS_经营情景市场状态投资决策_2026-07-15.md,66,悲观 / 受损,4,流动性信用压力,强烈不建议投资,-91,-68,强烈不建议投资｜-91%～-68%｜低
AEIS,D:\drive\Investment\分析报告\公司情景投资决策\结果\AEIS_经营情景市场状态投资决策_2026-07-15.md,67,基准 / 正常兑现,0,宽基风险扩张,不建议投资,-35,+10,不建议投资｜-35%～+10%｜低
AEIS,D:\drive\Investment\分析报告\公司情景投资决策\结果\AEIS_经营情景市场状态投资决策_2026-07-15.md,67,基准 / 正常兑现,1,窄幅主题主导上涨,不建议投资,-30,+18,不建议投资｜-30%～+18%｜低
AEIS,D:\drive\Investment\分析报告\公司情景投资决策\结果\AEIS_经营情景市场状态投资决策_2026-07-15.md,67,基准 / 正常兑现,2,震荡均值回归,强烈不建议投资,-44,-2,强烈不建议投资｜-44%～-2%｜中
AEIS,D:\drive\Investment\分析报告\公司情景投资决策\结果\AEIS_经营情景市场状态投资决策_2026-07-15.md,67,基准 / 正常兑现,3,有序风险收缩,强烈不建议投资,-53,-18,强烈不建议投资｜-53%～-18%｜中
AEIS,D:\drive\Investment\分析报告\公司情景投资决策\结果\AEIS_经营情景市场状态投资决策_2026-07-15.md,67,基准 / 正常兑现,4,流动性信用压力,强烈不建议投资,-68,-38,强烈不建议投资｜-68%～-38%｜低
AEIS,D:\drive\Investment\分析报告\公司情景投资决策\结果\AEIS_经营情景市场状态投资决策_2026-07-15.md,68,乐观 / 超预期,0,宽基风险扩张,谨慎建议投资,-8,+57,谨慎建议投资｜-8%～+57%｜低
AEIS,D:\drive\Investment\分析报告\公司情景投资决策\结果\AEIS_经营情景市场状态投资决策_2026-07-15.md,68,乐观 / 超预期,1,窄幅主题主导上涨,建议投资,0,+72,建议投资｜0%～+72%｜低
AEIS,D:\drive\Investment\分析报告\公司情景投资决策\结果\AEIS_经营情景市场状态投资决策_2026-07-15.md,68,乐观 / 超预期,2,震荡均值回归,中性 / 等待,-20,+42,中性 / 等待｜-20%～+42%｜低
AEIS,D:\drive\Investment\分析报告\公司情景投资决策\结果\AEIS_经营情景市场状态投资决策_2026-07-15.md,68,乐观 / 超预期,3,有序风险收缩,不建议投资,-34,+23,不建议投资｜-34%～+23%｜低
AEIS,D:\drive\Investment\分析报告\公司情景投资决策\结果\AEIS_经营情景市场状态投资决策_2026-07-15.md,68,乐观 / 超预期,4,流动性信用压力,强烈不建议投资,-54,-7,强烈不建议投资｜-54%～-7%｜低
AEIS,D:\drive\Investment\分析报告\公司情景投资决策\结果\AEIS_经营情景市场状态投资决策_2026-07-15.md,69,突破 / 非线性,0,宽基风险扩张,强烈建议投资,+40,+120,强烈建议投资｜+40%～+120%｜低
AEIS,D:\drive\Investment\分析报告\公司情景投资决策\结果\AEIS_经营情景市场状态投资决策_2026-07-15.md,69,突破 / 非线性,1,窄幅主题主导上涨,强烈建议投资,+52,+150,强烈建议投资｜+52%～+150%｜低
AEIS,D:\drive\Investment\分析报告\公司情景投资决策\结果\AEIS_经营情景市场状态投资决策_2026-07-15.md,69,突破 / 非线性,2,震荡均值回归,强烈建议投资,+21,+101,强烈建议投资｜+21%～+101%｜低
AEIS,D:\drive\Investment\分析报告\公司情景投资决策\结果\AEIS_经营情景市场状态投资决策_2026-07-15.md,69,突破 / 非线性,3,有序风险收缩,建议投资,0,+71,建议投资｜0%～+71%｜低
AEIS,D:\drive\Investment\分析报告\公司情景投资决策\结果\AEIS_经营情景市场状态投资决策_2026-07-15.md,69,突破 / 非线性,4,流动性信用压力,中性 / 等待,-32,+40,中性 / 等待｜-32%～+40%｜低
AEP,D:\drive\Investment\分析报告\公司情景投资决策\结果\AEP_经营情景市场状态投资决策_2026-07-15.md,62,悲观 / 受损,0,宽基风险扩张,不建议投资,-23,-7,不建议投资｜-23%～-7%｜中
AEP,D:\drive\Investment\分析报告\公司情景投资决策\结果\AEP_经营情景市场状态投资决策_2026-07-15.md,62,悲观 / 受损,1,窄幅主题主导上涨,不建议投资,-21,-5,不建议投资｜-21%～-5%｜低
AEP,D:\drive\Investment\分析报告\公司情景投资决策\结果\AEP_经营情景市场状态投资决策_2026-07-15.md,62,悲观 / 受损,2,震荡均值回归,不建议投资,-30,-14,不建议投资｜-30%～-14%｜中
AEP,D:\drive\Investment\分析报告\公司情景投资决策\结果\AEP_经营情景市场状态投资决策_2026-07-15.md,62,悲观 / 受损,3,有序风险收缩,强烈不建议投资,-39,-24,强烈不建议投资｜-39%～-24%｜低
AEP,D:\drive\Investment\分析报告\公司情景投资决策\结果\AEP_经营情景市场状态投资决策_2026-07-15.md,62,悲观 / 受损,4,流动性信用压力,强烈不建议投资,-53,-36,强烈不建议投资｜-53%～-36%｜低
AEP,D:\drive\Investment\分析报告\公司情景投资决策\结果\AEP_经营情景市场状态投资决策_2026-07-15.md,63,基准 / 正常兑现,0,宽基风险扩张,中性 / 等待,-3,+16,中性 / 等待｜-3%～+16%｜中
AEP,D:\drive\Investment\分析报告\公司情景投资决策\结果\AEP_经营情景市场状态投资决策_2026-07-15.md,63,基准 / 正常兑现,1,窄幅主题主导上涨,谨慎建议投资,+2,+24,谨慎建议投资｜+2%～+24%｜中
AEP,D:\drive\Investment\分析报告\公司情景投资决策\结果\AEP_经营情景市场状态投资决策_2026-07-15.md,63,基准 / 正常兑现,2,震荡均值回归,中性 / 等待,-11,+8,中性 / 等待｜-11%～+8%｜中
AEP,D:\drive\Investment\分析报告\公司情景投资决策\结果\AEP_经营情景市场状态投资决策_2026-07-15.md,63,基准 / 正常兑现,3,有序风险收缩,不建议投资,-21,-3,不建议投资｜-21%～-3%｜中
AEP,D:\drive\Investment\分析报告\公司情景投资决策\结果\AEP_经营情景市场状态投资决策_2026-07-15.md,63,基准 / 正常兑现,4,流动性信用压力,强烈不建议投资,-37,-17,强烈不建议投资｜-37%～-17%｜低
AEP,D:\drive\Investment\分析报告\公司情景投资决策\结果\AEP_经营情景市场状态投资决策_2026-07-15.md,64,乐观 / 超预期,0,宽基风险扩张,建议投资,+9,+33,建议投资｜+9%～+33%｜中
AEP,D:\drive\Investment\分析报告\公司情景投资决策\结果\AEP_经营情景市场状态投资决策_2026-07-15.md,64,乐观 / 超预期,1,窄幅主题主导上涨,强烈建议投资,+17,+42,强烈建议投资｜+17%～+42%｜低
AEP,D:\drive\Investment\分析报告\公司情景投资决策\结果\AEP_经营情景市场状态投资决策_2026-07-15.md,64,乐观 / 超预期,2,震荡均值回归,谨慎建议投资,0,+25,谨慎建议投资｜0%～+25%｜中
AEP,D:\drive\Investment\分析报告\公司情景投资决策\结果\AEP_经营情景市场状态投资决策_2026-07-15.md,64,乐观 / 超预期,3,有序风险收缩,中性 / 等待,-11,+13,中性 / 等待｜-11%～+13%｜低
AEP,D:\drive\Investment\分析报告\公司情景投资决策\结果\AEP_经营情景市场状态投资决策_2026-07-15.md,64,乐观 / 超预期,4,流动性信用压力,不建议投资,-30,-5,不建议投资｜-30%～-5%｜低
AEP,D:\drive\Investment\分析报告\公司情景投资决策\结果\AEP_经营情景市场状态投资决策_2026-07-15.md,65,突破 / 非线性,0,宽基风险扩张,强烈建议投资,+23,+56,强烈建议投资｜+23%～+56%｜低
AEP,D:\drive\Investment\分析报告\公司情景投资决策\结果\AEP_经营情景市场状态投资决策_2026-07-15.md,65,突破 / 非线性,1,窄幅主题主导上涨,强烈建议投资,+35,+73,强烈建议投资｜+35%～+73%｜低
AEP,D:\drive\Investment\分析报告\公司情景投资决策\结果\AEP_经营情景市场状态投资决策_2026-07-15.md,65,突破 / 非线性,2,震荡均值回归,建议投资,+14,+47,建议投资｜+14%～+47%｜低
AEP,D:\drive\Investment\分析报告\公司情景投资决策\结果\AEP_经营情景市场状态投资决策_2026-07-15.md,65,突破 / 非线性,3,有序风险收缩,谨慎建议投资,0,+31,谨慎建议投资｜0%～+31%｜低
AEP,D:\drive\Investment\分析报告\公司情景投资决策\结果\AEP_经营情景市场状态投资决策_2026-07-15.md,65,突破 / 非线性,4,流动性信用压力,不建议投资,-21,+8,不建议投资｜-21%～+8%｜低
AJNMY,D:\drive\Investment\分析报告\公司情景投资决策\结果\AJNMY_经营情景市场状态投资决策_2026-07-15.md,350,悲观 / 受损,0,宽基风险扩张,强烈不建议投资,-45.6,-29.5,强烈不建议投资｜-45.6%～-29.5%｜中
AJNMY,D:\drive\Investment\分析报告\公司情景投资决策\结果\AJNMY_经营情景市场状态投资决策_2026-07-15.md,350,悲观 / 受损,1,窄幅主题主导上涨,强烈不建议投资,-47.4,-31.3,强烈不建议投资｜-47.4%～-31.3%｜中
AJNMY,D:\drive\Investment\分析报告\公司情景投资决策\结果\AJNMY_经营情景市场状态投资决策_2026-07-15.md,350,悲观 / 受损,2,震荡均值回归,强烈不建议投资,-52.7,-38.5,强烈不建议投资｜-52.7%～-38.5%｜中
AJNMY,D:\drive\Investment\分析报告\公司情景投资决策\结果\AJNMY_经营情景市场状态投资决策_2026-07-15.md,350,悲观 / 受损,3,有序风险收缩,强烈不建议投资,-61.6,-47.4,强烈不建议投资｜-61.6%～-47.4%｜低
AJNMY,D:\drive\Investment\分析报告\公司情景投资决策\结果\AJNMY_经营情景市场状态投资决策_2026-07-15.md,350,悲观 / 受损,4,流动性信用压力,强烈不建议投资,-70.6,-58.1,强烈不建议投资｜-70.6%～-58.1%｜低
AJNMY,D:\drive\Investment\分析报告\公司情景投资决策\结果\AJNMY_经营情景市场状态投资决策_2026-07-15.md,351,基准 / 正常兑现,0,宽基风险扩张,中性 / 等待,-15.3,+4.4,中性 / 等待｜-15.3%～+4.4%｜中
AJNMY,D:\drive\Investment\分析报告\公司情景投资决策\结果\AJNMY_经营情景市场状态投资决策_2026-07-15.md,351,基准 / 正常兑现,1,窄幅主题主导上涨,中性 / 等待,-13.5,+7.9,中性 / 等待｜-13.5%～+7.9%｜中
AJNMY,D:\drive\Investment\分析报告\公司情景投资决策\结果\AJNMY_经营情景市场状态投资决策_2026-07-15.md,351,基准 / 正常兑现,2,震荡均值回归,不建议投资,-26.0,-8.1,不建议投资｜-26.0%～-8.1%｜中
AJNMY,D:\drive\Investment\分析报告\公司情景投资决策\结果\AJNMY_经营情景市场状态投资决策_2026-07-15.md,351,基准 / 正常兑现,3,有序风险收缩,强烈不建议投资,-38.5,-20.6,强烈不建议投资｜-38.5%～-20.6%｜低
AJNMY,D:\drive\Investment\分析报告\公司情景投资决策\结果\AJNMY_经营情景市场状态投资决策_2026-07-15.md,351,基准 / 正常兑现,4,流动性信用压力,强烈不建议投资,-52.7,-36.7,强烈不建议投资｜-52.7%～-36.7%｜低
AJNMY,D:\drive\Investment\分析报告\公司情景投资决策\结果\AJNMY_经营情景市场状态投资决策_2026-07-15.md,352,乐观 / 超预期,0,宽基风险扩张,谨慎建议投资,+9.7,+36.5,谨慎建议投资｜+9.7%～+36.5%｜中
AJNMY,D:\drive\Investment\分析报告\公司情景投资决策\结果\AJNMY_经营情景市场状态投资决策_2026-07-15.md,352,乐观 / 超预期,1,窄幅主题主导上涨,建议投资,+16.9,+47.2,建议投资｜+16.9%～+47.2%｜低
AJNMY,D:\drive\Investment\分析报告\公司情景投资决策\结果\AJNMY_经营情景市场状态投资决策_2026-07-15.md,352,乐观 / 超预期,2,震荡均值回归,谨慎建议投资,-1.0,+22.2,谨慎建议投资｜-1.0%～+22.2%｜中
AJNMY,D:\drive\Investment\分析报告\公司情景投资决策\结果\AJNMY_经营情景市场状态投资决策_2026-07-15.md,352,乐观 / 超预期,3,有序风险收缩,不建议投资,-17.0,+4.4,不建议投资｜-17.0%～+4.4%｜低
AJNMY,D:\drive\Investment\分析报告\公司情景投资决策\结果\AJNMY_经营情景市场状态投资决策_2026-07-15.md,352,乐观 / 超预期,4,流动性信用压力,强烈不建议投资,-34.9,-15.2,强烈不建议投资｜-34.9%～-15.2%｜低
AJNMY,D:\drive\Investment\分析报告\公司情景投资决策\结果\AJNMY_经营情景市场状态投资决策_2026-07-15.md,353,突破 / 非线性,0,宽基风险扩张,强烈建议投资,+49.0,+90.1,强烈建议投资｜+49.0%～+90.1%｜低
AJNMY,D:\drive\Investment\分析报告\公司情景投资决策\结果\AJNMY_经营情景市场状态投资决策_2026-07-15.md,353,突破 / 非线性,1,窄幅主题主导上涨,强烈建议投资,+61.5,+113.3,强烈建议投资｜+61.5%～+113.3%｜低
AJNMY,D:\drive\Investment\分析报告\公司情景投资决策\结果\AJNMY_经营情景市场状态投资决策_2026-07-15.md,353,突破 / 非线性,2,震荡均值回归,强烈建议投资,+33.0,+66.9,强烈建议投资｜+33.0%～+66.9%｜低
AJNMY,D:\drive\Investment\分析报告\公司情景投资决策\结果\AJNMY_经营情景市场状态投资决策_2026-07-15.md,353,突破 / 非线性,3,有序风险收缩,建议投资,+11.6,+40.1,建议投资｜+11.6%～+40.1%｜低
AJNMY,D:\drive\Investment\分析报告\公司情景投资决策\结果\AJNMY_经营情景市场状态投资决策_2026-07-15.md,353,突破 / 非线性,4,流动性信用压力,中性 / 等待,-13.4,+15.1,中性 / 等待｜-13.4%～+15.1%｜低
ALAB,D:\drive\Investment\分析报告\公司情景投资决策\结果\备份\ALAB_2026-08-19T12_34_45-07_00-af0dc1c78c\ALAB_经营情景市场状态投资决策_2026-07-15.md,355,悲观 / 受损,0,宽基风险扩张,强烈不建议投资,-91,-79,强烈不建议投资｜-91%～-79%｜中
ALAB,D:\drive\Investment\分析报告\公司情景投资决策\结果\备份\ALAB_2026-08-19T12_34_45-07_00-af0dc1c78c\ALAB_经营情景市场状态投资决策_2026-07-15.md,355,悲观 / 受损,1,窄幅主题主导上涨,强烈不建议投资,-91,-77,强烈不建议投资｜-91%～-77%｜中
ALAB,D:\drive\Investment\分析报告\公司情景投资决策\结果\备份\ALAB_2026-08-19T12_34_45-07_00-af0dc1c78c\ALAB_经营情景市场状态投资决策_2026-07-15.md,355,悲观 / 受损,2,震荡均值回归,强烈不建议投资,-92,-83,强烈不建议投资｜-92%～-83%｜中
ALAB,D:\drive\Investment\分析报告\公司情景投资决策\结果\备份\ALAB_2026-08-19T12_34_45-07_00-af0dc1c78c\ALAB_经营情景市场状态投资决策_2026-07-15.md,355,悲观 / 受损,3,有序风险收缩,强烈不建议投资,-94,-86,强烈不建议投资｜-94%～-86%｜中
ALAB,D:\drive\Investment\分析报告\公司情景投资决策\结果\备份\ALAB_2026-08-19T12_34_45-07_00-af0dc1c78c\ALAB_经营情景市场状态投资决策_2026-07-15.md,355,悲观 / 受损,4,流动性信用压力,强烈不建议投资,-95,-89,强烈不建议投资｜-95%～-89%｜低
ALAB,D:\drive\Investment\分析报告\公司情景投资决策\结果\备份\ALAB_2026-08-19T12_34_45-07_00-af0dc1c78c\ALAB_经营情景市场状态投资决策_2026-07-15.md,356,基准 / 正常兑现,0,宽基风险扩张,强烈不建议投资,-71,-30,强烈不建议投资｜-71%～-30%｜中
ALAB,D:\drive\Investment\分析报告\公司情景投资决策\结果\备份\ALAB_2026-08-19T12_34_45-07_00-af0dc1c78c\ALAB_经营情景市场状态投资决策_2026-07-15.md,356,基准 / 正常兑现,1,窄幅主题主导上涨,强烈不建议投资,-67,-23,强烈不建议投资｜-67%～-23%｜中
ALAB,D:\drive\Investment\分析报告\公司情景投资决策\结果\备份\ALAB_2026-08-19T12_34_45-07_00-af0dc1c78c\ALAB_经营情景市场状态投资决策_2026-07-15.md,356,基准 / 正常兑现,2,震荡均值回归,强烈不建议投资,-75,-45,强烈不建议投资｜-75%～-45%｜中
ALAB,D:\drive\Investment\分析报告\公司情景投资决策\结果\备份\ALAB_2026-08-19T12_34_45-07_00-af0dc1c78c\ALAB_经营情景市场状态投资决策_2026-07-15.md,356,基准 / 正常兑现,3,有序风险收缩,强烈不建议投资,-80,-57,强烈不建议投资｜-80%～-57%｜中
ALAB,D:\drive\Investment\分析报告\公司情景投资决策\结果\备份\ALAB_2026-08-19T12_34_45-07_00-af0dc1c78c\ALAB_经营情景市场状态投资决策_2026-07-15.md,356,基准 / 正常兑现,4,流动性信用压力,强烈不建议投资,-86,-69,强烈不建议投资｜-86%～-69%｜低
ALAB,D:\drive\Investment\分析报告\公司情景投资决策\结果\备份\ALAB_2026-08-19T12_34_45-07_00-af0dc1c78c\ALAB_经营情景市场状态投资决策_2026-07-15.md,357,乐观 / 超预期,0,宽基风险扩张,谨慎建议投资,-41,+67,谨慎建议投资｜-41%～+67%｜低
ALAB,D:\drive\Investment\分析报告\公司情景投资决策\结果\备份\ALAB_2026-08-19T12_34_45-07_00-af0dc1c78c\ALAB_经营情景市场状态投资决策_2026-07-15.md,357,乐观 / 超预期,1,窄幅主题主导上涨,谨慎建议投资,-32,+85,谨慎建议投资｜-32%～+85%｜低
ALAB,D:\drive\Investment\分析报告\公司情景投资决策\结果\备份\ALAB_2026-08-19T12_34_45-07_00-af0dc1c78c\ALAB_经营情景市场状态投资决策_2026-07-15.md,357,乐观 / 超预期,2,震荡均值回归,中性 / 等待,-50,+28,中性 / 等待｜-50%～+28%｜低
ALAB,D:\drive\Investment\分析报告\公司情景投资决策\结果\备份\ALAB_2026-08-19T12_34_45-07_00-af0dc1c78c\ALAB_经营情景市场状态投资决策_2026-07-15.md,357,乐观 / 超预期,3,有序风险收缩,强烈不建议投资,-61,-3,强烈不建议投资｜-61%～-3%｜低
ALAB,D:\drive\Investment\分析报告\公司情景投资决策\结果\备份\ALAB_2026-08-19T12_34_45-07_00-af0dc1c78c\ALAB_经营情景市场状态投资决策_2026-07-15.md,357,乐观 / 超预期,4,流动性信用压力,强烈不建议投资,-74,-33,强烈不建议投资｜-74%～-33%｜低
ALAB,D:\drive\Investment\分析报告\公司情景投资决策\结果\备份\ALAB_2026-08-19T12_34_45-07_00-af0dc1c78c\ALAB_经营情景市场状态投资决策_2026-07-15.md,358,突破 / 非线性,0,宽基风险扩张,建议投资,+7,+208,建议投资｜+7%～+208%｜低
ALAB,D:\drive\Investment\分析报告\公司情景投资决策\结果\备份\ALAB_2026-08-19T12_34_45-07_00-af0dc1c78c\ALAB_经营情景市场状态投资决策_2026-07-15.md,358,突破 / 非线性,1,窄幅主题主导上涨,建议投资,+23,+242,建议投资｜+23%～+242%｜低
ALAB,D:\drive\Investment\分析报告\公司情景投资决策\结果\备份\ALAB_2026-08-19T12_34_45-07_00-af0dc1c78c\ALAB_经营情景市场状态投资决策_2026-07-15.md,358,突破 / 非线性,2,震荡均值回归,谨慎建议投资,-11,+135,谨慎建议投资｜-11%～+135%｜低
ALAB,D:\drive\Investment\分析报告\公司情景投资决策\结果\备份\ALAB_2026-08-19T12_34_45-07_00-af0dc1c78c\ALAB_经营情景市场状态投资决策_2026-07-15.md,358,突破 / 非线性,3,有序风险收缩,谨慎建议投资,-31,+76,谨慎建议投资｜-31%～+76%｜低
ALAB,D:\drive\Investment\分析报告\公司情景投资决策\结果\备份\ALAB_2026-08-19T12_34_45-07_00-af0dc1c78c\ALAB_经营情景市场状态投资决策_2026-07-15.md,358,突破 / 非线性,4,流动性信用压力,不建议投资,-56,+20,不建议投资｜-56%～+20%｜低
ALLE,D:\drive\Investment\分析报告\公司情景投资决策\结果\ALLE_经营情景市场状态投资决策_2026-07-15.md,52,悲观 / 受损,0,宽基风险扩张,强烈不建议投资,-31,-16,强烈不建议投资｜-31%～-16%｜中
ALLE,D:\drive\Investment\分析报告\公司情景投资决策\结果\ALLE_经营情景市场状态投资决策_2026-07-15.md,52,悲观 / 受损,1,窄幅主题主导上涨,强烈不建议投资,-37,-22,强烈不建议投资｜-37%～-22%｜中
ALLE,D:\drive\Investment\分析报告\公司情景投资决策\结果\ALLE_经营情景市场状态投资决策_2026-07-15.md,52,悲观 / 受损,2,震荡均值回归,强烈不建议投资,-39,-24,强烈不建议投资｜-39%～-24%｜中
ALLE,D:\drive\Investment\分析报告\公司情景投资决策\结果\ALLE_经营情景市场状态投资决策_2026-07-15.md,52,悲观 / 受损,3,有序风险收缩,强烈不建议投资,-51,-36,强烈不建议投资｜-51%～-36%｜中
ALLE,D:\drive\Investment\分析报告\公司情景投资决策\结果\ALLE_经营情景市场状态投资决策_2026-07-15.md,52,悲观 / 受损,4,流动性信用压力,强烈不建议投资,-67,-52,强烈不建议投资｜-67%～-52%｜低
ALLE,D:\drive\Investment\分析报告\公司情景投资决策\结果\ALLE_经营情景市场状态投资决策_2026-07-15.md,53,基准 / 正常兑现,0,宽基风险扩张,谨慎建议投资,+3,+20,谨慎建议投资｜+3%～+20%｜中
ALLE,D:\drive\Investment\分析报告\公司情景投资决策\结果\ALLE_经营情景市场状态投资决策_2026-07-15.md,53,基准 / 正常兑现,1,窄幅主题主导上涨,中性 / 等待,-7,+11,中性 / 等待｜-7%～+11%｜中
ALLE,D:\drive\Investment\分析报告\公司情景投资决策\结果\ALLE_经营情景市场状态投资决策_2026-07-15.md,53,基准 / 正常兑现,2,震荡均值回归,中性 / 等待,-4,+13,中性 / 等待｜-4%～+13%｜中
ALLE,D:\drive\Investment\分析报告\公司情景投资决策\结果\ALLE_经营情景市场状态投资决策_2026-07-15.md,53,基准 / 正常兑现,3,有序风险收缩,不建议投资,-21,-4,不建议投资｜-21%～-4%｜中
ALLE,D:\drive\Investment\分析报告\公司情景投资决策\结果\ALLE_经营情景市场状态投资决策_2026-07-15.md,53,基准 / 正常兑现,4,流动性信用压力,强烈不建议投资,-40,-21,强烈不建议投资｜-40%～-21%｜低
ALLE,D:\drive\Investment\分析报告\公司情景投资决策\结果\ALLE_经营情景市场状态投资决策_2026-07-15.md,54,乐观 / 超预期,0,宽基风险扩张,强烈建议投资,+31,+57,强烈建议投资｜+31%～+57%｜中
ALLE,D:\drive\Investment\分析报告\公司情景投资决策\结果\ALLE_经营情景市场状态投资决策_2026-07-15.md,54,乐观 / 超预期,1,窄幅主题主导上涨,强烈建议投资,+20,+43,强烈建议投资｜+20%～+43%｜中
ALLE,D:\drive\Investment\分析报告\公司情景投资决策\结果\ALLE_经营情景市场状态投资决策_2026-07-15.md,54,乐观 / 超预期,2,震荡均值回归,建议投资,+15,+38,建议投资｜+15%～+38%｜中
ALLE,D:\drive\Investment\分析报告\公司情景投资决策\结果\ALLE_经营情景市场状态投资决策_2026-07-15.md,54,乐观 / 超预期,3,有序风险收缩,谨慎建议投资,-4,+19,谨慎建议投资｜-4%～+19%｜低
ALLE,D:\drive\Investment\分析报告\公司情景投资决策\结果\ALLE_经营情景市场状态投资决策_2026-07-15.md,54,乐观 / 超预期,4,流动性信用压力,不建议投资,-28,-3,不建议投资｜-28%～-3%｜低
ALLE,D:\drive\Investment\分析报告\公司情景投资决策\结果\ALLE_经营情景市场状态投资决策_2026-07-15.md,55,突破 / 非线性,0,宽基风险扩张,强烈建议投资,+64,+102,强烈建议投资｜+64%～+102%｜低
ALLE,D:\drive\Investment\分析报告\公司情景投资决策\结果\ALLE_经营情景市场状态投资决策_2026-07-15.md,55,突破 / 非线性,1,窄幅主题主导上涨,强烈建议投资,+50,+86,强烈建议投资｜+50%～+86%｜低
ALLE,D:\drive\Investment\分析报告\公司情景投资决策\结果\ALLE_经营情景市场状态投资决策_2026-07-15.md,55,突破 / 非线性,2,震荡均值回归,强烈建议投资,+41,+74,强烈建议投资｜+41%～+74%｜低
ALLE,D:\drive\Investment\分析报告\公司情景投资决策\结果\ALLE_经营情景市场状态投资决策_2026-07-15.md,55,突破 / 非线性,3,有序风险收缩,建议投资,+17,+50,建议投资｜+17%～+50%｜低
ALLE,D:\drive\Investment\分析报告\公司情景投资决策\结果\ALLE_经营情景市场状态投资决策_2026-07-15.md,55,突破 / 非线性,4,流动性信用压力,谨慎建议投资,-13,+23,谨慎建议投资｜-13%～+23%｜低
AMAT,D:\drive\Investment\分析报告\公司情景投资决策\结果\AMAT_经营情景市场状态投资决策_2026-07-15.md,341,悲观 / 受损,0,宽基风险扩张,强烈不建议投资,-61.9,-43.1,强烈不建议投资｜-61.9%～-43.1%｜中
AMAT,D:\drive\Investment\分析报告\公司情景投资决策\结果\AMAT_经营情景市场状态投资决策_2026-07-15.md,341,悲观 / 受损,1,窄幅主题主导上涨,强烈不建议投资,-63.6,-43.1,强烈不建议投资｜-63.6%～-43.1%｜中
AMAT,D:\drive\Investment\分析报告\公司情景投资决策\结果\AMAT_经营情景市场状态投资决策_2026-07-15.md,341,悲观 / 受损,2,震荡均值回归,强烈不建议投资,-68.8,-51.6,强烈不建议投资｜-68.8%～-51.6%｜中
AMAT,D:\drive\Investment\分析报告\公司情景投资决策\结果\AMAT_经营情景市场状态投资决策_2026-07-15.md,341,悲观 / 受损,3,有序风险收缩,强烈不建议投资,-86.4,-75.0,强烈不建议投资｜-86.4%～-75.0%｜低
AMAT,D:\drive\Investment\分析报告\公司情景投资决策\结果\AMAT_经营情景市场状态投资决策_2026-07-15.md,341,悲观 / 受损,4,流动性信用压力,强烈不建议投资,-90.1,-81.9,强烈不建议投资｜-90.1%～-81.9%｜低
AMAT,D:\drive\Investment\分析报告\公司情景投资决策\结果\AMAT_经营情景市场状态投资决策_2026-07-15.md,342,基准 / 正常兑现,0,宽基风险扩张,不建议投资,-25.5,+9.2,不建议投资｜-25.5%～+9.2%｜中
AMAT,D:\drive\Investment\分析报告\公司情景投资决策\结果\AMAT_经营情景市场状态投资决策_2026-07-15.md,342,基准 / 正常兑现,1,窄幅主题主导上涨,中性 / 等待,-20.3,+18.5,中性 / 等待｜-20.3%～+18.5%｜中
AMAT,D:\drive\Investment\分析报告\公司情景投资决策\结果\AMAT_经营情景市场状态投资决策_2026-07-15.md,342,基准 / 正常兑现,2,震荡均值回归,强烈不建议投资,-35.7,-3.2,强烈不建议投资｜-35.7%～-3.2%｜低
AMAT,D:\drive\Investment\分析报告\公司情景投资决策\结果\AMAT_经营情景市场状态投资决策_2026-07-15.md,342,基准 / 正常兑现,3,有序风险收缩,强烈不建议投资,-69.0,-44.5,强烈不建议投资｜-69.0%～-44.5%｜低
AMAT,D:\drive\Investment\分析报告\公司情景投资决策\结果\AMAT_经营情景市场状态投资决策_2026-07-15.md,342,基准 / 正常兑现,4,流动性信用压力,强烈不建议投资,-78.0,-60.7,强烈不建议投资｜-78.0%～-60.7%｜低
AMAT,D:\drive\Investment\分析报告\公司情景投资决策\结果\AMAT_经营情景市场状态投资决策_2026-07-15.md,343,乐观 / 超预期,0,宽基风险扩张,建议投资,+5.2,+56.5,建议投资｜+5.2%～+56.5%｜中
AMAT,D:\drive\Investment\分析报告\公司情景投资决策\结果\AMAT_经营情景市场状态投资决策_2026-07-15.md,343,乐观 / 超预期,1,窄幅主题主导上涨,建议投资,+14.7,+72.0,建议投资｜+14.7%～+72.0%｜中
AMAT,D:\drive\Investment\分析报告\公司情景投资决策\结果\AMAT_经营情景市场状态投资决策_2026-07-15.md,343,乐观 / 超预期,2,震荡均值回归,谨慎建议投资,-10.7,+33.0,谨慎建议投资｜-10.7%～+33.0%｜低
AMAT,D:\drive\Investment\分析报告\公司情景投资决策\结果\AMAT_经营情景市场状态投资决策_2026-07-15.md,343,乐观 / 超预期,3,有序风险收缩,强烈不建议投资,-52.4,-13.8,强烈不建议投资｜-52.4%～-13.8%｜低
AMAT,D:\drive\Investment\分析报告\公司情景投资决策\结果\AMAT_经营情景市场状态投资决策_2026-07-15.md,343,乐观 / 超预期,4,流动性信用压力,强烈不建议投资,-66.4,-39.5,强烈不建议投资｜-66.4%～-39.5%｜低
AMAT,D:\drive\Investment\分析报告\公司情景投资决策\结果\AMAT_经营情景市场状态投资决策_2026-07-15.md,344,突破 / 非线性,0,宽基风险扩张,强烈建议投资,+50.6,+137.1,强烈建议投资｜+50.6%～+137.1%｜低
AMAT,D:\drive\Investment\分析报告\公司情景投资决策\结果\AMAT_经营情景市场状态投资决策_2026-07-15.md,344,突破 / 非线性,1,窄幅主题主导上涨,强烈建议投资,+62.7,+157.6,强烈建议投资｜+62.7%～+157.6%｜低
AMAT,D:\drive\Investment\分析报告\公司情景投资决策\结果\AMAT_经营情景市场状态投资决策_2026-07-15.md,344,突破 / 非线性,2,震荡均值回归,强烈建议投资,+26.1,+101.0,强烈建议投资｜+26.1%～+101.0%｜低
AMAT,D:\drive\Investment\分析报告\公司情景投资决策\结果\AMAT_经营情景市场状态投资决策_2026-07-15.md,344,突破 / 非线性,3,有序风险收缩,谨慎建议投资,-24.0,+45.1,谨慎建议投资｜-24.0%～+45.1%｜低
AMAT,D:\drive\Investment\分析报告\公司情景投资决策\结果\AMAT_经营情景市场状态投资决策_2026-07-15.md,344,突破 / 非线性,4,流动性信用压力,强烈不建议投资,-47.4,+0.4,强烈不建议投资｜-47.4%～+0.4%｜低
AMD,D:\drive\Investment\分析报告\公司情景投资决策\结果\AMD_经营情景市场状态投资决策_2026-07-15.md,350,悲观 / 受损,0,宽基风险扩张,强烈不建议投资,-87,-74,强烈不建议投资｜-87%～-74%｜中
AMD,D:\drive\Investment\分析报告\公司情景投资决策\结果\AMD_经营情景市场状态投资决策_2026-07-15.md,350,悲观 / 受损,1,窄幅主题主导上涨,强烈不建议投资,-87,-72,强烈不建议投资｜-87%～-72%｜中
AMD,D:\drive\Investment\分析报告\公司情景投资决策\结果\AMD_经营情景市场状态投资决策_2026-07-15.md,350,悲观 / 受损,2,震荡均值回归,强烈不建议投资,-90,-78,强烈不建议投资｜-90%～-78%｜中
AMD,D:\drive\Investment\分析报告\公司情景投资决策\结果\AMD_经营情景市场状态投资决策_2026-07-15.md,350,悲观 / 受损,3,有序风险收缩,强烈不建议投资,-91,-81,强烈不建议投资｜-91%～-81%｜中
AMD,D:\drive\Investment\分析报告\公司情景投资决策\结果\AMD_经营情景市场状态投资决策_2026-07-15.md,350,悲观 / 受损,4,流动性信用压力,强烈不建议投资,-93,-85,强烈不建议投资｜-93%～-85%｜低
AMD,D:\drive\Investment\分析报告\公司情景投资决策\结果\AMD_经营情景市场状态投资决策_2026-07-15.md,351,基准 / 正常兑现,0,宽基风险扩张,不建议投资,-53,-2,不建议投资｜-53%～-2%｜低
AMD,D:\drive\Investment\分析报告\公司情景投资决策\结果\AMD_经营情景市场状态投资决策_2026-07-15.md,351,基准 / 正常兑现,1,窄幅主题主导上涨,不建议投资,-47,+12,不建议投资｜-47%～+12%｜低
AMD,D:\drive\Investment\分析报告\公司情景投资决策\结果\AMD_经营情景市场状态投资决策_2026-07-15.md,351,基准 / 正常兑现,2,震荡均值回归,强烈不建议投资,-61,-19,强烈不建议投资｜-61%～-19%｜低
AMD,D:\drive\Investment\分析报告\公司情景投资决策\结果\AMD_经营情景市场状态投资决策_2026-07-15.md,351,基准 / 正常兑现,3,有序风险收缩,强烈不建议投资,-70,-33,强烈不建议投资｜-70%～-33%｜低
AMD,D:\drive\Investment\分析报告\公司情景投资决策\结果\AMD_经营情景市场状态投资决策_2026-07-15.md,351,基准 / 正常兑现,4,流动性信用压力,强烈不建议投资,-79,-49,强烈不建议投资｜-79%～-49%｜低
AMD,D:\drive\Investment\分析报告\公司情景投资决策\结果\AMD_经营情景市场状态投资决策_2026-07-15.md,352,乐观 / 超预期,0,宽基风险扩张,谨慎建议投资,-9,+85,谨慎建议投资｜-9%～+85%｜低
AMD,D:\drive\Investment\分析报告\公司情景投资决策\结果\AMD_经营情景市场状态投资决策_2026-07-15.md,352,乐观 / 超预期,1,窄幅主题主导上涨,建议投资,+4,+112,建议投资｜+4%～+112%｜低
AMD,D:\drive\Investment\分析报告\公司情景投资决策\结果\AMD_经营情景市场状态投资决策_2026-07-15.md,352,乐观 / 超预期,2,震荡均值回归,谨慎建议投资,-23,+51,谨慎建议投资｜-23%～+51%｜低
AMD,D:\drive\Investment\分析报告\公司情景投资决策\结果\AMD_经营情景市场状态投资决策_2026-07-15.md,352,乐观 / 超预期,3,有序风险收缩,中性 / 等待,-40,+25,中性 / 等待｜-40%～+25%｜低
AMD,D:\drive\Investment\分析报告\公司情景投资决策\结果\AMD_经营情景市场状态投资决策_2026-07-15.md,352,乐观 / 超预期,4,流动性信用压力,不建议投资,-57,-6,不建议投资｜-57%～-6%｜低
AMD,D:\drive\Investment\分析报告\公司情景投资决策\结果\AMD_经营情景市场状态投资决策_2026-07-15.md,353,突破 / 非线性,0,宽基风险扩张,强烈建议投资,+47,+212,强烈建议投资｜+47%～+212%｜低
AMD,D:\drive\Investment\分析报告\公司情景投资决策\结果\AMD_经营情景市场状态投资决策_2026-07-15.md,353,突破 / 非线性,1,窄幅主题主导上涨,强烈建议投资,+70,+259,强烈建议投资｜+70%～+259%｜低
AMD,D:\drive\Investment\分析报告\公司情景投资决策\结果\AMD_经营情景市场状态投资决策_2026-07-15.md,353,突破 / 非线性,2,震荡均值回归,强烈建议投资,+27,+155,强烈建议投资｜+27%～+155%｜低
AMD,D:\drive\Investment\分析报告\公司情景投资决策\结果\AMD_经营情景市场状态投资决策_2026-07-15.md,353,突破 / 非线性,3,有序风险收缩,建议投资,-2,+108,建议投资｜-2%～+108%｜低
AMD,D:\drive\Investment\分析报告\公司情景投资决策\结果\AMD_经营情景市场状态投资决策_2026-07-15.md,353,突破 / 非线性,4,流动性信用压力,谨慎建议投资,-28,+57,谨慎建议投资｜-28%～+57%｜低
AMKR,D:\drive\Investment\分析报告\公司情景投资决策\结果\备份\AMKR_2026-08-19T12_34_36-07_00-1847f57652\AMKR_经营情景市场状态投资决策_2026-07-15.md,338,悲观 / 受损,0,宽基风险扩张,强烈不建议投资,-64,-37,强烈不建议投资｜−64%～−37%｜中
AMKR,D:\drive\Investment\分析报告\公司情景投资决策\结果\备份\AMKR_2026-08-19T12_34_36-07_00-1847f57652\AMKR_经营情景市场状态投资决策_2026-07-15.md,338,悲观 / 受损,1,窄幅主题主导上涨,强烈不建议投资,-68,-40,强烈不建议投资｜−68%～−40%｜中
AMKR,D:\drive\Investment\分析报告\公司情景投资决策\结果\备份\AMKR_2026-08-19T12_34_36-07_00-1847f57652\AMKR_经营情景市场状态投资决策_2026-07-15.md,338,悲观 / 受损,2,震荡均值回归,强烈不建议投资,-77,-54,强烈不建议投资｜−77%～−54%｜中
AMKR,D:\drive\Investment\分析报告\公司情景投资决策\结果\备份\AMKR_2026-08-19T12_34_36-07_00-1847f57652\AMKR_经营情景市场状态投资决策_2026-07-15.md,338,悲观 / 受损,3,有序风险收缩,强烈不建议投资,-86,-65,强烈不建议投资｜−86%～−65%｜低
AMKR,D:\drive\Investment\分析报告\公司情景投资决策\结果\备份\AMKR_2026-08-19T12_34_36-07_00-1847f57652\AMKR_经营情景市场状态投资决策_2026-07-15.md,338,悲观 / 受损,4,流动性信用压力,强烈不建议投资,-95,-76,强烈不建议投资｜−95%～−76%｜低
AMKR,D:\drive\Investment\分析报告\公司情景投资决策\结果\备份\AMKR_2026-08-19T12_34_36-07_00-1847f57652\AMKR_经营情景市场状态投资决策_2026-07-15.md,339,基准 / 正常兑现,0,宽基风险扩张,中性 / 等待,-17,+22,中性 / 等待｜−17%～+22%｜中
AMKR,D:\drive\Investment\分析报告\公司情景投资决策\结果\备份\AMKR_2026-08-19T12_34_36-07_00-1847f57652\AMKR_经营情景市场状态投资决策_2026-07-15.md,339,基准 / 正常兑现,1,窄幅主题主导上涨,谨慎建议投资,-8,+38,谨慎建议投资｜−8%～+38%｜中
AMKR,D:\drive\Investment\分析报告\公司情景投资决策\结果\备份\AMKR_2026-08-19T12_34_36-07_00-1847f57652\AMKR_经营情景市场状态投资决策_2026-07-15.md,339,基准 / 正常兑现,2,震荡均值回归,不建议投资,-36,+2,不建议投资｜−36%～+2%｜中
AMKR,D:\drive\Investment\分析报告\公司情景投资决策\结果\备份\AMKR_2026-08-19T12_34_36-07_00-1847f57652\AMKR_经营情景市场状态投资决策_2026-07-15.md,339,基准 / 正常兑现,3,有序风险收缩,强烈不建议投资,-54,-19,强烈不建议投资｜−54%～−19%｜低
AMKR,D:\drive\Investment\分析报告\公司情景投资决策\结果\备份\AMKR_2026-08-19T12_34_36-07_00-1847f57652\AMKR_经营情景市场状态投资决策_2026-07-15.md,339,基准 / 正常兑现,4,流动性信用压力,强烈不建议投资,-72,-40,强烈不建议投资｜−72%～−40%｜低
AMKR,D:\drive\Investment\分析报告\公司情景投资决策\结果\备份\AMKR_2026-08-19T12_34_36-07_00-1847f57652\AMKR_经营情景市场状态投资决策_2026-07-15.md,340,乐观 / 超预期,0,宽基风险扩张,建议投资,+8,+61,建议投资｜+8%～+61%｜中
AMKR,D:\drive\Investment\分析报告\公司情景投资决策\结果\备份\AMKR_2026-08-19T12_34_36-07_00-1847f57652\AMKR_经营情景市场状态投资决策_2026-07-15.md,340,乐观 / 超预期,1,窄幅主题主导上涨,强烈建议投资,+23,+85,强烈建议投资｜+23%～+85%｜中
AMKR,D:\drive\Investment\分析报告\公司情景投资决策\结果\备份\AMKR_2026-08-19T12_34_36-07_00-1847f57652\AMKR_经营情景市场状态投资决策_2026-07-15.md,340,乐观 / 超预期,2,震荡均值回归,谨慎建议投资,-13,+38,谨慎建议投资｜−13%～+38%｜中
AMKR,D:\drive\Investment\分析报告\公司情景投资决策\结果\备份\AMKR_2026-08-19T12_34_36-07_00-1847f57652\AMKR_经营情景市场状态投资决策_2026-07-15.md,340,乐观 / 超预期,3,有序风险收缩,不建议投资,-33,+8,不建议投资｜−33%～+8%｜低
AMKR,D:\drive\Investment\分析报告\公司情景投资决策\结果\备份\AMKR_2026-08-19T12_34_36-07_00-1847f57652\AMKR_经营情景市场状态投资决策_2026-07-15.md,340,乐观 / 超预期,4,流动性信用压力,强烈不建议投资,-54,-16,强烈不建议投资｜−54%～−16%｜低
AMKR,D:\drive\Investment\分析报告\公司情景投资决策\结果\备份\AMKR_2026-08-19T12_34_36-07_00-1847f57652\AMKR_经营情景市场状态投资决策_2026-07-15.md,341,突破 / 非线性,0,宽基风险扩张,强烈建议投资,+42,+109,强烈建议投资｜+42%～+109%｜低
AMKR,D:\drive\Investment\分析报告\公司情景投资决策\结果\备份\AMKR_2026-08-19T12_34_36-07_00-1847f57652\AMKR_经营情景市场状态投资决策_2026-07-15.md,341,突破 / 非线性,1,窄幅主题主导上涨,强烈建议投资,+72,+143,强烈建议投资｜+72%～+143%｜低
AMKR,D:\drive\Investment\分析报告\公司情景投资决策\结果\备份\AMKR_2026-08-19T12_34_36-07_00-1847f57652\AMKR_经营情景市场状态投资决策_2026-07-15.md,341,突破 / 非线性,2,震荡均值回归,建议投资,+18,+82,建议投资｜+18%～+82%｜低
AMKR,D:\drive\Investment\分析报告\公司情景投资决策\结果\备份\AMKR_2026-08-19T12_34_36-07_00-1847f57652\AMKR_经营情景市场状态投资决策_2026-07-15.md,341,突破 / 非线性,3,有序风险收缩,建议投资,-5,+48,建议投资｜−5%～+48%｜低
AMKR,D:\drive\Investment\分析报告\公司情景投资决策\结果\备份\AMKR_2026-08-19T12_34_36-07_00-1847f57652\AMKR_经营情景市场状态投资决策_2026-07-15.md,341,突破 / 非线性,4,流动性信用压力,不建议投资,-35,+15,不建议投资｜−35%～+15%｜低
AMPX,D:\drive\Investment\分析报告\公司情景投资决策\结果\AMPX_经营情景市场状态投资决策_2026-07-15.md,374,悲观 / 受损,0,宽基风险扩张,强烈不建议投资,-100,-70,强烈不建议投资｜-100%～-70%｜中
AMPX,D:\drive\Investment\分析报告\公司情景投资决策\结果\AMPX_经营情景市场状态投资决策_2026-07-15.md,374,悲观 / 受损,1,窄幅主题主导上涨,强烈不建议投资,-100,-67,强烈不建议投资｜-100%～-67%｜中
AMPX,D:\drive\Investment\分析报告\公司情景投资决策\结果\AMPX_经营情景市场状态投资决策_2026-07-15.md,374,悲观 / 受损,2,震荡均值回归,强烈不建议投资,-100,-77,强烈不建议投资｜-100%～-77%｜中
AMPX,D:\drive\Investment\分析报告\公司情景投资决策\结果\AMPX_经营情景市场状态投资决策_2026-07-15.md,374,悲观 / 受损,3,有序风险收缩,强烈不建议投资,-100,-82,强烈不建议投资｜-100%～-82%｜低
AMPX,D:\drive\Investment\分析报告\公司情景投资决策\结果\AMPX_经营情景市场状态投资决策_2026-07-15.md,374,悲观 / 受损,4,流动性信用压力,强烈不建议投资,-100,-89,强烈不建议投资｜-100%～-89%｜低
AMPX,D:\drive\Investment\分析报告\公司情景投资决策\结果\AMPX_经营情景市场状态投资决策_2026-07-15.md,375,基准 / 正常兑现,0,宽基风险扩张,强烈不建议投资,-73,+14,强烈不建议投资｜-73%～+14%｜低
AMPX,D:\drive\Investment\分析报告\公司情景投资决策\结果\AMPX_经营情景市场状态投资决策_2026-07-15.md,375,基准 / 正常兑现,1,窄幅主题主导上涨,不建议投资,-71,+22,不建议投资｜-71%～+22%｜低
AMPX,D:\drive\Investment\分析报告\公司情景投资决策\结果\AMPX_经营情景市场状态投资决策_2026-07-15.md,375,基准 / 正常兑现,2,震荡均值回归,强烈不建议投资,-77,-8,强烈不建议投资｜-77%～-8%｜低
AMPX,D:\drive\Investment\分析报告\公司情景投资决策\结果\AMPX_经营情景市场状态投资决策_2026-07-15.md,375,基准 / 正常兑现,3,有序风险收缩,强烈不建议投资,-82,-27,强烈不建议投资｜-82%～-27%｜低
AMPX,D:\drive\Investment\分析报告\公司情景投资决策\结果\AMPX_经营情景市场状态投资决策_2026-07-15.md,375,基准 / 正常兑现,4,流动性信用压力,强烈不建议投资,-86,-45,强烈不建议投资｜-86%～-45%｜低
AMPX,D:\drive\Investment\分析报告\公司情景投资决策\结果\AMPX_经营情景市场状态投资决策_2026-07-15.md,376,乐观 / 超预期,0,宽基风险扩张,谨慎建议投资,-22,+90,谨慎建议投资｜-22%～+90%｜低
AMPX,D:\drive\Investment\分析报告\公司情景投资决策\结果\AMPX_经营情景市场状态投资决策_2026-07-15.md,376,乐观 / 超预期,1,窄幅主题主导上涨,建议投资,-17,+104,建议投资｜-17%～+104%｜低
AMPX,D:\drive\Investment\分析报告\公司情景投资决策\结果\AMPX_经营情景市场状态投资决策_2026-07-15.md,376,乐观 / 超预期,2,震荡均值回归,中性 / 等待,-36,+50,中性 / 等待｜-36%～+50%｜低
AMPX,D:\drive\Investment\分析报告\公司情景投资决策\结果\AMPX_经营情景市场状态投资决策_2026-07-15.md,376,乐观 / 超预期,3,有序风险收缩,不建议投资,-49,+21,不建议投资｜-49%～+21%｜低
AMPX,D:\drive\Investment\分析报告\公司情景投资决策\结果\AMPX_经营情景市场状态投资决策_2026-07-15.md,376,乐观 / 超预期,4,流动性信用压力,强烈不建议投资,-63,-9,强烈不建议投资｜-63%～-9%｜低
AMPX,D:\drive\Investment\分析报告\公司情景投资决策\结果\AMPX_经营情景市场状态投资决策_2026-07-15.md,377,突破 / 非线性,0,宽基风险扩张,强烈建议投资,+50,+268,强烈建议投资｜+50%～+268%｜低
AMPX,D:\drive\Investment\分析报告\公司情景投资决策\结果\AMPX_经营情景市场状态投资决策_2026-07-15.md,377,突破 / 非线性,1,窄幅主题主导上涨,强烈建议投资,+59,+296,强烈建议投资｜+59%～+296%｜低
AMPX,D:\drive\Investment\分析报告\公司情景投资决策\结果\AMPX_经营情景市场状态投资决策_2026-07-15.md,377,突破 / 非线性,2,震荡均值回归,建议投资,+22,+182,建议投资｜+22%～+182%｜低
AMPX,D:\drive\Investment\分析报告\公司情景投资决策\结果\AMPX_经营情景市场状态投资决策_2026-07-15.md,377,突破 / 非线性,3,有序风险收缩,建议投资,-2,+115,建议投资｜-2%～+115%｜低
AMPX,D:\drive\Investment\分析报告\公司情景投资决策\结果\AMPX_经营情景市场状态投资决策_2026-07-15.md,377,突破 / 非线性,4,流动性信用压力,谨慎建议投资,-29,+54,谨慎建议投资｜-29%～+54%｜低
AMZN,D:\drive\Investment\分析报告\公司情景投资决策\结果\AMZN_经营情景市场状态投资决策_2026-07-15.md,454,悲观 / 受损,0,宽基风险扩张,不建议投资,-38,-11,不建议投资｜-38%～-11%｜中
AMZN,D:\drive\Investment\分析报告\公司情景投资决策\结果\AMZN_经营情景市场状态投资决策_2026-07-15.md,454,悲观 / 受损,1,窄幅主题主导上涨,不建议投资,-32,-1,不建议投资｜-32%～-1%｜中
AMZN,D:\drive\Investment\分析报告\公司情景投资决策\结果\AMZN_经营情景市场状态投资决策_2026-07-15.md,454,悲观 / 受损,2,震荡均值回归,强烈不建议投资,-47,-21,强烈不建议投资｜-47%～-21%｜中
AMZN,D:\drive\Investment\分析报告\公司情景投资决策\结果\AMZN_经营情景市场状态投资决策_2026-07-15.md,454,悲观 / 受损,3,有序风险收缩,强烈不建议投资,-56,-33,强烈不建议投资｜-56%～-33%｜低
AMZN,D:\drive\Investment\分析报告\公司情景投资决策\结果\AMZN_经营情景市场状态投资决策_2026-07-15.md,454,悲观 / 受损,4,流动性信用压力,强烈不建议投资,-67,-47,强烈不建议投资｜-67%～-47%｜低
AMZN,D:\drive\Investment\分析报告\公司情景投资决策\结果\AMZN_经营情景市场状态投资决策_2026-07-15.md,455,基准 / 正常兑现,0,宽基风险扩张,中性 / 等待,-15,+22,中性 / 等待｜-15%～+22%｜中
AMZN,D:\drive\Investment\分析报告\公司情景投资决策\结果\AMZN_经营情景市场状态投资决策_2026-07-15.md,455,基准 / 正常兑现,1,窄幅主题主导上涨,谨慎建议投资,-6,+34,谨慎建议投资｜-6%～+34%｜中
AMZN,D:\drive\Investment\分析报告\公司情景投资决策\结果\AMZN_经营情景市场状态投资决策_2026-07-15.md,455,基准 / 正常兑现,2,震荡均值回归,不建议投资,-26,+8,不建议投资｜-26%～+8%｜中
AMZN,D:\drive\Investment\分析报告\公司情景投资决策\结果\AMZN_经营情景市场状态投资决策_2026-07-15.md,455,基准 / 正常兑现,3,有序风险收缩,强烈不建议投资,-38,-8,强烈不建议投资｜-38%～-8%｜低
AMZN,D:\drive\Investment\分析报告\公司情景投资决策\结果\AMZN_经营情景市场状态投资决策_2026-07-15.md,455,基准 / 正常兑现,4,流动性信用压力,强烈不建议投资,-54,-26,强烈不建议投资｜-54%～-26%｜低
AMZN,D:\drive\Investment\分析报告\公司情景投资决策\结果\AMZN_经营情景市场状态投资决策_2026-07-15.md,456,乐观 / 超预期,0,宽基风险扩张,建议投资,+5,+46,建议投资｜+5%～+46%｜中
AMZN,D:\drive\Investment\分析报告\公司情景投资决策\结果\AMZN_经营情景市场状态投资决策_2026-07-15.md,456,乐观 / 超预期,1,窄幅主题主导上涨,建议投资,+14,+61,建议投资｜+14%～+61%｜中
AMZN,D:\drive\Investment\分析报告\公司情景投资决策\结果\AMZN_经营情景市场状态投资决策_2026-07-15.md,456,乐观 / 超预期,2,震荡均值回归,谨慎建议投资,-10,+30,谨慎建议投资｜-10%～+30%｜中
AMZN,D:\drive\Investment\分析报告\公司情景投资决策\结果\AMZN_经营情景市场状态投资决策_2026-07-15.md,456,乐观 / 超预期,3,有序风险收缩,不建议投资,-24,+11,不建议投资｜-24%～+11%｜低
AMZN,D:\drive\Investment\分析报告\公司情景投资决策\结果\AMZN_经营情景市场状态投资决策_2026-07-15.md,456,乐观 / 超预期,4,流动性信用压力,强烈不建议投资,-42,-10,强烈不建议投资｜-42%～-10%｜低
AMZN,D:\drive\Investment\分析报告\公司情景投资决策\结果\AMZN_经营情景市场状态投资决策_2026-07-15.md,457,突破 / 非线性,0,宽基风险扩张,强烈建议投资,+30,+82,强烈建议投资｜+30%～+82%｜低
AMZN,D:\drive\Investment\分析报告\公司情景投资决策\结果\AMZN_经营情景市场状态投资决策_2026-07-15.md,457,突破 / 非线性,1,窄幅主题主导上涨,强烈建议投资,+42,+101,强烈建议投资｜+42%～+101%｜低
AMZN,D:\drive\Investment\分析报告\公司情景投资决策\结果\AMZN_经营情景市场状态投资决策_2026-07-15.md,457,突破 / 非线性,2,震荡均值回归,建议投资,+12,+62,建议投资｜+12%～+62%｜低
AMZN,D:\drive\Investment\分析报告\公司情景投资决策\结果\AMZN_经营情景市场状态投资决策_2026-07-15.md,457,突破 / 非线性,3,有序风险收缩,谨慎建议投资,-5,+40,谨慎建议投资｜-5%～+40%｜低
AMZN,D:\drive\Investment\分析报告\公司情景投资决策\结果\AMZN_经营情景市场状态投资决策_2026-07-15.md,457,突破 / 非线性,4,流动性信用压力,不建议投资,-27,+13,不建议投资｜-27%～+13%｜低
ANET,D:\drive\Investment\分析报告\公司情景投资决策\结果\备份\ANET_2026-08-19T12_34_47-07_00-4e0ee86efb\ANET_经营情景市场状态投资决策_2026-07-15.md,318,悲观 / 受损,0,宽基风险扩张,强烈不建议投资,-48,-25,强烈不建议投资｜-48%～-25%｜中
ANET,D:\drive\Investment\分析报告\公司情景投资决策\结果\备份\ANET_2026-08-19T12_34_47-07_00-4e0ee86efb\ANET_经营情景市场状态投资决策_2026-07-15.md,318,悲观 / 受损,1,窄幅主题主导上涨,强烈不建议投资,-44,-20,强烈不建议投资｜-44%～-20%｜中
ANET,D:\drive\Investment\分析报告\公司情景投资决策\结果\备份\ANET_2026-08-19T12_34_47-07_00-4e0ee86efb\ANET_经营情景市场状态投资决策_2026-07-15.md,318,悲观 / 受损,2,震荡均值回归,强烈不建议投资,-56,-37,强烈不建议投资｜-56%～-37%｜中
ANET,D:\drive\Investment\分析报告\公司情景投资决策\结果\备份\ANET_2026-08-19T12_34_47-07_00-4e0ee86efb\ANET_经营情景市场状态投资决策_2026-07-15.md,318,悲观 / 受损,3,有序风险收缩,强烈不建议投资,-64,-48,强烈不建议投资｜-64%～-48%｜中
ANET,D:\drive\Investment\分析报告\公司情景投资决策\结果\备份\ANET_2026-08-19T12_34_47-07_00-4e0ee86efb\ANET_经营情景市场状态投资决策_2026-07-15.md,318,悲观 / 受损,4,流动性信用压力,强烈不建议投资,-70,-57,强烈不建议投资｜-70%～-57%｜低
ANET,D:\drive\Investment\分析报告\公司情景投资决策\结果\备份\ANET_2026-08-19T12_34_47-07_00-4e0ee86efb\ANET_经营情景市场状态投资决策_2026-07-15.md,319,基准 / 正常兑现,0,宽基风险扩张,中性 / 等待,-6,+30,中性 / 等待｜-6%～+30%｜中
ANET,D:\drive\Investment\分析报告\公司情景投资决策\结果\备份\ANET_2026-08-19T12_34_47-07_00-4e0ee86efb\ANET_经营情景市场状态投资决策_2026-07-15.md,319,基准 / 正常兑现,1,窄幅主题主导上涨,建议投资,+3,+43,建议投资｜+3%～+43%｜中
ANET,D:\drive\Investment\分析报告\公司情景投资决策\结果\备份\ANET_2026-08-19T12_34_47-07_00-4e0ee86efb\ANET_经营情景市场状态投资决策_2026-07-15.md,319,基准 / 正常兑现,2,震荡均值回归,不建议投资,-22,+8,不建议投资｜-22%～+8%｜中
ANET,D:\drive\Investment\分析报告\公司情景投资决策\结果\备份\ANET_2026-08-19T12_34_47-07_00-4e0ee86efb\ANET_经营情景市场状态投资决策_2026-07-15.md,319,基准 / 正常兑现,3,有序风险收缩,强烈不建议投资,-37,-11,强烈不建议投资｜-37%～-11%｜中
ANET,D:\drive\Investment\分析报告\公司情景投资决策\结果\备份\ANET_2026-08-19T12_34_47-07_00-4e0ee86efb\ANET_经营情景市场状态投资决策_2026-07-15.md,319,基准 / 正常兑现,4,流动性信用压力,强烈不建议投资,-47,-27,强烈不建议投资｜-47%～-27%｜低
ANET,D:\drive\Investment\分析报告\公司情景投资决策\结果\备份\ANET_2026-08-19T12_34_47-07_00-4e0ee86efb\ANET_经营情景市场状态投资决策_2026-07-15.md,320,乐观 / 超预期,0,宽基风险扩张,强烈建议投资,+23,+74,强烈建议投资｜+23%～+74%｜中
ANET,D:\drive\Investment\分析报告\公司情景投资决策\结果\备份\ANET_2026-08-19T12_34_47-07_00-4e0ee86efb\ANET_经营情景市场状态投资决策_2026-07-15.md,320,乐观 / 超预期,1,窄幅主题主导上涨,强烈建议投资,+37,+92,强烈建议投资｜+37%～+92%｜中
ANET,D:\drive\Investment\分析报告\公司情景投资决策\结果\备份\ANET_2026-08-19T12_34_47-07_00-4e0ee86efb\ANET_经营情景市场状态投资决策_2026-07-15.md,320,乐观 / 超预期,2,震荡均值回归,建议投资,+4,+46,建议投资｜+4%～+46%｜中
ANET,D:\drive\Investment\分析报告\公司情景投资决策\结果\备份\ANET_2026-08-19T12_34_47-07_00-4e0ee86efb\ANET_经营情景市场状态投资决策_2026-07-15.md,320,乐观 / 超预期,3,有序风险收缩,中性 / 等待,-15,+20,中性 / 等待｜-15%～+20%｜低
ANET,D:\drive\Investment\分析报告\公司情景投资决策\结果\备份\ANET_2026-08-19T12_34_47-07_00-4e0ee86efb\ANET_经营情景市场状态投资决策_2026-07-15.md,320,乐观 / 超预期,4,流动性信用压力,强烈不建议投资,-30,0,强烈不建议投资｜-30%～0%｜低
ANET,D:\drive\Investment\分析报告\公司情景投资决策\结果\备份\ANET_2026-08-19T12_34_47-07_00-4e0ee86efb\ANET_经营情景市场状态投资决策_2026-07-15.md,321,突破 / 非线性,0,宽基风险扩张,强烈建议投资,+67,+159,强烈建议投资｜+67%～+159%｜低
ANET,D:\drive\Investment\分析报告\公司情景投资决策\结果\备份\ANET_2026-08-19T12_34_47-07_00-4e0ee86efb\ANET_经营情景市场状态投资决策_2026-07-15.md,321,突破 / 非线性,1,窄幅主题主导上涨,强烈建议投资,+89,+187,强烈建议投资｜+89%～+187%｜低
ANET,D:\drive\Investment\分析报告\公司情景投资决策\结果\备份\ANET_2026-08-19T12_34_47-07_00-4e0ee86efb\ANET_经营情景市场状态投资决策_2026-07-15.md,321,突破 / 非线性,2,震荡均值回归,强烈建议投资,+40,+112,强烈建议投资｜+40%～+112%｜低
ANET,D:\drive\Investment\分析报告\公司情景投资决策\结果\备份\ANET_2026-08-19T12_34_47-07_00-4e0ee86efb\ANET_经营情景市场状态投资决策_2026-07-15.md,321,突破 / 非线性,3,有序风险收缩,建议投资,+11,+72,建议投资｜+11%～+72%｜低
ANET,D:\drive\Investment\分析报告\公司情景投资决策\结果\备份\ANET_2026-08-19T12_34_47-07_00-4e0ee86efb\ANET_经营情景市场状态投资决策_2026-07-15.md,321,突破 / 非线性,4,流动性信用压力,谨慎建议投资,-8,+41,谨慎建议投资｜-8%～+41%｜低
AOSL,D:\drive\Investment\分析报告\公司情景投资决策\结果\AOSL_经营情景市场状态投资决策_2026-07-15.md,481,悲观 / 受损,0,宽基风险扩张,强烈不建议投资,-55,-35,强烈不建议投资｜-55%～-35%｜中低
AOSL,D:\drive\Investment\分析报告\公司情景投资决策\结果\AOSL_经营情景市场状态投资决策_2026-07-15.md,481,悲观 / 受损,1,窄幅主题主导上涨,强烈不建议投资,-60,-41,强烈不建议投资｜-60%～-41%｜低
AOSL,D:\drive\Investment\分析报告\公司情景投资决策\结果\AOSL_经营情景市场状态投资决策_2026-07-15.md,481,悲观 / 受损,2,震荡均值回归,强烈不建议投资,-63,-46,强烈不建议投资｜-63%～-46%｜中
AOSL,D:\drive\Investment\分析报告\公司情景投资决策\结果\AOSL_经营情景市场状态投资决策_2026-07-15.md,481,悲观 / 受损,3,有序风险收缩,强烈不建议投资,-72,-55,强烈不建议投资｜-72%～-55%｜中
AOSL,D:\drive\Investment\分析报告\公司情景投资决策\结果\AOSL_经营情景市场状态投资决策_2026-07-15.md,481,悲观 / 受损,4,流动性信用压力,强烈不建议投资,-80,-63,强烈不建议投资｜-80%～-63%｜低
AOSL,D:\drive\Investment\分析报告\公司情景投资决策\结果\AOSL_经营情景市场状态投资决策_2026-07-15.md,482,基准 / 正常兑现,0,宽基风险扩张,中性 / 等待,-4,+30,中性 / 等待｜-4%～+30%｜中
AOSL,D:\drive\Investment\分析报告\公司情景投资决策\结果\AOSL_经营情景市场状态投资决策_2026-07-15.md,482,基准 / 正常兑现,1,窄幅主题主导上涨,中性 / 等待,-9,+33,中性 / 等待｜-9%～+33%｜低
AOSL,D:\drive\Investment\分析报告\公司情景投资决策\结果\AOSL_经营情景市场状态投资决策_2026-07-15.md,482,基准 / 正常兑现,2,震荡均值回归,不建议投资,-21,+7,不建议投资｜-21%～+7%｜中
AOSL,D:\drive\Investment\分析报告\公司情景投资决策\结果\AOSL_经营情景市场状态投资决策_2026-07-15.md,482,基准 / 正常兑现,3,有序风险收缩,不建议投资,-35,-9,不建议投资｜-35%～-9%｜中低
AOSL,D:\drive\Investment\分析报告\公司情景投资决策\结果\AOSL_经营情景市场状态投资决策_2026-07-15.md,482,基准 / 正常兑现,4,流动性信用压力,强烈不建议投资,-52,-26,强烈不建议投资｜-52%～-26%｜低
AOSL,D:\drive\Investment\分析报告\公司情景投资决策\结果\AOSL_经营情景市场状态投资决策_2026-07-15.md,483,乐观 / 超预期,0,宽基风险扩张,建议投资,+44,+92,建议投资｜+44%～+92%｜中
AOSL,D:\drive\Investment\分析报告\公司情景投资决策\结果\AOSL_经营情景市场状态投资决策_2026-07-15.md,483,乐观 / 超预期,1,窄幅主题主导上涨,强烈建议投资,+56,+112,强烈建议投资｜+56%～+112%｜中低
AOSL,D:\drive\Investment\分析报告\公司情景投资决策\结果\AOSL_经营情景市场状态投资决策_2026-07-15.md,483,乐观 / 超预期,2,震荡均值回归,建议投资,+27,+73,建议投资｜+27%～+73%｜中
AOSL,D:\drive\Investment\分析报告\公司情景投资决策\结果\AOSL_经营情景市场状态投资决策_2026-07-15.md,483,乐观 / 超预期,3,有序风险收缩,谨慎建议投资,+5,+47,谨慎建议投资｜+5%～+47%｜中低
AOSL,D:\drive\Investment\分析报告\公司情景投资决策\结果\AOSL_经营情景市场状态投资决策_2026-07-15.md,483,乐观 / 超预期,4,流动性信用压力,不建议投资,-21,+16,不建议投资｜-21%～+16%｜低
AOSL,D:\drive\Investment\分析报告\公司情景投资决策\结果\AOSL_经营情景市场状态投资决策_2026-07-15.md,484,突破 / 非线性,0,宽基风险扩张,强烈建议投资,+121,+206,强烈建议投资｜+121%～+206%｜低
AOSL,D:\drive\Investment\分析报告\公司情景投资决策\结果\AOSL_经营情景市场状态投资决策_2026-07-15.md,484,突破 / 非线性,1,窄幅主题主导上涨,强烈建议投资,+149,+254,强烈建议投资｜+149%～+254%｜低
AOSL,D:\drive\Investment\分析报告\公司情景投资决策\结果\AOSL_经营情景市场状态投资决策_2026-07-15.md,484,突破 / 非线性,2,震荡均值回归,强烈建议投资,+92,+166,强烈建议投资｜+92%～+166%｜低
AOSL,D:\drive\Investment\分析报告\公司情景投资决策\结果\AOSL_经营情景市场状态投资决策_2026-07-15.md,484,突破 / 非线性,3,有序风险收缩,强烈建议投资,+53,+121,强烈建议投资｜+53%～+121%｜低
AOSL,D:\drive\Investment\分析报告\公司情景投资决策\结果\AOSL_经营情景市场状态投资决策_2026-07-15.md,484,突破 / 非线性,4,流动性信用压力,谨慎建议投资,+13,+73,谨慎建议投资｜+13%～+73%｜低
APD,D:\drive\Investment\分析报告\公司情景投资决策\结果\APD_经营情景市场状态投资决策_2026-07-15.md,415,悲观 / 受损,0,宽基风险扩张,强烈不建议投资,-27.1,-11.8,强烈不建议投资｜-27.1%至-11.8%｜中
APD,D:\drive\Investment\分析报告\公司情景投资决策\结果\APD_经营情景市场状态投资决策_2026-07-15.md,415,悲观 / 受损,1,窄幅主题主导上涨,强烈不建议投资,-32.2,-16.9,强烈不建议投资｜-32.2%至-16.9%｜中
APD,D:\drive\Investment\分析报告\公司情景投资决策\结果\APD_经营情景市场状态投资决策_2026-07-15.md,415,悲观 / 受损,2,震荡均值回归,强烈不建议投资,-35.6,-20.3,强烈不建议投资｜-35.6%至-20.3%｜中
APD,D:\drive\Investment\分析报告\公司情景投资决策\结果\APD_经营情景市场状态投资决策_2026-07-15.md,415,悲观 / 受损,3,有序风险收缩,强烈不建议投资,-44.1,-28.8,强烈不建议投资｜-44.1%至-28.8%｜低
APD,D:\drive\Investment\分析报告\公司情景投资决策\结果\APD_经营情景市场状态投资决策_2026-07-15.md,415,悲观 / 受损,4,流动性信用压力,强烈不建议投资,-54.4,-39.0,强烈不建议投资｜-54.4%至-39.0%｜低
APD,D:\drive\Investment\分析报告\公司情景投资决策\结果\APD_经营情景市场状态投资决策_2026-07-15.md,416,基准 / 正常兑现,0,宽基风险扩张,谨慎建议投资,+6.9,+24.0,谨慎建议投资｜+6.9%至+24.0%｜中
APD,D:\drive\Investment\分析报告\公司情景投资决策\结果\APD_经营情景市场状态投资决策_2026-07-15.md,416,基准 / 正常兑现,1,窄幅主题主导上涨,中性 / 等待,+0.1,+17.1,中性 / 等待｜+0.1%至+17.1%｜中
APD,D:\drive\Investment\分析报告\公司情景投资决策\结果\APD_经营情景市场状态投资决策_2026-07-15.md,416,基准 / 正常兑现,2,震荡均值回归,中性 / 等待,-3.3,+13.7,中性 / 等待｜-3.3%至+13.7%｜中
APD,D:\drive\Investment\分析报告\公司情景投资决策\结果\APD_经营情景市场状态投资决策_2026-07-15.md,416,基准 / 正常兑现,3,有序风险收缩,不建议投资,-15.2,+1.8,不建议投资｜-15.2%至+1.8%｜中
APD,D:\drive\Investment\分析报告\公司情景投资决策\结果\APD_经营情景市场状态投资决策_2026-07-15.md,416,基准 / 正常兑现,4,流动性信用压力,强烈不建议投资,-30.5,-11.8,强烈不建议投资｜-30.5%至-11.8%｜低
APD,D:\drive\Investment\分析报告\公司情景投资决策\结果\APD_经营情景市场状态投资决策_2026-07-15.md,417,乐观 / 超预期,0,宽基风险扩张,强烈建议投资,+27.4,+49.5,强烈建议投资｜+27.4%至+49.5%｜中
APD,D:\drive\Investment\分析报告\公司情景投资决策\结果\APD_经营情景市场状态投资决策_2026-07-15.md,417,乐观 / 超预期,1,窄幅主题主导上涨,建议投资,+18.8,+41.0,建议投资｜+18.8%至+41.0%｜中
APD,D:\drive\Investment\分析报告\公司情景投资决策\结果\APD_经营情景市场状态投资决策_2026-07-15.md,417,乐观 / 超预期,2,震荡均值回归,建议投资,+12.0,+34.2,建议投资｜+12.0%至+34.2%｜中
APD,D:\drive\Investment\分析报告\公司情景投资决策\结果\APD_经营情景市场状态投资决策_2026-07-15.md,417,乐观 / 超预期,3,有序风险收缩,谨慎建议投资,-1.6,+20.6,谨慎建议投资｜-1.6%至+20.6%｜中
APD,D:\drive\Investment\分析报告\公司情景投资决策\结果\APD_经营情景市场状态投资决策_2026-07-15.md,417,乐观 / 超预期,4,流动性信用压力,不建议投资,-16.9,+6.9,不建议投资｜-16.9%至+6.9%｜低
APD,D:\drive\Investment\分析报告\公司情景投资决策\结果\APD_经营情景市场状态投资决策_2026-07-15.md,418,突破 / 非线性,0,宽基风险扩张,强烈建议投资,+51.2,+86.9,强烈建议投资｜+51.2%至+86.9%｜低
APD,D:\drive\Investment\分析报告\公司情景投资决策\结果\APD_经营情景市场状态投资决策_2026-07-15.md,418,突破 / 非线性,1,窄幅主题主导上涨,强烈建议投资,+41.0,+75.0,强烈建议投资｜+41.0%至+75.0%｜低
APD,D:\drive\Investment\分析报告\公司情景投资决策\结果\APD_经营情景市场状态投资决策_2026-07-15.md,418,突破 / 非线性,2,震荡均值回归,强烈建议投资,+32.5,+63.1,强烈建议投资｜+32.5%至+63.1%｜低
APD,D:\drive\Investment\分析报告\公司情景投资决策\结果\APD_经营情景市场状态投资决策_2026-07-15.md,418,突破 / 非线性,3,有序风险收缩,建议投资,+15.4,+46.1,建议投资｜+15.4%至+46.1%｜低
APD,D:\drive\Investment\分析报告\公司情景投资决策\结果\APD_经营情景市场状态投资决策_2026-07-15.md,418,突破 / 非线性,4,流动性信用压力,谨慎建议投资,-3.3,+27.4,谨慎建议投资｜-3.3%至+27.4%｜低
APH,D:\drive\Investment\分析报告\公司情景投资决策\结果\APH_经营情景市场状态投资决策_2026-07-15.md,308,悲观 / 受损,0,宽基风险扩张,强烈不建议投资,-53,-36,强烈不建议投资｜-53%～-36%｜中
APH,D:\drive\Investment\分析报告\公司情景投资决策\结果\APH_经营情景市场状态投资决策_2026-07-15.md,308,悲观 / 受损,1,窄幅主题主导上涨,强烈不建议投资,-56,-39,强烈不建议投资｜-56%～-39%｜中
APH,D:\drive\Investment\分析报告\公司情景投资决策\结果\APH_经营情景市场状态投资决策_2026-07-15.md,308,悲观 / 受损,2,震荡均值回归,强烈不建议投资,-60,-45,强烈不建议投资｜-60%～-45%｜中
APH,D:\drive\Investment\分析报告\公司情景投资决策\结果\APH_经营情景市场状态投资决策_2026-07-15.md,308,悲观 / 受损,3,有序风险收缩,强烈不建议投资,-68,-54,强烈不建议投资｜-68%～-54%｜中
APH,D:\drive\Investment\分析报告\公司情景投资决策\结果\APH_经营情景市场状态投资决策_2026-07-15.md,308,悲观 / 受损,4,流动性信用压力,强烈不建议投资,-77,-62,强烈不建议投资｜-77%～-62%｜低
APH,D:\drive\Investment\分析报告\公司情景投资决策\结果\APH_经营情景市场状态投资决策_2026-07-15.md,309,基准 / 正常兑现,0,宽基风险扩张,不建议投资,-20,+9,不建议投资｜-20%～+9%｜中
APH,D:\drive\Investment\分析报告\公司情景投资决策\结果\APH_经营情景市场状态投资决策_2026-07-15.md,309,基准 / 正常兑现,1,窄幅主题主导上涨,中性 / 等待,-17,+12,中性 / 等待｜-17%～+12%｜中
APH,D:\drive\Investment\分析报告\公司情景投资决策\结果\APH_经营情景市场状态投资决策_2026-07-15.md,309,基准 / 正常兑现,2,震荡均值回归,不建议投资,-29,-3,不建议投资｜-29%～-3%｜中
APH,D:\drive\Investment\分析报告\公司情景投资决策\结果\APH_经营情景市场状态投资决策_2026-07-15.md,309,基准 / 正常兑现,3,有序风险收缩,强烈不建议投资,-42,-17,强烈不建议投资｜-42%～-17%｜中
APH,D:\drive\Investment\分析报告\公司情景投资决策\结果\APH_经营情景市场状态投资决策_2026-07-15.md,309,基准 / 正常兑现,4,流动性信用压力,强烈不建议投资,-58,-36,强烈不建议投资｜-58%～-36%｜低
APH,D:\drive\Investment\分析报告\公司情景投资决策\结果\APH_经营情景市场状态投资决策_2026-07-15.md,310,乐观 / 超预期,0,宽基风险扩张,谨慎建议投资,+6,+41,谨慎建议投资｜+6%～+41%｜中
APH,D:\drive\Investment\分析报告\公司情景投资决策\结果\APH_经营情景市场状态投资决策_2026-07-15.md,310,乐观 / 超预期,1,窄幅主题主导上涨,建议投资,+14,+54,建议投资｜+14%～+54%｜中
APH,D:\drive\Investment\分析报告\公司情景投资决策\结果\APH_经营情景市场状态投资决策_2026-07-15.md,310,乐观 / 超预期,2,震荡均值回归,谨慎建议投资,-6,+27,谨慎建议投资｜-6%～+27%｜中
APH,D:\drive\Investment\分析报告\公司情景投资决策\结果\APH_经营情景市场状态投资决策_2026-07-15.md,310,乐观 / 超预期,3,有序风险收缩,不建议投资,-21,+9,不建议投资｜-21%～+9%｜低
APH,D:\drive\Investment\分析报告\公司情景投资决策\结果\APH_经营情景市场状态投资决策_2026-07-15.md,310,乐观 / 超预期,4,流动性信用压力,强烈不建议投资,-41,-14,强烈不建议投资｜-41%～-14%｜低
APH,D:\drive\Investment\分析报告\公司情景投资决策\结果\APH_经营情景市场状态投资决策_2026-07-15.md,311,突破 / 非线性,0,宽基风险扩张,强烈建议投资,+38,+92,强烈建议投资｜+38%～+92%｜低
APH,D:\drive\Investment\分析报告\公司情景投资决策\结果\APH_经营情景市场状态投资决策_2026-07-15.md,311,突破 / 非线性,1,窄幅主题主导上涨,强烈建议投资,+52,+109,强烈建议投资｜+52%～+109%｜低
APH,D:\drive\Investment\分析报告\公司情景投资决策\结果\APH_经营情景市场状态投资决策_2026-07-15.md,311,突破 / 非线性,2,震荡均值回归,建议投资,+24,+75,建议投资｜+24%～+75%｜低
APH,D:\drive\Investment\分析报告\公司情景投资决策\结果\APH_经营情景市场状态投资决策_2026-07-15.md,311,突破 / 非线性,3,有序风险收缩,谨慎建议投资,+5,+47,谨慎建议投资｜+5%～+47%｜低
APH,D:\drive\Investment\分析报告\公司情景投资决策\结果\APH_经营情景市场状态投资决策_2026-07-15.md,311,突破 / 非线性,4,流动性信用压力,中性 / 等待,-19,+19,中性 / 等待｜-19%～+19%｜低
APLD,D:\drive\Investment\分析报告\公司情景投资决策\结果\APLD_经营情景市场状态投资决策_2026-07-15.md,353,悲观 / 受损,0,宽基风险扩张,强烈不建议投资,-72,-48,强烈不建议投资｜-72%～-48%｜低
APLD,D:\drive\Investment\分析报告\公司情景投资决策\结果\APLD_经营情景市场状态投资决策_2026-07-15.md,353,悲观 / 受损,1,窄幅主题主导上涨,强烈不建议投资,-76,-52,强烈不建议投资｜-76%～-52%｜低
APLD,D:\drive\Investment\分析报告\公司情景投资决策\结果\APLD_经营情景市场状态投资决策_2026-07-15.md,353,悲观 / 受损,2,震荡均值回归,强烈不建议投资,-76,-55,强烈不建议投资｜-76%～-55%｜低
APLD,D:\drive\Investment\分析报告\公司情景投资决策\结果\APLD_经营情景市场状态投资决策_2026-07-15.md,353,悲观 / 受损,3,有序风险收缩,强烈不建议投资,-83,-66,强烈不建议投资｜-83%～-66%｜低
APLD,D:\drive\Investment\分析报告\公司情景投资决策\结果\APLD_经营情景市场状态投资决策_2026-07-15.md,353,悲观 / 受损,4,流动性信用压力,强烈不建议投资,-93,-76,强烈不建议投资｜-93%～-76%｜低
APLD,D:\drive\Investment\分析报告\公司情景投资决策\结果\APLD_经营情景市场状态投资决策_2026-07-15.md,354,基准 / 正常兑现,0,宽基风险扩张,不建议投资,-24,+7,不建议投资｜-24%～+7%｜中
APLD,D:\drive\Investment\分析报告\公司情景投资决策\结果\APLD_经营情景市场状态投资决策_2026-07-15.md,354,基准 / 正常兑现,1,窄幅主题主导上涨,不建议投资,-28,+10,不建议投资｜-28%～+10%｜低
APLD,D:\drive\Investment\分析报告\公司情景投资决策\结果\APLD_经营情景市场状态投资决策_2026-07-15.md,354,基准 / 正常兑现,2,震荡均值回归,不建议投资,-31,-4,不建议投资｜-31%～-4%｜中
APLD,D:\drive\Investment\分析报告\公司情景投资决策\结果\APLD_经营情景市场状态投资决策_2026-07-15.md,354,基准 / 正常兑现,3,有序风险收缩,强烈不建议投资,-45,-21,强烈不建议投资｜-45%～-21%｜低
APLD,D:\drive\Investment\分析报告\公司情景投资决策\结果\APLD_经营情景市场状态投资决策_2026-07-15.md,354,基准 / 正常兑现,4,流动性信用压力,强烈不建议投资,-66,-38,强烈不建议投资｜-66%～-38%｜低
APLD,D:\drive\Investment\分析报告\公司情景投资决策\结果\APLD_经营情景市场状态投资决策_2026-07-15.md,355,乐观 / 超预期,0,宽基风险扩张,建议投资,+21,+69,建议投资｜+21%～+69%｜中
APLD,D:\drive\Investment\分析报告\公司情景投资决策\结果\APLD_经营情景市场状态投资决策_2026-07-15.md,355,乐观 / 超预期,1,窄幅主题主导上涨,建议投资,+27,+79,建议投资｜+27%～+79%｜低
APLD,D:\drive\Investment\分析报告\公司情景投资决策\结果\APLD_经营情景市场状态投资决策_2026-07-15.md,355,乐观 / 超预期,2,震荡均值回归,谨慎建议投资,+7,+48,谨慎建议投资｜+7%～+48%｜中
APLD,D:\drive\Investment\分析报告\公司情景投资决策\结果\APLD_经营情景市场状态投资决策_2026-07-15.md,355,乐观 / 超预期,3,有序风险收缩,中性 / 等待,-14,+21,中性 / 等待｜-14%～+21%｜低
APLD,D:\drive\Investment\分析报告\公司情景投资决策\结果\APLD_经营情景市场状态投资决策_2026-07-15.md,355,乐观 / 超预期,4,流动性信用压力,不建议投资,-38,0,不建议投资｜-38%～0%｜低
APLD,D:\drive\Investment\分析报告\公司情景投资决策\结果\APLD_经营情景市场状态投资决策_2026-07-15.md,356,突破 / 非线性,0,宽基风险扩张,强烈建议投资,+69,+141,强烈建议投资｜+69%～+141%｜低
APLD,D:\drive\Investment\分析报告\公司情景投资决策\结果\APLD_经营情景市场状态投资决策_2026-07-15.md,356,突破 / 非线性,1,窄幅主题主导上涨,强烈建议投资,+83,+162,强烈建议投资｜+83%～+162%｜低
APLD,D:\drive\Investment\分析报告\公司情景投资决策\结果\APLD_经营情景市场状态投资决策_2026-07-15.md,356,突破 / 非线性,2,震荡均值回归,强烈建议投资,+48,+114,强烈建议投资｜+48%～+114%｜低
APLD,D:\drive\Investment\分析报告\公司情景投资决策\结果\APLD_经营情景市场状态投资决策_2026-07-15.md,356,突破 / 非线性,3,有序风险收缩,建议投资,+17,+72,建议投资｜+17%～+72%｜低
APLD,D:\drive\Investment\分析报告\公司情景投资决策\结果\APLD_经营情景市场状态投资决策_2026-07-15.md,356,突破 / 非线性,4,流动性信用压力,中性 / 等待,-14,+38,中性 / 等待｜-14%～+38%｜低
ARM,D:\drive\Investment\分析报告\公司情景投资决策\结果\ARM_经营情景市场状态投资决策_2026-07-15.md,402,悲观 / 受损,0,宽基风险扩张,强烈不建议投资,-84,-68,强烈不建议投资｜-84%～-68%｜中
ARM,D:\drive\Investment\分析报告\公司情景投资决策\结果\ARM_经营情景市场状态投资决策_2026-07-15.md,402,悲观 / 受损,1,窄幅主题主导上涨,强烈不建议投资,-82,-64,强烈不建议投资｜-82%～-64%｜中
ARM,D:\drive\Investment\分析报告\公司情景投资决策\结果\ARM_经营情景市场状态投资决策_2026-07-15.md,402,悲观 / 受损,2,震荡均值回归,强烈不建议投资,-87,-73,强烈不建议投资｜-87%～-73%｜中
ARM,D:\drive\Investment\分析报告\公司情景投资决策\结果\ARM_经营情景市场状态投资决策_2026-07-15.md,402,悲观 / 受损,3,有序风险收缩,强烈不建议投资,-90,-80,强烈不建议投资｜-90%～-80%｜低
ARM,D:\drive\Investment\分析报告\公司情景投资决策\结果\ARM_经营情景市场状态投资决策_2026-07-15.md,402,悲观 / 受损,4,流动性信用压力,强烈不建议投资,-94,-86,强烈不建议投资｜-94%～-86%｜低
ARM,D:\drive\Investment\分析报告\公司情景投资决策\结果\ARM_经营情景市场状态投资决策_2026-07-15.md,403,基准 / 正常兑现,0,宽基风险扩张,强烈不建议投资,-67,-39,强烈不建议投资｜-67%～-39%｜中
ARM,D:\drive\Investment\分析报告\公司情景投资决策\结果\ARM_经营情景市场状态投资决策_2026-07-15.md,403,基准 / 正常兑现,1,窄幅主题主导上涨,强烈不建议投资,-64,-32,强烈不建议投资｜-64%～-32%｜中
ARM,D:\drive\Investment\分析报告\公司情景投资决策\结果\ARM_经营情景市场状态投资决策_2026-07-15.md,403,基准 / 正常兑现,2,震荡均值回归,强烈不建议投资,-73,-50,强烈不建议投资｜-73%～-50%｜中
ARM,D:\drive\Investment\分析报告\公司情景投资决策\结果\ARM_经营情景市场状态投资决策_2026-07-15.md,403,基准 / 正常兑现,3,有序风险收缩,强烈不建议投资,-80,-62,强烈不建议投资｜-80%～-62%｜低
ARM,D:\drive\Investment\分析报告\公司情景投资决策\结果\ARM_经营情景市场状态投资决策_2026-07-15.md,403,基准 / 正常兑现,4,流动性信用压力,强烈不建议投资,-88,-73,强烈不建议投资｜-88%～-73%｜低
ARM,D:\drive\Investment\分析报告\公司情景投资决策\结果\ARM_经营情景市场状态投资决策_2026-07-15.md,404,乐观 / 超预期,0,宽基风险扩张,不建议投资,-46,-2,不建议投资｜-46%～-2%｜低
ARM,D:\drive\Investment\分析报告\公司情景投资决策\结果\ARM_经营情景市场状态投资决策_2026-07-15.md,404,乐观 / 超预期,1,窄幅主题主导上涨,不建议投资,-41,+10,不建议投资｜-41%～+10%｜低
ARM,D:\drive\Investment\分析报告\公司情景投资决策\结果\ARM_经营情景市场状态投资决策_2026-07-15.md,404,乐观 / 超预期,2,震荡均值回归,强烈不建议投资,-56,-19,强烈不建议投资｜-56%～-19%｜低
ARM,D:\drive\Investment\分析报告\公司情景投资决策\结果\ARM_经营情景市场状态投资决策_2026-07-15.md,404,乐观 / 超预期,3,有序风险收缩,强烈不建议投资,-68,-39,强烈不建议投资｜-68%～-39%｜低
ARM,D:\drive\Investment\分析报告\公司情景投资决策\结果\ARM_经营情景市场状态投资决策_2026-07-15.md,404,乐观 / 超预期,4,流动性信用压力,强烈不建议投资,-80,-57,强烈不建议投资｜-80%～-57%｜低
ARM,D:\drive\Investment\分析报告\公司情景投资决策\结果\ARM_经营情景市场状态投资决策_2026-07-15.md,405,突破 / 非线性,0,宽基风险扩张,谨慎建议投资,-21,+45,谨慎建议投资｜-21%～+45%｜低
ARM,D:\drive\Investment\分析报告\公司情景投资决策\结果\ARM_经营情景市场状态投资决策_2026-07-15.md,405,突破 / 非线性,1,窄幅主题主导上涨,谨慎建议投资,-13,+62,谨慎建议投资｜-13%～+62%｜低
ARM,D:\drive\Investment\分析报告\公司情景投资决策\结果\ARM_经营情景市场状态投资决策_2026-07-15.md,405,突破 / 非线性,2,震荡均值回归,不建议投资,-36,+19,不建议投资｜-36%～+19%｜低
ARM,D:\drive\Investment\分析报告\公司情景投资决策\结果\ARM_经营情景市场状态投资决策_2026-07-15.md,405,突破 / 非线性,3,有序风险收缩,强烈不建议投资,-53,-10,强烈不建议投资｜-53%～-10%｜低
ARM,D:\drive\Investment\分析报告\公司情景投资决策\结果\ARM_经营情景市场状态投资决策_2026-07-15.md,405,突破 / 非线性,4,流动性信用压力,强烈不建议投资,-71,-37,强烈不建议投资｜-71%～-37%｜低
ASGLY,D:\drive\Investment\分析报告\公司情景投资决策\结果\ASGLY_经营情景市场状态投资决策_2026-07-15.md,357,悲观 / 受损,0,宽基风险扩张,强烈不建议投资,-29,-8,强烈不建议投资｜-29%～-8%｜中
ASGLY,D:\drive\Investment\分析报告\公司情景投资决策\结果\ASGLY_经营情景市场状态投资决策_2026-07-15.md,357,悲观 / 受损,1,窄幅主题主导上涨,强烈不建议投资,-36,-15,强烈不建议投资｜-36%～-15%｜中
ASGLY,D:\drive\Investment\分析报告\公司情景投资决策\结果\ASGLY_经营情景市场状态投资决策_2026-07-15.md,357,悲观 / 受损,2,震荡均值回归,强烈不建议投资,-45,-24,强烈不建议投资｜-45%～-24%｜中
ASGLY,D:\drive\Investment\分析报告\公司情景投资决策\结果\ASGLY_经营情景市场状态投资决策_2026-07-15.md,357,悲观 / 受损,3,有序风险收缩,强烈不建议投资,-57,-38,强烈不建议投资｜-57%～-38%｜中
ASGLY,D:\drive\Investment\分析报告\公司情景投资决策\结果\ASGLY_经营情景市场状态投资决策_2026-07-15.md,357,悲观 / 受损,4,流动性信用压力,强烈不建议投资,-71,-52,强烈不建议投资｜-71%～-52%｜低
ASGLY,D:\drive\Investment\分析报告\公司情景投资决策\结果\ASGLY_经营情景市场状态投资决策_2026-07-15.md,358,基准 / 正常兑现,0,宽基风险扩张,谨慎建议投资,0,+28,谨慎建议投资｜0%～+28%｜中
ASGLY,D:\drive\Investment\分析报告\公司情景投资决策\结果\ASGLY_经营情景市场状态投资决策_2026-07-15.md,358,基准 / 正常兑现,1,窄幅主题主导上涨,中性 / 等待,-7,+21,中性 / 等待｜-7%～+21%｜中
ASGLY,D:\drive\Investment\分析报告\公司情景投资决策\结果\ASGLY_经营情景市场状态投资决策_2026-07-15.md,358,基准 / 正常兑现,2,震荡均值回归,中性 / 等待,-17,+9,中性 / 等待｜-17%～+9%｜中
ASGLY,D:\drive\Investment\分析报告\公司情景投资决策\结果\ASGLY_经营情景市场状态投资决策_2026-07-15.md,358,基准 / 正常兑现,3,有序风险收缩,强烈不建议投资,-33,-9,强烈不建议投资｜-33%～-9%｜中
ASGLY,D:\drive\Investment\分析报告\公司情景投资决策\结果\ASGLY_经营情景市场状态投资决策_2026-07-15.md,358,基准 / 正常兑现,4,流动性信用压力,强烈不建议投资,-51,-28,强烈不建议投资｜-51%～-28%｜低
ASGLY,D:\drive\Investment\分析报告\公司情景投资决策\结果\ASGLY_经营情景市场状态投资决策_2026-07-15.md,359,乐观 / 超预期,0,宽基风险扩张,强烈建议投资,+29,+68,强烈建议投资｜+29%～+68%｜中
ASGLY,D:\drive\Investment\分析报告\公司情景投资决策\结果\ASGLY_经营情景市场状态投资决策_2026-07-15.md,359,乐观 / 超预期,1,窄幅主题主导上涨,强烈建议投资,+22,+65,强烈建议投资｜+22%～+65%｜中
ASGLY,D:\drive\Investment\分析报告\公司情景投资决策\结果\ASGLY_经营情景市场状态投资决策_2026-07-15.md,359,乐观 / 超预期,2,震荡均值回归,建议投资,+8,+47,建议投资｜+8%～+47%｜中
ASGLY,D:\drive\Investment\分析报告\公司情景投资决策\结果\ASGLY_经营情景市场状态投资决策_2026-07-15.md,359,乐观 / 超预期,3,有序风险收缩,谨慎建议投资,-10,+22,谨慎建议投资｜-10%～+22%｜低
ASGLY,D:\drive\Investment\分析报告\公司情景投资决策\结果\ASGLY_经营情景市场状态投资决策_2026-07-15.md,359,乐观 / 超预期,4,流动性信用压力,不建议投资,-33,-3,不建议投资｜-33%～-3%｜低
ASGLY,D:\drive\Investment\分析报告\公司情景投资决策\结果\ASGLY_经营情景市场状态投资决策_2026-07-15.md,360,突破 / 非线性,0,宽基风险扩张,强烈建议投资,+75,+131,强烈建议投资｜+75%～+131%｜低
ASGLY,D:\drive\Investment\分析报告\公司情景投资决策\结果\ASGLY_经营情景市场状态投资决策_2026-07-15.md,360,突破 / 非线性,1,窄幅主题主导上涨,强烈建议投资,+71,+135,强烈建议投资｜+71%～+135%｜低
ASGLY,D:\drive\Investment\分析报告\公司情景投资决策\结果\ASGLY_经营情景市场状态投资决策_2026-07-15.md,360,突破 / 非线性,2,震荡均值回归,强烈建议投资,+50,+103,强烈建议投资｜+50%～+103%｜低
ASGLY,D:\drive\Investment\分析报告\公司情景投资决策\结果\ASGLY_经营情景市场状态投资决策_2026-07-15.md,360,突破 / 非线性,3,有序风险收缩,建议投资,+22,+68,建议投资｜+22%～+68%｜低
ASGLY,D:\drive\Investment\分析报告\公司情景投资决策\结果\ASGLY_经营情景市场状态投资决策_2026-07-15.md,360,突破 / 非线性,4,流动性信用压力,谨慎建议投资,-7,+32,谨慎建议投资｜-7%～+32%｜低
ASMIY,D:\drive\Investment\分析报告\公司情景投资决策\结果\ASMIY_经营情景市场状态投资决策_2026-07-15.md,51,悲观 / 受损,0,宽基风险扩张,强烈不建议投资,-64,-47,强烈不建议投资｜-64%～-47%｜中
ASMIY,D:\drive\Investment\分析报告\公司情景投资决策\结果\ASMIY_经营情景市场状态投资决策_2026-07-15.md,51,悲观 / 受损,1,窄幅主题主导上涨,强烈不建议投资,-62,-45,强烈不建议投资｜-62%～-45%｜中
ASMIY,D:\drive\Investment\分析报告\公司情景投资决策\结果\ASMIY_经营情景市场状态投资决策_2026-07-15.md,51,悲观 / 受损,2,震荡均值回归,强烈不建议投资,-69,-53,强烈不建议投资｜-69%～-53%｜中
ASMIY,D:\drive\Investment\分析报告\公司情景投资决策\结果\ASMIY_经营情景市场状态投资决策_2026-07-15.md,51,悲观 / 受损,3,有序风险收缩,强烈不建议投资,-76,-61,强烈不建议投资｜-76%～-61%｜低
ASMIY,D:\drive\Investment\分析报告\公司情景投资决策\结果\ASMIY_经营情景市场状态投资决策_2026-07-15.md,51,悲观 / 受损,4,流动性信用压力,强烈不建议投资,-83,-69,强烈不建议投资｜-83%～-69%｜低
ASMIY,D:\drive\Investment\分析报告\公司情景投资决策\结果\ASMIY_经营情景市场状态投资决策_2026-07-15.md,52,基准 / 正常兑现,0,宽基风险扩张,不建议投资,-36,-10,不建议投资｜-36%～-10%｜中
ASMIY,D:\drive\Investment\分析报告\公司情景投资决策\结果\ASMIY_经营情景市场状态投资决策_2026-07-15.md,52,基准 / 正常兑现,1,窄幅主题主导上涨,不建议投资,-33,-2,不建议投资｜-33%～-2%｜中
ASMIY,D:\drive\Investment\分析报告\公司情景投资决策\结果\ASMIY_经营情景市场状态投资决策_2026-07-15.md,52,基准 / 正常兑现,2,震荡均值回归,强烈不建议投资,-46,-21,强烈不建议投资｜-46%～-21%｜中（当前）
ASMIY,D:\drive\Investment\分析报告\公司情景投资决策\结果\ASMIY_经营情景市场状态投资决策_2026-07-15.md,52,基准 / 正常兑现,3,有序风险收缩,强烈不建议投资,-56,-33,强烈不建议投资｜-56%～-33%｜低
ASMIY,D:\drive\Investment\分析报告\公司情景投资决策\结果\ASMIY_经营情景市场状态投资决策_2026-07-15.md,52,基准 / 正常兑现,4,流动性信用压力,强烈不建议投资,-70,-48,强烈不建议投资｜-70%～-48%｜低
ASMIY,D:\drive\Investment\分析报告\公司情景投资决策\结果\ASMIY_经营情景市场状态投资决策_2026-07-15.md,53,乐观 / 超预期,0,宽基风险扩张,谨慎建议投资,-10,+27,谨慎建议投资｜-10%～+27%｜低
ASMIY,D:\drive\Investment\分析报告\公司情景投资决策\结果\ASMIY_经营情景市场状态投资决策_2026-07-15.md,53,乐观 / 超预期,1,窄幅主题主导上涨,谨慎建议投资,-6,+36,谨慎建议投资｜-6%～+36%｜低
ASMIY,D:\drive\Investment\分析报告\公司情景投资决策\结果\ASMIY_经营情景市场状态投资决策_2026-07-15.md,53,乐观 / 超预期,2,震荡均值回归,不建议投资,-26,+8,不建议投资｜-26%～+8%｜低
ASMIY,D:\drive\Investment\分析报告\公司情景投资决策\结果\ASMIY_经营情景市场状态投资决策_2026-07-15.md,53,乐观 / 超预期,3,有序风险收缩,强烈不建议投资,-42,-11,强烈不建议投资｜-42%～-11%｜低
ASMIY,D:\drive\Investment\分析报告\公司情景投资决策\结果\ASMIY_经营情景市场状态投资决策_2026-07-15.md,53,乐观 / 超预期,4,流动性信用压力,强烈不建议投资,-59,-31,强烈不建议投资｜-59%～-31%｜低
ASMIY,D:\drive\Investment\分析报告\公司情景投资决策\结果\ASMIY_经营情景市场状态投资决策_2026-07-15.md,54,突破 / 非线性,0,宽基风险扩张,建议投资,+31,+91,建议投资｜+31%～+91%｜低
ASMIY,D:\drive\Investment\分析报告\公司情景投资决策\结果\ASMIY_经营情景市场状态投资决策_2026-07-15.md,54,突破 / 非线性,1,窄幅主题主导上涨,建议投资,+37,+104,建议投资｜+37%～+104%｜低
ASMIY,D:\drive\Investment\分析报告\公司情景投资决策\结果\ASMIY_经营情景市场状态投资决策_2026-07-15.md,54,突破 / 非线性,2,震荡均值回归,谨慎建议投资,+10,+66,谨慎建议投资｜+10%～+66%｜低
ASMIY,D:\drive\Investment\分析报告\公司情景投资决策\结果\ASMIY_经营情景市场状态投资决策_2026-07-15.md,54,突破 / 非线性,3,有序风险收缩,中性 / 等待,-11,+40,中性 / 等待｜-11%～+40%｜低
ASMIY,D:\drive\Investment\分析报告\公司情景投资决策\结果\ASMIY_经营情景市场状态投资决策_2026-07-15.md,54,突破 / 非线性,4,流动性信用压力,不建议投资,-37,+8,不建议投资｜-37%～+8%｜低
ASML,D:\drive\Investment\分析报告\公司情景投资决策\结果\备份\ASML_2026-07-18T17_46_46-07_00-48331b8b80\ASML_经营情景市场状态投资决策_2026-07-15.md,416,悲观 / 受损,0,宽基风险扩张,强烈不建议投资,-62.2,-41.1,强烈不建议投资｜-62.2%～-41.1%｜中
ASML,D:\drive\Investment\分析报告\公司情景投资决策\结果\备份\ASML_2026-07-18T17_46_46-07_00-48331b8b80\ASML_经营情景市场状态投资决策_2026-07-15.md,416,悲观 / 受损,1,窄幅主题主导上涨,强烈不建议投资,-59.0,-34.4,强烈不建议投资｜-59.0%～-34.4%｜中
ASML,D:\drive\Investment\分析报告\公司情景投资决策\结果\备份\ASML_2026-07-18T17_46_46-07_00-48331b8b80\ASML_经营情景市场状态投资决策_2026-07-15.md,416,悲观 / 受损,2,震荡均值回归,强烈不建议投资,-67.5,-51.9,强烈不建议投资｜-67.5%～-51.9%｜中
ASML,D:\drive\Investment\分析报告\公司情景投资决策\结果\备份\ASML_2026-07-18T17_46_46-07_00-48331b8b80\ASML_经营情景市场状态投资决策_2026-07-15.md,416,悲观 / 受损,3,有序风险收缩,强烈不建议投资,-72.9,-60.3,强烈不建议投资｜-72.9%～-60.3%｜中低
ASML,D:\drive\Investment\分析报告\公司情景投资决策\结果\备份\ASML_2026-07-18T17_46_46-07_00-48331b8b80\ASML_经营情景市场状态投资决策_2026-07-15.md,416,悲观 / 受损,4,流动性信用压力,强烈不建议投资,-77.6,-67.0,强烈不建议投资｜-77.6%～-67.0%｜低
ASML,D:\drive\Investment\分析报告\公司情景投资决策\结果\备份\ASML_2026-07-18T17_46_46-07_00-48331b8b80\ASML_经营情景市场状态投资决策_2026-07-15.md,417,基准 / 正常兑现,0,宽基风险扩张,中性 / 等待,-20.3,+23.1,中性 / 等待｜-20.3%～+23.1%｜中
ASML,D:\drive\Investment\分析报告\公司情景投资决策\结果\备份\ASML_2026-07-18T17_46_46-07_00-48331b8b80\ASML_经营情景市场状态投资决策_2026-07-15.md,417,基准 / 正常兑现,1,窄幅主题主导上涨,中性 / 等待,-13.3,+37.3,中性 / 等待｜-13.3%～+37.3%｜中
ASML,D:\drive\Investment\分析报告\公司情景投资决策\结果\备份\ASML_2026-07-18T17_46_46-07_00-48331b8b80\ASML_经营情景市场状态投资决策_2026-07-15.md,417,基准 / 正常兑现,2,震荡均值回归,不建议投资,-31.6,+0.1,不建议投资｜-31.6%～+0.1%｜中
ASML,D:\drive\Investment\分析报告\公司情景投资决策\结果\备份\ASML_2026-07-18T17_46_46-07_00-48331b8b80\ASML_经营情景市场状态投资决策_2026-07-15.md,417,基准 / 正常兑现,3,有序风险收缩,强烈不建议投资,-43.3,-17.7,强烈不建议投资｜-43.3%～-17.7%｜中低
ASML,D:\drive\Investment\分析报告\公司情景投资决策\结果\备份\ASML_2026-07-18T17_46_46-07_00-48331b8b80\ASML_经营情景市场状态投资决策_2026-07-15.md,417,基准 / 正常兑现,4,流动性信用压力,强烈不建议投资,-53.3,-32.0,强烈不建议投资｜-53.3%～-32.0%｜低
ASML,D:\drive\Investment\分析报告\公司情景投资决策\结果\备份\ASML_2026-07-18T17_46_46-07_00-48331b8b80\ASML_经营情景市场状态投资决策_2026-07-15.md,418,乐观 / 超预期,0,宽基风险扩张,建议投资,+14.5,+78.5,建议投资｜+14.5%～+78.5%｜中
ASML,D:\drive\Investment\分析报告\公司情景投资决策\结果\备份\ASML_2026-07-18T17_46_46-07_00-48331b8b80\ASML_经营情景市场状态投资决策_2026-07-15.md,418,乐观 / 超预期,1,窄幅主题主导上涨,强烈建议投资,+24.7,+99.3,强烈建议投资｜+24.7%～+99.3%｜中
ASML,D:\drive\Investment\分析报告\公司情景投资决策\结果\备份\ASML_2026-07-18T17_46_46-07_00-48331b8b80\ASML_经营情景市场状态投资决策_2026-07-15.md,418,乐观 / 超预期,2,震荡均值回归,谨慎建议投资,-2.0,+44.9,谨慎建议投资｜-2.0%～+44.9%｜中低
ASML,D:\drive\Investment\分析报告\公司情景投资决策\结果\备份\ASML_2026-07-18T17_46_46-07_00-48331b8b80\ASML_经营情景市场状态投资决策_2026-07-15.md,418,乐观 / 超预期,3,有序风险收缩,中性 / 等待,-18.7,+18.9,中性 / 等待｜-18.7%～+18.9%｜低
ASML,D:\drive\Investment\分析报告\公司情景投资决策\结果\备份\ASML_2026-07-18T17_46_46-07_00-48331b8b80\ASML_经营情景市场状态投资决策_2026-07-15.md,418,乐观 / 超预期,4,流动性信用压力,不建议投资,-33.2,-1.9,不建议投资｜-33.2%～-1.9%｜低
ASML,D:\drive\Investment\分析报告\公司情景投资决策\结果\备份\ASML_2026-07-18T17_46_46-07_00-48331b8b80\ASML_经营情景市场状态投资决策_2026-07-15.md,419,突破 / 非线性,0,宽基风险扩张,强烈建议投资,+76.6,+177.8,强烈建议投资｜+76.6%～+177.8%｜低
ASML,D:\drive\Investment\分析报告\公司情景投资决策\结果\备份\ASML_2026-07-18T17_46_46-07_00-48331b8b80\ASML_经营情景市场状态投资决策_2026-07-15.md,419,突破 / 非线性,1,窄幅主题主导上涨,强烈建议投资,+92.6,+210.6,强烈建议投资｜+92.6%～+210.6%｜低
ASML,D:\drive\Investment\分析报告\公司情景投资决策\结果\备份\ASML_2026-07-18T17_46_46-07_00-48331b8b80\ASML_经营情景市场状态投资决策_2026-07-15.md,419,突破 / 非线性,2,震荡均值回归,强烈建议投资,+50.7,+124.8,强烈建议投资｜+50.7%～+124.8%｜低
ASML,D:\drive\Investment\分析报告\公司情景投资决策\结果\备份\ASML_2026-07-18T17_46_46-07_00-48331b8b80\ASML_经营情景市场状态投资决策_2026-07-15.md,419,突破 / 非线性,3,有序风险收缩,强烈建议投资,+24.4,+83.9,强烈建议投资｜+24.4%～+83.9%｜低
ASML,D:\drive\Investment\分析报告\公司情景投资决策\结果\备份\ASML_2026-07-18T17_46_46-07_00-48331b8b80\ASML_经营情景市场状态投资决策_2026-07-15.md,419,突破 / 非线性,4,流动性信用压力,谨慎建议投资,+1.7,+51.1,谨慎建议投资｜+1.7%～+51.1%｜低
ASMVY,D:\drive\Investment\分析报告\公司情景投资决策\结果\ASMVY_经营情景市场状态投资决策_2026-07-15.md,351,悲观 / 受损,0,宽基风险扩张,强烈不建议投资,-76,-55,强烈不建议投资｜-76%～-55%｜中
ASMVY,D:\drive\Investment\分析报告\公司情景投资决策\结果\ASMVY_经营情景市场状态投资决策_2026-07-15.md,351,悲观 / 受损,1,窄幅主题主导上涨,强烈不建议投资,-81,-62,强烈不建议投资｜-81%～-62%｜中
ASMVY,D:\drive\Investment\分析报告\公司情景投资决策\结果\ASMVY_经营情景市场状态投资决策_2026-07-15.md,351,悲观 / 受损,2,震荡均值回归,强烈不建议投资,-81,-62,强烈不建议投资｜-81%～-62%｜中
ASMVY,D:\drive\Investment\分析报告\公司情景投资决策\结果\ASMVY_经营情景市场状态投资决策_2026-07-15.md,351,悲观 / 受损,3,有序风险收缩,强烈不建议投资,-84,-69,强烈不建议投资｜-84%～-69%｜中
ASMVY,D:\drive\Investment\分析报告\公司情景投资决策\结果\ASMVY_经营情景市场状态投资决策_2026-07-15.md,351,悲观 / 受损,4,流动性信用压力,强烈不建议投资,-89,-76,强烈不建议投资｜-89%～-76%｜低
ASMVY,D:\drive\Investment\分析报告\公司情景投资决策\结果\ASMVY_经营情景市场状态投资决策_2026-07-15.md,352,基准 / 正常兑现,0,宽基风险扩张,中性 / 等待,-18,+29,中性 / 等待｜-18%～+29%｜中
ASMVY,D:\drive\Investment\分析报告\公司情景投资决策\结果\ASMVY_经营情景市场状态投资决策_2026-07-15.md,352,基准 / 正常兑现,1,窄幅主题主导上涨,中性 / 等待,-14,+39,中性 / 等待｜-14%～+39%｜中
ASMVY,D:\drive\Investment\分析报告\公司情景投资决策\结果\ASMVY_经营情景市场状态投资决策_2026-07-15.md,352,基准 / 正常兑现,2,震荡均值回归,中性 / 等待,-29,+14,中性 / 等待｜-29%～+14%｜中
ASMVY,D:\drive\Investment\分析报告\公司情景投资决策\结果\ASMVY_经营情景市场状态投资决策_2026-07-15.md,352,基准 / 正常兑现,3,有序风险收缩,不建议投资,-44,-6,不建议投资｜-44%～-6%｜中
ASMVY,D:\drive\Investment\分析报告\公司情景投资决策\结果\ASMVY_经营情景市场状态投资决策_2026-07-15.md,352,基准 / 正常兑现,4,流动性信用压力,强烈不建议投资,-60,-31,强烈不建议投资｜-60%～-31%｜低
ASMVY,D:\drive\Investment\分析报告\公司情景投资决策\结果\ASMVY_经营情景市场状态投资决策_2026-07-15.md,353,乐观 / 超预期,0,宽基风险扩张,强烈建议投资,+33,+115,强烈建议投资｜+33%～+115%｜中
ASMVY,D:\drive\Investment\分析报告\公司情景投资决策\结果\ASMVY_经营情景市场状态投资决策_2026-07-15.md,353,乐观 / 超预期,1,窄幅主题主导上涨,强烈建议投资,+44,+138,强烈建议投资｜+44%～+138%｜中
ASMVY,D:\drive\Investment\分析报告\公司情景投资决策\结果\ASMVY_经营情景市场状态投资决策_2026-07-15.md,353,乐观 / 超预期,2,震荡均值回归,建议投资,+10,+85,建议投资｜+10%～+85%｜中
ASMVY,D:\drive\Investment\分析报告\公司情景投资决策\结果\ASMVY_经营情景市场状态投资决策_2026-07-15.md,353,乐观 / 超预期,3,有序风险收缩,谨慎建议投资,-7,+55,谨慎建议投资｜-7%～+55%｜中
ASMVY,D:\drive\Investment\分析报告\公司情景投资决策\结果\ASMVY_经营情景市场状态投资决策_2026-07-15.md,353,乐观 / 超预期,4,流动性信用压力,中性 / 等待,-35,+17,中性 / 等待｜-35%～+17%｜低
ASMVY,D:\drive\Investment\分析报告\公司情景投资决策\结果\ASMVY_经营情景市场状态投资决策_2026-07-15.md,354,突破 / 非线性,0,宽基风险扩张,强烈建议投资,+104,+239,强烈建议投资｜+104%～+239%｜低
ASMVY,D:\drive\Investment\分析报告\公司情景投资决策\结果\ASMVY_经营情景市场状态投资决策_2026-07-15.md,354,突破 / 非线性,1,窄幅主题主导上涨,强烈建议投资,+136,+293,强烈建议投资｜+136%～+293%｜低
ASMVY,D:\drive\Investment\分析报告\公司情景投资决策\结果\ASMVY_经营情景市场状态投资决策_2026-07-15.md,354,突破 / 非线性,2,震荡均值回归,强烈建议投资,+71,+196,强烈建议投资｜+71%～+196%｜低
ASMVY,D:\drive\Investment\分析报告\公司情景投资决策\结果\ASMVY_经营情景市场状态投资决策_2026-07-15.md,354,突破 / 非线性,3,有序风险收缩,强烈建议投资,+47,+152,强烈建议投资｜+47%～+152%｜低
ASMVY,D:\drive\Investment\分析报告\公司情景投资决策\结果\ASMVY_经营情景市场状态投资决策_2026-07-15.md,354,突破 / 非线性,4,流动性信用压力,谨慎建议投资,-2,+87,谨慎建议投资｜-2%～+87%｜低
ASX,D:\drive\Investment\分析报告\公司情景投资决策\结果\ASX_经营情景市场状态投资决策_2026-07-15.md,51,悲观 / 受损,0,宽基风险扩张,强烈不建议投资,-65,-37,强烈不建议投资｜-65%～-37%｜中
ASX,D:\drive\Investment\分析报告\公司情景投资决策\结果\ASX_经营情景市场状态投资决策_2026-07-15.md,51,悲观 / 受损,1,窄幅主题主导上涨,强烈不建议投资,-73,-47,强烈不建议投资｜-73%～-47%｜中
ASX,D:\drive\Investment\分析报告\公司情景投资决策\结果\ASX_经营情景市场状态投资决策_2026-07-15.md,51,悲观 / 受损,2,震荡均值回归,强烈不建议投资,-77,-52,强烈不建议投资｜-77%～-52%｜中
ASX,D:\drive\Investment\分析报告\公司情景投资决策\结果\ASX_经营情景市场状态投资决策_2026-07-15.md,51,悲观 / 受损,3,有序风险收缩,强烈不建议投资,-81,-62,强烈不建议投资｜-81%～-62%｜中低
ASX,D:\drive\Investment\分析报告\公司情景投资决策\结果\ASX_经营情景市场状态投资决策_2026-07-15.md,51,悲观 / 受损,4,流动性信用压力,强烈不建议投资,-90,-72,强烈不建议投资｜-90%～-72%｜低
ASX,D:\drive\Investment\分析报告\公司情景投资决策\结果\ASX_经营情景市场状态投资决策_2026-07-15.md,52,基准 / 正常兑现,0,宽基风险扩张,谨慎建议投资,-7,+36,谨慎建议投资｜-7%～+36%｜中
ASX,D:\drive\Investment\分析报告\公司情景投资决策\结果\ASX_经营情景市场状态投资决策_2026-07-15.md,52,基准 / 正常兑现,1,窄幅主题主导上涨,建议投资,-1,+43,建议投资｜-1%～+43%｜中
ASX,D:\drive\Investment\分析报告\公司情景投资决策\结果\ASX_经营情景市场状态投资决策_2026-07-15.md,52,基准 / 正常兑现,2,震荡均值回归,不建议投资,-26,+13,不建议投资｜-26%～+13%｜中
ASX,D:\drive\Investment\分析报告\公司情景投资决策\结果\ASX_经营情景市场状态投资决策_2026-07-15.md,52,基准 / 正常兑现,3,有序风险收缩,强烈不建议投资,-45,-9,强烈不建议投资｜-45%～-9%｜中低
ASX,D:\drive\Investment\分析报告\公司情景投资决策\结果\ASX_经营情景市场状态投资决策_2026-07-15.md,52,基准 / 正常兑现,4,流动性信用压力,强烈不建议投资,-64,-39,强烈不建议投资｜-64%～-39%｜低
ASX,D:\drive\Investment\分析报告\公司情景投资决策\结果\ASX_经营情景市场状态投资决策_2026-07-15.md,53,乐观 / 超预期,0,宽基风险扩张,强烈建议投资,+39,+108,强烈建议投资｜+39%～+108%｜中低
ASX,D:\drive\Investment\分析报告\公司情景投资决策\结果\ASX_经营情景市场状态投资决策_2026-07-15.md,53,乐观 / 超预期,1,窄幅主题主导上涨,强烈建议投资,+55,+127,强烈建议投资｜+55%～+127%｜中低
ASX,D:\drive\Investment\分析报告\公司情景投资决策\结果\ASX_经营情景市场状态投资决策_2026-07-15.md,53,乐观 / 超预期,2,震荡均值回归,强烈建议投资,+23,+79,强烈建议投资｜+23%～+79%｜中低
ASX,D:\drive\Investment\分析报告\公司情景投资决策\结果\ASX_经营情景市场状态投资决策_2026-07-15.md,53,乐观 / 超预期,3,有序风险收缩,谨慎建议投资,-9,+41,谨慎建议投资｜-9%～+41%｜低
ASX,D:\drive\Investment\分析报告\公司情景投资决策\结果\ASX_经营情景市场状态投资决策_2026-07-15.md,53,乐观 / 超预期,4,流动性信用压力,不建议投资,-33,+12,不建议投资｜-33%～+12%｜低
ASX,D:\drive\Investment\分析报告\公司情景投资决策\结果\ASX_经营情景市场状态投资决策_2026-07-15.md,54,突破 / 非线性,0,宽基风险扩张,强烈建议投资,+93,+203,强烈建议投资｜+93%～+203%｜低
ASX,D:\drive\Investment\分析报告\公司情景投资决策\结果\ASX_经营情景市场状态投资决策_2026-07-15.md,54,突破 / 非线性,1,窄幅主题主导上涨,强烈建议投资,+122,+239,强烈建议投资｜+122%～+239%｜低
ASX,D:\drive\Investment\分析报告\公司情景投资决策\结果\ASX_经营情景市场状态投资决策_2026-07-15.md,54,突破 / 非线性,2,震荡均值回归,强烈建议投资,+73,+167,强烈建议投资｜+73%～+167%｜低
ASX,D:\drive\Investment\分析报告\公司情景投资决策\结果\ASX_经营情景市场状态投资决策_2026-07-15.md,54,突破 / 非线性,3,有序风险收缩,强烈建议投资,+34,+119,强烈建议投资｜+34%～+119%｜低
ASX,D:\drive\Investment\分析报告\公司情景投资决策\结果\ASX_经营情景市场状态投资决策_2026-07-15.md,54,突破 / 非线性,4,流动性信用压力,建议投资,+5,+82,建议投资｜+5%～+82%｜低
ATEYY,D:\drive\Investment\分析报告\公司情景投资决策\结果\ATEYY_经营情景市场状态投资决策_2026-07-15.md,62,悲观 / 受损,0,宽基风险扩张,强烈不建议投资,-80,-63,强烈不建议投资｜-80%～-63%｜中
ATEYY,D:\drive\Investment\分析报告\公司情景投资决策\结果\ATEYY_经营情景市场状态投资决策_2026-07-15.md,62,悲观 / 受损,1,窄幅主题主导上涨,强烈不建议投资,-81,-66,强烈不建议投资｜-81%～-66%｜中
ATEYY,D:\drive\Investment\分析报告\公司情景投资决策\结果\ATEYY_经营情景市场状态投资决策_2026-07-15.md,62,悲观 / 受损,2,震荡均值回归,强烈不建议投资,-84,-70,强烈不建议投资｜-84%～-70%｜中
ATEYY,D:\drive\Investment\分析报告\公司情景投资决策\结果\ATEYY_经营情景市场状态投资决策_2026-07-15.md,62,悲观 / 受损,3,有序风险收缩,强烈不建议投资,-88,-77,强烈不建议投资｜-88%～-77%｜低
ATEYY,D:\drive\Investment\分析报告\公司情景投资决策\结果\ATEYY_经营情景市场状态投资决策_2026-07-15.md,62,悲观 / 受损,4,流动性信用压力,强烈不建议投资,-92,-83,强烈不建议投资｜-92%～-83%｜低
ATEYY,D:\drive\Investment\分析报告\公司情景投资决策\结果\ATEYY_经营情景市场状态投资决策_2026-07-15.md,63,基准 / 正常兑现,0,宽基风险扩张,不建议投资,-37,+1,不建议投资｜-37%～+1%｜中
ATEYY,D:\drive\Investment\分析报告\公司情景投资决策\结果\ATEYY_经营情景市场状态投资决策_2026-07-15.md,63,基准 / 正常兑现,1,窄幅主题主导上涨,不建议投资,-29,+15,不建议投资｜-29%～+15%｜中
ATEYY,D:\drive\Investment\分析报告\公司情景投资决策\结果\ATEYY_经营情景市场状态投资决策_2026-07-15.md,63,基准 / 正常兑现,2,震荡均值回归,强烈不建议投资,-49,-17,强烈不建议投资｜-49%～-17%｜中
ATEYY,D:\drive\Investment\分析报告\公司情景投资决策\结果\ATEYY_经营情景市场状态投资决策_2026-07-15.md,63,基准 / 正常兑现,3,有序风险收缩,强烈不建议投资,-60,-34,强烈不建议投资｜-60%～-34%｜低
ATEYY,D:\drive\Investment\分析报告\公司情景投资决策\结果\ATEYY_经营情景市场状态投资决策_2026-07-15.md,63,基准 / 正常兑现,4,流动性信用压力,强烈不建议投资,-73,-50,强烈不建议投资｜-73%～-50%｜低
ATEYY,D:\drive\Investment\分析报告\公司情景投资决策\结果\ATEYY_经营情景市场状态投资决策_2026-07-15.md,64,乐观 / 超预期,0,宽基风险扩张,谨慎建议投资,-8,+46,谨慎建议投资｜-8%～+46%｜中
ATEYY,D:\drive\Investment\分析报告\公司情景投资决策\结果\ATEYY_经营情景市场状态投资决策_2026-07-15.md,64,乐观 / 超预期,1,窄幅主题主导上涨,建议投资,+6,+72,建议投资｜+6%～+72%｜中
ATEYY,D:\drive\Investment\分析报告\公司情景投资决策\结果\ATEYY_经营情景市场状态投资决策_2026-07-15.md,64,乐观 / 超预期,2,震荡均值回归,中性 / 等待,-23,+27,中性 / 等待｜-23%～+27%｜低
ATEYY,D:\drive\Investment\分析报告\公司情景投资决策\结果\ATEYY_经营情景市场状态投资决策_2026-07-15.md,64,乐观 / 超预期,3,有序风险收缩,不建议投资,-38,+4,不建议投资｜-38%～+4%｜低
ATEYY,D:\drive\Investment\分析报告\公司情景投资决策\结果\ATEYY_经营情景市场状态投资决策_2026-07-15.md,64,乐观 / 超预期,4,流动性信用压力,强烈不建议投资,-55,-22,强烈不建议投资｜-55%～-22%｜低
ATEYY,D:\drive\Investment\分析报告\公司情景投资决策\结果\ATEYY_经营情景市场状态投资决策_2026-07-15.md,65,突破 / 非线性,0,宽基风险扩张,建议投资,+32,+110,建议投资｜+32%～+110%｜低
ATEYY,D:\drive\Investment\分析报告\公司情景投资决策\结果\ATEYY_经营情景市场状态投资决策_2026-07-15.md,65,突破 / 非线性,1,窄幅主题主导上涨,强烈建议投资,+56,+154,强烈建议投资｜+56%～+154%｜低
ATEYY,D:\drive\Investment\分析报告\公司情景投资决策\结果\ATEYY_经营情景市场状态投资决策_2026-07-15.md,65,突破 / 非线性,2,震荡均值回归,建议投资,+12,+92,建议投资｜+12%～+92%｜低
ATEYY,D:\drive\Investment\分析报告\公司情景投资决策\结果\ATEYY_经营情景市场状态投资决策_2026-07-15.md,65,突破 / 非线性,3,有序风险收缩,谨慎建议投资,-8,+57,谨慎建议投资｜-8%～+57%｜低
ATEYY,D:\drive\Investment\分析报告\公司情景投资决策\结果\ATEYY_经营情景市场状态投资决策_2026-07-15.md,65,突破 / 非线性,4,流动性信用压力,不建议投资,-36,+21,不建议投资｜-36%～+21%｜低
ATKR,D:\drive\Investment\分析报告\公司情景投资决策\结果\ATKR_经营情景市场状态投资决策_2026-07-15.md,429,悲观 / 受损,0,宽基风险扩张,强烈不建议投资,-69,-28,强烈不建议投资｜-69%～-28%｜中
ATKR,D:\drive\Investment\分析报告\公司情景投资决策\结果\ATKR_经营情景市场状态投资决策_2026-07-15.md,429,悲观 / 受损,1,窄幅主题主导上涨,强烈不建议投资,-73,-34,强烈不建议投资｜-73%～-34%｜中
ATKR,D:\drive\Investment\分析报告\公司情景投资决策\结果\ATKR_经营情景市场状态投资决策_2026-07-15.md,429,悲观 / 受损,2,震荡均值回归,强烈不建议投资,-76,-39,强烈不建议投资｜-76%～-39%｜中
ATKR,D:\drive\Investment\分析报告\公司情景投资决策\结果\ATKR_经营情景市场状态投资决策_2026-07-15.md,429,悲观 / 受损,3,有序风险收缩,强烈不建议投资,-84,-50,强烈不建议投资｜-84%～-50%｜低
ATKR,D:\drive\Investment\分析报告\公司情景投资决策\结果\ATKR_经营情景市场状态投资决策_2026-07-15.md,429,悲观 / 受损,4,流动性信用压力,强烈不建议投资,-95,-67,强烈不建议投资｜-95%～-67%｜低
ATKR,D:\drive\Investment\分析报告\公司情景投资决策\结果\ATKR_经营情景市场状态投资决策_2026-07-15.md,430,基准 / 正常兑现,0,宽基风险扩张,谨慎建议投资,-3,+56,谨慎建议投资｜-3%～+56%｜中
ATKR,D:\drive\Investment\分析报告\公司情景投资决策\结果\ATKR_经营情景市场状态投资决策_2026-07-15.md,430,基准 / 正常兑现,1,窄幅主题主导上涨,中性 / 等待,-17,+40,中性 / 等待｜-17%～+40%｜中
ATKR,D:\drive\Investment\分析报告\公司情景投资决策\结果\ATKR_经营情景市场状态投资决策_2026-07-15.md,430,基准 / 正常兑现,2,震荡均值回归,中性 / 等待,-17,+31,中性 / 等待｜-17%～+31%｜中
ATKR,D:\drive\Investment\分析报告\公司情景投资决策\结果\ATKR_经营情景市场状态投资决策_2026-07-15.md,430,基准 / 正常兑现,3,有序风险收缩,不建议投资,-36,+6,不建议投资｜-36%～+6%｜低
ATKR,D:\drive\Investment\分析报告\公司情景投资决策\结果\ATKR_经营情景市场状态投资决策_2026-07-15.md,430,基准 / 正常兑现,4,流动性信用压力,强烈不建议投资,-56,-19,强烈不建议投资｜-56%～-19%｜低
ATKR,D:\drive\Investment\分析报告\公司情景投资决策\结果\ATKR_经营情景市场状态投资决策_2026-07-15.md,431,乐观 / 超预期,0,宽基风险扩张,强烈建议投资,+55,+141,强烈建议投资｜+55%～+141%｜中
ATKR,D:\drive\Investment\分析报告\公司情景投资决策\结果\ATKR_经营情景市场状态投资决策_2026-07-15.md,431,乐观 / 超预期,1,窄幅主题主导上涨,强烈建议投资,+37,+118,强烈建议投资｜+37%～+118%｜中
ATKR,D:\drive\Investment\分析报告\公司情景投资决策\结果\ATKR_经营情景市场状态投资决策_2026-07-15.md,431,乐观 / 超预期,2,震荡均值回归,强烈建议投资,+37,+107,强烈建议投资｜+37%～+107%｜中
ATKR,D:\drive\Investment\分析报告\公司情景投资决策\结果\ATKR_经营情景市场状态投资决策_2026-07-15.md,431,乐观 / 超预期,3,有序风险收缩,建议投资,+11,+73,建议投资｜+11%～+73%｜中
ATKR,D:\drive\Investment\分析报告\公司情景投资决策\结果\ATKR_经营情景市场状态投资决策_2026-07-15.md,431,乐观 / 超预期,4,流动性信用压力,中性 / 等待,-15,+40,中性 / 等待｜-15%～+40%｜低
ATKR,D:\drive\Investment\分析报告\公司情景投资决策\结果\ATKR_经营情景市场状态投资决策_2026-07-15.md,432,突破 / 非线性,0,宽基风险扩张,强烈建议投资,+116,+246,强烈建议投资｜+116%～+246%｜低
ATKR,D:\drive\Investment\分析报告\公司情景投资决策\结果\ATKR_经营情景市场状态投资决策_2026-07-15.md,432,突破 / 非线性,1,窄幅主题主导上涨,强烈建议投资,+94,+217,强烈建议投资｜+94%～+217%｜低
ATKR,D:\drive\Investment\分析报告\公司情景投资决策\结果\ATKR_经营情景市场状态投资决策_2026-07-15.md,432,突破 / 非线性,2,震荡均值回归,强烈建议投资,+84,+203,强烈建议投资｜+84%～+203%｜低
ATKR,D:\drive\Investment\分析报告\公司情景投资决策\结果\ATKR_经营情景市场状态投资决策_2026-07-15.md,432,突破 / 非线性,3,有序风险收缩,强烈建议投资,+52,+159,强烈建议投资｜+52%～+159%｜低
ATKR,D:\drive\Investment\分析报告\公司情景投资决策\结果\ATKR_经营情景市场状态投资决策_2026-07-15.md,432,突破 / 非线性,4,流动性信用压力,建议投资,+20,+101,建议投资｜+20%～+101%｜低
AVGO,D:\drive\Investment\分析报告\公司情景投资决策\结果\备份\AVGO_2026-07-18T18_53_56-07_00-34a2aa6554\AVGO_经营情景市场状态投资决策_2026-07-15.md,395,悲观 / 受损,0,宽基风险扩张,强烈不建议投资,-67,-35,强烈不建议投资｜-67%～-35%｜中
AVGO,D:\drive\Investment\分析报告\公司情景投资决策\结果\备份\AVGO_2026-07-18T18_53_56-07_00-34a2aa6554\AVGO_经营情景市场状态投资决策_2026-07-15.md,395,悲观 / 受损,1,窄幅主题主导上涨,强烈不建议投资,-64,-21,强烈不建议投资｜-64%～-21%｜中
AVGO,D:\drive\Investment\分析报告\公司情景投资决策\结果\备份\AVGO_2026-07-18T18_53_56-07_00-34a2aa6554\AVGO_经营情景市场状态投资决策_2026-07-15.md,395,悲观 / 受损,2,震荡均值回归,强烈不建议投资,-72,-39,强烈不建议投资｜-72%～-39%｜中
AVGO,D:\drive\Investment\分析报告\公司情景投资决策\结果\备份\AVGO_2026-07-18T18_53_56-07_00-34a2aa6554\AVGO_经营情景市场状态投资决策_2026-07-15.md,395,悲观 / 受损,3,有序风险收缩,强烈不建议投资,-78,-48,强烈不建议投资｜-78%～-48%｜中
AVGO,D:\drive\Investment\分析报告\公司情景投资决策\结果\备份\AVGO_2026-07-18T18_53_56-07_00-34a2aa6554\AVGO_经营情景市场状态投资决策_2026-07-15.md,395,悲观 / 受损,4,流动性信用压力,强烈不建议投资,-84,-60,强烈不建议投资｜-84%～-60%｜低
AVGO,D:\drive\Investment\分析报告\公司情景投资决策\结果\备份\AVGO_2026-07-18T18_53_56-07_00-34a2aa6554\AVGO_经营情景市场状态投资决策_2026-07-15.md,396,基准 / 正常兑现,0,宽基风险扩张,中性 / 等待,-38,+18,中性 / 等待｜-38%～+18%｜中
AVGO,D:\drive\Investment\分析报告\公司情景投资决策\结果\备份\AVGO_2026-07-18T18_53_56-07_00-34a2aa6554\AVGO_经营情景市场状态投资决策_2026-07-15.md,396,基准 / 正常兑现,1,窄幅主题主导上涨,中性 / 等待,-33,+41,中性 / 等待｜-33%～+41%｜低
AVGO,D:\drive\Investment\分析报告\公司情景投资决策\结果\备份\AVGO_2026-07-18T18_53_56-07_00-34a2aa6554\AVGO_经营情景市场状态投资决策_2026-07-15.md,396,基准 / 正常兑现,2,震荡均值回归,不建议投资,-49,+2,不建议投资｜-49%～+2%｜中
AVGO,D:\drive\Investment\分析报告\公司情景投资决策\结果\备份\AVGO_2026-07-18T18_53_56-07_00-34a2aa6554\AVGO_经营情景市场状态投资决策_2026-07-15.md,396,基准 / 正常兑现,3,有序风险收缩,强烈不建议投资,-59,-14,强烈不建议投资｜-59%～-14%｜中
AVGO,D:\drive\Investment\分析报告\公司情景投资决策\结果\备份\AVGO_2026-07-18T18_53_56-07_00-34a2aa6554\AVGO_经营情景市场状态投资决策_2026-07-15.md,396,基准 / 正常兑现,4,流动性信用压力,强烈不建议投资,-72,-30,强烈不建议投资｜-72%～-30%｜低
AVGO,D:\drive\Investment\分析报告\公司情景投资决策\结果\备份\AVGO_2026-07-18T18_53_56-07_00-34a2aa6554\AVGO_经营情景市场状态投资决策_2026-07-15.md,397,乐观 / 超预期,0,宽基风险扩张,建议投资,-7,+76,建议投资｜-7%～+76%｜中
AVGO,D:\drive\Investment\分析报告\公司情景投资决策\结果\备份\AVGO_2026-07-18T18_53_56-07_00-34a2aa6554\AVGO_经营情景市场状态投资决策_2026-07-15.md,397,乐观 / 超预期,1,窄幅主题主导上涨,建议投资,+1,+118,建议投资｜+1%～+118%｜低
AVGO,D:\drive\Investment\分析报告\公司情景投资决策\结果\备份\AVGO_2026-07-18T18_53_56-07_00-34a2aa6554\AVGO_经营情景市场状态投资决策_2026-07-15.md,397,乐观 / 超预期,2,震荡均值回归,谨慎建议投资,-24,+43,谨慎建议投资｜-24%～+43%｜中
AVGO,D:\drive\Investment\分析报告\公司情景投资决策\结果\备份\AVGO_2026-07-18T18_53_56-07_00-34a2aa6554\AVGO_经营情景市场状态投资决策_2026-07-15.md,397,乐观 / 超预期,3,有序风险收缩,不建议投资,-39,+18,不建议投资｜-39%～+18%｜低
AVGO,D:\drive\Investment\分析报告\公司情景投资决策\结果\备份\AVGO_2026-07-18T18_53_56-07_00-34a2aa6554\AVGO_经营情景市场状态投资决策_2026-07-15.md,397,乐观 / 超预期,4,流动性信用压力,强烈不建议投资,-58,-2,强烈不建议投资｜-58%～-2%｜低
AVGO,D:\drive\Investment\分析报告\公司情景投资决策\结果\备份\AVGO_2026-07-18T18_53_56-07_00-34a2aa6554\AVGO_经营情景市场状态投资决策_2026-07-15.md,398,突破 / 非线性,0,宽基风险扩张,强烈建议投资,+31,+172,强烈建议投资｜+31%～+172%｜低
AVGO,D:\drive\Investment\分析报告\公司情景投资决策\结果\备份\AVGO_2026-07-18T18_53_56-07_00-34a2aa6554\AVGO_经营情景市场状态投资决策_2026-07-15.md,398,突破 / 非线性,1,窄幅主题主导上涨,强烈建议投资,+42,+239,强烈建议投资｜+42%～+239%｜低
AVGO,D:\drive\Investment\分析报告\公司情景投资决策\结果\备份\AVGO_2026-07-18T18_53_56-07_00-34a2aa6554\AVGO_经营情景市场状态投资决策_2026-07-15.md,398,突破 / 非线性,2,震荡均值回归,建议投资,+6,+109,建议投资｜+6%～+109%｜低
AVGO,D:\drive\Investment\分析报告\公司情景投资决策\结果\备份\AVGO_2026-07-18T18_53_56-07_00-34a2aa6554\AVGO_经营情景市场状态投资决策_2026-07-15.md,398,突破 / 非线性,3,有序风险收缩,谨慎建议投资,-15,+70,谨慎建议投资｜-15%～+70%｜低
AVGO,D:\drive\Investment\分析报告\公司情景投资决策\结果\备份\AVGO_2026-07-18T18_53_56-07_00-34a2aa6554\AVGO_经营情景市场状态投资决策_2026-07-15.md,398,突破 / 非线性,4,流动性信用压力,不建议投资,-43,+28,不建议投资｜-43%～+28%｜低
AXTI,D:\drive\Investment\分析报告\公司情景投资决策\结果\AXTI_经营情景市场状态投资决策_2026-07-15.md,315,悲观 / 受损,0,宽基风险扩张,强烈不建议投资,-87,-70,强烈不建议投资｜-87%～-70%｜中
AXTI,D:\drive\Investment\分析报告\公司情景投资决策\结果\AXTI_经营情景市场状态投资决策_2026-07-15.md,315,悲观 / 受损,1,窄幅主题主导上涨,强烈不建议投资,-86,-68,强烈不建议投资｜-86%～-68%｜中
AXTI,D:\drive\Investment\分析报告\公司情景投资决策\结果\AXTI_经营情景市场状态投资决策_2026-07-15.md,315,悲观 / 受损,2,震荡均值回归,强烈不建议投资,-87,-74,强烈不建议投资｜-87%～-74%｜中
AXTI,D:\drive\Investment\分析报告\公司情景投资决策\结果\AXTI_经营情景市场状态投资决策_2026-07-15.md,315,悲观 / 受损,3,有序风险收缩,强烈不建议投资,-87,-78,强烈不建议投资｜-87%～-78%｜中
AXTI,D:\drive\Investment\分析报告\公司情景投资决策\结果\AXTI_经营情景市场状态投资决策_2026-07-15.md,315,悲观 / 受损,4,流动性信用压力,强烈不建议投资,-87,-80,强烈不建议投资｜-87%～-80%｜中
AXTI,D:\drive\Investment\分析报告\公司情景投资决策\结果\AXTI_经营情景市场状态投资决策_2026-07-15.md,316,基准 / 正常兑现,0,宽基风险扩张,强烈不建议投资,-76,-18,强烈不建议投资｜-76%～-18%｜低
AXTI,D:\drive\Investment\分析报告\公司情景投资决策\结果\AXTI_经营情景市场状态投资决策_2026-07-15.md,316,基准 / 正常兑现,1,窄幅主题主导上涨,强烈不建议投资,-75,+2,强烈不建议投资｜-75%～+2%｜低
AXTI,D:\drive\Investment\分析报告\公司情景投资决策\结果\AXTI_经营情景市场状态投资决策_2026-07-15.md,316,基准 / 正常兑现,2,震荡均值回归,强烈不建议投资,-77,-34,强烈不建议投资｜-77%～-34%｜低
AXTI,D:\drive\Investment\分析报告\公司情景投资决策\结果\AXTI_经营情景市场状态投资决策_2026-07-15.md,316,基准 / 正常兑现,3,有序风险收缩,强烈不建议投资,-79,-46,强烈不建议投资｜-79%～-46%｜低
AXTI,D:\drive\Investment\分析报告\公司情景投资决策\结果\AXTI_经营情景市场状态投资决策_2026-07-15.md,316,基准 / 正常兑现,4,流动性信用压力,强烈不建议投资,-81,-59,强烈不建议投资｜-81%～-59%｜低
AXTI,D:\drive\Investment\分析报告\公司情景投资决策\结果\AXTI_经营情景市场状态投资决策_2026-07-15.md,317,乐观 / 超预期,0,宽基风险扩张,不建议投资,-63,+31,不建议投资｜-63%～+31%｜低
AXTI,D:\drive\Investment\分析报告\公司情景投资决策\结果\AXTI_经营情景市场状态投资决策_2026-07-15.md,317,乐观 / 超预期,1,窄幅主题主导上涨,中性 / 等待,-61,+63,中性 / 等待｜-61%～+63%｜低
AXTI,D:\drive\Investment\分析报告\公司情景投资决策\结果\AXTI_经营情景市场状态投资决策_2026-07-15.md,317,乐观 / 超预期,2,震荡均值回归,强烈不建议投资,-66,+4,强烈不建议投资｜-66%～+4%｜低
AXTI,D:\drive\Investment\分析报告\公司情景投资决策\结果\AXTI_经营情景市场状态投资决策_2026-07-15.md,317,乐观 / 超预期,3,有序风险收缩,强烈不建议投资,-70,-17,强烈不建议投资｜-70%～-17%｜低
AXTI,D:\drive\Investment\分析报告\公司情景投资决策\结果\AXTI_经营情景市场状态投资决策_2026-07-15.md,317,乐观 / 超预期,4,流动性信用压力,强烈不建议投资,-74,-38,强烈不建议投资｜-74%～-38%｜低
AXTI,D:\drive\Investment\分析报告\公司情景投资决策\结果\AXTI_经营情景市场状态投资决策_2026-07-15.md,318,突破 / 非线性,0,宽基风险扩张,谨慎建议投资,-47,+113,谨慎建议投资｜-47%～+113%｜低
AXTI,D:\drive\Investment\分析报告\公司情景投资决策\结果\AXTI_经营情景市场状态投资决策_2026-07-15.md,318,突破 / 非线性,1,窄幅主题主导上涨,谨慎建议投资,-43,+173,谨慎建议投资｜-43%～+173%｜低
AXTI,D:\drive\Investment\分析报告\公司情景投资决策\结果\AXTI_经营情景市场状态投资决策_2026-07-15.md,318,突破 / 非线性,2,震荡均值回归,中性 / 等待,-52,+76,中性 / 等待｜-52%～+76%｜低
AXTI,D:\drive\Investment\分析报告\公司情景投资决策\结果\AXTI_经营情景市场状态投资决策_2026-07-15.md,318,突破 / 非线性,3,有序风险收缩,不建议投资,-58,+39,不建议投资｜-58%～+39%｜低
AXTI,D:\drive\Investment\分析报告\公司情景投资决策\结果\AXTI_经营情景市场状态投资决策_2026-07-15.md,318,突破 / 非线性,4,流动性信用压力,强烈不建议投资,-66,+2,强烈不建议投资｜-66%～+2%｜低
BABA,D:\drive\Investment\分析报告\公司情景投资决策\结果\BABA_经营情景市场状态投资决策_2026-07-15.md,459,悲观 / 受损,0,宽基风险扩张,强烈不建议投资,-33.0,-14.4,强烈不建议投资｜-33.0%～-14.4%｜中
BABA,D:\drive\Investment\分析报告\公司情景投资决策\结果\BABA_经营情景市场状态投资决策_2026-07-15.md,459,悲观 / 受损,1,窄幅主题主导上涨,强烈不建议投资,-38.1,-19.4,强烈不建议投资｜-38.1%～-19.4%｜中
BABA,D:\drive\Investment\分析报告\公司情景投资决策\结果\BABA_经营情景市场状态投资决策_2026-07-15.md,459,悲观 / 受损,2,震荡均值回归,强烈不建议投资,-40.7,-22.8,强烈不建议投资｜-40.7%～-22.8%｜中
BABA,D:\drive\Investment\分析报告\公司情景投资决策\结果\BABA_经营情景市场状态投资决策_2026-07-15.md,459,悲观 / 受损,3,有序风险收缩,强烈不建议投资,-47.5,-31.3,强烈不建议投资｜-47.5%～-31.3%｜中
BABA,D:\drive\Investment\分析报告\公司情景投资决策\结果\BABA_经营情景市场状态投资决策_2026-07-15.md,459,悲观 / 受损,4,流动性信用压力,强烈不建议投资,-56.8,-41.5,强烈不建议投资｜-56.8%～-41.5%｜低
BABA,D:\drive\Investment\分析报告\公司情景投资决策\结果\BABA_经营情景市场状态投资决策_2026-07-15.md,460,基准 / 正常兑现,0,宽基风险扩张,谨慎建议投资,+7.1,+32.6,谨慎建议投资｜+7.1%～+32.6%｜中
BABA,D:\drive\Investment\分析报告\公司情景投资决策\结果\BABA_经营情景市场状态投资决策_2026-07-15.md,460,基准 / 正常兑现,1,窄幅主题主导上涨,谨慎建议投资,+2.9,+28.3,谨慎建议投资｜+2.9%～+28.3%｜中
BABA,D:\drive\Investment\分析报告\公司情景投资决策\结果\BABA_经营情景市场状态投资决策_2026-07-15.md,460,基准 / 正常兑现,2,震荡均值回归,中性 / 等待,-3.9,+19.8,中性 / 等待｜-3.9%～+19.8%｜中
BABA,D:\drive\Investment\分析报告\公司情景投资决策\结果\BABA_经营情景市场状态投资决策_2026-07-15.md,460,基准 / 正常兑现,3,有序风险收缩,不建议投资,-15.8,+5.4,不建议投资｜-15.8%～+5.4%｜中
BABA,D:\drive\Investment\分析报告\公司情景投资决策\结果\BABA_经营情景市场状态投资决策_2026-07-15.md,460,基准 / 正常兑现,4,流动性信用压力,强烈不建议投资,-29.4,-9.9,强烈不建议投资｜-29.4%～-9.9%｜低
BABA,D:\drive\Investment\分析报告\公司情景投资决策\结果\BABA_经营情景市场状态投资决策_2026-07-15.md,461,乐观 / 超预期,0,宽基风险扩张,强烈建议投资,+48.9,+83.7,强烈建议投资｜+48.9%～+83.7%｜中
BABA,D:\drive\Investment\分析报告\公司情景投资决策\结果\BABA_经营情景市场状态投资决策_2026-07-15.md,461,乐观 / 超预期,1,窄幅主题主导上涨,强烈建议投资,+54.0,+92.2,强烈建议投资｜+54.0%～+92.2%｜中
BABA,D:\drive\Investment\分析报告\公司情景投资决策\结果\BABA_经营情景市场状态投资决策_2026-07-15.md,461,乐观 / 超预期,2,震荡均值回归,强烈建议投资,+35.3,+69.3,强烈建议投资｜+35.3%～+69.3%｜中
BABA,D:\drive\Investment\分析报告\公司情景投资决策\结果\BABA_经营情景市场状态投资决策_2026-07-15.md,461,乐观 / 超预期,3,有序风险收缩,建议投资,+18.3,+48.9,建议投资｜+18.3%～+48.9%｜中
BABA,D:\drive\Investment\分析报告\公司情景投资决策\结果\BABA_经营情景市场状态投资决策_2026-07-15.md,461,乐观 / 超预期,4,流动性信用压力,谨慎建议投资,-3.0,+26.8,谨慎建议投资｜-3.0%～+26.8%｜低
BABA,D:\drive\Investment\分析报告\公司情景投资决策\结果\BABA_经营情景市场状态投资决策_2026-07-15.md,462,突破 / 非线性,0,宽基风险扩张,强烈建议投资,+105.1,+156.1,强烈建议投资｜+105.1%～+156.1%｜低
BABA,D:\drive\Investment\分析报告\公司情景投资决策\结果\BABA_经营情景市场状态投资决策_2026-07-15.md,462,突破 / 非线性,1,窄幅主题主导上涨,强烈建议投资,+117.9,+177.3,强烈建议投资｜+117.9%～+177.3%｜低
BABA,D:\drive\Investment\分析报告\公司情景投资决策\结果\BABA_经营情景市场状态投资决策_2026-07-15.md,462,突破 / 非线性,2,震荡均值回归,强烈建议投资,+86.4,+134.9,强烈建议投资｜+86.4%～+134.9%｜低
BABA,D:\drive\Investment\分析报告\公司情景投资决策\结果\BABA_经营情景市场状态投资决策_2026-07-15.md,462,突破 / 非线性,3,有序风险收缩,强烈建议投资,+60.9,+105.1,强烈建议投资｜+60.9%～+105.1%｜低
BABA,D:\drive\Investment\分析报告\公司情景投资决策\结果\BABA_经营情景市场状态投资决策_2026-07-15.md,462,突破 / 非线性,4,流动性信用压力,强烈建议投资,+31.2,+69.4,强烈建议投资｜+31.2%～+69.4%｜低
BDC,D:\drive\Investment\分析报告\公司情景投资决策\结果\BDC_经营情景市场状态投资决策_2026-07-15.md,407,悲观 / 受损,0,宽基风险扩张,强烈不建议投资,-68,-34,强烈不建议投资｜-68%～-34%｜中
BDC,D:\drive\Investment\分析报告\公司情景投资决策\结果\BDC_经营情景市场状态投资决策_2026-07-15.md,407,悲观 / 受损,1,窄幅主题主导上涨,强烈不建议投资,-75,-41,强烈不建议投资｜-75%～-41%｜中
BDC,D:\drive\Investment\分析报告\公司情景投资决策\结果\BDC_经营情景市场状态投资决策_2026-07-15.md,407,悲观 / 受损,2,震荡均值回归,强烈不建议投资,-81,-48,强烈不建议投资｜-81%～-48%｜中
BDC,D:\drive\Investment\分析报告\公司情景投资决策\结果\BDC_经营情景市场状态投资决策_2026-07-15.md,407,悲观 / 受损,3,有序风险收缩,强烈不建议投资,-93,-61,强烈不建议投资｜-93%～-61%｜中
BDC,D:\drive\Investment\分析报告\公司情景投资决策\结果\BDC_经营情景市场状态投资决策_2026-07-15.md,407,悲观 / 受损,4,流动性信用压力,强烈不建议投资,-100,-82,强烈不建议投资｜-100%～-82%｜低
BDC,D:\drive\Investment\分析报告\公司情景投资决策\结果\BDC_经营情景市场状态投资决策_2026-07-15.md,408,基准 / 正常兑现,0,宽基风险扩张,谨慎建议投资,-13,+29,谨慎建议投资｜-13%～+29%｜中
BDC,D:\drive\Investment\分析报告\公司情景投资决策\结果\BDC_经营情景市场状态投资决策_2026-07-15.md,408,基准 / 正常兑现,1,窄幅主题主导上涨,中性 / 等待,-21,+22,中性 / 等待｜-21%～+22%｜中
BDC,D:\drive\Investment\分析报告\公司情景投资决策\结果\BDC_经营情景市场状态投资决策_2026-07-15.md,408,基准 / 正常兑现,2,震荡均值回归,不建议投资,-29,+12,不建议投资｜-29%～+12%｜中
BDC,D:\drive\Investment\分析报告\公司情景投资决策\结果\BDC_经营情景市场状态投资决策_2026-07-15.md,408,基准 / 正常兑现,3,有序风险收缩,强烈不建议投资,-45,-5,强烈不建议投资｜-45%～-5%｜中
BDC,D:\drive\Investment\分析报告\公司情景投资决策\结果\BDC_经营情景市场状态投资决策_2026-07-15.md,408,基准 / 正常兑现,4,流动性信用压力,强烈不建议投资,-73,-35,强烈不建议投资｜-73%～-35%｜低
BDC,D:\drive\Investment\分析报告\公司情景投资决策\结果\BDC_经营情景市场状态投资决策_2026-07-15.md,409,乐观 / 超预期,0,宽基风险扩张,建议投资,+32,+85,建议投资｜+32%～+85%｜中
BDC,D:\drive\Investment\分析报告\公司情景投资决策\结果\BDC_经营情景市场状态投资决策_2026-07-15.md,409,乐观 / 超预期,1,窄幅主题主导上涨,建议投资,+23,+75,建议投资｜+23%～+75%｜中
BDC,D:\drive\Investment\分析报告\公司情景投资决策\结果\BDC_经营情景市场状态投资决策_2026-07-15.md,409,乐观 / 超预期,2,震荡均值回归,建议投资,+14,+65,建议投资｜+14%～+65%｜中
BDC,D:\drive\Investment\分析报告\公司情景投资决策\结果\BDC_经营情景市场状态投资决策_2026-07-15.md,409,乐观 / 超预期,3,有序风险收缩,谨慎建议投资,-5,+44,谨慎建议投资｜-5%～+44%｜中
BDC,D:\drive\Investment\分析报告\公司情景投资决策\结果\BDC_经营情景市场状态投资决策_2026-07-15.md,409,乐观 / 超预期,4,流动性信用压力,不建议投资,-42,+4,不建议投资｜-42%～+4%｜低
BDC,D:\drive\Investment\分析报告\公司情景投资决策\结果\BDC_经营情景市场状态投资决策_2026-07-15.md,410,突破 / 非线性,0,宽基风险扩张,强烈建议投资,+81,+147,强烈建议投资｜+81%～+147%｜低
BDC,D:\drive\Investment\分析报告\公司情景投资决策\结果\BDC_经营情景市场状态投资决策_2026-07-15.md,410,突破 / 非线性,1,窄幅主题主导上涨,强烈建议投资,+70,+135,强烈建议投资｜+70%～+135%｜低
BDC,D:\drive\Investment\分析报告\公司情景投资决策\结果\BDC_经营情景市场状态投资决策_2026-07-15.md,410,突破 / 非线性,2,震荡均值回归,强烈建议投资,+60,+123,强烈建议投资｜+60%～+123%｜低
BDC,D:\drive\Investment\分析报告\公司情景投资决策\结果\BDC_经营情景市场状态投资决策_2026-07-15.md,410,突破 / 非线性,3,有序风险收缩,强烈建议投资,+38,+100,强烈建议投资｜+38%～+100%｜低
BDC,D:\drive\Investment\分析报告\公司情景投资决策\结果\BDC_经营情景市场状态投资决策_2026-07-15.md,410,突破 / 非线性,4,流动性信用压力,谨慎建议投资,-5,+52,谨慎建议投资｜-5%～+52%｜低
BE,D:\drive\Investment\分析报告\公司情景投资决策\结果\备份\BE_2026-07-18T18_32_45-07_00-a47a37524c\BE_经营情景市场状态投资决策_2026-07-15.md,310,悲观 / 受损,0,宽基风险扩张,强烈不建议投资,-96,-75,强烈不建议投资｜-96%～-75%｜中
BE,D:\drive\Investment\分析报告\公司情景投资决策\结果\备份\BE_2026-07-18T18_32_45-07_00-a47a37524c\BE_经营情景市场状态投资决策_2026-07-15.md,310,悲观 / 受损,1,窄幅主题主导上涨,强烈不建议投资,-95,-71,强烈不建议投资｜-95%～-71%｜中
BE,D:\drive\Investment\分析报告\公司情景投资决策\结果\备份\BE_2026-07-18T18_32_45-07_00-a47a37524c\BE_经营情景市场状态投资决策_2026-07-15.md,310,悲观 / 受损,2,震荡均值回归,强烈不建议投资,-97,-81,强烈不建议投资｜-97%～-81%｜中
BE,D:\drive\Investment\分析报告\公司情景投资决策\结果\备份\BE_2026-07-18T18_32_45-07_00-a47a37524c\BE_经营情景市场状态投资决策_2026-07-15.md,310,悲观 / 受损,3,有序风险收缩,强烈不建议投资,-99,-87,强烈不建议投资｜-99%～-87%｜低
BE,D:\drive\Investment\分析报告\公司情景投资决策\结果\备份\BE_2026-07-18T18_32_45-07_00-a47a37524c\BE_经营情景市场状态投资决策_2026-07-15.md,310,悲观 / 受损,4,流动性信用压力,强烈不建议投资,-100,-92,强烈不建议投资｜-100%～-92%｜低
BE,D:\drive\Investment\分析报告\公司情景投资决策\结果\备份\BE_2026-07-18T18_32_45-07_00-a47a37524c\BE_经营情景市场状态投资决策_2026-07-15.md,311,基准 / 正常兑现,0,宽基风险扩张,强烈不建议投资,-62,-21,强烈不建议投资｜-62%～-21%｜低
BE,D:\drive\Investment\分析报告\公司情景投资决策\结果\备份\BE_2026-07-18T18_32_45-07_00-a47a37524c\BE_经营情景市场状态投资决策_2026-07-15.md,311,基准 / 正常兑现,1,窄幅主题主导上涨,不建议投资,-58,-8,不建议投资｜-58%～-8%｜低
BE,D:\drive\Investment\分析报告\公司情景投资决策\结果\备份\BE_2026-07-18T18_32_45-07_00-a47a37524c\BE_经营情景市场状态投资决策_2026-07-15.md,311,基准 / 正常兑现,2,震荡均值回归,强烈不建议投资,-73,-39,强烈不建议投资｜-73%～-39%｜中
BE,D:\drive\Investment\分析报告\公司情景投资决策\结果\备份\BE_2026-07-18T18_32_45-07_00-a47a37524c\BE_经营情景市场状态投资决策_2026-07-15.md,311,基准 / 正常兑现,3,有序风险收缩,强烈不建议投资,-81,-58,强烈不建议投资｜-81%～-58%｜低
BE,D:\drive\Investment\分析报告\公司情景投资决策\结果\备份\BE_2026-07-18T18_32_45-07_00-a47a37524c\BE_经营情景市场状态投资决策_2026-07-15.md,311,基准 / 正常兑现,4,流动性信用压力,强烈不建议投资,-90,-75,强烈不建议投资｜-90%～-75%｜低
BE,D:\drive\Investment\分析报告\公司情景投资决策\结果\备份\BE_2026-07-18T18_32_45-07_00-a47a37524c\BE_经营情景市场状态投资决策_2026-07-15.md,312,乐观 / 超预期,0,宽基风险扩张,谨慎建议投资,-12,+46,谨慎建议投资｜-12%～+46%｜低
BE,D:\drive\Investment\分析报告\公司情景投资决策\结果\备份\BE_2026-07-18T18_32_45-07_00-a47a37524c\BE_经营情景市场状态投资决策_2026-07-15.md,312,乐观 / 超预期,1,窄幅主题主导上涨,谨慎建议投资,-4,+67,谨慎建议投资｜-4%～+67%｜低
BE,D:\drive\Investment\分析报告\公司情景投资决策\结果\备份\BE_2026-07-18T18_32_45-07_00-a47a37524c\BE_经营情景市场状态投资决策_2026-07-15.md,312,乐观 / 超预期,2,震荡均值回归,不建议投资,-37,+13,不建议投资｜-37%～+13%｜低
BE,D:\drive\Investment\分析报告\公司情景投资决策\结果\备份\BE_2026-07-18T18_32_45-07_00-a47a37524c\BE_经营情景市场状态投资决策_2026-07-15.md,312,乐观 / 超预期,3,有序风险收缩,强烈不建议投资,-54,-21,强烈不建议投资｜-54%～-21%｜低
BE,D:\drive\Investment\分析报告\公司情景投资决策\结果\备份\BE_2026-07-18T18_32_45-07_00-a47a37524c\BE_经营情景市场状态投资决策_2026-07-15.md,312,乐观 / 超预期,4,流动性信用压力,强烈不建议投资,-73,-48,强烈不建议投资｜-73%～-48%｜低
BE,D:\drive\Investment\分析报告\公司情景投资决策\结果\备份\BE_2026-07-18T18_32_45-07_00-a47a37524c\BE_经营情景市场状态投资决策_2026-07-15.md,313,突破 / 非线性,0,宽基风险扩张,强烈建议投资,+59,+151,强烈建议投资｜+59%～+151%｜低
BE,D:\drive\Investment\分析报告\公司情景投资决策\结果\备份\BE_2026-07-18T18_32_45-07_00-a47a37524c\BE_经营情景市场状态投资决策_2026-07-15.md,313,突破 / 非线性,1,窄幅主题主导上涨,强烈建议投资,+75,+192,强烈建议投资｜+75%～+192%｜低
BE,D:\drive\Investment\分析报告\公司情景投资决策\结果\备份\BE_2026-07-18T18_32_45-07_00-a47a37524c\BE_经营情景市场状态投资决策_2026-07-15.md,313,突破 / 非线性,2,震荡均值回归,建议投资,+13,+96,建议投资｜+13%～+96%｜低
BE,D:\drive\Investment\分析报告\公司情景投资决策\结果\备份\BE_2026-07-18T18_32_45-07_00-a47a37524c\BE_经营情景市场状态投资决策_2026-07-15.md,313,突破 / 非线性,3,有序风险收缩,谨慎建议投资,-21,+42,谨慎建议投资｜-21%～+42%｜低
BE,D:\drive\Investment\分析报告\公司情景投资决策\结果\备份\BE_2026-07-18T18_32_45-07_00-a47a37524c\BE_经营情景市场状态投资决策_2026-07-15.md,313,突破 / 非线性,4,流动性信用压力,不建议投资,-50,-8,不建议投资｜-50%～-8%｜低
BELFB,D:\drive\Investment\分析报告\公司情景投资决策\结果\BELFB_经营情景市场状态投资决策_2026-07-15.md,345,悲观 / 受损,0,宽基风险扩张,强烈不建议投资,-73,-40,强烈不建议投资｜-73%～-40%｜中
BELFB,D:\drive\Investment\分析报告\公司情景投资决策\结果\BELFB_经营情景市场状态投资决策_2026-07-15.md,345,悲观 / 受损,1,窄幅主题主导上涨,强烈不建议投资,-74,-48,强烈不建议投资｜-74%～-48%｜中
BELFB,D:\drive\Investment\分析报告\公司情景投资决策\结果\BELFB_经营情景市场状态投资决策_2026-07-15.md,345,悲观 / 受损,2,震荡均值回归,强烈不建议投资,-76,-51,强烈不建议投资｜-76%～-51%｜中
BELFB,D:\drive\Investment\分析报告\公司情景投资决策\结果\BELFB_经营情景市场状态投资决策_2026-07-15.md,345,悲观 / 受损,3,有序风险收缩,强烈不建议投资,-79,-59,强烈不建议投资｜-79%～-59%｜中
BELFB,D:\drive\Investment\分析报告\公司情景投资决策\结果\BELFB_经营情景市场状态投资决策_2026-07-15.md,345,悲观 / 受损,4,流动性信用压力,强烈不建议投资,-83,-67,强烈不建议投资｜-83%～-67%｜低
BELFB,D:\drive\Investment\分析报告\公司情景投资决策\结果\BELFB_经营情景市场状态投资决策_2026-07-15.md,346,基准 / 正常兑现,0,宽基风险扩张,不建议投资,-32,+17,不建议投资｜-32%～+17%｜中
BELFB,D:\drive\Investment\分析报告\公司情景投资决策\结果\BELFB_经营情景市场状态投资决策_2026-07-15.md,346,基准 / 正常兑现,1,窄幅主题主导上涨,不建议投资,-36,+23,不建议投资｜-36%～+23%｜中
BELFB,D:\drive\Investment\分析报告\公司情景投资决策\结果\BELFB_经营情景市场状态投资决策_2026-07-15.md,346,基准 / 正常兑现,2,震荡均值回归,不建议投资,-43,+6,不建议投资｜-43%～+6%｜中
BELFB,D:\drive\Investment\分析报告\公司情景投资决策\结果\BELFB_经营情景市场状态投资决策_2026-07-15.md,346,基准 / 正常兑现,3,有序风险收缩,强烈不建议投资,-53,-11,强烈不建议投资｜-53%～-11%｜中
BELFB,D:\drive\Investment\分析报告\公司情景投资决策\结果\BELFB_经营情景市场状态投资决策_2026-07-15.md,346,基准 / 正常兑现,4,流动性信用压力,强烈不建议投资,-65,-34,强烈不建议投资｜-65%～-34%｜低
BELFB,D:\drive\Investment\分析报告\公司情景投资决策\结果\BELFB_经营情景市场状态投资决策_2026-07-15.md,347,乐观 / 超预期,0,宽基风险扩张,谨慎建议投资,-9,+76,谨慎建议投资｜-9%～+76%｜中
BELFB,D:\drive\Investment\分析报告\公司情景投资决策\结果\BELFB_经营情景市场状态投资决策_2026-07-15.md,347,乐观 / 超预期,1,窄幅主题主导上涨,谨慎建议投资,-14,+91,谨慎建议投资｜-14%～+91%｜低
BELFB,D:\drive\Investment\分析报告\公司情景投资决策\结果\BELFB_经营情景市场状态投资决策_2026-07-15.md,347,乐观 / 超预期,2,震荡均值回归,谨慎建议投资,-24,+61,谨慎建议投资｜-24%～+61%｜中
BELFB,D:\drive\Investment\分析报告\公司情景投资决策\结果\BELFB_经营情景市场状态投资决策_2026-07-15.md,347,乐观 / 超预期,3,有序风险收缩,不建议投资,-38,+31,不建议投资｜-38%～+31%｜中
BELFB,D:\drive\Investment\分析报告\公司情景投资决策\结果\BELFB_经营情景市场状态投资决策_2026-07-15.md,347,乐观 / 超预期,4,流动性信用压力,强烈不建议投资,-55,+1,强烈不建议投资｜-55%～+1%｜低
BELFB,D:\drive\Investment\分析报告\公司情景投资决策\结果\BELFB_经营情景市场状态投资决策_2026-07-15.md,348,突破 / 非线性,0,宽基风险扩张,强烈建议投资,+48,+166,强烈建议投资｜+48%～+166%｜低
BELFB,D:\drive\Investment\分析报告\公司情景投资决策\结果\BELFB_经营情景市场状态投资决策_2026-07-15.md,348,突破 / 非线性,1,窄幅主题主导上涨,强烈建议投资,+38,+209,强烈建议投资｜+38%～+209%｜低
BELFB,D:\drive\Investment\分析报告\公司情景投资决策\结果\BELFB_经营情景市场状态投资决策_2026-07-15.md,348,突破 / 非线性,2,震荡均值回归,建议投资,+22,+145,建议投资｜+22%～+145%｜低
BELFB,D:\drive\Investment\分析报告\公司情景投资决策\结果\BELFB_经营情景市场状态投资决策_2026-07-15.md,348,突破 / 非线性,3,有序风险收缩,谨慎建议投资,-1,+103,谨慎建议投资｜-1%～+103%｜低
BELFB,D:\drive\Investment\分析报告\公司情景投资决策\结果\BELFB_经营情景市场状态投资决策_2026-07-15.md,348,突破 / 非线性,4,流动性信用压力,中性 / 等待,-29,+61,中性 / 等待｜-29%～+61%｜低
BESIY,D:\drive\Investment\分析报告\公司情景投资决策\结果\BESIY_经营情景市场状态投资决策_2026-07-15.md,302,悲观 / 受损,0,宽基风险扩张,强烈不建议投资,-85,-64,强烈不建议投资｜-85%～-64%｜中
BESIY,D:\drive\Investment\分析报告\公司情景投资决策\结果\BESIY_经营情景市场状态投资决策_2026-07-15.md,302,悲观 / 受损,1,窄幅主题主导上涨,强烈不建议投资,-87,-58,强烈不建议投资｜-87%～-58%｜低
BESIY,D:\drive\Investment\分析报告\公司情景投资决策\结果\BESIY_经营情景市场状态投资决策_2026-07-15.md,302,悲观 / 受损,2,震荡均值回归,强烈不建议投资,-88,-73,强烈不建议投资｜-88%～-73%｜中
BESIY,D:\drive\Investment\分析报告\公司情景投资决策\结果\BESIY_经营情景市场状态投资决策_2026-07-15.md,302,悲观 / 受损,3,有序风险收缩,强烈不建议投资,-91,-79,强烈不建议投资｜-91%～-79%｜中
BESIY,D:\drive\Investment\分析报告\公司情景投资决策\结果\BESIY_经营情景市场状态投资决策_2026-07-15.md,302,悲观 / 受损,4,流动性信用压力,强烈不建议投资,-95,-85,强烈不建议投资｜-95%～-85%｜低
BESIY,D:\drive\Investment\分析报告\公司情景投资决策\结果\BESIY_经营情景市场状态投资决策_2026-07-15.md,303,基准 / 正常兑现,0,宽基风险扩张,强烈不建议投资,-63,-21,强烈不建议投资｜-63%～-21%｜中
BESIY,D:\drive\Investment\分析报告\公司情景投资决策\结果\BESIY_经营情景市场状态投资决策_2026-07-15.md,303,基准 / 正常兑现,1,窄幅主题主导上涨,强烈不建议投资,-60,-6,强烈不建议投资｜-60%～-6%｜中
BESIY,D:\drive\Investment\分析报告\公司情景投资决策\结果\BESIY_经营情景市场状态投资决策_2026-07-15.md,303,基准 / 正常兑现,2,震荡均值回归,强烈不建议投资,-69,-39,强烈不建议投资｜-69%～-39%｜中
BESIY,D:\drive\Investment\分析报告\公司情景投资决策\结果\BESIY_经营情景市场状态投资决策_2026-07-15.md,303,基准 / 正常兑现,3,有序风险收缩,强烈不建议投资,-77,-54,强烈不建议投资｜-77%～-54%｜中
BESIY,D:\drive\Investment\分析报告\公司情景投资决策\结果\BESIY_经营情景市场状态投资决策_2026-07-15.md,303,基准 / 正常兑现,4,流动性信用压力,强烈不建议投资,-84,-66,强烈不建议投资｜-84%～-66%｜低
BESIY,D:\drive\Investment\分析报告\公司情景投资决策\结果\BESIY_经营情景市场状态投资决策_2026-07-15.md,304,乐观 / 超预期,0,宽基风险扩张,不建议投资,-38,+15,不建议投资｜-38%～+15%｜中
BESIY,D:\drive\Investment\分析报告\公司情景投资决策\结果\BESIY_经营情景市场状态投资决策_2026-07-15.md,304,乐观 / 超预期,1,窄幅主题主导上涨,中性 / 等待,-30,+36,中性 / 等待｜-30%～+36%｜低
BESIY,D:\drive\Investment\分析报告\公司情景投资决策\结果\BESIY_经营情景市场状态投资决策_2026-07-15.md,304,乐观 / 超预期,2,震荡均值回归,强烈不建议投资,-49,-2,强烈不建议投资｜-49%～-2%｜中
BESIY,D:\drive\Investment\分析报告\公司情景投资决策\结果\BESIY_经营情景市场状态投资决策_2026-07-15.md,304,乐观 / 超预期,3,有序风险收缩,强烈不建议投资,-62,-23,强烈不建议投资｜-62%～-23%｜低
BESIY,D:\drive\Investment\分析报告\公司情景投资决策\结果\BESIY_经营情景市场状态投资决策_2026-07-15.md,304,乐观 / 超预期,4,流动性信用压力,强烈不建议投资,-72,-45,强烈不建议投资｜-72%～-45%｜低
BESIY,D:\drive\Investment\分析报告\公司情景投资决策\结果\BESIY_经营情景市场状态投资决策_2026-07-15.md,305,突破 / 非线性,0,宽基风险扩张,建议投资,-7,+78,建议投资｜-7%～+78%｜低
BESIY,D:\drive\Investment\分析报告\公司情景投资决策\结果\BESIY_经营情景市场状态投资决策_2026-07-15.md,305,突破 / 非线性,1,窄幅主题主导上涨,建议投资,+5,+118,建议投资｜+5%～+118%｜低
BESIY,D:\drive\Investment\分析报告\公司情景投资决策\结果\BESIY_经营情景市场状态投资决策_2026-07-15.md,305,突破 / 非线性,2,震荡均值回归,谨慎建议投资,-24,+60,谨慎建议投资｜-24%～+60%｜低
BESIY,D:\drive\Investment\分析报告\公司情景投资决策\结果\BESIY_经营情景市场状态投资决策_2026-07-15.md,305,突破 / 非线性,3,有序风险收缩,中性 / 等待,-42,+28,中性 / 等待｜-42%～+28%｜低
BESIY,D:\drive\Investment\分析报告\公司情景投资决策\结果\BESIY_经营情景市场状态投资决策_2026-07-15.md,305,突破 / 非线性,4,流动性信用压力,强烈不建议投资,-59,-3,强烈不建议投资｜-59%～-3%｜低
BWXT,D:\drive\Investment\分析报告\公司情景投资决策\结果\BWXT_经营情景市场状态投资决策_2026-07-15.md,341,悲观 / 受损,0,宽基风险扩张,强烈不建议投资,-72,-36,强烈不建议投资｜-72%～-36%｜中
BWXT,D:\drive\Investment\分析报告\公司情景投资决策\结果\BWXT_经营情景市场状态投资决策_2026-07-15.md,341,悲观 / 受损,1,窄幅主题主导上涨,强烈不建议投资,-74,-40,强烈不建议投资｜-74%～-40%｜中
BWXT,D:\drive\Investment\分析报告\公司情景投资决策\结果\BWXT_经营情景市场状态投资决策_2026-07-15.md,341,悲观 / 受损,2,震荡均值回归,强烈不建议投资,-77,-48,强烈不建议投资｜-77%～-48%｜中
BWXT,D:\drive\Investment\分析报告\公司情景投资决策\结果\BWXT_经营情景市场状态投资决策_2026-07-15.md,341,悲观 / 受损,3,有序风险收缩,强烈不建议投资,-81,-60,强烈不建议投资｜-81%～-60%｜中
BWXT,D:\drive\Investment\分析报告\公司情景投资决策\结果\BWXT_经营情景市场状态投资决策_2026-07-15.md,341,悲观 / 受损,4,流动性信用压力,强烈不建议投资,-88,-72,强烈不建议投资｜-88%～-72%｜低
BWXT,D:\drive\Investment\分析报告\公司情景投资决策\结果\BWXT_经营情景市场状态投资决策_2026-07-15.md,342,基准 / 正常兑现,0,宽基风险扩张,不建议投资,-46,+25,不建议投资｜-46%～+25%｜中
BWXT,D:\drive\Investment\分析报告\公司情景投资决策\结果\BWXT_经营情景市场状态投资决策_2026-07-15.md,342,基准 / 正常兑现,1,窄幅主题主导上涨,不建议投资,-49,+19,不建议投资｜-49%～+19%｜中
BWXT,D:\drive\Investment\分析报告\公司情景投资决策\结果\BWXT_经营情景市场状态投资决策_2026-07-15.md,342,基准 / 正常兑现,2,震荡均值回归,强烈不建议投资,-56,+3,强烈不建议投资｜-56%～+3%｜中
BWXT,D:\drive\Investment\分析报告\公司情景投资决策\结果\BWXT_经营情景市场状态投资决策_2026-07-15.md,342,基准 / 正常兑现,3,有序风险收缩,强烈不建议投资,-64,-14,强烈不建议投资｜-64%～-14%｜中
BWXT,D:\drive\Investment\分析报告\公司情景投资决策\结果\BWXT_经营情景市场状态投资决策_2026-07-15.md,342,基准 / 正常兑现,4,流动性信用压力,强烈不建议投资,-74,-36,强烈不建议投资｜-74%～-36%｜低
BWXT,D:\drive\Investment\分析报告\公司情景投资决策\结果\BWXT_经营情景市场状态投资决策_2026-07-15.md,343,乐观 / 超预期,0,宽基风险扩张,谨慎建议投资,-26,+54,谨慎建议投资｜-26%～+54%｜中
BWXT,D:\drive\Investment\分析报告\公司情景投资决策\结果\BWXT_经营情景市场状态投资决策_2026-07-15.md,343,乐观 / 超预期,1,窄幅主题主导上涨,谨慎建议投资,-31,+54,谨慎建议投资｜-31%～+54%｜中
BWXT,D:\drive\Investment\分析报告\公司情景投资决策\结果\BWXT_经营情景市场状态投资决策_2026-07-15.md,343,乐观 / 超预期,2,震荡均值回归,中性 / 等待,-40,+35,中性 / 等待｜-40%～+35%｜中
BWXT,D:\drive\Investment\分析报告\公司情景投资决策\结果\BWXT_经营情景市场状态投资决策_2026-07-15.md,343,乐观 / 超预期,3,有序风险收缩,不建议投资,-52,+16,不建议投资｜-52%～+16%｜低
BWXT,D:\drive\Investment\分析报告\公司情景投资决策\结果\BWXT_经营情景市场状态投资决策_2026-07-15.md,343,乐观 / 超预期,4,流动性信用压力,强烈不建议投资,-67,-10,强烈不建议投资｜-67%～-10%｜低
BWXT,D:\drive\Investment\分析报告\公司情景投资决策\结果\BWXT_经营情景市场状态投资决策_2026-07-15.md,344,突破 / 非线性,0,宽基风险扩张,强烈建议投资,+16,+116,强烈建议投资｜+16%～+116%｜低
BWXT,D:\drive\Investment\分析报告\公司情景投资决策\结果\BWXT_经营情景市场状态投资决策_2026-07-15.md,344,突破 / 非线性,1,窄幅主题主导上涨,建议投资,+6,+125,建议投资｜+6%～+125%｜低
BWXT,D:\drive\Investment\分析报告\公司情景投资决策\结果\BWXT_经营情景市场状态投资决策_2026-07-15.md,344,突破 / 非线性,2,震荡均值回归,建议投资,-8,+92,建议投资｜-8%～+92%｜低
BWXT,D:\drive\Investment\分析报告\公司情景投资决策\结果\BWXT_经营情景市场状态投资决策_2026-07-15.md,344,突破 / 非线性,3,有序风险收缩,谨慎建议投资,-28,+67,谨慎建议投资｜-28%～+67%｜低
BWXT,D:\drive\Investment\分析报告\公司情景投资决策\结果\BWXT_经营情景市场状态投资决策_2026-07-15.md,344,突破 / 非线性,4,流动性信用压力,不建议投资,-51,+34,不建议投资｜-51%～+34%｜低
CAMT,D:\drive\Investment\分析报告\公司情景投资决策\结果\CAMT_经营情景市场状态投资决策_2026-07-15.md,406,悲观 / 受损,0,宽基风险扩张,强烈不建议投资,-66,-38,强烈不建议投资｜-66%—-38%｜中
CAMT,D:\drive\Investment\分析报告\公司情景投资决策\结果\CAMT_经营情景市场状态投资决策_2026-07-15.md,406,悲观 / 受损,1,窄幅主题主导上涨,强烈不建议投资,-64,-36,强烈不建议投资｜-64%—-36%｜中
CAMT,D:\drive\Investment\分析报告\公司情景投资决策\结果\CAMT_经营情景市场状态投资决策_2026-07-15.md,406,悲观 / 受损,2,震荡均值回归,强烈不建议投资,-70,-45,强烈不建议投资｜-70%—-45%｜中
CAMT,D:\drive\Investment\分析报告\公司情景投资决策\结果\CAMT_经营情景市场状态投资决策_2026-07-15.md,406,悲观 / 受损,3,有序风险收缩,强烈不建议投资,-74,-52,强烈不建议投资｜-74%—-52%｜低
CAMT,D:\drive\Investment\分析报告\公司情景投资决策\结果\CAMT_经营情景市场状态投资决策_2026-07-15.md,406,悲观 / 受损,4,流动性信用压力,强烈不建议投资,-78,-61,强烈不建议投资｜-78%—-61%｜低
CAMT,D:\drive\Investment\分析报告\公司情景投资决策\结果\CAMT_经营情景市场状态投资决策_2026-07-15.md,407,基准 / 正常兑现,0,宽基风险扩张,中性 / 等待,-29,+27,中性 / 等待｜-29%—+27%｜低
CAMT,D:\drive\Investment\分析报告\公司情景投资决策\结果\CAMT_经营情景市场状态投资决策_2026-07-15.md,407,基准 / 正常兑现,1,窄幅主题主导上涨,谨慎建议投资,-24,+40,谨慎建议投资｜-24%—+40%｜低
CAMT,D:\drive\Investment\分析报告\公司情景投资决策\结果\CAMT_经营情景市场状态投资决策_2026-07-15.md,407,基准 / 正常兑现,2,震荡均值回归,不建议投资,-38,+14,不建议投资｜-38%—+14%｜低
CAMT,D:\drive\Investment\分析报告\公司情景投资决策\结果\CAMT_经营情景市场状态投资决策_2026-07-15.md,407,基准 / 正常兑现,3,有序风险收缩,强烈不建议投资,-48,-3,强烈不建议投资｜-48%—-3%｜低
CAMT,D:\drive\Investment\分析报告\公司情景投资决策\结果\CAMT_经营情景市场状态投资决策_2026-07-15.md,407,基准 / 正常兑现,4,流动性信用压力,强烈不建议投资,-58,-19,强烈不建议投资｜-58%—-19%｜低
CAMT,D:\drive\Investment\分析报告\公司情景投资决策\结果\CAMT_经营情景市场状态投资决策_2026-07-15.md,408,乐观 / 超预期,0,宽基风险扩张,建议投资,+3,+84,建议投资｜+3%—+84%｜低
CAMT,D:\drive\Investment\分析报告\公司情景投资决策\结果\CAMT_经营情景市场状态投资决策_2026-07-15.md,408,乐观 / 超预期,1,窄幅主题主导上涨,建议投资,+11,+100,建议投资｜+11%—+100%｜低
CAMT,D:\drive\Investment\分析报告\公司情景投资决策\结果\CAMT_经营情景市场状态投资决策_2026-07-15.md,408,乐观 / 超预期,2,震荡均值回归,谨慎建议投资,-11,+63,谨慎建议投资｜-11%—+63%｜低
CAMT,D:\drive\Investment\分析报告\公司情景投资决策\结果\CAMT_经营情景市场状态投资决策_2026-07-15.md,408,乐观 / 超预期,3,有序风险收缩,中性 / 等待,-24,+38,中性 / 等待｜-24%—+38%｜低
CAMT,D:\drive\Investment\分析报告\公司情景投资决策\结果\CAMT_经营情景市场状态投资决策_2026-07-15.md,408,乐观 / 超预期,4,流动性信用压力,强烈不建议投资,-41,+8,强烈不建议投资｜-41%—+8%｜低
CAMT,D:\drive\Investment\分析报告\公司情景投资决策\结果\CAMT_经营情景市场状态投资决策_2026-07-15.md,409,突破 / 非线性,0,宽基风险扩张,强烈建议投资,+54,+167,强烈建议投资｜+54%—+167%｜低
CAMT,D:\drive\Investment\分析报告\公司情景投资决策\结果\CAMT_经营情景市场状态投资决策_2026-07-15.md,409,突破 / 非线性,1,窄幅主题主导上涨,强烈建议投资,+69,+200,强烈建议投资｜+69%—+200%｜低
CAMT,D:\drive\Investment\分析报告\公司情景投资决策\结果\CAMT_经营情景市场状态投资决策_2026-07-15.md,409,突破 / 非线性,2,震荡均值回归,强烈建议投资,+31,+135,强烈建议投资｜+31%—+135%｜低
CAMT,D:\drive\Investment\分析报告\公司情景投资决策\结果\CAMT_经营情景市场状态投资决策_2026-07-15.md,409,突破 / 非线性,3,有序风险收缩,建议投资,+8,+97,建议投资｜+8%—+97%｜低
CAMT,D:\drive\Investment\分析报告\公司情景投资决策\结果\CAMT_经营情景市场状态投资决策_2026-07-15.md,409,突破 / 非线性,4,流动性信用压力,谨慎建议投资,-15,+53,谨慎建议投资｜-15%—+53%｜低
CARR,D:\drive\Investment\分析报告\公司情景投资决策\结果\备份\CARR_2026-08-19T12_34_37-07_00-22f161b9ee\CARR_经营情景市场状态投资决策_2026-07-15.md,383,悲观 / 受损,0,宽基风险扩张,强烈不建议投资,-67,-27,强烈不建议投资｜-67%～-27%｜中
CARR,D:\drive\Investment\分析报告\公司情景投资决策\结果\备份\CARR_2026-08-19T12_34_37-07_00-22f161b9ee\CARR_经营情景市场状态投资决策_2026-07-15.md,383,悲观 / 受损,1,窄幅主题主导上涨,强烈不建议投资,-69,-30,强烈不建议投资｜-69%～-30%｜低
CARR,D:\drive\Investment\分析报告\公司情景投资决策\结果\备份\CARR_2026-08-19T12_34_37-07_00-22f161b9ee\CARR_经营情景市场状态投资决策_2026-07-15.md,383,悲观 / 受损,2,震荡均值回归,强烈不建议投资,-71,-39,强烈不建议投资｜-71%～-39%｜中
CARR,D:\drive\Investment\分析报告\公司情景投资决策\结果\备份\CARR_2026-08-19T12_34_37-07_00-22f161b9ee\CARR_经营情景市场状态投资决策_2026-07-15.md,383,悲观 / 受损,3,有序风险收缩,强烈不建议投资,-76,-51,强烈不建议投资｜-76%～-51%｜低
CARR,D:\drive\Investment\分析报告\公司情景投资决策\结果\备份\CARR_2026-08-19T12_34_37-07_00-22f161b9ee\CARR_经营情景市场状态投资决策_2026-07-15.md,383,悲观 / 受损,4,流动性信用压力,强烈不建议投资,-80,-62,强烈不建议投资｜-80%～-62%｜低
CARR,D:\drive\Investment\分析报告\公司情景投资决策\结果\备份\CARR_2026-08-19T12_34_37-07_00-22f161b9ee\CARR_经营情景市场状态投资决策_2026-07-15.md,384,基准 / 正常兑现,0,宽基风险扩张,中性 / 等待,-36,+20,中性 / 等待｜-36%～+20%｜中
CARR,D:\drive\Investment\分析报告\公司情景投资决策\结果\备份\CARR_2026-08-19T12_34_37-07_00-22f161b9ee\CARR_经营情景市场状态投资决策_2026-07-15.md,384,基准 / 正常兑现,1,窄幅主题主导上涨,中性 / 等待,-40,+30,中性 / 等待｜-40%～+30%｜低
CARR,D:\drive\Investment\分析报告\公司情景投资决策\结果\备份\CARR_2026-08-19T12_34_37-07_00-22f161b9ee\CARR_经营情景市场状态投资决策_2026-07-15.md,384,基准 / 正常兑现,2,震荡均值回归,不建议投资,-46,+6,不建议投资｜-46%～+6%｜中
CARR,D:\drive\Investment\分析报告\公司情景投资决策\结果\备份\CARR_2026-08-19T12_34_37-07_00-22f161b9ee\CARR_经营情景市场状态投资决策_2026-07-15.md,384,基准 / 正常兑现,3,有序风险收缩,强烈不建议投资,-55,-16,强烈不建议投资｜-55%～-16%｜中
CARR,D:\drive\Investment\分析报告\公司情景投资决策\结果\备份\CARR_2026-08-19T12_34_37-07_00-22f161b9ee\CARR_经营情景市场状态投资决策_2026-07-15.md,384,基准 / 正常兑现,4,流动性信用压力,强烈不建议投资,-64,-34,强烈不建议投资｜-64%～-34%｜低
CARR,D:\drive\Investment\分析报告\公司情景投资决策\结果\备份\CARR_2026-08-19T12_34_37-07_00-22f161b9ee\CARR_经营情景市场状态投资决策_2026-07-15.md,385,乐观 / 超预期,0,宽基风险扩张,谨慎建议投资,-15,+63,谨慎建议投资｜-15%～+63%｜中
CARR,D:\drive\Investment\分析报告\公司情景投资决策\结果\备份\CARR_2026-08-19T12_34_37-07_00-22f161b9ee\CARR_经营情景市场状态投资决策_2026-07-15.md,385,乐观 / 超预期,1,窄幅主题主导上涨,谨慎建议投资,-21,+84,谨慎建议投资｜-21%～+84%｜低
CARR,D:\drive\Investment\分析报告\公司情景投资决策\结果\备份\CARR_2026-08-19T12_34_37-07_00-22f161b9ee\CARR_经营情景市场状态投资决策_2026-07-15.md,385,乐观 / 超预期,2,震荡均值回归,谨慎建议投资,-29,+41,谨慎建议投资｜-29%～+41%｜中
CARR,D:\drive\Investment\分析报告\公司情景投资决策\结果\备份\CARR_2026-08-19T12_34_37-07_00-22f161b9ee\CARR_经营情景市场状态投资决策_2026-07-15.md,385,乐观 / 超预期,3,有序风险收缩,中性 / 等待,-41,+20,中性 / 等待｜-41%～+20%｜低
CARR,D:\drive\Investment\分析报告\公司情景投资决策\结果\备份\CARR_2026-08-19T12_34_37-07_00-22f161b9ee\CARR_经营情景市场状态投资决策_2026-07-15.md,385,乐观 / 超预期,4,流动性信用压力,强烈不建议投资,-54,-5,强烈不建议投资｜-54%～-5%｜低
CARR,D:\drive\Investment\分析报告\公司情景投资决策\结果\备份\CARR_2026-08-19T12_34_37-07_00-22f161b9ee\CARR_经营情景市场状态投资决策_2026-07-15.md,386,突破 / 非线性,0,宽基风险扩张,建议投资,+5,+120,建议投资｜+5%～+120%｜低
CARR,D:\drive\Investment\分析报告\公司情景投资决策\结果\备份\CARR_2026-08-19T12_34_37-07_00-22f161b9ee\CARR_经营情景市场状态投资决策_2026-07-15.md,386,突破 / 非线性,1,窄幅主题主导上涨,建议投资,-3,+152,建议投资｜-3%～+152%｜低
CARR,D:\drive\Investment\分析报告\公司情景投资决策\结果\备份\CARR_2026-08-19T12_34_37-07_00-22f161b9ee\CARR_经营情景市场状态投资决策_2026-07-15.md,386,突破 / 非线性,2,震荡均值回归,建议投资,-13,+91,建议投资｜-13%～+91%｜低
CARR,D:\drive\Investment\分析报告\公司情景投资决策\结果\备份\CARR_2026-08-19T12_34_37-07_00-22f161b9ee\CARR_经营情景市场状态投资决策_2026-07-15.md,386,突破 / 非线性,3,有序风险收缩,谨慎建议投资,-28,+58,谨慎建议投资｜-28%～+58%｜低
CARR,D:\drive\Investment\分析报告\公司情景投资决策\结果\备份\CARR_2026-08-19T12_34_37-07_00-22f161b9ee\CARR_经营情景市场状态投资决策_2026-07-15.md,386,突破 / 非线性,4,流动性信用压力,不建议投资,-45,+29,不建议投资｜-45%～+29%｜低
CAT,D:\drive\Investment\分析报告\公司情景投资决策\结果\CAT_经营情景市场状态投资决策_2026-07-15.md,377,悲观 / 受损,0,宽基风险扩张,强烈不建议投资,-63,-50,强烈不建议投资｜-63%～-50%｜中
CAT,D:\drive\Investment\分析报告\公司情景投资决策\结果\CAT_经营情景市场状态投资决策_2026-07-15.md,377,悲观 / 受损,1,窄幅主题主导上涨,强烈不建议投资,-64,-49,强烈不建议投资｜-64%～-49%｜中
CAT,D:\drive\Investment\分析报告\公司情景投资决策\结果\CAT_经营情景市场状态投资决策_2026-07-15.md,377,悲观 / 受损,2,震荡均值回归,强烈不建议投资,-68,-56,强烈不建议投资｜-68%～-56%｜中
CAT,D:\drive\Investment\分析报告\公司情景投资决策\结果\CAT_经营情景市场状态投资决策_2026-07-15.md,377,悲观 / 受损,3,有序风险收缩,强烈不建议投资,-73,-62,强烈不建议投资｜-73%～-62%｜中
CAT,D:\drive\Investment\分析报告\公司情景投资决策\结果\CAT_经营情景市场状态投资决策_2026-07-15.md,377,悲观 / 受损,4,流动性信用压力,强烈不建议投资,-81,-71,强烈不建议投资｜-81%～-71%｜低
CAT,D:\drive\Investment\分析报告\公司情景投资决策\结果\CAT_经营情景市场状态投资决策_2026-07-15.md,378,基准 / 正常兑现,0,宽基风险扩张,不建议投资,-31,-9,不建议投资｜-31%～-9%｜中
CAT,D:\drive\Investment\分析报告\公司情景投资决策\结果\CAT_经营情景市场状态投资决策_2026-07-15.md,378,基准 / 正常兑现,1,窄幅主题主导上涨,不建议投资,-28,-3,不建议投资｜-28%～-3%｜中
CAT,D:\drive\Investment\分析报告\公司情景投资决策\结果\CAT_经营情景市场状态投资决策_2026-07-15.md,378,基准 / 正常兑现,2,震荡均值回归,强烈不建议投资,-42,-23,强烈不建议投资｜-42%～-23%｜中
CAT,D:\drive\Investment\分析报告\公司情景投资决策\结果\CAT_经营情景市场状态投资决策_2026-07-15.md,378,基准 / 正常兑现,3,有序风险收缩,强烈不建议投资,-52,-35,强烈不建议投资｜-52%～-35%｜中
CAT,D:\drive\Investment\分析报告\公司情景投资决策\结果\CAT_经营情景市场状态投资决策_2026-07-15.md,378,基准 / 正常兑现,4,流动性信用压力,强烈不建议投资,-64,-49,强烈不建议投资｜-64%～-49%｜低
CAT,D:\drive\Investment\分析报告\公司情景投资决策\结果\CAT_经营情景市场状态投资决策_2026-07-15.md,379,乐观 / 超预期,0,宽基风险扩张,谨慎建议投资,-1,+30,谨慎建议投资｜-1%～+30%｜中
CAT,D:\drive\Investment\分析报告\公司情景投资决策\结果\CAT_经营情景市场状态投资决策_2026-07-15.md,379,乐观 / 超预期,1,窄幅主题主导上涨,建议投资,+8,+45,建议投资｜+8%～+45%｜中
CAT,D:\drive\Investment\分析报告\公司情景投资决策\结果\CAT_经营情景市场状态投资决策_2026-07-15.md,379,乐观 / 超预期,2,震荡均值回归,中性 / 等待,-18,+10,中性 / 等待｜-18%～+10%｜中
CAT,D:\drive\Investment\分析报告\公司情景投资决策\结果\CAT_经营情景市场状态投资决策_2026-07-15.md,379,乐观 / 超预期,3,有序风险收缩,不建议投资,-33,-6,不建议投资｜-33%～-6%｜低
CAT,D:\drive\Investment\分析报告\公司情景投资决策\结果\CAT_经营情景市场状态投资决策_2026-07-15.md,379,乐观 / 超预期,4,流动性信用压力,强烈不建议投资,-52,-24,强烈不建议投资｜-52%～-24%｜低
CAT,D:\drive\Investment\分析报告\公司情景投资决策\结果\CAT_经营情景市场状态投资决策_2026-07-15.md,380,突破 / 非线性,0,宽基风险扩张,强烈建议投资,+41,+88,强烈建议投资｜+41%～+88%｜低
CAT,D:\drive\Investment\分析报告\公司情景投资决策\结果\CAT_经营情景市场状态投资决策_2026-07-15.md,380,突破 / 非线性,1,窄幅主题主导上涨,强烈建议投资,+56,+109,强烈建议投资｜+56%～+109%｜低
CAT,D:\drive\Investment\分析报告\公司情景投资决策\结果\CAT_经营情景市场状态投资决策_2026-07-15.md,380,突破 / 非线性,2,震荡均值回归,强烈建议投资,+23,+60,强烈建议投资｜+23%～+60%｜低
CAT,D:\drive\Investment\分析报告\公司情景投资决策\结果\CAT_经营情景市场状态投资决策_2026-07-15.md,380,突破 / 非线性,3,有序风险收缩,谨慎建议投资,-1,+32,谨慎建议投资｜-1%～+32%｜低
CAT,D:\drive\Investment\分析报告\公司情景投资决策\结果\CAT_经营情景市场状态投资决策_2026-07-15.md,380,突破 / 非线性,4,流动性信用压力,不建议投资,-25,+3,不建议投资｜-25%～+3%｜低
CBRS,D:\drive\Investment\分析报告\公司情景投资决策\结果\CBRS_经营情景市场状态投资决策_2026-07-15.md,283,悲观 / 受损,0,宽基风险扩张,强烈不建议投资,-93,-57,强烈不建议投资｜-93%～-57%｜低
CBRS,D:\drive\Investment\分析报告\公司情景投资决策\结果\CBRS_经营情景市场状态投资决策_2026-07-15.md,283,悲观 / 受损,1,窄幅主题主导上涨,强烈不建议投资,-93,-51,强烈不建议投资｜-93%～-51%｜低
CBRS,D:\drive\Investment\分析报告\公司情景投资决策\结果\CBRS_经营情景市场状态投资决策_2026-07-15.md,283,悲观 / 受损,2,震荡均值回归,强烈不建议投资,-93,-63,强烈不建议投资｜-93%～-63%｜低
CBRS,D:\drive\Investment\分析报告\公司情景投资决策\结果\CBRS_经营情景市场状态投资决策_2026-07-15.md,283,悲观 / 受损,3,有序风险收缩,强烈不建议投资,-93,-68,强烈不建议投资｜-93%～-68%｜低
CBRS,D:\drive\Investment\分析报告\公司情景投资决策\结果\CBRS_经营情景市场状态投资决策_2026-07-15.md,283,悲观 / 受损,4,流动性信用压力,强烈不建议投资,-93,-74,强烈不建议投资｜-93%～-74%｜低
CBRS,D:\drive\Investment\分析报告\公司情景投资决策\结果\CBRS_经营情景市场状态投资决策_2026-07-15.md,284,基准 / 正常兑现,0,宽基风险扩张,强烈不建议投资,-83,+6,强烈不建议投资｜-83%～+6%｜低
CBRS,D:\drive\Investment\分析报告\公司情景投资决策\结果\CBRS_经营情景市场状态投资决策_2026-07-15.md,284,基准 / 正常兑现,1,窄幅主题主导上涨,强烈不建议投资,-82,+26,强烈不建议投资｜-82%～+26%｜低
CBRS,D:\drive\Investment\分析报告\公司情景投资决策\结果\CBRS_经营情景市场状态投资决策_2026-07-15.md,284,基准 / 正常兑现,2,震荡均值回归,强烈不建议投资,-84,-8,强烈不建议投资｜-84%～-8%｜低
CBRS,D:\drive\Investment\分析报告\公司情景投资决策\结果\CBRS_经营情景市场状态投资决策_2026-07-15.md,284,基准 / 正常兑现,3,有序风险收缩,强烈不建议投资,-85,-28,强烈不建议投资｜-85%～-28%｜低
CBRS,D:\drive\Investment\分析报告\公司情景投资决策\结果\CBRS_经营情景市场状态投资决策_2026-07-15.md,284,基准 / 正常兑现,4,流动性信用压力,强烈不建议投资,-87,-47,强烈不建议投资｜-87%～-47%｜低
CBRS,D:\drive\Investment\分析报告\公司情景投资决策\结果\CBRS_经营情景市场状态投资决策_2026-07-15.md,285,乐观 / 超预期,0,宽基风险扩张,谨慎建议投资,-47,+98,谨慎建议投资｜-47%～+98%｜低
CBRS,D:\drive\Investment\分析报告\公司情景投资决策\结果\CBRS_经营情景市场状态投资决策_2026-07-15.md,285,乐观 / 超预期,1,窄幅主题主导上涨,谨慎建议投资,-45,+127,谨慎建议投资｜-45%～+127%｜低
CBRS,D:\drive\Investment\分析报告\公司情景投资决策\结果\CBRS_经营情景市场状态投资决策_2026-07-15.md,285,乐观 / 超预期,2,震荡均值回归,中性 / 等待,-55,+62,中性 / 等待｜-55%～+62%｜低
CBRS,D:\drive\Investment\分析报告\公司情景投资决策\结果\CBRS_经营情景市场状态投资决策_2026-07-15.md,285,乐观 / 超预期,3,有序风险收缩,不建议投资,-61,+26,不建议投资｜-61%～+26%｜低
CBRS,D:\drive\Investment\分析报告\公司情景投资决策\结果\CBRS_经营情景市场状态投资决策_2026-07-15.md,285,乐观 / 超预期,4,流动性信用压力,强烈不建议投资,-67,-10,强烈不建议投资｜-67%～-10%｜低
CBRS,D:\drive\Investment\分析报告\公司情景投资决策\结果\CBRS_经营情景市场状态投资决策_2026-07-15.md,286,突破 / 非线性,0,宽基风险扩张,强烈建议投资,+36,+342,强烈建议投资｜+36%～+342%｜低
CBRS,D:\drive\Investment\分析报告\公司情景投资决策\结果\CBRS_经营情景市场状态投资决策_2026-07-15.md,286,突破 / 非线性,1,窄幅主题主导上涨,强烈建议投资,+45,+386,强烈建议投资｜+45%～+386%｜低
CBRS,D:\drive\Investment\分析报告\公司情景投资决策\结果\CBRS_经营情景市场状态投资决策_2026-07-15.md,286,突破 / 非线性,2,震荡均值回归,建议投资,+11,+222,建议投资｜+11%～+222%｜低
CBRS,D:\drive\Investment\分析报告\公司情景投资决策\结果\CBRS_经营情景市场状态投资决策_2026-07-15.md,286,突破 / 非线性,3,有序风险收缩,谨慎建议投资,-7,+151,谨慎建议投资｜-7%～+151%｜低
CBRS,D:\drive\Investment\分析报告\公司情景投资决策\结果\CBRS_经营情景市场状态投资决策_2026-07-15.md,286,突破 / 非线性,4,流动性信用压力,谨慎建议投资,-33,+86,谨慎建议投资｜-33%～+86%｜低
CC,D:\drive\Investment\分析报告\公司情景投资决策\结果\CC_经营情景市场状态投资决策_2026-07-15.md,425,悲观 / 受损,0,宽基风险扩张,强烈不建议投资,-100,-77,强烈不建议投资｜-100%～-77%｜低
CC,D:\drive\Investment\分析报告\公司情景投资决策\结果\CC_经营情景市场状态投资决策_2026-07-15.md,425,悲观 / 受损,1,窄幅主题主导上涨,强烈不建议投资,-100,-93,强烈不建议投资｜-100%～-93%｜低
CC,D:\drive\Investment\分析报告\公司情景投资决策\结果\CC_经营情景市场状态投资决策_2026-07-15.md,425,悲观 / 受损,2,震荡均值回归,强烈不建议投资,-100,-94,强烈不建议投资｜-100%～-94%｜低
CC,D:\drive\Investment\分析报告\公司情景投资决策\结果\CC_经营情景市场状态投资决策_2026-07-15.md,425,悲观 / 受损,3,有序风险收缩,强烈不建议投资,-100,-95,强烈不建议投资｜-100%～-95%｜低
CC,D:\drive\Investment\分析报告\公司情景投资决策\结果\CC_经营情景市场状态投资决策_2026-07-15.md,425,悲观 / 受损,4,流动性信用压力,强烈不建议投资,-100,-96,强烈不建议投资｜-100%～-96%｜低
CC,D:\drive\Investment\分析报告\公司情景投资决策\结果\CC_经营情景市场状态投资决策_2026-07-15.md,426,基准 / 正常兑现,0,宽基风险扩张,谨慎建议投资,-30,+90,谨慎建议投资｜-30%～+90%｜中
CC,D:\drive\Investment\分析报告\公司情景投资决策\结果\CC_经营情景市场状态投资决策_2026-07-15.md,426,基准 / 正常兑现,1,窄幅主题主导上涨,中性 / 等待,-53,+63,中性 / 等待｜-53%～+63%｜中低
CC,D:\drive\Investment\分析报告\公司情景投资决策\结果\CC_经营情景市场状态投资决策_2026-07-15.md,426,基准 / 正常兑现,2,震荡均值回归,中性 / 等待,-62,+40,中性 / 等待｜-62%～+40%｜中
CC,D:\drive\Investment\分析报告\公司情景投资决策\结果\CC_经营情景市场状态投资决策_2026-07-15.md,426,基准 / 正常兑现,3,有序风险收缩,不建议投资,-94,+6,不建议投资｜-94%～+6%｜低
CC,D:\drive\Investment\分析报告\公司情景投资决策\结果\CC_经营情景市场状态投资决策_2026-07-15.md,426,基准 / 正常兑现,4,流动性信用压力,强烈不建议投资,-98,-37,强烈不建议投资｜-98%～-37%｜低
CC,D:\drive\Investment\分析报告\公司情景投资决策\结果\CC_经营情景市场状态投资决策_2026-07-15.md,427,乐观 / 超预期,0,宽基风险扩张,强烈建议投资,+80,+245,强烈建议投资｜+80%～+245%｜中
CC,D:\drive\Investment\分析报告\公司情景投资决策\结果\CC_经营情景市场状态投资决策_2026-07-15.md,427,乐观 / 超预期,1,窄幅主题主导上涨,强烈建议投资,+47,+210,强烈建议投资｜+47%～+210%｜中
CC,D:\drive\Investment\分析报告\公司情景投资决策\结果\CC_经营情景市场状态投资决策_2026-07-15.md,427,乐观 / 超预期,2,震荡均值回归,强烈建议投资,+39,+181,强烈建议投资｜+39%～+181%｜中
CC,D:\drive\Investment\分析报告\公司情景投资决策\结果\CC_经营情景市场状态投资决策_2026-07-15.md,427,乐观 / 超预期,3,有序风险收缩,建议投资,-1,+132,建议投资｜-1%～+132%｜中低
CC,D:\drive\Investment\分析报告\公司情景投资决策\结果\CC_经营情景市场状态投资决策_2026-07-15.md,427,乐观 / 超预期,4,流动性信用压力,谨慎建议投资,-54,+73,谨慎建议投资｜-54%～+73%｜低
CC,D:\drive\Investment\分析报告\公司情景投资决策\结果\CC_经营情景市场状态投资决策_2026-07-15.md,428,突破 / 非线性,0,宽基风险扩张,强烈建议投资,+206,+443,强烈建议投资｜+206%～+443%｜低
CC,D:\drive\Investment\分析报告\公司情景投资决策\结果\CC_经营情景市场状态投资决策_2026-07-15.md,428,突破 / 非线性,1,窄幅主题主导上涨,强烈建议投资,+191,+424,强烈建议投资｜+191%～+424%｜低
CC,D:\drive\Investment\分析报告\公司情景投资决策\结果\CC_经营情景市场状态投资决策_2026-07-15.md,428,突破 / 非线性,2,震荡均值回归,强烈建议投资,+156,+350,强烈建议投资｜+156%～+350%｜低
CC,D:\drive\Investment\分析报告\公司情景投资决策\结果\CC_经营情景市场状态投资决策_2026-07-15.md,428,突破 / 非线性,3,有序风险收缩,强烈建议投资,+105,+288,强烈建议投资｜+105%～+288%｜低
CC,D:\drive\Investment\分析报告\公司情景投资决策\结果\CC_经营情景市场状态投资决策_2026-07-15.md,428,突破 / 非线性,4,流动性信用压力,建议投资,+29,+214,建议投资｜+29%～+214%｜低
CDNS,D:\drive\Investment\分析报告\公司情景投资决策\结果\备份\CDNS_2026-07-18T18_26_07-07_00-5b32620c09\CDNS_经营情景市场状态投资决策_2026-07-15.md,379,悲观 / 受损,0,宽基风险扩张,强烈不建议投资,-57,-31,强烈不建议投资｜-57%～-31%｜中
CDNS,D:\drive\Investment\分析报告\公司情景投资决策\结果\备份\CDNS_2026-07-18T18_26_07-07_00-5b32620c09\CDNS_经营情景市场状态投资决策_2026-07-15.md,379,悲观 / 受损,1,窄幅主题主导上涨,强烈不建议投资,-61,-33,强烈不建议投资｜-61%～-33%｜低
CDNS,D:\drive\Investment\分析报告\公司情景投资决策\结果\备份\CDNS_2026-07-18T18_26_07-07_00-5b32620c09\CDNS_经营情景市场状态投资决策_2026-07-15.md,379,悲观 / 受损,2,震荡均值回归,强烈不建议投资,-65,-39,强烈不建议投资｜-65%～-39%｜中
CDNS,D:\drive\Investment\分析报告\公司情景投资决策\结果\备份\CDNS_2026-07-18T18_26_07-07_00-5b32620c09\CDNS_经营情景市场状态投资决策_2026-07-15.md,379,悲观 / 受损,3,有序风险收缩,强烈不建议投资,-72,-49,强烈不建议投资｜-72%～-49%｜中
CDNS,D:\drive\Investment\分析报告\公司情景投资决策\结果\备份\CDNS_2026-07-18T18_26_07-07_00-5b32620c09\CDNS_经营情景市场状态投资决策_2026-07-15.md,379,悲观 / 受损,4,流动性信用压力,强烈不建议投资,-80,-61,强烈不建议投资｜-80%～-61%｜低
CDNS,D:\drive\Investment\分析报告\公司情景投资决策\结果\备份\CDNS_2026-07-18T18_26_07-07_00-5b32620c09\CDNS_经营情景市场状态投资决策_2026-07-15.md,380,基准 / 正常兑现,0,宽基风险扩张,不建议投资,-31,+10,不建议投资｜-31%～+10%｜中
CDNS,D:\drive\Investment\分析报告\公司情景投资决策\结果\备份\CDNS_2026-07-18T18_26_07-07_00-5b32620c09\CDNS_经营情景市场状态投资决策_2026-07-15.md,380,基准 / 正常兑现,1,窄幅主题主导上涨,不建议投资,-29,+21,不建议投资｜-29%～+21%｜低
CDNS,D:\drive\Investment\分析报告\公司情景投资决策\结果\备份\CDNS_2026-07-18T18_26_07-07_00-5b32620c09\CDNS_经营情景市场状态投资决策_2026-07-15.md,380,基准 / 正常兑现,2,震荡均值回归,强烈不建议投资,-41,-2,强烈不建议投资｜-41%～-2%｜中
CDNS,D:\drive\Investment\分析报告\公司情景投资决策\结果\备份\CDNS_2026-07-18T18_26_07-07_00-5b32620c09\CDNS_经营情景市场状态投资决策_2026-07-15.md,380,基准 / 正常兑现,3,有序风险收缩,强烈不建议投资,-54,-19,强烈不建议投资｜-54%～-19%｜中
CDNS,D:\drive\Investment\分析报告\公司情景投资决策\结果\备份\CDNS_2026-07-18T18_26_07-07_00-5b32620c09\CDNS_经营情景市场状态投资决策_2026-07-15.md,380,基准 / 正常兑现,4,流动性信用压力,强烈不建议投资,-66,-39,强烈不建议投资｜-66%～-39%｜低
CDNS,D:\drive\Investment\分析报告\公司情景投资决策\结果\备份\CDNS_2026-07-18T18_26_07-07_00-5b32620c09\CDNS_经营情景市场状态投资决策_2026-07-15.md,381,乐观 / 超预期,0,宽基风险扩张,建议投资,0,+62,建议投资｜约0%～+62%｜中
CDNS,D:\drive\Investment\分析报告\公司情景投资决策\结果\备份\CDNS_2026-07-18T18_26_07-07_00-5b32620c09\CDNS_经营情景市场状态投资决策_2026-07-15.md,381,乐观 / 超预期,1,窄幅主题主导上涨,建议投资,+8,+82,建议投资｜+8%～+82%｜低
CDNS,D:\drive\Investment\分析报告\公司情景投资决策\结果\备份\CDNS_2026-07-18T18_26_07-07_00-5b32620c09\CDNS_经营情景市场状态投资决策_2026-07-15.md,381,乐观 / 超预期,2,震荡均值回归,谨慎建议投资,-17,+32,谨慎建议投资｜-17%～+32%｜中
CDNS,D:\drive\Investment\分析报告\公司情景投资决策\结果\备份\CDNS_2026-07-18T18_26_07-07_00-5b32620c09\CDNS_经营情景市场状态投资决策_2026-07-15.md,381,乐观 / 超预期,3,有序风险收缩,不建议投资,-34,+8,不建议投资｜-34%～+8%｜低
CDNS,D:\drive\Investment\分析报告\公司情景投资决策\结果\备份\CDNS_2026-07-18T18_26_07-07_00-5b32620c09\CDNS_经营情景市场状态投资决策_2026-07-15.md,381,乐观 / 超预期,4,流动性信用压力,强烈不建议投资,-52,-15,强烈不建议投资｜-52%～-15%｜低
CDNS,D:\drive\Investment\分析报告\公司情景投资决策\结果\备份\CDNS_2026-07-18T18_26_07-07_00-5b32620c09\CDNS_经营情景市场状态投资决策_2026-07-15.md,382,突破 / 非线性,0,宽基风险扩张,强烈建议投资,+40,+141,强烈建议投资｜+40%～+141%｜低
CDNS,D:\drive\Investment\分析报告\公司情景投资决策\结果\备份\CDNS_2026-07-18T18_26_07-07_00-5b32620c09\CDNS_经营情景市场状态投资决策_2026-07-15.md,382,突破 / 非线性,1,窄幅主题主导上涨,强烈建议投资,+57,+180,强烈建议投资｜+57%～+180%｜低
CDNS,D:\drive\Investment\分析报告\公司情景投资决策\结果\备份\CDNS_2026-07-18T18_26_07-07_00-5b32620c09\CDNS_经营情景市场状态投资决策_2026-07-15.md,382,突破 / 非线性,2,震荡均值回归,建议投资,+16,+95,建议投资｜+16%～+95%｜低
CDNS,D:\drive\Investment\分析报告\公司情景投资决策\结果\备份\CDNS_2026-07-18T18_26_07-07_00-5b32620c09\CDNS_经营情景市场状态投资决策_2026-07-15.md,382,突破 / 非线性,3,有序风险收缩,谨慎建议投资,-8,+57,谨慎建议投资｜-8%～+57%｜低
CDNS,D:\drive\Investment\分析报告\公司情景投资决策\结果\备份\CDNS_2026-07-18T18_26_07-07_00-5b32620c09\CDNS_经营情景市场状态投资决策_2026-07-15.md,382,突破 / 非线性,4,流动性信用压力,不建议投资,-33,+20,不建议投资｜-33%～+20%｜低
CEG,D:\drive\Investment\分析报告\公司情景投资决策\结果\CEG_经营情景市场状态投资决策_2026-07-15.md,341,悲观 / 受损,0,宽基风险扩张,不建议投资,-33,-8,不建议投资｜-33%～-8%｜中
CEG,D:\drive\Investment\分析报告\公司情景投资决策\结果\CEG_经营情景市场状态投资决策_2026-07-15.md,341,悲观 / 受损,1,窄幅主题主导上涨,不建议投资,-35,-10,不建议投资｜-35%～-10%｜中
CEG,D:\drive\Investment\分析报告\公司情景投资决策\结果\CEG_经营情景市场状态投资决策_2026-07-15.md,341,悲观 / 受损,2,震荡均值回归,强烈不建议投资,-43,-20,强烈不建议投资｜-43%～-20%｜中
CEG,D:\drive\Investment\分析报告\公司情景投资决策\结果\CEG_经营情景市场状态投资决策_2026-07-15.md,341,悲观 / 受损,3,有序风险收缩,强烈不建议投资,-51,-29,强烈不建议投资｜-51%～-29%｜中低
CEG,D:\drive\Investment\分析报告\公司情景投资决策\结果\CEG_经营情景市场状态投资决策_2026-07-15.md,341,悲观 / 受损,4,流动性信用压力,强烈不建议投资,-64,-43,强烈不建议投资｜-64%～-43%｜低
CEG,D:\drive\Investment\分析报告\公司情景投资决策\结果\CEG_经营情景市场状态投资决策_2026-07-15.md,342,基准 / 正常兑现,0,宽基风险扩张,谨慎建议投资,+6,+39,谨慎建议投资｜+6%～+39%｜中
CEG,D:\drive\Investment\分析报告\公司情景投资决策\结果\CEG_经营情景市场状态投资决策_2026-07-15.md,342,基准 / 正常兑现,1,窄幅主题主导上涨,建议投资,+11,+48,建议投资｜+11%～+48%｜中低
CEG,D:\drive\Investment\分析报告\公司情景投资决策\结果\CEG_经营情景市场状态投资决策_2026-07-15.md,342,基准 / 正常兑现,2,震荡均值回归,中性 / 等待,-8,+23,中性 / 等待｜-8%～+23%｜中
CEG,D:\drive\Investment\分析报告\公司情景投资决策\结果\CEG_经营情景市场状态投资决策_2026-07-15.md,342,基准 / 正常兑现,3,有序风险收缩,不建议投资,-20,+8,不建议投资｜-20%～+8%｜中低
CEG,D:\drive\Investment\分析报告\公司情景投资决策\结果\CEG_经营情景市场状态投资决策_2026-07-15.md,342,基准 / 正常兑现,4,流动性信用压力,强烈不建议投资,-39,-14,强烈不建议投资｜-39%～-14%｜低
CEG,D:\drive\Investment\分析报告\公司情景投资决策\结果\CEG_经营情景市场状态投资决策_2026-07-15.md,343,乐观 / 超预期,0,宽基风险扩张,强烈建议投资,+37,+83,强烈建议投资｜+37%～+83%｜中低
CEG,D:\drive\Investment\分析报告\公司情景投资决策\结果\CEG_经营情景市场状态投资决策_2026-07-15.md,343,乐观 / 超预期,1,窄幅主题主导上涨,强烈建议投资,+50,+103,强烈建议投资｜+50%～+103%｜中低
CEG,D:\drive\Investment\分析报告\公司情景投资决策\结果\CEG_经营情景市场状态投资决策_2026-07-15.md,343,乐观 / 超预期,2,震荡均值回归,建议投资,+19,+60,建议投资｜+19%～+60%｜中低
CEG,D:\drive\Investment\分析报告\公司情景投资决策\结果\CEG_经营情景市场状态投资决策_2026-07-15.md,343,乐观 / 超预期,3,有序风险收缩,谨慎建议投资,+4,+39,谨慎建议投资｜+4%～+39%｜低
CEG,D:\drive\Investment\分析报告\公司情景投资决策\结果\CEG_经营情景市场状态投资决策_2026-07-15.md,343,乐观 / 超预期,4,流动性信用压力,不建议投资,-21,+11,不建议投资｜-21%～+11%｜低
CEG,D:\drive\Investment\分析报告\公司情景投资决策\结果\CEG_经营情景市场状态投资决策_2026-07-15.md,344,突破 / 非线性,0,宽基风险扩张,强烈建议投资,+77,+141,强烈建议投资｜+77%～+141%｜低
CEG,D:\drive\Investment\分析报告\公司情景投资决策\结果\CEG_经营情景市场状态投资决策_2026-07-15.md,344,突破 / 非线性,1,窄幅主题主导上涨,强烈建议投资,+103,+180,强烈建议投资｜+103%～+180%｜低
CEG,D:\drive\Investment\分析报告\公司情景投资决策\结果\CEG_经营情景市场状态投资决策_2026-07-15.md,344,突破 / 非线性,2,震荡均值回归,强烈建议投资,+52,+108,强烈建议投资｜+52%～+108%｜低
CEG,D:\drive\Investment\分析报告\公司情景投资决策\结果\CEG_经营情景市场状态投资决策_2026-07-15.md,344,突破 / 非线性,3,有序风险收缩,强烈建议投资,+29,+77,强烈建议投资｜+29%～+77%｜低
CEG,D:\drive\Investment\分析报告\公司情景投资决策\结果\CEG_经营情景市场状态投资决策_2026-07-15.md,344,突破 / 非线性,4,流动性信用压力,谨慎建议投资,-4,+37,谨慎建议投资｜-4%～+37%｜低
CIEN,D:\drive\Investment\分析报告\公司情景投资决策\结果\CIEN_经营情景市场状态投资决策_2026-07-15.md,340,悲观 / 受损,0,宽基风险扩张,强烈不建议投资,-86,-53,强烈不建议投资｜-86%～-53%｜中
CIEN,D:\drive\Investment\分析报告\公司情景投资决策\结果\CIEN_经营情景市场状态投资决策_2026-07-15.md,340,悲观 / 受损,1,窄幅主题主导上涨,强烈不建议投资,-88,-57,强烈不建议投资｜-88%～-57%｜中
CIEN,D:\drive\Investment\分析报告\公司情景投资决策\结果\CIEN_经营情景市场状态投资决策_2026-07-15.md,340,悲观 / 受损,2,震荡均值回归,强烈不建议投资,-89,-62,强烈不建议投资｜-89%～-62%｜中
CIEN,D:\drive\Investment\分析报告\公司情景投资决策\结果\CIEN_经营情景市场状态投资决策_2026-07-15.md,340,悲观 / 受损,3,有序风险收缩,强烈不建议投资,-92,-68,强烈不建议投资｜-92%～-68%｜低
CIEN,D:\drive\Investment\分析报告\公司情景投资决策\结果\CIEN_经营情景市场状态投资决策_2026-07-15.md,340,悲观 / 受损,4,流动性信用压力,强烈不建议投资,-95,-78,强烈不建议投资｜-95%～-78%｜低
CIEN,D:\drive\Investment\分析报告\公司情景投资决策\结果\CIEN_经营情景市场状态投资决策_2026-07-15.md,341,基准 / 正常兑现,0,宽基风险扩张,强烈不建议投资,-69,-9,强烈不建议投资｜-69%～-9%｜低
CIEN,D:\drive\Investment\分析报告\公司情景投资决策\结果\CIEN_经营情景市场状态投资决策_2026-07-15.md,341,基准 / 正常兑现,1,窄幅主题主导上涨,强烈不建议投资,-71,-3,强烈不建议投资｜-71%～-3%｜低
CIEN,D:\drive\Investment\分析报告\公司情景投资决策\结果\CIEN_经营情景市场状态投资决策_2026-07-15.md,341,基准 / 正常兑现,2,震荡均值回归,强烈不建议投资,-75,-22,强烈不建议投资｜-75%～-22%｜低
CIEN,D:\drive\Investment\分析报告\公司情景投资决策\结果\CIEN_经营情景市场状态投资决策_2026-07-15.md,341,基准 / 正常兑现,3,有序风险收缩,强烈不建议投资,-80,-36,强烈不建议投资｜-80%～-36%｜低
CIEN,D:\drive\Investment\分析报告\公司情景投资决策\结果\CIEN_经营情景市场状态投资决策_2026-07-15.md,341,基准 / 正常兑现,4,流动性信用压力,强烈不建议投资,-86,-55,强烈不建议投资｜-86%～-55%｜低
CIEN,D:\drive\Investment\分析报告\公司情景投资决策\结果\CIEN_经营情景市场状态投资决策_2026-07-15.md,342,乐观 / 超预期,0,宽基风险扩张,不建议投资,-49,+32,不建议投资｜-49%～+32%｜低
CIEN,D:\drive\Investment\分析报告\公司情景投资决策\结果\CIEN_经营情景市场状态投资决策_2026-07-15.md,342,乐观 / 超预期,1,窄幅主题主导上涨,中性 / 等待,-53,+46,中性 / 等待｜-53%～+46%｜低
CIEN,D:\drive\Investment\分析报告\公司情景投资决策\结果\CIEN_经营情景市场状态投资决策_2026-07-15.md,342,乐观 / 超预期,2,震荡均值回归,不建议投资,-59,+11,不建议投资｜-59%～+11%｜低
CIEN,D:\drive\Investment\分析报告\公司情景投资决策\结果\CIEN_经营情景市场状态投资决策_2026-07-15.md,342,乐观 / 超预期,3,有序风险收缩,强烈不建议投资,-68,-9,强烈不建议投资｜-68%～-9%｜低
CIEN,D:\drive\Investment\分析报告\公司情景投资决策\结果\CIEN_经营情景市场状态投资决策_2026-07-15.md,342,乐观 / 超预期,4,流动性信用压力,强烈不建议投资,-78,-37,强烈不建议投资｜-78%～-37%｜低
CIEN,D:\drive\Investment\分析报告\公司情景投资决策\结果\CIEN_经营情景市场状态投资决策_2026-07-15.md,343,突破 / 非线性,0,宽基风险扩张,谨慎建议投资,-13,+93,谨慎建议投资｜-13%～+93%｜低
CIEN,D:\drive\Investment\分析报告\公司情景投资决策\结果\CIEN_经营情景市场状态投资决策_2026-07-15.md,343,突破 / 非线性,1,窄幅主题主导上涨,谨慎建议投资,-20,+119,谨慎建议投资｜-20%～+119%｜低
CIEN,D:\drive\Investment\分析报告\公司情景投资决策\结果\CIEN_经营情景市场状态投资决策_2026-07-15.md,343,突破 / 非线性,2,震荡均值回归,谨慎建议投资,-32,+67,谨慎建议投资｜-32%～+67%｜低
CIEN,D:\drive\Investment\分析报告\公司情景投资决策\结果\CIEN_经营情景市场状态投资决策_2026-07-15.md,343,突破 / 非线性,3,有序风险收缩,中性 / 等待,-47,+37,中性 / 等待｜-47%～+37%｜低
CIEN,D:\drive\Investment\分析报告\公司情景投资决策\结果\CIEN_经营情景市场状态投资决策_2026-07-15.md,343,突破 / 非线性,4,流动性信用压力,强烈不建议投资,-64,-2,强烈不建议投资｜-64%～-2%｜低
CLS,D:\drive\Investment\分析报告\公司情景投资决策\结果\CLS_经营情景市场状态投资决策_2026-07-15.md,375,悲观 / 受损,0,宽基风险扩张,强烈不建议投资,-82,-31,强烈不建议投资｜-82%～-31%｜低
CLS,D:\drive\Investment\分析报告\公司情景投资决策\结果\CLS_经营情景市场状态投资决策_2026-07-15.md,375,悲观 / 受损,1,窄幅主题主导上涨,强烈不建议投资,-79,-34,强烈不建议投资｜-79%～-34%｜低
CLS,D:\drive\Investment\分析报告\公司情景投资决策\结果\CLS_经营情景市场状态投资决策_2026-07-15.md,375,悲观 / 受损,2,震荡均值回归,强烈不建议投资,-84,-45,强烈不建议投资｜-84%～-45%｜低
CLS,D:\drive\Investment\分析报告\公司情景投资决策\结果\CLS_经营情景市场状态投资决策_2026-07-15.md,375,悲观 / 受损,3,有序风险收缩,强烈不建议投资,-88,-55,强烈不建议投资｜-88%～-55%｜低
CLS,D:\drive\Investment\分析报告\公司情景投资决策\结果\CLS_经营情景市场状态投资决策_2026-07-15.md,375,悲观 / 受损,4,流动性信用压力,强烈不建议投资,-93,-66,强烈不建议投资｜-93%～-66%｜低
CLS,D:\drive\Investment\分析报告\公司情景投资决策\结果\CLS_经营情景市场状态投资决策_2026-07-15.md,376,基准 / 正常兑现,0,宽基风险扩张,中性 / 等待,-36,+28,中性 / 等待｜-36%～+28%｜中
CLS,D:\drive\Investment\分析报告\公司情景投资决策\结果\CLS_经营情景市场状态投资决策_2026-07-15.md,376,基准 / 正常兑现,1,窄幅主题主导上涨,中性 / 等待,-27,+45,中性 / 等待｜-27%～+45%｜中
CLS,D:\drive\Investment\分析报告\公司情景投资决策\结果\CLS_经营情景市场状态投资决策_2026-07-15.md,376,基准 / 正常兑现,2,震荡均值回归,不建议投资,-40,+6,不建议投资｜-40%～+6%｜中
CLS,D:\drive\Investment\分析报告\公司情景投资决策\结果\CLS_经营情景市场状态投资决策_2026-07-15.md,376,基准 / 正常兑现,3,有序风险收缩,强烈不建议投资,-54,-13,强烈不建议投资｜-54%～-13%｜低
CLS,D:\drive\Investment\分析报告\公司情景投资决策\结果\CLS_经营情景市场状态投资决策_2026-07-15.md,376,基准 / 正常兑现,4,流动性信用压力,强烈不建议投资,-70,-37,强烈不建议投资｜-70%～-37%｜低
CLS,D:\drive\Investment\分析报告\公司情景投资决策\结果\CLS_经营情景市场状态投资决策_2026-07-15.md,377,乐观 / 超预期,0,宽基风险扩张,谨慎建议投资,-12,+64,谨慎建议投资｜-12%～+64%｜中
CLS,D:\drive\Investment\分析报告\公司情景投资决策\结果\CLS_经营情景市场状态投资决策_2026-07-15.md,377,乐观 / 超预期,1,窄幅主题主导上涨,建议投资,+2,+94,建议投资｜+2%～+94%｜中
CLS,D:\drive\Investment\分析报告\公司情景投资决策\结果\CLS_经营情景市场状态投资决策_2026-07-15.md,377,乐观 / 超预期,2,震荡均值回归,谨慎建议投资,-18,+42,谨慎建议投资｜-18%～+42%｜中
CLS,D:\drive\Investment\分析报告\公司情景投资决策\结果\CLS_经营情景市场状态投资决策_2026-07-15.md,377,乐观 / 超预期,3,有序风险收缩,不建议投资,-34,+12,不建议投资｜-34%～+12%｜低
CLS,D:\drive\Investment\分析报告\公司情景投资决策\结果\CLS_经营情景市场状态投资决策_2026-07-15.md,377,乐观 / 超预期,4,流动性信用压力,强烈不建议投资,-57,-16,强烈不建议投资｜-57%～-16%｜低
CLS,D:\drive\Investment\分析报告\公司情景投资决策\结果\CLS_经营情景市场状态投资决策_2026-07-15.md,378,突破 / 非线性,0,宽基风险扩张,强烈建议投资,+30,+136,强烈建议投资｜+30%～+136%｜低
CLS,D:\drive\Investment\分析报告\公司情景投资决策\结果\CLS_经营情景市场状态投资决策_2026-07-15.md,378,突破 / 非线性,1,窄幅主题主导上涨,强烈建议投资,+49,+188,强烈建议投资｜+49%～+188%｜低
CLS,D:\drive\Investment\分析报告\公司情景投资决策\结果\CLS_经营情景市场状态投资决策_2026-07-15.md,378,突破 / 非线性,2,震荡均值回归,建议投资,+16,+100,建议投资｜+16%～+100%｜低
CLS,D:\drive\Investment\分析报告\公司情景投资决策\结果\CLS_经营情景市场状态投资决策_2026-07-15.md,378,突破 / 非线性,3,有序风险收缩,谨慎建议投资,-10,+61,谨慎建议投资｜-10%～+61%｜低
CLS,D:\drive\Investment\分析报告\公司情景投资决策\结果\CLS_经营情景市场状态投资决策_2026-07-15.md,378,突破 / 非线性,4,流动性信用压力,不建议投资,-42,+15,不建议投资｜-42%～+15%｜低
CMI,D:\drive\Investment\分析报告\公司情景投资决策\结果\备份\CMI_2026-08-19T12_34_35-07_00-5d8acd9503\CMI_经营情景市场状态投资决策_2026-07-15.md,425,悲观 / 受损,0,宽基风险扩张,不建议投资,-27,-5,不建议投资｜-27%～-5%｜中
CMI,D:\drive\Investment\分析报告\公司情景投资决策\结果\备份\CMI_2026-08-19T12_34_35-07_00-5d8acd9503\CMI_经营情景市场状态投资决策_2026-07-15.md,425,悲观 / 受损,1,窄幅主题主导上涨,不建议投资,-24,0,不建议投资｜-24%～0%｜中
CMI,D:\drive\Investment\分析报告\公司情景投资决策\结果\备份\CMI_2026-08-19T12_34_35-07_00-5d8acd9503\CMI_经营情景市场状态投资决策_2026-07-15.md,425,悲观 / 受损,2,震荡均值回归,强烈不建议投资,-36,-15,强烈不建议投资｜-36%～-15%｜中
CMI,D:\drive\Investment\分析报告\公司情景投资决策\结果\备份\CMI_2026-08-19T12_34_35-07_00-5d8acd9503\CMI_经营情景市场状态投资决策_2026-07-15.md,425,悲观 / 受损,3,有序风险收缩,强烈不建议投资,-49,-28,强烈不建议投资｜-49%～-28%｜中
CMI,D:\drive\Investment\分析报告\公司情景投资决策\结果\备份\CMI_2026-08-19T12_34_35-07_00-5d8acd9503\CMI_经营情景市场状态投资决策_2026-07-15.md,425,悲观 / 受损,4,流动性信用压力,强烈不建议投资,-62,-42,强烈不建议投资｜-62%～-42%｜低
CMI,D:\drive\Investment\分析报告\公司情景投资决策\结果\备份\CMI_2026-08-19T12_34_35-07_00-5d8acd9503\CMI_经营情景市场状态投资决策_2026-07-15.md,426,基准 / 正常兑现,0,宽基风险扩张,谨慎建议投资,-8,+21,谨慎建议投资｜-8%～+21%｜中
CMI,D:\drive\Investment\分析报告\公司情景投资决策\结果\备份\CMI_2026-08-19T12_34_35-07_00-5d8acd9503\CMI_经营情景市场状态投资决策_2026-07-15.md,426,基准 / 正常兑现,1,窄幅主题主导上涨,谨慎建议投资,-2,+28,谨慎建议投资｜-2%～+28%｜中
CMI,D:\drive\Investment\分析报告\公司情景投资决策\结果\备份\CMI_2026-08-19T12_34_35-07_00-5d8acd9503\CMI_经营情景市场状态投资决策_2026-07-15.md,426,基准 / 正常兑现,2,震荡均值回归,中性 / 等待,-18,+9,中性 / 等待｜-18%～+9%｜中
CMI,D:\drive\Investment\分析报告\公司情景投资决策\结果\备份\CMI_2026-08-19T12_34_35-07_00-5d8acd9503\CMI_经营情景市场状态投资决策_2026-07-15.md,426,基准 / 正常兑现,3,有序风险收缩,不建议投资,-32,-9,不建议投资｜-32%～-9%｜中
CMI,D:\drive\Investment\分析报告\公司情景投资决策\结果\备份\CMI_2026-08-19T12_34_35-07_00-5d8acd9503\CMI_经营情景市场状态投资决策_2026-07-15.md,426,基准 / 正常兑现,4,流动性信用压力,强烈不建议投资,-49,-26,强烈不建议投资｜-49%～-26%｜低
CMI,D:\drive\Investment\分析报告\公司情景投资决策\结果\备份\CMI_2026-08-19T12_34_35-07_00-5d8acd9503\CMI_经营情景市场状态投资决策_2026-07-15.md,427,乐观 / 超预期,0,宽基风险扩张,建议投资,+11,+52,建议投资｜+11%～+52%｜中
CMI,D:\drive\Investment\分析报告\公司情景投资决策\结果\备份\CMI_2026-08-19T12_34_35-07_00-5d8acd9503\CMI_经营情景市场状态投资决策_2026-07-15.md,427,乐观 / 超预期,1,窄幅主题主导上涨,建议投资,+18,+64,建议投资｜+18%～+64%｜中
CMI,D:\drive\Investment\分析报告\公司情景投资决策\结果\备份\CMI_2026-08-19T12_34_35-07_00-5d8acd9503\CMI_经营情景市场状态投资决策_2026-07-15.md,427,乐观 / 超预期,2,震荡均值回归,谨慎建议投资,-5,+33,谨慎建议投资｜-5%～+33%｜中
CMI,D:\drive\Investment\分析报告\公司情景投资决策\结果\备份\CMI_2026-08-19T12_34_35-07_00-5d8acd9503\CMI_经营情景市场状态投资决策_2026-07-15.md,427,乐观 / 超预期,3,有序风险收缩,中性 / 等待,-23,+11,中性 / 等待｜-23%～+11%｜中
CMI,D:\drive\Investment\分析报告\公司情景投资决策\结果\备份\CMI_2026-08-19T12_34_35-07_00-5d8acd9503\CMI_经营情景市场状态投资决策_2026-07-15.md,427,乐观 / 超预期,4,流动性信用压力,强烈不建议投资,-44,-13,强烈不建议投资｜-44%～-13%｜低
CMI,D:\drive\Investment\分析报告\公司情景投资决策\结果\备份\CMI_2026-08-19T12_34_35-07_00-5d8acd9503\CMI_经营情景市场状态投资决策_2026-07-15.md,428,突破 / 非线性,0,宽基风险扩张,强烈建议投资,+34,+88,强烈建议投资｜+34%～+88%｜低
CMI,D:\drive\Investment\分析报告\公司情景投资决策\结果\备份\CMI_2026-08-19T12_34_35-07_00-5d8acd9503\CMI_经营情景市场状态投资决策_2026-07-15.md,428,突破 / 非线性,1,窄幅主题主导上涨,强烈建议投资,+45,+103,强烈建议投资｜+45%～+103%｜低
CMI,D:\drive\Investment\分析报告\公司情景投资决策\结果\备份\CMI_2026-08-19T12_34_35-07_00-5d8acd9503\CMI_经营情景市场状态投资决策_2026-07-15.md,428,突破 / 非线性,2,震荡均值回归,建议投资,+13,+61,建议投资｜+13%～+61%｜低
CMI,D:\drive\Investment\分析报告\公司情景投资决策\结果\备份\CMI_2026-08-19T12_34_35-07_00-5d8acd9503\CMI_经营情景市场状态投资决策_2026-07-15.md,428,突破 / 非线性,3,有序风险收缩,谨慎建议投资,-9,+34,谨慎建议投资｜-9%～+34%｜低
CMI,D:\drive\Investment\分析报告\公司情景投资决策\结果\备份\CMI_2026-08-19T12_34_35-07_00-5d8acd9503\CMI_经营情景市场状态投资决策_2026-07-15.md,428,突破 / 非线性,4,流动性信用压力,不建议投资,-35,+1,不建议投资｜-35%～+1%｜低
COHR,D:\drive\Investment\分析报告\公司情景投资决策\结果\COHR_经营情景市场状态投资决策_2026-07-15.md,284,悲观 / 受损,0,宽基风险扩张,强烈不建议投资,-81,-32,强烈不建议投资｜-81%～-32%｜低
COHR,D:\drive\Investment\分析报告\公司情景投资决策\结果\COHR_经营情景市场状态投资决策_2026-07-15.md,284,悲观 / 受损,1,窄幅主题主导上涨,强烈不建议投资,-79,-38,强烈不建议投资｜-79%～-38%｜低
COHR,D:\drive\Investment\分析报告\公司情景投资决策\结果\COHR_经营情景市场状态投资决策_2026-07-15.md,284,悲观 / 受损,2,震荡均值回归,强烈不建议投资,-87,-41,强烈不建议投资｜-87%～-41%｜低
COHR,D:\drive\Investment\分析报告\公司情景投资决策\结果\COHR_经营情景市场状态投资决策_2026-07-15.md,284,悲观 / 受损,3,有序风险收缩,强烈不建议投资,-90,-51,强烈不建议投资｜-90%～-51%｜低
COHR,D:\drive\Investment\分析报告\公司情景投资决策\结果\COHR_经营情景市场状态投资决策_2026-07-15.md,284,悲观 / 受损,4,流动性信用压力,强烈不建议投资,-94,-64,强烈不建议投资｜-94%～-64%｜低
COHR,D:\drive\Investment\分析报告\公司情景投资决策\结果\COHR_经营情景市场状态投资决策_2026-07-15.md,285,基准 / 正常兑现,0,宽基风险扩张,中性 / 等待,-27,+28,中性 / 等待｜-27%～+28%｜低
COHR,D:\drive\Investment\分析报告\公司情景投资决策\结果\COHR_经营情景市场状态投资决策_2026-07-15.md,285,基准 / 正常兑现,1,窄幅主题主导上涨,谨慎建议投资,-19,+33,谨慎建议投资｜-19%～+33%｜低
COHR,D:\drive\Investment\分析报告\公司情景投资决策\结果\COHR_经营情景市场状态投资决策_2026-07-15.md,285,基准 / 正常兑现,2,震荡均值回归,强烈不建议投资,-46,+6,强烈不建议投资｜-46%～+6%｜低
COHR,D:\drive\Investment\分析报告\公司情景投资决策\结果\COHR_经营情景市场状态投资决策_2026-07-15.md,285,基准 / 正常兑现,3,有序风险收缩,强烈不建议投资,-57,-12,强烈不建议投资｜-57%～-12%｜低
COHR,D:\drive\Investment\分析报告\公司情景投资决策\结果\COHR_经营情景市场状态投资决策_2026-07-15.md,285,基准 / 正常兑现,4,流动性信用压力,强烈不建议投资,-68,-34,强烈不建议投资｜-68%～-34%｜低
COHR,D:\drive\Investment\分析报告\公司情景投资决策\结果\COHR_经营情景市场状态投资决策_2026-07-15.md,286,乐观 / 超预期,0,宽基风险扩张,强烈建议投资,+30,+87,强烈建议投资｜+30%～+87%｜中
COHR,D:\drive\Investment\分析报告\公司情景投资决策\结果\COHR_经营情景市场状态投资决策_2026-07-15.md,286,乐观 / 超预期,1,窄幅主题主导上涨,强烈建议投资,+41,+99,强烈建议投资｜+41%～+99%｜中
COHR,D:\drive\Investment\分析报告\公司情景投资决策\结果\COHR_经营情景市场状态投资决策_2026-07-15.md,286,乐观 / 超预期,2,震荡均值回归,谨慎建议投资,-4,+59,谨慎建议投资｜-4%～+59%｜低
COHR,D:\drive\Investment\分析报告\公司情景投资决策\结果\COHR_经营情景市场状态投资决策_2026-07-15.md,286,乐观 / 超预期,3,有序风险收缩,中性 / 等待,-24,+31,中性 / 等待｜-24%～+31%｜低
COHR,D:\drive\Investment\分析报告\公司情景投资决策\结果\COHR_经营情景市场状态投资决策_2026-07-15.md,286,乐观 / 超预期,4,流动性信用压力,强烈不建议投资,-44,+3,强烈不建议投资｜-44%～+3%｜低
COHR,D:\drive\Investment\分析报告\公司情景投资决策\结果\COHR_经营情景市场状态投资决策_2026-07-15.md,287,突破 / 非线性,0,宽基风险扩张,强烈建议投资,+89,+181,强烈建议投资｜+89%～+181%｜低
COHR,D:\drive\Investment\分析报告\公司情景投资决策\结果\COHR_经营情景市场状态投资决策_2026-07-15.md,287,突破 / 非线性,1,窄幅主题主导上涨,强烈建议投资,+108,+204,强烈建议投资｜+108%～+204%｜低
COHR,D:\drive\Investment\分析报告\公司情景投资决策\结果\COHR_经营情景市场状态投资决策_2026-07-15.md,287,突破 / 非线性,2,震荡均值回归,强烈建议投资,+49,+142,强烈建议投资｜+49%～+142%｜低
COHR,D:\drive\Investment\分析报告\公司情景投资决策\结果\COHR_经营情景市场状态投资决策_2026-07-15.md,287,突破 / 非线性,3,有序风险收缩,建议投资,+18,+103,建议投资｜+18%～+103%｜低
COHR,D:\drive\Investment\分析报告\公司情景投资决策\结果\COHR_经营情景市场状态投资决策_2026-07-15.md,287,突破 / 非线性,4,流动性信用压力,谨慎建议投资,-12,+65,谨慎建议投资｜-12%～+65%｜低
COHU,D:\drive\Investment\分析报告\公司情景投资决策\结果\COHU_经营情景市场状态投资决策_2026-07-15.md,291,悲观 / 受损,0,宽基风险扩张,强烈不建议投资,-76,-64,强烈不建议投资｜-76%～-64%｜中
COHU,D:\drive\Investment\分析报告\公司情景投资决策\结果\COHU_经营情景市场状态投资决策_2026-07-15.md,291,悲观 / 受损,1,窄幅主题主导上涨,强烈不建议投资,-78,-65,强烈不建议投资｜-78%～-65%｜中
COHU,D:\drive\Investment\分析报告\公司情景投资决策\结果\COHU_经营情景市场状态投资决策_2026-07-15.md,291,悲观 / 受损,2,震荡均值回归,强烈不建议投资,-82,-71,强烈不建议投资｜-82%～-71%｜中
COHU,D:\drive\Investment\分析报告\公司情景投资决策\结果\COHU_经营情景市场状态投资决策_2026-07-15.md,291,悲观 / 受损,3,有序风险收缩,强烈不建议投资,-85,-75,强烈不建议投资｜-85%～-75%｜中
COHU,D:\drive\Investment\分析报告\公司情景投资决策\结果\COHU_经营情景市场状态投资决策_2026-07-15.md,291,悲观 / 受损,4,流动性信用压力,强烈不建议投资,-89,-80,强烈不建议投资｜-89%～-80%｜低
COHU,D:\drive\Investment\分析报告\公司情景投资决策\结果\COHU_经营情景市场状态投资决策_2026-07-15.md,292,基准 / 正常兑现,0,宽基风险扩张,不建议投资,-38,-11,不建议投资｜-38%～-11%｜中
COHU,D:\drive\Investment\分析报告\公司情景投资决策\结果\COHU_经营情景市场状态投资决策_2026-07-15.md,292,基准 / 正常兑现,1,窄幅主题主导上涨,不建议投资,-36,-5,不建议投资｜-36%～-5%｜中
COHU,D:\drive\Investment\分析报告\公司情景投资决策\结果\COHU_经营情景市场状态投资决策_2026-07-15.md,292,基准 / 正常兑现,2,震荡均值回归,强烈不建议投资,-45,-22,强烈不建议投资｜-45%～-22%｜中
COHU,D:\drive\Investment\分析报告\公司情景投资决策\结果\COHU_经营情景市场状态投资决策_2026-07-15.md,292,基准 / 正常兑现,3,有序风险收缩,强烈不建议投资,-56,-35,强烈不建议投资｜-56%～-35%｜中
COHU,D:\drive\Investment\分析报告\公司情景投资决策\结果\COHU_经营情景市场状态投资决策_2026-07-15.md,292,基准 / 正常兑现,4,流动性信用压力,强烈不建议投资,-67,-47,强烈不建议投资｜-67%～-47%｜低
COHU,D:\drive\Investment\分析报告\公司情景投资决策\结果\COHU_经营情景市场状态投资决策_2026-07-15.md,293,乐观 / 超预期,0,宽基风险扩张,建议投资,+7,+51,建议投资｜+7%～+51%｜中
COHU,D:\drive\Investment\分析报告\公司情景投资决策\结果\COHU_经营情景市场状态投资决策_2026-07-15.md,293,乐观 / 超预期,1,窄幅主题主导上涨,建议投资,+13,+64,建议投资｜+13%～+64%｜中
COHU,D:\drive\Investment\分析报告\公司情景投资决策\结果\COHU_经营情景市场状态投资决策_2026-07-15.md,293,乐观 / 超预期,2,震荡均值回归,谨慎建议投资,-5,+33,谨慎建议投资｜-5%～+33%｜中
COHU,D:\drive\Investment\分析报告\公司情景投资决策\结果\COHU_经营情景市场状态投资决策_2026-07-15.md,293,乐观 / 超预期,3,有序风险收缩,不建议投资,-22,+13,不建议投资｜-22%～+13%｜低
COHU,D:\drive\Investment\分析报告\公司情景投资决策\结果\COHU_经营情景市场状态投资决策_2026-07-15.md,293,乐观 / 超预期,4,流动性信用压力,强烈不建议投资,-38,-7,强烈不建议投资｜-38%～-7%｜低
COHU,D:\drive\Investment\分析报告\公司情景投资决策\结果\COHU_经营情景市场状态投资决策_2026-07-15.md,294,突破 / 非线性,0,宽基风险扩张,强烈建议投资,+65,+131,强烈建议投资｜+65%～+131%｜低
COHU,D:\drive\Investment\分析报告\公司情景投资决策\结果\COHU_经营情景市场状态投资决策_2026-07-15.md,294,突破 / 非线性,1,窄幅主题主导上涨,强烈建议投资,+80,+156,强烈建议投资｜+80%～+156%｜低
COHU,D:\drive\Investment\分析报告\公司情景投资决策\结果\COHU_经营情景市场状态投资决策_2026-07-15.md,294,突破 / 非线性,2,震荡均值回归,强烈建议投资,+45,+102,强烈建议投资｜+45%～+102%｜低
COHU,D:\drive\Investment\分析报告\公司情景投资决策\结果\COHU_经营情景市场状态投资决策_2026-07-15.md,294,突破 / 非线性,3,有序风险收缩,建议投资,+18,+67,建议投资｜+18%～+67%｜低
COHU,D:\drive\Investment\分析报告\公司情景投资决策\结果\COHU_经营情景市场状态投资决策_2026-07-15.md,294,突破 / 非线性,4,流动性信用压力,谨慎建议投资,-7,+35,谨慎建议投资｜-7%～+35%｜低
CRDO,D:\drive\Investment\分析报告\公司情景投资决策\结果\备份\CRDO_2026-08-19T12_34_45-07_00-af0dc1c78c\CRDO_经营情景市场状态投资决策_2026-07-15.md,333,悲观 / 受损,0,宽基风险扩张,强烈不建议投资,-77,-55,强烈不建议投资｜-77%～-55%｜中
CRDO,D:\drive\Investment\分析报告\公司情景投资决策\结果\备份\CRDO_2026-08-19T12_34_45-07_00-af0dc1c78c\CRDO_经营情景市场状态投资决策_2026-07-15.md,333,悲观 / 受损,1,窄幅主题主导上涨,强烈不建议投资,-78,-53,强烈不建议投资｜-78%～-53%｜低
CRDO,D:\drive\Investment\分析报告\公司情景投资决策\结果\备份\CRDO_2026-08-19T12_34_45-07_00-af0dc1c78c\CRDO_经营情景市场状态投资决策_2026-07-15.md,333,悲观 / 受损,2,震荡均值回归,强烈不建议投资,-82,-63,强烈不建议投资｜-82%～-63%｜中
CRDO,D:\drive\Investment\分析报告\公司情景投资决策\结果\备份\CRDO_2026-08-19T12_34_45-07_00-af0dc1c78c\CRDO_经营情景市场状态投资决策_2026-07-15.md,333,悲观 / 受损,3,有序风险收缩,强烈不建议投资,-86,-71,强烈不建议投资｜-86%～-71%｜中
CRDO,D:\drive\Investment\分析报告\公司情景投资决策\结果\备份\CRDO_2026-08-19T12_34_45-07_00-af0dc1c78c\CRDO_经营情景市场状态投资决策_2026-07-15.md,333,悲观 / 受损,4,流动性信用压力,强烈不建议投资,-91,-79,强烈不建议投资｜-91%～-79%｜低
CRDO,D:\drive\Investment\分析报告\公司情景投资决策\结果\备份\CRDO_2026-08-19T12_34_45-07_00-af0dc1c78c\CRDO_经营情景市场状态投资决策_2026-07-15.md,334,基准 / 正常兑现,0,宽基风险扩张,中性 / 等待,-28,+23,中性 / 等待｜-28%～+23%｜低
CRDO,D:\drive\Investment\分析报告\公司情景投资决策\结果\备份\CRDO_2026-08-19T12_34_45-07_00-af0dc1c78c\CRDO_经营情景市场状态投资决策_2026-07-15.md,334,基准 / 正常兑现,1,窄幅主题主导上涨,谨慎建议投资,-24,+34,谨慎建议投资｜-24%～+34%｜低
CRDO,D:\drive\Investment\分析报告\公司情景投资决策\结果\备份\CRDO_2026-08-19T12_34_45-07_00-af0dc1c78c\CRDO_经营情景市场状态投资决策_2026-07-15.md,334,基准 / 正常兑现,2,震荡均值回归,不建议投资,-40,+2,不建议投资｜-40%～+2%｜中
CRDO,D:\drive\Investment\分析报告\公司情景投资决策\结果\备份\CRDO_2026-08-19T12_34_45-07_00-af0dc1c78c\CRDO_经营情景市场状态投资决策_2026-07-15.md,334,基准 / 正常兑现,3,有序风险收缩,强烈不建议投资,-52,-17,强烈不建议投资｜-52%～-17%｜中
CRDO,D:\drive\Investment\分析报告\公司情景投资决策\结果\备份\CRDO_2026-08-19T12_34_45-07_00-af0dc1c78c\CRDO_经营情景市场状态投资决策_2026-07-15.md,334,基准 / 正常兑现,4,流动性信用压力,强烈不建议投资,-69,-42,强烈不建议投资｜-69%～-42%｜低
CRDO,D:\drive\Investment\分析报告\公司情景投资决策\结果\备份\CRDO_2026-08-19T12_34_45-07_00-af0dc1c78c\CRDO_经营情景市场状态投资决策_2026-07-15.md,335,乐观 / 超预期,0,宽基风险扩张,强烈建议投资,+32,+136,强烈建议投资｜+32%～+136%｜低
CRDO,D:\drive\Investment\分析报告\公司情景投资决策\结果\备份\CRDO_2026-08-19T12_34_45-07_00-af0dc1c78c\CRDO_经营情景市场状态投资决策_2026-07-15.md,335,乐观 / 超预期,1,窄幅主题主导上涨,强烈建议投资,+45,+154,强烈建议投资｜+45%～+154%｜低
CRDO,D:\drive\Investment\分析报告\公司情景投资决策\结果\备份\CRDO_2026-08-19T12_34_45-07_00-af0dc1c78c\CRDO_经营情景市场状态投资决策_2026-07-15.md,335,乐观 / 超预期,2,震荡均值回归,建议投资,+12,+99,建议投资｜+12%～+99%｜低
CRDO,D:\drive\Investment\分析报告\公司情景投资决策\结果\备份\CRDO_2026-08-19T12_34_45-07_00-af0dc1c78c\CRDO_经营情景市场状态投资决策_2026-07-15.md,335,乐观 / 超预期,3,有序风险收缩,谨慎建议投资,-12,+57,谨慎建议投资｜-12%～+57%｜低
CRDO,D:\drive\Investment\分析报告\公司情景投资决策\结果\备份\CRDO_2026-08-19T12_34_45-07_00-af0dc1c78c\CRDO_经营情景市场状态投资决策_2026-07-15.md,335,乐观 / 超预期,4,流动性信用压力,不建议投资,-39,+15,不建议投资｜-39%～+15%｜低
CRDO,D:\drive\Investment\分析报告\公司情景投资决策\结果\备份\CRDO_2026-08-19T12_34_45-07_00-af0dc1c78c\CRDO_经营情景市场状态投资决策_2026-07-15.md,336,突破 / 非线性,0,宽基风险扩张,强烈建议投资,+117,+335,强烈建议投资｜+117%～+335%｜低
CRDO,D:\drive\Investment\分析报告\公司情景投资决策\结果\备份\CRDO_2026-08-19T12_34_45-07_00-af0dc1c78c\CRDO_经营情景市场状态投资决策_2026-07-15.md,336,突破 / 非线性,1,窄幅主题主导上涨,强烈建议投资,+147,+386,强烈建议投资｜+147%～+386%｜低
CRDO,D:\drive\Investment\分析报告\公司情景投资决策\结果\备份\CRDO_2026-08-19T12_34_45-07_00-af0dc1c78c\CRDO_经营情景市场状态投资决策_2026-07-15.md,336,突破 / 非线性,2,震荡均值回归,强烈建议投资,+86,+261,强烈建议投资｜+86%～+261%｜低
CRDO,D:\drive\Investment\分析报告\公司情景投资决策\结果\备份\CRDO_2026-08-19T12_34_45-07_00-af0dc1c78c\CRDO_经营情景市场状态投资决策_2026-07-15.md,336,突破 / 非线性,3,有序风险收缩,强烈建议投资,+51,+194,强烈建议投资｜+51%～+194%｜低
CRDO,D:\drive\Investment\分析报告\公司情景投资决策\结果\备份\CRDO_2026-08-19T12_34_45-07_00-af0dc1c78c\CRDO_经营情景市场状态投资决策_2026-07-15.md,336,突破 / 非线性,4,流动性信用压力,建议投资,+6,+128,建议投资｜+6%～+128%｜低
CRWD,D:\drive\Investment\分析报告\公司情景投资决策\结果\CRWD_经营情景市场状态投资决策_2026-07-15.md,351,悲观/受损,0,宽基风险扩张,强烈不建议投资,-81,-51,强烈不建议投资｜-81%～-51%｜中
CRWD,D:\drive\Investment\分析报告\公司情景投资决策\结果\CRWD_经营情景市场状态投资决策_2026-07-15.md,351,悲观/受损,1,窄幅主题主导上涨,强烈不建议投资,-83,-55,强烈不建议投资｜-83%～-55%｜中
CRWD,D:\drive\Investment\分析报告\公司情景投资决策\结果\CRWD_经营情景市场状态投资决策_2026-07-15.md,351,悲观/受损,2,震荡均值回归,强烈不建议投资,-84,-58,强烈不建议投资｜-84%～-58%｜中
CRWD,D:\drive\Investment\分析报告\公司情景投资决策\结果\CRWD_经营情景市场状态投资决策_2026-07-15.md,351,悲观/受损,3,有序风险收缩,强烈不建议投资,-87,-64,强烈不建议投资｜-87%～-64%｜中
CRWD,D:\drive\Investment\分析报告\公司情景投资决策\结果\CRWD_经营情景市场状态投资决策_2026-07-15.md,351,悲观/受损,4,流动性信用压力,强烈不建议投资,-90,-74,强烈不建议投资｜-90%～-74%｜低
CRWD,D:\drive\Investment\分析报告\公司情景投资决策\结果\CRWD_经营情景市场状态投资决策_2026-07-15.md,352,基准/正常兑现,0,宽基风险扩张,强烈不建议投资,-63,-7,强烈不建议投资｜-63%～-7%｜中
CRWD,D:\drive\Investment\分析报告\公司情景投资决策\结果\CRWD_经营情景市场状态投资决策_2026-07-15.md,352,基准/正常兑现,1,窄幅主题主导上涨,强烈不建议投资,-66,+5,强烈不建议投资｜-66%～+5%｜中
CRWD,D:\drive\Investment\分析报告\公司情景投资决策\结果\CRWD_经营情景市场状态投资决策_2026-07-15.md,352,基准/正常兑现,2,震荡均值回归,强烈不建议投资,-70,-18,强烈不建议投资｜-70%～-18%｜中
CRWD,D:\drive\Investment\分析报告\公司情景投资决策\结果\CRWD_经营情景市场状态投资决策_2026-07-15.md,352,基准/正常兑现,3,有序风险收缩,强烈不建议投资,-76,-34,强烈不建议投资｜-76%～-34%｜低
CRWD,D:\drive\Investment\分析报告\公司情景投资决策\结果\CRWD_经营情景市场状态投资决策_2026-07-15.md,352,基准/正常兑现,4,流动性信用压力,强烈不建议投资,-83,-54,强烈不建议投资｜-83%～-54%｜低
CRWD,D:\drive\Investment\分析报告\公司情景投资决策\结果\CRWD_经营情景市场状态投资决策_2026-07-15.md,353,乐观/超预期,0,宽基风险扩张,中性/等待,-45,+33,中性/等待｜-45%～+33%｜低
CRWD,D:\drive\Investment\分析报告\公司情景投资决策\结果\CRWD_经营情景市场状态投资决策_2026-07-15.md,353,乐观/超预期,1,窄幅主题主导上涨,中性/等待,-50,+51,中性/等待｜-50%～+51%｜低
CRWD,D:\drive\Investment\分析报告\公司情景投资决策\结果\CRWD_经营情景市场状态投资决策_2026-07-15.md,353,乐观/超预期,2,震荡均值回归,不建议投资,-56,+19,不建议投资｜-56%～+19%｜低
CRWD,D:\drive\Investment\分析报告\公司情景投资决策\结果\CRWD_经营情景市场状态投资决策_2026-07-15.md,353,乐观/超预期,3,有序风险收缩,强烈不建议投资,-65,-4,强烈不建议投资｜-65%～-4%｜低
CRWD,D:\drive\Investment\分析报告\公司情景投资决策\结果\CRWD_经营情景市场状态投资决策_2026-07-15.md,353,乐观/超预期,4,流动性信用压力,强烈不建议投资,-76,-32,强烈不建议投资｜-76%～-32%｜低
CRWD,D:\drive\Investment\分析报告\公司情景投资决策\结果\CRWD_经营情景市场状态投资决策_2026-07-15.md,354,突破/非线性,0,宽基风险扩张,建议投资,-19,+104,建议投资｜-19%～+104%｜低
CRWD,D:\drive\Investment\分析报告\公司情景投资决策\结果\CRWD_经营情景市场状态投资决策_2026-07-15.md,354,突破/非线性,1,窄幅主题主导上涨,建议投资,-26,+144,建议投资｜-26%～+144%｜低
CRWD,D:\drive\Investment\分析报告\公司情景投资决策\结果\CRWD_经营情景市场状态投资决策_2026-07-15.md,354,突破/非线性,2,震荡均值回归,谨慎建议投资,-35,+75,谨慎建议投资｜-35%～+75%｜低
CRWD,D:\drive\Investment\分析报告\公司情景投资决策\结果\CRWD_经营情景市场状态投资决策_2026-07-15.md,354,突破/非线性,3,有序风险收缩,中性/等待,-49,+41,中性/等待｜-49%～+41%｜低
CRWD,D:\drive\Investment\分析报告\公司情景投资决策\结果\CRWD_经营情景市场状态投资决策_2026-07-15.md,354,突破/非线性,4,流动性信用压力,强烈不建议投资,-66,+6,强烈不建议投资｜-66%～+6%｜低
CRWV,D:\drive\Investment\分析报告\公司情景投资决策\结果\备份\CRWV_2026-08-19T12_34_52-07_00-a389852cc8\CRWV_经营情景市场状态投资决策_2026-07-15.md,341,悲观 / 受损,0,宽基风险扩张,强烈不建议投资,-100,-80,强烈不建议投资｜-100%～-80%｜低
CRWV,D:\drive\Investment\分析报告\公司情景投资决策\结果\备份\CRWV_2026-08-19T12_34_52-07_00-a389852cc8\CRWV_经营情景市场状态投资决策_2026-07-15.md,341,悲观 / 受损,1,窄幅主题主导上涨,强烈不建议投资,-100,-69,强烈不建议投资｜-100%～-69%｜低
CRWV,D:\drive\Investment\分析报告\公司情景投资决策\结果\备份\CRWV_2026-08-19T12_34_52-07_00-a389852cc8\CRWV_经营情景市场状态投资决策_2026-07-15.md,341,悲观 / 受损,2,震荡均值回归,强烈不建议投资,,,强烈不建议投资｜约 -100%｜低
CRWV,D:\drive\Investment\分析报告\公司情景投资决策\结果\备份\CRWV_2026-08-19T12_34_52-07_00-a389852cc8\CRWV_经营情景市场状态投资决策_2026-07-15.md,341,悲观 / 受损,3,有序风险收缩,强烈不建议投资,,,强烈不建议投资｜约 -100%｜低
CRWV,D:\drive\Investment\分析报告\公司情景投资决策\结果\备份\CRWV_2026-08-19T12_34_52-07_00-a389852cc8\CRWV_经营情景市场状态投资决策_2026-07-15.md,341,悲观 / 受损,4,流动性信用压力,强烈不建议投资,,,强烈不建议投资｜约 -100%｜低
CRWV,D:\drive\Investment\分析报告\公司情景投资决策\结果\备份\CRWV_2026-08-19T12_34_52-07_00-a389852cc8\CRWV_经营情景市场状态投资决策_2026-07-15.md,342,基准 / 正常兑现,0,宽基风险扩张,谨慎建议投资,-36,+87,谨慎建议投资｜-36%～+87%｜中
CRWV,D:\drive\Investment\分析报告\公司情景投资决策\结果\备份\CRWV_2026-08-19T12_34_52-07_00-a389852cc8\CRWV_经营情景市场状态投资决策_2026-07-15.md,342,基准 / 正常兑现,1,窄幅主题主导上涨,建议投资,-13,+123,建议投资｜-13%～+123%｜中
CRWV,D:\drive\Investment\分析报告\公司情景投资决策\结果\备份\CRWV_2026-08-19T12_34_52-07_00-a389852cc8\CRWV_经营情景市场状态投资决策_2026-07-15.md,342,基准 / 正常兑现,2,震荡均值回归,不建议投资,-71,+44,不建议投资｜-71%～+44%｜中
CRWV,D:\drive\Investment\分析报告\公司情景投资决策\结果\备份\CRWV_2026-08-19T12_34_52-07_00-a389852cc8\CRWV_经营情景市场状态投资决策_2026-07-15.md,342,基准 / 正常兑现,3,有序风险收缩,强烈不建议投资,-100,-13,强烈不建议投资｜-100%～-13%｜低
CRWV,D:\drive\Investment\分析报告\公司情景投资决策\结果\备份\CRWV_2026-08-19T12_34_52-07_00-a389852cc8\CRWV_经营情景市场状态投资决策_2026-07-15.md,342,基准 / 正常兑现,4,流动性信用压力,强烈不建议投资,-100,-85,强烈不建议投资｜-100%～-85%｜低
CRWV,D:\drive\Investment\分析报告\公司情景投资决策\结果\备份\CRWV_2026-08-19T12_34_52-07_00-a389852cc8\CRWV_经营情景市场状态投资决策_2026-07-15.md,343,乐观 / 超预期,0,宽基风险扩张,强烈建议投资,+83,+280,强烈建议投资｜+83%～+280%｜中
CRWV,D:\drive\Investment\分析报告\公司情景投资决策\结果\备份\CRWV_2026-08-19T12_34_52-07_00-a389852cc8\CRWV_经营情景市场状态投资决策_2026-07-15.md,343,乐观 / 超预期,1,窄幅主题主导上涨,强烈建议投资,+128,+356,强烈建议投资｜+128%～+356%｜中
CRWV,D:\drive\Investment\分析报告\公司情景投资决策\结果\备份\CRWV_2026-08-19T12_34_52-07_00-a389852cc8\CRWV_经营情景市场状态投资决策_2026-07-15.md,343,乐观 / 超预期,2,震荡均值回归,建议投资,+30,+213,建议投资｜+30%～+213%｜中
CRWV,D:\drive\Investment\分析报告\公司情景投资决策\结果\备份\CRWV_2026-08-19T12_34_52-07_00-a389852cc8\CRWV_经营情景市场状态投资决策_2026-07-15.md,343,乐观 / 超预期,3,有序风险收缩,谨慎建议投资,-39,+127,谨慎建议投资｜-39%～+127%｜低
CRWV,D:\drive\Investment\分析报告\公司情景投资决策\结果\备份\CRWV_2026-08-19T12_34_52-07_00-a389852cc8\CRWV_经营情景市场状态投资决策_2026-07-15.md,343,乐观 / 超预期,4,流动性信用压力,强烈不建议投资,-100,+13,强烈不建议投资｜-100%～+13%｜低
CRWV,D:\drive\Investment\分析报告\公司情景投资决策\结果\备份\CRWV_2026-08-19T12_34_52-07_00-a389852cc8\CRWV_经营情景市场状态投资决策_2026-07-15.md,344,突破 / 非线性,0,宽基风险扩张,强烈建议投资,+268,+658,强烈建议投资｜+268%～+658%｜低
CRWV,D:\drive\Investment\分析报告\公司情景投资决策\结果\备份\CRWV_2026-08-19T12_34_52-07_00-a389852cc8\CRWV_经营情景市场状态投资决策_2026-07-15.md,344,突破 / 非线性,1,窄幅主题主导上涨,强烈建议投资,+336,+814,强烈建议投资｜+336%～+814%｜低
CRWV,D:\drive\Investment\分析报告\公司情景投资决策\结果\备份\CRWV_2026-08-19T12_34_52-07_00-a389852cc8\CRWV_经营情景市场状态投资决策_2026-07-15.md,344,突破 / 非线性,2,震荡均值回归,强烈建议投资,+180,+528,强烈建议投资｜+180%～+528%｜低
CRWV,D:\drive\Investment\分析报告\公司情景投资决策\结果\备份\CRWV_2026-08-19T12_34_52-07_00-a389852cc8\CRWV_经营情景市场状态投资决策_2026-07-15.md,344,突破 / 非线性,3,有序风险收缩,强烈建议投资,+72,+360,强烈建议投资｜+72%～+360%｜低
CRWV,D:\drive\Investment\分析报告\公司情景投资决策\结果\备份\CRWV_2026-08-19T12_34_52-07_00-a389852cc8\CRWV_经营情景市场状态投资决策_2026-07-15.md,344,突破 / 非线性,4,流动性信用压力,不建议投资,-74,+165,不建议投资｜-74%～+165%｜低
CSCO,D:\drive\Investment\分析报告\公司情景投资决策\结果\CSCO_经营情景市场状态投资决策_2026-07-15.md,307,悲观 / 受损,0,宽基风险扩张,强烈不建议投资,-61,-39,强烈不建议投资｜-61%～-39%｜中
CSCO,D:\drive\Investment\分析报告\公司情景投资决策\结果\CSCO_经营情景市场状态投资决策_2026-07-15.md,307,悲观 / 受损,1,窄幅主题主导上涨,强烈不建议投资,-63,-41,强烈不建议投资｜-63%～-41%｜中
CSCO,D:\drive\Investment\分析报告\公司情景投资决策\结果\CSCO_经营情景市场状态投资决策_2026-07-15.md,307,悲观 / 受损,2,震荡均值回归,强烈不建议投资,-68,-47,强烈不建议投资｜-68%～-47%｜中
CSCO,D:\drive\Investment\分析报告\公司情景投资决策\结果\CSCO_经营情景市场状态投资决策_2026-07-15.md,307,悲观 / 受损,3,有序风险收缩,强烈不建议投资,-77,-59,强烈不建议投资｜-77%～-59%｜中
CSCO,D:\drive\Investment\分析报告\公司情景投资决策\结果\CSCO_经营情景市场状态投资决策_2026-07-15.md,307,悲观 / 受损,4,流动性信用压力,强烈不建议投资,-86,-70,强烈不建议投资｜-86%～-70%｜低
CSCO,D:\drive\Investment\分析报告\公司情景投资决策\结果\CSCO_经营情景市场状态投资决策_2026-07-15.md,308,基准 / 正常兑现,0,宽基风险扩张,不建议投资,-29,+3,不建议投资｜-29%～+3%｜中
CSCO,D:\drive\Investment\分析报告\公司情景投资决策\结果\CSCO_经营情景市场状态投资决策_2026-07-15.md,308,基准 / 正常兑现,1,窄幅主题主导上涨,不建议投资,-26,+10,不建议投资｜-26%～+10%｜中
CSCO,D:\drive\Investment\分析报告\公司情景投资决策\结果\CSCO_经营情景市场状态投资决策_2026-07-15.md,308,基准 / 正常兑现,2,震荡均值回归,强烈不建议投资,-41,-10,强烈不建议投资｜-41%～-10%｜中
CSCO,D:\drive\Investment\分析报告\公司情景投资决策\结果\CSCO_经营情景市场状态投资决策_2026-07-15.md,308,基准 / 正常兑现,3,有序风险收缩,强烈不建议投资,-52,-28,强烈不建议投资｜-52%～-28%｜中
CSCO,D:\drive\Investment\分析报告\公司情景投资决策\结果\CSCO_经营情景市场状态投资决策_2026-07-15.md,308,基准 / 正常兑现,4,流动性信用压力,强烈不建议投资,-67,-45,强烈不建议投资｜-67%～-45%｜低
CSCO,D:\drive\Investment\分析报告\公司情景投资决策\结果\CSCO_经营情景市场状态投资决策_2026-07-15.md,309,乐观 / 超预期,0,宽基风险扩张,谨慎建议投资,-7,+35,谨慎建议投资｜-7%～+35%｜中
CSCO,D:\drive\Investment\分析报告\公司情景投资决策\结果\CSCO_经营情景市场状态投资决策_2026-07-15.md,309,乐观 / 超预期,1,窄幅主题主导上涨,建议投资,+3,+47,建议投资｜+3%～+47%｜中
CSCO,D:\drive\Investment\分析报告\公司情景投资决策\结果\CSCO_经营情景市场状态投资决策_2026-07-15.md,309,乐观 / 超预期,2,震荡均值回归,中性 / 等待,-20,+19,中性 / 等待｜-20%～+19%｜中
CSCO,D:\drive\Investment\分析报告\公司情景投资决策\结果\CSCO_经营情景市场状态投资决策_2026-07-15.md,309,乐观 / 超预期,3,有序风险收缩,不建议投资,-37,-6,不建议投资｜-37%～-6%｜低
CSCO,D:\drive\Investment\分析报告\公司情景投资决策\结果\CSCO_经营情景市场状态投资决策_2026-07-15.md,309,乐观 / 超预期,4,流动性信用压力,强烈不建议投资,-54,-26,强烈不建议投资｜-54%～-26%｜低
CSCO,D:\drive\Investment\分析报告\公司情景投资决策\结果\CSCO_经营情景市场状态投资决策_2026-07-15.md,310,突破 / 非线性,0,宽基风险扩张,建议投资,+18,+78,建议投资｜+18%～+78%｜低
CSCO,D:\drive\Investment\分析报告\公司情景投资决策\结果\CSCO_经营情景市场状态投资决策_2026-07-15.md,310,突破 / 非线性,1,窄幅主题主导上涨,强烈建议投资,+33,+98,强烈建议投资｜+33%～+98%｜低
CSCO,D:\drive\Investment\分析报告\公司情景投资决策\结果\CSCO_经营情景市场状态投资决策_2026-07-15.md,310,突破 / 非线性,2,震荡均值回归,谨慎建议投资,+2,+58,谨慎建议投资｜+2%～+58%｜低
CSCO,D:\drive\Investment\分析报告\公司情景投资决策\结果\CSCO_经营情景市场状态投资决策_2026-07-15.md,310,突破 / 非线性,3,有序风险收缩,中性 / 等待,-18,+29,中性 / 等待｜-18%～+29%｜低
CSCO,D:\drive\Investment\分析报告\公司情景投资决策\结果\CSCO_经营情景市场状态投资决策_2026-07-15.md,310,突破 / 非线性,4,流动性信用压力,不建议投资,-37,+4,不建议投资｜-37%～+4%｜低
DCI,D:\drive\Investment\分析报告\公司情景投资决策\结果\DCI_经营情景市场状态投资决策_2026-07-15.md,44,悲观 / 受损,0,宽基风险扩张,强烈不建议投资,-35.8,-11.2,强烈不建议投资｜-35.8%～-11.2%｜中
DCI,D:\drive\Investment\分析报告\公司情景投资决策\结果\DCI_经营情景市场状态投资决策_2026-07-15.md,44,悲观 / 受损,1,窄幅主题主导上涨,强烈不建议投资,-38.9,-14.7,强烈不建议投资｜-38.9%～-14.7%｜中
DCI,D:\drive\Investment\分析报告\公司情景投资决策\结果\DCI_经营情景市场状态投资决策_2026-07-15.md,44,悲观 / 受损,2,震荡均值回归,强烈不建议投资,-42.0,-21.6,强烈不建议投资｜-42.0%～-21.6%｜中
DCI,D:\drive\Investment\分析报告\公司情景投资决策\结果\DCI_经营情景市场状态投资决策_2026-07-15.md,44,悲观 / 受损,3,有序风险收缩,强烈不建议投资,-51.2,-32.1,强烈不建议投资｜-51.2%～-32.1%｜中
DCI,D:\drive\Investment\分析报告\公司情景投资决策\结果\DCI_经营情景市场状态投资决策_2026-07-15.md,44,悲观 / 受损,4,流动性信用压力,强烈不建议投资,-63.6,-46.0,强烈不建议投资｜-63.6%～-46.0%｜低
DCI,D:\drive\Investment\分析报告\公司情景投资决策\结果\DCI_经营情景市场状态投资决策_2026-07-15.md,45,基准 / 正常兑现,0,宽基风险扩张,谨慎建议投资,-3.3,+25.2,谨慎建议投资｜-3.3%～+25.2%｜中
DCI,D:\drive\Investment\分析报告\公司情景投资决策\结果\DCI_经营情景市场状态投资决策_2026-07-15.md,45,基准 / 正常兑现,1,窄幅主题主导上涨,中性 / 等待,-6.9,+21.2,中性 / 等待｜-6.9%～+21.2%｜中
DCI,D:\drive\Investment\分析报告\公司情景投资决策\结果\DCI_经营情景市场状态投资决策_2026-07-15.md,45,基准 / 正常兑现,2,震荡均值回归,不建议投资,-14.1,+9.3,不建议投资｜-14.1%～+9.3%｜中
DCI,D:\drive\Investment\分析报告\公司情景投资决策\结果\DCI_经营情景市场状态投资决策_2026-07-15.md,45,基准 / 正常兑现,3,有序风险收缩,强烈不建议投资,-28.5,-6.7,强烈不建议投资｜-28.5%～-6.7%｜中
DCI,D:\drive\Investment\分析报告\公司情景投资决策\结果\DCI_经营情景市场状态投资决策_2026-07-15.md,45,基准 / 正常兑现,4,流动性信用压力,强烈不建议投资,-43.0,-22.6,强烈不建议投资｜-43.0%～-22.6%｜低
DCI,D:\drive\Investment\分析报告\公司情景投资决策\结果\DCI_经营情景市场状态投资决策_2026-07-15.md,46,乐观 / 超预期,0,宽基风险扩张,强烈建议投资,+24.4,+60.5,强烈建议投资｜+24.4%～+60.5%｜中
DCI,D:\drive\Investment\分析报告\公司情景投资决策\结果\DCI_经营情景市场状态投资决策_2026-07-15.md,46,乐观 / 超预期,1,窄幅主题主导上涨,强烈建议投资,+24.4,+65.1,强烈建议投资｜+24.4%～+65.1%｜中
DCI,D:\drive\Investment\分析报告\公司情景投资决策\结果\DCI_经营情景市场状态投资决策_2026-07-15.md,46,乐观 / 超预期,2,震荡均值回归,建议投资,+12.1,+42.1,建议投资｜+12.1%～+42.1%｜中
DCI,D:\drive\Investment\分析报告\公司情景投资决策\结果\DCI_经营情景市场状态投资决策_2026-07-15.md,46,乐观 / 超预期,3,有序风险收缩,谨慎建议投资,-4.3,+23.7,谨慎建议投资｜-4.3%～+23.7%｜低
DCI,D:\drive\Investment\分析报告\公司情景投资决策\结果\DCI_经营情景市场状态投资决策_2026-07-15.md,46,乐观 / 超预期,4,流动性信用压力,不建议投资,-20.7,+5.4,不建议投资｜-20.7%～+5.4%｜低
DCI,D:\drive\Investment\分析报告\公司情景投资决策\结果\DCI_经营情景市场状态投资决策_2026-07-15.md,47,突破 / 非线性,0,宽基风险扩张,强烈建议投资,+56.7,+111.2,强烈建议投资｜+56.7%～+111.2%｜低
DCI,D:\drive\Investment\分析报告\公司情景投资决策\结果\DCI_经营情景市场状态投资决策_2026-07-15.md,47,突破 / 非线性,1,窄幅主题主导上涨,强烈建议投资,+66.0,+127.4,强烈建议投资｜+66.0%～+127.4%｜低
DCI,D:\drive\Investment\分析报告\公司情景投资决策\结果\DCI_经营情景市场状态投资决策_2026-07-15.md,47,突破 / 非线性,2,震荡均值回归,强烈建议投资,+38.1,+89.7,强烈建议投资｜+38.1%～+89.7%｜低
DCI,D:\drive\Investment\分析报告\公司情景投资决策\结果\DCI_经营情景市场状态投资决策_2026-07-15.md,47,突破 / 非线性,3,有序风险收缩,强烈建议投资,+19.4,+62.7,强烈建议投资｜+19.4%～+62.7%｜低
DCI,D:\drive\Investment\分析报告\公司情景投资决策\结果\DCI_经营情景市场状态投资决策_2026-07-15.md,47,突破 / 非线性,4,流动性信用压力,谨慎建议投资,+0.8,+41.2,谨慎建议投资｜+0.8%～+41.2%｜低
DD,D:\drive\Investment\分析报告\公司情景投资决策\结果\DD_经营情景市场状态投资决策_2026-07-15.md,332,悲观 / 受损,0,宽基风险扩张,强烈不建议投资,-44.8,-22.5,强烈不建议投资｜-44.8%～-22.5%｜低
DD,D:\drive\Investment\分析报告\公司情景投资决策\结果\DD_经营情景市场状态投资决策_2026-07-15.md,332,悲观 / 受损,1,窄幅主题主导上涨,强烈不建议投资,-48.9,-27.0,强烈不建议投资｜-48.9%～-27.0%｜低
DD,D:\drive\Investment\分析报告\公司情景投资决策\结果\DD_经营情景市场状态投资决策_2026-07-15.md,332,悲观 / 受损,2,震荡均值回归,强烈不建议投资,-52.9,-31.5,强烈不建议投资｜-52.9%～-31.5%｜低
DD,D:\drive\Investment\分析报告\公司情景投资决策\结果\DD_经营情景市场状态投资决策_2026-07-15.md,332,悲观 / 受损,3,有序风险收缩,强烈不建议投资,-61.0,-40.5,强烈不建议投资｜-61.0%～-40.5%｜低
DD,D:\drive\Investment\分析报告\公司情景投资决策\结果\DD_经营情景市场状态投资决策_2026-07-15.md,332,悲观 / 受损,4,流动性信用压力,强烈不建议投资,-73.0,-54.0,强烈不建议投资｜-73.0%～-54.0%｜低
DD,D:\drive\Investment\分析报告\公司情景投资决策\结果\DD_经营情景市场状态投资决策_2026-07-15.md,333,基准 / 正常兑现,0,宽基风险扩张,谨慎建议投资,+3.9,+36.3,谨慎建议投资｜+3.9%～+36.3%｜中
DD,D:\drive\Investment\分析报告\公司情景投资决策\结果\DD_经营情景市场状态投资决策_2026-07-15.md,333,基准 / 正常兑现,1,窄幅主题主导上涨,中性 / 等待,-6.4,+22.0,中性 / 等待｜-6.4%～+22.0%｜中
DD,D:\drive\Investment\分析报告\公司情景投资决策\结果\DD_经营情景市场状态投资决策_2026-07-15.md,333,基准 / 正常兑现,2,震荡均值回归,中性 / 等待,-11.6,+16.3,中性 / 等待｜-11.6%～+16.3%｜中
DD,D:\drive\Investment\分析报告\公司情景投资决策\结果\DD_经营情景市场状态投资决策_2026-07-15.md,333,基准 / 正常兑现,3,有序风险收缩,不建议投资,-27.2,-3.7,不建议投资｜-27.2%～-3.7%｜中
DD,D:\drive\Investment\分析报告\公司情景投资决策\结果\DD_经营情景市场状态投资决策_2026-07-15.md,333,基准 / 正常兑现,4,流动性信用压力,强烈不建议投资,-47.9,-26.6,强烈不建议投资｜-47.9%～-26.6%｜低
DD,D:\drive\Investment\分析报告\公司情景投资决策\结果\DD_经营情景市场状态投资决策_2026-07-15.md,334,乐观 / 超预期,0,宽基风险扩张,强烈建议投资,+25.3,+66.1,强烈建议投资｜+25.3%～+66.1%｜中
DD,D:\drive\Investment\分析报告\公司情景投资决策\结果\DD_经营情景市场状态投资决策_2026-07-15.md,334,乐观 / 超预期,1,窄幅主题主导上涨,建议投资,+13.7,+53.0,建议投资｜+13.7%～+53.0%｜中
DD,D:\drive\Investment\分析报告\公司情景投资决策\结果\DD_经营情景市场状态投资决策_2026-07-15.md,334,乐观 / 超预期,2,震荡均值回归,建议投资,+7.9,+43.2,建议投资｜+7.9%～+43.2%｜中
DD,D:\drive\Investment\分析报告\公司情景投资决策\结果\DD_经营情景市场状态投资决策_2026-07-15.md,334,乐观 / 超预期,3,有序风险收缩,谨慎建议投资,-9.5,+20.2,谨慎建议投资｜-9.5%～+20.2%｜低
DD,D:\drive\Investment\分析报告\公司情景投资决策\结果\DD_经营情景市场状态投资决策_2026-07-15.md,334,乐观 / 超预期,4,流动性信用压力,不建议投资,-32.8,-6.0,不建议投资｜-32.8%～-6.0%｜低
DD,D:\drive\Investment\分析报告\公司情景投资决策\结果\DD_经营情景市场状态投资决策_2026-07-15.md,335,突破 / 非线性,0,宽基风险扩张,强烈建议投资,+54.7,+111.4,强烈建议投资｜+54.7%～+111.4%｜低
DD,D:\drive\Investment\分析报告\公司情景投资决策\结果\DD_经营情景市场状态投资决策_2026-07-15.md,335,突破 / 非线性,1,窄幅主题主导上涨,强烈建议投资,+41.3,+95.6,强烈建议投资｜+41.3%～+95.6%｜低
DD,D:\drive\Investment\分析报告\公司情景投资决策\结果\DD_经营情景市场状态投资决策_2026-07-15.md,335,突破 / 非线性,2,震荡均值回归,强烈建议投资,+34.5,+83.8,强烈建议投资｜+34.5%～+83.8%｜低
DD,D:\drive\Investment\分析报告\公司情景投资决策\结果\DD_经营情景市场状态投资决策_2026-07-15.md,335,突破 / 非线性,3,有序风险收缩,建议投资,+14.3,+56.2,建议投资｜+14.3%～+56.2%｜低
DD,D:\drive\Investment\分析报告\公司情景投资决策\结果\DD_经营情景市场状态投资决策_2026-07-15.md,335,突破 / 非线性,4,流动性信用压力,中性 / 等待,-12.7,+24.7,中性 / 等待｜-12.7%～+24.7%｜低
DELL,D:\drive\Investment\分析报告\公司情景投资决策\结果\DELL_经营情景市场状态投资决策_2026-07-15.md,310,悲观 / 受损,0,宽基风险扩张,强烈不建议投资,-81,-54,强烈不建议投资｜-81%～-54%｜中
DELL,D:\drive\Investment\分析报告\公司情景投资决策\结果\DELL_经营情景市场状态投资决策_2026-07-15.md,310,悲观 / 受损,1,窄幅主题主导上涨,强烈不建议投资,-83,-58,强烈不建议投资｜-83%～-58%｜中
DELL,D:\drive\Investment\分析报告\公司情景投资决策\结果\DELL_经营情景市场状态投资决策_2026-07-15.md,310,悲观 / 受损,2,震荡均值回归,强烈不建议投资,-85,-63,强烈不建议投资｜-85%～-63%｜中
DELL,D:\drive\Investment\分析报告\公司情景投资决策\结果\DELL_经营情景市场状态投资决策_2026-07-15.md,310,悲观 / 受损,3,有序风险收缩,强烈不建议投资,-88,-69,强烈不建议投资｜-88%～-69%｜低
DELL,D:\drive\Investment\分析报告\公司情景投资决策\结果\DELL_经营情景市场状态投资决策_2026-07-15.md,310,悲观 / 受损,4,流动性信用压力,强烈不建议投资,-94,-78,强烈不建议投资｜-94%～-78%｜低
DELL,D:\drive\Investment\分析报告\公司情景投资决策\结果\DELL_经营情景市场状态投资决策_2026-07-15.md,311,基准 / 正常兑现,0,宽基风险扩张,中性/等待,-28,+32,中性/等待｜-28%～+32%｜中
DELL,D:\drive\Investment\分析报告\公司情景投资决策\结果\DELL_经营情景市场状态投资决策_2026-07-15.md,311,基准 / 正常兑现,1,窄幅主题主导上涨,谨慎建议投资,-19,+50,谨慎建议投资｜-19%～+50%｜中
DELL,D:\drive\Investment\分析报告\公司情景投资决策\结果\DELL_经营情景市场状态投资决策_2026-07-15.md,311,基准 / 正常兑现,2,震荡均值回归,不建议投资,-41,+15,不建议投资｜-41%～+15%｜中
DELL,D:\drive\Investment\分析报告\公司情景投资决策\结果\DELL_经营情景市场状态投资决策_2026-07-15.md,311,基准 / 正常兑现,3,有序风险收缩,强烈不建议投资,-54,-8,强烈不建议投资｜-54%～-8%｜低
DELL,D:\drive\Investment\分析报告\公司情景投资决策\结果\DELL_经营情景市场状态投资决策_2026-07-15.md,311,基准 / 正常兑现,4,流动性信用压力,强烈不建议投资,-72,-31,强烈不建议投资｜-72%～-31%｜低
DELL,D:\drive\Investment\分析报告\公司情景投资决策\结果\DELL_经营情景市场状态投资决策_2026-07-15.md,312,乐观 / 超预期,0,宽基风险扩张,建议投资,+23,+116,建议投资｜+23%～+116%｜中
DELL,D:\drive\Investment\分析报告\公司情景投资决策\结果\DELL_经营情景市场状态投资决策_2026-07-15.md,312,乐观 / 超预期,1,窄幅主题主导上涨,强烈建议投资,+44,+155,强烈建议投资｜+44%～+155%｜中
DELL,D:\drive\Investment\分析报告\公司情景投资决策\结果\DELL_经营情景市场状态投资决策_2026-07-15.md,312,乐观 / 超预期,2,震荡均值回归,谨慎建议投资,+3,+86,谨慎建议投资｜+3%～+86%｜低
DELL,D:\drive\Investment\分析报告\公司情景投资决策\结果\DELL_经营情景市场状态投资决策_2026-07-15.md,312,乐观 / 超预期,3,有序风险收缩,中性/等待,-17,+57,中性/等待｜-17%～+57%｜低
DELL,D:\drive\Investment\分析报告\公司情景投资决策\结果\DELL_经营情景市场状态投资决策_2026-07-15.md,312,乐观 / 超预期,4,流动性信用压力,不建议投资,-45,+16,不建议投资｜-45%～+16%｜低
DELL,D:\drive\Investment\分析报告\公司情景投资决策\结果\DELL_经营情景市场状态投资决策_2026-07-15.md,313,突破 / 非线性,0,宽基风险扩张,强烈建议投资,+105,+266,强烈建议投资｜+105%～+266%｜低
DELL,D:\drive\Investment\分析报告\公司情景投资决策\结果\DELL_经营情景市场状态投资决策_2026-07-15.md,313,突破 / 非线性,1,窄幅主题主导上涨,强烈建议投资,+145,+357,强烈建议投资｜+145%～+357%｜低
DELL,D:\drive\Investment\分析报告\公司情景投资决策\结果\DELL_经营情景市场状态投资决策_2026-07-15.md,313,突破 / 非线性,2,震荡均值回归,强烈建议投资,+82,+236,强烈建议投资｜+82%～+236%｜低
DELL,D:\drive\Investment\分析报告\公司情景投资决策\结果\DELL_经营情景市场状态投资决策_2026-07-15.md,313,突破 / 非线性,3,有序风险收缩,建议投资,+45,+175,建议投资｜+45%～+175%｜低
DELL,D:\drive\Investment\分析报告\公司情景投资决策\结果\DELL_经营情景市场状态投资决策_2026-07-15.md,313,突破 / 非线性,4,流动性信用压力,谨慎建议投资,-2,+99,谨慎建议投资｜-2%～+99%｜低
DHR,D:\drive\Investment\分析报告\公司情景投资决策\结果\DHR_经营情景市场状态投资决策_2026-07-15.md,319,悲观 / 受损,0,宽基风险扩张,强烈不建议投资,-43,-10,强烈不建议投资｜-43%～-10%｜中
DHR,D:\drive\Investment\分析报告\公司情景投资决策\结果\DHR_经营情景市场状态投资决策_2026-07-15.md,319,悲观 / 受损,1,窄幅主题主导上涨,强烈不建议投资,-49,-15,强烈不建议投资｜-49%～-15%｜中
DHR,D:\drive\Investment\分析报告\公司情景投资决策\结果\DHR_经营情景市场状态投资决策_2026-07-15.md,319,悲观 / 受损,2,震荡均值回归,强烈不建议投资,-52,-18,强烈不建议投资｜-52%～-18%｜中
DHR,D:\drive\Investment\分析报告\公司情景投资决策\结果\DHR_经营情景市场状态投资决策_2026-07-15.md,319,悲观 / 受损,3,有序风险收缩,强烈不建议投资,-60,-29,强烈不建议投资｜-60%～-29%｜低
DHR,D:\drive\Investment\分析报告\公司情景投资决策\结果\DHR_经营情景市场状态投资决策_2026-07-15.md,319,悲观 / 受损,4,流动性信用压力,强烈不建议投资,-70,-43,强烈不建议投资｜-70%～-43%｜低
DHR,D:\drive\Investment\分析报告\公司情景投资决策\结果\DHR_经营情景市场状态投资决策_2026-07-15.md,320,基准 / 正常兑现,0,宽基风险扩张,中性 / 等待,-19,+20,中性 / 等待｜-19%～+20%｜中
DHR,D:\drive\Investment\分析报告\公司情景投资决策\结果\DHR_经营情景市场状态投资决策_2026-07-15.md,320,基准 / 正常兑现,1,窄幅主题主导上涨,不建议投资,-27,+10,不建议投资｜-27%～+10%｜中
DHR,D:\drive\Investment\分析报告\公司情景投资决策\结果\DHR_经营情景市场状态投资决策_2026-07-15.md,320,基准 / 正常兑现,2,震荡均值回归,不建议投资,-32,+7,不建议投资｜-32%～+7%｜中
DHR,D:\drive\Investment\分析报告\公司情景投资决策\结果\DHR_经营情景市场状态投资决策_2026-07-15.md,320,基准 / 正常兑现,3,有序风险收缩,强烈不建议投资,-45,-6,强烈不建议投资｜-45%～-6%｜低
DHR,D:\drive\Investment\分析报告\公司情景投资决策\结果\DHR_经营情景市场状态投资决策_2026-07-15.md,320,基准 / 正常兑现,4,流动性信用压力,强烈不建议投资,-60,-22,强烈不建议投资｜-60%～-22%｜低
DHR,D:\drive\Investment\分析报告\公司情景投资决策\结果\DHR_经营情景市场状态投资决策_2026-07-15.md,321,乐观 / 超预期,0,宽基风险扩张,建议投资,+2,+42,建议投资｜+2%～+42%｜中
DHR,D:\drive\Investment\分析报告\公司情景投资决策\结果\DHR_经营情景市场状态投资决策_2026-07-15.md,321,乐观 / 超预期,1,窄幅主题主导上涨,谨慎建议投资,-9,+31,谨慎建议投资｜-9%～+31%｜中
DHR,D:\drive\Investment\分析报告\公司情景投资决策\结果\DHR_经营情景市场状态投资决策_2026-07-15.md,321,乐观 / 超预期,2,震荡均值回归,谨慎建议投资,-15,+27,谨慎建议投资｜-15%～+27%｜中
DHR,D:\drive\Investment\分析报告\公司情景投资决策\结果\DHR_经营情景市场状态投资决策_2026-07-15.md,321,乐观 / 超预期,3,有序风险收缩,不建议投资,-31,+13,不建议投资｜-31%～+13%｜低
DHR,D:\drive\Investment\分析报告\公司情景投资决策\结果\DHR_经营情景市场状态投资决策_2026-07-15.md,321,乐观 / 超预期,4,流动性信用压力,强烈不建议投资,-50,-5,强烈不建议投资｜-50%～-5%｜低
DHR,D:\drive\Investment\分析报告\公司情景投资决策\结果\DHR_经营情景市场状态投资决策_2026-07-15.md,322,突破 / 非线性,0,宽基风险扩张,强烈建议投资,+26,+76,强烈建议投资｜+26%～+76%｜低
DHR,D:\drive\Investment\分析报告\公司情景投资决策\结果\DHR_经营情景市场状态投资决策_2026-07-15.md,322,突破 / 非线性,1,窄幅主题主导上涨,建议投资,+15,+58,建议投资｜+15%～+58%｜低
DHR,D:\drive\Investment\分析报告\公司情景投资决策\结果\DHR_经营情景市场状态投资决策_2026-07-15.md,322,突破 / 非线性,2,震荡均值回归,建议投资,+8,+50,建议投资｜+8%～+50%｜低
DHR,D:\drive\Investment\分析报告\公司情景投资决策\结果\DHR_经营情景市场状态投资决策_2026-07-15.md,322,突破 / 非线性,3,有序风险收缩,谨慎建议投资,-13,+35,谨慎建议投资｜-13%～+35%｜低
DHR,D:\drive\Investment\分析报告\公司情景投资决策\结果\DHR_经营情景市场状态投资决策_2026-07-15.md,322,突破 / 非线性,4,流动性信用压力,不建议投资,-37,+15,不建议投资｜-37%～+15%｜低
DIOD,D:\drive\Investment\分析报告\公司情景投资决策\结果\DIOD_经营情景市场状态投资决策_2026-07-15.md,334,悲观 / 受损,0,宽基风险扩张,强烈不建议投资,-75,-29,强烈不建议投资｜-75%～-29%｜中
DIOD,D:\drive\Investment\分析报告\公司情景投资决策\结果\DIOD_经营情景市场状态投资决策_2026-07-15.md,334,悲观 / 受损,1,窄幅主题主导上涨,强烈不建议投资,-76,-32,强烈不建议投资｜-76%～-32%｜中
DIOD,D:\drive\Investment\分析报告\公司情景投资决策\结果\DIOD_经营情景市场状态投资决策_2026-07-15.md,334,悲观 / 受损,2,震荡均值回归,强烈不建议投资,-79,-37,强烈不建议投资｜-79%～-37%｜中
DIOD,D:\drive\Investment\分析报告\公司情景投资决策\结果\DIOD_经营情景市场状态投资决策_2026-07-15.md,334,悲观 / 受损,3,有序风险收缩,强烈不建议投资,-83,-47,强烈不建议投资｜-83%～-47%｜低
DIOD,D:\drive\Investment\分析报告\公司情景投资决策\结果\DIOD_经营情景市场状态投资决策_2026-07-15.md,334,悲观 / 受损,4,流动性信用压力,强烈不建议投资,-88,-63,强烈不建议投资｜-88%～-63%｜低
DIOD,D:\drive\Investment\分析报告\公司情景投资决策\结果\DIOD_经营情景市场状态投资决策_2026-07-15.md,335,基准 / 正常兑现,0,宽基风险扩张,中性 / 等待,-27,+40,中性 / 等待｜-27%～+40%｜中
DIOD,D:\drive\Investment\分析报告\公司情景投资决策\结果\DIOD_经营情景市场状态投资决策_2026-07-15.md,335,基准 / 正常兑现,1,窄幅主题主导上涨,中性 / 等待,-30,+36,中性 / 等待｜-30%～+36%｜中
DIOD,D:\drive\Investment\分析报告\公司情景投资决策\结果\DIOD_经营情景市场状态投资决策_2026-07-15.md,335,基准 / 正常兑现,2,震荡均值回归,不建议投资,-39,+19,不建议投资｜-39%～+19%｜中
DIOD,D:\drive\Investment\分析报告\公司情景投资决策\结果\DIOD_经营情景市场状态投资决策_2026-07-15.md,335,基准 / 正常兑现,3,有序风险收缩,强烈不建议投资,-50,-2,强烈不建议投资｜-50%～-2%｜低
DIOD,D:\drive\Investment\分析报告\公司情景投资决策\结果\DIOD_经营情景市场状态投资决策_2026-07-15.md,335,基准 / 正常兑现,4,流动性信用压力,强烈不建议投资,-65,-27,强烈不建议投资｜-65%～-27%｜低
DIOD,D:\drive\Investment\分析报告\公司情景投资决策\结果\DIOD_经营情景市场状态投资决策_2026-07-15.md,336,乐观 / 超预期,0,宽基风险扩张,建议投资,+17,+122,建议投资｜+17%～+122%｜低
DIOD,D:\drive\Investment\分析报告\公司情景投资决策\结果\DIOD_经营情景市场状态投资决策_2026-07-15.md,336,乐观 / 超预期,1,窄幅主题主导上涨,建议投资,+11,+128,建议投资｜+11%～+128%｜低
DIOD,D:\drive\Investment\分析报告\公司情景投资决策\结果\DIOD_经营情景市场状态投资决策_2026-07-15.md,336,乐观 / 超预期,2,震荡均值回归,谨慎建议投资,-3,+92,谨慎建议投资｜-3%～+92%｜低
DIOD,D:\drive\Investment\分析报告\公司情景投资决策\结果\DIOD_经营情景市场状态投资决策_2026-07-15.md,336,乐观 / 超预期,3,有序风险收缩,谨慎建议投资,-20,+63,谨慎建议投资｜-20%～+63%｜低
DIOD,D:\drive\Investment\分析报告\公司情景投资决策\结果\DIOD_经营情景市场状态投资决策_2026-07-15.md,336,乐观 / 超预期,4,流动性信用压力,不建议投资,-43,+22,不建议投资｜-43%～+22%｜低
DIOD,D:\drive\Investment\分析报告\公司情景投资决策\结果\DIOD_经营情景市场状态投资决策_2026-07-15.md,337,突破 / 非线性,0,宽基风险扩张,强烈建议投资,+86,+250,强烈建议投资｜+86%～+250%｜低
DIOD,D:\drive\Investment\分析报告\公司情景投资决策\结果\DIOD_经营情景市场状态投资决策_2026-07-15.md,337,突破 / 非线性,1,窄幅主题主导上涨,强烈建议投资,+76,+266,强烈建议投资｜+76%～+266%｜低
DIOD,D:\drive\Investment\分析报告\公司情景投资决策\结果\DIOD_经营情景市场状态投资决策_2026-07-15.md,337,突破 / 非线性,2,震荡均值回归,强烈建议投资,+55,+199,强烈建议投资｜+55%～+199%｜低
DIOD,D:\drive\Investment\分析报告\公司情景投资决策\结果\DIOD_经营情景市场状态投资决策_2026-07-15.md,337,突破 / 非线性,3,有序风险收缩,建议投资,+27,+157,建议投资｜+27%～+157%｜低
DIOD,D:\drive\Investment\分析报告\公司情景投资决策\结果\DIOD_经营情景市场状态投资决策_2026-07-15.md,337,突破 / 非线性,4,流动性信用压力,谨慎建议投资,-11,+89,谨慎建议投资｜-11%～+89%｜低
DKILY,D:\drive\Investment\分析报告\公司情景投资决策\结果\DKILY_经营情景市场状态投资决策_2026-07-15.md,343,悲观 / 受损,0,宽基风险扩张,强烈不建议投资,-71,-24,强烈不建议投资｜-71%～-24%｜低
DKILY,D:\drive\Investment\分析报告\公司情景投资决策\结果\DKILY_经营情景市场状态投资决策_2026-07-15.md,343,悲观 / 受损,1,窄幅主题主导上涨,强烈不建议投资,-72,-27,强烈不建议投资｜-72%～-27%｜低
DKILY,D:\drive\Investment\分析报告\公司情景投资决策\结果\DKILY_经营情景市场状态投资决策_2026-07-15.md,343,悲观 / 受损,2,震荡均值回归,强烈不建议投资,-78,-34,强烈不建议投资｜-78%～-34%｜低
DKILY,D:\drive\Investment\分析报告\公司情景投资决策\结果\DKILY_经营情景市场状态投资决策_2026-07-15.md,343,悲观 / 受损,3,有序风险收缩,强烈不建议投资,-84,-41,强烈不建议投资｜-84%～-41%｜低
DKILY,D:\drive\Investment\分析报告\公司情景投资决策\结果\DKILY_经营情景市场状态投资决策_2026-07-15.md,343,悲观 / 受损,4,流动性信用压力,强烈不建议投资,-90,-52,强烈不建议投资｜-90%～-52%｜低
DKILY,D:\drive\Investment\分析报告\公司情景投资决策\结果\DKILY_经营情景市场状态投资决策_2026-07-15.md,344,基准 / 正常兑现,0,宽基风险扩张,中性 / 等待,-17,+20,中性 / 等待｜-17%～+20%｜中
DKILY,D:\drive\Investment\分析报告\公司情景投资决策\结果\DKILY_经营情景市场状态投资决策_2026-07-15.md,344,基准 / 正常兑现,1,窄幅主题主导上涨,中性 / 等待,-20,+15,中性 / 等待｜-20%～+15%｜中
DKILY,D:\drive\Investment\分析报告\公司情景投资决策\结果\DKILY_经营情景市场状态投资决策_2026-07-15.md,344,基准 / 正常兑现,2,震荡均值回归,不建议投资,-35,+5,不建议投资｜-35%～+5%｜低
DKILY,D:\drive\Investment\分析报告\公司情景投资决策\结果\DKILY_经营情景市场状态投资决策_2026-07-15.md,344,基准 / 正常兑现,3,有序风险收缩,强烈不建议投资,-47,-9,强烈不建议投资｜-47%～-9%｜低
DKILY,D:\drive\Investment\分析报告\公司情景投资决策\结果\DKILY_经营情景市场状态投资决策_2026-07-15.md,344,基准 / 正常兑现,4,流动性信用压力,强烈不建议投资,-61,-23,强烈不建议投资｜-61%～-23%｜低
DKILY,D:\drive\Investment\分析报告\公司情景投资决策\结果\DKILY_经营情景市场状态投资决策_2026-07-15.md,345,乐观 / 超预期,0,宽基风险扩张,强烈建议投资,+23,+73,强烈建议投资｜+23%～+73%｜中
DKILY,D:\drive\Investment\分析报告\公司情景投资决策\结果\DKILY_经营情景市场状态投资决策_2026-07-15.md,345,乐观 / 超预期,1,窄幅主题主导上涨,强烈建议投资,+23,+74,强烈建议投资｜+23%～+74%｜中
DKILY,D:\drive\Investment\分析报告\公司情景投资决策\结果\DKILY_经营情景市场状态投资决策_2026-07-15.md,345,乐观 / 超预期,2,震荡均值回归,谨慎建议投资,+8,+50,谨慎建议投资｜+8%～+50%｜中
DKILY,D:\drive\Investment\分析报告\公司情景投资决策\结果\DKILY_经营情景市场状态投资决策_2026-07-15.md,345,乐观 / 超预期,3,有序风险收缩,中性 / 等待,-13,+32,中性 / 等待｜-13%～+32%｜低
DKILY,D:\drive\Investment\分析报告\公司情景投资决策\结果\DKILY_经营情景市场状态投资决策_2026-07-15.md,345,乐观 / 超预期,4,流动性信用压力,不建议投资,-34,+8,不建议投资｜-34%～+8%｜低
DKILY,D:\drive\Investment\分析报告\公司情景投资决策\结果\DKILY_经营情景市场状态投资决策_2026-07-15.md,346,突破 / 非线性,0,宽基风险扩张,强烈建议投资,+68,+197,强烈建议投资｜+68%～+197%｜低
DKILY,D:\drive\Investment\分析报告\公司情景投资决策\结果\DKILY_经营情景市场状态投资决策_2026-07-15.md,346,突破 / 非线性,1,窄幅主题主导上涨,强烈建议投资,+74,+180,强烈建议投资｜+74%～+180%｜低
DKILY,D:\drive\Investment\分析报告\公司情景投资决策\结果\DKILY_经营情景市场状态投资决策_2026-07-15.md,346,突破 / 非线性,2,震荡均值回归,强烈建议投资,+50,+140,强烈建议投资｜+50%～+140%｜低
DKILY,D:\drive\Investment\分析报告\公司情景投资决策\结果\DKILY_经营情景市场状态投资决策_2026-07-15.md,346,突破 / 非线性,3,有序风险收缩,强烈建议投资,+25,+86,强烈建议投资｜+25%～+86%｜低
DKILY,D:\drive\Investment\分析报告\公司情景投资决策\结果\DKILY_经营情景市场状态投资决策_2026-07-15.md,346,突破 / 非线性,4,流动性信用压力,建议投资,0,+56,建议投资｜0%～+56%｜低
DLR,D:\drive\Investment\分析报告\公司情景投资决策\结果\DLR_经营情景市场状态投资决策_2026-07-15.md,415,悲观 / 受损,0,宽基风险扩张,不建议投资,-21,-2,不建议投资｜-21%～-2%｜中
DLR,D:\drive\Investment\分析报告\公司情景投资决策\结果\DLR_经营情景市场状态投资决策_2026-07-15.md,415,悲观 / 受损,1,窄幅主题主导上涨,不建议投资,-25,-6,不建议投资｜-25%～-6%｜中
DLR,D:\drive\Investment\分析报告\公司情景投资决策\结果\DLR_经营情景市场状态投资决策_2026-07-15.md,415,悲观 / 受损,2,震荡均值回归,强烈不建议投资,-31,-13,强烈不建议投资｜-31%～-13%｜中
DLR,D:\drive\Investment\分析报告\公司情景投资决策\结果\DLR_经营情景市场状态投资决策_2026-07-15.md,415,悲观 / 受损,3,有序风险收缩,强烈不建议投资,-41,-24,强烈不建议投资｜-41%～-24%｜低
DLR,D:\drive\Investment\分析报告\公司情景投资决策\结果\DLR_经营情景市场状态投资决策_2026-07-15.md,415,悲观 / 受损,4,流动性信用压力,强烈不建议投资,-54,-35,强烈不建议投资｜-54%～-35%｜低
DLR,D:\drive\Investment\分析报告\公司情景投资决策\结果\DLR_经营情景市场状态投资决策_2026-07-15.md,416,基准 / 正常兑现,0,宽基风险扩张,建议投资,+3,+24,建议投资｜+3%～+24%｜中
DLR,D:\drive\Investment\分析报告\公司情景投资决策\结果\DLR_经营情景市场状态投资决策_2026-07-15.md,416,基准 / 正常兑现,1,窄幅主题主导上涨,谨慎建议投资,-2,+19,谨慎建议投资｜-2%～+19%｜中
DLR,D:\drive\Investment\分析报告\公司情景投资决策\结果\DLR_经营情景市场状态投资决策_2026-07-15.md,416,基准 / 正常兑现,2,震荡均值回归,中性 / 等待,-9,+11,中性 / 等待｜-9%～+11%｜中
DLR,D:\drive\Investment\分析报告\公司情景投资决策\结果\DLR_经营情景市场状态投资决策_2026-07-15.md,416,基准 / 正常兑现,3,有序风险收缩,不建议投资,-21,-1,不建议投资｜-21%～-1%｜低
DLR,D:\drive\Investment\分析报告\公司情景投资决策\结果\DLR_经营情景市场状态投资决策_2026-07-15.md,416,基准 / 正常兑现,4,流动性信用压力,强烈不建议投资,-37,-16,强烈不建议投资｜-37%～-16%｜低
DLR,D:\drive\Investment\分析报告\公司情景投资决策\结果\DLR_经营情景市场状态投资决策_2026-07-15.md,417,乐观 / 超预期,0,宽基风险扩张,强烈建议投资,+19,+45,强烈建议投资｜+19%～+45%｜中
DLR,D:\drive\Investment\分析报告\公司情景投资决策\结果\DLR_经营情景市场状态投资决策_2026-07-15.md,417,乐观 / 超预期,1,窄幅主题主导上涨,建议投资,+14,+40,建议投资｜+14%～+40%｜中
DLR,D:\drive\Investment\分析报告\公司情景投资决策\结果\DLR_经营情景市场状态投资决策_2026-07-15.md,417,乐观 / 超预期,2,震荡均值回归,建议投资,+6,+31,建议投资｜+6%～+31%｜低
DLR,D:\drive\Investment\分析报告\公司情景投资决策\结果\DLR_经营情景市场状态投资决策_2026-07-15.md,417,乐观 / 超预期,3,有序风险收缩,谨慎建议投资,-7,+20,谨慎建议投资｜-7%～+20%｜低
DLR,D:\drive\Investment\分析报告\公司情景投资决策\结果\DLR_经营情景市场状态投资决策_2026-07-15.md,417,乐观 / 超预期,4,流动性信用压力,不建议投资,-26,+3,不建议投资｜-26%～+3%｜低
DLR,D:\drive\Investment\分析报告\公司情景投资决策\结果\DLR_经营情景市场状态投资决策_2026-07-15.md,418,突破 / 非线性,0,宽基风险扩张,强烈建议投资,+41,+81,强烈建议投资｜+41%～+81%｜低
DLR,D:\drive\Investment\分析报告\公司情景投资决策\结果\DLR_经营情景市场状态投资决策_2026-07-15.md,418,突破 / 非线性,1,窄幅主题主导上涨,强烈建议投资,+35,+75,强烈建议投资｜+35%～+75%｜低
DLR,D:\drive\Investment\分析报告\公司情景投资决策\结果\DLR_经营情景市场状态投资决策_2026-07-15.md,418,突破 / 非线性,2,震荡均值回归,强烈建议投资,+26,+62,强烈建议投资｜+26%～+62%｜低
DLR,D:\drive\Investment\分析报告\公司情景投资决策\结果\DLR_经营情景市场状态投资决策_2026-07-15.md,418,突破 / 非线性,3,有序风险收缩,建议投资,+8,+45,建议投资｜+8%～+45%｜低
DLR,D:\drive\Investment\分析报告\公司情景投资决策\结果\DLR_经营情景市场状态投资决策_2026-07-15.md,418,突破 / 非线性,4,流动性信用压力,谨慎建议投资,-10,+25,谨慎建议投资｜-10%～+25%｜低
DOV,D:\drive\Investment\分析报告\公司情景投资决策\结果\DOV_经营情景市场状态投资决策_2026-07-15.md,356,悲观 / 受损,0,宽基风险扩张,强烈不建议投资,-49,-29,强烈不建议投资｜-49%～-29%｜中
DOV,D:\drive\Investment\分析报告\公司情景投资决策\结果\DOV_经营情景市场状态投资决策_2026-07-15.md,356,悲观 / 受损,1,窄幅主题主导上涨,强烈不建议投资,-54,-35,强烈不建议投资｜-54%～-35%｜中
DOV,D:\drive\Investment\分析报告\公司情景投资决策\结果\DOV_经营情景市场状态投资决策_2026-07-15.md,356,悲观 / 受损,2,震荡均值回归,强烈不建议投资,-57,-38,强烈不建议投资｜-57%～-38%｜中
DOV,D:\drive\Investment\分析报告\公司情景投资决策\结果\DOV_经营情景市场状态投资决策_2026-07-15.md,356,悲观 / 受损,3,有序风险收缩,强烈不建议投资,-65,-47,强烈不建议投资｜-65%～-47%｜中
DOV,D:\drive\Investment\分析报告\公司情景投资决策\结果\DOV_经营情景市场状态投资决策_2026-07-15.md,356,悲观 / 受损,4,流动性信用压力,强烈不建议投资,-77,-56,强烈不建议投资｜-77%～-56%｜低
DOV,D:\drive\Investment\分析报告\公司情景投资决策\结果\DOV_经营情景市场状态投资决策_2026-07-15.md,357,基准 / 正常兑现,0,宽基风险扩张,中性 / 等待,-10,+14,中性 / 等待｜-10%～+14%｜中
DOV,D:\drive\Investment\分析报告\公司情景投资决策\结果\DOV_经营情景市场状态投资决策_2026-07-15.md,357,基准 / 正常兑现,1,窄幅主题主导上涨,中性 / 等待,-14,+10,中性 / 等待｜-14%～+10%｜中
DOV,D:\drive\Investment\分析报告\公司情景投资决策\结果\DOV_经营情景市场状态投资决策_2026-07-15.md,357,基准 / 正常兑现,2,震荡均值回归,不建议投资,-20,+3,不建议投资｜-20%～+3%｜中
DOV,D:\drive\Investment\分析报告\公司情景投资决策\结果\DOV_经营情景市场状态投资决策_2026-07-15.md,357,基准 / 正常兑现,3,有序风险收缩,强烈不建议投资,-34,-12,强烈不建议投资｜-34%～-12%｜中
DOV,D:\drive\Investment\分析报告\公司情景投资决策\结果\DOV_经营情景市场状态投资决策_2026-07-15.md,357,基准 / 正常兑现,4,流动性信用压力,强烈不建议投资,-51,-26,强烈不建议投资｜-51%～-26%｜低
DOV,D:\drive\Investment\分析报告\公司情景投资决策\结果\DOV_经营情景市场状态投资决策_2026-07-15.md,358,乐观 / 超预期,0,宽基风险扩张,建议投资,+15,+43,建议投资｜+15%～+43%｜中
DOV,D:\drive\Investment\分析报告\公司情景投资决策\结果\DOV_经营情景市场状态投资决策_2026-07-15.md,358,乐观 / 超预期,1,窄幅主题主导上涨,强烈建议投资,+22,+59,强烈建议投资｜+22%～+59%｜中
DOV,D:\drive\Investment\分析报告\公司情景投资决策\结果\DOV_经营情景市场状态投资决策_2026-07-15.md,358,乐观 / 超预期,2,震荡均值回归,谨慎建议投资,+4,+31,谨慎建议投资｜+4%～+31%｜中
DOV,D:\drive\Investment\分析报告\公司情景投资决策\结果\DOV_经营情景市场状态投资决策_2026-07-15.md,358,乐观 / 超预期,3,有序风险收缩,不建议投资,-15,+11,不建议投资｜-15%～+11%｜低
DOV,D:\drive\Investment\分析报告\公司情景投资决策\结果\DOV_经营情景市场状态投资决策_2026-07-15.md,358,乐观 / 超预期,4,流动性信用压力,强烈不建议投资,-37,-9,强烈不建议投资｜-37%～-9%｜低
DOV,D:\drive\Investment\分析报告\公司情景投资决策\结果\DOV_经营情景市场状态投资决策_2026-07-15.md,359,突破 / 非线性,0,宽基风险扩张,强烈建议投资,+56,+104,强烈建议投资｜+56%～+104%｜低
DOV,D:\drive\Investment\分析报告\公司情景投资决策\结果\DOV_经营情景市场状态投资决策_2026-07-15.md,359,突破 / 非线性,1,窄幅主题主导上涨,强烈建议投资,+73,+131,强烈建议投资｜+73%～+131%｜低
DOV,D:\drive\Investment\分析报告\公司情景投资决策\结果\DOV_经营情景市场状态投资决策_2026-07-15.md,359,突破 / 非线性,2,震荡均值回归,强烈建议投资,+39,+85,强烈建议投资｜+39%～+85%｜低
DOV,D:\drive\Investment\分析报告\公司情景投资决策\结果\DOV_经营情景市场状态投资决策_2026-07-15.md,359,突破 / 非线性,3,有序风险收缩,谨慎建议投资,+10,+53,谨慎建议投资｜+10%～+53%｜低
DOV,D:\drive\Investment\分析报告\公司情景投资决策\结果\DOV_经营情景市场状态投资决策_2026-07-15.md,359,突破 / 非线性,4,流动性信用压力,中性 / 等待,-19,+20,中性 / 等待｜-19%～+20%｜低
DSCSY,D:\drive\Investment\分析报告\公司情景投资决策\结果\DSCSY_经营情景市场状态投资决策_2026-07-15.md,65,悲观 / 受损,0,宽基风险扩张,强烈不建议投资,-72,-30,强烈不建议投资｜-72%～-30%｜中
DSCSY,D:\drive\Investment\分析报告\公司情景投资决策\结果\DSCSY_经营情景市场状态投资决策_2026-07-15.md,65,悲观 / 受损,1,窄幅主题主导上涨,强烈不建议投资,-75,-35,强烈不建议投资｜-75%～-35%｜中
DSCSY,D:\drive\Investment\分析报告\公司情景投资决策\结果\DSCSY_经营情景市场状态投资决策_2026-07-15.md,65,悲观 / 受损,2,震荡均值回归,强烈不建议投资,-78,-40,强烈不建议投资｜-78%～-40%｜中
DSCSY,D:\drive\Investment\分析报告\公司情景投资决策\结果\DSCSY_经营情景市场状态投资决策_2026-07-15.md,65,悲观 / 受损,3,有序风险收缩,强烈不建议投资,-83,-50,强烈不建议投资｜-83%～-50%｜中
DSCSY,D:\drive\Investment\分析报告\公司情景投资决策\结果\DSCSY_经营情景市场状态投资决策_2026-07-15.md,65,悲观 / 受损,4,流动性信用压力,强烈不建议投资,-87,-62,强烈不建议投资｜-87%～-62%｜低
DSCSY,D:\drive\Investment\分析报告\公司情景投资决策\结果\DSCSY_经营情景市场状态投资决策_2026-07-15.md,66,基准 / 正常兑现,0,宽基风险扩张,不建议投资,-46,+14,不建议投资｜-46%～+14%｜低
DSCSY,D:\drive\Investment\分析报告\公司情景投资决策\结果\DSCSY_经营情景市场状态投资决策_2026-07-15.md,66,基准 / 正常兑现,1,窄幅主题主导上涨,不建议投资,-52,+20,不建议投资｜-52%～+20%｜低
DSCSY,D:\drive\Investment\分析报告\公司情景投资决策\结果\DSCSY_经营情景市场状态投资决策_2026-07-15.md,66,基准 / 正常兑现,2,震荡均值回归,强烈不建议投资,-59,+1,强烈不建议投资｜-59%～+1%｜中
DSCSY,D:\drive\Investment\分析报告\公司情景投资决策\结果\DSCSY_经营情景市场状态投资决策_2026-07-15.md,66,基准 / 正常兑现,3,有序风险收缩,强烈不建议投资,-68,-15,强烈不建议投资｜-68%～-15%｜中
DSCSY,D:\drive\Investment\分析报告\公司情景投资决策\结果\DSCSY_经营情景市场状态投资决策_2026-07-15.md,66,基准 / 正常兑现,4,流动性信用压力,强烈不建议投资,-77,-31,强烈不建议投资｜-77%～-31%｜低
DSCSY,D:\drive\Investment\分析报告\公司情景投资决策\结果\DSCSY_经营情景市场状态投资决策_2026-07-15.md,67,乐观 / 超预期,0,宽基风险扩张,谨慎建议投资,-12,+67,谨慎建议投资｜-12%～+67%｜低
DSCSY,D:\drive\Investment\分析报告\公司情景投资决策\结果\DSCSY_经营情景市场状态投资决策_2026-07-15.md,67,乐观 / 超预期,1,窄幅主题主导上涨,谨慎建议投资,-23,+75,谨慎建议投资｜-23%～+75%｜低
DSCSY,D:\drive\Investment\分析报告\公司情景投资决策\结果\DSCSY_经营情景市场状态投资决策_2026-07-15.md,67,乐观 / 超预期,2,震荡均值回归,中性 / 等待,-35,+47,中性 / 等待｜-35%～+47%｜低
DSCSY,D:\drive\Investment\分析报告\公司情景投资决策\结果\DSCSY_经营情景市场状态投资决策_2026-07-15.md,67,乐观 / 超预期,3,有序风险收缩,不建议投资,-50,+27,不建议投资｜-50%～+27%｜低
DSCSY,D:\drive\Investment\分析报告\公司情景投资决策\结果\DSCSY_经营情景市场状态投资决策_2026-07-15.md,67,乐观 / 超预期,4,流动性信用压力,强烈不建议投资,-65,+3,强烈不建议投资｜-65%～+3%｜低
DSCSY,D:\drive\Investment\分析报告\公司情景投资决策\结果\DSCSY_经营情景市场状态投资决策_2026-07-15.md,68,突破 / 非线性,0,宽基风险扩张,强烈建议投资,+44,+168,强烈建议投资｜+44%～+168%｜低
DSCSY,D:\drive\Investment\分析报告\公司情景投资决策\结果\DSCSY_经营情景市场状态投资决策_2026-07-15.md,68,突破 / 非线性,1,窄幅主题主导上涨,强烈建议投资,+26,+166,强烈建议投资｜+26%～+166%｜低
DSCSY,D:\drive\Investment\分析报告\公司情景投资决策\结果\DSCSY_经营情景市场状态投资决策_2026-07-15.md,68,突破 / 非线性,2,震荡均值回归,建议投资,+7,+105,建议投资｜+7%～+105%｜低
DSCSY,D:\drive\Investment\分析报告\公司情景投资决策\结果\DSCSY_经营情景市场状态投资决策_2026-07-15.md,68,突破 / 非线性,3,有序风险收缩,谨慎建议投资,-20,+78,谨慎建议投资｜-20%～+78%｜低
DSCSY,D:\drive\Investment\分析报告\公司情景投资决策\结果\DSCSY_经营情景市场状态投资决策_2026-07-15.md,68,突破 / 非线性,4,流动性信用压力,中性 / 等待,-45,+48,中性 / 等待｜-45%～+48%｜低
DTE,D:\drive\Investment\分析报告\公司情景投资决策\结果\DTE_经营情景市场状态投资决策_2026-07-15.md,76,悲观 / 受损,0,宽基风险扩张,不建议投资,-24.1,-7.5,不建议投资｜-24.1%～-7.5%｜中
DTE,D:\drive\Investment\分析报告\公司情景投资决策\结果\DTE_经营情景市场状态投资决策_2026-07-15.md,76,悲观 / 受损,1,窄幅主题主导上涨,不建议投资,-28.8,-12.6,不建议投资｜-28.8%～-12.6%｜中
DTE,D:\drive\Investment\分析报告\公司情景投资决策\结果\DTE_经营情景市场状态投资决策_2026-07-15.md,76,悲观 / 受损,2,震荡均值回归,不建议投资,-28.8,-12.6,不建议投资｜-28.8%～-12.6%｜中
DTE,D:\drive\Investment\分析报告\公司情景投资决策\结果\DTE_经营情景市场状态投资决策_2026-07-15.md,76,悲观 / 受损,3,有序风险收缩,强烈不建议投资,-35.9,-20.2,强烈不建议投资｜-35.9%～-20.2%｜低
DTE,D:\drive\Investment\分析报告\公司情景投资决策\结果\DTE_经营情景市场状态投资决策_2026-07-15.md,76,悲观 / 受损,4,流动性信用压力,强烈不建议投资,-47.6,-30.4,强烈不建议投资｜-47.6%～-30.4%｜低
DTE,D:\drive\Investment\分析报告\公司情景投资决策\结果\DTE_经营情景市场状态投资决策_2026-07-15.md,77,基准 / 正常兑现,0,宽基风险扩张,谨慎建议投资,+4.4,+22.8,谨慎建议投资｜+4.4%～+22.8%｜中
DTE,D:\drive\Investment\分析报告\公司情景投资决策\结果\DTE_经营情景市场状态投资决策_2026-07-15.md,77,基准 / 正常兑现,1,窄幅主题主导上涨,中性 / 等待,-1.4,+16.7,中性 / 等待｜-1.4%～+16.7%｜中
DTE,D:\drive\Investment\分析报告\公司情景投资决策\结果\DTE_经营情景市场状态投资决策_2026-07-15.md,77,基准 / 正常兑现,2,震荡均值回归,中性 / 等待,-4.3,+13.6,中性 / 等待｜-4.3%～+13.6%｜中
DTE,D:\drive\Investment\分析报告\公司情景投资决策\结果\DTE_经营情景市场状态投资决策_2026-07-15.md,77,基准 / 正常兑现,3,有序风险收缩,不建议投资,-12.9,+4.4,不建议投资｜-12.9%～+4.4%｜低
DTE,D:\drive\Investment\分析报告\公司情景投资决策\结果\DTE_经营情景市场状态投资决策_2026-07-15.md,77,基准 / 正常兑现,4,流动性信用压力,强烈不建议投资,-30.3,-10.9,强烈不建议投资｜-30.3%～-10.9%｜低
DTE,D:\drive\Investment\分析报告\公司情景投资决策\结果\DTE_经营情景市场状态投资决策_2026-07-15.md,78,乐观 / 超预期,0,宽基风险扩张,建议投资,+19.1,+41.6,建议投资｜+19.1%～+41.6%｜中
DTE,D:\drive\Investment\分析报告\公司情景投资决策\结果\DTE_经营情景市场状态投资决策_2026-07-15.md,78,乐观 / 超预期,1,窄幅主题主导上涨,建议投资,+22.3,+44.9,建议投资｜+22.3%～+44.9%｜中
DTE,D:\drive\Investment\分析报告\公司情景投资决策\结果\DTE_经营情景市场状态投资决策_2026-07-15.md,78,乐观 / 超预期,2,震荡均值回归,建议投资,+9.7,+31.5,建议投资｜+9.7%～+31.5%｜中
DTE,D:\drive\Investment\分析报告\公司情景投资决策\结果\DTE_经营情景市场状态投资决策_2026-07-15.md,78,乐观 / 超预期,3,有序风险收缩,谨慎建议投资,+0.3,+21.4,谨慎建议投资｜+0.3%～+21.4%｜低
DTE,D:\drive\Investment\分析报告\公司情景投资决策\结果\DTE_经营情景市场状态投资决策_2026-07-15.md,78,乐观 / 超预期,4,流动性信用压力,不建议投资,-18.4,+4.5,不建议投资｜-18.4%～+4.5%｜低
DTE,D:\drive\Investment\分析报告\公司情景投资决策\结果\DTE_经营情景市场状态投资决策_2026-07-15.md,79,突破 / 非线性,0,宽基风险扩张,强烈建议投资,+40.9,+71.3,强烈建议投资｜+40.9%～+71.3%｜低
DTE,D:\drive\Investment\分析报告\公司情景投资决策\结果\DTE_经营情景市场状态投资决策_2026-07-15.md,79,突破 / 非线性,1,窄幅主题主导上涨,强烈建议投资,+47.7,+78.9,强烈建议投资｜+47.7%～+78.9%｜低
DTE,D:\drive\Investment\分析报告\公司情景投资决策\结果\DTE_经营情景市场状态投资决策_2026-07-15.md,79,突破 / 非线性,2,震荡均值回归,强烈建议投资,+30.6,+59.9,强烈建议投资｜+30.6%～+59.9%｜低
DTE,D:\drive\Investment\分析报告\公司情景投资决策\结果\DTE_经营情景市场状态投资决策_2026-07-15.md,79,突破 / 非线性,3,有序风险收缩,建议投资,+16.8,+44.6,建议投资｜+16.8%～+44.6%｜低
DTE,D:\drive\Investment\分析报告\公司情景投资决策\结果\DTE_经营情景市场状态投资决策_2026-07-15.md,79,突破 / 非线性,4,流动性信用压力,谨慎建议投资,-3.8,+25.6,谨慎建议投资｜-3.8%～+25.6%｜低
ECL,D:\drive\Investment\分析报告\公司情景投资决策\结果\ECL_经营情景市场状态投资决策_2026-07-15.md,326,悲观 / 受损,0,宽基风险扩张,强烈不建议投资,-30,-11,强烈不建议投资｜-30%～-11%｜中
ECL,D:\drive\Investment\分析报告\公司情景投资决策\结果\ECL_经营情景市场状态投资决策_2026-07-15.md,326,悲观 / 受损,1,窄幅主题主导上涨,强烈不建议投资,-32,-15,强烈不建议投资｜-32%～-15%｜中
ECL,D:\drive\Investment\分析报告\公司情景投资决策\结果\ECL_经营情景市场状态投资决策_2026-07-15.md,326,悲观 / 受损,2,震荡均值回归,强烈不建议投资,-39,-23,强烈不建议投资｜-39%～-23%｜中
ECL,D:\drive\Investment\分析报告\公司情景投资决策\结果\ECL_经营情景市场状态投资决策_2026-07-15.md,326,悲观 / 受损,3,有序风险收缩,强烈不建议投资,-50,-34,强烈不建议投资｜-50%～-34%｜中
ECL,D:\drive\Investment\分析报告\公司情景投资决策\结果\ECL_经营情景市场状态投资决策_2026-07-15.md,326,悲观 / 受损,4,流动性信用压力,强烈不建议投资,-63,-45,强烈不建议投资｜-63%～-45%｜低
ECL,D:\drive\Investment\分析报告\公司情景投资决策\结果\ECL_经营情景市场状态投资决策_2026-07-15.md,327,基准 / 正常兑现,0,宽基风险扩张,谨慎建议投资,-2,+22,谨慎建议投资｜-2%～+22%｜中
ECL,D:\drive\Investment\分析报告\公司情景投资决策\结果\ECL_经营情景市场状态投资决策_2026-07-15.md,327,基准 / 正常兑现,1,窄幅主题主导上涨,谨慎建议投资,-6,+20,谨慎建议投资｜-6%～+20%｜中
ECL,D:\drive\Investment\分析报告\公司情景投资决策\结果\ECL_经营情景市场状态投资决策_2026-07-15.md,327,基准 / 正常兑现,2,震荡均值回归,中性 / 等待,-15,+11,中性 / 等待｜-15%～+11%｜中
ECL,D:\drive\Investment\分析报告\公司情景投资决策\结果\ECL_经营情景市场状态投资决策_2026-07-15.md,327,基准 / 正常兑现,3,有序风险收缩,不建议投资,-30,-8,不建议投资｜-30%～-8%｜中
ECL,D:\drive\Investment\分析报告\公司情景投资决策\结果\ECL_经营情景市场状态投资决策_2026-07-15.md,327,基准 / 正常兑现,4,流动性信用压力,强烈不建议投资,-45,-23,强烈不建议投资｜-45%～-23%｜低
ECL,D:\drive\Investment\分析报告\公司情景投资决策\结果\ECL_经营情景市场状态投资决策_2026-07-15.md,328,乐观 / 超预期,0,宽基风险扩张,强烈建议投资,+26,+64,强烈建议投资｜+26%～+64%｜中
ECL,D:\drive\Investment\分析报告\公司情景投资决策\结果\ECL_经营情景市场状态投资决策_2026-07-15.md,328,乐观 / 超预期,1,窄幅主题主导上涨,强烈建议投资,+29,+72,强烈建议投资｜+29%～+72%｜中
ECL,D:\drive\Investment\分析报告\公司情景投资决策\结果\ECL_经营情景市场状态投资决策_2026-07-15.md,328,乐观 / 超预期,2,震荡均值回归,建议投资,+11,+46,建议投资｜+11%～+46%｜中
ECL,D:\drive\Investment\分析报告\公司情景投资决策\结果\ECL_经营情景市场状态投资决策_2026-07-15.md,328,乐观 / 超预期,3,有序风险收缩,谨慎建议投资,-8,+24,谨慎建议投资｜-8%～+24%｜中
ECL,D:\drive\Investment\分析报告\公司情景投资决策\结果\ECL_经营情景市场状态投资决策_2026-07-15.md,328,乐观 / 超预期,4,流动性信用压力,不建议投资,-30,+2,不建议投资｜-30%～+2%｜低
ECL,D:\drive\Investment\分析报告\公司情景投资决策\结果\ECL_经营情景市场状态投资决策_2026-07-15.md,329,突破 / 非线性,0,宽基风险扩张,强烈建议投资,+66,+127,强烈建议投资｜+66%～+127%｜低
ECL,D:\drive\Investment\分析报告\公司情景投资决策\结果\ECL_经营情景市场状态投资决策_2026-07-15.md,329,突破 / 非线性,1,窄幅主题主导上涨,强烈建议投资,+77,+142,强烈建议投资｜+77%～+142%｜低
ECL,D:\drive\Investment\分析报告\公司情景投资决策\结果\ECL_经营情景市场状态投资决策_2026-07-15.md,329,突破 / 非线性,2,震荡均值回归,强烈建议投资,+42,+96,强烈建议投资｜+42%～+96%｜低
ECL,D:\drive\Investment\分析报告\公司情景投资决策\结果\ECL_经营情景市场状态投资决策_2026-07-15.md,329,突破 / 非线性,3,有序风险收缩,建议投资,+15,+61,建议投资｜+15%～+61%｜低
ECL,D:\drive\Investment\分析报告\公司情景投资决策\结果\ECL_经营情景市场状态投资决策_2026-07-15.md,329,突破 / 非线性,4,流动性信用压力,谨慎建议投资,-11,+29,谨慎建议投资｜-11%～+29%｜低
EME,D:\drive\Investment\分析报告\公司情景投资决策\结果\备份\EME_2026-08-19T12_34_41-07_00-adcdceb9eb\EME_经营情景市场状态投资决策_2026-07-15.md,391,悲观 / 受损,0,宽基风险扩张,强烈不建议投资,-63,-30,强烈不建议投资｜-63%～-30%｜低
EME,D:\drive\Investment\分析报告\公司情景投资决策\结果\备份\EME_2026-08-19T12_34_41-07_00-adcdceb9eb\EME_经营情景市场状态投资决策_2026-07-15.md,391,悲观 / 受损,1,窄幅主题主导上涨,强烈不建议投资,-65,-37,强烈不建议投资｜-65%～-37%｜低
EME,D:\drive\Investment\分析报告\公司情景投资决策\结果\备份\EME_2026-08-19T12_34_41-07_00-adcdceb9eb\EME_经营情景市场状态投资决策_2026-07-15.md,391,悲观 / 受损,2,震荡均值回归,强烈不建议投资,-70,-40,强烈不建议投资｜-70%～-40%｜低
EME,D:\drive\Investment\分析报告\公司情景投资决策\结果\备份\EME_2026-08-19T12_34_41-07_00-adcdceb9eb\EME_经营情景市场状态投资决策_2026-07-15.md,391,悲观 / 受损,3,有序风险收缩,强烈不建议投资,-74,-51,强烈不建议投资｜-74%～-51%｜低
EME,D:\drive\Investment\分析报告\公司情景投资决策\结果\备份\EME_2026-08-19T12_34_41-07_00-adcdceb9eb\EME_经营情景市场状态投资决策_2026-07-15.md,391,悲观 / 受损,4,流动性信用压力,强烈不建议投资,-79,-61,强烈不建议投资｜-79%～-61%｜低
EME,D:\drive\Investment\分析报告\公司情景投资决策\结果\备份\EME_2026-08-19T12_34_41-07_00-adcdceb9eb\EME_经营情景市场状态投资决策_2026-07-15.md,392,基准 / 正常兑现,0,宽基风险扩张,不建议投资,-37,+13,不建议投资｜-37%～+13%｜中
EME,D:\drive\Investment\分析报告\公司情景投资决策\结果\备份\EME_2026-08-19T12_34_41-07_00-adcdceb9eb\EME_经营情景市场状态投资决策_2026-07-15.md,392,基准 / 正常兑现,1,窄幅主题主导上涨,不建议投资,-41,+17,不建议投资｜-41%～+17%｜低
EME,D:\drive\Investment\分析报告\公司情景投资决策\结果\备份\EME_2026-08-19T12_34_41-07_00-adcdceb9eb\EME_经营情景市场状态投资决策_2026-07-15.md,392,基准 / 正常兑现,2,震荡均值回归,强烈不建议投资,-49,-2,强烈不建议投资｜-49%～-2%｜中
EME,D:\drive\Investment\分析报告\公司情景投资决策\结果\备份\EME_2026-08-19T12_34_41-07_00-adcdceb9eb\EME_经营情景市场状态投资决策_2026-07-15.md,392,基准 / 正常兑现,3,有序风险收缩,强烈不建议投资,-57,-16,强烈不建议投资｜-57%～-16%｜低
EME,D:\drive\Investment\分析报告\公司情景投资决策\结果\备份\EME_2026-08-19T12_34_41-07_00-adcdceb9eb\EME_经营情景市场状态投资决策_2026-07-15.md,392,基准 / 正常兑现,4,流动性信用压力,强烈不建议投资,-65,-34,强烈不建议投资｜-65%～-34%｜低
EME,D:\drive\Investment\分析报告\公司情景投资决策\结果\备份\EME_2026-08-19T12_34_41-07_00-adcdceb9eb\EME_经营情景市场状态投资决策_2026-07-15.md,393,乐观 / 超预期,0,宽基风险扩张,谨慎建议投资,-17,+49,谨慎建议投资｜-17%～+49%｜中
EME,D:\drive\Investment\分析报告\公司情景投资决策\结果\备份\EME_2026-08-19T12_34_41-07_00-adcdceb9eb\EME_经营情景市场状态投资决策_2026-07-15.md,393,乐观 / 超预期,1,窄幅主题主导上涨,谨慎建议投资,-22,+60,谨慎建议投资｜-22%～+60%｜低
EME,D:\drive\Investment\分析报告\公司情景投资决策\结果\备份\EME_2026-08-19T12_34_41-07_00-adcdceb9eb\EME_经营情景市场状态投资决策_2026-07-15.md,393,乐观 / 超预期,2,震荡均值回归,中性 / 等待,-33,+32,中性 / 等待｜-33%～+32%｜低
EME,D:\drive\Investment\分析报告\公司情景投资决策\结果\备份\EME_2026-08-19T12_34_41-07_00-adcdceb9eb\EME_经营情景市场状态投资决策_2026-07-15.md,393,乐观 / 超预期,3,有序风险收缩,不建议投资,-44,+15,不建议投资｜-44%～+15%｜低
EME,D:\drive\Investment\分析报告\公司情景投资决策\结果\备份\EME_2026-08-19T12_34_41-07_00-adcdceb9eb\EME_经营情景市场状态投资决策_2026-07-15.md,393,乐观 / 超预期,4,流动性信用压力,强烈不建议投资,-55,-8,强烈不建议投资｜-55%～-8%｜低
EME,D:\drive\Investment\分析报告\公司情景投资决策\结果\备份\EME_2026-08-19T12_34_41-07_00-adcdceb9eb\EME_经营情景市场状态投资决策_2026-07-15.md,394,突破 / 非线性,0,宽基风险扩张,建议投资,+17,+97,建议投资｜+17%～+97%｜低
EME,D:\drive\Investment\分析报告\公司情景投资决策\结果\备份\EME_2026-08-19T12_34_41-07_00-adcdceb9eb\EME_经营情景市场状态投资决策_2026-07-15.md,394,突破 / 非线性,1,窄幅主题主导上涨,建议投资,+9,+118,建议投资｜+9%～+118%｜低
EME,D:\drive\Investment\分析报告\公司情景投资决策\结果\备份\EME_2026-08-19T12_34_41-07_00-adcdceb9eb\EME_经营情景市场状态投资决策_2026-07-15.md,394,突破 / 非线性,2,震荡均值回归,谨慎建议投资,-6,+76,谨慎建议投资｜-6%～+76%｜低
EME,D:\drive\Investment\分析报告\公司情景投资决策\结果\备份\EME_2026-08-19T12_34_41-07_00-adcdceb9eb\EME_经营情景市场状态投资决策_2026-07-15.md,394,突破 / 非线性,3,有序风险收缩,中性 / 等待,-23,+55,中性 / 等待｜-23%～+55%｜低
EME,D:\drive\Investment\分析报告\公司情景投资决策\结果\备份\EME_2026-08-19T12_34_41-07_00-adcdceb9eb\EME_经营情景市场状态投资决策_2026-07-15.md,394,突破 / 非线性,4,流动性信用压力,不建议投资,-39,+27,不建议投资｜-39%～+27%｜低
ENPH,D:\drive\Investment\分析报告\公司情景投资决策\结果\ENPH_经营情景市场状态投资决策_2026-07-15.md,278,悲观 / 受损,0,宽基风险扩张,强烈不建议投资,-77,-58,强烈不建议投资｜-77%～-58%｜中
ENPH,D:\drive\Investment\分析报告\公司情景投资决策\结果\ENPH_经营情景市场状态投资决策_2026-07-15.md,278,悲观 / 受损,1,窄幅主题主导上涨,强烈不建议投资,-81,-62,强烈不建议投资｜-81%～-62%｜中
ENPH,D:\drive\Investment\分析报告\公司情景投资决策\结果\ENPH_经营情景市场状态投资决策_2026-07-15.md,278,悲观 / 受损,2,震荡均值回归,强烈不建议投资,-82,-66,强烈不建议投资｜-82%～-66%｜中
ENPH,D:\drive\Investment\分析报告\公司情景投资决策\结果\ENPH_经营情景市场状态投资决策_2026-07-15.md,278,悲观 / 受损,3,有序风险收缩,强烈不建议投资,-87,-72,强烈不建议投资｜-87%～-72%｜中
ENPH,D:\drive\Investment\分析报告\公司情景投资决策\结果\ENPH_经营情景市场状态投资决策_2026-07-15.md,278,悲观 / 受损,4,流动性信用压力,强烈不建议投资,-91,-80,强烈不建议投资｜-91%～-80%｜低
ENPH,D:\drive\Investment\分析报告\公司情景投资决策\结果\ENPH_经营情景市场状态投资决策_2026-07-15.md,279,基准 / 正常兑现,0,宽基风险扩张,不建议投资,-45,+17,不建议投资｜-45%～+17%｜中
ENPH,D:\drive\Investment\分析报告\公司情景投资决策\结果\ENPH_经营情景市场状态投资决策_2026-07-15.md,279,基准 / 正常兑现,1,窄幅主题主导上涨,强烈不建议投资,-53,-1,强烈不建议投资｜-53%～-1%｜中
ENPH,D:\drive\Investment\分析报告\公司情景投资决策\结果\ENPH_经营情景市场状态投资决策_2026-07-15.md,279,基准 / 正常兑现,2,震荡均值回归,强烈不建议投资,-56,-5,强烈不建议投资｜-56%～-5%｜中
ENPH,D:\drive\Investment\分析报告\公司情景投资决策\结果\ENPH_经营情景市场状态投资决策_2026-07-15.md,279,基准 / 正常兑现,3,有序风险收缩,强烈不建议投资,-67,-23,强烈不建议投资｜-67%～-23%｜中
ENPH,D:\drive\Investment\分析报告\公司情景投资决策\结果\ENPH_经营情景市场状态投资决策_2026-07-15.md,279,基准 / 正常兑现,4,流动性信用压力,强烈不建议投资,-75,-46,强烈不建议投资｜-75%～-46%｜低
ENPH,D:\drive\Investment\分析报告\公司情景投资决策\结果\ENPH_经营情景市场状态投资决策_2026-07-15.md,280,乐观 / 超预期,0,宽基风险扩张,建议投资,+19,+149,建议投资｜+19%～+149%｜中
ENPH,D:\drive\Investment\分析报告\公司情景投资决策\结果\ENPH_经营情景市场状态投资决策_2026-07-15.md,280,乐观 / 超预期,1,窄幅主题主导上涨,建议投资,+25,+167,建议投资｜+25%～+167%｜中
ENPH,D:\drive\Investment\分析报告\公司情景投资决策\结果\ENPH_经营情景市场状态投资决策_2026-07-15.md,280,乐观 / 超预期,2,震荡均值回归,谨慎建议投资,+3,+112,谨慎建议投资｜+3%～+112%｜中
ENPH,D:\drive\Investment\分析报告\公司情景投资决策\结果\ENPH_经营情景市场状态投资决策_2026-07-15.md,280,乐观 / 超预期,3,有序风险收缩,谨慎建议投资,-20,+76,谨慎建议投资｜-20%～+76%｜低
ENPH,D:\drive\Investment\分析报告\公司情景投资决策\结果\ENPH_经营情景市场状态投资决策_2026-07-15.md,280,乐观 / 超预期,4,流动性信用压力,不建议投资,-42,+31,不建议投资｜-42%～+31%｜低
ENPH,D:\drive\Investment\分析报告\公司情景投资决策\结果\ENPH_经营情景市场状态投资决策_2026-07-15.md,281,突破 / 非线性,0,宽基风险扩张,强烈建议投资,+120,+400,强烈建议投资｜+120%～+400%｜低
ENPH,D:\drive\Investment\分析报告\公司情景投资决策\结果\ENPH_经营情景市场状态投资决策_2026-07-15.md,281,突破 / 非线性,1,窄幅主题主导上涨,强烈建议投资,+148,+448,强烈建议投资｜+148%～+448%｜低
ENPH,D:\drive\Investment\分析报告\公司情景投资决策\结果\ENPH_经营情景市场状态投资决策_2026-07-15.md,281,突破 / 非线性,2,震荡均值回归,强烈建议投资,+93,+337,强烈建议投资｜+93%～+337%｜低
ENPH,D:\drive\Investment\分析报告\公司情景投资决策\结果\ENPH_经营情景市场状态投资决策_2026-07-15.md,281,突破 / 非线性,3,有序风险收缩,强烈建议投资,+46,+243,强烈建议投资｜+46%～+243%｜低
ENPH,D:\drive\Investment\分析报告\公司情景投资决策\结果\ENPH_经营情景市场状态投资决策_2026-07-15.md,281,突破 / 非线性,4,流动性信用压力,谨慎建议投资,0,+149,谨慎建议投资｜0%～+149%｜低
ENS,D:\drive\Investment\分析报告\公司情景投资决策\结果\ENS_经营情景市场状态投资决策_2026-07-15.md,379,悲观 / 受损,0,宽基风险扩张,强烈不建议投资,-57,-36,强烈不建议投资｜-57%～-36%｜中
ENS,D:\drive\Investment\分析报告\公司情景投资决策\结果\ENS_经营情景市场状态投资决策_2026-07-15.md,379,悲观 / 受损,1,窄幅主题主导上涨,强烈不建议投资,-60,-39,强烈不建议投资｜-60%～-39%｜中
ENS,D:\drive\Investment\分析报告\公司情景投资决策\结果\ENS_经营情景市场状态投资决策_2026-07-15.md,379,悲观 / 受损,2,震荡均值回归,强烈不建议投资,-66,-44,强烈不建议投资｜-66%～-44%｜中
ENS,D:\drive\Investment\分析报告\公司情景投资决策\结果\ENS_经营情景市场状态投资决策_2026-07-15.md,379,悲观 / 受损,3,有序风险收缩,强烈不建议投资,-74,-53,强烈不建议投资｜-74%～-53%｜中
ENS,D:\drive\Investment\分析报告\公司情景投资决策\结果\ENS_经营情景市场状态投资决策_2026-07-15.md,379,悲观 / 受损,4,流动性信用压力,强烈不建议投资,-82,-64,强烈不建议投资｜-82%～-64%｜低
ENS,D:\drive\Investment\分析报告\公司情景投资决策\结果\ENS_经营情景市场状态投资决策_2026-07-15.md,380,基准 / 正常兑现,0,宽基风险扩张,不建议投资,-20,+7,不建议投资｜-20%～+7%｜中
ENS,D:\drive\Investment\分析报告\公司情景投资决策\结果\ENS_经营情景市场状态投资决策_2026-07-15.md,380,基准 / 正常兑现,1,窄幅主题主导上涨,不建议投资,-25,+3,不建议投资｜-25%～+3%｜中
ENS,D:\drive\Investment\分析报告\公司情景投资决策\结果\ENS_经营情景市场状态投资决策_2026-07-15.md,380,基准 / 正常兑现,2,震荡均值回归,不建议投资,-33,-5,不建议投资｜-33%～-5%｜中
ENS,D:\drive\Investment\分析报告\公司情景投资决策\结果\ENS_经营情景市场状态投资决策_2026-07-15.md,380,基准 / 正常兑现,3,有序风险收缩,强烈不建议投资,-42,-16,强烈不建议投资｜-42%～-16%｜中
ENS,D:\drive\Investment\分析报告\公司情景投资决策\结果\ENS_经营情景市场状态投资决策_2026-07-15.md,380,基准 / 正常兑现,4,流动性信用压力,强烈不建议投资,-56,-36,强烈不建议投资｜-56%～-36%｜低
ENS,D:\drive\Investment\分析报告\公司情景投资决策\结果\ENS_经营情景市场状态投资决策_2026-07-15.md,381,乐观 / 超预期,0,宽基风险扩张,谨慎建议投资,+2,+34,谨慎建议投资｜+2%～+34%｜中
ENS,D:\drive\Investment\分析报告\公司情景投资决策\结果\ENS_经营情景市场状态投资决策_2026-07-15.md,381,乐观 / 超预期,1,窄幅主题主导上涨,中性 / 等待,-3,+30,中性 / 等待｜-3%～+30%｜中
ENS,D:\drive\Investment\分析报告\公司情景投资决策\结果\ENS_经营情景市场状态投资决策_2026-07-15.md,381,乐观 / 超预期,2,震荡均值回归,中性 / 等待,-11,+21,中性 / 等待｜-11%～+21%｜中
ENS,D:\drive\Investment\分析报告\公司情景投资决策\结果\ENS_经营情景市场状态投资决策_2026-07-15.md,381,乐观 / 超预期,3,有序风险收缩,不建议投资,-24,+7,不建议投资｜-24%～+7%｜中
ENS,D:\drive\Investment\分析报告\公司情景投资决策\结果\ENS_经营情景市场状态投资决策_2026-07-15.md,381,乐观 / 超预期,4,流动性信用压力,强烈不建议投资,-42,-15,强烈不建议投资｜-42%～-15%｜低
ENS,D:\drive\Investment\分析报告\公司情景投资决策\结果\ENS_经营情景市场状态投资决策_2026-07-15.md,382,突破 / 非线性,0,宽基风险扩张,强烈建议投资,+26,+72,强烈建议投资｜+26%～+72%｜低
ENS,D:\drive\Investment\分析报告\公司情景投资决策\结果\ENS_经营情景市场状态投资决策_2026-07-15.md,382,突破 / 非线性,1,窄幅主题主导上涨,建议投资,+21,+67,建议投资｜+21%～+67%｜低
ENS,D:\drive\Investment\分析报告\公司情景投资决策\结果\ENS_经营情景市场状态投资决策_2026-07-15.md,382,突破 / 非线性,2,震荡均值回归,谨慎建议投资,+12,+57,谨慎建议投资｜+12%～+57%｜低
ENS,D:\drive\Investment\分析报告\公司情景投资决策\结果\ENS_经营情景市场状态投资决策_2026-07-15.md,382,突破 / 非线性,3,有序风险收缩,谨慎建议投资,-1,+42,谨慎建议投资｜-1%～+42%｜低
ENS,D:\drive\Investment\分析报告\公司情景投资决策\结果\ENS_经营情景市场状态投资决策_2026-07-15.md,382,突破 / 非线性,4,流动性信用压力,不建议投资,-20,+14,不建议投资｜-20%～+14%｜低
ENTG,D:\drive\Investment\分析报告\公司情景投资决策\结果\ENTG_经营情景市场状态投资决策_2026-07-15.md,322,悲观 / 受损,0,宽基风险扩张,强烈不建议投资,-58,-35,强烈不建议投资｜-58%～-35%｜中
ENTG,D:\drive\Investment\分析报告\公司情景投资决策\结果\ENTG_经营情景市场状态投资决策_2026-07-15.md,322,悲观 / 受损,1,窄幅主题主导上涨,强烈不建议投资,-62,-40,强烈不建议投资｜-62%～-40%｜中
ENTG,D:\drive\Investment\分析报告\公司情景投资决策\结果\ENTG_经营情景市场状态投资决策_2026-07-15.md,322,悲观 / 受损,2,震荡均值回归,强烈不建议投资,-69,-48,强烈不建议投资｜-69%～-48%｜中
ENTG,D:\drive\Investment\分析报告\公司情景投资决策\结果\ENTG_经营情景市场状态投资决策_2026-07-15.md,322,悲观 / 受损,3,有序风险收缩,强烈不建议投资,-76,-56,强烈不建议投资｜-76%～-56%｜中
ENTG,D:\drive\Investment\分析报告\公司情景投资决策\结果\ENTG_经营情景市场状态投资决策_2026-07-15.md,322,悲观 / 受损,4,流动性信用压力,强烈不建议投资,-87,-68,强烈不建议投资｜-87%～-68%｜低
ENTG,D:\drive\Investment\分析报告\公司情景投资决策\结果\ENTG_经营情景市场状态投资决策_2026-07-15.md,323,基准 / 正常兑现,0,宽基风险扩张,中性 / 等待,-11,+16,中性 / 等待｜-11%～+16%｜中
ENTG,D:\drive\Investment\分析报告\公司情景投资决策\结果\ENTG_经营情景市场状态投资决策_2026-07-15.md,323,基准 / 正常兑现,1,窄幅主题主导上涨,谨慎建议投资,-6,+22,谨慎建议投资｜-6%～+22%｜中
ENTG,D:\drive\Investment\分析报告\公司情景投资决策\结果\ENTG_经营情景市场状态投资决策_2026-07-15.md,323,基准 / 正常兑现,2,震荡均值回归,不建议投资,-27,0,不建议投资｜-27%～0%｜中
ENTG,D:\drive\Investment\分析报告\公司情景投资决策\结果\ENTG_经营情景市场状态投资决策_2026-07-15.md,323,基准 / 正常兑现,3,有序风险收缩,强烈不建议投资,-42,-17,强烈不建议投资｜-42%～-17%｜中
ENTG,D:\drive\Investment\分析报告\公司情景投资决策\结果\ENTG_经营情景市场状态投资决策_2026-07-15.md,323,基准 / 正常兑现,4,流动性信用压力,强烈不建议投资,-62,-39,强烈不建议投资｜-62%～-39%｜低
ENTG,D:\drive\Investment\分析报告\公司情景投资决策\结果\ENTG_经营情景市场状态投资决策_2026-07-15.md,324,乐观 / 超预期,0,宽基风险扩张,建议投资,+20,+57,建议投资｜+20%～+57%｜中
ENTG,D:\drive\Investment\分析报告\公司情景投资决策\结果\ENTG_经营情景市场状态投资决策_2026-07-15.md,324,乐观 / 超预期,1,窄幅主题主导上涨,强烈建议投资,+32,+77,强烈建议投资｜+32%～+77%｜中
ENTG,D:\drive\Investment\分析报告\公司情景投资决策\结果\ENTG_经营情景市场状态投资决策_2026-07-15.md,324,乐观 / 超预期,2,震荡均值回归,谨慎建议投资,+2,+44,谨慎建议投资｜+2%～+44%｜中
ENTG,D:\drive\Investment\分析报告\公司情景投资决策\结果\ENTG_经营情景市场状态投资决策_2026-07-15.md,324,乐观 / 超预期,3,有序风险收缩,中性 / 等待,-16,+24,中性 / 等待｜-16%～+24%｜中
ENTG,D:\drive\Investment\分析报告\公司情景投资决策\结果\ENTG_经营情景市场状态投资决策_2026-07-15.md,324,乐观 / 超预期,4,流动性信用压力,不建议投资,-40,-10,不建议投资｜-40%～-10%｜低
ENTG,D:\drive\Investment\分析报告\公司情景投资决策\结果\ENTG_经营情景市场状态投资决策_2026-07-15.md,325,突破 / 非线性,0,宽基风险扩张,强烈建议投资,+57,+117,强烈建议投资｜+57%～+117%｜低
ENTG,D:\drive\Investment\分析报告\公司情景投资决策\结果\ENTG_经营情景市场状态投资决策_2026-07-15.md,325,突破 / 非线性,1,窄幅主题主导上涨,强烈建议投资,+78,+150,强烈建议投资｜+78%～+150%｜低
ENTG,D:\drive\Investment\分析报告\公司情景投资决策\结果\ENTG_经营情景市场状态投资决策_2026-07-15.md,325,突破 / 非线性,2,震荡均值回归,强烈建议投资,+43,+101,强烈建议投资｜+43%～+101%｜低
ENTG,D:\drive\Investment\分析报告\公司情景投资决策\结果\ENTG_经营情景市场状态投资决策_2026-07-15.md,325,突破 / 非线性,3,有序风险收缩,建议投资,+15,+69,建议投资｜+15%～+69%｜低
ENTG,D:\drive\Investment\分析报告\公司情景投资决策\结果\ENTG_经营情景市场状态投资决策_2026-07-15.md,325,突破 / 非线性,4,流动性信用压力,谨慎建议投资,-13,+37,谨慎建议投资｜-13%～+37%｜低
EQIX,D:\drive\Investment\分析报告\公司情景投资决策\结果\EQIX_经营情景市场状态投资决策_2026-07-15.md,353,悲观 / 受损,0,宽基风险扩张,强烈不建议投资,-31,-18,强烈不建议投资｜-31%～-18%｜中
EQIX,D:\drive\Investment\分析报告\公司情景投资决策\结果\EQIX_经营情景市场状态投资决策_2026-07-15.md,353,悲观 / 受损,1,窄幅主题主导上涨,强烈不建议投资,-29,-16,强烈不建议投资｜-29%～-16%｜中
EQIX,D:\drive\Investment\分析报告\公司情景投资决策\结果\EQIX_经营情景市场状态投资决策_2026-07-15.md,353,悲观 / 受损,2,震荡均值回归,强烈不建议投资,-37,-24,强烈不建议投资｜-37%～-24%｜中
EQIX,D:\drive\Investment\分析报告\公司情景投资决策\结果\EQIX_经营情景市场状态投资决策_2026-07-15.md,353,悲观 / 受损,3,有序风险收缩,强烈不建议投资,-44,-32,强烈不建议投资｜-44%～-32%｜中
EQIX,D:\drive\Investment\分析报告\公司情景投资决策\结果\EQIX_经营情景市场状态投资决策_2026-07-15.md,353,悲观 / 受损,4,流动性信用压力,强烈不建议投资,-55,-42,强烈不建议投资｜-55%～-42%｜低
EQIX,D:\drive\Investment\分析报告\公司情景投资决策\结果\EQIX_经营情景市场状态投资决策_2026-07-15.md,354,基准 / 正常兑现,0,宽基风险扩张,中性 / 等待,-6,+10,中性 / 等待｜-6%～+10%｜中
EQIX,D:\drive\Investment\分析报告\公司情景投资决策\结果\EQIX_经营情景市场状态投资决策_2026-07-15.md,354,基准 / 正常兑现,1,窄幅主题主导上涨,中性 / 等待,-4,+12,中性 / 等待｜-4%～+12%｜中
EQIX,D:\drive\Investment\分析报告\公司情景投资决策\结果\EQIX_经营情景市场状态投资决策_2026-07-15.md,354,基准 / 正常兑现,2,震荡均值回归,不建议投资,-16,-1,不建议投资｜-16%～-1%｜中
EQIX,D:\drive\Investment\分析报告\公司情景投资决策\结果\EQIX_经营情景市场状态投资决策_2026-07-15.md,354,基准 / 正常兑现,3,有序风险收缩,强烈不建议投资,-27,-13,强烈不建议投资｜-27%～-13%｜中
EQIX,D:\drive\Investment\分析报告\公司情景投资决策\结果\EQIX_经营情景市场状态投资决策_2026-07-15.md,354,基准 / 正常兑现,4,流动性信用压力,强烈不建议投资,-41,-26,强烈不建议投资｜-41%～-26%｜低
EQIX,D:\drive\Investment\分析报告\公司情景投资决策\结果\EQIX_经营情景市场状态投资决策_2026-07-15.md,355,乐观 / 超预期,0,宽基风险扩张,建议投资,+11,+33,建议投资｜+11%～+33%｜中
EQIX,D:\drive\Investment\分析报告\公司情景投资决策\结果\EQIX_经营情景市场状态投资决策_2026-07-15.md,355,乐观 / 超预期,1,窄幅主题主导上涨,强烈建议投资,+15,+38,强烈建议投资｜+15%～+38%｜中
EQIX,D:\drive\Investment\分析报告\公司情景投资决策\结果\EQIX_经营情景市场状态投资决策_2026-07-15.md,355,乐观 / 超预期,2,震荡均值回归,谨慎建议投资,-1,+20,谨慎建议投资｜-1%～+20%｜中
EQIX,D:\drive\Investment\分析报告\公司情景投资决策\结果\EQIX_经营情景市场状态投资决策_2026-07-15.md,355,乐观 / 超预期,3,有序风险收缩,不建议投资,-12,+8,不建议投资｜-12%～+8%｜低
EQIX,D:\drive\Investment\分析报告\公司情景投资决策\结果\EQIX_经营情景市场状态投资决策_2026-07-15.md,355,乐观 / 超预期,4,流动性信用压力,强烈不建议投资,-30,-7,强烈不建议投资｜-30%～-7%｜低
EQIX,D:\drive\Investment\分析报告\公司情景投资决策\结果\EQIX_经营情景市场状态投资决策_2026-07-15.md,356,突破 / 非线性,0,宽基风险扩张,强烈建议投资,+33,+70,强烈建议投资｜+33%～+70%｜低
EQIX,D:\drive\Investment\分析报告\公司情景投资决策\结果\EQIX_经营情景市场状态投资决策_2026-07-15.md,356,突破 / 非线性,1,窄幅主题主导上涨,强烈建议投资,+38,+75,强烈建议投资｜+38%～+75%｜低
EQIX,D:\drive\Investment\分析报告\公司情景投资决策\结果\EQIX_经营情景市场状态投资决策_2026-07-15.md,356,突破 / 非线性,2,震荡均值回归,强烈建议投资,+18,+52,强烈建议投资｜+18%～+52%｜低
EQIX,D:\drive\Investment\分析报告\公司情景投资决策\结果\EQIX_经营情景市场状态投资决策_2026-07-15.md,356,突破 / 非线性,3,有序风险收缩,建议投资,+8,+41,建议投资｜+8%～+41%｜低
EQIX,D:\drive\Investment\分析报告\公司情景投资决策\结果\EQIX_经营情景市场状态投资决策_2026-07-15.md,356,突破 / 非线性,4,流动性信用压力,谨慎建议投资,-12,+21,谨慎建议投资｜-12%～+21%｜低
ET,D:\drive\Investment\分析报告\公司情景投资决策\结果\ET_经营情景市场状态投资决策_2026-07-15.md,416,悲观 / 受损,0,宽基风险扩张,不建议投资,-16.7,+3.9,不建议投资｜-16.7%～+3.9%｜中
ET,D:\drive\Investment\分析报告\公司情景投资决策\结果\ET_经营情景市场状态投资决策_2026-07-15.md,416,悲观 / 受损,1,窄幅主题主导上涨,不建议投资,-19.2,+1.4,不建议投资｜-19.2%～+1.4%｜中
ET,D:\drive\Investment\分析报告\公司情景投资决策\结果\ET_经营情景市场状态投资决策_2026-07-15.md,416,悲观 / 受损,2,震荡均值回归,不建议投资,-24.3,-3.7,不建议投资｜-24.3%～-3.7%｜中
ET,D:\drive\Investment\分析报告\公司情景投资决策\结果\ET_经营情景市场状态投资决策_2026-07-15.md,416,悲观 / 受损,3,有序风险收缩,强烈不建议投资,-34.3,-13.7,强烈不建议投资｜-34.3%～-13.7%｜中
ET,D:\drive\Investment\分析报告\公司情景投资决策\结果\ET_经营情景市场状态投资决策_2026-07-15.md,416,悲观 / 受损,4,流动性信用压力,强烈不建议投资,-49.4,-28.8,强烈不建议投资｜-49.4%～-28.8%｜低
ET,D:\drive\Investment\分析报告\公司情景投资决策\结果\ET_经营情景市场状态投资决策_2026-07-15.md,417,基准 / 正常兑现,0,宽基风险扩张,建议投资,+21.5,+44.6,建议投资｜+21.5%～+44.6%｜中
ET,D:\drive\Investment\分析报告\公司情景投资决策\结果\ET_经营情景市场状态投资决策_2026-07-15.md,417,基准 / 正常兑现,1,窄幅主题主导上涨,建议投资,+16.5,+39.5,建议投资｜+16.5%～+39.5%｜中
ET,D:\drive\Investment\分析报告\公司情景投资决策\结果\ET_经营情景市场状态投资决策_2026-07-15.md,417,基准 / 正常兑现,2,震荡均值回归,谨慎建议投资,+11.5,+32.0,谨慎建议投资｜+11.5%～+32.0%｜中
ET,D:\drive\Investment\分析报告\公司情景投资决策\结果\ET_经营情景市场状态投资决策_2026-07-15.md,417,基准 / 正常兑现,3,有序风险收缩,中性 / 等待,-1.1,+19.4,中性 / 等待｜-1.1%～+19.4%｜中
ET,D:\drive\Investment\分析报告\公司情景投资决策\结果\ET_经营情景市场状态投资决策_2026-07-15.md,417,基准 / 正常兑现,4,流动性信用压力,不建议投资,-18.6,+1.9,不建议投资｜-18.6%～+1.9%｜低
ET,D:\drive\Investment\分析报告\公司情景投资决策\结果\ET_经营情景市场状态投资决策_2026-07-15.md,418,乐观 / 超预期,0,宽基风险扩张,强烈建议投资,+44.3,+69.9,强烈建议投资｜+44.3%～+69.9%｜中
ET,D:\drive\Investment\分析报告\公司情景投资决策\结果\ET_经营情景市场状态投资决策_2026-07-15.md,418,乐观 / 超预期,1,窄幅主题主导上涨,强烈建议投资,+39.3,+64.9,强烈建议投资｜+39.3%～+64.9%｜中
ET,D:\drive\Investment\分析报告\公司情景投资决策\结果\ET_经营情景市场状态投资决策_2026-07-15.md,418,乐观 / 超预期,2,震荡均值回归,强烈建议投资,+31.7,+57.4,强烈建议投资｜+31.7%～+57.4%｜中
ET,D:\drive\Investment\分析报告\公司情景投资决策\结果\ET_经营情景市场状态投资决策_2026-07-15.md,418,乐观 / 超预期,3,有序风险收缩,建议投资,+16.7,+44.8,建议投资｜+16.7%～+44.8%｜中
ET,D:\drive\Investment\分析报告\公司情景投资决策\结果\ET_经营情景市场状态投资决策_2026-07-15.md,418,乐观 / 超预期,4,流动性信用压力,中性 / 等待,-3.4,+22.2,中性 / 等待｜-3.4%～+22.2%｜低
ET,D:\drive\Investment\分析报告\公司情景投资决策\结果\ET_经营情景市场状态投资决策_2026-07-15.md,419,突破 / 非线性,0,宽基风险扩张,强烈建议投资,+64.5,+110.4,强烈建议投资｜+64.5%～+110.4%｜低
ET,D:\drive\Investment\分析报告\公司情景投资决策\结果\ET_经营情景市场状态投资决策_2026-07-15.md,419,突破 / 非线性,1,窄幅主题主导上涨,强烈建议投资,+57.0,+102.9,强烈建议投资｜+57.0%～+102.9%｜低
ET,D:\drive\Investment\分析报告\公司情景投资决策\结果\ET_经营情景市场状态投资决策_2026-07-15.md,419,突破 / 非线性,2,震荡均值回归,强烈建议投资,+46.9,+87.8,强烈建议投资｜+46.9%～+87.8%｜低
ET,D:\drive\Investment\分析报告\公司情景投资决策\结果\ET_经营情景市场状态投资决策_2026-07-15.md,419,突破 / 非线性,3,有序风险收缩,建议投资,+31.8,+72.8,建议投资｜+31.8%～+72.8%｜低
ET,D:\drive\Investment\分析报告\公司情景投资决策\结果\ET_经营情景市场状态投资决策_2026-07-15.md,419,突破 / 非线性,4,流动性信用压力,谨慎建议投资,+6.7,+47.7,谨慎建议投资｜+6.7%～+47.7%｜低
ETN,D:\drive\Investment\分析报告\公司情景投资决策\结果\ETN_经营情景市场状态投资决策_2026-07-15.md,328,悲观 / 受损,0,宽基风险扩张,强烈不建议投资,-43,-27,强烈不建议投资｜-43%～-27%｜中
ETN,D:\drive\Investment\分析报告\公司情景投资决策\结果\ETN_经营情景市场状态投资决策_2026-07-15.md,328,悲观 / 受损,1,窄幅主题主导上涨,强烈不建议投资,-43,-24,强烈不建议投资｜-43%～-24%｜中
ETN,D:\drive\Investment\分析报告\公司情景投资决策\结果\ETN_经营情景市场状态投资决策_2026-07-15.md,328,悲观 / 受损,2,震荡均值回归,强烈不建议投资,-49,-33,强烈不建议投资｜-49%～-33%｜中
ETN,D:\drive\Investment\分析报告\公司情景投资决策\结果\ETN_经营情景市场状态投资决策_2026-07-15.md,328,悲观 / 受损,3,有序风险收缩,强烈不建议投资,-57,-43,强烈不建议投资｜-57%～-43%｜中
ETN,D:\drive\Investment\分析报告\公司情景投资决策\结果\ETN_经营情景市场状态投资决策_2026-07-15.md,328,悲观 / 受损,4,流动性信用压力,强烈不建议投资,-69,-55,强烈不建议投资｜-69%～-55%｜低
ETN,D:\drive\Investment\分析报告\公司情景投资决策\结果\ETN_经营情景市场状态投资决策_2026-07-15.md,329,基准 / 正常兑现,0,宽基风险扩张,中性 / 等待,-11,+15,中性 / 等待｜-11%～+15%｜中
ETN,D:\drive\Investment\分析报告\公司情景投资决策\结果\ETN_经营情景市场状态投资决策_2026-07-15.md,329,基准 / 正常兑现,1,窄幅主题主导上涨,中性 / 等待,-7,+19,中性 / 等待｜-7%～+19%｜中
ETN,D:\drive\Investment\分析报告\公司情景投资决策\结果\ETN_经营情景市场状态投资决策_2026-07-15.md,329,基准 / 正常兑现,2,震荡均值回归,不建议投资,-21,0,不建议投资｜-21%～0%｜中
ETN,D:\drive\Investment\分析报告\公司情景投资决策\结果\ETN_经营情景市场状态投资决策_2026-07-15.md,329,基准 / 正常兑现,3,有序风险收缩,强烈不建议投资,-35,-16,强烈不建议投资｜-35%～-16%｜中
ETN,D:\drive\Investment\分析报告\公司情景投资决策\结果\ETN_经营情景市场状态投资决策_2026-07-15.md,329,基准 / 正常兑现,4,流动性信用压力,强烈不建议投资,-49,-31,强烈不建议投资｜-49%～-31%｜低
ETN,D:\drive\Investment\分析报告\公司情景投资决策\结果\ETN_经营情景市场状态投资决策_2026-07-15.md,330,乐观 / 超预期,0,宽基风险扩张,建议投资,+13,+47,建议投资｜+13%～+47%｜中
ETN,D:\drive\Investment\分析报告\公司情景投资决策\结果\ETN_经营情景市场状态投资决策_2026-07-15.md,330,乐观 / 超预期,1,窄幅主题主导上涨,强烈建议投资,+22,+61,强烈建议投资｜+22%～+61%｜中
ETN,D:\drive\Investment\分析报告\公司情景投资决策\结果\ETN_经营情景市场状态投资决策_2026-07-15.md,330,乐观 / 超预期,2,震荡均值回归,谨慎建议投资,+1,+33,谨慎建议投资｜+1%～+33%｜中
ETN,D:\drive\Investment\分析报告\公司情景投资决策\结果\ETN_经营情景市场状态投资决策_2026-07-15.md,330,乐观 / 超预期,3,有序风险收缩,中性 / 等待,-15,+15,中性 / 等待｜-15%～+15%｜中
ETN,D:\drive\Investment\分析报告\公司情景投资决策\结果\ETN_经营情景市场状态投资决策_2026-07-15.md,330,乐观 / 超预期,4,流动性信用压力,强烈不建议投资,-31,-3,强烈不建议投资｜-31%～-3%｜低
ETN,D:\drive\Investment\分析报告\公司情景投资决策\结果\ETN_经营情景市场状态投资决策_2026-07-15.md,331,突破 / 非线性,0,宽基风险扩张,强烈建议投资,+41,+91,强烈建议投资｜+41%～+91%｜低
ETN,D:\drive\Investment\分析报告\公司情景投资决策\结果\ETN_经营情景市场状态投资决策_2026-07-15.md,331,突破 / 非线性,1,窄幅主题主导上涨,强烈建议投资,+55,+114,强烈建议投资｜+55%～+114%｜低
ETN,D:\drive\Investment\分析报告\公司情景投资决策\结果\ETN_经营情景市场状态投资决策_2026-07-15.md,331,突破 / 非线性,2,震荡均值回归,强烈建议投资,+31,+80,强烈建议投资｜+31%～+80%｜低
ETN,D:\drive\Investment\分析报告\公司情景投资决策\结果\ETN_经营情景市场状态投资决策_2026-07-15.md,331,突破 / 非线性,3,有序风险收缩,建议投资,+11,+57,建议投资｜+11%～+57%｜低
ETN,D:\drive\Investment\分析报告\公司情景投资决策\结果\ETN_经营情景市场状态投资决策_2026-07-15.md,331,突破 / 非线性,4,流动性信用压力,谨慎建议投资,-8,+35,谨慎建议投资｜-8%～+35%｜低
ETR,D:\drive\Investment\分析报告\公司情景投资决策\结果\ETR_经营情景市场状态投资决策_2026-07-15.md,328,悲观 / 受损,0,宽基风险扩张,强烈不建议投资,-34,-18,强烈不建议投资｜-34%—-18%｜中
ETR,D:\drive\Investment\分析报告\公司情景投资决策\结果\ETR_经营情景市场状态投资决策_2026-07-15.md,328,悲观 / 受损,1,窄幅主题主导上涨,不建议投资,-31,-11,不建议投资｜-31%—-11%｜中低
ETR,D:\drive\Investment\分析报告\公司情景投资决策\结果\ETR_经营情景市场状态投资决策_2026-07-15.md,328,悲观 / 受损,2,震荡均值回归,强烈不建议投资,-42,-24,强烈不建议投资｜-42%—-24%｜中
ETR,D:\drive\Investment\分析报告\公司情景投资决策\结果\ETR_经营情景市场状态投资决策_2026-07-15.md,328,悲观 / 受损,3,有序风险收缩,强烈不建议投资,-47,-30,强烈不建议投资｜-47%—-30%｜中
ETR,D:\drive\Investment\分析报告\公司情景投资决策\结果\ETR_经营情景市场状态投资决策_2026-07-15.md,328,悲观 / 受损,4,流动性信用压力,强烈不建议投资,-60,-43,强烈不建议投资｜-60%—-43%｜低
ETR,D:\drive\Investment\分析报告\公司情景投资决策\结果\ETR_经营情景市场状态投资决策_2026-07-15.md,329,基准 / 正常兑现,0,宽基风险扩张,谨慎建议投资,-5,+19,谨慎建议投资｜-5%—+19%｜中
ETR,D:\drive\Investment\分析报告\公司情景投资决策\结果\ETR_经营情景市场状态投资决策_2026-07-15.md,329,基准 / 正常兑现,1,窄幅主题主导上涨,谨慎建议投资,+4,+29,谨慎建议投资｜+4%—+29%｜中低
ETR,D:\drive\Investment\分析报告\公司情景投资决策\结果\ETR_经营情景市场状态投资决策_2026-07-15.md,329,基准 / 正常兑现,2,震荡均值回归,不建议投资,-15,+8,不建议投资｜-15%—+8%｜中
ETR,D:\drive\Investment\分析报告\公司情景投资决策\结果\ETR_经营情景市场状态投资决策_2026-07-15.md,329,基准 / 正常兑现,3,有序风险收缩,不建议投资,-25,-2,不建议投资｜-25%—-2%｜中
ETR,D:\drive\Investment\分析报告\公司情景投资决策\结果\ETR_经营情景市场状态投资决策_2026-07-15.md,329,基准 / 正常兑现,4,流动性信用压力,强烈不建议投资,-41,-18,强烈不建议投资｜-41%—-18%｜低
ETR,D:\drive\Investment\分析报告\公司情景投资决策\结果\ETR_经营情景市场状态投资决策_2026-07-15.md,330,乐观 / 超预期,0,宽基风险扩张,建议投资,+14,+43,建议投资｜+14%—+43%｜中
ETR,D:\drive\Investment\分析报告\公司情景投资决策\结果\ETR_经营情景市场状态投资决策_2026-07-15.md,330,乐观 / 超预期,1,窄幅主题主导上涨,强烈建议投资,+28,+58,强烈建议投资｜+28%—+58%｜中低
ETR,D:\drive\Investment\分析报告\公司情景投资决策\结果\ETR_经营情景市场状态投资决策_2026-07-15.md,330,乐观 / 超预期,2,震荡均值回归,谨慎建议投资,+3,+32,谨慎建议投资｜+3%—+32%｜中
ETR,D:\drive\Investment\分析报告\公司情景投资决策\结果\ETR_经营情景市场状态投资决策_2026-07-15.md,330,乐观 / 超预期,3,有序风险收缩,中性 / 等待,-7,+20,中性 / 等待｜-7%—+20%｜中低
ETR,D:\drive\Investment\分析报告\公司情景投资决策\结果\ETR_经营情景市场状态投资决策_2026-07-15.md,330,乐观 / 超预期,4,流动性信用压力,强烈不建议投资,-29,+2,强烈不建议投资｜-29%—+2%｜低
ETR,D:\drive\Investment\分析报告\公司情景投资决策\结果\ETR_经营情景市场状态投资决策_2026-07-15.md,331,突破 / 非线性,0,宽基风险扩张,强烈建议投资,+36,+76,强烈建议投资｜+36%—+76%｜低
ETR,D:\drive\Investment\分析报告\公司情景投资决策\结果\ETR_经营情景市场状态投资决策_2026-07-15.md,331,突破 / 非线性,1,窄幅主题主导上涨,强烈建议投资,+54,+104,强烈建议投资｜+54%—+104%｜低
ETR,D:\drive\Investment\分析报告\公司情景投资决策\结果\ETR_经营情景市场状态投资决策_2026-07-15.md,331,突破 / 非线性,2,震荡均值回归,强烈建议投资,+24,+66,强烈建议投资｜+24%—+66%｜低
ETR,D:\drive\Investment\分析报告\公司情景投资决策\结果\ETR_经营情景市场状态投资决策_2026-07-15.md,331,突破 / 非线性,3,有序风险收缩,建议投资,+12,+52,建议投资｜+12%—+52%｜低
ETR,D:\drive\Investment\分析报告\公司情景投资决策\结果\ETR_经营情景市场状态投资决策_2026-07-15.md,331,突破 / 非线性,4,流动性信用压力,中性 / 等待,-15,+28,中性 / 等待｜-15%—+28%｜低
FCEL,D:\drive\Investment\分析报告\公司情景投资决策\结果\FCEL_经营情景市场状态投资决策_2026-07-15.md,301,悲观 / 受损,0,宽基风险扩张,强烈不建议投资,-95,-78,强烈不建议投资｜-95%—-78%｜中
FCEL,D:\drive\Investment\分析报告\公司情景投资决策\结果\FCEL_经营情景市场状态投资决策_2026-07-15.md,301,悲观 / 受损,1,窄幅主题主导上涨,强烈不建议投资,-93,-75,强烈不建议投资｜-93%—-75%｜中
FCEL,D:\drive\Investment\分析报告\公司情景投资决策\结果\FCEL_经营情景市场状态投资决策_2026-07-15.md,301,悲观 / 受损,2,震荡均值回归,强烈不建议投资,-96,-82,强烈不建议投资｜-96%—-82%｜中
FCEL,D:\drive\Investment\分析报告\公司情景投资决策\结果\FCEL_经营情景市场状态投资决策_2026-07-15.md,301,悲观 / 受损,3,有序风险收缩,强烈不建议投资,-97,-86,强烈不建议投资｜-97%—-86%｜低
FCEL,D:\drive\Investment\分析报告\公司情景投资决策\结果\FCEL_经营情景市场状态投资决策_2026-07-15.md,301,悲观 / 受损,4,流动性信用压力,强烈不建议投资,-98,-91,强烈不建议投资｜-98%—-91%｜低
FCEL,D:\drive\Investment\分析报告\公司情景投资决策\结果\FCEL_经营情景市场状态投资决策_2026-07-15.md,302,基准 / 正常兑现,0,宽基风险扩张,强烈不建议投资,-70,-20,强烈不建议投资｜-70%—-20%｜低
FCEL,D:\drive\Investment\分析报告\公司情景投资决策\结果\FCEL_经营情景市场状态投资决策_2026-07-15.md,302,基准 / 正常兑现,1,窄幅主题主导上涨,强烈不建议投资,-64,-8,强烈不建议投资｜-64%—-8%｜低
FCEL,D:\drive\Investment\分析报告\公司情景投资决策\结果\FCEL_经营情景市场状态投资决策_2026-07-15.md,302,基准 / 正常兑现,2,震荡均值回归,强烈不建议投资,-79,-38,强烈不建议投资｜-79%—-38%｜低
FCEL,D:\drive\Investment\分析报告\公司情景投资决策\结果\FCEL_经营情景市场状态投资决策_2026-07-15.md,302,基准 / 正常兑现,3,有序风险收缩,强烈不建议投资,-89,-57,强烈不建议投资｜-89%—-57%｜低
FCEL,D:\drive\Investment\分析报告\公司情景投资决策\结果\FCEL_经营情景市场状态投资决策_2026-07-15.md,302,基准 / 正常兑现,4,流动性信用压力,强烈不建议投资,-96,-79,强烈不建议投资｜-96%—-79%｜低
FCEL,D:\drive\Investment\分析报告\公司情景投资决策\结果\FCEL_经营情景市场状态投资决策_2026-07-15.md,303,乐观 / 超预期,0,宽基风险扩张,谨慎建议投资,-23,+102,谨慎建议投资｜-23%—+102%｜低
FCEL,D:\drive\Investment\分析报告\公司情景投资决策\结果\FCEL_经营情景市场状态投资决策_2026-07-15.md,303,乐观 / 超预期,1,窄幅主题主导上涨,建议投资,-6,+131,建议投资｜-6%—+131%｜低
FCEL,D:\drive\Investment\分析报告\公司情景投资决策\结果\FCEL_经营情景市场状态投资决策_2026-07-15.md,303,乐观 / 超预期,2,震荡均值回归,中性 / 等待,-45,+54,中性 / 等待｜-45%—+54%｜低
FCEL,D:\drive\Investment\分析报告\公司情景投资决策\结果\FCEL_经营情景市场状态投资决策_2026-07-15.md,303,乐观 / 超预期,3,有序风险收缩,强烈不建议投资,-70,-1,强烈不建议投资｜-70%—-1%｜低
FCEL,D:\drive\Investment\分析报告\公司情景投资决策\结果\FCEL_经营情景市场状态投资决策_2026-07-15.md,303,乐观 / 超预期,4,流动性信用压力,强烈不建议投资,-89,-53,强烈不建议投资｜-89%—-53%｜低
FCEL,D:\drive\Investment\分析报告\公司情景投资决策\结果\FCEL_经营情景市场状态投资决策_2026-07-15.md,304,突破 / 非线性,0,宽基风险扩张,强烈建议投资,+75,+358,强烈建议投资｜+75%—+358%｜低
FCEL,D:\drive\Investment\分析报告\公司情景投资决策\结果\FCEL_经营情景市场状态投资决策_2026-07-15.md,304,突破 / 非线性,1,窄幅主题主导上涨,强烈建议投资,+109,+432,强烈建议投资｜+109%—+432%｜低
FCEL,D:\drive\Investment\分析报告\公司情景投资决策\结果\FCEL_经营情景市场状态投资决策_2026-07-15.md,304,突破 / 非线性,2,震荡均值回归,建议投资,+24,+252,建议投资｜+24%—+252%｜低
FCEL,D:\drive\Investment\分析报告\公司情景投资决策\结果\FCEL_经营情景市场状态投资决策_2026-07-15.md,304,突破 / 非线性,3,有序风险收缩,谨慎建议投资,-27,+136,谨慎建议投资｜-27%—+136%｜低
FCEL,D:\drive\Investment\分析报告\公司情景投资决策\结果\FCEL_经营情景市场状态投资决策_2026-07-15.md,304,突破 / 非线性,4,流动性信用压力,强烈不建议投资,-72,+14,强烈不建议投资｜-72%—+14%｜低
FIX,D:\drive\Investment\分析报告\公司情景投资决策\结果\FIX_经营情景市场状态投资决策_2026-07-15.md,413,悲观 / 受损,0,宽基风险扩张,强烈不建议投资,-81,-57,强烈不建议投资｜-81%～-57%｜中
FIX,D:\drive\Investment\分析报告\公司情景投资决策\结果\FIX_经营情景市场状态投资决策_2026-07-15.md,413,悲观 / 受损,1,窄幅主题主导上涨,强烈不建议投资,-79,-55,强烈不建议投资｜-79%～-55%｜中
FIX,D:\drive\Investment\分析报告\公司情景投资决策\结果\FIX_经营情景市场状态投资决策_2026-07-15.md,413,悲观 / 受损,2,震荡均值回归,强烈不建议投资,-83,-65,强烈不建议投资｜-83%～-65%｜中
FIX,D:\drive\Investment\分析报告\公司情景投资决策\结果\FIX_经营情景市场状态投资决策_2026-07-15.md,413,悲观 / 受损,3,有序风险收缩,强烈不建议投资,-85,-70,强烈不建议投资｜-85%～-70%｜中
FIX,D:\drive\Investment\分析报告\公司情景投资决策\结果\FIX_经营情景市场状态投资决策_2026-07-15.md,413,悲观 / 受损,4,流动性信用压力,强烈不建议投资,-89,-76,强烈不建议投资｜-89%～-76%｜低
FIX,D:\drive\Investment\分析报告\公司情景投资决策\结果\FIX_经营情景市场状态投资决策_2026-07-15.md,414,基准 / 正常兑现,0,宽基风险扩张,不建议投资,-55,0,不建议投资｜-55%～0%｜中
FIX,D:\drive\Investment\分析报告\公司情景投资决策\结果\FIX_经营情景市场状态投资决策_2026-07-15.md,414,基准 / 正常兑现,1,窄幅主题主导上涨,不建议投资,-52,+9,不建议投资｜-52%～+9%｜中
FIX,D:\drive\Investment\分析报告\公司情景投资决策\结果\FIX_经营情景市场状态投资决策_2026-07-15.md,414,基准 / 正常兑现,2,震荡均值回归,强烈不建议投资,-61,-15,强烈不建议投资｜-61%～-15%｜中
FIX,D:\drive\Investment\分析报告\公司情景投资决策\结果\FIX_经营情景市场状态投资决策_2026-07-15.md,414,基准 / 正常兑现,3,有序风险收缩,强烈不建议投资,-67,-29,强烈不建议投资｜-67%～-29%｜低
FIX,D:\drive\Investment\分析报告\公司情景投资决策\结果\FIX_经营情景市场状态投资决策_2026-07-15.md,414,基准 / 正常兑现,4,流动性信用压力,强烈不建议投资,-76,-44,强烈不建议投资｜-76%～-44%｜低
FIX,D:\drive\Investment\分析报告\公司情景投资决策\结果\FIX_经营情景市场状态投资决策_2026-07-15.md,415,乐观 / 超预期,0,宽基风险扩张,谨慎建议投资,-22,+53,谨慎建议投资｜-22%～+53%｜中
FIX,D:\drive\Investment\分析报告\公司情景投资决策\结果\FIX_经营情景市场状态投资决策_2026-07-15.md,415,乐观 / 超预期,1,窄幅主题主导上涨,建议投资,-16,+69,建议投资｜-16%～+69%｜中
FIX,D:\drive\Investment\分析报告\公司情景投资决策\结果\FIX_经营情景市场状态投资决策_2026-07-15.md,415,乐观 / 超预期,2,震荡均值回归,中性/等待,-32,+33,中性/等待｜-32%～+33%｜中
FIX,D:\drive\Investment\分析报告\公司情景投资决策\结果\FIX_经营情景市场状态投资决策_2026-07-15.md,415,乐观 / 超预期,3,有序风险收缩,不建议投资,-43,+10,不建议投资｜-43%～+10%｜低
FIX,D:\drive\Investment\分析报告\公司情景投资决策\结果\FIX_经营情景市场状态投资决策_2026-07-15.md,415,乐观 / 超预期,4,流动性信用压力,强烈不建议投资,-59,-14,强烈不建议投资｜-59%～-14%｜低
FIX,D:\drive\Investment\分析报告\公司情景投资决策\结果\FIX_经营情景市场状态投资决策_2026-07-15.md,416,突破 / 非线性,0,宽基风险扩张,强烈建议投资,+25,+141,强烈建议投资｜+25%～+141%｜低
FIX,D:\drive\Investment\分析报告\公司情景投资决策\结果\FIX_经营情景市场状态投资决策_2026-07-15.md,416,突破 / 非线性,1,窄幅主题主导上涨,强烈建议投资,+35,+168,强烈建议投资｜+35%～+168%｜低
FIX,D:\drive\Investment\分析报告\公司情景投资决策\结果\FIX_经营情景市场状态投资决策_2026-07-15.md,416,突破 / 非线性,2,震荡均值回归,建议投资,+9,+104,建议投资｜+9%～+104%｜低
FIX,D:\drive\Investment\分析报告\公司情景投资决策\结果\FIX_经营情景市场状态投资决策_2026-07-15.md,416,突破 / 非线性,3,有序风险收缩,谨慎建议投资,-9,+72,谨慎建议投资｜-9%～+72%｜低
FIX,D:\drive\Investment\分析报告\公司情景投资决策\结果\FIX_经营情景市场状态投资决策_2026-07-15.md,416,突破 / 非线性,4,流动性信用压力,中性/等待,-35,+34,中性/等待｜-35%～+34%｜低
FLEX,D:\drive\Investment\分析报告\公司情景投资决策\结果\FLEX_经营情景市场状态投资决策_2026-07-15.md,340,悲观 / 受损,0,宽基风险扩张,强烈不建议投资,-60,-29,强烈不建议投资｜-60%～-29%｜中
FLEX,D:\drive\Investment\分析报告\公司情景投资决策\结果\FLEX_经营情景市场状态投资决策_2026-07-15.md,340,悲观 / 受损,1,窄幅主题主导上涨,强烈不建议投资,-59,-22,强烈不建议投资｜-59%～-22%｜中
FLEX,D:\drive\Investment\分析报告\公司情景投资决策\结果\FLEX_经营情景市场状态投资决策_2026-07-15.md,340,悲观 / 受损,2,震荡均值回归,强烈不建议投资,-70,-43,强烈不建议投资｜-70%～-43%｜中
FLEX,D:\drive\Investment\分析报告\公司情景投资决策\结果\FLEX_经营情景市场状态投资决策_2026-07-15.md,340,悲观 / 受损,3,有序风险收缩,强烈不建议投资,-80,-55,强烈不建议投资｜-80%～-55%｜低
FLEX,D:\drive\Investment\分析报告\公司情景投资决策\结果\FLEX_经营情景市场状态投资决策_2026-07-15.md,340,悲观 / 受损,4,流动性信用压力,强烈不建议投资,-92,-71,强烈不建议投资｜-92%～-71%｜低
FLEX,D:\drive\Investment\分析报告\公司情景投资决策\结果\FLEX_经营情景市场状态投资决策_2026-07-15.md,341,基准 / 正常兑现,0,宽基风险扩张,建议投资,+4,+69,建议投资｜+4%～+69%｜中
FLEX,D:\drive\Investment\分析报告\公司情景投资决策\结果\FLEX_经营情景市场状态投资决策_2026-07-15.md,341,基准 / 正常兑现,1,窄幅主题主导上涨,建议投资,+14,+96,建议投资｜+14%～+96%｜中
FLEX,D:\drive\Investment\分析报告\公司情景投资决策\结果\FLEX_经营情景市场状态投资决策_2026-07-15.md,341,基准 / 正常兑现,2,震荡均值回归,中性 / 等待,-16,+44,中性 / 等待｜-16%～+44%｜中
FLEX,D:\drive\Investment\分析报告\公司情景投资决策\结果\FLEX_经营情景市场状态投资决策_2026-07-15.md,341,基准 / 正常兑现,3,有序风险收缩,不建议投资,-36,+17,不建议投资｜-36%～+17%｜低
FLEX,D:\drive\Investment\分析报告\公司情景投资决策\结果\FLEX_经营情景市场状态投资决策_2026-07-15.md,341,基准 / 正常兑现,4,流动性信用压力,强烈不建议投资,-60,-14,强烈不建议投资｜-60%～-14%｜低
FLEX,D:\drive\Investment\分析报告\公司情景投资决策\结果\FLEX_经营情景市场状态投资决策_2026-07-15.md,342,乐观 / 超预期,0,宽基风险扩张,强烈建议投资,+57,+157,强烈建议投资｜+57%～+157%｜中
FLEX,D:\drive\Investment\分析报告\公司情景投资决策\结果\FLEX_经营情景市场状态投资决策_2026-07-15.md,342,乐观 / 超预期,1,窄幅主题主导上涨,强烈建议投资,+76,+201,强烈建议投资｜+76%～+201%｜中
FLEX,D:\drive\Investment\分析报告\公司情景投资决策\结果\FLEX_经营情景市场状态投资决策_2026-07-15.md,342,乐观 / 超预期,2,震荡均值回归,强烈建议投资,+30,+121,强烈建议投资｜+30%～+121%｜中
FLEX,D:\drive\Investment\分析报告\公司情景投资决策\结果\FLEX_经营情景市场状态投资决策_2026-07-15.md,342,乐观 / 超预期,3,有序风险收缩,谨慎建议投资,+1,+81,谨慎建议投资｜+1%～+81%｜低
FLEX,D:\drive\Investment\分析报告\公司情景投资决策\结果\FLEX_经营情景市场状态投资决策_2026-07-15.md,342,乐观 / 超预期,4,流动性信用压力,中性 / 等待,-32,+37,中性 / 等待｜-32%～+37%｜低
FLEX,D:\drive\Investment\分析报告\公司情景投资决策\结果\FLEX_经营情景市场状态投资决策_2026-07-15.md,343,突破 / 非线性,0,宽基风险扩张,强烈建议投资,+139,+290,强烈建议投资｜+139%～+290%｜低
FLEX,D:\drive\Investment\分析报告\公司情景投资决策\结果\FLEX_经营情景市场状态投资决策_2026-07-15.md,343,突破 / 非线性,1,窄幅主题主导上涨,强烈建议投资,+171,+363,强烈建议投资｜+171%～+363%｜低
FLEX,D:\drive\Investment\分析报告\公司情景投资决策\结果\FLEX_经营情景市场状态投资决策_2026-07-15.md,343,突破 / 非线性,2,震荡均值回归,强烈建议投资,+101,+239,强烈建议投资｜+101%～+239%｜低
FLEX,D:\drive\Investment\分析报告\公司情景投资决策\结果\FLEX_经营情景市场状态投资决策_2026-07-15.md,343,突破 / 非线性,3,有序风险收缩,强烈建议投资,+58,+180,强烈建议投资｜+58%～+180%｜低
FLEX,D:\drive\Investment\分析报告\公司情景投资决策\结果\FLEX_经营情景市场状态投资决策_2026-07-15.md,343,突破 / 非线性,4,流动性信用压力,谨慎建议投资,+10,+116,谨慎建议投资｜+10%～+116%｜低
FLNC,D:\drive\Investment\分析报告\公司情景投资决策\结果\FLNC_经营情景市场状态投资决策_2026-07-15.md,278,悲观 / 受损,0,宽基风险扩张,强烈不建议投资,-79,-42,强烈不建议投资｜-79%～-42%｜低
FLNC,D:\drive\Investment\分析报告\公司情景投资决策\结果\FLNC_经营情景市场状态投资决策_2026-07-15.md,278,悲观 / 受损,1,窄幅主题主导上涨,强烈不建议投资,-83,-48,强烈不建议投资｜-83%～-48%｜低
FLNC,D:\drive\Investment\分析报告\公司情景投资决策\结果\FLNC_经营情景市场状态投资决策_2026-07-15.md,278,悲观 / 受损,2,震荡均值回归,强烈不建议投资,-88,-53,强烈不建议投资｜-88%～-53%｜低
FLNC,D:\drive\Investment\分析报告\公司情景投资决策\结果\FLNC_经营情景市场状态投资决策_2026-07-15.md,278,悲观 / 受损,3,有序风险收缩,强烈不建议投资,-94,-68,强烈不建议投资｜-94%～-68%｜低
FLNC,D:\drive\Investment\分析报告\公司情景投资决策\结果\FLNC_经营情景市场状态投资决策_2026-07-15.md,278,悲观 / 受损,4,流动性信用压力,强烈不建议投资,-100,-80,强烈不建议投资｜-100%～-80%｜低
FLNC,D:\drive\Investment\分析报告\公司情景投资决策\结果\FLNC_经营情景市场状态投资决策_2026-07-15.md,279,基准 / 正常兑现,0,宽基风险扩张,谨慎建议投资,-12,+38,谨慎建议投资｜-12%～+38%｜中
FLNC,D:\drive\Investment\分析报告\公司情景投资决策\结果\FLNC_经营情景市场状态投资决策_2026-07-15.md,279,基准 / 正常兑现,1,窄幅主题主导上涨,谨慎建议投资,-16,+35,谨慎建议投资｜-16%～+35%｜中
FLNC,D:\drive\Investment\分析报告\公司情景投资决策\结果\FLNC_经营情景市场状态投资决策_2026-07-15.md,279,基准 / 正常兑现,2,震荡均值回归,不建议投资,-30,+15,不建议投资｜-30%～+15%｜中
FLNC,D:\drive\Investment\分析报告\公司情景投资决策\结果\FLNC_经营情景市场状态投资决策_2026-07-15.md,279,基准 / 正常兑现,3,有序风险收缩,强烈不建议投资,-50,-10,强烈不建议投资｜-50%～-10%｜中低
FLNC,D:\drive\Investment\分析报告\公司情景投资决策\结果\FLNC_经营情景市场状态投资决策_2026-07-15.md,279,基准 / 正常兑现,4,流动性信用压力,强烈不建议投资,-70,-38,强烈不建议投资｜-70%～-38%｜低
FLNC,D:\drive\Investment\分析报告\公司情景投资决策\结果\FLNC_经营情景市场状态投资决策_2026-07-15.md,280,乐观 / 超预期,0,宽基风险扩张,强烈建议投资,+70,+152,强烈建议投资｜+70%～+152%｜中
FLNC,D:\drive\Investment\分析报告\公司情景投资决策\结果\FLNC_经营情景市场状态投资决策_2026-07-15.md,280,乐观 / 超预期,1,窄幅主题主导上涨,强烈建议投资,+78,+169,强烈建议投资｜+78%～+169%｜中
FLNC,D:\drive\Investment\分析报告\公司情景投资决策\结果\FLNC_经营情景市场状态投资决策_2026-07-15.md,280,乐观 / 超预期,2,震荡均值回归,强烈建议投资,+38,+118,强烈建议投资｜+38%～+118%｜中
FLNC,D:\drive\Investment\分析报告\公司情景投资决策\结果\FLNC_经营情景市场状态投资决策_2026-07-15.md,280,乐观 / 超预期,3,有序风险收缩,建议投资,+1,+66,建议投资｜+1%～+66%｜中低
FLNC,D:\drive\Investment\分析报告\公司情景投资决策\结果\FLNC_经营情景市场状态投资决策_2026-07-15.md,280,乐观 / 超预期,4,流动性信用压力,中性 / 等待,-34,+23,中性 / 等待｜-34%～+23%｜低
FLNC,D:\drive\Investment\分析报告\公司情景投资决策\结果\FLNC_经营情景市场状态投资决策_2026-07-15.md,281,突破 / 非线性,0,宽基风险扩张,强烈建议投资,+171,+307,强烈建议投资｜+171%～+307%｜低
FLNC,D:\drive\Investment\分析报告\公司情景投资决策\结果\FLNC_经营情景市场状态投资决策_2026-07-15.md,281,突破 / 非线性,1,窄幅主题主导上涨,强烈建议投资,+198,+349,强烈建议投资｜+198%～+349%｜低
FLNC,D:\drive\Investment\分析报告\公司情景投资决策\结果\FLNC_经营情景市场状态投资决策_2026-07-15.md,281,突破 / 非线性,2,震荡均值回归,强烈建议投资,+126,+244,强烈建议投资｜+126%～+244%｜低
FLNC,D:\drive\Investment\分析报告\公司情景投资决策\结果\FLNC_经营情景市场状态投资决策_2026-07-15.md,281,突破 / 非线性,3,有序风险收缩,强烈建议投资,+61,+160,强烈建议投资｜+61%～+160%｜低
FLNC,D:\drive\Investment\分析报告\公司情景投资决策\结果\FLNC_经营情景市场状态投资决策_2026-07-15.md,281,突破 / 非线性,4,流动性信用压力,谨慎建议投资,+2,+86,谨慎建议投资｜+2%～+86%｜低
FN,D:\drive\Investment\分析报告\公司情景投资决策\结果\FN_经营情景市场状态投资决策_2026-07-15.md,317,悲观 / 受损,0,宽基风险扩张,强烈不建议投资,-62.8,-43.9,强烈不建议投资｜-62.8%～-43.9%｜中
FN,D:\drive\Investment\分析报告\公司情景投资决策\结果\FN_经营情景市场状态投资决策_2026-07-15.md,317,悲观 / 受损,1,窄幅主题主导上涨,强烈不建议投资,-65.2,-46.5,强烈不建议投资｜-65.2%～-46.5%｜中
FN,D:\drive\Investment\分析报告\公司情景投资决策\结果\FN_经营情景市场状态投资决策_2026-07-15.md,317,悲观 / 受损,2,震荡均值回归,强烈不建议投资,-67.5,-51.6,强烈不建议投资｜-67.5%～-51.6%｜中
FN,D:\drive\Investment\分析报告\公司情景投资决策\结果\FN_经营情景市场状态投资决策_2026-07-15.md,317,悲观 / 受损,3,有序风险收缩,强烈不建议投资,-74.5,-59.2,强烈不建议投资｜-74.5%～-59.2%｜中
FN,D:\drive\Investment\分析报告\公司情景投资决策\结果\FN_经营情景市场状态投资决策_2026-07-15.md,317,悲观 / 受损,4,流动性信用压力,强烈不建议投资,-81.4,-69.4,强烈不建议投资｜-81.4%～-69.4%｜低
FN,D:\drive\Investment\分析报告\公司情景投资决策\结果\FN_经营情景市场状态投资决策_2026-07-15.md,318,基准 / 正常兑现,0,宽基风险扩张,不建议投资,-16.7,+12.8,不建议投资｜-16.7%～+12.8%｜中
FN,D:\drive\Investment\分析报告\公司情景投资决策\结果\FN_经营情景市场状态投资决策_2026-07-15.md,318,基准 / 正常兑现,1,窄幅主题主导上涨,不建议投资,-20.1,+9.1,不建议投资｜-20.1%～+9.1%｜中
FN,D:\drive\Investment\分析报告\公司情景投资决策\结果\FN_经营情景市场状态投资决策_2026-07-15.md,318,基准 / 正常兑现,2,震荡均值回归,不建议投资,-30.5,-6.0,不建议投资｜-30.5%～-6.0%｜中
FN,D:\drive\Investment\分析报告\公司情景投资决策\结果\FN_经营情景市场状态投资决策_2026-07-15.md,318,基准 / 正常兑现,3,有序风险收缩,强烈不建议投资,-44.4,-21.0,强烈不建议投资｜-44.4%～-21.0%｜中
FN,D:\drive\Investment\分析报告\公司情景投资决策\结果\FN_经营情景市场状态投资决策_2026-07-15.md,318,基准 / 正常兑现,4,流动性信用压力,强烈不建议投资,-58.3,-39.8,强烈不建议投资｜-58.3%～-39.8%｜低
FN,D:\drive\Investment\分析报告\公司情景投资决策\结果\FN_经营情景市场状态投资决策_2026-07-15.md,319,乐观 / 超预期,0,宽基风险扩张,强烈建议投资,+25.7,+70.1,强烈建议投资｜+25.7%～+70.1%｜中
FN,D:\drive\Investment\分析报告\公司情景投资决策\结果\FN_经营情景市场状态投资决策_2026-07-15.md,319,乐观 / 超预期,1,窄幅主题主导上涨,强烈建议投资,+30.1,+79.6,强烈建议投资｜+30.1%～+79.6%｜中
FN,D:\drive\Investment\分析报告\公司情景投资决策\结果\FN_经营情景市场状态投资决策_2026-07-15.md,319,乐观 / 超预期,2,震荡均值回归,建议投资,+8.4,+51.2,建议投资｜+8.4%～+51.2%｜中
FN,D:\drive\Investment\分析报告\公司情景投资决策\结果\FN_经营情景市场状态投资决策_2026-07-15.md,319,乐观 / 超预期,3,有序风险收缩,中性 / 等待,-13.3,+22.9,中性 / 等待｜-13.3%～+22.9%｜低
FN,D:\drive\Investment\分析报告\公司情景投资决策\结果\FN_经营情景市场状态投资决策_2026-07-15.md,319,乐观 / 超预期,4,流动性信用压力,不建议投资,-35.0,-5.5,不建议投资｜-35.0%～-5.5%｜低
FN,D:\drive\Investment\分析报告\公司情景投资决策\结果\FN_经营情景市场状态投资决策_2026-07-15.md,320,突破 / 非线性,0,宽基风险扩张,强烈建议投资,+80.3,+154.5,强烈建议投资｜+80.3%～+154.5%｜低
FN,D:\drive\Investment\分析报告\公司情景投资决策\结果\FN_经营情景市场状态投资决策_2026-07-15.md,320,突破 / 非线性,1,窄幅主题主导上涨,强烈建议投资,+90.9,+172.2,强烈建议投资｜+90.9%～+172.2%｜低
FN,D:\drive\Investment\分析报告\公司情景投资决策\结果\FN_经营情景市场状态投资决策_2026-07-15.md,320,突破 / 非线性,2,震荡均值回归,强烈建议投资,+59.0,+124.9,强烈建议投资｜+59.0%～+124.9%｜低
FN,D:\drive\Investment\分析报告\公司情景投资决策\结果\FN_经营情景市场状态投资决策_2026-07-15.md,320,突破 / 非线性,3,有序风险收缩,建议投资,+21.9,+77.5,建议投资｜+21.9%～+77.5%｜低
FN,D:\drive\Investment\分析报告\公司情景投资决策\结果\FN_经营情景市场状态投资决策_2026-07-15.md,320,突破 / 非线性,4,流动性信用压力,谨慎建议投资,-9.9,+36.1,谨慎建议投资｜-9.9%～+36.1%｜低
FORM,D:\drive\Investment\分析报告\公司情景投资决策\结果\FORM_经营情景市场状态投资决策_2026-07-15.md,344,悲观 / 受损,0,宽基风险扩张,强烈不建议投资,-84,-46,强烈不建议投资｜-84%～-46%｜中
FORM,D:\drive\Investment\分析报告\公司情景投资决策\结果\FORM_经营情景市场状态投资决策_2026-07-15.md,344,悲观 / 受损,1,窄幅主题主导上涨,强烈不建议投资,-84,-42,强烈不建议投资｜-84%～-42%｜中
FORM,D:\drive\Investment\分析报告\公司情景投资决策\结果\FORM_经营情景市场状态投资决策_2026-07-15.md,344,悲观 / 受损,2,震荡均值回归,强烈不建议投资,-86,-56,强烈不建议投资｜-86%～-56%｜中
FORM,D:\drive\Investment\分析报告\公司情景投资决策\结果\FORM_经营情景市场状态投资决策_2026-07-15.md,344,悲观 / 受损,3,有序风险收缩,强烈不建议投资,-88,-65,强烈不建议投资｜-88%～-65%｜低
FORM,D:\drive\Investment\分析报告\公司情景投资决策\结果\FORM_经营情景市场状态投资决策_2026-07-15.md,344,悲观 / 受损,4,流动性信用压力,强烈不建议投资,-92,-76,强烈不建议投资｜-92%～-76%｜低
FORM,D:\drive\Investment\分析报告\公司情景投资决策\结果\FORM_经营情景市场状态投资决策_2026-07-15.md,345,基准 / 正常兑现,0,宽基风险扩张,不建议投资,-63,0,不建议投资｜-63%～0%｜中
FORM,D:\drive\Investment\分析报告\公司情景投资决策\结果\FORM_经营情景市场状态投资决策_2026-07-15.md,345,基准 / 正常兑现,1,窄幅主题主导上涨,不建议投资,-60,+11,不建议投资｜-60%～+11%｜中
FORM,D:\drive\Investment\分析报告\公司情景投资决策\结果\FORM_经营情景市场状态投资决策_2026-07-15.md,345,基准 / 正常兑现,2,震荡均值回归,强烈不建议投资,-66,-14,强烈不建议投资｜-66%～-14%｜中
FORM,D:\drive\Investment\分析报告\公司情景投资决策\结果\FORM_经营情景市场状态投资决策_2026-07-15.md,345,基准 / 正常兑现,3,有序风险收缩,强烈不建议投资,-73,-31,强烈不建议投资｜-73%～-31%｜低
FORM,D:\drive\Investment\分析报告\公司情景投资决策\结果\FORM_经营情景市场状态投资决策_2026-07-15.md,345,基准 / 正常兑现,4,流动性信用压力,强烈不建议投资,-83,-51,强烈不建议投资｜-83%～-51%｜低
FORM,D:\drive\Investment\分析报告\公司情景投资决策\结果\FORM_经营情景市场状态投资决策_2026-07-15.md,346,乐观 / 超预期,0,宽基风险扩张,中性 / 等待,-39,+42,中性 / 等待｜-39%～+42%｜低
FORM,D:\drive\Investment\分析报告\公司情景投资决策\结果\FORM_经营情景市场状态投资决策_2026-07-15.md,346,乐观 / 超预期,1,窄幅主题主导上涨,谨慎建议投资,-34,+61,谨慎建议投资｜-34%～+61%｜低
FORM,D:\drive\Investment\分析报告\公司情景投资决策\结果\FORM_经营情景市场状态投资决策_2026-07-15.md,346,乐观 / 超预期,2,震荡均值回归,中性 / 等待,-46,+24,中性 / 等待｜-46%～+24%｜低
FORM,D:\drive\Investment\分析报告\公司情景投资决策\结果\FORM_经营情景市场状态投资决策_2026-07-15.md,346,乐观 / 超预期,3,有序风险收缩,不建议投资,-58,+2,不建议投资｜-58%～+2%｜低
FORM,D:\drive\Investment\分析报告\公司情景投资决策\结果\FORM_经营情景市场状态投资决策_2026-07-15.md,346,乐观 / 超预期,4,流动性信用压力,强烈不建议投资,-73,-26,强烈不建议投资｜-73%～-26%｜低
FORM,D:\drive\Investment\分析报告\公司情景投资决策\结果\FORM_经营情景市场状态投资决策_2026-07-15.md,347,突破 / 非线性,0,宽基风险扩张,建议投资,-7,+107,建议投资｜-7%～+107%｜低
FORM,D:\drive\Investment\分析报告\公司情景投资决策\结果\FORM_经营情景市场状态投资决策_2026-07-15.md,347,突破 / 非线性,1,窄幅主题主导上涨,建议投资,0,+131,建议投资｜0%～+131%｜低
FORM,D:\drive\Investment\分析报告\公司情景投资决策\结果\FORM_经营情景市场状态投资决策_2026-07-15.md,347,突破 / 非线性,2,震荡均值回归,谨慎建议投资,-18,+78,谨慎建议投资｜-18%～+78%｜低
FORM,D:\drive\Investment\分析报告\公司情景投资决策\结果\FORM_经营情景市场状态投资决策_2026-07-15.md,347,突破 / 非线性,3,有序风险收缩,中性 / 等待,-37,+42,中性 / 等待｜-37%～+42%｜低
FORM,D:\drive\Investment\分析报告\公司情景投资决策\结果\FORM_经营情景市场状态投资决策_2026-07-15.md,347,突破 / 非线性,4,流动性信用压力,不建议投资,-62,+7,不建议投资｜-62%～+7%｜低
FTV,D:\drive\Investment\分析报告\公司情景投资决策\结果\FTV_经营情景市场状态投资决策_2026-07-15.md,317,悲观 / 受损,0,宽基风险扩张,强烈不建议投资,-57,-35,强烈不建议投资｜-57%～-35%｜中
FTV,D:\drive\Investment\分析报告\公司情景投资决策\结果\FTV_经营情景市场状态投资决策_2026-07-15.md,317,悲观 / 受损,1,窄幅主题主导上涨,强烈不建议投资,-62,-42,强烈不建议投资｜-62%～-42%｜中
FTV,D:\drive\Investment\分析报告\公司情景投资决策\结果\FTV_经营情景市场状态投资决策_2026-07-15.md,317,悲观 / 受损,2,震荡均值回归,强烈不建议投资,-65,-42,强烈不建议投资｜-65%～-42%｜中
FTV,D:\drive\Investment\分析报告\公司情景投资决策\结果\FTV_经营情景市场状态投资决策_2026-07-15.md,317,悲观 / 受损,3,有序风险收缩,强烈不建议投资,-70,-52,强烈不建议投资｜-70%～-52%｜中
FTV,D:\drive\Investment\分析报告\公司情景投资决策\结果\FTV_经营情景市场状态投资决策_2026-07-15.md,317,悲观 / 受损,4,流动性信用压力,强烈不建议投资,-80,-65,强烈不建议投资｜-80%～-65%｜低
FTV,D:\drive\Investment\分析报告\公司情景投资决策\结果\FTV_经营情景市场状态投资决策_2026-07-15.md,318,基准 / 正常兑现,0,宽基风险扩张,中性 / 等待,-15,+16,中性 / 等待｜-15%～+16%｜中
FTV,D:\drive\Investment\分析报告\公司情景投资决策\结果\FTV_经营情景市场状态投资决策_2026-07-15.md,318,基准 / 正常兑现,1,窄幅主题主导上涨,不建议投资,-22,+1,不建议投资｜-22%～+1%｜中
FTV,D:\drive\Investment\分析报告\公司情景投资决策\结果\FTV_经营情景市场状态投资决策_2026-07-15.md,318,基准 / 正常兑现,2,震荡均值回归,不建议投资,-27,-2,不建议投资｜-27%～-2%｜中
FTV,D:\drive\Investment\分析报告\公司情景投资决策\结果\FTV_经营情景市场状态投资决策_2026-07-15.md,318,基准 / 正常兑现,3,有序风险收缩,强烈不建议投资,-40,-19,强烈不建议投资｜-40%～-19%｜中
FTV,D:\drive\Investment\分析报告\公司情景投资决策\结果\FTV_经营情景市场状态投资决策_2026-07-15.md,318,基准 / 正常兑现,4,流动性信用压力,强烈不建议投资,-58,-37,强烈不建议投资｜-58%～-37%｜低
FTV,D:\drive\Investment\分析报告\公司情景投资决策\结果\FTV_经营情景市场状态投资决策_2026-07-15.md,319,乐观 / 超预期,0,宽基风险扩张,建议投资,+8,+42,建议投资｜+8%～+42%｜中
FTV,D:\drive\Investment\分析报告\公司情景投资决策\结果\FTV_经营情景市场状态投资决策_2026-07-15.md,319,乐观 / 超预期,1,窄幅主题主导上涨,谨慎建议投资,0,+29,谨慎建议投资｜0%～+29%｜中
FTV,D:\drive\Investment\分析报告\公司情景投资决策\结果\FTV_经营情景市场状态投资决策_2026-07-15.md,319,乐观 / 超预期,2,震荡均值回归,谨慎建议投资,-4,+26,谨慎建议投资｜-4%～+26%｜中
FTV,D:\drive\Investment\分析报告\公司情景投资决策\结果\FTV_经营情景市场状态投资决策_2026-07-15.md,319,乐观 / 超预期,3,有序风险收缩,不建议投资,-20,+9,不建议投资｜-20%～+9%｜低
FTV,D:\drive\Investment\分析报告\公司情景投资决策\结果\FTV_经营情景市场状态投资决策_2026-07-15.md,319,乐观 / 超预期,4,流动性信用压力,强烈不建议投资,-40,-12,强烈不建议投资｜-40%～-12%｜低
FTV,D:\drive\Investment\分析报告\公司情景投资决策\结果\FTV_经营情景市场状态投资决策_2026-07-15.md,320,突破 / 非线性,0,宽基风险扩张,强烈建议投资,+36,+89,强烈建议投资｜+36%～+89%｜低
FTV,D:\drive\Investment\分析报告\公司情景投资决策\结果\FTV_经营情景市场状态投资决策_2026-07-15.md,320,突破 / 非线性,1,窄幅主题主导上涨,强烈建议投资,+28,+67,强烈建议投资｜+28%～+67%｜低
FTV,D:\drive\Investment\分析报告\公司情景投资决策\结果\FTV_经营情景市场状态投资决策_2026-07-15.md,320,突破 / 非线性,2,震荡均值回归,强烈建议投资,+23,+67,强烈建议投资｜+23%～+67%｜低
FTV,D:\drive\Investment\分析报告\公司情景投资决策\结果\FTV_经营情景市场状态投资决策_2026-07-15.md,320,突破 / 非线性,3,有序风险收缩,建议投资,+6,+42,建议投资｜+6%～+42%｜低
FTV,D:\drive\Investment\分析报告\公司情景投资决策\结果\FTV_经营情景市场状态投资决策_2026-07-15.md,320,突破 / 非线性,4,流动性信用压力,中性 / 等待,-17,+18,中性 / 等待｜-17%～+18%｜低
GEV,D:\drive\Investment\分析报告\公司情景投资决策\结果\备份\GEV_2026-08-19T12_34_48-07_00-13df682d44\GEV_经营情景市场状态投资决策_2026-07-15.md,333,悲观 / 受损,0,宽基风险扩张,强烈不建议投资,-59,-35,强烈不建议投资｜-59%～-35%｜中
GEV,D:\drive\Investment\分析报告\公司情景投资决策\结果\备份\GEV_2026-08-19T12_34_48-07_00-13df682d44\GEV_经营情景市场状态投资决策_2026-07-15.md,333,悲观 / 受损,1,窄幅主题主导上涨,强烈不建议投资,-57,-32,强烈不建议投资｜-57%～-32%｜中
GEV,D:\drive\Investment\分析报告\公司情景投资决策\结果\备份\GEV_2026-08-19T12_34_48-07_00-13df682d44\GEV_经营情景市场状态投资决策_2026-07-15.md,333,悲观 / 受损,2,震荡均值回归,强烈不建议投资,-66,-44,强烈不建议投资｜-66%～-44%｜中
GEV,D:\drive\Investment\分析报告\公司情景投资决策\结果\备份\GEV_2026-08-19T12_34_48-07_00-13df682d44\GEV_经营情景市场状态投资决策_2026-07-15.md,333,悲观 / 受损,3,有序风险收缩,强烈不建议投资,-73,-52,强烈不建议投资｜-73%～-52%｜中
GEV,D:\drive\Investment\分析报告\公司情景投资决策\结果\备份\GEV_2026-08-19T12_34_48-07_00-13df682d44\GEV_经营情景市场状态投资决策_2026-07-15.md,333,悲观 / 受损,4,流动性信用压力,强烈不建议投资,-80,-61,强烈不建议投资｜-80%～-61%｜低
GEV,D:\drive\Investment\分析报告\公司情景投资决策\结果\备份\GEV_2026-08-19T12_34_48-07_00-13df682d44\GEV_经营情景市场状态投资决策_2026-07-15.md,334,基准 / 正常兑现,0,宽基风险扩张,中性 / 等待,-23,+18,中性 / 等待｜-23%～+18%｜中
GEV,D:\drive\Investment\分析报告\公司情景投资决策\结果\备份\GEV_2026-08-19T12_34_48-07_00-13df682d44\GEV_经营情景市场状态投资决策_2026-07-15.md,334,基准 / 正常兑现,1,窄幅主题主导上涨,中性 / 等待,-16,+27,中性 / 等待｜-16%～+27%｜低
GEV,D:\drive\Investment\分析报告\公司情景投资决策\结果\备份\GEV_2026-08-19T12_34_48-07_00-13df682d44\GEV_经营情景市场状态投资决策_2026-07-15.md,334,基准 / 正常兑现,2,震荡均值回归,不建议投资,-34,+5,不建议投资｜-34%～+5%｜中
GEV,D:\drive\Investment\分析报告\公司情景投资决策\结果\备份\GEV_2026-08-19T12_34_48-07_00-13df682d44\GEV_经营情景市场状态投资决策_2026-07-15.md,334,基准 / 正常兑现,3,有序风险收缩,强烈不建议投资,-44,-8,强烈不建议投资｜-44%～-8%｜低
GEV,D:\drive\Investment\分析报告\公司情景投资决策\结果\备份\GEV_2026-08-19T12_34_48-07_00-13df682d44\GEV_经营情景市场状态投资决策_2026-07-15.md,334,基准 / 正常兑现,4,流动性信用压力,强烈不建议投资,-58,-25,强烈不建议投资｜-58%～-25%｜低
GEV,D:\drive\Investment\分析报告\公司情景投资决策\结果\备份\GEV_2026-08-19T12_34_48-07_00-13df682d44\GEV_经营情景市场状态投资决策_2026-07-15.md,335,乐观 / 超预期,0,宽基风险扩张,建议投资,+9,+73,建议投资｜+9%～+73%｜中
GEV,D:\drive\Investment\分析报告\公司情景投资决策\结果\备份\GEV_2026-08-19T12_34_48-07_00-13df682d44\GEV_经营情景市场状态投资决策_2026-07-15.md,335,乐观 / 超预期,1,窄幅主题主导上涨,建议投资,+18,+90,建议投资｜+18%～+90%｜低
GEV,D:\drive\Investment\分析报告\公司情景投资决策\结果\备份\GEV_2026-08-19T12_34_48-07_00-13df682d44\GEV_经营情景市场状态投资决策_2026-07-15.md,335,乐观 / 超预期,2,震荡均值回归,谨慎建议投资,-5,+56,谨慎建议投资｜-5%～+56%｜中
GEV,D:\drive\Investment\分析报告\公司情景投资决策\结果\备份\GEV_2026-08-19T12_34_48-07_00-13df682d44\GEV_经营情景市场状态投资决策_2026-07-15.md,335,乐观 / 超预期,3,有序风险收缩,谨慎建议投资,-18,+39,谨慎建议投资｜-18%～+39%｜低
GEV,D:\drive\Investment\分析报告\公司情景投资决策\结果\备份\GEV_2026-08-19T12_34_48-07_00-13df682d44\GEV_经营情景市场状态投资决策_2026-07-15.md,335,乐观 / 超预期,4,流动性信用压力,不建议投资,-36,+16,不建议投资｜-36%～+16%｜低
GEV,D:\drive\Investment\分析报告\公司情景投资决策\结果\备份\GEV_2026-08-19T12_34_48-07_00-13df682d44\GEV_经营情景市场状态投资决策_2026-07-15.md,336,突破 / 非线性,0,宽基风险扩张,强烈建议投资,+59,+180,强烈建议投资｜+59%～+180%｜低
GEV,D:\drive\Investment\分析报告\公司情景投资决策\结果\备份\GEV_2026-08-19T12_34_48-07_00-13df682d44\GEV_经营情景市场状态投资决策_2026-07-15.md,336,突破 / 非线性,1,窄幅主题主导上涨,强烈建议投资,+77,+211,强烈建议投资｜+77%～+211%｜低
GEV,D:\drive\Investment\分析报告\公司情景投资决策\结果\备份\GEV_2026-08-19T12_34_48-07_00-13df682d44\GEV_经营情景市场状态投资决策_2026-07-15.md,336,突破 / 非线性,2,震荡均值回归,强烈建议投资,+42,+148,强烈建议投资｜+42%～+148%｜低
GEV,D:\drive\Investment\分析报告\公司情景投资决策\结果\备份\GEV_2026-08-19T12_34_48-07_00-13df682d44\GEV_经营情景市场状态投资决策_2026-07-15.md,336,突破 / 非线性,3,有序风险收缩,建议投资,+18,+116,建议投资｜+18%～+116%｜低
GEV,D:\drive\Investment\分析报告\公司情景投资决策\结果\备份\GEV_2026-08-19T12_34_48-07_00-13df682d44\GEV_经营情景市场状态投资决策_2026-07-15.md,336,突破 / 非线性,4,流动性信用压力,谨慎建议投资,-5,+85,谨慎建议投资｜-5%～+85%｜低
GFS,D:\drive\Investment\分析报告\公司情景投资决策\结果\GFS_经营情景市场状态投资决策_2026-07-15.md,382,悲观 / 受损,0,宽基风险扩张,强烈不建议投资,-60,-46,强烈不建议投资｜-60%～-46%｜中
GFS,D:\drive\Investment\分析报告\公司情景投资决策\结果\GFS_经营情景市场状态投资决策_2026-07-15.md,382,悲观 / 受损,1,窄幅主题主导上涨,强烈不建议投资,-64,-49,强烈不建议投资｜-64%～-49%｜中
GFS,D:\drive\Investment\分析报告\公司情景投资决策\结果\GFS_经营情景市场状态投资决策_2026-07-15.md,382,悲观 / 受损,2,震荡均值回归,强烈不建议投资,-67,-54,强烈不建议投资｜-67%～-54%｜中
GFS,D:\drive\Investment\分析报告\公司情景投资决策\结果\GFS_经营情景市场状态投资决策_2026-07-15.md,382,悲观 / 受损,3,有序风险收缩,强烈不建议投资,-72,-60,强烈不建议投资｜-72%～-60%｜中
GFS,D:\drive\Investment\分析报告\公司情景投资决策\结果\GFS_经营情景市场状态投资决策_2026-07-15.md,382,悲观 / 受损,4,流动性信用压力,强烈不建议投资,-80,-68,强烈不建议投资｜-80%～-68%｜低
GFS,D:\drive\Investment\分析报告\公司情景投资决策\结果\GFS_经营情景市场状态投资决策_2026-07-15.md,383,基准 / 正常兑现,0,宽基风险扩张,中性 / 等待,-9,+18,中性 / 等待｜-9%～+18%｜中
GFS,D:\drive\Investment\分析报告\公司情景投资决策\结果\GFS_经营情景市场状态投资决策_2026-07-15.md,383,基准 / 正常兑现,1,窄幅主题主导上涨,中性 / 等待,-6,+25,中性 / 等待｜-6%～+25%｜中
GFS,D:\drive\Investment\分析报告\公司情景投资决策\结果\GFS_经营情景市场状态投资决策_2026-07-15.md,383,基准 / 正常兑现,2,震荡均值回归,不建议投资,-21,+4,不建议投资｜-21%～+4%｜中
GFS,D:\drive\Investment\分析报告\公司情景投资决策\结果\GFS_经营情景市场状态投资决策_2026-07-15.md,383,基准 / 正常兑现,3,有序风险收缩,不建议投资,-34,-13,不建议投资｜-34%～-13%｜中低
GFS,D:\drive\Investment\分析报告\公司情景投资决策\结果\GFS_经营情景市场状态投资决策_2026-07-15.md,383,基准 / 正常兑现,4,流动性信用压力,强烈不建议投资,-52,-31,强烈不建议投资｜-52%～-31%｜低
GFS,D:\drive\Investment\分析报告\公司情景投资决策\结果\GFS_经营情景市场状态投资决策_2026-07-15.md,384,乐观 / 超预期,0,宽基风险扩张,强烈建议投资,+28,+71,强烈建议投资｜+28%～+71%｜中
GFS,D:\drive\Investment\分析报告\公司情景投资决策\结果\GFS_经营情景市场状态投资决策_2026-07-15.md,384,乐观 / 超预期,1,窄幅主题主导上涨,强烈建议投资,+38,+87,强烈建议投资｜+38%～+87%｜中低
GFS,D:\drive\Investment\分析报告\公司情景投资决策\结果\GFS_经营情景市场状态投资决策_2026-07-15.md,384,乐观 / 超预期,2,震荡均值回归,建议投资,+15,+49,建议投资｜+15%～+49%｜中
GFS,D:\drive\Investment\分析报告\公司情景投资决策\结果\GFS_经营情景市场状态投资决策_2026-07-15.md,384,乐观 / 超预期,3,有序风险收缩,谨慎建议投资,-4,+27,谨慎建议投资｜-4%～+27%｜低
GFS,D:\drive\Investment\分析报告\公司情景投资决策\结果\GFS_经营情景市场状态投资决策_2026-07-15.md,384,乐观 / 超预期,4,流动性信用压力,不建议投资,-29,+1,不建议投资｜-29%～+1%｜低
GFS,D:\drive\Investment\分析报告\公司情景投资决策\结果\GFS_经营情景市场状态投资决策_2026-07-15.md,385,突破 / 非线性,0,宽基风险扩张,强烈建议投资,+82,+157,强烈建议投资｜+82%～+157%｜低
GFS,D:\drive\Investment\分析报告\公司情景投资决策\结果\GFS_经营情景市场状态投资决策_2026-07-15.md,385,突破 / 非线性,1,窄幅主题主导上涨,强烈建议投资,+103,+190,强烈建议投资｜+103%～+190%｜低
GFS,D:\drive\Investment\分析报告\公司情景投资决策\结果\GFS_经营情景市场状态投资决策_2026-07-15.md,385,突破 / 非线性,2,震荡均值回归,强烈建议投资,+63,+129,强烈建议投资｜+63%～+129%｜低
GFS,D:\drive\Investment\分析报告\公司情景投资决策\结果\GFS_经营情景市场状态投资决策_2026-07-15.md,385,突破 / 非线性,3,有序风险收缩,强烈建议投资,+35,+90,强烈建议投资｜+35%～+90%｜低
GFS,D:\drive\Investment\分析报告\公司情景投资决策\结果\GFS_经营情景市场状态投资决策_2026-07-15.md,385,突破 / 非线性,4,流动性信用压力,谨慎建议投资,-3,+43,谨慎建议投资｜-3%～+43%｜低
GLW,D:\drive\Investment\分析报告\公司情景投资决策\结果\GLW_经营情景市场状态投资决策_2026-07-15.md,359,悲观 / 受损,0,宽基风险扩张,强烈不建议投资,-79,-54,强烈不建议投资｜-79%～-54%｜中
GLW,D:\drive\Investment\分析报告\公司情景投资决策\结果\GLW_经营情景市场状态投资决策_2026-07-15.md,359,悲观 / 受损,1,窄幅主题主导上涨,强烈不建议投资,-82,-61,强烈不建议投资｜-82%～-61%｜中
GLW,D:\drive\Investment\分析报告\公司情景投资决策\结果\GLW_经营情景市场状态投资决策_2026-07-15.md,359,悲观 / 受损,2,震荡均值回归,强烈不建议投资,-85,-67,强烈不建议投资｜-85%～-67%｜中
GLW,D:\drive\Investment\分析报告\公司情景投资决策\结果\GLW_经营情景市场状态投资决策_2026-07-15.md,359,悲观 / 受损,3,有序风险收缩,强烈不建议投资,-89,-73,强烈不建议投资｜-89%～-73%｜低
GLW,D:\drive\Investment\分析报告\公司情景投资决策\结果\GLW_经营情景市场状态投资决策_2026-07-15.md,359,悲观 / 受损,4,流动性信用压力,强烈不建议投资,-93,-82,强烈不建议投资｜-93%～-82%｜低
GLW,D:\drive\Investment\分析报告\公司情景投资决策\结果\GLW_经营情景市场状态投资决策_2026-07-15.md,360,基准 / 正常兑现,0,宽基风险扩张,不建议投资,-39,+8,不建议投资｜-39%～+8%｜低
GLW,D:\drive\Investment\分析报告\公司情景投资决策\结果\GLW_经营情景市场状态投资决策_2026-07-15.md,360,基准 / 正常兑现,1,窄幅主题主导上涨,中性 / 等待,-30,+27,中性 / 等待｜-30%～+27%｜低
GLW,D:\drive\Investment\分析报告\公司情景投资决策\结果\GLW_经营情景市场状态投资决策_2026-07-15.md,360,基准 / 正常兑现,2,震荡均值回归,强烈不建议投资,-50,-11,强烈不建议投资｜-50%～-11%｜中
GLW,D:\drive\Investment\分析报告\公司情景投资决策\结果\GLW_经营情景市场状态投资决策_2026-07-15.md,360,基准 / 正常兑现,3,有序风险收缩,强烈不建议投资,-65,-30,强烈不建议投资｜-65%～-30%｜中
GLW,D:\drive\Investment\分析报告\公司情景投资决策\结果\GLW_经营情景市场状态投资决策_2026-07-15.md,360,基准 / 正常兑现,4,流动性信用压力,强烈不建议投资,-76,-49,强烈不建议投资｜-76%～-49%｜低
GLW,D:\drive\Investment\分析报告\公司情景投资决策\结果\GLW_经营情景市场状态投资决策_2026-07-15.md,361,乐观 / 超预期,0,宽基风险扩张,谨慎建议投资,-7,+62,谨慎建议投资｜-7%～+62%｜低
GLW,D:\drive\Investment\分析报告\公司情景投资决策\结果\GLW_经营情景市场状态投资决策_2026-07-15.md,361,乐观 / 超预期,1,窄幅主题主导上涨,建议投资,+7,+87,建议投资｜+7%～+87%｜低
GLW,D:\drive\Investment\分析报告\公司情景投资决策\结果\GLW_经营情景市场状态投资决策_2026-07-15.md,361,乐观 / 超预期,2,震荡均值回归,中性 / 等待,-22,+37,中性 / 等待｜-22%～+37%｜低
GLW,D:\drive\Investment\分析报告\公司情景投资决策\结果\GLW_经营情景市场状态投资决策_2026-07-15.md,361,乐观 / 超预期,3,有序风险收缩,不建议投资,-45,+13,不建议投资｜-45%～+13%｜低
GLW,D:\drive\Investment\分析报告\公司情景投资决策\结果\GLW_经营情景市场状态投资决策_2026-07-15.md,361,乐观 / 超预期,4,流动性信用压力,强烈不建议投资,-62,-13,强烈不建议投资｜-62%～-13%｜低
GLW,D:\drive\Investment\分析报告\公司情景投资决策\结果\GLW_经营情景市场状态投资决策_2026-07-15.md,362,突破 / 非线性,0,宽基风险扩张,建议投资,+38,+154,建议投资｜+38%～+154%｜低
GLW,D:\drive\Investment\分析报告\公司情景投资决策\结果\GLW_经营情景市场状态投资决策_2026-07-15.md,362,突破 / 非线性,1,窄幅主题主导上涨,建议投资,+61,+196,建议投资｜+61%～+196%｜低
GLW,D:\drive\Investment\分析报告\公司情景投资决策\结果\GLW_经营情景市场状态投资决策_2026-07-15.md,362,突破 / 非线性,2,震荡均值回归,谨慎建议投资,+18,+112,谨慎建议投资｜+18%～+112%｜低
GLW,D:\drive\Investment\分析报告\公司情景投资决策\结果\GLW_经营情景市场状态投资决策_2026-07-15.md,362,突破 / 非线性,3,有序风险收缩,中性 / 等待,-7,+79,中性 / 等待｜-7%～+79%｜低
GLW,D:\drive\Investment\分析报告\公司情景投资决策\结果\GLW_经营情景市场状态投资决策_2026-07-15.md,362,突破 / 非线性,4,流动性信用压力,中性 / 等待,-33,+45,中性 / 等待｜-33%～+45%｜低
GNRC,D:\drive\Investment\分析报告\公司情景投资决策\结果\GNRC_经营情景市场状态投资决策_2026-07-15.md,274,悲观 / 受损,0,宽基风险扩张,强烈不建议投资,-67,-27,强烈不建议投资｜-67%～-27%｜中
GNRC,D:\drive\Investment\分析报告\公司情景投资决策\结果\GNRC_经营情景市场状态投资决策_2026-07-15.md,274,悲观 / 受损,1,窄幅主题主导上涨,强烈不建议投资,-65,-25,强烈不建议投资｜-65%～-25%｜中
GNRC,D:\drive\Investment\分析报告\公司情景投资决策\结果\GNRC_经营情景市场状态投资决策_2026-07-15.md,274,悲观 / 受损,2,震荡均值回归,强烈不建议投资,-71,-34,强烈不建议投资｜-71%～-34%｜中
GNRC,D:\drive\Investment\分析报告\公司情景投资决策\结果\GNRC_经营情景市场状态投资决策_2026-07-15.md,274,悲观 / 受损,3,有序风险收缩,强烈不建议投资,-76,-40,强烈不建议投资｜-76%～-40%｜低
GNRC,D:\drive\Investment\分析报告\公司情景投资决策\结果\GNRC_经营情景市场状态投资决策_2026-07-15.md,274,悲观 / 受损,4,流动性信用压力,强烈不建议投资,-82,-54,强烈不建议投资｜-82%～-54%｜低
GNRC,D:\drive\Investment\分析报告\公司情景投资决策\结果\GNRC_经营情景市场状态投资决策_2026-07-15.md,275,基准 / 正常兑现,0,宽基风险扩张,中性 / 等待,-27,+37,中性 / 等待｜-27%～+37%｜中
GNRC,D:\drive\Investment\分析报告\公司情景投资决策\结果\GNRC_经营情景市场状态投资决策_2026-07-15.md,275,基准 / 正常兑现,1,窄幅主题主导上涨,谨慎建议投资,-21,+48,谨慎建议投资｜-21%～+48%｜中
GNRC,D:\drive\Investment\分析报告\公司情景投资决策\结果\GNRC_经营情景市场状态投资决策_2026-07-15.md,275,基准 / 正常兑现,2,震荡均值回归,不建议投资,-36,+24,不建议投资｜-36%～+24%｜中
GNRC,D:\drive\Investment\分析报告\公司情景投资决策\结果\GNRC_经营情景市场状态投资决策_2026-07-15.md,275,基准 / 正常兑现,3,有序风险收缩,强烈不建议投资,-47,+4,强烈不建议投资｜-47%～+4%｜低
GNRC,D:\drive\Investment\分析报告\公司情景投资决策\结果\GNRC_经营情景市场状态投资决策_2026-07-15.md,275,基准 / 正常兑现,4,流动性信用压力,强烈不建议投资,-60,-18,强烈不建议投资｜-60%～-18%｜低
GNRC,D:\drive\Investment\分析报告\公司情景投资决策\结果\GNRC_经营情景市场状态投资决策_2026-07-15.md,276,乐观 / 超预期,0,宽基风险扩张,建议投资,+10,+103,建议投资｜+10%～+103%｜中
GNRC,D:\drive\Investment\分析报告\公司情景投资决策\结果\GNRC_经营情景市场状态投资决策_2026-07-15.md,276,乐观 / 超预期,1,窄幅主题主导上涨,强烈建议投资,+19,+127,强烈建议投资｜+19%～+127%｜中
GNRC,D:\drive\Investment\分析报告\公司情景投资决策\结果\GNRC_经营情景市场状态投资决策_2026-07-15.md,276,乐观 / 超预期,2,震荡均值回归,谨慎建议投资,-5,+74,谨慎建议投资｜-5%～+74%｜低
GNRC,D:\drive\Investment\分析报告\公司情景投资决策\结果\GNRC_经营情景市场状态投资决策_2026-07-15.md,276,乐观 / 超预期,3,有序风险收缩,中性 / 等待,-23,+46,中性 / 等待｜-23%～+46%｜低
GNRC,D:\drive\Investment\分析报告\公司情景投资决策\结果\GNRC_经营情景市场状态投资决策_2026-07-15.md,276,乐观 / 超预期,4,流动性信用压力,不建议投资,-45,+13,不建议投资｜-45%～+13%｜低
GNRC,D:\drive\Investment\分析报告\公司情景投资决策\结果\GNRC_经营情景市场状态投资决策_2026-07-15.md,277,突破 / 非线性,0,宽基风险扩张,强烈建议投资,+63,+222,强烈建议投资｜+63%～+222%｜低
GNRC,D:\drive\Investment\分析报告\公司情景投资决策\结果\GNRC_经营情景市场状态投资决策_2026-07-15.md,277,突破 / 非线性,1,窄幅主题主导上涨,强烈建议投资,+79,+271,强烈建议投资｜+79%～+271%｜低
GNRC,D:\drive\Investment\分析报告\公司情景投资决策\结果\GNRC_经营情景市场状态投资决策_2026-07-15.md,277,突破 / 非线性,2,震荡均值回归,强烈建议投资,+37,+178,强烈建议投资｜+37%～+178%｜低
GNRC,D:\drive\Investment\分析报告\公司情景投资决策\结果\GNRC_经营情景市场状态投资决策_2026-07-15.md,277,突破 / 非线性,3,有序风险收缩,建议投资,+10,+132,建议投资｜+10%～+132%｜低
GNRC,D:\drive\Investment\分析报告\公司情景投资决策\结果\GNRC_经营情景市场状态投资决策_2026-07-15.md,277,突破 / 非线性,4,流动性信用压力,谨慎建议投资,-21,+85,谨慎建议投资｜-21%～+85%｜低
GOOGL,D:\drive\Investment\分析报告\公司情景投资决策\结果\备份\GOOGL_2026-07-18T18_17_00-07_00-ed20c324be\GOOGL_经营情景市场状态投资决策_2026-07-15.md,387,悲观 / 受损,0,宽基风险扩张,强烈不建议投资,-67,-47,强烈不建议投资｜-67%～-47%｜中
GOOGL,D:\drive\Investment\分析报告\公司情景投资决策\结果\备份\GOOGL_2026-07-18T18_17_00-07_00-ed20c324be\GOOGL_经营情景市场状态投资决策_2026-07-15.md,387,悲观 / 受损,1,窄幅主题主导上涨,强烈不建议投资,-65,-40,强烈不建议投资｜-65%～-40%｜中
GOOGL,D:\drive\Investment\分析报告\公司情景投资决策\结果\备份\GOOGL_2026-07-18T18_17_00-07_00-ed20c324be\GOOGL_经营情景市场状态投资决策_2026-07-15.md,387,悲观 / 受损,2,震荡均值回归,强烈不建议投资,-74,-57,强烈不建议投资｜-74%～-57%｜中
GOOGL,D:\drive\Investment\分析报告\公司情景投资决策\结果\备份\GOOGL_2026-07-18T18_17_00-07_00-ed20c324be\GOOGL_经营情景市场状态投资决策_2026-07-15.md,387,悲观 / 受损,3,有序风险收缩,强烈不建议投资,-80,-66,强烈不建议投资｜-80%～-66%｜低
GOOGL,D:\drive\Investment\分析报告\公司情景投资决策\结果\备份\GOOGL_2026-07-18T18_17_00-07_00-ed20c324be\GOOGL_经营情景市场状态投资决策_2026-07-15.md,387,悲观 / 受损,4,流动性信用压力,强烈不建议投资,-87,-75,强烈不建议投资｜-87%～-75%｜低
GOOGL,D:\drive\Investment\分析报告\公司情景投资决策\结果\备份\GOOGL_2026-07-18T18_17_00-07_00-ed20c324be\GOOGL_经营情景市场状态投资决策_2026-07-15.md,388,基准 / 正常兑现,0,宽基风险扩张,中性 / 等待,-25,+25,中性 / 等待｜-25%～+25%｜中
GOOGL,D:\drive\Investment\分析报告\公司情景投资决策\结果\备份\GOOGL_2026-07-18T18_17_00-07_00-ed20c324be\GOOGL_经营情景市场状态投资决策_2026-07-15.md,388,基准 / 正常兑现,1,窄幅主题主导上涨,谨慎建议投资,-19,+40,谨慎建议投资｜-19%～+40%｜中
GOOGL,D:\drive\Investment\分析报告\公司情景投资决策\结果\备份\GOOGL_2026-07-18T18_17_00-07_00-ed20c324be\GOOGL_经营情景市场状态投资决策_2026-07-15.md,388,基准 / 正常兑现,2,震荡均值回归,不建议投资,-39,+2,不建议投资｜-39%～+2%｜中
GOOGL,D:\drive\Investment\分析报告\公司情景投资决策\结果\备份\GOOGL_2026-07-18T18_17_00-07_00-ed20c324be\GOOGL_经营情景市场状态投资决策_2026-07-15.md,388,基准 / 正常兑现,3,有序风险收缩,强烈不建议投资,-52,-19,强烈不建议投资｜-52%～-19%｜中
GOOGL,D:\drive\Investment\分析报告\公司情景投资决策\结果\备份\GOOGL_2026-07-18T18_17_00-07_00-ed20c324be\GOOGL_经营情景市场状态投资决策_2026-07-15.md,388,基准 / 正常兑现,4,流动性信用压力,强烈不建议投资,-67,-41,强烈不建议投资｜-67%～-41%｜低
GOOGL,D:\drive\Investment\分析报告\公司情景投资决策\结果\备份\GOOGL_2026-07-18T18_17_00-07_00-ed20c324be\GOOGL_经营情景市场状态投资决策_2026-07-15.md,389,乐观 / 超预期,0,宽基风险扩张,建议投资,+12,+78,建议投资｜+12%～+78%｜中
GOOGL,D:\drive\Investment\分析报告\公司情景投资决策\结果\备份\GOOGL_2026-07-18T18_17_00-07_00-ed20c324be\GOOGL_经营情景市场状态投资决策_2026-07-15.md,389,乐观 / 超预期,1,窄幅主题主导上涨,强烈建议投资,+21,+100,强烈建议投资｜+21%～+100%｜中
GOOGL,D:\drive\Investment\分析报告\公司情景投资决策\结果\备份\GOOGL_2026-07-18T18_17_00-07_00-ed20c324be\GOOGL_经营情景市场状态投资决策_2026-07-15.md,389,乐观 / 超预期,2,震荡均值回归,谨慎建议投资,-9,+46,谨慎建议投资｜-9%～+46%｜中
GOOGL,D:\drive\Investment\分析报告\公司情景投资决策\结果\备份\GOOGL_2026-07-18T18_17_00-07_00-ed20c324be\GOOGL_经营情景市场状态投资决策_2026-07-15.md,389,乐观 / 超预期,3,有序风险收缩,不建议投资,-28,+16,不建议投资｜-28%～+16%｜低
GOOGL,D:\drive\Investment\分析报告\公司情景投资决策\结果\备份\GOOGL_2026-07-18T18_17_00-07_00-ed20c324be\GOOGL_经营情景市场状态投资决策_2026-07-15.md,389,乐观 / 超预期,4,流动性信用压力,强烈不建议投资,-51,-15,强烈不建议投资｜-51%～-15%｜低
GOOGL,D:\drive\Investment\分析报告\公司情景投资决策\结果\备份\GOOGL_2026-07-18T18_17_00-07_00-ed20c324be\GOOGL_经营情景市场状态投资决策_2026-07-15.md,390,突破 / 非线性,0,宽基风险扩张,强烈建议投资,+67,+170,强烈建议投资｜+67%～+170%｜低
GOOGL,D:\drive\Investment\分析报告\公司情景投资决策\结果\备份\GOOGL_2026-07-18T18_17_00-07_00-ed20c324be\GOOGL_经营情景市场状态投资决策_2026-07-15.md,390,突破 / 非线性,1,窄幅主题主导上涨,强烈建议投资,+80,+203,强烈建议投资｜+80%～+203%｜低
GOOGL,D:\drive\Investment\分析报告\公司情景投资决策\结果\备份\GOOGL_2026-07-18T18_17_00-07_00-ed20c324be\GOOGL_经营情景市场状态投资决策_2026-07-15.md,390,突破 / 非线性,2,震荡均值回归,强烈建议投资,+36,+122,强烈建议投资｜+36%～+122%｜低
GOOGL,D:\drive\Investment\分析报告\公司情景投资决策\结果\备份\GOOGL_2026-07-18T18_17_00-07_00-ed20c324be\GOOGL_经营情景市场状态投资决策_2026-07-15.md,390,突破 / 非线性,3,有序风险收缩,建议投资,+8,+77,建议投资｜+8%～+77%｜低
GOOGL,D:\drive\Investment\分析报告\公司情景投资决策\结果\备份\GOOGL_2026-07-18T18_17_00-07_00-ed20c324be\GOOGL_经营情景市场状态投资决策_2026-07-15.md,390,突破 / 非线性,4,流动性信用压力,中性 / 等待,-26,+29,中性 / 等待｜-26%～+29%｜低
HOCPY,D:\drive\Investment\分析报告\公司情景投资决策\结果\HOCPY_经营情景市场状态投资决策_2026-07-15.md,73,悲观 / 受损,0,宽基风险扩张,不建议投资,-26,-10,不建议投资｜-26%～-10%｜中
HOCPY,D:\drive\Investment\分析报告\公司情景投资决策\结果\HOCPY_经营情景市场状态投资决策_2026-07-15.md,73,悲观 / 受损,1,窄幅主题主导上涨,强烈不建议投资,-30,-13,强烈不建议投资｜-30%～-13%｜中
HOCPY,D:\drive\Investment\分析报告\公司情景投资决策\结果\HOCPY_经营情景市场状态投资决策_2026-07-15.md,73,悲观 / 受损,2,震荡均值回归,强烈不建议投资,-36,-20,强烈不建议投资｜-36%～-20%｜中
HOCPY,D:\drive\Investment\分析报告\公司情景投资决策\结果\HOCPY_经营情景市场状态投资决策_2026-07-15.md,73,悲观 / 受损,3,有序风险收缩,强烈不建议投资,-46,-30,强烈不建议投资｜-46%～-30%｜低
HOCPY,D:\drive\Investment\分析报告\公司情景投资决策\结果\HOCPY_经营情景市场状态投资决策_2026-07-15.md,73,悲观 / 受损,4,流动性信用压力,强烈不建议投资,-62,-44,强烈不建议投资｜-62%～-44%｜低
HOCPY,D:\drive\Investment\分析报告\公司情景投资决策\结果\HOCPY_经营情景市场状态投资决策_2026-07-15.md,74,基准 / 正常兑现,0,宽基风险扩张,谨慎建议投资,+2,+26,谨慎建议投资｜+2%～+26%｜中
HOCPY,D:\drive\Investment\分析报告\公司情景投资决策\结果\HOCPY_经营情景市场状态投资决策_2026-07-15.md,74,基准 / 正常兑现,1,窄幅主题主导上涨,中性 / 等待,-5,+18,中性 / 等待｜-5%～+18%｜中
HOCPY,D:\drive\Investment\分析报告\公司情景投资决策\结果\HOCPY_经营情景市场状态投资决策_2026-07-15.md,74,基准 / 正常兑现,2,震荡均值回归,不建议投资,-15,+7,不建议投资｜-15%～+7%｜中
HOCPY,D:\drive\Investment\分析报告\公司情景投资决策\结果\HOCPY_经营情景市场状态投资决策_2026-07-15.md,74,基准 / 正常兑现,3,有序风险收缩,强烈不建议投资,-29,-8,强烈不建议投资｜-29%～-8%｜低
HOCPY,D:\drive\Investment\分析报告\公司情景投资决策\结果\HOCPY_经营情景市场状态投资决策_2026-07-15.md,74,基准 / 正常兑现,4,流动性信用压力,强烈不建议投资,-47,-27,强烈不建议投资｜-47%～-27%｜低
HOCPY,D:\drive\Investment\分析报告\公司情景投资决策\结果\HOCPY_经营情景市场状态投资决策_2026-07-15.md,75,乐观 / 超预期,0,宽基风险扩张,强烈建议投资,+21,+53,强烈建议投资｜+21%～+53%｜中
HOCPY,D:\drive\Investment\分析报告\公司情景投资决策\结果\HOCPY_经营情景市场状态投资决策_2026-07-15.md,75,乐观 / 超预期,1,窄幅主题主导上涨,强烈建议投资,+21,+53,强烈建议投资｜+21%～+53%｜中
HOCPY,D:\drive\Investment\分析报告\公司情景投资决策\结果\HOCPY_经营情景市场状态投资决策_2026-07-15.md,75,乐观 / 超预期,2,震荡均值回归,建议投资,+2,+32,建议投资｜+2%～+32%｜中
HOCPY,D:\drive\Investment\分析报告\公司情景投资决策\结果\HOCPY_经营情景市场状态投资决策_2026-07-15.md,75,乐观 / 超预期,3,有序风险收缩,中性 / 等待,-13,+11,中性 / 等待｜-13%～+11%｜低
HOCPY,D:\drive\Investment\分析报告\公司情景投资决策\结果\HOCPY_经营情景市场状态投资决策_2026-07-15.md,75,乐观 / 超预期,4,流动性信用压力,不建议投资,-36,-9,不建议投资｜-36%～-9%｜低
HOCPY,D:\drive\Investment\分析报告\公司情景投资决策\结果\HOCPY_经营情景市场状态投资决策_2026-07-15.md,76,突破 / 非线性,0,宽基风险扩张,强烈建议投资,+48,+91,强烈建议投资｜+48%～+91%｜低
HOCPY,D:\drive\Investment\分析报告\公司情景投资决策\结果\HOCPY_经营情景市场状态投资决策_2026-07-15.md,76,突破 / 非线性,1,窄幅主题主导上涨,强烈建议投资,+48,+95,强烈建议投资｜+48%～+95%｜低
HOCPY,D:\drive\Investment\分析报告\公司情景投资决策\结果\HOCPY_经营情景市场状态投资决策_2026-07-15.md,76,突破 / 非线性,2,震荡均值回归,强烈建议投资,+23,+64,强烈建议投资｜+23%～+64%｜低
HOCPY,D:\drive\Investment\分析报告\公司情景投资决策\结果\HOCPY_经营情景市场状态投资决策_2026-07-15.md,76,突破 / 非线性,3,有序风险收缩,建议投资,+3,+41,建议投资｜+3%～+41%｜低
HOCPY,D:\drive\Investment\分析报告\公司情景投资决策\结果\HOCPY_经营情景市场状态投资决策_2026-07-15.md,76,突破 / 非线性,4,流动性信用压力,中性 / 等待,-22,+13,中性 / 等待｜-22%～+13%｜低
HPE,D:\drive\Investment\分析报告\公司情景投资决策\结果\备份\HPE_2026-08-19T12_34_38-07_00-04bf641c36\HPE_经营情景市场状态投资决策_2026-07-15.md,293,悲观 / 受损,0,宽基风险扩张,强烈不建议投资,-52,-27,强烈不建议投资｜-52%～-27%｜中
HPE,D:\drive\Investment\分析报告\公司情景投资决策\结果\备份\HPE_2026-08-19T12_34_38-07_00-04bf641c36\HPE_经营情景市场状态投资决策_2026-07-15.md,293,悲观 / 受损,1,窄幅主题主导上涨,强烈不建议投资,-57,-33,强烈不建议投资｜-57%～-33%｜中
HPE,D:\drive\Investment\分析报告\公司情景投资决策\结果\备份\HPE_2026-08-19T12_34_38-07_00-04bf641c36\HPE_经营情景市场状态投资决策_2026-07-15.md,293,悲观 / 受损,2,震荡均值回归,强烈不建议投资,-59,-35,强烈不建议投资｜-59%～-35%｜中
HPE,D:\drive\Investment\分析报告\公司情景投资决策\结果\备份\HPE_2026-08-19T12_34_38-07_00-04bf641c36\HPE_经营情景市场状态投资决策_2026-07-15.md,293,悲观 / 受损,3,有序风险收缩,强烈不建议投资,-65,-44,强烈不建议投资｜-65%～-44%｜低
HPE,D:\drive\Investment\分析报告\公司情景投资决策\结果\备份\HPE_2026-08-19T12_34_38-07_00-04bf641c36\HPE_经营情景市场状态投资决策_2026-07-15.md,293,悲观 / 受损,4,流动性信用压力,强烈不建议投资,-76,-56,强烈不建议投资｜-76%～-56%｜低
HPE,D:\drive\Investment\分析报告\公司情景投资决策\结果\备份\HPE_2026-08-19T12_34_38-07_00-04bf641c36\HPE_经营情景市场状态投资决策_2026-07-15.md,294,基准 / 正常兑现,0,宽基风险扩张,谨慎建议投资,-4,+30,谨慎建议投资｜-4%～+30%｜中
HPE,D:\drive\Investment\分析报告\公司情景投资决策\结果\备份\HPE_2026-08-19T12_34_38-07_00-04bf641c36\HPE_经营情景市场状态投资决策_2026-07-15.md,294,基准 / 正常兑现,1,窄幅主题主导上涨,谨慎建议投资,-1,+35,谨慎建议投资｜-1%～+35%｜中
HPE,D:\drive\Investment\分析报告\公司情景投资决策\结果\备份\HPE_2026-08-19T12_34_38-07_00-04bf641c36\HPE_经营情景市场状态投资决策_2026-07-15.md,294,基准 / 正常兑现,2,震荡均值回归,中性 / 等待,-16,+16,中性 / 等待｜-16%～+16%｜中
HPE,D:\drive\Investment\分析报告\公司情景投资决策\结果\备份\HPE_2026-08-19T12_34_38-07_00-04bf641c36\HPE_经营情景市场状态投资决策_2026-07-15.md,294,基准 / 正常兑现,3,有序风险收缩,不建议投资,-31,-1,不建议投资｜-31%～-1%｜低
HPE,D:\drive\Investment\分析报告\公司情景投资决策\结果\备份\HPE_2026-08-19T12_34_38-07_00-04bf641c36\HPE_经营情景市场状态投资决策_2026-07-15.md,294,基准 / 正常兑现,4,流动性信用压力,强烈不建议投资,-52,-27,强烈不建议投资｜-52%～-27%｜低
HPE,D:\drive\Investment\分析报告\公司情景投资决策\结果\备份\HPE_2026-08-19T12_34_38-07_00-04bf641c36\HPE_经营情景市场状态投资决策_2026-07-15.md,295,乐观 / 超预期,0,宽基风险扩张,强烈建议投资,+39,+96,强烈建议投资｜+39%～+96%｜中
HPE,D:\drive\Investment\分析报告\公司情景投资决策\结果\备份\HPE_2026-08-19T12_34_38-07_00-04bf641c36\HPE_经营情景市场状态投资决策_2026-07-15.md,295,乐观 / 超预期,1,窄幅主题主导上涨,强烈建议投资,+47,+109,强烈建议投资｜+47%～+109%｜中
HPE,D:\drive\Investment\分析报告\公司情景投资决策\结果\备份\HPE_2026-08-19T12_34_38-07_00-04bf641c36\HPE_经营情景市场状态投资决策_2026-07-15.md,295,乐观 / 超预期,2,震荡均值回归,建议投资,+20,+66,建议投资｜+20%～+66%｜中
HPE,D:\drive\Investment\分析报告\公司情景投资决策\结果\备份\HPE_2026-08-19T12_34_38-07_00-04bf641c36\HPE_经营情景市场状态投资决策_2026-07-15.md,295,乐观 / 超预期,3,有序风险收缩,谨慎建议投资,-3,+41,谨慎建议投资｜-3%～+41%｜低
HPE,D:\drive\Investment\分析报告\公司情景投资决策\结果\备份\HPE_2026-08-19T12_34_38-07_00-04bf641c36\HPE_经营情景市场状态投资决策_2026-07-15.md,295,乐观 / 超预期,4,流动性信用压力,不建议投资,-27,+16,不建议投资｜-27%～+16%｜低
HPE,D:\drive\Investment\分析报告\公司情景投资决策\结果\备份\HPE_2026-08-19T12_34_38-07_00-04bf641c36\HPE_经营情景市场状态投资决策_2026-07-15.md,296,突破 / 非线性,0,宽基风险扩张,强烈建议投资,+96,+206,强烈建议投资｜+96%～+206%｜低
HPE,D:\drive\Investment\分析报告\公司情景投资决策\结果\备份\HPE_2026-08-19T12_34_38-07_00-04bf641c36\HPE_经营情景市场状态投资决策_2026-07-15.md,296,突破 / 非线性,1,窄幅主题主导上涨,强烈建议投资,+121,+240,强烈建议投资｜+121%～+240%｜低
HPE,D:\drive\Investment\分析报告\公司情景投资决策\结果\备份\HPE_2026-08-19T12_34_38-07_00-04bf641c36\HPE_经营情景市场状态投资决策_2026-07-15.md,296,突破 / 非线性,2,震荡均值回归,强烈建议投资,+75,+155,强烈建议投资｜+75%～+155%｜低
HPE,D:\drive\Investment\分析报告\公司情景投资决策\结果\备份\HPE_2026-08-19T12_34_38-07_00-04bf641c36\HPE_经营情景市场状态投资决策_2026-07-15.md,296,突破 / 非线性,3,有序风险收缩,强烈建议投资,+41,+115,强烈建议投资｜+41%～+115%｜低
HPE,D:\drive\Investment\分析报告\公司情景投资决策\结果\备份\HPE_2026-08-19T12_34_38-07_00-04bf641c36\HPE_经营情景市场状态投资决策_2026-07-15.md,296,突破 / 非线性,4,流动性信用压力,谨慎建议投资,+11,+79,谨慎建议投资｜+11%～+79%｜低
HTHIY,D:\drive\Investment\分析报告\公司情景投资决策\结果\HTHIY_经营情景市场状态投资决策_2026-07-15.md,294,悲观 / 受损,0,宽基风险扩张,不建议投资,-34.9,-15.6,不建议投资｜-34.9%～-15.6%｜中
HTHIY,D:\drive\Investment\分析报告\公司情景投资决策\结果\HTHIY_经营情景市场状态投资决策_2026-07-15.md,294,悲观 / 受损,1,窄幅主题主导上涨,不建议投资,-38.1,-19.2,不建议投资｜-38.1%～-19.2%｜中
HTHIY,D:\drive\Investment\分析报告\公司情景投资决策\结果\HTHIY_经营情景市场状态投资决策_2026-07-15.md,294,悲观 / 受损,2,震荡均值回归,强烈不建议投资,-44.5,-26.4,强烈不建议投资｜-44.5%～-26.4%｜中
HTHIY,D:\drive\Investment\分析报告\公司情景投资决策\结果\HTHIY_经营情景市场状态投资决策_2026-07-15.md,294,悲观 / 受损,3,有序风险收缩,强烈不建议投资,-54.1,-37.2,强烈不建议投资｜-54.1%～-37.2%｜中
HTHIY,D:\drive\Investment\分析报告\公司情景投资决策\结果\HTHIY_经营情景市场状态投资决策_2026-07-15.md,294,悲观 / 受损,4,流动性信用压力,强烈不建议投资,-66.8,-48.0,强烈不建议投资｜-66.8%～-48.0%｜低
HTHIY,D:\drive\Investment\分析报告\公司情景投资决策\结果\HTHIY_经营情景市场状态投资决策_2026-07-15.md,295,基准 / 正常兑现,0,宽基风险扩张,谨慎建议投资,+3.8,+31.0,谨慎建议投资｜+3.8%～+31.0%｜中
HTHIY,D:\drive\Investment\分析报告\公司情景投资决策\结果\HTHIY_经营情景市场状态投资决策_2026-07-15.md,295,基准 / 正常兑现,1,窄幅主题主导上涨,谨慎建议投资,-0.7,+26.0,谨慎建议投资｜-0.7%～+26.0%｜中
HTHIY,D:\drive\Investment\分析报告\公司情景投资决策\结果\HTHIY_经营情景市场状态投资决策_2026-07-15.md,295,基准 / 正常兑现,2,震荡均值回归,中性 / 等待,-9.5,+16.1,中性 / 等待｜-9.5%～+16.1%｜中
HTHIY,D:\drive\Investment\分析报告\公司情景投资决策\结果\HTHIY_经营情景市场状态投资决策_2026-07-15.md,295,基准 / 正常兑现,3,有序风险收缩,不建议投资,-22.9,+1.2,不建议投资｜-22.9%～+1.2%｜中
HTHIY,D:\drive\Investment\分析报告\公司情景投资决策\结果\HTHIY_经营情景市场状态投资决策_2026-07-15.md,295,基准 / 正常兑现,4,流动性信用压力,强烈不建议投资,-40.6,-18.7,强烈不建议投资｜-40.6%～-18.7%｜低
HTHIY,D:\drive\Investment\分析报告\公司情景投资决策\结果\HTHIY_经营情景市场状态投资决策_2026-07-15.md,296,乐观 / 超预期,0,宽基风险扩张,强烈建议投资,+32.0,+67.6,强烈建议投资｜+32.0%～+67.6%｜中
HTHIY,D:\drive\Investment\分析报告\公司情景投资决策\结果\HTHIY_经营情景市场状态投资决策_2026-07-15.md,296,乐观 / 超预期,1,窄幅主题主导上涨,强烈建议投资,+32.0,+73.5,强烈建议投资｜+32.0%～+73.5%｜中
HTHIY,D:\drive\Investment\分析报告\公司情景投资决策\结果\HTHIY_经营情景市场状态投资决策_2026-07-15.md,296,乐观 / 超预期,2,震荡均值回归,建议投资,+16.4,+49.9,建议投资｜+16.4%～+49.9%｜中
HTHIY,D:\drive\Investment\分析报告\公司情景投资决策\结果\HTHIY_经营情景市场状态投资决策_2026-07-15.md,296,乐观 / 超预期,3,有序风险收缩,谨慎建议投资,+0.7,+32.2,谨慎建议投资｜+0.7%～+32.2%｜中
HTHIY,D:\drive\Investment\分析报告\公司情景投资决策\结果\HTHIY_经营情景市场状态投资决策_2026-07-15.md,296,乐观 / 超预期,4,流动性信用压力,不建议投资,-20.1,+8.6,不建议投资｜-20.1%～+8.6%｜低
HTHIY,D:\drive\Investment\分析报告\公司情景投资决策\结果\HTHIY_经营情景市场状态投资决策_2026-07-15.md,297,突破 / 非线性,0,宽基风险扩张,强烈建议投资,+72.8,+144.1,强烈建议投资｜+72.8%～+144.1%｜低
HTHIY,D:\drive\Investment\分析报告\公司情景投资决策\结果\HTHIY_经营情景市场状态投资决策_2026-07-15.md,297,突破 / 非线性,1,窄幅主题主导上涨,强烈建议投资,+79.1,+159.7,强烈建议投资｜+79.1%～+159.7%｜低
HTHIY,D:\drive\Investment\分析报告\公司情景投资决策\结果\HTHIY_经营情景市场状态投资决策_2026-07-15.md,297,突破 / 非线性,2,震荡均值回归,强烈建议投资,+53.8,+120.8,强烈建议投资｜+53.8%～+120.8%｜低
HTHIY,D:\drive\Investment\分析报告\公司情景投资决策\结果\HTHIY_经营情景市场状态投资决策_2026-07-15.md,297,突破 / 非线性,3,有序风险收缩,强烈建议投资,+28.5,+89.6,强烈建议投资｜+28.5%～+89.6%｜低
HTHIY,D:\drive\Investment\分析报告\公司情景投资决策\结果\HTHIY_经营情景市场状态投资决策_2026-07-15.md,297,突破 / 非线性,4,流动性信用压力,谨慎建议投资,+3.2,+58.4,谨慎建议投资｜+3.2%～+58.4%｜低
HUBB,D:\drive\Investment\分析报告\公司情景投资决策\结果\HUBB_经营情景市场状态投资决策_2026-07-15.md,369,悲观 / 受损,0,宽基风险扩张,强烈不建议投资,-62,-40,强烈不建议投资｜-62%～-40%｜中
HUBB,D:\drive\Investment\分析报告\公司情景投资决策\结果\HUBB_经营情景市场状态投资决策_2026-07-15.md,369,悲观 / 受损,1,窄幅主题主导上涨,强烈不建议投资,-67,-43,强烈不建议投资｜-67%～-43%｜中
HUBB,D:\drive\Investment\分析报告\公司情景投资决策\结果\HUBB_经营情景市场状态投资决策_2026-07-15.md,369,悲观 / 受损,2,震荡均值回归,强烈不建议投资,-69,-49,强烈不建议投资｜-69%～-49%｜中
HUBB,D:\drive\Investment\分析报告\公司情景投资决策\结果\HUBB_经营情景市场状态投资决策_2026-07-15.md,369,悲观 / 受损,3,有序风险收缩,强烈不建议投资,-77,-57,强烈不建议投资｜-77%～-57%｜中
HUBB,D:\drive\Investment\分析报告\公司情景投资决策\结果\HUBB_经营情景市场状态投资决策_2026-07-15.md,369,悲观 / 受损,4,流动性信用压力,强烈不建议投资,-87,-69,强烈不建议投资｜-87%～-69%｜低
HUBB,D:\drive\Investment\分析报告\公司情景投资决策\结果\HUBB_经营情景市场状态投资决策_2026-07-15.md,370,基准 / 正常兑现,0,宽基风险扩张,不建议投资,-30,+19,不建议投资｜-30%～+19%｜中
HUBB,D:\drive\Investment\分析报告\公司情景投资决策\结果\HUBB_经营情景市场状态投资决策_2026-07-15.md,370,基准 / 正常兑现,1,窄幅主题主导上涨,不建议投资,-33,+23,不建议投资｜-33%～+23%｜中
HUBB,D:\drive\Investment\分析报告\公司情景投资决策\结果\HUBB_经营情景市场状态投资决策_2026-07-15.md,370,基准 / 正常兑现,2,震荡均值回归,强烈不建议投资,-42,+7,强烈不建议投资｜-42%～+7%｜中
HUBB,D:\drive\Investment\分析报告\公司情景投资决策\结果\HUBB_经营情景市场状态投资决策_2026-07-15.md,370,基准 / 正常兑现,3,有序风险收缩,强烈不建议投资,-52,-9,强烈不建议投资｜-52%～-9%｜中
HUBB,D:\drive\Investment\分析报告\公司情景投资决策\结果\HUBB_经营情景市场状态投资决策_2026-07-15.md,370,基准 / 正常兑现,4,流动性信用压力,强烈不建议投资,-63,-28,强烈不建议投资｜-63%～-28%｜低
HUBB,D:\drive\Investment\分析报告\公司情景投资决策\结果\HUBB_经营情景市场状态投资决策_2026-07-15.md,371,乐观 / 超预期,0,宽基风险扩张,谨慎建议投资,-7,+62,谨慎建议投资｜-7%～+62%｜中
HUBB,D:\drive\Investment\分析报告\公司情景投资决策\结果\HUBB_经营情景市场状态投资决策_2026-07-15.md,371,乐观 / 超预期,1,窄幅主题主导上涨,谨慎建议投资,-10,+72,谨慎建议投资｜-10%～+72%｜中
HUBB,D:\drive\Investment\分析报告\公司情景投资决策\结果\HUBB_经营情景市场状态投资决策_2026-07-15.md,371,乐观 / 超预期,2,震荡均值回归,谨慎建议投资,-23,+48,谨慎建议投资｜-23%～+48%｜中
HUBB,D:\drive\Investment\分析报告\公司情景投资决策\结果\HUBB_经营情景市场状态投资决策_2026-07-15.md,371,乐观 / 超预期,3,有序风险收缩,不建议投资,-37,+24,不建议投资｜-37%～+24%｜低
HUBB,D:\drive\Investment\分析报告\公司情景投资决策\结果\HUBB_经营情景市场状态投资决策_2026-07-15.md,371,乐观 / 超预期,4,流动性信用压力,强烈不建议投资,-51,0,强烈不建议投资｜-51%～0%｜低
HUBB,D:\drive\Investment\分析报告\公司情景投资决策\结果\HUBB_经营情景市场状态投资决策_2026-07-15.md,372,突破 / 非线性,0,宽基风险扩张,强烈建议投资,+30,+119,强烈建议投资｜+30%～+119%｜低
HUBB,D:\drive\Investment\分析报告\公司情景投资决策\结果\HUBB_经营情景市场状态投资决策_2026-07-15.md,372,突破 / 非线性,1,窄幅主题主导上涨,强烈建议投资,+25,+137,强烈建议投资｜+25%～+137%｜低
HUBB,D:\drive\Investment\分析报告\公司情景投资决策\结果\HUBB_经营情景市场状态投资决策_2026-07-15.md,372,突破 / 非线性,2,震荡均值回归,建议投资,+7,+96,建议投资｜+7%～+96%｜低
HUBB,D:\drive\Investment\分析报告\公司情景投资决策\结果\HUBB_经营情景市场状态投资决策_2026-07-15.md,372,突破 / 非线性,3,有序风险收缩,谨慎建议投资,-13,+73,谨慎建议投资｜-13%～+73%｜低
HUBB,D:\drive\Investment\分析报告\公司情景投资决策\结果\HUBB_经营情景市场状态投资决策_2026-07-15.md,372,突破 / 非线性,4,流动性信用压力,中性 / 等待,-33,+44,中性 / 等待｜-33%～+44%｜低
IBM,D:\drive\Investment\分析报告\公司情景投资决策\结果\备份\IBM_2026-07-18T17_41_44-07_00-cc78f32202\IBM_经营情景市场状态投资决策_2026-07-15.md,39,悲观 / 受损,0,宽基风险扩张,不建议投资,-26,-5,不建议投资｜-26%～-5%｜中
IBM,D:\drive\Investment\分析报告\公司情景投资决策\结果\备份\IBM_2026-07-18T17_41_44-07_00-cc78f32202\IBM_经营情景市场状态投资决策_2026-07-15.md,39,悲观 / 受损,1,窄幅主题主导上涨,不建议投资,-29,-8,不建议投资｜-29%～-8%｜中
IBM,D:\drive\Investment\分析报告\公司情景投资决策\结果\备份\IBM_2026-07-18T17_41_44-07_00-cc78f32202\IBM_经营情景市场状态投资决策_2026-07-15.md,39,悲观 / 受损,2,震荡均值回归,强烈不建议投资,-35,-15,强烈不建议投资｜-35%～-15%｜中
IBM,D:\drive\Investment\分析报告\公司情景投资决策\结果\备份\IBM_2026-07-18T17_41_44-07_00-cc78f32202\IBM_经营情景市场状态投资决策_2026-07-15.md,39,悲观 / 受损,3,有序风险收缩,强烈不建议投资,-44,-25,强烈不建议投资｜-44%～-25%｜中
IBM,D:\drive\Investment\分析报告\公司情景投资决策\结果\备份\IBM_2026-07-18T17_41_44-07_00-cc78f32202\IBM_经营情景市场状态投资决策_2026-07-15.md,39,悲观 / 受损,4,流动性信用压力,强烈不建议投资,-56,-38,强烈不建议投资｜-56%～-38%｜低
IBM,D:\drive\Investment\分析报告\公司情景投资决策\结果\备份\IBM_2026-07-18T17_41_44-07_00-cc78f32202\IBM_经营情景市场状态投资决策_2026-07-15.md,40,基准 / 正常兑现,0,宽基风险扩张,建议投资,+4,+29,建议投资｜+4%～+29%｜中
IBM,D:\drive\Investment\分析报告\公司情景投资决策\结果\备份\IBM_2026-07-18T17_41_44-07_00-cc78f32202\IBM_经营情景市场状态投资决策_2026-07-15.md,40,基准 / 正常兑现,1,窄幅主题主导上涨,谨慎建议投资,-4,+25,谨慎建议投资｜-4%～+25%｜中
IBM,D:\drive\Investment\分析报告\公司情景投资决策\结果\备份\IBM_2026-07-18T17_41_44-07_00-cc78f32202\IBM_经营情景市场状态投资决策_2026-07-15.md,40,基准 / 正常兑现,2,震荡均值回归,中性 / 等待,-7,+17,中性 / 等待｜-7%～+17%｜中
IBM,D:\drive\Investment\分析报告\公司情景投资决策\结果\备份\IBM_2026-07-18T17_41_44-07_00-cc78f32202\IBM_经营情景市场状态投资决策_2026-07-15.md,40,基准 / 正常兑现,3,有序风险收缩,不建议投资,-21,+1,不建议投资｜-21%～+1%｜中
IBM,D:\drive\Investment\分析报告\公司情景投资决策\结果\备份\IBM_2026-07-18T17_41_44-07_00-cc78f32202\IBM_经营情景市场状态投资决策_2026-07-15.md,40,基准 / 正常兑现,4,流动性信用压力,强烈不建议投资,-39,-18,强烈不建议投资｜-39%～-18%｜低
IBM,D:\drive\Investment\分析报告\公司情景投资决策\结果\备份\IBM_2026-07-18T17_41_44-07_00-cc78f32202\IBM_经营情景市场状态投资决策_2026-07-15.md,41,乐观 / 超预期,0,宽基风险扩张,强烈建议投资,+32,+72,强烈建议投资｜+32%～+72%｜中
IBM,D:\drive\Investment\分析报告\公司情景投资决策\结果\备份\IBM_2026-07-18T17_41_44-07_00-cc78f32202\IBM_经营情景市场状态投资决策_2026-07-15.md,41,乐观 / 超预期,1,窄幅主题主导上涨,强烈建议投资,+36,+76,强烈建议投资｜+36%～+76%｜中
IBM,D:\drive\Investment\分析报告\公司情景投资决策\结果\备份\IBM_2026-07-18T17_41_44-07_00-cc78f32202\IBM_经营情景市场状态投资决策_2026-07-15.md,41,乐观 / 超预期,2,震荡均值回归,强烈建议投资,+20,+54,强烈建议投资｜+20%～+54%｜中
IBM,D:\drive\Investment\分析报告\公司情景投资决策\结果\备份\IBM_2026-07-18T17_41_44-07_00-cc78f32202\IBM_经营情景市场状态投资决策_2026-07-15.md,41,乐观 / 超预期,3,有序风险收缩,建议投资,0,+32,建议投资｜0%～+32%｜低
IBM,D:\drive\Investment\分析报告\公司情景投资决策\结果\备份\IBM_2026-07-18T17_41_44-07_00-cc78f32202\IBM_经营情景市场状态投资决策_2026-07-15.md,41,乐观 / 超预期,4,流动性信用压力,不建议投资,-20,+10,不建议投资｜-20%～+10%｜低
IBM,D:\drive\Investment\分析报告\公司情景投资决策\结果\备份\IBM_2026-07-18T17_41_44-07_00-cc78f32202\IBM_经营情景市场状态投资决策_2026-07-15.md,42,突破 / 非线性,0,宽基风险扩张,强烈建议投资,+76,+143,强烈建议投资｜+76%～+143%｜低
IBM,D:\drive\Investment\分析报告\公司情景投资决策\结果\备份\IBM_2026-07-18T17_41_44-07_00-cc78f32202\IBM_经营情景市场状态投资决策_2026-07-15.md,42,突破 / 非线性,1,窄幅主题主导上涨,强烈建议投资,+85,+158,强烈建议投资｜+85%～+158%｜低
IBM,D:\drive\Investment\分析报告\公司情景投资决策\结果\备份\IBM_2026-07-18T17_41_44-07_00-cc78f32202\IBM_经营情景市场状态投资决策_2026-07-15.md,42,突破 / 非线性,2,震荡均值回归,强烈建议投资,+58,+117,强烈建议投资｜+58%～+117%｜低
IBM,D:\drive\Investment\分析报告\公司情景投资决策\结果\备份\IBM_2026-07-18T17_41_44-07_00-cc78f32202\IBM_经营情景市场状态投资决策_2026-07-15.md,42,突破 / 非线性,3,有序风险收缩,强烈建议投资,+35,+86,强烈建议投资｜+35%～+86%｜低
IBM,D:\drive\Investment\分析报告\公司情景投资决策\结果\备份\IBM_2026-07-18T17_41_44-07_00-cc78f32202\IBM_经营情景市场状态投资决策_2026-07-15.md,42,突破 / 非线性,4,流动性信用压力,谨慎建议投资,+8,+54,谨慎建议投资｜+8%～+54%｜低
ICHR,D:\drive\Investment\分析报告\公司情景投资决策\结果\ICHR_经营情景市场状态投资决策_2026-07-15.md,71,悲观 / 受损,0,宽基风险扩张,强烈不建议投资,-94,-76,强烈不建议投资｜−94%～−76%｜中
ICHR,D:\drive\Investment\分析报告\公司情景投资决策\结果\ICHR_经营情景市场状态投资决策_2026-07-15.md,71,悲观 / 受损,1,窄幅主题主导上涨,强烈不建议投资,-95,-79,强烈不建议投资｜−95%～−79%｜中
ICHR,D:\drive\Investment\分析报告\公司情景投资决策\结果\ICHR_经营情景市场状态投资决策_2026-07-15.md,71,悲观 / 受损,2,震荡均值回归,强烈不建议投资,-95,-81,强烈不建议投资｜−95%～−81%｜中
ICHR,D:\drive\Investment\分析报告\公司情景投资决策\结果\ICHR_经营情景市场状态投资决策_2026-07-15.md,71,悲观 / 受损,3,有序风险收缩,强烈不建议投资,-96,-84,强烈不建议投资｜−96%～−84%｜低
ICHR,D:\drive\Investment\分析报告\公司情景投资决策\结果\ICHR_经营情景市场状态投资决策_2026-07-15.md,71,悲观 / 受损,4,流动性信用压力,强烈不建议投资,-97,-88,强烈不建议投资｜−97%～−88%｜低
ICHR,D:\drive\Investment\分析报告\公司情景投资决策\结果\ICHR_经营情景市场状态投资决策_2026-07-15.md,72,基准 / 正常兑现,0,宽基风险扩张,不建议投资,-62,+8,不建议投资｜−62%～+8%｜中
ICHR,D:\drive\Investment\分析报告\公司情景投资决策\结果\ICHR_经营情景市场状态投资决策_2026-07-15.md,72,基准 / 正常兑现,1,窄幅主题主导上涨,不建议投资,-68,+14,不建议投资｜−68%～+14%｜中
ICHR,D:\drive\Investment\分析报告\公司情景投资决策\结果\ICHR_经营情景市场状态投资决策_2026-07-15.md,72,基准 / 正常兑现,2,震荡均值回归,不建议投资,-71,-8,不建议投资｜−71%～−8%｜中
ICHR,D:\drive\Investment\分析报告\公司情景投资决策\结果\ICHR_经营情景市场状态投资决策_2026-07-15.md,72,基准 / 正常兑现,3,有序风险收缩,强烈不建议投资,-76,-24,强烈不建议投资｜−76%～−24%｜低
ICHR,D:\drive\Investment\分析报告\公司情景投资决策\结果\ICHR_经营情景市场状态投资决策_2026-07-15.md,72,基准 / 正常兑现,4,流动性信用压力,强烈不建议投资,-85,-45,强烈不建议投资｜−85%～−45%｜低
ICHR,D:\drive\Investment\分析报告\公司情景投资决策\结果\ICHR_经营情景市场状态投资决策_2026-07-15.md,73,乐观 / 超预期,0,宽基风险扩张,谨慎建议投资,-31,+84,谨慎建议投资｜−31%～+84%｜中
ICHR,D:\drive\Investment\分析报告\公司情景投资决策\结果\ICHR_经营情景市场状态投资决策_2026-07-15.md,73,乐观 / 超预期,1,窄幅主题主导上涨,谨慎建议投资,-42,+99,谨慎建议投资｜−42%～+99%｜中
ICHR,D:\drive\Investment\分析报告\公司情景投资决策\结果\ICHR_经营情景市场状态投资决策_2026-07-15.md,73,乐观 / 超预期,2,震荡均值回归,中性 / 等待,-47,+61,中性 / 等待｜−47%～+61%｜中
ICHR,D:\drive\Investment\分析报告\公司情景投资决策\结果\ICHR_经营情景市场状态投资决策_2026-07-15.md,73,乐观 / 超预期,3,有序风险收缩,不建议投资,-59,+31,不建议投资｜−59%～+31%｜低
ICHR,D:\drive\Investment\分析报告\公司情景投资决策\结果\ICHR_经营情景市场状态投资决策_2026-07-15.md,73,乐观 / 超预期,4,流动性信用压力,强烈不建议投资,-73,+1,强烈不建议投资｜−73%～+1%｜低
ICHR,D:\drive\Investment\分析报告\公司情景投资决策\结果\ICHR_经营情景市场状态投资决策_2026-07-15.md,74,突破 / 非线性,0,宽基风险扩张,建议投资,+22,+199,建议投资｜+22%～+199%｜低
ICHR,D:\drive\Investment\分析报告\公司情景投资决策\结果\ICHR_经营情景市场状态投资决策_2026-07-15.md,74,突破 / 非线性,1,窄幅主题主导上涨,建议投资,+7,+232,建议投资｜+7%～+232%｜低
ICHR,D:\drive\Investment\分析报告\公司情景投资决策\结果\ICHR_经营情景市场状态投资决策_2026-07-15.md,74,突破 / 非线性,2,震荡均值回归,谨慎建议投资,-4,+158,谨慎建议投资｜−4%～+158%｜低
ICHR,D:\drive\Investment\分析报告\公司情景投资决策\结果\ICHR_经营情景市场状态投资决策_2026-07-15.md,74,突破 / 非线性,3,有序风险收缩,谨慎建议投资,-25,+115,谨慎建议投资｜−25%～+115%｜低
ICHR,D:\drive\Investment\分析报告\公司情景投资决策\结果\ICHR_经营情景市场状态投资决策_2026-07-15.md,74,突破 / 非线性,4,流动性信用压力,中性 / 等待,-55,+73,中性 / 等待｜−55%～+73%｜低
IESC,D:\drive\Investment\分析报告\公司情景投资决策\结果\IESC_经营情景市场状态投资决策_2026-07-15.md,352,悲观 / 受损,0,宽基风险扩张,强烈不建议投资,-81,-52,强烈不建议投资｜−81%～−52%｜中
IESC,D:\drive\Investment\分析报告\公司情景投资决策\结果\IESC_经营情景市场状态投资决策_2026-07-15.md,352,悲观 / 受损,1,窄幅主题主导上涨,强烈不建议投资,-80,-55,强烈不建议投资｜−80%～−55%｜中
IESC,D:\drive\Investment\分析报告\公司情景投资决策\结果\IESC_经营情景市场状态投资决策_2026-07-15.md,352,悲观 / 受损,2,震荡均值回归,强烈不建议投资,-84,-61,强烈不建议投资｜−84%～−61%｜中
IESC,D:\drive\Investment\分析报告\公司情景投资决策\结果\IESC_经营情景市场状态投资决策_2026-07-15.md,352,悲观 / 受损,3,有序风险收缩,强烈不建议投资,-86,-67,强烈不建议投资｜−86%～−67%｜低
IESC,D:\drive\Investment\分析报告\公司情景投资决策\结果\IESC_经营情景市场状态投资决策_2026-07-15.md,352,悲观 / 受损,4,流动性信用压力,强烈不建议投资,-90,-75,强烈不建议投资｜−90%～−75%｜低
IESC,D:\drive\Investment\分析报告\公司情景投资决策\结果\IESC_经营情景市场状态投资决策_2026-07-15.md,353,基准 / 正常兑现,0,宽基风险扩张,不建议投资,-49,+6,不建议投资｜−49%～+6%｜中
IESC,D:\drive\Investment\分析报告\公司情景投资决策\结果\IESC_经营情景市场状态投资决策_2026-07-15.md,353,基准 / 正常兑现,1,窄幅主题主导上涨,不建议投资,-46,+15,不建议投资｜−46%～+15%｜中
IESC,D:\drive\Investment\分析报告\公司情景投资决策\结果\IESC_经营情景市场状态投资决策_2026-07-15.md,353,基准 / 正常兑现,2,震荡均值回归,强烈不建议投资,-56,-7,强烈不建议投资｜−56%～−7%｜中
IESC,D:\drive\Investment\分析报告\公司情景投资决策\结果\IESC_经营情景市场状态投资决策_2026-07-15.md,353,基准 / 正常兑现,3,有序风险收缩,强烈不建议投资,-63,-21,强烈不建议投资｜−63%～−21%｜中
IESC,D:\drive\Investment\分析报告\公司情景投资决策\结果\IESC_经营情景市场状态投资决策_2026-07-15.md,353,基准 / 正常兑现,4,流动性信用压力,强烈不建议投资,-73,-38,强烈不建议投资｜−73%～−38%｜低
IESC,D:\drive\Investment\分析报告\公司情景投资决策\结果\IESC_经营情景市场状态投资决策_2026-07-15.md,354,乐观 / 超预期,0,宽基风险扩张,谨慎建议投资,-25,+73,谨慎建议投资｜−25%～+73%｜中
IESC,D:\drive\Investment\分析报告\公司情景投资决策\结果\IESC_经营情景市场状态投资决策_2026-07-15.md,354,乐观 / 超预期,1,窄幅主题主导上涨,谨慎建议投资,-20,+92,谨慎建议投资｜−20%～+92%｜中
IESC,D:\drive\Investment\分析报告\公司情景投资决策\结果\IESC_经营情景市场状态投资决策_2026-07-15.md,354,乐观 / 超预期,2,震荡均值回归,中性 / 等待,-35,+48,中性 / 等待｜−35%～+48%｜中
IESC,D:\drive\Investment\分析报告\公司情景投资决策\结果\IESC_经营情景市场状态投资决策_2026-07-15.md,354,乐观 / 超预期,3,有序风险收缩,不建议投资,-46,+30,不建议投资｜−46%～+30%｜低
IESC,D:\drive\Investment\分析报告\公司情景投资决策\结果\IESC_经营情景市场状态投资决策_2026-07-15.md,354,乐观 / 超预期,4,流动性信用压力,强烈不建议投资,-61,-1,强烈不建议投资｜−61%～−1%｜低
IESC,D:\drive\Investment\分析报告\公司情景投资决策\结果\IESC_经营情景市场状态投资决策_2026-07-15.md,355,突破 / 非线性,0,宽基风险扩张,建议投资,+10,+147,建议投资｜+10%～+147%｜低
IESC,D:\drive\Investment\分析报告\公司情景投资决策\结果\IESC_经营情景市场状态投资决策_2026-07-15.md,355,突破 / 非线性,1,窄幅主题主导上涨,建议投资,+17,+179,建议投资｜+17%～+179%｜低
IESC,D:\drive\Investment\分析报告\公司情景投资决策\结果\IESC_经营情景市场状态投资决策_2026-07-15.md,355,突破 / 非线性,2,震荡均值回归,建议投资,-6,+115,建议投资｜−6%～+115%｜低
IESC,D:\drive\Investment\分析报告\公司情景投资决策\结果\IESC_经营情景市场状态投资决策_2026-07-15.md,355,突破 / 非线性,3,有序风险收缩,谨慎建议投资,-21,+83,谨慎建议投资｜−21%～+83%｜低
IESC,D:\drive\Investment\分析报告\公司情景投资决策\结果\IESC_经营情景市场状态投资决策_2026-07-15.md,355,突破 / 非线性,4,流动性信用压力,中性 / 等待,-44,+43,中性 / 等待｜−44%～+43%｜低
IFNNY,D:\drive\Investment\分析报告\公司情景投资决策\结果\IFNNY_经营情景市场状态投资决策_2026-07-15.md,376,悲观 / 受损,0,宽基风险扩张,强烈不建议投资,-77,-41,强烈不建议投资｜-77%～-41%｜中
IFNNY,D:\drive\Investment\分析报告\公司情景投资决策\结果\IFNNY_经营情景市场状态投资决策_2026-07-15.md,376,悲观 / 受损,1,窄幅主题主导上涨,强烈不建议投资,-79,-46,强烈不建议投资｜-79%～-46%｜中
IFNNY,D:\drive\Investment\分析报告\公司情景投资决策\结果\IFNNY_经营情景市场状态投资决策_2026-07-15.md,376,悲观 / 受损,2,震荡均值回归,强烈不建议投资,-82,-51,强烈不建议投资｜-82%～-51%｜中
IFNNY,D:\drive\Investment\分析报告\公司情景投资决策\结果\IFNNY_经营情景市场状态投资决策_2026-07-15.md,376,悲观 / 受损,3,有序风险收缩,强烈不建议投资,-86,-56,强烈不建议投资｜-86%～-56%｜低
IFNNY,D:\drive\Investment\分析报告\公司情景投资决策\结果\IFNNY_经营情景市场状态投资决策_2026-07-15.md,376,悲观 / 受损,4,流动性信用压力,强烈不建议投资,-92,-66,强烈不建议投资｜-92%～-66%｜低
IFNNY,D:\drive\Investment\分析报告\公司情景投资决策\结果\IFNNY_经营情景市场状态投资决策_2026-07-15.md,377,基准 / 正常兑现,0,宽基风险扩张,不建议投资,-33,+9,不建议投资｜-33%～+9%｜中
IFNNY,D:\drive\Investment\分析报告\公司情景投资决策\结果\IFNNY_经营情景市场状态投资决策_2026-07-15.md,377,基准 / 正常兑现,1,窄幅主题主导上涨,不建议投资,-38,+16,不建议投资｜-38%～+16%｜中
IFNNY,D:\drive\Investment\分析报告\公司情景投资决策\结果\IFNNY_经营情景市场状态投资决策_2026-07-15.md,377,基准 / 正常兑现,2,震荡均值回归,强烈不建议投资,-45,-4,强烈不建议投资｜-45%～-4%｜中
IFNNY,D:\drive\Investment\分析报告\公司情景投资决策\结果\IFNNY_经营情景市场状态投资决策_2026-07-15.md,377,基准 / 正常兑现,3,有序风险收缩,强烈不建议投资,-56,-18,强烈不建议投资｜-56%～-18%｜中
IFNNY,D:\drive\Investment\分析报告\公司情景投资决策\结果\IFNNY_经营情景市场状态投资决策_2026-07-15.md,377,基准 / 正常兑现,4,流动性信用压力,强烈不建议投资,-69,-38,强烈不建议投资｜-69%～-38%｜低
IFNNY,D:\drive\Investment\分析报告\公司情景投资决策\结果\IFNNY_经营情景市场状态投资决策_2026-07-15.md,378,乐观 / 超预期,0,宽基风险扩张,谨慎建议投资,-3,+41,谨慎建议投资｜-3%～+41%｜中
IFNNY,D:\drive\Investment\分析报告\公司情景投资决策\结果\IFNNY_经营情景市场状态投资决策_2026-07-15.md,378,乐观 / 超预期,1,窄幅主题主导上涨,谨慎建议投资,-10,+56,谨慎建议投资｜-10%～+56%｜中
IFNNY,D:\drive\Investment\分析报告\公司情景投资决策\结果\IFNNY_经营情景市场状态投资决策_2026-07-15.md,378,乐观 / 超预期,2,震荡均值回归,中性 / 等待,-20,+25,中性 / 等待｜-20%～+25%｜中
IFNNY,D:\drive\Investment\分析报告\公司情景投资决策\结果\IFNNY_经营情景市场状态投资决策_2026-07-15.md,378,乐观 / 超预期,3,有序风险收缩,不建议投资,-35,+10,不建议投资｜-35%～+10%｜低
IFNNY,D:\drive\Investment\分析报告\公司情景投资决策\结果\IFNNY_经营情景市场状态投资决策_2026-07-15.md,378,乐观 / 超预期,4,流动性信用压力,强烈不建议投资,-54,-13,强烈不建议投资｜-54%～-13%｜低
IFNNY,D:\drive\Investment\分析报告\公司情景投资决策\结果\IFNNY_经营情景市场状态投资决策_2026-07-15.md,379,突破 / 非线性,0,宽基风险扩张,强烈建议投资,+47,+89,强烈建议投资｜+47%～+89%｜低
IFNNY,D:\drive\Investment\分析报告\公司情景投资决策\结果\IFNNY_经营情景市场状态投资决策_2026-07-15.md,379,突破 / 非线性,1,窄幅主题主导上涨,强烈建议投资,+37,+115,强烈建议投资｜+37%～+115%｜低
IFNNY,D:\drive\Investment\分析报告\公司情景投资决策\结果\IFNNY_经营情景市场状态投资决策_2026-07-15.md,379,突破 / 非线性,2,震荡均值回归,强烈建议投资,+22,+71,强烈建议投资｜+22%～+71%｜低
IFNNY,D:\drive\Investment\分析报告\公司情景投资决策\结果\IFNNY_经营情景市场状态投资决策_2026-07-15.md,379,突破 / 非线性,3,有序风险收缩,谨慎建议投资,-1,+45,谨慎建议投资｜-1%～+45%｜低
IFNNY,D:\drive\Investment\分析报告\公司情景投资决策\结果\IFNNY_经营情景市场状态投资决策_2026-07-15.md,379,突破 / 非线性,4,流动性信用压力,不建议投资,-29,+19,不建议投资｜-29%～+19%｜低
IMOS,D:\drive\Investment\分析报告\公司情景投资决策\结果\IMOS_经营情景市场状态投资决策_2026-07-15.md,89,悲观 / 受损,0,宽基风险扩张,强烈不建议投资,-81,-54,强烈不建议投资｜-81%～-54%｜中
IMOS,D:\drive\Investment\分析报告\公司情景投资决策\结果\IMOS_经营情景市场状态投资决策_2026-07-15.md,89,悲观 / 受损,1,窄幅主题主导上涨,强烈不建议投资,-84,-58,强烈不建议投资｜-84%～-58%｜中
IMOS,D:\drive\Investment\分析报告\公司情景投资决策\结果\IMOS_经营情景市场状态投资决策_2026-07-15.md,89,悲观 / 受损,2,震荡均值回归,强烈不建议投资,-84,-63,强烈不建议投资｜-84%～-63%｜中
IMOS,D:\drive\Investment\分析报告\公司情景投资决策\结果\IMOS_经营情景市场状态投资决策_2026-07-15.md,89,悲观 / 受损,3,有序风险收缩,强烈不建议投资,-89,-67,强烈不建议投资｜-89%～-67%｜中
IMOS,D:\drive\Investment\分析报告\公司情景投资决策\结果\IMOS_经营情景市场状态投资决策_2026-07-15.md,89,悲观 / 受损,4,流动性信用压力,强烈不建议投资,-94,-75,强烈不建议投资｜-94%～-75%｜低
IMOS,D:\drive\Investment\分析报告\公司情景投资决策\结果\IMOS_经营情景市场状态投资决策_2026-07-15.md,90,基准 / 正常兑现,0,宽基风险扩张,中性 / 等待,-33,+25,中性 / 等待｜-33%～+25%｜中
IMOS,D:\drive\Investment\分析报告\公司情景投资决策\结果\IMOS_经营情景市场状态投资决策_2026-07-15.md,90,基准 / 正常兑现,1,窄幅主题主导上涨,不建议投资,-37,+18,不建议投资｜-37%～+18%｜中
IMOS,D:\drive\Investment\分析报告\公司情景投资决策\结果\IMOS_经营情景市场状态投资决策_2026-07-15.md,90,基准 / 正常兑现,2,震荡均值回归,不建议投资,-42,+4,不建议投资｜-42%～+4%｜中
IMOS,D:\drive\Investment\分析报告\公司情景投资决策\结果\IMOS_经营情景市场状态投资决策_2026-07-15.md,90,基准 / 正常兑现,3,有序风险收缩,强烈不建议投资,-57,-16,强烈不建议投资｜-57%～-16%｜中
IMOS,D:\drive\Investment\分析报告\公司情景投资决策\结果\IMOS_经营情景市场状态投资决策_2026-07-15.md,90,基准 / 正常兑现,4,流动性信用压力,强烈不建议投资,-72,-36,强烈不建议投资｜-72%～-36%｜低
IMOS,D:\drive\Investment\分析报告\公司情景投资决策\结果\IMOS_经营情景市场状态投资决策_2026-07-15.md,91,乐观 / 超预期,0,宽基风险扩张,建议投资,+10,+103,建议投资｜+10%～+103%｜低
IMOS,D:\drive\Investment\分析报告\公司情景投资决策\结果\IMOS_经营情景市场状态投资决策_2026-07-15.md,91,乐观 / 超预期,1,窄幅主题主导上涨,建议投资,+17,+112,建议投资｜+17%～+112%｜低
IMOS,D:\drive\Investment\分析报告\公司情景投资决策\结果\IMOS_经营情景市场状态投资决策_2026-07-15.md,91,乐观 / 超预期,2,震荡均值回归,建议投资,-3,+76,建议投资｜-3%～+76%｜低
IMOS,D:\drive\Investment\分析报告\公司情景投资决策\结果\IMOS_经营情景市场状态投资决策_2026-07-15.md,91,乐观 / 超预期,3,有序风险收缩,谨慎建议投资,-23,+39,谨慎建议投资｜-23%～+39%｜低
IMOS,D:\drive\Investment\分析报告\公司情景投资决策\结果\IMOS_经营情景市场状态投资决策_2026-07-15.md,91,乐观 / 超预期,4,流动性信用压力,不建议投资,-43,+11,不建议投资｜-43%～+11%｜低
IMOS,D:\drive\Investment\分析报告\公司情景投资决策\结果\IMOS_经营情景市场状态投资决策_2026-07-15.md,92,突破 / 非线性,0,宽基风险扩张,强烈建议投资,+69,+220,强烈建议投资｜+69%～+220%｜低
IMOS,D:\drive\Investment\分析报告\公司情景投资决策\结果\IMOS_经营情景市场状态投资决策_2026-07-15.md,92,突破 / 非线性,1,窄幅主题主导上涨,强烈建议投资,+87,+246,强烈建议投资｜+87%～+246%｜低
IMOS,D:\drive\Investment\分析报告\公司情景投资决策\结果\IMOS_经营情景市场状态投资决策_2026-07-15.md,92,突破 / 非线性,2,震荡均值回归,强烈建议投资,+42,+180,强烈建议投资｜+42%～+180%｜低
IMOS,D:\drive\Investment\分析报告\公司情景投资决策\结果\IMOS_经营情景市场状态投资决策_2026-07-15.md,92,突破 / 非线性,3,有序风险收缩,建议投资,+16,+115,建议投资｜+16%～+115%｜低
IMOS,D:\drive\Investment\分析报告\公司情景投资决策\结果\IMOS_经营情景市场状态投资决策_2026-07-15.md,92,突破 / 非线性,4,流动性信用压力,谨慎建议投资,-11,+75,谨慎建议投资｜-11%～+75%｜低
INTC,D:\drive\Investment\分析报告\公司情景投资决策\结果\备份\INTC_2026-07-18T18_00_11-07_00-f8a9ac486b\INTC_经营情景市场状态投资决策_2026-07-15.md,313,悲观 / 受损,0,宽基风险扩张,强烈不建议投资,-94,-84,强烈不建议投资｜-94%～-84%｜低
INTC,D:\drive\Investment\分析报告\公司情景投资决策\结果\备份\INTC_2026-07-18T18_00_11-07_00-f8a9ac486b\INTC_经营情景市场状态投资决策_2026-07-15.md,313,悲观 / 受损,1,窄幅主题主导上涨,强烈不建议投资,-95,-86,强烈不建议投资｜-95%～-86%｜低
INTC,D:\drive\Investment\分析报告\公司情景投资决策\结果\备份\INTC_2026-07-18T18_00_11-07_00-f8a9ac486b\INTC_经营情景市场状态投资决策_2026-07-15.md,313,悲观 / 受损,2,震荡均值回归,强烈不建议投资,-96,-89,强烈不建议投资｜-96%～-89%｜低
INTC,D:\drive\Investment\分析报告\公司情景投资决策\结果\备份\INTC_2026-07-18T18_00_11-07_00-f8a9ac486b\INTC_经营情景市场状态投资决策_2026-07-15.md,313,悲观 / 受损,3,有序风险收缩,强烈不建议投资,-98,-92,强烈不建议投资｜-98%～-92%｜低
INTC,D:\drive\Investment\分析报告\公司情景投资决策\结果\备份\INTC_2026-07-18T18_00_11-07_00-f8a9ac486b\INTC_经营情景市场状态投资决策_2026-07-15.md,313,悲观 / 受损,4,流动性信用压力,强烈不建议投资,-99,-95,强烈不建议投资｜-99%～-95%｜低
INTC,D:\drive\Investment\分析报告\公司情景投资决策\结果\备份\INTC_2026-07-18T18_00_11-07_00-f8a9ac486b\INTC_经营情景市场状态投资决策_2026-07-15.md,314,基准 / 正常兑现,0,宽基风险扩张,强烈不建议投资,-73,-55,强烈不建议投资｜-73%～-55%｜中
INTC,D:\drive\Investment\分析报告\公司情景投资决策\结果\备份\INTC_2026-07-18T18_00_11-07_00-f8a9ac486b\INTC_经营情景市场状态投资决策_2026-07-15.md,314,基准 / 正常兑现,1,窄幅主题主导上涨,强烈不建议投资,-76,-59,强烈不建议投资｜-76%～-59%｜中
INTC,D:\drive\Investment\分析报告\公司情景投资决策\结果\备份\INTC_2026-07-18T18_00_11-07_00-f8a9ac486b\INTC_经营情景市场状态投资决策_2026-07-15.md,314,基准 / 正常兑现,2,震荡均值回归,强烈不建议投资,-80,-67,强烈不建议投资｜-80%～-67%｜中
INTC,D:\drive\Investment\分析报告\公司情景投资决策\结果\备份\INTC_2026-07-18T18_00_11-07_00-f8a9ac486b\INTC_经营情景市场状态投资决策_2026-07-15.md,314,基准 / 正常兑现,3,有序风险收缩,强烈不建议投资,-84,-74,强烈不建议投资｜-84%～-74%｜低
INTC,D:\drive\Investment\分析报告\公司情景投资决策\结果\备份\INTC_2026-07-18T18_00_11-07_00-f8a9ac486b\INTC_经营情景市场状态投资决策_2026-07-15.md,314,基准 / 正常兑现,4,流动性信用压力,强烈不建议投资,-90,-82,强烈不建议投资｜-90%～-82%｜低
INTC,D:\drive\Investment\分析报告\公司情景投资决策\结果\备份\INTC_2026-07-18T18_00_11-07_00-f8a9ac486b\INTC_经营情景市场状态投资决策_2026-07-15.md,315,乐观 / 超预期,0,宽基风险扩张,不建议投资,-40,0,不建议投资｜-40%～0%｜低
INTC,D:\drive\Investment\分析报告\公司情景投资决策\结果\备份\INTC_2026-07-18T18_00_11-07_00-f8a9ac486b\INTC_经营情景市场状态投资决策_2026-07-15.md,315,乐观 / 超预期,1,窄幅主题主导上涨,不建议投资,-37,+7,不建议投资｜-37%～+7%｜低
INTC,D:\drive\Investment\分析报告\公司情景投资决策\结果\备份\INTC_2026-07-18T18_00_11-07_00-f8a9ac486b\INTC_经营情景市场状态投资决策_2026-07-15.md,315,乐观 / 超预期,2,震荡均值回归,强烈不建议投资,-51,-20,强烈不建议投资｜-51%～-20%｜低
INTC,D:\drive\Investment\分析报告\公司情景投资决策\结果\备份\INTC_2026-07-18T18_00_11-07_00-f8a9ac486b\INTC_经营情景市场状态投资决策_2026-07-15.md,315,乐观 / 超预期,3,有序风险收缩,强烈不建议投资,-62,-38,强烈不建议投资｜-62%～-38%｜低
INTC,D:\drive\Investment\分析报告\公司情景投资决策\结果\备份\INTC_2026-07-18T18_00_11-07_00-f8a9ac486b\INTC_经营情景市场状态投资决策_2026-07-15.md,315,乐观 / 超预期,4,流动性信用压力,强烈不建议投资,-73,-54,强烈不建议投资｜-73%～-54%｜低
INTC,D:\drive\Investment\分析报告\公司情景投资决策\结果\备份\INTC_2026-07-18T18_00_11-07_00-f8a9ac486b\INTC_经营情景市场状态投资决策_2026-07-15.md,316,突破 / 非线性,0,宽基风险扩张,建议投资,+21,+99,建议投资｜+21%～+99%｜低
INTC,D:\drive\Investment\分析报告\公司情景投资决策\结果\备份\INTC_2026-07-18T18_00_11-07_00-f8a9ac486b\INTC_经营情景市场状态投资决策_2026-07-15.md,316,突破 / 非线性,1,窄幅主题主导上涨,强烈建议投资,+31,+114,强烈建议投资｜+31%～+114%｜低
INTC,D:\drive\Investment\分析报告\公司情景投资决策\结果\备份\INTC_2026-07-18T18_00_11-07_00-f8a9ac486b\INTC_经营情景市场状态投资决策_2026-07-15.md,316,突破 / 非线性,2,震荡均值回归,谨慎建议投资,-5,+60,谨慎建议投资｜-5%～+60%｜低
INTC,D:\drive\Investment\分析报告\公司情景投资决策\结果\备份\INTC_2026-07-18T18_00_11-07_00-f8a9ac486b\INTC_经营情景市场状态投资决策_2026-07-15.md,316,突破 / 非线性,3,有序风险收缩,中性 / 等待,-26,+24,中性 / 等待｜-26%～+24%｜低
INTC,D:\drive\Investment\分析报告\公司情景投资决策\结果\备份\INTC_2026-07-18T18_00_11-07_00-f8a9ac486b\INTC_经营情景市场状态投资决策_2026-07-15.md,316,突破 / 非线性,4,流动性信用压力,不建议投资,-47,-8,不建议投资｜-47%～-8%｜低
IREN,D:\drive\Investment\分析报告\公司情景投资决策\结果\IREN_经营情景市场状态投资决策_2026-07-15.md,423,悲观 / 受损,0,宽基风险扩张,强烈不建议投资,-87,-61,强烈不建议投资｜-87%～-61%｜低
IREN,D:\drive\Investment\分析报告\公司情景投资决策\结果\IREN_经营情景市场状态投资决策_2026-07-15.md,423,悲观 / 受损,1,窄幅主题主导上涨,强烈不建议投资,-90,-64,强烈不建议投资｜-90%～-64%｜低
IREN,D:\drive\Investment\分析报告\公司情景投资决策\结果\IREN_经营情景市场状态投资决策_2026-07-15.md,423,悲观 / 受损,2,震荡均值回归,强烈不建议投资,-94,-69,强烈不建议投资｜-94%～-69%｜低
IREN,D:\drive\Investment\分析报告\公司情景投资决策\结果\IREN_经营情景市场状态投资决策_2026-07-15.md,423,悲观 / 受损,3,有序风险收缩,强烈不建议投资,-98,-78,强烈不建议投资｜-98%～-78%｜低
IREN,D:\drive\Investment\分析报告\公司情景投资决策\结果\IREN_经营情景市场状态投资决策_2026-07-15.md,423,悲观 / 受损,4,流动性信用压力,强烈不建议投资,-100,-86,强烈不建议投资｜-100%～-86%｜低
IREN,D:\drive\Investment\分析报告\公司情景投资决策\结果\IREN_经营情景市场状态投资决策_2026-07-15.md,424,基准 / 正常兑现,0,宽基风险扩张,中性 / 等待,-30,+20,中性 / 等待｜-30%～+20%｜中
IREN,D:\drive\Investment\分析报告\公司情景投资决策\结果\IREN_经营情景市场状态投资决策_2026-07-15.md,424,基准 / 正常兑现,1,窄幅主题主导上涨,中性 / 等待,-24,+29,中性 / 等待｜-24%～+29%｜中
IREN,D:\drive\Investment\分析报告\公司情景投资决策\结果\IREN_经营情景市场状态投资决策_2026-07-15.md,424,基准 / 正常兑现,2,震荡均值回归,不建议投资,-44,-2,不建议投资｜-44%～-2%｜中
IREN,D:\drive\Investment\分析报告\公司情景投资决策\结果\IREN_经营情景市场状态投资决策_2026-07-15.md,424,基准 / 正常兑现,3,有序风险收缩,强烈不建议投资,-60,-23,强烈不建议投资｜-60%～-23%｜低
IREN,D:\drive\Investment\分析报告\公司情景投资决策\结果\IREN_经营情景市场状态投资决策_2026-07-15.md,424,基准 / 正常兑现,4,流动性信用压力,强烈不建议投资,-80,-51,强烈不建议投资｜-80%～-51%｜低
IREN,D:\drive\Investment\分析报告\公司情景投资决策\结果\IREN_经营情景市场状态投资决策_2026-07-15.md,425,乐观 / 超预期,0,宽基风险扩张,建议投资,+23,+102,建议投资｜+23%～+102%｜中
IREN,D:\drive\Investment\分析报告\公司情景投资决策\结果\IREN_经营情景市场状态投资决策_2026-07-15.md,425,乐观 / 超预期,1,窄幅主题主导上涨,强烈建议投资,+33,+126,强烈建议投资｜+33%～+126%｜中
IREN,D:\drive\Investment\分析报告\公司情景投资决策\结果\IREN_经营情景市场状态投资决策_2026-07-15.md,425,乐观 / 超预期,2,震荡均值回归,谨慎建议投资,+1,+78,谨慎建议投资｜+1%～+78%｜中
IREN,D:\drive\Investment\分析报告\公司情景投资决策\结果\IREN_经营情景市场状态投资决策_2026-07-15.md,425,乐观 / 超预期,3,有序风险收缩,中性 / 等待,-25,+37,中性 / 等待｜-25%～+37%｜低
IREN,D:\drive\Investment\分析报告\公司情景投资决策\结果\IREN_经营情景市场状态投资决策_2026-07-15.md,425,乐观 / 超预期,4,流动性信用压力,不建议投资,-63,-11,不建议投资｜-63%～-11%｜低
IREN,D:\drive\Investment\分析报告\公司情景投资决策\结果\IREN_经营情景市场状态投资决策_2026-07-15.md,426,突破 / 非线性,0,宽基风险扩张,强烈建议投资,+105,+254,强烈建议投资｜+105%～+254%｜低
IREN,D:\drive\Investment\分析报告\公司情景投资决策\结果\IREN_经营情景市场状态投资决策_2026-07-15.md,426,突破 / 非线性,1,窄幅主题主导上涨,强烈建议投资,+133,+308,强烈建议投资｜+133%～+308%｜低
IREN,D:\drive\Investment\分析报告\公司情景投资决策\结果\IREN_经营情景市场状态投资决策_2026-07-15.md,426,突破 / 非线性,2,震荡均值回归,强烈建议投资,+73,+216,强烈建议投资｜+73%～+216%｜低
IREN,D:\drive\Investment\分析报告\公司情景投资决策\结果\IREN_经营情景市场状态投资决策_2026-07-15.md,426,突破 / 非线性,3,有序风险收缩,建议投资,+31,+139,建议投资｜+31%～+139%｜低
IREN,D:\drive\Investment\分析报告\公司情景投资决策\结果\IREN_经营情景市场状态投资决策_2026-07-15.md,426,突破 / 非线性,4,流动性信用压力,谨慎建议投资,-25,+63,谨慎建议投资｜-25%～+63%｜低
JBL,D:\drive\Investment\分析报告\公司情景投资决策\结果\JBL_经营情景市场状态投资决策_2026-07-15.md,65,悲观 / 受损,0,宽基风险扩张,强烈不建议投资,-51,-32,强烈不建议投资｜−51%～−32%｜中
JBL,D:\drive\Investment\分析报告\公司情景投资决策\结果\JBL_经营情景市场状态投资决策_2026-07-15.md,65,悲观 / 受损,1,窄幅主题主导上涨,强烈不建议投资,-55,-36,强烈不建议投资｜−55%～−36%｜中
JBL,D:\drive\Investment\分析报告\公司情景投资决策\结果\JBL_经营情景市场状态投资决策_2026-07-15.md,65,悲观 / 受损,2,震荡均值回归,强烈不建议投资,-60,-44,强烈不建议投资｜−60%～−44%｜中
JBL,D:\drive\Investment\分析报告\公司情景投资决策\结果\JBL_经营情景市场状态投资决策_2026-07-15.md,65,悲观 / 受损,3,有序风险收缩,强烈不建议投资,-67,-52,强烈不建议投资｜−67%～−52%｜低
JBL,D:\drive\Investment\分析报告\公司情景投资决策\结果\JBL_经营情景市场状态投资决策_2026-07-15.md,65,悲观 / 受损,4,流动性信用压力,强烈不建议投资,-76,-60,强烈不建议投资｜−76%～−60%｜低
JBL,D:\drive\Investment\分析报告\公司情景投资决策\结果\JBL_经营情景市场状态投资决策_2026-07-15.md,66,基准 / 正常兑现,0,宽基风险扩张,中性 / 等待,-6,+25,中性 / 等待｜−6%～+25%｜中
JBL,D:\drive\Investment\分析报告\公司情景投资决策\结果\JBL_经营情景市场状态投资决策_2026-07-15.md,66,基准 / 正常兑现,1,窄幅主题主导上涨,谨慎建议投资,-1,+35,谨慎建议投资｜−1%～+35%｜中
JBL,D:\drive\Investment\分析报告\公司情景投资决策\结果\JBL_经营情景市场状态投资决策_2026-07-15.md,66,基准 / 正常兑现,2,震荡均值回归,不建议投资,-24,+5,不建议投资｜−24%～+5%｜中
JBL,D:\drive\Investment\分析报告\公司情景投资决策\结果\JBL_经营情景市场状态投资决策_2026-07-15.md,66,基准 / 正常兑现,3,有序风险收缩,强烈不建议投资,-38,-15,强烈不建议投资｜−38%～−15%｜低
JBL,D:\drive\Investment\分析报告\公司情景投资决策\结果\JBL_经营情景市场状态投资决策_2026-07-15.md,66,基准 / 正常兑现,4,流动性信用压力,强烈不建议投资,-56,-35,强烈不建议投资｜−56%～−35%｜低
JBL,D:\drive\Investment\分析报告\公司情景投资决策\结果\JBL_经营情景市场状态投资决策_2026-07-15.md,67,乐观 / 超预期,0,宽基风险扩张,强烈建议投资,+26,+70,强烈建议投资｜+26%～+70%｜中
JBL,D:\drive\Investment\分析报告\公司情景投资决策\结果\JBL_经营情景市场状态投资决策_2026-07-15.md,67,乐观 / 超预期,1,窄幅主题主导上涨,强烈建议投资,+37,+93,强烈建议投资｜+37%～+93%｜中
JBL,D:\drive\Investment\分析报告\公司情景投资决策\结果\JBL_经营情景市场状态投资决策_2026-07-15.md,67,乐观 / 超预期,2,震荡均值回归,建议投资,+5,+47,建议投资｜+5%～+47%｜中
JBL,D:\drive\Investment\分析报告\公司情景投资决策\结果\JBL_经营情景市场状态投资决策_2026-07-15.md,67,乐观 / 超预期,3,有序风险收缩,中性 / 等待,-16,+18,中性 / 等待｜−16%～+18%｜低
JBL,D:\drive\Investment\分析报告\公司情景投资决策\结果\JBL_经营情景市场状态投资决策_2026-07-15.md,67,乐观 / 超预期,4,流动性信用压力,不建议投资,-42,-11,不建议投资｜−42%～−11%｜低
JBL,D:\drive\Investment\分析报告\公司情景投资决策\结果\JBL_经营情景市场状态投资决策_2026-07-15.md,68,突破 / 非线性,0,宽基风险扩张,强烈建议投资,+61,+128,强烈建议投资｜+61%～+128%｜低
JBL,D:\drive\Investment\分析报告\公司情景投资决策\结果\JBL_经营情景市场状态投资决策_2026-07-15.md,68,突破 / 非线性,1,窄幅主题主导上涨,强烈建议投资,+84,+169,强烈建议投资｜+84%～+169%｜低
JBL,D:\drive\Investment\分析报告\公司情景投资决策\结果\JBL_经营情景市场状态投资决策_2026-07-15.md,68,突破 / 非线性,2,震荡均值回归,强烈建议投资,+37,+101,强烈建议投资｜+37%～+101%｜低
JBL,D:\drive\Investment\分析报告\公司情景投资决策\结果\JBL_经营情景市场状态投资决策_2026-07-15.md,68,突破 / 非线性,3,有序风险收缩,建议投资,+7,+60,建议投资｜+7%～+60%｜低
JBL,D:\drive\Investment\分析报告\公司情景投资决策\结果\JBL_经营情景市场状态投资决策_2026-07-15.md,68,突破 / 非线性,4,流动性信用压力,不建议投资,-28,+20,不建议投资｜−28%～+20%｜低
JCI,D:\drive\Investment\分析报告\公司情景投资决策\结果\JCI_经营情景市场状态投资决策_2026-07-15.md,260,悲观 / 受损,0,宽基风险扩张,强烈不建议投资,-53,-29,强烈不建议投资｜-53%～-29%｜中
JCI,D:\drive\Investment\分析报告\公司情景投资决策\结果\JCI_经营情景市场状态投资决策_2026-07-15.md,260,悲观 / 受损,1,窄幅主题主导上涨,强烈不建议投资,-57,-34,强烈不建议投资｜-57%～-34%｜中
JCI,D:\drive\Investment\分析报告\公司情景投资决策\结果\JCI_经营情景市场状态投资决策_2026-07-15.md,260,悲观 / 受损,2,震荡均值回归,强烈不建议投资,-60,-37,强烈不建议投资｜-60%～-37%｜中
JCI,D:\drive\Investment\分析报告\公司情景投资决策\结果\JCI_经营情景市场状态投资决策_2026-07-15.md,260,悲观 / 受损,3,有序风险收缩,强烈不建议投资,-67,-45,强烈不建议投资｜-67%～-45%｜中
JCI,D:\drive\Investment\分析报告\公司情景投资决策\结果\JCI_经营情景市场状态投资决策_2026-07-15.md,260,悲观 / 受损,4,流动性信用压力,强烈不建议投资,-75,-55,强烈不建议投资｜-75%～-55%｜低
JCI,D:\drive\Investment\分析报告\公司情景投资决策\结果\JCI_经营情景市场状态投资决策_2026-07-15.md,261,基准 / 正常兑现,0,宽基风险扩张,中性 / 等待,-16,+18,中性 / 等待｜-16%～+18%｜中
JCI,D:\drive\Investment\分析报告\公司情景投资决策\结果\JCI_经营情景市场状态投资决策_2026-07-15.md,261,基准 / 正常兑现,1,窄幅主题主导上涨,不建议投资,-19,+15,不建议投资｜-19%～+15%｜中
JCI,D:\drive\Investment\分析报告\公司情景投资决策\结果\JCI_经营情景市场状态投资决策_2026-07-15.md,261,基准 / 正常兑现,2,震荡均值回归,不建议投资,-28,+1,不建议投资｜-28%～+1%｜中
JCI,D:\drive\Investment\分析报告\公司情景投资决策\结果\JCI_经营情景市场状态投资决策_2026-07-15.md,261,基准 / 正常兑现,3,有序风险收缩,强烈不建议投资,-39,-12,强烈不建议投资｜-39%～-12%｜中
JCI,D:\drive\Investment\分析报告\公司情景投资决策\结果\JCI_经营情景市场状态投资决策_2026-07-15.md,261,基准 / 正常兑现,4,流动性信用压力,强烈不建议投资,-54,-29,强烈不建议投资｜-54%～-29%｜低
JCI,D:\drive\Investment\分析报告\公司情景投资决策\结果\JCI_经营情景市场状态投资决策_2026-07-15.md,262,乐观 / 超预期,0,宽基风险扩张,建议投资,+2,+46,建议投资｜+2%～+46%｜中
JCI,D:\drive\Investment\分析报告\公司情景投资决策\结果\JCI_经营情景市场状态投资决策_2026-07-15.md,262,乐观 / 超预期,1,窄幅主题主导上涨,建议投资,+8,+60,建议投资｜+8%～+60%｜中
JCI,D:\drive\Investment\分析报告\公司情景投资决策\结果\JCI_经营情景市场状态投资决策_2026-07-15.md,262,乐观 / 超预期,2,震荡均值回归,谨慎建议投资,-7,+36,谨慎建议投资｜-7%～+36%｜中
JCI,D:\drive\Investment\分析报告\公司情景投资决策\结果\JCI_经营情景市场状态投资决策_2026-07-15.md,262,乐观 / 超预期,3,有序风险收缩,不建议投资,-22,+16,不建议投资｜-22%～+16%｜低
JCI,D:\drive\Investment\分析报告\公司情景投资决策\结果\JCI_经营情景市场状态投资决策_2026-07-15.md,262,乐观 / 超预期,4,流动性信用压力,强烈不建议投资,-41,-4,强烈不建议投资｜-41%～-4%｜低
JCI,D:\drive\Investment\分析报告\公司情景投资决策\结果\JCI_经营情景市场状态投资决策_2026-07-15.md,263,突破 / 非线性,0,宽基风险扩张,强烈建议投资,+22,+88,强烈建议投资｜+22%～+88%｜低
JCI,D:\drive\Investment\分析报告\公司情景投资决策\结果\JCI_经营情景市场状态投资决策_2026-07-15.md,263,突破 / 非线性,1,窄幅主题主导上涨,强烈建议投资,+35,+104,强烈建议投资｜+35%～+104%｜低
JCI,D:\drive\Investment\分析报告\公司情景投资决策\结果\JCI_经营情景市场状态投资决策_2026-07-15.md,263,突破 / 非线性,2,震荡均值回归,建议投资,+9,+67,建议投资｜+9%～+67%｜低
JCI,D:\drive\Investment\分析报告\公司情景投资决策\结果\JCI_经营情景市场状态投资决策_2026-07-15.md,263,突破 / 非线性,3,有序风险收缩,谨慎建议投资,-4,+45,谨慎建议投资｜-4%～+45%｜低
JCI,D:\drive\Investment\分析报告\公司情景投资决策\结果\JCI_经营情景市场状态投资决策_2026-07-15.md,263,突破 / 非线性,4,流动性信用压力,不建议投资,-24,+23,不建议投资｜-24%～+23%｜低
KEYS,D:\drive\Investment\分析报告\公司情景投资决策\结果\KEYS_经营情景市场状态投资决策_2026-07-15.md,351,悲观 / 受损,0,宽基风险扩张,强烈不建议投资,-71,-50,强烈不建议投资｜-71%～-50%｜中
KEYS,D:\drive\Investment\分析报告\公司情景投资决策\结果\KEYS_经营情景市场状态投资决策_2026-07-15.md,351,悲观 / 受损,1,窄幅主题主导上涨,强烈不建议投资,-72,-54,强烈不建议投资｜-72%～-54%｜中
KEYS,D:\drive\Investment\分析报告\公司情景投资决策\结果\KEYS_经营情景市场状态投资决策_2026-07-15.md,351,悲观 / 受损,2,震荡均值回归,强烈不建议投资,-75,-57,强烈不建议投资｜-75%～-57%｜中
KEYS,D:\drive\Investment\分析报告\公司情景投资决策\结果\KEYS_经营情景市场状态投资决策_2026-07-15.md,351,悲观 / 受损,3,有序风险收缩,强烈不建议投资,-80,-64,强烈不建议投资｜-80%～-64%｜低
KEYS,D:\drive\Investment\分析报告\公司情景投资决策\结果\KEYS_经营情景市场状态投资决策_2026-07-15.md,351,悲观 / 受损,4,流动性信用压力,强烈不建议投资,-85,-72,强烈不建议投资｜-85%～-72%｜低
KEYS,D:\drive\Investment\分析报告\公司情景投资决策\结果\KEYS_经营情景市场状态投资决策_2026-07-15.md,352,基准 / 正常兑现,0,宽基风险扩张,不建议投资,-24,+19,不建议投资｜-24%～+19%｜中
KEYS,D:\drive\Investment\分析报告\公司情景投资决策\结果\KEYS_经营情景市场状态投资决策_2026-07-15.md,352,基准 / 正常兑现,1,窄幅主题主导上涨,不建议投资,-29,+15,不建议投资｜-29%～+15%｜中
KEYS,D:\drive\Investment\分析报告\公司情景投资决策\结果\KEYS_经营情景市场状态投资决策_2026-07-15.md,352,基准 / 正常兑现,2,震荡均值回归,不建议投资,-36,-1,不建议投资｜-36%～-1%｜中
KEYS,D:\drive\Investment\分析报告\公司情景投资决策\结果\KEYS_经营情景市场状态投资决策_2026-07-15.md,352,基准 / 正常兑现,3,有序风险收缩,强烈不建议投资,-50,-21,强烈不建议投资｜-50%～-21%｜低
KEYS,D:\drive\Investment\分析报告\公司情景投资决策\结果\KEYS_经营情景市场状态投资决策_2026-07-15.md,352,基准 / 正常兑现,4,流动性信用压力,强烈不建议投资,-63,-36,强烈不建议投资｜-63%～-36%｜低
KEYS,D:\drive\Investment\分析报告\公司情景投资决策\结果\KEYS_经营情景市场状态投资决策_2026-07-15.md,353,乐观 / 超预期,0,宽基风险扩张,谨慎建议投资,+13,+75,谨慎建议投资｜+13%～+75%｜中
KEYS,D:\drive\Investment\分析报告\公司情景投资决策\结果\KEYS_经营情景市场状态投资决策_2026-07-15.md,353,乐观 / 超预期,1,窄幅主题主导上涨,建议投资,+19,+89,建议投资｜+19%～+89%｜中
KEYS,D:\drive\Investment\分析报告\公司情景投资决策\结果\KEYS_经营情景市场状态投资决策_2026-07-15.md,353,乐观 / 超预期,2,震荡均值回归,谨慎建议投资,-4,+47,谨慎建议投资｜-4%～+47%｜低
KEYS,D:\drive\Investment\分析报告\公司情景投资决策\结果\KEYS_经营情景市场状态投资决策_2026-07-15.md,353,乐观 / 超预期,3,有序风险收缩,不建议投资,-27,+16,不建议投资｜-27%～+16%｜低
KEYS,D:\drive\Investment\分析报告\公司情景投资决策\结果\KEYS_经营情景市场状态投资决策_2026-07-15.md,353,乐观 / 超预期,4,流动性信用压力,强烈不建议投资,-44,-9,强烈不建议投资｜-44%～-9%｜低
KEYS,D:\drive\Investment\分析报告\公司情景投资决策\结果\KEYS_经营情景市场状态投资决策_2026-07-15.md,354,突破 / 非线性,0,宽基风险扩张,强烈建议投资,+55,+160,强烈建议投资｜+55%～+160%｜低
KEYS,D:\drive\Investment\分析报告\公司情景投资决策\结果\KEYS_经营情景市场状态投资决策_2026-07-15.md,354,突破 / 非线性,1,窄幅主题主导上涨,强烈建议投资,+74,+191,强烈建议投资｜+74%～+191%｜低
KEYS,D:\drive\Investment\分析报告\公司情景投资决策\结果\KEYS_经营情景市场状态投资决策_2026-07-15.md,354,突破 / 非线性,2,震荡均值回归,强烈建议投资,+36,+126,强烈建议投资｜+36%～+126%｜低
KEYS,D:\drive\Investment\分析报告\公司情景投资决策\结果\KEYS_经营情景市场状态投资决策_2026-07-15.md,354,突破 / 非线性,3,有序风险收缩,谨慎建议投资,+5,+80,谨慎建议投资｜+5%～+80%｜低
KEYS,D:\drive\Investment\分析报告\公司情景投资决策\结果\KEYS_经营情景市场状态投资决策_2026-07-15.md,354,突破 / 非线性,4,流动性信用压力,中性 / 等待,-19,+39,中性 / 等待｜-19%～+39%｜低
KLAC,D:\drive\Investment\分析报告\公司情景投资决策\结果\KLAC_经营情景市场状态投资决策_2026-07-15.md,462,悲观 / 受损,0,宽基风险扩张,强烈不建议投资,-70,-27,强烈不建议投资｜-70%～-27%｜低
KLAC,D:\drive\Investment\分析报告\公司情景投资决策\结果\KLAC_经营情景市场状态投资决策_2026-07-15.md,462,悲观 / 受损,1,窄幅主题主导上涨,强烈不建议投资,-65,-16,强烈不建议投资｜-65%～-16%｜低
KLAC,D:\drive\Investment\分析报告\公司情景投资决策\结果\KLAC_经营情景市场状态投资决策_2026-07-15.md,462,悲观 / 受损,2,震荡均值回归,强烈不建议投资,-77,-36,强烈不建议投资｜-77%～-36%｜低
KLAC,D:\drive\Investment\分析报告\公司情景投资决策\结果\KLAC_经营情景市场状态投资决策_2026-07-15.md,462,悲观 / 受损,3,有序风险收缩,强烈不建议投资,-83,-47,强烈不建议投资｜-83%～-47%｜低
KLAC,D:\drive\Investment\分析报告\公司情景投资决策\结果\KLAC_经营情景市场状态投资决策_2026-07-15.md,462,悲观 / 受损,4,流动性信用压力,强烈不建议投资,-87,-58,强烈不建议投资｜-87%～-58%｜低
KLAC,D:\drive\Investment\分析报告\公司情景投资决策\结果\KLAC_经营情景市场状态投资决策_2026-07-15.md,463,基准 / 正常兑现,0,宽基风险扩张,强烈不建议投资,-49,-1,强烈不建议投资｜-49%～-1%｜中
KLAC,D:\drive\Investment\分析报告\公司情景投资决策\结果\KLAC_经营情景市场状态投资决策_2026-07-15.md,463,基准 / 正常兑现,1,窄幅主题主导上涨,不建议投资,-41,+14,不建议投资｜-41%～+14%｜中
KLAC,D:\drive\Investment\分析报告\公司情景投资决策\结果\KLAC_经营情景市场状态投资决策_2026-07-15.md,463,基准 / 正常兑现,2,震荡均值回归,强烈不建议投资,-60,-13,强烈不建议投资｜-60%～-13%｜低
KLAC,D:\drive\Investment\分析报告\公司情景投资决策\结果\KLAC_经营情景市场状态投资决策_2026-07-15.md,463,基准 / 正常兑现,3,有序风险收缩,强烈不建议投资,-71,-28,强烈不建议投资｜-71%～-28%｜低
KLAC,D:\drive\Investment\分析报告\公司情景投资决策\结果\KLAC_经营情景市场状态投资决策_2026-07-15.md,463,基准 / 正常兑现,4,流动性信用压力,强烈不建议投资,-78,-43,强烈不建议投资｜-78%～-43%｜低
KLAC,D:\drive\Investment\分析报告\公司情景投资决策\结果\KLAC_经营情景市场状态投资决策_2026-07-15.md,464,乐观 / 超预期,0,宽基风险扩张,不建议投资,-37,+17,不建议投资｜-37%～+17%｜中
KLAC,D:\drive\Investment\分析报告\公司情景投资决策\结果\KLAC_经营情景市场状态投资决策_2026-07-15.md,464,乐观 / 超预期,1,窄幅主题主导上涨,中性 / 等待,-27,+44,中性 / 等待｜-27%～+44%｜中
KLAC,D:\drive\Investment\分析报告\公司情景投资决策\结果\KLAC_经营情景市场状态投资决策_2026-07-15.md,464,乐观 / 超预期,2,震荡均值回归,强烈不建议投资,-51,+3,强烈不建议投资｜-51%～+3%｜低
KLAC,D:\drive\Investment\分析报告\公司情景投资决策\结果\KLAC_经营情景市场状态投资决策_2026-07-15.md,464,乐观 / 超预期,3,有序风险收缩,强烈不建议投资,-65,-15,强烈不建议投资｜-65%～-15%｜低
KLAC,D:\drive\Investment\分析报告\公司情景投资决策\结果\KLAC_经营情景市场状态投资决策_2026-07-15.md,464,乐观 / 超预期,4,流动性信用压力,强烈不建议投资,-73,-32,强烈不建议投资｜-73%～-32%｜低
KLAC,D:\drive\Investment\分析报告\公司情景投资决策\结果\KLAC_经营情景市场状态投资决策_2026-07-15.md,465,突破 / 非线性,0,宽基风险扩张,谨慎建议投资,-17,+47,谨慎建议投资｜-17%～+47%｜中
KLAC,D:\drive\Investment\分析报告\公司情景投资决策\结果\KLAC_经营情景市场状态投资决策_2026-07-15.md,465,突破 / 非线性,1,窄幅主题主导上涨,建议投资,-4,+86,建议投资｜-4%～+86%｜低
KLAC,D:\drive\Investment\分析报告\公司情景投资决策\结果\KLAC_经营情景市场状态投资决策_2026-07-15.md,465,突破 / 非线性,2,震荡均值回归,不建议投资,-35,+23,不建议投资｜-35%～+23%｜低
KLAC,D:\drive\Investment\分析报告\公司情景投资决策\结果\KLAC_经营情景市场状态投资决策_2026-07-15.md,465,突破 / 非线性,3,有序风险收缩,强烈不建议投资,-54,+2,强烈不建议投资｜-54%～+2%｜低
KLAC,D:\drive\Investment\分析报告\公司情景投资决策\结果\KLAC_经营情景市场状态投资决策_2026-07-15.md,465,突破 / 非线性,4,流动性信用压力,强烈不建议投资,-65,-19,强烈不建议投资｜-65%～-19%｜低
KLIC,D:\drive\Investment\分析报告\公司情景投资决策\结果\KLIC_经营情景市场状态投资决策_2026-07-15.md,317,悲观 / 受损,0,宽基风险扩张,强烈不建议投资,-76,-58,强烈不建议投资｜-76%～-58%｜中
KLIC,D:\drive\Investment\分析报告\公司情景投资决策\结果\KLIC_经营情景市场状态投资决策_2026-07-15.md,317,悲观 / 受损,1,窄幅主题主导上涨,强烈不建议投资,-78,-61,强烈不建议投资｜-78%～-61%｜中
KLIC,D:\drive\Investment\分析报告\公司情景投资决策\结果\KLIC_经营情景市场状态投资决策_2026-07-15.md,317,悲观 / 受损,2,震荡均值回归,强烈不建议投资,-78,-64,强烈不建议投资｜-78%～-64%｜中
KLIC,D:\drive\Investment\分析报告\公司情景投资决策\结果\KLIC_经营情景市场状态投资决策_2026-07-15.md,317,悲观 / 受损,3,有序风险收缩,强烈不建议投资,-81,-68,强烈不建议投资｜-81%～-68%｜中
KLIC,D:\drive\Investment\分析报告\公司情景投资决策\结果\KLIC_经营情景市场状态投资决策_2026-07-15.md,317,悲观 / 受损,4,流动性信用压力,强烈不建议投资,-85,-73,强烈不建议投资｜-85%～-73%｜低
KLIC,D:\drive\Investment\分析报告\公司情景投资决策\结果\KLIC_经营情景市场状态投资决策_2026-07-15.md,318,基准 / 正常兑现,0,宽基风险扩张,不建议投资,-35,+24,不建议投资｜-35%～+24%｜中
KLIC,D:\drive\Investment\分析报告\公司情景投资决策\结果\KLIC_经营情景市场状态投资决策_2026-07-15.md,318,基准 / 正常兑现,1,窄幅主题主导上涨,不建议投资,-37,+30,不建议投资｜-37%～+30%｜中
KLIC,D:\drive\Investment\分析报告\公司情景投资决策\结果\KLIC_经营情景市场状态投资决策_2026-07-15.md,318,基准 / 正常兑现,2,震荡均值回归,不建议投资,-44,+3,不建议投资｜-44%～+3%｜中
KLIC,D:\drive\Investment\分析报告\公司情景投资决策\结果\KLIC_经营情景市场状态投资决策_2026-07-15.md,318,基准 / 正常兑现,3,有序风险收缩,强烈不建议投资,-51,-12,强烈不建议投资｜-51%～-12%｜低
KLIC,D:\drive\Investment\分析报告\公司情景投资决策\结果\KLIC_经营情景市场状态投资决策_2026-07-15.md,318,基准 / 正常兑现,4,流动性信用压力,强烈不建议投资,-59,-31,强烈不建议投资｜-59%～-31%｜低
KLIC,D:\drive\Investment\分析报告\公司情景投资决策\结果\KLIC_经营情景市场状态投资决策_2026-07-15.md,319,乐观 / 超预期,0,宽基风险扩张,建议投资,-2,+79,建议投资｜-2%～+79%｜中
KLIC,D:\drive\Investment\分析报告\公司情景投资决策\结果\KLIC_经营情景市场状态投资决策_2026-07-15.md,319,乐观 / 超预期,1,窄幅主题主导上涨,建议投资,-5,+100,建议投资｜-5%～+100%｜中
KLIC,D:\drive\Investment\分析报告\公司情景投资决策\结果\KLIC_经营情景市场状态投资决策_2026-07-15.md,319,乐观 / 超预期,2,震荡均值回归,谨慎建议投资,-16,+59,谨慎建议投资｜-16%～+59%｜中
KLIC,D:\drive\Investment\分析报告\公司情景投资决策\结果\KLIC_经营情景市场状态投资决策_2026-07-15.md,319,乐观 / 超预期,3,有序风险收缩,中性 / 等待,-26,+32,中性 / 等待｜-26%～+32%｜低
KLIC,D:\drive\Investment\分析报告\公司情景投资决策\结果\KLIC_经营情景市场状态投资决策_2026-07-15.md,319,乐观 / 超预期,4,流动性信用压力,不建议投资,-39,+5,不建议投资｜-39%～+5%｜低
KLIC,D:\drive\Investment\分析报告\公司情景投资决策\结果\KLIC_经营情景市场状态投资决策_2026-07-15.md,320,突破 / 非线性,0,宽基风险扩张,强烈建议投资,+36,+171,强烈建议投资｜+36%～+171%｜低
KLIC,D:\drive\Investment\分析报告\公司情景投资决策\结果\KLIC_经营情景市场状态投资决策_2026-07-15.md,320,突破 / 非线性,1,窄幅主题主导上涨,强烈建议投资,+32,+208,强烈建议投资｜+32%～+208%｜低
KLIC,D:\drive\Investment\分析报告\公司情景投资决策\结果\KLIC_经营情景市场状态投资决策_2026-07-15.md,320,突破 / 非线性,2,震荡均值回归,建议投资,+17,+143,建议投资｜+17%～+143%｜低
KLIC,D:\drive\Investment\分析报告\公司情景投资决策\结果\KLIC_经营情景市场状态投资决策_2026-07-15.md,320,突破 / 非线性,3,有序风险收缩,建议投资,+2,+106,建议投资｜+2%～+106%｜低
KLIC,D:\drive\Investment\分析报告\公司情景投资决策\结果\KLIC_经营情景市场状态投资决策_2026-07-15.md,320,突破 / 非线性,4,流动性信用压力,谨慎建议投资,-17,+69,谨慎建议投资｜-17%～+69%｜低
LFUS,D:\drive\Investment\分析报告\公司情景投资决策\结果\LFUS_经营情景市场状态投资决策_2026-07-15.md,302,悲观 / 受损,0,宽基风险扩张,强烈不建议投资,-60,-12,强烈不建议投资｜-60%～-12%｜中
LFUS,D:\drive\Investment\分析报告\公司情景投资决策\结果\LFUS_经营情景市场状态投资决策_2026-07-15.md,302,悲观 / 受损,1,窄幅主题主导上涨,强烈不建议投资,-62,-15,强烈不建议投资｜-62%～-15%｜中
LFUS,D:\drive\Investment\分析报告\公司情景投资决策\结果\LFUS_经营情景市场状态投资决策_2026-07-15.md,302,悲观 / 受损,2,震荡均值回归,强烈不建议投资,-65,-21,强烈不建议投资｜-65%～-21%｜中
LFUS,D:\drive\Investment\分析报告\公司情景投资决策\结果\LFUS_经营情景市场状态投资决策_2026-07-15.md,302,悲观 / 受损,3,有序风险收缩,强烈不建议投资,-69,-32,强烈不建议投资｜-69%～-32%｜中
LFUS,D:\drive\Investment\分析报告\公司情景投资决策\结果\LFUS_经营情景市场状态投资决策_2026-07-15.md,302,悲观 / 受损,4,流动性信用压力,强烈不建议投资,-76,-47,强烈不建议投资｜-76%～-47%｜低
LFUS,D:\drive\Investment\分析报告\公司情景投资决策\结果\LFUS_经营情景市场状态投资决策_2026-07-15.md,303,基准 / 正常兑现,0,宽基风险扩张,谨慎建议投资,-24,+40,谨慎建议投资｜-24%～+40%｜中
LFUS,D:\drive\Investment\分析报告\公司情景投资决策\结果\LFUS_经营情景市场状态投资决策_2026-07-15.md,303,基准 / 正常兑现,1,窄幅主题主导上涨,中性 / 等待,-28,+36,中性 / 等待｜-28%～+36%｜中
LFUS,D:\drive\Investment\分析报告\公司情景投资决策\结果\LFUS_经营情景市场状态投资决策_2026-07-15.md,303,基准 / 正常兑现,2,震荡均值回归,不建议投资,-33,+24,不建议投资｜-33%～+24%｜中
LFUS,D:\drive\Investment\分析报告\公司情景投资决策\结果\LFUS_经营情景市场状态投资决策_2026-07-15.md,303,基准 / 正常兑现,3,有序风险收缩,不建议投资,-42,+8,不建议投资｜-42%～+8%｜中
LFUS,D:\drive\Investment\分析报告\公司情景投资决策\结果\LFUS_经营情景市场状态投资决策_2026-07-15.md,303,基准 / 正常兑现,4,流动性信用压力,强烈不建议投资,-54,-16,强烈不建议投资｜-54%～-16%｜低
LFUS,D:\drive\Investment\分析报告\公司情景投资决策\结果\LFUS_经营情景市场状态投资决策_2026-07-15.md,304,乐观 / 超预期,0,宽基风险扩张,建议投资,+8,+94,建议投资｜+8%～+94%｜中
LFUS,D:\drive\Investment\分析报告\公司情景投资决策\结果\LFUS_经营情景市场状态投资决策_2026-07-15.md,304,乐观 / 超预期,1,窄幅主题主导上涨,建议投资,+2,+89,建议投资｜+2%～+89%｜中
LFUS,D:\drive\Investment\分析报告\公司情景投资决策\结果\LFUS_经营情景市场状态投资决策_2026-07-15.md,304,乐观 / 超预期,2,震荡均值回归,建议投资,-6,+74,建议投资｜-6%～+74%｜中
LFUS,D:\drive\Investment\分析报告\公司情景投资决策\结果\LFUS_经营情景市场状态投资决策_2026-07-15.md,304,乐观 / 超预期,3,有序风险收缩,谨慎建议投资,-19,+49,谨慎建议投资｜-19%～+49%｜中
LFUS,D:\drive\Investment\分析报告\公司情景投资决策\结果\LFUS_经营情景市场状态投资决策_2026-07-15.md,304,乐观 / 超预期,4,流动性信用压力,不建议投资,-36,+18,不建议投资｜-36%～+18%｜低
LFUS,D:\drive\Investment\分析报告\公司情景投资决策\结果\LFUS_经营情景市场状态投资决策_2026-07-15.md,305,突破 / 非线性,0,宽基风险扩张,强烈建议投资,+46,+179,强烈建议投资｜+46%～+179%｜低
LFUS,D:\drive\Investment\分析报告\公司情景投资决策\结果\LFUS_经营情景市场状态投资决策_2026-07-15.md,305,突破 / 非线性,1,窄幅主题主导上涨,强烈建议投资,+37,+172,强烈建议投资｜+37%～+172%｜低
LFUS,D:\drive\Investment\分析报告\公司情景投资决策\结果\LFUS_经营情景市场状态投资决策_2026-07-15.md,305,突破 / 非线性,2,震荡均值回归,强烈建议投资,+26,+146,强烈建议投资｜+26%～+146%｜低
LFUS,D:\drive\Investment\分析报告\公司情景投资决策\结果\LFUS_经营情景市场状态投资决策_2026-07-15.md,305,突破 / 非线性,3,有序风险收缩,建议投资,+8,+113,建议投资｜+8%～+113%｜低
LFUS,D:\drive\Investment\分析报告\公司情景投资决策\结果\LFUS_经营情景市场状态投资决策_2026-07-15.md,305,突破 / 非线性,4,流动性信用压力,谨慎建议投资,-15,+67,谨慎建议投资｜-15%～+67%｜低
LIN,D:\drive\Investment\分析报告\公司情景投资决策\结果\LIN_经营情景市场状态投资决策_2026-07-15.md,72,悲观 / 受损,0,宽基风险扩张,强烈不建议投资,-34,-19,强烈不建议投资｜-34%～-19%｜中
LIN,D:\drive\Investment\分析报告\公司情景投资决策\结果\LIN_经营情景市场状态投资决策_2026-07-15.md,72,悲观 / 受损,1,窄幅主题主导上涨,强烈不建议投资,-37,-23,强烈不建议投资｜-37%～-23%｜中
LIN,D:\drive\Investment\分析报告\公司情景投资决策\结果\LIN_经营情景市场状态投资决策_2026-07-15.md,72,悲观 / 受损,2,震荡均值回归,强烈不建议投资,-43,-29,强烈不建议投资｜-43%～-29%｜中
LIN,D:\drive\Investment\分析报告\公司情景投资决策\结果\LIN_经营情景市场状态投资决策_2026-07-15.md,72,悲观 / 受损,3,有序风险收缩,强烈不建议投资,-49,-36,强烈不建议投资｜-49%～-36%｜低
LIN,D:\drive\Investment\分析报告\公司情景投资决策\结果\LIN_经营情景市场状态投资决策_2026-07-15.md,72,悲观 / 受损,4,流动性信用压力,强烈不建议投资,-58,-46,强烈不建议投资｜-58%～-46%｜低
LIN,D:\drive\Investment\分析报告\公司情景投资决策\结果\LIN_经营情景市场状态投资决策_2026-07-15.md,73,基准 / 正常兑现,0,宽基风险扩张,谨慎建议投资,-3,+16,谨慎建议投资｜-3%～+16%｜中
LIN,D:\drive\Investment\分析报告\公司情景投资决策\结果\LIN_经营情景市场状态投资决策_2026-07-15.md,73,基准 / 正常兑现,1,窄幅主题主导上涨,中性 / 等待,-7,+12,中性 / 等待｜-7%～+12%｜中
LIN,D:\drive\Investment\分析报告\公司情景投资决策\结果\LIN_经营情景市场状态投资决策_2026-07-15.md,73,基准 / 正常兑现,2,震荡均值回归,不建议投资,-14,+4,不建议投资｜-14%～+4%｜中
LIN,D:\drive\Investment\分析报告\公司情景投资决策\结果\LIN_经营情景市场状态投资决策_2026-07-15.md,73,基准 / 正常兑现,3,有序风险收缩,不建议投资,-25,-8,不建议投资｜-25%～-8%｜中
LIN,D:\drive\Investment\分析报告\公司情景投资决策\结果\LIN_经营情景市场状态投资决策_2026-07-15.md,73,基准 / 正常兑现,4,流动性信用压力,强烈不建议投资,-40,-23,强烈不建议投资｜-40%～-23%｜低
LIN,D:\drive\Investment\分析报告\公司情景投资决策\结果\LIN_经营情景市场状态投资决策_2026-07-15.md,74,乐观 / 超预期,0,宽基风险扩张,建议投资,+16,+47,建议投资｜+16%～+47%｜中
LIN,D:\drive\Investment\分析报告\公司情景投资决策\结果\LIN_经营情景市场状态投资决策_2026-07-15.md,74,乐观 / 超预期,1,窄幅主题主导上涨,建议投资,+12,+42,建议投资｜+12%～+42%｜中
LIN,D:\drive\Investment\分析报告\公司情景投资决策\结果\LIN_经营情景市场状态投资决策_2026-07-15.md,74,乐观 / 超预期,2,震荡均值回归,谨慎建议投资,+3,+31,谨慎建议投资｜+3%～+31%｜中
LIN,D:\drive\Investment\分析报告\公司情景投资决策\结果\LIN_经营情景市场状态投资决策_2026-07-15.md,74,乐观 / 超预期,3,有序风险收缩,谨慎建议投资,-9,+17,谨慎建议投资｜-9%～+17%｜低
LIN,D:\drive\Investment\分析报告\公司情景投资决策\结果\LIN_经营情景市场状态投资决策_2026-07-15.md,74,乐观 / 超预期,4,流动性信用压力,不建议投资,-25,-1,不建议投资｜-25%～-1%｜低
LIN,D:\drive\Investment\分析报告\公司情景投资决策\结果\LIN_经营情景市场状态投资决策_2026-07-15.md,75,突破 / 非线性,0,宽基风险扩张,强烈建议投资,+40,+85,强烈建议投资｜+40%～+85%｜低
LIN,D:\drive\Investment\分析报告\公司情景投资决策\结果\LIN_经营情景市场状态投资决策_2026-07-15.md,75,突破 / 非线性,1,窄幅主题主导上涨,强烈建议投资,+35,+80,强烈建议投资｜+35%～+80%｜低
LIN,D:\drive\Investment\分析报告\公司情景投资决策\结果\LIN_经营情景市场状态投资决策_2026-07-15.md,75,突破 / 非线性,2,震荡均值回归,强烈建议投资,+26,+69,强烈建议投资｜+26%～+69%｜低
LIN,D:\drive\Investment\分析报告\公司情景投资决策\结果\LIN_经营情景市场状态投资决策_2026-07-15.md,75,突破 / 非线性,3,有序风险收缩,建议投资,+12,+53,建议投资｜+12%～+53%｜低
LIN,D:\drive\Investment\分析报告\公司情景投资决策\结果\LIN_经营情景市场状态投资决策_2026-07-15.md,75,突破 / 非线性,4,流动性信用压力,谨慎建议投资,-6,+31,谨慎建议投资｜-6%～+31%｜低
LITE,D:\drive\Investment\分析报告\公司情景投资决策\结果\备份\LITE_2026-08-19T12_34_46-07_00-11fafc2364\LITE_经营情景市场状态投资决策_2026-07-15.md,318,悲观 / 受损,0,宽基风险扩张,强烈不建议投资,-82.7,-66.8,强烈不建议投资｜-82.7%～-66.8%｜中
LITE,D:\drive\Investment\分析报告\公司情景投资决策\结果\备份\LITE_2026-08-19T12_34_46-07_00-11fafc2364\LITE_经营情景市场状态投资决策_2026-07-15.md,318,悲观 / 受损,1,窄幅主题主导上涨,强烈不建议投资,-80.1,-62.8,强烈不建议投资｜-80.1%～-62.8%｜中
LITE,D:\drive\Investment\分析报告\公司情景投资决策\结果\备份\LITE_2026-08-19T12_34_46-07_00-11fafc2364\LITE_经营情景市场状态投资决策_2026-07-15.md,318,悲观 / 受损,2,震荡均值回归,强烈不建议投资,-85.4,-70.7,强烈不建议投资｜-85.4%～-70.7%｜中
LITE,D:\drive\Investment\分析报告\公司情景投资决策\结果\备份\LITE_2026-08-19T12_34_46-07_00-11fafc2364\LITE_经营情景市场状态投资决策_2026-07-15.md,318,悲观 / 受损,3,有序风险收缩,强烈不建议投资,-89.4,-78.7,强烈不建议投资｜-89.4%～-78.7%｜低
LITE,D:\drive\Investment\分析报告\公司情景投资决策\结果\备份\LITE_2026-08-19T12_34_46-07_00-11fafc2364\LITE_经营情景市场状态投资决策_2026-07-15.md,318,悲观 / 受损,4,流动性信用压力,强烈不建议投资,-93.4,-85.4,强烈不建议投资｜-93.4%～-85.4%｜低
LITE,D:\drive\Investment\分析报告\公司情景投资决策\结果\备份\LITE_2026-08-19T12_34_46-07_00-11fafc2364\LITE_经营情景市场状态投资决策_2026-07-15.md,319,基准 / 正常兑现,0,宽基风险扩张,不建议投资,-38.8,+1.1,不建议投资｜-38.8%～+1.1%｜低
LITE,D:\drive\Investment\分析报告\公司情景投资决策\结果\备份\LITE_2026-08-19T12_34_46-07_00-11fafc2364\LITE_经营情景市场状态投资决策_2026-07-15.md,319,基准 / 正常兑现,1,窄幅主题主导上涨,中性 / 等待,-30.9,+19.7,中性 / 等待｜-30.9%～+19.7%｜低
LITE,D:\drive\Investment\分析报告\公司情景投资决策\结果\备份\LITE_2026-08-19T12_34_46-07_00-11fafc2364\LITE_经营情景市场状态投资决策_2026-07-15.md,319,基准 / 正常兑现,2,震荡均值回归,不建议投资,-48.1,-9.6,不建议投资｜-48.1%～-9.6%｜低
LITE,D:\drive\Investment\分析报告\公司情景投资决策\结果\备份\LITE_2026-08-19T12_34_46-07_00-11fafc2364\LITE_经营情景市场状态投资决策_2026-07-15.md,319,基准 / 正常兑现,3,有序风险收缩,强烈不建议投资,-62.8,-33.5,强烈不建议投资｜-62.8%～-33.5%｜低
LITE,D:\drive\Investment\分析报告\公司情景投资决策\结果\备份\LITE_2026-08-19T12_34_46-07_00-11fafc2364\LITE_经营情景市场状态投资决策_2026-07-15.md,319,基准 / 正常兑现,4,流动性信用压力,强烈不建议投资,-76.1,-54.8,强烈不建议投资｜-76.1%～-54.8%｜低
LITE,D:\drive\Investment\分析报告\公司情景投资决策\结果\备份\LITE_2026-08-19T12_34_46-07_00-11fafc2364\LITE_经营情景市场状态投资决策_2026-07-15.md,320,乐观 / 超预期,0,宽基风险扩张,谨慎建议投资,-6.9,+52.9,谨慎建议投资｜-6.9%～+52.9%｜低
LITE,D:\drive\Investment\分析报告\公司情景投资决策\结果\备份\LITE_2026-08-19T12_34_46-07_00-11fafc2364\LITE_经营情景市场状态投资决策_2026-07-15.md,320,乐观 / 超预期,1,窄幅主题主导上涨,建议投资,+9.0,+86.2,建议投资｜+9.0%～+86.2%｜低
LITE,D:\drive\Investment\分析报告\公司情景投资决策\结果\备份\LITE_2026-08-19T12_34_46-07_00-11fafc2364\LITE_经营情景市场状态投资决策_2026-07-15.md,320,乐观 / 超预期,2,震荡均值回归,中性 / 等待,-20.2,+26.3,中性 / 等待｜-20.2%～+26.3%｜低
LITE,D:\drive\Investment\分析报告\公司情景投资决策\结果\备份\LITE_2026-08-19T12_34_46-07_00-11fafc2364\LITE_经营情景市场状态投资决策_2026-07-15.md,320,乐观 / 超预期,3,有序风险收缩,不建议投资,-40.2,+1.1,不建议投资｜-40.2%～+1.1%｜低
LITE,D:\drive\Investment\分析报告\公司情景投资决策\结果\备份\LITE_2026-08-19T12_34_46-07_00-11fafc2364\LITE_经营情景市场状态投资决策_2026-07-15.md,320,乐观 / 超预期,4,流动性信用压力,强烈不建议投资,-60.1,-30.9,强烈不建议投资｜-60.1%～-30.9%｜低
LITE,D:\drive\Investment\分析报告\公司情景投资决策\结果\备份\LITE_2026-08-19T12_34_46-07_00-11fafc2364\LITE_经营情景市场状态投资决策_2026-07-15.md,321,突破 / 非线性,0,宽基风险扩张,强烈建议投资,+39.6,+119.4,强烈建议投资｜+39.6%～+119.4%｜低
LITE,D:\drive\Investment\分析报告\公司情景投资决策\结果\备份\LITE_2026-08-19T12_34_46-07_00-11fafc2364\LITE_经营情景市场状态投资决策_2026-07-15.md,321,突破 / 非线性,1,窄幅主题主导上涨,强烈建议投资,+66.2,+179.3,强烈建议投资｜+66.2%～+179.3%｜低
LITE,D:\drive\Investment\分析报告\公司情景投资决策\结果\备份\LITE_2026-08-19T12_34_46-07_00-11fafc2364\LITE_经营情景市场状态投资决策_2026-07-15.md,321,突破 / 非线性,2,震荡均值回归,建议投资,+19.7,+92.8,建议投资｜+19.7%～+92.8%｜低
LITE,D:\drive\Investment\分析报告\公司情景投资决策\结果\备份\LITE_2026-08-19T12_34_46-07_00-11fafc2364\LITE_经营情景市场状态投资决策_2026-07-15.md,321,突破 / 非线性,3,有序风险收缩,谨慎建议投资,-6.9,+52.9,谨慎建议投资｜-6.9%～+52.9%｜低
LITE,D:\drive\Investment\分析报告\公司情景投资决策\结果\备份\LITE_2026-08-19T12_34_46-07_00-11fafc2364\LITE_经营情景市场状态投资决策_2026-07-15.md,321,突破 / 非线性,4,流动性信用压力,不建议投资,-36.2,+9.0,不建议投资｜-36.2%～+9.0%｜低
LRCX,D:\drive\Investment\分析报告\公司情景投资决策\结果\LRCX_经营情景市场状态投资决策_2026-07-15.md,464,悲观 / 受损,0,宽基风险扩张,强烈不建议投资,-81,-62,强烈不建议投资｜-81%—-62%｜中
LRCX,D:\drive\Investment\分析报告\公司情景投资决策\结果\LRCX_经营情景市场状态投资决策_2026-07-15.md,464,悲观 / 受损,1,窄幅主题主导上涨,强烈不建议投资,-80,-64,强烈不建议投资｜-80%—-64%｜中
LRCX,D:\drive\Investment\分析报告\公司情景投资决策\结果\LRCX_经营情景市场状态投资决策_2026-07-15.md,464,悲观 / 受损,2,震荡均值回归,强烈不建议投资,-84,-67,强烈不建议投资｜-84%—-67%｜中
LRCX,D:\drive\Investment\分析报告\公司情景投资决策\结果\LRCX_经营情景市场状态投资决策_2026-07-15.md,464,悲观 / 受损,3,有序风险收缩,强烈不建议投资,-87,-72,强烈不建议投资｜-87%—-72%｜低
LRCX,D:\drive\Investment\分析报告\公司情景投资决策\结果\LRCX_经营情景市场状态投资决策_2026-07-15.md,464,悲观 / 受损,4,流动性信用压力,强烈不建议投资,-90,-80,强烈不建议投资｜-90%—-80%｜低
LRCX,D:\drive\Investment\分析报告\公司情景投资决策\结果\LRCX_经营情景市场状态投资决策_2026-07-15.md,465,基准 / 正常兑现,0,宽基风险扩张,强烈不建议投资,-69,-33,强烈不建议投资｜-69%—-33%｜低
LRCX,D:\drive\Investment\分析报告\公司情景投资决策\结果\LRCX_经营情景市场状态投资决策_2026-07-15.md,465,基准 / 正常兑现,1,窄幅主题主导上涨,强烈不建议投资,-65,-24,强烈不建议投资｜-65%—-24%｜低
LRCX,D:\drive\Investment\分析报告\公司情景投资决策\结果\LRCX_经营情景市场状态投资决策_2026-07-15.md,465,基准 / 正常兑现,2,震荡均值回归,强烈不建议投资,-73,-43,强烈不建议投资｜-73%—-43%｜低
LRCX,D:\drive\Investment\分析报告\公司情景投资决策\结果\LRCX_经营情景市场状态投资决策_2026-07-15.md,465,基准 / 正常兑现,3,有序风险收缩,强烈不建议投资,-78,-52,强烈不建议投资｜-78%—-52%｜低
LRCX,D:\drive\Investment\分析报告\公司情景投资决策\结果\LRCX_经营情景市场状态投资决策_2026-07-15.md,465,基准 / 正常兑现,4,流动性信用压力,强烈不建议投资,-84,-66,强烈不建议投资｜-84%—-66%｜低
LRCX,D:\drive\Investment\分析报告\公司情景投资决策\结果\LRCX_经营情景市场状态投资决策_2026-07-15.md,466,乐观 / 超预期,0,宽基风险扩张,不建议投资,-57,-1,不建议投资｜-57%—-1%｜低
LRCX,D:\drive\Investment\分析报告\公司情景投资决策\结果\LRCX_经营情景市场状态投资决策_2026-07-15.md,466,乐观 / 超预期,1,窄幅主题主导上涨,不建议投资,-52,+18,不建议投资｜-52%—+18%｜低
LRCX,D:\drive\Investment\分析报告\公司情景投资决策\结果\LRCX_经营情景市场状态投资决策_2026-07-15.md,466,乐观 / 超预期,2,震荡均值回归,强烈不建议投资,-63,-13,强烈不建议投资｜-63%—-13%｜低
LRCX,D:\drive\Investment\分析报告\公司情景投资决策\结果\LRCX_经营情景市场状态投资决策_2026-07-15.md,466,乐观 / 超预期,3,有序风险收缩,强烈不建议投资,-69,-28,强烈不建议投资｜-69%—-28%｜低
LRCX,D:\drive\Investment\分析报告\公司情景投资决策\结果\LRCX_经营情景市场状态投资决策_2026-07-15.md,466,乐观 / 超预期,4,流动性信用压力,强烈不建议投资,-78,-49,强烈不建议投资｜-78%—-49%｜低
LRCX,D:\drive\Investment\分析报告\公司情景投资决策\结果\LRCX_经营情景市场状态投资决策_2026-07-15.md,467,突破 / 非线性,0,宽基风险扩张,中性 / 等待,-39,+48,中性 / 等待｜-39%—+48%｜低
LRCX,D:\drive\Investment\分析报告\公司情景投资决策\结果\LRCX_经营情景市场状态投资决策_2026-07-15.md,467,突破 / 非线性,1,窄幅主题主导上涨,谨慎建议投资,-33,+81,谨慎建议投资｜-33%—+81%｜低
LRCX,D:\drive\Investment\分析报告\公司情景投资决策\结果\LRCX_经营情景市场状态投资决策_2026-07-15.md,467,突破 / 非线性,2,震荡均值回归,不建议投资,-47,+28,不建议投资｜-47%—+28%｜低
LRCX,D:\drive\Investment\分析报告\公司情景投资决策\结果\LRCX_经营情景市场状态投资决策_2026-07-15.md,467,突破 / 非线性,3,有序风险收缩,强烈不建议投资,-57,+8,强烈不建议投资｜-57%—+8%｜低
LRCX,D:\drive\Investment\分析报告\公司情景投资决策\结果\LRCX_经营情景市场状态投资决策_2026-07-15.md,467,突破 / 非线性,4,流动性信用压力,强烈不建议投资,-70,-25,强烈不建议投资｜-70%—-25%｜低
LWLG,D:\drive\Investment\分析报告\公司情景投资决策\结果\LWLG_经营情景市场状态投资决策_2026-07-15.md,325,悲观 / 受损,0,宽基风险扩张,强烈不建议投资,-92,-86,强烈不建议投资｜−92%～−86%｜中
LWLG,D:\drive\Investment\分析报告\公司情景投资决策\结果\LWLG_经营情景市场状态投资决策_2026-07-15.md,325,悲观 / 受损,1,窄幅主题主导上涨,强烈不建议投资,-92,-87,强烈不建议投资｜−92%～−87%｜中
LWLG,D:\drive\Investment\分析报告\公司情景投资决策\结果\LWLG_经营情景市场状态投资决策_2026-07-15.md,325,悲观 / 受损,2,震荡均值回归,强烈不建议投资,-94,-88,强烈不建议投资｜−94%～−88%｜中
LWLG,D:\drive\Investment\分析报告\公司情景投资决策\结果\LWLG_经营情景市场状态投资决策_2026-07-15.md,325,悲观 / 受损,3,有序风险收缩,强烈不建议投资,-95,-90,强烈不建议投资｜−95%～−90%｜低
LWLG,D:\drive\Investment\分析报告\公司情景投资决策\结果\LWLG_经营情景市场状态投资决策_2026-07-15.md,325,悲观 / 受损,4,流动性信用压力,强烈不建议投资,-97,-93,强烈不建议投资｜−97%～−93%｜低
LWLG,D:\drive\Investment\分析报告\公司情景投资决策\结果\LWLG_经营情景市场状态投资决策_2026-07-15.md,326,基准 / 正常兑现,0,宽基风险扩张,强烈不建议投资,-73,-54,强烈不建议投资｜−73%～−54%｜低
LWLG,D:\drive\Investment\分析报告\公司情景投资决策\结果\LWLG_经营情景市场状态投资决策_2026-07-15.md,326,基准 / 正常兑现,1,窄幅主题主导上涨,强烈不建议投资,-71,-51,强烈不建议投资｜−71%～−51%｜低
LWLG,D:\drive\Investment\分析报告\公司情景投资决策\结果\LWLG_经营情景市场状态投资决策_2026-07-15.md,326,基准 / 正常兑现,2,震荡均值回归,强烈不建议投资,-78,-63,强烈不建议投资｜−78%～−63%｜低
LWLG,D:\drive\Investment\分析报告\公司情景投资决策\结果\LWLG_经营情景市场状态投资决策_2026-07-15.md,326,基准 / 正常兑现,3,有序风险收缩,强烈不建议投资,-84,-72,强烈不建议投资｜−84%～−72%｜低
LWLG,D:\drive\Investment\分析报告\公司情景投资决策\结果\LWLG_经营情景市场状态投资决策_2026-07-15.md,326,基准 / 正常兑现,4,流动性信用压力,强烈不建议投资,-92,-81,强烈不建议投资｜−92%～−81%｜低
LWLG,D:\drive\Investment\分析报告\公司情景投资决策\结果\LWLG_经营情景市场状态投资决策_2026-07-15.md,327,乐观 / 超预期,0,宽基风险扩张,中性 / 等待,-24,+56,中性 / 等待｜−24%～+56%｜低
LWLG,D:\drive\Investment\分析报告\公司情景投资决策\结果\LWLG_经营情景市场状态投资决策_2026-07-15.md,327,乐观 / 超预期,1,窄幅主题主导上涨,谨慎建议投资,-15,+70,谨慎建议投资｜−15%～+70%｜低
LWLG,D:\drive\Investment\分析报告\公司情景投资决策\结果\LWLG_经营情景市场状态投资决策_2026-07-15.md,327,乐观 / 超预期,2,震荡均值回归,中性 / 等待,-42,+25,中性 / 等待｜−42%～+25%｜低
LWLG,D:\drive\Investment\分析报告\公司情景投资决策\结果\LWLG_经营情景市场状态投资决策_2026-07-15.md,327,乐观 / 超预期,3,有序风险收缩,不建议投资,-60,-6,不建议投资｜−60%～−6%｜低
LWLG,D:\drive\Investment\分析报告\公司情景投资决策\结果\LWLG_经营情景市场状态投资决策_2026-07-15.md,327,乐观 / 超预期,4,流动性信用压力,强烈不建议投资,-78,-38,强烈不建议投资｜−78%～−38%｜低
LWLG,D:\drive\Investment\分析报告\公司情景投资决策\结果\LWLG_经营情景市场状态投资决策_2026-07-15.md,328,突破 / 非线性,0,宽基风险扩张,强烈建议投资,+141,+417,强烈建议投资｜+141%～+417%｜低
LWLG,D:\drive\Investment\分析报告\公司情景投资决策\结果\LWLG_经营情景市场状态投资决策_2026-07-15.md,328,突破 / 非线性,1,窄幅主题主导上涨,强烈建议投资,+176,+486,强烈建议投资｜+176%～+486%｜低
LWLG,D:\drive\Investment\分析报告\公司情景投资决策\结果\LWLG_经营情景市场状态投资决策_2026-07-15.md,328,突破 / 非线性,2,震荡均值回归,强烈建议投资,+89,+331,强烈建议投资｜+89%～+331%｜低
LWLG,D:\drive\Investment\分析报告\公司情景投资决策\结果\LWLG_经营情景市场状态投资决策_2026-07-15.md,328,突破 / 非线性,3,有序风险收缩,建议投资,+29,+210,建议投资｜+29%～+210%｜低
LWLG,D:\drive\Investment\分析报告\公司情景投资决策\结果\LWLG_经营情景市场状态投资决策_2026-07-15.md,328,突破 / 非线性,4,流动性信用压力,谨慎建议投资,-27,+98,谨慎建议投资｜−27%～+98%｜低
MCHP,D:\drive\Investment\分析报告\公司情景投资决策\结果\MCHP_经营情景市场状态投资决策_2026-07-15.md,406,悲观 / 受损,0,宽基风险扩张,强烈不建议投资,-54,-27,强烈不建议投资｜-54%～-27%｜中
MCHP,D:\drive\Investment\分析报告\公司情景投资决策\结果\MCHP_经营情景市场状态投资决策_2026-07-15.md,406,悲观 / 受损,1,窄幅主题主导上涨,强烈不建议投资,-61,-35,强烈不建议投资｜-61%～-35%｜中
MCHP,D:\drive\Investment\分析报告\公司情景投资决策\结果\MCHP_经营情景市场状态投资决策_2026-07-15.md,406,悲观 / 受损,2,震荡均值回归,强烈不建议投资,-70,-45,强烈不建议投资｜-70%～-45%｜中
MCHP,D:\drive\Investment\分析报告\公司情景投资决策\结果\MCHP_经营情景市场状态投资决策_2026-07-15.md,406,悲观 / 受损,3,有序风险收缩,强烈不建议投资,-80,-55,强烈不建议投资｜-80%～-55%｜低
MCHP,D:\drive\Investment\分析报告\公司情景投资决策\结果\MCHP_经营情景市场状态投资决策_2026-07-15.md,406,悲观 / 受损,4,流动性信用压力,强烈不建议投资,-89,-66,强烈不建议投资｜-89%～-66%｜低
MCHP,D:\drive\Investment\分析报告\公司情景投资决策\结果\MCHP_经营情景市场状态投资决策_2026-07-15.md,407,基准 / 正常兑现,0,宽基风险扩张,中性 / 等待,-19,+23,中性 / 等待｜-19%～+23%｜中
MCHP,D:\drive\Investment\分析报告\公司情景投资决策\结果\MCHP_经营情景市场状态投资决策_2026-07-15.md,407,基准 / 正常兑现,1,窄幅主题主导上涨,不建议投资,-28,+9,不建议投资｜-28%～+9%｜中
MCHP,D:\drive\Investment\分析报告\公司情景投资决策\结果\MCHP_经营情景市场状态投资决策_2026-07-15.md,407,基准 / 正常兑现,2,震荡均值回归,不建议投资,-41,-2,不建议投资｜-41%～-2%｜中
MCHP,D:\drive\Investment\分析报告\公司情景投资决策\结果\MCHP_经营情景市场状态投资决策_2026-07-15.md,407,基准 / 正常兑现,3,有序风险收缩,强烈不建议投资,-54,-20,强烈不建议投资｜-54%～-20%｜低
MCHP,D:\drive\Investment\分析报告\公司情景投资决策\结果\MCHP_经营情景市场状态投资决策_2026-07-15.md,407,基准 / 正常兑现,4,流动性信用压力,强烈不建议投资,-68,-37,强烈不建议投资｜-68%～-37%｜低
MCHP,D:\drive\Investment\分析报告\公司情景投资决策\结果\MCHP_经营情景市场状态投资决策_2026-07-15.md,408,乐观 / 超预期,0,宽基风险扩张,谨慎建议投资,+4,+63,谨慎建议投资｜+4%～+63%｜中
MCHP,D:\drive\Investment\分析报告\公司情景投资决策\结果\MCHP_经营情景市场状态投资决策_2026-07-15.md,408,乐观 / 超预期,1,窄幅主题主导上涨,谨慎建议投资,-1,+50,谨慎建议投资｜-1%～+50%｜中
MCHP,D:\drive\Investment\分析报告\公司情景投资决策\结果\MCHP_经营情景市场状态投资决策_2026-07-15.md,408,乐观 / 超预期,2,震荡均值回归,谨慎建议投资,-16,+33,谨慎建议投资｜-16%～+33%｜低
MCHP,D:\drive\Investment\分析报告\公司情景投资决策\结果\MCHP_经营情景市场状态投资决策_2026-07-15.md,408,乐观 / 超预期,3,有序风险收缩,不建议投资,-36,+11,不建议投资｜-36%～+11%｜低
MCHP,D:\drive\Investment\分析报告\公司情景投资决策\结果\MCHP_经营情景市场状态投资决策_2026-07-15.md,408,乐观 / 超预期,4,流动性信用压力,强烈不建议投资,-51,-11,强烈不建议投资｜-51%～-11%｜低
MCHP,D:\drive\Investment\分析报告\公司情景投资决策\结果\MCHP_经营情景市场状态投资决策_2026-07-15.md,409,突破 / 非线性,0,宽基风险扩张,强烈建议投资,+34,+108,强烈建议投资｜+34%～+108%｜低
MCHP,D:\drive\Investment\分析报告\公司情景投资决策\结果\MCHP_经营情景市场状态投资决策_2026-07-15.md,409,突破 / 非线性,1,窄幅主题主导上涨,强烈建议投资,+28,+97,强烈建议投资｜+28%～+97%｜低
MCHP,D:\drive\Investment\分析报告\公司情景投资决策\结果\MCHP_经营情景市场状态投资决策_2026-07-15.md,409,突破 / 非线性,2,震荡均值回归,建议投资,+11,+77,建议投资｜+11%～+77%｜低
MCHP,D:\drive\Investment\分析报告\公司情景投资决策\结果\MCHP_经营情景市场状态投资决策_2026-07-15.md,409,突破 / 非线性,3,有序风险收缩,谨慎建议投资,-12,+51,谨慎建议投资｜-12%～+51%｜低
MCHP,D:\drive\Investment\分析报告\公司情景投资决策\结果\MCHP_经营情景市场状态投资决策_2026-07-15.md,409,突破 / 非线性,4,流动性信用压力,中性 / 等待,-30,+26,中性 / 等待｜-30%～+26%｜低
META,D:\drive\Investment\分析报告\公司情景投资决策\结果\备份\META_2026-07-18T17_59_47-07_00-4b065cadb9\META_经营情景市场状态投资决策_2026-07-15.md,340,悲观 / 受损,0,宽基风险扩张,强烈不建议投资,-51,-26,强烈不建议投资｜-51%～-26%｜低
META,D:\drive\Investment\分析报告\公司情景投资决策\结果\备份\META_2026-07-18T17_59_47-07_00-4b065cadb9\META_经营情景市场状态投资决策_2026-07-15.md,340,悲观 / 受损,1,窄幅主题主导上涨,强烈不建议投资,-47,-23,强烈不建议投资｜-47%～-23%｜低
META,D:\drive\Investment\分析报告\公司情景投资决策\结果\备份\META_2026-07-18T17_59_47-07_00-4b065cadb9\META_经营情景市场状态投资决策_2026-07-15.md,340,悲观 / 受损,2,震荡均值回归,强烈不建议投资,-57,-35,强烈不建议投资｜-57%～-35%｜低
META,D:\drive\Investment\分析报告\公司情景投资决策\结果\备份\META_2026-07-18T17_59_47-07_00-4b065cadb9\META_经营情景市场状态投资决策_2026-07-15.md,340,悲观 / 受损,3,有序风险收缩,强烈不建议投资,-62,-45,强烈不建议投资｜-62%～-45%｜低
META,D:\drive\Investment\分析报告\公司情景投资决策\结果\备份\META_2026-07-18T17_59_47-07_00-4b065cadb9\META_经营情景市场状态投资决策_2026-07-15.md,340,悲观 / 受损,4,流动性信用压力,强烈不建议投资,-70,-56,强烈不建议投资｜-70%～-56%｜低
META,D:\drive\Investment\分析报告\公司情景投资决策\结果\备份\META_2026-07-18T17_59_47-07_00-4b065cadb9\META_经营情景市场状态投资决策_2026-07-15.md,341,基准 / 正常兑现,0,宽基风险扩张,建议投资,+3,+33,建议投资｜+3%～+33%｜中
META,D:\drive\Investment\分析报告\公司情景投资决策\结果\备份\META_2026-07-18T17_59_47-07_00-4b065cadb9\META_经营情景市场状态投资决策_2026-07-15.md,341,基准 / 正常兑现,1,窄幅主题主导上涨,建议投资,+12,+44,建议投资｜+12%～+44%｜中
META,D:\drive\Investment\分析报告\公司情景投资决策\结果\备份\META_2026-07-18T17_59_47-07_00-4b065cadb9\META_经营情景市场状态投资决策_2026-07-15.md,341,基准 / 正常兑现,2,震荡均值回归,中性 / 等待,-10,+15,中性 / 等待｜-10%～+15%｜中
META,D:\drive\Investment\分析报告\公司情景投资决策\结果\备份\META_2026-07-18T17_59_47-07_00-4b065cadb9\META_经营情景市场状态投资决策_2026-07-15.md,341,基准 / 正常兑现,3,有序风险收缩,不建议投资,-22,0,不建议投资｜-22%～0%｜低
META,D:\drive\Investment\分析报告\公司情景投资决策\结果\备份\META_2026-07-18T17_59_47-07_00-4b065cadb9\META_经营情景市场状态投资决策_2026-07-15.md,341,基准 / 正常兑现,4,流动性信用压力,强烈不建议投资,-39,-17,强烈不建议投资｜-39%～-17%｜低
META,D:\drive\Investment\分析报告\公司情景投资决策\结果\备份\META_2026-07-18T17_59_47-07_00-4b065cadb9\META_经营情景市场状态投资决策_2026-07-15.md,342,乐观 / 超预期,0,宽基风险扩张,强烈建议投资,+55,+99,强烈建议投资｜+55%～+99%｜中
META,D:\drive\Investment\分析报告\公司情景投资决策\结果\备份\META_2026-07-18T17_59_47-07_00-4b065cadb9\META_经营情景市场状态投资决策_2026-07-15.md,342,乐观 / 超预期,1,窄幅主题主导上涨,强烈建议投资,+69,+121,强烈建议投资｜+69%～+121%｜中
META,D:\drive\Investment\分析报告\公司情景投资决策\结果\备份\META_2026-07-18T17_59_47-07_00-4b065cadb9\META_经营情景市场状态投资决策_2026-07-15.md,342,乐观 / 超预期,2,震荡均值回归,强烈建议投资,+36,+71,强烈建议投资｜+36%～+71%｜中
META,D:\drive\Investment\分析报告\公司情景投资决策\结果\备份\META_2026-07-18T17_59_47-07_00-4b065cadb9\META_经营情景市场状态投资决策_2026-07-15.md,342,乐观 / 超预期,3,有序风险收缩,建议投资,+18,+47,建议投资｜+18%～+47%｜低
META,D:\drive\Investment\分析报告\公司情景投资决策\结果\备份\META_2026-07-18T17_59_47-07_00-4b065cadb9\META_经营情景市场状态投资决策_2026-07-15.md,342,乐观 / 超预期,4,流动性信用压力,谨慎建议投资,-9,+21,谨慎建议投资｜-9%～+21%｜低
META,D:\drive\Investment\分析报告\公司情景投资决策\结果\备份\META_2026-07-18T17_59_47-07_00-4b065cadb9\META_经营情景市场状态投资决策_2026-07-15.md,343,突破 / 非线性,0,宽基风险扩张,强烈建议投资,+99,+150,强烈建议投资｜+99%～+150%｜低
META,D:\drive\Investment\分析报告\公司情景投资决策\结果\备份\META_2026-07-18T17_59_47-07_00-4b065cadb9\META_经营情景市场状态投资决策_2026-07-15.md,343,突破 / 非线性,1,窄幅主题主导上涨,强烈建议投资,+113,+172,强烈建议投资｜+113%～+172%｜低
META,D:\drive\Investment\分析报告\公司情景投资决策\结果\备份\META_2026-07-18T17_59_47-07_00-4b065cadb9\META_经营情景市场状态投资决策_2026-07-15.md,343,突破 / 非线性,2,震荡均值回归,强烈建议投资,+69,+113,强烈建议投资｜+69%～+113%｜低
META,D:\drive\Investment\分析报告\公司情景投资决策\结果\备份\META_2026-07-18T17_59_47-07_00-4b065cadb9\META_经营情景市场状态投资决策_2026-07-15.md,343,突破 / 非线性,3,有序风险收缩,强烈建议投资,+47,+84,强烈建议投资｜+47%～+84%｜低
META,D:\drive\Investment\分析报告\公司情景投资决策\结果\备份\META_2026-07-18T17_59_47-07_00-4b065cadb9\META_经营情景市场状态投资决策_2026-07-15.md,343,突破 / 非线性,4,流动性信用压力,建议投资,+11,+47,建议投资｜+11%～+47%｜低
MICLF,D:\drive\Investment\分析报告\公司情景投资决策\结果\MICLF_经营情景市场状态投资决策_2026-07-15.md,414,悲观 / 受损,0,宽基风险扩张,强烈不建议投资,-67,-43,强烈不建议投资｜-67%～-43%｜中
MICLF,D:\drive\Investment\分析报告\公司情景投资决策\结果\MICLF_经营情景市场状态投资决策_2026-07-15.md,414,悲观 / 受损,1,窄幅主题主导上涨,强烈不建议投资,-67,-44,强烈不建议投资｜-67%～-44%｜中
MICLF,D:\drive\Investment\分析报告\公司情景投资决策\结果\MICLF_经营情景市场状态投资决策_2026-07-15.md,414,悲观 / 受损,2,震荡均值回归,强烈不建议投资,-73,-50,强烈不建议投资｜-73%～-50%｜中
MICLF,D:\drive\Investment\分析报告\公司情景投资决策\结果\MICLF_经营情景市场状态投资决策_2026-07-15.md,414,悲观 / 受损,3,有序风险收缩,强烈不建议投资,-78,-58,强烈不建议投资｜-78%～-58%｜中
MICLF,D:\drive\Investment\分析报告\公司情景投资决策\结果\MICLF_经营情景市场状态投资决策_2026-07-15.md,414,悲观 / 受损,4,流动性信用压力,强烈不建议投资,-83,-69,强烈不建议投资｜-83%～-69%｜低
MICLF,D:\drive\Investment\分析报告\公司情景投资决策\结果\MICLF_经营情景市场状态投资决策_2026-07-15.md,415,基准 / 正常兑现,0,宽基风险扩张,中性 / 等待,-27,+18,中性 / 等待｜-27%～+18%｜中
MICLF,D:\drive\Investment\分析报告\公司情景投资决策\结果\MICLF_经营情景市场状态投资决策_2026-07-15.md,415,基准 / 正常兑现,1,窄幅主题主导上涨,中性 / 等待,-21,+23,中性 / 等待｜-21%～+23%｜中
MICLF,D:\drive\Investment\分析报告\公司情景投资决策\结果\MICLF_经营情景市场状态投资决策_2026-07-15.md,415,基准 / 正常兑现,2,震荡均值回归,不建议投资,-34,+1,不建议投资｜-34%～+1%｜中
MICLF,D:\drive\Investment\分析报告\公司情景投资决策\结果\MICLF_经营情景市场状态投资决策_2026-07-15.md,415,基准 / 正常兑现,3,有序风险收缩,强烈不建议投资,-47,-16,强烈不建议投资｜-47%～-16%｜中
MICLF,D:\drive\Investment\分析报告\公司情景投资决策\结果\MICLF_经营情景市场状态投资决策_2026-07-15.md,415,基准 / 正常兑现,4,流动性信用压力,强烈不建议投资,-63,-36,强烈不建议投资｜-63%～-36%｜低
MICLF,D:\drive\Investment\分析报告\公司情景投资决策\结果\MICLF_经营情景市场状态投资决策_2026-07-15.md,416,乐观 / 超预期,0,宽基风险扩张,建议投资,+2,+67,建议投资｜+2%～+67%｜中
MICLF,D:\drive\Investment\分析报告\公司情景投资决策\结果\MICLF_经营情景市场状态投资决策_2026-07-15.md,416,乐观 / 超预期,1,窄幅主题主导上涨,建议投资,+11,+75,建议投资｜+11%～+75%｜中
MICLF,D:\drive\Investment\分析报告\公司情景投资决策\结果\MICLF_经营情景市场状态投资决策_2026-07-15.md,416,乐观 / 超预期,2,震荡均值回归,谨慎建议投资,-9,+46,谨慎建议投资｜-9%～+46%｜中
MICLF,D:\drive\Investment\分析报告\公司情景投资决策\结果\MICLF_经营情景市场状态投资决策_2026-07-15.md,416,乐观 / 超预期,3,有序风险收缩,中性 / 等待,-28,+16,中性 / 等待｜-28%～+16%｜低
MICLF,D:\drive\Investment\分析报告\公司情景投资决策\结果\MICLF_经营情景市场状态投资决策_2026-07-15.md,416,乐观 / 超预期,4,流动性信用压力,不建议投资,-48,-9,不建议投资｜-48%～-9%｜低
MICLF,D:\drive\Investment\分析报告\公司情景投资决策\结果\MICLF_经营情景市场状态投资决策_2026-07-15.md,417,突破 / 非线性,0,宽基风险扩张,强烈建议投资,+43,+133,强烈建议投资｜+43%～+133%｜低
MICLF,D:\drive\Investment\分析报告\公司情景投资决策\结果\MICLF_经营情景市场状态投资决策_2026-07-15.md,417,突破 / 非线性,1,窄幅主题主导上涨,强烈建议投资,+52,+145,强烈建议投资｜+52%～+145%｜低
MICLF,D:\drive\Investment\分析报告\公司情景投资决策\结果\MICLF_经营情景市场状态投资决策_2026-07-15.md,417,突破 / 非线性,2,震荡均值回归,强烈建议投资,+23,+103,强烈建议投资｜+23%～+103%｜低
MICLF,D:\drive\Investment\分析报告\公司情景投资决策\结果\MICLF_经营情景市场状态投资决策_2026-07-15.md,417,突破 / 非线性,3,有序风险收缩,建议投资,-2,+62,建议投资｜-2%～+62%｜低
MICLF,D:\drive\Investment\分析报告\公司情景投资决策\结果\MICLF_经营情景市场状态投资决策_2026-07-15.md,417,突破 / 非线性,4,流动性信用压力,中性 / 等待,-31,+23,中性 / 等待｜-31%～+23%｜低
MIELY,D:\drive\Investment\分析报告\公司情景投资决策\结果\MIELY_经营情景市场状态投资决策_2026-07-15.md,325,悲观 / 受损,0,宽基风险扩张,强烈不建议投资,-42,-28,强烈不建议投资｜-42%—-28%｜中
MIELY,D:\drive\Investment\分析报告\公司情景投资决策\结果\MIELY_经营情景市场状态投资决策_2026-07-15.md,325,悲观 / 受损,1,窄幅主题主导上涨,强烈不建议投资,-45,-31,强烈不建议投资｜-45%—-31%｜中
MIELY,D:\drive\Investment\分析报告\公司情景投资决策\结果\MIELY_经营情景市场状态投资决策_2026-07-15.md,325,悲观 / 受损,2,震荡均值回归,强烈不建议投资,-52,-39,强烈不建议投资｜-52%—-39%｜中
MIELY,D:\drive\Investment\分析报告\公司情景投资决策\结果\MIELY_经营情景市场状态投资决策_2026-07-15.md,325,悲观 / 受损,3,有序风险收缩,强烈不建议投资,-62,-50,强烈不建议投资｜-62%—-50%｜低
MIELY,D:\drive\Investment\分析报告\公司情景投资决策\结果\MIELY_经营情景市场状态投资决策_2026-07-15.md,325,悲观 / 受损,4,流动性信用压力,强烈不建议投资,-72,-61,强烈不建议投资｜-72%—-61%｜低
MIELY,D:\drive\Investment\分析报告\公司情景投资决策\结果\MIELY_经营情景市场状态投资决策_2026-07-15.md,326,基准 / 正常兑现,0,宽基风险扩张,不建议投资,-15,+10,不建议投资｜-15%—+10%｜中
MIELY,D:\drive\Investment\分析报告\公司情景投资决策\结果\MIELY_经营情景市场状态投资决策_2026-07-15.md,326,基准 / 正常兑现,1,窄幅主题主导上涨,不建议投资,-19,+5,不建议投资｜-19%—+5%｜中
MIELY,D:\drive\Investment\分析报告\公司情景投资决策\结果\MIELY_经营情景市场状态投资决策_2026-07-15.md,326,基准 / 正常兑现,2,震荡均值回归,不建议投资,-27,-9,不建议投资｜-27%—-9%｜中
MIELY,D:\drive\Investment\分析报告\公司情景投资决策\结果\MIELY_经营情景市场状态投资决策_2026-07-15.md,326,基准 / 正常兑现,3,有序风险收缩,强烈不建议投资,-40,-23,强烈不建议投资｜-40%—-23%｜中
MIELY,D:\drive\Investment\分析报告\公司情景投资决策\结果\MIELY_经营情景市场状态投资决策_2026-07-15.md,326,基准 / 正常兑现,4,流动性信用压力,强烈不建议投资,-57,-42,强烈不建议投资｜-57%—-42%｜低
MIELY,D:\drive\Investment\分析报告\公司情景投资决策\结果\MIELY_经营情景市场状态投资决策_2026-07-15.md,327,乐观 / 超预期,0,宽基风险扩张,建议投资,+13,+53,建议投资｜+13%—+53%｜中
MIELY,D:\drive\Investment\分析报告\公司情景投资决策\结果\MIELY_经营情景市场状态投资决策_2026-07-15.md,327,乐观 / 超预期,1,窄幅主题主导上涨,谨慎建议投资,+13,+53,谨慎建议投资｜+13%—+53%｜中
MIELY,D:\drive\Investment\分析报告\公司情景投资决策\结果\MIELY_经营情景市场状态投资决策_2026-07-15.md,327,乐观 / 超预期,2,震荡均值回归,谨慎建议投资,-2,+30,谨慎建议投资｜-2%—+30%｜中
MIELY,D:\drive\Investment\分析报告\公司情景投资决策\结果\MIELY_经营情景市场状态投资决策_2026-07-15.md,327,乐观 / 超预期,3,有序风险收缩,不建议投资,-17,+6,不建议投资｜-17%—+6%｜低
MIELY,D:\drive\Investment\分析报告\公司情景投资决策\结果\MIELY_经营情景市场状态投资决策_2026-07-15.md,327,乐观 / 超预期,4,流动性信用压力,强烈不建议投资,-38,-17,强烈不建议投资｜-38%—-17%｜低
MIELY,D:\drive\Investment\分析报告\公司情景投资决策\结果\MIELY_经营情景市场状态投资决策_2026-07-15.md,328,突破 / 非线性,0,宽基风险扩张,强烈建议投资,+53,+116,强烈建议投资｜+53%—+116%｜低
MIELY,D:\drive\Investment\分析报告\公司情景投资决策\结果\MIELY_经营情景市场状态投资决策_2026-07-15.md,328,突破 / 非线性,1,窄幅主题主导上涨,强烈建议投资,+59,+124,强烈建议投资｜+59%—+124%｜低
MIELY,D:\drive\Investment\分析报告\公司情景投资决策\结果\MIELY_经营情景市场状态投资决策_2026-07-15.md,328,突破 / 非线性,2,震荡均值回归,强烈建议投资,+34,+79,强烈建议投资｜+34%—+79%｜低
MIELY,D:\drive\Investment\分析报告\公司情景投资决策\结果\MIELY_经营情景市场状态投资决策_2026-07-15.md,328,突破 / 非线性,3,有序风险收缩,建议投资,+9,+50,建议投资｜+9%—+50%｜低
MIELY,D:\drive\Investment\分析报告\公司情景投资决策\结果\MIELY_经营情景市场状态投资决策_2026-07-15.md,328,突破 / 非线性,4,流动性信用压力,中性 / 等待,-17,+20,中性 / 等待｜-17%—+20%｜低
MKSI,D:\drive\Investment\分析报告\公司情景投资决策\结果\备份\MKSI_2026-08-19T12_34_42-07_00-07309e6a19\MKSI_经营情景市场状态投资决策_2026-07-15.md,384,悲观 / 受损,0,宽基风险扩张,强烈不建议投资,-80,-34,强烈不建议投资｜-80%～-34%｜低
MKSI,D:\drive\Investment\分析报告\公司情景投资决策\结果\备份\MKSI_2026-08-19T12_34_42-07_00-07309e6a19\MKSI_经营情景市场状态投资决策_2026-07-15.md,384,悲观 / 受损,1,窄幅主题主导上涨,强烈不建议投资,-78,-30,强烈不建议投资｜-78%～-30%｜低
MKSI,D:\drive\Investment\分析报告\公司情景投资决策\结果\备份\MKSI_2026-08-19T12_34_42-07_00-07309e6a19\MKSI_经营情景市场状态投资决策_2026-07-15.md,384,悲观 / 受损,2,震荡均值回归,强烈不建议投资,-86,-44,强烈不建议投资｜-86%～-44%｜低
MKSI,D:\drive\Investment\分析报告\公司情景投资决策\结果\备份\MKSI_2026-08-19T12_34_42-07_00-07309e6a19\MKSI_经营情景市场状态投资决策_2026-07-15.md,384,悲观 / 受损,3,有序风险收缩,强烈不建议投资,-91,-58,强烈不建议投资｜-91%～-58%｜中
MKSI,D:\drive\Investment\分析报告\公司情景投资决策\结果\备份\MKSI_2026-08-19T12_34_42-07_00-07309e6a19\MKSI_经营情景市场状态投资决策_2026-07-15.md,384,悲观 / 受损,4,流动性信用压力,强烈不建议投资,-96,-71,强烈不建议投资｜-96%～-71%｜低
MKSI,D:\drive\Investment\分析报告\公司情景投资决策\结果\备份\MKSI_2026-08-19T12_34_42-07_00-07309e6a19\MKSI_经营情景市场状态投资决策_2026-07-15.md,385,基准 / 正常兑现,0,宽基风险扩张,不建议投资,-53,+19,不建议投资｜-53%～+19%｜低
MKSI,D:\drive\Investment\分析报告\公司情景投资决策\结果\备份\MKSI_2026-08-19T12_34_42-07_00-07309e6a19\MKSI_经营情景市场状态投资决策_2026-07-15.md,385,基准 / 正常兑现,1,窄幅主题主导上涨,中性 / 等待,-49,+28,中性 / 等待｜-49%～+28%｜低
MKSI,D:\drive\Investment\分析报告\公司情景投资决策\结果\备份\MKSI_2026-08-19T12_34_42-07_00-07309e6a19\MKSI_经营情景市场状态投资决策_2026-07-15.md,385,基准 / 正常兑现,2,震荡均值回归,强烈不建议投资,-64,+4,强烈不建议投资｜-64%～+4%｜低
MKSI,D:\drive\Investment\分析报告\公司情景投资决策\结果\备份\MKSI_2026-08-19T12_34_42-07_00-07309e6a19\MKSI_经营情景市场状态投资决策_2026-07-15.md,385,基准 / 正常兑现,3,有序风险收缩,强烈不建议投资,-73,-15,强烈不建议投资｜-73%～-15%｜中
MKSI,D:\drive\Investment\分析报告\公司情景投资决策\结果\备份\MKSI_2026-08-19T12_34_42-07_00-07309e6a19\MKSI_经营情景市场状态投资决策_2026-07-15.md,385,基准 / 正常兑现,4,流动性信用压力,强烈不建议投资,-82,-40,强烈不建议投资｜-82%～-40%｜低
MKSI,D:\drive\Investment\分析报告\公司情景投资决策\结果\备份\MKSI_2026-08-19T12_34_42-07_00-07309e6a19\MKSI_经营情景市场状态投资决策_2026-07-15.md,386,乐观 / 超预期,0,宽基风险扩张,谨慎建议投资,-31,+59,谨慎建议投资｜-31%～+59%｜低
MKSI,D:\drive\Investment\分析报告\公司情景投资决策\结果\备份\MKSI_2026-08-19T12_34_42-07_00-07309e6a19\MKSI_经营情景市场状态投资决策_2026-07-15.md,386,乐观 / 超预期,1,窄幅主题主导上涨,谨慎建议投资,-24,+73,谨慎建议投资｜-24%～+73%｜低
MKSI,D:\drive\Investment\分析报告\公司情景投资决策\结果\备份\MKSI_2026-08-19T12_34_42-07_00-07309e6a19\MKSI_经营情景市场状态投资决策_2026-07-15.md,386,乐观 / 超预期,2,震荡均值回归,中性 / 等待,-47,+40,中性 / 等待｜-47%～+40%｜低
MKSI,D:\drive\Investment\分析报告\公司情景投资决策\结果\备份\MKSI_2026-08-19T12_34_42-07_00-07309e6a19\MKSI_经营情景市场状态投资决策_2026-07-15.md,386,乐观 / 超预期,3,有序风险收缩,不建议投资,-60,+15,不建议投资｜-60%～+15%｜中
MKSI,D:\drive\Investment\分析报告\公司情景投资决策\结果\备份\MKSI_2026-08-19T12_34_42-07_00-07309e6a19\MKSI_经营情景市场状态投资决策_2026-07-15.md,386,乐观 / 超预期,4,流动性信用压力,强烈不建议投资,-72,-14,强烈不建议投资｜-72%～-14%｜低
MKSI,D:\drive\Investment\分析报告\公司情景投资决策\结果\备份\MKSI_2026-08-19T12_34_42-07_00-07309e6a19\MKSI_经营情景市场状态投资决策_2026-07-15.md,387,突破 / 非线性,0,宽基风险扩张,建议投资,-1,+115,建议投资｜-1%～+115%｜低
MKSI,D:\drive\Investment\分析报告\公司情景投资决策\结果\备份\MKSI_2026-08-19T12_34_42-07_00-07309e6a19\MKSI_经营情景市场状态投资决策_2026-07-15.md,387,突破 / 非线性,1,窄幅主题主导上涨,建议投资,+10,+140,建议投资｜+10%～+140%｜低
MKSI,D:\drive\Investment\分析报告\公司情景投资决策\结果\备份\MKSI_2026-08-19T12_34_42-07_00-07309e6a19\MKSI_经营情景市场状态投资决策_2026-07-15.md,387,突破 / 非线性,2,震荡均值回归,谨慎建议投资,-23,+89,谨慎建议投资｜-23%～+89%｜低
MKSI,D:\drive\Investment\分析报告\公司情景投资决策\结果\备份\MKSI_2026-08-19T12_34_42-07_00-07309e6a19\MKSI_经营情景市场状态投资决策_2026-07-15.md,387,突破 / 非线性,3,有序风险收缩,中性 / 等待,-43,+55,中性 / 等待｜-43%～+55%｜中
MKSI,D:\drive\Investment\分析报告\公司情景投资决策\结果\备份\MKSI_2026-08-19T12_34_42-07_00-07309e6a19\MKSI_经营情景市场状态投资决策_2026-07-15.md,387,突破 / 非线性,4,流动性信用压力,不建议投资,-60,+16,不建议投资｜-60%～+16%｜低
MMM,D:\drive\Investment\分析报告\公司情景投资决策\结果\备份\MMM_2026-07-18T18_24_11-07_00-a96a66cd7b\MMM_经营情景市场状态投资决策_2026-07-15.md,332,悲观 / 受损,0,宽基风险扩张,强烈不建议投资,-53,-25,强烈不建议投资｜-53%～-25%｜中
MMM,D:\drive\Investment\分析报告\公司情景投资决策\结果\备份\MMM_2026-07-18T18_24_11-07_00-a96a66cd7b\MMM_经营情景市场状态投资决策_2026-07-15.md,332,悲观 / 受损,1,窄幅主题主导上涨,强烈不建议投资,-62,-35,强烈不建议投资｜-62%～-35%｜中
MMM,D:\drive\Investment\分析报告\公司情景投资决策\结果\备份\MMM_2026-07-18T18_24_11-07_00-a96a66cd7b\MMM_经营情景市场状态投资决策_2026-07-15.md,332,悲观 / 受损,2,震荡均值回归,强烈不建议投资,-59,-32,强烈不建议投资｜-59%～-32%｜中
MMM,D:\drive\Investment\分析报告\公司情景投资决策\结果\备份\MMM_2026-07-18T18_24_11-07_00-a96a66cd7b\MMM_经营情景市场状态投资决策_2026-07-15.md,332,悲观 / 受损,3,有序风险收缩,强烈不建议投资,-71,-45,强烈不建议投资｜-71%～-45%｜中
MMM,D:\drive\Investment\分析报告\公司情景投资决策\结果\备份\MMM_2026-07-18T18_24_11-07_00-a96a66cd7b\MMM_经营情景市场状态投资决策_2026-07-15.md,332,悲观 / 受损,4,流动性信用压力,强烈不建议投资,-86,-58,强烈不建议投资｜-86%～-58%｜低
MMM,D:\drive\Investment\分析报告\公司情景投资决策\结果\备份\MMM_2026-07-18T18_24_11-07_00-a96a66cd7b\MMM_经营情景市场状态投资决策_2026-07-15.md,333,基准 / 正常兑现,0,宽基风险扩张,中性 / 等待,-14,+15,中性 / 等待｜-14%～+15%｜中
MMM,D:\drive\Investment\分析报告\公司情景投资决策\结果\备份\MMM_2026-07-18T18_24_11-07_00-a96a66cd7b\MMM_经营情景市场状态投资决策_2026-07-15.md,333,基准 / 正常兑现,1,窄幅主题主导上涨,不建议投资,-25,+3,不建议投资｜-25%～+3%｜中
MMM,D:\drive\Investment\分析报告\公司情景投资决策\结果\备份\MMM_2026-07-18T18_24_11-07_00-a96a66cd7b\MMM_经营情景市场状态投资决策_2026-07-15.md,333,基准 / 正常兑现,2,震荡均值回归,不建议投资,-21,+7,不建议投资｜-21%～+7%｜中
MMM,D:\drive\Investment\分析报告\公司情景投资决策\结果\备份\MMM_2026-07-18T18_24_11-07_00-a96a66cd7b\MMM_经营情景市场状态投资决策_2026-07-15.md,333,基准 / 正常兑现,3,有序风险收缩,强烈不建议投资,-37,-9,强烈不建议投资｜-37%～-9%｜中
MMM,D:\drive\Investment\分析报告\公司情景投资决策\结果\备份\MMM_2026-07-18T18_24_11-07_00-a96a66cd7b\MMM_经营情景市场状态投资决策_2026-07-15.md,333,基准 / 正常兑现,4,流动性信用压力,强烈不建议投资,-56,-25,强烈不建议投资｜-56%～-25%｜低
MMM,D:\drive\Investment\分析报告\公司情景投资决策\结果\备份\MMM_2026-07-18T18_24_11-07_00-a96a66cd7b\MMM_经营情景市场状态投资决策_2026-07-15.md,334,乐观 / 超预期,0,宽基风险扩张,谨慎建议投资,+4,+38,谨慎建议投资｜+4%～+38%｜中
MMM,D:\drive\Investment\分析报告\公司情景投资决策\结果\备份\MMM_2026-07-18T18_24_11-07_00-a96a66cd7b\MMM_经营情景市场状态投资决策_2026-07-15.md,334,乐观 / 超预期,1,窄幅主题主导上涨,中性 / 等待,-9,+25,中性 / 等待｜-9%～+25%｜中
MMM,D:\drive\Investment\分析报告\公司情景投资决策\结果\备份\MMM_2026-07-18T18_24_11-07_00-a96a66cd7b\MMM_经营情景市场状态投资决策_2026-07-15.md,334,乐观 / 超预期,2,震荡均值回归,谨慎建议投资,-4,+29,谨慎建议投资｜-4%～+29%｜中
MMM,D:\drive\Investment\分析报告\公司情景投资决策\结果\备份\MMM_2026-07-18T18_24_11-07_00-a96a66cd7b\MMM_经营情景市场状态投资决策_2026-07-15.md,334,乐观 / 超预期,3,有序风险收缩,中性 / 等待,-21,+12,中性 / 等待｜-21%～+12%｜中
MMM,D:\drive\Investment\分析报告\公司情景投资决策\结果\备份\MMM_2026-07-18T18_24_11-07_00-a96a66cd7b\MMM_经营情景市场状态投资决策_2026-07-15.md,334,乐观 / 超预期,4,流动性信用压力,不建议投资,-41,-6,不建议投资｜-41%～-6%｜低
MMM,D:\drive\Investment\分析报告\公司情景投资决策\结果\备份\MMM_2026-07-18T18_24_11-07_00-a96a66cd7b\MMM_经营情景市场状态投资决策_2026-07-15.md,335,突破 / 非线性,0,宽基风险扩张,强烈建议投资,+22,+63,强烈建议投资｜+22%～+63%｜低
MMM,D:\drive\Investment\分析报告\公司情景投资决策\结果\备份\MMM_2026-07-18T18_24_11-07_00-a96a66cd7b\MMM_经营情景市场状态投资决策_2026-07-15.md,335,突破 / 非线性,1,窄幅主题主导上涨,谨慎建议投资,+9,+49,谨慎建议投资｜+9%～+49%｜低
MMM,D:\drive\Investment\分析报告\公司情景投资决策\结果\备份\MMM_2026-07-18T18_24_11-07_00-a96a66cd7b\MMM_经营情景市场状态投资决策_2026-07-15.md,335,突破 / 非线性,2,震荡均值回归,建议投资,+13,+54,建议投资｜+13%～+54%｜低
MMM,D:\drive\Investment\分析报告\公司情景投资决策\结果\备份\MMM_2026-07-18T18_24_11-07_00-a96a66cd7b\MMM_经营情景市场状态投资决策_2026-07-15.md,335,突破 / 非线性,3,有序风险收缩,谨慎建议投资,-4,+35,谨慎建议投资｜-4%～+35%｜低
MMM,D:\drive\Investment\分析报告\公司情景投资决策\结果\备份\MMM_2026-07-18T18_24_11-07_00-a96a66cd7b\MMM_经营情景市场状态投资决策_2026-07-15.md,335,突破 / 非线性,4,流动性信用压力,不建议投资,-26,+16,不建议投资｜-26%～+16%｜低
MOD,D:\drive\Investment\分析报告\公司情景投资决策\结果\MOD_经营情景市场状态投资决策_2026-07-15.md,324,悲观 / 受损,0,宽基风险扩张,强烈不建议投资,-76,-26,强烈不建议投资｜-76%～-26%｜低
MOD,D:\drive\Investment\分析报告\公司情景投资决策\结果\MOD_经营情景市场状态投资决策_2026-07-15.md,324,悲观 / 受损,1,窄幅主题主导上涨,强烈不建议投资,-78,-31,强烈不建议投资｜-78%～-31%｜低
MOD,D:\drive\Investment\分析报告\公司情景投资决策\结果\MOD_经营情景市场状态投资决策_2026-07-15.md,324,悲观 / 受损,2,震荡均值回归,强烈不建议投资,-81,-36,强烈不建议投资｜-81%～-36%｜低
MOD,D:\drive\Investment\分析报告\公司情景投资决策\结果\MOD_经营情景市场状态投资决策_2026-07-15.md,324,悲观 / 受损,3,有序风险收缩,强烈不建议投资,-85,-50,强烈不建议投资｜-85%～-50%｜低
MOD,D:\drive\Investment\分析报告\公司情景投资决策\结果\MOD_经营情景市场状态投资决策_2026-07-15.md,324,悲观 / 受损,4,流动性信用压力,强烈不建议投资,-89,-63,强烈不建议投资｜-89%～-63%｜低
MOD,D:\drive\Investment\分析报告\公司情景投资决策\结果\MOD_经营情景市场状态投资决策_2026-07-15.md,325,基准 / 正常兑现,0,宽基风险扩张,谨慎建议投资,0,+52,谨慎建议投资｜0%～+52%｜中
MOD,D:\drive\Investment\分析报告\公司情景投资决策\结果\MOD_经营情景市场状态投资决策_2026-07-15.md,325,基准 / 正常兑现,1,窄幅主题主导上涨,谨慎建议投资,-10,+45,谨慎建议投资｜-10%～+45%｜中
MOD,D:\drive\Investment\分析报告\公司情景投资决策\结果\MOD_经营情景市场状态投资决策_2026-07-15.md,325,基准 / 正常兑现,2,震荡均值回归,中性 / 等待,-27,+31,中性 / 等待｜-27%～+31%｜中
MOD,D:\drive\Investment\分析报告\公司情景投资决策\结果\MOD_经营情景市场状态投资决策_2026-07-15.md,325,基准 / 正常兑现,3,有序风险收缩,不建议投资,-43,+10,不建议投资｜-43%～+10%｜中
MOD,D:\drive\Investment\分析报告\公司情景投资决策\结果\MOD_经营情景市场状态投资决策_2026-07-15.md,325,基准 / 正常兑现,4,流动性信用压力,强烈不建议投资,-60,-17,强烈不建议投资｜-60%～-17%｜低
MOD,D:\drive\Investment\分析报告\公司情景投资决策\结果\MOD_经营情景市场状态投资决策_2026-07-15.md,326,乐观 / 超预期,0,宽基风险扩张,强烈建议投资,+50,+114,强烈建议投资｜+50%～+114%｜中
MOD,D:\drive\Investment\分析报告\公司情景投资决策\结果\MOD_经营情景市场状态投资决策_2026-07-15.md,326,乐观 / 超预期,1,窄幅主题主导上涨,强烈建议投资,+41,+105,强烈建议投资｜+41%～+105%｜中
MOD,D:\drive\Investment\分析报告\公司情景投资决策\结果\MOD_经营情景市场状态投资决策_2026-07-15.md,326,乐观 / 超预期,2,震荡均值回归,建议投资,+14,+88,建议投资｜+14%～+88%｜中
MOD,D:\drive\Investment\分析报告\公司情景投资决策\结果\MOD_经营情景市场状态投资决策_2026-07-15.md,326,乐观 / 超预期,3,有序风险收缩,谨慎建议投资,-12,+61,谨慎建议投资｜-12%～+61%｜低
MOD,D:\drive\Investment\分析报告\公司情景投资决策\结果\MOD_经营情景市场状态投资决策_2026-07-15.md,326,乐观 / 超预期,4,流动性信用压力,不建议投资,-39,+25,不建议投资｜-39%～+25%｜低
MOD,D:\drive\Investment\分析报告\公司情景投资决策\结果\MOD_经营情景市场状态投资决策_2026-07-15.md,327,突破 / 非线性,0,宽基风险扩张,强烈建议投资,+107,+215,强烈建议投资｜+107%～+215%｜低
MOD,D:\drive\Investment\分析报告\公司情景投资决策\结果\MOD_经营情景市场状态投资决策_2026-07-15.md,327,突破 / 非线性,1,窄幅主题主导上涨,强烈建议投资,+97,+203,强烈建议投资｜+97%～+203%｜低
MOD,D:\drive\Investment\分析报告\公司情景投资决策\结果\MOD_经营情景市场状态投资决策_2026-07-15.md,327,突破 / 非线性,2,震荡均值回归,强烈建议投资,+79,+180,强烈建议投资｜+79%～+180%｜低
MOD,D:\drive\Investment\分析报告\公司情景投资决策\结果\MOD_经营情景市场状态投资决策_2026-07-15.md,327,突破 / 非线性,3,有序风险收缩,强烈建议投资,+38,+145,强烈建议投资｜+38%～+145%｜低
MOD,D:\drive\Investment\分析报告\公司情景投资决策\结果\MOD_经营情景市场状态投资决策_2026-07-15.md,327,突破 / 非线性,4,流动性信用压力,谨慎建议投资,-7,+99,谨慎建议投资｜-7%～+99%｜低
MPWR,D:\drive\Investment\分析报告\公司情景投资决策\结果\MPWR_经营情景市场状态投资决策_2026-07-15.md,357,悲观 / 受损,0,宽基风险扩张,强烈不建议投资,-71,-51,强烈不建议投资｜-71%～-51%｜中
MPWR,D:\drive\Investment\分析报告\公司情景投资决策\结果\MPWR_经营情景市场状态投资决策_2026-07-15.md,357,悲观 / 受损,1,窄幅主题主导上涨,强烈不建议投资,-73,-54,强烈不建议投资｜-73%～-54%｜中
MPWR,D:\drive\Investment\分析报告\公司情景投资决策\结果\MPWR_经营情景市场状态投资决策_2026-07-15.md,357,悲观 / 受损,2,震荡均值回归,强烈不建议投资,-76,-58,强烈不建议投资｜-76%～-58%｜中
MPWR,D:\drive\Investment\分析报告\公司情景投资决策\结果\MPWR_经营情景市场状态投资决策_2026-07-15.md,357,悲观 / 受损,3,有序风险收缩,强烈不建议投资,-82,-64,强烈不建议投资｜-82%～-64%｜低
MPWR,D:\drive\Investment\分析报告\公司情景投资决策\结果\MPWR_经营情景市场状态投资决策_2026-07-15.md,357,悲观 / 受损,4,流动性信用压力,强烈不建议投资,-87,-72,强烈不建议投资｜-87%～-72%｜低
MPWR,D:\drive\Investment\分析报告\公司情景投资决策\结果\MPWR_经营情景市场状态投资决策_2026-07-15.md,358,基准 / 正常兑现,0,宽基风险扩张,强烈不建议投资,-43,-7,强烈不建议投资｜-43%～-7%｜中
MPWR,D:\drive\Investment\分析报告\公司情景投资决策\结果\MPWR_经营情景市场状态投资决策_2026-07-15.md,358,基准 / 正常兑现,1,窄幅主题主导上涨,强烈不建议投资,-40,0,强烈不建议投资｜-40%～0%｜中
MPWR,D:\drive\Investment\分析报告\公司情景投资决策\结果\MPWR_经营情景市场状态投资决策_2026-07-15.md,358,基准 / 正常兑现,2,震荡均值回归,强烈不建议投资,-51,-18,强烈不建议投资｜-51%～-18%｜中
MPWR,D:\drive\Investment\分析报告\公司情景投资决策\结果\MPWR_经营情景市场状态投资决策_2026-07-15.md,358,基准 / 正常兑现,3,有序风险收缩,强烈不建议投资,-62,-31,强烈不建议投资｜-62%～-31%｜低
MPWR,D:\drive\Investment\分析报告\公司情景投资决策\结果\MPWR_经营情景市场状态投资决策_2026-07-15.md,358,基准 / 正常兑现,4,流动性信用压力,强烈不建议投资,-74,-47,强烈不建议投资｜-74%～-47%｜低
MPWR,D:\drive\Investment\分析报告\公司情景投资决策\结果\MPWR_经营情景市场状态投资决策_2026-07-15.md,359,乐观 / 超预期,0,宽基风险扩张,谨慎建议投资,-14,+36,谨慎建议投资｜-14%～+36%｜中
MPWR,D:\drive\Investment\分析报告\公司情景投资决策\结果\MPWR_经营情景市场状态投资决策_2026-07-15.md,359,乐观 / 超预期,1,窄幅主题主导上涨,建议投资,-9,+47,建议投资｜-9%～+47%｜中
MPWR,D:\drive\Investment\分析报告\公司情景投资决策\结果\MPWR_经营情景市场状态投资决策_2026-07-15.md,359,乐观 / 超预期,2,震荡均值回归,中性 / 等待,-25,+20,中性 / 等待｜-25%～+20%｜中
MPWR,D:\drive\Investment\分析报告\公司情景投资决策\结果\MPWR_经营情景市场状态投资决策_2026-07-15.md,359,乐观 / 超预期,3,有序风险收缩,不建议投资,-40,0,不建议投资｜-40%～0%｜低
MPWR,D:\drive\Investment\分析报告\公司情景投资决策\结果\MPWR_经营情景市场状态投资决策_2026-07-15.md,359,乐观 / 超预期,4,流动性信用压力,强烈不建议投资,-57,-19,强烈不建议投资｜-57%～-19%｜低
MPWR,D:\drive\Investment\分析报告\公司情景投资决策\结果\MPWR_经营情景市场状态投资决策_2026-07-15.md,360,突破 / 非线性,0,宽基风险扩张,建议投资,+19,+96,建议投资｜+19%～+96%｜低
MPWR,D:\drive\Investment\分析报告\公司情景投资决策\结果\MPWR_经营情景市场状态投资决策_2026-07-15.md,360,突破 / 非线性,1,窄幅主题主导上涨,强烈建议投资,+26,+109,强烈建议投资｜+26%～+109%｜低
MPWR,D:\drive\Investment\分析报告\公司情景投资决策\结果\MPWR_经营情景市场状态投资决策_2026-07-15.md,360,突破 / 非线性,2,震荡均值回归,建议投资,+8,+75,建议投资｜+8%～+75%｜低
MPWR,D:\drive\Investment\分析报告\公司情景投资决策\结果\MPWR_经营情景市场状态投资决策_2026-07-15.md,360,突破 / 非线性,3,有序风险收缩,谨慎建议投资,-14,+48,谨慎建议投资｜-14%～+48%｜低
MPWR,D:\drive\Investment\分析报告\公司情景投资决策\结果\MPWR_经营情景市场状态投资决策_2026-07-15.md,360,突破 / 非线性,4,流动性信用压力,不建议投资,-40,+24,不建议投资｜-40%～+24%｜低
MRAAY,D:\drive\Investment\分析报告\公司情景投资决策\结果\MRAAY_经营情景市场状态投资决策_2026-07-15.md,60,悲观 / 受损,0,宽基风险扩张,强烈不建议投资,-81,-65,强烈不建议投资｜-81%～-65%｜中
MRAAY,D:\drive\Investment\分析报告\公司情景投资决策\结果\MRAAY_经营情景市场状态投资决策_2026-07-15.md,60,悲观 / 受损,1,窄幅主题主导上涨,强烈不建议投资,-85,-73,强烈不建议投资｜-85%～-73%｜中
MRAAY,D:\drive\Investment\分析报告\公司情景投资决策\结果\MRAAY_经营情景市场状态投资决策_2026-07-15.md,60,悲观 / 受损,2,震荡均值回归,强烈不建议投资,-85,-73,强烈不建议投资｜-85%～-73%｜中
MRAAY,D:\drive\Investment\分析报告\公司情景投资决策\结果\MRAAY_经营情景市场状态投资决策_2026-07-15.md,60,悲观 / 受损,3,有序风险收缩,强烈不建议投资,-87,-78,强烈不建议投资｜-87%～-78%｜低
MRAAY,D:\drive\Investment\分析报告\公司情景投资决策\结果\MRAAY_经营情景市场状态投资决策_2026-07-15.md,60,悲观 / 受损,4,流动性信用压力,强烈不建议投资,-89,-82,强烈不建议投资｜-89%～-82%｜低
MRAAY,D:\drive\Investment\分析报告\公司情景投资决策\结果\MRAAY_经营情景市场状态投资决策_2026-07-15.md,61,基准 / 正常兑现,0,宽基风险扩张,强烈不建议投资,-55,-20,强烈不建议投资｜-55%～-20%｜中
MRAAY,D:\drive\Investment\分析报告\公司情景投资决策\结果\MRAAY_经营情景市场状态投资决策_2026-07-15.md,61,基准 / 正常兑现,1,窄幅主题主导上涨,强烈不建议投资,-52,-7,强烈不建议投资｜-52%～-7%｜中
MRAAY,D:\drive\Investment\分析报告\公司情景投资决策\结果\MRAAY_经营情景市场状态投资决策_2026-07-15.md,61,基准 / 正常兑现,2,震荡均值回归,强烈不建议投资,-64,-38,强烈不建议投资｜-64%～-38%｜中
MRAAY,D:\drive\Investment\分析报告\公司情景投资决策\结果\MRAAY_经营情景市场状态投资决策_2026-07-15.md,61,基准 / 正常兑现,3,有序风险收缩,强烈不建议投资,-70,-51,强烈不建议投资｜-70%～-51%｜低
MRAAY,D:\drive\Investment\分析报告\公司情景投资决策\结果\MRAAY_经营情景市场状态投资决策_2026-07-15.md,61,基准 / 正常兑现,4,流动性信用压力,强烈不建议投资,-77,-61,强烈不建议投资｜-77%～-61%｜低
MRAAY,D:\drive\Investment\分析报告\公司情景投资决策\结果\MRAAY_经营情景市场状态投资决策_2026-07-15.md,62,乐观 / 超预期,0,宽基风险扩张,中性 / 等待,-33,+22,中性 / 等待｜-33%～+22%｜低
MRAAY,D:\drive\Investment\分析报告\公司情景投资决策\结果\MRAAY_经营情景市场状态投资决策_2026-07-15.md,62,乐观 / 超预期,1,窄幅主题主导上涨,谨慎建议投资,-19,+68,谨慎建议投资｜-19%～+68%｜低
MRAAY,D:\drive\Investment\分析报告\公司情景投资决策\结果\MRAAY_经营情景市场状态投资决策_2026-07-15.md,62,乐观 / 超预期,2,震荡均值回归,不建议投资,-46,-7,不建议投资｜-46%～-7%｜低
MRAAY,D:\drive\Investment\分析报告\公司情景投资决策\结果\MRAAY_经营情景市场状态投资决策_2026-07-15.md,62,乐观 / 超预期,3,有序风险收缩,强烈不建议投资,-56,-27,强烈不建议投资｜-56%～-27%｜低
MRAAY,D:\drive\Investment\分析报告\公司情景投资决策\结果\MRAAY_经营情景市场状态投资决策_2026-07-15.md,62,乐观 / 超预期,4,流动性信用压力,强烈不建议投资,-66,-41,强烈不建议投资｜-66%～-41%｜低
MRAAY,D:\drive\Investment\分析报告\公司情景投资决策\结果\MRAAY_经营情景市场状态投资决策_2026-07-15.md,63,突破 / 非线性,0,宽基风险扩张,建议投资,-3,+79,建议投资｜-3%～+79%｜低
MRAAY,D:\drive\Investment\分析报告\公司情景投资决策\结果\MRAAY_经营情景市场状态投资决策_2026-07-15.md,63,突破 / 非线性,1,窄幅主题主导上涨,强烈建议投资,+22,+174,强烈建议投资｜+22%～+174%｜低
MRAAY,D:\drive\Investment\分析报告\公司情景投资决策\结果\MRAAY_经营情景市场状态投资决策_2026-07-15.md,63,突破 / 非线性,2,震荡均值回归,谨慎建议投资,-22,+37,谨慎建议投资｜-22%～+37%｜低
MRAAY,D:\drive\Investment\分析报告\公司情景投资决策\结果\MRAAY_经营情景市场状态投资决策_2026-07-15.md,63,突破 / 非线性,3,有序风险收缩,不建议投资,-36,+7,不建议投资｜-36%～+7%｜低
MRAAY,D:\drive\Investment\分析报告\公司情景投资决策\结果\MRAAY_经营情景市场状态投资决策_2026-07-15.md,63,突破 / 非线性,4,流动性信用压力,强烈不建议投资,-51,-14,强烈不建议投资｜-51%～-14%｜低
MRAM,D:\drive\Investment\分析报告\公司情景投资决策\结果\MRAM_经营情景市场状态投资决策_2026-07-15.md,341,悲观 / 受损,0,宽基风险扩张,强烈不建议投资,-78,-63,强烈不建议投资｜-78%～-63%｜中
MRAM,D:\drive\Investment\分析报告\公司情景投资决策\结果\MRAM_经营情景市场状态投资决策_2026-07-15.md,341,悲观 / 受损,1,窄幅主题主导上涨,强烈不建议投资,-81,-65,强烈不建议投资｜-81%～-65%｜低
MRAM,D:\drive\Investment\分析报告\公司情景投资决策\结果\MRAM_经营情景市场状态投资决策_2026-07-15.md,341,悲观 / 受损,2,震荡均值回归,强烈不建议投资,-83,-70,强烈不建议投资｜-83%～-70%｜中
MRAM,D:\drive\Investment\分析报告\公司情景投资决策\结果\MRAM_经营情景市场状态投资决策_2026-07-15.md,341,悲观 / 受损,3,有序风险收缩,强烈不建议投资,-87,-77,强烈不建议投资｜-87%～-77%｜中
MRAM,D:\drive\Investment\分析报告\公司情景投资决策\结果\MRAM_经营情景市场状态投资决策_2026-07-15.md,341,悲观 / 受损,4,流动性信用压力,强烈不建议投资,-92,-82,强烈不建议投资｜-92%～-82%｜低
MRAM,D:\drive\Investment\分析报告\公司情景投资决策\结果\MRAM_经营情景市场状态投资决策_2026-07-15.md,342,基准 / 正常兑现,0,宽基风险扩张,不建议投资,-60,-10,不建议投资｜-60%～-10%｜中
MRAM,D:\drive\Investment\分析报告\公司情景投资决策\结果\MRAM_经营情景市场状态投资决策_2026-07-15.md,342,基准 / 正常兑现,1,窄幅主题主导上涨,不建议投资,-57,-1,不建议投资｜-57%～-1%｜低
MRAM,D:\drive\Investment\分析报告\公司情景投资决策\结果\MRAM_经营情景市场状态投资决策_2026-07-15.md,342,基准 / 正常兑现,2,震荡均值回归,强烈不建议投资,-70,-25,强烈不建议投资｜-70%～-25%｜中
MRAM,D:\drive\Investment\分析报告\公司情景投资决策\结果\MRAM_经营情景市场状态投资决策_2026-07-15.md,342,基准 / 正常兑现,3,有序风险收缩,强烈不建议投资,-77,-41,强烈不建议投资｜-77%～-41%｜中
MRAM,D:\drive\Investment\分析报告\公司情景投资决策\结果\MRAM_经营情景市场状态投资决策_2026-07-15.md,342,基准 / 正常兑现,4,流动性信用压力,强烈不建议投资,-88,-58,强烈不建议投资｜-88%～-58%｜低
MRAM,D:\drive\Investment\分析报告\公司情景投资决策\结果\MRAM_经营情景市场状态投资决策_2026-07-15.md,343,乐观 / 超预期,0,宽基风险扩张,中性 / 等待,-35,+52,中性 / 等待｜-35%～+52%｜低
MRAM,D:\drive\Investment\分析报告\公司情景投资决策\结果\MRAM_经营情景市场状态投资决策_2026-07-15.md,343,乐观 / 超预期,1,窄幅主题主导上涨,谨慎建议投资,-30,+67,谨慎建议投资｜-30%～+67%｜低
MRAM,D:\drive\Investment\分析报告\公司情景投资决策\结果\MRAM_经营情景市场状态投资决策_2026-07-15.md,343,乐观 / 超预期,2,震荡均值回归,不建议投资,-44,+31,不建议投资｜-44%～+31%｜低
MRAM,D:\drive\Investment\分析报告\公司情景投资决策\结果\MRAM_经营情景市场状态投资决策_2026-07-15.md,343,乐观 / 超预期,3,有序风险收缩,不建议投资,-57,+4,不建议投资｜-57%～+4%｜低
MRAM,D:\drive\Investment\分析报告\公司情景投资决策\结果\MRAM_经营情景市场状态投资决策_2026-07-15.md,343,乐观 / 超预期,4,流动性信用压力,强烈不建议投资,-76,-27,强烈不建议投资｜-76%～-27%｜低
MRAM,D:\drive\Investment\分析报告\公司情景投资决策\结果\MRAM_经营情景市场状态投资决策_2026-07-15.md,344,突破 / 非线性,0,宽基风险扩张,建议投资,+23,+142,建议投资｜+23%～+142%｜低
MRAM,D:\drive\Investment\分析报告\公司情景投资决策\结果\MRAM_经营情景市场状态投资决策_2026-07-15.md,344,突破 / 非线性,1,窄幅主题主导上涨,强烈建议投资,+36,+159,强烈建议投资｜+36%～+159%｜低
MRAM,D:\drive\Investment\分析报告\公司情景投资决策\结果\MRAM_经营情景市场状态投资决策_2026-07-15.md,344,突破 / 非线性,2,震荡均值回归,建议投资,+5,+111,建议投资｜+5%～+111%｜低
MRAM,D:\drive\Investment\分析报告\公司情景投资决策\结果\MRAM_经营情景市场状态投资决策_2026-07-15.md,344,突破 / 非线性,3,有序风险收缩,谨慎建议投资,-19,+72,谨慎建议投资｜-19%～+72%｜低
MRAM,D:\drive\Investment\分析报告\公司情景投资决策\结果\MRAM_经营情景市场状态投资决策_2026-07-15.md,344,突破 / 非线性,4,流动性信用压力,不建议投资,-58,+24,不建议投资｜-58%～+24%｜低
MRVL,D:\drive\Investment\分析报告\公司情景投资决策\结果\MRVL_经营情景市场状态投资决策_2026-07-15.md,75,悲观 / 受损,0,宽基风险扩张,强烈不建议投资,-73.2,-44.1,强烈不建议投资｜-73.2%～-44.1%｜中
MRVL,D:\drive\Investment\分析报告\公司情景投资决策\结果\MRVL_经营情景市场状态投资决策_2026-07-15.md,75,悲观 / 受损,1,窄幅主题主导上涨,强烈不建议投资,-75.6,-48.9,强烈不建议投资｜-75.6%～-48.9%｜中
MRVL,D:\drive\Investment\分析报告\公司情景投资决策\结果\MRVL_经营情景市场状态投资决策_2026-07-15.md,75,悲观 / 受损,2,震荡均值回归,强烈不建议投资,-78.0,-53.8,强烈不建议投资｜-78.0%～-53.8%｜中
MRVL,D:\drive\Investment\分析报告\公司情景投资决策\结果\MRVL_经营情景市场状态投资决策_2026-07-15.md,75,悲观 / 受损,3,有序风险收缩,强烈不建议投资,-82.9,-61.1,强烈不建议投资｜-82.9%～-61.1%｜低
MRVL,D:\drive\Investment\分析报告\公司情景投资决策\结果\MRVL_经营情景市场状态投资决策_2026-07-15.md,75,悲观 / 受损,4,流动性信用压力,强烈不建议投资,-90.2,-70.8,强烈不建议投资｜-90.2%～-70.8%｜低
MRVL,D:\drive\Investment\分析报告\公司情景投资决策\结果\MRVL_经营情景市场状态投资决策_2026-07-15.md,76,基准 / 正常兑现,0,宽基风险扩张,不建议投资,-29.6,+18.9,不建议投资｜-29.6%～+18.9%｜中
MRVL,D:\drive\Investment\分析报告\公司情景投资决策\结果\MRVL_经营情景市场状态投资决策_2026-07-15.md,76,基准 / 正常兑现,1,窄幅主题主导上涨,中性 / 等待,-24.7,+28.6,中性 / 等待｜-24.7%～+28.6%｜中
MRVL,D:\drive\Investment\分析报告\公司情景投资决策\结果\MRVL_经营情景市场状态投资决策_2026-07-15.md,76,基准 / 正常兑现,2,震荡均值回归,不建议投资,-39.3,+4.4,不建议投资｜-39.3%～+4.4%｜中
MRVL,D:\drive\Investment\分析报告\公司情景投资决策\结果\MRVL_经营情景市场状态投资决策_2026-07-15.md,76,基准 / 正常兑现,3,有序风险收缩,强烈不建议投资,-53.8,-15.0,强烈不建议投资｜-53.8%～-15.0%｜低
MRVL,D:\drive\Investment\分析报告\公司情景投资决策\结果\MRVL_经营情景市场状态投资决策_2026-07-15.md,76,基准 / 正常兑现,4,流动性信用压力,强烈不建议投资,-68.3,-34.4,强烈不建议投资｜-68.3%～-34.4%｜低
MRVL,D:\drive\Investment\分析报告\公司情景投资决策\结果\MRVL_经营情景市场状态投资决策_2026-07-15.md,77,乐观 / 超预期,0,宽基风险扩张,谨慎建议投资,-0.5,+62.6,谨慎建议投资｜-0.5%～+62.6%｜中
MRVL,D:\drive\Investment\分析报告\公司情景投资决策\结果\MRVL_经营情景市场状态投资决策_2026-07-15.md,77,乐观 / 超预期,1,窄幅主题主导上涨,建议投资,+9.2,+79.5,建议投资｜+9.2%～+79.5%｜中
MRVL,D:\drive\Investment\分析报告\公司情景投资决策\结果\MRVL_经营情景市场状态投资决策_2026-07-15.md,77,乐观 / 超预期,2,震荡均值回归,谨慎建议投资,-12.6,+45.6,谨慎建议投资｜-12.6%～+45.6%｜中
MRVL,D:\drive\Investment\分析报告\公司情景投资决策\结果\MRVL_经营情景市场状态投资决策_2026-07-15.md,77,乐观 / 超预期,3,有序风险收缩,不建议投资,-29.6,+21.4,不建议投资｜-29.6%～+21.4%｜低
MRVL,D:\drive\Investment\分析报告\公司情景投资决策\结果\MRVL_经营情景市场状态投资决策_2026-07-15.md,77,乐观 / 超预期,4,流动性信用压力,强烈不建议投资,-53.8,-7.7,强烈不建议投资｜-53.8%～-7.7%｜低
MRVL,D:\drive\Investment\分析报告\公司情景投资决策\结果\MRVL_经营情景市场状态投资决策_2026-07-15.md,78,突破 / 非线性,0,宽基风险扩张,强烈建议投资,+38.3,+123.2,强烈建议投资｜+38.3%～+123.2%｜低
MRVL,D:\drive\Investment\分析报告\公司情景投资决策\结果\MRVL_经营情景市场状态投资决策_2026-07-15.md,78,突破 / 非线性,1,窄幅主题主导上涨,强烈建议投资,+52.9,+149.8,强烈建议投资｜+52.9%～+149.8%｜低
MRVL,D:\drive\Investment\分析报告\公司情景投资决策\结果\MRVL_经营情景市场状态投资决策_2026-07-15.md,78,突破 / 非线性,2,震荡均值回归,建议投资,+18.9,+96.5,建议投资｜+18.9%～+96.5%｜低
MRVL,D:\drive\Investment\分析报告\公司情景投资决策\结果\MRVL_经营情景市场状态投资决策_2026-07-15.md,78,突破 / 非线性,3,有序风险收缩,谨慎建议投资,-5.3,+65.0,谨慎建议投资｜-5.3%～+65.0%｜低
MRVL,D:\drive\Investment\分析报告\公司情景投资决策\结果\MRVL_经营情景市场状态投资决策_2026-07-15.md,78,突破 / 非线性,4,流动性信用压力,中性 / 等待,-34.4,+33.5,中性 / 等待｜-34.4%～+33.5%｜低
MSFT,D:\drive\Investment\分析报告\公司情景投资决策\结果\备份\MSFT_2026-07-18T18_25_08-07_00-211e86e1a9\MSFT_经营情景市场状态投资决策_2026-07-15.md,409,悲观 / 受损,0,宽基风险扩张,强烈不建议投资,-43,-17,强烈不建议投资｜-43%～-17%｜中
MSFT,D:\drive\Investment\分析报告\公司情景投资决策\结果\备份\MSFT_2026-07-18T18_25_08-07_00-211e86e1a9\MSFT_经营情景市场状态投资决策_2026-07-15.md,409,悲观 / 受损,1,窄幅主题主导上涨,强烈不建议投资,-45,-20,强烈不建议投资｜-45%～-20%｜中
MSFT,D:\drive\Investment\分析报告\公司情景投资决策\结果\备份\MSFT_2026-07-18T18_25_08-07_00-211e86e1a9\MSFT_经营情景市场状态投资决策_2026-07-15.md,409,悲观 / 受损,2,震荡均值回归,强烈不建议投资,-49,-25,强烈不建议投资｜-49%～-25%｜中
MSFT,D:\drive\Investment\分析报告\公司情景投资决策\结果\备份\MSFT_2026-07-18T18_25_08-07_00-211e86e1a9\MSFT_经营情景市场状态投资决策_2026-07-15.md,409,悲观 / 受损,3,有序风险收缩,强烈不建议投资,-58,-35,强烈不建议投资｜-58%～-35%｜低
MSFT,D:\drive\Investment\分析报告\公司情景投资决策\结果\备份\MSFT_2026-07-18T18_25_08-07_00-211e86e1a9\MSFT_经营情景市场状态投资决策_2026-07-15.md,409,悲观 / 受损,4,流动性信用压力,强烈不建议投资,-69,-47,强烈不建议投资｜-69%～-47%｜低
MSFT,D:\drive\Investment\分析报告\公司情景投资决策\结果\备份\MSFT_2026-07-18T18_25_08-07_00-211e86e1a9\MSFT_经营情景市场状态投资决策_2026-07-15.md,410,基准 / 正常兑现,0,宽基风险扩张,谨慎建议投资,-6,+33,谨慎建议投资｜-6%～+33%｜中
MSFT,D:\drive\Investment\分析报告\公司情景投资决策\结果\备份\MSFT_2026-07-18T18_25_08-07_00-211e86e1a9\MSFT_经营情景市场状态投资决策_2026-07-15.md,410,基准 / 正常兑现,1,窄幅主题主导上涨,谨慎建议投资,-3,+36,谨慎建议投资｜-3%～+36%｜中
MSFT,D:\drive\Investment\分析报告\公司情景投资决策\结果\备份\MSFT_2026-07-18T18_25_08-07_00-211e86e1a9\MSFT_经营情景市场状态投资决策_2026-07-15.md,410,基准 / 正常兑现,2,震荡均值回归,中性 / 等待,-14,+24,中性 / 等待｜-14%～+24%｜中
MSFT,D:\drive\Investment\分析报告\公司情景投资决策\结果\备份\MSFT_2026-07-18T18_25_08-07_00-211e86e1a9\MSFT_经营情景市场状态投资决策_2026-07-15.md,410,基准 / 正常兑现,3,有序风险收缩,不建议投资,-27,+6,不建议投资｜-27%～+6%｜低
MSFT,D:\drive\Investment\分析报告\公司情景投资决策\结果\备份\MSFT_2026-07-18T18_25_08-07_00-211e86e1a9\MSFT_经营情景市场状态投资决策_2026-07-15.md,410,基准 / 正常兑现,4,流动性信用压力,强烈不建议投资,-47,-16,强烈不建议投资｜-47%～-16%｜低
MSFT,D:\drive\Investment\分析报告\公司情景投资决策\结果\备份\MSFT_2026-07-18T18_25_08-07_00-211e86e1a9\MSFT_经营情景市场状态投资决策_2026-07-15.md,411,乐观 / 超预期,0,宽基风险扩张,强烈建议投资,+32,+84,强烈建议投资｜+32%～+84%｜中
MSFT,D:\drive\Investment\分析报告\公司情景投资决策\结果\备份\MSFT_2026-07-18T18_25_08-07_00-211e86e1a9\MSFT_经营情景市场状态投资决策_2026-07-15.md,411,乐观 / 超预期,1,窄幅主题主导上涨,强烈建议投资,+38,+99,强烈建议投资｜+38%～+99%｜中
MSFT,D:\drive\Investment\分析报告\公司情景投资决策\结果\备份\MSFT_2026-07-18T18_25_08-07_00-211e86e1a9\MSFT_经营情景市场状态投资决策_2026-07-15.md,411,乐观 / 超预期,2,震荡均值回归,建议投资,+19,+72,建议投资｜+19%～+72%｜中
MSFT,D:\drive\Investment\分析报告\公司情景投资决策\结果\备份\MSFT_2026-07-18T18_25_08-07_00-211e86e1a9\MSFT_经营情景市场状态投资决策_2026-07-15.md,411,乐观 / 超预期,3,有序风险收缩,谨慎建议投资,+3,+50,谨慎建议投资｜+3%～+50%｜低
MSFT,D:\drive\Investment\分析报告\公司情景投资决策\结果\备份\MSFT_2026-07-18T18_25_08-07_00-211e86e1a9\MSFT_经营情景市场状态投资决策_2026-07-15.md,411,乐观 / 超预期,4,流动性信用压力,中性 / 等待,-23,+24,中性 / 等待｜-23%～+24%｜低
MSFT,D:\drive\Investment\分析报告\公司情景投资决策\结果\备份\MSFT_2026-07-18T18_25_08-07_00-211e86e1a9\MSFT_经营情景市场状态投资决策_2026-07-15.md,412,突破 / 非线性,0,宽基风险扩张,强烈建议投资,+69,+152,强烈建议投资｜+69%～+152%｜低
MSFT,D:\drive\Investment\分析报告\公司情景投资决策\结果\备份\MSFT_2026-07-18T18_25_08-07_00-211e86e1a9\MSFT_经营情景市场状态投资决策_2026-07-15.md,412,突破 / 非线性,1,窄幅主题主导上涨,强烈建议投资,+84,+184,强烈建议投资｜+84%～+184%｜低
MSFT,D:\drive\Investment\分析报告\公司情景投资决策\结果\备份\MSFT_2026-07-18T18_25_08-07_00-211e86e1a9\MSFT_经营情景市场状态投资决策_2026-07-15.md,412,突破 / 非线性,2,震荡均值回归,强烈建议投资,+58,+138,强烈建议投资｜+58%～+138%｜低
MSFT,D:\drive\Investment\分析报告\公司情景投资决策\结果\备份\MSFT_2026-07-18T18_25_08-07_00-211e86e1a9\MSFT_经营情景市场状态投资决策_2026-07-15.md,412,突破 / 非线性,3,有序风险收缩,强烈建议投资,+35,+106,强烈建议投资｜+35%～+106%｜低
MSFT,D:\drive\Investment\分析报告\公司情景投资决策\结果\备份\MSFT_2026-07-18T18_25_08-07_00-211e86e1a9\MSFT_经营情景市场状态投资决策_2026-07-15.md,412,突破 / 非线性,4,流动性信用压力,谨慎建议投资,+5,+79,谨慎建议投资｜+5%～+79%｜低
MSI,D:\drive\Investment\分析报告\公司情景投资决策\结果\MSI_经营情景市场状态投资决策_2026-07-15.md,334,悲观 / 受损,0,宽基风险扩张,强烈不建议投资,-52,-17,强烈不建议投资｜-52%～-17%｜低
MSI,D:\drive\Investment\分析报告\公司情景投资决策\结果\MSI_经营情景市场状态投资决策_2026-07-15.md,334,悲观 / 受损,1,窄幅主题主导上涨,强烈不建议投资,-55,-20,强烈不建议投资｜-55%～-20%｜低
MSI,D:\drive\Investment\分析报告\公司情景投资决策\结果\MSI_经营情景市场状态投资决策_2026-07-15.md,334,悲观 / 受损,2,震荡均值回归,强烈不建议投资,-56,-25,强烈不建议投资｜-56%～-25%｜低
MSI,D:\drive\Investment\分析报告\公司情景投资决策\结果\MSI_经营情景市场状态投资决策_2026-07-15.md,334,悲观 / 受损,3,有序风险收缩,强烈不建议投资,-61,-36,强烈不建议投资｜-61%～-36%｜低
MSI,D:\drive\Investment\分析报告\公司情景投资决策\结果\MSI_经营情景市场状态投资决策_2026-07-15.md,334,悲观 / 受损,4,流动性信用压力,强烈不建议投资,-68,-50,强烈不建议投资｜-68%～-50%｜低
MSI,D:\drive\Investment\分析报告\公司情景投资决策\结果\MSI_经营情景市场状态投资决策_2026-07-15.md,335,基准 / 正常兑现,0,宽基风险扩张,不建议投资,-20,+10,不建议投资｜-20%～+10%｜中
MSI,D:\drive\Investment\分析报告\公司情景投资决策\结果\MSI_经营情景市场状态投资决策_2026-07-15.md,335,基准 / 正常兑现,1,窄幅主题主导上涨,不建议投资,-24,+6,不建议投资｜-24%～+6%｜中
MSI,D:\drive\Investment\分析报告\公司情景投资决策\结果\MSI_经营情景市场状态投资决策_2026-07-15.md,335,基准 / 正常兑现,2,震荡均值回归,强烈不建议投资,-28,-1,强烈不建议投资｜-28%～-1%｜中
MSI,D:\drive\Investment\分析报告\公司情景投资决策\结果\MSI_经营情景市场状态投资决策_2026-07-15.md,335,基准 / 正常兑现,3,有序风险收缩,强烈不建议投资,-35,-14,强烈不建议投资｜-35%～-14%｜中
MSI,D:\drive\Investment\分析报告\公司情景投资决策\结果\MSI_经营情景市场状态投资决策_2026-07-15.md,335,基准 / 正常兑现,4,流动性信用压力,强烈不建议投资,-51,-30,强烈不建议投资｜-51%～-30%｜低
MSI,D:\drive\Investment\分析报告\公司情景投资决策\结果\MSI_经营情景市场状态投资决策_2026-07-15.md,336,乐观 / 超预期,0,宽基风险扩张,建议投资,+3,+41,建议投资｜+3%～+41%｜中
MSI,D:\drive\Investment\分析报告\公司情景投资决策\结果\MSI_经营情景市场状态投资决策_2026-07-15.md,336,乐观 / 超预期,1,窄幅主题主导上涨,谨慎建议投资,-2,+36,谨慎建议投资｜-2%～+36%｜中
MSI,D:\drive\Investment\分析报告\公司情景投资决策\结果\MSI_经营情景市场状态投资决策_2026-07-15.md,336,乐观 / 超预期,2,震荡均值回归,谨慎建议投资,-7,+29,谨慎建议投资｜-7%～+29%｜中
MSI,D:\drive\Investment\分析报告\公司情景投资决策\结果\MSI_经营情景市场状态投资决策_2026-07-15.md,336,乐观 / 超预期,3,有序风险收缩,中性 / 等待,-18,+13,中性 / 等待｜-18%～+13%｜低
MSI,D:\drive\Investment\分析报告\公司情景投资决策\结果\MSI_经营情景市场状态投资决策_2026-07-15.md,336,乐观 / 超预期,4,流动性信用压力,强烈不建议投资,-37,-4,强烈不建议投资｜-37%～-4%｜低
MSI,D:\drive\Investment\分析报告\公司情景投资决策\结果\MSI_经营情景市场状态投资决策_2026-07-15.md,337,突破 / 非线性,0,宽基风险扩张,强烈建议投资,+31,+79,强烈建议投资｜+31%～+79%｜低
MSI,D:\drive\Investment\分析报告\公司情景投资决策\结果\MSI_经营情景市场状态投资决策_2026-07-15.md,337,突破 / 非线性,1,窄幅主题主导上涨,强烈建议投资,+25,+74,强烈建议投资｜+25%～+74%｜低
MSI,D:\drive\Investment\分析报告\公司情景投资决策\结果\MSI_经营情景市场状态投资决策_2026-07-15.md,337,突破 / 非线性,2,震荡均值回归,强烈建议投资,+18,+66,强烈建议投资｜+18%～+66%｜低
MSI,D:\drive\Investment\分析报告\公司情景投资决策\结果\MSI_经营情景市场状态投资决策_2026-07-15.md,337,突破 / 非线性,3,有序风险收缩,建议投资,+4,+45,建议投资｜+4%～+45%｜低
MSI,D:\drive\Investment\分析报告\公司情景投资决策\结果\MSI_经营情景市场状态投资决策_2026-07-15.md,337,突破 / 非线性,4,流动性信用压力,中性 / 等待,-21,+25,中性 / 等待｜-21%～+25%｜低
MTRN,D:\drive\Investment\分析报告\公司情景投资决策\结果\MTRN_经营情景市场状态投资决策_2026-07-15.md,328,悲观 / 受损,0,宽基风险扩张,强烈不建议投资,-69,-44,强烈不建议投资｜-69%～-44%｜中
MTRN,D:\drive\Investment\分析报告\公司情景投资决策\结果\MTRN_经营情景市场状态投资决策_2026-07-15.md,328,悲观 / 受损,1,窄幅主题主导上涨,强烈不建议投资,-72,-48,强烈不建议投资｜-72%～-48%｜中
MTRN,D:\drive\Investment\分析报告\公司情景投资决策\结果\MTRN_经营情景市场状态投资决策_2026-07-15.md,328,悲观 / 受损,2,震荡均值回归,强烈不建议投资,-75,-52,强烈不建议投资｜-75%～-52%｜中
MTRN,D:\drive\Investment\分析报告\公司情景投资决策\结果\MTRN_经营情景市场状态投资决策_2026-07-15.md,328,悲观 / 受损,3,有序风险收缩,强烈不建议投资,-85,-64,强烈不建议投资｜-85%～-64%｜低
MTRN,D:\drive\Investment\分析报告\公司情景投资决策\结果\MTRN_经营情景市场状态投资决策_2026-07-15.md,328,悲观 / 受损,4,流动性信用压力,强烈不建议投资,-95,-77,强烈不建议投资｜-95%～-77%｜低
MTRN,D:\drive\Investment\分析报告\公司情景投资决策\结果\MTRN_经营情景市场状态投资决策_2026-07-15.md,329,基准 / 正常兑现,0,宽基风险扩张,不建议投资,-17,+15,不建议投资｜-17%～+15%｜中
MTRN,D:\drive\Investment\分析报告\公司情景投资决策\结果\MTRN_经营情景市场状态投资决策_2026-07-15.md,329,基准 / 正常兑现,1,窄幅主题主导上涨,中性 / 等待,-13,+26,中性 / 等待｜-13%～+26%｜中
MTRN,D:\drive\Investment\分析报告\公司情景投资决策\结果\MTRN_经营情景市场状态投资决策_2026-07-15.md,329,基准 / 正常兑现,2,震荡均值回归,不建议投资,-32,-2,不建议投资｜-32%～-2%｜中
MTRN,D:\drive\Investment\分析报告\公司情景投资决策\结果\MTRN_经营情景市场状态投资决策_2026-07-15.md,329,基准 / 正常兑现,3,有序风险收缩,强烈不建议投资,-46,-18,强烈不建议投资｜-46%～-18%｜低
MTRN,D:\drive\Investment\分析报告\公司情景投资决策\结果\MTRN_经营情景市场状态投资决策_2026-07-15.md,329,基准 / 正常兑现,4,流动性信用压力,强烈不建议投资,-70,-46,强烈不建议投资｜-70%～-46%｜低
MTRN,D:\drive\Investment\分析报告\公司情景投资决策\结果\MTRN_经营情景市场状态投资决策_2026-07-15.md,330,乐观 / 超预期,0,宽基风险扩张,谨慎建议投资,+8,+56,谨慎建议投资｜+8%～+56%｜中
MTRN,D:\drive\Investment\分析报告\公司情景投资决策\结果\MTRN_经营情景市场状态投资决策_2026-07-15.md,330,乐观 / 超预期,1,窄幅主题主导上涨,建议投资,+25,+76,建议投资｜+25%～+76%｜中
MTRN,D:\drive\Investment\分析报告\公司情景投资决策\结果\MTRN_经营情景市场状态投资决策_2026-07-15.md,330,乐观 / 超预期,2,震荡均值回归,谨慎建议投资,-3,+36,谨慎建议投资｜-3%～+36%｜中
MTRN,D:\drive\Investment\分析报告\公司情景投资决策\结果\MTRN_经营情景市场状态投资决策_2026-07-15.md,330,乐观 / 超预期,3,有序风险收缩,不建议投资,-21,+16,不建议投资｜-21%～+16%｜低
MTRN,D:\drive\Investment\分析报告\公司情景投资决策\结果\MTRN_经营情景市场状态投资决策_2026-07-15.md,330,乐观 / 超预期,4,流动性信用压力,强烈不建议投资,-49,-17,强烈不建议投资｜-49%～-17%｜低
MTRN,D:\drive\Investment\分析报告\公司情景投资决策\结果\MTRN_经营情景市场状态投资决策_2026-07-15.md,331,突破 / 非线性,0,宽基风险扩张,强烈建议投资,+47,+124,强烈建议投资｜+47%～+124%｜低
MTRN,D:\drive\Investment\分析报告\公司情景投资决策\结果\MTRN_经营情景市场状态投资决策_2026-07-15.md,331,突破 / 非线性,1,窄幅主题主导上涨,强烈建议投资,+68,+157,强烈建议投资｜+68%～+157%｜低
MTRN,D:\drive\Investment\分析报告\公司情景投资决策\结果\MTRN_经营情景市场状态投资决策_2026-07-15.md,331,突破 / 非线性,2,震荡均值回归,建议投资,+26,+90,建议投资｜+26%～+90%｜低
MTRN,D:\drive\Investment\分析报告\公司情景投资决策\结果\MTRN_经营情景市场状态投资决策_2026-07-15.md,331,突破 / 非线性,3,有序风险收缩,谨慎建议投资,+5,+65,谨慎建议投资｜+5%～+65%｜低
MTRN,D:\drive\Investment\分析报告\公司情景投资决策\结果\MTRN_经营情景市场状态投资决策_2026-07-15.md,331,突破 / 非线性,4,流动性信用压力,不建议投资,-22,+32,不建议投资｜-22%～+32%｜低
MTSI,D:\drive\Investment\分析报告\公司情景投资决策\结果\MTSI_经营情景市场状态投资决策_2026-07-15.md,298,悲观 / 受损,0,宽基风险扩张,强烈不建议投资,-84,-39,强烈不建议投资｜-84%～-39%｜中
MTSI,D:\drive\Investment\分析报告\公司情景投资决策\结果\MTSI_经营情景市场状态投资决策_2026-07-15.md,298,悲观 / 受损,1,窄幅主题主导上涨,强烈不建议投资,-83,-41,强烈不建议投资｜-83%～-41%｜中
MTSI,D:\drive\Investment\分析报告\公司情景投资决策\结果\MTSI_经营情景市场状态投资决策_2026-07-15.md,298,悲观 / 受损,2,震荡均值回归,强烈不建议投资,-85,-48,强烈不建议投资｜-85%～-48%｜中
MTSI,D:\drive\Investment\分析报告\公司情景投资决策\结果\MTSI_经营情景市场状态投资决策_2026-07-15.md,298,悲观 / 受损,3,有序风险收缩,强烈不建议投资,-88,-55,强烈不建议投资｜-88%～-55%｜中
MTSI,D:\drive\Investment\分析报告\公司情景投资决策\结果\MTSI_经营情景市场状态投资决策_2026-07-15.md,298,悲观 / 受损,4,流动性信用压力,强烈不建议投资,-90,-67,强烈不建议投资｜-90%～-67%｜低
MTSI,D:\drive\Investment\分析报告\公司情景投资决策\结果\MTSI_经营情景市场状态投资决策_2026-07-15.md,299,基准 / 正常兑现,0,宽基风险扩张,不建议投资,-62,+6,不建议投资｜-62%～+6%｜低
MTSI,D:\drive\Investment\分析报告\公司情景投资决策\结果\MTSI_经营情景市场状态投资决策_2026-07-15.md,299,基准 / 正常兑现,1,窄幅主题主导上涨,不建议投资,-59,+14,不建议投资｜-59%～+14%｜低
MTSI,D:\drive\Investment\分析报告\公司情景投资决策\结果\MTSI_经营情景市场状态投资决策_2026-07-15.md,299,基准 / 正常兑现,2,震荡均值回归,强烈不建议投资,-67,-7,强烈不建议投资｜-67%～-7%｜中
MTSI,D:\drive\Investment\分析报告\公司情景投资决策\结果\MTSI_经营情景市场状态投资决策_2026-07-15.md,299,基准 / 正常兑现,3,有序风险收缩,强烈不建议投资,-73,-23,强烈不建议投资｜-73%～-23%｜中
MTSI,D:\drive\Investment\分析报告\公司情景投资决策\结果\MTSI_经营情景市场状态投资决策_2026-07-15.md,299,基准 / 正常兑现,4,流动性信用压力,强烈不建议投资,-80,-41,强烈不建议投资｜-80%～-41%｜低
MTSI,D:\drive\Investment\分析报告\公司情景投资决策\结果\MTSI_经营情景市场状态投资决策_2026-07-15.md,300,乐观 / 超预期,0,宽基风险扩张,中性 / 等待,-40,+47,中性 / 等待｜-40%～+47%｜低
MTSI,D:\drive\Investment\分析报告\公司情景投资决策\结果\MTSI_经营情景市场状态投资决策_2026-07-15.md,300,乐观 / 超预期,1,窄幅主题主导上涨,谨慎建议投资,-34,+63,谨慎建议投资｜-34%～+63%｜低
MTSI,D:\drive\Investment\分析报告\公司情景投资决策\结果\MTSI_经营情景市场状态投资决策_2026-07-15.md,300,乐观 / 超预期,2,震荡均值回归,不建议投资,-48,+28,不建议投资｜-48%～+28%｜低
MTSI,D:\drive\Investment\分析报告\公司情景投资决策\结果\MTSI_经营情景市场状态投资决策_2026-07-15.md,300,乐观 / 超预期,3,有序风险收缩,不建议投资,-59,+6,不建议投资｜-59%～+6%｜低
MTSI,D:\drive\Investment\分析报告\公司情景投资决策\结果\MTSI_经营情景市场状态投资决策_2026-07-15.md,300,乐观 / 超预期,4,流动性信用压力,强烈不建议投资,-71,-17,强烈不建议投资｜-71%～-17%｜低
MTSI,D:\drive\Investment\分析报告\公司情景投资决策\结果\MTSI_经营情景市场状态投资决策_2026-07-15.md,301,突破 / 非线性,0,宽基风险扩张,建议投资,+4,+104,建议投资｜+4%～+104%｜低
MTSI,D:\drive\Investment\分析报告\公司情景投资决策\结果\MTSI_经营情景市场状态投资决策_2026-07-15.md,301,突破 / 非线性,1,窄幅主题主导上涨,建议投资,+14,+136,建议投资｜+14%～+136%｜低
MTSI,D:\drive\Investment\分析报告\公司情景投资决策\结果\MTSI_经营情景市场状态投资决策_2026-07-15.md,301,突破 / 非线性,2,震荡均值回归,谨慎建议投资,-12,+76,谨慎建议投资｜-12%～+76%｜低
MTSI,D:\drive\Investment\分析报告\公司情景投资决策\结果\MTSI_经营情景市场状态投资决策_2026-07-15.md,301,突破 / 非线性,3,有序风险收缩,中性 / 等待,-33,+44,中性 / 等待｜-33%～+44%｜低
MTSI,D:\drive\Investment\分析报告\公司情景投资决策\结果\MTSI_经营情景市场状态投资决策_2026-07-15.md,301,突破 / 非线性,4,流动性信用压力,不建议投资,-54,+16,不建议投资｜-54%～+16%｜低
MU,D:\drive\Investment\分析报告\公司情景投资决策\结果\备份\MU_2026-08-19T12_34_44-07_00-4699b1730b\MU_经营情景市场状态投资决策_2026-07-15.md,375,悲观 / 受损,0,宽基风险扩张,强烈不建议投资,-73,-35,强烈不建议投资｜-73%～-35%｜中
MU,D:\drive\Investment\分析报告\公司情景投资决策\结果\备份\MU_2026-08-19T12_34_44-07_00-4699b1730b\MU_经营情景市场状态投资决策_2026-07-15.md,375,悲观 / 受损,1,窄幅主题主导上涨,强烈不建议投资,-71,-27,强烈不建议投资｜-71%～-27%｜中
MU,D:\drive\Investment\分析报告\公司情景投资决策\结果\备份\MU_2026-08-19T12_34_44-07_00-4699b1730b\MU_经营情景市场状态投资决策_2026-07-15.md,375,悲观 / 受损,2,震荡均值回归,强烈不建议投资,-78,-48,强烈不建议投资｜-78%～-48%｜中
MU,D:\drive\Investment\分析报告\公司情景投资决策\结果\备份\MU_2026-08-19T12_34_44-07_00-4699b1730b\MU_经营情景市场状态投资决策_2026-07-15.md,375,悲观 / 受损,3,有序风险收缩,强烈不建议投资,-83,-56,强烈不建议投资｜-83%～-56%｜低
MU,D:\drive\Investment\分析报告\公司情景投资决策\结果\备份\MU_2026-08-19T12_34_44-07_00-4699b1730b\MU_经营情景市场状态投资决策_2026-07-15.md,375,悲观 / 受损,4,流动性信用压力,强烈不建议投资,-87,-65,强烈不建议投资｜-87%～-65%｜低
MU,D:\drive\Investment\分析报告\公司情景投资决策\结果\备份\MU_2026-08-19T12_34_44-07_00-4699b1730b\MU_经营情景市场状态投资决策_2026-07-15.md,376,基准 / 正常兑现,0,宽基风险扩张,中性 / 等待,-40,+31,中性 / 等待｜-40%～+31%｜中
MU,D:\drive\Investment\分析报告\公司情景投资决策\结果\备份\MU_2026-08-19T12_34_44-07_00-4699b1730b\MU_经营情景市场状态投资决策_2026-07-15.md,376,基准 / 正常兑现,1,窄幅主题主导上涨,中性 / 等待,-35,+48,中性 / 等待｜-35%～+48%｜中
MU,D:\drive\Investment\分析报告\公司情景投资决策\结果\备份\MU_2026-08-19T12_34_44-07_00-4699b1730b\MU_经营情景市场状态投资决策_2026-07-15.md,376,基准 / 正常兑现,2,震荡均值回归,不建议投资,-51,+6,不建议投资｜-51%～+6%｜中
MU,D:\drive\Investment\分析报告\公司情景投资决策\结果\备份\MU_2026-08-19T12_34_44-07_00-4699b1730b\MU_经营情景市场状态投资决策_2026-07-15.md,376,基准 / 正常兑现,3,有序风险收缩,强烈不建议投资,-61,-11,强烈不建议投资｜-61%～-11%｜低
MU,D:\drive\Investment\分析报告\公司情景投资决策\结果\备份\MU_2026-08-19T12_34_44-07_00-4699b1730b\MU_经营情景市场状态投资决策_2026-07-15.md,376,基准 / 正常兑现,4,流动性信用压力,强烈不建议投资,-72,-28,强烈不建议投资｜-72%～-28%｜低
MU,D:\drive\Investment\分析报告\公司情景投资决策\结果\备份\MU_2026-08-19T12_34_44-07_00-4699b1730b\MU_经营情景市场状态投资决策_2026-07-15.md,377,乐观 / 超预期,0,宽基风险扩张,建议投资,+10,+122,建议投资｜+10%～+122%｜低
MU,D:\drive\Investment\分析报告\公司情景投资决策\结果\备份\MU_2026-08-19T12_34_44-07_00-4699b1730b\MU_经营情景市场状态投资决策_2026-07-15.md,377,乐观 / 超预期,1,窄幅主题主导上涨,建议投资,+19,+151,建议投资｜+19%～+151%｜低
MU,D:\drive\Investment\分析报告\公司情景投资决策\结果\备份\MU_2026-08-19T12_34_44-07_00-4699b1730b\MU_经营情景市场状态投资决策_2026-07-15.md,377,乐观 / 超预期,2,震荡均值回归,谨慎建议投资,-9,+79,谨慎建议投资｜-9%～+79%｜低
MU,D:\drive\Investment\分析报告\公司情景投资决策\结果\备份\MU_2026-08-19T12_34_44-07_00-4699b1730b\MU_经营情景市场状态投资决策_2026-07-15.md,377,乐观 / 超预期,3,有序风险收缩,中性 / 等待,-28,+51,中性 / 等待｜-28%～+51%｜低
MU,D:\drive\Investment\分析报告\公司情景投资决策\结果\备份\MU_2026-08-19T12_34_44-07_00-4699b1730b\MU_经营情景市场状态投资决策_2026-07-15.md,377,乐观 / 超预期,4,流动性信用压力,不建议投资,-47,+22,不建议投资｜-47%～+22%｜低
MU,D:\drive\Investment\分析报告\公司情景投资决策\结果\备份\MU_2026-08-19T12_34_44-07_00-4699b1730b\MU_经营情景市场状态投资决策_2026-07-15.md,378,突破 / 非线性,0,宽基风险扩张,强烈建议投资,+82,+263,强烈建议投资｜+82%～+263%｜低
MU,D:\drive\Investment\分析报告\公司情景投资决策\结果\备份\MU_2026-08-19T12_34_44-07_00-4699b1730b\MU_经营情景市场状态投资决策_2026-07-15.md,378,突破 / 非线性,1,窄幅主题主导上涨,强烈建议投资,+98,+310,强烈建议投资｜+98%～+310%｜低
MU,D:\drive\Investment\分析报告\公司情景投资决策\结果\备份\MU_2026-08-19T12_34_44-07_00-4699b1730b\MU_经营情景市场状态投资决策_2026-07-15.md,378,突破 / 非线性,2,震荡均值回归,强烈建议投资,+50,+192,强烈建议投资｜+50%～+192%｜低
MU,D:\drive\Investment\分析报告\公司情景投资决策\结果\备份\MU_2026-08-19T12_34_44-07_00-4699b1730b\MU_经营情景市场状态投资决策_2026-07-15.md,378,突破 / 非线性,3,有序风险收缩,建议投资,+18,+145,建议投资｜+18%～+145%｜低
MU,D:\drive\Investment\分析报告\公司情景投资决策\结果\备份\MU_2026-08-19T12_34_44-07_00-4699b1730b\MU_经营情景市场状态投资决策_2026-07-15.md,378,突破 / 非线性,4,流动性信用压力,谨慎建议投资,-13,+98,谨慎建议投资｜-13%～+98%｜低
MXL,D:\drive\Investment\分析报告\公司情景投资决策\结果\MXL_经营情景市场状态投资决策_2026-07-15.md,48,悲观 / 受损,0,宽基风险扩张,强烈不建议投资,-100,-66,强烈不建议投资｜-100%—-66%｜低
MXL,D:\drive\Investment\分析报告\公司情景投资决策\结果\MXL_经营情景市场状态投资决策_2026-07-15.md,48,悲观 / 受损,1,窄幅主题主导上涨,强烈不建议投资,-100,-69,强烈不建议投资｜-100%—-69%｜低
MXL,D:\drive\Investment\分析报告\公司情景投资决策\结果\MXL_经营情景市场状态投资决策_2026-07-15.md,48,悲观 / 受损,2,震荡均值回归,强烈不建议投资,-100,-73,强烈不建议投资｜-100%—-73%｜低
MXL,D:\drive\Investment\分析报告\公司情景投资决策\结果\MXL_经营情景市场状态投资决策_2026-07-15.md,48,悲观 / 受损,3,有序风险收缩,强烈不建议投资,-100,-80,强烈不建议投资｜-100%—-80%｜低
MXL,D:\drive\Investment\分析报告\公司情景投资决策\结果\MXL_经营情景市场状态投资决策_2026-07-15.md,48,悲观 / 受损,4,流动性信用压力,强烈不建议投资,-100,-88,强烈不建议投资｜-100%—-88%｜低
MXL,D:\drive\Investment\分析报告\公司情景投资决策\结果\MXL_经营情景市场状态投资决策_2026-07-15.md,49,基准 / 正常兑现,0,宽基风险扩张,不建议投资,-74,-4,不建议投资｜-74%—-4%｜低
MXL,D:\drive\Investment\分析报告\公司情景投资决策\结果\MXL_经营情景市场状态投资决策_2026-07-15.md,49,基准 / 正常兑现,1,窄幅主题主导上涨,不建议投资,-76,+2,不建议投资｜-76%—+2%｜低
MXL,D:\drive\Investment\分析报告\公司情景投资决策\结果\MXL_经营情景市场状态投资决策_2026-07-15.md,49,基准 / 正常兑现,2,震荡均值回归,强烈不建议投资,-79,-19,强烈不建议投资｜-79%—-19%｜低
MXL,D:\drive\Investment\分析报告\公司情景投资决策\结果\MXL_经营情景市场状态投资决策_2026-07-15.md,49,基准 / 正常兑现,3,有序风险收缩,强烈不建议投资,-83,-37,强烈不建议投资｜-83%—-37%｜低
MXL,D:\drive\Investment\分析报告\公司情景投资决策\结果\MXL_经营情景市场状态投资决策_2026-07-15.md,49,基准 / 正常兑现,4,流动性信用压力,强烈不建议投资,-88,-54,强烈不建议投资｜-88%—-54%｜低
MXL,D:\drive\Investment\分析报告\公司情景投资决策\结果\MXL_经营情景市场状态投资决策_2026-07-15.md,50,乐观 / 超预期,0,宽基风险扩张,谨慎建议投资,-50,+62,谨慎建议投资｜-50%—+62%｜低
MXL,D:\drive\Investment\分析报告\公司情景投资决策\结果\MXL_经营情景市场状态投资决策_2026-07-15.md,50,乐观 / 超预期,1,窄幅主题主导上涨,谨慎建议投资,-54,+74,谨慎建议投资｜-54%—+74%｜低
MXL,D:\drive\Investment\分析报告\公司情景投资决策\结果\MXL_经营情景市场状态投资决策_2026-07-15.md,50,乐观 / 超预期,2,震荡均值回归,中性 / 等待,-60,+40,中性 / 等待｜-60%—+40%｜低
MXL,D:\drive\Investment\分析报告\公司情景投资决策\结果\MXL_经营情景市场状态投资决策_2026-07-15.md,50,乐观 / 超预期,3,有序风险收缩,不建议投资,-68,+15,不建议投资｜-68%—+15%｜低
MXL,D:\drive\Investment\分析报告\公司情景投资决策\结果\MXL_经营情景市场状态投资决策_2026-07-15.md,50,乐观 / 超预期,4,流动性信用压力,强烈不建议投资,-75,-10,强烈不建议投资｜-75%—-10%｜低
MXL,D:\drive\Investment\分析报告\公司情景投资决策\结果\MXL_经营情景市场状态投资决策_2026-07-15.md,51,突破 / 非线性,0,宽基风险扩张,建议投资,-16,+158,建议投资｜-16%—+158%｜低
MXL,D:\drive\Investment\分析报告\公司情景投资决策\结果\MXL_经营情景市场状态投资决策_2026-07-15.md,51,突破 / 非线性,1,窄幅主题主导上涨,建议投资,-23,+176,建议投资｜-23%—+176%｜低
MXL,D:\drive\Investment\分析报告\公司情景投资决策\结果\MXL_经营情景市场状态投资决策_2026-07-15.md,51,突破 / 非线性,2,震荡均值回归,谨慎建议投资,-32,+127,谨慎建议投资｜-32%—+127%｜低
MXL,D:\drive\Investment\分析报告\公司情景投资决策\结果\MXL_经营情景市场状态投资决策_2026-07-15.md,51,突破 / 非线性,3,有序风险收缩,谨慎建议投资,-46,+91,谨慎建议投资｜-46%—+91%｜低
MXL,D:\drive\Investment\分析报告\公司情景投资决策\结果\MXL_经营情景市场状态投资决策_2026-07-15.md,51,突破 / 非线性,4,流动性信用压力,中性 / 等待,-58,+54,中性 / 等待｜-58%—+54%｜低
MYRG,D:\drive\Investment\分析报告\公司情景投资决策\结果\MYRG_经营情景市场状态投资决策_2026-07-15.md,57,悲观 / 受损,0,宽基风险扩张,强烈不建议投资,-78,-46,强烈不建议投资｜-78%～-46%｜中
MYRG,D:\drive\Investment\分析报告\公司情景投资决策\结果\MYRG_经营情景市场状态投资决策_2026-07-15.md,57,悲观 / 受损,1,窄幅主题主导上涨,强烈不建议投资,-78,-48,强烈不建议投资｜-78%～-48%｜中
MYRG,D:\drive\Investment\分析报告\公司情景投资决策\结果\MYRG_经营情景市场状态投资决策_2026-07-15.md,57,悲观 / 受损,2,震荡均值回归,强烈不建议投资,-82,-55,强烈不建议投资｜-82%～-55%｜中
MYRG,D:\drive\Investment\分析报告\公司情景投资决策\结果\MYRG_经营情景市场状态投资决策_2026-07-15.md,57,悲观 / 受损,3,有序风险收缩,强烈不建议投资,-86,-63,强烈不建议投资｜-86%～-63%｜低
MYRG,D:\drive\Investment\分析报告\公司情景投资决策\结果\MYRG_经营情景市场状态投资决策_2026-07-15.md,57,悲观 / 受损,4,流动性信用压力,强烈不建议投资,-90,-72,强烈不建议投资｜-90%～-72%｜低
MYRG,D:\drive\Investment\分析报告\公司情景投资决策\结果\MYRG_经营情景市场状态投资决策_2026-07-15.md,58,基准 / 正常兑现,0,宽基风险扩张,中性 / 等待,-20,+41,中性 / 等待｜-20%～+41%｜低
MYRG,D:\drive\Investment\分析报告\公司情景投资决策\结果\MYRG_经营情景市场状态投资决策_2026-07-15.md,58,基准 / 正常兑现,1,窄幅主题主导上涨,谨慎建议投资,-16,+48,谨慎建议投资｜-16%～+48%｜低
MYRG,D:\drive\Investment\分析报告\公司情景投资决策\结果\MYRG_经营情景市场状态投资决策_2026-07-15.md,58,基准 / 正常兑现,2,震荡均值回归,不建议投资,-34,+16,不建议投资｜-34%～+16%｜低
MYRG,D:\drive\Investment\分析报告\公司情景投资决策\结果\MYRG_经营情景市场状态投资决策_2026-07-15.md,58,基准 / 正常兑现,3,有序风险收缩,强烈不建议投资,-49,-5,强烈不建议投资｜-49%～-5%｜低
MYRG,D:\drive\Investment\分析报告\公司情景投资决策\结果\MYRG_经营情景市场状态投资决策_2026-07-15.md,58,基准 / 正常兑现,4,流动性信用压力,强烈不建议投资,-64,-30,强烈不建议投资｜-64%～-30%｜低
MYRG,D:\drive\Investment\分析报告\公司情景投资决策\结果\MYRG_经营情景市场状态投资决策_2026-07-15.md,59,乐观 / 超预期,0,宽基风险扩张,建议投资,+20,+108,建议投资｜+20%～+108%｜中
MYRG,D:\drive\Investment\分析报告\公司情景投资决策\结果\MYRG_经营情景市场状态投资决策_2026-07-15.md,59,乐观 / 超预期,1,窄幅主题主导上涨,强烈建议投资,+33,+128,强烈建议投资｜+33%～+128%｜中
MYRG,D:\drive\Investment\分析报告\公司情景投资决策\结果\MYRG_经营情景市场状态投资决策_2026-07-15.md,59,乐观 / 超预期,2,震荡均值回归,谨慎建议投资,+4,+81,谨慎建议投资｜+4%～+81%｜低
MYRG,D:\drive\Investment\分析报告\公司情景投资决策\结果\MYRG_经营情景市场状态投资决策_2026-07-15.md,59,乐观 / 超预期,3,有序风险收缩,中性 / 等待,-18,+48,中性 / 等待｜-18%～+48%｜低
MYRG,D:\drive\Investment\分析报告\公司情景投资决策\结果\MYRG_经营情景市场状态投资决策_2026-07-15.md,59,乐观 / 超预期,4,流动性信用压力,不建议投资,-42,+11,不建议投资｜-42%～+11%｜低
MYRG,D:\drive\Investment\分析报告\公司情景投资决策\结果\MYRG_经营情景市场状态投资决策_2026-07-15.md,60,突破 / 非线性,0,宽基风险扩张,强烈建议投资,+69,+212,强烈建议投资｜+69%～+212%｜低
MYRG,D:\drive\Investment\分析报告\公司情景投资决策\结果\MYRG_经营情景市场状态投资决策_2026-07-15.md,60,突破 / 非线性,1,窄幅主题主导上涨,强烈建议投资,+87,+251,强烈建议投资｜+87%～+251%｜低
MYRG,D:\drive\Investment\分析报告\公司情景投资决策\结果\MYRG_经营情景市场状态投资决策_2026-07-15.md,60,突破 / 非线性,2,震荡均值回归,强烈建议投资,+49,+173,强烈建议投资｜+49%～+173%｜低
MYRG,D:\drive\Investment\分析报告\公司情景投资决策\结果\MYRG_经营情景市场状态投资决策_2026-07-15.md,60,突破 / 非线性,3,有序风险收缩,建议投资,+20,+123,建议投资｜+20%～+123%｜低
MYRG,D:\drive\Investment\分析报告\公司情景投资决策\结果\MYRG_经营情景市场状态投资决策_2026-07-15.md,60,突破 / 非线性,4,流动性信用压力,谨慎建议投资,-13,+77,谨慎建议投资｜-13%～+77%｜低
NBIS,D:\drive\Investment\分析报告\公司情景投资决策\结果\备份\NBIS_2026-07-18T18_22_42-07_00-f0c0c66c5b\NBIS_经营情景市场状态投资决策_2026-07-15.md,359,悲观 / 受损,0,宽基风险扩张,强烈不建议投资,-98,-63,强烈不建议投资｜-98%—-63%｜低
NBIS,D:\drive\Investment\分析报告\公司情景投资决策\结果\备份\NBIS_2026-07-18T18_22_42-07_00-f0c0c66c5b\NBIS_经营情景市场状态投资决策_2026-07-15.md,359,悲观 / 受损,1,窄幅主题主导上涨,强烈不建议投资,-100,-67,强烈不建议投资｜-100%—-67%｜低
NBIS,D:\drive\Investment\分析报告\公司情景投资决策\结果\备份\NBIS_2026-07-18T18_22_42-07_00-f0c0c66c5b\NBIS_经营情景市场状态投资决策_2026-07-15.md,359,悲观 / 受损,2,震荡均值回归,强烈不建议投资,-100,-71,强烈不建议投资｜-100%—-71%｜低
NBIS,D:\drive\Investment\分析报告\公司情景投资决策\结果\备份\NBIS_2026-07-18T18_22_42-07_00-f0c0c66c5b\NBIS_经营情景市场状态投资决策_2026-07-15.md,359,悲观 / 受损,3,有序风险收缩,强烈不建议投资,-100,-78,强烈不建议投资｜-100%—-78%｜低
NBIS,D:\drive\Investment\分析报告\公司情景投资决策\结果\备份\NBIS_2026-07-18T18_22_42-07_00-f0c0c66c5b\NBIS_经营情景市场状态投资决策_2026-07-15.md,359,悲观 / 受损,4,流动性信用压力,强烈不建议投资,-100,-87,强烈不建议投资｜-100%—-87%｜低
NBIS,D:\drive\Investment\分析报告\公司情景投资决策\结果\备份\NBIS_2026-07-18T18_22_42-07_00-f0c0c66c5b\NBIS_经营情景市场状态投资决策_2026-07-15.md,360,基准 / 正常兑现,0,宽基风险扩张,不建议投资,-67,-15,不建议投资｜-67%—-15%｜低
NBIS,D:\drive\Investment\分析报告\公司情景投资决策\结果\备份\NBIS_2026-07-18T18_22_42-07_00-f0c0c66c5b\NBIS_经营情景市场状态投资决策_2026-07-15.md,360,基准 / 正常兑现,1,窄幅主题主导上涨,不建议投资,-64,-9,不建议投资｜-64%—-9%｜低
NBIS,D:\drive\Investment\分析报告\公司情景投资决策\结果\备份\NBIS_2026-07-18T18_22_42-07_00-f0c0c66c5b\NBIS_经营情景市场状态投资决策_2026-07-15.md,360,基准 / 正常兑现,2,震荡均值回归,强烈不建议投资,-76,-30,强烈不建议投资｜-76%—-30%｜低
NBIS,D:\drive\Investment\分析报告\公司情景投资决策\结果\备份\NBIS_2026-07-18T18_22_42-07_00-f0c0c66c5b\NBIS_经营情景市场状态投资决策_2026-07-15.md,360,基准 / 正常兑现,3,有序风险收缩,强烈不建议投资,-87,-45,强烈不建议投资｜-87%—-45%｜低
NBIS,D:\drive\Investment\分析报告\公司情景投资决策\结果\备份\NBIS_2026-07-18T18_22_42-07_00-f0c0c66c5b\NBIS_经营情景市场状态投资决策_2026-07-15.md,360,基准 / 正常兑现,4,流动性信用压力,强烈不建议投资,-100,-63,强烈不建议投资｜-100%—-63%｜低
NBIS,D:\drive\Investment\分析报告\公司情景投资决策\结果\备份\NBIS_2026-07-18T18_22_42-07_00-f0c0c66c5b\NBIS_经营情景市场状态投资决策_2026-07-15.md,361,乐观 / 超预期,0,宽基风险扩张,谨慎建议投资,-34,+46,谨慎建议投资｜-34%—+46%｜低
NBIS,D:\drive\Investment\分析报告\公司情景投资决策\结果\备份\NBIS_2026-07-18T18_22_42-07_00-f0c0c66c5b\NBIS_经营情景市场状态投资决策_2026-07-15.md,361,乐观 / 超预期,1,窄幅主题主导上涨,谨慎建议投资,-26,+59,谨慎建议投资｜-26%—+59%｜低
NBIS,D:\drive\Investment\分析报告\公司情景投资决策\结果\备份\NBIS_2026-07-18T18_22_42-07_00-f0c0c66c5b\NBIS_经营情景市场状态投资决策_2026-07-15.md,361,乐观 / 超预期,2,震荡均值回归,中性 / 等待,-48,+26,中性 / 等待｜-48%—+26%｜低
NBIS,D:\drive\Investment\分析报告\公司情景投资决策\结果\备份\NBIS_2026-07-18T18_22_42-07_00-f0c0c66c5b\NBIS_经营情景市场状态投资决策_2026-07-15.md,361,乐观 / 超预期,3,有序风险收缩,不建议投资,-66,+1,不建议投资｜-66%—+1%｜低
NBIS,D:\drive\Investment\分析报告\公司情景投资决策\结果\备份\NBIS_2026-07-18T18_22_42-07_00-f0c0c66c5b\NBIS_经营情景市场状态投资决策_2026-07-15.md,361,乐观 / 超预期,4,流动性信用压力,强烈不建议投资,-84,-26,强烈不建议投资｜-84%—-26%｜低
NBIS,D:\drive\Investment\分析报告\公司情景投资决策\结果\备份\NBIS_2026-07-18T18_22_42-07_00-f0c0c66c5b\NBIS_经营情景市场状态投资决策_2026-07-15.md,362,突破 / 非线性,0,宽基风险扩张,建议投资,+7,+159,建议投资｜+7%—+159%｜低
NBIS,D:\drive\Investment\分析报告\公司情景投资决策\结果\备份\NBIS_2026-07-18T18_22_42-07_00-f0c0c66c5b\NBIS_经营情景市场状态投资决策_2026-07-15.md,362,突破 / 非线性,1,窄幅主题主导上涨,建议投资,+22,+186,建议投资｜+22%—+186%｜低
NBIS,D:\drive\Investment\分析报告\公司情景投资决策\结果\备份\NBIS_2026-07-18T18_22_42-07_00-f0c0c66c5b\NBIS_经营情景市场状态投资决策_2026-07-15.md,362,突破 / 非线性,2,震荡均值回归,建议投资,-14,+118,建议投资｜-14%—+118%｜低
NBIS,D:\drive\Investment\分析报告\公司情景投资决策\结果\备份\NBIS_2026-07-18T18_22_42-07_00-f0c0c66c5b\NBIS_经营情景市场状态投资决策_2026-07-15.md,362,突破 / 非线性,3,有序风险收缩,谨慎建议投资,-39,+78,谨慎建议投资｜-39%—+78%｜低
NBIS,D:\drive\Investment\分析报告\公司情景投资决策\结果\备份\NBIS_2026-07-18T18_22_42-07_00-f0c0c66c5b\NBIS_经营情景市场状态投资决策_2026-07-15.md,362,突破 / 非线性,4,流动性信用压力,不建议投资,-68,+31,不建议投资｜-68%—+31%｜低
NDSN,D:\drive\Investment\分析报告\公司情景投资决策\结果\NDSN_经营情景市场状态投资决策_2026-07-15.md,373,悲观 / 受损,0,宽基风险扩张,强烈不建议投资,-40.9,-30.4,强烈不建议投资｜-40.9%～-30.4%｜中
NDSN,D:\drive\Investment\分析报告\公司情景投资决策\结果\NDSN_经营情景市场状态投资决策_2026-07-15.md,373,悲观 / 受损,1,窄幅主题主导上涨,强烈不建议投资,-45.7,-35.2,强烈不建议投资｜-45.7%～-35.2%｜中
NDSN,D:\drive\Investment\分析报告\公司情景投资决策\结果\NDSN_经营情景市场状态投资决策_2026-07-15.md,373,悲观 / 受损,2,震荡均值回归,强烈不建议投资,-50.4,-40.0,强烈不建议投资｜-50.4%～-40.0%｜中
NDSN,D:\drive\Investment\分析报告\公司情景投资决策\结果\NDSN_经营情景市场状态投资决策_2026-07-15.md,373,悲观 / 受损,3,有序风险收缩,强烈不建议投资,-59.9,-49.5,强烈不建议投资｜-59.9%～-49.5%｜低
NDSN,D:\drive\Investment\分析报告\公司情景投资决策\结果\NDSN_经营情景市场状态投资决策_2026-07-15.md,373,悲观 / 受损,4,流动性信用压力,强烈不建议投资,-74.2,-61.4,强烈不建议投资｜-74.2%～-61.4%｜低
NDSN,D:\drive\Investment\分析报告\公司情景投资决策\结果\NDSN_经营情景市场状态投资决策_2026-07-15.md,374,基准 / 正常兑现,0,宽基风险扩张,中性 / 等待,-1.6,+13.4,中性 / 等待｜-1.6%～+13.4%｜中
NDSN,D:\drive\Investment\分析报告\公司情景投资决策\结果\NDSN_经营情景市场状态投资决策_2026-07-15.md,374,基准 / 正常兑现,1,窄幅主题主导上涨,中性 / 等待,-6.4,+7.0,中性 / 等待｜-6.4%～+7.0%｜中
NDSN,D:\drive\Investment\分析报告\公司情景投资决策\结果\NDSN_经营情景市场状态投资决策_2026-07-15.md,374,基准 / 正常兑现,2,震荡均值回归,不建议投资,-16.1,-2.6,不建议投资｜-16.1%～-2.6%｜中
NDSN,D:\drive\Investment\分析报告\公司情景投资决策\结果\NDSN_经营情景市场状态投资决策_2026-07-15.md,374,基准 / 正常兑现,3,有序风险收缩,强烈不建议投资,-32.1,-15.4,强烈不建议投资｜-32.1%～-15.4%｜中
NDSN,D:\drive\Investment\分析报告\公司情景投资决策\结果\NDSN_经营情景市场状态投资决策_2026-07-15.md,374,基准 / 正常兑现,4,流动性信用压力,强烈不建议投资,-54.6,-34.7,强烈不建议投资｜-54.6%～-34.7%｜低
NDSN,D:\drive\Investment\分析报告\公司情景投资决策\结果\NDSN_经营情景市场状态投资决策_2026-07-15.md,375,乐观 / 超预期,0,宽基风险扩张,强烈建议投资,+20.7,+39.8,强烈建议投资｜+20.7%～+39.8%｜中
NDSN,D:\drive\Investment\分析报告\公司情景投资决策\结果\NDSN_经营情景市场状态投资决策_2026-07-15.md,375,乐观 / 超预期,1,窄幅主题主导上涨,强烈建议投资,+17.0,+36.1,强烈建议投资｜+17.0%～+36.1%｜中
NDSN,D:\drive\Investment\分析报告\公司情景投资决策\结果\NDSN_经营情景市场状态投资决策_2026-07-15.md,375,乐观 / 超预期,2,震荡均值回归,建议投资,+5.9,+21.3,建议投资｜+5.9%～+21.3%｜中
NDSN,D:\drive\Investment\分析报告\公司情景投资决策\结果\NDSN_经营情景市场状态投资决策_2026-07-15.md,375,乐观 / 超预期,3,有序风险收缩,中性 / 等待,-12.5,+6.6,中性 / 等待｜-12.5%～+6.6%｜低
NDSN,D:\drive\Investment\分析报告\公司情景投资决策\结果\NDSN_经营情景市场状态投资决策_2026-07-15.md,375,乐观 / 超预期,4,流动性信用压力,强烈不建议投资,-38.3,-15.6,强烈不建议投资｜-38.3%～-15.6%｜低
NDSN,D:\drive\Investment\分析报告\公司情景投资决策\结果\NDSN_经营情景市场状态投资决策_2026-07-15.md,376,突破 / 非线性,0,宽基风险扩张,强烈建议投资,+54.5,+85.9,强烈建议投资｜+54.5%～+85.9%｜低
NDSN,D:\drive\Investment\分析报告\公司情景投资决策\结果\NDSN_经营情景市场状态投资决策_2026-07-15.md,376,突破 / 非线性,1,窄幅主题主导上涨,强烈建议投资,+50.1,+77.1,强烈建议投资｜+50.1%～+77.1%｜低
NDSN,D:\drive\Investment\分析报告\公司情景投资决策\结果\NDSN_经营情景市场状态投资决策_2026-07-15.md,376,突破 / 非线性,2,震荡均值回归,强烈建议投资,+36.9,+59.5,强烈建议投资｜+36.9%～+59.5%｜低
NDSN,D:\drive\Investment\分析报告\公司情景投资决策\结果\NDSN_经营情景市场状态投资决策_2026-07-15.md,376,突破 / 非线性,3,有序风险收缩,建议投资,+10.5,+37.5,建议投资｜+10.5%～+37.5%｜低
NDSN,D:\drive\Investment\分析报告\公司情景投资决策\结果\NDSN_经营情景市场状态投资决策_2026-07-15.md,376,突破 / 非线性,4,流动性信用压力,不建议投资,-24.6,+6.8,不建议投资｜-24.6%～+6.8%｜低
NOK,D:\drive\Investment\分析报告\公司情景投资决策\结果\NOK_经营情景市场状态投资决策_2026-07-15.md,276,悲观 / 受损,0,宽基风险扩张,强烈不建议投资,-43.9,-29.7,强烈不建议投资｜-43.9%～-29.7%｜中
NOK,D:\drive\Investment\分析报告\公司情景投资决策\结果\NOK_经营情景市场状态投资决策_2026-07-15.md,276,悲观 / 受损,1,窄幅主题主导上涨,强烈不建议投资,-45.7,-31.5,强烈不建议投资｜-45.7%～-31.5%｜中
NOK,D:\drive\Investment\分析报告\公司情景投资决策\结果\NOK_经营情景市场状态投资决策_2026-07-15.md,276,悲观 / 受损,2,震荡均值回归,强烈不建议投资,-51.0,-36.8,强烈不建议投资｜-51.0%～-36.8%｜中
NOK,D:\drive\Investment\分析报告\公司情景投资决策\结果\NOK_经营情景市场状态投资决策_2026-07-15.md,276,悲观 / 受损,3,有序风险收缩,强烈不建议投资,-58.1,-43.9,强烈不建议投资｜-58.1%～-43.9%｜中
NOK,D:\drive\Investment\分析报告\公司情景投资决策\结果\NOK_经营情景市场状态投资决策_2026-07-15.md,276,悲观 / 受损,4,流动性信用压力,强烈不建议投资,-67.0,-51.9,强烈不建议投资｜-67.0%～-51.9%｜低
NOK,D:\drive\Investment\分析报告\公司情景投资决策\结果\NOK_经营情景市场状态投资决策_2026-07-15.md,277,基准 / 正常兑现,0,宽基风险扩张,不建议投资,-21.1,-2.4,不建议投资｜-21.1%～-2.4%｜中
NOK,D:\drive\Investment\分析报告\公司情景投资决策\结果\NOK_经营情景市场状态投资决策_2026-07-15.md,277,基准 / 正常兑现,1,窄幅主题主导上涨,不建议投资,-18.4,+2.9,不建议投资｜-18.4%～+2.9%｜中
NOK,D:\drive\Investment\分析报告\公司情景投资决策\结果\NOK_经营情景市场状态投资决策_2026-07-15.md,277,基准 / 正常兑现,2,震荡均值回归,不建议投资,-28.2,-10.4,不建议投资｜-28.2%～-10.4%｜中
NOK,D:\drive\Investment\分析报告\公司情景投资决策\结果\NOK_经营情景市场状态投资决策_2026-07-15.md,277,基准 / 正常兑现,3,有序风险收缩,强烈不建议投资,-38.8,-21.1,强烈不建议投资｜-38.8%～-21.1%｜中
NOK,D:\drive\Investment\分析报告\公司情景投资决策\结果\NOK_经营情景市场状态投资决策_2026-07-15.md,277,基准 / 正常兑现,4,流动性信用压力,强烈不建议投资,-53.1,-34.4,强烈不建议投资｜-53.1%～-34.4%｜低
NOK,D:\drive\Investment\分析报告\公司情景投资决策\结果\NOK_经营情景市场状态投资决策_2026-07-15.md,278,乐观 / 超预期,0,宽基风险扩张,建议投资,+15.6,+44.1,建议投资｜+15.6%～+44.1%｜中
NOK,D:\drive\Investment\分析报告\公司情景投资决策\结果\NOK_经营情景市场状态投资决策_2026-07-15.md,278,乐观 / 超预期,1,窄幅主题主导上涨,建议投资,+21.9,+57.4,建议投资｜+21.9%～+57.4%｜中
NOK,D:\drive\Investment\分析报告\公司情景投资决策\结果\NOK_经营情景市场状态投资决策_2026-07-15.md,278,乐观 / 超预期,2,震荡均值回归,谨慎建议投资,+5.9,+33.4,谨慎建议投资｜+5.9%～+33.4%｜中
NOK,D:\drive\Investment\分析报告\公司情景投资决策\结果\NOK_经营情景市场状态投资决策_2026-07-15.md,278,乐观 / 超预期,3,有序风险收缩,中性 / 等待,-11.9,+15.6,中性 / 等待｜-11.9%～+15.6%｜中
NOK,D:\drive\Investment\分析报告\公司情景投资决策\结果\NOK_经营情景市场状态投资决策_2026-07-15.md,278,乐观 / 超预期,4,流动性信用压力,不建议投资,-31.5,-3.9,不建议投资｜-31.5%～-3.9%｜低
NOK,D:\drive\Investment\分析报告\公司情景投资决策\结果\NOK_经营情景市场状态投资决策_2026-07-15.md,279,突破 / 非线性,0,宽基风险扩张,强烈建议投资,+66.6,+119.9,强烈建议投资｜+66.6%～+119.9%｜低
NOK,D:\drive\Investment\分析报告\公司情景投资决策\结果\NOK_经营情景市场状态投资决策_2026-07-15.md,279,突破 / 非线性,1,窄幅主题主导上涨,强烈建议投资,+79.9,+142.1,强烈建议投资｜+79.9%～+142.1%｜低
NOK,D:\drive\Investment\分析报告\公司情景投资决策\结果\NOK_经营情景市场状态投资决策_2026-07-15.md,279,突破 / 非线性,2,震荡均值回归,强烈建议投资,+53.2,+102.1,强烈建议投资｜+53.2%～+102.1%｜低
NOK,D:\drive\Investment\分析报告\公司情景投资决策\结果\NOK_经营情景市场状态投资决策_2026-07-15.md,279,突破 / 非线性,3,有序风险收缩,强烈建议投资,+26.6,+71.0,强烈建议投资｜+26.6%～+71.0%｜低
NOK,D:\drive\Investment\分析报告\公司情景投资决策\结果\NOK_经营情景市场状态投资决策_2026-07-15.md,279,突破 / 非线性,4,流动性信用压力,谨慎建议投资,-4.5,+39.9,谨慎建议投资｜-4.5%～+39.9%｜低
NTAP,D:\drive\Investment\分析报告\公司情景投资决策\结果\备份\NTAP_2026-07-18T18_52_37-07_00-e16244ba15\NTAP_经营情景市场状态投资决策_2026-07-15.md,371,悲观 / 受损,0,宽基风险扩张,强烈不建议投资,-39,-14,强烈不建议投资｜-39%～-14%｜中
NTAP,D:\drive\Investment\分析报告\公司情景投资决策\结果\备份\NTAP_2026-07-18T18_52_37-07_00-e16244ba15\NTAP_经营情景市场状态投资决策_2026-07-15.md,371,悲观 / 受损,1,窄幅主题主导上涨,强烈不建议投资,-43,-16,强烈不建议投资｜-43%～-16%｜中
NTAP,D:\drive\Investment\分析报告\公司情景投资决策\结果\备份\NTAP_2026-07-18T18_52_37-07_00-e16244ba15\NTAP_经营情景市场状态投资决策_2026-07-15.md,371,悲观 / 受损,2,震荡均值回归,强烈不建议投资,-50,-27,强烈不建议投资｜-50%～-27%｜中
NTAP,D:\drive\Investment\分析报告\公司情景投资决策\结果\备份\NTAP_2026-07-18T18_52_37-07_00-e16244ba15\NTAP_经营情景市场状态投资决策_2026-07-15.md,371,悲观 / 受损,3,有序风险收缩,强烈不建议投资,-59,-37,强烈不建议投资｜-59%～-37%｜中
NTAP,D:\drive\Investment\分析报告\公司情景投资决策\结果\备份\NTAP_2026-07-18T18_52_37-07_00-e16244ba15\NTAP_经营情景市场状态投资决策_2026-07-15.md,371,悲观 / 受损,4,流动性信用压力,强烈不建议投资,-69,-51,强烈不建议投资｜-69%～-51%｜低
NTAP,D:\drive\Investment\分析报告\公司情景投资决策\结果\备份\NTAP_2026-07-18T18_52_37-07_00-e16244ba15\NTAP_经营情景市场状态投资决策_2026-07-15.md,372,基准 / 正常兑现,0,宽基风险扩张,谨慎建议投资,+6,+43,谨慎建议投资｜+6%～+43%｜中
NTAP,D:\drive\Investment\分析报告\公司情景投资决策\结果\备份\NTAP_2026-07-18T18_52_37-07_00-e16244ba15\NTAP_经营情景市场状态投资决策_2026-07-15.md,372,基准 / 正常兑现,1,窄幅主题主导上涨,谨慎建议投资,+3,+40,谨慎建议投资｜+3%～+40%｜中
NTAP,D:\drive\Investment\分析报告\公司情景投资决策\结果\备份\NTAP_2026-07-18T18_52_37-07_00-e16244ba15\NTAP_经营情景市场状态投资决策_2026-07-15.md,372,基准 / 正常兑现,2,震荡均值回归,中性 / 等待,-9,+25,中性 / 等待｜-9%～+25%｜中
NTAP,D:\drive\Investment\分析报告\公司情景投资决策\结果\备份\NTAP_2026-07-18T18_52_37-07_00-e16244ba15\NTAP_经营情景市场状态投资决策_2026-07-15.md,372,基准 / 正常兑现,3,有序风险收缩,不建议投资,-25,+7,不建议投资｜-25%～+7%｜中
NTAP,D:\drive\Investment\分析报告\公司情景投资决策\结果\备份\NTAP_2026-07-18T18_52_37-07_00-e16244ba15\NTAP_经营情景市场状态投资决策_2026-07-15.md,372,基准 / 正常兑现,4,流动性信用压力,强烈不建议投资,-44,-15,强烈不建议投资｜-44%～-15%｜低
NTAP,D:\drive\Investment\分析报告\公司情景投资决策\结果\备份\NTAP_2026-07-18T18_52_37-07_00-e16244ba15\NTAP_经营情景市场状态投资决策_2026-07-15.md,373,乐观 / 超预期,0,宽基风险扩张,强烈建议投资,+46,+104,强烈建议投资｜+46%～+104%｜中
NTAP,D:\drive\Investment\分析报告\公司情景投资决策\结果\备份\NTAP_2026-07-18T18_52_37-07_00-e16244ba15\NTAP_经营情景市场状态投资决策_2026-07-15.md,373,乐观 / 超预期,1,窄幅主题主导上涨,强烈建议投资,+54,+118,强烈建议投资｜+54%～+118%｜中
NTAP,D:\drive\Investment\分析报告\公司情景投资决策\结果\备份\NTAP_2026-07-18T18_52_37-07_00-e16244ba15\NTAP_经营情景市场状态投资决策_2026-07-15.md,373,乐观 / 超预期,2,震荡均值回归,强烈建议投资,+30,+81,强烈建议投资｜+30%～+81%｜中
NTAP,D:\drive\Investment\分析报告\公司情景投资决策\结果\备份\NTAP_2026-07-18T18_52_37-07_00-e16244ba15\NTAP_经营情景市场状态投资决策_2026-07-15.md,373,乐观 / 超预期,3,有序风险收缩,建议投资,+7,+53,建议投资｜+7%～+53%｜低
NTAP,D:\drive\Investment\分析报告\公司情景投资决策\结果\备份\NTAP_2026-07-18T18_52_37-07_00-e16244ba15\NTAP_经营情景市场状态投资决策_2026-07-15.md,373,乐观 / 超预期,4,流动性信用压力,中性 / 等待,-24,+20,中性 / 等待｜-24%～+20%｜低
NTAP,D:\drive\Investment\分析报告\公司情景投资决策\结果\备份\NTAP_2026-07-18T18_52_37-07_00-e16244ba15\NTAP_经营情景市场状态投资决策_2026-07-15.md,374,突破 / 非线性,0,宽基风险扩张,强烈建议投资,+97,+196,强烈建议投资｜+97%～+196%｜低
NTAP,D:\drive\Investment\分析报告\公司情景投资决策\结果\备份\NTAP_2026-07-18T18_52_37-07_00-e16244ba15\NTAP_经营情景市场状态投资决策_2026-07-15.md,374,突破 / 非线性,1,窄幅主题主导上涨,强烈建议投资,+116,+232,强烈建议投资｜+116%～+232%｜低
NTAP,D:\drive\Investment\分析报告\公司情景投资决策\结果\备份\NTAP_2026-07-18T18_52_37-07_00-e16244ba15\NTAP_经营情景市场状态投资决策_2026-07-15.md,374,突破 / 非线性,2,震荡均值回归,强烈建议投资,+78,+166,强烈建议投资｜+78%～+166%｜低
NTAP,D:\drive\Investment\分析报告\公司情景投资决策\结果\备份\NTAP_2026-07-18T18_52_37-07_00-e16244ba15\NTAP_经营情景市场状态投资决策_2026-07-15.md,374,突破 / 非线性,3,有序风险收缩,强烈建议投资,+45,+124,强烈建议投资｜+45%～+124%｜低
NTAP,D:\drive\Investment\分析报告\公司情景投资决策\结果\备份\NTAP_2026-07-18T18_52_37-07_00-e16244ba15\NTAP_经营情景市场状态投资决策_2026-07-15.md,374,突破 / 非线性,4,流动性信用压力,谨慎建议投资,-3,+77,谨慎建议投资｜-3%～+77%｜低
NTNX,D:\drive\Investment\分析报告\公司情景投资决策\结果\NTNX_经营情景市场状态投资决策_2026-07-15.md,302,悲观 / 受损,0,宽基风险扩张,强烈不建议投资,-46,-17,强烈不建议投资｜-46%～-17%｜中
NTNX,D:\drive\Investment\分析报告\公司情景投资决策\结果\NTNX_经营情景市场状态投资决策_2026-07-15.md,302,悲观 / 受损,1,窄幅主题主导上涨,强烈不建议投资,-50,-22,强烈不建议投资｜-50%～-22%｜中
NTNX,D:\drive\Investment\分析报告\公司情景投资决策\结果\NTNX_经营情景市场状态投资决策_2026-07-15.md,302,悲观 / 受损,2,震荡均值回归,强烈不建议投资,-54,-26,强烈不建议投资｜-54%～-26%｜中
NTNX,D:\drive\Investment\分析报告\公司情景投资决策\结果\NTNX_经营情景市场状态投资决策_2026-07-15.md,302,悲观 / 受损,3,有序风险收缩,强烈不建议投资,-62,-36,强烈不建议投资｜-62%～-36%｜中
NTNX,D:\drive\Investment\分析报告\公司情景投资决策\结果\NTNX_经营情景市场状态投资决策_2026-07-15.md,302,悲观 / 受损,4,流动性信用压力,强烈不建议投资,-70,-50,强烈不建议投资｜-70%～-50%｜低
NTNX,D:\drive\Investment\分析报告\公司情景投资决策\结果\NTNX_经营情景市场状态投资决策_2026-07-15.md,303,基准 / 正常兑现,0,宽基风险扩张,谨慎建议投资,-1,+40,谨慎建议投资｜-1%～+40%｜中
NTNX,D:\drive\Investment\分析报告\公司情景投资决策\结果\NTNX_经营情景市场状态投资决策_2026-07-15.md,303,基准 / 正常兑现,1,窄幅主题主导上涨,谨慎建议投资,-7,+34,谨慎建议投资｜-7%～+34%｜中
NTNX,D:\drive\Investment\分析报告\公司情景投资决策\结果\NTNX_经营情景市场状态投资决策_2026-07-15.md,303,基准 / 正常兑现,2,震荡均值回归,中性 / 等待,-12,+21,中性 / 等待｜-12%～+21%｜中
NTNX,D:\drive\Investment\分析报告\公司情景投资决策\结果\NTNX_经营情景市场状态投资决策_2026-07-15.md,303,基准 / 正常兑现,3,有序风险收缩,不建议投资,-29,+8,不建议投资｜-29%～+8%｜中
NTNX,D:\drive\Investment\分析报告\公司情景投资决策\结果\NTNX_经营情景市场状态投资决策_2026-07-15.md,303,基准 / 正常兑现,4,流动性信用压力,强烈不建议投资,-45,-17,强烈不建议投资｜-45%～-17%｜低
NTNX,D:\drive\Investment\分析报告\公司情景投资决策\结果\NTNX_经营情景市场状态投资决策_2026-07-15.md,304,乐观 / 超预期,0,宽基风险扩张,强烈建议投资,+40,+99,强烈建议投资｜+40%～+99%｜中
NTNX,D:\drive\Investment\分析报告\公司情景投资决策\结果\NTNX_经营情景市场状态投资决策_2026-07-15.md,304,乐观 / 超预期,1,窄幅主题主导上涨,强烈建议投资,+47,+115,强烈建议投资｜+47%～+115%｜中
NTNX,D:\drive\Investment\分析报告\公司情景投资决策\结果\NTNX_经营情景市场状态投资决策_2026-07-15.md,304,乐观 / 超预期,2,震荡均值回归,强烈建议投资,+27,+83,强烈建议投资｜+27%～+83%｜中
NTNX,D:\drive\Investment\分析报告\公司情景投资决策\结果\NTNX_经营情景市场状态投资决策_2026-07-15.md,304,乐观 / 超预期,3,有序风险收缩,建议投资,+7,+59,建议投资｜+7%～+59%｜低
NTNX,D:\drive\Investment\分析报告\公司情景投资决策\结果\NTNX_经营情景市场状态投资决策_2026-07-15.md,304,乐观 / 超预期,4,流动性信用压力,中性 / 等待,-20,+27,中性 / 等待｜-20%～+27%｜低
NTNX,D:\drive\Investment\分析报告\公司情景投资决策\结果\NTNX_经营情景市场状态投资决策_2026-07-15.md,305,突破 / 非线性,0,宽基风险扩张,强烈建议投资,+87,+183,强烈建议投资｜+87%～+183%｜低
NTNX,D:\drive\Investment\分析报告\公司情景投资决策\结果\NTNX_经营情景市场状态投资决策_2026-07-15.md,305,突破 / 非线性,1,窄幅主题主导上涨,强烈建议投资,+103,+213,强烈建议投资｜+103%～+213%｜低
NTNX,D:\drive\Investment\分析报告\公司情景投资决策\结果\NTNX_经营情景市场状态投资决策_2026-07-15.md,305,突破 / 非线性,2,震荡均值回归,强烈建议投资,+64,+154,强烈建议投资｜+64%～+154%｜低
NTNX,D:\drive\Investment\分析报告\公司情景投资决策\结果\NTNX_经营情景市场状态投资决策_2026-07-15.md,305,突破 / 非线性,3,有序风险收缩,强烈建议投资,+40,+125,强烈建议投资｜+40%～+125%｜低
NTNX,D:\drive\Investment\分析报告\公司情景投资决策\结果\NTNX_经营情景市场状态投资决策_2026-07-15.md,305,突破 / 非线性,4,流动性信用压力,谨慎建议投资,+1,+75,谨慎建议投资｜+1%～+75%｜低
NVDA,D:\drive\Investment\分析报告\公司情景投资决策\结果\备份\NVDA_2026-07-18T18_25_55-07_00-8ec97b3c63\NVDA_经营情景市场状态投资决策_2026-07-15.md,40,悲观 / 受损,0,宽基风险扩张,强烈不建议投资,-68,-13,强烈不建议投资｜-68%～-13%｜中
NVDA,D:\drive\Investment\分析报告\公司情景投资决策\结果\备份\NVDA_2026-07-18T18_25_55-07_00-8ec97b3c63\NVDA_经营情景市场状态投资决策_2026-07-15.md,40,悲观 / 受损,1,窄幅主题主导上涨,强烈不建议投资,-69,-19,强烈不建议投资｜-69%～-19%｜中
NVDA,D:\drive\Investment\分析报告\公司情景投资决策\结果\备份\NVDA_2026-07-18T18_25_55-07_00-8ec97b3c63\NVDA_经营情景市场状态投资决策_2026-07-15.md,40,悲观 / 受损,2,震荡均值回归,强烈不建议投资,-71,-25,强烈不建议投资｜-71%～-25%｜中
NVDA,D:\drive\Investment\分析报告\公司情景投资决策\结果\备份\NVDA_2026-07-18T18_25_55-07_00-8ec97b3c63\NVDA_经营情景市场状态投资决策_2026-07-15.md,40,悲观 / 受损,3,有序风险收缩,强烈不建议投资,-76,-37,强烈不建议投资｜-76%～-37%｜低
NVDA,D:\drive\Investment\分析报告\公司情景投资决策\结果\备份\NVDA_2026-07-18T18_25_55-07_00-8ec97b3c63\NVDA_经营情景市场状态投资决策_2026-07-15.md,40,悲观 / 受损,4,流动性信用压力,强烈不建议投资,-82,-49,强烈不建议投资｜-82%～-49%｜低
NVDA,D:\drive\Investment\分析报告\公司情景投资决策\结果\备份\NVDA_2026-07-18T18_25_55-07_00-8ec97b3c63\NVDA_经营情景市场状态投资决策_2026-07-15.md,41,基准 / 正常兑现,0,宽基风险扩张,谨慎建议投资,-19,+107,谨慎建议投资｜-19%～+107%｜中
NVDA,D:\drive\Investment\分析报告\公司情景投资决策\结果\备份\NVDA_2026-07-18T18_25_55-07_00-8ec97b3c63\NVDA_经营情景市场状态投资决策_2026-07-15.md,41,基准 / 正常兑现,1,窄幅主题主导上涨,谨慎建议投资,-22,+117,谨慎建议投资｜-22%～+117%｜中
NVDA,D:\drive\Investment\分析报告\公司情景投资决策\结果\备份\NVDA_2026-07-18T18_25_55-07_00-8ec97b3c63\NVDA_经营情景市场状态投资决策_2026-07-15.md,41,基准 / 正常兑现,2,震荡均值回归,谨慎建议投资,-29,+69,谨慎建议投资｜-29%～+69%｜中
NVDA,D:\drive\Investment\分析报告\公司情景投资决策\结果\备份\NVDA_2026-07-18T18_25_55-07_00-8ec97b3c63\NVDA_经营情景市场状态投资决策_2026-07-15.md,41,基准 / 正常兑现,3,有序风险收缩,不建议投资,-43,+32,不建议投资｜-43%～+32%｜低
NVDA,D:\drive\Investment\分析报告\公司情景投资决策\结果\备份\NVDA_2026-07-18T18_25_55-07_00-8ec97b3c63\NVDA_经营情景市场状态投资决策_2026-07-15.md,41,基准 / 正常兑现,4,流动性信用压力,强烈不建议投资,-59,-8,强烈不建议投资｜-59%～-8%｜低
NVDA,D:\drive\Investment\分析报告\公司情景投资决策\结果\备份\NVDA_2026-07-18T18_25_55-07_00-8ec97b3c63\NVDA_经营情景市场状态投资决策_2026-07-15.md,42,乐观 / 超预期,0,宽基风险扩张,强烈建议投资,+41,+308,强烈建议投资｜+41%～+308%｜中
NVDA,D:\drive\Investment\分析报告\公司情景投资决策\结果\备份\NVDA_2026-07-18T18_25_55-07_00-8ec97b3c63\NVDA_经营情景市场状态投资决策_2026-07-15.md,42,乐观 / 超预期,1,窄幅主题主导上涨,强烈建议投资,+35,+330,强烈建议投资｜+35%～+330%｜中
NVDA,D:\drive\Investment\分析报告\公司情景投资决策\结果\备份\NVDA_2026-07-18T18_25_55-07_00-8ec97b3c63\NVDA_经营情景市场状态投资决策_2026-07-15.md,42,乐观 / 超预期,2,震荡均值回归,建议投资,+22,+224,建议投资｜+22%～+224%｜中
NVDA,D:\drive\Investment\分析报告\公司情景投资决策\结果\备份\NVDA_2026-07-18T18_25_55-07_00-8ec97b3c63\NVDA_经营情景市场状态投资决策_2026-07-15.md,42,乐观 / 超预期,3,有序风险收缩,谨慎建议投资,-4,+147,谨慎建议投资｜-4%～+147%｜低
NVDA,D:\drive\Investment\分析报告\公司情景投资决策\结果\备份\NVDA_2026-07-18T18_25_55-07_00-8ec97b3c63\NVDA_经营情景市场状态投资决策_2026-07-15.md,42,乐观 / 超预期,4,流动性信用压力,谨慎建议投资,-32,+67,谨慎建议投资｜-32%～+67%｜低
NVDA,D:\drive\Investment\分析报告\公司情景投资决策\结果\备份\NVDA_2026-07-18T18_25_55-07_00-8ec97b3c63\NVDA_经营情景市场状态投资决策_2026-07-15.md,43,突破 / 非线性,0,宽基风险扩张,强烈建议投资,+153,+670,强烈建议投资｜+153%～+670%｜低
NVDA,D:\drive\Investment\分析报告\公司情景投资决策\结果\备份\NVDA_2026-07-18T18_25_55-07_00-8ec97b3c63\NVDA_经营情景市场状态投资决策_2026-07-15.md,43,突破 / 非线性,1,窄幅主题主导上涨,强烈建议投资,+142,+712,强烈建议投资｜+142%～+712%｜低
NVDA,D:\drive\Investment\分析报告\公司情景投资决策\结果\备份\NVDA_2026-07-18T18_25_55-07_00-8ec97b3c63\NVDA_经营情景市场状态投资决策_2026-07-15.md,43,突破 / 非线性,2,震荡均值回归,强烈建议投资,+118,+510,强烈建议投资｜+118%～+510%｜低
NVDA,D:\drive\Investment\分析报告\公司情景投资决策\结果\备份\NVDA_2026-07-18T18_25_55-07_00-8ec97b3c63\NVDA_经营情景市场状态投资决策_2026-07-15.md,43,突破 / 非线性,3,有序风险收缩,强烈建议投资,+70,+362,强烈建议投资｜+70%～+362%｜低
NVDA,D:\drive\Investment\分析报告\公司情景投资决策\结果\备份\NVDA_2026-07-18T18_25_55-07_00-8ec97b3c63\NVDA_经营情景市场状态投资决策_2026-07-15.md,43,突破 / 非线性,4,流动性信用压力,建议投资,+18,+208,建议投资｜+18%～+208%｜低
NVMI,D:\drive\Investment\分析报告\公司情景投资决策\结果\NVMI_经营情景市场状态投资决策_2026-07-15.md,370,悲观 / 受损,0,宽基风险扩张,强烈不建议投资,-71,-48,强烈不建议投资｜-71%～-48%｜中
NVMI,D:\drive\Investment\分析报告\公司情景投资决策\结果\NVMI_经营情景市场状态投资决策_2026-07-15.md,370,悲观 / 受损,1,窄幅主题主导上涨,强烈不建议投资,-73,-50,强烈不建议投资｜-73%～-50%｜中
NVMI,D:\drive\Investment\分析报告\公司情景投资决策\结果\NVMI_经营情景市场状态投资决策_2026-07-15.md,370,悲观 / 受损,2,震荡均值回归,强烈不建议投资,-77,-58,强烈不建议投资｜-77%～-58%｜中
NVMI,D:\drive\Investment\分析报告\公司情景投资决策\结果\NVMI_经营情景市场状态投资决策_2026-07-15.md,370,悲观 / 受损,3,有序风险收缩,强烈不建议投资,-83,-66,强烈不建议投资｜-83%～-66%｜中
NVMI,D:\drive\Investment\分析报告\公司情景投资决策\结果\NVMI_经营情景市场状态投资决策_2026-07-15.md,370,悲观 / 受损,4,流动性信用压力,强烈不建议投资,-88,-73,强烈不建议投资｜-88%～-73%｜低
NVMI,D:\drive\Investment\分析报告\公司情景投资决策\结果\NVMI_经营情景市场状态投资决策_2026-07-15.md,371,基准 / 正常兑现,0,宽基风险扩张,不建议投资,-38,+1,不建议投资｜-38%～+1%｜中
NVMI,D:\drive\Investment\分析报告\公司情景投资决策\结果\NVMI_经营情景市场状态投资决策_2026-07-15.md,371,基准 / 正常兑现,1,窄幅主题主导上涨,不建议投资,-32,+9,不建议投资｜-32%～+9%｜中
NVMI,D:\drive\Investment\分析报告\公司情景投资决策\结果\NVMI_经营情景市场状态投资决策_2026-07-15.md,371,基准 / 正常兑现,2,震荡均值回归,强烈不建议投资,-47,-11,强烈不建议投资｜-47%～-11%｜中
NVMI,D:\drive\Investment\分析报告\公司情景投资决策\结果\NVMI_经营情景市场状态投资决策_2026-07-15.md,371,基准 / 正常兑现,3,有序风险收缩,强烈不建议投资,-60,-29,强烈不建议投资｜-60%～-29%｜中
NVMI,D:\drive\Investment\分析报告\公司情景投资决策\结果\NVMI_经营情景市场状态投资决策_2026-07-15.md,371,基准 / 正常兑现,4,流动性信用压力,强烈不建议投资,-74,-47,强烈不建议投资｜-74%～-47%｜低
NVMI,D:\drive\Investment\分析报告\公司情景投资决策\结果\NVMI_经营情景市场状态投资决策_2026-07-15.md,372,乐观 / 超预期,0,宽基风险扩张,谨慎建议投资,-8,+45,谨慎建议投资｜-8%～+45%｜中
NVMI,D:\drive\Investment\分析报告\公司情景投资决策\结果\NVMI_经营情景市场状态投资决策_2026-07-15.md,372,乐观 / 超预期,1,窄幅主题主导上涨,建议投资,+4,+63,建议投资｜+4%～+63%｜低
NVMI,D:\drive\Investment\分析报告\公司情景投资决策\结果\NVMI_经营情景市场状态投资决策_2026-07-15.md,372,乐观 / 超预期,2,震荡均值回归,谨慎建议投资,-20,+30,谨慎建议投资｜-20%～+30%｜中
NVMI,D:\drive\Investment\分析报告\公司情景投资决策\结果\NVMI_经营情景市场状态投资决策_2026-07-15.md,372,乐观 / 超预期,3,有序风险收缩,不建议投资,-41,+4,不建议投资｜-41%～+4%｜中
NVMI,D:\drive\Investment\分析报告\公司情景投资决策\结果\NVMI_经营情景市场状态投资决策_2026-07-15.md,372,乐观 / 超预期,4,流动性信用压力,强烈不建议投资,-59,-19,强烈不建议投资｜-59%～-19%｜低
NVMI,D:\drive\Investment\分析报告\公司情景投资决策\结果\NVMI_经营情景市场状态投资决策_2026-07-15.md,373,突破 / 非线性,0,宽基风险扩张,建议投资,+36,+110,建议投资｜+36%～+110%｜低
NVMI,D:\drive\Investment\分析报告\公司情景投资决策\结果\NVMI_经营情景市场状态投资决策_2026-07-15.md,373,突破 / 非线性,1,窄幅主题主导上涨,建议投资,+52,+141,建议投资｜+52%～+141%｜低
NVMI,D:\drive\Investment\分析报告\公司情景投资决策\结果\NVMI_经营情景市场状态投资决策_2026-07-15.md,373,突破 / 非线性,2,震荡均值回归,谨慎建议投资,+16,+90,谨慎建议投资｜+16%～+90%｜低
NVMI,D:\drive\Investment\分析报告\公司情景投资决策\结果\NVMI_经营情景市场状态投资决策_2026-07-15.md,373,突破 / 非线性,3,有序风险收缩,谨慎建议投资,-16,+49,谨慎建议投资｜-16%～+49%｜低
NVMI,D:\drive\Investment\分析报告\公司情景投资决策\结果\NVMI_经营情景市场状态投资决策_2026-07-15.md,373,突破 / 非线性,4,流动性信用压力,不建议投资,-40,+18,不建议投资｜-40%～+18%｜低
NVT,D:\drive\Investment\分析报告\公司情景投资决策\结果\备份\NVT_2026-08-19T12_34_43-07_00-9913595e14\NVT_经营情景市场状态投资决策_2026-07-15.md,385,悲观 / 受损,0,宽基风险扩张,强烈不建议投资,-75,-41,强烈不建议投资｜-75%～-41%｜低
NVT,D:\drive\Investment\分析报告\公司情景投资决策\结果\备份\NVT_2026-08-19T12_34_43-07_00-9913595e14\NVT_经营情景市场状态投资决策_2026-07-15.md,385,悲观 / 受损,1,窄幅主题主导上涨,强烈不建议投资,-71,-45,强烈不建议投资｜-71%～-45%｜低
NVT,D:\drive\Investment\分析报告\公司情景投资决策\结果\备份\NVT_2026-08-19T12_34_43-07_00-9913595e14\NVT_经营情景市场状态投资决策_2026-07-15.md,385,悲观 / 受损,2,震荡均值回归,强烈不建议投资,-80,-49,强烈不建议投资｜-80%～-49%｜低
NVT,D:\drive\Investment\分析报告\公司情景投资决策\结果\备份\NVT_2026-08-19T12_34_43-07_00-9913595e14\NVT_经营情景市场状态投资决策_2026-07-15.md,385,悲观 / 受损,3,有序风险收缩,强烈不建议投资,-85,-56,强烈不建议投资｜-85%～-56%｜低
NVT,D:\drive\Investment\分析报告\公司情景投资决策\结果\备份\NVT_2026-08-19T12_34_43-07_00-9913595e14\NVT_经营情景市场状态投资决策_2026-07-15.md,385,悲观 / 受损,4,流动性信用压力,强烈不建议投资,-91,-67,强烈不建议投资｜-91%～-67%｜低
NVT,D:\drive\Investment\分析报告\公司情景投资决策\结果\备份\NVT_2026-08-19T12_34_43-07_00-9913595e14\NVT_经营情景市场状态投资决策_2026-07-15.md,386,基准 / 正常兑现,0,宽基风险扩张,不建议投资,-21,+18,不建议投资｜-21%～+18%｜中
NVT,D:\drive\Investment\分析报告\公司情景投资决策\结果\备份\NVT_2026-08-19T12_34_43-07_00-9913595e14\NVT_经营情景市场状态投资决策_2026-07-15.md,386,基准 / 正常兑现,1,窄幅主题主导上涨,谨慎建议投资,-10,+34,谨慎建议投资｜-10%～+34%｜低
NVT,D:\drive\Investment\分析报告\公司情景投资决策\结果\备份\NVT_2026-08-19T12_34_43-07_00-9913595e14\NVT_经营情景市场状态投资决策_2026-07-15.md,386,基准 / 正常兑现,2,震荡均值回归,不建议投资,-35,+3,不建议投资｜-35%～+3%｜中
NVT,D:\drive\Investment\分析报告\公司情景投资决策\结果\备份\NVT_2026-08-19T12_34_43-07_00-9913595e14\NVT_经营情景市场状态投资决策_2026-07-15.md,386,基准 / 正常兑现,3,有序风险收缩,强烈不建议投资,-49,-13,强烈不建议投资｜-49%～-13%｜低
NVT,D:\drive\Investment\分析报告\公司情景投资决策\结果\备份\NVT_2026-08-19T12_34_43-07_00-9913595e14\NVT_经营情景市场状态投资决策_2026-07-15.md,386,基准 / 正常兑现,4,流动性信用压力,强烈不建议投资,-64,-34,强烈不建议投资｜-64%～-34%｜低
NVT,D:\drive\Investment\分析报告\公司情景投资决策\结果\备份\NVT_2026-08-19T12_34_43-07_00-9913595e14\NVT_经营情景市场状态投资决策_2026-07-15.md,387,乐观 / 超预期,0,宽基风险扩张,建议投资,+7,+61,建议投资｜+7%～+61%｜中
NVT,D:\drive\Investment\分析报告\公司情景投资决策\结果\备份\NVT_2026-08-19T12_34_43-07_00-9913595e14\NVT_经营情景市场状态投资决策_2026-07-15.md,387,乐观 / 超预期,1,窄幅主题主导上涨,强烈建议投资,+22,+80,强烈建议投资｜+22%～+80%｜低
NVT,D:\drive\Investment\分析报告\公司情景投资决策\结果\备份\NVT_2026-08-19T12_34_43-07_00-9913595e14\NVT_经营情景市场状态投资决策_2026-07-15.md,387,乐观 / 超预期,2,震荡均值回归,谨慎建议投资,-11,+36,谨慎建议投资｜-11%～+36%｜中
NVT,D:\drive\Investment\分析报告\公司情景投资决策\结果\备份\NVT_2026-08-19T12_34_43-07_00-9913595e14\NVT_经营情景市场状态投资决策_2026-07-15.md,387,乐观 / 超预期,3,有序风险收缩,不建议投资,-31,+17,不建议投资｜-31%～+17%｜低
NVT,D:\drive\Investment\分析报告\公司情景投资决策\结果\备份\NVT_2026-08-19T12_34_43-07_00-9913595e14\NVT_经营情景市场状态投资决策_2026-07-15.md,387,乐观 / 超预期,4,流动性信用压力,强烈不建议投资,-50,-7,强烈不建议投资｜-50%～-7%｜低
NVT,D:\drive\Investment\分析报告\公司情景投资决策\结果\备份\NVT_2026-08-19T12_34_43-07_00-9913595e14\NVT_经营情景市场状态投资决策_2026-07-15.md,388,突破 / 非线性,0,宽基风险扩张,强烈建议投资,+58,+126,强烈建议投资｜+58%～+126%｜低
NVT,D:\drive\Investment\分析报告\公司情景投资决策\结果\备份\NVT_2026-08-19T12_34_43-07_00-9913595e14\NVT_经营情景市场状态投资决策_2026-07-15.md,388,突破 / 非线性,1,窄幅主题主导上涨,强烈建议投资,+81,+167,强烈建议投资｜+81%～+167%｜低
NVT,D:\drive\Investment\分析报告\公司情景投资决策\结果\备份\NVT_2026-08-19T12_34_43-07_00-9913595e14\NVT_经营情景市场状态投资决策_2026-07-15.md,388,突破 / 非线性,2,震荡均值回归,强烈建议投资,+31,+95,强烈建议投资｜+31%～+95%｜低
NVT,D:\drive\Investment\分析报告\公司情景投资决策\结果\备份\NVT_2026-08-19T12_34_43-07_00-9913595e14\NVT_经营情景市场状态投资决策_2026-07-15.md,388,突破 / 非线性,3,有序风险收缩,建议投资,+2,+64,建议投资｜+2%～+64%｜低
NVT,D:\drive\Investment\分析报告\公司情景投资决策\结果\备份\NVT_2026-08-19T12_34_43-07_00-9913595e14\NVT_经营情景市场状态投资决策_2026-07-15.md,388,突破 / 非线性,4,流动性信用压力,中性 / 等待,-27,+33,中性 / 等待｜-27%～+33%｜低
NVTS,D:\drive\Investment\分析报告\公司情景投资决策\结果\NVTS_经营情景市场状态投资决策_2026-07-15.md,298,悲观 / 受损,0,宽基风险扩张,强烈不建议投资,-95,-87,强烈不建议投资｜-95%～-87%｜中
NVTS,D:\drive\Investment\分析报告\公司情景投资决策\结果\NVTS_经营情景市场状态投资决策_2026-07-15.md,298,悲观 / 受损,1,窄幅主题主导上涨,强烈不建议投资,-95,-89,强烈不建议投资｜-95%～-89%｜中
NVTS,D:\drive\Investment\分析报告\公司情景投资决策\结果\NVTS_经营情景市场状态投资决策_2026-07-15.md,298,悲观 / 受损,2,震荡均值回归,强烈不建议投资,-96,-90,强烈不建议投资｜-96%～-90%｜中
NVTS,D:\drive\Investment\分析报告\公司情景投资决策\结果\NVTS_经营情景市场状态投资决策_2026-07-15.md,298,悲观 / 受损,3,有序风险收缩,强烈不建议投资,-97,-92,强烈不建议投资｜-97%～-92%｜中
NVTS,D:\drive\Investment\分析报告\公司情景投资决策\结果\NVTS_经营情景市场状态投资决策_2026-07-15.md,298,悲观 / 受损,4,流动性信用压力,强烈不建议投资,-98,-94,强烈不建议投资｜-98%～-94%｜低
NVTS,D:\drive\Investment\分析报告\公司情景投资决策\结果\NVTS_经营情景市场状态投资决策_2026-07-15.md,299,基准 / 正常兑现,0,宽基风险扩张,强烈不建议投资,-79,-51,强烈不建议投资｜-79%～-51%｜低
NVTS,D:\drive\Investment\分析报告\公司情景投资决策\结果\NVTS_经营情景市场状态投资决策_2026-07-15.md,299,基准 / 正常兑现,1,窄幅主题主导上涨,强烈不建议投资,-76,-43,强烈不建议投资｜-76%～-43%｜低
NVTS,D:\drive\Investment\分析报告\公司情景投资决策\结果\NVTS_经营情景市场状态投资决策_2026-07-15.md,299,基准 / 正常兑现,2,震荡均值回归,强烈不建议投资,-84,-59,强烈不建议投资｜-84%～-59%｜低
NVTS,D:\drive\Investment\分析报告\公司情景投资决策\结果\NVTS_经营情景市场状态投资决策_2026-07-15.md,299,基准 / 正常兑现,3,有序风险收缩,强烈不建议投资,-89,-70,强烈不建议投资｜-89%～-70%｜低
NVTS,D:\drive\Investment\分析报告\公司情景投资决策\结果\NVTS_经营情景市场状态投资决策_2026-07-15.md,299,基准 / 正常兑现,4,流动性信用压力,强烈不建议投资,-93,-79,强烈不建议投资｜-93%～-79%｜低
NVTS,D:\drive\Investment\分析报告\公司情景投资决策\结果\NVTS_经营情景市场状态投资决策_2026-07-15.md,300,乐观 / 超预期,0,宽基风险扩张,不建议投资,-51,+24,不建议投资｜-51%～+24%｜低
NVTS,D:\drive\Investment\分析报告\公司情景投资决策\结果\NVTS_经营情景市场状态投资决策_2026-07-15.md,300,乐观 / 超预期,1,窄幅主题主导上涨,中性 / 等待,-40,+54,中性 / 等待｜-40%～+54%｜低
NVTS,D:\drive\Investment\分析报告\公司情景投资决策\结果\NVTS_经营情景市场状态投资决策_2026-07-15.md,300,乐观 / 超预期,2,震荡均值回归,不建议投资,-61,+2,不建议投资｜-61%～+2%｜低
NVTS,D:\drive\Investment\分析报告\公司情景投资决策\结果\NVTS_经营情景市场状态投资决策_2026-07-15.md,300,乐观 / 超预期,3,有序风险收缩,强烈不建议投资,-72,-25,强烈不建议投资｜-72%～-25%｜低
NVTS,D:\drive\Investment\分析报告\公司情景投资决策\结果\NVTS_经营情景市场状态投资决策_2026-07-15.md,300,乐观 / 超预期,4,流动性信用压力,强烈不建议投资,-83,-49,强烈不建议投资｜-83%～-49%｜低
NVTS,D:\drive\Investment\分析报告\公司情景投资决策\结果\NVTS_经营情景市场状态投资决策_2026-07-15.md,301,突破 / 非线性,0,宽基风险扩张,建议投资,-10,+141,建议投资｜-10%～+141%｜低
NVTS,D:\drive\Investment\分析报告\公司情景投资决策\结果\NVTS_经营情景市场状态投资决策_2026-07-15.md,301,突破 / 非线性,1,窄幅主题主导上涨,建议投资,+21,+217,建议投资｜+21%～+217%｜低
NVTS,D:\drive\Investment\分析报告\公司情景投资决策\结果\NVTS_经营情景市场状态投资决策_2026-07-15.md,301,突破 / 非线性,2,震荡均值回归,谨慎建议投资,-28,+88,谨慎建议投资｜-28%～+88%｜低
NVTS,D:\drive\Investment\分析报告\公司情景投资决策\结果\NVTS_经营情景市场状态投资决策_2026-07-15.md,301,突破 / 非线性,3,有序风险收缩,不建议投资,-51,+28,不建议投资｜-51%～+28%｜低
NVTS,D:\drive\Investment\分析报告\公司情景投资决策\结果\NVTS_经营情景市场状态投资决策_2026-07-15.md,301,突破 / 非线性,4,流动性信用压力,强烈不建议投资,-71,-13,强烈不建议投资｜-71%～-13%｜低
OKLO,D:\drive\Investment\分析报告\公司情景投资决策\结果\OKLO_经营情景市场状态投资决策_2026-07-15.md,289,悲观 / 受损,0,宽基风险扩张,强烈不建议投资,-73,-57,强烈不建议投资｜-73%～-57%｜中
OKLO,D:\drive\Investment\分析报告\公司情景投资决策\结果\OKLO_经营情景市场状态投资决策_2026-07-15.md,289,悲观 / 受损,1,窄幅主题主导上涨,强烈不建议投资,-72,-54,强烈不建议投资｜-72%～-54%｜中
OKLO,D:\drive\Investment\分析报告\公司情景投资决策\结果\OKLO_经营情景市场状态投资决策_2026-07-15.md,289,悲观 / 受损,2,震荡均值回归,强烈不建议投资,-75,-60,强烈不建议投资｜-75%～-60%｜中
OKLO,D:\drive\Investment\分析报告\公司情景投资决策\结果\OKLO_经营情景市场状态投资决策_2026-07-15.md,289,悲观 / 受损,3,有序风险收缩,强烈不建议投资,-77,-65,强烈不建议投资｜-77%～-65%｜低
OKLO,D:\drive\Investment\分析报告\公司情景投资决策\结果\OKLO_经营情景市场状态投资决策_2026-07-15.md,289,悲观 / 受损,4,流动性信用压力,强烈不建议投资,-82,-70,强烈不建议投资｜-82%～-70%｜低
OKLO,D:\drive\Investment\分析报告\公司情景投资决策\结果\OKLO_经营情景市场状态投资决策_2026-07-15.md,290,基准 / 正常兑现,0,宽基风险扩张,强烈不建议投资,-59,-26,强烈不建议投资｜-59%～-26%｜低
OKLO,D:\drive\Investment\分析报告\公司情景投资决策\结果\OKLO_经营情景市场状态投资决策_2026-07-15.md,290,基准 / 正常兑现,1,窄幅主题主导上涨,强烈不建议投资,-56,-19,强烈不建议投资｜-56%～-19%｜低
OKLO,D:\drive\Investment\分析报告\公司情景投资决策\结果\OKLO_经营情景市场状态投资决策_2026-07-15.md,290,基准 / 正常兑现,2,震荡均值回归,强烈不建议投资,-64,-34,强烈不建议投资｜-64%～-34%｜低
OKLO,D:\drive\Investment\分析报告\公司情景投资决策\结果\OKLO_经营情景市场状态投资决策_2026-07-15.md,290,基准 / 正常兑现,3,有序风险收缩,强烈不建议投资,-70,-46,强烈不建议投资｜-70%～-46%｜低
OKLO,D:\drive\Investment\分析报告\公司情景投资决策\结果\OKLO_经营情景市场状态投资决策_2026-07-15.md,290,基准 / 正常兑现,4,流动性信用压力,强烈不建议投资,-79,-59,强烈不建议投资｜-79%～-59%｜低
OKLO,D:\drive\Investment\分析报告\公司情景投资决策\结果\OKLO_经营情景市场状态投资决策_2026-07-15.md,291,乐观 / 超预期,0,宽基风险扩张,不建议投资,-31,+25,不建议投资｜-31%～+25%｜低
OKLO,D:\drive\Investment\分析报告\公司情景投资决策\结果\OKLO_经营情景市场状态投资决策_2026-07-15.md,291,乐观 / 超预期,1,窄幅主题主导上涨,谨慎建议投资,-24,+40,谨慎建议投资｜-24%～+40%｜低
OKLO,D:\drive\Investment\分析报告\公司情景投资决策\结果\OKLO_经营情景市场状态投资决策_2026-07-15.md,291,乐观 / 超预期,2,震荡均值回归,不建议投资,-43,+8,不建议投资｜-43%～+8%｜低
OKLO,D:\drive\Investment\分析报告\公司情景投资决策\结果\OKLO_经营情景市场状态投资决策_2026-07-15.md,291,乐观 / 超预期,3,有序风险收缩,强烈不建议投资,-56,-15,强烈不建议投资｜-56%～-15%｜低
OKLO,D:\drive\Investment\分析报告\公司情景投资决策\结果\OKLO_经营情景市场状态投资决策_2026-07-15.md,291,乐观 / 超预期,4,流动性信用压力,强烈不建议投资,-73,-39,强烈不建议投资｜-73%～-39%｜低
OKLO,D:\drive\Investment\分析报告\公司情景投资决策\结果\OKLO_经营情景市场状态投资决策_2026-07-15.md,292,突破 / 非线性,0,宽基风险扩张,谨慎建议投资,-3,+86,谨慎建议投资｜-3%～+86%｜低
OKLO,D:\drive\Investment\分析报告\公司情景投资决策\结果\OKLO_经营情景市场状态投资决策_2026-07-15.md,292,突破 / 非线性,1,窄幅主题主导上涨,建议投资,+9,+110,建议投资｜+9%～+110%｜低
OKLO,D:\drive\Investment\分析报告\公司情景投资决策\结果\OKLO_经营情景市场状态投资决策_2026-07-15.md,292,突破 / 非线性,2,震荡均值回归,谨慎建议投资,-23,+57,谨慎建议投资｜-23%～+57%｜低
OKLO,D:\drive\Investment\分析报告\公司情景投资决策\结果\OKLO_经营情景市场状态投资决策_2026-07-15.md,292,突破 / 非线性,3,有序风险收缩,不建议投资,-43,+19,不建议投资｜-43%～+19%｜低
OKLO,D:\drive\Investment\分析报告\公司情景投资决策\结果\OKLO_经营情景市场状态投资决策_2026-07-15.md,292,突破 / 非线性,4,流动性信用压力,强烈不建议投资,-67,-19,强烈不建议投资｜-67%～-19%｜低
ON,D:\drive\Investment\分析报告\公司情景投资决策\结果\ON_经营情景市场状态投资决策_2026-07-15.md,372,悲观 / 受损,0,宽基风险扩张,强烈不建议投资,-73,-46,强烈不建议投资｜-73%～-46%｜中
ON,D:\drive\Investment\分析报告\公司情景投资决策\结果\ON_经营情景市场状态投资决策_2026-07-15.md,372,悲观 / 受损,1,窄幅主题主导上涨,强烈不建议投资,-75,-49,强烈不建议投资｜-75%～-49%｜中
ON,D:\drive\Investment\分析报告\公司情景投资决策\结果\ON_经营情景市场状态投资决策_2026-07-15.md,372,悲观 / 受损,2,震荡均值回归,强烈不建议投资,-78,-52,强烈不建议投资｜-78%～-52%｜中
ON,D:\drive\Investment\分析报告\公司情景投资决策\结果\ON_经营情景市场状态投资决策_2026-07-15.md,372,悲观 / 受损,3,有序风险收缩,强烈不建议投资,-82,-59,强烈不建议投资｜-82%～-59%｜中
ON,D:\drive\Investment\分析报告\公司情景投资决策\结果\ON_经营情景市场状态投资决策_2026-07-15.md,372,悲观 / 受损,4,流动性信用压力,强烈不建议投资,-87,-69,强烈不建议投资｜-87%～-69%｜低
ON,D:\drive\Investment\分析报告\公司情景投资决策\结果\ON_经营情景市场状态投资决策_2026-07-15.md,373,基准 / 正常兑现,0,宽基风险扩张,不建议投资,-36,+3,不建议投资｜-36%～+3%｜中
ON,D:\drive\Investment\分析报告\公司情景投资决策\结果\ON_经营情景市场状态投资决策_2026-07-15.md,373,基准 / 正常兑现,1,窄幅主题主导上涨,不建议投资,-39,-3,不建议投资｜-39%～-3%｜低
ON,D:\drive\Investment\分析报告\公司情景投资决策\结果\ON_经营情景市场状态投资决策_2026-07-15.md,373,基准 / 正常兑现,2,震荡均值回归,强烈不建议投资,-49,-17,强烈不建议投资｜-49%～-17%｜中
ON,D:\drive\Investment\分析报告\公司情景投资决策\结果\ON_经营情景市场状态投资决策_2026-07-15.md,373,基准 / 正常兑现,3,有序风险收缩,强烈不建议投资,-59,-31,强烈不建议投资｜-59%～-31%｜中
ON,D:\drive\Investment\分析报告\公司情景投资决策\结果\ON_经营情景市场状态投资决策_2026-07-15.md,373,基准 / 正常兑现,4,流动性信用压力,强烈不建议投资,-71,-48,强烈不建议投资｜-71%～-48%｜低
ON,D:\drive\Investment\分析报告\公司情景投资决策\结果\ON_经营情景市场状态投资决策_2026-07-15.md,374,乐观 / 超预期,0,宽基风险扩张,谨慎建议投资,-3,+61,谨慎建议投资｜-3%～+61%｜中
ON,D:\drive\Investment\分析报告\公司情景投资决策\结果\ON_经营情景市场状态投资决策_2026-07-15.md,374,乐观 / 超预期,1,窄幅主题主导上涨,建议投资,+6,+74,建议投资｜+6%～+74%｜低
ON,D:\drive\Investment\分析报告\公司情景投资决策\结果\ON_经营情景市场状态投资决策_2026-07-15.md,374,乐观 / 超预期,2,震荡均值回归,谨慎建议投资,-17,+42,谨慎建议投资｜-17%～+42%｜中
ON,D:\drive\Investment\分析报告\公司情景投资决策\结果\ON_经营情景市场状态投资决策_2026-07-15.md,374,乐观 / 超预期,3,有序风险收缩,中性 / 等待,-30,+17,中性 / 等待｜-30%～+17%｜中
ON,D:\drive\Investment\分析报告\公司情景投资决策\结果\ON_经营情景市场状态投资决策_2026-07-15.md,374,乐观 / 超预期,4,流动性信用压力,强烈不建议投资,-51,-9,强烈不建议投资｜-51%～-9%｜低
ON,D:\drive\Investment\分析报告\公司情景投资决策\结果\ON_经营情景市场状态投资决策_2026-07-15.md,375,突破 / 非线性,0,宽基风险扩张,强烈建议投资,+35,+147,强烈建议投资｜+35%～+147%｜低
ON,D:\drive\Investment\分析报告\公司情景投资决策\结果\ON_经营情景市场状态投资决策_2026-07-15.md,375,突破 / 非线性,1,窄幅主题主导上涨,强烈建议投资,+51,+180,强烈建议投资｜+51%～+180%｜低
ON,D:\drive\Investment\分析报告\公司情景投资决策\结果\ON_经营情景市场状态投资决策_2026-07-15.md,375,突破 / 非线性,2,震荡均值回归,强烈建议投资,+23,+115,强烈建议投资｜+23%～+115%｜低
ON,D:\drive\Investment\分析报告\公司情景投资决策\结果\ON_经营情景市场状态投资决策_2026-07-15.md,375,突破 / 非线性,3,有序风险收缩,建议投资,+2,+74,建议投资｜+2%～+74%｜低
ON,D:\drive\Investment\分析报告\公司情景投资决策\结果\ON_经营情景市场状态投资决策_2026-07-15.md,375,突破 / 非线性,4,流动性信用压力,中性 / 等待,-27,+33,中性 / 等待｜-27%～+33%｜低
ONTO,D:\drive\Investment\分析报告\公司情景投资决策\结果\ONTO_经营情景市场状态投资决策_2026-07-15.md,405,悲观 / 受损,0,宽基风险扩张,强烈不建议投资,-80,-38,强烈不建议投资｜-80%～-38%｜中
ONTO,D:\drive\Investment\分析报告\公司情景投资决策\结果\ONTO_经营情景市场状态投资决策_2026-07-15.md,405,悲观 / 受损,1,窄幅主题主导上涨,强烈不建议投资,-79,-47,强烈不建议投资｜-79%～-47%｜中
ONTO,D:\drive\Investment\分析报告\公司情景投资决策\结果\ONTO_经营情景市场状态投资决策_2026-07-15.md,405,悲观 / 受损,2,震荡均值回归,强烈不建议投资,-82,-49,强烈不建议投资｜-82%～-49%｜中
ONTO,D:\drive\Investment\分析报告\公司情景投资决策\结果\ONTO_经营情景市场状态投资决策_2026-07-15.md,405,悲观 / 受损,3,有序风险收缩,强烈不建议投资,-85,-59,强烈不建议投资｜-85%～-59%｜中
ONTO,D:\drive\Investment\分析报告\公司情景投资决策\结果\ONTO_经营情景市场状态投资决策_2026-07-15.md,405,悲观 / 受损,4,流动性信用压力,强烈不建议投资,-89,-69,强烈不建议投资｜-89%～-69%｜低
ONTO,D:\drive\Investment\分析报告\公司情景投资决策\结果\ONTO_经营情景市场状态投资决策_2026-07-15.md,406,基准 / 正常兑现,0,宽基风险扩张,不建议投资,-48,+23,不建议投资｜-48%～+23%｜低
ONTO,D:\drive\Investment\分析报告\公司情景投资决策\结果\ONTO_经营情景市场状态投资决策_2026-07-15.md,406,基准 / 正常兑现,1,窄幅主题主导上涨,不建议投资,-43,+36,不建议投资｜-43%～+36%｜低
ONTO,D:\drive\Investment\分析报告\公司情景投资决策\结果\ONTO_经营情景市场状态投资决策_2026-07-15.md,406,基准 / 正常兑现,2,震荡均值回归,不建议投资,-56,+2,不建议投资｜-56%～+2%｜中
ONTO,D:\drive\Investment\分析报告\公司情景投资决策\结果\ONTO_经营情景市场状态投资决策_2026-07-15.md,406,基准 / 正常兑现,3,有序风险收缩,强烈不建议投资,-64,-18,强烈不建议投资｜-64%～-18%｜中
ONTO,D:\drive\Investment\分析报告\公司情景投资决策\结果\ONTO_经营情景市场状态投资决策_2026-07-15.md,406,基准 / 正常兑现,4,流动性信用压力,强烈不建议投资,-72,-38,强烈不建议投资｜-72%～-38%｜低
ONTO,D:\drive\Investment\分析报告\公司情景投资决策\结果\ONTO_经营情景市场状态投资决策_2026-07-15.md,407,乐观 / 超预期,0,宽基风险扩张,谨慎建议投资,-16,+76,谨慎建议投资｜-16%～+76%｜低
ONTO,D:\drive\Investment\分析报告\公司情景投资决策\结果\ONTO_经营情景市场状态投资决策_2026-07-15.md,407,乐观 / 超预期,1,窄幅主题主导上涨,建议投资,-10,+102,建议投资｜-10%～+102%｜低
ONTO,D:\drive\Investment\分析报告\公司情景投资决策\结果\ONTO_经营情景市场状态投资决策_2026-07-15.md,407,乐观 / 超预期,2,震荡均值回归,中性 / 等待,-31,+48,中性 / 等待｜-31%～+48%｜低
ONTO,D:\drive\Investment\分析报告\公司情景投资决策\结果\ONTO_经营情景市场状态投资决策_2026-07-15.md,407,乐观 / 超预期,3,有序风险收缩,不建议投资,-44,+16,不建议投资｜-44%～+16%｜低
ONTO,D:\drive\Investment\分析报告\公司情景投资决策\结果\ONTO_经营情景市场状态投资决策_2026-07-15.md,407,乐观 / 超预期,4,流动性信用压力,强烈不建议投资,-57,-11,强烈不建议投资｜-57%～-11%｜低
ONTO,D:\drive\Investment\分析报告\公司情景投资决策\结果\ONTO_经营情景市场状态投资决策_2026-07-15.md,408,突破 / 非线性,0,宽基风险扩张,强烈建议投资,+25,+159,强烈建议投资｜+25%～+159%｜低
ONTO,D:\drive\Investment\分析报告\公司情景投资决策\结果\ONTO_经营情景市场状态投资决策_2026-07-15.md,408,突破 / 非线性,1,窄幅主题主导上涨,强烈建议投资,+36,+209,强烈建议投资｜+36%～+209%｜低
ONTO,D:\drive\Investment\分析报告\公司情景投资决策\结果\ONTO_经营情景市场状态投资决策_2026-07-15.md,408,突破 / 非线性,2,震荡均值回归,建议投资,+2,+122,建议投资｜+2%～+122%｜低
ONTO,D:\drive\Investment\分析报告\公司情景投资决策\结果\ONTO_经营情景市场状态投资决策_2026-07-15.md,408,突破 / 非线性,3,有序风险收缩,谨慎建议投资,-16,+77,谨慎建议投资｜-16%～+77%｜低
ONTO,D:\drive\Investment\分析报告\公司情景投资决策\结果\ONTO_经营情景市场状态投资决策_2026-07-15.md,408,突破 / 非线性,4,流动性信用压力,中性 / 等待,-38,+33,中性 / 等待｜-38%～+33%｜低
ORCL,D:\drive\Investment\分析报告\公司情景投资决策\结果\ORCL_经营情景市场状态投资决策_2026-07-15.md,371,悲观 / 受损,0,宽基风险扩张,强烈不建议投资,-52.8,-22.6,强烈不建议投资｜-52.8%～-22.6%｜低
ORCL,D:\drive\Investment\分析报告\公司情景投资决策\结果\ORCL_经营情景市场状态投资决策_2026-07-15.md,371,悲观 / 受损,1,窄幅主题主导上涨,不建议投资,-45.3,-11.3,不建议投资｜-45.3%～-11.3%｜低
ORCL,D:\drive\Investment\分析报告\公司情景投资决策\结果\ORCL_经营情景市场状态投资决策_2026-07-15.md,371,悲观 / 受损,2,震荡均值回归,强烈不建议投资,-64.1,-37.7,强烈不建议投资｜-64.1%～-37.7%｜低
ORCL,D:\drive\Investment\分析报告\公司情景投资决策\结果\ORCL_经营情景市场状态投资决策_2026-07-15.md,371,悲观 / 受损,3,有序风险收缩,强烈不建议投资,-75.5,-52.8,强烈不建议投资｜-75.5%～-52.8%｜低
ORCL,D:\drive\Investment\分析报告\公司情景投资决策\结果\ORCL_经营情景市场状态投资决策_2026-07-15.md,371,悲观 / 受损,4,流动性信用压力,强烈不建议投资,-90.6,-67.9,强烈不建议投资｜-90.6%～-67.9%｜低
ORCL,D:\drive\Investment\分析报告\公司情景投资决策\结果\ORCL_经营情景市场状态投资决策_2026-07-15.md,372,基准 / 正常兑现,0,宽基风险扩张,建议投资,+15.1,+56.6,建议投资｜+15.1%～+56.6%｜中
ORCL,D:\drive\Investment\分析报告\公司情景投资决策\结果\ORCL_经营情景市场状态投资决策_2026-07-15.md,372,基准 / 正常兑现,1,窄幅主题主导上涨,建议投资,+34.0,+86.8,建议投资｜+34.0%～+86.8%｜中
ORCL,D:\drive\Investment\分析报告\公司情景投资决策\结果\ORCL_经营情景市场状态投资决策_2026-07-15.md,372,基准 / 正常兑现,2,震荡均值回归,中性 / 等待,-11.3,+22.7,中性 / 等待｜-11.3%～+22.7%｜中
ORCL,D:\drive\Investment\分析报告\公司情景投资决策\结果\ORCL_经营情景市场状态投资决策_2026-07-15.md,372,基准 / 正常兑现,3,有序风险收缩,不建议投资,-37.7,-7.5,不建议投资｜-37.7%～-7.5%｜低
ORCL,D:\drive\Investment\分析报告\公司情景投资决策\结果\ORCL_经营情景市场状态投资决策_2026-07-15.md,372,基准 / 正常兑现,4,流动性信用压力,强烈不建议投资,-64.1,-41.5,强烈不建议投资｜-64.1%～-41.5%｜低
ORCL,D:\drive\Investment\分析报告\公司情景投资决策\结果\ORCL_经营情景市场状态投资决策_2026-07-15.md,373,乐观 / 超预期,0,宽基风险扩张,强烈建议投资,+79.3,+143.4,强烈建议投资｜+79.3%～+143.4%｜中
ORCL,D:\drive\Investment\分析报告\公司情景投资决策\结果\ORCL_经营情景市场状态投资决策_2026-07-15.md,373,乐观 / 超预期,1,窄幅主题主导上涨,强烈建议投资,+105.7,+188.7,强烈建议投资｜+105.7%～+188.7%｜中
ORCL,D:\drive\Investment\分析报告\公司情景投资决策\结果\ORCL_经营情景市场状态投资决策_2026-07-15.md,373,乐观 / 超预期,2,震荡均值回归,强烈建议投资,+41.5,+90.6,强烈建议投资｜+41.5%～+90.6%｜中
ORCL,D:\drive\Investment\分析报告\公司情景投资决策\结果\ORCL_经营情景市场状态投资决策_2026-07-15.md,373,乐观 / 超预期,3,有序风险收缩,建议投资,+7.6,+56.6,建议投资｜+7.6%～+56.6%｜低
ORCL,D:\drive\Investment\分析报告\公司情景投资决策\结果\ORCL_经营情景市场状态投资决策_2026-07-15.md,373,乐观 / 超预期,4,流动性信用压力,不建议投资,-30.2,+7.6,不建议投资｜-30.2%～+7.6%｜低
ORCL,D:\drive\Investment\分析报告\公司情景投资决策\结果\ORCL_经营情景市场状态投资决策_2026-07-15.md,374,突破 / 非线性,0,宽基风险扩张,强烈建议投资,+158.5,+260.4,强烈建议投资｜+158.5%～+260.4%｜低
ORCL,D:\drive\Investment\分析报告\公司情景投资决策\结果\ORCL_经营情景市场状态投资决策_2026-07-15.md,374,突破 / 非线性,1,窄幅主题主导上涨,强烈建议投资,+211.3,+328.3,强烈建议投资｜+211.3%～+328.3%｜低
ORCL,D:\drive\Investment\分析报告\公司情景投资决策\结果\ORCL_经营情景市场状态投资决策_2026-07-15.md,374,突破 / 非线性,2,震荡均值回归,强烈建议投资,+117.0,+173.6,强烈建议投资｜+117.0%～+173.6%｜低
ORCL,D:\drive\Investment\分析报告\公司情景投资决策\结果\ORCL_经营情景市场状态投资决策_2026-07-15.md,374,突破 / 非线性,3,有序风险收缩,强烈建议投资,+67.9,+124.5,强烈建议投资｜+67.9%～+124.5%｜低
ORCL,D:\drive\Investment\分析报告\公司情景投资决策\结果\ORCL_经营情景市场状态投资决策_2026-07-15.md,374,突破 / 非线性,4,流动性信用压力,建议投资,+11.3,+56.6,建议投资｜+11.3%～+56.6%｜低
P,D:\drive\Investment\分析报告\公司情景投资决策\结果\P_经营情景市场状态投资决策_2026-07-15.md,321,悲观 / 受损,0,宽基风险扩张,强烈不建议投资,-60,-53,强烈不建议投资｜-60%～-53%｜中
P,D:\drive\Investment\分析报告\公司情景投资决策\结果\P_经营情景市场状态投资决策_2026-07-15.md,321,悲观 / 受损,1,窄幅主题主导上涨,强烈不建议投资,-64,-55,强烈不建议投资｜-64%～-55%｜中
P,D:\drive\Investment\分析报告\公司情景投资决策\结果\P_经营情景市场状态投资决策_2026-07-15.md,321,悲观 / 受损,2,震荡均值回归,强烈不建议投资,-66,-59,强烈不建议投资｜-66%～-59%｜中
P,D:\drive\Investment\分析报告\公司情景投资决策\结果\P_经营情景市场状态投资决策_2026-07-15.md,321,悲观 / 受损,3,有序风险收缩,强烈不建议投资,-75,-66,强烈不建议投资｜-75%～-66%｜中
P,D:\drive\Investment\分析报告\公司情景投资决策\结果\P_经营情景市场状态投资决策_2026-07-15.md,321,悲观 / 受损,4,流动性信用压力,强烈不建议投资,-84,-75,强烈不建议投资｜-84%～-75%｜低
P,D:\drive\Investment\分析报告\公司情景投资决策\结果\P_经营情景市场状态投资决策_2026-07-15.md,322,基准 / 正常兑现,0,宽基风险扩张,谨慎建议投资,-6,+36,谨慎建议投资｜-6%～+36%｜中
P,D:\drive\Investment\分析报告\公司情景投资决策\结果\P_经营情景市场状态投资决策_2026-07-15.md,322,基准 / 正常兑现,1,窄幅主题主导上涨,谨慎建议投资,-2,+46,谨慎建议投资｜-2%～+46%｜中
P,D:\drive\Investment\分析报告\公司情景投资决策\结果\P_经营情景市场状态投资决策_2026-07-15.md,322,基准 / 正常兑现,2,震荡均值回归,中性 / 等待,-19,+18,中性 / 等待｜-19%～+18%｜中
P,D:\drive\Investment\分析报告\公司情景投资决策\结果\P_经营情景市场状态投资决策_2026-07-15.md,322,基准 / 正常兑现,3,有序风险收缩,不建议投资,-40,-4,不建议投资｜-40%～-4%｜中
P,D:\drive\Investment\分析报告\公司情景投资决策\结果\P_经营情景市场状态投资决策_2026-07-15.md,322,基准 / 正常兑现,4,流动性信用压力,强烈不建议投资,-64,-36,强烈不建议投资｜-64%～-36%｜低
P,D:\drive\Investment\分析报告\公司情景投资决策\结果\P_经营情景市场状态投资决策_2026-07-15.md,323,乐观 / 超预期,0,宽基风险扩张,强烈建议投资,+50,+117,强烈建议投资｜+50%～+117%｜中
P,D:\drive\Investment\分析报告\公司情景投资决策\结果\P_经营情景市场状态投资决策_2026-07-15.md,323,乐观 / 超预期,1,窄幅主题主导上涨,强烈建议投资,+65,+139,强烈建议投资｜+65%～+139%｜中
P,D:\drive\Investment\分析报告\公司情景投资决策\结果\P_经营情景市场状态投资决策_2026-07-15.md,323,乐观 / 超预期,2,震荡均值回归,强烈建议投资,+24,+87,强烈建议投资｜+24%～+87%｜中
P,D:\drive\Investment\分析报告\公司情景投资决策\结果\P_经营情景市场状态投资决策_2026-07-15.md,323,乐观 / 超预期,3,有序风险收缩,谨慎建议投资,-7,+44,谨慎建议投资｜-7%～+44%｜低
P,D:\drive\Investment\分析报告\公司情景投资决策\结果\P_经营情景市场状态投资决策_2026-07-15.md,323,乐观 / 超预期,4,流动性信用压力,不建议投资,-42,-5,不建议投资｜-42%～-5%｜低
P,D:\drive\Investment\分析报告\公司情景投资决策\结果\P_经营情景市场状态投资决策_2026-07-15.md,324,突破 / 非线性,0,宽基风险扩张,强烈建议投资,+148,+224,强烈建议投资｜+148%～+224%｜低
P,D:\drive\Investment\分析报告\公司情景投资决策\结果\P_经营情景市场状态投资决策_2026-07-15.md,324,突破 / 非线性,1,窄幅主题主导上涨,强烈建议投资,+179,+263,强烈建议投资｜+179%～+263%｜低
P,D:\drive\Investment\分析报告\公司情景投资决策\结果\P_经营情景市场状态投资决策_2026-07-15.md,324,突破 / 非线性,2,震荡均值回归,强烈建议投资,+109,+177,强烈建议投资｜+109%～+177%｜低
P,D:\drive\Investment\分析报告\公司情景投资决策\结果\P_经营情景市场状态投资决策_2026-07-15.md,324,突破 / 非线性,3,有序风险收缩,强烈建议投资,+54,+107,强烈建议投资｜+54%～+107%｜低
P,D:\drive\Investment\分析报告\公司情景投资决策\结果\P_经营情景市场状态投资决策_2026-07-15.md,324,突破 / 非线性,4,流动性信用压力,谨慎建议投资,-8,+37,谨慎建议投资｜-8%～+37%｜低
PENG,D:\drive\Investment\分析报告\公司情景投资决策\结果\PENG_经营情景市场状态投资决策_2026-07-15.md,377,悲观 / 受损,0,宽基风险扩张,强烈不建议投资,-93,-48,强烈不建议投资｜-93%～-48%｜中
PENG,D:\drive\Investment\分析报告\公司情景投资决策\结果\PENG_经营情景市场状态投资决策_2026-07-15.md,377,悲观 / 受损,1,窄幅主题主导上涨,强烈不建议投资,-93,-45,强烈不建议投资｜-93%～-45%｜中
PENG,D:\drive\Investment\分析报告\公司情景投资决策\结果\PENG_经营情景市场状态投资决策_2026-07-15.md,377,悲观 / 受损,2,震荡均值回归,强烈不建议投资,-96,-56,强烈不建议投资｜-96%～-56%｜低
PENG,D:\drive\Investment\分析报告\公司情景投资决策\结果\PENG_经营情景市场状态投资决策_2026-07-15.md,377,悲观 / 受损,3,有序风险收缩,强烈不建议投资,-97,-64,强烈不建议投资｜-97%～-64%｜低
PENG,D:\drive\Investment\分析报告\公司情景投资决策\结果\PENG_经营情景市场状态投资决策_2026-07-15.md,377,悲观 / 受损,4,流动性信用压力,强烈不建议投资,-99,-77,强烈不建议投资｜-99%～-77%｜低
PENG,D:\drive\Investment\分析报告\公司情景投资决策\结果\PENG_经营情景市场状态投资决策_2026-07-15.md,378,基准 / 正常兑现,0,宽基风险扩张,不建议投资,-66,+28,不建议投资｜-66%～+28%｜低
PENG,D:\drive\Investment\分析报告\公司情景投资决策\结果\PENG_经营情景市场状态投资决策_2026-07-15.md,378,基准 / 正常兑现,1,窄幅主题主导上涨,不建议投资,-63,+35,不建议投资｜-63%～+35%｜低
PENG,D:\drive\Investment\分析报告\公司情景投资决策\结果\PENG_经营情景市场状态投资决策_2026-07-15.md,378,基准 / 正常兑现,2,震荡均值回归,强烈不建议投资,-74,+14,强烈不建议投资｜-74%～+14%｜低
PENG,D:\drive\Investment\分析报告\公司情景投资决策\结果\PENG_经营情景市场状态投资决策_2026-07-15.md,378,基准 / 正常兑现,3,有序风险收缩,强烈不建议投资,-82,-8,强烈不建议投资｜-82%～-8%｜低
PENG,D:\drive\Investment\分析报告\公司情景投资决策\结果\PENG_经营情景市场状态投资决策_2026-07-15.md,378,基准 / 正常兑现,4,流动性信用压力,强烈不建议投资,-89,-37,强烈不建议投资｜-89%～-37%｜低
PENG,D:\drive\Investment\分析报告\公司情景投资决策\结果\PENG_经营情景市场状态投资决策_2026-07-15.md,379,乐观 / 超预期,0,宽基风险扩张,谨慎建议投资,-29,+133,谨慎建议投资｜-29%～+133%｜低
PENG,D:\drive\Investment\分析报告\公司情景投资决策\结果\PENG_经营情景市场状态投资决策_2026-07-15.md,379,乐观 / 超预期,1,窄幅主题主导上涨,谨慎建议投资,-25,+154,谨慎建议投资｜-25%～+154%｜低
PENG,D:\drive\Investment\分析报告\公司情景投资决策\结果\PENG_经营情景市场状态投资决策_2026-07-15.md,379,乐观 / 超预期,2,震荡均值回归,谨慎建议投资,-41,+116,谨慎建议投资｜-41%～+116%｜低
PENG,D:\drive\Investment\分析报告\公司情景投资决策\结果\PENG_经营情景市场状态投资决策_2026-07-15.md,379,乐观 / 超预期,3,有序风险收缩,中性 / 等待,-56,+69,中性 / 等待｜-56%～+69%｜低
PENG,D:\drive\Investment\分析报告\公司情景投资决策\结果\PENG_经营情景市场状态投资决策_2026-07-15.md,379,乐观 / 超预期,4,流动性信用压力,不建议投资,-73,+22,不建议投资｜-73%～+22%｜低
PENG,D:\drive\Investment\分析报告\公司情景投资决策\结果\PENG_经营情景市场状态投资决策_2026-07-15.md,380,突破 / 非线性,0,宽基风险扩张,建议投资,+21,+326,建议投资｜+21%～+326%｜低
PENG,D:\drive\Investment\分析报告\公司情景投资决策\结果\PENG_经营情景市场状态投资决策_2026-07-15.md,380,突破 / 非线性,1,窄幅主题主导上涨,建议投资,+28,+367,建议投资｜+28%～+367%｜低
PENG,D:\drive\Investment\分析报告\公司情景投资决策\结果\PENG_经营情景市场状态投资决策_2026-07-15.md,380,突破 / 非线性,2,震荡均值回归,建议投资,-1,+284,建议投资｜-1%～+284%｜低
PENG,D:\drive\Investment\分析报告\公司情景投资决策\结果\PENG_经营情景市场状态投资决策_2026-07-15.md,380,突破 / 非线性,3,有序风险收缩,谨慎建议投资,-27,+202,谨慎建议投资｜-27%～+202%｜低
PENG,D:\drive\Investment\分析报告\公司情景投资决策\结果\PENG_经营情景市场状态投资决策_2026-07-15.md,380,突破 / 非线性,4,流动性信用压力,谨慎建议投资,-53,+106,谨慎建议投资｜-53%～+106%｜低
PH,D:\drive\Investment\分析报告\公司情景投资决策\结果\PH_经营情景市场状态投资决策_2026-07-15.md,290,悲观 / 受损,0,宽基风险扩张,强烈不建议投资,-53,-35,强烈不建议投资｜-53%～-35%｜中
PH,D:\drive\Investment\分析报告\公司情景投资决策\结果\PH_经营情景市场状态投资决策_2026-07-15.md,290,悲观 / 受损,1,窄幅主题主导上涨,强烈不建议投资,-57,-39,强烈不建议投资｜-57%～-39%｜中
PH,D:\drive\Investment\分析报告\公司情景投资决策\结果\PH_经营情景市场状态投资决策_2026-07-15.md,290,悲观 / 受损,2,震荡均值回归,强烈不建议投资,-61,-43,强烈不建议投资｜-61%～-43%｜中
PH,D:\drive\Investment\分析报告\公司情景投资决策\结果\PH_经营情景市场状态投资决策_2026-07-15.md,290,悲观 / 受损,3,有序风险收缩,强烈不建议投资,-69,-52,强烈不建议投资｜-69%～-52%｜中
PH,D:\drive\Investment\分析报告\公司情景投资决策\结果\PH_经营情景市场状态投资决策_2026-07-15.md,290,悲观 / 受损,4,流动性信用压力,强烈不建议投资,-80,-66,强烈不建议投资｜-80%～-66%｜低
PH,D:\drive\Investment\分析报告\公司情景投资决策\结果\PH_经营情景市场状态投资决策_2026-07-15.md,291,基准 / 正常兑现,0,宽基风险扩张,不建议投资,-19,+9,不建议投资｜-19%～+9%｜中
PH,D:\drive\Investment\分析报告\公司情景投资决策\结果\PH_经营情景市场状态投资决策_2026-07-15.md,291,基准 / 正常兑现,1,窄幅主题主导上涨,不建议投资,-26,+1,不建议投资｜-26%～+1%｜中
PH,D:\drive\Investment\分析报告\公司情景投资决策\结果\PH_经营情景市场状态投资决策_2026-07-15.md,291,基准 / 正常兑现,2,震荡均值回归,不建议投资,-32,-7,不建议投资｜-32%～-7%｜中
PH,D:\drive\Investment\分析报告\公司情景投资决策\结果\PH_经营情景市场状态投资决策_2026-07-15.md,291,基准 / 正常兑现,3,有序风险收缩,强烈不建议投资,-44,-19,强烈不建议投资｜-44%～-19%｜中
PH,D:\drive\Investment\分析报告\公司情景投资决策\结果\PH_经营情景市场状态投资决策_2026-07-15.md,291,基准 / 正常兑现,4,流动性信用压力,强烈不建议投资,-59,-36,强烈不建议投资｜-59%～-36%｜低
PH,D:\drive\Investment\分析报告\公司情景投资决策\结果\PH_经营情景市场状态投资决策_2026-07-15.md,292,乐观 / 超预期,0,宽基风险扩张,建议投资,+2,+39,建议投资｜+2%～+39%｜中
PH,D:\drive\Investment\分析报告\公司情景投资决策\结果\PH_经营情景市场状态投资决策_2026-07-15.md,292,乐观 / 超预期,1,窄幅主题主导上涨,谨慎建议投资,-5,+30,谨慎建议投资｜-5%～+30%｜中
PH,D:\drive\Investment\分析报告\公司情景投资决策\结果\PH_经营情景市场状态投资决策_2026-07-15.md,292,乐观 / 超预期,2,震荡均值回归,谨慎建议投资,-11,+21,谨慎建议投资｜-11%～+21%｜中
PH,D:\drive\Investment\分析报告\公司情景投资决策\结果\PH_经营情景市场状态投资决策_2026-07-15.md,292,乐观 / 超预期,3,有序风险收缩,不建议投资,-25,+7,不建议投资｜-25%～+7%｜低
PH,D:\drive\Investment\分析报告\公司情景投资决策\结果\PH_经营情景市场状态投资决策_2026-07-15.md,292,乐观 / 超预期,4,流动性信用压力,强烈不建议投资,-45,-13,强烈不建议投资｜-45%～-13%｜低
PH,D:\drive\Investment\分析报告\公司情景投资决策\结果\PH_经营情景市场状态投资决策_2026-07-15.md,293,突破 / 非线性,0,宽基风险扩张,强烈建议投资,+29,+85,强烈建议投资｜+29%～+85%｜低
PH,D:\drive\Investment\分析报告\公司情景投资决策\结果\PH_经营情景市场状态投资决策_2026-07-15.md,293,突破 / 非线性,1,窄幅主题主导上涨,建议投资,+19,+74,建议投资｜+19%～+74%｜低
PH,D:\drive\Investment\分析报告\公司情景投资决策\结果\PH_经营情景市场状态投资决策_2026-07-15.md,293,突破 / 非线性,2,震荡均值回归,建议投资,+12,+62,建议投资｜+12%～+62%｜低
PH,D:\drive\Investment\分析报告\公司情景投资决策\结果\PH_经营情景市场状态投资决策_2026-07-15.md,293,突破 / 非线性,3,有序风险收缩,谨慎建议投资,-5,+42,谨慎建议投资｜-5%～+42%｜低
PH,D:\drive\Investment\分析报告\公司情景投资决策\结果\PH_经营情景市场状态投资决策_2026-07-15.md,293,突破 / 非线性,4,流动性信用压力,不建议投资,-27,+18,不建议投资｜-27%～+18%｜低
PLAB,D:\drive\Investment\分析报告\公司情景投资决策\结果\PLAB_经营情景市场状态投资决策_2026-07-15.md,420,悲观 / 受损,0,宽基风险扩张,强烈不建议投资,-55,-23,强烈不建议投资｜-55%～-23%｜中
PLAB,D:\drive\Investment\分析报告\公司情景投资决策\结果\PLAB_经营情景市场状态投资决策_2026-07-15.md,420,悲观 / 受损,1,窄幅主题主导上涨,强烈不建议投资,-58,-27,强烈不建议投资｜-58%～-27%｜中
PLAB,D:\drive\Investment\分析报告\公司情景投资决策\结果\PLAB_经营情景市场状态投资决策_2026-07-15.md,420,悲观 / 受损,2,震荡均值回归,强烈不建议投资,-60,-31,强烈不建议投资｜-60%～-31%｜中
PLAB,D:\drive\Investment\分析报告\公司情景投资决策\结果\PLAB_经营情景市场状态投资决策_2026-07-15.md,420,悲观 / 受损,3,有序风险收缩,强烈不建议投资,-66,-39,强烈不建议投资｜-66%～-39%｜中
PLAB,D:\drive\Investment\分析报告\公司情景投资决策\结果\PLAB_经营情景市场状态投资决策_2026-07-15.md,420,悲观 / 受损,4,流动性信用压力,强烈不建议投资,-71,-47,强烈不建议投资｜-71%～-47%｜低
PLAB,D:\drive\Investment\分析报告\公司情景投资决策\结果\PLAB_经营情景市场状态投资决策_2026-07-15.md,421,基准 / 正常兑现,0,宽基风险扩张,中性 / 等待,-15,+41,中性 / 等待｜-15%～+41%｜中
PLAB,D:\drive\Investment\分析报告\公司情景投资决策\结果\PLAB_经营情景市场状态投资决策_2026-07-15.md,421,基准 / 正常兑现,1,窄幅主题主导上涨,中性 / 等待,-20,+34,中性 / 等待｜-20%～+34%｜中
PLAB,D:\drive\Investment\分析报告\公司情景投资决策\结果\PLAB_经营情景市场状态投资决策_2026-07-15.md,421,基准 / 正常兑现,2,震荡均值回归,中性 / 等待,-25,+24,中性 / 等待｜-25%～+24%｜中
PLAB,D:\drive\Investment\分析报告\公司情景投资决策\结果\PLAB_经营情景市场状态投资决策_2026-07-15.md,421,基准 / 正常兑现,3,有序风险收缩,不建议投资,-37,+7,不建议投资｜-37%～+7%｜中
PLAB,D:\drive\Investment\分析报告\公司情景投资决策\结果\PLAB_经营情景市场状态投资决策_2026-07-15.md,421,基准 / 正常兑现,4,流动性信用压力,强烈不建议投资,-47,-7,强烈不建议投资｜-47%～-7%｜低
PLAB,D:\drive\Investment\分析报告\公司情景投资决策\结果\PLAB_经营情景市场状态投资决策_2026-07-15.md,422,乐观 / 超预期,0,宽基风险扩张,强烈建议投资,+36,+128,强烈建议投资｜+36%～+128%｜中
PLAB,D:\drive\Investment\分析报告\公司情景投资决策\结果\PLAB_经营情景市场状态投资决策_2026-07-15.md,422,乐观 / 超预期,1,窄幅主题主导上涨,强烈建议投资,+36,+133,强烈建议投资｜+36%～+133%｜中
PLAB,D:\drive\Investment\分析报告\公司情景投资决策\结果\PLAB_经营情景市场状态投资决策_2026-07-15.md,422,乐观 / 超预期,2,震荡均值回归,建议投资,+21,+102,建议投资｜+21%～+102%｜中
PLAB,D:\drive\Investment\分析报告\公司情景投资决策\结果\PLAB_经营情景市场状态投资决策_2026-07-15.md,422,乐观 / 超预期,3,有序风险收缩,谨慎建议投资,-2,+70,谨慎建议投资｜-2%～+70%｜低
PLAB,D:\drive\Investment\分析报告\公司情景投资决策\结果\PLAB_经营情景市场状态投资决策_2026-07-15.md,422,乐观 / 超预期,4,流动性信用压力,中性 / 等待,-17,+49,中性 / 等待｜-17%～+49%｜低
PLAB,D:\drive\Investment\分析报告\公司情景投资决策\结果\PLAB_经营情景市场状态投资决策_2026-07-15.md,423,突破 / 非线性,0,宽基风险扩张,强烈建议投资,+104,+289,强烈建议投资｜+104%～+289%｜低
PLAB,D:\drive\Investment\分析报告\公司情景投资决策\结果\PLAB_经营情景市场状态投资决策_2026-07-15.md,423,突破 / 非线性,1,窄幅主题主导上涨,强烈建议投资,+115,+315,强烈建议投资｜+115%～+315%｜低
PLAB,D:\drive\Investment\分析报告\公司情景投资决策\结果\PLAB_经营情景市场状态投资决策_2026-07-15.md,423,突破 / 非线性,2,震荡均值回归,强烈建议投资,+82,+239,强烈建议投资｜+82%～+239%｜低
PLAB,D:\drive\Investment\分析报告\公司情景投资决策\结果\PLAB_经营情景市场状态投资决策_2026-07-15.md,423,突破 / 非线性,3,有序风险收缩,建议投资,+49,+188,建议投资｜+49%～+188%｜低
PLAB,D:\drive\Investment\分析报告\公司情景投资决策\结果\PLAB_经营情景市场状态投资决策_2026-07-15.md,423,突破 / 非线性,4,流动性信用压力,建议投资,+27,+154,建议投资｜+27%～+154%｜低
PNR,D:\drive\Investment\分析报告\公司情景投资决策\结果\PNR_经营情景市场状态投资决策_2026-07-15.md,356,悲观 / 受损,0,宽基风险扩张,不建议投资,-19.0,+15.2,不建议投资｜-19.0%～+15.2%｜中
PNR,D:\drive\Investment\分析报告\公司情景投资决策\结果\PNR_经营情景市场状态投资决策_2026-07-15.md,356,悲观 / 受损,1,窄幅主题主导上涨,不建议投资,-25.3,-0.4,不建议投资｜-25.3%～-0.4%｜中
PNR,D:\drive\Investment\分析报告\公司情景投资决策\结果\PNR_经营情景市场状态投资决策_2026-07-15.md,356,悲观 / 受损,2,震荡均值回归,不建议投资,-25.3,-0.4,不建议投资｜-25.3%～-0.4%｜中
PNR,D:\drive\Investment\分析报告\公司情景投资决策\结果\PNR_经营情景市场状态投资决策_2026-07-15.md,356,悲观 / 受损,3,有序风险收缩,强烈不建议投资,-37.7,-14.4,强烈不建议投资｜-37.7%～-14.4%｜低
PNR,D:\drive\Investment\分析报告\公司情景投资决策\结果\PNR_经营情景市场状态投资决策_2026-07-15.md,356,悲观 / 受损,4,流动性信用压力,强烈不建议投资,-50.1,-28.4,强烈不建议投资｜-50.1%～-28.4%｜低
PNR,D:\drive\Investment\分析报告\公司情景投资决策\结果\PNR_经营情景市场状态投资决策_2026-07-15.md,357,基准 / 正常兑现,0,宽基风险扩张,建议投资,+15.2,+54.0,建议投资｜+15.2%～+54.0%｜中
PNR,D:\drive\Investment\分析报告\公司情景投资决策\结果\PNR_经营情景市场状态投资决策_2026-07-15.md,357,基准 / 正常兑现,1,窄幅主题主导上涨,谨慎建议投资,+2.7,+36.9,谨慎建议投资｜+2.7%～+36.9%｜中
PNR,D:\drive\Investment\分析报告\公司情景投资决策\结果\PNR_经营情景市场状态投资决策_2026-07-15.md,357,基准 / 正常兑现,2,震荡均值回归,谨慎建议投资,-0.4,+32.3,谨慎建议投资｜-0.4%～+32.3%｜中
PNR,D:\drive\Investment\分析报告\公司情景投资决策\结果\PNR_经营情景市场状态投资决策_2026-07-15.md,357,基准 / 正常兑现,3,有序风险收缩,不建议投资,-15.9,+10.5,不建议投资｜-15.9%～+10.5%｜低
PNR,D:\drive\Investment\分析报告\公司情景投资决策\结果\PNR_经营情景市场状态投资决策_2026-07-15.md,357,基准 / 正常兑现,4,流动性信用压力,强烈不建议投资,-31.5,-6.6,强烈不建议投资｜-31.5%～-6.6%｜低
PNR,D:\drive\Investment\分析报告\公司情景投资决策\结果\PNR_经营情景市场状态投资决策_2026-07-15.md,358,乐观 / 超预期,0,宽基风险扩张,强烈建议投资,+46.2,+99.1,强烈建议投资｜+46.2%～+99.1%｜中
PNR,D:\drive\Investment\分析报告\公司情景投资决策\结果\PNR_经营情景市场状态投资决策_2026-07-15.md,358,乐观 / 超预期,1,窄幅主题主导上涨,强烈建议投资,+32.3,+78.9,强烈建议投资｜+32.3%～+78.9%｜中
PNR,D:\drive\Investment\分析报告\公司情景投资决策\结果\PNR_经营情景市场状态投资决策_2026-07-15.md,358,乐观 / 超预期,2,震荡均值回归,强烈建议投资,+27.6,+68.0,强烈建议投资｜+27.6%～+68.0%｜中
PNR,D:\drive\Investment\分析报告\公司情景投资决策\结果\PNR_经营情景市场状态投资决策_2026-07-15.md,358,乐观 / 超预期,3,有序风险收缩,谨慎建议投资,+5.8,+38.5,谨慎建议投资｜+5.8%～+38.5%｜低
PNR,D:\drive\Investment\分析报告\公司情景投资决策\结果\PNR_经营情景市场状态投资决策_2026-07-15.md,358,乐观 / 超预期,4,流动性信用压力,中性 / 等待,-12.8,+18.3,中性 / 等待｜-12.8%～+18.3%｜低
PNR,D:\drive\Investment\分析报告\公司情景投资决策\结果\PNR_经营情景市场状态投资决策_2026-07-15.md,359,突破 / 非线性,0,宽基风险扩张,强烈建议投资,+86.7,+156.6,强烈建议投资｜+86.7%～+156.6%｜低
PNR,D:\drive\Investment\分析报告\公司情景投资决策\结果\PNR_经营情景市场状态投资决策_2026-07-15.md,359,突破 / 非线性,1,窄幅主题主导上涨,强烈建议投资,+71.1,+131.7,强烈建议投资｜+71.1%～+131.7%｜低
PNR,D:\drive\Investment\分析报告\公司情景投资决策\结果\PNR_经营情景市场状态投资决策_2026-07-15.md,359,突破 / 非线性,2,震荡均值回归,强烈建议投资,+64.9,+119.3,强烈建议投资｜+64.9%～+119.3%｜低
PNR,D:\drive\Investment\分析报告\公司情景投资决策\结果\PNR_经营情景市场状态投资决策_2026-07-15.md,359,突破 / 非线性,3,有序风险收缩,强烈建议投资,+33.8,+77.3,强烈建议投资｜+33.8%～+77.3%｜低
PNR,D:\drive\Investment\分析报告\公司情景投资决策\结果\PNR_经营情景市场状态投资决策_2026-07-15.md,359,突破 / 非线性,4,流动性信用压力,谨慎建议投资,+12.0,+54.0,谨慎建议投资｜+12.0%～+54.0%｜低
POET,D:\drive\Investment\分析报告\公司情景投资决策\结果\POET_经营情景市场状态投资决策_2026-07-15.md,292,悲观 / 受损,0,宽基风险扩张,强烈不建议投资,-61,-44,强烈不建议投资｜-61%～-44%｜中
POET,D:\drive\Investment\分析报告\公司情景投资决策\结果\POET_经营情景市场状态投资决策_2026-07-15.md,292,悲观 / 受损,1,窄幅主题主导上涨,强烈不建议投资,-61,-45,强烈不建议投资｜-61%～-45%｜中
POET,D:\drive\Investment\分析报告\公司情景投资决策\结果\POET_经营情景市场状态投资决策_2026-07-15.md,292,悲观 / 受损,2,震荡均值回归,强烈不建议投资,-62,-48,强烈不建议投资｜-62%～-48%｜中
POET,D:\drive\Investment\分析报告\公司情景投资决策\结果\POET_经营情景市场状态投资决策_2026-07-15.md,292,悲观 / 受损,3,有序风险收缩,强烈不建议投资,-63,-51,强烈不建议投资｜-63%～-51%｜中
POET,D:\drive\Investment\分析报告\公司情景投资决策\结果\POET_经营情景市场状态投资决策_2026-07-15.md,292,悲观 / 受损,4,流动性信用压力,强烈不建议投资,-63,-53,强烈不建议投资｜-63%～-53%｜中
POET,D:\drive\Investment\分析报告\公司情景投资决策\结果\POET_经营情景市场状态投资决策_2026-07-15.md,293,基准 / 正常兑现,0,宽基风险扩张,不建议投资,-38,+20,不建议投资｜-38%～+20%｜低
POET,D:\drive\Investment\分析报告\公司情景投资决策\结果\POET_经营情景市场状态投资决策_2026-07-15.md,293,基准 / 正常兑现,1,窄幅主题主导上涨,不建议投资,-35,+25,不建议投资｜-35%～+25%｜低
POET,D:\drive\Investment\分析报告\公司情景投资决策\结果\POET_经营情景市场状态投资决策_2026-07-15.md,293,基准 / 正常兑现,2,震荡均值回归,强烈不建议投资,-47,-1,强烈不建议投资｜-47%～-1%｜低
POET,D:\drive\Investment\分析报告\公司情景投资决策\结果\POET_经营情景市场状态投资决策_2026-07-15.md,293,基准 / 正常兑现,3,有序风险收缩,强烈不建议投资,-56,-17,强烈不建议投资｜-56%～-17%｜低
POET,D:\drive\Investment\分析报告\公司情景投资决策\结果\POET_经营情景市场状态投资决策_2026-07-15.md,293,基准 / 正常兑现,4,流动性信用压力,强烈不建议投资,-63,-33,强烈不建议投资｜-63%～-33%｜低
POET,D:\drive\Investment\分析报告\公司情景投资决策\结果\POET_经营情景市场状态投资决策_2026-07-15.md,294,乐观 / 超预期,0,宽基风险扩张,建议投资,+34,+212,建议投资｜+34%～+212%｜低
POET,D:\drive\Investment\分析报告\公司情景投资决策\结果\POET_经营情景市场状态投资决策_2026-07-15.md,294,乐观 / 超预期,1,窄幅主题主导上涨,建议投资,+49,+253,建议投资｜+49%～+253%｜低
POET,D:\drive\Investment\分析报告\公司情景投资决策\结果\POET_经营情景市场状态投资决策_2026-07-15.md,294,乐观 / 超预期,2,震荡均值回归,谨慎建议投资,+11,+157,谨慎建议投资｜+11%～+157%｜低
POET,D:\drive\Investment\分析报告\公司情景投资决策\结果\POET_经营情景市场状态投资决策_2026-07-15.md,294,乐观 / 超预期,3,有序风险收缩,谨慎建议投资,-11,+116,谨慎建议投资｜-11%～+116%｜低
POET,D:\drive\Investment\分析报告\公司情景投资决策\结果\POET_经营情景市场状态投资决策_2026-07-15.md,294,乐观 / 超预期,4,流动性信用压力,中性/等待,-34,+61,中性/等待｜-34%～+61%｜低
POET,D:\drive\Investment\分析报告\公司情景投资决策\结果\POET_经营情景市场状态投资决策_2026-07-15.md,295,突破 / 非线性,0,宽基风险扩张,强烈建议投资,+218,+651,强烈建议投资｜+218%～+651%｜低
POET,D:\drive\Investment\分析报告\公司情景投资决策\结果\POET_经营情景市场状态投资决策_2026-07-15.md,295,突破 / 非线性,1,窄幅主题主导上涨,强烈建议投资,+252,+740,强烈建议投资｜+252%～+740%｜低
POET,D:\drive\Investment\分析报告\公司情景投资决策\结果\POET_经营情景市场状态投资决策_2026-07-15.md,295,突破 / 非线性,2,震荡均值回归,强烈建议投资,+166,+533,强烈建议投资｜+166%～+533%｜低
POET,D:\drive\Investment\分析报告\公司情景投资决策\结果\POET_经营情景市场状态投资决策_2026-07-15.md,295,突破 / 非线性,3,有序风险收缩,强烈建议投资,+115,+414,强烈建议投资｜+115%～+414%｜低
POET,D:\drive\Investment\分析报告\公司情景投资决策\结果\POET_经营情景市场状态投资决策_2026-07-15.md,295,突破 / 非线性,4,流动性信用压力,建议投资,+47,+296,建议投资｜+47%～+296%｜低
POWI,D:\drive\Investment\分析报告\公司情景投资决策\结果\POWI_经营情景市场状态投资决策_2026-07-15.md,46,悲观 / 受损,0,宽基风险扩张,强烈不建议投资,-76,-58,强烈不建议投资｜−76%～−58%｜中
POWI,D:\drive\Investment\分析报告\公司情景投资决策\结果\POWI_经营情景市场状态投资决策_2026-07-15.md,46,悲观 / 受损,1,窄幅主题主导上涨,强烈不建议投资,-77,-59,强烈不建议投资｜−77%～−59%｜中
POWI,D:\drive\Investment\分析报告\公司情景投资决策\结果\POWI_经营情景市场状态投资决策_2026-07-15.md,46,悲观 / 受损,2,震荡均值回归,强烈不建议投资,-79,-63,强烈不建议投资｜−79%～−63%｜中
POWI,D:\drive\Investment\分析报告\公司情景投资决策\结果\POWI_经营情景市场状态投资决策_2026-07-15.md,46,悲观 / 受损,3,有序风险收缩,强烈不建议投资,-82,-69,强烈不建议投资｜−82%～−69%｜低
POWI,D:\drive\Investment\分析报告\公司情景投资决策\结果\POWI_经营情景市场状态投资决策_2026-07-15.md,46,悲观 / 受损,4,流动性信用压力,强烈不建议投资,-84,-73,强烈不建议投资｜−84%～−73%｜低
POWI,D:\drive\Investment\分析报告\公司情景投资决策\结果\POWI_经营情景市场状态投资决策_2026-07-15.md,47,基准 / 正常兑现,0,宽基风险扩张,强烈不建议投资,-48,-17,强烈不建议投资｜−48%～−17%｜中
POWI,D:\drive\Investment\分析报告\公司情景投资决策\结果\POWI_经营情景市场状态投资决策_2026-07-15.md,47,基准 / 正常兑现,1,窄幅主题主导上涨,强烈不建议投资,-44,-8,强烈不建议投资｜−44%～−8%｜中
POWI,D:\drive\Investment\分析报告\公司情景投资决策\结果\POWI_经营情景市场状态投资决策_2026-07-15.md,47,基准 / 正常兑现,2,震荡均值回归,强烈不建议投资,-55,-28,强烈不建议投资｜−55%～−28%｜中
POWI,D:\drive\Investment\分析报告\公司情景投资决策\结果\POWI_经营情景市场状态投资决策_2026-07-15.md,47,基准 / 正常兑现,3,有序风险收缩,强烈不建议投资,-62,-39,强烈不建议投资｜−62%～−39%｜中
POWI,D:\drive\Investment\分析报告\公司情景投资决策\结果\POWI_经营情景市场状态投资决策_2026-07-15.md,47,基准 / 正常兑现,4,流动性信用压力,强烈不建议投资,-69,-51,强烈不建议投资｜−69%～−51%｜低
POWI,D:\drive\Investment\分析报告\公司情景投资决策\结果\POWI_经营情景市场状态投资决策_2026-07-15.md,48,乐观 / 超预期,0,宽基风险扩张,不建议投资,-28,+17,不建议投资｜−28%～+17%｜低
POWI,D:\drive\Investment\分析报告\公司情景投资决策\结果\POWI_经营情景市场状态投资决策_2026-07-15.md,48,乐观 / 超预期,1,窄幅主题主导上涨,中性 / 等待,-21,+31,中性 / 等待｜−21%～+31%｜低
POWI,D:\drive\Investment\分析报告\公司情景投资决策\结果\POWI_经营情景市场状态投资决策_2026-07-15.md,48,乐观 / 超预期,2,震荡均值回归,强烈不建议投资,-38,0,强烈不建议投资｜−38%～0%｜低
POWI,D:\drive\Investment\分析报告\公司情景投资决策\结果\POWI_经营情景市场状态投资决策_2026-07-15.md,48,乐观 / 超预期,3,有序风险收缩,强烈不建议投资,-48,-15,强烈不建议投资｜−48%～−15%｜低
POWI,D:\drive\Investment\分析报告\公司情景投资决策\结果\POWI_经营情景市场状态投资决策_2026-07-15.md,48,乐观 / 超预期,4,流动性信用压力,强烈不建议投资,-58,-34,强烈不建议投资｜−58%～−34%｜低
POWI,D:\drive\Investment\分析报告\公司情景投资决策\结果\POWI_经营情景市场状态投资决策_2026-07-15.md,49,突破 / 非线性,0,宽基风险扩张,建议投资,+10,+72,建议投资｜+10%～+72%｜低
POWI,D:\drive\Investment\分析报告\公司情景投资决策\结果\POWI_经营情景市场状态投资决策_2026-07-15.md,49,突破 / 非线性,1,窄幅主题主导上涨,强烈建议投资,+21,+97,强烈建议投资｜+21%～+97%｜低
POWI,D:\drive\Investment\分析报告\公司情景投资决策\结果\POWI_经营情景市场状态投资决策_2026-07-15.md,49,突破 / 非线性,2,震荡均值回归,谨慎建议投资,-6,+47,谨慎建议投资｜−6%～+47%｜低
POWI,D:\drive\Investment\分析报告\公司情景投资决策\结果\POWI_经营情景市场状态投资决策_2026-07-15.md,49,突破 / 非线性,3,有序风险收缩,中性 / 等待,-23,+21,中性 / 等待｜−23%～+21%｜低
POWI,D:\drive\Investment\分析报告\公司情景投资决策\结果\POWI_经营情景市场状态投资决策_2026-07-15.md,49,突破 / 非线性,4,流动性信用压力,强烈不建议投资,-39,-10,强烈不建议投资｜−39%～−10%｜低
POWL,D:\drive\Investment\分析报告\公司情景投资决策\结果\备份\POWL_2026-08-19T12_34_41-07_00-adcdceb9eb\POWL_经营情景市场状态投资决策_2026-07-15.md,330,悲观 / 受损,0,宽基风险扩张,强烈不建议投资,-77,-47,强烈不建议投资｜-77%～-47%｜中
POWL,D:\drive\Investment\分析报告\公司情景投资决策\结果\备份\POWL_2026-08-19T12_34_41-07_00-adcdceb9eb\POWL_经营情景市场状态投资决策_2026-07-15.md,330,悲观 / 受损,1,窄幅主题主导上涨,强烈不建议投资,-73,-42,强烈不建议投资｜-73%～-42%｜中
POWL,D:\drive\Investment\分析报告\公司情景投资决策\结果\备份\POWL_2026-08-19T12_34_41-07_00-adcdceb9eb\POWL_经营情景市场状态投资决策_2026-07-15.md,330,悲观 / 受损,2,震荡均值回归,强烈不建议投资,-79,-54,强烈不建议投资｜-79%～-54%｜中
POWL,D:\drive\Investment\分析报告\公司情景投资决策\结果\备份\POWL_2026-08-19T12_34_41-07_00-adcdceb9eb\POWL_经营情景市场状态投资决策_2026-07-15.md,330,悲观 / 受损,3,有序风险收缩,强烈不建议投资,-82,-62,强烈不建议投资｜-82%～-62%｜中
POWL,D:\drive\Investment\分析报告\公司情景投资决策\结果\备份\POWL_2026-08-19T12_34_41-07_00-adcdceb9eb\POWL_经营情景市场状态投资决策_2026-07-15.md,330,悲观 / 受损,4,流动性信用压力,强烈不建议投资,-85,-70,强烈不建议投资｜-85%～-70%｜中
POWL,D:\drive\Investment\分析报告\公司情景投资决策\结果\备份\POWL_2026-08-19T12_34_41-07_00-adcdceb9eb\POWL_经营情景市场状态投资决策_2026-07-15.md,331,基准 / 正常兑现,0,宽基风险扩张,强烈不建议投资,-58,+1,强烈不建议投资｜-58%～+1%｜低
POWL,D:\drive\Investment\分析报告\公司情景投资决策\结果\备份\POWL_2026-08-19T12_34_41-07_00-adcdceb9eb\POWL_经营情景市场状态投资决策_2026-07-15.md,331,基准 / 正常兑现,1,窄幅主题主导上涨,不建议投资,-50,+17,不建议投资｜-50%～+17%｜低
POWL,D:\drive\Investment\分析报告\公司情景投资决策\结果\备份\POWL_2026-08-19T12_34_41-07_00-adcdceb9eb\POWL_经营情景市场状态投资决策_2026-07-15.md,331,基准 / 正常兑现,2,震荡均值回归,强烈不建议投资,-64,-14,强烈不建议投资｜-64%～-14%｜中
POWL,D:\drive\Investment\分析报告\公司情景投资决策\结果\备份\POWL_2026-08-19T12_34_41-07_00-adcdceb9eb\POWL_经营情景市场状态投资决策_2026-07-15.md,331,基准 / 正常兑现,3,有序风险收缩,强烈不建议投资,-70,-29,强烈不建议投资｜-70%～-29%｜中
POWL,D:\drive\Investment\分析报告\公司情景投资决策\结果\备份\POWL_2026-08-19T12_34_41-07_00-adcdceb9eb\POWL_经营情景市场状态投资决策_2026-07-15.md,331,基准 / 正常兑现,4,流动性信用压力,强烈不建议投资,-75,-45,强烈不建议投资｜-75%～-45%｜中
POWL,D:\drive\Investment\分析报告\公司情景投资决策\结果\备份\POWL_2026-08-19T12_34_41-07_00-adcdceb9eb\POWL_经营情景市场状态投资决策_2026-07-15.md,332,乐观 / 超预期,0,宽基风险扩张,中性 / 等待,-44,+38,中性 / 等待｜-44%～+38%｜低
POWL,D:\drive\Investment\分析报告\公司情景投资决策\结果\备份\POWL_2026-08-19T12_34_41-07_00-adcdceb9eb\POWL_经营情景市场状态投资决策_2026-07-15.md,332,乐观 / 超预期,1,窄幅主题主导上涨,谨慎建议投资,-32,+62,谨慎建议投资｜-32%～+62%｜低
POWL,D:\drive\Investment\分析报告\公司情景投资决策\结果\备份\POWL_2026-08-19T12_34_41-07_00-adcdceb9eb\POWL_经营情景市场状态投资决策_2026-07-15.md,332,乐观 / 超预期,2,震荡均值回归,不建议投资,-52,+18,不建议投资｜-52%～+18%｜低
POWL,D:\drive\Investment\分析报告\公司情景投资决策\结果\备份\POWL_2026-08-19T12_34_41-07_00-adcdceb9eb\POWL_经营情景市场状态投资决策_2026-07-15.md,332,乐观 / 超预期,3,有序风险收缩,强烈不建议投资,-61,-2,强烈不建议投资｜-61%～-2%｜低
POWL,D:\drive\Investment\分析报告\公司情景投资决策\结果\备份\POWL_2026-08-19T12_34_41-07_00-adcdceb9eb\POWL_经营情景市场状态投资决策_2026-07-15.md,332,乐观 / 超预期,4,流动性信用压力,强烈不建议投资,-68,-21,强烈不建议投资｜-68%～-21%｜低
POWL,D:\drive\Investment\分析报告\公司情景投资决策\结果\备份\POWL_2026-08-19T12_34_41-07_00-adcdceb9eb\POWL_经营情景市场状态投资决策_2026-07-15.md,333,突破 / 非线性,0,宽基风险扩张,建议投资,-19,+89,建议投资｜-19%～+89%｜低
POWL,D:\drive\Investment\分析报告\公司情景投资决策\结果\备份\POWL_2026-08-19T12_34_41-07_00-adcdceb9eb\POWL_经营情景市场状态投资决策_2026-07-15.md,333,突破 / 非线性,1,窄幅主题主导上涨,建议投资,-1,+136,建议投资｜-1%～+136%｜低
POWL,D:\drive\Investment\分析报告\公司情景投资决策\结果\备份\POWL_2026-08-19T12_34_41-07_00-adcdceb9eb\POWL_经营情景市场状态投资决策_2026-07-15.md,333,突破 / 非线性,2,震荡均值回归,谨慎建议投资,-32,+63,谨慎建议投资｜-32%～+63%｜低
POWL,D:\drive\Investment\分析报告\公司情景投资决策\结果\备份\POWL_2026-08-19T12_34_41-07_00-adcdceb9eb\POWL_经营情景市场状态投资决策_2026-07-15.md,333,突破 / 非线性,3,有序风险收缩,中性 / 等待,-46,+38,中性 / 等待｜-46%～+38%｜低
POWL,D:\drive\Investment\分析报告\公司情景投资决策\结果\备份\POWL_2026-08-19T12_34_41-07_00-adcdceb9eb\POWL_经营情景市场状态投资决策_2026-07-15.md,333,突破 / 非线性,4,流动性信用压力,强烈不建议投资,-57,+12,强烈不建议投资｜-57%～+12%｜低
PSIX,D:\drive\Investment\分析报告\公司情景投资决策\结果\PSIX_经营情景市场状态投资决策_2026-07-15.md,273,悲观 / 受损,0,宽基风险扩张,强烈不建议投资,-91,-58,强烈不建议投资｜-91%～-58%｜中
PSIX,D:\drive\Investment\分析报告\公司情景投资决策\结果\PSIX_经营情景市场状态投资决策_2026-07-15.md,273,悲观 / 受损,1,窄幅主题主导上涨,强烈不建议投资,-88,-52,强烈不建议投资｜-88%～-52%｜中
PSIX,D:\drive\Investment\分析报告\公司情景投资决策\结果\PSIX_经营情景市场状态投资决策_2026-07-15.md,273,悲观 / 受损,2,震荡均值回归,强烈不建议投资,-94,-61,强烈不建议投资｜-94%～-61%｜中
PSIX,D:\drive\Investment\分析报告\公司情景投资决策\结果\PSIX_经营情景市场状态投资决策_2026-07-15.md,273,悲观 / 受损,3,有序风险收缩,强烈不建议投资,-94,-70,强烈不建议投资｜-94%～-70%｜低
PSIX,D:\drive\Investment\分析报告\公司情景投资决策\结果\PSIX_经营情景市场状态投资决策_2026-07-15.md,273,悲观 / 受损,4,流动性信用压力,强烈不建议投资,-97,-79,强烈不建议投资｜-97%～-79%｜低
PSIX,D:\drive\Investment\分析报告\公司情景投资决策\结果\PSIX_经营情景市场状态投资决策_2026-07-15.md,274,基准 / 正常兑现,0,宽基风险扩张,谨慎建议投资,-16,+40,谨慎建议投资｜-16%～+40%｜中
PSIX,D:\drive\Investment\分析报告\公司情景投资决策\结果\PSIX_经营情景市场状态投资决策_2026-07-15.md,274,基准 / 正常兑现,1,窄幅主题主导上涨,谨慎建议投资,-10,+58,谨慎建议投资｜-10%～+58%｜中
PSIX,D:\drive\Investment\分析报告\公司情景投资决策\结果\PSIX_经营情景市场状态投资决策_2026-07-15.md,274,基准 / 正常兑现,2,震荡均值回归,中性 / 等待,-28,+29,中性 / 等待｜-28%～+29%｜中
PSIX,D:\drive\Investment\分析报告\公司情景投资决策\结果\PSIX_经营情景市场状态投资决策_2026-07-15.md,274,基准 / 正常兑现,3,有序风险收缩,不建议投资,-43,-1,不建议投资｜-43%～-1%｜中
PSIX,D:\drive\Investment\分析报告\公司情景投资决策\结果\PSIX_经营情景市场状态投资决策_2026-07-15.md,274,基准 / 正常兑现,4,流动性信用压力,强烈不建议投资,-64,-31,强烈不建议投资｜-64%～-31%｜低
PSIX,D:\drive\Investment\分析报告\公司情景投资决策\结果\PSIX_经营情景市场状态投资决策_2026-07-15.md,275,乐观 / 超预期,0,宽基风险扩张,强烈建议投资,+55,+169,强烈建议投资｜+55%～+169%｜中
PSIX,D:\drive\Investment\分析报告\公司情景投资决策\结果\PSIX_经营情景市场状态投资决策_2026-07-15.md,275,乐观 / 超预期,1,窄幅主题主导上涨,强烈建议投资,+82,+214,强烈建议投资｜+82%～+214%｜中
PSIX,D:\drive\Investment\分析报告\公司情景投资决策\结果\PSIX_经营情景市场状态投资决策_2026-07-15.md,275,乐观 / 超预期,2,震荡均值回归,强烈建议投资,+43,+136,强烈建议投资｜+43%～+136%｜中
PSIX,D:\drive\Investment\分析报告\公司情景投资决策\结果\PSIX_经营情景市场状态投资决策_2026-07-15.md,275,乐观 / 超预期,3,有序风险收缩,建议投资,+14,+88,建议投资｜+14%～+88%｜中
PSIX,D:\drive\Investment\分析报告\公司情景投资决策\结果\PSIX_经营情景市场状态投资决策_2026-07-15.md,275,乐观 / 超预期,4,流动性信用压力,谨慎建议投资,-16,+34,谨慎建议投资｜-16%～+34%｜低
PSIX,D:\drive\Investment\分析报告\公司情景投资决策\结果\PSIX_经营情景市场状态投资决策_2026-07-15.md,276,突破 / 非线性,0,宽基风险扩张,强烈建议投资,+169,+348,强烈建议投资｜+169%～+348%｜低
PSIX,D:\drive\Investment\分析报告\公司情景投资决策\结果\PSIX_经营情景市场状态投资决策_2026-07-15.md,276,突破 / 非线性,1,窄幅主题主导上涨,强烈建议投资,+211,+438,强烈建议投资｜+211%～+438%｜低
PSIX,D:\drive\Investment\分析报告\公司情景投资决策\结果\PSIX_经营情景市场状态投资决策_2026-07-15.md,276,突破 / 非线性,2,震荡均值回归,强烈建议投资,+142,+280,强烈建议投资｜+142%～+280%｜低
PSIX,D:\drive\Investment\分析报告\公司情景投资决策\结果\PSIX_经营情景市场状态投资决策_2026-07-15.md,276,突破 / 非线性,3,有序风险收缩,强烈建议投资,+88,+214,强烈建议投资｜+88%～+214%｜低
PSIX,D:\drive\Investment\分析报告\公司情景投资决策\结果\PSIX_经营情景市场状态投资决策_2026-07-15.md,276,突破 / 非线性,4,流动性信用压力,强烈建议投资,+46,+124,强烈建议投资｜+46%～+124%｜低
PWR,D:\drive\Investment\分析报告\公司情景投资决策\结果\PWR_经营情景市场状态投资决策_2026-07-15.md,285,悲观 / 受损,0,宽基风险扩张,强烈不建议投资,-49,-29,强烈不建议投资｜-49%～-29%｜中
PWR,D:\drive\Investment\分析报告\公司情景投资决策\结果\PWR_经营情景市场状态投资决策_2026-07-15.md,285,悲观 / 受损,1,窄幅主题主导上涨,强烈不建议投资,-52,-32,强烈不建议投资｜-52%～-32%｜中
PWR,D:\drive\Investment\分析报告\公司情景投资决策\结果\PWR_经营情景市场状态投资决策_2026-07-15.md,285,悲观 / 受损,2,震荡均值回归,强烈不建议投资,-59,-40,强烈不建议投资｜-59%～-40%｜中
PWR,D:\drive\Investment\分析报告\公司情景投资决策\结果\PWR_经营情景市场状态投资决策_2026-07-15.md,285,悲观 / 受损,3,有序风险收缩,强烈不建议投资,-66,-48,强烈不建议投资｜-66%～-48%｜中
PWR,D:\drive\Investment\分析报告\公司情景投资决策\结果\PWR_经营情景市场状态投资决策_2026-07-15.md,285,悲观 / 受损,4,流动性信用压力,强烈不建议投资,-79,-59,强烈不建议投资｜-79%～-59%｜低
PWR,D:\drive\Investment\分析报告\公司情景投资决策\结果\PWR_经营情景市场状态投资决策_2026-07-15.md,286,基准 / 正常兑现,0,宽基风险扩张,不建议投资,-17,+8,不建议投资｜-17%～+8%｜中
PWR,D:\drive\Investment\分析报告\公司情景投资决策\结果\PWR_经营情景市场状态投资决策_2026-07-15.md,286,基准 / 正常兑现,1,窄幅主题主导上涨,中性 / 等待,-13,+17,中性 / 等待｜-13%～+17%｜中
PWR,D:\drive\Investment\分析报告\公司情景投资决策\结果\PWR_经营情景市场状态投资决策_2026-07-15.md,286,基准 / 正常兑现,2,震荡均值回归,强烈不建议投资,-33,-10,强烈不建议投资｜-33%～-10%｜中
PWR,D:\drive\Investment\分析报告\公司情景投资决策\结果\PWR_经营情景市场状态投资决策_2026-07-15.md,286,基准 / 正常兑现,3,有序风险收缩,强烈不建议投资,-45,-23,强烈不建议投资｜-45%～-23%｜低
PWR,D:\drive\Investment\分析报告\公司情景投资决策\结果\PWR_经营情景市场状态投资决策_2026-07-15.md,286,基准 / 正常兑现,4,流动性信用压力,强烈不建议投资,-65,-41,强烈不建议投资｜-65%～-41%｜低
PWR,D:\drive\Investment\分析报告\公司情景投资决策\结果\PWR_经营情景市场状态投资决策_2026-07-15.md,287,乐观 / 超预期,0,宽基风险扩张,建议投资,-1,+37,建议投资｜-1%～+37%｜中
PWR,D:\drive\Investment\分析报告\公司情景投资决策\结果\PWR_经营情景市场状态投资决策_2026-07-15.md,287,乐观 / 超预期,1,窄幅主题主导上涨,建议投资,+8,+53,建议投资｜+8%～+53%｜中
PWR,D:\drive\Investment\分析报告\公司情景投资决策\结果\PWR_经营情景市场状态投资决策_2026-07-15.md,287,乐观 / 超预期,2,震荡均值回归,谨慎建议投资,-15,+22,谨慎建议投资｜-15%～+22%｜中
PWR,D:\drive\Investment\分析报告\公司情景投资决策\结果\PWR_经营情景市场状态投资决策_2026-07-15.md,287,乐观 / 超预期,3,有序风险收缩,不建议投资,-28,+6,不建议投资｜-28%～+6%｜低
PWR,D:\drive\Investment\分析报告\公司情景投资决策\结果\PWR_经营情景市场状态投资决策_2026-07-15.md,287,乐观 / 超预期,4,流动性信用压力,强烈不建议投资,-51,-20,强烈不建议投资｜-51%～-20%｜低
PWR,D:\drive\Investment\分析报告\公司情景投资决策\结果\PWR_经营情景市场状态投资决策_2026-07-15.md,288,突破 / 非线性,0,宽基风险扩张,强烈建议投资,+23,+79,强烈建议投资｜+23%～+79%｜低
PWR,D:\drive\Investment\分析报告\公司情景投资决策\结果\PWR_经营情景市场状态投资决策_2026-07-15.md,288,突破 / 非线性,1,窄幅主题主导上涨,强烈建议投资,+38,+103,强烈建议投资｜+38%～+103%｜低
PWR,D:\drive\Investment\分析报告\公司情景投资决策\结果\PWR_经营情景市场状态投资决策_2026-07-15.md,288,突破 / 非线性,2,震荡均值回归,建议投资,+7,+60,建议投资｜+7%～+60%｜低
PWR,D:\drive\Investment\分析报告\公司情景投资决策\结果\PWR_经营情景市场状态投资决策_2026-07-15.md,288,突破 / 非线性,3,有序风险收缩,谨慎建议投资,-8,+36,谨慎建议投资｜-8%～+36%｜低
PWR,D:\drive\Investment\分析报告\公司情景投资决策\结果\PWR_经营情景市场状态投资决策_2026-07-15.md,288,突破 / 非线性,4,流动性信用压力,不建议投资,-39,+6,不建议投资｜-39%～+6%｜低
Q,D:\drive\Investment\分析报告\公司情景投资决策\结果\Q_经营情景市场状态投资决策_2026-07-15.md,404,悲观 / 受损,0,宽基风险扩张,强烈不建议投资,-49,-28,强烈不建议投资｜-49%～-28%｜中
Q,D:\drive\Investment\分析报告\公司情景投资决策\结果\Q_经营情景市场状态投资决策_2026-07-15.md,404,悲观 / 受损,1,窄幅主题主导上涨,强烈不建议投资,-52,-33,强烈不建议投资｜-52%～-33%｜中
Q,D:\drive\Investment\分析报告\公司情景投资决策\结果\Q_经营情景市场状态投资决策_2026-07-15.md,404,悲观 / 受损,2,震荡均值回归,强烈不建议投资,-59,-41,强烈不建议投资｜-59%～-41%｜中
Q,D:\drive\Investment\分析报告\公司情景投资决策\结果\Q_经营情景市场状态投资决策_2026-07-15.md,404,悲观 / 受损,3,有序风险收缩,强烈不建议投资,-71,-54,强烈不建议投资｜-71%～-54%｜低
Q,D:\drive\Investment\分析报告\公司情景投资决策\结果\Q_经营情景市场状态投资决策_2026-07-15.md,404,悲观 / 受损,4,流动性信用压力,强烈不建议投资,-81,-67,强烈不建议投资｜-81%～-67%｜低
Q,D:\drive\Investment\分析报告\公司情景投资决策\结果\Q_经营情景市场状态投资决策_2026-07-15.md,405,基准 / 正常兑现,0,宽基风险扩张,不建议投资,-11,+19,不建议投资｜-11%～+19%｜中
Q,D:\drive\Investment\分析报告\公司情景投资决策\结果\Q_经营情景市场状态投资决策_2026-07-15.md,405,基准 / 正常兑现,1,窄幅主题主导上涨,不建议投资,-8,+25,不建议投资｜-8%～+25%｜中
Q,D:\drive\Investment\分析报告\公司情景投资决策\结果\Q_经营情景市场状态投资决策_2026-07-15.md,405,基准 / 正常兑现,2,震荡均值回归,强烈不建议投资,-25,0,强烈不建议投资｜-25%～0%｜中
Q,D:\drive\Investment\分析报告\公司情景投资决策\结果\Q_经营情景市场状态投资决策_2026-07-15.md,405,基准 / 正常兑现,3,有序风险收缩,强烈不建议投资,-42,-21,强烈不建议投资｜-42%～-21%｜低
Q,D:\drive\Investment\分析报告\公司情景投资决策\结果\Q_经营情景市场状态投资决策_2026-07-15.md,405,基准 / 正常兑现,4,流动性信用压力,强烈不建议投资,-62,-42,强烈不建议投资｜-62%～-42%｜低
Q,D:\drive\Investment\分析报告\公司情景投资决策\结果\Q_经营情景市场状态投资决策_2026-07-15.md,406,乐观 / 超预期,0,宽基风险扩张,谨慎建议投资,+11,+53,谨慎建议投资｜+11%～+53%｜中
Q,D:\drive\Investment\分析报告\公司情景投资决策\结果\Q_经营情景市场状态投资决策_2026-07-15.md,406,乐观 / 超预期,1,窄幅主题主导上涨,谨慎建议投资,+21,+64,谨慎建议投资｜+21%～+64%｜中
Q,D:\drive\Investment\分析报告\公司情景投资决策\结果\Q_经营情景市场状态投资决策_2026-07-15.md,406,乐观 / 超预期,2,震荡均值回归,不建议投资,-4,+29,不建议投资｜-4%～+29%｜中
Q,D:\drive\Investment\分析报告\公司情景投资决策\结果\Q_经营情景市场状态投资决策_2026-07-15.md,406,乐观 / 超预期,3,有序风险收缩,强烈不建议投资,-24,+8,强烈不建议投资｜-24%～+8%｜低
Q,D:\drive\Investment\分析报告\公司情景投资决策\结果\Q_经营情景市场状态投资决策_2026-07-15.md,406,乐观 / 超预期,4,流动性信用压力,强烈不建议投资,-49,-20,强烈不建议投资｜-49%～-20%｜低
Q,D:\drive\Investment\分析报告\公司情景投资决策\结果\Q_经营情景市场状态投资决策_2026-07-15.md,407,突破 / 非线性,0,宽基风险扩张,建议投资,+45,+101,建议投资｜+45%～+101%｜低
Q,D:\drive\Investment\分析报告\公司情景投资决策\结果\Q_经营情景市场状态投资决策_2026-07-15.md,407,突破 / 非线性,1,窄幅主题主导上涨,建议投资,+60,+117,建议投资｜+60%～+117%｜低
Q,D:\drive\Investment\分析报告\公司情景投资决策\结果\Q_经营情景市场状态投资决策_2026-07-15.md,407,突破 / 非线性,2,震荡均值回归,谨慎建议投资,+27,+76,谨慎建议投资｜+27%～+76%｜低
Q,D:\drive\Investment\分析报告\公司情景投资决策\结果\Q_经营情景市场状态投资决策_2026-07-15.md,407,突破 / 非线性,3,有序风险收缩,中性 / 等待,+5,+47,中性 / 等待｜+5%～+47%｜低
Q,D:\drive\Investment\分析报告\公司情景投资决策\结果\Q_经营情景市场状态投资决策_2026-07-15.md,407,突破 / 非线性,4,流动性信用压力,强烈不建议投资,-24,+18,强烈不建议投资｜-24%～+18%｜低
QCOM,D:\drive\Investment\分析报告\公司情景投资决策\结果\QCOM_经营情景市场状态投资决策_2026-07-15.md,91,悲观 / 受损,0,宽基风险扩张,不建议投资,-43,-11,不建议投资｜-43%～-11%｜中
QCOM,D:\drive\Investment\分析报告\公司情景投资决策\结果\QCOM_经营情景市场状态投资决策_2026-07-15.md,91,悲观 / 受损,1,窄幅主题主导上涨,不建议投资,-45,-14,不建议投资｜-45%～-14%｜中
QCOM,D:\drive\Investment\分析报告\公司情景投资决策\结果\QCOM_经营情景市场状态投资决策_2026-07-15.md,91,悲观 / 受损,2,震荡均值回归,强烈不建议投资,-50,-19,强烈不建议投资｜-50%～-19%｜中
QCOM,D:\drive\Investment\分析报告\公司情景投资决策\结果\QCOM_经营情景市场状态投资决策_2026-07-15.md,91,悲观 / 受损,3,有序风险收缩,强烈不建议投资,-58,-30,强烈不建议投资｜-58%～-30%｜中
QCOM,D:\drive\Investment\分析报告\公司情景投资决策\结果\QCOM_经营情景市场状态投资决策_2026-07-15.md,91,悲观 / 受损,4,流动性信用压力,强烈不建议投资,-68,-43,强烈不建议投资｜-68%～-43%｜低
QCOM,D:\drive\Investment\分析报告\公司情景投资决策\结果\QCOM_经营情景市场状态投资决策_2026-07-15.md,92,基准 / 正常兑现,0,宽基风险扩张,建议投资,0,+46,建议投资｜0%～+46%｜中
QCOM,D:\drive\Investment\分析报告\公司情景投资决策\结果\QCOM_经营情景市场状态投资决策_2026-07-15.md,92,基准 / 正常兑现,1,窄幅主题主导上涨,建议投资,+3,+53,建议投资｜+3%～+53%｜中
QCOM,D:\drive\Investment\分析报告\公司情景投资决策\结果\QCOM_经营情景市场状态投资决策_2026-07-15.md,92,基准 / 正常兑现,2,震荡均值回归,中性/等待,-9,+31,中性/等待｜-9%～+31%｜中
QCOM,D:\drive\Investment\分析报告\公司情景投资决策\结果\QCOM_经营情景市场状态投资决策_2026-07-15.md,92,基准 / 正常兑现,3,有序风险收缩,不建议投资,-25,+13,不建议投资｜-25%～+13%｜中
QCOM,D:\drive\Investment\分析报告\公司情景投资决策\结果\QCOM_经营情景市场状态投资决策_2026-07-15.md,92,基准 / 正常兑现,4,流动性信用压力,强烈不建议投资,-43,-9,强烈不建议投资｜-43%～-9%｜低
QCOM,D:\drive\Investment\分析报告\公司情景投资决策\结果\QCOM_经营情景市场状态投资决策_2026-07-15.md,93,乐观 / 超预期,0,宽基风险扩张,强烈建议投资,+42,+113,强烈建议投资｜+42%～+113%｜中
QCOM,D:\drive\Investment\分析报告\公司情景投资决策\结果\QCOM_经营情景市场状态投资决策_2026-07-15.md,93,乐观 / 超预期,1,窄幅主题主导上涨,强烈建议投资,+58,+137,强烈建议投资｜+58%～+137%｜中
QCOM,D:\drive\Investment\分析报告\公司情景投资决策\结果\QCOM_经营情景市场状态投资决策_2026-07-15.md,93,乐观 / 超预期,2,震荡均值回归,强烈建议投资,+31,+98,强烈建议投资｜+31%～+98%｜中
QCOM,D:\drive\Investment\分析报告\公司情景投资决策\结果\QCOM_经营情景市场状态投资决策_2026-07-15.md,93,乐观 / 超预期,3,有序风险收缩,建议投资,+11,+70,建议投资｜+11%～+70%｜中
QCOM,D:\drive\Investment\分析报告\公司情景投资决策\结果\QCOM_经营情景市场状态投资决策_2026-07-15.md,93,乐观 / 超预期,4,流动性信用压力,谨慎建议投资,-16,+36,谨慎建议投资｜-16%～+36%｜低
QCOM,D:\drive\Investment\分析报告\公司情景投资决策\结果\QCOM_经营情景市场状态投资决策_2026-07-15.md,94,突破 / 非线性,0,宽基风险扩张,强烈建议投资,+119,+239,强烈建议投资｜+119%～+239%｜低
QCOM,D:\drive\Investment\分析报告\公司情景投资决策\结果\QCOM_经营情景市场状态投资决策_2026-07-15.md,94,突破 / 非线性,1,窄幅主题主导上涨,强烈建议投资,+139,+277,强烈建议投资｜+139%～+277%｜低
QCOM,D:\drive\Investment\分析报告\公司情景投资决策\结果\QCOM_经营情景市场状态投资决策_2026-07-15.md,94,突破 / 非线性,2,震荡均值回归,强烈建议投资,+93,+206,强烈建议投资｜+93%～+206%｜低
QCOM,D:\drive\Investment\分析报告\公司情景投资决策\结果\QCOM_经营情景市场状态投资决策_2026-07-15.md,94,突破 / 非线性,3,有序风险收缩,强烈建议投资,+62,+161,强烈建议投资｜+62%～+161%｜低
QCOM,D:\drive\Investment\分析报告\公司情景投资决策\结果\QCOM_经营情景市场状态投资决策_2026-07-15.md,94,突破 / 非线性,4,流动性信用压力,建议投资,+21,+103,建议投资｜+21%～+103%｜低
RKLB,D:\drive\Investment\分析报告\公司情景投资决策\结果\RKLB_经营情景市场状态投资决策_2026-07-15.md,354,悲观 / 受损,0,宽基风险扩张,强烈不建议投资,-100,-88,强烈不建议投资｜-100%～-88%｜低
RKLB,D:\drive\Investment\分析报告\公司情景投资决策\结果\RKLB_经营情景市场状态投资决策_2026-07-15.md,354,悲观 / 受损,1,窄幅主题主导上涨,强烈不建议投资,-100,-89,强烈不建议投资｜-100%～-89%｜低
RKLB,D:\drive\Investment\分析报告\公司情景投资决策\结果\RKLB_经营情景市场状态投资决策_2026-07-15.md,354,悲观 / 受损,2,震荡均值回归,强烈不建议投资,-100,-93,强烈不建议投资｜-100%～-93%｜低
RKLB,D:\drive\Investment\分析报告\公司情景投资决策\结果\RKLB_经营情景市场状态投资决策_2026-07-15.md,354,悲观 / 受损,3,有序风险收缩,强烈不建议投资,-100,-98,强烈不建议投资｜-100%～-98%｜低
RKLB,D:\drive\Investment\分析报告\公司情景投资决策\结果\RKLB_经营情景市场状态投资决策_2026-07-15.md,354,悲观 / 受损,4,流动性信用压力,强烈不建议投资,,,强烈不建议投资｜约 -100%｜低
RKLB,D:\drive\Investment\分析报告\公司情景投资决策\结果\RKLB_经营情景市场状态投资决策_2026-07-15.md,355,基准 / 正常兑现,0,宽基风险扩张,强烈不建议投资,-85,-60,强烈不建议投资｜-85%～-60%｜中
RKLB,D:\drive\Investment\分析报告\公司情景投资决策\结果\RKLB_经营情景市场状态投资决策_2026-07-15.md,355,基准 / 正常兑现,1,窄幅主题主导上涨,强烈不建议投资,-88,-59,强烈不建议投资｜-88%～-59%｜中
RKLB,D:\drive\Investment\分析报告\公司情景投资决策\结果\RKLB_经营情景市场状态投资决策_2026-07-15.md,355,基准 / 正常兑现,2,震荡均值回归,强烈不建议投资,-92,-72,强烈不建议投资｜-92%～-72%｜中
RKLB,D:\drive\Investment\分析报告\公司情景投资决策\结果\RKLB_经营情景市场状态投资决策_2026-07-15.md,355,基准 / 正常兑现,3,有序风险收缩,强烈不建议投资,-98,-83,强烈不建议投资｜-98%～-83%｜低
RKLB,D:\drive\Investment\分析报告\公司情景投资决策\结果\RKLB_经营情景市场状态投资决策_2026-07-15.md,355,基准 / 正常兑现,4,流动性信用压力,强烈不建议投资,-100,-94,强烈不建议投资｜-100%～-94%｜低
RKLB,D:\drive\Investment\分析报告\公司情景投资决策\结果\RKLB_经营情景市场状态投资决策_2026-07-15.md,356,乐观 / 超预期,0,宽基风险扩张,不建议投资,-59,-8,不建议投资｜-59%～-8%｜低
RKLB,D:\drive\Investment\分析报告\公司情景投资决策\结果\RKLB_经营情景市场状态投资决策_2026-07-15.md,356,乐观 / 超预期,1,窄幅主题主导上涨,不建议投资,-62,-3,不建议投资｜-62%～-3%｜低
RKLB,D:\drive\Investment\分析报告\公司情景投资决策\结果\RKLB_经营情景市场状态投资决策_2026-07-15.md,356,乐观 / 超预期,2,震荡均值回归,强烈不建议投资,-73,-33,强烈不建议投资｜-73%～-33%｜低
RKLB,D:\drive\Investment\分析报告\公司情景投资决策\结果\RKLB_经营情景市场状态投资决策_2026-07-15.md,356,乐观 / 超预期,3,有序风险收缩,强烈不建议投资,-84,-55,强烈不建议投资｜-84%～-55%｜低
RKLB,D:\drive\Investment\分析报告\公司情景投资决策\结果\RKLB_经营情景市场状态投资决策_2026-07-15.md,356,乐观 / 超预期,4,流动性信用压力,强烈不建议投资,-96,-74,强烈不建议投资｜-96%～-74%｜低
RKLB,D:\drive\Investment\分析报告\公司情景投资决策\结果\RKLB_经营情景市场状态投资决策_2026-07-15.md,357,突破 / 非线性,0,宽基风险扩张,谨慎建议投资,-18,+69,谨慎建议投资｜-18%～+69%｜低
RKLB,D:\drive\Investment\分析报告\公司情景投资决策\结果\RKLB_经营情景市场状态投资决策_2026-07-15.md,357,突破 / 非线性,1,窄幅主题主导上涨,谨慎建议投资,-19,+84,谨慎建议投资｜-19%～+84%｜低
RKLB,D:\drive\Investment\分析报告\公司情景投资决策\结果\RKLB_经营情景市场状态投资决策_2026-07-15.md,357,突破 / 非线性,2,震荡均值回归,中性 / 等待,-44,+30,中性 / 等待｜-44%～+30%｜低
RKLB,D:\drive\Investment\分析报告\公司情景投资决策\结果\RKLB_经营情景市场状态投资决策_2026-07-15.md,357,突破 / 非线性,3,有序风险收缩,不建议投资,-62,-6,不建议投资｜-62%～-6%｜低
RKLB,D:\drive\Investment\分析报告\公司情景投资决策\结果\RKLB_经营情景市场状态投资决策_2026-07-15.md,357,突破 / 非线性,4,流动性信用压力,强烈不建议投资,-84,-43,强烈不建议投资｜-84%～-43%｜低
RMBS,D:\drive\Investment\分析报告\公司情景投资决策\结果\RMBS_经营情景市场状态投资决策_2026-07-15.md,346,悲观 / 受损,0,宽基风险扩张,强烈不建议投资,-64,-31,强烈不建议投资｜-64%～-31%｜低
RMBS,D:\drive\Investment\分析报告\公司情景投资决策\结果\RMBS_经营情景市场状态投资决策_2026-07-15.md,346,悲观 / 受损,1,窄幅主题主导上涨,强烈不建议投资,-65,-33,强烈不建议投资｜-65%～-33%｜低
RMBS,D:\drive\Investment\分析报告\公司情景投资决策\结果\RMBS_经营情景市场状态投资决策_2026-07-15.md,346,悲观 / 受损,2,震荡均值回归,强烈不建议投资,-68,-38,强烈不建议投资｜-68%～-38%｜低
RMBS,D:\drive\Investment\分析报告\公司情景投资决策\结果\RMBS_经营情景市场状态投资决策_2026-07-15.md,346,悲观 / 受损,3,有序风险收缩,强烈不建议投资,-71,-45,强烈不建议投资｜-71%～-45%｜低
RMBS,D:\drive\Investment\分析报告\公司情景投资决策\结果\RMBS_经营情景市场状态投资决策_2026-07-15.md,346,悲观 / 受损,4,流动性信用压力,强烈不建议投资,-76,-57,强烈不建议投资｜-76%～-57%｜低
RMBS,D:\drive\Investment\分析报告\公司情景投资决策\结果\RMBS_经营情景市场状态投资决策_2026-07-15.md,347,基准 / 正常兑现,0,宽基风险扩张,不建议投资,-34,+4,不建议投资｜-34%～+4%｜中
RMBS,D:\drive\Investment\分析报告\公司情景投资决策\结果\RMBS_经营情景市场状态投资决策_2026-07-15.md,347,基准 / 正常兑现,1,窄幅主题主导上涨,不建议投资,-36,+11,不建议投资｜-36%～+11%｜中
RMBS,D:\drive\Investment\分析报告\公司情景投资决策\结果\RMBS_经营情景市场状态投资决策_2026-07-15.md,347,基准 / 正常兑现,2,震荡均值回归,强烈不建议投资,-41,-6,强烈不建议投资｜-41%～-6%｜中
RMBS,D:\drive\Investment\分析报告\公司情景投资决策\结果\RMBS_经营情景市场状态投资决策_2026-07-15.md,347,基准 / 正常兑现,3,有序风险收缩,强烈不建议投资,-49,-18,强烈不建议投资｜-49%～-18%｜低
RMBS,D:\drive\Investment\分析报告\公司情景投资决策\结果\RMBS_经营情景市场状态投资决策_2026-07-15.md,347,基准 / 正常兑现,4,流动性信用压力,强烈不建议投资,-59,-35,强烈不建议投资｜-59%～-35%｜低
RMBS,D:\drive\Investment\分析报告\公司情景投资决策\结果\RMBS_经营情景市场状态投资决策_2026-07-15.md,348,乐观 / 超预期,0,宽基风险扩张,谨慎建议投资,+1,+49,谨慎建议投资｜+1%～+49%｜中
RMBS,D:\drive\Investment\分析报告\公司情景投资决策\结果\RMBS_经营情景市场状态投资决策_2026-07-15.md,348,乐观 / 超预期,1,窄幅主题主导上涨,建议投资,-2,+66,建议投资｜-2%～+66%｜中
RMBS,D:\drive\Investment\分析报告\公司情景投资决策\结果\RMBS_经营情景市场状态投资决策_2026-07-15.md,348,乐观 / 超预期,2,震荡均值回归,中性 / 等待,-11,+32,中性 / 等待｜-11%～+32%｜中
RMBS,D:\drive\Investment\分析报告\公司情景投资决策\结果\RMBS_经营情景市场状态投资决策_2026-07-15.md,348,乐观 / 超预期,3,有序风险收缩,不建议投资,-24,+16,不建议投资｜-24%～+16%｜低
RMBS,D:\drive\Investment\分析报告\公司情景投资决策\结果\RMBS_经营情景市场状态投资决策_2026-07-15.md,348,乐观 / 超预期,4,流动性信用压力,强烈不建议投资,-41,-5,强烈不建议投资｜-41%～-5%｜低
RMBS,D:\drive\Investment\分析报告\公司情景投资决策\结果\RMBS_经营情景市场状态投资决策_2026-07-15.md,349,突破 / 非线性,0,宽基风险扩张,强烈建议投资,+31,+106,强烈建议投资｜+31%～+106%｜低
RMBS,D:\drive\Investment\分析报告\公司情景投资决策\结果\RMBS_经营情景市场状态投资决策_2026-07-15.md,349,突破 / 非线性,1,窄幅主题主导上涨,强烈建议投资,+40,+129,强烈建议投资｜+40%～+129%｜低
RMBS,D:\drive\Investment\分析报告\公司情景投资决策\结果\RMBS_经营情景市场状态投资决策_2026-07-15.md,349,突破 / 非线性,2,震荡均值回归,建议投资,+19,+79,建议投资｜+19%～+79%｜低
RMBS,D:\drive\Investment\分析报告\公司情景投资决策\结果\RMBS_经营情景市场状态投资决策_2026-07-15.md,349,突破 / 非线性,3,有序风险收缩,谨慎建议投资,-1,+54,谨慎建议投资｜-1%～+54%｜低
RMBS,D:\drive\Investment\分析报告\公司情景投资决策\结果\RMBS_经营情景市场状态投资决策_2026-07-15.md,349,突破 / 非线性,4,流动性信用压力,中性 / 等待,-21,+29,中性 / 等待｜-21%～+29%｜低
ROG,D:\drive\Investment\分析报告\公司情景投资决策\结果\ROG_经营情景市场状态投资决策_2026-07-15.md,262,悲观 / 受损,0,宽基风险扩张,强烈不建议投资,-70,-36,强烈不建议投资｜-70%～-36%｜中
ROG,D:\drive\Investment\分析报告\公司情景投资决策\结果\ROG_经营情景市场状态投资决策_2026-07-15.md,262,悲观 / 受损,1,窄幅主题主导上涨,强烈不建议投资,-72,-41,强烈不建议投资｜-72%～-41%｜低
ROG,D:\drive\Investment\分析报告\公司情景投资决策\结果\ROG_经营情景市场状态投资决策_2026-07-15.md,262,悲观 / 受损,2,震荡均值回归,强烈不建议投资,-74,-44,强烈不建议投资｜-74%～-44%｜中
ROG,D:\drive\Investment\分析报告\公司情景投资决策\结果\ROG_经营情景市场状态投资决策_2026-07-15.md,262,悲观 / 受损,3,有序风险收缩,强烈不建议投资,-77,-51,强烈不建议投资｜-77%～-51%｜中
ROG,D:\drive\Investment\分析报告\公司情景投资决策\结果\ROG_经营情景市场状态投资决策_2026-07-15.md,262,悲观 / 受损,4,流动性信用压力,强烈不建议投资,-81,-59,强烈不建议投资｜-81%～-59%｜低
ROG,D:\drive\Investment\分析报告\公司情景投资决策\结果\ROG_经营情景市场状态投资决策_2026-07-15.md,263,基准 / 正常兑现,0,宽基风险扩张,中性 / 等待,-19,+27,中性 / 等待｜-19%～+27%｜中
ROG,D:\drive\Investment\分析报告\公司情景投资决策\结果\ROG_经营情景市场状态投资决策_2026-07-15.md,263,基准 / 正常兑现,1,窄幅主题主导上涨,中性 / 等待,-28,+20,中性 / 等待｜-28%～+20%｜低
ROG,D:\drive\Investment\分析报告\公司情景投资决策\结果\ROG_经营情景市场状态投资决策_2026-07-15.md,263,基准 / 正常兑现,2,震荡均值回归,不建议投资,-32,+12,不建议投资｜-32%～+12%｜中
ROG,D:\drive\Investment\分析报告\公司情景投资决策\结果\ROG_经营情景市场状态投资决策_2026-07-15.md,263,基准 / 正常兑现,3,有序风险收缩,强烈不建议投资,-43,-4,强烈不建议投资｜-43%～-4%｜中
ROG,D:\drive\Investment\分析报告\公司情景投资决策\结果\ROG_经营情景市场状态投资决策_2026-07-15.md,263,基准 / 正常兑现,4,流动性信用压力,强烈不建议投资,-56,-19,强烈不建议投资｜-56%～-19%｜低
ROG,D:\drive\Investment\分析报告\公司情景投资决策\结果\ROG_经营情景市场状态投资决策_2026-07-15.md,264,乐观 / 超预期,0,宽基风险扩张,建议投资,+35,+95,建议投资｜+35%～+95%｜低
ROG,D:\drive\Investment\分析报告\公司情景投资决策\结果\ROG_经营情景市场状态投资决策_2026-07-15.md,264,乐观 / 超预期,1,窄幅主题主导上涨,建议投资,+35,+95,建议投资｜+35%～+95%｜低
ROG,D:\drive\Investment\分析报告\公司情景投资决策\结果\ROG_经营情景市场状态投资决策_2026-07-15.md,264,乐观 / 超预期,2,震荡均值回归,谨慎建议投资,+14,+62,谨慎建议投资｜+14%～+62%｜低
ROG,D:\drive\Investment\分析报告\公司情景投资决策\结果\ROG_经营情景市场状态投资决策_2026-07-15.md,264,乐观 / 超预期,3,有序风险收缩,谨慎建议投资,-4,+42,谨慎建议投资｜-4%～+42%｜低
ROG,D:\drive\Investment\分析报告\公司情景投资决策\结果\ROG_经营情景市场状态投资决策_2026-07-15.md,264,乐观 / 超预期,4,流动性信用压力,中性 / 等待,-26,+22,中性 / 等待｜-26%～+22%｜低
ROG,D:\drive\Investment\分析报告\公司情景投资决策\结果\ROG_经营情景市场状态投资决策_2026-07-15.md,265,突破 / 非线性,0,宽基风险扩张,强烈建议投资,+99,+240,强烈建议投资｜+99%～+240%｜低
ROG,D:\drive\Investment\分析报告\公司情景投资决策\结果\ROG_经营情景市场状态投资决策_2026-07-15.md,265,突破 / 非线性,1,窄幅主题主导上涨,强烈建议投资,+111,+269,强烈建议投资｜+111%～+269%｜低
ROG,D:\drive\Investment\分析报告\公司情景投资决策\结果\ROG_经营情景市场状态投资决策_2026-07-15.md,265,突破 / 非线性,2,震荡均值回归,建议投资,+77,+194,建议投资｜+77%～+194%｜低
ROG,D:\drive\Investment\分析报告\公司情景投资决策\结果\ROG_经营情景市场状态投资决策_2026-07-15.md,265,突破 / 非线性,3,有序风险收缩,建议投资,+55,+131,建议投资｜+55%～+131%｜低
ROG,D:\drive\Investment\分析报告\公司情景投资决策\结果\ROG_经营情景市场状态投资决策_2026-07-15.md,265,突破 / 非线性,4,流动性信用压力,谨慎建议投资,+23,+96,谨慎建议投资｜+23%～+96%｜低
RYCEY,D:\drive\Investment\分析报告\公司情景投资决策\结果\RYCEY_经营情景市场状态投资决策_2026-07-15.md,396,悲观 / 受损,0,宽基风险扩张,强烈不建议投资,-57,-42,强烈不建议投资｜-57%～-42%｜中
RYCEY,D:\drive\Investment\分析报告\公司情景投资决策\结果\RYCEY_经营情景市场状态投资决策_2026-07-15.md,396,悲观 / 受损,1,窄幅主题主导上涨,强烈不建议投资,-59,-44,强烈不建议投资｜-59%～-44%｜中
RYCEY,D:\drive\Investment\分析报告\公司情景投资决策\结果\RYCEY_经营情景市场状态投资决策_2026-07-15.md,396,悲观 / 受损,2,震荡均值回归,强烈不建议投资,-64,-50,强烈不建议投资｜-64%～-50%｜中
RYCEY,D:\drive\Investment\分析报告\公司情景投资决策\结果\RYCEY_经营情景市场状态投资决策_2026-07-15.md,396,悲观 / 受损,3,有序风险收缩,强烈不建议投资,-71,-58,强烈不建议投资｜-71%～-58%｜低
RYCEY,D:\drive\Investment\分析报告\公司情景投资决策\结果\RYCEY_经营情景市场状态投资决策_2026-07-15.md,396,悲观 / 受损,4,流动性信用压力,强烈不建议投资,-81,-66,强烈不建议投资｜-81%～-66%｜低
RYCEY,D:\drive\Investment\分析报告\公司情景投资决策\结果\RYCEY_经营情景市场状态投资决策_2026-07-15.md,397,基准 / 正常兑现,0,宽基风险扩张,不建议投资,-25,-9,不建议投资｜-25%～-9%｜中
RYCEY,D:\drive\Investment\分析报告\公司情景投资决策\结果\RYCEY_经营情景市场状态投资决策_2026-07-15.md,397,基准 / 正常兑现,1,窄幅主题主导上涨,不建议投资,-25,-6,不建议投资｜-25%～-6%｜中
RYCEY,D:\drive\Investment\分析报告\公司情景投资决策\结果\RYCEY_经营情景市场状态投资决策_2026-07-15.md,397,基准 / 正常兑现,2,震荡均值回归,强烈不建议投资,-36,-17,强烈不建议投资｜-36%～-17%｜中
RYCEY,D:\drive\Investment\分析报告\公司情景投资决策\结果\RYCEY_经营情景市场状态投资决策_2026-07-15.md,397,基准 / 正常兑现,3,有序风险收缩,强烈不建议投资,-46,-32,强烈不建议投资｜-46%～-32%｜低
RYCEY,D:\drive\Investment\分析报告\公司情景投资决策\结果\RYCEY_经营情景市场状态投资决策_2026-07-15.md,397,基准 / 正常兑现,4,流动性信用压力,强烈不建议投资,-61,-43,强烈不建议投资｜-61%～-43%｜低
RYCEY,D:\drive\Investment\分析报告\公司情景投资决策\结果\RYCEY_经营情景市场状态投资决策_2026-07-15.md,398,乐观 / 超预期,0,宽基风险扩张,谨慎建议投资,-4,+24,谨慎建议投资｜-4%～+24%｜中
RYCEY,D:\drive\Investment\分析报告\公司情景投资决策\结果\RYCEY_经营情景市场状态投资决策_2026-07-15.md,398,乐观 / 超预期,1,窄幅主题主导上涨,建议投资,0,+29,建议投资｜0%～+29%｜中
RYCEY,D:\drive\Investment\分析报告\公司情景投资决策\结果\RYCEY_经营情景市场状态投资决策_2026-07-15.md,398,乐观 / 超预期,2,震荡均值回归,中性 / 等待,-17,+10,中性 / 等待｜-17%～+10%｜中
RYCEY,D:\drive\Investment\分析报告\公司情景投资决策\结果\RYCEY_经营情景市场状态投资决策_2026-07-15.md,398,乐观 / 超预期,3,有序风险收缩,不建议投资,-30,-4,不建议投资｜-30%～-4%｜低
RYCEY,D:\drive\Investment\分析报告\公司情景投资决策\结果\RYCEY_经营情景市场状态投资决策_2026-07-15.md,398,乐观 / 超预期,4,流动性信用压力,强烈不建议投资,-47,-23,强烈不建议投资｜-47%～-23%｜低
RYCEY,D:\drive\Investment\分析报告\公司情景投资决策\结果\RYCEY_经营情景市场状态投资决策_2026-07-15.md,399,突破 / 非线性,0,宽基风险扩张,强烈建议投资,+24,+68,强烈建议投资｜+24%～+68%｜低
RYCEY,D:\drive\Investment\分析报告\公司情景投资决策\结果\RYCEY_经营情景市场状态投资决策_2026-07-15.md,399,突破 / 非线性,1,窄幅主题主导上涨,强烈建议投资,+29,+80,强烈建议投资｜+29%～+80%｜低
RYCEY,D:\drive\Investment\分析报告\公司情景投资决策\结果\RYCEY_经营情景市场状态投资决策_2026-07-15.md,399,突破 / 非线性,2,震荡均值回归,建议投资,+8,+51,建议投资｜+8%～+51%｜低
RYCEY,D:\drive\Investment\分析报告\公司情景投资决策\结果\RYCEY_经营情景市场状态投资决策_2026-07-15.md,399,突破 / 非线性,3,有序风险收缩,谨慎建议投资,-8,+27,谨慎建议投资｜-8%～+27%｜低
RYCEY,D:\drive\Investment\分析报告\公司情景投资决策\结果\RYCEY_经营情景市场状态投资决策_2026-07-15.md,399,突破 / 非线性,4,流动性信用压力,不建议投资,-29,+9,不建议投资｜-29%～+9%｜低
SANM,D:\drive\Investment\分析报告\公司情景投资决策\结果\SANM_经营情景市场状态投资决策_2026-07-15.md,68,悲观 / 受损,0,宽基风险扩张,强烈不建议投资,-59,-25,强烈不建议投资｜-59%～-25%｜中
SANM,D:\drive\Investment\分析报告\公司情景投资决策\结果\SANM_经营情景市场状态投资决策_2026-07-15.md,68,悲观 / 受损,1,窄幅主题主导上涨,强烈不建议投资,-61,-28,强烈不建议投资｜-61%～-28%｜中
SANM,D:\drive\Investment\分析报告\公司情景投资决策\结果\SANM_经营情景市场状态投资决策_2026-07-15.md,68,悲观 / 受损,2,震荡均值回归,强烈不建议投资,-66,-32,强烈不建议投资｜-66%～-32%｜中
SANM,D:\drive\Investment\分析报告\公司情景投资决策\结果\SANM_经营情景市场状态投资决策_2026-07-15.md,68,悲观 / 受损,3,有序风险收缩,强烈不建议投资,-73,-42,强烈不建议投资｜-73%～-42%｜中
SANM,D:\drive\Investment\分析报告\公司情景投资决策\结果\SANM_经营情景市场状态投资决策_2026-07-15.md,68,悲观 / 受损,4,流动性信用压力,强烈不建议投资,-86,-57,强烈不建议投资｜-86%～-57%｜低
SANM,D:\drive\Investment\分析报告\公司情景投资决策\结果\SANM_经营情景市场状态投资决策_2026-07-15.md,69,基准 / 正常兑现,0,宽基风险扩张,中性 / 等待,-20,+28,中性 / 等待｜-20%～+28%｜中
SANM,D:\drive\Investment\分析报告\公司情景投资决策\结果\SANM_经营情景市场状态投资决策_2026-07-15.md,69,基准 / 正常兑现,1,窄幅主题主导上涨,谨慎建议投资,-20,+35,谨慎建议投资｜-20%～+35%｜中
SANM,D:\drive\Investment\分析报告\公司情景投资决策\结果\SANM_经营情景市场状态投资决策_2026-07-15.md,69,基准 / 正常兑现,2,震荡均值回归,不建议投资,-30,+16,不建议投资｜-30%～+16%｜中
SANM,D:\drive\Investment\分析报告\公司情景投资决策\结果\SANM_经营情景市场状态投资决策_2026-07-15.md,69,基准 / 正常兑现,3,有序风险收缩,不建议投资,-47,-4,不建议投资｜-47%～-4%｜中
SANM,D:\drive\Investment\分析报告\公司情景投资决策\结果\SANM_经营情景市场状态投资决策_2026-07-15.md,69,基准 / 正常兑现,4,流动性信用压力,强烈不建议投资,-61,-23,强烈不建议投资｜-61%～-23%｜低
SANM,D:\drive\Investment\分析报告\公司情景投资决策\结果\SANM_经营情景市场状态投资决策_2026-07-15.md,70,乐观 / 超预期,0,宽基风险扩张,强烈建议投资,+23,+95,强烈建议投资｜+23%～+95%｜中
SANM,D:\drive\Investment\分析报告\公司情景投资决策\结果\SANM_经营情景市场状态投资决策_2026-07-15.md,70,乐观 / 超预期,1,窄幅主题主导上涨,强烈建议投资,+37,+127,强烈建议投资｜+37%～+127%｜中
SANM,D:\drive\Investment\分析报告\公司情景投资决策\结果\SANM_经营情景市场状态投资决策_2026-07-15.md,70,乐观 / 超预期,2,震荡均值回归,建议投资,+9,+78,建议投资｜+9%～+78%｜中
SANM,D:\drive\Investment\分析报告\公司情景投资决策\结果\SANM_经营情景市场状态投资决策_2026-07-15.md,70,乐观 / 超预期,3,有序风险收缩,谨慎建议投资,-16,+54,谨慎建议投资｜-16%～+54%｜低
SANM,D:\drive\Investment\分析报告\公司情景投资决策\结果\SANM_经营情景市场状态投资决策_2026-07-15.md,70,乐观 / 超预期,4,流动性信用压力,中性 / 等待,-32,+33,中性 / 等待｜-32%～+33%｜低
SANM,D:\drive\Investment\分析报告\公司情景投资决策\结果\SANM_经营情景市场状态投资决策_2026-07-15.md,71,突破 / 非线性,0,宽基风险扩张,强烈建议投资,+86,+204,强烈建议投资｜+86%～+204%｜低
SANM,D:\drive\Investment\分析报告\公司情景投资决策\结果\SANM_经营情景市场状态投资决策_2026-07-15.md,71,突破 / 非线性,1,窄幅主题主导上涨,强烈建议投资,+117,+267,强烈建议投资｜+117%～+267%｜低
SANM,D:\drive\Investment\分析报告\公司情景投资决策\结果\SANM_经营情景市场状态投资决策_2026-07-15.md,71,突破 / 非线性,2,震荡均值回归,强烈建议投资,+66,+175,强烈建议投资｜+66%～+175%｜低
SANM,D:\drive\Investment\分析报告\公司情景投资决策\结果\SANM_经营情景市场状态投资决策_2026-07-15.md,71,突破 / 非线性,3,有序风险收缩,强烈建议投资,+35,+144,强烈建议投资｜+35%～+144%｜低
SANM,D:\drive\Investment\分析报告\公司情景投资决策\结果\SANM_经营情景市场状态投资决策_2026-07-15.md,71,突破 / 非线性,4,流动性信用压力,建议投资,+6,+110,建议投资｜+6%～+110%｜低
SHECY,D:\drive\Investment\分析报告\公司情景投资决策\结果\SHECY_经营情景市场状态投资决策_2026-07-15.md,379,悲观 / 受损,0,宽基风险扩张,不建议投资,-33,-1,不建议投资｜-33%～-1%｜中
SHECY,D:\drive\Investment\分析报告\公司情景投资决策\结果\SHECY_经营情景市场状态投资决策_2026-07-15.md,379,悲观 / 受损,1,窄幅主题主导上涨,不建议投资,-29,+6,不建议投资｜-29%～+6%｜中
SHECY,D:\drive\Investment\分析报告\公司情景投资决策\结果\SHECY_经营情景市场状态投资决策_2026-07-15.md,379,悲观 / 受损,2,震荡均值回归,强烈不建议投资,-43,-14,强烈不建议投资｜-43%～-14%｜中
SHECY,D:\drive\Investment\分析报告\公司情景投资决策\结果\SHECY_经营情景市场状态投资决策_2026-07-15.md,379,悲观 / 受损,3,有序风险收缩,强烈不建议投资,-52,-28,强烈不建议投资｜-52%～-28%｜中
SHECY,D:\drive\Investment\分析报告\公司情景投资决策\结果\SHECY_经营情景市场状态投资决策_2026-07-15.md,379,悲观 / 受损,4,流动性信用压力,强烈不建议投资,-65,-42,强烈不建议投资｜-65%～-42%｜低
SHECY,D:\drive\Investment\分析报告\公司情景投资决策\结果\SHECY_经营情景市场状态投资决策_2026-07-15.md,380,基准 / 正常兑现,0,宽基风险扩张,谨慎建议投资,0,+28,谨慎建议投资｜0%～+28%｜中
SHECY,D:\drive\Investment\分析报告\公司情景投资决策\结果\SHECY_经营情景市场状态投资决策_2026-07-15.md,380,基准 / 正常兑现,1,窄幅主题主导上涨,谨慎建议投资,+5,+36,谨慎建议投资｜+5%～+36%｜中
SHECY,D:\drive\Investment\分析报告\公司情景投资决策\结果\SHECY_经营情景市场状态投资决策_2026-07-15.md,380,基准 / 正常兑现,2,震荡均值回归,中性 / 等待,-16,+10,中性 / 等待｜-16%～+10%｜中
SHECY,D:\drive\Investment\分析报告\公司情景投资决策\结果\SHECY_经营情景市场状态投资决策_2026-07-15.md,380,基准 / 正常兑现,3,有序风险收缩,不建议投资,-29,-7,不建议投资｜-29%～-7%｜中
SHECY,D:\drive\Investment\分析报告\公司情景投资决策\结果\SHECY_经营情景市场状态投资决策_2026-07-15.md,380,基准 / 正常兑现,4,流动性信用压力,强烈不建议投资,-48,-26,强烈不建议投资｜-48%～-26%｜低
SHECY,D:\drive\Investment\分析报告\公司情景投资决策\结果\SHECY_经营情景市场状态投资决策_2026-07-15.md,381,乐观 / 超预期,0,宽基风险扩张,建议投资,+15,+53,建议投资｜+15%～+53%｜中
SHECY,D:\drive\Investment\分析报告\公司情景投资决策\结果\SHECY_经营情景市场状态投资决策_2026-07-15.md,381,乐观 / 超预期,1,窄幅主题主导上涨,强烈建议投资,+21,+63,强烈建议投资｜+21%～+63%｜中
SHECY,D:\drive\Investment\分析报告\公司情景投资决策\结果\SHECY_经营情景市场状态投资决策_2026-07-15.md,381,乐观 / 超预期,2,震荡均值回归,谨慎建议投资,-3,+32,谨慎建议投资｜-3%～+32%｜中
SHECY,D:\drive\Investment\分析报告\公司情景投资决策\结果\SHECY_经营情景市场状态投资决策_2026-07-15.md,381,乐观 / 超预期,3,有序风险收缩,不建议投资,-18,+11,不建议投资｜-18%～+11%｜中
SHECY,D:\drive\Investment\分析报告\公司情景投资决策\结果\SHECY_经营情景市场状态投资决策_2026-07-15.md,381,乐观 / 超预期,4,流动性信用压力,强烈不建议投资,-41,-11,强烈不建议投资｜-41%～-11%｜低
SHECY,D:\drive\Investment\分析报告\公司情景投资决策\结果\SHECY_经营情景市场状态投资决策_2026-07-15.md,382,突破 / 非线性,0,宽基风险扩张,强烈建议投资,+37,+90,强烈建议投资｜+37%～+90%｜低
SHECY,D:\drive\Investment\分析报告\公司情景投资决策\结果\SHECY_经营情景市场状态投资决策_2026-07-15.md,382,突破 / 非线性,1,窄幅主题主导上涨,强烈建议投资,+44,+102,强烈建议投资｜+44%～+102%｜低
SHECY,D:\drive\Investment\分析报告\公司情景投资决策\结果\SHECY_经营情景市场状态投资决策_2026-07-15.md,382,突破 / 非线性,2,震荡均值回归,建议投资,+16,+64,建议投资｜+16%～+64%｜低
SHECY,D:\drive\Investment\分析报告\公司情景投资决策\结果\SHECY_经营情景市场状态投资决策_2026-07-15.md,382,突破 / 非线性,3,有序风险收缩,谨慎建议投资,-3,+37,谨慎建议投资｜-3%～+37%｜低
SHECY,D:\drive\Investment\分析报告\公司情景投资决策\结果\SHECY_经营情景市场状态投资决策_2026-07-15.md,382,突破 / 非线性,4,流动性信用压力,不建议投资,-30,+10,不建议投资｜-30%～+10%｜低
SIMO,D:\drive\Investment\分析报告\公司情景投资决策\结果\SIMO_经营情景市场状态投资决策_2026-07-15.md,331,悲观 / 受损,0,宽基风险扩张,强烈不建议投资,-72,-57,强烈不建议投资｜-72%～-57%｜中
SIMO,D:\drive\Investment\分析报告\公司情景投资决策\结果\SIMO_经营情景市场状态投资决策_2026-07-15.md,331,悲观 / 受损,1,窄幅主题主导上涨,强烈不建议投资,-78,-64,强烈不建议投资｜-78%～-64%｜中
SIMO,D:\drive\Investment\分析报告\公司情景投资决策\结果\SIMO_经营情景市场状态投资决策_2026-07-15.md,331,悲观 / 受损,2,震荡均值回归,强烈不建议投资,-78,-64,强烈不建议投资｜-78%～-64%｜中
SIMO,D:\drive\Investment\分析报告\公司情景投资决策\结果\SIMO_经营情景市场状态投资决策_2026-07-15.md,331,悲观 / 受损,3,有序风险收缩,强烈不建议投资,-84,-73,强烈不建议投资｜-84%～-73%｜低
SIMO,D:\drive\Investment\分析报告\公司情景投资决策\结果\SIMO_经营情景市场状态投资决策_2026-07-15.md,331,悲观 / 受损,4,流动性信用压力,强烈不建议投资,-89,-80,强烈不建议投资｜-89%～-80%｜低
SIMO,D:\drive\Investment\分析报告\公司情景投资决策\结果\SIMO_经营情景市场状态投资决策_2026-07-15.md,332,基准 / 正常兑现,0,宽基风险扩张,不建议投资,-32,-1,不建议投资｜-32%～-1%｜中
SIMO,D:\drive\Investment\分析报告\公司情景投资决策\结果\SIMO_经营情景市场状态投资决策_2026-07-15.md,332,基准 / 正常兑现,1,窄幅主题主导上涨,不建议投资,-28,+7,不建议投资｜-28%～+7%｜中
SIMO,D:\drive\Investment\分析报告\公司情景投资决策\结果\SIMO_经营情景市场状态投资决策_2026-07-15.md,332,基准 / 正常兑现,2,震荡均值回归,强烈不建议投资,-42,-13,强烈不建议投资｜-42%～-13%｜中
SIMO,D:\drive\Investment\分析报告\公司情景投资决策\结果\SIMO_经营情景市场状态投资决策_2026-07-15.md,332,基准 / 正常兑现,3,有序风险收缩,强烈不建议投资,-56,-33,强烈不建议投资｜-56%～-33%｜中
SIMO,D:\drive\Investment\分析报告\公司情景投资决策\结果\SIMO_经营情景市场状态投资决策_2026-07-15.md,332,基准 / 正常兑现,4,流动性信用压力,强烈不建议投资,-70,-53,强烈不建议投资｜-70%～-53%｜低
SIMO,D:\drive\Investment\分析报告\公司情景投资决策\结果\SIMO_经营情景市场状态投资决策_2026-07-15.md,333,乐观 / 超预期,0,宽基风险扩张,建议投资,+13,+68,建议投资｜+13%～+68%｜中
SIMO,D:\drive\Investment\分析报告\公司情景投资决策\结果\SIMO_经营情景市场状态投资决策_2026-07-15.md,333,乐观 / 超预期,1,窄幅主题主导上涨,强烈建议投资,+31,+96,强烈建议投资｜+31%～+96%｜中
SIMO,D:\drive\Investment\分析报告\公司情景投资决策\结果\SIMO_经营情景市场状态投资决策_2026-07-15.md,333,乐观 / 超预期,2,震荡均值回归,谨慎建议投资,-2,+45,谨慎建议投资｜-2%～+45%｜中
SIMO,D:\drive\Investment\分析报告\公司情景投资决策\结果\SIMO_经营情景市场状态投资决策_2026-07-15.md,333,乐观 / 超预期,3,有序风险收缩,不建议投资,-25,+17,不建议投资｜-25%～+17%｜低
SIMO,D:\drive\Investment\分析报告\公司情景投资决策\结果\SIMO_经营情景市场状态投资决策_2026-07-15.md,333,乐观 / 超预期,4,流动性信用压力,强烈不建议投资,-49,-16,强烈不建议投资｜-49%～-16%｜低
SIMO,D:\drive\Investment\分析报告\公司情景投资决策\结果\SIMO_经营情景市场状态投资决策_2026-07-15.md,334,突破 / 非线性,0,宽基风险扩张,强烈建议投资,+76,+168,强烈建议投资｜+76%～+168%｜低
SIMO,D:\drive\Investment\分析报告\公司情景投资决策\结果\SIMO_经营情景市场状态投资决策_2026-07-15.md,334,突破 / 非线性,1,窄幅主题主导上涨,强烈建议投资,+108,+222,强烈建议投资｜+108%～+222%｜低
SIMO,D:\drive\Investment\分析报告\公司情景投资决策\结果\SIMO_经营情景市场状态投资决策_2026-07-15.md,334,突破 / 非线性,2,震荡均值回归,强烈建议投资,+51,+138,强烈建议投资｜+51%～+138%｜低
SIMO,D:\drive\Investment\分析报告\公司情景投资决策\结果\SIMO_经营情景市场状态投资决策_2026-07-15.md,334,突破 / 非线性,3,有序风险收缩,建议投资,+19,+91,建议投资｜+19%～+91%｜低
SIMO,D:\drive\Investment\分析报告\公司情景投资决策\结果\SIMO_经营情景市场状态投资决策_2026-07-15.md,334,突破 / 非线性,4,流动性信用压力,谨慎建议投资,-19,+45,谨慎建议投资｜-19%～+45%｜低
SITM,D:\drive\Investment\分析报告\公司情景投资决策\结果\SITM_经营情景市场状态投资决策_2026-07-15.md,469,悲观 / 受损,0,宽基风险扩张,强烈不建议投资,-93,-89,强烈不建议投资｜-93%～-89%｜低
SITM,D:\drive\Investment\分析报告\公司情景投资决策\结果\SITM_经营情景市场状态投资决策_2026-07-15.md,469,悲观 / 受损,1,窄幅主题主导上涨,强烈不建议投资,-91,-85,强烈不建议投资｜-91%～-85%｜低
SITM,D:\drive\Investment\分析报告\公司情景投资决策\结果\SITM_经营情景市场状态投资决策_2026-07-15.md,469,悲观 / 受损,2,震荡均值回归,强烈不建议投资,-94,-91,强烈不建议投资｜-94%～-91%｜低
SITM,D:\drive\Investment\分析报告\公司情景投资决策\结果\SITM_经营情景市场状态投资决策_2026-07-15.md,469,悲观 / 受损,3,有序风险收缩,强烈不建议投资,-97,-94,强烈不建议投资｜-97%～-94%｜低
SITM,D:\drive\Investment\分析报告\公司情景投资决策\结果\SITM_经营情景市场状态投资决策_2026-07-15.md,469,悲观 / 受损,4,流动性信用压力,强烈不建议投资,-100,-97,强烈不建议投资｜-100%～-97%｜低
SITM,D:\drive\Investment\分析报告\公司情景投资决策\结果\SITM_经营情景市场状态投资决策_2026-07-15.md,470,基准 / 正常兑现,0,宽基风险扩张,强烈不建议投资,-69,-57,强烈不建议投资｜-69%～-57%｜中
SITM,D:\drive\Investment\分析报告\公司情景投资决策\结果\SITM_经营情景市场状态投资决策_2026-07-15.md,470,基准 / 正常兑现,1,窄幅主题主导上涨,强烈不建议投资,-63,-45,强烈不建议投资｜-63%～-45%｜中
SITM,D:\drive\Investment\分析报告\公司情景投资决策\结果\SITM_经营情景市场状态投资决策_2026-07-15.md,470,基准 / 正常兑现,2,震荡均值回归,强烈不建议投资,-74,-64,强烈不建议投资｜-74%～-64%｜中
SITM,D:\drive\Investment\分析报告\公司情景投资决策\结果\SITM_经营情景市场状态投资决策_2026-07-15.md,470,基准 / 正常兑现,3,有序风险收缩,强烈不建议投资,-80,-72,强烈不建议投资｜-80%～-72%｜低
SITM,D:\drive\Investment\分析报告\公司情景投资决策\结果\SITM_经营情景市场状态投资决策_2026-07-15.md,470,基准 / 正常兑现,4,流动性信用压力,强烈不建议投资,-89,-81,强烈不建议投资｜-89%～-81%｜低
SITM,D:\drive\Investment\分析报告\公司情景投资决策\结果\SITM_经营情景市场状态投资决策_2026-07-15.md,471,乐观 / 超预期,0,宽基风险扩张,不建议投资,-41,-20,不建议投资｜-41%～-20%｜中
SITM,D:\drive\Investment\分析报告\公司情景投资决策\结果\SITM_经营情景市场状态投资决策_2026-07-15.md,471,乐观 / 超预期,1,窄幅主题主导上涨,不建议投资,-30,0,不建议投资｜-30%～0%｜低
SITM,D:\drive\Investment\分析报告\公司情景投资决策\结果\SITM_经营情景市场状态投资决策_2026-07-15.md,471,乐观 / 超预期,2,震荡均值回归,强烈不建议投资,-49,-33,强烈不建议投资｜-49%～-33%｜中
SITM,D:\drive\Investment\分析报告\公司情景投资决策\结果\SITM_经营情景市场状态投资决策_2026-07-15.md,471,乐观 / 超预期,3,有序风险收缩,强烈不建议投资,-61,-47,强烈不建议投资｜-61%～-47%｜低
SITM,D:\drive\Investment\分析报告\公司情景投资决策\结果\SITM_经营情景市场状态投资决策_2026-07-15.md,471,乐观 / 超预期,4,流动性信用压力,强烈不建议投资,-76,-63,强烈不建议投资｜-76%～-63%｜低
SITM,D:\drive\Investment\分析报告\公司情景投资决策\结果\SITM_经营情景市场状态投资决策_2026-07-15.md,472,突破 / 非线性,0,宽基风险扩张,谨慎建议投资,-3,+33,谨慎建议投资｜-3%～+33%｜低
SITM,D:\drive\Investment\分析报告\公司情景投资决策\结果\SITM_经营情景市场状态投资决策_2026-07-15.md,472,突破 / 非线性,1,窄幅主题主导上涨,建议投资,+15,+65,建议投资｜+15%～+65%｜低
SITM,D:\drive\Investment\分析报告\公司情景投资决策\结果\SITM_经营情景市场状态投资决策_2026-07-15.md,472,突破 / 非线性,2,震荡均值回归,中性 / 等待,-15,+11,中性 / 等待｜-15%～+11%｜低
SITM,D:\drive\Investment\分析报告\公司情景投资决策\结果\SITM_经营情景市场状态投资决策_2026-07-15.md,472,突破 / 非线性,3,有序风险收缩,不建议投资,-34,-11,不建议投资｜-34%～-11%｜低
SITM,D:\drive\Investment\分析报告\公司情景投资决策\结果\SITM_经营情景市场状态投资决策_2026-07-15.md,472,突破 / 非线性,4,流动性信用压力,强烈不建议投资,-59,-38,强烈不建议投资｜-59%～-38%｜低
SKHY,D:\drive\Investment\分析报告\公司情景投资决策\结果\SKHY_经营情景市场状态投资决策_2026-07-15.md,378,悲观 / 受损,0,宽基风险扩张,强烈不建议投资,-86,-64,强烈不建议投资｜-86%～-64%｜中
SKHY,D:\drive\Investment\分析报告\公司情景投资决策\结果\SKHY_经营情景市场状态投资决策_2026-07-15.md,378,悲观 / 受损,1,窄幅主题主导上涨,强烈不建议投资,-87,-66,强烈不建议投资｜-87%～-66%｜低
SKHY,D:\drive\Investment\分析报告\公司情景投资决策\结果\SKHY_经营情景市场状态投资决策_2026-07-15.md,378,悲观 / 受损,2,震荡均值回归,强烈不建议投资,-88,-68,强烈不建议投资｜-88%～-68%｜中
SKHY,D:\drive\Investment\分析报告\公司情景投资决策\结果\SKHY_经营情景市场状态投资决策_2026-07-15.md,378,悲观 / 受损,3,有序风险收缩,强烈不建议投资,-90,-73,强烈不建议投资｜-90%～-73%｜低
SKHY,D:\drive\Investment\分析报告\公司情景投资决策\结果\SKHY_经营情景市场状态投资决策_2026-07-15.md,378,悲观 / 受损,4,流动性信用压力,强烈不建议投资,-94,-79,强烈不建议投资｜-94%～-79%｜低
SKHY,D:\drive\Investment\分析报告\公司情景投资决策\结果\SKHY_经营情景市场状态投资决策_2026-07-15.md,379,基准 / 正常兑现,0,宽基风险扩张,中性 / 等待,-34,+22,中性 / 等待｜-34%～+22%｜中
SKHY,D:\drive\Investment\分析报告\公司情景投资决策\结果\SKHY_经营情景市场状态投资决策_2026-07-15.md,379,基准 / 正常兑现,1,窄幅主题主导上涨,中性 / 等待,-27,+33,中性 / 等待｜-27%～+33%｜低
SKHY,D:\drive\Investment\分析报告\公司情景投资决策\结果\SKHY_经营情景市场状态投资决策_2026-07-15.md,379,基准 / 正常兑现,2,震荡均值回归,不建议投资,-41,+11,不建议投资｜-41%～+11%｜中
SKHY,D:\drive\Investment\分析报告\公司情景投资决策\结果\SKHY_经营情景市场状态投资决策_2026-07-15.md,379,基准 / 正常兑现,3,有序风险收缩,强烈不建议投资,-52,-5,强烈不建议投资｜-52%～-5%｜低
SKHY,D:\drive\Investment\分析报告\公司情景投资决策\结果\SKHY_经营情景市场状态投资决策_2026-07-15.md,379,基准 / 正常兑现,4,流动性信用压力,强烈不建议投资,-66,-27,强烈不建议投资｜-66%～-27%｜低
SKHY,D:\drive\Investment\分析报告\公司情景投资决策\结果\SKHY_经营情景市场状态投资决策_2026-07-15.md,380,乐观 / 超预期,0,宽基风险扩张,建议投资,+19,+114,建议投资｜+19%～+114%｜中
SKHY,D:\drive\Investment\分析报告\公司情景投资决策\结果\SKHY_经营情景市场状态投资决策_2026-07-15.md,380,乐观 / 超预期,1,窄幅主题主导上涨,强烈建议投资,+31,+132,强烈建议投资｜+31%～+132%｜低
SKHY,D:\drive\Investment\分析报告\公司情景投资决策\结果\SKHY_经营情景市场状态投资决策_2026-07-15.md,380,乐观 / 超预期,2,震荡均值回归,建议投资,+8,+97,建议投资｜+8%～+97%｜中
SKHY,D:\drive\Investment\分析报告\公司情景投资决策\结果\SKHY_经营情景市场状态投资决策_2026-07-15.md,380,乐观 / 超预期,3,有序风险收缩,谨慎建议投资,-10,+70,谨慎建议投资｜-10%～+70%｜低
SKHY,D:\drive\Investment\分析报告\公司情景投资决策\结果\SKHY_经营情景市场状态投资决策_2026-07-15.md,380,乐观 / 超预期,4,流动性信用压力,中性 / 等待,-34,+35,中性 / 等待｜-34%～+35%｜低
SKHY,D:\drive\Investment\分析报告\公司情景投资决策\结果\SKHY_经营情景市场状态投资决策_2026-07-15.md,381,突破 / 非线性,0,宽基风险扩张,强烈建议投资,+108,+266,强烈建议投资｜+108%～+266%｜低
SKHY,D:\drive\Investment\分析报告\公司情景投资决策\结果\SKHY_经营情景市场状态投资决策_2026-07-15.md,381,突破 / 非线性,1,窄幅主题主导上涨,强烈建议投资,+126,+293,强烈建议投资｜+126%～+293%｜低
SKHY,D:\drive\Investment\分析报告\公司情景投资决策\结果\SKHY_经营情景市场状态投资决策_2026-07-15.md,381,突破 / 非线性,2,震荡均值回归,强烈建议投资,+89,+238,强烈建议投资｜+89%～+238%｜低
SKHY,D:\drive\Investment\分析报告\公司情景投资决策\结果\SKHY_经营情景市场状态投资决策_2026-07-15.md,381,突破 / 非线性,3,有序风险收缩,强烈建议投资,+61,+196,强烈建议投资｜+61%～+196%｜低
SKHY,D:\drive\Investment\分析报告\公司情景投资决策\结果\SKHY_经营情景市场状态投资决策_2026-07-15.md,381,突破 / 非线性,4,流动性信用压力,建议投资,+24,+140,建议投资｜+24%～+140%｜低
SMCI,D:\drive\Investment\分析报告\公司情景投资决策\结果\SMCI_经营情景市场状态投资决策_2026-07-15.md,373,悲观 / 受损,0,宽基风险扩张,强烈不建议投资,-100,-45,强烈不建议投资｜-100%～-45%｜低
SMCI,D:\drive\Investment\分析报告\公司情景投资决策\结果\SMCI_经营情景市场状态投资决策_2026-07-15.md,373,悲观 / 受损,1,窄幅主题主导上涨,强烈不建议投资,-100,-53,强烈不建议投资｜-100%～-53%｜低
SMCI,D:\drive\Investment\分析报告\公司情景投资决策\结果\SMCI_经营情景市场状态投资决策_2026-07-15.md,373,悲观 / 受损,2,震荡均值回归,强烈不建议投资,-100,-60,强烈不建议投资｜-100%～-60%｜低
SMCI,D:\drive\Investment\分析报告\公司情景投资决策\结果\SMCI_经营情景市场状态投资决策_2026-07-15.md,373,悲观 / 受损,3,有序风险收缩,强烈不建议投资,-100,-68,强烈不建议投资｜-100%～-68%｜低
SMCI,D:\drive\Investment\分析报告\公司情景投资决策\结果\SMCI_经营情景市场状态投资决策_2026-07-15.md,373,悲观 / 受损,4,流动性信用压力,强烈不建议投资,-100,-79,强烈不建议投资｜-100%～-79%｜低
SMCI,D:\drive\Investment\分析报告\公司情景投资决策\结果\SMCI_经营情景市场状态投资决策_2026-07-15.md,374,基准 / 正常兑现,0,宽基风险扩张,谨慎建议投资,-20,+87,谨慎建议投资｜-20%～+87%｜中
SMCI,D:\drive\Investment\分析报告\公司情景投资决策\结果\SMCI_经营情景市场状态投资决策_2026-07-15.md,374,基准 / 正常兑现,1,窄幅主题主导上涨,建议投资,-9,+103,建议投资｜-9%～+103%｜中
SMCI,D:\drive\Investment\分析报告\公司情景投资决策\结果\SMCI_经营情景市场状态投资决策_2026-07-15.md,374,基准 / 正常兑现,2,震荡均值回归,中性 / 等待,-36,+63,中性 / 等待｜-36%～+63%｜中
SMCI,D:\drive\Investment\分析报告\公司情景投资决策\结果\SMCI_经营情景市场状态投资决策_2026-07-15.md,374,基准 / 正常兑现,3,有序风险收缩,不建议投资,-52,+31,不建议投资｜-52%～+31%｜低
SMCI,D:\drive\Investment\分析报告\公司情景投资决策\结果\SMCI_经营情景市场状态投资决策_2026-07-15.md,374,基准 / 正常兑现,4,流动性信用压力,强烈不建议投资,-68,+7,强烈不建议投资｜-68%～+7%｜低
SMCI,D:\drive\Investment\分析报告\公司情景投资决策\结果\SMCI_经营情景市场状态投资决策_2026-07-15.md,375,乐观 / 超预期,0,宽基风险扩张,强烈建议投资,+81,+299,强烈建议投资｜+81%～+299%｜中
SMCI,D:\drive\Investment\分析报告\公司情景投资决策\结果\SMCI_经营情景市场状态投资决策_2026-07-15.md,375,乐观 / 超预期,1,窄幅主题主导上涨,强烈建议投资,+115,+355,强烈建议投资｜+115%～+355%｜中
SMCI,D:\drive\Investment\分析报告\公司情景投资决策\结果\SMCI_经营情景市场状态投资决策_2026-07-15.md,375,乐观 / 超预期,2,震荡均值回归,强烈建议投资,+46,+244,强烈建议投资｜+46%～+244%｜中
SMCI,D:\drive\Investment\分析报告\公司情景投资决策\结果\SMCI_经营情景市场状态投资决策_2026-07-15.md,375,乐观 / 超预期,3,有序风险收缩,建议投资,+21,+202,建议投资｜+21%～+202%｜低
SMCI,D:\drive\Investment\分析报告\公司情景投资决策\结果\SMCI_经营情景市场状态投资决策_2026-07-15.md,375,乐观 / 超预期,4,流动性信用压力,谨慎建议投资,-5,+146,谨慎建议投资｜-5%～+146%｜低
SMCI,D:\drive\Investment\分析报告\公司情景投资决策\结果\SMCI_经营情景市场状态投资决策_2026-07-15.md,376,突破 / 非线性,0,宽基风险扩张,强烈建议投资,+250,+741,强烈建议投资｜+250%～+741%｜低
SMCI,D:\drive\Investment\分析报告\公司情景投资决策\结果\SMCI_经营情景市场状态投资决策_2026-07-15.md,376,突破 / 非线性,1,窄幅主题主导上涨,强烈建议投资,+328,+931,强烈建议投资｜+328%～+931%｜低
SMCI,D:\drive\Investment\分析报告\公司情景投资决策\结果\SMCI_经营情景市场状态投资决策_2026-07-15.md,376,突破 / 非线性,2,震荡均值回归,强烈建议投资,+198,+622,强烈建议投资｜+198%～+622%｜低
SMCI,D:\drive\Investment\分析报告\公司情景投资决策\结果\SMCI_经营情景市场状态投资决策_2026-07-15.md,376,突破 / 非线性,3,有序风险收缩,强烈建议投资,+145,+503,强烈建议投资｜+145%～+503%｜低
SMCI,D:\drive\Investment\分析报告\公司情景投资决策\结果\SMCI_经营情景市场状态投资决策_2026-07-15.md,376,突破 / 非线性,4,流动性信用压力,强烈建议投资,+93,+408,强烈建议投资｜+93%～+408%｜低
SMR,D:\drive\Investment\分析报告\公司情景投资决策\结果\SMR_经营情景市场状态投资决策_2026-07-15.md,289,悲观 / 受损,0,宽基风险扩张,强烈不建议投资,-73,-51,强烈不建议投资｜-73%～-51%｜中
SMR,D:\drive\Investment\分析报告\公司情景投资决策\结果\SMR_经营情景市场状态投资决策_2026-07-15.md,289,悲观 / 受损,1,窄幅主题主导上涨,强烈不建议投资,-74,-54,强烈不建议投资｜-74%～-54%｜中
SMR,D:\drive\Investment\分析报告\公司情景投资决策\结果\SMR_经营情景市场状态投资决策_2026-07-15.md,289,悲观 / 受损,2,震荡均值回归,强烈不建议投资,-76,-55,强烈不建议投资｜-76%～-55%｜中
SMR,D:\drive\Investment\分析报告\公司情景投资决策\结果\SMR_经营情景市场状态投资决策_2026-07-15.md,289,悲观 / 受损,3,有序风险收缩,强烈不建议投资,-80,-63,强烈不建议投资｜-80%～-63%｜低
SMR,D:\drive\Investment\分析报告\公司情景投资决策\结果\SMR_经营情景市场状态投资决策_2026-07-15.md,289,悲观 / 受损,4,流动性信用压力,强烈不建议投资,-85,-72,强烈不建议投资｜-85%～-72%｜低
SMR,D:\drive\Investment\分析报告\公司情景投资决策\结果\SMR_经营情景市场状态投资决策_2026-07-15.md,290,基准 / 正常兑现,0,宽基风险扩张,不建议投资,-45,+2,不建议投资｜-45%～+2%｜低
SMR,D:\drive\Investment\分析报告\公司情景投资决策\结果\SMR_经营情景市场状态投资决策_2026-07-15.md,290,基准 / 正常兑现,1,窄幅主题主导上涨,不建议投资,-46,+1,不建议投资｜-46%～+1%｜低
SMR,D:\drive\Investment\分析报告\公司情景投资决策\结果\SMR_经营情景市场状态投资决策_2026-07-15.md,290,基准 / 正常兑现,2,震荡均值回归,强烈不建议投资,-52,-10,强烈不建议投资｜-52%～-10%｜低
SMR,D:\drive\Investment\分析报告\公司情景投资决策\结果\SMR_经营情景市场状态投资决策_2026-07-15.md,290,基准 / 正常兑现,3,有序风险收缩,强烈不建议投资,-63,-31,强烈不建议投资｜-63%～-31%｜低
SMR,D:\drive\Investment\分析报告\公司情景投资决策\结果\SMR_经营情景市场状态投资决策_2026-07-15.md,290,基准 / 正常兑现,4,流动性信用压力,强烈不建议投资,-73,-50,强烈不建议投资｜-73%～-50%｜低
SMR,D:\drive\Investment\分析报告\公司情景投资决策\结果\SMR_经营情景市场状态投资决策_2026-07-15.md,291,乐观 / 超预期,0,宽基风险扩张,建议投资,+56,+165,建议投资｜+56%～+165%｜低
SMR,D:\drive\Investment\分析报告\公司情景投资决策\结果\SMR_经营情景市场状态投资决策_2026-07-15.md,291,乐观 / 超预期,1,窄幅主题主导上涨,建议投资,+68,+184,建议投资｜+68%～+184%｜低
SMR,D:\drive\Investment\分析报告\公司情景投资决策\结果\SMR_经营情景市场状态投资决策_2026-07-15.md,291,乐观 / 超预期,2,震荡均值回归,建议投资,+34,+132,建议投资｜+34%～+132%｜低
SMR,D:\drive\Investment\分析报告\公司情景投资决策\结果\SMR_经营情景市场状态投资决策_2026-07-15.md,291,乐观 / 超预期,3,有序风险收缩,谨慎建议投资,-2,+72,谨慎建议投资｜-2%～+72%｜低
SMR,D:\drive\Investment\分析报告\公司情景投资决策\结果\SMR_经营情景市场状态投资决策_2026-07-15.md,291,乐观 / 超预期,4,流动性信用压力,中性 / 等待,-26,+32,中性 / 等待｜-26%～+32%｜低
SMR,D:\drive\Investment\分析报告\公司情景投资决策\结果\SMR_经营情景市场状态投资决策_2026-07-15.md,292,突破 / 非线性,0,宽基风险扩张,,,,NA｜NA｜NA
SMR,D:\drive\Investment\分析报告\公司情景投资决策\结果\SMR_经营情景市场状态投资决策_2026-07-15.md,292,突破 / 非线性,1,窄幅主题主导上涨,,,,NA｜NA｜NA
SMR,D:\drive\Investment\分析报告\公司情景投资决策\结果\SMR_经营情景市场状态投资决策_2026-07-15.md,292,突破 / 非线性,2,震荡均值回归,,,,NA｜NA｜NA
SMR,D:\drive\Investment\分析报告\公司情景投资决策\结果\SMR_经营情景市场状态投资决策_2026-07-15.md,292,突破 / 非线性,3,有序风险收缩,,,,NA｜NA｜NA
SMR,D:\drive\Investment\分析报告\公司情景投资决策\结果\SMR_经营情景市场状态投资决策_2026-07-15.md,292,突破 / 非线性,4,流动性信用压力,,,,NA｜NA｜NA
SMTC,D:\drive\Investment\分析报告\公司情景投资决策\结果\SMTC_经营情景市场状态投资决策_2026-07-15.md,307,悲观 / 受损,0,宽基风险扩张,强烈不建议投资,-76,-61,强烈不建议投资｜-76%～-61%｜中
SMTC,D:\drive\Investment\分析报告\公司情景投资决策\结果\SMTC_经营情景市场状态投资决策_2026-07-15.md,307,悲观 / 受损,1,窄幅主题主导上涨,强烈不建议投资,-77,-63,强烈不建议投资｜-77%～-63%｜中
SMTC,D:\drive\Investment\分析报告\公司情景投资决策\结果\SMTC_经营情景市场状态投资决策_2026-07-15.md,307,悲观 / 受损,2,震荡均值回归,强烈不建议投资,-83,-70,强烈不建议投资｜-83%～-70%｜中
SMTC,D:\drive\Investment\分析报告\公司情景投资决策\结果\SMTC_经营情景市场状态投资决策_2026-07-15.md,307,悲观 / 受损,3,有序风险收缩,强烈不建议投资,-87,-76,强烈不建议投资｜-87%～-76%｜中
SMTC,D:\drive\Investment\分析报告\公司情景投资决策\结果\SMTC_经营情景市场状态投资决策_2026-07-15.md,307,悲观 / 受损,4,流动性信用压力,强烈不建议投资,-92,-83,强烈不建议投资｜-92%～-83%｜低
SMTC,D:\drive\Investment\分析报告\公司情景投资决策\结果\SMTC_经营情景市场状态投资决策_2026-07-15.md,308,基准 / 正常兑现,0,宽基风险扩张,不建议投资,-38,-9,不建议投资｜-38%～-9%｜中
SMTC,D:\drive\Investment\分析报告\公司情景投资决策\结果\SMTC_经营情景市场状态投资决策_2026-07-15.md,308,基准 / 正常兑现,1,窄幅主题主导上涨,不建议投资,-33,0,不建议投资｜-33%～约0%｜中
SMTC,D:\drive\Investment\分析报告\公司情景投资决策\结果\SMTC_经营情景市场状态投资决策_2026-07-15.md,308,基准 / 正常兑现,2,震荡均值回归,强烈不建议投资,-53,-27,强烈不建议投资｜-53%～-27%｜中
SMTC,D:\drive\Investment\分析报告\公司情景投资决策\结果\SMTC_经营情景市场状态投资决策_2026-07-15.md,308,基准 / 正常兑现,3,有序风险收缩,强烈不建议投资,-65,-42,强烈不建议投资｜-65%～-42%｜低
SMTC,D:\drive\Investment\分析报告\公司情景投资决策\结果\SMTC_经营情景市场状态投资决策_2026-07-15.md,308,基准 / 正常兑现,4,流动性信用压力,强烈不建议投资,-77,-57,强烈不建议投资｜-77%～-57%｜低
SMTC,D:\drive\Investment\分析报告\公司情景投资决策\结果\SMTC_经营情景市场状态投资决策_2026-07-15.md,309,乐观 / 超预期,0,宽基风险扩张,建议投资,+2,+46,建议投资｜+2%～+46%｜中
SMTC,D:\drive\Investment\分析报告\公司情景投资决策\结果\SMTC_经营情景市场状态投资决策_2026-07-15.md,309,乐观 / 超预期,1,窄幅主题主导上涨,建议投资,+11,+62,建议投资｜+11%～+62%｜中
SMTC,D:\drive\Investment\分析报告\公司情景投资决策\结果\SMTC_经营情景市场状态投资决策_2026-07-15.md,309,乐观 / 超预期,2,震荡均值回归,中性 / 等待,-19,+21,中性 / 等待｜-19%～+21%｜中
SMTC,D:\drive\Investment\分析报告\公司情景投资决策\结果\SMTC_经营情景市场状态投资决策_2026-07-15.md,309,乐观 / 超预期,3,有序风险收缩,不建议投资,-39,-3,不建议投资｜-39%～-3%｜低
SMTC,D:\drive\Investment\分析报告\公司情景投资决策\结果\SMTC_经营情景市场状态投资决策_2026-07-15.md,309,乐观 / 超预期,4,流动性信用压力,强烈不建议投资,-59,-27,强烈不建议投资｜-59%～-27%｜低
SMTC,D:\drive\Investment\分析报告\公司情景投资决策\结果\SMTC_经营情景市场状态投资决策_2026-07-15.md,310,突破 / 非线性,0,宽基风险扩张,强烈建议投资,+50,+122,强烈建议投资｜+50%～+122%｜低
SMTC,D:\drive\Investment\分析报告\公司情景投资决策\结果\SMTC_经营情景市场状态投资决策_2026-07-15.md,310,突破 / 非线性,1,窄幅主题主导上涨,强烈建议投资,+67,+148,强烈建议投资｜+67%～+148%｜低
SMTC,D:\drive\Investment\分析报告\公司情景投资决策\结果\SMTC_经营情景市场状态投资决策_2026-07-15.md,310,突破 / 非线性,2,震荡均值回归,强烈建议投资,+23,+88,强烈建议投资｜+23%～+88%｜低
SMTC,D:\drive\Investment\分析报告\公司情景投资决策\结果\SMTC_经营情景市场状态投资决策_2026-07-15.md,310,突破 / 非线性,3,有序风险收缩,建议投资,-3,+55,建议投资｜-3%～+55%｜低
SMTC,D:\drive\Investment\分析报告\公司情景投资决策\结果\SMTC_经营情景市场状态投资决策_2026-07-15.md,310,突破 / 非线性,4,流动性信用压力,不建议投资,-32,+19,不建议投资｜-32%～+19%｜低
SMTOY,D:\drive\Investment\分析报告\公司情景投资决策\结果\SMTOY_经营情景市场状态投资决策_2026-07-15.md,363,悲观 / 受损,0,宽基风险扩张,强烈不建议投资,-53.5,-33.8,强烈不建议投资｜-53.5%～-33.8%｜中
SMTOY,D:\drive\Investment\分析报告\公司情景投资决策\结果\SMTOY_经营情景市场状态投资决策_2026-07-15.md,363,悲观 / 受损,1,窄幅主题主导上涨,强烈不建议投资,-62.5,-44.6,强烈不建议投资｜-62.5%～-44.6%｜中
SMTOY,D:\drive\Investment\分析报告\公司情景投资决策\结果\SMTOY_经营情景市场状态投资决策_2026-07-15.md,363,悲观 / 受损,2,震荡均值回归,强烈不建议投资,-59.5,-41.0,强烈不建议投资｜-59.5%～-41.0%｜中
SMTOY,D:\drive\Investment\分析报告\公司情景投资决策\结果\SMTOY_经营情景市场状态投资决策_2026-07-15.md,363,悲观 / 受损,3,有序风险收缩,强烈不建议投资,-68.5,-51.8,强烈不建议投资｜-68.5%～-51.8%｜中
SMTOY,D:\drive\Investment\分析报告\公司情景投资决策\结果\SMTOY_经营情景市场状态投资决策_2026-07-15.md,363,悲观 / 受损,4,流动性信用压力,强烈不建议投资,-77.5,-62.5,强烈不建议投资｜-77.5%～-62.5%｜低
SMTOY,D:\drive\Investment\分析报告\公司情景投资决策\结果\SMTOY_经营情景市场状态投资决策_2026-07-15.md,364,基准 / 正常兑现,0,宽基风险扩张,中性 / 等待,-15.1,+17.7,中性 / 等待｜-15.1%～+17.7%｜中
SMTOY,D:\drive\Investment\分析报告\公司情景投资决策\结果\SMTOY_经营情景市场状态投资决策_2026-07-15.md,364,基准 / 正常兑现,1,窄幅主题主导上涨,中性 / 等待,-10.7,+22.8,中性 / 等待｜-10.7%～+22.8%｜中
SMTOY,D:\drive\Investment\分析报告\公司情景投资决策\结果\SMTOY_经营情景市场状态投资决策_2026-07-15.md,364,基准 / 正常兑现,2,震荡均值回归,不建议投资,-23.9,+7.6,不建议投资｜-23.9%～+7.6%｜中
SMTOY,D:\drive\Investment\分析报告\公司情景投资决策\结果\SMTOY_经营情景市场状态投资决策_2026-07-15.md,364,基准 / 正常兑现,3,有序风险收缩,强烈不建议投资,-37.0,-7.5,强烈不建议投资｜-37.0%～-7.5%｜中
SMTOY,D:\drive\Investment\分析报告\公司情景投资决策\结果\SMTOY_经营情景市场状态投资决策_2026-07-15.md,364,基准 / 正常兑现,4,流动性信用压力,强烈不建议投资,-54.5,-27.7,强烈不建议投资｜-54.5%～-27.7%｜低
SMTOY,D:\drive\Investment\分析报告\公司情景投资决策\结果\SMTOY_经营情景市场状态投资决策_2026-07-15.md,365,乐观 / 超预期,0,宽基风险扩张,建议投资,+10.4,+56.0,建议投资｜+10.4%～+56.0%｜中
SMTOY,D:\drive\Investment\分析报告\公司情景投资决策\结果\SMTOY_经营情景市场状态投资决策_2026-07-15.md,365,乐观 / 超预期,1,窄幅主题主导上涨,建议投资,+20.8,+74.6,建议投资｜+20.8%～+74.6%｜中
SMTOY,D:\drive\Investment\分析报告\公司情景投资决策\结果\SMTOY_经营情景市场状态投资决策_2026-07-15.md,365,乐观 / 超预期,2,震荡均值回归,谨慎建议投资,+0.1,+43.7,谨慎建议投资｜+0.1%～+43.7%｜中
SMTOY,D:\drive\Investment\分析报告\公司情景投资决策\结果\SMTOY_经营情景市场状态投资决策_2026-07-15.md,365,乐观 / 超预期,3,有序风险收缩,中性 / 等待,-15.5,+25.2,中性 / 等待｜-15.5%～+25.2%｜中
SMTOY,D:\drive\Investment\分析报告\公司情景投资决策\结果\SMTOY_经营情景市场状态投资决策_2026-07-15.md,365,乐观 / 超预期,4,流动性信用压力,强烈不建议投资,-36.2,+0.5,强烈不建议投资｜-36.2%～+0.5%｜低
SMTOY,D:\drive\Investment\分析报告\公司情景投资决策\结果\SMTOY_经营情景市场状态投资决策_2026-07-15.md,366,突破 / 非线性,0,宽基风险扩张,强烈建议投资,+46.7,+124.8,强烈建议投资｜+46.7%～+124.8%｜低
SMTOY,D:\drive\Investment\分析报告\公司情景投资决策\结果\SMTOY_经营情景市场状态投资决策_2026-07-15.md,366,突破 / 非线性,1,窄幅主题主导上涨,强烈建议投资,+65.7,+156.7,强烈建议投资｜+65.7%～+156.7%｜低
SMTOY,D:\drive\Investment\分析报告\公司情景投资决策\结果\SMTOY_经营情景市场状态投资决策_2026-07-15.md,366,突破 / 非线性,2,震荡均值回归,强烈建议投资,+34.1,+108.9,强烈建议投资｜+34.1%～+108.9%｜低
SMTOY,D:\drive\Investment\分析报告\公司情景投资决策\结果\SMTOY_经营情景市场状态投资决策_2026-07-15.md,366,突破 / 非线性,3,有序风险收缩,建议投资,+8.9,+77.0,建议投资｜+8.9%～+77.0%｜低
SMTOY,D:\drive\Investment\分析报告\公司情景投资决策\结果\SMTOY_经营情景市场状态投资决策_2026-07-15.md,366,突破 / 非线性,4,流动性信用压力,谨慎建议投资,-16.4,+45.1,谨慎建议投资｜-16.4%～+45.1%｜低
SNDK,D:\drive\Investment\分析报告\公司情景投资决策\结果\SNDK_经营情景市场状态投资决策_2026-07-15.md,283,悲观 / 受损,0,宽基风险扩张,强烈不建议投资,-90,-70,强烈不建议投资｜-90%～-70%｜中
SNDK,D:\drive\Investment\分析报告\公司情景投资决策\结果\SNDK_经营情景市场状态投资决策_2026-07-15.md,283,悲观 / 受损,1,窄幅主题主导上涨,强烈不建议投资,-89,-64,强烈不建议投资｜-89%～-64%｜中
SNDK,D:\drive\Investment\分析报告\公司情景投资决策\结果\SNDK_经营情景市场状态投资决策_2026-07-15.md,283,悲观 / 受损,2,震荡均值回归,强烈不建议投资,-91,-74,强烈不建议投资｜-91%～-74%｜中
SNDK,D:\drive\Investment\分析报告\公司情景投资决策\结果\SNDK_经营情景市场状态投资决策_2026-07-15.md,283,悲观 / 受损,3,有序风险收缩,强烈不建议投资,-93,-79,强烈不建议投资｜-93%～-79%｜低
SNDK,D:\drive\Investment\分析报告\公司情景投资决策\结果\SNDK_经营情景市场状态投资决策_2026-07-15.md,283,悲观 / 受损,4,流动性信用压力,强烈不建议投资,-95,-84,强烈不建议投资｜-95%～-84%｜低
SNDK,D:\drive\Investment\分析报告\公司情景投资决策\结果\SNDK_经营情景市场状态投资决策_2026-07-15.md,284,基准 / 正常兑现,0,宽基风险扩张,不建议投资,-50,+9,不建议投资｜-50%～+9%｜中
SNDK,D:\drive\Investment\分析报告\公司情景投资决策\结果\SNDK_经营情景市场状态投资决策_2026-07-15.md,284,基准 / 正常兑现,1,窄幅主题主导上涨,不建议投资,-43,+29,不建议投资｜-43%～+29%｜中
SNDK,D:\drive\Investment\分析报告\公司情景投资决策\结果\SNDK_经营情景市场状态投资决策_2026-07-15.md,284,基准 / 正常兑现,2,震荡均值回归,不建议投资,-58,-3,不建议投资｜-58%～-3%｜中
SNDK,D:\drive\Investment\分析报告\公司情景投资决策\结果\SNDK_经营情景市场状态投资决策_2026-07-15.md,284,基准 / 正常兑现,3,有序风险收缩,强烈不建议投资,-64,-23,强烈不建议投资｜-64%～-23%｜低
SNDK,D:\drive\Investment\分析报告\公司情景投资决策\结果\SNDK_经营情景市场状态投资决策_2026-07-15.md,284,基准 / 正常兑现,4,流动性信用压力,强烈不建议投资,-75,-42,强烈不建议投资｜-75%～-42%｜低
SNDK,D:\drive\Investment\分析报告\公司情景投资决策\结果\SNDK_经营情景市场状态投资决策_2026-07-15.md,285,乐观 / 超预期,0,宽基风险扩张,建议投资,-6,+114,建议投资｜-6%～+114%｜中
SNDK,D:\drive\Investment\分析报告\公司情景投资决策\结果\SNDK_经营情景市场状态投资决策_2026-07-15.md,285,乐观 / 超预期,1,窄幅主题主导上涨,建议投资,+6,+159,建议投资｜+6%～+159%｜中
SNDK,D:\drive\Investment\分析报告\公司情景投资决策\结果\SNDK_经营情景市场状态投资决策_2026-07-15.md,285,乐观 / 超预期,2,震荡均值回归,谨慎建议投资,-22,+91,谨慎建议投资｜-22%～+91%｜中
SNDK,D:\drive\Investment\分析报告\公司情景投资决策\结果\SNDK_经营情景市场状态投资决策_2026-07-15.md,285,乐观 / 超预期,3,有序风险收缩,谨慎建议投资,-33,+58,谨慎建议投资｜-33%～+58%｜低
SNDK,D:\drive\Investment\分析报告\公司情景投资决策\结果\SNDK_经营情景市场状态投资决策_2026-07-15.md,285,乐观 / 超预期,4,流动性信用压力,不建议投资,-49,+13,不建议投资｜-49%～+13%｜低
SNDK,D:\drive\Investment\分析报告\公司情景投资决策\结果\SNDK_经营情景市场状态投资决策_2026-07-15.md,286,突破 / 非线性,0,宽基风险扩张,强烈建议投资,+72,+319,强烈建议投资｜+72%～+319%｜低
SNDK,D:\drive\Investment\分析报告\公司情景投资决策\结果\SNDK_经营情景市场状态投资决策_2026-07-15.md,286,突破 / 非线性,1,窄幅主题主导上涨,强烈建议投资,+96,+396,强烈建议投资｜+96%～+396%｜低
SNDK,D:\drive\Investment\分析报告\公司情景投资决策\结果\SNDK_经营情景市场状态投资决策_2026-07-15.md,286,突破 / 非线性,2,震荡均值回归,强烈建议投资,+42,+281,强烈建议投资｜+42%～+281%｜低
SNDK,D:\drive\Investment\分析报告\公司情景投资决策\结果\SNDK_经营情景市场状态投资决策_2026-07-15.md,286,突破 / 非线性,3,有序风险收缩,建议投资,+22,+204,建议投资｜+22%～+204%｜低
SNDK,D:\drive\Investment\分析报告\公司情景投资决策\结果\SNDK_经营情景市场状态投资决策_2026-07-15.md,286,突破 / 非线性,4,流动性信用压力,谨慎建议投资,-9,+128,谨慎建议投资｜-9%～+128%｜低
SNPS,D:\drive\Investment\分析报告\公司情景投资决策\结果\SNPS_经营情景市场状态投资决策_2026-07-15.md,374,悲观 / 受损,0,宽基风险扩张,强烈不建议投资,-72,-20,强烈不建议投资｜-72%〜-20%｜低
SNPS,D:\drive\Investment\分析报告\公司情景投资决策\结果\SNPS_经营情景市场状态投资决策_2026-07-15.md,374,悲观 / 受损,1,窄幅主题主导上涨,强烈不建议投资,-74,-25,强烈不建议投资｜-74%〜-25%｜低
SNPS,D:\drive\Investment\分析报告\公司情景投资决策\结果\SNPS_经营情景市场状态投资决策_2026-07-15.md,374,悲观 / 受损,2,震荡均值回归,强烈不建议投资,-76,-30,强烈不建议投资｜-76%〜-30%｜低
SNPS,D:\drive\Investment\分析报告\公司情景投资决策\结果\SNPS_经营情景市场状态投资决策_2026-07-15.md,374,悲观 / 受损,3,有序风险收缩,强烈不建议投资,-81,-45,强烈不建议投资｜-81%〜-45%｜低
SNPS,D:\drive\Investment\分析报告\公司情景投资决策\结果\SNPS_经营情景市场状态投资决策_2026-07-15.md,374,悲观 / 受损,4,流动性信用压力,强烈不建议投资,-87,-59,强烈不建议投资｜-87%〜-59%｜低
SNPS,D:\drive\Investment\分析报告\公司情景投资决策\结果\SNPS_经营情景市场状态投资决策_2026-07-15.md,375,基准 / 正常兑现,0,宽基风险扩张,中性 / 等待,-38,+35,中性 / 等待｜-38%〜+35%｜中
SNPS,D:\drive\Investment\分析报告\公司情景投资决策\结果\SNPS_经营情景市场状态投资决策_2026-07-15.md,375,基准 / 正常兑现,1,窄幅主题主导上涨,中性 / 等待,-43,+29,中性 / 等待｜-43%〜+29%｜中
SNPS,D:\drive\Investment\分析报告\公司情景投资决策\结果\SNPS_经营情景市场状态投资决策_2026-07-15.md,375,基准 / 正常兑现,2,震荡均值回归,不建议投资,-47,+17,不建议投资｜-47%〜+17%｜低
SNPS,D:\drive\Investment\分析报告\公司情景投资决策\结果\SNPS_经营情景市场状态投资决策_2026-07-15.md,375,基准 / 正常兑现,3,有序风险收缩,强烈不建议投资,-58,-2,强烈不建议投资｜-58%〜-2%｜低
SNPS,D:\drive\Investment\分析报告\公司情景投资决策\结果\SNPS_经营情景市场状态投资决策_2026-07-15.md,375,基准 / 正常兑现,4,流动性信用压力,强烈不建议投资,-69,-27,强烈不建议投资｜-69%〜-27%｜低
SNPS,D:\drive\Investment\分析报告\公司情景投资决策\结果\SNPS_经营情景市场状态投资决策_2026-07-15.md,376,乐观 / 超预期,0,宽基风险扩张,谨慎建议投资,-8,+80,谨慎建议投资｜-8%〜+80%｜低
SNPS,D:\drive\Investment\分析报告\公司情景投资决策\结果\SNPS_经营情景市场状态投资决策_2026-07-15.md,376,乐观 / 超预期,1,窄幅主题主导上涨,谨慎建议投资,-16,+68,谨慎建议投资｜-16%〜+68%｜低
SNPS,D:\drive\Investment\分析报告\公司情景投资决策\结果\SNPS_经营情景市场状态投资决策_2026-07-15.md,376,乐观 / 超预期,2,震荡均值回归,谨慎建议投资,-23,+54,谨慎建议投资｜-23%〜+54%｜低
SNPS,D:\drive\Investment\分析报告\公司情景投资决策\结果\SNPS_经营情景市场状态投资决策_2026-07-15.md,376,乐观 / 超预期,3,有序风险收缩,中性 / 等待,-38,+33,中性 / 等待｜-38%〜+33%｜低
SNPS,D:\drive\Investment\分析报告\公司情景投资决策\结果\SNPS_经营情景市场状态投资决策_2026-07-15.md,376,乐观 / 超预期,4,流动性信用压力,不建议投资,-54,+5,不建议投资｜-54%〜+5%｜低
SNPS,D:\drive\Investment\分析报告\公司情景投资决策\结果\SNPS_经营情景市场状态投资决策_2026-07-15.md,377,突破 / 非线性,0,宽基风险扩张,强烈建议投资,+23,+171,强烈建议投资｜+23%〜+171%｜低
SNPS,D:\drive\Investment\分析报告\公司情景投资决策\结果\SNPS_经营情景市场状态投资决策_2026-07-15.md,377,突破 / 非线性,1,窄幅主题主导上涨,建议投资,+13,+138,建议投资｜+13%〜+138%｜低
SNPS,D:\drive\Investment\分析报告\公司情景投资决策\结果\SNPS_经营情景市场状态投资决策_2026-07-15.md,377,突破 / 非线性,2,震荡均值回归,建议投资,+4,+112,建议投资｜+4%〜+112%｜低
SNPS,D:\drive\Investment\分析报告\公司情景投资决策\结果\SNPS_经营情景市场状态投资决策_2026-07-15.md,377,突破 / 非线性,3,有序风险收缩,谨慎建议投资,-16,+73,谨慎建议投资｜-16%〜+73%｜低
SNPS,D:\drive\Investment\分析报告\公司情景投资决策\结果\SNPS_经营情景市场状态投资决策_2026-07-15.md,377,突破 / 非线性,4,流动性信用压力,中性 / 等待,-37,+31,中性 / 等待｜-37%〜+31%｜低
SOMMY,D:\drive\Investment\分析报告\公司情景投资决策\结果\SOMMY_经营情景市场状态投资决策_2026-07-15.md,458,悲观 / 受损,0,宽基风险扩张,强烈不建议投资,-43.9,-16.9,强烈不建议投资｜−43.9%～−16.9%｜中
SOMMY,D:\drive\Investment\分析报告\公司情景投资决策\结果\SOMMY_经营情景市场状态投资决策_2026-07-15.md,458,悲观 / 受损,1,窄幅主题主导上涨,强烈不建议投资,-49.3,-24.2,强烈不建议投资｜−49.3%～−24.2%｜中
SOMMY,D:\drive\Investment\分析报告\公司情景投资决策\结果\SOMMY_经营情景市场状态投资决策_2026-07-15.md,458,悲观 / 受损,2,震荡均值回归,强烈不建议投资,-51.2,-27.8,强烈不建议投资｜−51.2%～−27.8%｜中
SOMMY,D:\drive\Investment\分析报告\公司情景投资决策\结果\SOMMY_经营情景市场状态投资决策_2026-07-15.md,458,悲观 / 受损,3,有序风险收缩,强烈不建议投资,-58.4,-36.9,强烈不建议投资｜−58.4%～−36.9%｜中
SOMMY,D:\drive\Investment\分析报告\公司情景投资决策\结果\SOMMY_经营情景市场状态投资决策_2026-07-15.md,458,悲观 / 受损,4,流动性信用压力,强烈不建议投资,-73.0,-49.7,强烈不建议投资｜−73.0%～−49.7%｜低
SOMMY,D:\drive\Investment\分析报告\公司情景投资决策\结果\SOMMY_经营情景市场状态投资决策_2026-07-15.md,459,基准 / 正常兑现,0,宽基风险扩张,谨慎建议投资,+6.8,+41.4,谨慎建议投资｜+6.8%～+41.4%｜中
SOMMY,D:\drive\Investment\分析报告\公司情景投资决策\结果\SOMMY_经营情景市场状态投资决策_2026-07-15.md,459,基准 / 正常兑现,1,窄幅主题主导上涨,谨慎建议投资,-2.3,+30.5,谨慎建议投资｜−2.3%～+30.5%｜中
SOMMY,D:\drive\Investment\分析报告\公司情景投资决策\结果\SOMMY_经营情景市场状态投资决策_2026-07-15.md,459,基准 / 正常兑现,2,震荡均值回归,中性 / 等待,-9.6,+21.4,中性 / 等待｜−9.6%～+21.4%｜中
SOMMY,D:\drive\Investment\分析报告\公司情景投资决策\结果\SOMMY_经营情景市场状态投资决策_2026-07-15.md,459,基准 / 正常兑现,3,有序风险收缩,不建议投资,-24.2,+5.0,不建议投资｜−24.2%～+5.0%｜中
SOMMY,D:\drive\Investment\分析报告\公司情景投资决策\结果\SOMMY_经营情景市场状态投资决策_2026-07-15.md,459,基准 / 正常兑现,4,流动性信用压力,强烈不建议投资,-42.4,-15.1,强烈不建议投资｜−42.4%～−15.1%｜低
SOMMY,D:\drive\Investment\分析报告\公司情景投资决策\结果\SOMMY_经营情景市场状态投资决策_2026-07-15.md,460,乐观 / 超预期,0,宽基风险扩张,强烈建议投资,+52.4,+100.5,强烈建议投资｜+52.4%～+100.5%｜中
SOMMY,D:\drive\Investment\分析报告\公司情景投资决策\结果\SOMMY_经营情景市场状态投资决策_2026-07-15.md,460,乐观 / 超预期,1,窄幅主题主导上涨,强烈建议投资,+41.4,+85.9,强烈建议投资｜+41.4%～+85.9%｜中
SOMMY,D:\drive\Investment\分析报告\公司情景投资决策\结果\SOMMY_经营情景市场状态投资决策_2026-07-15.md,460,乐观 / 超预期,2,震荡均值回归,强烈建议投资,+30.5,+71.3,强烈建议投资｜+30.5%～+71.3%｜中
SOMMY,D:\drive\Investment\分析报告\公司情景投资决策\结果\SOMMY_经营情景市场状态投资决策_2026-07-15.md,460,乐观 / 超预期,3,有序风险收缩,建议投资,+12.3,+49.4,建议投资｜+12.3%～+49.4%｜中
SOMMY,D:\drive\Investment\分析报告\公司情景投资决策\结果\SOMMY_经营情景市场状态投资决策_2026-07-15.md,460,乐观 / 超预期,4,流动性信用压力,中性 / 等待,-11.4,+22.1,中性 / 等待｜−11.4%～+22.1%｜低
SOMMY,D:\drive\Investment\分析报告\公司情景投资决策\结果\SOMMY_经营情景市场状态投资决策_2026-07-15.md,461,突破 / 非线性,0,宽基风险扩张,强烈建议投资,+113.2,+186.9,强烈建议投资｜+113.2%～+186.9%｜低
SOMMY,D:\drive\Investment\分析报告\公司情景投资决策\结果\SOMMY_经营情景市场状态投资决策_2026-07-15.md,461,突破 / 非线性,1,窄幅主题主导上涨,强烈建议投资,+95.0,+163.2,强烈建议投资｜+95.0%～+163.2%｜低
SOMMY,D:\drive\Investment\分析报告\公司情景投资决策\结果\SOMMY_经营情景市场状态投资决策_2026-07-15.md,461,突破 / 非线性,2,震荡均值回归,强烈建议投资,+76.8,+141.3,强烈建议投资｜+76.8%～+141.3%｜低
SOMMY,D:\drive\Investment\分析报告\公司情景投资决策\结果\SOMMY_经营情景市场状态投资决策_2026-07-15.md,461,突破 / 非线性,3,有序风险收缩,强烈建议投资,+53.1,+104.8,强烈建议投资｜+53.1%～+104.8%｜低
SOMMY,D:\drive\Investment\分析报告\公司情景投资决策\结果\SOMMY_经营情景市场状态投资决策_2026-07-15.md,461,突破 / 非线性,4,流动性信用压力,建议投资,+22.1,+68.4,建议投资｜+22.1%～+68.4%｜低
ST,D:\drive\Investment\分析报告\公司情景投资决策\结果\ST_经营情景市场状态投资决策_2026-07-15.md,316,悲观 / 受损,0,宽基风险扩张,不建议投资,-43,-9,不建议投资｜-43%～-9%｜中
ST,D:\drive\Investment\分析报告\公司情景投资决策\结果\ST_经营情景市场状态投资决策_2026-07-15.md,316,悲观 / 受损,1,窄幅主题主导上涨,强烈不建议投资,-47,-16,强烈不建议投资｜-47%～-16%｜中
ST,D:\drive\Investment\分析报告\公司情景投资决策\结果\ST_经营情景市场状态投资决策_2026-07-15.md,316,悲观 / 受损,2,震荡均值回归,强烈不建议投资,-52,-23,强烈不建议投资｜-52%～-23%｜中
ST,D:\drive\Investment\分析报告\公司情景投资决策\结果\ST_经营情景市场状态投资决策_2026-07-15.md,316,悲观 / 受损,3,有序风险收缩,强烈不建议投资,-61,-34,强烈不建议投资｜-61%～-34%｜低
ST,D:\drive\Investment\分析报告\公司情景投资决策\结果\ST_经营情景市场状态投资决策_2026-07-15.md,316,悲观 / 受损,4,流动性信用压力,强烈不建议投资,-74,-47,强烈不建议投资｜-74%～-47%｜低
ST,D:\drive\Investment\分析报告\公司情景投资决策\结果\ST_经营情景市场状态投资决策_2026-07-15.md,317,基准 / 正常兑现,0,宽基风险扩张,谨慎建议投资,-7,+36,谨慎建议投资｜-7%～+36%｜中
ST,D:\drive\Investment\分析报告\公司情景投资决策\结果\ST_经营情景市场状态投资决策_2026-07-15.md,317,基准 / 正常兑现,1,窄幅主题主导上涨,中性 / 等待,-14,+29,中性 / 等待｜-14%～+29%｜中
ST,D:\drive\Investment\分析报告\公司情景投资决策\结果\ST_经营情景市场状态投资决策_2026-07-15.md,317,基准 / 正常兑现,2,震荡均值回归,中性 / 等待,-20,+22,中性 / 等待｜-20%～+22%｜中
ST,D:\drive\Investment\分析报告\公司情景投资决策\结果\ST_经营情景市场状态投资决策_2026-07-15.md,317,基准 / 正常兑现,3,有序风险收缩,不建议投资,-34,+7,不建议投资｜-34%～+7%｜中
ST,D:\drive\Investment\分析报告\公司情景投资决策\结果\ST_经营情景市场状态投资决策_2026-07-15.md,317,基准 / 正常兑现,4,流动性信用压力,强烈不建议投资,-52,-14,强烈不建议投资｜-52%～-14%｜低
ST,D:\drive\Investment\分析报告\公司情景投资决策\结果\ST_经营情景市场状态投资决策_2026-07-15.md,318,乐观 / 超预期,0,宽基风险扩张,强烈建议投资,+22,+81,强烈建议投资｜+22%～+81%｜中
ST,D:\drive\Investment\分析报告\公司情景投资决策\结果\ST_经营情景市场状态投资决策_2026-07-15.md,318,乐观 / 超预期,1,窄幅主题主导上涨,强烈建议投资,+22,+85,强烈建议投资｜+22%～+85%｜中
ST,D:\drive\Investment\分析报告\公司情景投资决策\结果\ST_经营情景市场状态投资决策_2026-07-15.md,318,乐观 / 超预期,2,震荡均值回归,建议投资,+7,+65,建议投资｜+7%～+65%｜中
ST,D:\drive\Investment\分析报告\公司情景投资决策\结果\ST_经营情景市场状态投资决策_2026-07-15.md,318,乐观 / 超预期,3,有序风险收缩,谨慎建议投资,-11,+45,谨慎建议投资｜-11%～+45%｜低
ST,D:\drive\Investment\分析报告\公司情景投资决策\结果\ST_经营情景市场状态投资决策_2026-07-15.md,318,乐观 / 超预期,4,流动性信用压力,不建议投资,-31,+25,不建议投资｜-31%～+25%｜低
ST,D:\drive\Investment\分析报告\公司情景投资决策\结果\ST_经营情景市场状态投资决策_2026-07-15.md,319,突破 / 非线性,0,宽基风险扩张,强烈建议投资,+54,+143,强烈建议投资｜+54%～+143%｜低
ST,D:\drive\Investment\分析报告\公司情景投资决策\结果\ST_经营情景市场状态投资决策_2026-07-15.md,319,突破 / 非线性,1,窄幅主题主导上涨,强烈建议投资,+47,+152,强烈建议投资｜+47%～+152%｜低
ST,D:\drive\Investment\分析报告\公司情景投资决策\结果\ST_经营情景市场状态投资决策_2026-07-15.md,319,突破 / 非线性,2,震荡均值回归,强烈建议投资,+31,+125,强烈建议投资｜+31%～+125%｜低
ST,D:\drive\Investment\分析报告\公司情景投资决策\结果\ST_经营情景市场状态投资决策_2026-07-15.md,319,突破 / 非线性,3,有序风险收缩,建议投资,+9,+92,建议投资｜+9%～+92%｜低
ST,D:\drive\Investment\分析报告\公司情景投资决策\结果\ST_经营情景市场状态投资决策_2026-07-15.md,319,突破 / 非线性,4,流动性信用压力,谨慎建议投资,-16,+63,谨慎建议投资｜-16%～+63%｜低
STM,D:\drive\Investment\分析报告\公司情景投资决策\结果\STM_经营情景市场状态投资决策_2026-07-15.md,383,悲观 / 受损,0,宽基风险扩张,强烈不建议投资,-72.6,-59.4,强烈不建议投资｜-72.6%～-59.4%｜低
STM,D:\drive\Investment\分析报告\公司情景投资决策\结果\STM_经营情景市场状态投资决策_2026-07-15.md,383,悲观 / 受损,1,窄幅主题主导上涨,强烈不建议投资,-74.1,-60.8,强烈不建议投资｜-74.1%～-60.8%｜低
STM,D:\drive\Investment\分析报告\公司情景投资决策\结果\STM_经营情景市场状态投资决策_2026-07-15.md,383,悲观 / 受损,2,震荡均值回归,强烈不建议投资,-77.1,-65.3,强烈不建议投资｜-77.1%～-65.3%｜低
STM,D:\drive\Investment\分析报告\公司情景投资决策\结果\STM_经营情景市场状态投资决策_2026-07-15.md,383,悲观 / 受损,3,有序风险收缩,强烈不建议投资,-81.5,-71.2,强烈不建议投资｜-81.5%～-71.2%｜低
STM,D:\drive\Investment\分析报告\公司情景投资决策\结果\STM_经营情景市场状态投资决策_2026-07-15.md,383,悲观 / 受损,4,流动性信用压力,强烈不建议投资,-88.9,-80.0,强烈不建议投资｜-88.9%～-80.0%｜低
STM,D:\drive\Investment\分析报告\公司情景投资决策\结果\STM_经营情景市场状态投资决策_2026-07-15.md,384,基准 / 正常兑现,0,宽基风险扩张,不建议投资,-41.6,-19.5,不建议投资｜-41.6%～-19.5%｜中
STM,D:\drive\Investment\分析报告\公司情景投资决策\结果\STM_经营情景市场状态投资决策_2026-07-15.md,384,基准 / 正常兑现,1,窄幅主题主导上涨,不建议投资,-43.1,-18.0,不建议投资｜-43.1%～-18.0%｜中
STM,D:\drive\Investment\分析报告\公司情景投资决策\结果\STM_经营情景市场状态投资决策_2026-07-15.md,384,基准 / 正常兑现,2,震荡均值回归,不建议投资,-49.0,-28.4,不建议投资｜-49.0%～-28.4%｜中
STM,D:\drive\Investment\分析报告\公司情景投资决策\结果\STM_经营情景市场状态投资决策_2026-07-15.md,384,基准 / 正常兑现,3,有序风险收缩,不建议投资,-59.4,-41.6,不建议投资｜-59.4%～-41.6%｜低
STM,D:\drive\Investment\分析报告\公司情景投资决策\结果\STM_经营情景市场状态投资决策_2026-07-15.md,384,基准 / 正常兑现,4,流动性信用压力,强烈不建议投资,-71.2,-54.9,强烈不建议投资｜-71.2%～-54.9%｜低
STM,D:\drive\Investment\分析报告\公司情景投资决策\结果\STM_经营情景市场状态投资决策_2026-07-15.md,385,乐观 / 超预期,0,宽基风险扩张,谨慎建议投资,-1.8,+30.7,谨慎建议投资｜-1.8%～+30.7%｜中
STM,D:\drive\Investment\分析报告\公司情景投资决策\结果\STM_经营情景市场状态投资决策_2026-07-15.md,385,乐观 / 超预期,1,窄幅主题主导上涨,建议投资,+4.1,+42.5,建议投资｜+4.1%～+42.5%｜中
STM,D:\drive\Investment\分析报告\公司情景投资决策\结果\STM_经营情景市场状态投资决策_2026-07-15.md,385,乐观 / 超预期,2,震荡均值回归,中性 / 等待,-13.6,+15.9,中性 / 等待｜-13.6%～+15.9%｜中
STM,D:\drive\Investment\分析报告\公司情景投资决策\结果\STM_经营情景市场状态投资决策_2026-07-15.md,385,乐观 / 超预期,3,有序风险收缩,不建议投资,-32.8,-6.2,不建议投资｜-32.8%～-6.2%｜低
STM,D:\drive\Investment\分析报告\公司情景投资决策\结果\STM_经营情景市场状态投资决策_2026-07-15.md,385,乐观 / 超预期,4,流动性信用压力,强烈不建议投资,-52.0,-28.4,强烈不建议投资｜-52.0%～-28.4%｜低
STM,D:\drive\Investment\分析报告\公司情景投资决策\结果\STM_经营情景市场状态投资决策_2026-07-15.md,386,突破 / 非线性,0,宽基风险扩张,强烈建议投资,+51.4,+104.5,强烈建议投资｜+51.4%～+104.5%｜低
STM,D:\drive\Investment\分析报告\公司情景投资决策\结果\STM_经营情景市场状态投资决策_2026-07-15.md,386,突破 / 非线性,1,窄幅主题主导上涨,强烈建议投资,+66.1,+125.2,强烈建议投资｜+66.1%～+125.2%｜低
STM,D:\drive\Investment\分析报告\公司情景投资决策\结果\STM_经营情景市场状态投资决策_2026-07-15.md,386,突破 / 非线性,2,震荡均值回归,建议投资,+30.7,+80.9,建议投资｜+30.7%～+80.9%｜低
STM,D:\drive\Investment\分析报告\公司情景投资决策\结果\STM_经营情景市场状态投资决策_2026-07-15.md,386,突破 / 非线性,3,有序风险收缩,谨慎建议投资,+1.2,+42.5,谨慎建议投资｜+1.2%～+42.5%｜低
STM,D:\drive\Investment\分析报告\公司情景投资决策\结果\STM_经营情景市场状态投资决策_2026-07-15.md,386,突破 / 非线性,4,流动性信用压力,不建议投资,-28.4,+7.1,不建议投资｜-28.4%～+7.1%｜低
STX,D:\drive\Investment\分析报告\公司情景投资决策\结果\备份\STX_2026-08-19T12_34_50-07_00-83185a930e\STX_经营情景市场状态投资决策_2026-07-15.md,304,悲观 / 受损,0,宽基风险扩张,强烈不建议投资,-83,-53,强烈不建议投资｜-83%～-53%｜低
STX,D:\drive\Investment\分析报告\公司情景投资决策\结果\备份\STX_2026-08-19T12_34_50-07_00-83185a930e\STX_经营情景市场状态投资决策_2026-07-15.md,304,悲观 / 受损,1,窄幅主题主导上涨,强烈不建议投资,-84,-55,强烈不建议投资｜-84%～-55%｜低
STX,D:\drive\Investment\分析报告\公司情景投资决策\结果\备份\STX_2026-08-19T12_34_50-07_00-83185a930e\STX_经营情景市场状态投资决策_2026-07-15.md,304,悲观 / 受损,2,震荡均值回归,强烈不建议投资,-86,-61,强烈不建议投资｜-86%～-61%｜低
STX,D:\drive\Investment\分析报告\公司情景投资决策\结果\备份\STX_2026-08-19T12_34_50-07_00-83185a930e\STX_经营情景市场状态投资决策_2026-07-15.md,304,悲观 / 受损,3,有序风险收缩,强烈不建议投资,-90,-67,强烈不建议投资｜-90%～-67%｜低
STX,D:\drive\Investment\分析报告\公司情景投资决策\结果\备份\STX_2026-08-19T12_34_50-07_00-83185a930e\STX_经营情景市场状态投资决策_2026-07-15.md,304,悲观 / 受损,4,流动性信用压力,强烈不建议投资,-92,-75,强烈不建议投资｜-92%～-75%｜低
STX,D:\drive\Investment\分析报告\公司情景投资决策\结果\备份\STX_2026-08-19T12_34_50-07_00-83185a930e\STX_经营情景市场状态投资决策_2026-07-15.md,305,基准 / 正常兑现,0,宽基风险扩张,强烈不建议投资,-51,-10,强烈不建议投资｜-51%～-10%｜中
STX,D:\drive\Investment\分析报告\公司情景投资决策\结果\备份\STX_2026-08-19T12_34_50-07_00-83185a930e\STX_经营情景市场状态投资决策_2026-07-15.md,305,基准 / 正常兑现,1,窄幅主题主导上涨,不建议投资,-44,-1,不建议投资｜-44%～-1%｜中
STX,D:\drive\Investment\分析报告\公司情景投资决策\结果\备份\STX_2026-08-19T12_34_50-07_00-83185a930e\STX_经营情景市场状态投资决策_2026-07-15.md,305,基准 / 正常兑现,2,震荡均值回归,强烈不建议投资,-63,-24,强烈不建议投资｜-63%～-24%｜中
STX,D:\drive\Investment\分析报告\公司情景投资决策\结果\备份\STX_2026-08-19T12_34_50-07_00-83185a930e\STX_经营情景市场状态投资决策_2026-07-15.md,305,基准 / 正常兑现,3,有序风险收缩,强烈不建议投资,-72,-39,强烈不建议投资｜-72%～-39%｜低
STX,D:\drive\Investment\分析报告\公司情景投资决策\结果\备份\STX_2026-08-19T12_34_50-07_00-83185a930e\STX_经营情景市场状态投资决策_2026-07-15.md,305,基准 / 正常兑现,4,流动性信用压力,强烈不建议投资,-82,-55,强烈不建议投资｜-82%～-55%｜低
STX,D:\drive\Investment\分析报告\公司情景投资决策\结果\备份\STX_2026-08-19T12_34_50-07_00-83185a930e\STX_经营情景市场状态投资决策_2026-07-15.md,306,乐观 / 超预期,0,宽基风险扩张,中性 / 等待,-30,+26,中性 / 等待｜-30%～+26%｜低
STX,D:\drive\Investment\分析报告\公司情景投资决策\结果\备份\STX_2026-08-19T12_34_50-07_00-83185a930e\STX_经营情景市场状态投资决策_2026-07-15.md,306,乐观 / 超预期,1,窄幅主题主导上涨,谨慎建议投资,-18,+45,谨慎建议投资｜-18%～+45%｜低
STX,D:\drive\Investment\分析报告\公司情景投资决策\结果\备份\STX_2026-08-19T12_34_50-07_00-83185a930e\STX_经营情景市场状态投资决策_2026-07-15.md,306,乐观 / 超预期,2,震荡均值回归,不建议投资,-44,+10,不建议投资｜-44%～+10%｜低
STX,D:\drive\Investment\分析报告\公司情景投资决策\结果\备份\STX_2026-08-19T12_34_50-07_00-83185a930e\STX_经营情景市场状态投资决策_2026-07-15.md,306,乐观 / 超预期,3,有序风险收缩,强烈不建议投资,-57,-9,强烈不建议投资｜-57%～-9%｜低
STX,D:\drive\Investment\分析报告\公司情景投资决策\结果\备份\STX_2026-08-19T12_34_50-07_00-83185a930e\STX_经营情景市场状态投资决策_2026-07-15.md,306,乐观 / 超预期,4,流动性信用压力,强烈不建议投资,-72,-33,强烈不建议投资｜-72%～-33%｜低
STX,D:\drive\Investment\分析报告\公司情景投资决策\结果\备份\STX_2026-08-19T12_34_50-07_00-83185a930e\STX_经营情景市场状态投资决策_2026-07-15.md,307,突破 / 非线性,0,宽基风险扩张,建议投资,-5,+72,建议投资｜-5%～+72%｜低
STX,D:\drive\Investment\分析报告\公司情景投资决策\结果\备份\STX_2026-08-19T12_34_50-07_00-83185a930e\STX_经营情景市场状态投资决策_2026-07-15.md,307,突破 / 非线性,1,窄幅主题主导上涨,建议投资,+13,+108,建议投资｜+13%～+108%｜低
STX,D:\drive\Investment\分析报告\公司情景投资决策\结果\备份\STX_2026-08-19T12_34_50-07_00-83185a930e\STX_经营情景市场状态投资决策_2026-07-15.md,307,突破 / 非线性,2,震荡均值回归,谨慎建议投资,-21,+50,谨慎建议投资｜-21%～+50%｜低
STX,D:\drive\Investment\分析报告\公司情景投资决策\结果\备份\STX_2026-08-19T12_34_50-07_00-83185a930e\STX_经营情景市场状态投资决策_2026-07-15.md,307,突破 / 非线性,3,有序风险收缩,不建议投资,-40,+22,不建议投资｜-40%～+22%｜低
STX,D:\drive\Investment\分析报告\公司情景投资决策\结果\备份\STX_2026-08-19T12_34_50-07_00-83185a930e\STX_经营情景市场状态投资决策_2026-07-15.md,307,突破 / 非线性,4,流动性信用压力,强烈不建议投资,-60,-7,强烈不建议投资｜-60%～-7%｜低
TDY,D:\drive\Investment\分析报告\公司情景投资决策\结果\TDY_经营情景市场状态投资决策_2026-07-15.md,361,悲观 / 受损,0,宽基风险扩张,强烈不建议投资,-44,-20,强烈不建议投资｜-44%～-20%｜中
TDY,D:\drive\Investment\分析报告\公司情景投资决策\结果\TDY_经营情景市场状态投资决策_2026-07-15.md,361,悲观 / 受损,1,窄幅主题主导上涨,强烈不建议投资,-47,-25,强烈不建议投资｜-47%～-25%｜中
TDY,D:\drive\Investment\分析报告\公司情景投资决策\结果\TDY_经营情景市场状态投资决策_2026-07-15.md,361,悲观 / 受损,2,震荡均值回归,强烈不建议投资,-51,-30,强烈不建议投资｜-51%～-30%｜中
TDY,D:\drive\Investment\分析报告\公司情景投资决策\结果\TDY_经营情景市场状态投资决策_2026-07-15.md,361,悲观 / 受损,3,有序风险收缩,强烈不建议投资,-59,-39,强烈不建议投资｜-59%～-39%｜低
TDY,D:\drive\Investment\分析报告\公司情景投资决策\结果\TDY_经营情景市场状态投资决策_2026-07-15.md,361,悲观 / 受损,4,流动性信用压力,强烈不建议投资,-69,-50,强烈不建议投资｜-69%～-50%｜低
TDY,D:\drive\Investment\分析报告\公司情景投资决策\结果\TDY_经营情景市场状态投资决策_2026-07-15.md,362,基准 / 正常兑现,0,宽基风险扩张,中性 / 等待,-14,+18,中性 / 等待｜-14%～+18%｜中
TDY,D:\drive\Investment\分析报告\公司情景投资决策\结果\TDY_经营情景市场状态投资决策_2026-07-15.md,362,基准 / 正常兑现,1,窄幅主题主导上涨,不建议投资,-20,+10,不建议投资｜-20%～+10%｜中
TDY,D:\drive\Investment\分析报告\公司情景投资决策\结果\TDY_经营情景市场状态投资决策_2026-07-15.md,362,基准 / 正常兑现,2,震荡均值回归,不建议投资,-26,+4,不建议投资｜-26%～+4%｜中
TDY,D:\drive\Investment\分析报告\公司情景投资决策\结果\TDY_经营情景市场状态投资决策_2026-07-15.md,362,基准 / 正常兑现,3,有序风险收缩,强烈不建议投资,-36,-9,强烈不建议投资｜-36%～-9%｜低
TDY,D:\drive\Investment\分析报告\公司情景投资决策\结果\TDY_经营情景市场状态投资决策_2026-07-15.md,362,基准 / 正常兑现,4,流动性信用压力,强烈不建议投资,-50,-26,强烈不建议投资｜-50%～-26%｜低
TDY,D:\drive\Investment\分析报告\公司情景投资决策\结果\TDY_经营情景市场状态投资决策_2026-07-15.md,363,乐观 / 超预期,0,宽基风险扩张,建议投资,+7,+50,建议投资｜+7%～+50%｜中
TDY,D:\drive\Investment\分析报告\公司情景投资决策\结果\TDY_经营情景市场状态投资决策_2026-07-15.md,363,乐观 / 超预期,1,窄幅主题主导上涨,谨慎建议投资,+4,+45,谨慎建议投资｜+4%～+45%｜中
TDY,D:\drive\Investment\分析报告\公司情景投资决策\结果\TDY_经营情景市场状态投资决策_2026-07-15.md,363,乐观 / 超预期,2,震荡均值回归,谨慎建议投资,-5,+35,谨慎建议投资｜-5%～+35%｜中
TDY,D:\drive\Investment\分析报告\公司情景投资决策\结果\TDY_经营情景市场状态投资决策_2026-07-15.md,363,乐观 / 超预期,3,有序风险收缩,中性 / 等待,-17,+19,中性 / 等待｜-17%～+19%｜低
TDY,D:\drive\Investment\分析报告\公司情景投资决策\结果\TDY_经营情景市场状态投资决策_2026-07-15.md,363,乐观 / 超预期,4,流动性信用压力,不建议投资,-34,-1,不建议投资｜-34%～-1%｜低
TDY,D:\drive\Investment\分析报告\公司情景投资决策\结果\TDY_经营情景市场状态投资决策_2026-07-15.md,364,突破 / 非线性,0,宽基风险扩张,强烈建议投资,+34,+96,强烈建议投资｜+34%～+96%｜低
TDY,D:\drive\Investment\分析报告\公司情景投资决策\结果\TDY_经营情景市场状态投资决策_2026-07-15.md,364,突破 / 非线性,1,窄幅主题主导上涨,强烈建议投资,+33,+95,强烈建议投资｜+33%～+95%｜低
TDY,D:\drive\Investment\分析报告\公司情景投资决策\结果\TDY_经营情景市场状态投资决策_2026-07-15.md,364,突破 / 非线性,2,震荡均值回归,建议投资,+22,+77,建议投资｜+22%～+77%｜低
TDY,D:\drive\Investment\分析报告\公司情景投资决策\结果\TDY_经营情景市场状态投资决策_2026-07-15.md,364,突破 / 非线性,3,有序风险收缩,谨慎建议投资,+6,+58,谨慎建议投资｜+6%～+58%｜低
TDY,D:\drive\Investment\分析报告\公司情景投资决策\结果\TDY_经营情景市场状态投资决策_2026-07-15.md,364,突破 / 非线性,4,流动性信用压力,谨慎建议投资,-14,+33,谨慎建议投资｜-14%～+33%｜低
TE,D:\drive\Investment\分析报告\公司情景投资决策\结果\TE_经营情景市场状态投资决策_2026-07-15.md,353,悲观 / 受损,0,宽基风险扩张,强烈不建议投资,-93,-79,强烈不建议投资｜-93%～-79%｜中
TE,D:\drive\Investment\分析报告\公司情景投资决策\结果\TE_经营情景市场状态投资决策_2026-07-15.md,353,悲观 / 受损,1,窄幅主题主导上涨,强烈不建议投资,-94,-81,强烈不建议投资｜-94%～-81%｜中
TE,D:\drive\Investment\分析报告\公司情景投资决策\结果\TE_经营情景市场状态投资决策_2026-07-15.md,353,悲观 / 受损,2,震荡均值回归,强烈不建议投资,-95,-83,强烈不建议投资｜-95%～-83%｜中
TE,D:\drive\Investment\分析报告\公司情景投资决策\结果\TE_经营情景市场状态投资决策_2026-07-15.md,353,悲观 / 受损,3,有序风险收缩,强烈不建议投资,-98,-88,强烈不建议投资｜-98%～-88%｜低
TE,D:\drive\Investment\分析报告\公司情景投资决策\结果\TE_经营情景市场状态投资决策_2026-07-15.md,353,悲观 / 受损,4,流动性信用压力,强烈不建议投资,-100,-94,强烈不建议投资｜-100%～-94%｜低
TE,D:\drive\Investment\分析报告\公司情景投资决策\结果\TE_经营情景市场状态投资决策_2026-07-15.md,354,基准 / 正常兑现,0,宽基风险扩张,不建议投资,-46,-11,不建议投资｜-46%～-11%｜中
TE,D:\drive\Investment\分析报告\公司情景投资决策\结果\TE_经营情景市场状态投资决策_2026-07-15.md,354,基准 / 正常兑现,1,窄幅主题主导上涨,不建议投资,-50,-17,不建议投资｜-50%～-17%｜中
TE,D:\drive\Investment\分析报告\公司情景投资决策\结果\TE_经营情景市场状态投资决策_2026-07-15.md,354,基准 / 正常兑现,2,震荡均值回归,强烈不建议投资,-59,-29,强烈不建议投资｜-59%～-29%｜中
TE,D:\drive\Investment\分析报告\公司情景投资决策\结果\TE_经营情景市场状态投资决策_2026-07-15.md,354,基准 / 正常兑现,3,有序风险收缩,强烈不建议投资,-71,-46,强烈不建议投资｜-71%～-46%｜低
TE,D:\drive\Investment\分析报告\公司情景投资决策\结果\TE_经营情景市场状态投资决策_2026-07-15.md,354,基准 / 正常兑现,4,流动性信用压力,强烈不建议投资,-88,-64,强烈不建议投资｜-88%～-64%｜低
TE,D:\drive\Investment\分析报告\公司情景投资决策\结果\TE_经营情景市场状态投资决策_2026-07-15.md,355,乐观 / 超预期,0,宽基风险扩张,建议投资,+28,+91,建议投资｜+28%～+91%｜中
TE,D:\drive\Investment\分析报告\公司情景投资决策\结果\TE_经营情景市场状态投资决策_2026-07-15.md,355,乐观 / 超预期,1,窄幅主题主导上涨,谨慎建议投资,+20,+80,谨慎建议投资｜+20%～+80%｜中
TE,D:\drive\Investment\分析报告\公司情景投资决策\结果\TE_经营情景市场状态投资决策_2026-07-15.md,355,乐观 / 超预期,2,震荡均值回归,谨慎建议投资,+2,+53,谨慎建议投资｜+2%～+53%｜中
TE,D:\drive\Investment\分析报告\公司情景投资决策\结果\TE_经营情景市场状态投资决策_2026-07-15.md,355,乐观 / 超预期,3,有序风险收缩,中性 / 等待,-23,+25,中性 / 等待｜-23%～+25%｜低
TE,D:\drive\Investment\分析报告\公司情景投资决策\结果\TE_经营情景市场状态投资决策_2026-07-15.md,355,乐观 / 超预期,4,流动性信用压力,不建议投资,-55,-10,不建议投资｜-55%～-10%｜低
TE,D:\drive\Investment\分析报告\公司情景投资决策\结果\TE_经营情景市场状态投资决策_2026-07-15.md,356,突破 / 非线性,0,宽基风险扩张,强烈建议投资,+110,+230,强烈建议投资｜+110%～+230%｜低
TE,D:\drive\Investment\分析报告\公司情景投资决策\结果\TE_经营情景市场状态投资决策_2026-07-15.md,356,突破 / 非线性,1,窄幅主题主导上涨,强烈建议投资,+95,+215,强烈建议投资｜+95%～+215%｜低
TE,D:\drive\Investment\分析报告\公司情景投资决策\结果\TE_经营情景市场状态投资决策_2026-07-15.md,356,突破 / 非线性,2,震荡均值回归,强烈建议投资,+73,+170,强烈建议投资｜+73%～+170%｜低
TE,D:\drive\Investment\分析报告\公司情景投资决策\结果\TE_经营情景市场状态投资决策_2026-07-15.md,356,突破 / 非线性,3,有序风险收缩,建议投资,+26,+110,建议投资｜+26%～+110%｜低
TE,D:\drive\Investment\分析报告\公司情景投资决策\结果\TE_经营情景市场状态投资决策_2026-07-15.md,356,突破 / 非线性,4,流动性信用压力,谨慎建议投资,-22,+50,谨慎建议投资｜-22%～+50%｜低
TEL,D:\drive\Investment\分析报告\公司情景投资决策\结果\备份\TEL_2026-08-19T12_34_34-07_00-80a773233e\TEL_经营情景市场状态投资决策_2026-07-15.md,270,悲观 / 受损,0,宽基风险扩张,强烈不建议投资,-34,-12,强烈不建议投资｜-34%～-12%｜中
TEL,D:\drive\Investment\分析报告\公司情景投资决策\结果\备份\TEL_2026-08-19T12_34_34-07_00-80a773233e\TEL_经营情景市场状态投资决策_2026-07-15.md,270,悲观 / 受损,1,窄幅主题主导上涨,强烈不建议投资,-37,-16,强烈不建议投资｜-37%～-16%｜中
TEL,D:\drive\Investment\分析报告\公司情景投资决策\结果\备份\TEL_2026-08-19T12_34_34-07_00-80a773233e\TEL_经营情景市场状态投资决策_2026-07-15.md,270,悲观 / 受损,2,震荡均值回归,强烈不建议投资,-41,-21,强烈不建议投资｜-41%～-21%｜中
TEL,D:\drive\Investment\分析报告\公司情景投资决策\结果\备份\TEL_2026-08-19T12_34_34-07_00-80a773233e\TEL_经营情景市场状态投资决策_2026-07-15.md,270,悲观 / 受损,3,有序风险收缩,强烈不建议投资,-53,-33,强烈不建议投资｜-53%～-33%｜低
TEL,D:\drive\Investment\分析报告\公司情景投资决策\结果\备份\TEL_2026-08-19T12_34_34-07_00-80a773233e\TEL_经营情景市场状态投资决策_2026-07-15.md,270,悲观 / 受损,4,流动性信用压力,强烈不建议投资,-68,-45,强烈不建议投资｜-68%～-45%｜低
TEL,D:\drive\Investment\分析报告\公司情景投资决策\结果\备份\TEL_2026-08-19T12_34_34-07_00-80a773233e\TEL_经营情景市场状态投资决策_2026-07-15.md,271,基准 / 正常兑现,0,宽基风险扩张,谨慎建议投资,-2,+24,谨慎建议投资｜-2%～+24%｜中
TEL,D:\drive\Investment\分析报告\公司情景投资决策\结果\备份\TEL_2026-08-19T12_34_34-07_00-80a773233e\TEL_经营情景市场状态投资决策_2026-07-15.md,271,基准 / 正常兑现,1,窄幅主题主导上涨,谨慎建议投资,-2,+29,谨慎建议投资｜-2%～+29%｜中
TEL,D:\drive\Investment\分析报告\公司情景投资决策\结果\备份\TEL_2026-08-19T12_34_34-07_00-80a773233e\TEL_经营情景市场状态投资决策_2026-07-15.md,271,基准 / 正常兑现,2,震荡均值回归,中性 / 等待,-11,+15,中性 / 等待｜-11%～+15%｜中
TEL,D:\drive\Investment\分析报告\公司情景投资决策\结果\备份\TEL_2026-08-19T12_34_34-07_00-80a773233e\TEL_经营情景市场状态投资决策_2026-07-15.md,271,基准 / 正常兑现,3,有序风险收缩,不建议投资,-29,-5,不建议投资｜-29%～-5%｜中
TEL,D:\drive\Investment\分析报告\公司情景投资决策\结果\备份\TEL_2026-08-19T12_34_34-07_00-80a773233e\TEL_经营情景市场状态投资决策_2026-07-15.md,271,基准 / 正常兑现,4,流动性信用压力,强烈不建议投资,-47,-20,强烈不建议投资｜-47%～-20%｜低
TEL,D:\drive\Investment\分析报告\公司情景投资决策\结果\备份\TEL_2026-08-19T12_34_34-07_00-80a773233e\TEL_经营情景市场状态投资决策_2026-07-15.md,272,乐观 / 超预期,0,宽基风险扩张,强烈建议投资,+22,+63,强烈建议投资｜+22%～+63%｜中
TEL,D:\drive\Investment\分析报告\公司情景投资决策\结果\备份\TEL_2026-08-19T12_34_34-07_00-80a773233e\TEL_经营情景市场状态投资决策_2026-07-15.md,272,乐观 / 超预期,1,窄幅主题主导上涨,强烈建议投资,+27,+75,强烈建议投资｜+27%～+75%｜中
TEL,D:\drive\Investment\分析报告\公司情景投资决策\结果\备份\TEL_2026-08-19T12_34_34-07_00-80a773233e\TEL_经营情景市场状态投资决策_2026-07-15.md,272,乐观 / 超预期,2,震荡均值回归,建议投资,+7,+46,建议投资｜+7%～+46%｜中
TEL,D:\drive\Investment\分析报告\公司情景投资决策\结果\备份\TEL_2026-08-19T12_34_34-07_00-80a773233e\TEL_经营情景市场状态投资决策_2026-07-15.md,272,乐观 / 超预期,3,有序风险收缩,谨慎建议投资,-9,+29,谨慎建议投资｜-9%～+29%｜低
TEL,D:\drive\Investment\分析报告\公司情景投资决策\结果\备份\TEL_2026-08-19T12_34_34-07_00-80a773233e\TEL_经营情景市场状态投资决策_2026-07-15.md,272,乐观 / 超预期,4,流动性信用压力,不建议投资,-29,+6,不建议投资｜-29%～+6%｜低
TEL,D:\drive\Investment\分析报告\公司情景投资决策\结果\备份\TEL_2026-08-19T12_34_34-07_00-80a773233e\TEL_经营情景市场状态投资决策_2026-07-15.md,273,突破 / 非线性,0,宽基风险扩张,强烈建议投资,+54,+110,强烈建议投资｜+54%～+110%｜低
TEL,D:\drive\Investment\分析报告\公司情景投资决策\结果\备份\TEL_2026-08-19T12_34_34-07_00-80a773233e\TEL_经营情景市场状态投资决策_2026-07-15.md,273,突破 / 非线性,1,窄幅主题主导上涨,强烈建议投资,+66,+130,强烈建议投资｜+66%～+130%｜低
TEL,D:\drive\Investment\分析报告\公司情景投资决策\结果\备份\TEL_2026-08-19T12_34_34-07_00-80a773233e\TEL_经营情景市场状态投资决策_2026-07-15.md,273,突破 / 非线性,2,震荡均值回归,强烈建议投资,+37,+91,强烈建议投资｜+37%～+91%｜低
TEL,D:\drive\Investment\分析报告\公司情景投资决策\结果\备份\TEL_2026-08-19T12_34_34-07_00-80a773233e\TEL_经营情景市场状态投资决策_2026-07-15.md,273,突破 / 非线性,3,有序风险收缩,强烈建议投资,+19,+64,强烈建议投资｜+19%～+64%｜低
TEL,D:\drive\Investment\分析报告\公司情景投资决策\结果\备份\TEL_2026-08-19T12_34_34-07_00-80a773233e\TEL_经营情景市场状态投资决策_2026-07-15.md,273,突破 / 非线性,4,流动性信用压力,谨慎建议投资,-4,+38,谨慎建议投资｜-4%～+38%｜低
TER,D:\drive\Investment\分析报告\公司情景投资决策\结果\TER_经营情景市场状态投资决策_2026-07-15.md,353,悲观 / 受损,0,宽基风险扩张,强烈不建议投资,-82,-66,强烈不建议投资｜-82%～-66%｜中
TER,D:\drive\Investment\分析报告\公司情景投资决策\结果\TER_经营情景市场状态投资决策_2026-07-15.md,353,悲观 / 受损,1,窄幅主题主导上涨,强烈不建议投资,-81,-65,强烈不建议投资｜-81%～-65%｜中
TER,D:\drive\Investment\分析报告\公司情景投资决策\结果\TER_经营情景市场状态投资决策_2026-07-15.md,353,悲观 / 受损,2,震荡均值回归,强烈不建议投资,-84,-70,强烈不建议投资｜-84%～-70%｜中
TER,D:\drive\Investment\分析报告\公司情景投资决策\结果\TER_经营情景市场状态投资决策_2026-07-15.md,353,悲观 / 受损,3,有序风险收缩,强烈不建议投资,-87,-76,强烈不建议投资｜-87%～-76%｜中
TER,D:\drive\Investment\分析报告\公司情景投资决策\结果\TER_经营情景市场状态投资决策_2026-07-15.md,353,悲观 / 受损,4,流动性信用压力,强烈不建议投资,-91,-81,强烈不建议投资｜-91%～-81%｜低
TER,D:\drive\Investment\分析报告\公司情景投资决策\结果\TER_经营情景市场状态投资决策_2026-07-15.md,354,基准 / 正常兑现,0,宽基风险扩张,不建议投资,-44,-14,不建议投资｜-44%～-14%｜中
TER,D:\drive\Investment\分析报告\公司情景投资决策\结果\TER_经营情景市场状态投资决策_2026-07-15.md,354,基准 / 正常兑现,1,窄幅主题主导上涨,不建议投资,-37,-3,不建议投资｜-37%～-3%｜中
TER,D:\drive\Investment\分析报告\公司情景投资决策\结果\TER_经营情景市场状态投资决策_2026-07-15.md,354,基准 / 正常兑现,2,震荡均值回归,强烈不建议投资,-51,-25,强烈不建议投资｜-51%～-25%｜中
TER,D:\drive\Investment\分析报告\公司情景投资决策\结果\TER_经营情景市场状态投资决策_2026-07-15.md,354,基准 / 正常兑现,3,有序风险收缩,强烈不建议投资,-63,-37,强烈不建议投资｜-63%～-37%｜中
TER,D:\drive\Investment\分析报告\公司情景投资决策\结果\TER_经营情景市场状态投资决策_2026-07-15.md,354,基准 / 正常兑现,4,流动性信用压力,强烈不建议投资,-73,-53,强烈不建议投资｜-73%～-53%｜低
TER,D:\drive\Investment\分析报告\公司情景投资决策\结果\TER_经营情景市场状态投资决策_2026-07-15.md,355,乐观 / 超预期,0,宽基风险扩张,谨慎建议投资,-9,+39,谨慎建议投资｜-9%～+39%｜中
TER,D:\drive\Investment\分析报告\公司情景投资决策\结果\TER_经营情景市场状态投资决策_2026-07-15.md,355,乐观 / 超预期,1,窄幅主题主导上涨,建议投资,+4,+59,建议投资｜+4%～+59%｜中
TER,D:\drive\Investment\分析报告\公司情景投资决策\结果\TER_经营情景市场状态投资决策_2026-07-15.md,355,乐观 / 超预期,2,震荡均值回归,中性 / 等待,-22,+24,中性 / 等待｜-22%～+24%｜中
TER,D:\drive\Investment\分析报告\公司情景投资决策\结果\TER_经营情景市场状态投资决策_2026-07-15.md,355,乐观 / 超预期,3,有序风险收缩,不建议投资,-38,+1,不建议投资｜-38%～+1%｜低
TER,D:\drive\Investment\分析报告\公司情景投资决策\结果\TER_经营情景市场状态投资决策_2026-07-15.md,355,乐观 / 超预期,4,流动性信用压力,强烈不建议投资,-53,-19,强烈不建议投资｜-53%～-19%｜低
TER,D:\drive\Investment\分析报告\公司情景投资决策\结果\TER_经营情景市场状态投资决策_2026-07-15.md,356,突破 / 非线性,0,宽基风险扩张,强烈建议投资,+29,+100,强烈建议投资｜+29%～+100%｜低
TER,D:\drive\Investment\分析报告\公司情景投资决策\结果\TER_经营情景市场状态投资决策_2026-07-15.md,356,突破 / 非线性,1,窄幅主题主导上涨,强烈建议投资,+49,+131,强烈建议投资｜+49%～+131%｜低
TER,D:\drive\Investment\分析报告\公司情景投资决策\结果\TER_经营情景市场状态投资决策_2026-07-15.md,356,突破 / 非线性,2,震荡均值回归,建议投资,+11,+79,建议投资｜+11%～+79%｜低
TER,D:\drive\Investment\分析报告\公司情景投资决策\结果\TER_经营情景市场状态投资决策_2026-07-15.md,356,突破 / 非线性,3,有序风险收缩,谨慎建议投资,-9,+48,谨慎建议投资｜-9%～+48%｜低
TER,D:\drive\Investment\分析报告\公司情景投资决策\结果\TER_经营情景市场状态投资决策_2026-07-15.md,356,突破 / 非线性,4,流动性信用压力,不建议投资,-31,+22,不建议投资｜-31%～+22%｜低
TMO,D:\drive\Investment\分析报告\公司情景投资决策\结果\TMO_经营情景市场状态投资决策_2026-07-15.md,372,悲观 / 受损,0,宽基风险扩张,强烈不建议投资,-55.7,-33.3,强烈不建议投资｜-55.7%～-33.3%｜中
TMO,D:\drive\Investment\分析报告\公司情景投资决策\结果\TMO_经营情景市场状态投资决策_2026-07-15.md,372,悲观 / 受损,1,窄幅主题主导上涨,强烈不建议投资,-58.5,-37.1,强烈不建议投资｜-58.5%～-37.1%｜中
TMO,D:\drive\Investment\分析报告\公司情景投资决策\结果\TMO_经营情景市场状态投资决策_2026-07-15.md,372,悲观 / 受损,2,震荡均值回归,强烈不建议投资,-62.3,-40.8,强烈不建议投资｜-62.3%～-40.8%｜中
TMO,D:\drive\Investment\分析报告\公司情景投资决策\结果\TMO_经营情景市场状态投资决策_2026-07-15.md,372,悲观 / 受损,3,有序风险收缩,强烈不建议投资,-68.8,-48.3,强烈不建议投资｜-68.8%～-48.3%｜中
TMO,D:\drive\Investment\分析报告\公司情景投资决策\结果\TMO_经营情景市场状态投资决策_2026-07-15.md,372,悲观 / 受损,4,流动性信用压力,强烈不建议投资,-79.1,-59.5,强烈不建议投资｜-79.1%～-59.5%｜低
TMO,D:\drive\Investment\分析报告\公司情景投资决策\结果\TMO_经营情景市场状态投资决策_2026-07-15.md,373,基准 / 正常兑现,0,宽基风险扩张,中性 / 等待,-11.8,+10.6,中性 / 等待｜-11.8%～+10.6%｜中
TMO,D:\drive\Investment\分析报告\公司情景投资决策\结果\TMO_经营情景市场状态投资决策_2026-07-15.md,373,基准 / 正常兑现,1,窄幅主题主导上涨,不建议投资,-18.4,+4.0,不建议投资｜-18.4%～+4.0%｜中
TMO,D:\drive\Investment\分析报告\公司情景投资决策\结果\TMO_经营情景市场状态投资决策_2026-07-15.md,373,基准 / 正常兑现,2,震荡均值回归,不建议投资,-24.9,-2.5,不建议投资｜-24.9%～-2.5%｜中
TMO,D:\drive\Investment\分析报告\公司情景投资决策\结果\TMO_经营情景市场状态投资决策_2026-07-15.md,373,基准 / 正常兑现,3,有序风险收缩,强烈不建议投资,-34.3,-11.8,强烈不建议投资｜-34.3%～-11.8%｜中
TMO,D:\drive\Investment\分析报告\公司情景投资决策\结果\TMO_经营情景市场状态投资决策_2026-07-15.md,373,基准 / 正常兑现,4,流动性信用压力,强烈不建议投资,-49.2,-26.8,强烈不建议投资｜-49.2%～-26.8%｜低
TMO,D:\drive\Investment\分析报告\公司情景投资决策\结果\TMO_经营情景市场状态投资决策_2026-07-15.md,374,乐观 / 超预期,0,宽基风险扩张,建议投资,+10.6,+40.5,建议投资｜+10.6%～+40.5%｜中
TMO,D:\drive\Investment\分析报告\公司情景投资决策\结果\TMO_经营情景市场状态投资决策_2026-07-15.md,374,乐观 / 超预期,1,窄幅主题主导上涨,建议投资,+3.1,+31.1,建议投资｜+3.1%～+31.1%｜中
TMO,D:\drive\Investment\分析报告\公司情景投资决策\结果\TMO_经营情景市场状态投资决策_2026-07-15.md,374,乐观 / 超预期,2,震荡均值回归,谨慎建议投资,-4.4,+21.8,谨慎建议投资｜-4.4%～+21.8%｜中
TMO,D:\drive\Investment\分析报告\公司情景投资决策\结果\TMO_经营情景市场状态投资决策_2026-07-15.md,374,乐观 / 超预期,3,有序风险收缩,不建议投资,-15.6,+8.7,不建议投资｜-15.6%～+8.7%｜中
TMO,D:\drive\Investment\分析报告\公司情景投资决策\结果\TMO_经营情景市场状态投资决策_2026-07-15.md,374,乐观 / 超预期,4,流动性信用压力,强烈不建议投资,-34.3,-9.0,强烈不建议投资｜-34.3%～-9.0%｜低
TMO,D:\drive\Investment\分析报告\公司情景投资决策\结果\TMO_经营情景市场状态投资决策_2026-07-15.md,375,突破 / 非线性,0,宽基风险扩张,强烈建议投资,+42.3,+85.3,强烈建议投资｜+42.3%～+85.3%｜低
TMO,D:\drive\Investment\分析报告\公司情景投资决策\结果\TMO_经营情景市场状态投资决策_2026-07-15.md,375,突破 / 非线性,1,窄幅主题主导上涨,强烈建议投资,+33.0,+73.2,强烈建议投资｜+33.0%～+73.2%｜低
TMO,D:\drive\Investment\分析报告\公司情景投资决策\结果\TMO_经营情景市场状态投资决策_2026-07-15.md,375,突破 / 非线性,2,震荡均值回归,强烈建议投资,+23.6,+59.1,强烈建议投资｜+23.6%～+59.1%｜低
TMO,D:\drive\Investment\分析报告\公司情景投资决策\结果\TMO_经营情景市场状态投资决策_2026-07-15.md,375,突破 / 非线性,3,有序风险收缩,建议投资,+6.8,+40.5,建议投资｜+6.8%～+40.5%｜低
TMO,D:\drive\Investment\分析报告\公司情景投资决策\结果\TMO_经营情景市场状态投资决策_2026-07-15.md,375,突破 / 非线性,4,流动性信用压力,中性 / 等待,-15.6,+19.9,中性 / 等待｜-15.6%～+19.9%｜低
TOELY,D:\drive\Investment\分析报告\公司情景投资决策\结果\TOELY_经营情景市场状态投资决策_2026-07-15.md,335,悲观 / 受损,0,宽基风险扩张,强烈不建议投资,-44,-23,强烈不建议投资｜-44%～-23%｜中
TOELY,D:\drive\Investment\分析报告\公司情景投资决策\结果\TOELY_经营情景市场状态投资决策_2026-07-15.md,335,悲观 / 受损,1,窄幅主题主导上涨,强烈不建议投资,-46,-23,强烈不建议投资｜-46%～-23%｜中
TOELY,D:\drive\Investment\分析报告\公司情景投资决策\结果\TOELY_经营情景市场状态投资决策_2026-07-15.md,335,悲观 / 受损,2,震荡均值回归,强烈不建议投资,-55,-36,强烈不建议投资｜-55%～-36%｜中
TOELY,D:\drive\Investment\分析报告\公司情景投资决策\结果\TOELY_经营情景市场状态投资决策_2026-07-15.md,335,悲观 / 受损,3,有序风险收缩,强烈不建议投资,-64,-45,强烈不建议投资｜-64%～-45%｜中
TOELY,D:\drive\Investment\分析报告\公司情景投资决策\结果\TOELY_经营情景市场状态投资决策_2026-07-15.md,335,悲观 / 受损,4,流动性信用压力,强烈不建议投资,-74,-57,强烈不建议投资｜-74%～-57%｜低
TOELY,D:\drive\Investment\分析报告\公司情景投资决策\结果\TOELY_经营情景市场状态投资决策_2026-07-15.md,336,基准 / 正常兑现,0,宽基风险扩张,不建议投资,-24,+6,不建议投资｜-24%～+6%｜中
TOELY,D:\drive\Investment\分析报告\公司情景投资决策\结果\TOELY_经营情景市场状态投资决策_2026-07-15.md,336,基准 / 正常兑现,1,窄幅主题主导上涨,中性 / 等待,-17,+15,中性 / 等待｜-17%～+15%｜中
TOELY,D:\drive\Investment\分析报告\公司情景投资决策\结果\TOELY_经营情景市场状态投资决策_2026-07-15.md,336,基准 / 正常兑现,2,震荡均值回归,强烈不建议投资,-34,-9,强烈不建议投资｜-34%～-9%｜中
TOELY,D:\drive\Investment\分析报告\公司情景投资决策\结果\TOELY_经营情景市场状态投资决策_2026-07-15.md,336,基准 / 正常兑现,3,有序风险收缩,强烈不建议投资,-48,-28,强烈不建议投资｜-48%～-28%｜中
TOELY,D:\drive\Investment\分析报告\公司情景投资决策\结果\TOELY_经营情景市场状态投资决策_2026-07-15.md,336,基准 / 正常兑现,4,流动性信用压力,强烈不建议投资,-61,-44,强烈不建议投资｜-61%～-44%｜低
TOELY,D:\drive\Investment\分析报告\公司情景投资决策\结果\TOELY_经营情景市场状态投资决策_2026-07-15.md,337,乐观 / 超预期,0,宽基风险扩张,谨慎建议投资,-10,+38,谨慎建议投资｜-10%～+38%｜中
TOELY,D:\drive\Investment\分析报告\公司情景投资决策\结果\TOELY_经营情景市场状态投资决策_2026-07-15.md,337,乐观 / 超预期,1,窄幅主题主导上涨,建议投资,+1,+56,建议投资｜+1%～+56%｜中
TOELY,D:\drive\Investment\分析报告\公司情景投资决策\结果\TOELY_经营情景市场状态投资决策_2026-07-15.md,337,乐观 / 超预期,2,震荡均值回归,中性 / 等待,-21,+18,中性 / 等待｜-21%～+18%｜中
TOELY,D:\drive\Investment\分析报告\公司情景投资决策\结果\TOELY_经营情景市场状态投资决策_2026-07-15.md,337,乐观 / 超预期,3,有序风险收缩,强烈不建议投资,-38,-3,强烈不建议投资｜-38%～-3%｜低
TOELY,D:\drive\Investment\分析报告\公司情景投资决策\结果\TOELY_经营情景市场状态投资决策_2026-07-15.md,337,乐观 / 超预期,4,流动性信用压力,强烈不建议投资,-52,-25,强烈不建议投资｜-52%～-25%｜低
TOELY,D:\drive\Investment\分析报告\公司情景投资决策\结果\TOELY_经营情景市场状态投资决策_2026-07-15.md,338,突破 / 非线性,0,宽基风险扩张,建议投资,+13,+88,建议投资｜+13%～+88%｜低
TOELY,D:\drive\Investment\分析报告\公司情景投资决策\结果\TOELY_经营情景市场状态投资决策_2026-07-15.md,338,突破 / 非线性,1,窄幅主题主导上涨,强烈建议投资,+32,+122,强烈建议投资｜+32%～+122%｜低
TOELY,D:\drive\Investment\分析报告\公司情景投资决策\结果\TOELY_经营情景市场状态投资决策_2026-07-15.md,338,突破 / 非线性,2,震荡均值回归,建议投资,-3,+57,建议投资｜-3%～+57%｜低
TOELY,D:\drive\Investment\分析报告\公司情景投资决策\结果\TOELY_经营情景市场状态投资决策_2026-07-15.md,338,突破 / 非线性,3,有序风险收缩,中性 / 等待,-23,+26,中性 / 等待｜-23%～+26%｜低
TOELY,D:\drive\Investment\分析报告\公司情景投资决策\结果\TOELY_经营情景市场状态投资决策_2026-07-15.md,338,突破 / 非线性,4,流动性信用压力,强烈不建议投资,-39,-1,强烈不建议投资｜-39%～-1%｜低
TSEM,D:\drive\Investment\分析报告\公司情景投资决策\结果\备份\TSEM_2026-07-18T18_16_14-07_00-7bc65498ea\TSEM_经营情景市场状态投资决策_2026-07-15.md,315,悲观 / 受损,0,宽基风险扩张,强烈不建议投资,-79,-57,强烈不建议投资｜-79%～-57%｜中
TSEM,D:\drive\Investment\分析报告\公司情景投资决策\结果\备份\TSEM_2026-07-18T18_16_14-07_00-7bc65498ea\TSEM_经营情景市场状态投资决策_2026-07-15.md,315,悲观 / 受损,1,窄幅主题主导上涨,强烈不建议投资,-80,-59,强烈不建议投资｜-80%～-59%｜中
TSEM,D:\drive\Investment\分析报告\公司情景投资决策\结果\备份\TSEM_2026-07-18T18_16_14-07_00-7bc65498ea\TSEM_经营情景市场状态投资决策_2026-07-15.md,315,悲观 / 受损,2,震荡均值回归,强烈不建议投资,-83,-66,强烈不建议投资｜-83%～-66%｜中
TSEM,D:\drive\Investment\分析报告\公司情景投资决策\结果\备份\TSEM_2026-07-18T18_16_14-07_00-7bc65498ea\TSEM_经营情景市场状态投资决策_2026-07-15.md,315,悲观 / 受损,3,有序风险收缩,强烈不建议投资,-86,-72,强烈不建议投资｜-86%～-72%｜中
TSEM,D:\drive\Investment\分析报告\公司情景投资决策\结果\备份\TSEM_2026-07-18T18_16_14-07_00-7bc65498ea\TSEM_经营情景市场状态投资决策_2026-07-15.md,315,悲观 / 受损,4,流动性信用压力,强烈不建议投资,-89,-78,强烈不建议投资｜-89%～-78%｜低
TSEM,D:\drive\Investment\分析报告\公司情景投资决策\结果\备份\TSEM_2026-07-18T18_16_14-07_00-7bc65498ea\TSEM_经营情景市场状态投资决策_2026-07-15.md,316,基准 / 正常兑现,0,宽基风险扩张,强烈不建议投资,-51,-11,强烈不建议投资｜-51%～-11%｜中
TSEM,D:\drive\Investment\分析报告\公司情景投资决策\结果\备份\TSEM_2026-07-18T18_16_14-07_00-7bc65498ea\TSEM_经营情景市场状态投资决策_2026-07-15.md,316,基准 / 正常兑现,1,窄幅主题主导上涨,强烈不建议投资,-54,-16,强烈不建议投资｜-54%～-16%｜中
TSEM,D:\drive\Investment\分析报告\公司情景投资决策\结果\备份\TSEM_2026-07-18T18_16_14-07_00-7bc65498ea\TSEM_经营情景市场状态投资决策_2026-07-15.md,316,基准 / 正常兑现,2,震荡均值回归,强烈不建议投资,-61,-31,强烈不建议投资｜-61%～-31%｜中
TSEM,D:\drive\Investment\分析报告\公司情景投资决策\结果\备份\TSEM_2026-07-18T18_16_14-07_00-7bc65498ea\TSEM_经营情景市场状态投资决策_2026-07-15.md,316,基准 / 正常兑现,3,有序风险收缩,强烈不建议投资,-67,-43,强烈不建议投资｜-67%～-43%｜中
TSEM,D:\drive\Investment\分析报告\公司情景投资决策\结果\备份\TSEM_2026-07-18T18_16_14-07_00-7bc65498ea\TSEM_经营情景市场状态投资决策_2026-07-15.md,316,基准 / 正常兑现,4,流动性信用压力,强烈不建议投资,-75,-57,强烈不建议投资｜-75%～-57%｜低
TSEM,D:\drive\Investment\分析报告\公司情景投资决策\结果\备份\TSEM_2026-07-18T18_16_14-07_00-7bc65498ea\TSEM_经营情景市场状态投资决策_2026-07-15.md,317,乐观 / 超预期,0,宽基风险扩张,中性 / 等待,-30,+21,中性 / 等待｜-30%～+21%｜低
TSEM,D:\drive\Investment\分析报告\公司情景投资决策\结果\备份\TSEM_2026-07-18T18_16_14-07_00-7bc65498ea\TSEM_经营情景市场状态投资决策_2026-07-15.md,317,乐观 / 超预期,1,窄幅主题主导上涨,不建议投资,-33,+14,不建议投资｜-33%～+14%｜低
TSEM,D:\drive\Investment\分析报告\公司情景投资决策\结果\备份\TSEM_2026-07-18T18_16_14-07_00-7bc65498ea\TSEM_经营情景市场状态投资决策_2026-07-15.md,317,乐观 / 超预期,2,震荡均值回归,强烈不建议投资,-42,-6,强烈不建议投资｜-42%～-6%｜低
TSEM,D:\drive\Investment\分析报告\公司情景投资决策\结果\备份\TSEM_2026-07-18T18_16_14-07_00-7bc65498ea\TSEM_经营情景市场状态投资决策_2026-07-15.md,317,乐观 / 超预期,3,有序风险收缩,强烈不建议投资,-51,-23,强烈不建议投资｜-51%～-23%｜低
TSEM,D:\drive\Investment\分析报告\公司情景投资决策\结果\备份\TSEM_2026-07-18T18_16_14-07_00-7bc65498ea\TSEM_经营情景市场状态投资决策_2026-07-15.md,317,乐观 / 超预期,4,流动性信用压力,强烈不建议投资,-63,-41,强烈不建议投资｜-63%～-41%｜低
TSEM,D:\drive\Investment\分析报告\公司情景投资决策\结果\备份\TSEM_2026-07-18T18_16_14-07_00-7bc65498ea\TSEM_经营情景市场状态投资决策_2026-07-15.md,318,突破 / 非线性,0,宽基风险扩张,谨慎建议投资,-11,+59,谨慎建议投资｜-11%～+59%｜低
TSEM,D:\drive\Investment\分析报告\公司情景投资决策\结果\备份\TSEM_2026-07-18T18_16_14-07_00-7bc65498ea\TSEM_经营情景市场状态投资决策_2026-07-15.md,318,突破 / 非线性,1,窄幅主题主导上涨,谨慎建议投资,-15,+50,谨慎建议投资｜-15%～+50%｜低
TSEM,D:\drive\Investment\分析报告\公司情景投资决策\结果\备份\TSEM_2026-07-18T18_16_14-07_00-7bc65498ea\TSEM_经营情景市场状态投资决策_2026-07-15.md,318,突破 / 非线性,2,震荡均值回归,中性 / 等待,-28,+22,中性 / 等待｜-28%～+22%｜低
TSEM,D:\drive\Investment\分析报告\公司情景投资决策\结果\备份\TSEM_2026-07-18T18_16_14-07_00-7bc65498ea\TSEM_经营情景市场状态投资决策_2026-07-15.md,318,突破 / 非线性,3,有序风险收缩,不建议投资,-39,-1,不建议投资｜-39%～-1%｜低
TSEM,D:\drive\Investment\分析报告\公司情景投资决策\结果\备份\TSEM_2026-07-18T18_16_14-07_00-7bc65498ea\TSEM_经营情景市场状态投资决策_2026-07-15.md,318,突破 / 非线性,4,流动性信用压力,强烈不建议投资,-55,-25,强烈不建议投资｜-55%～-25%｜低
TSLA,D:\drive\Investment\分析报告\公司情景投资决策\结果\TSLA_经营情景市场状态投资决策_2026-07-15.md,317,悲观 / 受损,0,宽基风险扩张,强烈不建议投资,-78,-68,强烈不建议投资｜-78%～-68%｜中
TSLA,D:\drive\Investment\分析报告\公司情景投资决策\结果\TSLA_经营情景市场状态投资决策_2026-07-15.md,317,悲观 / 受损,1,窄幅主题主导上涨,强烈不建议投资,-81,-71,强烈不建议投资｜-81%～-71%｜中
TSLA,D:\drive\Investment\分析报告\公司情景投资决策\结果\TSLA_经营情景市场状态投资决策_2026-07-15.md,317,悲观 / 受损,2,震荡均值回归,强烈不建议投资,-83,-73,强烈不建议投资｜-83%～-73%｜中
TSLA,D:\drive\Investment\分析报告\公司情景投资决策\结果\TSLA_经营情景市场状态投资决策_2026-07-15.md,317,悲观 / 受损,3,有序风险收缩,强烈不建议投资,-86,-78,强烈不建议投资｜-86%～-78%｜中
TSLA,D:\drive\Investment\分析报告\公司情景投资决策\结果\TSLA_经营情景市场状态投资决策_2026-07-15.md,317,悲观 / 受损,4,流动性信用压力,强烈不建议投资,-91,-83,强烈不建议投资｜-91%～-83%｜低
TSLA,D:\drive\Investment\分析报告\公司情景投资决策\结果\TSLA_经营情景市场状态投资决策_2026-07-15.md,318,基准 / 正常兑现,0,宽基风险扩张,强烈不建议投资,-51,-32,强烈不建议投资｜-51%～-32%｜中
TSLA,D:\drive\Investment\分析报告\公司情景投资决策\结果\TSLA_经营情景市场状态投资决策_2026-07-15.md,318,基准 / 正常兑现,1,窄幅主题主导上涨,强烈不建议投资,-50,-29,强烈不建议投资｜-50%～-29%｜中
TSLA,D:\drive\Investment\分析报告\公司情景投资决策\结果\TSLA_经营情景市场状态投资决策_2026-07-15.md,318,基准 / 正常兑现,2,震荡均值回归,强烈不建议投资,-60,-45,强烈不建议投资｜-60%～-45%｜中
TSLA,D:\drive\Investment\分析报告\公司情景投资决策\结果\TSLA_经营情景市场状态投资决策_2026-07-15.md,318,基准 / 正常兑现,3,有序风险收缩,强烈不建议投资,-69,-56,强烈不建议投资｜-69%～-56%｜中
TSLA,D:\drive\Investment\分析报告\公司情景投资决策\结果\TSLA_经营情景市场状态投资决策_2026-07-15.md,318,基准 / 正常兑现,4,流动性信用压力,强烈不建议投资,-80,-66,强烈不建议投资｜-80%～-66%｜低
TSLA,D:\drive\Investment\分析报告\公司情景投资决策\结果\TSLA_经营情景市场状态投资决策_2026-07-15.md,319,乐观 / 超预期,0,宽基风险扩张,谨慎建议投资,+7,+44,谨慎建议投资｜+7%～+44%｜低
TSLA,D:\drive\Investment\分析报告\公司情景投资决策\结果\TSLA_经营情景市场状态投资决策_2026-07-15.md,319,乐观 / 超预期,1,窄幅主题主导上涨,建议投资,+16,+65,建议投资｜+16%～+65%｜低
TSLA,D:\drive\Investment\分析报告\公司情景投资决策\结果\TSLA_经营情景市场状态投资决策_2026-07-15.md,319,乐观 / 超预期,2,震荡均值回归,中性 / 等待,-18,+13,中性 / 等待｜-18%～+13%｜低
TSLA,D:\drive\Investment\分析报告\公司情景投资决策\结果\TSLA_经营情景市场状态投资决策_2026-07-15.md,319,乐观 / 超预期,3,有序风险收缩,不建议投资,-39,-11,不建议投资｜-39%～-11%｜低
TSLA,D:\drive\Investment\分析报告\公司情景投资决策\结果\TSLA_经营情景市场状态投资决策_2026-07-15.md,319,乐观 / 超预期,4,流动性信用压力,强烈不建议投资,-60,-36,强烈不建议投资｜-60%～-36%｜低
TSLA,D:\drive\Investment\分析报告\公司情景投资决策\结果\TSLA_经营情景市场状态投资决策_2026-07-15.md,320,突破 / 非线性,0,宽基风险扩张,强烈建议投资,+69,+141,强烈建议投资｜+69%～+141%｜低
TSLA,D:\drive\Investment\分析报告\公司情景投资决策\结果\TSLA_经营情景市场状态投资决策_2026-07-15.md,320,突破 / 非线性,1,窄幅主题主导上涨,强烈建议投资,+87,+178,强烈建议投资｜+87%～+178%｜低
TSLA,D:\drive\Investment\分析报告\公司情景投资决策\结果\TSLA_经营情景市场状态投资决策_2026-07-15.md,320,突破 / 非线性,2,震荡均值回归,强烈建议投资,+39,+99,强烈建议投资｜+39%～+99%｜低
TSLA,D:\drive\Investment\分析报告\公司情景投资决策\结果\TSLA_经营情景市场状态投资决策_2026-07-15.md,320,突破 / 非线性,3,有序风险收缩,谨慎建议投资,+3,+57,谨慎建议投资｜+3%～+57%｜低
TSLA,D:\drive\Investment\分析报告\公司情景投资决策\结果\TSLA_经营情景市场状态投资决策_2026-07-15.md,320,突破 / 非线性,4,流动性信用压力,不建议投资,-34,+9,不建议投资｜-34%～+9%｜低
TSM,D:\drive\Investment\分析报告\公司情景投资决策\结果\备份\TSM_2026-07-18T17_57_24-07_00-d74e7eddf3\TSM_经营情景市场状态投资决策_2026-07-15.md,302,悲观 / 受损,0,宽基风险扩张,强烈不建议投资,-56,-30,强烈不建议投资｜-56%～-30%｜低
TSM,D:\drive\Investment\分析报告\公司情景投资决策\结果\备份\TSM_2026-07-18T17_57_24-07_00-d74e7eddf3\TSM_经营情景市场状态投资决策_2026-07-15.md,302,悲观 / 受损,1,窄幅主题主导上涨,强烈不建议投资,-57,-31,强烈不建议投资｜-57%～-31%｜低
TSM,D:\drive\Investment\分析报告\公司情景投资决策\结果\备份\TSM_2026-07-18T17_57_24-07_00-d74e7eddf3\TSM_经营情景市场状态投资决策_2026-07-15.md,302,悲观 / 受损,2,震荡均值回归,强烈不建议投资,-63,-42,强烈不建议投资｜-63%～-42%｜低
TSM,D:\drive\Investment\分析报告\公司情景投资决策\结果\备份\TSM_2026-07-18T17_57_24-07_00-d74e7eddf3\TSM_经营情景市场状态投资决策_2026-07-15.md,302,悲观 / 受损,3,有序风险收缩,强烈不建议投资,-69,-50,强烈不建议投资｜-69%～-50%｜低
TSM,D:\drive\Investment\分析报告\公司情景投资决策\结果\备份\TSM_2026-07-18T17_57_24-07_00-d74e7eddf3\TSM_经营情景市场状态投资决策_2026-07-15.md,302,悲观 / 受损,4,流动性信用压力,强烈不建议投资,-77,-62,强烈不建议投资｜-77%～-62%｜低
TSM,D:\drive\Investment\分析报告\公司情景投资决策\结果\备份\TSM_2026-07-18T17_57_24-07_00-d74e7eddf3\TSM_经营情景市场状态投资决策_2026-07-15.md,303,基准 / 正常兑现,0,宽基风险扩张,中性 / 等待,-14,+29,中性 / 等待｜-14%～+29%｜中
TSM,D:\drive\Investment\分析报告\公司情景投资决策\结果\备份\TSM_2026-07-18T17_57_24-07_00-d74e7eddf3\TSM_经营情景市场状态投资决策_2026-07-15.md,303,基准 / 正常兑现,1,窄幅主题主导上涨,谨慎建议投资,-10,+37,谨慎建议投资｜-10%～+37%｜中
TSM,D:\drive\Investment\分析报告\公司情景投资决策\结果\备份\TSM_2026-07-18T17_57_24-07_00-d74e7eddf3\TSM_经营情景市场状态投资决策_2026-07-15.md,303,基准 / 正常兑现,2,震荡均值回归,不建议投资,-27,+6,不建议投资｜-27%～+6%｜中
TSM,D:\drive\Investment\分析报告\公司情景投资决策\结果\备份\TSM_2026-07-18T17_57_24-07_00-d74e7eddf3\TSM_经营情景市场状态投资决策_2026-07-15.md,303,基准 / 正常兑现,3,有序风险收缩,强烈不建议投资,-39,-9,强烈不建议投资｜-39%～-9%｜中
TSM,D:\drive\Investment\分析报告\公司情景投资决策\结果\备份\TSM_2026-07-18T17_57_24-07_00-d74e7eddf3\TSM_经营情景市场状态投资决策_2026-07-15.md,303,基准 / 正常兑现,4,流动性信用压力,强烈不建议投资,-53,-28,强烈不建议投资｜-53%～-28%｜低
TSM,D:\drive\Investment\分析报告\公司情景投资决策\结果\备份\TSM_2026-07-18T17_57_24-07_00-d74e7eddf3\TSM_经营情景市场状态投资决策_2026-07-15.md,304,乐观 / 超预期,0,宽基风险扩张,建议投资,+15,+77,建议投资｜+15%～+77%｜中
TSM,D:\drive\Investment\分析报告\公司情景投资决策\结果\备份\TSM_2026-07-18T17_57_24-07_00-d74e7eddf3\TSM_经营情景市场状态投资决策_2026-07-15.md,304,乐观 / 超预期,1,窄幅主题主导上涨,建议投资,+22,+91,建议投资｜+22%～+91%｜中
TSM,D:\drive\Investment\分析报告\公司情景投资决策\结果\备份\TSM_2026-07-18T17_57_24-07_00-d74e7eddf3\TSM_经营情景市场状态投资决策_2026-07-15.md,304,乐观 / 超预期,2,震荡均值回归,谨慎建议投资,-2,+48,谨慎建议投资｜-2%～+48%｜中
TSM,D:\drive\Investment\分析报告\公司情景投资决策\结果\备份\TSM_2026-07-18T17_57_24-07_00-d74e7eddf3\TSM_经营情景市场状态投资决策_2026-07-15.md,304,乐观 / 超预期,3,有序风险收缩,谨慎建议投资,-18,+27,谨慎建议投资｜-18%～+27%｜低
TSM,D:\drive\Investment\分析报告\公司情景投资决策\结果\备份\TSM_2026-07-18T17_57_24-07_00-d74e7eddf3\TSM_经营情景市场状态投资决策_2026-07-15.md,304,乐观 / 超预期,4,流动性信用压力,强烈不建议投资,-35,-2,强烈不建议投资｜-35%～-2%｜低
TSM,D:\drive\Investment\分析报告\公司情景投资决策\结果\备份\TSM_2026-07-18T17_57_24-07_00-d74e7eddf3\TSM_经营情景市场状态投资决策_2026-07-15.md,305,突破 / 非线性,0,宽基风险扩张,强烈建议投资,+49,+142,强烈建议投资｜+49%～+142%｜低
TSM,D:\drive\Investment\分析报告\公司情景投资决策\结果\备份\TSM_2026-07-18T17_57_24-07_00-d74e7eddf3\TSM_经营情景市场状态投资决策_2026-07-15.md,305,突破 / 非线性,1,窄幅主题主导上涨,强烈建议投资,+62,+165,强烈建议投资｜+62%～+165%｜低
TSM,D:\drive\Investment\分析报告\公司情景投资决策\结果\备份\TSM_2026-07-18T17_57_24-07_00-d74e7eddf3\TSM_经营情景市场状态投资决策_2026-07-15.md,305,突破 / 非线性,2,震荡均值回归,强烈建议投资,+29,+102,强烈建议投资｜+29%～+102%｜低
TSM,D:\drive\Investment\分析报告\公司情景投资决策\结果\备份\TSM_2026-07-18T17_57_24-07_00-d74e7eddf3\TSM_经营情景市场状态投资决策_2026-07-15.md,305,突破 / 非线性,3,有序风险收缩,建议投资,+8,+74,建议投资｜+8%～+74%｜低
TSM,D:\drive\Investment\分析报告\公司情景投资决策\结果\备份\TSM_2026-07-18T17_57_24-07_00-d74e7eddf3\TSM_经营情景市场状态投资决策_2026-07-15.md,305,突破 / 非线性,4,流动性信用压力,谨慎建议投资,-15,+35,谨慎建议投资｜-15%～+35%｜低
TT,D:\drive\Investment\分析报告\公司情景投资决策\结果\TT_经营情景市场状态投资决策_2026-07-15.md,349,悲观 / 受损,0,宽基风险扩张,强烈不建议投资,-47,-11,强烈不建议投资｜-47%～-11%｜中
TT,D:\drive\Investment\分析报告\公司情景投资决策\结果\TT_经营情景市场状态投资决策_2026-07-15.md,349,悲观 / 受损,1,窄幅主题主导上涨,强烈不建议投资,-48,-12,强烈不建议投资｜-48%～-12%｜中低
TT,D:\drive\Investment\分析报告\公司情景投资决策\结果\TT_经营情景市场状态投资决策_2026-07-15.md,349,悲观 / 受损,2,震荡均值回归,强烈不建议投资,-59,-26,强烈不建议投资｜-59%～-26%｜中
TT,D:\drive\Investment\分析报告\公司情景投资决策\结果\TT_经营情景市场状态投资决策_2026-07-15.md,349,悲观 / 受损,3,有序风险收缩,强烈不建议投资,-67,-34,强烈不建议投资｜-67%～-34%｜中低
TT,D:\drive\Investment\分析报告\公司情景投资决策\结果\TT_经营情景市场状态投资决策_2026-07-15.md,349,悲观 / 受损,4,流动性信用压力,强烈不建议投资,-76,-45,强烈不建议投资｜-76%～-45%｜低
TT,D:\drive\Investment\分析报告\公司情景投资决策\结果\TT_经营情景市场状态投资决策_2026-07-15.md,350,基准 / 正常兑现,0,宽基风险扩张,中性 / 等待,-20,+33,中性 / 等待｜-20%～+33%｜中
TT,D:\drive\Investment\分析报告\公司情景投资决策\结果\TT_经营情景市场状态投资决策_2026-07-15.md,350,基准 / 正常兑现,1,窄幅主题主导上涨,谨慎建议投资,-15,+43,谨慎建议投资｜-15%～+43%｜中低
TT,D:\drive\Investment\分析报告\公司情景投资决策\结果\TT_经营情景市场状态投资决策_2026-07-15.md,350,基准 / 正常兑现,2,震荡均值回归,不建议投资,-31,+16,不建议投资｜-31%～+16%｜中
TT,D:\drive\Investment\分析报告\公司情景投资决策\结果\TT_经营情景市场状态投资决策_2026-07-15.md,350,基准 / 正常兑现,3,有序风险收缩,强烈不建议投资,-42,-2,强烈不建议投资｜-42%～-2%｜中低
TT,D:\drive\Investment\分析报告\公司情景投资决策\结果\TT_经营情景市场状态投资决策_2026-07-15.md,350,基准 / 正常兑现,4,流动性信用压力,强烈不建议投资,-57,-20,强烈不建议投资｜-57%～-20%｜低
TT,D:\drive\Investment\分析报告\公司情景投资决策\结果\TT_经营情景市场状态投资决策_2026-07-15.md,351,乐观 / 超预期,0,宽基风险扩张,建议投资,+12,+78,建议投资｜+12%～+78%｜中低
TT,D:\drive\Investment\分析报告\公司情景投资决策\结果\TT_经营情景市场状态投资决策_2026-07-15.md,351,乐观 / 超预期,1,窄幅主题主导上涨,建议投资,+17,+89,建议投资｜+17%～+89%｜低
TT,D:\drive\Investment\分析报告\公司情景投资决策\结果\TT_经营情景市场状态投资决策_2026-07-15.md,351,乐观 / 超预期,2,震荡均值回归,谨慎建议投资,-6,+54,谨慎建议投资｜-6%～+54%｜中低
TT,D:\drive\Investment\分析报告\公司情景投资决策\结果\TT_经营情景市场状态投资决策_2026-07-15.md,351,乐观 / 超预期,3,有序风险收缩,中性 / 等待,-23,+27,中性 / 等待｜-23%～+27%｜低
TT,D:\drive\Investment\分析报告\公司情景投资决策\结果\TT_经营情景市场状态投资决策_2026-07-15.md,351,乐观 / 超预期,4,流动性信用压力,不建议投资,-42,+7,不建议投资｜-42%～+7%｜低
TT,D:\drive\Investment\分析报告\公司情景投资决策\结果\TT_经营情景市场状态投资决策_2026-07-15.md,352,突破 / 非线性,0,宽基风险扩张,强烈建议投资,+56,+135,强烈建议投资｜+56%～+135%｜低
TT,D:\drive\Investment\分析报告\公司情景投资决策\结果\TT_经营情景市场状态投资决策_2026-07-15.md,352,突破 / 非线性,1,窄幅主题主导上涨,强烈建议投资,+64,+160,强烈建议投资｜+64%～+160%｜低
TT,D:\drive\Investment\分析报告\公司情景投资决策\结果\TT_经营情景市场状态投资决策_2026-07-15.md,352,突破 / 非线性,2,震荡均值回归,强烈建议投资,+30,+110,强烈建议投资｜+30%～+110%｜低
TT,D:\drive\Investment\分析报告\公司情景投资决策\结果\TT_经营情景市场状态投资决策_2026-07-15.md,352,突破 / 非线性,3,有序风险收缩,建议投资,+6,+72,建议投资｜+6%～+72%｜低
TT,D:\drive\Investment\分析报告\公司情景投资决策\结果\TT_经营情景市场状态投资决策_2026-07-15.md,352,突破 / 非线性,4,流动性信用压力,中性 / 等待,-24,+41,中性 / 等待｜-24%～+41%｜低
TTDKY,D:\drive\Investment\分析报告\公司情景投资决策\结果\TTDKY_经营情景市场状态投资决策_2026-07-15.md,355,悲观 / 受损,0,宽基风险扩张,强烈不建议投资,-42,-17,强烈不建议投资｜-42%～-17%｜中
TTDKY,D:\drive\Investment\分析报告\公司情景投资决策\结果\TTDKY_经营情景市场状态投资决策_2026-07-15.md,355,悲观 / 受损,1,窄幅主题主导上涨,强烈不建议投资,-45,-20,强烈不建议投资｜-45%～-20%｜中
TTDKY,D:\drive\Investment\分析报告\公司情景投资决策\结果\TTDKY_经营情景市场状态投资决策_2026-07-15.md,355,悲观 / 受损,2,震荡均值回归,强烈不建议投资,-52,-30,强烈不建议投资｜-52%～-30%｜中
TTDKY,D:\drive\Investment\分析报告\公司情景投资决策\结果\TTDKY_经营情景市场状态投资决策_2026-07-15.md,355,悲观 / 受损,3,有序风险收缩,强烈不建议投资,-61,-42,强烈不建议投资｜-61%～-42%｜低
TTDKY,D:\drive\Investment\分析报告\公司情景投资决策\结果\TTDKY_经营情景市场状态投资决策_2026-07-15.md,355,悲观 / 受损,4,流动性信用压力,强烈不建议投资,-72,-56,强烈不建议投资｜-72%～-56%｜低
TTDKY,D:\drive\Investment\分析报告\公司情景投资决策\结果\TTDKY_经营情景市场状态投资决策_2026-07-15.md,356,基准 / 正常兑现,0,宽基风险扩张,谨慎建议投资,-3,+28,谨慎建议投资｜-3%～+28%｜中
TTDKY,D:\drive\Investment\分析报告\公司情景投资决策\结果\TTDKY_经营情景市场状态投资决策_2026-07-15.md,356,基准 / 正常兑现,1,窄幅主题主导上涨,中性 / 等待,-6,+24,中性 / 等待｜-6%～+24%｜中
TTDKY,D:\drive\Investment\分析报告\公司情景投资决策\结果\TTDKY_经营情景市场状态投资决策_2026-07-15.md,356,基准 / 正常兑现,2,震荡均值回归,不建议投资,-17,+8,不建议投资｜-17%～+8%｜中
TTDKY,D:\drive\Investment\分析报告\公司情景投资决策\结果\TTDKY_经营情景市场状态投资决策_2026-07-15.md,356,基准 / 正常兑现,3,有序风险收缩,强烈不建议投资,-31,-8,强烈不建议投资｜-31%～-8%｜低
TTDKY,D:\drive\Investment\分析报告\公司情景投资决策\结果\TTDKY_经营情景市场状态投资决策_2026-07-15.md,356,基准 / 正常兑现,4,流动性信用压力,强烈不建议投资,-47,-26,强烈不建议投资｜-47%～-26%｜低
TTDKY,D:\drive\Investment\分析报告\公司情景投资决策\结果\TTDKY_经营情景市场状态投资决策_2026-07-15.md,357,乐观 / 超预期,0,宽基风险扩张,强烈建议投资,+33,+71,强烈建议投资｜+33%～+71%｜中
TTDKY,D:\drive\Investment\分析报告\公司情景投资决策\结果\TTDKY_经营情景市场状态投资决策_2026-07-15.md,357,乐观 / 超预期,1,窄幅主题主导上涨,强烈建议投资,+36,+77,强烈建议投资｜+36%～+77%｜中
TTDKY,D:\drive\Investment\分析报告\公司情景投资决策\结果\TTDKY_经营情景市场状态投资决策_2026-07-15.md,357,乐观 / 超预期,2,震荡均值回归,建议投资,+16,+52,建议投资｜+16%～+52%｜中
TTDKY,D:\drive\Investment\分析报告\公司情景投资决策\结果\TTDKY_经营情景市场状态投资决策_2026-07-15.md,357,乐观 / 超预期,3,有序风险收缩,谨慎建议投资,-3,+28,谨慎建议投资｜-3%～+28%｜低
TTDKY,D:\drive\Investment\分析报告\公司情景投资决策\结果\TTDKY_经营情景市场状态投资决策_2026-07-15.md,357,乐观 / 超预期,4,流动性信用压力,不建议投资,-25,+5,不建议投资｜-25%～+5%｜低
TTDKY,D:\drive\Investment\分析报告\公司情景投资决策\结果\TTDKY_经营情景市场状态投资决策_2026-07-15.md,358,突破 / 非线性,0,宽基风险扩张,强烈建议投资,+83,+134,强烈建议投资｜+83%～+134%｜低
TTDKY,D:\drive\Investment\分析报告\公司情景投资决策\结果\TTDKY_经营情景市场状态投资决策_2026-07-15.md,358,突破 / 非线性,1,窄幅主题主导上涨,强烈建议投资,+93,+153,强烈建议投资｜+93%～+153%｜低
TTDKY,D:\drive\Investment\分析报告\公司情景投资决策\结果\TTDKY_经营情景市场状态投资决策_2026-07-15.md,358,突破 / 非线性,2,震荡均值回归,强烈建议投资,+58,+112,强烈建议投资｜+58%～+112%｜低
TTDKY,D:\drive\Investment\分析报告\公司情景投资决策\结果\TTDKY_经营情景市场状态投资决策_2026-07-15.md,358,突破 / 非线性,3,有序风险收缩,强烈建议投资,+30,+77,强烈建议投资｜+30%～+77%｜低
TTDKY,D:\drive\Investment\分析报告\公司情景投资决策\结果\TTDKY_经营情景市场状态投资决策_2026-07-15.md,358,突破 / 非线性,4,流动性信用压力,谨慎建议投资,-1,+39,谨慎建议投资｜-1%～+39%｜低
TXN,D:\drive\Investment\分析报告\公司情景投资决策\结果\TXN_经营情景市场状态投资决策_2026-07-15.md,338,悲观 / 受损,0,宽基风险扩张,强烈不建议投资,-64,-50,强烈不建议投资｜-64%～-50%｜低
TXN,D:\drive\Investment\分析报告\公司情景投资决策\结果\TXN_经营情景市场状态投资决策_2026-07-15.md,338,悲观 / 受损,1,窄幅主题主导上涨,强烈不建议投资,-68,-54,强烈不建议投资｜-68%～-54%｜低
TXN,D:\drive\Investment\分析报告\公司情景投资决策\结果\TXN_经营情景市场状态投资决策_2026-07-15.md,338,悲观 / 受损,2,震荡均值回归,强烈不建议投资,-73,-61,强烈不建议投资｜-73%～-61%｜低
TXN,D:\drive\Investment\分析报告\公司情景投资决策\结果\TXN_经营情景市场状态投资决策_2026-07-15.md,338,悲观 / 受损,3,有序风险收缩,强烈不建议投资,-78,-68,强烈不建议投资｜-78%～-68%｜低
TXN,D:\drive\Investment\分析报告\公司情景投资决策\结果\TXN_经营情景市场状态投资决策_2026-07-15.md,338,悲观 / 受损,4,流动性信用压力,强烈不建议投资,-84,-76,强烈不建议投资｜-84%～-76%｜低
TXN,D:\drive\Investment\分析报告\公司情景投资决策\结果\TXN_经营情景市场状态投资决策_2026-07-15.md,339,基准 / 正常兑现,0,宽基风险扩张,不建议投资,-25,+2,不建议投资｜-25%～+2%｜中
TXN,D:\drive\Investment\分析报告\公司情景投资决策\结果\TXN_经营情景市场状态投资决策_2026-07-15.md,339,基准 / 正常兑现,1,窄幅主题主导上涨,不建议投资,-31,-10,不建议投资｜-31%～-10%｜中
TXN,D:\drive\Investment\分析报告\公司情景投资决策\结果\TXN_经营情景市场状态投资决策_2026-07-15.md,339,基准 / 正常兑现,2,震荡均值回归,强烈不建议投资,-38,-26,强烈不建议投资｜-38%～-26%｜中
TXN,D:\drive\Investment\分析报告\公司情景投资决策\结果\TXN_经营情景市场状态投资决策_2026-07-15.md,339,基准 / 正常兑现,3,有序风险收缩,强烈不建议投资,-50,-41,强烈不建议投资｜-50%～-41%｜低
TXN,D:\drive\Investment\分析报告\公司情景投资决策\结果\TXN_经营情景市场状态投资决策_2026-07-15.md,339,基准 / 正常兑现,4,流动性信用压力,强烈不建议投资,-63,-56,强烈不建议投资｜-63%～-56%｜低
TXN,D:\drive\Investment\分析报告\公司情景投资决策\结果\TXN_经营情景市场状态投资决策_2026-07-15.md,340,乐观 / 超预期,0,宽基风险扩张,谨慎建议投资,-3,+35,谨慎建议投资｜-3%～+35%｜中
TXN,D:\drive\Investment\分析报告\公司情景投资决策\结果\TXN_经营情景市场状态投资决策_2026-07-15.md,340,乐观 / 超预期,1,窄幅主题主导上涨,谨慎建议投资,-6,+32,谨慎建议投资｜-6%～+32%｜中
TXN,D:\drive\Investment\分析报告\公司情景投资决策\结果\TXN_经营情景市场状态投资决策_2026-07-15.md,340,乐观 / 超预期,2,震荡均值回归,中性 / 等待,-18,+10,中性 / 等待｜-18%～+10%｜中
TXN,D:\drive\Investment\分析报告\公司情景投资决策\结果\TXN_经营情景市场状态投资决策_2026-07-15.md,340,乐观 / 超预期,3,有序风险收缩,不建议投资,-31,-16,不建议投资｜-31%～-16%｜低
TXN,D:\drive\Investment\分析报告\公司情景投资决策\结果\TXN_经营情景市场状态投资决策_2026-07-15.md,340,乐观 / 超预期,4,流动性信用压力,强烈不建议投资,-46,-40,强烈不建议投资｜-46%～-40%｜低
TXN,D:\drive\Investment\分析报告\公司情景投资决策\结果\TXN_经营情景市场状态投资决策_2026-07-15.md,341,突破 / 非线性,0,宽基风险扩张,强烈建议投资,+17,+77,强烈建议投资｜+17%～+77%｜低
TXN,D:\drive\Investment\分析报告\公司情景投资决策\结果\TXN_经营情景市场状态投资决策_2026-07-15.md,341,突破 / 非线性,1,窄幅主题主导上涨,强烈建议投资,+20,+87,强烈建议投资｜+20%～+87%｜低
TXN,D:\drive\Investment\分析报告\公司情景投资决策\结果\TXN_经营情景市场状态投资决策_2026-07-15.md,341,突破 / 非线性,2,震荡均值回归,建议投资,+2,+55,建议投资｜+2%～+55%｜低
TXN,D:\drive\Investment\分析报告\公司情景投资决策\结果\TXN_经营情景市场状态投资决策_2026-07-15.md,341,突破 / 非线性,3,有序风险收缩,谨慎建议投资,-11,+30,谨慎建议投资｜-11%～+30%｜低
TXN,D:\drive\Investment\分析报告\公司情景投资决策\结果\TXN_经营情景市场状态投资决策_2026-07-15.md,341,突破 / 非线性,4,流动性信用压力,不建议投资,-30,-10,不建议投资｜-30%～-10%｜低
UCTT,D:\drive\Investment\分析报告\公司情景投资决策\结果\UCTT_经营情景市场状态投资决策_2026-07-15.md,366,悲观 / 受损,0,宽基风险扩张,强烈不建议投资,-100,-80,强烈不建议投资｜-100%～-80%｜低
UCTT,D:\drive\Investment\分析报告\公司情景投资决策\结果\UCTT_经营情景市场状态投资决策_2026-07-15.md,366,悲观 / 受损,1,窄幅主题主导上涨,强烈不建议投资,-100,-78,强烈不建议投资｜-100%～-78%｜低
UCTT,D:\drive\Investment\分析报告\公司情景投资决策\结果\UCTT_经营情景市场状态投资决策_2026-07-15.md,366,悲观 / 受损,2,震荡均值回归,强烈不建议投资,-100,-86,强烈不建议投资｜-100%～-86%｜低
UCTT,D:\drive\Investment\分析报告\公司情景投资决策\结果\UCTT_经营情景市场状态投资决策_2026-07-15.md,366,悲观 / 受损,3,有序风险收缩,强烈不建议投资,-100,-91,强烈不建议投资｜-100%～-91%｜低
UCTT,D:\drive\Investment\分析报告\公司情景投资决策\结果\UCTT_经营情景市场状态投资决策_2026-07-15.md,366,悲观 / 受损,4,流动性信用压力,强烈不建议投资,-100,-97,强烈不建议投资｜-100%～-97%｜低
UCTT,D:\drive\Investment\分析报告\公司情景投资决策\结果\UCTT_经营情景市场状态投资决策_2026-07-15.md,367,基准 / 正常兑现,0,宽基风险扩张,不建议投资,-50,-5,不建议投资｜-50%～-5%｜中
UCTT,D:\drive\Investment\分析报告\公司情景投资决策\结果\UCTT_经营情景市场状态投资决策_2026-07-15.md,367,基准 / 正常兑现,1,窄幅主题主导上涨,不建议投资,-43,+5,不建议投资｜-43%～+5%｜中
UCTT,D:\drive\Investment\分析报告\公司情景投资决策\结果\UCTT_经营情景市场状态投资决策_2026-07-15.md,367,基准 / 正常兑现,2,震荡均值回归,强烈不建议投资,-61,-25,强烈不建议投资｜-61%～-25%｜中
UCTT,D:\drive\Investment\分析报告\公司情景投资决策\结果\UCTT_经营情景市场状态投资决策_2026-07-15.md,367,基准 / 正常兑现,3,有序风险收缩,强烈不建议投资,-72,-40,强烈不建议投资｜-72%～-40%｜中低
UCTT,D:\drive\Investment\分析报告\公司情景投资决策\结果\UCTT_经营情景市场状态投资决策_2026-07-15.md,367,基准 / 正常兑现,4,流动性信用压力,强烈不建议投资,-86,-60,强烈不建议投资｜-86%～-60%｜低
UCTT,D:\drive\Investment\分析报告\公司情景投资决策\结果\UCTT_经营情景市场状态投资决策_2026-07-15.md,368,乐观 / 超预期,0,宽基风险扩张,建议投资,+1,+63,建议投资｜+1%～+63%｜中
UCTT,D:\drive\Investment\分析报告\公司情景投资决策\结果\UCTT_经营情景市场状态投资决策_2026-07-15.md,368,乐观 / 超预期,1,窄幅主题主导上涨,建议投资,+10,+82,建议投资｜+10%～+82%｜中
UCTT,D:\drive\Investment\分析报告\公司情景投资决策\结果\UCTT_经营情景市场状态投资决策_2026-07-15.md,368,乐观 / 超预期,2,震荡均值回归,谨慎建议投资,-21,+37,谨慎建议投资｜-21%～+37%｜中低
UCTT,D:\drive\Investment\分析报告\公司情景投资决策\结果\UCTT_经营情景市场状态投资决策_2026-07-15.md,368,乐观 / 超预期,3,有序风险收缩,不建议投资,-38,+11,不建议投资｜-38%～+11%｜中低
UCTT,D:\drive\Investment\分析报告\公司情景投资决策\结果\UCTT_经营情景市场状态投资决策_2026-07-15.md,368,乐观 / 超预期,4,流动性信用压力,强烈不建议投资,-60,-18,强烈不建议投资｜-60%～-18%｜低
UCTT,D:\drive\Investment\分析报告\公司情景投资决策\结果\UCTT_经营情景市场状态投资决策_2026-07-15.md,369,突破 / 非线性,0,宽基风险扩张,强烈建议投资,+62,+177,强烈建议投资｜+62%～+177%｜低
UCTT,D:\drive\Investment\分析报告\公司情景投资决策\结果\UCTT_经营情景市场状态投资决策_2026-07-15.md,369,突破 / 非线性,1,窄幅主题主导上涨,强烈建议投资,+84,+217,强烈建议投资｜+84%～+217%｜低
UCTT,D:\drive\Investment\分析报告\公司情景投资决策\结果\UCTT_经营情景市场状态投资决策_2026-07-15.md,369,突破 / 非线性,2,震荡均值回归,强烈建议投资,+41,+137,强烈建议投资｜+41%～+137%｜低
UCTT,D:\drive\Investment\分析报告\公司情景投资决策\结果\UCTT_经营情景市场状态投资决策_2026-07-15.md,369,突破 / 非线性,3,有序风险收缩,建议投资,+12,+97,建议投资｜+12%～+97%｜低
UCTT,D:\drive\Investment\分析报告\公司情景投资决策\结果\UCTT_经营情景市场状态投资决策_2026-07-15.md,369,突破 / 非线性,4,流动性信用压力,谨慎建议投资,-19,+57,谨慎建议投资｜-19%～+57%｜低
UMC,D:\drive\Investment\分析报告\公司情景投资决策\结果\UMC_经营情景市场状态投资决策_2026-07-15.md,342,悲观／受损,0,宽基风险扩张,强烈不建议投资,-88,-72,强烈不建议投资｜-88%～-72%｜中
UMC,D:\drive\Investment\分析报告\公司情景投资决策\结果\UMC_经营情景市场状态投资决策_2026-07-15.md,342,悲观／受损,1,窄幅主题主导上涨,强烈不建议投资,-87,-72,强烈不建议投资｜-87%～-72%｜中
UMC,D:\drive\Investment\分析报告\公司情景投资决策\结果\UMC_经营情景市场状态投资决策_2026-07-15.md,342,悲观／受损,2,震荡均值回归,强烈不建议投资,-89,-76,强烈不建议投资｜-89%～-76%｜中
UMC,D:\drive\Investment\分析报告\公司情景投资决策\结果\UMC_经营情景市场状态投资决策_2026-07-15.md,342,悲观／受损,3,有序风险收缩,强烈不建议投资,-90,-81,强烈不建议投资｜-90%～-81%｜中
UMC,D:\drive\Investment\分析报告\公司情景投资决策\结果\UMC_经营情景市场状态投资决策_2026-07-15.md,342,悲观／受损,4,流动性信用压力,强烈不建议投资,-92,-86,强烈不建议投资｜-92%～-86%｜低
UMC,D:\drive\Investment\分析报告\公司情景投资决策\结果\UMC_经营情景市场状态投资决策_2026-07-15.md,343,基准／正常兑现,0,宽基风险扩张,强烈不建议投资,-77,-46,强烈不建议投资｜-77%～-46%｜中
UMC,D:\drive\Investment\分析报告\公司情景投资决策\结果\UMC_经营情景市场状态投资决策_2026-07-15.md,343,基准／正常兑现,1,窄幅主题主导上涨,强烈不建议投资,-76,-42,强烈不建议投资｜-76%～-42%｜中
UMC,D:\drive\Investment\分析报告\公司情景投资决策\结果\UMC_经营情景市场状态投资决策_2026-07-15.md,343,基准／正常兑现,2,震荡均值回归,强烈不建议投资,-79,-58,强烈不建议投资｜-79%～-58%｜中
UMC,D:\drive\Investment\分析报告\公司情景投资决策\结果\UMC_经营情景市场状态投资决策_2026-07-15.md,343,基准／正常兑现,3,有序风险收缩,强烈不建议投资,-81,-68,强烈不建议投资｜-81%～-68%｜中
UMC,D:\drive\Investment\分析报告\公司情景投资决策\结果\UMC_经营情景市场状态投资决策_2026-07-15.md,343,基准／正常兑现,4,流动性信用压力,强烈不建议投资,-85,-74,强烈不建议投资｜-85%～-74%｜低
UMC,D:\drive\Investment\分析报告\公司情景投资决策\结果\UMC_经营情景市场状态投资决策_2026-07-15.md,344,乐观／超预期,0,宽基风险扩张,强烈不建议投资,-63,-14,强烈不建议投资｜-63%～-14%｜中
UMC,D:\drive\Investment\分析报告\公司情景投资决策\结果\UMC_经营情景市场状态投资决策_2026-07-15.md,344,乐观／超预期,1,窄幅主题主导上涨,强烈不建议投资,-61,-4,强烈不建议投资｜-61%～-4%｜中
UMC,D:\drive\Investment\分析报告\公司情景投资决策\结果\UMC_经营情景市场状态投资决策_2026-07-15.md,344,乐观／超预期,2,震荡均值回归,强烈不建议投资,-66,-30,强烈不建议投资｜-66%～-30%｜中
UMC,D:\drive\Investment\分析报告\公司情景投资决策\结果\UMC_经营情景市场状态投资决策_2026-07-15.md,344,乐观／超预期,3,有序风险收缩,强烈不建议投资,-70,-46,强烈不建议投资｜-70%～-46%｜低
UMC,D:\drive\Investment\分析报告\公司情景投资决策\结果\UMC_经营情景市场状态投资决策_2026-07-15.md,344,乐观／超预期,4,流动性信用压力,强烈不建议投资,-76,-60,强烈不建议投资｜-76%～-60%｜低
UMC,D:\drive\Investment\分析报告\公司情景投资决策\结果\UMC_经营情景市场状态投资决策_2026-07-15.md,345,突破／非线性,0,宽基风险扩张,不建议投资,-43,+29,不建议投资｜-43%～+29%｜低
UMC,D:\drive\Investment\分析报告\公司情景投资决策\结果\UMC_经营情景市场状态投资决策_2026-07-15.md,345,突破／非线性,1,窄幅主题主导上涨,中性／等待,-40,+43,中性／等待｜-40%～+43%｜低
UMC,D:\drive\Investment\分析报告\公司情景投资决策\结果\UMC_经营情景市场状态投资决策_2026-07-15.md,345,突破／非线性,2,震荡均值回归,不建议投资,-48,+5,不建议投资｜-48%～+5%｜低
UMC,D:\drive\Investment\分析报告\公司情景投资决策\结果\UMC_经营情景市场状态投资决策_2026-07-15.md,345,突破／非线性,3,有序风险收缩,强烈不建议投资,-54,-22,强烈不建议投资｜-54%～-22%｜低
UMC,D:\drive\Investment\分析报告\公司情景投资决策\结果\UMC_经营情景市场状态投资决策_2026-07-15.md,345,突破／非线性,4,流动性信用压力,强烈不建议投资,-65,-42,强烈不建议投资｜-65%～-42%｜低
VECO,D:\drive\Investment\分析报告\公司情景投资决策\结果\VECO_经营情景市场状态投资决策_2026-07-15.md,307,悲观 / 受损,0,宽基风险扩张,强烈不建议投资,-65,-12,强烈不建议投资｜-65%～-12%｜中
VECO,D:\drive\Investment\分析报告\公司情景投资决策\结果\VECO_经营情景市场状态投资决策_2026-07-15.md,307,悲观 / 受损,1,窄幅主题主导上涨,强烈不建议投资,-61,-9,强烈不建议投资｜-61%～-9%｜中
VECO,D:\drive\Investment\分析报告\公司情景投资决策\结果\VECO_经营情景市场状态投资决策_2026-07-15.md,307,悲观 / 受损,2,震荡均值回归,强烈不建议投资,-70,-25,强烈不建议投资｜-70%～-25%｜中
VECO,D:\drive\Investment\分析报告\公司情景投资决策\结果\VECO_经营情景市场状态投资决策_2026-07-15.md,307,悲观 / 受损,3,有序风险收缩,强烈不建议投资,-77,-39,强烈不建议投资｜-77%～-39%｜低
VECO,D:\drive\Investment\分析报告\公司情景投资决策\结果\VECO_经营情景市场状态投资决策_2026-07-15.md,307,悲观 / 受损,4,流动性信用压力,强烈不建议投资,-84,-53,强烈不建议投资｜-84%～-53%｜低
VECO,D:\drive\Investment\分析报告\公司情景投资决策\结果\VECO_经营情景市场状态投资决策_2026-07-15.md,308,基准 / 正常兑现,0,宽基风险扩张,谨慎建议投资,-17,+42,谨慎建议投资｜-17%～+42%｜中
VECO,D:\drive\Investment\分析报告\公司情景投资决策\结果\VECO_经营情景市场状态投资决策_2026-07-15.md,308,基准 / 正常兑现,1,窄幅主题主导上涨,建议投资,-9,+62,建议投资｜-9%～+62%｜中
VECO,D:\drive\Investment\分析报告\公司情景投资决策\结果\VECO_经营情景市场状态投资决策_2026-07-15.md,308,基准 / 正常兑现,2,震荡均值回归,中性 / 等待,-28,+23,中性 / 等待｜-28%～+23%｜中
VECO,D:\drive\Investment\分析报告\公司情景投资决策\结果\VECO_经营情景市场状态投资决策_2026-07-15.md,308,基准 / 正常兑现,3,有序风险收缩,不建议投资,-42,+4,不建议投资｜-42%～+4%｜中
VECO,D:\drive\Investment\分析报告\公司情景投资决策\结果\VECO_经营情景市场状态投资决策_2026-07-15.md,308,基准 / 正常兑现,4,流动性信用压力,强烈不建议投资,-63,-19,强烈不建议投资｜-63%～-19%｜低
VECO,D:\drive\Investment\分析报告\公司情景投资决策\结果\VECO_经营情景市场状态投资决策_2026-07-15.md,309,乐观 / 超预期,0,宽基风险扩张,强烈建议投资,+23,+160,强烈建议投资｜+23%～+160%｜中
VECO,D:\drive\Investment\分析报告\公司情景投资决策\结果\VECO_经营情景市场状态投资决策_2026-07-15.md,309,乐观 / 超预期,1,窄幅主题主导上涨,强烈建议投资,+67,+200,强烈建议投资｜+67%～+200%｜中
VECO,D:\drive\Investment\分析报告\公司情景投资决策\结果\VECO_经营情景市场状态投资决策_2026-07-15.md,309,乐观 / 超预期,2,震荡均值回归,建议投资,0,+114,建议投资｜0%～+114%｜中
VECO,D:\drive\Investment\分析报告\公司情景投资决策\结果\VECO_经营情景市场状态投资决策_2026-07-15.md,309,乐观 / 超预期,3,有序风险收缩,谨慎建议投资,-19,+72,谨慎建议投资｜-19%～+72%｜低
VECO,D:\drive\Investment\分析报告\公司情景投资决策\结果\VECO_经营情景市场状态投资决策_2026-07-15.md,309,乐观 / 超预期,4,流动性信用压力,不建议投资,-47,+30,不建议投资｜-47%～+30%｜低
VECO,D:\drive\Investment\分析报告\公司情景投资决策\结果\VECO_经营情景市场状态投资决策_2026-07-15.md,310,突破 / 非线性,0,宽基风险扩张,强烈建议投资,+88,+372,强烈建议投资｜+88%～+372%｜低
VECO,D:\drive\Investment\分析报告\公司情景投资决策\结果\VECO_经营情景市场状态投资决策_2026-07-15.md,310,突破 / 非线性,1,窄幅主题主导上涨,强烈建议投资,+116,+464,强烈建议投资｜+116%～+464%｜低
VECO,D:\drive\Investment\分析报告\公司情景投资决策\结果\VECO_经营情景市场状态投资决策_2026-07-15.md,310,突破 / 非线性,2,震荡均值回归,强烈建议投资,+56,+299,强烈建议投资｜+56%～+299%｜低
VECO,D:\drive\Investment\分析报告\公司情景投资决策\结果\VECO_经营情景市场状态投资决策_2026-07-15.md,310,突破 / 非线性,3,有序风险收缩,强烈建议投资,+26,+225,强烈建议投资｜+26%～+225%｜低
VECO,D:\drive\Investment\分析报告\公司情景投资决策\结果\VECO_经营情景市场状态投资决策_2026-07-15.md,310,突破 / 非线性,4,流动性信用压力,谨慎建议投资,-12,+151,谨慎建议投资｜-12%～+151%｜低
VIAV,D:\drive\Investment\分析报告\公司情景投资决策\结果\VIAV_经营情景市场状态投资决策_2026-07-15.md,332,悲观 / 受损,0,宽基风险扩张,强烈不建议投资,-78,-38,强烈不建议投资｜-78%～-38%｜中
VIAV,D:\drive\Investment\分析报告\公司情景投资决策\结果\VIAV_经营情景市场状态投资决策_2026-07-15.md,332,悲观 / 受损,1,窄幅主题主导上涨,强烈不建议投资,-75,-33,强烈不建议投资｜-75%～-33%｜低
VIAV,D:\drive\Investment\分析报告\公司情景投资决策\结果\VIAV_经营情景市场状态投资决策_2026-07-15.md,332,悲观 / 受损,2,震荡均值回归,强烈不建议投资,-80,-48,强烈不建议投资｜-80%～-48%｜中
VIAV,D:\drive\Investment\分析报告\公司情景投资决策\结果\VIAV_经营情景市场状态投资决策_2026-07-15.md,332,悲观 / 受损,3,有序风险收缩,强烈不建议投资,-85,-58,强烈不建议投资｜-85%～-58%｜中
VIAV,D:\drive\Investment\分析报告\公司情景投资决策\结果\VIAV_经营情景市场状态投资决策_2026-07-15.md,332,悲观 / 受损,4,流动性信用压力,强烈不建议投资,-90,-70,强烈不建议投资｜-90%～-70%｜低
VIAV,D:\drive\Investment\分析报告\公司情景投资决策\结果\VIAV_经营情景市场状态投资决策_2026-07-15.md,333,基准 / 正常兑现,0,宽基风险扩张,不建议投资,-40,+10,不建议投资｜-40%～+10%｜低
VIAV,D:\drive\Investment\分析报告\公司情景投资决策\结果\VIAV_经营情景市场状态投资决策_2026-07-15.md,333,基准 / 正常兑现,1,窄幅主题主导上涨,不建议投资,-33,+22,不建议投资｜-33%～+22%｜低
VIAV,D:\drive\Investment\分析报告\公司情景投资决策\结果\VIAV_经营情景市场状态投资决策_2026-07-15.md,333,基准 / 正常兑现,2,震荡均值回归,强烈不建议投资,-50,-5,强烈不建议投资｜-50%～-5%｜中
VIAV,D:\drive\Investment\分析报告\公司情景投资决策\结果\VIAV_经营情景市场状态投资决策_2026-07-15.md,333,基准 / 正常兑现,3,有序风险收缩,强烈不建议投资,-63,-23,强烈不建议投资｜-63%～-23%｜中
VIAV,D:\drive\Investment\分析报告\公司情景投资决策\结果\VIAV_经营情景市场状态投资决策_2026-07-15.md,333,基准 / 正常兑现,4,流动性信用压力,强烈不建议投资,-73,-45,强烈不建议投资｜-73%～-45%｜低
VIAV,D:\drive\Investment\分析报告\公司情景投资决策\结果\VIAV_经营情景市场状态投资决策_2026-07-15.md,334,乐观 / 超预期,0,宽基风险扩张,谨慎建议投资,-8,+69,谨慎建议投资｜-8%～+69%｜低
VIAV,D:\drive\Investment\分析报告\公司情景投资决策\结果\VIAV_经营情景市场状态投资决策_2026-07-15.md,334,乐观 / 超预期,1,窄幅主题主导上涨,建议投资,+5,+92,建议投资｜+5%～+92%｜低
VIAV,D:\drive\Investment\分析报告\公司情景投资决策\结果\VIAV_经营情景市场状态投资决策_2026-07-15.md,334,乐观 / 超预期,2,震荡均值回归,谨慎建议投资,-23,+45,谨慎建议投资｜-23%～+45%｜低
VIAV,D:\drive\Investment\分析报告\公司情景投资决策\结果\VIAV_经营情景市场状态投资决策_2026-07-15.md,334,乐观 / 超预期,3,有序风险收缩,不建议投资,-40,+22,不建议投资｜-40%～+22%｜低
VIAV,D:\drive\Investment\分析报告\公司情景投资决策\结果\VIAV_经营情景市场状态投资决策_2026-07-15.md,334,乐观 / 超预期,4,流动性信用压力,强烈不建议投资,-58,-10,强烈不建议投资｜-58%～-10%｜低
VIAV,D:\drive\Investment\分析报告\公司情景投资决策\结果\VIAV_经营情景市场状态投资决策_2026-07-15.md,335,突破 / 非线性,0,宽基风险扩张,强烈建议投资,+45,+152,强烈建议投资｜+45%～+152%｜低
VIAV,D:\drive\Investment\分析报告\公司情景投资决策\结果\VIAV_经营情景市场状态投资决策_2026-07-15.md,335,突破 / 非线性,1,窄幅主题主导上涨,强烈建议投资,+65,+187,强烈建议投资｜+65%～+187%｜低
VIAV,D:\drive\Investment\分析报告\公司情景投资决策\结果\VIAV_经营情景市场状态投资决策_2026-07-15.md,335,突破 / 非线性,2,震荡均值回归,建议投资,+22,+104,建议投资｜+22%～+104%｜低
VIAV,D:\drive\Investment\分析报告\公司情景投资决策\结果\VIAV_经营情景市场状态投资决策_2026-07-15.md,335,突破 / 非线性,3,有序风险收缩,谨慎建议投资,-8,+62,谨慎建议投资｜-8%～+62%｜低
VIAV,D:\drive\Investment\分析报告\公司情景投资决策\结果\VIAV_经营情景市场状态投资决策_2026-07-15.md,335,突破 / 非线性,4,流动性信用压力,中性 / 等待,-33,+30,中性 / 等待｜-33%～+30%｜低
VICR,D:\drive\Investment\分析报告\公司情景投资决策\结果\VICR_经营情景市场状态投资决策_2026-07-15.md,401,悲观 / 受损,0,宽基风险扩张,强烈不建议投资,-90,-72,强烈不建议投资｜-90%～-72%｜中
VICR,D:\drive\Investment\分析报告\公司情景投资决策\结果\VICR_经营情景市场状态投资决策_2026-07-15.md,401,悲观 / 受损,1,窄幅主题主导上涨,强烈不建议投资,-90,-68,强烈不建议投资｜-90%～-68%｜中
VICR,D:\drive\Investment\分析报告\公司情景投资决策\结果\VICR_经营情景市场状态投资决策_2026-07-15.md,401,悲观 / 受损,2,震荡均值回归,强烈不建议投资,-91,-77,强烈不建议投资｜-91%～-77%｜中
VICR,D:\drive\Investment\分析报告\公司情景投资决策\结果\VICR_经营情景市场状态投资决策_2026-07-15.md,401,悲观 / 受损,3,有序风险收缩,强烈不建议投资,-93,-82,强烈不建议投资｜-93%～-82%｜中
VICR,D:\drive\Investment\分析报告\公司情景投资决策\结果\VICR_经营情景市场状态投资决策_2026-07-15.md,401,悲观 / 受损,4,流动性信用压力,强烈不建议投资,-94,-86,强烈不建议投资｜-94%～-86%｜低
VICR,D:\drive\Investment\分析报告\公司情景投资决策\结果\VICR_经营情景市场状态投资决策_2026-07-15.md,402,基准 / 正常兑现,0,宽基风险扩张,强烈不建议投资,-58,-15,强烈不建议投资｜-58%～-15%｜中
VICR,D:\drive\Investment\分析报告\公司情景投资决策\结果\VICR_经营情景市场状态投资决策_2026-07-15.md,402,基准 / 正常兑现,1,窄幅主题主导上涨,不建议投资,-54,-3,不建议投资｜-54%～-3%｜中
VICR,D:\drive\Investment\分析报告\公司情景投资决策\结果\VICR_经营情景市场状态投资决策_2026-07-15.md,402,基准 / 正常兑现,2,震荡均值回归,强烈不建议投资,-65,-32,强烈不建议投资｜-65%～-32%｜中
VICR,D:\drive\Investment\分析报告\公司情景投资决策\结果\VICR_经营情景市场状态投资决策_2026-07-15.md,402,基准 / 正常兑现,3,有序风险收缩,强烈不建议投资,-73,-49,强烈不建议投资｜-73%～-49%｜中
VICR,D:\drive\Investment\分析报告\公司情景投资决策\结果\VICR_经营情景市场状态投资决策_2026-07-15.md,402,基准 / 正常兑现,4,流动性信用压力,强烈不建议投资,-80,-63,强烈不建议投资｜-80%～-63%｜低
VICR,D:\drive\Investment\分析报告\公司情景投资决策\结果\VICR_经营情景市场状态投资决策_2026-07-15.md,403,乐观 / 超预期,0,宽基风险扩张,谨慎建议投资,-18,+62,谨慎建议投资｜-18%～+62%｜低
VICR,D:\drive\Investment\分析报告\公司情景投资决策\结果\VICR_经营情景市场状态投资决策_2026-07-15.md,403,乐观 / 超预期,1,窄幅主题主导上涨,建议投资,-10,+85,建议投资｜-10%～+85%｜低
VICR,D:\drive\Investment\分析报告\公司情景投资决策\结果\VICR_经营情景市场状态投资决策_2026-07-15.md,403,乐观 / 超预期,2,震荡均值回归,中性/等待,-31,+28,中性/等待｜-31%～+28%｜低
VICR,D:\drive\Investment\分析报告\公司情景投资决策\结果\VICR_经营情景市场状态投资决策_2026-07-15.md,403,乐观 / 超预期,3,有序风险收缩,不建议投资,-49,-4,不建议投资｜-49%～-4%｜低
VICR,D:\drive\Investment\分析报告\公司情景投资决策\结果\VICR_经营情景市场状态投资决策_2026-07-15.md,403,乐观 / 超预期,4,流动性信用压力,强烈不建议投资,-63,-32,强烈不建议投资｜-63%～-32%｜低
VICR,D:\drive\Investment\分析报告\公司情景投资决策\结果\VICR_经营情景市场状态投资决策_2026-07-15.md,404,突破 / 非线性,0,宽基风险扩张,强烈建议投资,+41,+210,强烈建议投资｜+41%～+210%｜低
VICR,D:\drive\Investment\分析报告\公司情景投资决策\结果\VICR_经营情景市场状态投资决策_2026-07-15.md,404,突破 / 非线性,1,窄幅主题主导上涨,强烈建议投资,+56,+255,强烈建议投资｜+56%～+255%｜低
VICR,D:\drive\Investment\分析报告\公司情景投资决策\结果\VICR_经营情景市场状态投资决策_2026-07-15.md,404,突破 / 非线性,2,震荡均值回归,建议投资,+17,+144,建议投资｜+17%～+144%｜低
VICR,D:\drive\Investment\分析报告\公司情景投资决策\结果\VICR_经营情景市场状态投资决策_2026-07-15.md,404,突破 / 非线性,3,有序风险收缩,谨慎建议投资,-14,+80,谨慎建议投资｜-14%～+80%｜低
VICR,D:\drive\Investment\分析报告\公司情景投资决策\结果\VICR_经营情景市场状态投资决策_2026-07-15.md,404,突破 / 非线性,4,流动性信用压力,中性/等待,-38,+26,中性/等待｜-38%～+26%｜低
VISN,D:\drive\Investment\分析报告\公司情景投资决策\结果\VISN_经营情景市场状态投资决策_2026-07-15.md,349,悲观 / 受损,0,宽基风险扩张,不建议投资,-31.4,-7.8,不建议投资｜-31.4%～-7.8%｜中
VISN,D:\drive\Investment\分析报告\公司情景投资决策\结果\VISN_经营情景市场状态投资决策_2026-07-15.md,349,悲观 / 受损,1,窄幅主题主导上涨,不建议投资,-33.6,-11.0,不建议投资｜-33.6%～-11.0%｜中
VISN,D:\drive\Investment\分析报告\公司情景投资决策\结果\VISN_经营情景市场状态投资决策_2026-07-15.md,349,悲观 / 受损,2,震荡均值回归,不建议投资,-35.9,-14.1,不建议投资｜-35.9%～-14.1%｜中
VISN,D:\drive\Investment\分析报告\公司情景投资决策\结果\VISN_经营情景市场状态投资决策_2026-07-15.md,349,悲观 / 受损,3,有序风险收缩,强烈不建议投资,-38.1,-17.2,强烈不建议投资｜-38.1%～-17.2%｜中
VISN,D:\drive\Investment\分析报告\公司情景投资决策\结果\VISN_经营情景市场状态投资决策_2026-07-15.md,349,悲观 / 受损,4,流动性信用压力,强烈不建议投资,-42.6,-23.4,强烈不建议投资｜-42.6%～-23.4%｜低
VISN,D:\drive\Investment\分析报告\公司情景投资决策\结果\VISN_经营情景市场状态投资决策_2026-07-15.md,350,基准 / 正常兑现,0,宽基风险扩张,建议投资,+12.6,+42.6,建议投资｜+12.6%～+42.6%｜中
VISN,D:\drive\Investment\分析报告\公司情景投资决策\结果\VISN_经营情景市场状态投资决策_2026-07-15.md,350,基准 / 正常兑现,1,窄幅主题主导上涨,谨慎建议投资,+8.1,+37.5,谨慎建议投资｜+8.1%～+37.5%｜中
VISN,D:\drive\Investment\分析报告\公司情景投资决策\结果\VISN_经营情景市场状态投资决策_2026-07-15.md,350,基准 / 正常兑现,2,震荡均值回归,谨慎建议投资,+3.6,+32.5,谨慎建议投资｜+3.6%～+32.5%｜中
VISN,D:\drive\Investment\分析报告\公司情景投资决策\结果\VISN_经营情景市场状态投资决策_2026-07-15.md,350,基准 / 正常兑现,3,有序风险收缩,中性 / 等待,-5.3,+22.4,中性 / 等待｜-5.3%～+22.4%｜中
VISN,D:\drive\Investment\分析报告\公司情景投资决策\结果\VISN_经营情景市场状态投资决策_2026-07-15.md,350,基准 / 正常兑现,4,流动性信用压力,不建议投资,-14.2,+12.2,不建议投资｜-14.2%～+12.2%｜低
VISN,D:\drive\Investment\分析报告\公司情景投资决策\结果\VISN_经营情景市场状态投资决策_2026-07-15.md,351,乐观 / 超预期,0,宽基风险扩张,强烈建议投资,+48.9,+98.4,强烈建议投资｜+48.9%～+98.4%｜中
VISN,D:\drive\Investment\分析报告\公司情景投资决策\结果\VISN_经营情景市场状态投资决策_2026-07-15.md,351,乐观 / 超预期,1,窄幅主题主导上涨,强烈建议投资,+42.8,+91.2,强烈建议投资｜+42.8%～+91.2%｜中
VISN,D:\drive\Investment\分析报告\公司情景投资决策\结果\VISN_经营情景市场状态投资决策_2026-07-15.md,351,乐观 / 超预期,2,震荡均值回归,强烈建议投资,+36.6,+84.0,强烈建议投资｜+36.6%～+84.0%｜中
VISN,D:\drive\Investment\分析报告\公司情景投资决策\结果\VISN_经营情景市场状态投资决策_2026-07-15.md,351,乐观 / 超预期,3,有序风险收缩,强烈建议投资,+24.4,+69.6,强烈建议投资｜+24.4%～+69.6%｜中
VISN,D:\drive\Investment\分析报告\公司情景投资决策\结果\VISN_经营情景市场状态投资决策_2026-07-15.md,351,乐观 / 超预期,4,流动性信用压力,建议投资,+12.1,+47.9,建议投资｜+12.1%～+47.9%｜低
VISN,D:\drive\Investment\分析报告\公司情景投资决策\结果\VISN_经营情景市场状态投资决策_2026-07-15.md,352,突破 / 非线性,0,宽基风险扩张,强烈建议投资,+91.2,+165.0,强烈建议投资｜+91.2%～+165.0%｜低
VISN,D:\drive\Investment\分析报告\公司情景投资决策\结果\VISN_经营情景市场状态投资决策_2026-07-15.md,352,突破 / 非线性,1,窄幅主题主导上涨,强烈建议投资,+83.1,+155.5,强烈建议投资｜+83.1%～+155.5%｜低
VISN,D:\drive\Investment\分析报告\公司情景投资决策\结果\VISN_经营情景市场状态投资决策_2026-07-15.md,352,突破 / 非线性,2,震荡均值回归,强烈建议投资,+75.0,+146.1,强烈建议投资｜+75.0%～+146.1%｜低
VISN,D:\drive\Investment\分析报告\公司情景投资决策\结果\VISN_经营情景市场状态投资决策_2026-07-15.md,352,突破 / 非线性,3,有序风险收缩,强烈建议投资,+58.7,+117.7,强烈建议投资｜+58.7%～+117.7%｜低
VISN,D:\drive\Investment\分析报告\公司情景投资决策\结果\VISN_经营情景市场状态投资决策_2026-07-15.md,352,突破 / 非线性,4,流动性信用压力,强烈建议投资,+34.3,+89.3,强烈建议投资｜+34.3%～+89.3%｜低
VRT,D:\drive\Investment\分析报告\公司情景投资决策\结果\VRT_经营情景市场状态投资决策_2026-07-15.md,393,悲观 / 受损,0,宽基风险扩张,强烈不建议投资,-70,-59,强烈不建议投资｜-70%～-59%｜中
VRT,D:\drive\Investment\分析报告\公司情景投资决策\结果\VRT_经营情景市场状态投资决策_2026-07-15.md,393,悲观 / 受损,1,窄幅主题主导上涨,强烈不建议投资,-69,-57,强烈不建议投资｜-69%～-57%｜中
VRT,D:\drive\Investment\分析报告\公司情景投资决策\结果\VRT_经营情景市场状态投资决策_2026-07-15.md,393,悲观 / 受损,2,震荡均值回归,强烈不建议投资,-74,-65,强烈不建议投资｜-74%～-65%｜中
VRT,D:\drive\Investment\分析报告\公司情景投资决策\结果\VRT_经营情景市场状态投资决策_2026-07-15.md,393,悲观 / 受损,3,有序风险收缩,强烈不建议投资,-80,-71,强烈不建议投资｜-80%～-71%｜中
VRT,D:\drive\Investment\分析报告\公司情景投资决策\结果\VRT_经营情景市场状态投资决策_2026-07-15.md,393,悲观 / 受损,4,流动性信用压力,强烈不建议投资,-85,-77,强烈不建议投资｜-85%～-77%｜低
VRT,D:\drive\Investment\分析报告\公司情景投资决策\结果\VRT_经营情景市场状态投资决策_2026-07-15.md,394,基准 / 正常兑现,0,宽基风险扩张,不建议投资,-28,+5,不建议投资｜-28%～+5%｜中
VRT,D:\drive\Investment\分析报告\公司情景投资决策\结果\VRT_经营情景市场状态投资决策_2026-07-15.md,394,基准 / 正常兑现,1,窄幅主题主导上涨,中性 / 等待,-21,+17,中性 / 等待｜-21%～+17%｜低
VRT,D:\drive\Investment\分析报告\公司情景投资决策\结果\VRT_经营情景市场状态投资决策_2026-07-15.md,394,基准 / 正常兑现,2,震荡均值回归,强烈不建议投资,-39,-8,强烈不建议投资｜-39%～-8%｜中
VRT,D:\drive\Investment\分析报告\公司情景投资决策\结果\VRT_经营情景市场状态投资决策_2026-07-15.md,394,基准 / 正常兑现,3,有序风险收缩,强烈不建议投资,-52,-26,强烈不建议投资｜-52%～-26%｜中
VRT,D:\drive\Investment\分析报告\公司情景投资决策\结果\VRT_经营情景市场状态投资决策_2026-07-15.md,394,基准 / 正常兑现,4,流动性信用压力,强烈不建议投资,-65,-42,强烈不建议投资｜-65%～-42%｜低
VRT,D:\drive\Investment\分析报告\公司情景投资决策\结果\VRT_经营情景市场状态投资决策_2026-07-15.md,395,乐观 / 超预期,0,宽基风险扩张,谨慎建议投资,+5,+54,谨慎建议投资｜+5%～+54%｜中
VRT,D:\drive\Investment\分析报告\公司情景投资决策\结果\VRT_经营情景市场状态投资决策_2026-07-15.md,395,乐观 / 超预期,1,窄幅主题主导上涨,建议投资,+17,+71,建议投资｜+17%～+71%｜中
VRT,D:\drive\Investment\分析报告\公司情景投资决策\结果\VRT_经营情景市场状态投资决策_2026-07-15.md,395,乐观 / 超预期,2,震荡均值回归,中性 / 等待,-11,+33,中性 / 等待｜-11%～+33%｜中
VRT,D:\drive\Investment\分析报告\公司情景投资决策\结果\VRT_经营情景市场状态投资决策_2026-07-15.md,395,乐观 / 超预期,3,有序风险收缩,不建议投资,-29,+8,不建议投资｜-29%～+8%｜中
VRT,D:\drive\Investment\分析报告\公司情景投资决策\结果\VRT_经营情景市场状态投资决策_2026-07-15.md,395,乐观 / 超预期,4,流动性信用压力,强烈不建议投资,-49,-18,强烈不建议投资｜-49%～-18%｜低
VRT,D:\drive\Investment\分析报告\公司情景投资决策\结果\VRT_经营情景市场状态投资决策_2026-07-15.md,396,突破 / 非线性,0,宽基风险扩张,强烈建议投资,+64,+136,强烈建议投资｜+64%～+136%｜低
VRT,D:\drive\Investment\分析报告\公司情景投资决策\结果\VRT_经营情景市场状态投资决策_2026-07-15.md,396,突破 / 非线性,1,窄幅主题主导上涨,强烈建议投资,+84,+163,强烈建议投资｜+84%～+163%｜低
VRT,D:\drive\Investment\分析报告\公司情景投资决策\结果\VRT_经营情景市场状态投资决策_2026-07-15.md,396,突破 / 非线性,2,震荡均值回归,强烈建议投资,+41,+107,强烈建议投资｜+41%～+107%｜低
VRT,D:\drive\Investment\分析报告\公司情景投资决策\结果\VRT_经营情景市场状态投资决策_2026-07-15.md,396,突破 / 非线性,3,有序风险收缩,建议投资,+12,+71,建议投资｜+12%～+71%｜低
VRT,D:\drive\Investment\分析报告\公司情景投资决策\结果\VRT_经营情景市场状态投资决策_2026-07-15.md,396,突破 / 非线性,4,流动性信用压力,中性 / 等待,-19,+28,中性 / 等待｜-19%～+28%｜低
VSH,D:\drive\Investment\分析报告\公司情景投资决策\结果\VSH_经营情景市场状态投资决策_2026-07-15.md,310,悲观 / 受损,0,宽基风险扩张,强烈不建议投资,-69,-49,强烈不建议投资｜-69%～-49%｜中
VSH,D:\drive\Investment\分析报告\公司情景投资决策\结果\VSH_经营情景市场状态投资决策_2026-07-15.md,310,悲观 / 受损,1,窄幅主题主导上涨,强烈不建议投资,-72,-52,强烈不建议投资｜-72%～-52%｜中
VSH,D:\drive\Investment\分析报告\公司情景投资决策\结果\VSH_经营情景市场状态投资决策_2026-07-15.md,310,悲观 / 受损,2,震荡均值回归,强烈不建议投资,-74,-54,强烈不建议投资｜-74%～-54%｜中
VSH,D:\drive\Investment\分析报告\公司情景投资决策\结果\VSH_经营情景市场状态投资决策_2026-07-15.md,310,悲观 / 受损,3,有序风险收缩,强烈不建议投资,-79,-62,强烈不建议投资｜-79%～-62%｜中
VSH,D:\drive\Investment\分析报告\公司情景投资决策\结果\VSH_经营情景市场状态投资决策_2026-07-15.md,310,悲观 / 受损,4,流动性信用压力,强烈不建议投资,-86,-74,强烈不建议投资｜-86%～-74%｜低
VSH,D:\drive\Investment\分析报告\公司情景投资决策\结果\VSH_经营情景市场状态投资决策_2026-07-15.md,311,基准 / 正常兑现,0,宽基风险扩张,不建议投资,-32,0,不建议投资｜-32%～0%｜中
VSH,D:\drive\Investment\分析报告\公司情景投资决策\结果\VSH_经营情景市场状态投资决策_2026-07-15.md,311,基准 / 正常兑现,1,窄幅主题主导上涨,不建议投资,-34,-2,不建议投资｜-34%～-2%｜中
VSH,D:\drive\Investment\分析报告\公司情景投资决策\结果\VSH_经营情景市场状态投资决策_2026-07-15.md,311,基准 / 正常兑现,2,震荡均值回归,强烈不建议投资,-39,-10,强烈不建议投资｜-39%～-10%｜中
VSH,D:\drive\Investment\分析报告\公司情景投资决策\结果\VSH_经营情景市场状态投资决策_2026-07-15.md,311,基准 / 正常兑现,3,有序风险收缩,强烈不建议投资,-49,-22,强烈不建议投资｜-49%～-22%｜中
VSH,D:\drive\Investment\分析报告\公司情景投资决策\结果\VSH_经营情景市场状态投资决策_2026-07-15.md,311,基准 / 正常兑现,4,流动性信用压力,强烈不建议投资,-64,-42,强烈不建议投资｜-64%～-42%｜低
VSH,D:\drive\Investment\分析报告\公司情景投资决策\结果\VSH_经营情景市场状态投资决策_2026-07-15.md,312,乐观 / 超预期,0,宽基风险扩张,建议投资,+5,+47,建议投资｜+5%～+47%｜中
VSH,D:\drive\Investment\分析报告\公司情景投资决策\结果\VSH_经营情景市场状态投资决策_2026-07-15.md,312,乐观 / 超预期,1,窄幅主题主导上涨,建议投资,+8,+50,建议投资｜+8%～+50%｜中
VSH,D:\drive\Investment\分析报告\公司情景投资决策\结果\VSH_经营情景市场状态投资决策_2026-07-15.md,312,乐观 / 超预期,2,震荡均值回归,谨慎建议投资,-5,+35,谨慎建议投资｜-5%～+35%｜中
VSH,D:\drive\Investment\分析报告\公司情景投资决策\结果\VSH_经营情景市场状态投资决策_2026-07-15.md,312,乐观 / 超预期,3,有序风险收缩,中性 / 等待,-20,+17,中性 / 等待｜-20%～+17%｜低
VSH,D:\drive\Investment\分析报告\公司情景投资决策\结果\VSH_经营情景市场状态投资决策_2026-07-15.md,312,乐观 / 超预期,4,流动性信用压力,强烈不建议投资,-39,-10,强烈不建议投资｜-39%～-10%｜低
VSH,D:\drive\Investment\分析报告\公司情景投资决策\结果\VSH_经营情景市场状态投资决策_2026-07-15.md,313,突破 / 非线性,0,宽基风险扩张,强烈建议投资,+55,+114,强烈建议投资｜+55%～+114%｜低
VSH,D:\drive\Investment\分析报告\公司情景投资决策\结果\VSH_经营情景市场状态投资决策_2026-07-15.md,313,突破 / 非线性,1,窄幅主题主导上涨,强烈建议投资,+62,+124,强烈建议投资｜+62%～+124%｜低
VSH,D:\drive\Investment\分析报告\公司情景投资决策\结果\VSH_经营情景市场状态投资决策_2026-07-15.md,313,突破 / 非线性,2,震荡均值回归,强烈建议投资,+37,+94,强烈建议投资｜+37%～+94%｜低
VSH,D:\drive\Investment\分析报告\公司情景投资决策\结果\VSH_经营情景市场状态投资决策_2026-07-15.md,313,突破 / 非线性,3,有序风险收缩,建议投资,+12,+64,建议投资｜+12%～+64%｜低
VSH,D:\drive\Investment\分析报告\公司情景投资决策\结果\VSH_经营情景市场状态投资决策_2026-07-15.md,313,突破 / 非线性,4,流动性信用压力,中性 / 等待,-17,+25,中性 / 等待｜-17%～+25%｜低
VST,D:\drive\Investment\分析报告\公司情景投资决策\结果\VST_经营情景市场状态投资决策_2026-07-15.md,319,悲观 / 受损,0,宽基风险扩张,强烈不建议投资,-63,-33,强烈不建议投资｜-63%～-33%｜中
VST,D:\drive\Investment\分析报告\公司情景投资决策\结果\VST_经营情景市场状态投资决策_2026-07-15.md,319,悲观 / 受损,1,窄幅主题主导上涨,强烈不建议投资,-69,-40,强烈不建议投资｜-69%～-40%｜中
VST,D:\drive\Investment\分析报告\公司情景投资决策\结果\VST_经营情景市场状态投资决策_2026-07-15.md,319,悲观 / 受损,2,震荡均值回归,强烈不建议投资,-71,-42,强烈不建议投资｜-71%～-42%｜中
VST,D:\drive\Investment\分析报告\公司情景投资决策\结果\VST_经营情景市场状态投资决策_2026-07-15.md,319,悲观 / 受损,3,有序风险收缩,强烈不建议投资,-80,-53,强烈不建议投资｜-80%～-53%｜中
VST,D:\drive\Investment\分析报告\公司情景投资决策\结果\VST_经营情景市场状态投资决策_2026-07-15.md,319,悲观 / 受损,4,流动性信用压力,强烈不建议投资,-94,-66,强烈不建议投资｜-94%～-66%｜低
VST,D:\drive\Investment\分析报告\公司情景投资决策\结果\VST_经营情景市场状态投资决策_2026-07-15.md,320,基准 / 正常兑现,0,宽基风险扩张,中性 / 等待,-21,+23,中性 / 等待｜-21%～+23%｜中
VST,D:\drive\Investment\分析报告\公司情景投资决策\结果\VST_经营情景市场状态投资决策_2026-07-15.md,320,基准 / 正常兑现,1,窄幅主题主导上涨,谨慎建议投资,-18,+35,谨慎建议投资｜-18%～+35%｜中
VST,D:\drive\Investment\分析报告\公司情景投资决策\结果\VST_经营情景市场状态投资决策_2026-07-15.md,320,基准 / 正常兑现,2,震荡均值回归,不建议投资,-31,+13,不建议投资｜-31%～+13%｜中
VST,D:\drive\Investment\分析报告\公司情景投资决策\结果\VST_经营情景市场状态投资决策_2026-07-15.md,320,基准 / 正常兑现,3,有序风险收缩,强烈不建议投资,-41,-4,强烈不建议投资｜-41%～-4%｜中
VST,D:\drive\Investment\分析报告\公司情景投资决策\结果\VST_经营情景市场状态投资决策_2026-07-15.md,320,基准 / 正常兑现,4,流动性信用压力,强烈不建议投资,-62,-23,强烈不建议投资｜-62%～-23%｜低
VST,D:\drive\Investment\分析报告\公司情景投资决策\结果\VST_经营情景市场状态投资决策_2026-07-15.md,321,乐观 / 超预期,0,宽基风险扩张,建议投资,+2,+64,建议投资｜+2%～+64%｜中
VST,D:\drive\Investment\分析报告\公司情景投资决策\结果\VST_经营情景市场状态投资决策_2026-07-15.md,321,乐观 / 超预期,1,窄幅主题主导上涨,建议投资,+13,+81,建议投资｜+13%～+81%｜中
VST,D:\drive\Investment\分析报告\公司情景投资决策\结果\VST_经营情景市场状态投资决策_2026-07-15.md,321,乐观 / 超预期,2,震荡均值回归,谨慎建议投资,-7,+52,谨慎建议投资｜-7%～+52%｜中
VST,D:\drive\Investment\分析报告\公司情景投资决策\结果\VST_经营情景市场状态投资决策_2026-07-15.md,321,乐观 / 超预期,3,有序风险收缩,中性 / 等待,-21,+35,中性 / 等待｜-21%～+35%｜低
VST,D:\drive\Investment\分析报告\公司情景投资决策\结果\VST_经营情景市场状态投资决策_2026-07-15.md,321,乐观 / 超预期,4,流动性信用压力,不建议投资,-49,+12,不建议投资｜-49%～+12%｜低
VST,D:\drive\Investment\分析报告\公司情景投资决策\结果\VST_经营情景市场状态投资决策_2026-07-15.md,322,突破 / 非线性,0,宽基风险扩张,强烈建议投资,+29,+124,强烈建议投资｜+29%～+124%｜低
VST,D:\drive\Investment\分析报告\公司情景投资决策\结果\VST_经营情景市场状态投资决策_2026-07-15.md,322,突破 / 非线性,1,窄幅主题主导上涨,强烈建议投资,+44,+147,强烈建议投资｜+44%～+147%｜低
VST,D:\drive\Investment\分析报告\公司情景投资决策\结果\VST_经营情景市场状态投资决策_2026-07-15.md,322,突破 / 非线性,2,震荡均值回归,建议投资,+17,+108,建议投资｜+17%～+108%｜低
VST,D:\drive\Investment\分析报告\公司情景投资决策\结果\VST_经营情景市场状态投资决策_2026-07-15.md,322,突破 / 非线性,3,有序风险收缩,谨慎建议投资,-2,+87,谨慎建议投资｜-2%～+87%｜低
VST,D:\drive\Investment\分析报告\公司情景投资决策\结果\VST_经营情景市场状态投资决策_2026-07-15.md,322,突破 / 非线性,4,流动性信用压力,中性 / 等待,-31,+60,中性 / 等待｜-31%～+60%｜低
WDC,D:\drive\Investment\分析报告\公司情景投资决策\结果\备份\WDC_2026-08-19T12_34_50-07_00-83185a930e\WDC_经营情景市场状态投资决策_2026-07-15.md,322,悲观 / 受损,0,宽基风险扩张,强烈不建议投资,-83,-55,强烈不建议投资｜-83%～-55%｜低
WDC,D:\drive\Investment\分析报告\公司情景投资决策\结果\备份\WDC_2026-08-19T12_34_50-07_00-83185a930e\WDC_经营情景市场状态投资决策_2026-07-15.md,322,悲观 / 受损,1,窄幅主题主导上涨,强烈不建议投资,-82,-58,强烈不建议投资｜-82%～-58%｜低
WDC,D:\drive\Investment\分析报告\公司情景投资决策\结果\备份\WDC_2026-08-19T12_34_50-07_00-83185a930e\WDC_经营情景市场状态投资决策_2026-07-15.md,322,悲观 / 受损,2,震荡均值回归,强烈不建议投资,-85,-63,强烈不建议投资｜-85%～-63%｜低
WDC,D:\drive\Investment\分析报告\公司情景投资决策\结果\备份\WDC_2026-08-19T12_34_50-07_00-83185a930e\WDC_经营情景市场状态投资决策_2026-07-15.md,322,悲观 / 受损,3,有序风险收缩,强烈不建议投资,-87,-71,强烈不建议投资｜-87%～-71%｜低
WDC,D:\drive\Investment\分析报告\公司情景投资决策\结果\备份\WDC_2026-08-19T12_34_50-07_00-83185a930e\WDC_经营情景市场状态投资决策_2026-07-15.md,322,悲观 / 受损,4,流动性信用压力,强烈不建议投资,-89,-79,强烈不建议投资｜-89%～-79%｜中
WDC,D:\drive\Investment\分析报告\公司情景投资决策\结果\备份\WDC_2026-08-19T12_34_50-07_00-83185a930e\WDC_经营情景市场状态投资决策_2026-07-15.md,323,基准 / 正常兑现,0,宽基风险扩张,不建议投资,-62,-13,不建议投资｜-62%～-13%｜低
WDC,D:\drive\Investment\分析报告\公司情景投资决策\结果\备份\WDC_2026-08-19T12_34_50-07_00-83185a930e\WDC_经营情景市场状态投资决策_2026-07-15.md,323,基准 / 正常兑现,1,窄幅主题主导上涨,不建议投资,-60,-2,不建议投资｜-60%～-2%｜低
WDC,D:\drive\Investment\分析报告\公司情景投资决策\结果\备份\WDC_2026-08-19T12_34_50-07_00-83185a930e\WDC_经营情景市场状态投资决策_2026-07-15.md,323,基准 / 正常兑现,2,震荡均值回归,强烈不建议投资,-67,-27,强烈不建议投资｜-67%～-27%｜低
WDC,D:\drive\Investment\分析报告\公司情景投资决策\结果\备份\WDC_2026-08-19T12_34_50-07_00-83185a930e\WDC_经营情景市场状态投资决策_2026-07-15.md,323,基准 / 正常兑现,3,有序风险收缩,强烈不建议投资,-73,-44,强烈不建议投资｜-73%～-44%｜低
WDC,D:\drive\Investment\分析报告\公司情景投资决策\结果\备份\WDC_2026-08-19T12_34_50-07_00-83185a930e\WDC_经营情景市场状态投资决策_2026-07-15.md,323,基准 / 正常兑现,4,流动性信用压力,强烈不建议投资,-79,-62,强烈不建议投资｜-79%～-62%｜中
WDC,D:\drive\Investment\分析报告\公司情景投资决策\结果\备份\WDC_2026-08-19T12_34_50-07_00-83185a930e\WDC_经营情景市场状态投资决策_2026-07-15.md,324,乐观 / 超预期,0,宽基风险扩张,不建议投资,-48,+19,不建议投资｜-48%～+19%｜低
WDC,D:\drive\Investment\分析报告\公司情景投资决策\结果\备份\WDC_2026-08-19T12_34_50-07_00-83185a930e\WDC_经营情景市场状态投资决策_2026-07-15.md,324,乐观 / 超预期,1,窄幅主题主导上涨,中性 / 等待,-45,+36,中性 / 等待｜-45%～+36%｜低
WDC,D:\drive\Investment\分析报告\公司情景投资决策\结果\备份\WDC_2026-08-19T12_34_50-07_00-83185a930e\WDC_经营情景市场状态投资决策_2026-07-15.md,324,乐观 / 超预期,2,震荡均值回归,不建议投资,-56,+2,不建议投资｜-56%～+2%｜低
WDC,D:\drive\Investment\分析报告\公司情景投资决策\结果\备份\WDC_2026-08-19T12_34_50-07_00-83185a930e\WDC_经营情景市场状态投资决策_2026-07-15.md,324,乐观 / 超预期,3,有序风险收缩,强烈不建议投资,-65,-24,强烈不建议投资｜-65%～-24%｜低
WDC,D:\drive\Investment\分析报告\公司情景投资决策\结果\备份\WDC_2026-08-19T12_34_50-07_00-83185a930e\WDC_经营情景市场状态投资决策_2026-07-15.md,324,乐观 / 超预期,4,流动性信用压力,强烈不建议投资,-72,-45,强烈不建议投资｜-72%～-45%｜低
WDC,D:\drive\Investment\分析报告\公司情景投资决策\结果\备份\WDC_2026-08-19T12_34_50-07_00-83185a930e\WDC_经营情景市场状态投资决策_2026-07-15.md,325,突破 / 非线性,0,宽基风险扩张,谨慎建议投资,-29,+61,谨慎建议投资｜-29%～+61%｜低
WDC,D:\drive\Investment\分析报告\公司情景投资决策\结果\备份\WDC_2026-08-19T12_34_50-07_00-83185a930e\WDC_经营情景市场状态投资决策_2026-07-15.md,325,突破 / 非线性,1,窄幅主题主导上涨,谨慎建议投资,-25,+87,谨慎建议投资｜-25%～+87%｜低
WDC,D:\drive\Investment\分析报告\公司情景投资决策\结果\备份\WDC_2026-08-19T12_34_50-07_00-83185a930e\WDC_经营情景市场状态投资决策_2026-07-15.md,325,突破 / 非线性,2,震荡均值回归,中性 / 等待,-40,+40,中性 / 等待｜-40%～+40%｜低
WDC,D:\drive\Investment\分析报告\公司情景投资决策\结果\备份\WDC_2026-08-19T12_34_50-07_00-83185a930e\WDC_经营情景市场状态投资决策_2026-07-15.md,325,突破 / 非线性,3,有序风险收缩,不建议投资,-53,+3,不建议投资｜-53%～+3%｜低
WDC,D:\drive\Investment\分析报告\公司情景投资决策\结果\备份\WDC_2026-08-19T12_34_50-07_00-83185a930e\WDC_经营情景市场状态投资决策_2026-07-15.md,325,突破 / 非线性,4,流动性信用压力,强烈不建议投资,-63,-28,强烈不建议投资｜-63%～-28%｜低
WOLF,D:\drive\Investment\分析报告\公司情景投资决策\结果\WOLF_经营情景市场状态投资决策_2026-07-15.md,370,悲观 / 受损,0,宽基风险扩张,强烈不建议投资,-100,-100,强烈不建议投资｜-100%～-100%｜低
WOLF,D:\drive\Investment\分析报告\公司情景投资决策\结果\WOLF_经营情景市场状态投资决策_2026-07-15.md,370,悲观 / 受损,1,窄幅主题主导上涨,强烈不建议投资,-100,-100,强烈不建议投资｜-100%～-100%｜低
WOLF,D:\drive\Investment\分析报告\公司情景投资决策\结果\WOLF_经营情景市场状态投资决策_2026-07-15.md,370,悲观 / 受损,2,震荡均值回归,强烈不建议投资,-100,-100,强烈不建议投资｜-100%～-100%｜低
WOLF,D:\drive\Investment\分析报告\公司情景投资决策\结果\WOLF_经营情景市场状态投资决策_2026-07-15.md,370,悲观 / 受损,3,有序风险收缩,强烈不建议投资,-100,-100,强烈不建议投资｜-100%～-100%｜低
WOLF,D:\drive\Investment\分析报告\公司情景投资决策\结果\WOLF_经营情景市场状态投资决策_2026-07-15.md,370,悲观 / 受损,4,流动性信用压力,强烈不建议投资,-100,-100,强烈不建议投资｜-100%～-100%｜低
WOLF,D:\drive\Investment\分析报告\公司情景投资决策\结果\WOLF_经营情景市场状态投资决策_2026-07-15.md,371,基准 / 正常兑现,0,宽基风险扩张,强烈不建议投资,-88,-27,强烈不建议投资｜-88%～-27%｜低
WOLF,D:\drive\Investment\分析报告\公司情景投资决策\结果\WOLF_经营情景市场状态投资决策_2026-07-15.md,371,基准 / 正常兑现,1,窄幅主题主导上涨,强烈不建议投资,-92,-23,强烈不建议投资｜-92%～-23%｜低
WOLF,D:\drive\Investment\分析报告\公司情景投资决策\结果\WOLF_经营情景市场状态投资决策_2026-07-15.md,371,基准 / 正常兑现,2,震荡均值回归,强烈不建议投资,-100,-40,强烈不建议投资｜-100%～-40%｜低
WOLF,D:\drive\Investment\分析报告\公司情景投资决策\结果\WOLF_经营情景市场状态投资决策_2026-07-15.md,371,基准 / 正常兑现,3,有序风险收缩,强烈不建议投资,-100,-58,强烈不建议投资｜-100%～-58%｜低
WOLF,D:\drive\Investment\分析报告\公司情景投资决策\结果\WOLF_经营情景市场状态投资决策_2026-07-15.md,371,基准 / 正常兑现,4,流动性信用压力,强烈不建议投资,-100,-93,强烈不建议投资｜-100%～-93%｜低
WOLF,D:\drive\Investment\分析报告\公司情景投资决策\结果\WOLF_经营情景市场状态投资决策_2026-07-15.md,372,乐观 / 超预期,0,宽基风险扩张,谨慎建议投资,-6,+81,谨慎建议投资｜-6%～+81%｜中
WOLF,D:\drive\Investment\分析报告\公司情景投资决策\结果\WOLF_经营情景市场状态投资决策_2026-07-15.md,372,乐观 / 超预期,1,窄幅主题主导上涨,谨慎建议投资,+6,+103,谨慎建议投资｜+6%～+103%｜中
WOLF,D:\drive\Investment\分析报告\公司情景投资决策\结果\WOLF_经营情景市场状态投资决策_2026-07-15.md,372,乐观 / 超预期,2,震荡均值回归,中性 / 等待,-20,+59,中性 / 等待｜-20%～+59%｜中
WOLF,D:\drive\Investment\分析报告\公司情景投资决策\结果\WOLF_经营情景市场状态投资决策_2026-07-15.md,372,乐观 / 超预期,3,有序风险收缩,不建议投资,-42,+24,不建议投资｜-42%～+24%｜低
WOLF,D:\drive\Investment\分析报告\公司情景投资决策\结果\WOLF_经营情景市场状态投资决策_2026-07-15.md,372,乐观 / 超预期,4,流动性信用压力,强烈不建议投资,-84,-16,强烈不建议投资｜-84%～-16%｜低
WOLF,D:\drive\Investment\分析报告\公司情景投资决策\结果\WOLF_经营情景市场状态投资决策_2026-07-15.md,373,突破 / 非线性,0,宽基风险扩张,强烈建议投资,+94,+247,强烈建议投资｜+94%～+247%｜低
WOLF,D:\drive\Investment\分析报告\公司情景投资决策\结果\WOLF_经营情景市场状态投资决策_2026-07-15.md,373,突破 / 非线性,1,窄幅主题主导上涨,强烈建议投资,+117,+296,强烈建议投资｜+117%～+296%｜低
WOLF,D:\drive\Investment\分析报告\公司情景投资决策\结果\WOLF_经营情景市场状态投资决策_2026-07-15.md,373,突破 / 非线性,2,震荡均值回归,强烈建议投资,+64,+199,强烈建议投资｜+64%～+199%｜低
WOLF,D:\drive\Investment\分析报告\公司情景投资决策\结果\WOLF_经营情景市场状态投资决策_2026-07-15.md,373,突破 / 非线性,3,有序风险收缩,建议投资,+22,+130,建议投资｜+22%～+130%｜低
WOLF,D:\drive\Investment\分析报告\公司情景投资决策\结果\WOLF_经营情景市场状态投资决策_2026-07-15.md,373,突破 / 非线性,4,流动性信用压力,中性 / 等待,-19,+64,中性 / 等待｜-19%～+64%｜低
