ticker,path,summary_line,main_market_state_first_mention,main_market_scope_filter,snapshot_text,base_in_current_position,composite_explicit,weakest_link_text,weakest_cash_or_capital,weakest_capture_or_delivery,summary_text
AAOI,D:\drive\Investment\分析报告\公司情景投资决策\结果\AAOI_经营情景市场状态投资决策_2026-07-15.md,3,宽基风险扩张,US-explicit,共享市场快照“美国上市股票（USD）｜2026-07-15 16:00 ET 收盘；信用、利率取 2026-07-14，NFCI 取 2026-07-10｜Yahoo Finance/yfinance、FRED、FactSet｜US-5B-v1.0”锁定“宽基风险扩张”为主状态、“震荡 / 均值回归”为唯一相邻状态。,True,False,能 → 合格交付、客户验收和可重复良率”，它又通过应收、库存与高成长资本开支限制现金兑现,True,True,> 当前条件定位： 当前证据最接近“基准 / 正常兑现”；复合定位不需要，因为现金消耗与稀释虽偏弱，但已被基准行的完整现金流和稀释桥吸收，另建复合定位只使当前价值中点下降约 6%，不改变建议级别。共享市场快照“美国上市股票（USD）｜2026-07-15 16:00 ET 收盘；信用、利率取 2026-07-14，NFCI 取 2026-07-10｜Yahoo Finance/yfinance、FRED、FactSet｜US-5B-v1.0”锁定“宽基风险扩张”为主状态、“震荡 / 均值回归”为唯一相邻状态。对应当前纯格子为“不建议投资”，稀释后股权市值 65—85 亿美元、每股价值 71—93 美元、目标期总回报 -35%—-14%；相邻格子为“强烈不建议投资”，每股价值 60—80 美元、回报 -45%—-26%。经营状态证据强度为中，市场状态证据强度为中高，两个格子的估值置信度均为中。当前最弱传导环节是“订单与名义产能 → 合格交付、客户验收和可重复良率”，它又通过应收、库存与高成长资本开支限制现金兑现。距离第一个正面区域还需要：当前主市场状态下价格降至约 66 美元，或经营证据上移至乐观行；后者至少要求 1.6T 按期认证并确认收入、800G/1.6T 毛利与合格产能同步爬坡、经营现金流不再被应收和库存吞噬。最近正面区域不要求市场状态切换。相邻状态下建议范围为“强烈不建议投资”至“中性 / 等待”；最小减弱条件是 1.6T 延期、毛利未随收入改善或再次依赖大额低价融资。概率层为 NA：没有可辩护的公司经营行与五种市场状态联合概率，故不强行生成期望回报。
AAON,D:\drive\Investment\分析报告\公司情景投资决策\结果\AAON_经营情景市场状态投资决策_2026-07-15.md,27,宽基风险扩张,US-explicit,共享市场快照 美国上市股票（USD）｜2026-07-15 收盘｜MS-US-v1.0 锁定主状态 宽基风险扩张、唯一相邻状态 震荡 / 均值回归。,True,False,运资本、成长投入与自由现金流,True,False,> 当前条件定位： 当前证据最接近 基准 / 正常兑现；复合定位 不需要，因为需求与订单偏强、利润与现金偏弱的组合已经位于基准行的明确区间内，候选复合估值相对纯基准中点仅低约 6%，没有改变建议级别。共享市场快照 美国上市股票（USD）｜2026-07-15 收盘｜MS-US-v1.0 锁定主状态 宽基风险扩张、唯一相邻状态 震荡 / 均值回归。对应主状态纯格子的条件建议为 中性 / 等待，稀释后市值 $6.4B–$13.4B、每股价值 $75–$160、目标期总回报 -33%～+42%；相邻状态为 不建议投资，每股价值 $60–$135、回报 -47%～+20%。经营与市场状态证据强度均为 中，当前格子估值置信度为 中。当前最弱传导环节是 利润 → 营运资本、成长投入与自由现金流：2025 年 $107.6M 净利润只形成约 $0.5M CFO，2026Q1 虽改善但 FCF 仍为负。距离第一个正面区域还需要价格降至约 $100（-11.6%）、或经营证据上移至乐观行、或共享市场切换至窄幅主题状态；相邻状态下同一基准经营行需约 $81（-28.4%） 才首次形成正面不对称。最小减弱条件是市场从主状态滑入相邻状态而经营不变，或合并毛利率、CFO 与 backlog 转化同时低于基准阈值。概率层为 NA，原因是没有可辩护的经营 × 市场联合概率及相关性基础率。
ABBNY,D:\drive\Investment\分析报告\公司情景投资决策\结果\ABBNY_经营情景市场状态投资决策_2026-07-15.md,31,宽基风险扩张,Other-or-unclear,共享市场快照 CH-EU-DEV-EQ-20260715-CLOSE 锁定主状态 宽基风险扩张、唯一相邻状态 窄幅/主题主导上涨。主状态,True,False,持续单位经济与自由现金流,True,False,> 当前条件定位： 当前证据最接近 基准 / 正常兑现；复合定位 不需要，因为订单和数据中心需求虽接近乐观行，但收入确认、正常化利润率、自由现金流和资本配置仍集中在基准行，模拟复合定位相对纯基准行的每股价值中点只提高约 2%，建议不变，未达到 10% 或一级建议差异门槛。共享市场快照 CH-EU-DEV-EQ-20260715-CLOSE 锁定主状态 宽基风险扩张、唯一相邻状态 窄幅/主题主导上涨。主状态对应格子为 谨慎建议投资｜$170–222B｜$93–126/ADR｜-9%～+23%｜估值置信度中；相邻状态对应格子为 中性 / 等待｜$162–212B｜$89–121/ADR｜-13%～+18%｜估值置信度中。经营与市场状态证据强度均为 中。当前最弱传导环节是 收入 → 可持续单位经济与自由现金流：订单和 backlog 已较强，但 Q1 项目 mix、原材料和关税仍对利润有压力，Q1 FCF 又含房地产处置现金贡献；当前价格要求高利润率、高现金转换和高估值持续同时成立。主状态下正面条件建议可承受的最高价格约 $105，比现价高约 2%；相邻窄幅状态下首次转正的买入边界约 $101，比现价低约 2%–3%。主状态的经营证据距离为 0；若市场停留窄幅列而价格不变，则需要 NTM 收入至少接近 $39B、正常化 operational EBITA margin 至少 21%、FCF 至少 $5.5B 三项中的前两项并由现金转换确认，才上移至乐观行。相邻状态下建议范围为 中性 / 等待至谨慎建议投资；最小减弱条件是市场从宽基扩张退回窄幅集中，或基准目标 EBITDA 低于约 $8.4B。概率层为 NA，因为没有可辩护的经营—市场联合概率和相关结构。
ACLS,D:\drive\Investment\分析报告\公司情景投资决策\结果\ACLS_经营情景市场状态投资决策_2026-07-15.md,59,宽基风险扩张,US-explicit,共享市场快照 MS-US-20260715-v1.0 锁定 宽基风险扩张 为主状态、窄幅/主题主导上涨 为唯一相邻状态。两列,True,False,,False,False,> 当前条件定位： 当前证据最接近 基准 / 正常兑现；复合定位不需要，因为存储/CS&I 偏强与 SiC/成熟制程偏弱已经是本公司基准路径的共同组成，替换成复合假设只使宽基扩张下每股价值中点下降约 3%，未达到 10% 或建议改变一级的门槛。共享市场快照 MS-US-20260715-v1.0 锁定 宽基风险扩张 为主状态、窄幅/主题主导上涨 为唯一相邻状态。两列对应的当前纯格子均为 不建议投资｜$95—147/股｜-35%—+1%｜估值置信度中；目标期稀释后股权市值均为 $5.20—7.89bn。当前经营状态证据强度为 中，市场状态证据强度为 高。最弱传导环节是 “存储/AI 需求 → ACLS 可重复取得的 Purion H/H6 订单、份额与实现毛利”：行业需求已有证据，但第二客户、跨节点/区域复购、backlog 回升及高毛利现金转换尚未同时成立。仅靠价格变化，基准×宽基格子首次达到“谨慎建议投资”的最高买入价约 $112（较现价低 23%）；达到“建议投资”的边界约 $101（低 30%）。不靠降价，最近正面区域要求经营进入乐观行，至少看到连续两个季度系统 bookings ≥$170m、book-to-bill >1.1、backlog >$550m，并由存储复购、≥45.5% 毛利率和自由现金流共同确认；不需要市场换列。当前邻域建议从“不建议投资”到“建议投资”，方向反转来自经营证据上移而不是主状态与相邻市场列切换。概率层 NA，原因是合并监管尾部、经营行与市场状态相关性缺少可辩护联合基础率。
ACMR,D:\drive\Investment\分析报告\公司情景投资决策\结果\ACMR_经营情景市场状态投资决策_2026-07-15.md,50,震荡均值回归,US-explicit,共享市场快照 美国股票（NASDAQ/USD）｜2026-07-15 16:00 ET｜US-5BLOCK-v1.0 锁定主状态 震荡 / 均值回归、唯一相邻状态 窄幅 / 主题主导上涨。主状态,True,False,→ 客户验收与应收回款 → 股东可得自由现金流,True,True,> 当前条件定位： 当前证据最接近 基准 / 正常兑现；复合定位 不需要：需求、订单和 ECP/SPM 利润路径接近基准，而自由现金流接近悲观，但“基准经营 + 悲观现金转换”的复合估值中点只比纯基准低约 7%，没有达到约 10%门槛，也不改变建议级别，且公司没有非线性融资或清偿风险。共享市场快照 美国股票（NASDAQ/USD）｜2026-07-15 16:00 ET｜US-5BLOCK-v1.0 锁定主状态 震荡 / 均值回归、唯一相邻状态 窄幅 / 主题主导上涨。主状态对应的 基准 × 震荡 条件格子为 强烈不建议投资，稀释后市值 $2.92B—$4.12B、每股价值 $39—$55、目标期总回报 -58%—-40%；相邻主题列为 不建议投资，稀释后市值 $3.38B—$4.88B、每股价值 $45—$65、回报 -51%—-29%。经营与市场状态证据强度均为 中，主格估值置信度为 中。当前最弱传导环节是 发货/利润 → 客户验收与应收回款 → 股东可得自由现金流：TTM FCF 为 -$106.9M，存货与应收合计达到 TTM 收入约 132%。在经营和市场假设不变时，主状态下第一个正面建议的最高买入价约 $46，比当前价低约 50%；相邻主题列约 $54，低约 41%。若价格不变，最近正面区域是 乐观 × 宽基/主题，或在主市场列达到 突破 × 震荡；前者需要 ECP/SPM、验收回款和 Plant B 同时升级，后者还需要新品/海外复购与持续高 ROIC。相邻状态下建议范围为 强烈不建议投资至不建议投资；最小减弱条件是 backlog/验收转弱或毛利跌破 42%。概率层为 NA，因为没有可辩护的经营—市场联合概率。
ADBE,D:\drive\Investment\分析报告\公司情景投资决策\结果\ADBE_经营情景市场状态投资决策_2026-07-15.md,3,宽基风险扩张,US-explicit,共享市场快照 美国股票市场（USD）｜2026-07-15 22:30 ET｜Yahoo Finance、Cboe、Federal Reserve H.15、FRED、AP、FactSet、CondorEdge（各自最近可得日期见第七节）｜经营情景×市场状态分类规则 v1.0 锁定 宽基风险扩张，唯一相邻状态为 震荡 / 均值回归。当前纯格子为 基准 × 宽基风险扩张：强烈建议投资｜稀释后股权市值 $110B—$159B｜每股价值 $281—$415｜15 个月总回报 +25%—+85%｜估值置信度中；相邻市场格子为 基准 × 震荡：建议投资｜$256—$372/股｜+14%—+66%｜中。经营与市场状态证据强度均为中。当前最弱传导环节是 freemium MAU、AI 使用量和企业 trials 向付费 seat、credits、生产合同及有机 ARR 的转化；同一经营与市场假设不变时，当前格子低端仍达到 15% 回报的强建议价格边界约为 $244，正面建议的中值门槛上限约为 $303，分别较 $224.56 高约 8.7% 和 34.9%。由于当前行已有正面格子，经营证据距离为 0，不需要虚构上移里程碑；市场状态也无需切换。若进入流动性 / 信用压力，基准纯格子会降为不建议；若 organic ARR、cRPO 与订阅毛利同时破坏，则现实路径可能迁移到悲观行。概率层为 NA，原因是缺少可辩护的四经营情景与五市场状态联合基础率。,True,False,um MAU、AI 使用量和企业 trials 向付费 seat、credits、生产合同及有机 ARR 的转化,False,False,> 当前条件定位： 当前证据最接近 基准 / 正常兑现；复合定位不需要。AI-first、AEP/GenStudio 的前瞻证据偏强，而剔除 Semrush 后 FY2026 ending ARR 增速粗估约 8.3% 偏弱，但二者是同一“流量与产品使用能否转成付费 ARR”链条的不同端点，均可由基准行区间表达；压力测试相对纯基准估值中点只下降约 4.5%，建议强度不变，未达到复合定位门槛。共享市场快照 美国股票市场（USD）｜2026-07-15 22:30 ET｜Yahoo Finance、Cboe、Federal Reserve H.15、FRED、AP、FactSet、CondorEdge（各自最近可得日期见第七节）｜经营情景×市场状态分类规则 v1.0 锁定 宽基风险扩张，唯一相邻状态为 震荡 / 均值回归。当前纯格子为 基准 × 宽基风险扩张：强烈建议投资｜稀释后股权市值 $110B—$159B｜每股价值 $281—$415｜15 个月总回报 +25%—+85%｜估值置信度中；相邻市场格子为 基准 × 震荡：建议投资｜$256—$372/股｜+14%—+66%｜中。经营与市场状态证据强度均为中。当前最弱传导环节是 freemium MAU、AI 使用量和企业 trials 向付费 seat、credits、生产合同及有机 ARR 的转化；同一经营与市场假设不变时，当前格子低端仍达到 15% 回报的强建议价格边界约为 $244，正面建议的中值门槛上限约为 $303，分别较 $224.56 高约 8.7% 和 34.9%。由于当前行已有正面格子，经营证据距离为 0，不需要虚构上移里程碑；市场状态也无需切换。若进入流动性 / 信用压力，基准纯格子会降为不建议；若 organic ARR、cRPO 与订阅毛利同时破坏，则现实路径可能迁移到悲观行。概率层为 NA，原因是缺少可辩护的四经营情景与五市场状态联合基础率。
ADI,D:\drive\Investment\分析报告\公司情景投资决策\结果\ADI_经营情景市场状态投资决策_2026-07-15.md,38,宽基风险扩张,US-explicit,共享市场快照“美国股票/美元｜2026-07-15 16:00 ET｜MES-5B-v1.0”锁定“宽基风险扩张”为主状态、“窄幅 / 主题主导上涨”为唯一相邻状态。,True,False,AI 基础设施需求能否转为 ADI 可核验的产品级份额、可取消订单转化率与持续收入”，它限制了基准上端和第一个正面区域,False,True,"> 当前条件定位： 当前证据最接近“基准 / 正常兑现”；复合定位不需要，因为 Empower 后净债务偏弱只是重要但非决定性的后端环节，加入后相对纯基准的每股价值中点只下降约 1%—2%，没有达到约 10% 或一级建议差门槛。共享市场快照“美国股票/美元｜2026-07-15 16:00 ET｜MES-5B-v1.0”锁定“宽基风险扩张”为主状态、“窄幅 / 主题主导上涨”为唯一相邻状态。对应两个当前条件格子的建议均为“不建议投资”：宽基列稀释后市值 1,654—1,989 亿美元、每股价值 337.50—406.00 美元、目标期总回报 -12.3%—+5.3%；主题列为 1,654—2,060 亿美元、337.50—420.50 美元、-12.3%—+9.0%。经营与市场状态证据强度均为“中”，估值置信度为“中”。当前最弱传导环节是“广泛订单和 AI 基础设施需求能否转为 ADI 可核验的产品级份额、可取消订单转化率与持续收入”，它限制了基准上端和第一个正面区域。只靠价格变化，宽基主状态下第一个正面边界约为 319.70 美元，较当前低 18.2%；相邻主题状态约为 325.85 美元，较当前低 16.7%。只靠经营证据，需要数据中心与 ATE 持续转化、工业周期不再回落及至少一个 Empower/高压供电量产里程碑；当前市场状态无需变更。相邻状态下当前纯基准建议不变；最小减弱条件是季度收入跌破指引下端且订单收入比低于 1，或市场进入有序风险收缩。概率层为 NA，因为联合概率和经营—市场相关性缺少可辩护基础率。"
AEHR,D:\drive\Investment\分析报告\公司情景投资决策\结果\备份\AEHR_2026-07-18T17_43_28-07_00-6484366478\AEHR_经营情景市场状态投资决策_2026-07-15.md,34,宽基风险扩张,US-explicit,共享市场快照 US-MKT-5B-v1.0 锁定宽基风险扩张，唯一相邻状态为震荡 / 均值回归。,True,False,P 利润与自由现金流的转化,True,False,> 当前条件定位： 当前证据最接近基准 / 正常兑现；复合定位不需要。候选冲突主要来自1.006亿美元有效订单储备与 FY2027 高增长指引，和 FY2026 经营现金流仍为负、实际股数同比增加约8.7%之间，但复合估值相对纯基准行的中点变化仅约4.5%，建议不改变，也未新增纯行无法表达的融资或永久损失风险。共享市场快照 US-MKT-5B-v1.0 锁定宽基风险扩张，唯一相邻状态为震荡 / 均值回归。对应当前纯格子为“不建议投资”，稀释后股权价值9.4亿—29.3亿美元、每股价值27.2—86.9美元、15个月总回报-69%—-1%；经营状态证据强度高、市场状态证据强度中、估值置信度中。当前最弱传导环节是收入向 GAAP 利润与自由现金流的转化：Q4 收入和毛利率改善，但 GAAP 营业利润仍为负，未来高毛利耗材占比、费用杠杆、营运资本和股份支付尚未被完整证明。仅靠价格变化，在基准经营和宽基风险扩张不变时，模型中点首次达到20%要求回报的最高买入价约47.5美元，较当前价低约45.8%；若市场转入相邻的震荡状态，该边界约38.0美元。最近的正面纯格子是“乐观 × 窄幅主题上涨”，但需要公司把新 AI 客户从基准测试推进到付费试产/量产、把目标期收入证据提升至至少1.75亿美元，并证明毛利率48%以上和正自由现金流；在当前宽基状态下，第一个正面经营行是突破行。相邻状态下当前基准行降为“强烈不建议投资”。概率层为 NA，因为缺少可辩护的经营—市场联合概率。
AEIS,D:\drive\Investment\分析报告\公司情景投资决策\结果\AEIS_经营情景市场状态投资决策_2026-07-15.md,38,宽基风险扩张,US-explicit,共享市场快照 US-MKT-20260715-v1 锁定 宽基风险扩张 为主状态、窄幅 / 主题主导上涨 为唯一相邻状态。主状态,True,False,投资与自由现金流,True,False,> 当前条件定位： 当前证据最接近 基准 / 正常兑现；复合定位 不需要，因为“需求、收入与利润接近基准、当期现金转换偏弱”的测试复合估值中点只比纯基准低约 5%，且条件建议不变，未达到 10% 或一级建议差异门槛。共享市场快照 US-MKT-20260715-v1 锁定 宽基风险扩张 为主状态、窄幅 / 主题主导上涨 为唯一相邻状态。主状态对应格子的条件建议为 不建议投资，稀释后股权市值 $8.18–13.58B、每股价值 $195–330、12 个月总回报 -35%～+10%；经营与市场状态证据强度均为 中，估值置信度为 低。相邻主题状态下仍为 不建议投资，每股 $211–354、回报 -30%～+18%。当前最弱传导环节是 利润 → 再投资与自由现金流：2026Q1 收入和毛利率均改善，但经营现金流为 -$6M、库存增加 $48M。在经营和市场假设不变时，主状态下第一个正面建议的模型买入边界约 $229，较现价低 24%；若价格升至约 $389，连价值高端也至少损失15%，建议会弱化为强烈不建议。相邻主题状态的正面价格边界约 $246，较现价低 19%。若价格不变，需至少进入 乐观 × 宽基扩张 才出现第一个正面格子。概率层为 NA，因为没有可辩护的经营—市场联合概率。
AEP,D:\drive\Investment\分析报告\公司情景投资决策\结果\AEP_经营情景市场状态投资决策_2026-07-15.md,33,宽基风险扩张,US-explicit,共享市场快照 MS-US-2026-07-15-v1.0 锁定 宽基风险扩张为主状态、窄幅/主题主导上涨为唯一相邻状态。,True,False,否按期变成可回收 rate base、增量 EPS 与完全稀释每股价值,True,False,> 当前条件定位： 当前证据最接近 基准 / 正常兑现；复合定位不需要：大负荷需求位于基准高端，但量价确认、利润、可回收再投资和稀释后的每股路径仍落在同一基准行，候选复合估值相对纯行中点仅约 -1%～-2%、建议不变。共享市场快照 MS-US-2026-07-15-v1.0 锁定 宽基风险扩张为主状态、窄幅/主题主导上涨为唯一相邻状态。纯矩阵对应建议分别为 中性 / 等待与 谨慎建议投资：主状态稀释后市值 $72—88B、每股价值 $122—148、目标期总回报 -3%～+16%；相邻状态分别为 $76—95B、$129—158、+2%～+24%。经营与市场状态证据强度均为 中，估值置信度为 中。当前最弱传导环节是 成长性投入能否按期变成可回收 rate base、增量 EPS 与完全稀释每股价值：$78B 资本计划与强需求已经可见，但 TTM FCF 约 -$6.7B、净债务约 $50.6B，且至少 44.543M forward shares 尚待结算。主状态下第一个正面区域还需要价格降至约 $131.8（距当前 -0.5%），或经营证据上移至乐观行；相邻主题状态的纯矩阵正面上限约 $141.1。但公用事业板块当前属于“退出/资金流出”修正，实际会把相邻主题格从“谨慎建议”压回“中性 / 等待”，除非板块相对趋势与盈利修正同时改善。概率层为 NA，原因是 Batch Zero、融资与市场状态存在强相关且没有可辩护联合概率。
AJNMY,D:\drive\Investment\分析报告\公司情景投资决策\结果\AJNMY_经营情景市场状态投资决策_2026-07-15.md,33,窄幅主题主导上涨,Other-or-unclear,共享市场快照 MS-v2026-07-15-JP-01 锁定“窄幅 / 主题主导上涨”为主状态、“宽基风险扩张”为唯一相邻状态。,True,False, 外部需求 → 味之素可核验的 ABF 数量、实现价格与收入”,False,False,"> 当前条件定位： 当前证据最接近“基准 / 正常兑现”；复合定位不需要，因为功能材料的偏强证据与食品、Bio-Pharma、现金及资本桥的基准证据可以由基准区间完整容纳，复合测试的区间中点差仅约 0.5%，建议不变。共享市场快照 MS-v2026-07-15-JP-01 锁定“窄幅 / 主题主导上涨”为主状态、“宽基风险扩张”为唯一相邻状态。当前主格“基准 × 窄幅主题”的条件建议为“中性 / 等待”，稀释后股权市值 ¥4.56–5.70 万亿、每股 ¥4,800–6,000（按冻结汇率每 ADR $29.61–37.01）、15 个月总回报 -13.5%–+7.9%；经营与市场状态证据强度均为“中”，估值置信度为“中”。当前最弱传导环节是“AI/HPC 外部需求 → 味之素可核验的 ABF 数量、实现价格与收入”：公司披露超过 95% 的材料份额、强劲功能材料增长和高利润率，却不披露 ABF 独立收入、平方米销量、ASP、客户 backlog 或合格产能，因此行业需求不能按满额穿透到集团每股价值。距离第一个正面区域，若经营和市场不变，最高谨慎正面买入边界约为 ¥4,850 / $29.92，较当前低 13.5%；若价格不变，则需功能材料、Bio-Pharma 和集团现金利润进入乐观行的独立证据。市场状态无需先切换。相邻宽基状态下建议仍为“中性 / 等待”，每股 ¥4,700–5,800、回报 -15.3%–+4.4%。最小减弱条件是 FY2026 Q1 功能材料增速未达到初始指引、利润率显著低于 52%，或 Bio-Pharma 转盈再次延后。概率层为 NA，原因是没有可辩护的经营与市场联合概率。"
ALAB,D:\drive\Investment\分析报告\公司情景投资决策\结果\备份\ALAB_2026-08-19T12_34_45-07_00-af0dc1c78c\ALAB_经营情景市场状态投资决策_2026-07-15.md,3,宽基风险扩张,US-explicit,共享市场快照 美国股票 / USD｜2026-07-15 16:00 ET｜US-USD-20260715-CLOSE-v1.0 锁定 宽基风险扩张 为主状态、窄幅 / 主题主导上涨 为唯一相邻状态。,True,False,le-up 与 PCIe 6 行业需求能否穿过 Scorpio X/P 的第二、第三终端客户认证、量产、验收和回款，转成分散、可持续的收入和自由现金流,True,True,> 当前条件定位： 当前证据最接近 基准 / 正常兑现；复合定位 不需要，因为净现金的正向作用与 SBC、客户权证的负向稀释已进入基准行的现金和完全稀释股数，采用复合假设只使当前格子价值中点下降约 4%，既未达到 10% 门槛，也不改变建议级别。共享市场快照 美国股票 / USD｜2026-07-15 16:00 ET｜US-USD-20260715-CLOSE-v1.0 锁定 宽基风险扩张 为主状态、窄幅 / 主题主导上涨 为唯一相邻状态。对应当前主格子的条件建议为 强烈不建议投资，目标期稀释后股权市值 206—474 亿美元、每股价值 103—245 美元、总回报 -71%—-30%；经营与市场状态证据强度均为 中，估值置信度为 中。当前最弱传导环节为 开放 Scale-up 与 PCIe 6 行业需求能否穿过 Scorpio X/P 的第二、第三终端客户认证、量产、验收和回款，转成分散、可持续的收入和自由现金流。在经营和市场假设不变时，第一个正面区域对应的最高买入价约 140 美元，较当前价低约 60%；经营证据需要至少看到 Q2/Q3 收入继续高于基准、Scorpio X 第二个大客户量产且 P 系列终端客户达到三家左右、底层毛利与现金回款不被良率和权证侵蚀；市场状态本身无需变得更强，但仅靠市场由宽基转向主题列仍不能使基准经营转正。相邻主题状态下建议仍为 强烈不建议投资，价值 116—269 美元；最小增强路径是经营证据上移至乐观行，最小减弱条件是 Q2 低于指引下沿、Q3 环比低于 5% 或 Scorpio X 推迟到 2027。概率层 NA，因为公开资料不足以为四种经营路径与五种市场状态建立可辩护的联合概率。
ALLE,D:\drive\Investment\分析报告\公司情景投资决策\结果\ALLE_经营情景市场状态投资决策_2026-07-15.md,25,宽基风险扩张,US-explicit,共享市场快照 US-MKT-5B-v1.0 锁定 宽基风险扩张，唯一相邻状态为 窄幅 / 主题主导上涨。当前纯格子的条件建议为 谨慎建议投资，目标稀释后市值 118.2 亿～136.9 亿美元、每股价值 137～161 美元、15 个月含股息总回报 +3%～+20%；经营和市场状态证据强度均为中，估值置信度为中。最弱传导环节是“规格、项目机会和行业需求 → Allegion 可量化订单与正向销量”：Q1 Americas 价格 +5.5% 但销量 -1.0%，公司未披露可替代 backlog 的金额型订单。当前格子已经是第一个正面区域；其正面建议可承受的模型最高买入价约 141 美元，较现价余量约 5 美元或 3.8%，降至约 130 美元以下才更接近“建议投资”。相邻市场状态下为“中性 / 等待”；若全年指引下调、Americas 销量继续显著为负或 ERP 恢复再次延后，建议最先减弱。概率层为 NA，因为没有可辩护的经营 × 市场联合概率及相关性。,True,False,,False,False,> 当前条件定位： 当前证据最接近 基准 / 正常兑现；复合定位不需要。虽然外部建筑需求落在悲观侧，但将该冲突完整纳入一致模型后，基准纯行与候选复合估值中点仅相差约 3%，建议不变，未达到 10% 或一级建议差异门槛。共享市场快照 US-MKT-5B-v1.0 锁定 宽基风险扩张，唯一相邻状态为 窄幅 / 主题主导上涨。当前纯格子的条件建议为 谨慎建议投资，目标稀释后市值 118.2 亿～136.9 亿美元、每股价值 137～161 美元、15 个月含股息总回报 +3%～+20%；经营和市场状态证据强度均为中，估值置信度为中。最弱传导环节是“规格、项目机会和行业需求 → Allegion 可量化订单与正向销量”：Q1 Americas 价格 +5.5% 但销量 -1.0%，公司未披露可替代 backlog 的金额型订单。当前格子已经是第一个正面区域；其正面建议可承受的模型最高买入价约 141 美元，较现价余量约 5 美元或 3.8%，降至约 130 美元以下才更接近“建议投资”。相邻市场状态下为“中性 / 等待”；若全年指引下调、Americas 销量继续显著为负或 ERP 恢复再次延后，建议最先减弱。概率层为 NA，因为没有可辩护的经营 × 市场联合概率及相关性。
AMAT,D:\drive\Investment\分析报告\公司情景投资决策\结果\AMAT_经营情景市场状态投资决策_2026-07-15.md,34,震荡均值回归,US-explicit,共享市场快照 US-EQ-20260715-CLOSE-v1.0 锁定主状态为 震荡 / 均值回归、唯一相邻状态为 宽基风险扩张。当前纯格子为 强烈不建议投资｜-35.7%～-3.2%｜估值置信度低，稀释后市值 2960亿—4460亿美元、每股价值 370—558 美元；经营与市场状态证据强度均为中。相邻市场列为 不建议投资｜-25.5%～+9.2%｜中。当前最弱传导环节是 利润、出货与成长投入 → 自由现金流：Q2 单季 FCF 仅 2.10 亿美元，应收、库存和在建工程先吸收现金。仅靠价格变化，主状态下首次达到“谨慎建议投资”的最高买入价约 424 美元，较当前低 26.8%；相邻宽基状态,True,False,成长投入 → 自由现金流,True,False,> 当前条件定位： 当前证据最接近 基准 / 正常兑现；复合定位不需要。利润到自由现金流一环短期落在悲观端，但用基准行合理低端已经能够保留这一风险；强行建立“基准收入 + 悲观现金”复合定位只使当前主状态每股区间中点下降约 7.9%，建议仍为“强烈不建议投资”，没有达到约 10%或建议变级门槛。共享市场快照 US-EQ-20260715-CLOSE-v1.0 锁定主状态为 震荡 / 均值回归、唯一相邻状态为 宽基风险扩张。当前纯格子为 强烈不建议投资｜-35.7%～-3.2%｜估值置信度低，稀释后市值 2960亿—4460亿美元、每股价值 370—558 美元；经营与市场状态证据强度均为中。相邻市场列为 不建议投资｜-25.5%～+9.2%｜中。当前最弱传导环节是 利润、出货与成长投入 → 自由现金流：Q2 单季 FCF 仅 2.10 亿美元，应收、库存和在建工程先吸收现金。仅靠价格变化，主状态下首次达到“谨慎建议投资”的最高买入价约 424 美元，较当前低 26.8%；相邻宽基状态对应约 484 美元，低 16.5%。经营证据上需进入乐观行，最少要看到 Semi 连续两季约 70 亿美元以上、年末 backlog 超过 180 亿且近端部分上升、FCF 率恢复到 20%以上。最近正面格子是“乐观 × 震荡”，无需市场状态改变。概率层为 NA，因为没有可辩护的经营—市场联合概率。
AMD,D:\drive\Investment\分析报告\公司情景投资决策\结果\AMD_经营情景市场状态投资决策_2026-07-15.md,46,宽基风险扩张,US-explicit,共享市场快照 美国股票市场｜2026-07-15 16:30 ET｜US5B-20260715-v1.0 锁定 宽基风险扩张为主状态、窄幅/主题主导上涨为相邻状态。主状态,True,False,Helios 合格整架在客户现场完成 production acceptance 并由收入进一步转为现金,True,False,> 当前条件定位：当前证据最接近 基准 / 正常兑现；复合定位不需要——前端客户需求与供应锁定偏乐观，但合格交付、production acceptance、利润与现金转换仍由基准区间完整覆盖，复合测试只使估值中点提高约 3%，没有达到 10% 或建议变级门槛。共享市场快照 美国股票市场｜2026-07-15 16:30 ET｜US5B-20260715-v1.0 锁定 宽基风险扩张为主状态、窄幅/主题主导上涨为相邻状态。主状态对应当前条件格子为 不建议投资，稀释后市值 $438B—$946B、每股价值 $250—$520、目标期总回报 -53%—-2%；相邻主题状态仍为 不建议投资，每股 $280—$590、回报 -47%—+12%。经营与市场状态证据强度均为 中，两个当前格子的估值置信度均为 低。当前最弱传导环节是 MI450/Helios 合格整架在客户现场完成 production acceptance 并由收入进一步转为现金。在经营和市场假设不变时，主状态下首次进入正面区域的近似最高买价约 $320（较当前低 39%），相邻主题状态约 $360（低 32%）；若价格不变，则至少需要乐观行所要求的交付、生产可用性和现金转换证据，市场状态无需单独变得更有利。相邻状态下当前纯行建议仍为“不建议投资”；最小减弱条件是 Q2/Q3 收入或毛利低于指引、MI450 仍停留在样品/待验收，或库存与供应承诺上升而 Data Center 收入和 FCF 不升。概率层为 NA，原因是四经营行与五市场状态的联合基础率及相关性没有可辩护数据。
AMKR,D:\drive\Investment\分析报告\公司情景投资决策\结果\备份\AMKR_2026-08-19T12_34_36-07_00-1847f57652\AMKR_经营情景市场状态投资决策_2026-07-15.md,49,宽基风险扩张,US-explicit,共享市场快照 US-USD-20260715-CLOSE-MKT5-v1 锁定 宽基风险扩张，相邻状态为 震荡 / 均值回归。,True,False,目管线能否变成 AMKR 的正式份额和完整可交付套件,False,True,> 当前条件定位：当前证据最接近 基准 / 正常兑现；复合定位 不需要，因为建设期负自由现金流、Arizona 启动成本和可转债已经完整写入基准资本桥，未形成第二条纯经营行才能表达的独立冲突。共享市场快照 US-USD-20260715-CLOSE-MKT5-v1 锁定 宽基风险扩张，相邻状态为 震荡 / 均值回归。对应当前条件格子的建议为 中性 / 等待，稀释后市值 $14.0–20.6bn、每股价值 $55.5–82.3、15 个月总回报 −17%～+22%；经营与市场状态证据强度均为 中，估值置信度为 中。当前最弱传导环节是 行业需求与项目管线能否变成 AMKR 的正式份额和完整可交付套件：公司没有重大 backlog，客户提供的先进逻辑、HBM/存储和基板曾使收入递延。距离第一个正面区域，价格需降至约 $64.2 或以下（−5.1%）；或经营证据由基准上移到乐观；或市场转为真实收入一致的窄幅主题状态。相邻市场状态下，基准格建议降为 不建议投资，价值 $43.2–68.3/股、回报 −36%～+2%。最小减弱条件是市场进入震荡列、当前价升至约 $70.1 以上而经营假设不变，或 HDFO Q3 放量/毛利率指引失守。概率层为 NA，原因是经营行与市场列高度相关且缺少可辩护的联合概率。
AMPX,D:\drive\Investment\分析报告\公司情景投资决策\结果\AMPX_经营情景市场状态投资决策_2026-07-15.md,3,宽基风险扩张,US-explicit,共享市场快照 美国上市美元风险资产｜2026-07-15 16:00 ET（信用/利率截至 07-14）｜Yahoo Finance、Cboe、FRED/ICE、FactSet/NYSE｜MS-US-2026-07-15-v1.0 锁定 宽基风险扩张 为主状态、震荡 / 均值回归 为唯一相邻状态。基准 × 宽基风险扩张格子的条件建议为 强烈不建议投资，目标期稀释后股权市值为 $0.516B～$2.220B、每股价值 $3.11～$12.98、总回报 -73%～+14%；经营状态证据强度为 中，市场状态证据强度为 中，估值置信度为 低。当前最弱传导环节是 收入 → 自由现金流：应收账款、bill-and-hold、客户集中、产品毛利和营运资本共同限制订单向股东现金的转化。保持经营与市场假设不变时，第一个正面条件区域,True,False,由现金流,True,False,> 当前条件定位： 截至 2026-07-15，当前证据最接近 基准 / 正常兑现；复合定位不需要，因为订单与收入证据偏基准、现金转换偏弱的冲突只使条件价值中点下降约 7.1%，未达到约 10% 或建议改变一级的门槛。共享市场快照 美国上市美元风险资产｜2026-07-15 16:00 ET（信用/利率截至 07-14）｜Yahoo Finance、Cboe、FRED/ICE、FactSet/NYSE｜MS-US-2026-07-15-v1.0 锁定 宽基风险扩张 为主状态、震荡 / 均值回归 为唯一相邻状态。基准 × 宽基风险扩张格子的条件建议为 强烈不建议投资，目标期稀释后股权市值为 $0.516B～$2.220B、每股价值 $3.11～$12.98、总回报 -73%～+14%；经营状态证据强度为 中，市场状态证据强度为 中，估值置信度为 低。当前最弱传导环节是 收入 → 自由现金流：应收账款、bill-and-hold、客户集中、产品毛利和营运资本共同限制订单向股东现金的转化。保持经营与市场假设不变时，第一个正面条件区域对应的最高买入价约 $6.44，较 $11.34 低 43%；经营上至少需要两季订单覆盖与客户质量改善、毛利率及现金转换验证、国内合格交付能力三组证据中的关键组合，市场状态无需进一步改善。相邻市场状态下建议仍为 强烈不建议投资，每股价值 $2.57～$10.44。概率层为 NA，原因是四条经营路径与五种市场状态的联合基础率及相关性没有可辩护证据。
AMZN,D:\drive\Investment\分析报告\公司情景投资决策\结果\AMZN_经营情景市场状态投资决策_2026-07-15.md,49,宽基风险扩张,Other-or-unclear,共享市场快照锁定 宽基风险扩张，唯一相邻状态为 震荡 / 均值回归。,True,False,入能否按时形成高利用率、可维持价格与足够增量 ROIC，并最终转成自由现金流,True,False,> 当前条件定位： 当前证据最接近 基准 / 正常兑现；复合定位不需要。将“乐观的 AWS 需求与公司捕获”嵌入其余基准变量后的复合估值为 $231～$325/股，较纯基准 $218～$310/股的中点只高约 5%，未达到约 10% 门槛，也未改变条件建议。共享市场快照锁定 宽基风险扩张，唯一相邻状态为 震荡 / 均值回归。当前主格为 中性 / 等待｜$218～$310/股｜-15%～+22%｜估值置信度中；相邻市场格为 不建议投资｜$188～$275/股｜-26%～+8%｜估值置信度中。经营与市场状态证据强度均为中。当前最弱传导环节是 高强度成长投入能否按时形成高利用率、可维持价格与足够增量 ROIC，并最终转成自由现金流。在经营与市场状态不变时，当前主格首次达到正面建议的最高买入价约 $235，较当前价低约 $20 或 7.8%；相邻市场列的对应边界约 $205，低约 $50 或 19.6%。若价格不变，最近的正面经营行是乐观行，需要 AWS 增长与利润率、投产利用率以及现金转换三组证据共同确认。概率层为 NA，因为无法从可复核资料建立经营行与市场列的联合概率和相关性。
ANET,D:\drive\Investment\分析报告\公司情景投资决策\结果\备份\ANET_2026-08-19T12_34_47-07_00-4e0ee86efb\ANET_经营情景市场状态投资决策_2026-07-15.md,35,宽基风险扩张,US-explicit,共享市场快照 美国主要定价市场｜2026-07-15 收盘｜MS5-v1.0 锁定 宽基风险扩张，唯一相邻状态为 震荡 / 均值回归。主状态,True,False,供给到客户设施、光学、资格认证、验收和收入确认,False,True,> 当前条件定位： 当前证据最接近 基准 / 正常兑现纯经营行；复合定位 不需要，因为需求与 RPO 偏强、利润与现金桥仍属基准的冲突只使纯行区间上移，复合估值中点相对纯行约 +4%，未达到 10%或建议变级门槛。共享市场快照 美国主要定价市场｜2026-07-15 收盘｜MS5-v1.0 锁定 宽基风险扩张，唯一相邻状态为 震荡 / 均值回归。主状态对应格子为 中性 / 等待，稀释后市值 206B—288B、每股价值 161—224 美元、目标期总回报 -6%—+30%；经营状态证据强度 高、市场状态证据强度 中、估值置信度 中。相邻状态对应 不建议投资，每股 135—186 美元、回报 -22%—+8%、估值置信度 中。当前最弱传导环节为 已锁定需求/供给到客户设施、光学、资格认证、验收和收入确认；它限制 1.6T、R4 和递延产品释放，并把库存与采购承诺风险传向毛利和自由现金流。仅靠价格，主状态下第一个正面边界约 167 美元（较当前 -2.6%），相邻状态约 140 美元（-18.8%）；在价格不变时，经营上移至乐观行，或市场切换到与真实 AI 收入传导一致的窄幅主题列，才进入首个正面区域。最小减弱条件是 2026 AI 目标下调、产品毛利率连续两季低于 57%，或宽度与信用同时转弱。概率层 NA，因为没有可辩护的经营—市场联合概率。
AOSL,D:\drive\Investment\分析报告\公司情景投资决策\结果\AOSL_经营情景市场状态投资决策_2026-07-15.md,30,宽基风险扩张,US-explicit,共享市场快照 美国股票市场｜2026-07-15 收盘｜Yahoo Finance、FRED、Cboe、FactSet/NYSE｜US-MKT-5BLOCK-v1.0 锁定主状态 宽基风险扩张、相邻状态 震荡 / 均值回归。,True,False,位经济与利润 → 报告自由现金流,True,False,> 当前条件定位： 当前证据最接近 基准 / 正常兑现；复合定位 不需要。需求与公司捕获已处于基准上端、局部接近乐观，但利润与自由现金流仍处于基准下端；基准行本身已经包含这种“收入先行、利润滞后”的完整路径。将利润/现金弱项另建复合定位，只把宽基状态下每股价值中点由约 $40.0 降至约 $37.5，差异约 -6.3%，且建议仍为“中性 / 等待”，未达到 10% 或一级建议差异门槛。共享市场快照 美国股票市场｜2026-07-15 收盘｜Yahoo Finance、FRED、Cboe、FactSet/NYSE｜US-MKT-5BLOCK-v1.0 锁定主状态 宽基风险扩张、相邻状态 震荡 / 均值回归。对应当前主格子的条件建议为 中性 / 等待，稀释后市值 $1.14bn—$1.54bn、每股价值 $34—$46、目标期总回报 -4%—+30%；经营状态证据强度 中、市场状态证据强度 中、估值置信度 中。相邻市场格子为 不建议投资，每股价值 $28—$38、回报 -21%—+7%。当前最弱传导环节是 收入 → 单位经济与利润 → 报告自由现金流：Advanced Computing 已经增长，但 Power IC 收入下降、非 GAAP 毛利率仅 21.7%、库存约 139 天且经营现金流为负，尚未证明新增收入能稳定留给普通股。仅靠价格，主状态下第一个正面区域对应最高买入价约 $32—$33（较现价低 7%—9%），相邻状态约 $26.5—$27.5（低 22%—25%）；仅靠经营证据，则需至少出现 Advanced Computing 连续量产、Power IC/毛利率改善和现金转换三项中的前两项。市场状态本身切换不能在当前价格把基准行变成正面。相邻状态下建议范围为“不建议投资”至当前主格子的“中性 / 等待”；最小减弱条件是共享市场状态转入震荡且 FY2027Q1 收入/毛利率没有同步上修。概率层 NA，因为没有可辩护的经营—市场联合概率与相关结构。
APD,D:\drive\Investment\分析报告\公司情景投资决策\结果\APD_经营情景市场状态投资决策_2026-07-15.md,56,宽基风险扩张,US-explicit,共享市场快照 US-USD｜2026-07-15 16:00 ET｜MS5-v1.0 锁定 宽基风险扩张，唯一相邻状态为 震荡 / 均值回归。,True,False,承诺成长性投入 → 报告自由现金流与未来 ROIC,True,False,> 当前条件定位：当前证据最接近 基准 / 正常兑现；复合定位 不需要，因为高 CapEx 与偏弱报告 FCF 已经是纯基准行的一部分，额外的 LCEC 现金终止成本压力测试只使每股价值中点下降约 3%，未达到 10%门槛且没有改变建议一级。共享市场快照 US-USD｜2026-07-15 16:00 ET｜MS5-v1.0 锁定 宽基风险扩张，唯一相邻状态为 震荡 / 均值回归。对应当前条件格子的建议为 谨慎建议投资，稀释后市值 68.2–79.3、每股价值 305–355 美元、15 个月总回报 +6.9%至+24.0%，经营与市场状态证据强度均为 中高，估值置信度为 中。当前最弱传导环节为 利润 → 已承诺成长性投入 → 报告自由现金流与未来 ROIC：H1 FY2026 经营现金流 2.004，厂房设备投入 2.359，简单报告 FCF 为 -0.354，且 LCEC 终止现金成本未披露。当前纯格子已是第一个正面区域，经营证据距离为 0；维持正面建议的最高价格约 295 美元，当前价仅比该上限低 0.4%，若要增强为“建议投资”需价格约降至 273 美元或经营价值中点等量上升。市场状态无需改善，但若仅切换至相邻震荡列，建议降为 中性 / 等待。最小减弱条件是价格高于约 295 美元、FY2026 Q3 披露的额外现金终止成本使目标净债务上移约 1.0，或电子新资产/氦利润未达基准。概率层为 NA，因为没有可辩护的经营情景与市场状态联合概率。
APH,D:\drive\Investment\分析报告\公司情景投资决策\结果\APH_经营情景市场状态投资决策_2026-07-15.md,31,宽基风险扩张,US-explicit,共享市场快照 美国上市大盘股（USD）｜2026-07-15 美股收盘｜MS5-v1.0 锁定主状态 宽基风险扩张、相邻状态 震荡 / 均值回归。当前纯格子为 不建议投资｜-20%～+9%｜中，稀释后市值 $162.5–217.5bn、每股价值 $124.5–169.3；相邻市场列为 不建议投资｜-29%～-3%｜中，每股价值 $109.6–151.8。经营和市场状态证据强度均为 中，估值置信度为 中。当前最弱传导环节是 收入 → 单位经济、再投资与自由现金流：Q1 订单和 AI 收入很强，但 CCS 组合、营运资本占用与现金转换尚未证明收入增量能按当前定价要求留给普通股。主状态下第一个正面区域的最高买入价约 $128.8，比现价低 18.0%；若价格不变，则需经营证据上移到乐观行，市场状态无需先改变。相邻状态下相同价格边界约 $114.7，比现价低 27.0%。当前邻域建议范围为“不建议投资”至“谨慎建议投资”；最小减弱条件是订单转收入或现金转换连续一个季度明显低于基准桥。概率层为 NA：没有足够证据为四个经营行与五个相关市场状态建立可辩护的联合概率。,True,False,位经济、再投资与自由现金流,True,False,> 当前条件定位： 当前证据最接近 基准 / 正常兑现；复合定位不需要，因为“AI 需求与公司捕获偏乐观、现金转换偏基准低端”的测试估值中点只比纯基准高约 2.8%，建议不变，未达到约 10% 或改变一级建议的门槛。共享市场快照 美国上市大盘股（USD）｜2026-07-15 美股收盘｜MS5-v1.0 锁定主状态 宽基风险扩张、相邻状态 震荡 / 均值回归。当前纯格子为 不建议投资｜-20%～+9%｜中，稀释后市值 $162.5–217.5bn、每股价值 $124.5–169.3；相邻市场列为 不建议投资｜-29%～-3%｜中，每股价值 $109.6–151.8。经营和市场状态证据强度均为 中，估值置信度为 中。当前最弱传导环节是 收入 → 单位经济、再投资与自由现金流：Q1 订单和 AI 收入很强，但 CCS 组合、营运资本占用与现金转换尚未证明收入增量能按当前定价要求留给普通股。主状态下第一个正面区域的最高买入价约 $128.8，比现价低 18.0%；若价格不变，则需经营证据上移到乐观行，市场状态无需先改变。相邻状态下相同价格边界约 $114.7，比现价低 27.0%。当前邻域建议范围为“不建议投资”至“谨慎建议投资”；最小减弱条件是订单转收入或现金转换连续一个季度明显低于基准桥。概率层为 NA：没有足够证据为四个经营行与五个相关市场状态建立可辩护的联合概率。
APLD,D:\drive\Investment\分析报告\公司情景投资决策\结果\APLD_经营情景市场状态投资决策_2026-07-15.md,3,宽基风险扩张,US-explicit,共享市场快照 美国上市股票/美元（APLD 主要定价市场）｜2026-07-15 16:15 ET（信用截至 7/14、实际利率截至 7/13）｜Yahoo 日度、Cboe、FRED/ICE BofA、U.S. Treasury、FactSet｜MS5-US-2026-07-15-v1.0 锁定 宽基风险扩张，唯一相邻状态为 窄幅 / 主题主导上涨。,True,False,资本结构 → 股东可得价值,True,False,> 当前条件定位： 当前证据最接近 基准 / 正常兑现；复合定位 不需要。虽然资本结构环节单独接近悲观行，但基准纯行已经完整纳入项目债务、MAM 优先资本、担保和稀释，额外建立复合定位只会使每股价值中点下降约 7.5%，不改变条件建议，也没有新增纯行无法表达的永久损失风险。共享市场快照 美国上市股票/美元（APLD 主要定价市场）｜2026-07-15 16:15 ET（信用截至 7/14、实际利率截至 7/13）｜Yahoo 日度、Cboe、FRED/ICE BofA、U.S. Treasury、FactSet｜MS5-US-2026-07-15-v1.0 锁定 宽基风险扩张，唯一相邻状态为 窄幅 / 主题主导上涨。对应当前纯格子的条件建议为 不建议投资，稀释后市值 $9.5–12.4bn、每股价值 $22–31、15 个月股东总回报 -24%～+7%；经营与市场状态证据强度均为 中高，估值置信度为 中。当前最弱传导环节为 成长性投入与资本结构 → 股东可得价值：签约租金必须先覆盖 6.75%–9.25% 项目债务、12.75% MAM 优先资本、建设与履约义务、Base Electron 最高约 $2.4bn 的履约担保及持续稀释，普通股才能取得剩余价值。距离第一个正面区域，若经营和市场假设不变，最高买入价约 $22，较 $29.03 低 24%；若价格不变，则至少需要进入乐观经营行并验证 700MW 以上交付、HPC 分部利润改善和无新增非线性优先索取权，不要求市场列切换。相邻主题状态下建议仍为 不建议投资，每股价值 $21–32、回报 -28%～+10%；最小减弱条件是重大项目延迟叠加融资成本或担保义务上升。概率层为 NA，因为四个经营行与五个市场状态的联合概率缺少可辩护基础率与相关性证据。
ARM,D:\drive\Investment\分析报告\公司情景投资决策\结果\ARM_经营情景市场状态投资决策_2026-07-15.md,34,宽基风险扩张,US-explicit,共享市场快照 US-Nasdaq-USD｜2026-07-15 13:33 PDT｜MS-v1.0 锁定 宽基风险扩张，唯一相邻状态为 震荡 / 均值回归。,True,False, CPU 需求与生态支持能否转为 Arm 可供应、可认证、可验收且有正单位经济的交付量,True,True,> 当前条件定位： 当前证据最接近 基准 / 正常兑现；复合定位 不需要，因为数据中心 royalty 偏强与 AGI 交付、现金转换偏弱的冲突，在候选复合模型中只使当前列价值中点下降约 4%，未达到 10% 或建议变一级的门槛。共享市场快照 US-Nasdaq-USD｜2026-07-15 13:33 PDT｜MS-v1.0 锁定 宽基风险扩张，唯一相邻状态为 震荡 / 均值回归。对应当前纯格子的条件建议为 强烈不建议投资，稀释后市值 $102B—$185B、每股价值 $92—$169、目标期总回报 -67%—-39%，经营与市场状态证据强度分别为 中高 / 中高，估值置信度为 中。当前最弱传导环节为 AGI/AI CPU 需求与生态支持能否转为 Arm 可供应、可认证、可验收且有正单位经济的交付量；距离第一个正面区域，在经营与市场不变时价格需降至约 $115 或以下（-58.5%），若价格不变则需 AGI 供给、客户、毛利和 FCF/股同时达到突破路径，市场无需从当前宽基列改善，但不能退到震荡列。相邻状态下建议仍为 强烈不建议投资，每股价值 $75—$138；最小减弱条件是 FY2027 Q1 低于指引下沿、RPO/ACV 同时走弱，或 AGI 量产/认证后移。概率层 NA。
ASGLY,D:\drive\Investment\分析报告\公司情景投资决策\结果\ASGLY_经营情景市场状态投资决策_2026-07-15.md,37,窄幅主题主导上涨,Other-or-unclear,共享市场快照 MS-JP-5B-v1.0 锁定 窄幅 / 主题主导上涨，唯一相邻状态为 宽基风险扩张。当前纯格子为 中性 / 等待，稀释后市值 1.25—1.65 万亿日元、ADR 价值 7.20—9.50 美元、目标期毛总回报 -7%—+21%；经营与市场状态证据强度均为 中，估值置信度为 中。当前最弱传导环节是 利润 → 再投资与自由现金流 → 净债务下降：近期利润改善尚未证明能够持续产生当前价格要求的 130—160 年化稳态自由现金流。距离第一个正面区域，当前市场列下的模型买入边界约为 7.75 美元，较现价低 0.40 美元或 4.9%；若要求区间中点完整达到 18% 门槛，边界约为 7.40 美元。经营上需要 Electronics 销售与利润同步改善、224G 至少取得一个量产设计导入、Life Science 接近单季盈亏平衡并伴随净债务下降；市场若从主题集中扩展为宽基风险扩张，则同一基准经营在现价已进入谨慎正面格。相邻状态下建议范围为 中性 / 等待至谨慎建议投资；最小减弱条件是 Electronics 利润继续下降或 Life Science 减亏失败并使净债务再次明显上升。概率层为 NA，因为没有可辩护的经营—市场联合概率及相关性。,True,False,投资与自由现金流 → 净债务下降,True,False,> 当前条件定位： 当前证据最接近 基准 / 正常兑现；复合定位不需要，因为“收入与利润偏基准、现金转换位于基准低端”的冲突可由同一基准区间表达，诊断性复合估值中点只比纯基准低约 3.9%，且建议不变。共享市场快照 MS-JP-5B-v1.0 锁定 窄幅 / 主题主导上涨，唯一相邻状态为 宽基风险扩张。当前纯格子为 中性 / 等待，稀释后市值 1.25—1.65 万亿日元、ADR 价值 7.20—9.50 美元、目标期毛总回报 -7%—+21%；经营与市场状态证据强度均为 中，估值置信度为 中。当前最弱传导环节是 利润 → 再投资与自由现金流 → 净债务下降：近期利润改善尚未证明能够持续产生当前价格要求的 130—160 年化稳态自由现金流。距离第一个正面区域，当前市场列下的模型买入边界约为 7.75 美元，较现价低 0.40 美元或 4.9%；若要求区间中点完整达到 18% 门槛，边界约为 7.40 美元。经营上需要 Electronics 销售与利润同步改善、224G 至少取得一个量产设计导入、Life Science 接近单季盈亏平衡并伴随净债务下降；市场若从主题集中扩展为宽基风险扩张，则同一基准经营在现价已进入谨慎正面格。相邻状态下建议范围为 中性 / 等待至谨慎建议投资；最小减弱条件是 Electronics 利润继续下降或 Life Science 减亏失败并使净债务再次明显上升。概率层为 NA，因为没有可辩护的经营—市场联合概率及相关性。
ASMIY,D:\drive\Investment\分析报告\公司情景投资决策\结果\ASMIY_经营情景市场状态投资决策_2026-07-15.md,43,震荡均值回归,Other-or-unclear,共享市场快照 欧洲发达市场｜2026-07-15｜MS-EU-v1.0 锁定主状态 震荡 / 均值回归、相邻状态 宽基风险扩张。,True,False,户验收与回款把订单转成可自由分配现金,True,True,> 当前条件定位：当前证据最接近 基准 / 正常兑现；复合定位不需要。最明显的冲突是行业需求和 Q1 利润偏强，而营运资金与自由现金流偏弱；但净现金、无债务且 Q1 现金弱已能在基准区间内完整保留，复合估值中点只比纯基准低约 6%，没有改变建议一级，也未新增融资或永久损失风险。共享市场快照 欧洲发达市场｜2026-07-15｜MS-EU-v1.0 锁定主状态 震荡 / 均值回归、相邻状态 宽基风险扩张。对应当前纯格子为 强烈不建议投资｜-46%～-21%｜估值置信度中，目标期稀释后股权市值 €24.7bn—€36.1bn、每股价值 $571—$836。经营状态证据强度为中高，市场状态证据强度为中。当前最弱传导环节是 合格交付、客户验收与回款把订单转成可自由分配现金：它使需求不能按 TAM 或订单满额资本化，并压低基准价值低端。仅靠价格变化，基准 × 震荡首次进入“谨慎建议投资”的最高买入价约 $580—$620/NYRS，较当前价低约 42%—46%；不降价时，最近的正面格子需要经营上移至乐观且市场转为宽基/主题列，或经营直接达到突破行。相邻宽基状态下，基准格仍为不建议投资，回报 -36%～-10%；最小减弱条件是 Q2/H2 验收低于路径且营运资金继续恶化。概率层为 NA，因为没有可辩护的经营—市场联合概率与相关性。
ASML,D:\drive\Investment\分析报告\公司情景投资决策\结果\备份\ASML_2026-07-18T17_46_46-07_00-48331b8b80\ASML_经营情景市场状态投资决策_2026-07-15.md,63,窄幅主题主导上涨,Other-or-unclear,共享市场快照锁定 窄幅 / 主题主导上涨，唯一相邻列为 宽基风险扩张。主状态,True,False,运资本回收、报告自由现金流与客户验收,True,True,"> 当前条件定位： 当前证据最接近 基准 / 正常兑现；复合定位不需要。需求、订单、实现价格与利润率处于基准偏上端，而 H1 现金转换暂时偏弱，但把现金转换单独压到悲观端只使价值中点下降约 3.3%，没有达到 10% 或建议改变一级的复合门槛。共享市场快照锁定 窄幅 / 主题主导上涨，唯一相邻列为 宽基风险扩张。主状态对应的条件格子为 中性 / 等待，稀释后市值 €522–829bn、每股价值 €1,370–2,176、目标期总回报 -13.3%～+37.3%；相邻状态对应 中性 / 等待，市值 €480–743bn、每股 €1,259–1,950、回报 -20.3%～+23.1%。经营状态证据强度为 中高，市场状态证据强度为 中，两格估值置信度均为 中。当前最弱传导环节是 利润 → 营运资本回收、报告自由现金流与客户验收：H1 报告自由现金流约为 -€1.29bn，而应收、库存仍高；它限制基准价值低端，但净现金和无再融资压力使其尚不足以改变经营行。主状态下，第一个正面区域仅需价格降至约 €1,550 / US$1,768（较现价 -2.6%），或经营证据上移至乐观行；相邻宽基状态下相同价格边界约为 €1,404 / US$1,602（-11.8%）。相邻状态本身不改变当前建议；最小减弱条件是 Q4 验收延迟令 2026 收入跌破指引低端且滚动 12 个月现金转换仍不恢复。概率层为 NA，因为没有可辩护的经营—市场联合概率与相关性基础率。"
ASMVY,D:\drive\Investment\分析报告\公司情景投资决策\结果\ASMVY_经营情景市场状态投资决策_2026-07-15.md,44,震荡均值回归,Other-or-unclear,共享市场快照“香港主板/HKD｜2026-07-15 收盘｜HK-MKT-v1.0”锁定主状态“震荡/均值回归”、相邻状态“有序风险收缩”。基准 × 震荡格子的条件建议为 中性 / 等待，稀释后股权市值 US$7.11bn–11.45bn、ASMVY 每 ADR 价值 US$50.4–81.2、目标期总回报 -29%～+14%；经营与市场状态证据强度分别为中高、中，估值置信度为中。当前最弱传导环节是“已获订单/行业需求 → 客户 buyoff、收入确认 → 营运资本释放”：库存和应收使账面利润尚未稳定转成自由现金流。距离第一个正面区域，价格需降至约 US$57.2（较现价 -20%），或经营证据升级至乐观行；在当前市场列不必等待市场改善。相邻“有序风险收缩”下基准格为不建议投资、回报 -44%～-6%。最小减弱条件是 Q2 低于指引且 B2B 低于 1，或共享市场快照转入有序风险收缩。概率层为 NA，因为没有足以支持经营与市场联合概率的可审计基础率。,True,False,业需求 → 客户 buyoff、收入确认 → 营运资本释放”,True,False,> 当前条件定位： 当前证据最接近“基准 / 正常兑现”；现金转换偏弱是重要反证，但复合定位测试使当前价值中点仅下降约 5%，没有达到 10% 或建议变级门槛，因此不需要复合定位。共享市场快照“香港主板/HKD｜2026-07-15 收盘｜HK-MKT-v1.0”锁定主状态“震荡/均值回归”、相邻状态“有序风险收缩”。基准 × 震荡格子的条件建议为 中性 / 等待，稀释后股权市值 US$7.11bn–11.45bn、ASMVY 每 ADR 价值 US$50.4–81.2、目标期总回报 -29%～+14%；经营与市场状态证据强度分别为中高、中，估值置信度为中。当前最弱传导环节是“已获订单/行业需求 → 客户 buyoff、收入确认 → 营运资本释放”：库存和应收使账面利润尚未稳定转成自由现金流。距离第一个正面区域，价格需降至约 US$57.2（较现价 -20%），或经营证据升级至乐观行；在当前市场列不必等待市场改善。相邻“有序风险收缩”下基准格为不建议投资、回报 -44%～-6%。最小减弱条件是 Q2 低于指引且 B2B 低于 1，或共享市场快照转入有序风险收缩。概率层为 NA，因为没有足以支持经营与市场联合概率的可审计基础率。
ASX,D:\drive\Investment\分析报告\公司情景投资决策\结果\ASX_经营情景市场状态投资决策_2026-07-15.md,31,宽基风险扩张,US-explicit,共享市场快照 US-20260715-CLOSE-MS5V1 锁定主状态 宽基风险扩张、相邻状态 窄幅 / 主题主导上涨。主状态,True,False,入能否转化为合格产能、利用率和自由现金流,True,False,> 当前条件定位： 当前证据最接近 基准 / 正常兑现；复合定位 不需要，因为 Q2 收入落在基准高端至乐观低端，但利润、现金和资本结构仍只能由基准路径支持，模拟复合定位相对纯基准的每股价值中点差约 7%、建议不变，未达到 10% 或一级建议变化的门槛。共享市场快照 US-20260715-CLOSE-MS5V1 锁定主状态 宽基风险扩张、相邻状态 窄幅 / 主题主导上涨。主状态对应格子为 谨慎建议投资，稀释后股权市值 $86.4bn—$123.2bn、每股价值 $37.4—$54.8、目标期总回报 -7%—+36%；经营与市场状态证据强度分别为 中高 / 中高，估值置信度 中。当前最弱传导环节为 已承诺成长投入能否转化为合格产能、利用率和自由现金流：需求强、收入已显现，但 $8.5bn 资本开支、客户认证、良率、利用率和测试附着率尚未形成同等强度的现金证据。当前主状态已经位于第一个正面区域，正面建议可承受的最高价格约 $42.3，距当前价约 +3.9%；若要求提升到“建议投资”，价格需约 $38.8 或更低，或公司完成下述利润与现金里程碑。相邻主题状态对应 建议投资｜$40.0—$57.8｜-1%—+43%｜估值置信度中。最小减弱条件是 Q2/Q3 ATM 毛利率和自由现金流不能证明新增设备形成高回报，同时市场由宽基扩张转入震荡；概率层因缺少可辩护的经营—市场联合概率而为 NA。
ATEYY,D:\drive\Investment\分析报告\公司情景投资决策\结果\ATEYY_经营情景市场状态投资决策_2026-07-15.md,50,窄幅主题主导上涨,Other-or-unclear,共享市场快照“日本股票（TSE/TOPIX，JPY）｜2026-07-15 东京收盘｜Nikkei/JPX、BOJ、JGB、IMF、Daiwa（逐项日期）｜MS-JP-v1.0”锁定“窄幅 / 主题主导上涨”为主状态，“震荡 / 均值回归”为唯一相邻状态。,True,False,HBM 测试需求 → Advantest 可确认的合格交付与现金”,True,True,"> 当前条件定位： 当前证据最接近“基准 / 正常兑现”；复合定位不需要，因为需求与高配置产品的偏强证据，和应收账款、现金转换尚待验证的偏弱证据，在单独估值后只令每股价值中点改变约 6%，没有达到约 10%门槛，也没有改变建议级别或新增非线性融资风险。共享市场快照“日本股票（TSE/TOPIX，JPY）｜2026-07-15 东京收盘｜Nikkei/JPX、BOJ、JGB、IMF、Daiwa（逐项日期）｜MS-JP-v1.0”锁定“窄幅 / 主题主导上涨”为主状态，“震荡 / 均值回归”为唯一相邻状态。当前主格“基准 × 窄幅 / 主题主导上涨”的条件建议为“不建议投资”，稀释后股权价值 ¥15.65—25.61 万亿、每 ADR ¥21,409—35,034（$132—216）、目标期总回报约 -29%—+15%；经营状态证据强度为中，市场状态证据强度为中，估值置信度为中。当前最弱传导环节是“外部 AI/HBM 测试需求 → Advantest 可确认的合格交付与现金”：公司没有标准化披露 backlog、book-to-bill、取消率和配置 ASP，而应收款增长快于收入。距离第一个正面区域，单靠价格需降至约 $137（¥22,200，较 $188 低 27%）；单靠经营证据需至少进入乐观行，证明 NTM 收入接近 ¥1.68 万亿、毛利率至少 65%且现金转换不恶化；市场状态无需先变化，但若转为震荡，基准行的正面价格边界降至约 $98。相邻状态下当前纯行建议由“不建议投资”减弱为“强烈不建议投资”。最小减弱条件是主题溢价消退而经营证据仍停留在基准行。概率层为 NA，因为没有可辩护的经营—市场联合概率与相关性。"
ATKR,D:\drive\Investment\分析报告\公司情景投资决策\结果\ATKR_经营情景市场状态投资决策_2026-07-15.md,3,宽基风险扩张,US-explicit,共享市场快照 美国主要定价市场（NYSE/Nasdaq，USD）｜2026-07-15 18:00 ET（信用最近可得 2026-07-14）｜Treasury/FRED/Cboe/NYSE/FactSet/AP/Yahoo Finance，日期逐项列示｜MSR-US-5B-v1.0 锁定 宽基风险扩张 为主状态、震荡 / 均值回归 为唯一相邻状态。基准 × 宽基风险扩张格为 谨慎建议投资，稀释后市值 $2.41–3.86B、每股价值 $70–114、至 2027-09-30 的含股息总回报 -3%～+56%；经营与市场状态证据强度均为 中，估值置信度为 中。当前最弱传导环节是 收入 → 单位经济与利润：FY2026Q2 有机量增约 5%，但投入成本不利影响约 $82.1M，价格贡献仅约 $10.2M，毛利率仅 18.6%。当前主状态下，正面建议约可承受到 $81 的买入价，现价尚有约 10% 价格余量；若市场切到相邻的震荡状态，基准格变为 中性 / 等待，达到第一个正面区域所需买入价约 $69，较现价低约 6.7%。经营上需要依次看到价格—成本差收窄、毛利率回到 20.5% 以上，以及数据中心需求能够形成可核验的公司收入/利润证据。最小减弱条件是下一次财报仍只有销量增长、毛利率低于约 19.5%，并伴随 FY2026 调整后 EBITDA 指引下调。概率层为 NA，原因是没有可辩护的经营行—市场列联合概率与相关结构。,True,False,位经济与利润,True,False,> 当前条件定位： 当前证据最接近 基准 / 正常兑现；复合定位 不需要——数据中心与非住宅需求偏强、价格—成本与现金转换偏弱的冲突已经被基准行的宽利润和现金区间完整保留，另建复合假设只把当前主市场列的每股价值中点由约 $92 降至约 $88，差异约 -4%，建议仍为“谨慎建议投资”，未达到约 10% 或一级建议变化的门槛。共享市场快照 美国主要定价市场（NYSE/Nasdaq，USD）｜2026-07-15 18:00 ET（信用最近可得 2026-07-14）｜Treasury/FRED/Cboe/NYSE/FactSet/AP/Yahoo Finance，日期逐项列示｜MSR-US-5B-v1.0 锁定 宽基风险扩张 为主状态、震荡 / 均值回归 为唯一相邻状态。基准 × 宽基风险扩张格为 谨慎建议投资，稀释后市值 $2.41–3.86B、每股价值 $70–114、至 2027-09-30 的含股息总回报 -3%～+56%；经营与市场状态证据强度均为 中，估值置信度为 中。当前最弱传导环节是 收入 → 单位经济与利润：FY2026Q2 有机量增约 5%，但投入成本不利影响约 $82.1M，价格贡献仅约 $10.2M，毛利率仅 18.6%。当前主状态下，正面建议约可承受到 $81 的买入价，现价尚有约 10% 价格余量；若市场切到相邻的震荡状态，基准格变为 中性 / 等待，达到第一个正面区域所需买入价约 $69，较现价低约 6.7%。经营上需要依次看到价格—成本差收窄、毛利率回到 20.5% 以上，以及数据中心需求能够形成可核验的公司收入/利润证据。最小减弱条件是下一次财报仍只有销量增长、毛利率低于约 19.5%，并伴随 FY2026 调整后 EBITDA 指引下调。概率层为 NA，原因是没有可辩护的经营行—市场列联合概率与相关结构。
AVGO,D:\drive\Investment\分析报告\公司情景投资决策\结果\备份\AVGO_2026-07-18T18_53_56-07_00-34a2aa6554\AVGO_经营情景市场状态投资决策_2026-07-15.md,41,宽基风险扩张,US-explicit,共享市场快照 MS-US-20260715-v1.0 锁定 宽基风险扩张 为主状态、震荡/均值回归 为唯一相邻状态。,True,False,kings、GW 与客户预算能否穿过电力、融资、HBM/封装、整机验证和验收，按期转成可确认收入与自由现金流,True,True,> 当前条件定位：当前证据最接近 基准 / 正常兑现；复合定位 不需要，因为需求/订单偏强与采购承诺/客户 backstop 偏弱尚未造成相对纯基准行约 10% 的每股价值中点差异，也未改变建议一级。共享市场快照 MS-US-20260715-v1.0 锁定 宽基风险扩张 为主状态、震荡/均值回归 为唯一相邻状态。对应当前纯格子为 中性 / 等待｜$241—461/股｜-38%—+18%｜估值置信度中；相邻格子为 不建议投资｜$197—398/股｜-49%—+2%｜估值置信度中。经营状态证据强度为 高，市场状态证据强度为 中。当前最弱传导环节是 AI bookings、GW 与客户预算能否穿过电力、融资、HBM/封装、整机验证和验收，按期转成可确认收入与自由现金流。在经营与主市场状态不变时，第一个正面建议的最高买入价约 $305，较当前低 $89 / 22.6%；若市场转入相邻震荡列，价格边界约 $250，较当前低 36.6%。经营证据上，最近正面行是乐观行，至少要看到 FY2026 AI $56B 路径、网络绝对收入/利润质量和现金转换三者中的两项同时超基准。相邻状态下建议从 不建议投资 到当前 中性 / 等待；最小减弱条件是市场转入震荡而经营证据仍停留基准，或 Q3/Q4 收入兑现但毛利和 FCF 明显低于桥接值。概率层为 NA，因为经营与市场状态的联合概率没有可辩护基础率。
AXTI,D:\drive\Investment\分析报告\公司情景投资决策\结果\AXTI_经营情景市场状态投资决策_2026-07-15.md,27,宽基风险扩张,US-explicit,共享市场快照 MS-US-v1.0-20260715 锁定 宽基风险扩张 为主状态、窄幅 / 主题主导上涨为唯一相邻状态。,True,False,入增长能否穿过毛利、成长投入和营运资本，形成可持续自由现金流,True,False,> 当前条件定位： 当前证据最接近 基准 / 正常兑现；复合定位不需要，因为需求端偏乐观而交付、利润和现金端仍属基准的冲突，在一致建模后只使纯基准价值中点改变约 8%，没有达到约 10% 或建议改变一级的门槛。共享市场快照 MS-US-v1.0-20260715 锁定 宽基风险扩张 为主状态、窄幅 / 主题主导上涨为唯一相邻状态。对应当前纯格子的条件建议为 强烈不建议投资，目标期稀释后市值 $0.89bn～$2.92bn、每股价值 $12.9～$43.6、总回报 -76%～-18%；经营状态证据强度为中，市场状态证据强度为中，估值置信度为低。当前最弱传导环节是 合格交付与收入增长能否穿过毛利、成长投入和营运资本，形成可持续自由现金流；强需求与大额 backlog 尚未证明现金回报。仅靠价格变化，当前主格子首次达到“谨慎建议投资”的内部边界约为 $18，较当前价低约 66%；仅靠经营证据则需要 InP 季度收入、6 英寸量产客户和正自由现金流三项里程碑共同把公司推至突破行。市场状态无需切换即可到达最近正面格子，但只切换至主题上涨并不足以转正。相邻市场列的基准格子仍为 强烈不建议投资，价值 $13.5～$54.4、回报 -75%～+2%。概率层为 NA，因为经营状态与市场状态的联合概率没有可辩护基础率。
BABA,D:\drive\Investment\分析报告\公司情景投资决策\结果\BABA_经营情景市场状态投资决策_2026-07-15.md,53,宽基风险扩张,US-explicit,"共享快照 US-USD-20260715-1600ET-MSV1-WBRE-01 锁定 宽基风险扩张，相邻列为 震荡 / 均值回归。原始当前格子为 谨慎建议投资｜+7.1%～+32.6%｜估值置信度中，稀释后市值 3,062—3,798 亿美元、每股价值 125—155 美元；经营与市场状态证据强度均为 中高。相邻市场格子为 中性 / 等待｜-3.9%～+19.8%｜中。当前最弱传导环节是 单位经济与利润 → 再投资、报告自由现金流和未来经营能力：FY2026 资本开支 1,260.63 亿元、自由现金流 -466.09 亿元，且快商投入吞噬中国电商利润，尚未证明云和 AI 收入增长能够留给普通股。原始主格子已经进入第一个正面区域；维持正面建议的模型最高买入价约 122.7 美元，较当前价尚有 4.2% 余量。若市场切换到震荡列，首次达到正面的价格边界约 110.5 美元，需下跌 6.1%。同一经营行已有正面格子，因此统一口径的经营证据距离为 0；但要使结论不依赖宽基扩张，仍需云 EBITA 利润率、快商单位经济和滚动自由现金流三项里程碑。中国互联网板块当前属于“退出 / 资金流出”，按规则将当前原始格子最多下调一级至 中性 / 等待，不改写主矩阵。概率层为 NA，原因是没有可辩护的经营—市场联合概率和尾部基础率。",True,False,润 → 再投资、报告自由现金流和未来经营能力,True,False,"> 当前条件定位： 当前证据最接近 基准 / 正常兑现；复合定位 不需要。云需求、外部云增速和 Apple 智能备案使“公司捕获”位于基准高端至乐观低端，但中国电商利润、快商投入和报告自由现金流位于基准低端至悲观端；这组张力已经是基准情景的核心定义。以当前主市场列测试，最接近纯基准行的每股价值为 125—155 美元，另建“云偏乐观、现金偏悲观”的复合估值为 120—148 美元，中点仅下降约 4.3%，且原始条件建议均未跨越一级，未达到复合定位门槛。共享快照 US-USD-20260715-1600ET-MSV1-WBRE-01 锁定 宽基风险扩张，相邻列为 震荡 / 均值回归。原始当前格子为 谨慎建议投资｜+7.1%～+32.6%｜估值置信度中，稀释后市值 3,062—3,798 亿美元、每股价值 125—155 美元；经营与市场状态证据强度均为 中高。相邻市场格子为 中性 / 等待｜-3.9%～+19.8%｜中。当前最弱传导环节是 单位经济与利润 → 再投资、报告自由现金流和未来经营能力：FY2026 资本开支 1,260.63 亿元、自由现金流 -466.09 亿元，且快商投入吞噬中国电商利润，尚未证明云和 AI 收入增长能够留给普通股。原始主格子已经进入第一个正面区域；维持正面建议的模型最高买入价约 122.7 美元，较当前价尚有 4.2% 余量。若市场切换到震荡列，首次达到正面的价格边界约 110.5 美元，需下跌 6.1%。同一经营行已有正面格子，因此统一口径的经营证据距离为 0；但要使结论不依赖宽基扩张，仍需云 EBITA 利润率、快商单位经济和滚动自由现金流三项里程碑。中国互联网板块当前属于“退出 / 资金流出”，按规则将当前原始格子最多下调一级至 中性 / 等待，不改写主矩阵。概率层为 NA，原因是没有可辩护的经营—市场联合概率和尾部基础率。"
BDC,D:\drive\Investment\分析报告\公司情景投资决策\结果\BDC_经营情景市场状态投资决策_2026-07-15.md,50,宽基风险扩张,US-explicit,共享市场快照 US-20260715-1333PDT-MS5-v1 锁定主状态“宽基风险扩张”和相邻状态“窄幅/主题主导上涨”。经营状态证据强度为中、市场状态证据强度为中、复合估值置信度为低。当前最弱传导环节是 合并利润能否在利息、整合、营运资本和成长投入后形成去杠杆现金流。在主状态下，第一个正面区域的价格边界约为 $98（较当前低 3.5%）；经营证据需至少证明首次完整合并季度调整后 EBITDA 利润率不低于约 17.5%、滚动自由现金流向 $225m—$250m 靠拢，并把净债务核实至不高于约 $2.7bn 或杠杆不高于约 3.6 倍。主状态无需切换市场列；相邻主题集中列的相应价格边界约为 $94。相邻状态下建议范围为“不建议投资”至“中性 / 等待”；最小减弱条件是合并毛利或现金转换低于基准、净债务桥高于 $3.0bn，或市场从宽基扩张切向窄幅集中。概率层为 NA，因为缺少可辩护的经营—市场联合基础率。,True,True,在利息、整合、营运资本和成长投入后形成去杠杆现金流,True,False,> 当前条件定位： 当前证据最接近 基准 / 正常兑现纯经营行；复合定位达到门槛，因为需求、收入和初步单位经济接近基准，但“利润与再投资 → 自由现金流 → 去杠杆 → 普通股价值”及资本结构两个彼此独立、对每股价值具有决定性的后端环节接近悲观行。纯基准 × 宽基风险扩张的每股价值为 $87.9—$131.0、建议为“谨慎建议投资”；复合口径降至 $79.4—$121.0、目标期总回报 -22%—+19%、建议为 “中性 / 等待”，价值中点下降约 8.5%，且建议改变一级，达到复合定位门槛。共享市场快照 US-20260715-1333PDT-MS5-v1 锁定主状态“宽基风险扩张”和相邻状态“窄幅/主题主导上涨”。经营状态证据强度为中、市场状态证据强度为中、复合估值置信度为低。当前最弱传导环节是 合并利润能否在利息、整合、营运资本和成长投入后形成去杠杆现金流。在主状态下，第一个正面区域的价格边界约为 $98（较当前低 3.5%）；经营证据需至少证明首次完整合并季度调整后 EBITDA 利润率不低于约 17.5%、滚动自由现金流向 $225m—$250m 靠拢，并把净债务核实至不高于约 $2.7bn 或杠杆不高于约 3.6 倍。主状态无需切换市场列；相邻主题集中列的相应价格边界约为 $94。相邻状态下建议范围为“不建议投资”至“中性 / 等待”；最小减弱条件是合并毛利或现金转换低于基准、净债务桥高于 $3.0bn，或市场从宽基扩张切向窄幅集中。概率层为 NA，因为缺少可辩护的经营—市场联合基础率。
BE,D:\drive\Investment\分析报告\公司情景投资决策\结果\备份\BE_2026-07-18T18_32_45-07_00-a47a37524c\BE_经营情景市场状态投资决策_2026-07-15.md,3,宽基风险扩张,US-explicit,共享市场快照 美国股票（NYSE 定价、USD）｜2026-07-15 16:00 ET（信用数据最近至 2026-07-13）｜本地每日金融数据/Yahoo Finance + AP + Cboe + U.S. Treasury + FRED + FactSet｜BE-MKT-5B-v1.0-20260715 锁定 宽基风险扩张，唯一相邻状态为 震荡 / 均值回归。,True,False,目量向合格交付、验收收入与现金的转化,True,True,> 当前条件定位： 当前证据最接近 基准 / 正常兑现；复合定位不需要：需求端虽偏强，但“已签或框架 MW → 合格交付与客户验收 → 回款”仍处基准区间，测试性复合估值相对纯基准中点只高约 5%，未达到 10% 或建议变级门槛。共享市场快照 美国股票（NYSE 定价、USD）｜2026-07-15 16:00 ET（信用数据最近至 2026-07-13）｜本地每日金融数据/Yahoo Finance + AP + Cboe + U.S. Treasury + FRED + FactSet｜BE-MKT-5B-v1.0-20260715 锁定 宽基风险扩张，唯一相邻状态为 震荡 / 均值回归。对应当前纯格子的条件建议为 强烈不建议投资，稀释后股权市值 284—625 亿美元、每股价值 90—190 美元、15 个月总回报 -62%～-21%；经营与市场状态证据强度均为 中，估值置信度为 低。当前最弱传导环节为 公司可捕获项目量向合格交付、验收收入与现金的转化；在经营与市场假设不变时，第一个正面建议所需最高买入价约 112 美元（较现价低 53%），或需经营证据上移至乐观行且市场维持宽基扩张。相邻的震荡状态下，基准格为 强烈不建议投资｜65—145 美元｜-73%～-39%，价格转正边界约 84 美元。最小减弱条件是 2GW 爬坡或核心项目验收延后两个季度并使 NTM 收入低于 44 亿美元；概率层为 NA，因为没有可辩护的经营—市场联合概率与尾部相关性。
BELFB,D:\drive\Investment\分析报告\公司情景投资决策\结果\BELFB_经营情景市场状态投资决策_2026-07-15.md,72,宽基风险扩张,US-explicit,共享市场快照 US-USD｜2026-07-15 16:00 ET｜MS-5B-v1.0-US-20260715-CLOSE 锁定 宽基风险扩张为主状态、窄幅/主题主导上涨为唯一相邻状态。,True,False,高功率电源需求与强 backlog 能否通过 BELFB 的下一代产品、平台认证、量产能力和价格成本桥，转成高质量利润与自由现金流,True,True,> 当前条件定位： 当前证据最接近 基准 / 正常兑现；复合定位 不需要：需求偏乐观，但公司捕获、利润和现金仍在基准，试算中点只提高约 3.4%，未达到 10% 或一级建议差异门槛。共享市场快照 US-USD｜2026-07-15 16:00 ET｜MS-5B-v1.0-US-20260715-CLOSE 锁定 宽基风险扩张为主状态、窄幅/主题主导上涨为唯一相邻状态。对应主状态格子的建议为 不建议投资，稀释后市值 $2.77–4.62bn、每股价值 $187–321、目标期总回报 -32%～+17%；相邻主题格同为 不建议投资，每股 $176–337、回报 -36%～+23%。经营与市场状态证据强度均为 中，两个格子的估值置信度均为 中。当前最弱传导环节为 外部 AI/高功率电源需求与强 backlog 能否通过 BELFB 的下一代产品、平台认证、量产能力和价格成本桥，转成高质量利润与自由现金流；距离第一个正面区域还需要价格在主状态降至约 $212（较当前 -23%）或相邻主题状态降至约 $208（-24%），经营证据至少完成下列三项中的两项，而市场状态无需进一步改善。相邻经营与市场邻域的建议范围为 不建议投资 至 谨慎建议投资；最小减弱条件为共享市场转入 有序风险收缩，或 Q2 收入低于 $195m / GM 低于 38% 且 backlog 同步转弱。概率层 NA：没有可辩护的经营 × 市场联合概率，故不强行形成期望目标价。
BESIY,D:\drive\Investment\分析报告\公司情景投资决策\结果\BESIY_经营情景市场状态投资决策_2026-07-15.md,42,窄幅主题主导上涨,Other-or-unclear,共享市场快照 欧洲发达市场（STOXX Europe 600 / Euronext Amsterdam，EUR）｜2026-07-15 13:33 PDT｜EU-EQ-MS-v1.0 锁定 窄幅 / 主题主导上涨，唯一相邻状态为 宽基风险扩张。,True,False,单和评估机向多客户量产资格、验收与可确认收入的转化,False,True,> 当前条件定位： 当前证据最接近 基准 / 正常兑现；复合定位不需要。订单强度一度接近乐观行，但订单到多客户资格、验收和可确认收入的冲突只使纯基准估值中点上移约 7.3%，未达到约 10% 门槛，且不改变条件建议。共享市场快照 欧洲发达市场（STOXX Europe 600 / Euronext Amsterdam，EUR）｜2026-07-15 13:33 PDT｜EU-EQ-MS-v1.0 锁定 窄幅 / 主题主导上涨，唯一相邻状态为 宽基风险扩张。对应当前条件格子的建议为 强烈不建议投资，稀释后股权价值 €7.7bn～€18.5bn、每 ADR 价值 $108～$261、15 个月总回报 -60%～-6%；经营与市场状态证据强度分别为 中高 / 中，估值置信度为 中。当前最弱传导环节是 公司机会、订单和评估机向多客户量产资格、验收与可确认收入的转化。在经营和市场假设不变时，第一个正面价格边界约为 $160，比当前价低约 43%；若价格不变，则需多客户 D2W/2.5D 重复量产、N50/现有平台良率与吞吐获验、以及第二条高毛利收入向现金转换同时成立，经营位置才可能越过乐观行进入突破行。市场无需单独切换，因为当前主题状态已经是估值较有利的列；仅切换市场列不能使基准行转正。相邻宽基状态仍为 强烈不建议投资，每 ADR $100～$219、回报 -63%～-21%。最小经营减弱条件是 Q2 低于指引下沿或 Q3 重复订单/验收明显缺位；概率层为 NA，原因是没有可辩护的经营 × 市场联合概率。
BWXT,D:\drive\Investment\分析报告\公司情景投资决策\结果\BWXT_经营情景市场状态投资决策_2026-07-15.md,34,宽基风险扩张,US-explicit,共享市场快照 美国美元股票｜2026-07-15 16:00 ET｜MS-US-20260715-v1.0 锁定主状态 宽基风险扩张、相邻状态 窄幅/主题主导上涨。,True,False,投资、营运资本与自由现金流 → 未来经营能力,True,False,> 当前条件定位：当前证据最接近 基准 / 正常兑现；复合定位不需要，因为需求与订单偏强、现金转化偏弱的冲突已能由基准行区间完整表达，复合估值中点只比纯行高约 4.5%，未达到约 10% 门槛，也不改变建议级别。共享市场快照 美国美元股票｜2026-07-15 16:00 ET｜MS-US-20260715-v1.0 锁定主状态 宽基风险扩张、相邻状态 窄幅/主题主导上涨。对应当前纯格子的条件建议为 不建议投资，稀释后市值 $8.9bn—$20.2bn、每股价值 $95—$219、目标期总回报 -46%—+25%；相邻列为 不建议投资｜$88—$209｜-49%—+19%。经营与市场状态证据强度均为 中，两格估值置信度均为 中。当前最弱传导环节是 利润 → 再投资、营运资本与自由现金流 → 未来经营能力：订单和收入可见度强，但当前价格对应的股权 FCF 收益率只有约 2.2%—2.5%，扩产、在制品和固定价项目仍可能截留经济价值。距离第一个正面区域，仅靠价格需降至约 $138 或以下（-22.0%）；保持现价则需经营证据上移至乐观行，核心里程碑是目标期 EBITDA ≥$0.92bn、Commercial 利润率约 14% 以上且 NTM FCF ≥$0.50bn。当前市场已经是较有利列，不需要也不能仅靠市场进一步转正。相邻状态下建议仍为“不建议投资”，最小减弱条件是盈利兑现下修同时市场转入震荡，或 Commercial 利润率跌破约 12% 并伴随 FCF 转化恶化。概率层为 NA，因为没有足以辩护四种经营行与五种市场列联合概率的基础率。
CAMT,D:\drive\Investment\分析报告\公司情景投资决策\结果\CAMT_经营情景市场状态投资决策_2026-07-15.md,48,宽基风险扩张,US-explicit,共享市场快照 MS-US-20260715-v1.0 锁定宽基风险扩张为主状态、震荡 / 均值回归为唯一相邻状态。当前纯格子为中性 / 等待｜每股 104—187 美元｜总回报 -29%—+27%｜估值置信度低；相邻格子为不建议投资｜每股 91—167 美元｜总回报 -38%—+14%｜估值置信度低。经营状态证据强度为中高，市场状态证据强度为中。最弱传导环节是“订单与客户 forecast → 不可取消订单、交付验收和收入”：公开订单已证明需求，却没有完整 bookings、取消率、排产和季度验收表，因而限制价值低端。保持当前经营行和主市场列不变，中心要求回报,True,False,,False,False,> 当前条件定位： 当前证据最接近基准 / 正常兑现；复合定位不需要。现金转换与应收偏弱的压力测试相对纯基准行只使价值中点下降约 4.5%，建议不变，未达到 10% 中点差异、一级建议差异或新增永久损失风险的门槛。共享市场快照 MS-US-20260715-v1.0 锁定宽基风险扩张为主状态、震荡 / 均值回归为唯一相邻状态。当前纯格子为中性 / 等待｜每股 104—187 美元｜总回报 -29%—+27%｜估值置信度低；相邻格子为不建议投资｜每股 91—167 美元｜总回报 -38%—+14%｜估值置信度低。经营状态证据强度为中高，市场状态证据强度为中。最弱传导环节是“订单与客户 forecast → 不可取消订单、交付验收和收入”：公开订单已证明需求，却没有完整 bookings、取消率、排产和季度验收表，因而限制价值低端。保持当前经营行和主市场列不变，中心要求回报对应的最高买入价约 121 美元，较当前价低约 17.9%；若价格不变，最近的正面经营区域需要进入乐观行，并至少观察到 H2 收入约 3.40 亿美元以上、2027 年去重后的硬订单继续增加、毛利与现金转换同步成立。单独切换到主题上涨只把基准格子改善为谨慎正面，不能形成稳健正面区域。概率层为 NA，因为缺乏可辩护的经营—市场联合概率和订单取消基础率。
CARR,D:\drive\Investment\分析报告\公司情景投资决策\结果\备份\CARR_2026-08-19T12_34_37-07_00-22f161b9ee\CARR_经营情景市场状态投资决策_2026-07-15.md,35,宽基风险扩张,US-explicit,共享市场快照 美国主板（USD）｜2026-07-15 16:00 ET｜MS-5B-v1.0 锁定主状态“宽基风险扩张”、相邻状态“震荡 / 均值回归”。,True,False,,False,False,> 当前条件定位：当前证据最接近 基准 / 正常兑现；复合定位 不需要。数据中心需求、订单和公司捕获偏向乐观，但收入、利润、现金和资本桥尚未脱离基准；假设性复合估值相对纯基准中点只提高约 3%，建议仍为“中性 / 等待”，未达到约 10% 中点差异或一级建议差异门槛。共享市场快照 美国主板（USD）｜2026-07-15 16:00 ET｜MS-5B-v1.0 锁定主状态“宽基风险扩张”、相邻状态“震荡 / 均值回归”。对应当前纯格子为 中性 / 等待｜稀释后市值 US$35.8–66.5B｜每股 US$43–82｜12 个月总回报 -36%～+20%｜估值置信度中；相邻状态对应 不建议投资｜US$36–72 / 股｜-46%～+6%｜中。当前经营和市场状态证据强度分别为高、中。最弱传导环节为 收入 → 单位经济与利润 → 现金：Q1 调整后营业利润率仅 11.1%、同比下降 520bp，说明订单和收入尚不能自动越过欠吸收、价格成本、扩产爬坡和营运资本。主状态下，仅靠价格变化，约 US$65.10 或以下才首次形成“谨慎建议投资”，较当前低 5.3%；若市场转入相邻震荡状态，边界约为 US$55.50，较当前低 19.3%。经营上最近的正面区域是“乐观 × 宽基风险扩张”，需要验证 2027 数据中心交付、调整后营业利润约 US$4.1B 以上及 FCF 约 US$2.5B。概率层为 NA，原因是没有可辩护的经营—市场联合概率。
CAT,D:\drive\Investment\分析报告\公司情景投资决策\结果\CAT_经营情景市场状态投资决策_2026-07-15.md,57,宽基风险扩张,US-explicit,共享市场快照 US-PRIMARY-20260715-1615ET-5B-v1.0-3b0a285ca8dc 锁定 宽基风险扩张，唯一相邻状态为 窄幅 / 主题主导上涨。当前纯格子的条件建议为 不建议投资，稀释后市值 $281–376B、每股价值 $620–820、15 个月总回报 -31%～-9%；经营与市场状态证据强度均为 中，估值置信度为 中。当前最弱传导环节为 单位经济与利润 → 再投资、自由现金流与未来经营能力：$62.7B backlog 和 PG 高增长必须穿过 $2.2–2.4B 关税、扩产折旧、供应成本、CI/RI 组合和 $3.5B+ CapEx，才可能形成当前价格要求的 $22.7–33.2B 五年后 MP&E FCF。仅靠价格变化，宽基状态下第一个正面区域的最高买入价约 $630，较当前低约 31%；经营证据需上移至乐观行，至少证明 PG 持续 >30% 增长、P&E 利润率 ≥20%、CI/RI 与 MP&E FCF 同步兑现；市场状态无需改变。相邻主题状态下建议仍为 不建议投资、回报 -28%～-3%。概率层为 NA，因为经营与市场状态的联合概率缺少可辩护基础率。,True,False,润 → 再投资、自由现金流与未来经营能力,True,False,> 当前条件定位： 当前证据最接近 基准 / 正常兑现；复合定位不需要：Power Generation 的需求和订单接近乐观行，但集团利润、关税、CI 库存、RI 成本和现金转换仍在基准行，试算复合定位相对纯基准的价值中点只提高约 6%，未达到 10% 或建议改变一级的门槛。共享市场快照 US-PRIMARY-20260715-1615ET-5B-v1.0-3b0a285ca8dc 锁定 宽基风险扩张，唯一相邻状态为 窄幅 / 主题主导上涨。当前纯格子的条件建议为 不建议投资，稀释后市值 $281–376B、每股价值 $620–820、15 个月总回报 -31%～-9%；经营与市场状态证据强度均为 中，估值置信度为 中。当前最弱传导环节为 单位经济与利润 → 再投资、自由现金流与未来经营能力：$62.7B backlog 和 PG 高增长必须穿过 $2.2–2.4B 关税、扩产折旧、供应成本、CI/RI 组合和 $3.5B+ CapEx，才可能形成当前价格要求的 $22.7–33.2B 五年后 MP&E FCF。仅靠价格变化，宽基状态下第一个正面区域的最高买入价约 $630，较当前低约 31%；经营证据需上移至乐观行，至少证明 PG 持续 >30% 增长、P&E 利润率 ≥20%、CI/RI 与 MP&E FCF 同步兑现；市场状态无需改变。相邻主题状态下建议仍为 不建议投资、回报 -28%～-3%。概率层为 NA，因为经营与市场状态的联合概率缺少可辩护基础率。
CBRS,D:\drive\Investment\分析报告\公司情景投资决策\结果\CBRS_经营情景市场状态投资决策_2026-07-15.md,41,宽基风险扩张,US-explicit,共享市场快照 美国上市成长股｜2026-07-15 16:00 ET（信用/利率至 07-14）｜Yahoo Finance/FRED/FactSet｜MS-US-v1.0 锁定主状态 宽基风险扩张、相邻状态 震荡/均值回归。当前纯格子为 强烈不建议投资｜-83%～+6%｜估值置信度低，稀释后市值 $9.7bn～$57.1bn、每股 $32～$195；相邻市场格为 强烈不建议投资｜-84%～-8%｜低，每股 $29～$169。经营与市场状态证据强度均为中。当前最弱传导环节是 利润 → 再投资与自由现金流 → 股东可得价值：强订单尚未证明能够在建设成本、租赁、低毛利 pass-through 和利用率约束后产生足够 ROIC 与普通股现金流；约 30% 的当前经济稀释进一步放大这一断点。基准经营与主市场不变时，第一个正面建议的最高买入价约 $91，比 $184.01 低约 50.5%；若价格不变，则至少需要经营证据上移至乐观行，并保持宽基或主题风险状态。最小减弱条件是 Q2 收入与毛利同时低于指引，或站点/SLA 延误使 OpenAI 转化和现金消耗同步恶化。概率层为 NA：缺少可辩护的经营—市场联合概率和可复核基础率。,True,False,投资与自由现金流 → 股东可得价值,True,False,> 当前条件定位： 当前证据最接近 基准 / 正常兑现；复合定位不需要，因为“需求/合同偏乐观”与“现金流/稀释偏弱”的冲突已经由完整基准行保留，另建复合定位只使当前价值中点下降约 6%，没有改变建议级别，也没有新增基准区间不能表达的清偿或永久损失风险。共享市场快照 美国上市成长股｜2026-07-15 16:00 ET（信用/利率至 07-14）｜Yahoo Finance/FRED/FactSet｜MS-US-v1.0 锁定主状态 宽基风险扩张、相邻状态 震荡/均值回归。当前纯格子为 强烈不建议投资｜-83%～+6%｜估值置信度低，稀释后市值 $9.7bn～$57.1bn、每股 $32～$195；相邻市场格为 强烈不建议投资｜-84%～-8%｜低，每股 $29～$169。经营与市场状态证据强度均为中。当前最弱传导环节是 利润 → 再投资与自由现金流 → 股东可得价值：强订单尚未证明能够在建设成本、租赁、低毛利 pass-through 和利用率约束后产生足够 ROIC 与普通股现金流；约 30% 的当前经济稀释进一步放大这一断点。基准经营与主市场不变时，第一个正面建议的最高买入价约 $91，比 $184.01 低约 50.5%；若价格不变，则至少需要经营证据上移至乐观行，并保持宽基或主题风险状态。最小减弱条件是 Q2 收入与毛利同时低于指引，或站点/SLA 延误使 OpenAI 转化和现金消耗同步恶化。概率层为 NA：缺少可辩护的经营—市场联合概率和可复核基础率。
CC,D:\drive\Investment\分析报告\公司情景投资决策\结果\CC_经营情景市场状态投资决策_2026-07-15.md,39,宽基风险扩张,US-explicit,共享市场快照 MS-US-5B-v1.0 锁定 宽基风险扩张为主状态、震荡 / 均值回归为唯一相邻状态。复合定位 × 主状态的条件建议为 中性 / 等待，稀释后股权价值 $1.08B—$4.10B、每股价值 $6.84—$26.80、15 个月总回报 -61%—+47%；经营与市场状态证据强度分别为中、中高，估值置信度为低。当前最弱传导环节为 利润 → 报告自由现金流，随后被高杠杆和 PFAS 索取权放大；距离第一个正面区域还需要价格降至约 $13.5—$14.0，或用两季正常现金转换、APM/TT 利润修复及净杠杆低于 3.8x 使复合状态回归纯基准行；市场状态本身无需改善，但若落入相邻震荡列，价格边界降至约 $9.0。相邻状态下建议范围为 不建议投资—谨慎建议投资；最小减弱条件是一项新的重大生产中断、Q2 持续经营 EBITDA 低于 $220M，或未由保险/分摊覆盖的准备金明显增加。概率层为 NA，原因是经营行与市场列的联合基础率和相关性缺少可辩护证据。,True,True,告自由现金流，随后被高杠杆和 PFAS 索取权放大,True,False,> 当前条件定位： 当前证据最接近 基准 / 正常兑现；复合定位达到门槛，因为 TSS 需求与收入路径处于基准至乐观，而 TT/APM 单位经济、报告自由现金流和杠杆/PFAS 优先索取权至少有两个彼此独立的决定性环节仍落在悲观侧。相对纯基准行，复合价值中点低约 29%，条件建议由“谨慎建议投资”降为“中性 / 等待”。共享市场快照 MS-US-5B-v1.0 锁定 宽基风险扩张为主状态、震荡 / 均值回归为唯一相邻状态。复合定位 × 主状态的条件建议为 中性 / 等待，稀释后股权价值 $1.08B—$4.10B、每股价值 $6.84—$26.80、15 个月总回报 -61%—+47%；经营与市场状态证据强度分别为中、中高，估值置信度为低。当前最弱传导环节为 利润 → 报告自由现金流，随后被高杠杆和 PFAS 索取权放大；距离第一个正面区域还需要价格降至约 $13.5—$14.0，或用两季正常现金转换、APM/TT 利润修复及净杠杆低于 3.8x 使复合状态回归纯基准行；市场状态本身无需改善，但若落入相邻震荡列，价格边界降至约 $9.0。相邻状态下建议范围为 不建议投资—谨慎建议投资；最小减弱条件是一项新的重大生产中断、Q2 持续经营 EBITDA 低于 $220M，或未由保险/分摊覆盖的准备金明显增加。概率层为 NA，原因是经营行与市场列的联合基础率和相关性缺少可辩护证据。
CDNS,D:\drive\Investment\分析报告\公司情景投资决策\结果\备份\CDNS_2026-07-18T18_26_07-07_00-5b32620c09\CDNS_经营情景市场状态投资决策_2026-07-15.md,42,宽基风险扩张,Other-or-unclear,共享市场快照因项目内没有同身份正式快照而降级为 边界 / 未锁定，并列“宽基风险扩张”和“窄幅 / 主题主导上涨”。,True,False,投资与自由现金流 → 股东可得价值,True,False,> 当前条件定位： 当前证据最接近 基准 / 正常兑现；复合定位不需要，因为“需求与公司捕获偏强、现金转换仍需证明”的敏感性组合相对纯基准行仅使价值中点提高约 4.9%～5.3%，建议不变，未达到 10% 或一级建议差异门槛。共享市场快照因项目内没有同身份正式快照而降级为 边界 / 未锁定，并列“宽基风险扩张”和“窄幅 / 主题主导上涨”。对应条件格子分别为：宽基列 不建议投资｜$255～$410/股｜-31%～+10%｜估值置信度中；主题列 不建议投资｜$265～$450/股｜-29%～+21%｜估值置信度低。经营状态证据强度为高，市场状态证据强度为中。当前最弱传导环节是 利润 → 再投资与自由现金流 → 股东可得价值：基准 NTM 报告 FCF 收益率仅 1.65%～1.84%，且报告 FCF包含股份支付加回，现金回购、并购整合和偿债会继续消耗股东可得现金。距离第一个正面区域，若经营与市场不变，最高买入价约为宽基 $280（较现价低 24.6%）或主题 $300（低 19.2%）；若价格不变，则至少要进入乐观行，证明收入、付费 Agentic / IP / HAV 捕获与现金转换的三项里程碑。市场列无需先切换。相邻经营行下建议可由“不建议投资”升至“建议投资”；仅在两条候选市场列之间切换，方向不变。概率层为 NA，因为没有可辩护的经营—市场联合概率，且共享市场状态尚未正式锁定。
CEG,D:\drive\Investment\分析报告\公司情景投资决策\结果\CEG_经营情景市场状态投资决策_2026-07-15.md,3,宽基风险扩张,US-explicit,共享市场快照 美国股票（NYSE/Nasdaq，美元）｜2026-07-15 16:00 ET 收盘；信用与利率 2026-07-14；盈利预期 2026-07-10｜AP、Cboe、NYSE/FactSet、FRED、Yahoo Finance｜分类规则 v1.0-2026-07-15 锁定 宽基风险扩张，唯一相邻状态为 窄幅 / 主题主导上涨。,True,False,清洁电力、Powered Land 容量能否按期变成已送电负荷、实现价差和可分配现金流,True,False,"> 当前条件定位： 当前证据最接近 基准 / 正常兑现；复合定位不需要：把“资本与现金桥偏弱”单独混入基准行后，当前市场列的每股价值中点仅下降约 4.8%，建议不改变，也没有新增基准区间无法表达的融资或永久损失风险。共享市场快照 美国股票（NYSE/Nasdaq，美元）｜2026-07-15 16:00 ET 收盘；信用与利率 2026-07-14；盈利预期 2026-07-10｜AP、Cboe、NYSE/FactSet、FRED、Yahoo Finance｜分类规则 v1.0-2026-07-15 锁定 宽基风险扩张，唯一相邻状态为 窄幅 / 主题主导上涨。对应当前条件格子的建议为 谨慎建议投资，稀释后市值 967亿—1,271亿美元、每股价值 270—355美元、18个月股东总回报 +6%—+39%，经营与市场状态证据强度分别为 高 / 中，估值置信度为 中。当前最弱传导环节为 已签或可签的清洁电力、Powered Land 容量能否按期变成已送电负荷、实现价差和可分配现金流；当前格子已经进入第一个正面区域，按统一 20% 中点要求回报口径，正面建议可承受的最高价格约为 262.6美元，相对当前价只剩 4.5美元 / 1.7% 余量；经营证据距离为 0，市场状态无需改变。相邻“主题上涨”状态下建议增强为 建议投资；最小减弱条件是共享市场状态转为震荡而经营仍停留在基准，或 Q2—Q4 出现 Powered Land 延期、核电可用率下降、资产出售延后且净债务未按计划下降。概率层为 NA：没有足够证据为四种经营情景与五种市场状态建立可辩护的联合概率。"
CIEN,D:\drive\Investment\分析报告\公司情景投资决策\结果\CIEN_经营情景市场状态投资决策_2026-07-15.md,37,宽基风险扩张,US-explicit,共享市场快照 MS-US-5B-v1.0-20260715 锁定“宽基风险扩张”为主状态、“震荡 / 均值回归”为唯一相邻状态。,True,False,acklog 与已承诺投入能否转成合格交付、客户验收和可回收现金”,True,True,> 当前条件定位： 当前证据最接近“基准 / 正常兑现”纯经营行；复合定位不需要。订单和需求位于基准高端、供应与现金转换位于基准低端，但复合估值相对纯基准中点仅高约 7.4%，建议不变，也没有新增纯行无法表达的融资或永久损失风险。共享市场快照 MS-US-5B-v1.0-20260715 锁定“宽基风险扩张”为主状态、“震荡 / 均值回归”为唯一相邻状态。对应当前纯格子的条件建议为“强烈不建议投资”，稀释后市值 $19.3～55.7 十亿、每股价值 $130～382、目标期总回报 -69%～-9%；经营与市场状态证据强度均为“中”，估值置信度为“低”。当前最弱传导环节是“高可取消 backlog 与已承诺投入能否转成合格交付、客户验收和可回收现金”；距离第一个正面区域，在经营与市场假设不变时需要买入价约不高于 $213，即较现价低约 49%，或需要三项突破里程碑共同成立；不需要市场状态先切换，但有序风险收缩会消除现有突破格的正面不对称。相邻市场状态下同一基准行仍为“强烈不建议投资”，价值 $105～324、回报 -75%～-22%。最小减弱条件是 FY2027 收入路径降至 $6.8 十亿以下、调整后毛利率低于 44%，或订单转化导致 $0.3 十亿以上非暂时现金消耗。概率层为 NA，因为没有可辩护的经营情景与市场状态联合概率及相关性。
CLS,D:\drive\Investment\分析报告\公司情景投资决策\结果\CLS_经营情景市场状态投资决策_2026-07-15.md,32,宽基风险扩张,US-explicit,共享市场快照 美国主要定价市场｜2026-07-15｜US-MKT-20260715-v1.0 锁定 宽基风险扩张 为主状态、窄幅 / 主题主导上涨 为唯一相邻状态。主状态,True,False,投资与自由现金流,True,False,> 当前条件定位：当前证据最接近 基准 / 正常兑现；复合定位 不需要，因为现金转换偏弱虽是决定性瓶颈，但复合估值相对纯基准中点只下降约 6.2%，建议仍为中性，未达到 10% 或建议变一级的门槛。共享市场快照 美国主要定价市场｜2026-07-15｜US-MKT-20260715-v1.0 锁定 宽基风险扩张 为主状态、窄幅 / 主题主导上涨 为唯一相邻状态。主状态对应格子为 中性 / 等待｜稀释后市值 $24.9B–$49.9B｜每股 $215–$430｜总回报 -36%～+28%｜估值置信度中；相邻主题列仍为 中性 / 等待｜$28.4B–$56.3B｜每股 $245–$485｜-27%～+45%｜中，因为仅区间高端达到研究要求回报、现金流 DCF 与利润倍数分歧过大，尚不构成正面不对称。经营状态证据强度为 中，市场状态证据强度为 高。当前最弱传导环节是 利润 → 再投资与自由现金流：利润增长已出现，但 $1.0B 2026 CapEx、应收与库存扩张、供应商融资和 2027 拟议 $1.2B–$1.5B CapEx 使普通股价值的现金下限明显低于利润倍数上限。按经营假设不变、以区间中点达到 15% 回报作为首次进入谨慎正面区域的统一价格边界，主状态最高买入价约 $280，即需较当前低 $54 / 16.2%；相邻主题列边界约 $317，仍需低 $17 / 5.2%。在当前价格和主状态下，经营证据还需 1.6T 按期 HVM、2027Q1 前完整机架 HVM以及 FCF / 营运资本改善三者中至少前两项，才可迁移至乐观行并进入第一个正面格子。两种共享市场状态下当前纯行建议均为 中性 / 等待；最小减弱条件是市场切回震荡列，或 Q2 / H2 指引显示 8% 利润率与 $5.3B 季度收入节奏不能同时成立。概率层为 NA，原因是无法为经营行与市场列的联合概率提供可辩护基础率。
CMI,D:\drive\Investment\分析报告\公司情景投资决策\结果\备份\CMI_2026-08-19T12_34_35-07_00-5d8acd9503\CMI_经营情景市场状态投资决策_2026-07-15.md,55,宽基风险扩张,US-explicit,共享市场快照 CM-US-20260715-v1.0 锁定 宽基风险扩张为主状态、窄幅/主题主导上涨为唯一相邻状态。主状态,True,False,产能否按期通过关键零件、FAT/SAT、验收和营运资本转成外部收入与自由现金流,True,True,> 当前条件定位： 当前证据最接近 基准 / 正常兑现；复合定位不需要，因为 Power Systems 的需求与利润接近乐观端，但传统 Engine/Components、订单透明度和营运资本仍落在基准或偏弱端，按一套可勾稽复合假设重估后每股价值中点只比纯基准高约 2.5%，低于 10% 门槛，且建议不改变。共享市场快照 CM-US-20260715-v1.0 锁定 宽基风险扩张为主状态、窄幅/主题主导上涨为唯一相邻状态。主状态对应格为 谨慎建议投资｜$600～790/股｜-8%～+21%，稀释后股权市值 $83.4～108.2B；相邻状态对应格为 谨慎建议投资｜$640～840/股｜-2%～+28%，稀释后股权市值 $89.0～115.1B。经营与市场状态证据强度均为中，两格估值置信度均为中。当前最弱传导环节是 已见需求与排产能否按期通过关键零件、FAT/SAT、验收和营运资本转成外部收入与自由现金流。当前格已处于第一个正面区域；在经营和市场假设不变时，维持“谨慎建议投资”所容许的最高买价约 $681，现价低约 $14 / 2.2%；相邻主题列对应上限约 $723，现价低约 $57 / 8.5%。经营证据距离为 0，市场无需切换；若市场退至震荡、或订单兑现/现金转换低于基准，建议最先降至“中性 / 等待”。概率层为 NA，因为没有足以支持经营行与市场列联合概率及相关性的可辩护基础率。
COHR,D:\drive\Investment\分析报告\公司情景投资决策\结果\COHR_经营情景市场状态投资决策_2026-07-15.md,31,宽基风险扩张,US-explicit,共享市场快照 US-MKT-5B-v1.0 锁定 宽基风险扩张，唯一相邻状态为 震荡 / 均值回归。,True,False,运资本能否转成自由现金流及高回报未来产能,True,False,> 当前条件定位： 当前证据最接近 基准 / 正常兑现；虽然需求与公司捕获偏乐观、当期现金转换偏悲观，但复合定位未达到门槛，原因是采用基准区间低端已能保留现金流瓶颈，模拟复合估值中点仅比纯基准低约 4%，没有改变纯格子建议，也没有新增融资或永久损失风险。共享市场快照 US-MKT-5B-v1.0 锁定 宽基风险扩张，唯一相邻状态为 震荡 / 均值回归。纯矩阵当前格为 中性 / 等待｜$219–384/股｜-27%～+28%｜估值置信度低，对应稀释后股权市值 $44.0–76.4bn；经营与市场状态证据强度分别为 中高 / 中高。光通信板块处于“退出 / 资金流出”，按规则将当前条件应用下调一级至 不建议投资，但不改写纯格子。当前最弱传导环节是 成长投入与营运资本能否转成自由现金流及高回报未来产能。保持当前经营、市场和板块条件时，板块修正后第一个正面价格边界约 $243，比当前低 18.8%；若不做板块修正，纯矩阵首次正面边界约 $274。经营证据距离按统一口径为 0，因为基准行在窄幅主题列已有正面格子；但在锁定的宽基列要靠经营转正，仍需进入乐观行。相邻市场状态下纯格为 强烈不建议投资｜$162–318/股｜-46%～+6%；最小减弱条件是共享市场转入该相邻状态，或经营不变而股价升至约 $325 以上，使格子高端也达不到要求回报。概率层 NA，因为没有可辩护的经营—市场联合概率和相关性。
COHU,D:\drive\Investment\分析报告\公司情景投资决策\结果\COHU_经营情景市场状态投资决策_2026-07-15.md,3,宽基风险扩张,US-explicit,共享市场快照 美国上市股票/Nasdaq、USD｜2026-07-15 16:00 ET｜项目日度金融数据、Yahoo Finance、Cboe、FRED、FactSet、NYSE｜MS-5B-v1.0 锁定 宽基风险扩张，唯一相邻状态为 窄幅 / 主题主导上涨。,True,False, 机会从客户资格与订单转化为可交付收入，并继续穿过 Eclipse 等系统的初期单位经济到达自由现金流,True,True,> 当前条件定位： 当前证据最接近 基准 / 正常兑现；复合定位 不需要——把系统毛利率取基准低端后，候选复合估值中点相对纯基准仅下降约 6%，建议不变，未达到 10% 或一级建议差异门槛。共享市场快照 美国上市股票/Nasdaq、USD｜2026-07-15 16:00 ET｜项目日度金融数据、Yahoo Finance、Cboe、FRED、FactSet、NYSE｜MS-5B-v1.0 锁定 宽基风险扩张，唯一相邻状态为 窄幅 / 主题主导上涨。对应当前纯格子为 不建议投资，稀释后股权市值 17.0 亿～24.5 亿美元、每股价值 34～49 美元、目标期总回报 -38%～-11%；经营状态证据强度为 高，市场状态证据强度为 中，估值置信度为 中。当前最弱传导环节是 AI/HPC 机会从客户资格与订单转化为可交付收入，并继续穿过 Eclipse 等系统的初期单位经济到达自由现金流。在经营与市场假设不变时，第一个正面区域的最高买入价约 39 美元，较当前价低约 29%；若价格不变，则需至少看到多客户量产转化、系统毛利率抬升和 HPC 收入上修三项中的两项，使经营证据进入乐观行。当前市场列无需变化；相邻主题列仍为 不建议投资，每股价值 35～52 美元。概率层为 NA，原因是没有可辩护的经营—市场联合概率及相关性基础率。
CRDO,D:\drive\Investment\分析报告\公司情景投资决策\结果\备份\CRDO_2026-08-19T12_34_45-07_00-af0dc1c78c\CRDO_经营情景市场状态投资决策_2026-07-15.md,57,宽基风险扩张,US-explicit,共享市场快照 US-USD-CLOSE-20260715-v1.0 锁定主状态“宽基风险扩张”、唯一相邻状态“震荡/均值回归”。基准 × 宽基风险扩张格子的条件建议为“中性 / 等待”，稀释后市值 335.5～565.5 亿美元、每股价值 164～280 美元、15 个月总回报 -28%～+23%；经营与市场状态证据强度分别为中高和中，估值置信度为低。当前最弱传导环节是 FY2027 下半年多个新品从客户资格、可交付数量和实现价格，穿过良率与模块成本，最终形成 FCF；需求强并不等于普通股价值已经兑现。经营和市场不变时，第一个正面价格边界约为 188 美元，较当前价低约 17%；同行已有一个正面格子，因此标准化经营证据距离为 0，但该格子要求市场转为窄幅/主题主导上涨。若市场不变，则需进入乐观经营行。相邻震荡状态下为“不建议投资”，每股 136～230 美元、回报 -40%～+2%。最小减弱条件是宽度转弱且实际利率继续上行，或公司把 FY2027 下半年收入桥下调至基准低端以下。概率层为 NA，原因是缺少可辩护的经营—市场联合概率。,True,False, 下半年多个新品从客户资格、可交付数量和实现价格，穿过良率与模块成本，最终形成 FCF,True,True,> 当前条件定位： 当前证据最接近“基准 / 正常兑现”；复合定位不需要，候选复合估值中点仅比纯基准高约 5%，未达到约 10% 或建议变动一级的门槛。共享市场快照 US-USD-CLOSE-20260715-v1.0 锁定主状态“宽基风险扩张”、唯一相邻状态“震荡/均值回归”。基准 × 宽基风险扩张格子的条件建议为“中性 / 等待”，稀释后市值 335.5～565.5 亿美元、每股价值 164～280 美元、15 个月总回报 -28%～+23%；经营与市场状态证据强度分别为中高和中，估值置信度为低。当前最弱传导环节是 FY2027 下半年多个新品从客户资格、可交付数量和实现价格，穿过良率与模块成本，最终形成 FCF；需求强并不等于普通股价值已经兑现。经营和市场不变时，第一个正面价格边界约为 188 美元，较当前价低约 17%；同行已有一个正面格子，因此标准化经营证据距离为 0，但该格子要求市场转为窄幅/主题主导上涨。若市场不变，则需进入乐观经营行。相邻震荡状态下为“不建议投资”，每股 136～230 美元、回报 -40%～+2%。最小减弱条件是宽度转弱且实际利率继续上行，或公司把 FY2027 下半年收入桥下调至基准低端以下。概率层为 NA，原因是缺少可辩护的经营—市场联合概率。
CRWD,D:\drive\Investment\分析报告\公司情景投资决策\结果\CRWD_经营情景市场状态投资决策_2026-07-15.md,35,宽基风险扩张,Other-or-unclear,共享市场快照锁定宽基风险扩张，相邻状态为震荡/均值回归。,True,False,消费能否在迁移、数据成本和折扣之后形成足够的长期每股自由现金流,True,False,> 当前条件定位：当前证据最接近基准/正常兑现；复合定位不需要，因为订单/ARR 的偏强证据与 GAAP 利润/SBC 的偏弱证据，仍可由基准行的收入、利润和稀释区间完整保留，试算复合定位未使价值中点变化达到约 10%，也未改变建议级别。共享市场快照锁定宽基风险扩张，相邻状态为震荡/均值回归。对应当前纯格子为强烈不建议投资｜每股 $76–$193｜总回报 -63%～-7%｜估值置信度中；相邻市场格子为强烈不建议投资｜每股 $63–$169｜总回报 -70%～-18%｜估值置信度中。经营状态证据强度为高，市场状态证据强度为中。当前最弱传导环节是已签/承诺平台消费能否在迁移、数据成本和折扣之后形成足够的长期每股自由现金流。在经营和市场假设不变时，宽基扩张列首次进入正面区域的最高买入价约为 $121，较当前价低 41.5%；相邻震荡列约为 $101，低 51.2%。不靠降价时，最近的正面经营行均为突破；正面区域在五种市场状态中最远延伸至突破 × 震荡，而当前宽基主状态对应的是突破 × 宽基扩张。两者都要求 SIEM、Cloud、Identity/AIDR 同时规模化，并让 FCF 与稀释共同改善。概率层为 NA，因为没有可辩护的经营—市场联合概率。
CRWV,D:\drive\Investment\分析报告\公司情景投资决策\结果\备份\CRWV_2026-08-19T12_34_52-07_00-a389852cc8\CRWV_经营情景市场状态投资决策_2026-07-15.md,38,宽基风险扩张,US-explicit,共享市场快照 US_PRIMARY_NASDAQ_USD｜2026-07-15 16:30 ET｜Yahoo/Cboe/FRED/FactSet｜MS-US-v1.0 锁定主状态 宽基风险扩张、相邻状态 窄幅/主题主导上涨。主状态,True,False,入 → 未来经营能力与股东可得价值,False,False,> 当前条件定位：当前证据最接近 基准 / 正常兑现；复合定位 不需要。高强度订单与交付证据、当前较低营业利润和高资本需求之间确有张力，但压力资本桥相对纯基准行只降低当前两列价值中点约 8%–9%，未达到约 10% 门槛，也未改变建议级别。共享市场快照 US_PRIMARY_NASDAQ_USD｜2026-07-15 16:30 ET｜Yahoo/Cboe/FRED/FactSet｜MS-US-v1.0 锁定主状态 宽基风险扩张、相邻状态 窄幅/主题主导上涨。主状态对应格子为 谨慎建议投资，稀释后市值 $31–89B、每股价值 $49–144、目标期总回报 -36%～+87%；相邻主题列为 建议投资，稀释后市值 $42–106B、每股价值 $67–172、总回报 -13%～+123%。经营状态证据强度 中高、市场状态证据强度 中，两格估值置信度均为 中。当前最弱传导环节是 已承诺成长投入 → 未来经营能力与股东可得价值：需求和 RPO 已经足够，但 NTM 全情景仍深度负 FCF，融资、租赁、经济折旧和稀释可能截留营业增长。当前格子已进入第一个正面区域；维持正面建议的最高价格约为主状态 $77.4（仅比当前高约 0.4%）、相邻主题状态 $95.5（高约 23.8%）；经营证据距离记为 0，但市场依赖很高，切换至震荡列即失去正面建议。最小减弱条件是 Q2/H2 调整后营业利润率未向 7%–9% 年度指引恢复、active MW 比计划少约 200MW，或市场转为震荡。概率层 NA：没有可辩护的经营—市场联合概率，不强行生成期望回报。
CSCO,D:\drive\Investment\分析报告\公司情景投资决策\结果\CSCO_经营情景市场状态投资决策_2026-07-15.md,42,宽基风险扩张,US-explicit,共享市场快照 US-USD｜2026-07-15-CLOSE｜YF-FRED-CBOE-FACTSET｜5B-v1.0 锁定宽基风险扩张为主状态、窄幅/主题主导上涨为唯一相邻状态。基准 × 宽基风险扩张的条件建议为不建议投资，主估值稀释后市值 $308B—$444B、每股 $77—$114、目标期总回报 -29%—+3%；五年 DCF 边界为 $55—$98/股。经营与市场状态证据强度均为中，估值置信度为中。当前最弱传导环节是AI 订单和供给准备能否转成经客户验收、守住产品毛利并形成 FCF 的收入。距离第一个正面区域还需要：在经营和市场不变时，主状态最高买入价约 $87（较当前低 22%）；或经营证据上移到乐观行；市场状态无需改变，但基准行在任何市场列都没有正面格子。相邻主题状态下仍为不建议投资，回报 -26%—+10%。最小减弱条件是 FY2026 AI 收入/订单目标落空且产品毛利持续低于约 62%；概率层为 NA。,True,False,给准备能否转成经客户验收、守住产品毛利并形成 FCF 的收入,False,True,> 当前条件定位： 当前证据最接近 基准 / 正常兑现纯经营行；复合定位不需要，因为产品毛利和营运资本偏弱虽落向悲观端，但采用复合假设只使当前主状态价值中点下降约 7.7%，建议仍为“不建议投资”，未达到 10%中点差或一级建议差门槛。共享市场快照 US-USD｜2026-07-15-CLOSE｜YF-FRED-CBOE-FACTSET｜5B-v1.0 锁定宽基风险扩张为主状态、窄幅/主题主导上涨为唯一相邻状态。基准 × 宽基风险扩张的条件建议为不建议投资，主估值稀释后市值 $308B—$444B、每股 $77—$114、目标期总回报 -29%—+3%；五年 DCF 边界为 $55—$98/股。经营与市场状态证据强度均为中，估值置信度为中。当前最弱传导环节是AI 订单和供给准备能否转成经客户验收、守住产品毛利并形成 FCF 的收入。距离第一个正面区域还需要：在经营和市场不变时，主状态最高买入价约 $87（较当前低 22%）；或经营证据上移到乐观行；市场状态无需改变，但基准行在任何市场列都没有正面格子。相邻主题状态下仍为不建议投资，回报 -26%—+10%。最小减弱条件是 FY2026 AI 收入/订单目标落空且产品毛利持续低于约 62%；概率层为 NA。
DCI,D:\drive\Investment\分析报告\公司情景投资决策\结果\DCI_经营情景市场状态投资决策_2026-07-15.md,34,宽基风险扩张,US-explicit,共享市场快照“美国上市普通股/美元｜2026-07-15 16:15 ET｜US5B-v1.0”锁定“宽基风险扩张”，唯一相邻状态为“震荡 / 均值回归”。,True,False,Generation 已有需求与订单 → 合格交付及墨西哥产能爬坡 → 单位经济与现金”，它限制基准低端和去杠杆速度,True,True,> 当前条件定位： 当前证据最接近“基准 / 正常兑现”；复合定位不需要，因为需求与公司捕获、收入与利润、再投资与现金、资本结构与稀释虽处于基准行的不同端点，但没有两个相互独立且对每股价值具有决定性的环节落入不同经营行，基准区间已能保留 Power Generation 爬坡拖累和 Facet 杠杆。共享市场快照“美国上市普通股/美元｜2026-07-15 16:15 ET｜US5B-v1.0”锁定“宽基风险扩张”，唯一相邻状态为“震荡 / 均值回归”。对应当前条件格子的建议为谨慎建议投资，稀释后市值 101.6–130.4 亿、每股价值 85.1–110.5、目标期含息总回报 -3.3%～+25.2%；经营状态证据强度为中，市场状态证据强度为中，估值置信度为中。当前最弱传导环节是“Power Generation 已有需求与订单 → 合格交付及墨西哥产能爬坡 → 单位经济与现金”，它限制基准低端和去杠杆速度。当前格子已经是第一个正面区域，正面建议可承受的最高价格约 90.1，较现价仅余 0.8 或 0.9%；经营证据距离为 0，市场无需切换，但正面区域只存在于基准行的宽基扩张列。相邻“震荡 / 均值回归”下，基准格变为不建议投资，每股 75.4–96.3、回报 -14.1%～+9.3%。最小减弱条件是市场风险溢价回到震荡列，或 Power Generation 的约 80bp 毛利拖累在 FY2027 上半年仍未收窄且净杠杆不降。概率层为 NA，因为缺少可辩护的经营行与市场列联合转移概率。
DD,D:\drive\Investment\分析报告\公司情景投资决策\结果\DD_经营情景市场状态投资决策_2026-07-15.md,32,宽基风险扩张,US-explicit,共享市场快照“美国股票 / 美元｜2026-07-15 13:33 PDT｜MS-v1.0”锁定 宽基风险扩张 为主状态、震荡 / 均值回归 为唯一相邻状态。主状态下,True,False,付及实现价格能否穿过约 90m 美元输入成本与分拆遗留成本，形成可持续利润和现金流,True,False,> 当前条件定位： 当前证据最接近 基准 / 正常兑现；复合定位不需要。Healthcare 的增长证据接近乐观端、Building 接近悲观端，但模拟复合路径相对纯基准的每股价值中点只提高约 1.9%，建议不变，未达到约 10% 或一级建议差异门槛。共享市场快照“美国股票 / 美元｜2026-07-15 13:33 PDT｜MS-v1.0”锁定 宽基风险扩张 为主状态、震荡 / 均值回归 为唯一相邻状态。主状态下对应条件格子为 谨慎建议投资，稀释后市值 18.65–24.05bn 美元、每股价值 137.1–180.8 美元、15 个月总回报 +3.9%～+36.3%；相邻状态下为 中性 / 等待，每股价值 116.2–153.9 美元、总回报 -11.6%～+16.3%。经营与市场状态证据强度均为中，当前格子估值置信度为中。当前最弱传导环节是 公司捕获、交付及实现价格能否穿过约 90m 美元输入成本与分拆遗留成本，形成可持续利润和现金流。主状态下正面建议可承受的最高买价约 141 美元，现价余量约 6.0 美元或 4.4%；相邻状态下达到同一要求回报的价格约 120 美元，需较现价低约 11.0%。主状态经营证据距离为 0；相邻状态要转正，需 Healthcare 高个位数增长延续、Water H2 项目确认、价格完全覆盖成本中的至少两项。概率层为 NA，因为没有可辩护的经营—市场联合概率和相关性基础率。
DELL,D:\drive\Investment\分析报告\公司情景投资决策\结果\DELL_经营情景市场状态投资决策_2026-07-15.md,36,宽基风险扩张,US-explicit,共享市场快照 US_EQ_2026-07-15_CLOSE_v1 锁定 宽基风险扩张 为主状态、窄幅/主题主导上涨为唯一相邻状态，市场状态证据强度为中。,True,False,位经济与利润 → 报告口径自由现金流,True,False,> 当前条件定位： 当前证据最接近 基准 / 正常兑现，经营状态证据强度为高；复合定位不需要，因为需求偏强与利润/现金仍待验证的冲突可由基准区间完整表达，复合测试只使价值中点提高约 5%，未达到 10% 或建议变级门槛。共享市场快照 US_EQ_2026-07-15_CLOSE_v1 锁定 宽基风险扩张 为主状态、窄幅/主题主导上涨为唯一相邻状态，市场状态证据强度为中。当前主格子 基准 × 宽基风险扩张 为 中性 / 等待｜$192–345bn｜$295–543/股｜-28%～+32%｜估值置信度中；相邻格子 基准 × 主题上涨 为 谨慎建议投资｜$216–391bn｜$332–616/股｜-19%～+50%｜估值置信度中。当前最弱传导环节是 收入 → 单位经济与利润 → 报告口径自由现金流：AI 需求和订单已强，但 GPU 高占比、Dell 自有附加值、存储/网络/服务 attach 以及营运资本释放尚未把高收入同比例变成每股现金价值。主状态下，仅靠价格转正的最高买入价约 $367，较当前低约 $46 / 11%；若价格不变，需要利润和现金证据把经营行上移至乐观。相邻主题状态下当前价刚进入谨慎正面区域，但只比模型边界约 $415 低 0.5%，缓冲极薄。概率层为 NA，因为没有可辩护的经营—市场联合概率。
DHR,D:\drive\Investment\分析报告\公司情景投资决策\结果\DHR_经营情景市场状态投资决策_2026-07-15.md,38,宽基风险扩张,US-explicit,共享市场快照 MS-US-5B-v1.0 锁定“宽基风险扩张”为主状态、“窄幅 / 主题主导上涨”为唯一相邻状态。当前纯格子的条件建议为“中性 / 等待”，稀释后股权市值 $116B—$171B、每股价值 $161—$240、目标期总回报 -19%—+20%；经营与市场状态证据强度均为“中”，估值置信度为“中”。相邻市场列的建议为“不建议投资”，每股价值 $144—$220、回报 -27%—+10%。当前最弱传导环节是“生物工艺设备订单与客户项目 → 合格交付、验收和收入确认”：订单已明显改善，却尚不能证明目标期设备收入、利润和自由现金流。原始基准 × 宽基格子仅靠价格转正的边界约为 $177；计入医疗保健板块退出修正后，建议采用约 $170 的买入边界，较当前价低约 15%。经营证据方面，最近的正面格子需设备订单转收入、Masimo 盈利转现金及诊断价格拖累收窄三项里程碑中的至少前两项；市场状态无需进一步改善。相邻状态下建议范围为“不建议投资”至“中性 / 等待”；最小减弱条件是全市场参与重新集中而 DHR 经营路径不变。概率层为 NA，因为交易后首份合并财报、经营情景基础率和市场状态联合转移均无可辩护概率。,True,False,订单与客户项目 → 合格交付、验收和收入确认”,False,True,> 当前条件定位： 当前证据最接近“基准 / 正常兑现”；复合定位不需要。生物工艺设备订单同比增长超过 30% 指向乐观行，但设备收入尚未转正、诊断业务价格拖累和 Masimo 交割后杠杆分别指向基准或悲观端。把这些冲突纳入一套假设后，假想复合估值中点只比纯基准低约 3.7%，建议没有改变，也未新增纯行无法表达的永久损失风险，低于约 10% 的门槛。共享市场快照 MS-US-5B-v1.0 锁定“宽基风险扩张”为主状态、“窄幅 / 主题主导上涨”为唯一相邻状态。当前纯格子的条件建议为“中性 / 等待”，稀释后股权市值 $116B—$171B、每股价值 $161—$240、目标期总回报 -19%—+20%；经营与市场状态证据强度均为“中”，估值置信度为“中”。相邻市场列的建议为“不建议投资”，每股价值 $144—$220、回报 -27%—+10%。当前最弱传导环节是“生物工艺设备订单与客户项目 → 合格交付、验收和收入确认”：订单已明显改善，却尚不能证明目标期设备收入、利润和自由现金流。原始基准 × 宽基格子仅靠价格转正的边界约为 $177；计入医疗保健板块退出修正后，建议采用约 $170 的买入边界，较当前价低约 15%。经营证据方面，最近的正面格子需设备订单转收入、Masimo 盈利转现金及诊断价格拖累收窄三项里程碑中的至少前两项；市场状态无需进一步改善。相邻状态下建议范围为“不建议投资”至“中性 / 等待”；最小减弱条件是全市场参与重新集中而 DHR 经营路径不变。概率层为 NA，因为交易后首份合并财报、经营情景基础率和市场状态联合转移均无可辩护概率。
DIOD,D:\drive\Investment\分析报告\公司情景投资决策\结果\DIOD_经营情景市场状态投资决策_2026-07-15.md,36,宽基风险扩张,US-explicit,共享市场快照 US-USD-20260715-EOD-MS5-v1 锁定 宽基风险扩张为主状态、震荡 / 均值回归为唯一相邻状态。,True,False,、客户资格与正确后段能力 → 可确认的高毛利收入”,False,True,> 当前条件定位： 当前证据最接近 基准 / 正常兑现；复合定位 不需要。收入端偏强与利润/现金端处基准低端的冲突，以及 ElevATE 交易的资本回报不透明，已经在基准区间与资本桥中共同处理，测试性低端组合使价值中点变化约 7%，没有改变建议级别；全现金基础对价可由现有流动性覆盖，尚未形成非线性融资或股权稀释风险。共享市场快照 US-USD-20260715-EOD-MS5-v1 锁定 宽基风险扩张为主状态、震荡 / 均值回归为唯一相邻状态。对应当前纯格子的条件建议为 中性 / 等待，稀释后市值 $3.33bn—$6.28bn、每股价值 $71—$136、目标期总回报 -27%—+40%；经营与市场状态证据强度分别为 中高 / 中高，估值置信度为 中。当前最弱传导环节仍是 “公司份额、客户资格与正确后段能力 → 可确认的高毛利收入”；ElevATE 又把下一道约束明确为 “已付收购资本 → 可持续 FCF 与增量 ROIC”。距离第一个正面区域还需要价格降至约 $87.7（较当前 -9.5%），或经营证据升级至乐观行的两项以上里程碑；市场状态无需先变化。相邻震荡状态下建议降为 不建议投资。最小减弱条件是共享市场快照转入震荡而经营仍停在基准，Q2 收入低于 $421.95m 且 GM 低于 31.8%，或 ElevATE 交割后资本回报明显低于成本。概率层 NA：没有可辩护的经营 × 市场联合概率，不能强行生成期望回报。
DKILY,D:\drive\Investment\分析报告\公司情景投资决策\结果\DKILY_经营情景市场状态投资决策_2026-07-15.md,37,宽基风险扩张,Other-or-unclear,共享市场快照 日本股票（TSE/JPY）｜2026-07-15 16:45 JST｜JPX、Nikkei、BOJ 与注明日期的公开数据｜MS-JP-5B-v1.0 锁定 宽基风险扩张为主状态、震荡 / 均值回归为唯一相邻状态。主状态,True,False,否通过大金特定客户资格、可取消订单、交付和收入确认转化为可披露 backlog 与利润,True,True,> 当前条件定位： 当前证据最接近 基准 / 正常兑现；复合定位不需要，因为设施侧数据中心冷却的偏强需求与 DDC/Chilldyne 资格、现金转换的偏弱环节尚未使纯基准估值中点改变 10%，也未改变建议一级。共享市场快照 日本股票（TSE/JPY）｜2026-07-15 16:45 JST｜JPX、Nikkei、BOJ 与注明日期的公开数据｜MS-JP-5B-v1.0 锁定 宽基风险扩张为主状态、震荡 / 均值回归为唯一相邻状态。主状态对应格子为 中性 / 等待，稀释后市值 ¥5.66–8.12T、每 ADR $12.48–17.99、15 个月总回报 -17%～+20%；相邻状态对应格子为 不建议投资，稀释后市值 ¥4.39–7.15T、每 ADR $9.70–15.83、回报 -35%～+5%。经营与市场状态证据强度均为中；主状态估值置信度为中、相邻状态为低。当前最弱传导环节是 强行业需求能否通过大金特定客户资格、可取消订单、交付和收入确认转化为可披露 backlog 与利润；现金转换是第二约束。仅靠价格，主状态首次进入正面区域的最高买入价约 $13.70（较现价低 10.1%），相邻状态约 $11.50（低 24.5%）；经营上需证明设施侧 DC 年化收入超过 ¥138B、化学品利润率超过 14%并保持，或 DDC/Chilldyne 获得具名平台资格与规模订单中的至少两项。市场状态无需先切换；若宽度不能延续、VI 维持高位而快照转锁震荡，建议即减弱一级以上。最小经营减弱条件是传统 HVAC 量价低于指引且 NTM FCF 下穿 ¥80B。概率层为 NA，因为没有可辩护的经营 × 市场联合概率。
DLR,D:\drive\Investment\分析报告\公司情景投资决策\结果\DLR_经营情景市场状态投资决策_2026-07-15.md,47,窄幅主题主导上涨,US-explicit,共享市场快照 美国主要上市股票｜2026-07-15 日终｜US-MKT-5BLOCK-v2026.07.15 锁定 窄幅 / 主题主导上涨，唯一相邻状态为 宽基风险扩张。,True,False,入与强订单能否按时形成起租、现金回报并在新增股本后转化为每股 FFO,True,True,> 当前条件定位： 当前证据最接近 基准 / 正常兑现；复合定位 不需要，因为强 bookings 与 6 月资本交易的不确定性虽分别落在乐观端和基准低端，但纯基准区间已经能透明保留起租、杠杆和稀释风险，假设复合后的价值中点只下降约 4%，且不满足“不能由纯行合理端点表达”的必要条件。共享市场快照 美国主要上市股票｜2026-07-15 日终｜US-MKT-5BLOCK-v2026.07.15 锁定 窄幅 / 主题主导上涨，唯一相邻状态为 宽基风险扩张。对应当前条件格子的建议为 谨慎建议投资，稀释后市值 $63.5–79.4B、每股价值 $167–204、目标期总回报 -2%～+19%，经营与市场状态证据强度分别为 中高 / 中，估值置信度为 中。当前最弱传导环节为 已承诺成长投入与强订单能否按时形成起租、现金回报并在新增股本后转化为每股 FFO；当前格子已经属于第一个正面区域，但只可承受约 $177 的最高买入价，较现价余量约 $0.9 / 0.5%。经营证据距离为 0；若要增强为“建议投资”，需要价格降至约 $171、或共享市场转为宽基风险扩张、或至少两项关键经营里程碑把公司推入乐观行。相邻状态与相邻经营行的建议范围为 不建议投资至建议投资；最小减弱条件是起租兑现持续低于计划、交易后净杠杆明显高于 5.5x 或当前价在无 FFO 上修时升破约 $177。概率层 NA，因为经营与市场状态的联合概率及相关性没有可辩护基础率。
DOV,D:\drive\Investment\分析报告\公司情景投资决策\结果\DOV_经营情景市场状态投资决策_2026-07-15.md,55,宽基风险扩张,US-explicit,共享市场快照 美国股票｜2026-07-15｜US-MKT-5B-v1.0 锁定主状态 宽基风险扩张、相邻状态 窄幅/主题主导上涨。当前纯格子为 中性 / 等待｜$188—$239 / 股｜-10%—+14%｜估值置信度中；稀释后股权价值 $25.6B—$32.0B。经营与市场状态证据强度均为中。当前最弱传导环节是 公司订单、份额与实现价格能否转成可确认收入，并以高毛利产品组合留下来：Dover 不披露完整 backlog、产品级 PO 或取消率，且 Q1 毛利率在收入高增时下降 110bp。距离第一个正面区域，若经营和市场不变，最高买入价约 $188，较当前低约 11.4%；若价格不变，则需要上移至乐观行的三项可观察经营里程碑，而无需市场列切换。相邻市场列仍为 中性 / 等待｜$181—$231 / 股｜-14%—+10%。概率层为 NA，因为没有可辩护的经营—市场联合概率。,True,False,额与实现价格能否转成可确认收入，并以高毛利产品组合留下来,False,False,> 当前条件定位：当前证据最接近 基准 / 正常兑现；复合定位 不需要，因为订单偏强与近端毛利/现金转换偏弱仍可由基准区间高低端表达，假设复合后的价值中点只比纯基准高约 2.6%，建议不变，未达到约 10% 或一级建议差异门槛。共享市场快照 美国股票｜2026-07-15｜US-MKT-5B-v1.0 锁定主状态 宽基风险扩张、相邻状态 窄幅/主题主导上涨。当前纯格子为 中性 / 等待｜$188—$239 / 股｜-10%—+14%｜估值置信度中；稀释后股权价值 $25.6B—$32.0B。经营与市场状态证据强度均为中。当前最弱传导环节是 公司订单、份额与实现价格能否转成可确认收入，并以高毛利产品组合留下来：Dover 不披露完整 backlog、产品级 PO 或取消率，且 Q1 毛利率在收入高增时下降 110bp。距离第一个正面区域，若经营和市场不变，最高买入价约 $188，较当前低约 11.4%；若价格不变，则需要上移至乐观行的三项可观察经营里程碑，而无需市场列切换。相邻市场列仍为 中性 / 等待｜$181—$231 / 股｜-14%—+10%。概率层为 NA，因为没有可辩护的经营—市场联合概率。
DSCSY,D:\drive\Investment\分析报告\公司情景投资决策\结果\DSCSY_经营情景市场状态投资决策_2026-07-15.md,37,震荡均值回归,Other-or-unclear,共享市场快照 日本股票（TSE Prime / TOPIX）｜2026-07-15 东京收盘｜…｜MS-JP-v1.0 锁定 震荡 / 均值回归为主状态、宽基风险扩张为唯一相邻状态。主状态,True,False,货能否持续转成客户验收收入，并在 1—3 季后形成耗材与自由现金流,True,True,> 当前条件定位： 当前证据最接近 基准 / 正常兑现；复合定位不需要，因为偏乐观的 AI/HBM 需求与强出货仍需经过短订单、客户安装验收和耗材接棒，冲突主要集中在同一条“捕获—确认”链，诊断性复合估值中点相对纯基准仅提高约 6%，没有达到约 10%的价值门槛，也未改变条件建议。共享市场快照 日本股票（TSE Prime / TOPIX）｜2026-07-15 东京收盘｜…｜MS-JP-v1.0 锁定 震荡 / 均值回归为主状态、宽基风险扩张为唯一相邻状态。主状态对应的纯格子为 强烈不建议投资｜目标期 ADR 价值 $17.5—$43.6｜总回报 -59%—+1%｜估值置信度中；相邻状态为 不建议投资｜$23.3—$49.2｜-46%—+14%｜估值置信度低。经营状态证据强度为中高，市场状态证据强度为中。当前最弱传导环节是 公司可捕获出货能否持续转成客户验收收入，并在 1—3 季后形成耗材与自由现金流。在经营和市场不变时，使用全模型估值区间中点并满足 20%要求回报所对应的首次正面买入边界，主状态约为 $25.8（较现价低约 41%），相邻状态约为 $30.6（低约 30%）。若价格不变，最近的正面区域需要经营证据上移至乐观且市场同时转入宽基或主题上涨；当前震荡状态下则需突破经营。概率层为 NA，因为没有可辩护的经营—市场联合概率和相关结构。
DTE,D:\drive\Investment\分析报告\公司情景投资决策\结果\DTE_经营情景市场状态投资决策_2026-07-15.md,47,宽基风险扩张,US-explicit,共享市场快照 US-MKT-STATE-v1.0-20260715 锁定宽基风险扩张为主状态、窄幅 / 主题主导上涨为唯一相邻状态。当前纯格子的条件建议为谨慎建议投资，目标日稀释后股权市值 $32.1～$38.2bn、每股价值 $148.75～$175.50、含持有期股息的总回报 +4.4%～+22.8%；经营与市场状态证据强度均为中，估值置信度为中。当前最弱传导环节为利润与成长投入 → 报告自由现金流、融资与完全稀释每股价值：近端约 $3bn 级负自由现金流、债务和股数增长会延迟 Oracle/费率基数价值向每股价值兑现。当前格已经属于第一个正面区域，正面建议可承受的最高买入价约 $149.06，较当前价余量 $2.11 / 1.4%；经营证据距离为 0，但相邻主题集中状态下需价格降至约 $141.25，或经营证据上移至乐观行，才重新进入正面区域。相邻市场状态的建议降为中性 / 等待。最小减弱条件是市场宽度重新集中且公用事业继续被抽血，或 Oracle 首次送电推迟超过一个季度，或年度股权融资明显超过 $0.6bn 且 FFO/debt 跌破约 14%。概率层为 NA，因为经营与市场联合概率及其相关性没有可辩护的基础率。,True,False, → 报告自由现金流、融资与完全稀释每股价值,True,False,> 当前条件定位： 当前证据最接近基准 / 正常兑现纯经营行；复合定位不需要，因为负自由现金流、约 $0.5～$0.6bn/年的计划股权融资和债务上升已在基准行的利润—再投资—现金—稀释桥中完整计入，融资敏感性相对纯行价值中点只约 -2.2%，不足以构成独立第五状态。共享市场快照 US-MKT-STATE-v1.0-20260715 锁定宽基风险扩张为主状态、窄幅 / 主题主导上涨为唯一相邻状态。当前纯格子的条件建议为谨慎建议投资，目标日稀释后股权市值 $32.1～$38.2bn、每股价值 $148.75～$175.50、含持有期股息的总回报 +4.4%～+22.8%；经营与市场状态证据强度均为中，估值置信度为中。当前最弱传导环节为利润与成长投入 → 报告自由现金流、融资与完全稀释每股价值：近端约 $3bn 级负自由现金流、债务和股数增长会延迟 Oracle/费率基数价值向每股价值兑现。当前格已经属于第一个正面区域，正面建议可承受的最高买入价约 $149.06，较当前价余量 $2.11 / 1.4%；经营证据距离为 0，但相邻主题集中状态下需价格降至约 $141.25，或经营证据上移至乐观行，才重新进入正面区域。相邻市场状态的建议降为中性 / 等待。最小减弱条件是市场宽度重新集中且公用事业继续被抽血，或 Oracle 首次送电推迟超过一个季度，或年度股权融资明显超过 $0.6bn 且 FFO/debt 跌破约 14%。概率层为 NA，因为经营与市场联合概率及其相关性没有可辩护的基础率。
ECL,D:\drive\Investment\分析报告\公司情景投资决策\结果\ECL_经营情景市场状态投资决策_2026-07-15.md,3,宽基风险扩张,US-explicit,共享市场快照“美国上市大盘股/美元｜2026-07-15 16:00 EDT（利率与信用截至 7/14、NFCI 截至 7/10）｜Yahoo Finance、FRED、FactSet｜MKT-US-v1.0”锁定主状态为 宽基风险扩张、唯一相邻状态为 震荡 / 均值回归。基准 × 宽基风险扩张的条件建议为 谨慎建议投资，稀释后股权市值为 738 亿—923 亿美元、每股价值为 260—325 美元、至 2027-12-31 的含息总回报为 -2%—+22%；经营与市场状态证据强度均为 中高，估值置信度为 中。当前最弱传导环节是“高科技收入 → 单位经济、增量资本回报与自由现金流”：注意单位，CoolIT 收购价不是 4.75 亿美元，而是 47.5 亿美元（4.75 billion），其未来十二个月收入锚仅约 5.5 亿美元，服务附着率、分部利润率和去杠杆速度尚未披露。当前格子已属于正面条件区域，故经营证据距离为 0；在经营和主市场状态不变时，正面建议可承受的最高买入价约为 278 美元，相对当前价仅余 2.9%。若市场转入相邻的震荡状态，基准格变为 中性 / 等待，需要价格降至约 252.6 美元以下才重新进入正面区域。最小减弱条件是市场状态转入震荡而价格不变，或二季度/H2 定价—成本桥、CoolIT 整合和自由现金流同时低于基准。概率层为 NA，原因是缺少可辩护的经营—市场联合概率与相关结构。,True,False,→ 单位经济、增量资本回报与自由现金流”,True,False,> 当前条件定位： 截至 2026-07-15，当前证据最接近 基准 / 正常兑现，复合定位未达到必要门槛：高科技需求证据偏乐观，但 CoolIT 收购回报与去杠杆证据偏悲观；把这两个冲突环节嵌入一套压力复合假设后，每股价值中点仅比纯基准低约 1.7%，建议不变，未达到 10% 或一级建议差异门槛。共享市场快照“美国上市大盘股/美元｜2026-07-15 16:00 EDT（利率与信用截至 7/14、NFCI 截至 7/10）｜Yahoo Finance、FRED、FactSet｜MKT-US-v1.0”锁定主状态为 宽基风险扩张、唯一相邻状态为 震荡 / 均值回归。基准 × 宽基风险扩张的条件建议为 谨慎建议投资，稀释后股权市值为 738 亿—923 亿美元、每股价值为 260—325 美元、至 2027-12-31 的含息总回报为 -2%—+22%；经营与市场状态证据强度均为 中高，估值置信度为 中。当前最弱传导环节是“高科技收入 → 单位经济、增量资本回报与自由现金流”：注意单位，CoolIT 收购价不是 4.75 亿美元，而是 47.5 亿美元（4.75 billion），其未来十二个月收入锚仅约 5.5 亿美元，服务附着率、分部利润率和去杠杆速度尚未披露。当前格子已属于正面条件区域，故经营证据距离为 0；在经营和主市场状态不变时，正面建议可承受的最高买入价约为 278 美元，相对当前价仅余 2.9%。若市场转入相邻的震荡状态，基准格变为 中性 / 等待，需要价格降至约 252.6 美元以下才重新进入正面区域。最小减弱条件是市场状态转入震荡而价格不变，或二季度/H2 定价—成本桥、CoolIT 整合和自由现金流同时低于基准。概率层为 NA，原因是缺少可辩护的经营—市场联合概率与相关结构。
EME,D:\drive\Investment\分析报告\公司情景投资决策\结果\备份\EME_2026-08-19T12_34_41-07_00-adcdceb9eb\EME_经营情景市场状态投资决策_2026-07-15.md,74,宽基风险扩张,US-explicit,共享市场快照未能正式锁定，降级身份 美国上市股票（USD）｜2026-07-15｜MS-5B-v1.0 并列 宽基风险扩张 / 窄幅主题上涨。,True,False,向可持续单位利润和现金的转化,True,False,> 当前条件定位：当前证据最接近 基准 / 正常兑现；复合定位不需要，因为订单端与利润/现金端的冲突只令条件价值中点约变化 3.7%，既低于 10% 门槛，也不改变建议。共享市场快照未能正式锁定，降级身份 美国上市股票（USD）｜2026-07-15｜MS-5B-v1.0 并列 宽基风险扩张 / 窄幅主题上涨。对应两格的条件建议均为 不建议投资：宽基下稀释后市值 $21.3–38.2B、每股 $481–864、总回报 -37%～+13%；主题下稀释后市值 $19.9–39.8B、每股 $450–900、总回报 -41%～+17%。经营与市场状态证据强度分别为 高 / 低，估值置信度为 中 / 低。当前最弱传导环节是 N&C 收入向可持续单位利润和现金的转化：机械收入增长很快，但低费率 pass-through、新市场爬坡、应收占用可能截断每股价值。若经营与市场假设不变，第一个正面价格边界约为 宽基 $565（较现价 -26.6%）/主题 $535（-30.5%）；在当前价格下，最近正面区域需要经营证据进入乐观行，并保持当前两种有利市场列。相邻状态建议由 不建议投资（基准）至 谨慎建议投资（乐观）变化；最小减弱条件为 RPO 同比降至 10% 以下、机械营业率低于 9% 或滚动 CFO/净利润低于 0.6x 中任两项出现。概率层 NA，原因是没有可辩护的经营与市场联合概率。
ENPH,D:\drive\Investment\分析报告\公司情景投资决策\结果\ENPH_经营情景市场状态投资决策_2026-07-15.md,31,震荡均值回归,US-explicit,共享市场快照 US-20260715-CLOSE-v1 锁定 震荡 / 均值回归为主状态、宽基风险扩张为唯一相邻状态。主状态,True,False,资与渠道 sell-through → Enphase 可确认数量和实现价格 → 正常化产品毛利,False,False,> 当前条件定位： 当前证据最接近 基准 / 正常兑现；复合定位 不需要，因为住宅需求弱、Q2 safe-harbor 依赖、PWT 中期可见度、产品毛利修复和净现金并非互相冲突的两条经营行，而正是本报告基准行的共同定义。共享市场快照 US-20260715-CLOSE-v1 锁定 震荡 / 均值回归为主状态、宽基风险扩张为唯一相邻状态。主状态对应纯格子的建议为 强烈不建议投资，稀释后股权市值 27.3–56.8 亿美元、每股价值 19.5–41.8 美元、15 个月总回报 -56%～-5%；相邻宽基格子为 不建议投资，每股 24.4–51.7 美元、回报 -45%～+17%。经营与市场状态证据强度均为 中，两个格子的估值置信度均为 中。当前最弱传导环节是 终端需求/融资与渠道 sell-through → Enphase 可确认数量和实现价格 → 正常化产品毛利：产能充足，但基础需求、价格和利用率尚未证明能把收入转成高质量现金。若经营与市场假设不变，主状态下价格约需降至 24.9 美元、相邻宽基下约需降至 30.9 美元，才首次触及“谨慎建议投资”的模型边界；经营证据则需上移至乐观行，至少验证有机收入、PWT/新品采用和正常化毛利三类里程碑。进入乐观行后不需要市场状态切换，震荡列已经出现正面格子。相邻状态下原始建议范围为 强烈不建议投资至不建议投资；太阳能板块当前为“退出/资金流出”，对宽基相邻格子采用区间低半部并最多下调一级。概率层为 NA，因为没有可辩护的经营—市场联合概率与相关性数据。
ENS,D:\drive\Investment\分析报告\公司情景投资决策\结果\ENS_经营情景市场状态投资决策_2026-07-15.md,3,宽基风险扩张,US-explicit,共享市场快照 美国股票/美元｜2026-07-15 16:00 ET｜Yahoo Finance、Cboe、FRED、U.S. Treasury、NYSE/FactSet（各自最近可得日期）｜MS-5B-v1.0 锁定 宽基风险扩张 为主状态、震荡 / 均值回归 为唯一相邻状态。基准 × 宽基风险扩张格子的条件建议为 不建议投资，稀释后市值 60.6亿～81.5亿美元、每股价值 160～215美元、目标期总回报 -20%～+7%；经营与市场状态证据强度分别为 中 / 中，估值置信度为 中。当前最弱传导环节是 订单与行业需求能否穿过交付、验收和价格组合，形成不依赖应收账款出售与 45X 的自由现金流。在经营和主市场状态不变时，第一个正面建议的最高买入价约 161美元，比当前价低约 20%；在相邻市场状态下约 140美元，低约 31%。经营证据需要至少看到数据中心订单连续转化、IMS 数量恢复、以及不增加应收账款出售的正常化自由现金流达到 4.3 亿美元附近；市场状态无需额外改善即可因经营上移而进入第一个正面格子，但仅靠市场改善不足以使当前基准行转正。当前邻域建议范围为 不建议投资～谨慎建议投资；最小减弱条件是 Q1 FY2027 低于指引中点且订单转收入延迟，或共享市场状态转入有序风险收缩。概率层为 NA，因为缺少可辩护的经营行与市场列联合概率。,True,False,求能否穿过交付、验收和价格组合，形成不依赖应收账款出售与 45X 的自由现金流,True,True,> 当前条件定位： 当前证据最接近 基准 / 正常兑现；复合定位 不需要——订单端略偏乐观、现金质量略偏悲观，但按重要性和相互一致性重估后，复合估值中点只比纯基准低约 1.6%，建议不变，未达到 10% 或一级建议差异门槛。共享市场快照 美国股票/美元｜2026-07-15 16:00 ET｜Yahoo Finance、Cboe、FRED、U.S. Treasury、NYSE/FactSet（各自最近可得日期）｜MS-5B-v1.0 锁定 宽基风险扩张 为主状态、震荡 / 均值回归 为唯一相邻状态。基准 × 宽基风险扩张格子的条件建议为 不建议投资，稀释后市值 60.6亿～81.5亿美元、每股价值 160～215美元、目标期总回报 -20%～+7%；经营与市场状态证据强度分别为 中 / 中，估值置信度为 中。当前最弱传导环节是 订单与行业需求能否穿过交付、验收和价格组合，形成不依赖应收账款出售与 45X 的自由现金流。在经营和主市场状态不变时，第一个正面建议的最高买入价约 161美元，比当前价低约 20%；在相邻市场状态下约 140美元，低约 31%。经营证据需要至少看到数据中心订单连续转化、IMS 数量恢复、以及不增加应收账款出售的正常化自由现金流达到 4.3 亿美元附近；市场状态无需额外改善即可因经营上移而进入第一个正面格子，但仅靠市场改善不足以使当前基准行转正。当前邻域建议范围为 不建议投资～谨慎建议投资；最小减弱条件是 Q1 FY2027 低于指引中点且订单转收入延迟，或共享市场状态转入有序风险收缩。概率层为 NA，因为缺少可辩护的经营行与市场列联合概率。
ENTG,D:\drive\Investment\分析报告\公司情景投资决策\结果\ENTG_经营情景市场状态投资决策_2026-07-15.md,43,宽基风险扩张,US-explicit,共享市场快照 US_EQ_2026-07-15_CLOSE_MS5B_v1 锁定主状态 宽基风险扩张、唯一相邻状态 窄幅 / 主题主导上涨。,True,False,单线索 → Entegris 的合格份额、可交付量及收入确认,False,True,> 当前条件定位： 当前证据最接近 基准 / 正常兑现；复合定位不需要，因为偏乐观的外部需求与仍属基准的资格认证、收入确认和现金兑现之间的冲突，只令候选复合估值中点较纯基准约高 3%，未达到 10% 门槛，也不改变建议级别。共享市场快照 US_EQ_2026-07-15_CLOSE_MS5B_v1 锁定主状态 宽基风险扩张、唯一相邻状态 窄幅 / 主题主导上涨。对应当前纯格子为：主状态 中性 / 等待｜每股 $122～$161｜15 个月总回报 -11%～+16%｜估值置信度中；相邻状态 谨慎建议投资｜每股 $129～$169｜-6%～+22%｜中。经营状态证据强度为中高，市场状态证据强度为中。当前最弱传导环节是 行业需求与订单线索 → Entegris 的合格份额、可交付量及收入确认：行业需求强，但公司不披露标准化 backlog、book-to-bill、取消率或逐产品订单，Colorado/KSP 的资格与利润贡献也未完成。仅靠价格变化，主状态首次进入正面区域的充分买入边界约 $136（较当前低约 2%）；相邻主题列当前已为正面，正面标签可承受的最高价约 $144（较当前高约 4%）。经营证据需至少证明 Q2/Q3 兑现且多产品共振、资格/成本项目不拖累现金；不要求市场换列。相邻邻域建议范围从中性到强烈建议，说明结论同时受兑现和定价状态影响。概率层为 NA：没有可辩护的经营 × 市场联合概率与相关结构。
EQIX,D:\drive\Investment\分析报告\公司情景投资决策\结果\EQIX_经营情景市场状态投资决策_2026-07-15.md,33,宽基风险扩张,US-explicit,共享市场快照 US-USD-2026-07-15-CLOSE-MS1.0 锁定主状态 宽基风险扩张、相邻状态 震荡 / 均值回归。,True,False, 已租 MW → 上电、调试、客户验收 → 开始计费,False,True,"> 当前条件定位： 当前证据最接近 基准 / 正常兑现；复合定位 不需要，因为外部需求、订单、近端收入、利润、再投资和资本结构的强弱均可由基准行区间完整表达，没有两个独立且决定每股价值的环节落入不同行。共享市场快照 US-USD-2026-07-15-CLOSE-MS1.0 锁定主状态 宽基风险扩张、相邻状态 震荡 / 均值回归。当前主格建议为 中性 / 等待，稀释后市值 $94.6bn–$109.2bn、每股价值 $943–$1,101、目标期总回报 -6%～+10%；经营与市场状态证据强度分别为 高 / 中，估值置信度为 中。相邻市场格为 不建议投资，每股价值 $836–$986、总回报 -16%～-1%。当前最弱传导环节为 已售容量 / 已租 MW → 上电、调试、客户验收 → 开始计费；距离第一个正面区域还需要价格降至约 $930（主状态，较当前低约 9%）或约 $830（相邻状态，低约 19%），或经营证据进入乐观行；市场状态无需比当前更强。相邻经营与市场状态下建议范围为 不建议投资至建议投资；最小减弱条件是计划机柜按时率低于 80%、连续两季计费机柜净增低于 2k，或实际利率和信用风险溢价推动市场切换到震荡列。概率层 NA，原因是缺少可辩护的经营—市场联合概率及相关性。"
ET,D:\drive\Investment\分析报告\公司情景投资决策\结果\ET_经营情景市场状态投资决策_2026-07-15.md,70,宽基风险扩张,US-explicit,共享市场快照 美国股票/美元｜2026-07-15 16:00 ET｜经营情景市场状态-US-v1.0 锁定宽基风险扩张为主状态、窄幅/主题主导上涨为相邻状态。,True,False,诺成长性投入 → 报告 FCF/净债务 → 普通单位价值,False,False,> 当前条件定位： 当前证据最接近 基准 / 正常兑现；复合定位不需要，因为把现金转换放到悲观高端只使宽基估值中点下降约 5.1%，没有改变建议或新增非线性清偿风险。共享市场快照 美国股票/美元｜2026-07-15 16:00 ET｜经营情景市场状态-US-v1.0 锁定宽基风险扩张为主状态、窄幅/主题主导上涨为相邻状态。对应当前纯格子的条件建议为 建议投资，稀释后股权市值 $78.5—$96.1、每单位价值 $22.5—$27.0、15 个月总回报 +21.5%—+44.6%；经营与市场状态证据强度分别为中和中，估值置信度为中。当前最弱传导环节是利润 → 已承诺成长性投入 → 报告 FCF/净债务 → 普通单位价值：强 DCF 尚未全部转成总资本开支和分配后的现金积累。当前已经位于第一个正面区域；宽基状态下正面建议可承受的最高价格约 $23.0（较现价高约 15.6%），经营证据距离为 0，市场状态无需变化；相邻窄幅状态仍为建议投资、价值 $21.5—$26.0、回报 +16.5%—+39.5%。最小减弱条件是市场转为有序风险收缩而经营仍停留基准，或 Q2/项目证据把目标期归属普通单位 DCF 降到约 $8.6 以下且高 CapEx 不降。概率层为 NA，因为经营行与市场状态的联合概率没有可辩护基础率。
ETN,D:\drive\Investment\分析报告\公司情景投资决策\结果\ETN_经营情景市场状态投资决策_2026-07-15.md,39,宽基风险扩张,US-explicit,共享市场列价值中点提高约 4%，没有达到约 10% 或建议改变一级的门槛。共享市场快照 MS-US-v1.0 锁定 宽基风险扩张 为主状态、震荡 / 均值回归为唯一相邻状态。基准 × 宽基风险扩张的条件建议为 中性 / 等待，目标期当前股东可得稀释后总价值约 $141.6–184.9bn、每股价值 $363–469、含预计分红总回报 -11%～+15%；经营状态证据强度为高、市场状态证据强度为中、估值置信度为中。当前最弱传导环节是 电气订单和扩产能力能否经过资格认证、FAT/SAT、现场送电、价格—成本和营运资本桥，按期成为自由现金流。在经营和市场假设不变时，首次进入“谨慎建议投资”的最高买入价约 $383，较当前低 7.2%；要让区间中点达到 16% 要求回报，价格需约 $363，较当前低 12.0%。若价格不变，最近正面经营行是乐观 / 超预期，需要至少两项独立的交付、利润率与现金证据。无需市场状态切换即可到达该正面区域。相邻的基准 × 震荡格为 不建议投资，价值 $320–406/股、回报 -21%～0%。概率层为 NA：没有可辩护的经营—市场联合概率，不强行制造期望目标价。,True,False,产能力能否经过资格认证、FAT/SAT、现场送电、价格—成本和营运资本桥，按期成为自由现金流,True,True,> 当前条件定位： 当前证据最接近 基准 / 正常兑现；复合定位不需要，因为“前端需求偏乐观、利润与现金处于基准”的复合测试只令当前共享市场列价值中点提高约 4%，没有达到约 10% 或建议改变一级的门槛。共享市场快照 MS-US-v1.0 锁定 宽基风险扩张 为主状态、震荡 / 均值回归为唯一相邻状态。基准 × 宽基风险扩张的条件建议为 中性 / 等待，目标期当前股东可得稀释后总价值约 $141.6–184.9bn、每股价值 $363–469、含预计分红总回报 -11%～+15%；经营状态证据强度为高、市场状态证据强度为中、估值置信度为中。当前最弱传导环节是 电气订单和扩产能力能否经过资格认证、FAT/SAT、现场送电、价格—成本和营运资本桥，按期成为自由现金流。在经营和市场假设不变时，首次进入“谨慎建议投资”的最高买入价约 $383，较当前低 7.2%；要让区间中点达到 16% 要求回报，价格需约 $363，较当前低 12.0%。若价格不变，最近正面经营行是乐观 / 超预期，需要至少两项独立的交付、利润率与现金证据。无需市场状态切换即可到达该正面区域。相邻的基准 × 震荡格为 不建议投资，价值 $320–406/股、回报 -21%～0%。概率层为 NA：没有可辩护的经营—市场联合概率，不强行制造期望目标价。
ETR,D:\drive\Investment\分析报告\公司情景投资决策\结果\ETR_经营情景市场状态投资决策_2026-07-15.md,34,宽基风险扩张,US-explicit,共享市场快照 US-EQ-20260715-CLOSE-v1 锁定主状态 宽基风险扩张、相邻状态 震荡 / 均值回归。,True,False,入如何经监管核准、客户出资、及时投运和融资结构转化为每股自由现金能力,True,False,> 当前条件定位： 当前证据最接近 基准 / 正常兑现；复合定位 不需要，因为“数据中心捕获偏强”与“资本/现金桥偏弱”的冲突尚未使相对纯基准的每股价值中点改变 10%，也没有改变条件建议一级。共享市场快照 US-EQ-20260715-CLOSE-v1 锁定主状态 宽基风险扩张、相邻状态 震荡 / 均值回归。对应主格子的建议为 谨慎建议投资，稀释后市值 $53.2bn—$66.0bn、每股价值 $104—$132、目标期总回报 -5%—+19%；相邻市场格子为 不建议投资，每股价值 $93—$120、回报 -15%—+8%。经营与市场状态证据强度分别为 中高 / 中，主格子估值置信度为 中。当前最弱传导环节是 已承诺资本投入如何经监管核准、客户出资、及时投运和融资结构转化为每股自由现金能力；它使 $66.53bn 资本计划不能直接等同于普通股价值。当前主格子达到中心 17% 要求回报的最高买入价约 $116.15，相对现价仅有 $1.91 / 1.7% 余量；按 20% 严格门槛则边界约 $113.25，现价已高 0.9%。经营行距离第一个正面区域为 0，但要使结论在震荡市场中也转正，仍需实际负荷、客户成本保护和稀释控制三类里程碑。相邻状态下建议范围为 不建议投资至谨慎建议投资；最小减弱条件是市场由宽基扩张转为震荡而经营仍停留在基准。概率层为 NA，因为无法为经营—市场联合状态分配可辩护概率而不制造虚假精度。
FCEL,D:\drive\Investment\分析报告\公司情景投资决策\结果\FCEL_经营情景市场状态投资决策_2026-07-15.md,33,宽基风险扩张,Other-or-unclear,共享市场快照锁定 宽基风险扩张为主状态、窄幅 / 主题主导上涨为唯一相邻状态。,True,False,位经济与利润,True,False,> 当前条件定位：当前证据最接近 基准 / 正常兑现纯经营行；复合定位不需要，因为基准行本身已经包含“Phase 0 正常收入化、综合毛利仍接近盈亏平衡、EBITDA/FCF 继续为负和股数增加”，未被另一个决定性经营行遗漏。共享市场快照锁定 宽基风险扩张为主状态、窄幅 / 主题主导上涨为唯一相邻状态。对应格子均为 强烈不建议投资：主状态稀释后市值 $0.53—1.36bn、每股 $6.0—16.2、目标期总回报 -70%—-20%；相邻状态为 $0.64—1.57bn、每股 $7.3—18.7、回报 -64%—-8%。经营与市场状态证据强度均为 中，估值置信度为 低。当前最弱传导环节是 收入 → 单位经济与利润：已有 30MW 付款义务，却没有数据中心已确认收入，更没有正 Product 毛利；其后 FCF 仍被扩产、营运资金和 Groton 截断。仅靠价格变化，基准 × 主状态首次进入“谨慎建议投资”的模型边界约 $9.0（较 $20.25 低 55.6%），相邻主题列约 $10.4（低 48.6%）；仅靠经营证据，需要 Phase 0 验收/回款、Phase 1 的 16% 非退还定金及具名站点、持续 100MW+ 产速与约 10% Product 毛利。相邻状态下建议范围仍为强烈不建议；若经营上移至乐观，同一两列分别变为谨慎建议/建议投资。概率层 NA，因为没有可辩护的 Fit 分期转化基础率和经营—市场联合概率。
FIX,D:\drive\Investment\分析报告\公司情景投资决策\结果\FIX_经营情景市场状态投资决策_2026-07-15.md,49,宽基风险扩张,US-explicit,共享市场快照 US-CLOSE-20260715-SCMS7.1-v1 锁定主状态 宽基风险扩张、相邻状态 震荡 / 均值回归。主状态,True,False,力和大项目订单能否以足够利用率、首轮 FAT/IST/调试通过率与固定价项目纪律，转化为可重复利润和报告口径自由现金流,True,True,"> 当前条件定位： 当前证据最接近 基准 / 正常兑现；复合定位不需要，因为需求与订单虽接近乐观端，但交付、单位经济和自由现金流约束已经能由基准纯行的区间完整表达，另建复合假设并未使当前证据校准价值中点改变 10% 或使建议改变一级。共享市场快照 US-CLOSE-20260715-SCMS7.1-v1 锁定主状态 宽基风险扩张、相邻状态 震荡 / 均值回归。主状态对应纯格子为 不建议投资｜稀释后市值 $27.7bn～$61.4bn｜每股 $776～$1,734｜目标期总回报 -55%～0%｜估值置信度中；相邻状态对应 强烈不建议投资｜$24.2bn～$52.4bn｜每股 $679～$1,479｜-61%～-15%｜估值置信度中。经营状态证据强度为高，市场状态证据强度为中。当前最弱传导环节是 新增模块化能力和大项目订单能否以足够利用率、首轮 FAT/IST/调试通过率与固定价项目纪律，转化为可重复利润和报告口径自由现金流。在经营和主市场状态不变时，第一个正面价格边界约为 $1,095，较现价低 37%；若价格不变，则至少需要经营证据上移到乐观行且宽基扩张持续。相邻市场状态下，单纯上移到乐观行仍只有中性，需进一步接近突破行或更低买入价。若经营与主市场状态都不变，价格约升至 $2,045（较现价 +17.7%） 时，即使价值高端的回报也约为 -15%，条件建议会由“不建议”进一步减弱为“强烈不建议”；市场直接切到相邻震荡状态则无需价格上升就会减弱。概率层为 NA，因为缺乏可辩护的经营—市场联合概率和相关结构。"
FLEX,D:\drive\Investment\分析报告\公司情景投资决策\结果\FLEX_经营情景市场状态投资决策_2026-07-15.md,48,宽基风险扩张,US-explicit,共享市场快照 US-MKT-5B-v1.0 锁定 宽基风险扩张 为主状态、震荡 / 均值回归 为唯一相邻状态。主状态,True,False,格产能能否在后半年按期通过交付验收，并穿过价格成本桥与营运资本成为自由现金流,True,True,> 当前条件定位： 当前证据最接近 基准 / 正常兑现；复合定位不需要，因为需求与公司捕获偏强、现金转换偏弱的冲突可以由基准区间低端完整表达，压力复合估值相对纯基准中点仅低约 5%，建议不变，也没有新增非线性融资或永久损失风险。共享市场快照 US-MKT-5B-v1.0 锁定 宽基风险扩张 为主状态、震荡 / 均值回归 为唯一相邻状态。主状态对应条件格子为 建议投资｜每股 134—218 美元｜总回报 +4%—+69%｜估值置信度中；相邻状态对应 中性 / 等待｜每股 109—186 美元｜总回报 -16%—+44%｜估值置信度中。经营与市场状态证据强度均为中。当前最弱传导环节是 已获项目和合格产能能否在后半年按期通过交付验收，并穿过价格成本桥与营运资本成为自由现金流。主状态下正面建议可承受的最高买入价约 147—153 美元，当前价距上限有约 14%—19% 余量；经营证据距离为 0，但建议强度若要稳固，需要 FY2027 前两个季度的 CPI 爬坡、集团调整后营业利润率和现金转换同时验证。市场若只转为震荡，当前价即处在约 123—128 美元的转正边界附近。概率层为 NA，因为缺少可辩护的经营—市场联合概率。
FLNC,D:\drive\Investment\分析报告\公司情景投资决策\结果\FLNC_经营情景市场状态投资决策_2026-07-15.md,32,宽基风险扩张,US-explicit,共享主市场状态下的每股价值中点低约 20.5%，条件建议由谨慎建议投资降为不建议投资。共享快照 MS-US-v1.0-20260715 锁定主状态宽基风险扩张及相邻状态震荡/均值回归。复合定位 × 主状态的条件建议为不建议投资，稀释后市值 $2.06B～$3.39B、每股价值 $10.1～$17.5、目标期总回报 -35%～+14%；经营冲突证据强度为高、市场状态证据强度为中高、估值置信度为中低。当前最弱传导环节是利润 → 营运资本与自由现金流 → 股东可得价值：H1 FY2026 公司口径自由现金流为 -$285.4M，库存和供应商预付款吸收现金，尚未证明订单能留下可分配现金。距离第一个正面区域，主状态下最高买入价约为 $12.6（较当前低约 18%）；或需证明毛利与项目成本稳定、库存和预付款回落并实现正现金转换。市场无需变得更有利，但仅切换市场列不足以转正。相邻状态下建议降至强烈不建议投资，每股价值 $8.0～$14.1、回报 -48%～-8%。概率层为 NA，因为没有可辩护的经营—市场联合基础率与相关结构。,True,True,资本与自由现金流 → 股东可得价值,True,False,> 当前条件定位： 当前前端需求、订单与收入证据最接近基准 / 正常兑现，但利润至营运资本、自由现金流和融资的两个决定性后端环节仍落在悲观 / 受损；复合定位达到门槛。相对最接近的纯基准行，复合定位在共享主市场状态下的每股价值中点低约 20.5%，条件建议由谨慎建议投资降为不建议投资。共享快照 MS-US-v1.0-20260715 锁定主状态宽基风险扩张及相邻状态震荡/均值回归。复合定位 × 主状态的条件建议为不建议投资，稀释后市值 $2.06B～$3.39B、每股价值 $10.1～$17.5、目标期总回报 -35%～+14%；经营冲突证据强度为高、市场状态证据强度为中高、估值置信度为中低。当前最弱传导环节是利润 → 营运资本与自由现金流 → 股东可得价值：H1 FY2026 公司口径自由现金流为 -$285.4M，库存和供应商预付款吸收现金，尚未证明订单能留下可分配现金。距离第一个正面区域，主状态下最高买入价约为 $12.6（较当前低约 18%）；或需证明毛利与项目成本稳定、库存和预付款回落并实现正现金转换。市场无需变得更有利，但仅切换市场列不足以转正。相邻状态下建议降至强烈不建议投资，每股价值 $8.0～$14.1、回报 -48%～-8%。概率层为 NA，因为没有可辩护的经营—市场联合基础率与相关结构。
FN,D:\drive\Investment\分析报告\公司情景投资决策\结果\FN_经营情景市场状态投资决策_2026-07-15.md,29,宽基风险扩张,US-explicit,共享市场快照 美国上市普通股/美元｜2026-07-15 16:00 ET｜MS-US-5B-v1.0 锁定 宽基风险扩张，唯一相邻状态为 震荡 / 均值回归。,True,False,能否经过客户项目资格、关键器件供应和新增产能爬坡，转成 FN 的合格交付与可确认收入,False,True,> 当前条件定位： 当前证据最接近 基准 / 正常兑现；复合定位 不需要，因为外部光互连需求偏强与现金转换偏弱的冲突只使纯基准估值中点变化约 3.0%，未达到约 10% 或建议改变一级的门槛。共享市场快照 美国上市普通股/美元｜2026-07-15 16:00 ET｜MS-US-5B-v1.0 锁定 宽基风险扩张，唯一相邻状态为 震荡 / 均值回归。对应当前纯格子的条件建议为 不建议投资，稀释后市值 $14.84bn–$20.09bn、每股价值 $405.6–$549.0、目标期总回报 -16.7%～+12.8%；经营与市场状态证据强度均为 中，估值置信度为 中。当前最弱传导环节是 强劲行业需求能否经过客户项目资格、关键器件供应和新增产能爬坡，转成 FN 的合格交付与可确认收入；现金转换是其下游确认，但因公司无债务且净现金充足，尚不是当前首要生存约束。仅靠价格，当前市场列下首次进入正面区域的最高买入价约 $398，较当前价低 18.2%；相邻震荡列约 $332，低 31.8%。反向的价格脆弱边界约在 $610 以上：若经营不变，届时当前格子中点下行超过约 20%、高端也开始明显亏损，建议可能减弱为强烈不建议。若价格不变，需至少看到 FY2027 收入运行率、800G/1.6T 与 HPC 合格交付、以及自由现金流三项证据共同接近乐观行；不需要市场状态进一步改善。相邻状态下当前行仍为不建议投资；最小减弱条件是市场转入有序收缩，或 FY2027 收入/现金证据下移。概率层为 NA，因为缺少可辩护的经营—市场联合概率与相关性基础率。
FORM,D:\drive\Investment\分析报告\公司情景投资决策\结果\FORM_经营情景市场状态投资决策_2026-07-15.md,34,宽基风险扩张,US-explicit,共享市场快照 US-MKT-5B-v1 锁定 宽基风险扩张为主状态、震荡 / 均值回归为唯一相邻状态。,True,False,承诺再投资与自由现金流 → 未来经营能力,True,False,> 当前条件定位： 当前证据最接近 基准 / 正常兑现；复合定位不需要：HBM 需求与近期 Probe Cards 表现偏向乐观，但短订单可见度、$140M—$170M 资本开支和 Farmers Branch 启动成本对自由现金流的压制仍可由基准行的合理区间完整表达，假设复合后当前主状态价值中点只提高约 7%，低于 10% 门槛且建议不变。共享市场快照 US-MKT-5B-v1 锁定 宽基风险扩张为主状态、震荡 / 均值回归为唯一相邻状态。对应主格子为 不建议投资｜-63%～0%｜中，稀释后市值 $3.46B—$9.34B、每股价值 $43—$116；相邻格子为 强烈不建议投资｜-66%～-14%｜中，稀释后市值 $3.14B—$8.05B、每股价值 $39—$100。经营与市场状态证据强度均为中，估值置信度为中。当前最弱传导环节是 利润 → 已承诺再投资与自由现金流 → 未来经营能力：利润正在改善，但大额资本开支、启动费用、备料和资格认证使报告现金流明显落后于利润，也使 DCF 与高倍数法严重分歧。若经营和市场假设不变，主状态下第一个正面价格边界约 $68，比当前价低约 41%；相邻状态边界约 $59，低约 49%。若不依赖降价，最少需要连续确认 HBM/GPU 捕获、51%以上毛利和大额投入后的现金回报；保持当前宽基状态还需要接近突破行，若市场转为与真实收入一致的主题主导状态，乐观行可先进入谨慎正面区域。概率层为 NA，因为设计赢单、客户份额、扩产执行和市场状态的联合概率没有可审计基础率。
FTV,D:\drive\Investment\分析报告\公司情景投资决策\结果\FTV_经营情景市场状态投资决策_2026-07-15.md,34,宽基风险扩张,US-explicit,共享市场快照 美国股票｜2026-07-15 16:00 ET｜US_EQ_20260715_CLOSE_MS5_v1.0 锁定 宽基风险扩张 为主状态、震荡 / 均值回归 为唯一相邻状态。,True,False,品级量价与订单向可确认收入的转换,False,True,> 当前条件定位：当前证据最接近 基准 / 正常兑现；复合定位 不需要。Q1 利润率表现一度接近乐观行，但只有一个重要环节偏离，而基准行合理区间已经能保留这项强势；测试复合估值中点只比纯基准高约 0.8%，建议不变，未达到 10% 或一级建议差异门槛。共享市场快照 美国股票｜2026-07-15 16:00 ET｜US_EQ_20260715_CLOSE_MS5_v1.0 锁定 宽基风险扩张 为主状态、震荡 / 均值回归 为唯一相邻状态。当前主格子的建议为 中性 / 等待，目标期稀释后股权市值 15.5—21.3、每股价值 51—70、总回报 -15%—+16%；经营和市场状态证据强度分别为 高 / 中，估值置信度为 中。当前最弱传导环节是 公司捕获、产品级量价与订单向可确认收入的转换：FTV 没有完整硬件 backlog、分产品订单、CertiFiber Max 套数、FAL ARR/净留存或医疗新品订单额，这使基准可以验证、乐观却不能借行业景气直接成立。距离第一个正面区域，仅靠价格需要最高买入价约 54.3 美元，较当前低 10.3%；仅靠经营证据需要 Fluke/FAL/AHS 至少两个平台出现可验证的超基准里程碑，同时利润转现金和净杠杆不恶化；不要求市场进一步转强，但市场不能弱于震荡。相邻状态下，同一基准经营行降为 不建议投资；当前邻域的建议范围为 不建议投资至建议投资。最小减弱条件是市场由宽基扩张切换到震荡，或价格在经营不变时升至约 63 美元。概率层为 NA，因为没有可辩护的经营—市场联合概率及相关性。
GEV,D:\drive\Investment\分析报告\公司情景投资决策\结果\备份\GEV_2026-08-19T12_34_48-07_00-13df682d44\GEV_经营情景市场状态投资决策_2026-07-15.md,48,震荡均值回归,US-explicit,共享市场快照 美国主要上市股票｜2026-07-15 16:00 ET｜MS-US-5B-v1.0 锁定 震荡 / 均值回归为主状态、宽基风险扩张为唯一相邻状态。主状态,True,False,高订单能否在履约、成长投入和合同负债变化后转成高质量自由现金流,True,True,"> 当前条件定位： 当前证据最接近 基准 / 正常兑现；复合定位 不需要，因为需求端偏乐观、现金质量偏弱的冲突相对纯基准行只使估值中点变化约 2%，建议不变，未达到 10%或一级建议差异门槛。共享市场快照 美国主要上市股票｜2026-07-15 16:00 ET｜MS-US-5B-v1.0 锁定 震荡 / 均值回归为主状态、宽基风险扩张为唯一相邻状态。主状态对应格子为 不建议投资｜-34%～+5%｜估值置信度中，稀释后股权市值 1,900～2,970 亿美元、每股价值 695～1,103 美元；相邻状态对应 中性 / 等待｜-23%～+18%｜中，股权市值 2,210～3,340 亿美元、每股价值 805～1,241 美元。经营状态证据强度为 中，市场状态证据强度为 中。当前最弱传导环节是 已确认利润与高订单能否在履约、成长投入和合同负债变化后转成高质量自由现金流。在主状态、经营假设不变时，第一个正面条件价格约 765 美元，较现价低约 28%；经营证据需至少证明气电与电气化交付能力、剔除新增客户预付款后的现金转换和 Wind 亏损收窄。若经营升级至乐观行，则无需市场状态改变也可进入正面区域。概率层为 NA，原因是没有足够证据为经营行与市场列建立可辩护的联合概率。"
GFS,D:\drive\Investment\分析报告\公司情景投资决策\结果\GFS_经营情景市场状态投资决策_2026-07-15.md,45,宽基风险扩张,US-explicit,共享市场快照美国股票市场（Nasdaq 定价、USD）｜2026-07-15 美股收盘｜MS-US-v1.0 锁定“宽基风险扩张”为主状态、“窄幅 / 主题主导上涨”为唯一相邻状态。基准 × 宽基风险扩张的条件建议为中性 / 等待，稀释后市值 30.6bn–40.0bn、每股价值 55–72 美元、15 个月总回报 -9%–+18%；经营与市场状态证据强度均为中高，估值置信度为中。相邻主题状态下仍为中性 / 等待，价值 57–76 美元、回报 -6%–+25%。当前最弱传导环节是“已承诺成长性投入 → 合格产能与增量 ROIC → 报告自由现金流”：2026 净资本开支为收入的 15%–20%，但合同负债下降、存货上升，尚未证明每一美元热工艺投入都能穿过收入和利润留给普通股。若经营与市场假设不变，宽基主状态下首次进入正面条件区域的最高买入价约 56.2 美元，较当前低 8.5%；相邻主题状态下约 58.9 美元，较当前低 4.2%。若价格不变，最近的正面经营行是乐观行，需要硅光 / CI&D、毛利和客户出资扩产三组里程碑。概率层为 NA，因为没有可辩护的经营—市场联合概率和相关结构。,True,False,投入 → 合格产能与增量 ROIC → 报告自由现金流”,True,False,> 当前条件定位：当前证据最接近“基准 / 正常兑现”；复合定位不需要，因为高资本开支、库存和较弱现金转换已经是基准路径的低端，而不是独立的悲观资本结构状态。共享市场快照美国股票市场（Nasdaq 定价、USD）｜2026-07-15 美股收盘｜MS-US-v1.0 锁定“宽基风险扩张”为主状态、“窄幅 / 主题主导上涨”为唯一相邻状态。基准 × 宽基风险扩张的条件建议为中性 / 等待，稀释后市值 30.6bn–40.0bn、每股价值 55–72 美元、15 个月总回报 -9%–+18%；经营与市场状态证据强度均为中高，估值置信度为中。相邻主题状态下仍为中性 / 等待，价值 57–76 美元、回报 -6%–+25%。当前最弱传导环节是“已承诺成长性投入 → 合格产能与增量 ROIC → 报告自由现金流”：2026 净资本开支为收入的 15%–20%，但合同负债下降、存货上升，尚未证明每一美元热工艺投入都能穿过收入和利润留给普通股。若经营与市场假设不变，宽基主状态下首次进入正面条件区域的最高买入价约 56.2 美元，较当前低 8.5%；相邻主题状态下约 58.9 美元，较当前低 4.2%。若价格不变，最近的正面经营行是乐观行，需要硅光 / CI&D、毛利和客户出资扩产三组里程碑。概率层为 NA，因为没有可辩护的经营—市场联合概率和相关结构。
GLW,D:\drive\Investment\分析报告\公司情景投资决策\结果\GLW_经营情景市场状态投资决策_2026-07-15.md,3,宽基风险扩张,US-explicit,共享市场快照“美国股票市场｜2026-07-15 收盘｜Yahoo Finance/Cboe/Fed/ICE-FRED/FactSet｜MS-US-2026-07-15-v1.0”锁定 宽基风险扩张为主状态、震荡 / 均值回归为唯一相邻状态。,True,False,投资与自由现金流,True,False,"> 当前条件定位： 当前证据最接近 基准 / 正常兑现；复合定位不需要，因为上游需求虽接近基准高端，但尚未形成与下游利润、现金流相互独立的“乐观行”决定性证据，候选复合估值中点只比纯基准高约 7%，建议级别不变。共享市场快照“美国股票市场｜2026-07-15 收盘｜Yahoo Finance/Cboe/Fed/ICE-FRED/FactSet｜MS-US-2026-07-15-v1.0”锁定 宽基风险扩张为主状态、震荡 / 均值回归为唯一相邻状态。对应当前纯格子的条件建议为 不建议投资，稀释后市值约 918–1,662 亿美元、每股价值 105–187 美元、15 个月总回报 -39%～+8%；经营与市场状态证据强度分别为 高 / 中，估值置信度为 低。当前最弱传导环节是 利润 → 再投资与自由现金流：收入和订单证据已经很强，但 2026 年资本开支约 17 亿美元，2026Q1 经营现金流 3.62 亿美元、资本开支 3.32 亿美元，基准 NTM 自由现金流仅约 18–25 亿美元，相对约 1,524 亿美元稀释后股权价值仍很薄。距离第一个正面区域，在经营和市场假设不变时需要价格降至约 125 美元，较当前低约 28%；或者经营证据上移至乐观行，并且市场至少维持宽基风险扩张。相邻的震荡状态下建议降为 强烈不建议投资，每股价值 85–154 美元、总回报 -50%～-11%。概率层为 NA，因为缺少可辩护的经营—市场联合概率，不能用主观权重替代条件地图。"
GNRC,D:\drive\Investment\分析报告\公司情景投资决策\结果\GNRC_经营情景市场状态投资决策_2026-07-15.md,31,宽基风险扩张,US-explicit,共享市场快照 US-20260715-CLOSE-MS5-V1 锁定 宽基风险扩张，唯一相邻状态为 震荡 / 均值回归。,True,False, → 单位经济与利润,True,False,> 当前条件定位： 当前证据最接近 基准 / 正常兑现；复合定位不需要，因为数据中心资格/订单偏强与 2026 年住宅天气偏弱的冲突，可由基准区间端点完整保留，复合估值中点只比纯基准低约 3%，未达到约 10% 或建议变一级的门槛。共享市场快照 US-20260715-CLOSE-MS5-V1 锁定 宽基风险扩张，唯一相邻状态为 震荡 / 均值回归。对应当前纯格子的条件建议为 中性 / 等待，稀释后股权市值 $10.2bn—$18.4bn、每股价值 $165—$310、目标期总回报 -27%—+37%，经营与市场状态证据强度均为 中，估值置信度为 中。当前最弱传导环节为 数据中心收入 → 单位经济与利润：C&I 2026Q1 EBITDA 率仅 13.0%，大机组项目初期约中双位数，只有 Enercon 内部化、重复 FAT、准时交付与服务附着才能把 backlog 变成足以支撑当前价格的现金利润。距离第一个正面区域，在当前经营/市场假设不变时需要价格降至约 $220 或以下（约 -3%）；若价格不变，则需要正式 PO、C&I 利润率和 FCF 三项证据把经营行上移至乐观；若经营不变，则只有切换到窄幅/主题主导上涨列才能形成脆弱的正面格。相邻市场状态下，基准格为 不建议投资｜$145—$280｜-36%—+24%。最小减弱条件是宽度进一步转弱且 10 年实际利率维持 2.3%以上，或 backlog 转化低于约 65%并伴随存货/应收上升。概率层为 NA，因为经营行与市场状态的联合概率没有可辩护基础率。
GOOGL,D:\drive\Investment\分析报告\公司情景投资决策\结果\备份\GOOGL_2026-07-18T18_17_00-07_00-ed20c324be\GOOGL_经营情景市场状态投资决策_2026-07-15.md,36,宽基风险扩张,US-explicit,共享市场快照 美国主要上市股票（USD）｜2026-07-15 收盘｜行情至 07-15、FRED 至 07-14、盈利预期至 07-10｜MS-5B-v1.0 锁定 宽基风险扩张，唯一相邻状态为 窄幅/主题主导上涨。,True,False,否按时形成可计费 Cloud/TPU 容量，并以足够的增量 ROIC 转成自由现金流,True,False,> 当前条件定位： 当前证据最接近 基准 / 正常兑现；复合定位 不需要，因为 Cloud 的乐观捕获证据与 CapEx/现金回收约束在基准行内已经同时建模，诊断性复合估值中点仅比纯基准高约 3%，建议不变。共享市场快照 美国主要上市股票（USD）｜2026-07-15 收盘｜行情至 07-15、FRED 至 07-14、盈利预期至 07-10｜MS-5B-v1.0 锁定 宽基风险扩张，唯一相邻状态为 窄幅/主题主导上涨。当前主格为 基准 × 宽基风险扩张：中性 / 等待，稀释后股权市值 $3.49T—$5.75T、每股价值 $279—$464、15 个月总回报 -25%—+25%；经营与市场状态证据强度均为中高，估值置信度为中。当前最弱传导环节是 成长性投入能否按时形成可计费 Cloud/TPU 容量，并以足够的增量 ROIC 转成自由现金流。若经营与市场假设不变，首个正面条件建议对应约 $325—$330 的最高买入区间，较现价低约 11%—12%；若市场转入相邻的主题主导列，现价下基准行即进入“谨慎建议投资”，但仍有 -19% 的低端损失。若市场维持主状态，则需 Cloud 转化、Search AI 单位经济和 CapEx 回报三项中的至少两项达到乐观行证据。相邻邻域建议从“中性 / 等待”到“强烈建议投资”；最小减弱条件是 Cloud 增速和利润率同时低于基准下端，或增长 CapEx 继续上升而投产/现金回收后移。概率层为 NA，因为经营尾部与市场状态的联合概率没有可辩护基础率。
HOCPY,D:\drive\Investment\分析报告\公司情景投资决策\结果\HOCPY_经营情景市场状态投资决策_2026-07-15.md,54,窄幅主题主导上涨,Other-or-unclear,"共享市场快照 JPX-Tokyo-JPY｜2026-07-15｜JPX-BOJ-Yahoo-v1｜矩阵分类规则 v1.0 锁定主状态为窄幅 / 主题主导上涨、唯一相邻状态为震荡 / 均值回归。当前纯格子为 中性 / 等待，稀释后市值 ¥7.88tn—¥9.62tn、每股价值 ¥23,608—¥29,320（$146—$181）、目标期总回报 -5%—+18%；经营与市场状态证据强度均为中，估值置信度为中。当前最弱传导环节是行业需求 → HOYA 合格产能、客户资格与收入确认：需求强并不解除现有 EUV / HDD 线接近满载、新厂 FY28 才量产和客户资格时点的不确定性。距离第一个正面区域，主市场列下需要价格降至约 $146（-5.4%），或出现第二 HDD 客户收入、EUV / phase-shift 新设计和 IT 经营利润率不低于 52% 中至少两项；若市场切换到宽基风险扩张，基准行在当前价即进入谨慎正面。相邻震荡列为不建议投资，回报 -15%—+7%。最小减弱条件是市场由主题状态回到震荡而经营证据不升级，或 LSI、HDD 客户、Life Care、IT 利润率四项转弱指标中出现两项。概率层为 NA，因为四经营行与五市场状态的联合概率及相关性没有可辩护基础率。",True,False,HOYA 合格产能、客户资格与收入确认,False,True,"> 当前条件定位： 当前证据最接近 基准 / 正常兑现纯经营行；复合定位不需要，因为 IT 的强劲 Q4 已被基准区间吸收，而 EUV / HDD 合格产能、第二 HDD 客户和新设计收入确认仍未形成两个彼此独立、落在不同经营行且改变价值 10% 以上的冲突环节。共享市场快照 JPX-Tokyo-JPY｜2026-07-15｜JPX-BOJ-Yahoo-v1｜矩阵分类规则 v1.0 锁定主状态为窄幅 / 主题主导上涨、唯一相邻状态为震荡 / 均值回归。当前纯格子为 中性 / 等待，稀释后市值 ¥7.88tn—¥9.62tn、每股价值 ¥23,608—¥29,320（$146—$181）、目标期总回报 -5%—+18%；经营与市场状态证据强度均为中，估值置信度为中。当前最弱传导环节是行业需求 → HOYA 合格产能、客户资格与收入确认：需求强并不解除现有 EUV / HDD 线接近满载、新厂 FY28 才量产和客户资格时点的不确定性。距离第一个正面区域，主市场列下需要价格降至约 $146（-5.4%），或出现第二 HDD 客户收入、EUV / phase-shift 新设计和 IT 经营利润率不低于 52% 中至少两项；若市场切换到宽基风险扩张，基准行在当前价即进入谨慎正面。相邻震荡列为不建议投资，回报 -15%—+7%。最小减弱条件是市场由主题状态回到震荡而经营证据不升级，或 LSI、HDD 客户、Life Care、IT 利润率四项转弱指标中出现两项。概率层为 NA，因为四经营行与五市场状态的联合概率及相关性没有可辩护基础率。"
HPE,D:\drive\Investment\分析报告\公司情景投资决策\结果\备份\HPE_2026-08-19T12_34_38-07_00-04bf641c36\HPE_经营情景市场状态投资决策_2026-07-15.md,36,宽基风险扩张,US-explicit,共享市场快照 MS-US-v1.0 锁定主状态“宽基风险扩张”、相邻状态“窄幅/主题主导上涨”。基准 × 宽基格子的条件建议为 谨慎建议投资，稀释后市值 $61.2～$86.0bn、每股价值 $45～$61、目标期含息总回报 -4%～+30%；相邻主题列同为 谨慎建议投资，每股 $46～$63、回报 -1%～+35%。经营与市场状态证据强度均为中，两个格子的估值置信度均为中。当前最弱传导环节是 收入 → 单位经济与利润：GPU、HBM 和系统内存的高额转售可以迅速推高收入，却未必形成足够毛利；其后还要穿过库存和营运资本才能成为普通股股东现金。当前已经位于第一个正面条件区域，经营证据距离为 0；主状态下正面建议可承受的最高买入价约 $53.3，较现价有约 12.4% 余量，相邻主题列约 $54.9、余量约 15.9%。若要仅靠价格使主状态建议更稳健地升至“建议投资”，买入价约需降至 $45.7 或以下；经营上则需要 Networking 利润率、AI 交付毛利和 FCF 三者至少两项同步验证。最小减弱条件是市场转为震荡而经营仍只属基准，或 FY2027 FCF 路径降至 $4.0bn 以下。概率层为 NA，因为缺少可辩护的经营—市场联合概率与相关性。,True,False,位经济与利润,True,False,> 当前条件定位： 当前证据最接近 基准 / 正常兑现；复合定位不需要。虽然 AI 需求、订单和网络产品进度局部接近乐观行，但收入到单位经济、库存到自由现金流以及 Juniper 协同仍停留在基准行；把这些冲突另建复合定位，只使当前主市场列每股价值中点提高约 3.8%，且不改变“谨慎建议投资”，未达到 10% 或一级建议差异门槛。共享市场快照 MS-US-v1.0 锁定主状态“宽基风险扩张”、相邻状态“窄幅/主题主导上涨”。基准 × 宽基格子的条件建议为 谨慎建议投资，稀释后市值 $61.2～$86.0bn、每股价值 $45～$61、目标期含息总回报 -4%～+30%；相邻主题列同为 谨慎建议投资，每股 $46～$63、回报 -1%～+35%。经营与市场状态证据强度均为中，两个格子的估值置信度均为中。当前最弱传导环节是 收入 → 单位经济与利润：GPU、HBM 和系统内存的高额转售可以迅速推高收入，却未必形成足够毛利；其后还要穿过库存和营运资本才能成为普通股股东现金。当前已经位于第一个正面条件区域，经营证据距离为 0；主状态下正面建议可承受的最高买入价约 $53.3，较现价有约 12.4% 余量，相邻主题列约 $54.9、余量约 15.9%。若要仅靠价格使主状态建议更稳健地升至“建议投资”，买入价约需降至 $45.7 或以下；经营上则需要 Networking 利润率、AI 交付毛利和 FCF 三者至少两项同步验证。最小减弱条件是市场转为震荡而经营仍只属基准，或 FY2027 FCF 路径降至 $4.0bn 以下。概率层为 NA，因为缺少可辩护的经营—市场联合概率与相关性。
HTHIY,D:\drive\Investment\分析报告\公司情景投资决策\结果\HTHIY_经营情景市场状态投资决策_2026-07-15.md,31,窄幅主题主导上涨,Other-or-unclear,共享市场快照 日本股票｜2026-07-15｜MS-JP-2026-07-15-v1.0 锁定 窄幅 / 主题主导上涨 为主状态、宽基风险扩张 为唯一相邻状态。当前主状态,True,False,i Energy 的订单储备经过测试、关键部件、项目验收和营运资金转成利润与 Core FCF,True,True,"> 当前条件定位： 当前证据最接近 基准 / 正常兑现；复合定位 不需要，因为需求偏乐观而交付、现金转换仍为基准的冲突，在一致的复合模型中只令每股价值中点变化约 4%～6%，没有达到约 10%或建议改变一级的门槛。共享市场快照 日本股票｜2026-07-15｜MS-JP-2026-07-15-v1.0 锁定 窄幅 / 主题主导上涨 为主状态、宽基风险扩张 为唯一相邻状态。当前主状态对应格子为 谨慎建议投资，稀释后市值 ¥20.46tn～¥25.50tn、每股价值 ¥4,629～¥5,876 / $28.54～$36.23、18 个月总回报 -0.7%～+26.0%；经营与市场状态证据强度均为 中，估值置信度为 中。当前最弱传导环节是 Hitachi Energy 的订单储备经过测试、关键部件、项目验收和营运资金转成利润与 Core FCF。当前格子已经属于首个正面区域；在其余假设不变时，维持至少“谨慎建议投资”的最高买入价约为 ¥5,056 / $31.18，比当前高约 6.8%，经营证据距离为 0，不要求市场换列。相邻的宽基风险扩张格子仍为 谨慎建议投资，总回报 +3.8%～+31.0%。最小减弱条件是市场退回震荡而经营证据没有同步上修，或 FY2026 上半年 Energy 交付、利润率与 Core FCF 同时低于基准桥。概率层 NA，因为没有可辩护的经营—市场联合概率。"
HUBB,D:\drive\Investment\分析报告\公司情景投资决策\结果\HUBB_经营情景市场状态投资决策_2026-07-15.md,3,宽基风险扩张,US-explicit,共享市场快照 美国股票｜2026-07-15 收盘（信用/利率至 2026-07-14，NFCI/盈利至 2026-07-10）｜Yahoo Finance、AP、Cboe、FRED、NYSE/FactSet｜MS-5B-v1.0 锁定宽基风险扩张为主状态、窄幅 / 主题主导上涨为唯一相邻状态。基准 × 宽基风险扩张格子的条件建议为不建议投资，稀释后股权市值约 $17.5bn—$30.0bn、每股价值 $327—$565、至 2027-09-30 含股息总回报 -30%—+19%；经营与市场状态证据强度均为中，估值置信度为中。当前最弱传导环节为利润与成长投入能否转成自由现金流并用于 NSI 后去杠杆。在经营与市场假设不变时，跨方法中点首次支持正面条件建议的买入价约 $398，比当前价低 17.2%；经营证据需先证明 NSI 后 FCF、PCX/DMC 交付及净杠杆路径；市场状态无需切换。相邻主题状态下仍为不建议投资。概率层为 NA，原因是 NSI 并购后正式指引尚未发布，且经营行与五种市场状态的联合概率没有可辩护基础率。,True,False,能否转成自由现金流并用于 NSI 后去杠杆,True,False,> 当前条件定位： 当前证据最接近基准 / 正常兑现纯经营行；复合定位不需要，因为前端需求偏强与 NSI 后资本桥偏弱的冲突，采用基准行合理区间即可保留，复合估值中点只比纯行低约 3%，且不改变建议级别。共享市场快照 美国股票｜2026-07-15 收盘（信用/利率至 2026-07-14，NFCI/盈利至 2026-07-10）｜Yahoo Finance、AP、Cboe、FRED、NYSE/FactSet｜MS-5B-v1.0 锁定宽基风险扩张为主状态、窄幅 / 主题主导上涨为唯一相邻状态。基准 × 宽基风险扩张格子的条件建议为不建议投资，稀释后股权市值约 $17.5bn—$30.0bn、每股价值 $327—$565、至 2027-09-30 含股息总回报 -30%—+19%；经营与市场状态证据强度均为中，估值置信度为中。当前最弱传导环节为利润与成长投入能否转成自由现金流并用于 NSI 后去杠杆。在经营与市场假设不变时，跨方法中点首次支持正面条件建议的买入价约 $398，比当前价低 17.2%；经营证据需先证明 NSI 后 FCF、PCX/DMC 交付及净杠杆路径；市场状态无需切换。相邻主题状态下仍为不建议投资。概率层为 NA，原因是 NSI 并购后正式指引尚未发布，且经营行与五种市场状态的联合概率没有可辩护基础率。
IBM,D:\drive\Investment\分析报告\公司情景投资决策\结果\备份\IBM_2026-07-18T17_41_44-07_00-cc78f32202\IBM_经营情景市场状态投资决策_2026-07-15.md,31,宽基风险扩张,US-explicit,共享快照 US-MKT-5B-v1.0 锁定 宽基风险扩张 为主状态、震荡 / 均值回归 为唯一相邻状态。复合定位 × 主状态为 中性 / 等待，稀释后市值 $175.0B—$220.4B、每股价值 $181—$228、15 个月含股息总回报 -10%—+12%；经营与市场状态证据强度均为 中，估值置信度为 低。当前最弱传导环节是 公司捕获及成交时点 → 收入：客户预算临时转向紧缺服务器、存储、内存与网络安全，令大型 Z、交易处理软件及相关交易错过 6 月成交，而强劲需求、backlog 或产品周期尚未完整进入收入。仅靠价格变动，主状态下第一个正面区域的最高买入价约 $190，较当前低约 10%；经营证据还需延迟交易在 Q3/Q4 成交、Software 有机增速恢复至约 7%—8%、全年自由现金流不低于约 $14.5B 且非融资净债务下降。市场状态无需改善即可进入第一个正面区域。相邻震荡状态下建议为 不建议投资、每股价值 $159—$205、回报 -21%—+1%。最小减弱条件是经营不变而价格升至约 $213 以上，使价值区间中点的含股息回报转负，或共享市场转入相邻震荡列。概率层为 NA，因为 Q2 完整指引尚未发布，经营行与市场列的联合概率没有可辩护基础率。,True,False,交时点 → 收入,False,False,> 当前条件定位： 当前证据最接近 基准 / 正常兑现，但需要复合定位：Software 与基础设施的局部需求、19.2% 非 GAAP 税前利润率仍接近基准，收入确认与大额交易按时成交这一决定性环节却落入悲观行。相对纯基准，复合估值中点低约 13%—14%，条件建议至少降低一级，达到复合门槛。共享快照 US-MKT-5B-v1.0 锁定 宽基风险扩张 为主状态、震荡 / 均值回归 为唯一相邻状态。复合定位 × 主状态为 中性 / 等待，稀释后市值 $175.0B—$220.4B、每股价值 $181—$228、15 个月含股息总回报 -10%—+12%；经营与市场状态证据强度均为 中，估值置信度为 低。当前最弱传导环节是 公司捕获及成交时点 → 收入：客户预算临时转向紧缺服务器、存储、内存与网络安全，令大型 Z、交易处理软件及相关交易错过 6 月成交，而强劲需求、backlog 或产品周期尚未完整进入收入。仅靠价格变动，主状态下第一个正面区域的最高买入价约 $190，较当前低约 10%；经营证据还需延迟交易在 Q3/Q4 成交、Software 有机增速恢复至约 7%—8%、全年自由现金流不低于约 $14.5B 且非融资净债务下降。市场状态无需改善即可进入第一个正面区域。相邻震荡状态下建议为 不建议投资、每股价值 $159—$205、回报 -21%—+1%。最小减弱条件是经营不变而价格升至约 $213 以上，使价值区间中点的含股息回报转负，或共享市场转入相邻震荡列。概率层为 NA，因为 Q2 完整指引尚未发布，经营行与市场列的联合概率没有可辩护基础率。
ICHR,D:\drive\Investment\分析报告\公司情景投资决策\结果\ICHR_经营情景市场状态投资决策_2026-07-15.md,54,宽基风险扩张,US-explicit,共享市场快照 MS-US-v1.0 锁定“宽基风险扩张”为主状态、“震荡 / 均值回归”为唯一相邻状态。,True,False,位经济与利润 → 报告自由现金流”,True,False,> 当前条件定位： 当前证据最接近“基准 / 正常兑现”纯经营行；复合定位不需要。用“基准收入与资本结构、但采用悲观端现金转换和稀释”的复合假设，只把主市场状态下每股价值中点从约 68 美元降至约 63 美元，约为 −7%，建议仍为“不建议投资”，没有新增基准区间无法表达的清偿或永久损失风险，未达到约 10% 中点变化或一级建议变化的门槛。共享市场快照 MS-US-v1.0 锁定“宽基风险扩张”为主状态、“震荡 / 均值回归”为唯一相邻状态。对应当前纯格子的条件建议为“不建议投资”，稀释后股权市值 13.2—37.2 亿美元、每股价值 35—101 美元、目标期总回报 −62%—+8%；经营状态证据强度为中、市场状态证据强度为中、估值置信度为中。当前最弱传导环节是“收入 → 单位经济与利润 → 报告自由现金流”：12.8% 的 2026Q1 调整后毛利率、负经营现金流和高库存尚未证明收入上行能留下足够现金。主市场状态下，基准经营不变时第一个正面买价约为 54 美元，较当前价低约 42%；反向若价格升至约 126 美元而价值区间不变，连高端也低于买价约 20%，条件建议会减弱为“强烈不建议投资”。经营证据若上移至乐观行，需至少证明持续毛利扩张、产品/自制内容兑现及现金转换。相邻市场状态下，当前格子仍为“不建议投资”，每股价值 27—86 美元、回报 −71%—−8%；对应的价格减弱边界约为 108 美元。最小经营减弱条件是 Q2 收入或毛利率低于指引且 Q3 订单同步转弱，或 ATM 在低价、低回报用途下明显扩大股数。概率层为 NA，因为没有可辩护的经营—市场联合概率与基础率。
IESC,D:\drive\Investment\分析报告\公司情景投资决策\结果\IESC_经营情景市场状态投资决策_2026-07-15.md,40,宽基风险扩张,US-explicit,共享市场快照“MS-US-2026-07-15-v1.0”锁定“宽基风险扩张”为主状态、“震荡 / 均值回归”为唯一相邻状态。基准 × 宽基风险扩张格子的条件建议为“不建议投资”，稀释后市值 $6.58B—$13.43B、每股价值 $318—$662、目标期总回报 −49%—+6%；经营与市场状态证据强度分别为“高”和“中”，估值置信度为“中”。当前最弱传导环节是“成长投入与新设施 → 客户资格与重复合格交付 → 高利润和自由现金流”：需求和订单强，但固定价格项目、资格认证、营运资本及新产能爬坡尚未证明足以持续形成股东现金。保持当前经营和市场假设时，第一个正面区域的中央最高买入价约 $415，较当前价低约 34%；经营证据需要基础设施业务资格/重复交付、通信与 C&I 利润不被项目损失侵蚀、以及全口径现金转换三个里程碑；市场状态无需变得更有利。相邻状态下，基准 × 震荡格子为“强烈不建议投资”，每股 $273—$579、回报 −56%—−7%。最小减弱条件是订单约束力下降、固定价格项目损失或现金转换继续落后；概率层为 NA，因为缺乏可辩护的经营—市场联合概率。,True,False,设施 → 客户资格与重复合格交付 → 高利润和自由现金流”,True,True,> 当前条件定位： 当前证据最接近“基准 / 正常兑现”；复合定位不需要，因为强订单与数据中心需求已经是基准行的一部分，而利润、现金转换和资本桥的候选混合修正只使当前条件价值中点约变化 5%，未达到约 10%门槛，也没有新增基准行无法表达的融资、稀释或永久损失风险。共享市场快照“MS-US-2026-07-15-v1.0”锁定“宽基风险扩张”为主状态、“震荡 / 均值回归”为唯一相邻状态。基准 × 宽基风险扩张格子的条件建议为“不建议投资”，稀释后市值 $6.58B—$13.43B、每股价值 $318—$662、目标期总回报 −49%—+6%；经营与市场状态证据强度分别为“高”和“中”，估值置信度为“中”。当前最弱传导环节是“成长投入与新设施 → 客户资格与重复合格交付 → 高利润和自由现金流”：需求和订单强，但固定价格项目、资格认证、营运资本及新产能爬坡尚未证明足以持续形成股东现金。保持当前经营和市场假设时，第一个正面区域的中央最高买入价约 $415，较当前价低约 34%；经营证据需要基础设施业务资格/重复交付、通信与 C&I 利润不被项目损失侵蚀、以及全口径现金转换三个里程碑；市场状态无需变得更有利。相邻状态下，基准 × 震荡格子为“强烈不建议投资”，每股 $273—$579、回报 −56%—−7%。最小减弱条件是订单约束力下降、固定价格项目损失或现金转换继续落后；概率层为 NA，因为缺乏可辩护的经营—市场联合概率。
IFNNY,D:\drive\Investment\分析报告\公司情景投资决策\结果\IFNNY_经营情景市场状态投资决策_2026-07-15.md,36,宽基风险扩张,Other-or-unclear,共享市场快照，临时身份 MS-EU-v1.0-20260715-TEMP 因而只能锁定“边界 / 未锁定”，并列最合理的 宽基风险扩张 与 震荡 / 均值回归 两列。基准 × 宽基风险扩张为 不建议投资｜-33%～+9%｜估值置信度中，稀释后市值 €59.4bn～€96.9bn、每 ADS $52～$84；基准 × 震荡 / 均值回归为 强烈不建议投资｜-45%～-4%｜估值置信度中，稀释后市值 €48.9bn～€84.9bn、每 ADS $42～$74。经营状态证据强度为中，临时市场状态证据强度为低。当前最弱传导环节是 利润 → 已承诺成长投入 → 自由现金流与净债务下降：FY2026 H1 FCF 为负，而实现全年 €1.25bn 指引要求 H2 约 €1.51bn FCF。价格不变时，宽基列至少需经营证据上移至乐观行；震荡列需突破行，或乐观行同时切换至宽基/主题列。经营不变时，达到“谨慎正面”的最高买入价约为宽基 $59、震荡 $51，较当前价分别低约 24% 和 34%。相邻格子的建议范围为“强烈不建议投资”至“谨慎建议投资”；最小减弱条件是 Q3/Q4 收入或 Segment Result Margin 低于指引，同时 H2 FCF 未明显转正。概率层为 NA，因为没有可辩护的联合基础率和已锁定共享市场状态。,True,False,承诺成长投入 → 自由现金流与净债务下降,True,False,> 当前条件定位： 当前证据最接近 基准 / 正常兑现；复合定位不需要：AI 捕获偏强与 H1 现金转换偏弱的冲突，可由基准行合理区间保留，复合估值相对纯基准中点只下降约 6%—8%，没有达到约 10% 或建议改变一级的门槛。项目内未能取得可复核的共享市场快照，临时身份 MS-EU-v1.0-20260715-TEMP 因而只能锁定“边界 / 未锁定”，并列最合理的 宽基风险扩张 与 震荡 / 均值回归 两列。基准 × 宽基风险扩张为 不建议投资｜-33%～+9%｜估值置信度中，稀释后市值 €59.4bn～€96.9bn、每 ADS $52～$84；基准 × 震荡 / 均值回归为 强烈不建议投资｜-45%～-4%｜估值置信度中，稀释后市值 €48.9bn～€84.9bn、每 ADS $42～$74。经营状态证据强度为中，临时市场状态证据强度为低。当前最弱传导环节是 利润 → 已承诺成长投入 → 自由现金流与净债务下降：FY2026 H1 FCF 为负，而实现全年 €1.25bn 指引要求 H2 约 €1.51bn FCF。价格不变时，宽基列至少需经营证据上移至乐观行；震荡列需突破行，或乐观行同时切换至宽基/主题列。经营不变时，达到“谨慎正面”的最高买入价约为宽基 $59、震荡 $51，较当前价分别低约 24% 和 34%。相邻格子的建议范围为“强烈不建议投资”至“谨慎建议投资”；最小减弱条件是 Q3/Q4 收入或 Segment Result Margin 低于指引，同时 H2 FCF 未明显转正。概率层为 NA，因为没有可辩护的联合基础率和已锁定共享市场状态。
IMOS,D:\drive\Investment\分析报告\公司情景投资决策\结果\IMOS_经营情景市场状态投资决策_2026-07-15.md,63,宽基风险扩张,US-explicit,共享市场快照 US-5B-2026-07-15-v1.0 锁定 宽基风险扩张 为主状态、震荡 / 均值回归 为唯一相邻状态。当前纯格子为 基准 × 宽基风险扩张：中性 / 等待，稀释后市值 US$1.63–2.97bn、每 ADS US$45.8–84.5、目标期总回报 -33%～+25%；经营状态证据强度为 中、市场状态证据强度为 高、估值置信度为 中。当前最弱传导环节为 收入 → 单位经济与利润：2Q26 收入创新高，但最新已披露 Assembly / LCDD 营业利润率仍为 -1.8% / -9.1%，且 2Q26 利润尚未公开；若该环节修复，下一个瓶颈是 CapEx、库存和应收对自由现金流的吞噬。仅靠价格，当前宽基状态约需降至 US$60（-12.7%）才首次形成谨慎正面不对称；相邻震荡状态约需 US$50.5（-26.4%）。仅靠经营证据，需确认毛利率 18%–20%、Assembly 营业利润率超过 8%、Testing 利润率超过 25%或 CFO/CapEx 超过 1.2x 中至少两项，才上移至乐观行；市场无需先变化。相邻状态下当前行建议由“中性 / 等待”降至“不建议投资”。概率层 NA，因为没有可辩护的经营—市场联合概率与相关性基础率。,True,False,位经济与利润,True,False,> 当前条件定位： 当前证据最接近 基准 / 正常兑现；复合定位 不需要：需求与公司捕获偏强，但 2Q26 利润、Assembly 转正和现金转换尚未确认，构造“偏乐观需求 + 基准利润/现金”的复合路径只使当前宽基状态每 ADS 区间中点由约 US$65.2 升至 US$67.7，差约 3.9%，建议仍为“中性 / 等待”，未达到 10% 或一级建议差异门槛。共享市场快照 US-5B-2026-07-15-v1.0 锁定 宽基风险扩张 为主状态、震荡 / 均值回归 为唯一相邻状态。当前纯格子为 基准 × 宽基风险扩张：中性 / 等待，稀释后市值 US$1.63–2.97bn、每 ADS US$45.8–84.5、目标期总回报 -33%～+25%；经营状态证据强度为 中、市场状态证据强度为 高、估值置信度为 中。当前最弱传导环节为 收入 → 单位经济与利润：2Q26 收入创新高，但最新已披露 Assembly / LCDD 营业利润率仍为 -1.8% / -9.1%，且 2Q26 利润尚未公开；若该环节修复，下一个瓶颈是 CapEx、库存和应收对自由现金流的吞噬。仅靠价格，当前宽基状态约需降至 US$60（-12.7%）才首次形成谨慎正面不对称；相邻震荡状态约需 US$50.5（-26.4%）。仅靠经营证据，需确认毛利率 18%–20%、Assembly 营业利润率超过 8%、Testing 利润率超过 25%或 CFO/CapEx 超过 1.2x 中至少两项，才上移至乐观行；市场无需先变化。相邻状态下当前行建议由“中性 / 等待”降至“不建议投资”。概率层 NA，因为没有可辩护的经营—市场联合概率与相关性基础率。
INTC,D:\drive\Investment\分析报告\公司情景投资决策\结果\备份\INTC_2026-07-18T18_00_11-07_00-f8a9ac486b\INTC_经营情景市场状态投资决策_2026-07-15.md,53,宽基风险扩张,US-explicit,共享市场快照 US-EQ｜2026-07-15-CLOSE｜YF-CBOE-UST-FRED-FACTSET｜MS5-v1.0 锁定宽基风险扩张为主状态、窄幅/主题主导上涨为相邻状态。,True,False,研发投入能否形成足够增量 ROIC，并使 Foundry 亏损和折旧穿过自由现金流闸门,True,False,> 当前条件定位： 当前证据最接近 基准 / 正常兑现纯经营行；复合定位不需要，因为基准行本身已经包含 Foundry 大额亏损、经常性 FCF 接近零、Fab 34 后约 $26.4B 净债务和已承诺成长投入。共享市场快照 US-EQ｜2026-07-15-CLOSE｜YF-CBOE-UST-FRED-FACTSET｜MS5-v1.0 锁定宽基风险扩张为主状态、窄幅/主题主导上涨为相邻状态。对应当前纯格子的条件建议为 强烈不建议投资，稀释后市值 $148–243B、每股价值 $28–46、15 个月总回报 -73%～-55%；经营状态证据强度 高、市场状态证据强度 中、估值置信度 中。当前最弱传导环节是 已承诺制造/研发投入能否形成足够增量 ROIC，并使 Foundry 亏损和折旧穿过自由现金流闸门。在经营和主市场不变时，第一个正面价格边界约 $31，比当前价低约 70%；在当前价格不变时，最近正面经营行是突破行，需要 server units 与 ASP 同时兑现、外部 Foundry/封装收入及利润形成规模、FCF 和净债务完成跃迁，市场状态无需改变。相邻主题状态下同一基准行仍为 强烈不建议投资｜$25–42｜-76%～-59%。概率层为 NA，因为没有可辩护的经营×市场联合概率。
IREN,D:\drive\Investment\分析报告\公司情景投资决策\结果\IREN_经营情景市场状态投资决策_2026-07-15.md,3,宽基风险扩张,US-explicit,共享主状态“宽基风险扩张”下，纯基准每股价值为 26.9～45.9 美元、建议为“中性 / 等待”，复合估值降至 21.5～35.6 美元、目标期总回报 -44%～-7%，建议改变一级为 不建议投资，每股区间中点下降约 22%，因此不能用纯基准区间端点掩盖资本桥。共享市场快照“美国上市股票/美元｜2026-07-15 收盘｜Yahoo Finance、FRED、Cboe、FactSet/NYSE｜MS-US-v1.0”锁定 宽基风险扩张为主状态、窄幅/主题主导上涨为唯一相邻状态；相邻状态下复合价值 23.7～38.8 美元、回报 -38%～+1%，仍为“不建议投资”。经营和市场状态证据强度均为 中高，估值置信度为 中。当前最弱传导环节是“已承诺成长性投入 → 可验收收入 → 扣折旧、利息和刷新资本后的股东自由现金流”；距离第一个正面区域，在主状态下最高买入价约 25.0 美元（较 38.28 美元低 34.7%），或需要 Horizon 1/后续批次验收、50k B300 可验证签约与利用率、经济贡献率及完全稀释股数三组证据把经营上移到乐观。市场无需进一步转强；单靠从宽基扩张切换到主题上涨仍不能转正。概率层为 NA，因为四条交付、融资与市场状态存在强相关且没有可辩护的联合基础率。,True,True,投入 → 可验收收入 → 扣折旧、利息和刷新资本后的股东自由现金流”,True,True,> 当前条件定位： 当前证据最接近“基准 / 正常兑现”，但复合定位达到门槛：Microsoft、NVIDIA 与现有客户需求/合同证据落在基准，已确认收入、扣除折旧与融资后的单位经济、巨额承诺投入和稀释风险却落在悲观；在共享主状态“宽基风险扩张”下，纯基准每股价值为 26.9～45.9 美元、建议为“中性 / 等待”，复合估值降至 21.5～35.6 美元、目标期总回报 -44%～-7%，建议改变一级为 不建议投资，每股区间中点下降约 22%，因此不能用纯基准区间端点掩盖资本桥。共享市场快照“美国上市股票/美元｜2026-07-15 收盘｜Yahoo Finance、FRED、Cboe、FactSet/NYSE｜MS-US-v1.0”锁定 宽基风险扩张为主状态、窄幅/主题主导上涨为唯一相邻状态；相邻状态下复合价值 23.7～38.8 美元、回报 -38%～+1%，仍为“不建议投资”。经营和市场状态证据强度均为 中高，估值置信度为 中。当前最弱传导环节是“已承诺成长性投入 → 可验收收入 → 扣折旧、利息和刷新资本后的股东自由现金流”；距离第一个正面区域，在主状态下最高买入价约 25.0 美元（较 38.28 美元低 34.7%），或需要 Horizon 1/后续批次验收、50k B300 可验证签约与利用率、经济贡献率及完全稀释股数三组证据把经营上移到乐观。市场无需进一步转强；单靠从宽基扩张切换到主题上涨仍不能转正。概率层为 NA，因为四条交付、融资与市场状态存在强相关且没有可辩护的联合基础率。
JBL,D:\drive\Investment\分析报告\公司情景投资决策\结果\JBL_经营情景市场状态投资决策_2026-07-15.md,35,宽基风险扩张,US-explicit,共享市场快照 美国上市美元普通股｜2026-07-15 16:00 ET｜MS-5B-v1.0 锁定主状态为 宽基风险扩张，唯一相邻状态为 窄幅 / 主题主导上涨。基准 × 宽基风险扩张的条件建议为 中性 / 等待，稀释后股权市值 318—412 亿美元、每股价值 300—400 美元、目标期总回报 −6%—+25%；经营与市场状态证据强度分别为 高、中，估值置信度为 中。当前最弱传导环节是 收入向单位经济、利润和现金的转换：AI 机架中的 GPU/HBM 等高价值 pass-through、投产爬坡和库存/合同资产会使高收入不能等比例到达股东现金。主状态下，第一个仅靠价格即可达到正面建议的买入边界约 304 美元，比当前价低约 15 美元 / 4.7%；若价格升至约 348 美元以上，连区间高端也难达到 15% 回报，条件建议将减弱。若价格不变，则需要进入“乐观 / 超预期”的经营证据，首先验证 FY2027 收入/AI 收入、II 分部利润率和自由现金流。相邻主题状态为 谨慎建议投资｜−1%—+35%；AI 硬件制造群组近 20 日回撤但 60—120 日及盈利证据分化，板块状态归类为“中性 / 分化”，不机械调整该格。最小减弱条件是共享市场转入震荡且经营仍只处于基准，或 FY2027 指引/现金转换落到基准低端以下。概率层为 NA，因为缺少可辩护的经营行 × 市场列联合基础率。,True,False,济、利润和现金的转换,True,False,> 当前条件定位： 当前证据最接近 基准 / 正常兑现；复合定位 不需要。将“基准高端需求”与“基准低端现金转换”单独合成后，每股价值中点只由 350 美元降至约 342 美元，约 −2.3%，建议仍为“中性 / 等待”，未达到约 10% 或改变一级建议的门槛。共享市场快照 美国上市美元普通股｜2026-07-15 16:00 ET｜MS-5B-v1.0 锁定主状态为 宽基风险扩张，唯一相邻状态为 窄幅 / 主题主导上涨。基准 × 宽基风险扩张的条件建议为 中性 / 等待，稀释后股权市值 318—412 亿美元、每股价值 300—400 美元、目标期总回报 −6%—+25%；经营与市场状态证据强度分别为 高、中，估值置信度为 中。当前最弱传导环节是 收入向单位经济、利润和现金的转换：AI 机架中的 GPU/HBM 等高价值 pass-through、投产爬坡和库存/合同资产会使高收入不能等比例到达股东现金。主状态下，第一个仅靠价格即可达到正面建议的买入边界约 304 美元，比当前价低约 15 美元 / 4.7%；若价格升至约 348 美元以上，连区间高端也难达到 15% 回报，条件建议将减弱。若价格不变，则需要进入“乐观 / 超预期”的经营证据，首先验证 FY2027 收入/AI 收入、II 分部利润率和自由现金流。相邻主题状态为 谨慎建议投资｜−1%—+35%；AI 硬件制造群组近 20 日回撤但 60—120 日及盈利证据分化，板块状态归类为“中性 / 分化”，不机械调整该格。最小减弱条件是共享市场转入震荡且经营仍只处于基准，或 FY2027 指引/现金转换落到基准低端以下。概率层为 NA，因为缺少可辩护的经营行 × 市场列联合基础率。
JCI,D:\drive\Investment\分析报告\公司情景投资决策\结果\JCI_经营情景市场状态投资决策_2026-07-15.md,37,宽基风险扩张,US-explicit,共享市场快照 美国股票/美元｜2026-07-15 16:15 ET（价格），2026-07-14（利率、信用、VIX）｜Yahoo Finance chart、FRED、Cboe、FactSet｜US-20260715-1615ET-MS5-v1.0 锁定 宽基风险扩张 为主状态、窄幅 / 主题主导上涨 为唯一相邻状态。主状态,True,False,单 → 客户电力就绪、现场调试与收入验收,False,True,> 当前条件定位：当前证据最接近 基准 / 正常兑现；复合定位 不需要：强订单/需求捕获偏向乐观，但收入确认仍受客户 power-ready、L4/L5/IST 调试与验收约束，采用一套“偏强捕获、基准转化”的复合假设只使当前宽基状态估值中点提高约 4%，没有达到约 10% 或建议变化一级的门槛。共享市场快照 美国股票/美元｜2026-07-15 16:15 ET（价格），2026-07-14（利率、信用、VIX）｜Yahoo Finance chart、FRED、Cboe、FactSet｜US-20260715-1615ET-MS5-v1.0 锁定 宽基风险扩张 为主状态、窄幅 / 主题主导上涨 为唯一相邻状态。主状态对应条件格子为 中性 / 等待，稀释后股权价值 $71.6–99.9bn、每股价值 $117–167、目标期总回报 -16%～+18%；相邻状态为 不建议投资，每股 $113–162、总回报 -19%～+15%。经营与市场状态证据强度均为 中，两个格子的估值置信度均为 中。当前最弱传导环节是 已见需求/订单 → 客户电力就绪、现场调试与收入验收；它决定 backlog 能否按约 70% 的节奏进入收入、利润与现金。仅靠价格，主状态下第一个正面边界约为 $123（较现价低约 14%），相邻状态约为 $119（低约 17%）；仅靠经营证据，则需要 backlog 转化和新产品重复订单把当前行推至乐观行，市场状态无需先变化。相邻状态下建议范围为 不建议投资至中性 / 等待；最小减弱条件是同口径订单降至低双位数以下或 backlog 12 个月转化跌破 65%。概率层为 NA：没有可辩护的经营 × 市场联合基础率，不强行分配概率。
KEYS,D:\drive\Investment\分析报告\公司情景投资决策\结果\KEYS_经营情景市场状态投资决策_2026-07-15.md,33,宽基风险扩张,Other-or-unclear,共享市场快照锁定“宽基风险扩张”为主状态、“窄幅 / 主题主导上涨”为唯一相邻状态。主状态,True,False, Keysight 可捕获订单、实现价格与按期交付”,False,True,> 当前条件定位： 当前证据最接近“基准 / 正常兑现”；复合定位不需要。外部 AI 互联测试需求接近乐观，但公司特定份额、产品订单、实现价格、交付和现金转化仍落在基准行；按基准合理区间上端已能透明保留这种差异，复合测试的价值中点只提高约 3%，没有达到 10% 或建议改变一级的门槛。共享市场快照锁定“宽基风险扩张”为主状态、“窄幅 / 主题主导上涨”为唯一相邻状态。主状态对应条件格子为“不建议投资”，稀释后市值 $42.4B–$67.4B、每股价值 $245–$385、目标期总回报 -24%–+19%；相邻状态仍为“不建议投资”，稀释后市值 $39.8B–$64.8B、每股价值 $230–$370、回报 -29%–+15%。经营与市场状态证据强度均为“中”，两格估值置信度均为“中”。当前最弱传导环节是“行业需求 → Keysight 可捕获订单、实现价格与按期交付”：行业机会充分，但公司未披露足以把各 AI 测试池精确映射为份额、PO、ASP 和重复订单的数据。若经营和市场假设不变，主状态下使条件建议首次进入正面区域的参考最高买入价约 $268，较当前低 17%；相邻状态约 $255，较当前低 21%。若不依赖降价，需至少证明持续订单转化、三个以上 AI 测试池高于基准且正常化利润与现金同步兑现；无需先改变市场列。相邻状态下当前建议范围仍为“不建议投资”；最小减弱条件是连续两个季度 book-to-bill 低于 1、backlog 明显降至 $2.7B 以下，或正常化毛利率低于 64% 且自由现金流转化同步恶化。概率层为 NA，因为没有可辩护的经营—市场联合概率与相关性基础率。
KLAC,D:\drive\Investment\分析报告\公司情景投资决策\结果\KLAC_经营情景市场状态投资决策_2026-07-15.md,53,宽基风险扩张,Other-or-unclear,"共享市场快照锁定 宽基风险扩张，并列唯一相邻状态 震荡 / 均值回归。在主状态下，纯基准格子的条件建议为 强烈不建议投资，稀释后股权市值 1,470—2,880 亿美元、每股价值 113—222 美元、目标期总回报 -49%～-1%；经营状态证据强度 高、市场状态证据强度 中、估值置信度 中。相邻震荡状态下为 强烈不建议投资，每股 89—194 美元、回报 -60%～-13%。当前最弱传导环节是 可捕获订单 → 关键部件齐套、客户厂房准备与验收 → 可确认的高毛利收入；它限制 NTM 上沿，也使收入上修不自动成为自由现金流。若经营和市场假设不变，主状态下价格需降至约 142 美元、相邻状态下降至约 112 美元，才首次达到本文机械定义的“谨慎建议投资”边界。若价格不变，主状态下需进入 突破经营行；仅切换市场状态而经营仍为基准，五列均没有正面格子。概率层为 NA，原因是经营与市场状态相关且没有可辩护的联合概率。",True,False,→ 关键部件齐套、客户厂房准备与验收 → 可确认的高毛利收入,False,True,"> 当前条件定位：当前证据最接近 基准 / 正常兑现；复合定位 不需要。需求强度略靠近乐观，但交付、近端毛利与现金转换仍落在基准，假设复合后的当前格子价值中点只比纯基准提高约 5%，建议不改变，未达到约 10%或一级建议变化门槛。共享市场快照锁定 宽基风险扩张，并列唯一相邻状态 震荡 / 均值回归。在主状态下，纯基准格子的条件建议为 强烈不建议投资，稀释后股权市值 1,470—2,880 亿美元、每股价值 113—222 美元、目标期总回报 -49%～-1%；经营状态证据强度 高、市场状态证据强度 中、估值置信度 中。相邻震荡状态下为 强烈不建议投资，每股 89—194 美元、回报 -60%～-13%。当前最弱传导环节是 可捕获订单 → 关键部件齐套、客户厂房准备与验收 → 可确认的高毛利收入；它限制 NTM 上沿，也使收入上修不自动成为自由现金流。若经营和市场假设不变，主状态下价格需降至约 142 美元、相邻状态下降至约 112 美元，才首次达到本文机械定义的“谨慎建议投资”边界。若价格不变，主状态下需进入 突破经营行；仅切换市场状态而经营仍为基准，五列均没有正面格子。概率层为 NA，原因是经营与市场状态相关且没有可辩护的联合概率。"
KLIC,D:\drive\Investment\分析报告\公司情景投资决策\结果\KLIC_经营情景市场状态投资决策_2026-07-15.md,36,宽基风险扩张,US-explicit,共享市场快照 美国主要定价市场｜2026-07-15 收盘｜US-MKT-5B-v1.0 锁定 宽基风险扩张为主状态、震荡 / 均值回归为唯一相邻状态。,True,False,需求与 400M TCB 供给能力能否经过客户认证、production PO 和验收，成为 K&S 可确认收入,False,True,> 当前条件定位： 当前证据最接近 基准 / 正常兑现；复合定位不需要，因为“营运资本和现金转换偏弱”相对纯基准行只令每股价值中点下降约 4%，未达到约 10% 或建议改变一级的门槛。共享市场快照 美国主要定价市场｜2026-07-15 收盘｜US-MKT-5B-v1.0 锁定 宽基风险扩张为主状态、震荡 / 均值回归为唯一相邻状态。对应当前纯格子为 不建议投资｜-35%～+24%｜估值置信度中，稀释后股权价值 3.65–7.08B、每股价值 68–133 美元；相邻市场格子为 不建议投资｜-44%～+3%｜中，每股 59–110 美元。经营与市场状态证据强度分别为 高 / 中。当前最弱传导环节是 先进封装外部需求与 400M TCB 供给能力能否经过客户认证、production PO 和验收，成为 K&S 可确认收入；距离第一个正面区域还需要价格降至约 86.0 美元（-19.9%），或经营证据上移至乐观行所需的多客户 TCB/HBM production PO、Ball 高位延续和现金转换改善，市场状态本身无需变得更强。相邻震荡状态下建议仍为不建议；建议进一步减弱为强烈不建议的最小条件是共享状态转为有序风险收缩且经营仍停在基准，或 FY26 Q3 收入低于 290M / 毛利率低于 47%并伴随 Ball 订单和 TCB 认证同时弱化。概率层 NA，因为没有可辩护的经营—市场联合概率。
LFUS,D:\drive\Investment\分析报告\公司情景投资决策\结果\LFUS_经营情景市场状态投资决策_2026-07-15.md,34,宽基风险扩张,US-explicit,共享市场快照 US-EQ-20260715-CLOSE-5B-v1.0 锁定主状态 宽基风险扩张、唯一相邻状态 震荡 / 均值回归。主状态,True,False,cklog、design win 和行业需求向产品级可确认数量、实现价格及高毛利 mix 的转化不可见,False,False,> 当前条件定位：当前证据最接近 基准 / 正常兑现；复合定位不需要，因为数据中心需求偏强尚未形成独立、可量化且足以把每股价值中点移动 10% 的第二条决定性经营路径。共享市场快照 US-EQ-20260715-CLOSE-5B-v1.0 锁定主状态 宽基风险扩张、唯一相邻状态 震荡 / 均值回归。主状态对应格子的条件建议为 谨慎建议投资，稀释后市值 $8.08bn–$14.75bn、每股价值 $312–$576、目标期总回报 -24%～+40%；相邻状态对应 不建议投资，每股价值 $272–$511、总回报 -33%～+24%。经营与市场状态证据强度均为 中，两个格子的估值置信度均为 中。当前最弱传导环节是 公司级 backlog、design win 和行业需求向产品级可确认数量、实现价格及高毛利 mix 的转化不可见。主状态下已经处于第一个正面条件格子，但正面建议只可承受约 $422 的最高买入价，当前价仅低约 $7 / 1.6%；相邻状态下需价格降至约 $369，或经营证据上移至乐观行。最小减弱条件是价格升破 $422、市场转入震荡列，或 2026Q2 低于指引且 B2B/利润率同步转弱。概率层为 NA，原因是缺少可辩护的经营—市场联合概率和相关性基础率。
LIN,D:\drive\Investment\分析报告\公司情景投资决策\结果\LIN_经营情景市场状态投资决策_2026-07-15.md,55,宽基风险扩张,US-explicit,共享市场快照 美国股票/美元｜2026-07-15 收盘｜Yahoo Finance 调整收盘、Cboe、FRED、FactSet｜US5S-v1.0 锁定 宽基风险扩张 为主状态、窄幅/主题主导上涨 为唯一相邻状态。主状态,True,False,投入 → 合格投产、增量 ROIC 与报告 FCF,True,False,> 当前条件定位：当前证据最接近 基准 / 正常兑现；复合定位 不需要，因为电子与氦的偏强证据、EMEA 和现金转换的偏弱证据尚未使纯基准中点改变 10%，也未改变建议一级。共享市场快照 美国股票/美元｜2026-07-15 收盘｜Yahoo Finance 调整收盘、Cboe、FRED、FactSet｜US5S-v1.0 锁定 宽基风险扩张 为主状态、窄幅/主题主导上涨 为唯一相邻状态。主状态对应格子为 谨慎建议投资，稀释后市值 $226—268B、每股价值 $491—588、15 个月总回报 -3%～+16%；相邻状态为 中性 / 等待，每股 $472—568、回报 -7%～+12%。经营状态证据强度为 高，市场状态证据强度为 中，两格估值置信度均为 中。当前最弱传导环节是 已承诺成长性投入 → 合格投产、增量 ROIC 与报告 FCF；主状态下当前价格仍在第一个正面区域，但正面建议可承受的最高价格仅约 $515—520；相邻状态首次转正约需价格降至 $495—500，或经营证据升至乐观行。概率层为 NA，因为缺少可辩护的经营与市场联合概率。
LITE,D:\drive\Investment\分析报告\公司情景投资决策\结果\备份\LITE_2026-08-19T12_34_46-07_00-11fafc2364\LITE_经营情景市场状态投资决策_2026-07-15.md,40,宽基风险扩张,US-explicit,共享市场快照 US-5B-v1.0 锁定 宽基风险扩张，相邻状态为 震荡/均值回归。,True,False,承诺成长投入能否按时转成合格交付和收入,False,True,> 当前条件定位： 当前证据最接近 基准 / 正常兑现；复合定位 不需要，因为需求与订单偏强、但合格交付和成长投入后的现金转换仍待证明，这一冲突可以由基准行的宽区间表达，反事实复合中点只比纯基准高约 4%，未达到约 10%或建议改变一级的门槛。共享市场快照 US-5B-v1.0 锁定 宽基风险扩张，相邻状态为 震荡/均值回归。对应当前纯格子的条件建议为 不建议投资，目标期稀释后市值 $49.7B–$79.8B、每股价值 $460–$760、总回报 -38.8%～+1.1%；经营与市场状态证据强度均为 中，估值置信度为 低。当前最弱传导环节是 公司捕获与已承诺成长投入能否按时转成合格交付和收入；若这一环没有穿过良率、测试、产品组合和营运资本，订单增长不能到达自由现金流和完全稀释每股价值。经营和市场假设不变时，第一个正面区域的最高买入价约 $500，比当前价低 $252 / 33.5%；经营证据上需依次证明 Q4/Q1 收入与利润指引、OCS 和 UHP/ELS 季度爬坡、以及合并利润率和现金转换。无需单靠市场切换即可转正，但当前价下仅切换到主题上涨列仍不足以形成正面条件格子。相邻市场状态下，基准行条件建议仍为 不建议投资，回报区间为 -48.1%～-9.6%。概率层为 NA，原因是经营行与市场状态之间高度相关且没有可辩护的联合概率基础率。
LRCX,D:\drive\Investment\分析报告\公司情景投资决策\结果\LRCX_经营情景市场状态投资决策_2026-07-15.md,54,宽基风险扩张,US-explicit,共享市场快照 美国上市美元股票｜2026-07-15｜US-EQ-5STATE-v1.0-20260715 锁定 宽基风险扩张，唯一相邻列为 窄幅 / 主题主导上涨。当前纯格子的条件建议为 强烈不建议投资，稀释后市值 129—276、每股价值 104—222、目标期总回报 -69%—-33%；相邻主题列为 强烈不建议投资，每股价值 114—253、总回报 -65%—-24%。经营与市场状态证据强度分别为 中 / 中，两格估值置信度均为 低。当前最弱传导环节是 行业需求与技术采用能否转成 Lam 可交付、可验收的订单和收入：公司不披露 bookings、book-to-bill 或可取消 backlog，且基准收入已经接近模型可交付能力上沿。仅靠价格变化，主状态下首次进入正面区域的最高买入价约 143，较现价低 57%；相邻主题列约 160，较现价低 52%。若价格不变，最近正面格子仍需进入 突破经营 × 主题上涨，并证明 29—30 以上收入运行率、35 以上可交付能力、至少 13.8 的目标期前瞻自由现金流及无实质稀释。相邻状态下建议仍为强烈不建议投资；最小减弱条件是 7 月 29 日及随后两个季度把订单代理、交付能力和自由现金流同时抬到突破路径。概率层为 NA，因为缺少可辩护的经营与市场联合基础率及相关结构。,True,False,术采用能否转成 Lam 可交付、可验收的订单和收入,False,True,> 当前条件定位： 当前证据最接近 基准 / 正常兑现；复合定位 不需要，因为需求与盈利偏强、但订单可见度与交付约束偏弱的冲突，只把纯基准价值区间由 104—222 收窄为约 100—210，中点差约 4%、建议不变，未达到 10%或一级建议差异门槛。共享市场快照 美国上市美元股票｜2026-07-15｜US-EQ-5STATE-v1.0-20260715 锁定 宽基风险扩张，唯一相邻列为 窄幅 / 主题主导上涨。当前纯格子的条件建议为 强烈不建议投资，稀释后市值 129—276、每股价值 104—222、目标期总回报 -69%—-33%；相邻主题列为 强烈不建议投资，每股价值 114—253、总回报 -65%—-24%。经营与市场状态证据强度分别为 中 / 中，两格估值置信度均为 低。当前最弱传导环节是 行业需求与技术采用能否转成 Lam 可交付、可验收的订单和收入：公司不披露 bookings、book-to-bill 或可取消 backlog，且基准收入已经接近模型可交付能力上沿。仅靠价格变化，主状态下首次进入正面区域的最高买入价约 143，较现价低 57%；相邻主题列约 160，较现价低 52%。若价格不变，最近正面格子仍需进入 突破经营 × 主题上涨，并证明 29—30 以上收入运行率、35 以上可交付能力、至少 13.8 的目标期前瞻自由现金流及无实质稀释。相邻状态下建议仍为强烈不建议投资；最小减弱条件是 7 月 29 日及随后两个季度把订单代理、交付能力和自由现金流同时抬到突破路径。概率层为 NA，因为缺少可辩护的经营与市场联合基础率及相关结构。
LWLG,D:\drive\Investment\分析报告\公司情景投资决策\结果\LWLG_经营情景市场状态投资决策_2026-07-15.md,37,宽基风险扩张,US-explicit,共享市场快照 US-USD-AllCap｜2026-07-15-CLOSE｜Yahoo/yfinance、FRED、FactSet/NYSE｜MS-US-v1.0 锁定 宽基风险扩张，唯一相邻状态为 震荡 / 均值回归。当前纯格子的条件建议为 强烈不建议投资，目标期稀释后市值 $0.30bn—$0.50bn、每股价值 $1.85—$3.09、总回报 −73%～−54%；经营与市场状态证据强度分别为 中 / 中，估值置信度为 低。当前最弱传导环节是 客户资格与可复制制造尚未转为生产数量、production royalty 和收入。在经营与市场假设不变时，第一个正面建议的最高买入价约 $1.76，比当前价低约 74%；若通过 200G/400G 回片与模块级可靠性、至少一个 Stage 4/量产合同、外部 BEOL/统计良率三项里程碑，并且市场转为窄幅主题主导上涨，最近正面格子为 乐观 × 窄幅主题上涨。相邻市场列的当前纯格子仍为 强烈不建议投资｜−78%～−63%。概率层为 NA，因为没有可辩护的经营—市场联合概率。,True,False,复制制造尚未转为生产数量、production royalty 和收入,False,False,> 当前条件定位：当前证据最接近 基准 / 正常兑现；复合定位 不需要，因为强劲的 1.6T 行业需求已经包含在基准外部需求中，而公司捕获、收入、单位经济与现金转换均没有跨入更高经营行。把现金续航和行业强度单独拼成复合定位，只使当前价值区间中点提高约 4%，未达到 10% 或一级建议差异门槛。共享市场快照 US-USD-AllCap｜2026-07-15-CLOSE｜Yahoo/yfinance、FRED、FactSet/NYSE｜MS-US-v1.0 锁定 宽基风险扩张，唯一相邻状态为 震荡 / 均值回归。当前纯格子的条件建议为 强烈不建议投资，目标期稀释后市值 $0.30bn—$0.50bn、每股价值 $1.85—$3.09、总回报 −73%～−54%；经营与市场状态证据强度分别为 中 / 中，估值置信度为 低。当前最弱传导环节是 客户资格与可复制制造尚未转为生产数量、production royalty 和收入。在经营与市场假设不变时，第一个正面建议的最高买入价约 $1.76，比当前价低约 74%；若通过 200G/400G 回片与模块级可靠性、至少一个 Stage 4/量产合同、外部 BEOL/统计良率三项里程碑，并且市场转为窄幅主题主导上涨，最近正面格子为 乐观 × 窄幅主题上涨。相邻市场列的当前纯格子仍为 强烈不建议投资｜−78%～−63%。概率层为 NA，因为没有可辩护的经营—市场联合概率。
MCHP,D:\drive\Investment\分析报告\公司情景投资决策\结果\MCHP_经营情景市场状态投资决策_2026-07-15.md,38,宽基风险扩张,US-explicit,共享市场快照 MS-US-v1.0 锁定主状态 宽基风险扩张、唯一相邻状态 窄幅 / 主题主导上涨。基准 × 宽基风险扩张格子的条件建议为 中性 / 等待，稀释后市值 $39.0bn～$59.5bn、每股价值 $67～$103、目标期总回报 -19%～+23%；经营与市场状态证据强度分别为 中、高，估值置信度为 中。相邻的基准 × 主题上涨格子为 不建议投资，每股 $60～$91、回报 -28%～+9%。当前最弱传导环节为 订单、设计赢单与行业需求能否转成合格量产、实现价格及自由现金流；距离第一个正面区域，在经营和主市场状态不变时需要最高买入价约 $74（较现价低 $12.26 / 14.2%），或需要三项经营证据把路径抬升至乐观行；若市场转为相邻主题列，价格边界降至约 $66。若经营与主市场不变而价格升至约 $90，即使区间高端也难达到最低要求回报，建议会减弱为不建议。相邻经营与市场状态下建议范围从 强烈不建议投资 到 谨慎建议投资；最小减弱条件是收入低于指引且 book-to-bill 跌破 1，或利润率/现金流未随收入恢复。概率层为 NA，因为没有可辩护的经营—市场联合概率与相关性。,True,False,单与行业需求能否转成合格量产、实现价格及自由现金流,True,False,> 当前条件定位： 当前证据最接近 基准 / 正常兑现；复合定位不需要，因为 DCS 设计赢单偏向乐观、资本结构偏弱这两端已经能由基准区间和稀释/净债务桥完整表达，复合压力测试的价值中点仅比纯基准低约 2.4%，且建议不改变。共享市场快照 MS-US-v1.0 锁定主状态 宽基风险扩张、唯一相邻状态 窄幅 / 主题主导上涨。基准 × 宽基风险扩张格子的条件建议为 中性 / 等待，稀释后市值 $39.0bn～$59.5bn、每股价值 $67～$103、目标期总回报 -19%～+23%；经营与市场状态证据强度分别为 中、高，估值置信度为 中。相邻的基准 × 主题上涨格子为 不建议投资，每股 $60～$91、回报 -28%～+9%。当前最弱传导环节为 订单、设计赢单与行业需求能否转成合格量产、实现价格及自由现金流；距离第一个正面区域，在经营和主市场状态不变时需要最高买入价约 $74（较现价低 $12.26 / 14.2%），或需要三项经营证据把路径抬升至乐观行；若市场转为相邻主题列，价格边界降至约 $66。若经营与主市场不变而价格升至约 $90，即使区间高端也难达到最低要求回报，建议会减弱为不建议。相邻经营与市场状态下建议范围从 强烈不建议投资 到 谨慎建议投资；最小减弱条件是收入低于指引且 book-to-bill 跌破 1，或利润率/现金流未随收入恢复。概率层为 NA，因为没有可辩护的经营—市场联合概率与相关性。
META,D:\drive\Investment\分析报告\公司情景投资决策\结果\备份\META_2026-07-18T17_59_47-07_00-4b065cadb9\META_经营情景市场状态投资决策_2026-07-15.md,30,宽基风险扩张,US-explicit,共享市场快照 美国股票市场｜2026-07-15 16:15 ET｜MS-US-5B-v1.0 锁定 宽基风险扩张为主状态、窄幅 / 主题主导上涨为唯一相邻状态，市场状态证据强度为中。,True,False, 再投资 → 可用计算能力与增量利润 → 报告口径 FCF / 增量 ROIC,True,False,> 当前条件定位： 当前证据最接近 基准 / 正常兑现；复合定位 不需要，因为广告量价偏强与近端 FCF 偏弱已经同时包含在纯基准行，另建“广告乐观 + 资本基准”的复合估值只把当前主状态价值中点提高约 3.8%，未达到 10% 或一级建议差异门槛。共享市场快照 美国股票市场｜2026-07-15 16:15 ET｜MS-US-5B-v1.0 锁定 宽基风险扩张为主状态、窄幅 / 主题主导上涨为唯一相邻状态，市场状态证据强度为中。对应当前纯格子为 建议投资：稀释后市值 $1.83–2.35T、每股价值 $700–900、目标期总回报 +3.2%～+32.5%；经营状态证据强度中高、估值置信度中。当前最弱传导环节是 已承诺 AI 再投资 → 可用计算能力与增量利润 → 报告口径 FCF / 增量 ROIC。当前格已经是正面区域；按 15% 中点回报门槛，正面建议可承受的最高价格约 $698，较现价仅有 $16.69 / 2.5% 余量。经营证据距离为 0，市场无需切列，但若转入震荡列，正面买入边界降至约 $607。相邻市场状态下仍为建议投资；最小减弱条件是市场转入震荡，或 Q2/Q3 广告量价合计降至低双位数且 CapEx/费用继续上修。概率层为 NA，因为没有可辩护的经营—市场联合概率。
MICLF,D:\drive\Investment\分析报告\公司情景投资决策\结果\MICLF_经营情景市场状态投资决策_2026-07-15.md,46,震荡均值回归,Other-or-unclear,共享市场快照 瑞典股票 / Nasdaq Stockholm｜2026-07-15 17:30 CEST｜SWE-MKT-v1.0 锁定 震荡 / 均值回归，相邻为 窄幅 / 主题主导上涨。当前纯格子的条件建议为 不建议投资，稀释后市值 44.3—67.6bn、每股价值 SEK 225—345、目标期总回报 -34%—+1%；经营状态证据强度 高、市场状态证据强度 中、估值置信度 中。当前最弱传导环节是 GT/HV 的高订单和高利润能否在扩产与营运资本占用后形成可重复自由现金流和长期高 ROIC。在当前经营和市场假设不变时，第一个正面价格边界约为 SEK 250，较当前低 27.7%；相邻主题列的,True,False,的高订单和高利润能否在扩产与营运资本占用后形成可重复自由现金流和长期高 ROIC,True,True,> 当前条件定位： 当前证据最接近 基准 / 正常兑现；复合定位 不需要：GT 的需求、捕获和近期利润率接近乐观，但 PAS 受损，其他决定性环节仍能被基准区间完整容纳；示意复合估值相对纯基准中点仅提高约 5.3%，且不改变建议级别。共享市场快照 瑞典股票 / Nasdaq Stockholm｜2026-07-15 17:30 CEST｜SWE-MKT-v1.0 锁定 震荡 / 均值回归，相邻为 窄幅 / 主题主导上涨。当前纯格子的条件建议为 不建议投资，稀释后市值 44.3—67.6bn、每股价值 SEK 225—345、目标期总回报 -34%—+1%；经营状态证据强度 高、市场状态证据强度 中、估值置信度 中。当前最弱传导环节是 GT/HV 的高订单和高利润能否在扩产与营运资本占用后形成可重复自由现金流和长期高 ROIC。在当前经营和市场假设不变时，第一个正面价格边界约为 SEK 250，较当前低 27.7%；相邻主题列的对应边界约 SEK 303，较当前低 12.3%。经营证据需至少证明 GT 持续交付与利润、集团现金转换和 PG 验收三项中的关键两项，市场无需切换即可进入最近的乐观 × 震荡正面格。相邻状态下建议为 中性 / 等待；最小减弱条件是 GT 新订单/收入明显回落且库存、应收继续快于收入增长。概率层 NA，因为缺少可辩护的经营—市场联合基础率。
MIELY,D:\drive\Investment\分析报告\公司情景投资决策\结果\MIELY_经营情景市场状态投资决策_2026-07-15.md,46,窄幅主题主导上涨,Other-or-unclear,共享市场快照 日本/TSE Prime｜2026-07-15 15:30 JST｜JPX/Nikkei/Japan Bond Trading/BOJ/Yahoo历史序列｜MS-JP-v1.0 锁定 窄幅 / 主题主导上涨 为主状态、宽基风险扩张 为唯一相邻状态。,True,False,需求向三菱电机可确认份额、订单和收入的转化,False,True,"> 当前条件定位： 当前证据最接近 基准 / 正常兑现；复合定位不需要，因为 EML 的偏乐观证据虽真实，但体量不足，模拟纳入后相对纯基准行的每股价值中点只提高约 2.6%，没有达到 10% 或一级建议差异门槛。共享市场快照 日本/TSE Prime｜2026-07-15 15:30 JST｜JPX/Nikkei/Japan Bond Trading/BOJ/Yahoo历史序列｜MS-JP-v1.0 锁定 窄幅 / 主题主导上涨 为主状态、宽基风险扩张 为唯一相邻状态。对应当前纯格子的条件建议为 不建议投资，稀释后股权市值 ¥9.49—12.34 万亿、普通股价值 ¥4,617—6,006、ADR 价值 $56.3—73.3、15 个月总回报 -19%—+5%；经营与市场状态证据强度均为中，估值置信度为中。当前最弱传导环节是 数据中心外部需求向三菱电机可确认份额、订单和收入的转化：公司披露了约 ¥176.3bn 数据中心相关收入和多条产能路线，但没有披露按客户/MW/订单/AVL 的捕获证据。仅靠价格变化，当前格子首次达到正面建议的最高买入价约为 ¥4,671 / $56.98，较现价低约 19%；经营上需至少一个公司捕获里程碑和一个利润/现金里程碑，市场状态无需改变。相邻的宽基扩张格仍为 不建议投资，总回报 -15%—+10%；最小增强条件是经营证据进入乐观行，最小减弱条件是 FY2027 指引下修或订单/毛利/现金三者中两项转弱。概率层为 NA，因为没有可辩护的经营—市场联合概率及相关性。"
MKSI,D:\drive\Investment\分析报告\公司情景投资决策\结果\备份\MKSI_2026-08-19T12_34_42-07_00-07309e6a19\MKSI_经营情景市场状态投资决策_2026-07-15.md,67,宽基风险扩张,US-explicit,共享市场快照 美国主要定价市场｜2026-07-15 16:00 ET｜MKSTATE-5BLOCK-v1.0 锁定主状态 宽基风险扩张、相邻状态 窄幅/主题主导上涨。,True,False,入能否在高营运资本占用下转成可用于去杠杆的自由现金流，并继续穿过可转债现金/稀释到达普通股每股价值,True,False,> 当前条件定位：当前证据最接近 基准 / 正常兑现；复合定位 不需要，因为行业需求偏乐观、而现金/资本结构偏弱的冲突已经能由基准行的现金、净债务和完全稀释股数区间表达，复合模型相对纯基准中点只降低约 5%—6%，未达到约 10%或建议改变一级的门槛。共享市场快照 美国主要定价市场｜2026-07-15 16:00 ET｜MKSTATE-5BLOCK-v1.0 锁定主状态 宽基风险扩张、相邻状态 窄幅/主题主导上涨。当前主格子为 不建议投资，稀释后股权市值 $11.9B—$29.2B、每股价值 $164—$420、目标期总回报 -53%—+19%；相邻市场格子为 中性 / 等待，每股 $180—$453、回报 -49%—+28%。经营与市场状态证据强度分别为 中 / 高，两格估值置信度均为 低。当前最弱传导环节是 利润与成长投入能否在高营运资本占用下转成可用于去杠杆的自由现金流，并继续穿过可转债现金/稀释到达普通股每股价值。在经营和市场不变时，主状态首个正面建议的最高买入价约 $250（较当前低 29.3%），相邻主题列约 $275（低 22.3%）；在价格不变时，最近正面经营行是 乐观 / 超预期，需要 Q2/Q3 订单—收入、Atotech chemistry attach/mix、FCF/净杠杆三项中至少两项形成独立证据。市场状态无需转为主题列才能使乐观行出现正面格子；若经营保持基准，五个市场列在当前价均没有正面建议。相邻邻域建议从 不建议投资 到 谨慎建议投资；最小减弱条件是 Q2 收入低于 $1.16B 或 GM 低于 46%，同时出现订单/库存或现金转换恶化。概率层为 NA，因为经营与市场的联合基础率及相关性不可辩护。
MMM,D:\drive\Investment\分析报告\公司情景投资决策\结果\备份\MMM_2026-07-18T18_24_11-07_00-a96a66cd7b\MMM_经营情景市场状态投资决策_2026-07-15.md,35,宽基风险扩张,US-explicit,共享市场快照 US-20260715-CLOSE-MS5-v1.0 锁定 宽基风险扩张 为主状态、震荡 / 均值回归 为唯一相邻状态。,True,False,润 → 扣除法律和其他优先现金支付后的股东可得现金,True,False,> 当前条件定位： 当前证据最接近 基准 / 正常兑现；复合定位 不需要。Microsoft 对 EBO 的首个公开超大规模云客户验证落在乐观捕获端，但其当前及 NTM 金额相对 3M 整体很小，加入后的估值中点变化约 2%，没有达到 10% 或建议改变一级的门槛。共享市场快照 US-20260715-CLOSE-MS5-v1.0 锁定 宽基风险扩张 为主状态、震荡 / 均值回归 为唯一相邻状态。对应当前条件格子的建议为 中性 / 等待，稀释后股权市值 $69.9—92.0bn、每股价值 $134—181、15 个月总回报 -14%—+15%；经营和市场状态证据强度均为 中，估值置信度为 中。当前最弱传导环节是 调整后经营利润 → 扣除法律和其他优先现金支付后的股东可得现金：调整后自由现金流较强，但并不等于普通股可自由分配现金。距离第一个正面区域，仅靠价格需要约 $144 或以下（较当前低约 10%）；靠经营证据需要 NTM 收入进入 $26.8—27.2bn、调整后经营利润率达到至少 25%，并验证法律支付后的现金积累；市场状态 无需变得更有利，因为乐观 × 当前宽基状态已经是正面格。相邻市场状态下，基准格建议降至 不建议投资；最小减弱条件是宽度转为反复且估值倍数回落，而 backlog 转化没有同步把利润和现金推入乐观区。概率层为 NA，因为没有可辩护的经营 × 市场联合概率与相关性。
MOD,D:\drive\Investment\分析报告\公司情景投资决策\结果\MOD_经营情景市场状态投资决策_2026-07-15.md,33,宽基风险扩张,US-explicit,共享市场快照 MS-US-5B-v1.0-2026-07-15 锁定 宽基风险扩张，唯一相邻状态为 震荡 / 均值回归。,True,False,位经济/利润 → 报告现金流,True,False,> 当前条件定位： 当前证据最接近 基准 / 正常兑现；复合定位 不需要，因为需求与收入捕获、利润修复和现金转换虽位于基准行不同端点，但没有两个决定性环节落入不同纯经营行，压力测试复合中点仅比纯基准低约 5.8%，建议不变。共享市场快照 MS-US-5B-v1.0-2026-07-15 锁定 宽基风险扩张，唯一相邻状态为 震荡 / 均值回归。对应当前纯格子的条件建议为 谨慎建议投资，稀释后股东总市值 $12.7B～$19.2B、每股价值 $232～$352、目标期总回报 0%～+52%；经营与市场状态证据强度均为 中，估值置信度为 中。当前最弱传导环节为 收入 → 单位经济/利润 → 报告现金流：订单和产能已有强证据，但 FY2026Q4 Climate Solutions 毛利率下降 510bp、应收和库存增长约 50%，且 FY2026 FCF 含 $165M 客户预付款。按基准 × 宽基中点满足 18%～22%门槛计算，正面建议可承受的最高价格约 $239～$247，比当前价高 3%～7%；经营证据距离为 0，市场状态无需变化。若市场滑入相邻的震荡状态，基准格变为 中性 / 等待｜-27%～+31%，要恢复正面区域需股价降至约 $194～$201，或经营证据上移至乐观行。最小减弱条件是共享快照转为震荡且 Data Centers 利润率/现金转换未同步改善。概率层为 NA，原因是缺少可辩护的经营—市场联合概率与相关性。
MPWR,D:\drive\Investment\分析报告\公司情景投资决策\结果\MPWR_经营情景市场状态投资决策_2026-07-15.md,3,宽基风险扩张,US-explicit,共享市场快照“US-USD｜2026-07-15 13:33 PDT｜Yahoo Finance、FRED、FactSet（数据日 2026-07-15 / 07-14 / 07-10 / 07-02）｜MKT5-US-v1.0”锁定主状态为“宽基风险扩张”，唯一相邻状态为“窄幅 / 主题主导上涨”。,True,False,平台份额与合格交付能力能否转成可确认收入”,False,True,"> 当前条件定位： 截至 2026-07-15，当前证据最接近“基准 / 正常兑现”；候选复合定位未达到门槛，因此不建立第五种经营状态。共享市场快照“US-USD｜2026-07-15 13:33 PDT｜Yahoo Finance、FRED、FactSet（数据日 2026-07-15 / 07-14 / 07-10 / 07-02）｜MKT5-US-v1.0”锁定主状态为“宽基风险扩张”，唯一相邻状态为“窄幅 / 主题主导上涨”。对应两个条件格子均为 强烈不建议投资：稀释后股权市值分别为 382 亿～629 亿美元和 402 亿～674 亿美元，每股价值为 760～1,250 美元和 800～1,340 美元，目标期总回报为 -43%～-7% 和 -40%～0%。经营状态证据强度为中，市场状态证据强度为中，估值置信度为中。当前最弱传导环节是“可取消订单、平台份额与合格交付能力能否转成可确认收入”；它限制基准区间高端的可信度。若经营和市场假设不变，条件建议首次转正所需的最高买入价约为 960 美元（主状态）或 1,010 美元（相邻状态），分别较当前价低 29% 和 25%；若价格不变，则需至少进入乐观经营行，并验证 NTM 收入、利润率与现金转换三项里程碑。概率层为 NA：缺少可辩护的公司经营情景基础率、市场状态概率及二者联合关系。"
MRAAY,D:\drive\Investment\分析报告\公司情景投资决策\结果\MRAAY_经营情景市场状态投资决策_2026-07-15.md,41,震荡均值回归,Other-or-unclear,共享市场快照 日本股票｜2026-07-15｜MS-JP-v1.0 锁定主状态 震荡 / 均值回归、相邻状态 窄幅 / 主题主导上涨。主状态,True,False,VPD 客户验证及广义数据中心收入 → 利润、成长资本回报与自由现金流,True,False,> 当前条件定位： 当前证据最接近 基准 / 正常兑现；复合定位不需要。共享市场快照 日本股票｜2026-07-15｜MS-JP-v1.0 锁定主状态 震荡 / 均值回归、相邻状态 窄幅 / 主题主导上涨。主状态对应格子为 强烈不建议投资，稀释后股权市值 ¥5.7—9.6tn、每 ADR $9.6—16.6、15 个月总回报 -64%—-38%；相邻状态仍为 强烈不建议投资，股权市值 ¥7.6—14.6tn、每 ADR $12.8—25.0、总回报 -52%—-7%。经营状态证据强度为中高，市场状态证据强度为中，两个格子的估值置信度均为中。当前最弱传导环节是 服务器电源/VPD 客户验证及广义数据中心收入 → 利润、成长资本回报与自由现金流：高端 MLCC 的需求与订单证据较强，但电源设计丢单、较早期 800V/VPD 路径及高资本开支使基准现金流远低于当前价格隐含水平。第一个正面区域需要在主状态下将买入价降至约 $11.3，或经营证据升至突破行；若市场转为相邻主题列，则基准行的中央价格边界约 $16.2，但单独切换市场列仍不能使当前价格下的基准格转正。当前概率层为 NA，因为没有可辩护的经营—市场联合概率。
MRAM,D:\drive\Investment\分析报告\公司情景投资决策\结果\MRAM_经营情景市场状态投资决策_2026-07-15.md,47,震荡均值回归,Other-or-unclear,共享市场快照 MS-v1.0-20260715-US 锁定 震荡 / 均值回归 为主状态、宽基风险扩张为唯一相邻状态。,True,False,润 → 再投资、自由现金流和未来经营能力,True,False,> 当前条件定位： 当前证据最接近 基准 / 正常兑现；复合定位不需要，因为近期产品增速偏强与报告现金流偏弱已经是基准路径内部的同一传导冲突，诊断性复合估值相对纯基准中点只改变约 0.3%，没有改变建议级别。共享市场快照 MS-v1.0-20260715-US 锁定 震荡 / 均值回归 为主状态、宽基风险扩张为唯一相邻状态。对应当前纯格子为 强烈不建议投资｜-70%～-25%｜中，稀释后市值 $136m～$324m、每股价值 $4.99～$12.26；经营与市场状态证据强度均为中，估值置信度为中。当前最弱传导环节是 单位经济与利润 → 再投资、自由现金流和未来经营能力：产品收入与毛利增长尚不足以覆盖固定研发、法律、资格认证和 Microchip 转移投入。仅靠价格，在经营和主市场状态不变时，第一个正面区域的最高买入价约为 $7.90，比当前价低 51.8%；仅靠经营，则当前市场列需要跨越到突破行；若只到乐观行，还需要主题主导市场列。相邻的宽基风险扩张格为 不建议投资｜-60%～-10%｜中。最小减弱条件是 Amentum 兑现低于基准、产品毛利率跌破 52% 或 Microchip/诉讼令净现金跑道明显缩短。概率层为 NA，因为没有可辩护的经营—市场联合概率。
MRVL,D:\drive\Investment\分析报告\公司情景投资决策\结果\MRVL_经营情景市场状态投资决策_2026-07-15.md,39,宽基风险扩张,US-explicit,共享市场快照 US-EQ｜2026-07-15 13:33 PDT｜Yahoo/FRED/Cboe/FactSet（2026-07-10～15）｜MS-v1.0 锁定 宽基风险扩张为主状态、震荡 / 均值回归为唯一相邻状态。,True,False,ecast / design win / AI bookings 到可验收收入及自由现金流,True,True,> 当前条件定位：当前证据最接近 基准 / 正常兑现；复合定位 不需要，因为供应预付款、现金转换与稀释的偏弱证据已能放入基准区间低端，压力复算只使纯行价值中点下降约 5.1%，未达到约 10%或建议改变一级的门槛。共享市场快照 US-EQ｜2026-07-15 13:33 PDT｜Yahoo/FRED/Cboe/FactSet（2026-07-10～15）｜MS-v1.0 锁定 宽基风险扩张为主状态、震荡 / 均值回归为唯一相邻状态。对应当前条件格子的建议为 不建议投资，稀释后市值 $133.4B—$227.8B、每股价值 $145—$245、15 个月总回报 -29.6%～+18.9%，经营与市场状态证据强度分别为 高 / 中，估值置信度为 中。当前最弱传导环节为 客户 forecast / design win / AI bookings 到可验收收入及自由现金流：公司没有标准化 backlog、book-to-bill 或取消率，却已承担大额晶圆、封测与产能保证金。距离第一个正面区域还需要价格在主状态下降至约 $156（-24.4%），或经营证据上移到乐观行所需的两至三项独立里程碑；市场状态无需变强。相邻震荡状态下，基准格仍为 不建议投资，每股 $125—$215、回报 -39.3%～+4.4%。最小减弱条件为 Q3/Q4 未形成管理层所述的连续环比增长，或 non-GAAP 毛利率连续两季低于 57%且库存、预付款继续增加。概率层 NA，因为没有可辩护的经营—市场联合概率与相关性基础率。
MSFT,D:\drive\Investment\分析报告\公司情景投资决策\结果\备份\MSFT_2026-07-18T18_25_08-07_00-211e86e1a9\MSFT_经营情景市场状态投资决策_2026-07-15.md,45,宽基风险扩张,US-explicit,共享市场快照 US-MKT-v1.0 锁定 宽基风险扩张，唯一相邻状态为 震荡 / 均值回归。,True,False, 成长投入 → 可利用经营能力与增量 ROIC → 自由现金流,True,False,> 当前条件定位： 当前证据最接近 基准 / 正常兑现；复合定位 不需要，因为前端需求偏乐观与利润 / FCF 偏弱已经被基准行的宽区间和资本桥完整保留，假设复合后的价值中点仅比纯基准低约 3%，且建议不变。共享市场快照 US-MKT-v1.0 锁定 宽基风险扩张，唯一相邻状态为 震荡 / 均值回归。当前主格为 基准 × 宽基风险扩张：谨慎建议投资，目标期稀释后股权价值 $2.758–3.863T、每股 $368–522、含 $5.7 左右股息的总回报 -6%～+33%；经营状态证据强度 中、市场状态证据强度 高、估值置信度 中。当前最弱传导环节是 已承诺 AI 成长投入 → 可利用经营能力与增量 ROIC → 自由现金流：需求与合同强，但 Cloud GM 向约 64% 下移、Q3 FCF 仅 $15.8B，尚未证明约 $190B 年度 CapEx 能按期留下股东现金。当前格已经是第一个正面区域；在经营和市场假设不变时，正面条件建议可承受的最高买入价约 $410，较当前价余量约 $14 / +3.6%。经营证据距离为 0；无需市场状态切换，但若切至相邻震荡列，同一基准经营变为 中性 / 等待、每股 $335–485、回报 -14%～+24%，要恢复正面需价格降至约 $378或经营证据升至乐观行。最小减弱条件是市场转入震荡且估值中点不变，或 Cloud GM 跌破 62%、Azure 在容量释放后低于 30%，使经营行下移。概率层为 NA，原因是经营行和市场状态的联合概率及相关性没有可辩护基础率。
MSI,D:\drive\Investment\分析报告\公司情景投资决策\结果\MSI_经营情景市场状态投资决策_2026-07-15.md,33,宽基风险扩张,US-explicit,共享市场快照 US-USD-20260715-CLOSE-MS5B-v1 锁定 宽基风险扩张为主状态、震荡 / 均值回归为唯一相邻状态。基准 × 宽基风险扩张的条件建议为 不建议投资，稀释后股权市值 $53.8–74.9bn、每股价值 $320–445、目标期总回报 -20%～+10%；经营与市场状态证据强度均为 中，估值置信度为 中。相邻的基准 × 震荡格为 强烈不建议投资，每股 $290–400、总回报 -28%～-1%。当前最弱传导环节是 利润与已承诺再投资能否转为自由现金流和普通股可得价值：Q1 订单强，但剔除并购/汇率的收入桥偏弱，库存投入、利息、拟议并购和净债务使前端增长尚未充分到达每股价值。距离第一个正面区域，单靠价格需要降至约 $375（约 -8%）；单靠经营证据需要有机收入、Silvus 交付和 FCF/优先索取权中的至少两项达到乐观阈值；市场状态无需改善，当前宽基扩张已经是五列中最有利的定价环境。概率层 NA，因为经营行与市场状态的联合概率没有可辩护基础率。,True,False,再投资能否转为自由现金流和普通股可得价值,True,False,> 当前条件定位： 当前证据最接近 基准 / 正常兑现；复合定位不需要，因为订单/需求偏乐观与现金/资本桥偏弱相互抵消后，候选复合价值中点相对纯基准仅低约 2.6%，建议不变，未达到 10% 或一级建议差异门槛。共享市场快照 US-USD-20260715-CLOSE-MS5B-v1 锁定 宽基风险扩张为主状态、震荡 / 均值回归为唯一相邻状态。基准 × 宽基风险扩张的条件建议为 不建议投资，稀释后股权市值 $53.8–74.9bn、每股价值 $320–445、目标期总回报 -20%～+10%；经营与市场状态证据强度均为 中，估值置信度为 中。相邻的基准 × 震荡格为 强烈不建议投资，每股 $290–400、总回报 -28%～-1%。当前最弱传导环节是 利润与已承诺再投资能否转为自由现金流和普通股可得价值：Q1 订单强，但剔除并购/汇率的收入桥偏弱，库存投入、利息、拟议并购和净债务使前端增长尚未充分到达每股价值。距离第一个正面区域，单靠价格需要降至约 $375（约 -8%）；单靠经营证据需要有机收入、Silvus 交付和 FCF/优先索取权中的至少两项达到乐观阈值；市场状态无需改善，当前宽基扩张已经是五列中最有利的定价环境。概率层 NA，因为经营行与市场状态的联合概率没有可辩护基础率。
MTRN,D:\drive\Investment\分析报告\公司情景投资决策\结果\MTRN_经营情景市场状态投资决策_2026-07-15.md,37,宽基风险扩张,US-explicit,共享市场快照 US-USD-20260715-CLOSE-MSTATE-v1.0 锁定 宽基风险扩张为主状态、震荡 / 均值回归为唯一相邻状态。当前纯格子为 基准 × 宽基风险扩张，条件建议为 不建议投资，稀释后市值 $4.48–6.13B、每股价值 $206–288、15 个月总回报 -17%～+15%；经营与市场状态证据强度均为中，估值置信度为中。当前最弱传导环节是 利润 → 再投资与自由现金流：Q1 OCF 为 -$4.3M、应收与库存合计吸收约 $74M，同时全年 CapEx 约 $100M；若 H2 不释放，盈利无法按期转成净债务下降和每股价值。距离第一个正面区域，价格需降至约 $210（-16%），或经营证据上移至乐观行所需的三个里程碑；市场状态无需改善。相邻市场列的基准格为 不建议投资｜-32%～-2%。最小减弱条件是市场转为有序风险收缩，或连续季度 VA 增长低于 5%且自由现金流继续为负。概率层 NA，因为没有可辩护的经营与市场联合概率。,True,False,投资与自由现金流,True,False,> 当前条件定位： 当前证据最接近 基准 / 正常兑现；复合定位不需要：现金转换偏悲观虽是决定性冲突，但复合估值中点仅比纯基准低约 1.4%，建议不变，未达到 10% 或一级建议差异门槛。共享市场快照 US-USD-20260715-CLOSE-MSTATE-v1.0 锁定 宽基风险扩张为主状态、震荡 / 均值回归为唯一相邻状态。当前纯格子为 基准 × 宽基风险扩张，条件建议为 不建议投资，稀释后市值 $4.48–6.13B、每股价值 $206–288、15 个月总回报 -17%～+15%；经营与市场状态证据强度均为中，估值置信度为中。当前最弱传导环节是 利润 → 再投资与自由现金流：Q1 OCF 为 -$4.3M、应收与库存合计吸收约 $74M，同时全年 CapEx 约 $100M；若 H2 不释放，盈利无法按期转成净债务下降和每股价值。距离第一个正面区域，价格需降至约 $210（-16%），或经营证据上移至乐观行所需的三个里程碑；市场状态无需改善。相邻市场列的基准格为 不建议投资｜-32%～-2%。最小减弱条件是市场转为有序风险收缩，或连续季度 VA 增长低于 5%且自由现金流继续为负。概率层 NA，因为没有可辩护的经营与市场联合概率。
MTSI,D:\drive\Investment\分析报告\公司情景投资决策\结果\MTSI_经营情景市场状态投资决策_2026-07-15.md,50,宽基风险扩张,US-explicit,共享市场快照 美国主要定价市场｜2026-07-15 16:35 EDT｜MS-US-5B-v1.0 锁定 宽基风险扩张，唯一相邻状态为 窄幅/主题主导上涨。,True,False,订单能否经多 socket 份额、客户 AVL/资格、可取消 PO 和实际交付转为公司收入,False,True,> 当前条件定位：当前证据最接近 基准/正常兑现；复合定位不需要，因为 Data Center 需求和近端毛利偏向乐观的部分可被基准区间高端完整保留，加入一套复合假设只使当前宽基状态下价值区间中点提高约 5%，未达到 10%门槛且不改变建议级别。共享市场快照 美国主要定价市场｜2026-07-15 16:35 EDT｜MS-US-5B-v1.0 锁定 宽基风险扩张，唯一相邻状态为 窄幅/主题主导上涨。对应当前纯格子的条件建议为 不建议投资，稀释后市值 $8.9B–$24.8B、每股价值 $112–$310、15 个月总回报 -62%～+6%，经营与市场状态证据强度分别为 中/中，估值置信度为 低。当前最弱传导环节为 行业需求和强订单能否经多 socket 份额、客户 AVL/资格、可取消 PO 和实际交付转为公司收入；距离第一个正面区域还需要价格降至约 $176（-40%），或经营上移至突破行；若市场先切到主题列且经营达到乐观行，也可进入首个正面格子。相邻状态下当前基准纯格子的建议仍为 不建议投资，价值 $121–$333、回报 -59%～+14%；最小减弱条件为 FY26Q3 收入低于 $331M、Data Center 低于约 $125M 或 book-to-bill 低于 1。概率层为 NA，因为没有可辩护的经营—市场联合概率。
MU,D:\drive\Investment\分析报告\公司情景投资决策\结果\备份\MU_2026-08-19T12_34_44-07_00-4699b1730b\MU_经营情景市场状态投资决策_2026-07-15.md,39,宽基风险扩张,US-explicit,共享市场快照 美国上市美元资产｜2026-07-15 16:00 ET｜MS-5B-v1.0 锁定主状态 宽基风险扩张、唯一相邻状态 窄幅 / 主题主导上涨。,True,False,投资、自由现金流与未来经营能力,True,False,"> 当前条件定位： 当前证据最接近 基准 / 正常兑现；复合定位不需要。近端 84.6%–86% 毛利率靠近乐观行，但 bit 增长、2027 合同、产品多客户资格和 3–5 年正常化仍在基准行。把“基准数量与捕获 + 乐观近端利润率”单独估值只令当前主市场列价值中点提高约 4.6%，建议仍为“中性 / 等待”，未达到 10% 或一级建议差异门槛。共享市场快照 美国上市美元资产｜2026-07-15 16:00 ET｜MS-5B-v1.0 锁定主状态 宽基风险扩张、唯一相邻状态 窄幅 / 主题主导上涨。对应当前纯格子的建议为 中性 / 等待，稀释后市值 $630B–$1.390T、每股价值 $538–$1,188、15 个月总回报 -40%～+31%；经营与市场状态证据强度均为 中，估值置信度为 中。当前最弱传导环节是 利润 → 再投资、自由现金流与未来经营能力：Q3 利润很强，但九个月应收账款增加 $19.953B、FY2027 每季 CapEx 预计高于约 $10B，且上游 ASP 正常化会同时压利润和现金。距离第一个正面区域还需要价格降至约 $708 或以下（-21.7%），或经营证据升级到乐观行；市场状态无需改善。相邻市场状态下仍为“中性 / 等待”，相邻经营行则为“建议投资”。最小减弱条件为 Q4 收入低于 $49B、毛利率低于 84%，或 2027 合同价与 bit 交付同时低于基准。概率层 NA，因为没有可辩护的经营—市场联合概率。"
MXL,D:\drive\Investment\分析报告\公司情景投资决策\结果\MXL_经营情景市场状态投资决策_2026-07-15.md,38,宽基风险扩张,US-explicit,共享快照 MSS-US-2026-07-15-v1 锁定主状态“宽基风险扩张”、相邻状态“震荡 / 均值回归”。当前纯格子为“不建议投资”，稀释后股权市值 2.4—8.3 十亿美元、每股价值 23—86 美元、15 个月总回报 -74%—-4%；经营和市场状态证据强度均为中，估值置信度低。当前最弱传导环节是“外部需求与行业供给 → 公司份额、合格交付与实现价格”：行业增量尚不能由公开 backlog 金额、客户拆分和不可取消条款闭合到公司收入。仅靠价格变化，基准 × 宽基状态首次进入谨慎正面区域的模型买入上限约 51 美元，较当前价低约 43%；相邻震荡状态约 43 美元，较当前价低约 52%。经营证据需要 Q2 兑现、1.6T 量产客户和现金转换三组里程碑中的至少两组；市场状态无需变得更强。相邻状态下建议降为“强烈不建议投资”，回报为 -79%—-19%。概率层为 NA：新产品捕获、仲裁损失分布和经营—市场相关性没有可辩护的联合概率。,True,False,业供给 → 公司份额、合格交付与实现价格”,False,True,> 当前条件定位： 当前证据最接近“基准 / 正常兑现”；复合定位不需要。强劲的 AI 光互联外部需求接近乐观行，但 MaxLinear 的客户份额、可取消性、1.6T 量产和现金兑现仍只支持基准行；把当前资本与仲裁尾部作为额外压力覆盖后，当前市场列的复合估值约为每股 20—80 美元，相对纯基准行 23—86 美元的中点下降约 8%，建议仍为“不建议投资”，未达到约 10% 或一级建议变化门槛。共享快照 MSS-US-2026-07-15-v1 锁定主状态“宽基风险扩张”、相邻状态“震荡 / 均值回归”。当前纯格子为“不建议投资”，稀释后股权市值 2.4—8.3 十亿美元、每股价值 23—86 美元、15 个月总回报 -74%—-4%；经营和市场状态证据强度均为中，估值置信度低。当前最弱传导环节是“外部需求与行业供给 → 公司份额、合格交付与实现价格”：行业增量尚不能由公开 backlog 金额、客户拆分和不可取消条款闭合到公司收入。仅靠价格变化，基准 × 宽基状态首次进入谨慎正面区域的模型买入上限约 51 美元，较当前价低约 43%；相邻震荡状态约 43 美元，较当前价低约 52%。经营证据需要 Q2 兑现、1.6T 量产客户和现金转换三组里程碑中的至少两组；市场状态无需变得更强。相邻状态下建议降为“强烈不建议投资”，回报为 -79%—-19%。概率层为 NA：新产品捕获、仲裁损失分布和经营—市场相关性没有可辩护的联合概率。
MYRG,D:\drive\Investment\分析报告\公司情景投资决策\结果\MYRG_经营情景市场状态投资决策_2026-07-15.md,32,宽基风险扩张,Other-or-unclear,共享市场快照锁定 宽基风险扩张为主状态、震荡 / 均值回归为唯一相邻状态。主状态,True,False,位经济与利润,True,False,> 当前条件定位： 当前证据最接近 基准 / 正常兑现；复合定位不需要，因为“需求与公司捕获偏乐观、单位经济与并购确认仍属基准”的冲突经完整资本桥后只使试算中点变化约 -2.2%，未达到 10%门槛，也未改变建议级别或新增非线性融资风险。共享市场快照锁定 宽基风险扩张为主状态、震荡 / 均值回归为唯一相邻状态。主状态对应格子为 中性 / 等待，稀释后市值 $5.25B—$9.30B、每股价值 $330—$585、15 个月总回报 -20.5%—+41.0%；当前经营与市场状态证据强度均为中，估值置信度为低。当前最弱传导环节是 收入 → 单位经济与利润：C&I 85.9%的固定价合同暴露、2026Q1 约 0.8 个百分点有利项目估计变动，以及高增长项目的劳工、设备与进度风险，使强需求不能自动保留为股东现金流。距离第一个正面区域，在经营和主市场状态不变时需买入价约 $388 或以下（较当前低 6.5%）；或需证明 Valley/Comet 经济性、订单补充和剔除估计变动后的利润率/现金转换三项中的至少两项，从基准上移至乐观；不要求市场先切换。相邻震荡状态下为 不建议投资，每股 $275—$480、回报 -33.7%—+15.7%。在经营与主市场状态不变时，价格升至约 $445 以上（较当前高约 7.2%）会使风险回报降为不建议；更小的减弱条件是市场转入震荡且估值倍数回到 13.5—16.5 倍，或目标期 EBITDA 低于约 $390M。概率层为 NA，原因是缺少可辩护的经营—市场联合概率与尾部基础率。
NBIS,D:\drive\Investment\分析报告\公司情景投资决策\结果\备份\NBIS_2026-07-18T18_22_42-07_00-f0c0c66c5b\NBIS_经营情景市场状态投资决策_2026-07-15.md,3,震荡均值回归,US-explicit,共享市场快照 美国股票/美元/Nasdaq 定价｜2026-07-14 收盘｜Yahoo Finance、Cboe、FRED/ICE BofA、美国财政部、FactSet；数据期 2026-07-10—07-14｜US-MKT-5B-v1.0 锁定 震荡 / 均值回归 为主状态、宽基风险扩张为唯一相邻状态。,True,False,约容量 → 完成 GPU、网络、液冷与客户验收 → 活跃可计费 MW → 扣除折旧和融资后的经济利润,True,True,> 当前条件定位： 当前证据最接近 基准 / 正常兑现；复合定位不需要：大额资本需求、可转债转股和后续融资已经完整进入基准行的净优先索取额与完全稀释股数区间，现有证据尚未把资本结构单独推入悲观行。共享市场快照 美国股票/美元/Nasdaq 定价｜2026-07-14 收盘｜Yahoo Finance、Cboe、FRED/ICE BofA、美国财政部、FactSet；数据期 2026-07-10—07-14｜US-MKT-5B-v1.0 锁定 震荡 / 均值回归 为主状态、宽基风险扩张为唯一相邻状态。当前主格 基准 × 震荡 的条件建议为 强烈不建议投资，稀释后股权市值 $22.1B—$58.5B、每股价值 $48—$139、至 2027 年末总回报 -76%—-30%；相邻 基准 × 宽基风险扩张 为 不建议投资｜$66—$169｜-67%—-15%。经营状态证据强度为中高，市场状态证据强度为中，两格估值置信度均为低。当前最弱传导环节是 已连接/已签约容量 → 完成 GPU、网络、液冷与客户验收 → 活跃可计费 MW → 扣除折旧和融资后的经济利润；它使公司必须先融资、后验证收入和现金回报。若只改变价格，主状态下首次进入“谨慎建议投资”所需最高买入价约 $74（较 $199.51 低约 63%），相邻宽基状态约 $102（低约 49%）。若不依赖降价，最近正面纯格为 乐观 × 宽基风险扩张，至少需要年末 ARR/活跃容量兑现、单位经济改善和资本桥三项证据同时前移；仅切换市场列不能使基准行转正。概率层为 NA，原因是经营与市场状态的联合基础率和相关性没有可辩护资料。
NDSN,D:\drive\Investment\分析报告\公司情景投资决策\结果\NDSN_经营情景市场状态投资决策_2026-07-15.md,49,宽基风险扩张,US-explicit,共享市场快照 美国上市股票（USD）｜2026-07-15 收盘附近；利率/信用至 2026-07-14；盈利预期至 2026-07-10｜Yahoo Finance、FRED/美联储、ICE BofA、FactSet｜MS-US-5B-v1.0 锁定 宽基风险扩张，唯一相邻状态为 震荡 / 均值回归。,True,False,需求与公司 backlog 能否变成 Nordson 可验证的多客户份额、交付验收和高毛利产品收入,False,True,> 当前条件定位： 当前证据最接近 基准 / 正常兑现；复合定位 不需要，因为 ATS 外部需求偏强但公司捕获、利润与现金环节仍在基准范围内，候选复合估值中点只比纯基准高约 2%–3%，建议不变，未达到 10% 或一级建议差异门槛。共享市场快照 美国上市股票（USD）｜2026-07-15 收盘附近；利率/信用至 2026-07-14；盈利预期至 2026-07-10｜Yahoo Finance、FRED/美联储、ICE BofA、FactSet｜MS-US-5B-v1.0 锁定 宽基风险扩张，唯一相邻状态为 震荡 / 均值回归。对应当前条件格子的建议为 中性 / 等待，稀释后市值 $15.64–18.06B、每股价值 $280–323、目标期含现金分红总回报 -1.6%～+13.4%，经营与市场状态证据强度分别为 中高 / 中高，估值置信度为 中。当前最弱传导环节为 先进封装外部需求与公司 backlog 能否变成 Nordson 可验证的多客户份额、交付验收和高毛利产品收入；距离第一个正面区域还需要价格降至约 $270（较当前 -6.3%），或经营证据完成第 12.3 节列出的 2—3 项里程碑，市场状态 无需改善。相邻市场状态下建议降为 不建议投资，每股价值 $238–277、回报 -16.1%～-2.6%；最小减弱条件是宽度和盈利上修失去扩散、实际利率维持高位并使共享状态切换至震荡。概率层 NA，原因是没有可辩护的经营情景与市场状态联合概率。
NOK,D:\drive\Investment\分析报告\公司情景投资决策\结果\NOK_经营情景市场状态投资决策_2026-07-15.md,3,宽基风险扩张,US-explicit,共享市场快照 美国股票/NYSE-Nasdaq（USD定价）｜2026-07-15 16:00 ET｜Yahoo Finance（价格与宽度代理，2026-07-15）、Cboe VIX（2026-07-15）、FRED/ICE OAS与利率（2026-07-14最近值）、FactSet Q2 Earnings Preview（2026-07-02）｜MS5-US-v1.0 锁定 宽基风险扩张 为主状态、震荡 / 均值回归为唯一相邻状态。主状态,True,False,付与实现价格 → 单位经济与利润 → 自由现金流,True,False,> 当前条件定位： 当前证据最接近 基准 / 正常兑现；复合定位不需要：AI/Cloud 需求与订单偏乐观，但公司捕获、合格交付、价格—成本桥和自由现金流仍落在基准区间，把“偏乐观需求 + 基准转化”单独估值只把当前市场列的每股价值中点由约 $9.75 提高到约 $9.95，差异约 2%，建议仍为“不建议投资”，未达到约 10% 或建议改变一级的门槛。共享市场快照 美国股票/NYSE-Nasdaq（USD定价）｜2026-07-15 16:00 ET｜Yahoo Finance（价格与宽度代理，2026-07-15）、Cboe VIX（2026-07-15）、FRED/ICE OAS与利率（2026-07-14最近值）、FactSet Q2 Earnings Preview（2026-07-02）｜MS5-US-v1.0 锁定 宽基风险扩张 为主状态、震荡 / 均值回归为唯一相邻状态。主状态对应格子的条件建议为 不建议投资，稀释后股权价值约 €42.9B～€53.3B、每 ADR 价值 $8.70～$10.80、15 个月含现金分红总回报 -21.1%～-2.4%；经营与市场状态证据强度均为“中”，估值置信度为“中”。相邻市场列仍为“不建议投资”，每 ADR $7.90～$9.90、回报 -28.2%～-10.4%。当前最弱传导环节是 公司捕获、交付与实现价格 → 单位经济与利润 → 自由现金流：外部需求和订单并不自动证明 InP/PIC 产能良率、产品组合、软件附着、组件成本和营运资本能够留下足够现金。若经营与市场假设不变，进入第一个正面条件区域的最高买入价约为主状态 $8.40（较当前价低约 25%）、相邻状态 $7.70（低约 32%）；经营证据需至少看到 H6/数据中心设计胜出转成可确认订单、Optical+IP 增长同时保持单位经济、以及 FCF 转化率在扩产期达到约 65%。市场状态无需再改善即可在乐观经营行出现正面格子；基准行在任何市场列均没有正面格子。概率层为 NA，因为没有足以辩护经营行与市场列联合概率及相关性的基础率。
NTAP,D:\drive\Investment\分析报告\公司情景投资决策\结果\备份\NTAP_2026-07-18T18_52_37-07_00-e16244ba15\NTAP_经营情景市场状态投资决策_2026-07-15.md,41,宽基风险扩张,US-explicit,共享市场快照 US-MKT-5B-v1.0 锁定 宽基风险扩张，唯一相邻状态为 窄幅 / 主题主导上涨。基准 × 宽基风险扩张格子的条件建议为 谨慎建议投资，稀释后市值 335亿—446亿美元、每股价值 170—230 美元、目标期总回报 +6%—+43%；经营与市场状态证据强度分别为 高 / 中，估值置信度为 中。相邻的基准 × 窄幅主题上涨同为 谨慎建议投资，每股价值 165—224 美元、总回报 +3%—+40%。当前最弱传导环节是 AFX/AIDE 与 AI wins 从资格认证或“win”转成有金额、容量、交付期的订单，再转成收入和产品毛利。当前格子已经进入第一个正面区域，经营证据距离为 0；按回报中枢达到 13%且低端损失受控的统一口径，宽基列正面建议可承受的最高价格约 179 美元，相对当前价尚有约 16.9 美元 / 10.4% 的价格余量；相邻主题列边界约 174 美元，余量约 11.9 美元 / 7.3%。市场无需切换即可处于正面区域，但若在经营不变、价格不变时转为震荡/均值回归，建议将降为 中性 / 等待。最小减弱条件是市场进入震荡列且股价仍高于约 155 美元，或全闪存增速低于 5%且产品毛利率低于 53%。概率层为 NA，因为没有可辩护的经营—市场联合概率。,True,False,DE 与 AI wins 从资格认证或“win”转成有金额、容量、交付期的订单，再转成收入和产品毛利,False,True,> 当前条件定位： 当前证据最接近 基准 / 正常兑现；复合定位 不需要，因为 Q4 收入、全闪存和云服务的偏强信号仍可落在基准区间高端，AFX/AIDE 认证、产品成本和 FY2027 毛利指引的偏弱信号仍可落在同一基准区间低端，假设性复合估值中点相对纯基准仅约 +2%，未达到 10% 或建议改变一级的门槛。共享市场快照 US-MKT-5B-v1.0 锁定 宽基风险扩张，唯一相邻状态为 窄幅 / 主题主导上涨。基准 × 宽基风险扩张格子的条件建议为 谨慎建议投资，稀释后市值 335亿—446亿美元、每股价值 170—230 美元、目标期总回报 +6%—+43%；经营与市场状态证据强度分别为 高 / 中，估值置信度为 中。相邻的基准 × 窄幅主题上涨同为 谨慎建议投资，每股价值 165—224 美元、总回报 +3%—+40%。当前最弱传导环节是 AFX/AIDE 与 AI wins 从资格认证或“win”转成有金额、容量、交付期的订单，再转成收入和产品毛利。当前格子已经进入第一个正面区域，经营证据距离为 0；按回报中枢达到 13%且低端损失受控的统一口径，宽基列正面建议可承受的最高价格约 179 美元，相对当前价尚有约 16.9 美元 / 10.4% 的价格余量；相邻主题列边界约 174 美元，余量约 11.9 美元 / 7.3%。市场无需切换即可处于正面区域，但若在经营不变、价格不变时转为震荡/均值回归，建议将降为 中性 / 等待。最小减弱条件是市场进入震荡列且股价仍高于约 155 美元，或全闪存增速低于 5%且产品毛利率低于 53%。概率层为 NA，因为没有可辩护的经营—市场联合概率。
NTNX,D:\drive\Investment\分析报告\公司情景投资决策\结果\NTNX_经营情景市场状态投资决策_2026-07-15.md,36,宽基风险扩张,US-explicit,共享市场快照 US_EQ_20260715_CLOSE_MS5B_v1 锁定主状态 宽基风险扩张、唯一相邻状态 震荡 / 均值回归。,True,False,O 与已赢得项目能否跨过合同期限拉长、服务器交期和软件 start date，转成 NTM 收入、续约扩张与现金,True,False,> 当前条件定位：当前证据最接近 基准 / 正常兑现；复合定位不需要，因为“TCV/RPO 偏强”与“合同期限、服务器 start date、NRR 偏弱”位于同一订单转收入链，基准行的合理区间已完整保留冲突，测试复合估值对中点影响不足 10%且不改变建议。共享市场快照 US_EQ_20260715_CLOSE_MS5B_v1 锁定主状态 宽基风险扩张、唯一相邻状态 震荡 / 均值回归。对应主格子的条件建议为 谨慎建议投资，目标期稀释后股权价值 $16.2bn—$22.5bn、每股价值 $54—$76、总回报 -1%—+40%；相邻市场格子为 中性 / 等待｜$48—$66｜-12%—+21%。经营与市场状态证据强度均为 中，主格子估值置信度为 中。当前最弱传导环节是 TCV/RPO 与已赢得项目能否跨过合同期限拉长、服务器交期和软件 start date，转成 NTM 收入、续约扩张与现金。主状态下当前格子已经进入第一个正面区域，正面建议可承受的最高买入价约 $58.0，当前价距该上限约 6.3%；相邻震荡状态下首次转正需买入价约 $50.9，较当前低约 6.8%。当前经营证据距离写 0，但若要从谨慎增强到建议，需要 NRR 回到 109%附近、cRPO/年化合同价值不靠继续拉长期限增长，以及外部存储 GA 后出现可复制订单。最小减弱条件是 NRR 跌破 105%且服务器交期改善后收入仍低于 10%。概率层为 NA，原因是没有可辩护的经营—市场联合概率。
NVDA,D:\drive\Investment\分析报告\公司情景投资决策\结果\备份\NVDA_2026-07-18T18_25_55-07_00-8ec97b3c63\NVDA_经营情景市场状态投资决策_2026-07-15.md,32,宽基风险扩张,US-explicit,共享市场快照 US-EQ-20260715-CLOSE-MKT5-v1.0 锁定 宽基风险扩张，相邻为 震荡/均值回归。当前纯格子的条件建议为 谨慎建议投资，稀释后股权市值 4.15—10.48 万亿美元、每股价值 171—439 美元、目标期总回报 -19%—+107%；经营与市场状态证据强度均为 中，估值置信度为 中。主经营资本化给出的较窄区间为 217—351 美元；完整区间因现金流估值对增长、终值与折现率分歧而扩大，不能把高端当作单点目标价。当前最弱传导环节是 Rubin/GB300 的合格交付、整柜调试、园区电力/液冷/网络就绪与客户验收能否按季度变成收入；一旦延迟，1190 亿美元供应承诺和库存会先压低现金转换。当前格子已经属于正面区域，价格正面边界约 246 美元，当前价比该上限低 33.50 美元或 15.8%；经营证据距离为 0，市场状态无需切换。相邻震荡状态仍为 谨慎建议投资，但正面价格上限仅约 214 美元，安全边际很薄。最小减弱条件是 Rubin 一季以上的客户验收延迟，或市场从宽基扩张转向有序风险收缩而经营路径不变。概率层为 NA，因为没有可辩护的经营—市场联合概率及相关结构。,True,False,GB300 的合格交付、整柜调试、园区电力/液冷/网络就绪与客户验收能否按季度变成收入,False,True,> 当前条件定位： 当前证据最接近 基准 / 正常兑现；复合定位 不需要。需求与利润端偏强，但 Rubin/GB300 从量产、客户设计位到已供电机架及云实例验收的收入确认仍是基准行内的主要区间，而不是足以建立第五种状态的独立冲突。候选复合估值中点相对纯基准约高 5%，没有达到约 10% 或建议改变一级的门槛。共享市场快照 US-EQ-20260715-CLOSE-MKT5-v1.0 锁定 宽基风险扩张，相邻为 震荡/均值回归。当前纯格子的条件建议为 谨慎建议投资，稀释后股权市值 4.15—10.48 万亿美元、每股价值 171—439 美元、目标期总回报 -19%—+107%；经营与市场状态证据强度均为 中，估值置信度为 中。主经营资本化给出的较窄区间为 217—351 美元；完整区间因现金流估值对增长、终值与折现率分歧而扩大，不能把高端当作单点目标价。当前最弱传导环节是 Rubin/GB300 的合格交付、整柜调试、园区电力/液冷/网络就绪与客户验收能否按季度变成收入；一旦延迟，1190 亿美元供应承诺和库存会先压低现金转换。当前格子已经属于正面区域，价格正面边界约 246 美元，当前价比该上限低 33.50 美元或 15.8%；经营证据距离为 0，市场状态无需切换。相邻震荡状态仍为 谨慎建议投资，但正面价格上限仅约 214 美元，安全边际很薄。最小减弱条件是 Rubin 一季以上的客户验收延迟，或市场从宽基扩张转向有序风险收缩而经营路径不变。概率层为 NA，因为没有可辩护的经营—市场联合概率及相关结构。
NVMI,D:\drive\Investment\分析报告\公司情景投资决策\结果\NVMI_经营情景市场状态投资决策_2026-07-15.md,42,宽基风险扩张,US-explicit,共享市场快照，故候选快照 美国股票市场｜2026-07-15收盘（信用/利率最近可得2026-07-14；盈利修正数据截至2026-07-02、发布于2026-07-06）｜Yahoo Finance、Cboe、FRED、FactSet｜规则版本：本方案v4-2026-07-15 必须按降级规则并列 宽基风险扩张 与 震荡 / 均值回归，不能由 NVMI 自选一列。,True,False,trion 等 TOR、首台和订单信号能否转成多客户、多台、按期验收的 fleet 收入,False,True,> 当前条件定位：当前证据最接近 基准 / 正常兑现；复合定位 不需要，因为唯一明显偏弱的 Q1 现金转换不足以令每股价值中点变化 10% 或改变建议一级。项目内没有同日、同范围、口径完整且已正式锁定的共享市场快照，故候选快照 美国股票市场｜2026-07-15收盘（信用/利率最近可得2026-07-14；盈利修正数据截至2026-07-02、发布于2026-07-06）｜Yahoo Finance、Cboe、FRED、FactSet｜规则版本：本方案v4-2026-07-15 必须按降级规则并列 宽基风险扩张 与 震荡 / 均值回归，不能由 NVMI 自选一列。对应条件格子分别为 不建议投资｜-38%～+1%｜中 与 强烈不建议投资｜-47%～-11%｜中；稀释后市值分别为 $9.47bn—$15.44bn 与 $8.14bn—$13.60bn，每股价值分别为 $291—$475 与 $250—$422。经营和市场状态证据强度均为 中，估值置信度为 中。当前最弱传导环节是 WMC/Metrion 等 TOR、首台和订单信号能否转成多客户、多台、按期验收的 fleet 收入。在经营和市场假设不变时，第一个正面价格边界约为 $364（宽基，较现价低23%）或 $313（震荡，低34%）；经营上需至少证明新增 TOR/POR 与多台复购、收入进入乐观区间且毛利/现金同步，市场单独切列不足以使基准经营在现价转正。当前双列与最近正面相邻经营行构成的邻域建议范围为 强烈不建议投资至谨慎建议投资；最小减弱条件是 Q2低于指引、H2不再高于H1，或应收/库存继续显著跑赢收入。概率层 NA，因为没有可辩护的公司经营 × 市场状态联合概率。
NVT,D:\drive\Investment\分析报告\公司情景投资决策\结果\备份\NVT_2026-08-19T12_34_43-07_00-9913595e14\NVT_经营情景市场状态投资决策_2026-07-15.md,52,宽基风险扩张,US-explicit,共享市场快照 US-USD-20260715-CLOSE-M5-v1.0 锁定主状态 宽基风险扩张、相邻状态 窄幅 / 主题主导上涨。主状态,True,False,bn backlog / 高订单能否按期通过 FAT、现场 SAT、客户验收和回款，转为收入与自由现金流,True,True,> 当前条件定位： 当前证据最接近 基准 / 正常兑现；复合定位 不需要，因为 Q1 现金转换偏弱虽然是重要反证，但把它单独移入悲观现金桥后，纯基准行与试算复合定位的每股价值中点差不足 10%，且建议未改变。共享市场快照 US-USD-20260715-CLOSE-M5-v1.0 锁定主状态 宽基风险扩张、相邻状态 窄幅 / 主题主导上涨。主状态对应格子为 不建议投资，稀释后股权市值 $20.7–31.0bn、每股价值 $125–188、目标期总回报 -21%～+18%；相邻状态对应格子为 谨慎建议投资，稀释后股权市值 $23.6–35.1bn、每股价值 $143–213、总回报 -10%～+34%。经营与市场状态证据强度均为 中，主状态估值置信度 中、相邻主题状态估值置信度 低。当前最弱传导环节是 $2.591bn backlog / 高订单能否按期通过 FAT、现场 SAT、客户验收和回款，转为收入与自由现金流。在主状态和基准经营不变时，第一个正面建议所需最高买入价约 $143，较当前低 $16.46 / 10.3%；相邻主题状态下当前价格已经处于很窄的正面区，正面价格上限约 $163，仅有约 2.2% 余量。主状态下若不靠价格下降，则需要进入乐观行的多客户复购、交付和现金里程碑。相邻状态下建议范围为 不建议投资至谨慎建议投资；最小减弱条件是共享市场状态转入震荡列，或公司 B2B 连续两季低于 0.95x、FCF conversion 低于 75%。概率层为 NA，原因是没有可辩护的经营—市场联合概率。
NVTS,D:\drive\Investment\分析报告\公司情景投资决策\结果\NVTS_经营情景市场状态投资决策_2026-07-15.md,29,宽基风险扩张,US-explicit,共享市场快照 MS-US-v1.0 锁定主状态 宽基风险扩张、唯一相邻状态 震荡 / 均值回归。当前纯格子的条件建议为 强烈不建议投资，目标期稀释后股权市值 $0.76bn—$1.69bn、每股价值 $2.8—$6.5、总回报 -79%—-51%；经营和市场状态证据强度均为中，估值置信度为低。当前最弱传导环节是 客户评估 / design win → 量产 AVL、重复订单与可确认收入；即使修复，约 $60m+ 年化费用底盘仍会成为下一道现金瓶颈。仅靠价格变化，宽基主状态下第一个正面边界约为 $3.50，较当前价低约 74%；相邻震荡状态约为 $2.60，低约 80%。若不依赖降价，则至少需要两家可验证的量产客户、一个具名 800V PVT/量产项目，以及连续两个季度收入 ≥$25m、非 GAAP 毛利率 ≥45%、现金消耗显著收敛，才能接近当前价格下的第一个正面经营行。相邻状态下当前行仍为强烈不建议，结论不因一次合理市场切换反转。概率层为 NA，因为经营尾部与市场状态的联合概率没有可辩护基础。,True,False, design win → 量产 AVL、重复订单与可确认收入,False,True,> 当前条件定位：当前证据最接近 基准 / 正常兑现；复合定位不需要。把资本结构与稀释单独改用悲观端后，当前宽基列估值由 $2.8—$6.5 降至约 $2.5—$6.0，中点下降约 8.6%，没有达到约 10%或建议改变一级的门槛。共享市场快照 MS-US-v1.0 锁定主状态 宽基风险扩张、唯一相邻状态 震荡 / 均值回归。当前纯格子的条件建议为 强烈不建议投资，目标期稀释后股权市值 $0.76bn—$1.69bn、每股价值 $2.8—$6.5、总回报 -79%—-51%；经营和市场状态证据强度均为中，估值置信度为低。当前最弱传导环节是 客户评估 / design win → 量产 AVL、重复订单与可确认收入；即使修复，约 $60m+ 年化费用底盘仍会成为下一道现金瓶颈。仅靠价格变化，宽基主状态下第一个正面边界约为 $3.50，较当前价低约 74%；相邻震荡状态约为 $2.60，低约 80%。若不依赖降价，则至少需要两家可验证的量产客户、一个具名 800V PVT/量产项目，以及连续两个季度收入 ≥$25m、非 GAAP 毛利率 ≥45%、现金消耗显著收敛，才能接近当前价格下的第一个正面经营行。相邻状态下当前行仍为强烈不建议，结论不因一次合理市场切换反转。概率层为 NA，因为经营尾部与市场状态的联合概率没有可辩护基础。
OKLO,D:\drive\Investment\分析报告\公司情景投资决策\结果\OKLO_经营情景市场状态投资决策_2026-07-15.md,35,震荡均值回归,US-explicit,共享市场快照 US-USD-20260715-CLOSE-MS5-v1 锁定 震荡 / 均值回归为主状态、宽基风险扩张为唯一相邻状态。基准 × 震荡格子的条件建议为 强烈不建议投资，稀释后市值 $3.3B–$5.8B、每股价值 $17–$30、15 个月总回报 -64% 至 -34%；相邻的基准 × 宽基扩张仍为 强烈不建议投资，每股 $19–$34、回报 -59% 至 -26%。经营与市场状态证据强度均为 中，当前格估值置信度为 低。最弱传导环节是 “强终端需求 / headline MW → 获许可、具约束力且可融资的公司项目”；它使 15.3GW 不能成为 backlog、收入或普通股价值。仅靠价格变化，主状态下第一个正面边界约为 $18.6，较当前低约 59%；相邻宽基扩张下约为 $21.0，较当前低约 54%。当前建议已处最低档，没有更弱的建议标签；若未来四季仍无正式 COLA / 经济 PPA且 ATM 在低价大量执行，标签不再下调，但价值区间低端会向基准压力格的 $10 / 股附近移动。若价格不变，最少需要正式商业许可申请受理、至少 150MW 具经济条款的 binding PPA / NTP 和项目级融资、以及可验证燃料与 FOAK 单位成本共同把经营位置推向突破；若市场同时转为真实核能主题扩张，乐观行才可能出现谨慎正面格。概率层为 NA，因为公开资料不足以为许可、客户转化、融资和市场状态建立可辩护联合概率。,True,False,,False,False,> 当前条件定位： 当前证据最接近 基准 / 正常兑现；复合定位 不需要。外部 clean-firm 电力需求偏强，但公司捕获仍被许可、具约束力 PPA、FOAK 成本和融资阻断；把需求端单独提高到乐观只使诊断性复合估值中点提高约 5%，未达到约 10% 或建议改变一级的门槛。共享市场快照 US-USD-20260715-CLOSE-MS5-v1 锁定 震荡 / 均值回归为主状态、宽基风险扩张为唯一相邻状态。基准 × 震荡格子的条件建议为 强烈不建议投资，稀释后市值 $3.3B–$5.8B、每股价值 $17–$30、15 个月总回报 -64% 至 -34%；相邻的基准 × 宽基扩张仍为 强烈不建议投资，每股 $19–$34、回报 -59% 至 -26%。经营与市场状态证据强度均为 中，当前格估值置信度为 低。最弱传导环节是 “强终端需求 / headline MW → 获许可、具约束力且可融资的公司项目”；它使 15.3GW 不能成为 backlog、收入或普通股价值。仅靠价格变化，主状态下第一个正面边界约为 $18.6，较当前低约 59%；相邻宽基扩张下约为 $21.0，较当前低约 54%。当前建议已处最低档，没有更弱的建议标签；若未来四季仍无正式 COLA / 经济 PPA且 ATM 在低价大量执行，标签不再下调，但价值区间低端会向基准压力格的 $10 / 股附近移动。若价格不变，最少需要正式商业许可申请受理、至少 150MW 具经济条款的 binding PPA / NTP 和项目级融资、以及可验证燃料与 FOAK 单位成本共同把经营位置推向突破；若市场同时转为真实核能主题扩张，乐观行才可能出现谨慎正面格。概率层为 NA，因为公开资料不足以为许可、客户转化、融资和市场状态建立可辩护联合概率。
ON,D:\drive\Investment\分析报告\公司情景投资决策\结果\ON_经营情景市场状态投资决策_2026-07-15.md,3,宽基风险扩张,US-explicit,共享市场快照“美国主要定价市场（NASDAQ/NYSE，USD）｜2026-07-15 13:33 PDT 收盘后｜Yahoo Finance/yfinance 2026-07-15、FRED 2026-07-14、FactSet/NYSE 2026-07-10｜MS-US-5B-v1.0”锁定主状态为“宽基风险扩张”，唯一相邻状态为“震荡 / 均值回归”。基准 × 宽基风险扩张格子的条件建议为“不建议投资”，目标日稀释后股权市值 269～426 亿美元、每股价值 59～95 美元、总回报 -36%～+3%；经营与市场状态证据强度均为“中”，估值置信度为“中”。当前最弱传导环节是“收入 → 单位经济与利润 → 报告自由现金流”：汽车与传统工业仍占收入 80.3%，产能利用率约 77%、库存 201 天、PSG 毛利率仅 27.2%，AI 与能源增长尚未充分穿透至公司整体现金收益。距离第一个正面区域，在经营和市场状态不变时，最高买入价约 65 美元，较现价低约 30%；若价格不变，则需要 AI 年化收入、库存/利用率和公司整体利润/现金流三组里程碑共同把经营证据推进至乐观行，无需市场列先切换。相邻市场状态下，基准格子变为“强烈不建议投资”，每股价值 47～77 美元。最小减弱条件是实际利率继续上行并令共享市场快照转入震荡，或 Q2/H2 毛利和订单转换低于基准路径。概率层为 NA：目前没有足以辩护四种经营情景与五种市场状态联合概率及相关性的基础率。,True,False,位经济与利润 → 报告自由现金流”,True,False,> 当前条件定位： 截至 2026-07-15，当前证据最接近“基准 / 正常兑现”纯经营行；复合定位不需要，因为 AI 数据中心与能源基础设施偏强、传统汽车与工业盈利转换偏弱的冲突，纳入基准区间后相对于另建复合路径只使每股价值中点下降约 3%，没有跨过 10% 或一级建议门槛。共享市场快照“美国主要定价市场（NASDAQ/NYSE，USD）｜2026-07-15 13:33 PDT 收盘后｜Yahoo Finance/yfinance 2026-07-15、FRED 2026-07-14、FactSet/NYSE 2026-07-10｜MS-US-5B-v1.0”锁定主状态为“宽基风险扩张”，唯一相邻状态为“震荡 / 均值回归”。基准 × 宽基风险扩张格子的条件建议为“不建议投资”，目标日稀释后股权市值 269～426 亿美元、每股价值 59～95 美元、总回报 -36%～+3%；经营与市场状态证据强度均为“中”，估值置信度为“中”。当前最弱传导环节是“收入 → 单位经济与利润 → 报告自由现金流”：汽车与传统工业仍占收入 80.3%，产能利用率约 77%、库存 201 天、PSG 毛利率仅 27.2%，AI 与能源增长尚未充分穿透至公司整体现金收益。距离第一个正面区域，在经营和市场状态不变时，最高买入价约 65 美元，较现价低约 30%；若价格不变，则需要 AI 年化收入、库存/利用率和公司整体利润/现金流三组里程碑共同把经营证据推进至乐观行，无需市场列先切换。相邻市场状态下，基准格子变为“强烈不建议投资”，每股价值 47～77 美元。最小减弱条件是实际利率继续上行并令共享市场快照转入震荡，或 Q2/H2 毛利和订单转换低于基准路径。概率层为 NA：目前没有足以辩护四种经营情景与五种市场状态联合概率及相关性的基础率。
ONTO,D:\drive\Investment\分析报告\公司情景投资决策\结果\ONTO_经营情景市场状态投资决策_2026-07-15.md,29,宽基风险扩张,US-explicit,共享市场快照 美国主要定价市场｜2026-07-15 16:00 ET｜规则 v1.0-2026-07-15 锁定 宽基风险扩张，相邻状态为 震荡 / 均值回归。,True,False,PA 与 backlog → 多客户、按期验收的可确认收入,False,True,> 当前条件定位：当前证据最接近 基准 / 正常兑现；复合定位不需要。外部需求和公司订单处于基准上端，但已经确认的收入、利润率、自由现金流和多客户复制尚不足以进入乐观行；把“上端需求 + 基准兑现”单独做成复合假设，只使当前宽基状态每股价值中点下降约 3%，建议仍为“不建议投资”，未达到 10% 或一级建议差异门槛。共享市场快照 美国主要定价市场｜2026-07-15 16:00 ET｜规则 v1.0-2026-07-15 锁定 宽基风险扩张，相邻状态为 震荡 / 均值回归。对应当前条件格子为 不建议投资，稀释后股权市值 $8.0bn–$18.8bn、每股价值 $160–$375、目标期总回报 -48%～+23%；经营与市场状态证据强度均为 中，估值置信度 低。当前最弱传导环节为 已获资格、VPA 与 backlog → 多客户、按期验收的可确认收入：行业需求已经较强，但标准化 backlog、G5 台数、copy order 和验收节奏仍不完整，低端价值会直接落入悲观行。按当前经营与宽基市场假设，条件建议首次转为正面的最高买入价约 $255，比当前价低约 16%；若价格不变，则需在“Q2/H2量价利润路径维持”“G5/3Di多客户重复订单”“Atlas G6 copy/POR且FCF率进入20%以上”三项里至少确认两项，使经营行上移至乐观。市场无需变得更有利；若转入相邻的震荡状态，乐观经营仍仅为中性，正面区域进一步要求突破经营。当前邻域建议范围为 不建议投资—谨慎建议投资；最小明确减弱条件是 G5/VPA 验收后移且 backlog 降至不足一个季度，或共享市场转入有序风险收缩。概率层 NA，因为经营行、市场状态及其相关性没有可辩护的联合概率。
ORCL,D:\drive\Investment\分析报告\公司情景投资决策\结果\ORCL_经营情景市场状态投资决策_2026-07-15.md,36,宽基风险扩张,US-explicit,共享市场快照“美国大盘股｜2026-07-15｜US-EQ-MKT-v1.0”锁定 宽基风险扩张，唯一相邻状态为 震荡 / 均值回归。,True,False,成合格经营能力后，利润能否穿过 90～95bn 级 FY2027 报告 CapEx、长期租赁、利息和 ATM 稀释，变成普通股每股自由现金流,True,False,> 当前条件定位： 当前证据最接近 基准 / 正常兑现；复合定位 不需要，因为强劲需求/RPO、基准收入确认与偏弱现金转换已经能在同一完整基准行中表达，假设性复合估值相对纯基准中点只低约 4%，且建议不变。共享市场快照“美国大盘股｜2026-07-15｜US-EQ-MKT-v1.0”锁定 宽基风险扩张，唯一相邻状态为 震荡 / 均值回归。对应当前纯格子的条件建议为 建议投资，稀释后市值 462～652bn、每股价值 150～205 美元、目标期总回报 +15.1%～+56.6%；经营与市场状态证据强度分别为 中 / 高，估值置信度为 中。当前最弱传导环节为 成长性投入形成合格经营能力后，利润能否穿过 90～95bn 级 FY2027 报告 CapEx、长期租赁、利息和 ATM 稀释，变成普通股每股自由现金流。当前格子已经位于第一个正面区域；仅靠价格变化，保持至少“谨慎建议投资”的最高买入价约 154 美元，距现价约 +16%。经营证据距离为 0，无需切换市场列；但若市场退回相邻的震荡列，基准格子降为 中性 / 等待，当前价需要降至约 120 美元或经营上移至乐观行才重新进入正面区域。概率层 NA，因为没有可辩护的经营—市场联合概率。
P,D:\drive\Investment\分析报告\公司情景投资决策\结果\P_经营情景市场状态投资决策_2026-07-15.md,40,宽基风险扩张,US-explicit,共享快照 US-EQ-20260715-CLOSE-5B-v1.0 锁定 宽基风险扩张 为主状态、震荡 / 均值回归 为唯一相邻状态。,True,False,报告自由现金流、再投资回报及完全稀释每股价值的转换,True,False,> 当前条件定位： 当前证据最接近 基准 / 正常兑现；复合定位 不需要，因为收入与公司捕获、利润和现金之间的差异可以由基准行低端完整表达，压力覆盖的中点仅比纯基准低约 8%，且没有第二个独立、决定性的传导环节达到另一经营行。共享快照 US-EQ-20260715-CLOSE-5B-v1.0 锁定 宽基风险扩张 为主状态、震荡 / 均值回归 为唯一相邻状态。当前主格为 谨慎建议投资｜-6%～+36%｜估值置信度中，稀释后市值 $23.60B–$33.52B、每股 $66.5–$96.0；经营与市场状态证据强度分别为 高 / 中。当前最弱传导环节为 收入与毛利向报告自由现金流、再投资回报及完全稀释每股价值的转换：Q1 价格/提前采购提高了收入，元件成本、营运资本、Evergreen 设备投入和 $122.1M 单季 SBC 又削弱现金与每股留存。当前格的正面建议可承受最高买入价约 $74，距当前价约 +4.6%；若要求升级到“建议投资”，价格需约 $69 或以下，或由经营里程碑上移价值区间。同行已有正面格子，经营证据距离按统一口径为 0；但要让相邻震荡列也转正，需价格约 $63 或以下，或同时验证产品毛利、hyperscale 与 FCF。相邻市场状态下为 中性 / 等待｜-19%～+18%｜中。概率层为 NA，因为没有可辩护的经营—市场联合概率。
PENG,D:\drive\Investment\分析报告\公司情景投资决策\结果\PENG_经营情景市场状态投资决策_2026-07-15.md,3,宽基风险扩张,US-explicit,共享市场快照 美国上市美元股票｜2026-07-15 13:33 PDT｜Yahoo Finance 2026-07-15 收盘、FRED 2026-07-14、FactSet 2026-07-02｜MS-US-v1.0 锁定 宽基风险扩张为主状态、窄幅 / 主题主导上涨为唯一相邻状态。基准 × 宽基风险扩张的条件建议为 不建议投资，稀释后股权市值约 17.5–65.1 亿美元、每股价值 25–93 美元、15 个月总回报 -66%～+28%；相邻主题状态下仍为 不建议投资，每股价值 27–98 美元、总回报 -63%～+35%。经营与市场状态证据强度均为中，估值置信度为低。当前最弱传导环节为 股东可得价值 → 完全稀释每股价值：7 月 14 日已定价但尚待 7 月 17 日交割的可转债置换将约 870 万股旧债经济稀释显性化，SKT 优先股另,True,False, → 完全稀释每股价值,True,False,> 当前条件定位： 当前证据最接近 基准 / 正常兑现；复合定位不需要。前端内存需求和公司捕获偏向乐观，但 Advanced Computing 的利润质量、营运资金现金转换和完全稀释每股价值仍落在基准区间低端；候选复合估值中点仅比纯基准高约 5%，建议不变，未达到 10% 或一级建议差异门槛。共享市场快照 美国上市美元股票｜2026-07-15 13:33 PDT｜Yahoo Finance 2026-07-15 收盘、FRED 2026-07-14、FactSet 2026-07-02｜MS-US-v1.0 锁定 宽基风险扩张为主状态、窄幅 / 主题主导上涨为唯一相邻状态。基准 × 宽基风险扩张的条件建议为 不建议投资，稀释后股权市值约 17.5–65.1 亿美元、每股价值 25–93 美元、15 个月总回报 -66%～+28%；相邻主题状态下仍为 不建议投资，每股价值 27–98 美元、总回报 -63%～+35%。经营与市场状态证据强度均为中，估值置信度为低。当前最弱传导环节为 股东可得价值 → 完全稀释每股价值：7 月 14 日已定价但尚待 7 月 17 日交割的可转债置换将约 870 万股旧债经济稀释显性化，SKT 优先股另对应约 610 万股，且现金流尚未证明能抵消每股分母扩张。仅靠价格转正，宽基 / 主题状态的最高买入价约为 48 / 51 美元，分别比当前价低约 34% / 30%；仅靠经营证据转正，需要 NTM 收入进入 23 亿美元以上、Advanced 毛利与软件服务附加率改善、且自由现金流和完全稀释股数同时受控。最近正面经营行为乐观行，不要求市场状态改变。概率层为 NA，因为缺少可辩护的经营 × 市场联合概率。
PH,D:\drive\Investment\分析报告\公司情景投资决策\结果\PH_经营情景市场状态投资决策_2026-07-15.md,27,宽基风险扩张,US-explicit,共享市场快照 US_EQ_USD_2026-07-15_CLOSE_v1.0 锁定 宽基风险扩张，唯一相邻状态为 震荡 / 均值回归。,True,False,长投入能否形成足以覆盖融资成本的现金 ROIC，并穿过利息、整合现金支出和去杠杆到达普通股,True,False,"> 当前条件定位： 当前证据最接近 基准 / 正常兑现；复合定位 不需要，因为航空与工业前端虽位于基准上沿，但并购回报与去杠杆的不确定性仍可由基准区间低端完整表达，候选复合中点相对纯基准只变化约 2%，未达到 10% 或建议一级门槛。共享市场快照 US_EQ_USD_2026-07-15_CLOSE_v1.0 锁定 宽基风险扩张，唯一相邻状态为 震荡 / 均值回归。对应当前纯格子的条件建议为 不建议投资，稀释后股权市值 $98.7B–$132.1B、每股价值 $762–$1,032、目标期总回报 -19%～+9%；经营与市场状态证据强度分别为 高 / 中，估值置信度为 中。当前最弱传导环节是 高价并购与成长投入能否形成足以覆盖融资成本的现金 ROIC，并穿过利息、整合现金支出和去杠杆到达普通股。距离第一个正面区域还需要价格降至约 $905 或以下（约 -5%），或经营证据进入乐观行；最近正面经营路径不要求市场列变化。相邻的震荡状态下仍为 不建议投资，每股价值 $637–$875、总回报 -32%～-7%。最小减弱条件是信用/利率上行使市场切换到有序收缩，或两笔交易后净杠杆高于 3.0x 且 FCF 未同步增长。概率层 NA，因为没有可辩护的经营与市场联合概率。"
PLAB,D:\drive\Investment\分析报告\公司情景投资决策\结果\PLAB_经营情景市场状态投资决策_2026-07-15.md,48,宽基风险扩张,US-explicit,共享市场快照 US-USD｜2026-07-15｜MS-5B-v1.0 锁定主状态 宽基风险扩张、唯一相邻状态 震荡 / 均值回归。,True,False,位经济与利润 → 高资本开支期自由现金流,True,False,> 当前条件定位： 当前证据最接近 基准 / 正常兑现；复合定位不需要，因为高端 IC 偏弱、高端 FPD 偏强以及资本开支期 FCF 偏弱已经可以在基准行的产品组合、现金区间与估值低端中完整保留，另建复合定位只会使当前主状态估值中点下降约 4%，没有达到 10% 或建议改变一级的门槛。共享市场快照 US-USD｜2026-07-15｜MS-5B-v1.0 锁定主状态 宽基风险扩张、唯一相邻状态 震荡 / 均值回归。对应当前主格子的建议为 中性 / 等待，稀释后市值 $1.55B—$2.54B、每股价值 $25.4—$42.1、目标期总回报 -15%—+41%；经营与市场状态证据强度分别为 中高 / 中，估值置信度为 中。当前最弱传导环节为 收入 → 单位经济与利润 → 高资本开支期自由现金流：基准收入可以增长，但新线折旧、资格批次和低利用率使营业利润可能近乎不增，且 FY2026 约 $330M CapEx 使报告 FCF 可能转负。距离第一个正面区域还需要价格降至约 $28.6（较 $29.77 低约 3.9%，主市场列、18% 中心门槛），或经营证据完成高端 IC 连续性、G8.6 毛利与 Allen/现金回报三项里程碑；市场状态无需先改变。相邻震荡状态下建议仍为 中性 / 等待，价值 $22.5—$36.9、回报 -25%—+24%；最小减弱条件是市场转向有序收缩而经营仍停留基准，或综合毛利率持续低于 30% 且收入不增。概率层 NA，原因是 1—3 周短交期、未披露 Bookings/可靠 Backlog 与经营—市场联合关系不足以支持可辩护概率。
PNR,D:\drive\Investment\分析报告\公司情景投资决策\结果\PNR_经营情景市场状态投资决策_2026-07-15.md,48,宽基风险扩张,US-explicit,共享市场快照 美国股票/美元｜2026-07-15 16:00 ET…｜US-M5-v1.0 锁定宽基风险扩张，相邻状态为震荡 / 均值回归。,True,False,端 sell-through / 渠道库存 → Pentair 可确认收入 → 高增量利润,True,False,> 当前条件定位：当前证据最接近 悲观 / 受损纯经营行；复合定位不需要。决定性冲突不是“所有业务都变差”，而是最大利润池 Pool 的渠道捕获与收入确认已经受损，且全年约 $250M 销售 / $155M 分部利润的去库存影响足以定义完整的悲观路径；Flow 与 Water Solutions 大体符合旧基准只缩小悲观行的下端，并未使复合估值中点相对纯行变化 10%。共享市场快照 美国股票/美元｜2026-07-15 16:00 ET…｜US-M5-v1.0 锁定宽基风险扩张，相邻状态为震荡 / 均值回归。对应当前纯格子的条件建议为 不建议投资，稀释后市值 $8.4B–$12.0B、每股价值 $51–$73、目标期总回报 -19.0%～+15.2%；相邻市场列仍为 不建议投资｜$47–$63｜-25.3%～-0.4%。经营与市场状态证据强度均为高，当前格子估值置信度为中。当前最弱传导环节为 Pool 终端 sell-through / 渠道库存 → Pentair 可确认收入 → 高增量利润：Q2 每少发货 $1，对 Pool 分部利润的初步影响约 $0.62，先压收入、再放大利润与现金流损失。距离第一个正面区域还需要价格降至约 $53.5–$54.9（较 $64.33 低约 14.7%–16.9%），或经营证据完成 Pool 库存止跌、利润率修复和现金流去杠杆三步；无需更有利的市场列，但若市场转入有序风险收缩，基准兑现也不足以形成正面格子。概率层 NA，原因是 7 月 14 日冲击后经营基础率尚未重建，且经营与市场状态存在相关性，无法给出可辩护联合概率。
POET,D:\drive\Investment\分析报告\公司情景投资决策\结果\POET_经营情景市场状态投资决策_2026-07-15.md,3,宽基风险扩张,US-explicit,共享市场快照 美国股票/美元（Nasdaq 定价）｜2026-07-15 美股收盘；信用与利率截至 2026-07-14｜Yahoo Finance/yfinance、Cboe、FRED/ICE BofA、FactSet｜MS-US-2026-07-15-v1.0 锁定 宽基风险扩张，唯一相邻状态为 窄幅 / 主题主导上涨。,True,False,否穿过客户资格/AVL、合格良率、交付验收和回款，变成 POET 可复购收入,False,True,> 当前条件定位： 当前证据最接近 基准 / 正常兑现；复合定位不需要，因为“行业需求偏乐观、公司捕获与单位经济仍待验证”的冲突已经被基准行的宽区间和低估值置信度完整保留，另建复合定位只使当前价值中点下降约 2%—3%，不改变建议。共享市场快照 美国股票/美元（Nasdaq 定价）｜2026-07-15 美股收盘；信用与利率截至 2026-07-14｜Yahoo Finance/yfinance、Cboe、FRED/ICE BofA、FactSet｜MS-US-2026-07-15-v1.0 锁定 宽基风险扩张，唯一相邻状态为 窄幅 / 主题主导上涨。对应当前纯格子的建议为 不建议投资：宽基列稀释后市值 11.35亿—20.30亿美元、每股价值 5.16—9.90美元、目标期总回报 -38%—+20%；相邻主题列为 11.90亿—21.20亿美元、5.41—10.34美元、-35%—+25%。经营与市场状态证据强度分别为 中 / 高，估值置信度为 低。当前最弱传导环节是 外部强需求能否穿过客户资格/AVL、合格良率、交付验收和回款，变成 POET 可复购收入；即使修复，下一瓶颈仍是产品毛利、自由现金流与成功触发的稀释。距离第一个正面区域，宽基列仅靠价格需要最高买入价约 5.79美元（较8.27美元低30%），主题列约 6.06美元（低27%）；或经营证据需同时出现现有 800G 订单交付回款、1.6T/ELS 量产资格与产品毛利率超过 35% 等里程碑；无需市场状态变化。相邻状态下建议仍为不建议投资；最小减弱条件是 800G 订单再延期/取消，或 2026Q3—Q4 仍未出现产品收入阶跃。概率层为 NA，因为没有可辩护的经营—市场联合概率，本文不以主观权重制造单一目标价。
POWI,D:\drive\Investment\分析报告\公司情景投资决策\结果\POWI_经营情景市场状态投资决策_2026-07-15.md,38,宽基风险扩张,US-explicit,共享市场快照 MS-US-2026-07-15-v1.0 锁定主状态“宽基风险扩张”、唯一相邻状态“震荡 / 均值回归”。,True,False,esign win 与需求机会能否通过客户 AVL/PVT、量产份额和收入确认变成可持续收入”，尤其是 800VDC AI 电源路径,False,True,> 当前条件定位： 当前证据最接近“基准 / 正常兑现”；复合定位不需要，因为把 SCALE 与早期 AI 电源证据提至乐观、其余维持基准后，估值中点只比纯基准提高约 8.5%，建议不变，也没有新增纯基准区间无法表达的融资、稀释或永久损失风险。共享市场快照 MS-US-2026-07-15-v1.0 锁定主状态“宽基风险扩张”、唯一相邻状态“震荡 / 均值回归”。对应当前纯格子为“强烈不建议投资”：稀释后市值 $2.04bn～$3.29bn、每股价值 $36～$58、15 个月总回报 −48%～−17%；经营与市场状态证据强度均为“中”，估值置信度为“中”。当前最弱传导环节是“参考设计、design win 与需求机会能否通过客户 AVL/PVT、量产份额和收入确认变成可持续收入”，尤其是 800VDC AI 电源路径；在经营和市场假设不变时，首次进入正面区域需要买入价不高于约 $42，即较当前价低约 41%。若价格不变，则至少需要可验证的多客户量产、公司收入与毛利跃迁以及扣除全部成长投入后的自由现金流共同把经营行推进至突破。相邻市场状态下仍为“强烈不建议投资”，总回报为 −55%～−28%。当前已经处于统一建议刻度的最弱一级，因此“进一步减弱”的建议边界不适用；Q2 低于指引或渠道恶化只会扩大损失区间并强化悲观迁移，不会再降一级。概率层为 NA：没有足以支持经营行与市场列联合概率、相关性和尾部概率的可辩护基础率。
POWL,D:\drive\Investment\分析报告\公司情景投资决策\结果\备份\POWL_2026-08-19T12_34_41-07_00-adcdceb9eb\POWL_经营情景市场状态投资决策_2026-07-15.md,28,宽基风险扩张,US-explicit,共享市场快照 US-USD-20260715-CLOSE-5B-v1.0 锁定 宽基风险扩张为主状态、震荡/均值回归为唯一相邻状态。基准 × 宽基风险扩张的条件建议为 强烈不建议投资，稀释后股权市值 $3.83B—$9.22B、每股价值 $103—$250、目标期总回报 -58%—+1%；相邻的基准 × 震荡格为 强烈不建议投资，每股 $89—$212、回报 -64%—-14%。经营与市场状态证据强度分别为 高 / 中，当前格估值置信度 低。当前最弱传导环节是 “已捕获订单与新增产能 → 按期收入 → 固定价项目单位经济与现金”：需求和订单已有证据，租赁产能、工程/FAT、项目成本、营运资金和多客户复购尚未共同兑现。按综合估值区间和 +18%门槛，仅靠价格变化，主状态下首个正面买入边界约 $150（较当前低 39%），相邻震荡状态约 $128（低 48%）；按当前价格，最近正面纯格为 乐观 × 窄幅/主题主导上涨，需要经营证据上移且市场切换，若市场仍为宽基扩张，则须达到更远的 突破 × 宽基风险扩张。概率层 NA，因为没有可辩护的经营—市场联合概率及相关性基础率。,True,False,与新增产能 → 按期收入 → 固定价项目单位经济与现金”,True,False,> 当前条件定位：当前证据最接近 基准 / 正常兑现；复合定位不需要，因为强劲订单捕获已被基准收入路径折算，尚未形成一条独立、已实现的乐观利润与现金路径。共享市场快照 US-USD-20260715-CLOSE-5B-v1.0 锁定 宽基风险扩张为主状态、震荡/均值回归为唯一相邻状态。基准 × 宽基风险扩张的条件建议为 强烈不建议投资，稀释后股权市值 $3.83B—$9.22B、每股价值 $103—$250、目标期总回报 -58%—+1%；相邻的基准 × 震荡格为 强烈不建议投资，每股 $89—$212、回报 -64%—-14%。经营与市场状态证据强度分别为 高 / 中，当前格估值置信度 低。当前最弱传导环节是 “已捕获订单与新增产能 → 按期收入 → 固定价项目单位经济与现金”：需求和订单已有证据，租赁产能、工程/FAT、项目成本、营运资金和多客户复购尚未共同兑现。按综合估值区间和 +18%门槛，仅靠价格变化，主状态下首个正面买入边界约 $150（较当前低 39%），相邻震荡状态约 $128（低 48%）；按当前价格，最近正面纯格为 乐观 × 窄幅/主题主导上涨，需要经营证据上移且市场切换，若市场仍为宽基扩张，则须达到更远的 突破 × 宽基风险扩张。概率层 NA，因为没有可辩护的经营—市场联合概率及相关性基础率。
PSIX,D:\drive\Investment\分析报告\公司情景投资决策\结果\PSIX_经营情景市场状态投资决策_2026-07-15.md,39,宽基风险扩张,US-explicit,共享市场快照 MS-US-2026-07-15-v1.0 锁定 宽基风险扩张为主状态、窄幅/主题主导上涨为唯一相邻状态。,True,False,单 → 按时交付并以可接受单位经济确认为收入,True,True,> 当前条件定位： 当前证据最接近 基准 / 正常兑现；复合定位 不需要，因为“行业需求偏强”已经是基准路径的上游条件，而订单透明度、交付、毛利、现金和资本结构仍共同落在基准区间。相对最接近纯行，构造“偏乐观需求 + 基准公司捕获”的复合值仅把当前主状态下每股区间由 $28—$47推至约 $29—$48，中点变化约 2.7%，建议不变，未达到 10%/一级建议/新增永久损失门槛。共享市场快照 MS-US-2026-07-15-v1.0 锁定 宽基风险扩张为主状态、窄幅/主题主导上涨为唯一相邻状态。对应主状态纯格子的条件建议为 谨慎建议投资，稀释后市值 $0.65bn—$1.09bn、每股价值 $28—$47、目标期总回报 -16%—+40%；相邻主题状态仍为 谨慎建议投资，每股 $30—$53、回报 -10%—+58%。经营与市场状态证据强度均为 中，两格估值置信度为 中。当前最弱传导环节是 公司可捕获订单 → 按时交付并以可接受单位经济确认为收入：行业需求强，但无量化 backlog、Q1 Power Systems 同比下降 9.5%、毛利仅 22.9%，使价值低端仍可能落到当前价以下。当前格已经位于第一个正面区域，经营证据距离为 0；主状态下谨慎正面可承受的最高价格约 $34.33，现价仅低 $0.87 / 2.6%，相邻主题状态上限约 $37.50。无需市场切换即可保持弱正面，但若市场转为震荡列，现价建议降为中性；最小经营减弱条件是 Q2 收入低于 $120m 或毛利低于 21.5%，最小价格减弱条件是主状态下价格高于 $34.33。概率层为 NA。
PWR,D:\drive\Investment\分析报告\公司情景投资决策\结果\PWR_经营情景市场状态投资决策_2026-07-15.md,31,宽基风险扩张,US-explicit,"共享市场快照“美国上市股票（USD）｜2026-07-15 13:33 PDT｜Yahoo Finance 2026-07-15、Cboe 2026-07-15、FRED 2026-07-13/14、FactSet 2026-07-02｜MS5-US-v1.0”锁定 宽基风险扩张 为主状态、窄幅 / 主题主导上涨 为唯一相邻状态。基准 × 宽基风险扩张格子的条件建议为 不建议投资，稀释后股权市值 824—1,066 亿美元、每股价值 537—703 美元、目标期总回报 -17%—+8%；经营与市场状态证据强度均为 中，估值置信度为 中。当前最弱传导环节为 收入 → 单位经济与利润 → 自由现金流：60.6% 固定价收入、设备 pass-through、赶工与营运资本可使高收入不能同比例留下。距离第一个正面区域还需要价格降至约 590 美元（约 -9.1%）、或经营证据上移到乐观行的三项里程碑；单独切换到主题列只会令建议变为“中性 / 等待”，尚不足以转正。相邻状态下建议范围为 不建议投资至中性 / 等待；最小减弱条件为 RPO 增速跌破 15%、Electric 有机增长跌破 8%，或收入上调而 FCF 下调。概率层为 NA，原因是缺少可辩护的经营—市场联合基础率。",True,False,位经济与利润 → 自由现金流,True,False,"> 当前条件定位：当前证据最接近 基准 / 正常兑现；复合定位 不需要。外部需求和订单处于基准高端至乐观端，但公司平均项目范围、固定价项目利润和自由现金流仍在基准范围内，合理扩大基准区间即可保留冲突；假设性复合定位并未令价值中点变化约 10% 或改变条件建议。共享市场快照“美国上市股票（USD）｜2026-07-15 13:33 PDT｜Yahoo Finance 2026-07-15、Cboe 2026-07-15、FRED 2026-07-13/14、FactSet 2026-07-02｜MS5-US-v1.0”锁定 宽基风险扩张 为主状态、窄幅 / 主题主导上涨 为唯一相邻状态。基准 × 宽基风险扩张格子的条件建议为 不建议投资，稀释后股权市值 824—1,066 亿美元、每股价值 537—703 美元、目标期总回报 -17%—+8%；经营与市场状态证据强度均为 中，估值置信度为 中。当前最弱传导环节为 收入 → 单位经济与利润 → 自由现金流：60.6% 固定价收入、设备 pass-through、赶工与营运资本可使高收入不能同比例留下。距离第一个正面区域还需要价格降至约 590 美元（约 -9.1%）、或经营证据上移到乐观行的三项里程碑；单独切换到主题列只会令建议变为“中性 / 等待”，尚不足以转正。相邻状态下建议范围为 不建议投资至中性 / 等待；最小减弱条件为 RPO 增速跌破 15%、Electric 有机增长跌破 8%，或收入上调而 FCF 下调。概率层为 NA，原因是缺少可辩护的经营—市场联合基础率。"
Q,D:\drive\Investment\分析报告\公司情景投资决策\结果\Q_经营情景市场状态投资决策_2026-07-15.md,3,宽基风险扩张,US-explicit,共享市场快照 美国上市股票（USD）｜2026-07-15 16:00 ET｜US-MKT-5B-v1.0 锁定 宽基风险扩张 为主状态、震荡 / 均值回归 为唯一相邻状态。基准 × 宽基格子的条件建议为 不建议投资，稀释后股权价值 $26.5B～$35.0B、每股价值 $124～$166、15 个月总回报 -11%～+19%；经营与市场状态证据强度均为 中，估值置信度为 中。相邻的基准 × 震荡格子为 强烈不建议投资｜-25%～0%｜中。当前最弱传导环节是 已承诺成长性投入 → 合格产能、增量回报与报告口径自由现金流：2026 年 CapEx 约占收入 9%，Q1 调整后自由现金流仅 $28M，而新设施仍需客户资格、良率和利用率证明。若经营和市场假设不变，条件建议首次转正的最高买入价约为 $102（较 $140.23 低 27%）；若处于相邻震荡状态则约为 $87（低 38%）。固定当前价格与宽基列，转正需进入乐观行，最少需要产品量产资格、价格/组合及成长项目现金回报三类证据中的两至三项共同成立。概率层为 NA，原因是独立上市历史不足一年，且经营情景与市场状态的联合基础率不可辩护。,True,False,投入 → 合格产能、增量回报与报告口径自由现金流,True,False,> 当前条件定位： 当前证据最接近 基准 / 正常兑现；复合定位 不需要，因为把“近期需求/公司捕获偏乐观”与“价格、成长投入及现金转换仍属基准”组合后，每股价值中点仅比纯基准提高约 5.5%，建议不变，未达到约 10% 或一级建议差异的门槛。共享市场快照 美国上市股票（USD）｜2026-07-15 16:00 ET｜US-MKT-5B-v1.0 锁定 宽基风险扩张 为主状态、震荡 / 均值回归 为唯一相邻状态。基准 × 宽基格子的条件建议为 不建议投资，稀释后股权价值 $26.5B～$35.0B、每股价值 $124～$166、15 个月总回报 -11%～+19%；经营与市场状态证据强度均为 中，估值置信度为 中。相邻的基准 × 震荡格子为 强烈不建议投资｜-25%～0%｜中。当前最弱传导环节是 已承诺成长性投入 → 合格产能、增量回报与报告口径自由现金流：2026 年 CapEx 约占收入 9%，Q1 调整后自由现金流仅 $28M，而新设施仍需客户资格、良率和利用率证明。若经营和市场假设不变，条件建议首次转正的最高买入价约为 $102（较 $140.23 低 27%）；若处于相邻震荡状态则约为 $87（低 38%）。固定当前价格与宽基列，转正需进入乐观行，最少需要产品量产资格、价格/组合及成长项目现金回报三类证据中的两至三项共同成立。概率层为 NA，原因是独立上市历史不足一年，且经营情景与市场状态的联合基础率不可辩护。
QCOM,D:\drive\Investment\分析报告\公司情景投资决策\结果\QCOM_经营情景市场状态投资决策_2026-07-15.md,52,宽基风险扩张,US-explicit,共享市场快照 US_EQ_USD_20260715_CLOSE_MS5_v1 锁定 宽基风险扩张为主状态、震荡 / 均值回归为唯一相邻状态。主状态,True,False,赢单/部署目标能否按期转成已验收收入并保持单位经济,True,True,> 当前条件定位：当前证据最接近 基准 / 正常兑现；复合定位 不需要，因为手机偏弱已经是基准行的共同驱动，且没有第二个独立、决定性的传导环节落入另一经营行。共享市场快照 US_EQ_USD_20260715_CLOSE_MS5_v1 锁定 宽基风险扩张为主状态、震荡 / 均值回归为唯一相邻状态。主状态对应纯格子的条件建议为 建议投资，稀释后市值 186–263B、每股价值 173–255 美元、15个月总回报 0%～+46%；经营与市场状态证据强度均为 中，估值置信度为 中。相邻市场列对应 中性 / 等待，每股价值 157–229 美元、回报 -9%～+31%。当前最弱传导环节是 数据中心设计赢单/部署目标能否按期转成已验收收入并保持单位经济；主状态下正面建议可承受的中心门槛最高买价约 185 美元，较当前价余量约 7 美元 / 3.9%；相邻状态下首次转正的价格约 168 美元，当前价需下降约 5.9%。主状态经营证据距离为 0；相邻状态若不降价，则需 custom silicon 按 Q1 FY2027 开始确认且 Data Center 单季跨过 0.5B、同时 QCT EBT 率守住 25% 的可观察里程碑。最小减弱条件是市场仅切至震荡列，或 custom 项目延迟超过一季并伴随 QCT EBT 率跌破 25%。概率层为 NA，因为没有可辩护的经营×市场联合概率及相关结构。
RKLB,D:\drive\Investment\分析报告\公司情景投资决策\结果\RKLB_经营情景市场状态投资决策_2026-07-15.md,3,宽基风险扩张,US-explicit,共享市场快照“美国上市成长股（USD；Nasdaq/NYSE）｜2026-07-15 16:00 ET（利率/信用至 2026-07-14；NFCI 与盈利预期至 2026-07-10）｜Yahoo Finance ETF/指数收盘、FRED、Cboe、FactSet｜US-20260715-1600ET-MS5-v1.0”锁定“宽基风险扩张”为主状态、“震荡 / 均值回归”为唯一相邻状态。,True,True,并购融资 → 股东可得价值 → 完全稀释每股价值”,True,False,> 当前条件定位： 当前经营证据最接近“基准 / 正常兑现”；但 Iridium 交易带来的并购融资、净债务和完全稀释股数，是一个与基准经营路径相冲突且对每股价值具有决定性的非线性资本环节，复合定位达到门槛。相对“纯基准 × 宽基风险扩张”，复合资本桥使每股价值中点由约 $21.2 降至约 $18.7，下降约 12%；再计入当前航空航天板块“退出 / 资金流出”修正后，当前条件价值为约 $8.5～$26.3。共享市场快照“美国上市成长股（USD；Nasdaq/NYSE）｜2026-07-15 16:00 ET（利率/信用至 2026-07-14；NFCI 与盈利预期至 2026-07-10）｜Yahoo Finance ETF/指数收盘、FRED、Cboe、FactSet｜US-20260715-1600ET-MS5-v1.0”锁定“宽基风险扩张”为主状态、“震荡 / 均值回归”为唯一相邻状态。对应当前复合条件的建议为“强烈不建议投资”，目标期稀释后市值约 $6.3B～$18.7B、每股价值约 $8.5～$26.3、总回报约 -89%～-65%；经营与市场状态证据强度均为“中”，估值置信度为“低”。当前最弱传导环节是“成长性投入与并购融资 → 股东可得价值 → 完全稀释每股价值”：Rocket Lab 已有真实订单与收入增长，但 Iridium 的约 $2.85B 现金对价、过桥融资、换股和后续股份支付可能先于协同现金流到达普通股。保持当前经营与市场假设不变，首次达到正面条件建议的估算最高买入价约 $14～$15，较 $76.20 低约 81%；经营证据还需 Neutron 重复成功、Space Systems 交付与现金转换、以及并购长期融资和稀释同时过关。相邻“震荡 / 均值回归”状态下，复合价值约 $3.9～$18.4，建议仍为“强烈不建议投资”。概率层为 NA：缺少可辩护的经营—市场联合概率，不能用主观权重覆盖条件矩阵。
RMBS,D:\drive\Investment\分析报告\公司情景投资决策\结果\RMBS_经营情景市场状态投资决策_2026-07-15.md,56,宽基风险扩张,US-explicit,共享市场快照 美国股票/USD｜2026-07-15 16:00 ET｜MS-5B-v1.0 锁定主状态为 宽基风险扩张、唯一相邻状态为 震荡 / 均值回归。当前纯格子的条件建议为 不建议投资，稀释后市值 $7.58bn—$11.79bn、每股价值 $67.7—$107.1、15 个月总回报 -34%—+4%；经营与市场状态证据强度均为 中，估值置信度为 中。当前最弱传导环节是“行业需求 → Rambus 的客户资格、RCD/配套芯片份额与后端合格交付”：DDR5 与 AI 内存带宽需求强，但公司没有披露足以锁定 NTM 的单位、ASP、不可取消订单或 MRDIMM/SOCAMM2 客户量产表。若经营和市场假设不变，第一个正面区域的最高买入价约 $74，较当前价低约 28%；经营证据需要至少完成配套芯片持续放量、DDR5-9600 客户资格/份额保持，以及一项 MRDIMM 或高端 IP 的可量化商业兑现。市场状态无需变得更强，但单靠从宽基切到主题上涨也不能令基准行转正。相邻震荡状态下，基准格子为 强烈不建议投资，每股 $60.4—$97.2、回报 -41%—-6%。最小减弱条件是 Q2/Q3 产品收入或产品毛利率低于指引且库存继续上升，或市场由宽基扩张转为有序收缩。概率层为 NA，因为没有可辩护的经营—市场联合概率与相关结构。,True,False, Rambus 的客户资格、RCD/配套芯片份额与后端合格交付”,False,True,> 当前条件定位： 当前证据最接近 基准 / 正常兑现；复合定位不需要，因为“偏乐观的行业需求 + 基准的公司捕获与交付”已经被基准行的区间覆盖，复合估值相对纯基准中点仅约 +3%—4%，低于约 10% 门槛，建议不变，也没有新增融资、控制权或永久损失风险。共享市场快照 美国股票/USD｜2026-07-15 16:00 ET｜MS-5B-v1.0 锁定主状态为 宽基风险扩张、唯一相邻状态为 震荡 / 均值回归。当前纯格子的条件建议为 不建议投资，稀释后市值 $7.58bn—$11.79bn、每股价值 $67.7—$107.1、15 个月总回报 -34%—+4%；经营与市场状态证据强度均为 中，估值置信度为 中。当前最弱传导环节是“行业需求 → Rambus 的客户资格、RCD/配套芯片份额与后端合格交付”：DDR5 与 AI 内存带宽需求强，但公司没有披露足以锁定 NTM 的单位、ASP、不可取消订单或 MRDIMM/SOCAMM2 客户量产表。若经营和市场假设不变，第一个正面区域的最高买入价约 $74，较当前价低约 28%；经营证据需要至少完成配套芯片持续放量、DDR5-9600 客户资格/份额保持，以及一项 MRDIMM 或高端 IP 的可量化商业兑现。市场状态无需变得更强，但单靠从宽基切到主题上涨也不能令基准行转正。相邻震荡状态下，基准格子为 强烈不建议投资，每股 $60.4—$97.2、回报 -41%—-6%。最小减弱条件是 Q2/Q3 产品收入或产品毛利率低于指引且库存继续上升，或市场由宽基扩张转为有序收缩。概率层为 NA，因为没有可辩护的经营—市场联合概率与相关结构。
ROG,D:\drive\Investment\分析报告\公司情景投资决策\结果\ROG_经营情景市场状态投资决策_2026-07-15.md,39,宽基风险扩张,US-explicit,共享市场快照 美国股票｜2026-07-15 16:00 ET｜v2026-07-15 锁定 宽基风险扩张为主状态、震荡/均值回归为唯一相邻状态。基准 × 宽基风险扩张格子的条件建议为 中性 / 等待，稀释后市值 $2.02–3.12B、每股价值 $112–176、目标期总回报 -19%～+27%；经营与市场状态证据强度均为 中，估值置信度为 中。当前最弱传导环节是 公司资格、可取消短单与实现价格能否把汽车/AI 机会转成持续收入；在经营和主市场状态不变时，第一个正面价格边界约 $122，比当前价低约 11.8%。若价格不变，需至少验证“现有平台兑现并守住利润率”与“一项 AI 产品进入客户 PVT/AVL”两项独立里程碑，才接近乐观经营行；不要求市场先切换。相邻的基准 × 震荡格子为 不建议投资｜$94–155｜-32%～+12%。最小减弱条件是 Q2 低于收入指引下端或毛利率低于 32%，或共享市场状态从宽基扩张切换至震荡而经营证据不改善。概率层为 NA：无 backlog、AI 商业订单和可辩护联合概率，不能强行制造期望回报。,True,False,取消短单与实现价格能否把汽车/AI 机会转成持续收入,False,False,> 当前条件定位：当前证据最接近 基准 / 正常兑现；复合定位 不需要，因为利润修复和净现金优势仍落在基准行可容纳的上端，未造成至少 10% 的中点价值差或一级建议差。共享市场快照 美国股票｜2026-07-15 16:00 ET｜v2026-07-15 锁定 宽基风险扩张为主状态、震荡/均值回归为唯一相邻状态。基准 × 宽基风险扩张格子的条件建议为 中性 / 等待，稀释后市值 $2.02–3.12B、每股价值 $112–176、目标期总回报 -19%～+27%；经营与市场状态证据强度均为 中，估值置信度为 中。当前最弱传导环节是 公司资格、可取消短单与实现价格能否把汽车/AI 机会转成持续收入；在经营和主市场状态不变时，第一个正面价格边界约 $122，比当前价低约 11.8%。若价格不变，需至少验证“现有平台兑现并守住利润率”与“一项 AI 产品进入客户 PVT/AVL”两项独立里程碑，才接近乐观经营行；不要求市场先切换。相邻的基准 × 震荡格子为 不建议投资｜$94–155｜-32%～+12%。最小减弱条件是 Q2 低于收入指引下端或毛利率低于 32%，或共享市场状态从宽基扩张切换至震荡而经营证据不改善。概率层为 NA：无 backlog、AI 商业订单和可辩护联合概率，不能强行制造期望回报。
RYCEY,D:\drive\Investment\分析报告\公司情景投资决策\结果\RYCEY_经营情景市场状态投资决策_2026-07-15.md,3,宽基风险扩张,Other-or-unclear,共享市场快照 英国主要定价市场（LSE、GBP；欧洲/全球发达市场交叉验证）｜2026-07-15 LSE 收盘 / 13:33 PDT 日度文件｜FTSE Russell/LSE、BoE、欧洲信用与波动率公开数据｜UK-MKT-5B-v1.0 锁定 宽基风险扩张为主状态、震荡 / 均值回归为唯一相邻状态。,True,False, → 合格交付、验收和现金转换”,True,True,> 当前条件定位： 当前证据最接近 基准 / 正常兑现纯经营行；复合定位不需要——将 Power Systems 的偏乐观证据单独纳入后，当前市场列下每股价值中点只提高约 7%，建议不改变，未达到 10%/一级建议差异门槛。共享市场快照 英国主要定价市场（LSE、GBP；欧洲/全球发达市场交叉验证）｜2026-07-15 LSE 收盘 / 13:33 PDT 日度文件｜FTSE Russell/LSE、BoE、欧洲信用与波动率公开数据｜UK-MKT-5B-v1.0 锁定 宽基风险扩张为主状态、震荡 / 均值回归为唯一相邻状态。对应当前纯格子的条件建议为 不建议投资，目标期稀释后市值 £84.0bn～£100.8bn、每 ADS 价值 $13.87～$16.83、含股息总回报 -25%～-9%；经营与市场状态证据强度分别为中高和中，估值置信度为中。当前最弱传导环节是“强需求与订单 → 合格交付、验收和现金转换”：Civil 的铸锻件、寿命件与 MRO 周转，以及 Power Systems 的发动机、交流发电机、中压设备和调试资源，决定订单能否穿过收入、利润与营运资本到达每股价值。距离第一个正面区域，在经营与市场假设不变时需要买入价约 $13.5 或以下（较 $18.84 低约 28%）；或需同时验证 Power Systems 高质量放量、Civil 供应链改善和集团 FCF 上移至约 £4.8bn 以上。相邻市场状态下，基准格降为强烈不建议投资；相邻经营行的建议从中性 / 等待到谨慎建议投资。概率层为 NA：公开证据不足以为经营行与市场列建立可辩护的联合概率，因而不以主观概率制造单一目标价。
SANM,D:\drive\Investment\分析报告\公司情景投资决策\结果\SANM_经营情景市场状态投资决策_2026-07-15.md,31,宽基风险扩张,US-explicit,共享市场快照 MS-US-20260715-v1.0 锁定 宽基风险扩张，唯一相邻状态为 窄幅/主题主导上涨。当前纯格子的条件建议为 中性 / 等待，经营性企业价值 $9.5bn—$15.5bn、稀释后股权市值 $9.1bn—$14.6bn、每股价值 $165—$265、目标期总回报 -20%—+28%；经营与市场状态证据强度分别为 中 / 中，估值置信度为 中。当前最弱传导环节是 “官方 ODM 参与和终端需求 → Sanmina 实际 HVM 份额、寄售口径下每架净增值与可留下的经营利润”。在经营和主市场状态不变时，第一个正面建议的最高买入价约 $180，比当前低 13.2%；经营证据距离按全矩阵口径为 0（基准行在主题列已有正面格），但若市场保持宽基主状态，则需上移到乐观行。主状态与相邻状态下的建议范围为 中性 / 等待至谨慎建议投资；相邻主题列为 谨慎建议投资｜-20%—+35%，下行相邻经营行在两个市场列均为强烈不建议。最小减弱条件是正式 FY2027 收入指引低于约 $15bn、Helios HVM 延至 2027H2 以后，或 non-GAAP OM 跌破 6%且现金转换同步恶化。概率层为 NA，因为没有可辩护的经营—市场联合概率。,True,False,M 参与和终端需求 → Sanmina 实际 HVM 份额、寄售口径下每架净增值与可留下的经营利润”,True,True,> 当前条件定位： 当前证据最接近 基准 / 正常兑现；复合定位 不需要，因为外部需求虽处基准高端，但公司份额、HVM、寄售后的单架利润、利润率和现金转换仍共同落在基准行，假设性“基准偏上复合”只令当前市场列价值中点提高约 3.5%，没有改变条件建议。共享市场快照 MS-US-20260715-v1.0 锁定 宽基风险扩张，唯一相邻状态为 窄幅/主题主导上涨。当前纯格子的条件建议为 中性 / 等待，经营性企业价值 $9.5bn—$15.5bn、稀释后股权市值 $9.1bn—$14.6bn、每股价值 $165—$265、目标期总回报 -20%—+28%；经营与市场状态证据强度分别为 中 / 中，估值置信度为 中。当前最弱传导环节是 “官方 ODM 参与和终端需求 → Sanmina 实际 HVM 份额、寄售口径下每架净增值与可留下的经营利润”。在经营和主市场状态不变时，第一个正面建议的最高买入价约 $180，比当前低 13.2%；经营证据距离按全矩阵口径为 0（基准行在主题列已有正面格），但若市场保持宽基主状态，则需上移到乐观行。主状态与相邻状态下的建议范围为 中性 / 等待至谨慎建议投资；相邻主题列为 谨慎建议投资｜-20%—+35%，下行相邻经营行在两个市场列均为强烈不建议。最小减弱条件是正式 FY2027 收入指引低于约 $15bn、Helios HVM 延至 2027H2 以后，或 non-GAAP OM 跌破 6%且现金转换同步恶化。概率层为 NA，因为没有可辩护的经营—市场联合概率。
SHECY,D:\drive\Investment\分析报告\公司情景投资决策\结果\SHECY_经营情景市场状态投资决策_2026-07-15.md,33,窄幅主题主导上涨,Other-or-unclear,共享市场快照 JPN-MKT-5B-v1.0 锁定 窄幅 / 主题主导上涨 为主状态、宽基风险扩张 为唯一相邻状态。主状态,True,False,价 → 分部利润 → 自由现金流,True,False,> 当前条件定位： 当前证据最接近 基准 / 正常兑现；复合定位不需要，因为电子材料偏基准高端、PVC 偏基准低端的冲突已被基准区间完整保留，单独建立复合估值只使当前格子中点下降约 1%—2%，不达到 10% 或一级建议差异门槛。共享市场快照 JPN-MKT-5B-v1.0 锁定 窄幅 / 主题主导上涨 为主状态、宽基风险扩张 为唯一相邻状态。主状态对应条件格子为 谨慎建议投资，稀释后市值 ¥14.5—18.5tn（$89.3—114.0bn）、每 ADR $24.1—31.3、15 个月总回报 +5%—+36%；经营与市场状态证据强度均为 中，估值置信度为 中。当前最弱传导环节是 公司捕获与量价 → 分部利润 → 自由现金流：电子材料的高端组合和利用率能否持续快于 PVC 价格、普通硅片供给及新增折旧的拖累。当前格子已经属于第一个正面区域，按同一方法可承受的最高买入价约 $24.4—25.0，较 $23.31 尚有约 5%—7% 价格余量；经营证据距离为 0，市场状态无需切换。相邻宽基状态仍为 谨慎建议投资、每 ADR $22.9—29.4、回报 0%—+28%；最小减弱条件是市场转入震荡、或电子业务 NTM 增长低于约 8%—10%且 PVC 利润率仍低于 10%—12%。概率层为 NA，因为缺少可辩护的经营—市场联合概率与相关性。
SIMO,D:\drive\Investment\分析报告\公司情景投资决策\结果\SIMO_经营情景市场状态投资决策_2026-07-15.md,38,宽基风险扩张,US-explicit,共享市场快照 美国上市股票（NASDAQ/NYSE，USD）｜2026-07-15 16:00 ET｜Yahoo Finance 2026-07-15、FRED 2026-07-14、FactSet 2026-07-10｜US-EQ-20260715-CLOSE-v1.0 锁定 宽基风险扩张为主状态、震荡 / 均值回归为唯一相邻状态。,True,False,an / 企业启动盘的设计赢单与需求池能否按金额、时间和高毛利穿过认证、供应与验收，转成可确认收入,False,True,> 当前条件定位： 当前证据最接近 基准 / 正常兑现；复合定位不需要，因为唯一偏向悲观行的重大项目是库存与现金转换，而把其目标期股东可得净现金改用压力口径，只令纯基准价值中点下降约 2%，没有达到 10% 或建议改变门槛。共享市场快照 美国上市股票（NASDAQ/NYSE，USD）｜2026-07-15 16:00 ET｜Yahoo Finance 2026-07-15、FRED 2026-07-14、FactSet 2026-07-10｜US-EQ-20260715-CLOSE-v1.0 锁定 宽基风险扩张为主状态、震荡 / 均值回归为唯一相邻状态。对应当前纯格子“基准 × 宽基风险扩张”的条件建议为 不建议投资，稀释后股权市值 68.3亿—99.0亿美元、每股价值 199—288美元、目标期总回报 -32%～-1%，经营与市场状态证据强度均为 中，估值置信度为 中。当前最弱传导环节是 MonTitan / 企业启动盘的设计赢单与需求池能否按金额、时间和高毛利穿过认证、供应与验收，转成可确认收入；距离第一个正面区域，若经营和市场不变，买入价需降至约 208美元或以下（较现价低约29%），若价格不变则至少需要进入乐观行的三项经营证据：多家 CSP 产生可披露量产收入、整体利润率进入乐观区间、库存与 FCF 同步改善；不需要市场状态切换，因为乐观 × 当前市场列已经是正面格子。相邻“基准 × 震荡”格子为 强烈不建议投资，-42%～-13%；最小减弱条件是 Q3 指引转为环比下降，或收入达标但库存增速继续高于收入。概率层 NA，因为四种经营路径与五种市场状态的联合概率和相关性没有可辩护基础率。
SITM,D:\drive\Investment\分析报告\公司情景投资决策\结果\SITM_经营情景市场状态投资决策_2026-07-15.md,58,宽基风险扩张,US-explicit,共享市场快照 MS-US-20260714-v1.0 锁定“宽基风险扩张”为主状态、“震荡 / 均值回归”为唯一相邻状态。复合定位 × 主状态的条件建议为“强烈不建议投资”，稀释后市值 50–70 亿美元、每股价值 160–225 美元、目标期总回报 -74%～-63%；经营状态证据强度中、市场状态证据强度中、估值置信度低。当前最弱传导环节是“并购与成长性投入 → 可验证增量 ROIC、自由现金流和股东可得价值”。在经营和市场假设不变时，主状态下首次达到“谨慎建议投资”的最高买入价约 160 美元，较当前价低约 74%；相邻状态下约 135 美元，低约 78%。若不依靠降价，至少需要合并季度收入、毛利和 FCFF 连续验证突破路径。相邻状态下条件建议仍为“强烈不建议投资”。概率层为 NA，因为没有可辩护的经营 × 市场联合概率和相关性。,True,True,投入 → 可验证增量 ROIC、自由现金流和股东可得价值”,True,False,> 当前条件定位： 当前经营证据最接近“基准 / 正常兑现”，但复合定位达到门槛：需求、产品组合和近端收入落在基准至乐观一侧，而 36.79 亿美元并购资本的增量 ROIC、合并现金转换、8.0–8.9 亿美元暂估净债务及持续稀释落在悲观至基准一侧。相对纯基准行，复合估值中点低约 15.4%，超过 10% 门槛。共享市场快照 MS-US-20260714-v1.0 锁定“宽基风险扩张”为主状态、“震荡 / 均值回归”为唯一相邻状态。复合定位 × 主状态的条件建议为“强烈不建议投资”，稀释后市值 50–70 亿美元、每股价值 160–225 美元、目标期总回报 -74%～-63%；经营状态证据强度中、市场状态证据强度中、估值置信度低。当前最弱传导环节是“并购与成长性投入 → 可验证增量 ROIC、自由现金流和股东可得价值”。在经营和市场假设不变时，主状态下首次达到“谨慎建议投资”的最高买入价约 160 美元，较当前价低约 74%；相邻状态下约 135 美元，低约 78%。若不依靠降价，至少需要合并季度收入、毛利和 FCFF 连续验证突破路径。相邻状态下条件建议仍为“强烈不建议投资”。概率层为 NA，因为没有可辩护的经营 × 市场联合概率和相关性。
SKHY,D:\drive\Investment\分析报告\公司情景投资决策\结果\SKHY_经营情景市场状态投资决策_2026-07-15.md,37,宽基风险扩张,US-explicit,共享市场快照 美国/美元风险资产｜2026-07-15 17:00 ET｜MS-US-USD-v1.0 锁定 宽基风险扩张 为主状态、震荡 / 均值回归 为唯一相邻状态。当前纯格子“基准 × 宽基风险扩张”为 中性 / 等待｜US$117—215/ADS｜-34%—+22%｜估值置信度中；短期半导体板块处于退出/资金流出修正，按规则选择区间下半部并将当前执行层建议最多减弱一级至 不建议投资。经营状态证据强度为中高，市场状态证据强度为中。当前最弱传导环节是 高实现价格与产品组合能否穿过单位经济、扩产和营运资本，形成 2028—2030 年可持续自由现金流。在经营和主市场状态不变时，条件建议首次转为正面所需的最高买入价约 US$141，较当前低约 20%；相邻震荡列约 US$127，低约 28%。经营证据转正需要 HBM4 多客户量产、服务器 DRAM 高价与实际 bit 量同时兑现、以及 eSSD 库存不吞噬现金流。相邻状态下建议由“中性 / 等待”降至“不建议投资”。概率层为 NA，因为新 ADS 的短交易历史、四情景基础率和市场状态联合关系不足以支持可辩护概率。,True,False,产品组合能否穿过单位经济、扩产和营运资本，形成 2028—2030 年可持续自由现金流,True,False,> 当前条件定位： 当前证据最接近 基准 / 正常兑现；复合定位不需要，因为偏强的备考净现金没有与经营链形成第二条决定性、非线性的冲突路径，复合估值相对纯基准中点仅提高约 2%，未达到 10% 或一级建议差异门槛。共享市场快照 美国/美元风险资产｜2026-07-15 17:00 ET｜MS-US-USD-v1.0 锁定 宽基风险扩张 为主状态、震荡 / 均值回归 为唯一相邻状态。当前纯格子“基准 × 宽基风险扩张”为 中性 / 等待｜US$117—215/ADS｜-34%—+22%｜估值置信度中；短期半导体板块处于退出/资金流出修正，按规则选择区间下半部并将当前执行层建议最多减弱一级至 不建议投资。经营状态证据强度为中高，市场状态证据强度为中。当前最弱传导环节是 高实现价格与产品组合能否穿过单位经济、扩产和营运资本，形成 2028—2030 年可持续自由现金流。在经营和主市场状态不变时，条件建议首次转为正面所需的最高买入价约 US$141，较当前低约 20%；相邻震荡列约 US$127，低约 28%。经营证据转正需要 HBM4 多客户量产、服务器 DRAM 高价与实际 bit 量同时兑现、以及 eSSD 库存不吞噬现金流。相邻状态下建议由“中性 / 等待”降至“不建议投资”。概率层为 NA，因为新 ADS 的短交易历史、四情景基础率和市场状态联合关系不足以支持可辩护概率。
SMCI,D:\drive\Investment\分析报告\公司情景投资决策\结果\SMCI_经营情景市场状态投资决策_2026-07-15.md,48,宽基风险扩张,Other-or-unclear,共享市场快照 MS5-v1.0-20260715-US 锁定“宽基风险扩张”为主状态、“震荡 / 均值回归”为相邻状态。复合定位 × 主状态的条件建议为 中性 / 等待，稀释后股权市值 $12.2B—$29.6B、每股价值 $13.1—$33.6、15 个月总回报 -51%—+25%；经营与市场状态证据强度分别为 中 / 高，估值置信度为 低。相邻震荡状态下为 不建议投资，每股价值 $9.2—$28.2、回报 -66%—+5%。当前最弱传导环节是 利润 → 营运资本与自由现金流 → 融资 / 稀释 → 每股价值。在经营和市场假设不变时，主状态下首次进入正面区域的最高买入价约 $18.5，较当前价低约 31%；相邻震荡状态约 $14.5，低约 46%。不靠价格转正则需至少看到订单兑现、毛利与现金转换三项里程碑。概率层为 NA，因为没有可辩护的经营—市场联合概率。,True,True,运资本与自由现金流 → 融资 / 稀释 → 每股价值,True,False,> 当前条件定位： 当前证据最接近 基准 / 正常兑现，但复合定位达到门槛：外部需求、订单和收入路径接近基准偏强，而利润到现金、营运资本、融资与完全稀释每股价值落在悲观一侧；相对纯基准行，当前主状态下复合估值中点约低 35%，建议由“谨慎建议投资”降为“中性 / 等待”。共享市场快照 MS5-v1.0-20260715-US 锁定“宽基风险扩张”为主状态、“震荡 / 均值回归”为相邻状态。复合定位 × 主状态的条件建议为 中性 / 等待，稀释后股权市值 $12.2B—$29.6B、每股价值 $13.1—$33.6、15 个月总回报 -51%—+25%；经营与市场状态证据强度分别为 中 / 高，估值置信度为 低。相邻震荡状态下为 不建议投资，每股价值 $9.2—$28.2、回报 -66%—+5%。当前最弱传导环节是 利润 → 营运资本与自由现金流 → 融资 / 稀释 → 每股价值。在经营和市场假设不变时，主状态下首次进入正面区域的最高买入价约 $18.5，较当前价低约 31%；相邻震荡状态约 $14.5，低约 46%。不靠价格转正则需至少看到订单兑现、毛利与现金转换三项里程碑。概率层为 NA，因为没有可辩护的经营—市场联合概率。
SMR,D:\drive\Investment\分析报告\公司情景投资决策\结果\SMR_经营情景市场状态投资决策_2026-07-15.md,40,宽基风险扩张,US-explicit,共享市场快照 美国上市股票｜USD｜2026-07-15 收盘｜US-MKT-v1.0 锁定 宽基风险扩张，唯一相邻状态为 震荡 / 均值回归。,True,False, / 融资 / OEM 之后的实现价格、PMA 回收、FOAK 单位经济和客户预付款能否共同把收入留成股东现金,True,False,> 当前条件定位： 当前证据最接近 基准 / 正常兑现；复合定位不需要，因为工程收入低谷、未验证单位经济和高稀释虽分别贴近悲观端，但已能由基准行的低端、目标期股数和现金区间完整表达；候选复合估值中点只比纯基准低约 4.6%，建议不变，未达到 10% 或一级建议门槛。共享市场快照 美国上市股票｜USD｜2026-07-15 收盘｜US-MKT-v1.0 锁定 宽基风险扩张，唯一相邻状态为 震荡 / 均值回归。对应当前纯格子的条件建议为 不建议投资，目标期稀释后股权价值 $1.93bn—$3.38bn、每股价值 $4.60—$8.56、总回报 -45%—+2%；经营与市场状态证据强度均为 中，估值置信度为 低。当前最弱传导环节是 绑定 PPA / 融资 / OEM 之后的实现价格、PMA 回收、FOAK 单位经济和客户预付款能否共同把收入留成股东现金。在经营和市场假设不变时，第一个正面价格区域要求最高买入价约 $5.25，较 $8.36 低约 37%；经营证据需出现一份披露关键条款的绑定 PPA、项目融资/场址许可时钟，以及能覆盖 PMA 与 FOAK 的 OEM/不可退预付款。市场状态无需改善即可到达最近正面经营行。相邻市场状态下，基准行建议降为 强烈不建议投资，价值 $4.02—$7.53/股；最小减弱条件是市场转入震荡且同一经营事实不变，或新增低价 ATM 使目标期股数落入区间高端。概率层为 NA，因为没有可辩护的经营—市场联合概率和模块单位经济分布。
SMTC,D:\drive\Investment\分析报告\公司情景投资决策\结果\SMTC_经营情景市场状态投资决策_2026-07-15.md,51,宽基风险扩张,US-explicit,共享市场快照 US-EQ-USD｜2026-07-15T16:00:00-04:00｜…｜SMR-5B-v1.0 锁定 宽基风险扩张为主状态、窄幅 / 主题主导上涨为唯一相邻状态。主状态,True,False,00G 外部需求与订单能否转成 Semtech 自身合格交付和可确认收入,False,True,> 当前条件定位： 当前证据最接近 基准 / 正常兑现；复合定位不需要，诊断性复合中点相对纯行仅高约 5%，建议未改变。共享市场快照 US-EQ-USD｜2026-07-15T16:00:00-04:00｜…｜SMR-5B-v1.0 锁定 宽基风险扩张为主状态、窄幅 / 主题主导上涨为唯一相邻状态。主状态对应格子的条件建议为 不建议投资，稀释后股权价值 8.55B—12.12B、每股价值 84—122 美元、目标期总回报 -38%—-9%；经营与市场状态证据强度分别为 中高 / 中，估值置信度为 中。当前最弱传导环节是 1.6T/800G 外部需求与订单能否转成 Semtech 自身合格交付和可确认收入；它限制利润、FCF 和每股价值的高端。若经营和市场假设不变，第一个谨慎正面买入边界约为 102 美元，较当前低约 25%；若价格不变，则需要经营证据升级至乐观行，至少验证 1.6T 公司收入、毛利与现金转换。相邻主题状态下仍为 不建议投资｜91—135 美元｜-33%—约 0%；当前邻域的最弱至最强建议为 不建议投资—建议投资。最小减弱条件是 Q2 数据中心收入低于约 90M、公司毛利率低于 53.5%且下一季 1.6T 仍无实质量产。概率层为 NA，因为没有可辩护的经营—市场联合概率。
SMTOY,D:\drive\Investment\分析报告\公司情景投资决策\结果\SMTOY_经营情景市场状态投资决策_2026-07-15.md,55,震荡均值回归,Other-or-unclear,"共享市场快照 日本股票｜2026-07-15｜MS-JP-v1.0 锁定主状态为 震荡 / 均值回归，唯一相邻状态为 宽基风险扩张。基准 × 震荡格为 不建议投资｜-23.9%～+7.6%｜估值置信度中，稀释后市值 ¥5.61T～¥7.98T，每股价值 ¥1,798～¥2,557，即静态汇率下 $5.54～$7.89/ADR；基准 × 宽基风险扩张为 中性 / 等待｜-15.1%～+17.7%｜中。经营状态证据强度为高，市场状态证据强度为中。当前最弱传导环节是 收入 → 单位经济与利润：连接器追量依赖高成本外包、InP/EML/CW 良率和预制棒/光纤供给尚未完全闭环，使强需求未必按计划转成 26% 分部利润率及现金。若经营与市场不变，SMTOY 价格降至约 $5.95（-20.0%）时，基准 × 震荡区间中点首次达到 15% 要求回报；相邻宽基列",True,False,位经济与利润,True,False,"> 当前条件定位：当前证据最接近 基准 / 正常兑现纯经营行；复合定位不需要，因为通信需求偏强与近端成长投入压低 FCF 已同时纳入基准行，单独构造复合估值只使当前震荡列中点提高约 1.7%，没有达到 10% 或建议改变一级的门槛。共享市场快照 日本股票｜2026-07-15｜MS-JP-v1.0 锁定主状态为 震荡 / 均值回归，唯一相邻状态为 宽基风险扩张。基准 × 震荡格为 不建议投资｜-23.9%～+7.6%｜估值置信度中，稀释后市值 ¥5.61T～¥7.98T，每股价值 ¥1,798～¥2,557，即静态汇率下 $5.54～$7.89/ADR；基准 × 宽基风险扩张为 中性 / 等待｜-15.1%～+17.7%｜中。经营状态证据强度为高，市场状态证据强度为中。当前最弱传导环节是 收入 → 单位经济与利润：连接器追量依赖高成本外包、InP/EML/CW 良率和预制棒/光纤供给尚未完全闭环，使强需求未必按计划转成 26% 分部利润率及现金。若经营与市场不变，SMTOY 价格降至约 $5.95（-20.0%）时，基准 × 震荡区间中点首次达到 15% 要求回报；相邻宽基列对应约 $6.56（-11.8%）。经营转正最近路径是证明信息通信内制化、集团营业利润年化不低于约 ¥500B、NTM FCF 达到至少 ¥150B；市场无需先改变。概率层为 NA，因为没有可辩护的经营—市场联合概率与相关性基础率。"
SNDK,D:\drive\Investment\分析报告\公司情景投资决策\结果\SNDK_经营情景市场状态投资决策_2026-07-15.md,32,宽基风险扩张,US-explicit,"共享市场快照 MS-US-v1.0 锁定 宽基风险扩张 为主状态、震荡 / 均值回归 为唯一相邻状态。基准 × 宽基格子的条件建议为 不建议投资，稀释后市值 $130–274bn、每股价值 $815–1,768、18 个月总回报 -50%～+9%；经营与市场状态证据强度均为 中，估值置信度为 中。当前最弱传导环节是 收入 → 可持续单位经济与自由现金流：收入增长主要由 ASP/mix 而非物理 bit 驱动。距离第一个正面区域，在经营和市场不变时最高买入价约 $1,020（较当前低 36.9%）；若价格不变，则需要经营证据上移到乐观行，至少证明 bit/exabyte、QLC/Gen6 资格和 $20bn+ 可持续 FCF，而无需市场列先改变。相邻市场状态下基准格仍为不建议投资，回报 -58%～-3%；最小减弱条件是市场进入有序收缩，或 Q4 虽有高 ASP 但 bit、库存和客户验收继续恶化。概率层为 NA，因为没有可辩护的经营—市场联合概率。",True,False,持续单位经济与自由现金流,True,False,"> 当前条件定位： 当前证据最接近 基准 / 正常兑现；复合定位 不需要，因为 FY2026 Q3/Q4 的极强利润端点已经包含在基准行的季度路径中，而把近端利润单独抬到乐观、长期仍保留基准只使当前价值区间中点提高约 5%，没有达到 10% 或建议改变一级的门槛。共享市场快照 MS-US-v1.0 锁定 宽基风险扩张 为主状态、震荡 / 均值回归 为唯一相邻状态。基准 × 宽基格子的条件建议为 不建议投资，稀释后市值 $130–274bn、每股价值 $815–1,768、18 个月总回报 -50%～+9%；经营与市场状态证据强度均为 中，估值置信度为 中。当前最弱传导环节是 收入 → 可持续单位经济与自由现金流：收入增长主要由 ASP/mix 而非物理 bit 驱动。距离第一个正面区域，在经营和市场不变时最高买入价约 $1,020（较当前低 36.9%）；若价格不变，则需要经营证据上移到乐观行，至少证明 bit/exabyte、QLC/Gen6 资格和 $20bn+ 可持续 FCF，而无需市场列先改变。相邻市场状态下基准格仍为不建议投资，回报 -58%～-3%；最小减弱条件是市场进入有序收缩，或 Q4 虽有高 ASP 但 bit、库存和客户验收继续恶化。概率层为 NA，因为没有可辩护的经营—市场联合概率。"
SNPS,D:\drive\Investment\分析报告\公司情景投资决策\结果\SNPS_经营情景市场状态投资决策_2026-07-15.md,34,宽基风险扩张,US-explicit,共享市场快照 MS-US-v1.0-20260715 锁定主状态 宽基风险扩张、唯一相邻状态 震荡 / 均值回归。主状态,True,False,利润 → 可持续自由现金流,True,False,> 当前条件定位： 当前证据最接近 基准 / 正常兑现；复合定位不需要，因为当前 FCF、IP 利润率和订单边际虽处于基准低端，但仍可由基准区间透明表达，模拟复合定位只使当前主状态每股价值中点下降约 7.6%，未达到约 10% 门槛且建议仍为“中性 / 等待”。共享市场快照 MS-US-v1.0-20260715 锁定主状态 宽基风险扩张、唯一相邻状态 震荡 / 均值回归。主状态对应条件格子为 中性 / 等待，稀释后股权市值 51.7–111.5bn、每股价值 264–575 美元、目标期总回报 -38%～+35%；经营与市场状态证据强度均为 中，估值置信度为 中。相邻市场格子为 不建议投资，每股 223–496 美元、回报 -47%～+17%、估值置信度 低。当前最弱传导环节为 收入与调整后利润 → 可持续自由现金流：IP 修复、Ansys 协同、重组现金支出、SBC、利息和营运资本决定 89.6bn 企业价值能否由现金支持。距离第一个正面区域还需要主状态最高买入价约 365 美元（较当前低 14%），或相邻状态约 313 美元（低 26%）；经营证据需要 Design IP 同比转正且利润率 30%+、代理 B2B/backlog 重新增长、FCF 运行率达到 2.5bn 以上中的至少两项。市场状态无需切换，因为“乐观 × 宽基风险扩张”已是正面格子。合理相邻格子的建议范围为 不建议投资—谨慎建议投资；最小减弱条件是 backlog 连续第二个可比季度下降且 Design IP 仍未同比转正。概率层为 NA，原因是缺少可辩护的公司经营情景与五种市场状态联合概率。
SOMMY,D:\drive\Investment\分析报告\公司情景投资决策\结果\SOMMY_经营情景市场状态投资决策_2026-07-15.md,3,窄幅主题主导上涨,Other-or-unclear,共享市场快照“日本股票｜2026-07-15 15:30 JST 收盘｜JPX、Nikkei、BOJ、IMF；价格与宽度截至 2026-07-15、信用/利率用最近可得公开数据｜MS-JP-5B-v1.0”锁定主状态为“窄幅 / 主题主导上涨”、唯一相邻状态为“震荡 / 均值回归”。基准 × 主题主导上涨的条件建议为“谨慎建议投资”，稀释后股权市值 ¥0.86–1.16 万亿、普通股每股价值 ¥520–700、按当前汇率折算 ADR 价值约 US$16.03–21.58、目标期总回报 −2.3% 至 +30.5%；基准 × 震荡的条件建议为“中性 / 等待”，普通股每股价值 ¥480–650、总回报 −9.6% 至 +21.4%。经营状态证据强度为中高，市场状态证据强度为中，两个格子的估值置信度均为中。当前最弱传导环节是“收入 → 单位经济与利润 → 报告自由现金流和降债”：FY2025 ICT 收入高于公司此前预测，但 ICT 核心营业利润仍低于预测，FY2026 集团自由现金流指引又从 FY2025 的 ¥159.9bn 降至 ¥60bn。主状态下正面条件建议的中央上限买价约 ¥554，当前价仅有约 1.0% 余量；若采用 12% 要求回报低端，上限约 ¥559、余量约 1.9%，若采用 15% 高端则上限约 ¥544、当前价已经略高。当前主状态的经营证据距离为 0，但相邻震荡状态下要转正，需股价降至约 ¥514，或通过 ICT 利润率、自由现金流和净债务三项里程碑上移至乐观经营行。最小减弱条件是共享市场状态由主题上涨切换为震荡而经营不变，或 FY2026 核心营业利润/自由现金流指引显著下修。概率层为 NA：没有足以辩护四种经营情景与五种市场状态联合概率及相关性的同口径基础率。,True,False,位经济与利润 → 报告自由现金流和降债”,True,False,> 当前条件定位： 当前证据最接近“基准 / 正常兑现”；复合定位不需要，因为半导体材料收入增长、ICT 利润率偏低与较高净债务之间的冲突，已经能由基准区间的上下端完整表达。复合敏感性中点只比纯基准低 1.6%，没有改变条件建议，也没有新增纯基准无法表达的非线性融资或永久损失风险。共享市场快照“日本股票｜2026-07-15 15:30 JST 收盘｜JPX、Nikkei、BOJ、IMF；价格与宽度截至 2026-07-15、信用/利率用最近可得公开数据｜MS-JP-5B-v1.0”锁定主状态为“窄幅 / 主题主导上涨”、唯一相邻状态为“震荡 / 均值回归”。基准 × 主题主导上涨的条件建议为“谨慎建议投资”，稀释后股权市值 ¥0.86–1.16 万亿、普通股每股价值 ¥520–700、按当前汇率折算 ADR 价值约 US$16.03–21.58、目标期总回报 −2.3% 至 +30.5%；基准 × 震荡的条件建议为“中性 / 等待”，普通股每股价值 ¥480–650、总回报 −9.6% 至 +21.4%。经营状态证据强度为中高，市场状态证据强度为中，两个格子的估值置信度均为中。当前最弱传导环节是“收入 → 单位经济与利润 → 报告自由现金流和降债”：FY2025 ICT 收入高于公司此前预测，但 ICT 核心营业利润仍低于预测，FY2026 集团自由现金流指引又从 FY2025 的 ¥159.9bn 降至 ¥60bn。主状态下正面条件建议的中央上限买价约 ¥554，当前价仅有约 1.0% 余量；若采用 12% 要求回报低端，上限约 ¥559、余量约 1.9%，若采用 15% 高端则上限约 ¥544、当前价已经略高。当前主状态的经营证据距离为 0，但相邻震荡状态下要转正，需股价降至约 ¥514，或通过 ICT 利润率、自由现金流和净债务三项里程碑上移至乐观经营行。最小减弱条件是共享市场状态由主题上涨切换为震荡而经营不变，或 FY2026 核心营业利润/自由现金流指引显著下修。概率层为 NA：没有足以辩护四种经营情景与五种市场状态联合概率及相关性的同口径基础率。
ST,D:\drive\Investment\分析报告\公司情景投资决策\结果\ST_经营情景市场状态投资决策_2026-07-15.md,52,宽基风险扩张,US-explicit,共享市场快照 US_EQ_20260715_CLOSE_MS5_v1 锁定主状态 宽基风险扩张，唯一相邻状态为 窄幅 / 主题主导上涨。基准 × 宽基风险扩张的条件建议为 谨慎建议投资，目标期稀释后市值 $6.07bn–$8.70bn、每股价值 $41–$60、含股息总回报 -7%～+36%；经营和市场状态证据强度均为 中，估值置信度 中。当前最弱传导环节是 数据中心规格导入、客户验证和投标能否转成具名 AVL、采购订单、交付验收与可确认收入，它限制 AI 需求穿过收入、利润和现金流。当前格子已经是第一个正面区域，经营证据距离为 0；正面建议可承受的最高买入价约 $46.1，相对当前价余量约 $1.45 / 3.2%。价格降至约 $42.6 时可增强为“建议投资”，价格升破约 $46.1 时转为“中性 / 等待”。相邻主题状态下，基准格为 中性 / 等待、每股 $38–$57、回报 -14%～+29%；若只靠价格，约 $43.5 以下才进入正面区域。概率层 NA，因为没有可辩护的经营—市场联合概率。,True,False,导入、客户验证和投标能否转成具名 AVL、采购订单、交付验收与可确认收入，它限制 AI 需求穿过收入、利润和现金流,True,True,> 当前条件定位： 当前证据最接近 基准 / 正常兑现；复合定位不需要，测试后的价值区间中点只提高约 1%，建议不变，未达到约 10% 或一级建议差异门槛。共享市场快照 US_EQ_20260715_CLOSE_MS5_v1 锁定主状态 宽基风险扩张，唯一相邻状态为 窄幅 / 主题主导上涨。基准 × 宽基风险扩张的条件建议为 谨慎建议投资，目标期稀释后市值 $6.07bn–$8.70bn、每股价值 $41–$60、含股息总回报 -7%～+36%；经营和市场状态证据强度均为 中，估值置信度 中。当前最弱传导环节是 数据中心规格导入、客户验证和投标能否转成具名 AVL、采购订单、交付验收与可确认收入，它限制 AI 需求穿过收入、利润和现金流。当前格子已经是第一个正面区域，经营证据距离为 0；正面建议可承受的最高买入价约 $46.1，相对当前价余量约 $1.45 / 3.2%。价格降至约 $42.6 时可增强为“建议投资”，价格升破约 $46.1 时转为“中性 / 等待”。相邻主题状态下，基准格为 中性 / 等待、每股 $38–$57、回报 -14%～+29%；若只靠价格，约 $43.5 以下才进入正面区域。概率层 NA，因为没有可辩护的经营—市场联合概率。
STM,D:\drive\Investment\分析报告\公司情景投资决策\结果\STM_经营情景市场状态投资决策_2026-07-15.md,3,宽基风险扩张,US-explicit,共享市场快照 美国主要定价市场｜2026-07-15 16:00 ET（信用截至 07-14、盈利预期截至 07-10）｜Yahoo Finance、Cboe、U.S. Treasury、FRED/ICE、FactSet｜STM-US-5STATE-v1.0 锁定主状态为 宽基风险扩张、唯一相邻状态为 震荡 / 均值回归。基准 × 宽基风险扩张格子的条件建议为 不建议投资，稀释后市值 $35.3B～$48.9B、每股价值 $39～$54、目标期总回报 -41.6%～-19.5%；经营与市场状态证据强度均为 中，估值置信度为 中。当前最弱传导环节为 收入 → P&D 单位经济与利润 → 再投资回报和自由现金流：AI 光互连、数据中心电源和 LEO 的需求证据尚未证明足以覆盖传统业务压力、P&D 亏损、折旧和 $2.0B～$2.2B 年度净资本开支。若经营与市场假设不变，基准 × 宽基格子首次达到“谨慎建议投资”的最高买入价约 $46.2，比当前价低 31.8%；若价格不变，则至少需要经营证据上移至乐观行，并维持宽基或真实受益的主题状态。相邻震荡状态下建议仍为 不建议投资，每股价值 $34～$48、回报 -49.0%～-28.4%。最小减弱条件为 P&D 亏损未按计划收窄、数据中心收入低于约 $1B 的 2026 年目标，或资本开支继续上升而库存天数和现金转换不改善。概率层为 NA：目前无法为经营行与市场列建立可辩护的联合概率，不能用主观权重替代条件矩阵。,True,False,&D 单位经济与利润 → 再投资回报和自由现金流,True,False,> 当前条件定位： 截至 2026-07-15，当前证据最接近 基准 / 正常兑现；复合定位 不需要，因为 P&D 亏损与高资本投入虽偏向悲观端，但已能由基准行低端完整表达，假设复合后的每股价值中点差异约 7%，低于 10% 门槛且不改变建议级别。共享市场快照 美国主要定价市场｜2026-07-15 16:00 ET（信用截至 07-14、盈利预期截至 07-10）｜Yahoo Finance、Cboe、U.S. Treasury、FRED/ICE、FactSet｜STM-US-5STATE-v1.0 锁定主状态为 宽基风险扩张、唯一相邻状态为 震荡 / 均值回归。基准 × 宽基风险扩张格子的条件建议为 不建议投资，稀释后市值 $35.3B～$48.9B、每股价值 $39～$54、目标期总回报 -41.6%～-19.5%；经营与市场状态证据强度均为 中，估值置信度为 中。当前最弱传导环节为 收入 → P&D 单位经济与利润 → 再投资回报和自由现金流：AI 光互连、数据中心电源和 LEO 的需求证据尚未证明足以覆盖传统业务压力、P&D 亏损、折旧和 $2.0B～$2.2B 年度净资本开支。若经营与市场假设不变，基准 × 宽基格子首次达到“谨慎建议投资”的最高买入价约 $46.2，比当前价低 31.8%；若价格不变，则至少需要经营证据上移至乐观行，并维持宽基或真实受益的主题状态。相邻震荡状态下建议仍为 不建议投资，每股价值 $34～$48、回报 -49.0%～-28.4%。最小减弱条件为 P&D 亏损未按计划收窄、数据中心收入低于约 $1B 的 2026 年目标，或资本开支继续上升而库存天数和现金转换不改善。概率层为 NA：目前无法为经营行与市场列建立可辩护的联合概率，不能用主观权重替代条件矩阵。
STX,D:\drive\Investment\分析报告\公司情景投资决策\结果\备份\STX_2026-08-19T12_34_50-07_00-83185a930e\STX_经营情景市场状态投资决策_2026-07-15.md,35,宽基风险扩张,US-explicit,共享市场快照 US_EQ_20260715_CLOSE_MS5_v1 锁定主状态 宽基风险扩张、唯一相邻状态 震荡 / 均值回归。,True,False,润与 FCF 能否在竞争供给释放后继续增长为 3—5 年稳态 FCF,False,False,> 当前条件定位： 当前证据最接近 基准 / 正常兑现；复合定位不需要，因为利润和去杠杆虽位于基准上端，但相对纯基准估值中点只增加约 3.5%，未达到约 10%或建议改变一级的门槛。共享市场快照 US_EQ_20260715_CLOSE_MS5_v1 锁定主状态 宽基风险扩张、唯一相邻状态 震荡 / 均值回归。对应当前条件格子为 强烈不建议投资｜稀释后市值 $93B—$173B｜每股 $400—$740｜目标期总回报 -51%—-10%｜估值置信度中；经营与市场状态证据强度分别为 高 / 高。当前最弱传导环节是 NTM 高利润与 FCF 能否在竞争供给释放后继续增长为 3—5 年稳态 FCF：当前价格的中心反向 DCF 要求 $5.0B—$5.7B NTM FCF 之后继续以约 34%—39% CAGR 增长至第五年约 $18B—$19B，独立基准并不支持。只靠价格变化，基准 × 宽基格子首次进入正面区域的最高买入价约 $480，较当前低 约 42%；经营上需要 FY2027 FCF ≥$6.8B、稀释 EPS ≥$32、HAMR客户与良率共同验证，才会接近当前宽基下第一个正面经营行。相邻震荡状态下为 强烈不建议投资｜$300—$630｜-63%—-24%。概率层为 NA，因为经营行与市场列的联合概率没有可辩护基础率。
TDY,D:\drive\Investment\分析报告\公司情景投资决策\结果\TDY_经营情景市场状态投资决策_2026-07-15.md,50,宽基风险扩张,US-explicit,共享市场快照 MS-US-20260715-CLOSE-5B-v1 锁定 宽基风险扩张 为主状态、窄幅 / 主题主导上涨 为唯一相邻状态。主状态,True,False,cklog 到合格交付及现金的转化,True,True,> 当前条件定位： 当前证据最接近 基准 / 正常兑现；复合定位 不需要，因为偏乐观的订单需求与偏基准的交付、现金环节形成的复合估值相对纯基准中点只提高约 4%–5%，没有达到约 10% 门槛，也不改变当前主格子的建议。共享市场快照 MS-US-20260715-CLOSE-5B-v1 锁定 宽基风险扩张 为主状态、窄幅 / 主题主导上涨 为唯一相邻状态。主状态对应格子为 中性 / 等待｜-14%～+18%｜估值置信度中，稀释后市值约 $25.1–33.9bn、每股价值 $535–734；相邻主题状态为 不建议投资｜-20%～+10%｜中，每股价值 $500–690。经营与市场状态证据强度分别为 中 / 中。当前最弱传导环节是 订单与 backlog 到合格交付及现金的转化；在经营和市场不变时，第一个正面建议所需最高买入价约为宽基列 $557（较当前低 10.8%）、主题列 $522（低 16.4%）。若价格不变，最近正面经营行为乐观行，需要 backlog 转化率、国防/空间交付和至少一项高毛利短周期业务同时达到下述里程碑；当前市场主列无需切换。概率层为 NA，因为经营与市场的联合概率及相关性缺少可辩护基础率。
TE,D:\drive\Investment\分析报告\公司情景投资决策\结果\TE_经营情景市场状态投资决策_2026-07-15.md,45,宽基风险扩张,US-explicit,共享市场快照 US-USD｜2026-07-15 Close｜YF/FRED/Cboe/NYSE-FactSet｜MS5-v1.0 锁定 宽基风险扩张，唯一相邻状态为 震荡 / 均值回归。当前纯格子 基准 × 宽基风险扩张 的条件建议为 不建议投资，稀释后股权市值 $1.31—2.15B、每股价值 $3.60—5.90、目标期总回报 -46%～-11%；经营和市场状态证据强度均为中，估值置信度为中。相邻 基准 × 震荡 为 强烈不建议投资｜$2.70—4.70｜-59%～-29%｜中。当前最弱传导环节为 利润 → 再投资、自由现金流与未来经营能力：Q1 经营现金流 -$72.9M、CapEx -$60.7M，且 G2 融资后仍约缺 $225M；上游收入增长尚未成为股东可分配现金。仅靠价格变化，当前主状态下首次进入正面区域的最高买入价约 $3.65，较 $6.66 低 45%；相邻震荡状态为约 $2.85，低 57%。若价格不变，至少需要 G2 低摊薄融资完成 + 可销售良率/客户认证 + G1 非关联客户与剔除 45X 后单位经济改善，使经营定位上移至乐观。概率层为 NA，因为 G2 良率、KORE 订单和市场联合状态缺少可辩护基础率。,True,False,投资、自由现金流与未来经营能力,True,False,> 当前条件定位：当前证据最接近 基准 / 正常兑现；复合定位不需要，因为基准行已明确包含 G2 仍需外部资金、NTM 自由现金流为负和潜在稀释，资本弱点没有超出该纯行的合理范围。共享市场快照 US-USD｜2026-07-15 Close｜YF/FRED/Cboe/NYSE-FactSet｜MS5-v1.0 锁定 宽基风险扩张，唯一相邻状态为 震荡 / 均值回归。当前纯格子 基准 × 宽基风险扩张 的条件建议为 不建议投资，稀释后股权市值 $1.31—2.15B、每股价值 $3.60—5.90、目标期总回报 -46%～-11%；经营和市场状态证据强度均为中，估值置信度为中。相邻 基准 × 震荡 为 强烈不建议投资｜$2.70—4.70｜-59%～-29%｜中。当前最弱传导环节为 利润 → 再投资、自由现金流与未来经营能力：Q1 经营现金流 -$72.9M、CapEx -$60.7M，且 G2 融资后仍约缺 $225M；上游收入增长尚未成为股东可分配现金。仅靠价格变化，当前主状态下首次进入正面区域的最高买入价约 $3.65，较 $6.66 低 45%；相邻震荡状态为约 $2.85，低 57%。若价格不变，至少需要 G2 低摊薄融资完成 + 可销售良率/客户认证 + G1 非关联客户与剔除 45X 后单位经济改善，使经营定位上移至乐观。概率层为 NA，因为 G2 良率、KORE 订单和市场联合状态缺少可辩护基础率。
TEL,D:\drive\Investment\分析报告\公司情景投资决策\结果\备份\TEL_2026-08-19T12_34_34-07_00-80a773233e\TEL_经营情景市场状态投资决策_2026-07-15.md,35,宽基风险扩张,US-explicit,共享市场快照 美国股票｜2026-07-15 收盘｜v2026-07-15-7.1 锁定 宽基风险扩张 为主状态、窄幅/主题主导上涨 为唯一相邻状态。,True,False, 订单、专线 CapEx 与库存能否按客户平台时间转为合格交付、验收、利润和现金,True,True,> 当前条件定位： 当前证据最接近 基准 / 正常兑现；复合定位不需要，因为 DDN 订单偏乐观与 CapEx/库存转化仍待验证的冲突，在试算中只令每股价值中点提高约 3%—4%，未达到约 10%或建议改变一级的门槛。共享市场快照 美国股票｜2026-07-15 收盘｜v2026-07-15-7.1 锁定 宽基风险扩张 为主状态、窄幅/主题主导上涨 为唯一相邻状态。对应当前两个条件格子均为 谨慎建议投资：主状态稀释后市值 $57.0B—$71.2B、每股 $194—$247、目标期总回报 -2%～+24%；相邻状态市值 $57.0B—$74.1B、每股 $194—$257、总回报 -2%～+29%。经营状态证据强度为中，市场状态证据强度为中，估值置信度为中。当前最弱传导环节是 DDN/AI 订单、专线 CapEx 与库存能否按客户平台时间转为合格交付、验收、利润和现金。经营证据距离为 0，因为基准行已有正面格子；按本文“谨慎建议”边界，宽基/主题列可承受的最高价格约 $205/$210，相对 $201.34 仅余约 1.8%/4.3%。相邻市场状态内建议均为谨慎建议；若市场转入震荡而经营仍为基准，建议降为中性。概率层为 NA，因为缺乏可辩护的经营—市场联合概率。
TER,D:\drive\Investment\分析报告\公司情景投资决策\结果\TER_经营情景市场状态投资决策_2026-07-15.md,3,宽基风险扩张,US-explicit,共享市场快照 美国上市普通股（USD；NYSE/Nasdaq 定价）｜2026-07-15 16:00 ET（信用数据至 2026-07-14）｜Yahoo/yfinance、Cboe、U.S. Treasury、FRED/ICE BofA、FactSet｜MS-US-2026-07-15-v1.0 锁定宽基风险扩张为主状态、震荡 / 均值回归为唯一相邻状态。,True,False,HBM 与先进封装机会能否转成 Teradyne 的认证份额、完整测试单元验收及重复收入,False,True,> 当前条件定位： 当前证据最接近基准 / 正常兑现；复合定位不需要：将偏弱的应收账款现金转换单独叠加到基准经营后，复合估值中点较纯基准仅低约 3.1%，建议不变，未达到 10% 或一级建议差异门槛。共享市场快照 美国上市普通股（USD；NYSE/Nasdaq 定价）｜2026-07-15 16:00 ET（信用数据至 2026-07-14）｜Yahoo/yfinance、Cboe、U.S. Treasury、FRED/ICE BofA、FactSet｜MS-US-2026-07-15-v1.0 锁定宽基风险扩张为主状态、震荡 / 均值回归为唯一相邻状态。对应当前纯格子“基准 × 宽基风险扩张”的条件建议为不建议投资，目标期稀释后股权价值 304 亿～472 亿美元、每股价值 190～295 美元、含预计 0.78 美元持有期股息的总回报 -44%～-14%；经营与市场状态证据强度分别为中 / 高，估值置信度为中。当前最弱传导环节是商用 GPU、HBM 与先进封装机会能否转成 Teradyne 的认证份额、完整测试单元验收及重复收入；距离第一个正面区域，在经营和市场不变时需要买入价降至约 206 美元或以下（较当前低约 40%），或经营证据上移至乐观行所需的两至三项里程碑；无需市场状态改善，且市场单独转为主题上涨也不能使基准行转正。相邻状态“基准 × 震荡”的建议为强烈不建议投资，价值 165～255 美元、回报 -51%～-25%；最小减弱条件是 2026 年下半年消化幅度超过基准、应收账款不能随收入回落而释放，或 2027 年商用 GPU / HBM 份额证据仍停留在单一项目。概率层为 NA，因为没有足以辩护经营情景、市场状态及二者相关性的联合概率。
TMO,D:\drive\Investment\分析报告\公司情景投资决策\结果\TMO_经营情景市场状态投资决策_2026-07-15.md,32,宽基风险扩张,US-explicit,"共享市场快照 MS-US-5B-v1.0 锁定“宽基风险扩张”为主状态、“震荡 / 均值回归”为唯一相邻状态。基准 × 宽基风险扩张的条件建议为 中性 / 等待，稀释后股权市值 1,744～2,207 亿美元、每股价值 470～590 美元、目标期总回报 -11.8%～+10.6%；经营状态证据强度为中，市场状态证据强度为中，估值置信度为中。当前最弱传导环节是“利润 → 再投资与自由现金流 → 股东可得价值”：基准 NTM 股权自由现金流收益率只有约 3.6%～3.9%，而净债务约 399 亿美元，当前价格要求自由现金流以接近低双位数以上速度持续增长。若经营与市场条件不变，第一个正面区域需要买入价约不高于 475 美元，即较当前低约 60.29 美元或 11.3%；经营证据需要有机增长、Clario/F&S 转化和自由现金流/去杠杆三项中的至少两项跨入乐观区间；市场状态无需也无法单独改善，因为当前已经位于五列中最有利的宽基扩张列。相邻震荡状态下建议为“不建议投资”，每股价值 400～520 美元、总回报 -24.9%～-2.5%。概率层为 NA，因为没有可辩护的经营—市场联合概率。",True,False,投资与自由现金流 → 股东可得价值”,True,False,"> 当前条件定位： 当前证据最接近“基准 / 正常兑现”；复合定位不需要：把资本桥单独压到悲观边缘只使当前宽基状态下的每股中点下降约 5.2%，没有达到约 10% 的价值门槛、没有改变建议一级，也没有新增纯基准区间不能表达的融资或永久损失风险。共享市场快照 MS-US-5B-v1.0 锁定“宽基风险扩张”为主状态、“震荡 / 均值回归”为唯一相邻状态。基准 × 宽基风险扩张的条件建议为 中性 / 等待，稀释后股权市值 1,744～2,207 亿美元、每股价值 470～590 美元、目标期总回报 -11.8%～+10.6%；经营状态证据强度为中，市场状态证据强度为中，估值置信度为中。当前最弱传导环节是“利润 → 再投资与自由现金流 → 股东可得价值”：基准 NTM 股权自由现金流收益率只有约 3.6%～3.9%，而净债务约 399 亿美元，当前价格要求自由现金流以接近低双位数以上速度持续增长。若经营与市场条件不变，第一个正面区域需要买入价约不高于 475 美元，即较当前低约 60.29 美元或 11.3%；经营证据需要有机增长、Clario/F&S 转化和自由现金流/去杠杆三项中的至少两项跨入乐观区间；市场状态无需也无法单独改善，因为当前已经位于五列中最有利的宽基扩张列。相邻震荡状态下建议为“不建议投资”，每股价值 400～520 美元、总回报 -24.9%～-2.5%。概率层为 NA，因为没有可辩护的经营—市场联合概率。"
TOELY,D:\drive\Investment\分析报告\公司情景投资决策\结果\TOELY_经营情景市场状态投资决策_2026-07-15.md,30,窄幅主题主导上涨,Other-or-unclear,共享市场快照锁定 窄幅 / 主题主导上涨 为主状态、宽基风险扩张 为唯一相邻状态。主状态,True,False,档期 → 确认订单 → 客户洁净室就绪、安装与验收 → 收入确认,False,True,> 当前条件定位： 当前证据最接近 基准 / 正常兑现；复合定位 不需要，因为 Track 与先进封装偏强、Etch 份额偏弱的冲突在企业层面仍能由基准区间完整表达，复合测试相对纯基准的价值中点只下降约 1.4%，建议不变。共享市场快照锁定 窄幅 / 主题主导上涨 为主状态、宽基风险扩张 为唯一相邻状态。主状态对应格子为 中性 / 等待｜-17%～+15%｜中，稀释后市值 ¥26.5tn～¥37.0tn、TOELY ADR 条件价值 $179～$250；相邻状态对应 不建议投资｜-24%～+6%｜中。经营状态证据强度为中高、市场状态证据强度为中、当前格子估值置信度为中。当前最弱传导环节是 软需求/产能档期 → 确认订单 → 客户洁净室就绪、安装与验收 → 收入确认。在经营与主市场状态不变时，第一个正面建议的最高买入价约 $184，较当前价低约 16%；若价格不变，则需三项乐观经营里程碑中至少两项穿过收入、利润和现金环节。单靠市场列变化不能使当前基准行转正。概率层为 NA。
TSEM,D:\drive\Investment\分析报告\公司情景投资决策\结果\备份\TSEM_2026-07-18T18_16_14-07_00-7bc65498ea\TSEM_经营情景市场状态投资决策_2026-07-15.md,40,宽基风险扩张,US-explicit,共享市场快照 美国股票 / Nasdaq-USD｜2026-07-15 16:35 ET｜规则 7.1-v2026-07-15 锁定 宽基风险扩张，唯一相邻状态为 震荡 / 均值回归。,True,False,→ 合格产能与增量 ROIC → 自由现金流和股东价值,True,False,> 当前条件定位：当前证据最接近 基准 / 正常兑现；复合定位不需要。2027 SiPho 合同、预付款、2026Q2 指引和 Track 1 正式扩产进入基准，Track 2 则按尚待协议、融资和客户锁量的成长项目处理；将“需求偏乐观 + 融资偏悲观”硬拼成复合状态的门槛测试只使当前价值中点下降约 6.6%，且不改变建议级别。共享市场快照 美国股票 / Nasdaq-USD｜2026-07-15 16:35 ET｜规则 7.1-v2026-07-15 锁定 宽基风险扩张，唯一相邻状态为 震荡 / 均值回归。对应当前纯格子为 强烈不建议投资｜$122—$224 / 股｜-51%—-11%｜估值置信度中，稀释后目标股权市值 $14.8bn—$26.5bn；经营与市场状态证据强度分别为 中高 / 中。当前最弱传导环节为 成长性投入 → 合格产能与增量 ROIC → 自由现金流和股东价值：需求与合同已经较强，但约 $3bn 净投资的支出节奏、Track 2 客户锁量、融资方式和稀释尚未披露。仅靠价格变化，宽基列首次进入正面区域的最高买入价约 $150（较当前 -40%）；相邻震荡列约 $119（-53%）。若不降价，则需跨到突破经营行：2027 收入/毛利、Track 1 就绪和 Track 2 融资/回报三项均明显超过基准。相邻状态下当前格子仍为强烈不建议；最小进一步减弱条件是 2026Q2 低于指引下沿、四厂认证延后，或融资使目标期稀释超过约 5%。概率层为 NA，因为没有可辩护的经营—市场联合概率。
TSLA,D:\drive\Investment\分析报告\公司情景投资决策\结果\TSLA_经营情景市场状态投资决策_2026-07-15.md,32,宽基风险扩张,US-explicit,共享市场快照 美国主要定价市场｜2026-07-15 美股收盘｜US-MKT-5B-v1.0 锁定 宽基风险扩张，唯一相邻状态为 震荡 / 均值回归。,True,False,润 → 再投资、自由现金流和未来经营能力,True,False,> 当前条件定位： 当前证据最接近 基准 / 正常兑现；复合定位 不需要。Q2 汽车交付强于预期，但 ASP、正常化毛利和现金流未披露，能源部署大致符合预期，强量仍可由基准区间高端容纳；候选复合估值中点只比纯基准高约 7%，未达到约 10% 或建议改变一级的门槛。共享市场快照 美国主要定价市场｜2026-07-15 美股收盘｜US-MKT-5B-v1.0 锁定 宽基风险扩张，唯一相邻状态为 震荡 / 均值回归。对应当前条件格子的建议为 强烈不建议投资，稀释后市值 $800B—$1.10T、每股价值 $194—$267、目标期总回报 -51%—-32%，经营与市场状态证据强度均为 中，估值置信度为 中。当前最弱传导环节是 单位经济与利润 → 再投资、自由现金流和未来经营能力：Q1 表面毛利含一次性收益，2026 Capex 超过 $25B，使汽车/能源量增长尚不能留下足够的股东现金。距离第一个正面区域，价格需降至约 $190 或以下（较现价约 -52%）；或经营证据进入乐观行，至少证明汽车量价、能源正常化毛利/RPO 和高毛利软件/现金流三项中的两项。当前市场无需再改善即可到达最近正面格，但若转为震荡，乐观行也只剩中性。相邻状态下基准格仍为 强烈不建议投资，价值 $158—$218/股；当前标签已在负面强度下限，任何进一步恶化主要扩大损失而非改变标签。概率层 NA，因为缺少可辩护的经营 × 市场联合概率。
TSM,D:\drive\Investment\分析报告\公司情景投资决策\结果\备份\TSM_2026-07-18T17_57_24-07_00-d74e7eddf3\TSM_经营情景市场状态投资决策_2026-07-15.md,70,宽基风险扩张,US-explicit,共享市场快照 美国股票主定价市场｜2026-07-15 16:00 ET｜Cboe/FRED/S&P/FactSet/公开收盘数据｜US-MKT-STATE-v1.0 锁定 宽基风险扩张 为主状态、窄幅/主题主导上涨 为唯一相邻状态。主状态,True,False,入 → 合格 N2/大包先进封装产能 → 增量自由现金流和 ROIC,True,False,> 当前条件定位：当前证据最接近 基准 / 正常兑现；复合定位不需要，假设复合后的价值中点仅高约 3%–4%，条件建议不变。共享市场快照 美国股票主定价市场｜2026-07-15 16:00 ET｜Cboe/FRED/S&P/FactSet/公开收盘数据｜US-MKT-STATE-v1.0 锁定 宽基风险扩张 为主状态、窄幅/主题主导上涨 为唯一相邻状态。主状态对应条件格子为 中性 / 等待｜$1.85–2.78tn｜$355–535/ADS｜-14%～+29%｜估值置信度中；相邻主题状态为 谨慎建议投资｜$1.92–2.96tn｜$370–570/ADS｜-10%～+37%｜估值置信度中。经营与市场状态证据强度分别为 中 / 中。当前最弱传导环节是 已承诺成长投入 → 合格 N2/大包先进封装产能 → 增量自由现金流和 ROIC；需求和收入已有强证据，但尚不能证明全部 $52–56bn CapEx 都能按时形成高回报现金流。主状态下，仅靠价格下降至约 $408 或以下，条件建议首次进入正面区域，较当前价低约 $11 / 2.7%；仅靠经营证据上移，则需至少确认 N2/CoWoS 有效交付和高 CapEx 后 FCF 两项里程碑；仅靠市场变化，则切换至相邻主题列即可进入窄的谨慎正面区域，但对外部风险偏好有依赖。当前邻域建议范围为 中性 / 等待至建议投资；最小减弱条件是 Q3 指引、有效封装良率或 N2 毛利桥失守，使基准行下移或市场从宽基扩张转向震荡。概率层 NA，因为没有可辩护的经营—市场联合概率及相关性基础率。
TT,D:\drive\Investment\分析报告\公司情景投资决策\结果\TT_经营情景市场状态投资决策_2026-07-15.md,3,宽基风险扩张,US-explicit,共享市场快照 美国上市普通股｜2026-07-15 16:00 ET｜Yahoo Finance/yfinance、Cboe、FRED/ICE、FactSet/NYSE，数据分别截至 2026-07-15/07-14/07-10｜MS-5B-v1.0 锁定 宽基风险扩张为主状态、窄幅 / 主题主导上涨为唯一相邻状态。,True,False,格产能能否经过大功率测试、应用工程、FAT/SAT/IST、客户通电和现场调试，在目标窗口内转成有足够单位经济的收入,True,False,> 当前条件定位： 当前证据最接近 基准 / 正常兑现；复合定位不需要——上游 applied equipment 订单和 AI 热管理需求处于基准高端，但订单转收入、Stellar/LiquidStack 初期利润率和完整现金转换仍落在基准行，按“乐观需求 + 基准下游”另建复合模型只使当前主状态价值中点提高约 4%，没有达到 10% 或建议改变一级的门槛。共享市场快照 美国上市普通股｜2026-07-15 16:00 ET｜Yahoo Finance/yfinance、Cboe、FRED/ICE、FactSet/NYSE，数据分别截至 2026-07-15/07-14/07-10｜MS-5B-v1.0 锁定 宽基风险扩张为主状态、窄幅 / 主题主导上涨为唯一相邻状态。对应主状态格为 中性 / 等待，稀释后市值 $82.1bn—$138.6bn、每股价值 $380—$630、18 个月总回报 -20%—+33%；相邻主题格为 谨慎建议投资，稀释后市值 $86.4bn—$149.6bn、每股价值 $400—$680、总回报 -15%—+43%。经营与市场状态证据强度分别为 高 / 中高，估值置信度分别为 中 / 中低。当前最弱传导环节是 已签订单与合格产能能否经过大功率测试、应用工程、FAT/SAT/IST、客户通电和现场调试，在目标窗口内转成有足够单位经济的收入。在宽基主状态下，第一个正面区域需要买价约 $444.6 或以下（较 $480.20 低 7.4%），或需要经营证据升级至乐观行；在相邻主题状态下当前已进入谨慎正面区域，但按区间中点达到 15% 要求回报计算的价格仍约为 $475.0。相邻状态下建议范围为 中性 / 等待—谨慎建议投资；最小减弱条件是宽度转差且实际利率继续上行，或 TT 的 organic backlog 转收入、利润率或现金转换任一项明显低于基准。概率层 NA，因为没有可辩护的经营—市场联合概率，不能用主观概率替代条件矩阵。
TTDKY,D:\drive\Investment\分析报告\公司情景投资决策\结果\TTDKY_经营情景市场状态投资决策_2026-07-15.md,47,窄幅主题主导上涨,Other-or-unclear,共享市场快照 MS-JP-v1.0 锁定 窄幅 / 主题主导上涨，相邻列为 震荡 / 均值回归。,True,False,被动元件及 BBU 的行业需求，尚缺公司级订单、合格供应商份额、实现价格和分部利润的可复核桥,True,True,"> 当前条件定位： 当前证据最接近 基准 / 正常兑现；复合定位 不需要。把基准经营与较弱现金转换拼成复合路径，只会把当前主市场列的每股价值中点从约 ¥3,425 降至约 ¥3,200，差约 6.6%，建议仍为“中性 / 等待”，且弱现金转换已被基准区间低端覆盖，未达到 10% 或建议改变门槛。共享市场快照 MS-JP-v1.0 锁定 窄幅 / 主题主导上涨，相邻列为 震荡 / 均值回归。对应当前条件格子的建议为 中性 / 等待，稀释后股权市值 ¥5.63–7.45tn（US$34.7–45.9bn）、每股价值 ¥2,950–3,900（US$18.18–24.04）、目标期总回报 -6%～+24%；经营与市场状态证据强度分别为 中高 / 中，估值置信度为 中。当前最弱传导环节是 AI 服务器被动元件及 BBU 的行业需求，尚缺公司级订单、合格供应商份额、实现价格和分部利润的可复核桥；它使外部高增长不能直接进入 TDK 每股价值。按当前经营与市场假设，保守地使价值区间中点达到 15% 要求回报的最高买价约 ¥3,013 / US$18.57，较 TTDKY 当前价低约 5.4%；经营证据需至少确认磁性应用兑现、被动元件 AI 捕获与现金转换三项中的前两项，市场状态则不必改变。相邻市场状态下建议降为 不建议投资，回报 -17%～+8%。最小减弱条件为 FY2027 Q1 显示磁性应用增量被价格、良率或折旧吞噬，同时库存和应收继续快于收入增长。概率层为 NA，因为经营行与日本市场状态的联合基础率和相关性不足以支持可辩护概率。"
TXN,D:\drive\Investment\分析报告\公司情景投资决策\结果\TXN_经营情景市场状态投资决策_2026-07-15.md,31,宽基风险扩张,US-explicit,共享市场快照 US-MKT-5B-v1.0-20260715 锁定“宽基风险扩张”为主状态、“窄幅 / 主题主导上涨”为唯一相邻状态。基准 × 宽基格为“不建议投资”，稀释后市值 $202–276B、每股价值 $220–300、15 个月总回报 -25%～+2%；基准 × 窄幅格同为“不建议投资”，稀释后市值 $184–244B、每股价值 $200–265、总回报 -31%～-10%。经营与市场状态证据强度均为“中”，两格估值置信度均为“中”。当前最弱传导环节是“外部需求与行业供给 → TXN 可验证的产品/插槽捕获及可确认收入”：工业复苏和 AI 电源需求已出现，但 800V、GPU 近端供电、时钟与控制产品尚无足以支撑乐观行的量产订单金额或插槽份额。仅靠价格变化，宽基列首次达到“谨慎建议投资”的最高买入价约 $238，较当前低 $63（-20.8%）；相邻窄幅列约 $214，低 $87（-29.0%）。若价格不变，需进入乐观行，并至少验证数据中心收入、利润率和自由现金流三项里程碑；市场列无需改变。概率层为 NA，因为没有可辩护的经营行与市场列联合概率。,True,False,业供给 → TXN 可验证的产品/插槽捕获及可确认收入”,False,True,> 当前条件定位： 当前证据最接近“基准 / 正常兑现”；复合定位不需要。假设性复合估值相对纯基准行中点仅低约 1.9%，建议不变，未达到 10% 或一级建议差异门槛。共享市场快照 US-MKT-5B-v1.0-20260715 锁定“宽基风险扩张”为主状态、“窄幅 / 主题主导上涨”为唯一相邻状态。基准 × 宽基格为“不建议投资”，稀释后市值 $202–276B、每股价值 $220–300、15 个月总回报 -25%～+2%；基准 × 窄幅格同为“不建议投资”，稀释后市值 $184–244B、每股价值 $200–265、总回报 -31%～-10%。经营与市场状态证据强度均为“中”，两格估值置信度均为“中”。当前最弱传导环节是“外部需求与行业供给 → TXN 可验证的产品/插槽捕获及可确认收入”：工业复苏和 AI 电源需求已出现，但 800V、GPU 近端供电、时钟与控制产品尚无足以支撑乐观行的量产订单金额或插槽份额。仅靠价格变化，宽基列首次达到“谨慎建议投资”的最高买入价约 $238，较当前低 $63（-20.8%）；相邻窄幅列约 $214，低 $87（-29.0%）。若价格不变，需进入乐观行，并至少验证数据中心收入、利润率和自由现金流三项里程碑；市场列无需改变。概率层为 NA，因为没有可辩护的经营行与市场列联合概率。
UCTT,D:\drive\Investment\分析报告\公司情景投资决策\结果\UCTT_经营情景市场状态投资决策_2026-07-15.md,43,宽基风险扩张,US-explicit,共享快照“美国上市股票（USD）｜2026-07-15 16:00 ET；固定收益最近可得 2026-07-14｜Yahoo/CBOE/FRED/FactSet｜UCT-MKT-US-v1.0”锁定“宽基风险扩张”，唯一相邻状态为“窄幅/主题主导上涨”。复合定位 × 当前主状态的条件建议为“强烈不建议投资”，稀释后市值 $1.32bn–$3.00bn、每股价值 $28.6–$64.9、目标期总回报 -72%～-36%；经营与市场状态证据强度均为“中”，估值置信度为“中低”。当前最弱传导环节是 Products 收入向毛利和经营利润的转化：2026Q1 Products 非 GAAP 毛利率仅 14.6%，尚未证明备货与收入增长能留下足够利润。距离第一个正面区域，在经营与市场假设不变时，当前主状态所需最高买入价约 $36（较 $102.11 低约 65%）；经营上需同时看到 Products 毛利率持续达到约 16.5%、H2 收入兑现及营运资金转正；不需要市场切换，因为“乐观 × 宽基风险扩张”已是正面格子。相邻主题状态下复合条件建议为“不建议投资”，每股 $33.8–$72.5、回报 -67%～-29%；最小减弱条件是 Q2 收入靠近 $565m 且库存/现金继续恶化。概率层为 NA：经营与市场状态的联合基础率及相关性不足以辩护。,True,True,ts 收入向毛利和经营利润的转化,True,False,> 当前条件定位： 当前证据的最接近纯经营行为“基准 / 正常兑现”，但“收入 → 单位经济与利润”和“利润 → 再投资与现金流”两个独立且决定性的环节仍落在“悲观 / 受损”行；复合定位达到门槛。共享快照“美国上市股票（USD）｜2026-07-15 16:00 ET；固定收益最近可得 2026-07-14｜Yahoo/CBOE/FRED/FactSet｜UCT-MKT-US-v1.0”锁定“宽基风险扩张”，唯一相邻状态为“窄幅/主题主导上涨”。复合定位 × 当前主状态的条件建议为“强烈不建议投资”，稀释后市值 $1.32bn–$3.00bn、每股价值 $28.6–$64.9、目标期总回报 -72%～-36%；经营与市场状态证据强度均为“中”，估值置信度为“中低”。当前最弱传导环节是 Products 收入向毛利和经营利润的转化：2026Q1 Products 非 GAAP 毛利率仅 14.6%，尚未证明备货与收入增长能留下足够利润。距离第一个正面区域，在经营与市场假设不变时，当前主状态所需最高买入价约 $36（较 $102.11 低约 65%）；经营上需同时看到 Products 毛利率持续达到约 16.5%、H2 收入兑现及营运资金转正；不需要市场切换，因为“乐观 × 宽基风险扩张”已是正面格子。相邻主题状态下复合条件建议为“不建议投资”，每股 $33.8–$72.5、回报 -67%～-29%；最小减弱条件是 Q2 收入靠近 $565m 且库存/现金继续恶化。概率层为 NA：经营与市场状态的联合基础率及相关性不足以辩护。
UMC,D:\drive\Investment\分析报告\公司情景投资决策\结果\UMC_经营情景市场状态投资决策_2026-07-15.md,3,宽基风险扩张,Other-or-unclear,共享市场快照 台湾上市股票市场（TWSE；UMC普通股为主定价、NYSE ADS为买入价）｜2026-07-15台湾收盘｜TWSE、TAIFEX、CBC、U.S. Treasury｜MS-TW-20260715-v1.0 锁定 宽基风险扩张为主状态、震荡／均值回归为唯一相邻状态。,True,False,司资格如何转成可持续的 UMC 特定量产份额、实现价格和毛利,False,True,> 当前条件定位： 当前证据最接近 基准／正常兑现；复合定位 不需要，因为收入偏强、利润待验证与净现金稳健的冲突只使纯基准价值中点变化约 3%，没有达到 10% 或建议一级的门槛。共享市场快照 台湾上市股票市场（TWSE；UMC普通股为主定价、NYSE ADS为买入价）｜2026-07-15台湾收盘｜TWSE、TAIFEX、CBC、U.S. Treasury｜MS-TW-20260715-v1.0 锁定 宽基风险扩张为主状态、震荡／均值回归为唯一相邻状态。对应当前主格子的条件建议为 强烈不建议投资，稀释后市值 US$13.4–32.8bn、每 ADS 价值 US$5.3–13.0、12—18 个月含息总回报 -77%～-46%，经营与市场状态证据强度分别为 中高／中，估值置信度为 中。当前最弱传导环节是 行业机会与公司资格如何转成可持续的 UMC 特定量产份额、实现价格和毛利；在经营和市场假设不变时，首次达到“谨慎建议投资”的价格边界约为 US$8.1／ADS（较当前低 67%），相邻震荡状态边界约为 US$6.6（低 74%）。当前价下二十格均无正面区域，故经营证据距离与单纯市场切换距离均为 NA；相邻状态仍为强烈不建议投资。最小减弱条件是 Q2 毛利、利用率与 22nm 捕获低于基准并使经营行下移；概率层为 NA，原因是没有可辩护的经营—市场联合概率。
VECO,D:\drive\Investment\分析报告\公司情景投资决策\结果\VECO_经营情景市场状态投资决策_2026-07-15.md,3,宽基风险扩张,US-explicit,共享市场快照 美国上市美元权益｜2026-07-15 16:30 ET｜Yahoo Finance/Cboe/ICE-FRED/Chicago Fed/FactSet｜MS-US-v1.0 锁定 宽基风险扩张为主状态、震荡 / 均值回归为唯一相邻状态。,True,False,付款能否经 Spector 扩产、发货、验收及产品组合转成 41.5%—44.0% 毛利和可释放的营运资本,True,True,> 当前条件定位： 当前证据最接近 基准 / 正常兑现；复合定位不需要：InP 订单与外部需求偏向乐观、当期毛利偏向悲观，但基准行已经明确包含“强订单、后置收入、利润与现金尚待验证”的组合，另建复合定位只使当前价值区间中点下降约 3%，不改变建议，未达到约 10% 或一级建议差异门槛。共享市场快照 美国上市美元权益｜2026-07-15 16:30 ET｜Yahoo Finance/Cboe/ICE-FRED/Chicago Fed/FactSet｜MS-US-v1.0 锁定 宽基风险扩张为主状态、震荡 / 均值回归为唯一相邻状态。对应当前主格子的条件建议为 谨慎建议投资，稀释后股权市值 $3.06bn—$5.39bn、每股价值 $47—$81、目标期总回报 -17%—+42%；经营与市场状态证据强度均为中高，估值置信度为中。当前最弱传导环节是 正式订单和预付款能否经 Spector 扩产、发货、验收及产品组合转成 41.5%—44.0% 毛利和可释放的营运资本。当前主状态下，正面条件建议约可承受至 $60 的买入价，较现价余量 +5.3%；同行已有正面格子，经营证据距离为 0，但若要把建议提高到“建议投资”，仍需 Q2 毛利、Q3 InP 首批确认和库存 / 应收释放三项证据。相邻的震荡状态下建议降为 中性 / 等待，价值 $41—$70、回报 -28%—+23%；最小减弱条件是市场由宽基扩张切换至震荡，或 Q2 收入低于 $170m / non-GAAP 毛利率低于 37%。概率层为 NA：经营行、市场列和中国并购审批之间没有可辩护的联合概率。
VIAV,D:\drive\Investment\分析报告\公司情景投资决策\结果\VIAV_经营情景市场状态投资决策_2026-07-15.md,49,宽基风险扩张,US-explicit,共享市场快照 美国上市普通股（USD）｜2026-07-15 美股收盘；信用数据至 2026-07-14｜Yahoo Finance/Cboe/U.S. Treasury/FRED/FactSet，分别为 2026-07-15/15/15/14/10｜MS-US-2026-07-15-v1 锁定 宽基风险扩张为主状态、震荡 / 均值回归为唯一相邻状态。,True,False,投资与自由现金流,True,False,> 当前条件定位： 当前证据最接近 基准 / 正常兑现；复合定位不需要：收入、产品需求和利润率偏向基准至乐观，但自由现金流偏悲观，把现金转换单独压到悲观端后的压力估值中点仅比纯基准低约 7.4%，条件建议没有改变，也未新增纯基准无法表达的融资或永久损失风险。共享市场快照 美国上市普通股（USD）｜2026-07-15 美股收盘；信用数据至 2026-07-14｜Yahoo Finance/Cboe/U.S. Treasury/FRED/FactSet，分别为 2026-07-15/15/15/14/10｜MS-US-2026-07-15-v1 锁定 宽基风险扩张为主状态、震荡 / 均值回归为唯一相邻状态。当前主格子为 不建议投资｜$6.5B～$11.8B 稀释后股权价值｜$24～$44 每股价值｜-40%～+10% 总回报｜估值置信度低；相邻市场格子为 强烈不建议投资｜$20～$38｜-50%～-5%｜估值置信度中。经营与市场状态证据强度分别为 中高 / 中高。当前最弱传导环节是 利润 → 再投资与自由现金流：高毛利与订单尚未在报告现金流中形成相称的现金积累，当前价格却已要求接近乐观至突破的长期自由现金流。保持基准经营和当前市场不变时，条件建议首次进入正面区域的最高买入价约 $28.81，较当前价低 28.2%；若经营证据上移至乐观行，则当前市场与相邻市场均可出现正面格子。概率层为 NA，因为缺少可辩护的经营—市场联合概率和相关性基础率。
VICR,D:\drive\Investment\分析报告\公司情景投资决策\结果\VICR_经营情景市场状态投资决策_2026-07-15.md,65,宽基风险扩张,US-explicit,共享市场快照 美国股票/美元｜2026-07-15 收盘｜US-USD-20260715-CLOSE-MS5-v1.0 锁定 宽基风险扩张，唯一相邻状态为 震荡 / 均值回归。,True,False,acklog 能否通过客户 SOP、3DI 良率与产品 mix 转成可重复的产品利润和全投入后自由现金流,True,False,> 当前条件定位：当前证据最接近 基准 / 正常兑现；复合定位 不需要，因为 backlog、许可与行业需求偏强和产品收入/3DI/现金转换尚待验证的冲突，已被基准行的合理区间与中等状态证据强度完整保留，候选复合估值相对纯基准中点差异不足 10%，也不改变条件建议。共享市场快照 美国股票/美元｜2026-07-15 收盘｜US-USD-20260715-CLOSE-MS5-v1.0 锁定 宽基风险扩张，唯一相邻状态为 震荡 / 均值回归。对应当前纯格子的条件建议为 强烈不建议投资，目标期稀释后股权市值 $5.3bn—$10.5bn、每股价值 $109—$222、总回报 -58%—-15%；经营与市场状态证据强度均为 中，估值置信度为 中。当前最弱传导环节是 已见需求/backlog 能否通过客户 SOP、3DI 良率与产品 mix 转成可重复的产品利润和全投入后自由现金流。在经营与市场假设不变时，第一个正面价格边界约 $138，比当前价低 约 47%；经营证据需至少看到 Q2/Q3 产品而非单次 royalty 拉动、第二条 3DI 线形成有效良率与交付、以及第二个大型 VPD 客户进入 PVT/SOP。最近正面区域不要求市场状态变化，但要求经营上移至乐观行。相邻市场状态下，基准格仍为 强烈不建议投资，每股价值 $92—$177。概率层为 NA：没有可辩护的经营与市场联合概率，不强行生成期望回报。
VISN,D:\drive\Investment\分析报告\公司情景投资决策\结果\VISN_经营情景市场状态投资决策_2026-07-15.md,3,宽基风险扩张,US-explicit,共享市场快照“美国股票/美元｜2026-07-15 16:00 ET｜MS-US-5B-v1.0”锁定“宽基风险扩张”为主状态、“窄幅 / 主题主导上涨”为唯一相邻状态。主状态,True,False,行业升级 → VISN 获得可验收、可确认收入的份额”，其后仍需经过 DDR4、产品组合和独立总部成本才能成为现金,True,True,> 当前条件定位： 当前证据最接近“基准 / 正常兑现”纯经营行；复合定位不需要，因为偏弱的拆分后成本与现金转换证据尚未使基准纯行的价值中点改变 10%，也未改变条件建议。共享市场快照“美国股票/美元｜2026-07-15 16:00 ET｜MS-US-5B-v1.0”锁定“宽基风险扩张”为主状态、“窄幅 / 主题主导上涨”为唯一相邻状态。主状态对应格子的条件建议为“建议投资”，目标期除息后稀释股权市值为 19.28—26.01 亿美元、除息后每股价值为 8.07—11.07 美元；若在尚未确定的 RUCKUS 分红登记规则下具有领取资格，持有期每股总价值为 13.87—17.57 美元、总回报为 +12.6%—+42.6%。经营与市场状态证据强度均为“中”，估值置信度为“中”。当前最弱传导环节是“运营商需求与行业升级 → VISN 获得可验收、可确认收入的份额”，其后仍需经过 DDR4、产品组合和独立总部成本才能成为现金。当前格子已经属于正面区域；按 14% 要求回报低端反推，主状态下正面建议可承受的最高买入价约 13.79 美元，较当前价尚有 1.47 美元或 11.9% 的余量；经营证据距离为 0，且无需市场状态切换。唯一相邻市场状态下为“谨慎建议投资”，总回报为 +8.1%—+37.5%。最小减弱条件是未来分红明显低于本报告区间，同时纯 Aurora EBITDA 与 backlog 转化落到基准低端以下。概率层为 NA：缺少可辩护的经营—市场联合概率，不能用主观权重替代条件矩阵。
VRT,D:\drive\Investment\分析报告\公司情景投资决策\结果\VRT_经营情景市场状态投资决策_2026-07-15.md,37,宽基风险扩张,US-explicit,共享市场快照“美国股票/美元｜2026-07-15 16:00 ET｜US-MKT-5B-v1.0”锁定主状态“宽基风险扩张”、唯一相邻状态“震荡 / 均值回归”。当前纯格子为“基准 × 宽基风险扩张”：不建议投资，稀释后股权价值 $87～127B、每股价值 $220～320、15 个月总回报 -28%～+5%；经营与市场状态证据强度均为中高，估值置信度为中。当前最弱传导环节是“公司捕获 / backlog → 合格交付、验收与收入确认”，它限制高行业需求转成目标期现金流。保持当前经营与市场假设时，第一个正面条件区域要求最高买入价约 $230，即较当前低约 24.5%；经营上至少需要一组把当前定位推向乐观行的订单转化、利润和现金里程碑；仅切换市场列不足以使基准行转正。相邻市场状态下为“强烈不建议投资｜$185～280｜-39%～-8%”。最小减弱条件是 Q2 低于指引低端、利润率低于 20.5% 或 backlog / 现金转换恶化；概率层为 NA，因为缺乏可辩护的经营—市场联合概率。,True,False, backlog → 合格交付、验收与收入确认”，它限制高行业需求转成目标期现金流,True,True,> 当前条件定位： 当前证据最接近“基准 / 正常兑现”；复合定位不需要，因为需求与公司捕获虽偏向乐观，但交付、收入确认、利润、现金及稀释仍能由基准行的合理区间完整表达，复合估值中点仅比纯基准高约 4.6%，建议不变，未达到约 10% 或一级建议差异的门槛。共享市场快照“美国股票/美元｜2026-07-15 16:00 ET｜US-MKT-5B-v1.0”锁定主状态“宽基风险扩张”、唯一相邻状态“震荡 / 均值回归”。当前纯格子为“基准 × 宽基风险扩张”：不建议投资，稀释后股权价值 $87～127B、每股价值 $220～320、15 个月总回报 -28%～+5%；经营与市场状态证据强度均为中高，估值置信度为中。当前最弱传导环节是“公司捕获 / backlog → 合格交付、验收与收入确认”，它限制高行业需求转成目标期现金流。保持当前经营与市场假设时，第一个正面条件区域要求最高买入价约 $230，即较当前低约 24.5%；经营上至少需要一组把当前定位推向乐观行的订单转化、利润和现金里程碑；仅切换市场列不足以使基准行转正。相邻市场状态下为“强烈不建议投资｜$185～280｜-39%～-8%”。最小减弱条件是 Q2 低于指引低端、利润率低于 20.5% 或 backlog / 现金转换恶化；概率层为 NA，因为缺乏可辩护的经营—市场联合概率。
VSH,D:\drive\Investment\分析报告\公司情景投资决策\结果\VSH_经营情景市场状态投资决策_2026-07-15.md,50,宽基风险扩张,US-explicit,共享市场快照 美国主要定价市场｜2026-07-15 16:00 ET｜Yahoo/Cboe/US Treasury/FRED/FactSet｜MS5-v1.0｜8fa2dfec7ae4 锁定 宽基风险扩张为主状态、窄幅/主题主导上涨为唯一相邻状态。主状态,True,False,投入能否转成合格产能、毛利率、增量 ROIC 和自由现金流,True,False,> 当前条件定位： 当前证据最接近 基准 / 正常兑现；复合定位不需要，因为“需求/订单偏乐观、利润与现金仍偏基准低端”的冲突只使条件价值中点下降约 4.5%，未达到 10% 或建议变化门槛。共享市场快照 美国主要定价市场｜2026-07-15 16:00 ET｜Yahoo/Cboe/US Treasury/FRED/FactSet｜MS5-v1.0｜8fa2dfec7ae4 锁定 宽基风险扩张为主状态、窄幅/主题主导上涨为唯一相邻状态。主状态对应“基准 × 宽基风险扩张”的条件建议为 不建议投资，稀释后市值 $4.3bn-$6.4bn、每股价值 $27-$40、目标期总回报 -32%～0%；经营与市场状态证据强度均为 中，估值置信度为 中。当前最弱传导环节是 已承诺成长性投入能否转成合格产能、毛利率、增量 ROIC 和自由现金流。在经营和市场假设不变时，主状态下第一个正面买入边界约 $28.81，较当前价低 28.8%；若股价升至约 $45.00，连主格价值高端的总回报也降至约 -10%，负面建议会进一步减弱。经营证据则需依次看到 Q2/后续收入、MOSFET 与集团毛利率、库存和自由现金流三个里程碑。市场状态无需变得更有利：经营进入乐观行即可出现正面区域；只切换市场列不能使基准行转正。相邻主题状态下建议仍为 不建议投资，每股价值 $26-$39、回报 -34%～-2%。最小经营减弱条件是 Q2 低于 $875m 或毛利率低于 20.5%，且订单/POS 同时转弱；概率层为 NA，因为没有可辩护的经营—市场联合概率。
VST,D:\drive\Investment\分析报告\公司情景投资决策\结果\VST_经营情景市场状态投资决策_2026-07-15.md,28,宽基风险扩张,US-explicit,共享市场快照 US-5B-v1.0-20260715 锁定 宽基风险扩张为主状态、窄幅 / 主题主导上涨为唯一相邻状态。当前纯格子的条件建议为 中性 / 等待，稀释后普通股市值 $42.9—66.2bn、每股价值 $125—196、目标期总回报 -21%—+23%；经营与市场状态证据强度均为中，估值置信度为中。当前最弱传导环节是 外部电力需求与已签机会如何转成 VST 可捕获、可交付且有足够实现价的 MWh / 容量，并继续成为 EBITDA：2027 已套保 89%、PPA 价格未披露、Cogentrix 尚未交割，因而强需求不能自动穿透到每股价值。仅靠价格变化，约 $150 或以下才首次形成谨慎正面不对称，较当前低 $10.23 / 6.4%；基准行在相邻窄幅主题列已经有正面格子，故统一口径的经营证据距离为 0，但在当前宽基列要升级到乐观行，仍需 Cogentrix 按期交割并确认约 $0.55bn run-rate、Meta 按时起供、FCFbG 与净杠杆同步兑现。当前经营行在主状态和相邻市场状态下的建议范围为 中性 / 等待至谨慎建议投资；把相邻乐观经营行也纳入当前邻域后，范围扩为 中性 / 等待至建议投资。最小减弱条件是宽度转弱且 10 年实际利率继续上行，或 Q2 EBITDA/合同收入明显低于指引轨道。概率层为 NA，因为没有可辩护的经营行与市场列联合概率。,True,False,与已签机会如何转成 VST 可捕获、可交付且有足够实现价的 MWh / 容量，并继续成为 EBITDA,False,True,> 当前条件定位：当前证据最接近 基准 / 正常兑现；复合定位不需要，原因是行业需求虽偏强，但公司捕获、收入、利润、现金和资本结构仍能由基准行合理区间完整表达，测试复合中点只比纯基准高约 3%，未达到 10% 或建议变一级的门槛。共享市场快照 US-5B-v1.0-20260715 锁定 宽基风险扩张为主状态、窄幅 / 主题主导上涨为唯一相邻状态。当前纯格子的条件建议为 中性 / 等待，稀释后普通股市值 $42.9—66.2bn、每股价值 $125—196、目标期总回报 -21%—+23%；经营与市场状态证据强度均为中，估值置信度为中。当前最弱传导环节是 外部电力需求与已签机会如何转成 VST 可捕获、可交付且有足够实现价的 MWh / 容量，并继续成为 EBITDA：2027 已套保 89%、PPA 价格未披露、Cogentrix 尚未交割，因而强需求不能自动穿透到每股价值。仅靠价格变化，约 $150 或以下才首次形成谨慎正面不对称，较当前低 $10.23 / 6.4%；基准行在相邻窄幅主题列已经有正面格子，故统一口径的经营证据距离为 0，但在当前宽基列要升级到乐观行，仍需 Cogentrix 按期交割并确认约 $0.55bn run-rate、Meta 按时起供、FCFbG 与净杠杆同步兑现。当前经营行在主状态和相邻市场状态下的建议范围为 中性 / 等待至谨慎建议投资；把相邻乐观经营行也纳入当前邻域后，范围扩为 中性 / 等待至建议投资。最小减弱条件是宽度转弱且 10 年实际利率继续上行，或 Q2 EBITDA/合同收入明显低于指引轨道。概率层为 NA，因为没有可辩护的经营行与市场列联合概率。
WDC,D:\drive\Investment\分析报告\公司情景投资决策\结果\备份\WDC_2026-08-19T12_34_50-07_00-83185a930e\WDC_经营情景市场状态投资决策_2026-07-15.md,29,宽基风险扩张,US-explicit,共享市场快照 US-MKT-5B-v1.0-20260715-1600ET 锁定 宽基风险扩张为主状态、窄幅 / 主题主导上涨为唯一相邻状态。当前纯格子为 不建议投资｜$195—$448/股｜-62%—-13%｜估值置信度低；相邻市场列为 不建议投资｜$206—$503/股｜-60%—-2%｜估值置信度低。经营与市场状态证据强度均为中。当前最弱传导环节是 40TB/HAMR 的合格交付与实现价格，能否把强需求延伸成 3—5 年可持续的单位经济和自由现金流；短期退出倍数与五年 DCF 的巨大分歧正来自这里。仅靠价格，在主状态下首次进入正面区域的最高买入价约 $313（较现价低 39%）；在相邻主题状态下约 $353（低 31%）。经营证据要跨到最近正面行，至少需要 40TB 多客户量产、HAMR 生产资格及 NTM $20.5bn+ 收入 / $7.2bn+ FCF / ≤380m 稀释股三组里程碑。相邻邻域的建议范围为 不建议投资至中性 / 等待；最小减弱条件是 FY2026 Q4 毛利率低于约 49% 且价格/EB 不再为正，或市场转入震荡列。概率层为 NA，因为经营与市场状态高度相关且没有可辩护的联合概率。,True,False,AMR 的合格交付与实现价格，能否把强需求延伸成 3—5 年可持续的单位经济和自由现金流,True,True,> 当前条件定位： 当前证据最接近 基准 / 正常兑现；复合定位不需要：唯一偏弱项是换债后股本与 40TB 量产尚未最终核实，采用基准行的合理低端即可保留，假设复合后每股价值中点只下降约 2%，未达到 10% 或建议改变一级的门槛。共享市场快照 US-MKT-5B-v1.0-20260715-1600ET 锁定 宽基风险扩张为主状态、窄幅 / 主题主导上涨为唯一相邻状态。当前纯格子为 不建议投资｜$195—$448/股｜-62%—-13%｜估值置信度低；相邻市场列为 不建议投资｜$206—$503/股｜-60%—-2%｜估值置信度低。经营与市场状态证据强度均为中。当前最弱传导环节是 40TB/HAMR 的合格交付与实现价格，能否把强需求延伸成 3—5 年可持续的单位经济和自由现金流；短期退出倍数与五年 DCF 的巨大分歧正来自这里。仅靠价格，在主状态下首次进入正面区域的最高买入价约 $313（较现价低 39%）；在相邻主题状态下约 $353（低 31%）。经营证据要跨到最近正面行，至少需要 40TB 多客户量产、HAMR 生产资格及 NTM $20.5bn+ 收入 / $7.2bn+ FCF / ≤380m 稀释股三组里程碑。相邻邻域的建议范围为 不建议投资至中性 / 等待；最小减弱条件是 FY2026 Q4 毛利率低于约 49% 且价格/EB 不再为正，或市场转入震荡列。概率层为 NA，因为经营与市场状态高度相关且没有可辩护的联合概率。
WOLF,D:\drive\Investment\分析报告\公司情景投资决策\结果\WOLF_经营情景市场状态投资决策_2026-07-15.md,3,宽基风险扩张,US-explicit,共享市场快照 美国上市股票（NYSE/Nasdaq，USD）｜2026-07-15 16:30 ET｜AP/ETF 7-15 收盘、Cboe 7-15 16:28、Fed H.15 7-15、ICE HY OAS 7-13、FactSet 7-2｜MS-5B-v1.0 锁定主状态“宽基风险扩张”、唯一相邻状态“窄幅 / 主题主导上涨”。复合定位在两列中的条件建议均为“强烈不建议投资”：宽基列稀释后股权市值为 0～17.11 亿美元、每股价值 0～18.37 美元、目标期总回报 -100%～-48%；主题列分别为 0～18.11 亿美元、0～19.45 美元和 -100%～-45%。经营与市场状态证据强度均为“中”，估值置信度为“低”。当前最弱传导环节是“收入 → 单位经济与利润”：产能低利用率、折旧和固定成本使收入尚不能转化为正毛利，再经现金消耗与可转债稀释放大。复合定位因价值低端为零，不能给出满足低端保护的可靠转正买入价；仅把资本桥简化为纯基准时，宽基/主题列的机械正面价格边界约为 5.69/3.53 美元。距离最近的正面经营区域还需同时看到 AI 绝对收入与量产客户、季度收入和毛利率、材料收入与经营现金消耗三组独立里程碑；市场状态无需进一步改善。相邻状态不改变当前建议；最小的减弱条件是毛利改善失败并伴随现金消耗连续两个季度高于 1 亿美元，或低价融资使稀释股数进一步增加。概率层为 NA，因为经营行与市场状态的联合基础率及相关性无法可靠估计。,True,False,位经济与利润”,True,False,> 当前条件定位： 当前证据最接近“基准 / 正常兑现”纯经营行，但复合定位达到使用门槛：AI 电源需求与近端收入路径大致位于基准行，收入至单位经济、现金流以及资本结构至完全稀释每股价值三个决定性环节却位于悲观或基准低端；相对纯基准行，复合估值中点下降约 38%，且低端新增普通股价值归零风险。共享市场快照 美国上市股票（NYSE/Nasdaq，USD）｜2026-07-15 16:30 ET｜AP/ETF 7-15 收盘、Cboe 7-15 16:28、Fed H.15 7-15、ICE HY OAS 7-13、FactSet 7-2｜MS-5B-v1.0 锁定主状态“宽基风险扩张”、唯一相邻状态“窄幅 / 主题主导上涨”。复合定位在两列中的条件建议均为“强烈不建议投资”：宽基列稀释后股权市值为 0～17.11 亿美元、每股价值 0～18.37 美元、目标期总回报 -100%～-48%；主题列分别为 0～18.11 亿美元、0～19.45 美元和 -100%～-45%。经营与市场状态证据强度均为“中”，估值置信度为“低”。当前最弱传导环节是“收入 → 单位经济与利润”：产能低利用率、折旧和固定成本使收入尚不能转化为正毛利，再经现金消耗与可转债稀释放大。复合定位因价值低端为零，不能给出满足低端保护的可靠转正买入价；仅把资本桥简化为纯基准时，宽基/主题列的机械正面价格边界约为 5.69/3.53 美元。距离最近的正面经营区域还需同时看到 AI 绝对收入与量产客户、季度收入和毛利率、材料收入与经营现金消耗三组独立里程碑；市场状态无需进一步改善。相邻状态不改变当前建议；最小的减弱条件是毛利改善失败并伴随现金消耗连续两个季度高于 1 亿美元，或低价融资使稀释股数进一步增加。概率层为 NA，因为经营行与市场状态的联合基础率及相关性无法可靠估计。
