ticker,date,secondary_close,yahoo_close,relative_difference,url,raw_path
ALLE,2026-09-04,157.12,157.1199951171875,3.1076964557286146e-08,https://stockanalysis.com/stocks/alle/history/,D:\drive\Investment\备份\项目反思_2026-09-04\data\secondary_price_raw\ALLE.html
ALLE,2026-09-03,155.56,155.55999755859375,1.5694306298996707e-08,https://stockanalysis.com/stocks/alle/history/,D:\drive\Investment\备份\项目反思_2026-09-04\data\secondary_price_raw\ALLE.html
ALLE,2026-09-02,155.07,155.07000732421875,-4.7231691557847455e-08,https://stockanalysis.com/stocks/alle/history/,D:\drive\Investment\备份\项目反思_2026-09-04\data\secondary_price_raw\ALLE.html
ALLE,2026-09-01,151.82,151.82000732421875,-4.82427769954441e-08,https://stockanalysis.com/stocks/alle/history/,D:\drive\Investment\备份\项目反思_2026-09-04\data\secondary_price_raw\ALLE.html
ALLE,2026-08-31,155.25,155.25,0.0,https://stockanalysis.com/stocks/alle/history/,D:\drive\Investment\备份\项目反思_2026-09-04\data\secondary_price_raw\ALLE.html
ALLE,2026-08-28,157.48,157.47999572753906,2.713018187883165e-08,https://stockanalysis.com/stocks/alle/history/,D:\drive\Investment\备份\项目反思_2026-09-04\data\secondary_price_raw\ALLE.html
ALLE,2026-08-27,159.72,159.72000122070312,-7.642769306315245e-09,https://stockanalysis.com/stocks/alle/history/,D:\drive\Investment\备份\项目反思_2026-09-04\data\secondary_price_raw\ALLE.html
ALLE,2026-08-26,160.28,160.27999877929688,7.616066444171565e-09,https://stockanalysis.com/stocks/alle/history/,D:\drive\Investment\备份\项目反思_2026-09-04\data\secondary_price_raw\ALLE.html
ALLE,2026-08-25,160.37,160.3699951171875,3.044716989641927e-08,https://stockanalysis.com/stocks/alle/history/,D:\drive\Investment\备份\项目反思_2026-09-04\data\secondary_price_raw\ALLE.html
ALLE,2026-08-24,162.63,162.6300048828125,-3.0024056796307264e-08,https://stockanalysis.com/stocks/alle/history/,D:\drive\Investment\备份\项目反思_2026-09-04\data\secondary_price_raw\ALLE.html
ALLE,2026-08-21,162.31,162.30999755859375,1.504162572274481e-08,https://stockanalysis.com/stocks/alle/history/,D:\drive\Investment\备份\项目反思_2026-09-04\data\secondary_price_raw\ALLE.html
ALLE,2026-08-20,161.72,161.72000122070312,-7.54825080218069e-09,https://stockanalysis.com/stocks/alle/history/,D:\drive\Investment\备份\项目反思_2026-09-04\data\secondary_price_raw\ALLE.html
ALLE,2026-08-19,162.76,162.75999450683594,3.3750087391482e-08,https://stockanalysis.com/stocks/alle/history/,D:\drive\Investment\备份\项目反思_2026-09-04\data\secondary_price_raw\ALLE.html
ALLE,2026-08-18,159.83,159.8300018310547,-1.1456263826481461e-08,https://stockanalysis.com/stocks/alle/history/,D:\drive\Investment\备份\项目反思_2026-09-04\data\secondary_price_raw\ALLE.html
ALLE,2026-08-17,162.1,162.10000610351562,-3.765277856171423e-08,https://stockanalysis.com/stocks/alle/history/,D:\drive\Investment\备份\项目反思_2026-09-04\data\secondary_price_raw\ALLE.html
ALLE,2026-08-14,164.78,164.77999877929688,7.408078150916708e-09,https://stockanalysis.com/stocks/alle/history/,D:\drive\Investment\备份\项目反思_2026-09-04\data\secondary_price_raw\ALLE.html
ALLE,2026-08-13,166.44,166.44000244140625,-1.4668386283389623e-08,https://stockanalysis.com/stocks/alle/history/,D:\drive\Investment\备份\项目反思_2026-09-04\data\secondary_price_raw\ALLE.html
ALLE,2026-08-12,166.11,166.11000061035156,-3.6743816878015423e-09,https://stockanalysis.com/stocks/alle/history/,D:\drive\Investment\备份\项目反思_2026-09-04\data\secondary_price_raw\ALLE.html
ALLE,2026-08-11,168.44,168.44000244140625,-1.4494218825156224e-08,https://stockanalysis.com/stocks/alle/history/,D:\drive\Investment\备份\项目反思_2026-09-04\data\secondary_price_raw\ALLE.html
ALLE,2026-08-10,165.53,165.52999877929688,7.374513000257821e-09,https://stockanalysis.com/stocks/alle/history/,D:\drive\Investment\备份\项目反思_2026-09-04\data\secondary_price_raw\ALLE.html
ALLE,2026-08-07,168.94,168.94000244140625,-1.445132125077464e-08,https://stockanalysis.com/stocks/alle/history/,D:\drive\Investment\备份\项目反思_2026-09-04\data\secondary_price_raw\ALLE.html
ALLE,2026-08-06,168.7,168.6999969482422,1.8089850950531172e-08,https://stockanalysis.com/stocks/alle/history/,D:\drive\Investment\备份\项目反思_2026-09-04\data\secondary_price_raw\ALLE.html
ALLE,2026-08-05,168.58,168.5800018310547,-1.0861636368098004e-08,https://stockanalysis.com/stocks/alle/history/,D:\drive\Investment\备份\项目反思_2026-09-04\data\secondary_price_raw\ALLE.html
ALLE,2026-08-04,165.36,165.36000061035156,-3.691047134601888e-09,https://stockanalysis.com/stocks/alle/history/,D:\drive\Investment\备份\项目反思_2026-09-04\data\secondary_price_raw\ALLE.html
ALLE,2026-08-03,161.28,161.27999877929688,7.568843773952949e-09,https://stockanalysis.com/stocks/alle/history/,D:\drive\Investment\备份\项目反思_2026-09-04\data\secondary_price_raw\ALLE.html
ALLE,2026-07-31,157.4,157.39999389648438,3.877710197386364e-08,https://stockanalysis.com/stocks/alle/history/,D:\drive\Investment\备份\项目反思_2026-09-04\data\secondary_price_raw\ALLE.html
ALLE,2026-07-30,157.06,157.05999755859375,1.554441797502193e-08,https://stockanalysis.com/stocks/alle/history/,D:\drive\Investment\备份\项目反思_2026-09-04\data\secondary_price_raw\ALLE.html
ALLE,2026-07-29,158.47,158.47000122070312,-7.703054971663903e-09,https://stockanalysis.com/stocks/alle/history/,D:\drive\Investment\备份\项目反思_2026-09-04\data\secondary_price_raw\ALLE.html
ALLE,2026-07-28,161.23,161.22999572753906,2.6499169081262153e-08,https://stockanalysis.com/stocks/alle/history/,D:\drive\Investment\备份\项目反思_2026-09-04\data\secondary_price_raw\ALLE.html
ALLE,2026-07-27,158.14,158.13999938964844,3.859564667862969e-09,https://stockanalysis.com/stocks/alle/history/,D:\drive\Investment\备份\项目反思_2026-09-04\data\secondary_price_raw\ALLE.html
ALLE,2026-07-24,153.36,153.36000061035156,-3.979861440406296e-09,https://stockanalysis.com/stocks/alle/history/,D:\drive\Investment\备份\项目反思_2026-09-04\data\secondary_price_raw\ALLE.html
ALLE,2026-07-23,154.57,154.57000732421875,-4.738447567653736e-08,https://stockanalysis.com/stocks/alle/history/,D:\drive\Investment\备份\项目反思_2026-09-04\data\secondary_price_raw\ALLE.html
ALLE,2026-07-22,139.95,139.9499969482422,2.1806058292384023e-08,https://stockanalysis.com/stocks/alle/history/,D:\drive\Investment\备份\项目反思_2026-09-04\data\secondary_price_raw\ALLE.html
ALLE,2026-07-21,137.3,137.3000030517578,-2.222693173958845e-08,https://stockanalysis.com/stocks/alle/history/,D:\drive\Investment\备份\项目反思_2026-09-04\data\secondary_price_raw\ALLE.html
ALLE,2026-07-20,138.13,138.1300048828125,-3.5349397853323694e-08,https://stockanalysis.com/stocks/alle/history/,D:\drive\Investment\备份\项目反思_2026-09-04\data\secondary_price_raw\ALLE.html
ALLE,2026-07-17,137.24,137.24000549316406,-4.0025967873447144e-08,https://stockanalysis.com/stocks/alle/history/,D:\drive\Investment\备份\项目反思_2026-09-04\data\secondary_price_raw\ALLE.html
ALLE,2026-07-16,139.48,139.47999572753906,3.063135256553551e-08,https://stockanalysis.com/stocks/alle/history/,D:\drive\Investment\备份\项目反思_2026-09-04\data\secondary_price_raw\ALLE.html
ALLE,2026-07-15,135.82,135.82000732421875,-5.39259192855468e-08,https://stockanalysis.com/stocks/alle/history/,D:\drive\Investment\备份\项目反思_2026-09-04\data\secondary_price_raw\ALLE.html
ALLE,2026-07-14,136.51,136.50999450683594,4.024001376556896e-08,https://stockanalysis.com/stocks/alle/history/,D:\drive\Investment\备份\项目反思_2026-09-04\data\secondary_price_raw\ALLE.html
ALLE,2026-07-13,136.36,136.36000061035156,-4.476030657230012e-09,https://stockanalysis.com/stocks/alle/history/,D:\drive\Investment\备份\项目反思_2026-09-04\data\secondary_price_raw\ALLE.html
ADBE,2026-09-04,266.51,266.510009765625,-3.664261993829854e-08,https://stockanalysis.com/stocks/adbe/history/,D:\drive\Investment\备份\项目反思_2026-09-04\data\secondary_price_raw\ADBE.html
ADBE,2026-09-03,285.75,285.75,0.0,https://stockanalysis.com/stocks/adbe/history/,D:\drive\Investment\备份\项目反思_2026-09-04\data\secondary_price_raw\ADBE.html
ADBE,2026-09-02,279.79,279.7900085449219,-3.0540482476304476e-08,https://stockanalysis.com/stocks/adbe/history/,D:\drive\Investment\备份\项目反思_2026-09-04\data\secondary_price_raw\ADBE.html
ADBE,2026-09-01,286.08,286.0799865722656,4.6936993181034836e-08,https://stockanalysis.com/stocks/adbe/history/,D:\drive\Investment\备份\项目反思_2026-09-04\data\secondary_price_raw\ADBE.html
ADBE,2026-08-31,292.79,292.7900085449219,-2.9184472172261167e-08,https://stockanalysis.com/stocks/adbe/history/,D:\drive\Investment\备份\项目反思_2026-09-04\data\secondary_price_raw\ADBE.html
ADBE,2026-08-28,291.52,291.5199890136719,3.768636291923144e-08,https://stockanalysis.com/stocks/adbe/history/,D:\drive\Investment\备份\项目反思_2026-09-04\data\secondary_price_raw\ADBE.html
ADBE,2026-08-27,289.15,289.1499938964844,2.1108475634079582e-08,https://stockanalysis.com/stocks/adbe/history/,D:\drive\Investment\备份\项目反思_2026-09-04\data\secondary_price_raw\ADBE.html
ADBE,2026-08-26,273.47,273.4700012207031,-4.4637550322690345e-09,https://stockanalysis.com/stocks/adbe/history/,D:\drive\Investment\备份\项目反思_2026-09-04\data\secondary_price_raw\ADBE.html
ADBE,2026-08-25,273.92,273.9200134277344,-4.902063999168149e-08,https://stockanalysis.com/stocks/adbe/history/,D:\drive\Investment\备份\项目反思_2026-09-04\data\secondary_price_raw\ADBE.html
ADBE,2026-08-24,276.27,276.2699890136719,3.9766635984150867e-08,https://stockanalysis.com/stocks/adbe/history/,D:\drive\Investment\备份\项目反思_2026-09-04\data\secondary_price_raw\ADBE.html
ADBE,2026-08-21,275.3,275.29998779296875,4.4340834781664284e-08,https://stockanalysis.com/stocks/adbe/history/,D:\drive\Investment\备份\项目反思_2026-09-04\data\secondary_price_raw\ADBE.html
ADBE,2026-08-20,272.22,272.2200012207031,-4.4842520807719666e-09,https://stockanalysis.com/stocks/adbe/history/,D:\drive\Investment\备份\项目反思_2026-09-04\data\secondary_price_raw\ADBE.html
ADBE,2026-08-19,272.47,272.4700012207031,-4.480137594242706e-09,https://stockanalysis.com/stocks/adbe/history/,D:\drive\Investment\备份\项目反思_2026-09-04\data\secondary_price_raw\ADBE.html
ADBE,2026-08-18,263.14,263.1400146484375,-5.566784488930665e-08,https://stockanalysis.com/stocks/adbe/history/,D:\drive\Investment\备份\项目反思_2026-09-04\data\secondary_price_raw\ADBE.html
ADBE,2026-08-17,254.04,254.0399932861328,2.642838659028257e-08,https://stockanalysis.com/stocks/adbe/history/,D:\drive\Investment\备份\项目反思_2026-09-04\data\secondary_price_raw\ADBE.html
ADBE,2026-08-14,264.02,264.0199890136719,4.16117285073625e-08,https://stockanalysis.com/stocks/adbe/history/,D:\drive\Investment\备份\项目反思_2026-09-04\data\secondary_price_raw\ADBE.html
ADBE,2026-08-13,270.49,270.489990234375,3.610346177573831e-08,https://stockanalysis.com/stocks/adbe/history/,D:\drive\Investment\备份\项目反思_2026-09-04\data\secondary_price_raw\ADBE.html
ADBE,2026-08-12,258.75,258.75,0.0,https://stockanalysis.com/stocks/adbe/history/,D:\drive\Investment\备份\项目反思_2026-09-04\data\secondary_price_raw\ADBE.html
ADBE,2026-08-11,263.71,263.7099914550781,3.240272317128756e-08,https://stockanalysis.com/stocks/adbe/history/,D:\drive\Investment\备份\项目反思_2026-09-04\data\secondary_price_raw\ADBE.html
ADBE,2026-08-10,272.96,272.9599914550781,3.130466774692309e-08,https://stockanalysis.com/stocks/adbe/history/,D:\drive\Investment\备份\项目反思_2026-09-04\data\secondary_price_raw\ADBE.html
ADBE,2026-08-07,265.21,265.2099914550781,3.221945688025585e-08,https://stockanalysis.com/stocks/adbe/history/,D:\drive\Investment\备份\项目反思_2026-09-04\data\secondary_price_raw\ADBE.html
ADBE,2026-08-06,260.24,260.239990234375,3.752545874036173e-08,https://stockanalysis.com/stocks/adbe/history/,D:\drive\Investment\备份\项目反思_2026-09-04\data\secondary_price_raw\ADBE.html
ADBE,2026-08-05,259.32,259.32000732421875,-2.8243940075611818e-08,https://stockanalysis.com/stocks/adbe/history/,D:\drive\Investment\备份\项目反思_2026-09-04\data\secondary_price_raw\ADBE.html
ADBE,2026-08-04,257.49,257.489990234375,3.792623171072762e-08,https://stockanalysis.com/stocks/adbe/history/,D:\drive\Investment\备份\项目反思_2026-09-04\data\secondary_price_raw\ADBE.html
ADBE,2026-08-03,251.34,251.33999633789065,1.4570340489683531e-08,https://stockanalysis.com/stocks/adbe/history/,D:\drive\Investment\备份\项目反思_2026-09-04\data\secondary_price_raw\ADBE.html
ADBE,2026-07-31,250.41,250.41000366210935,-1.4624453092970668e-08,https://stockanalysis.com/stocks/adbe/history/,D:\drive\Investment\备份\项目反思_2026-09-04\data\secondary_price_raw\ADBE.html
ADBE,2026-07-30,247.9,247.8999938964844,2.4620878447123573e-08,https://stockanalysis.com/stocks/adbe/history/,D:\drive\Investment\备份\项目反思_2026-09-04\data\secondary_price_raw\ADBE.html
ADBE,2026-07-29,263.43,263.42999267578125,2.780328345330929e-08,https://stockanalysis.com/stocks/adbe/history/,D:\drive\Investment\备份\项目反思_2026-09-04\data\secondary_price_raw\ADBE.html
ADBE,2026-07-28,249.18,249.17999267578125,2.939328580531253e-08,https://stockanalysis.com/stocks/adbe/history/,D:\drive\Investment\备份\项目反思_2026-09-04\data\secondary_price_raw\ADBE.html
ADBE,2026-07-27,237.75,237.75,0.0,https://stockanalysis.com/stocks/adbe/history/,D:\drive\Investment\备份\项目反思_2026-09-04\data\secondary_price_raw\ADBE.html
ADBE,2026-07-24,225.11,225.1100006103516,-2.711348146000603e-09,https://stockanalysis.com/stocks/adbe/history/,D:\drive\Investment\备份\项目反思_2026-09-04\data\secondary_price_raw\ADBE.html
ADBE,2026-07-23,212.17,212.1699981689453,8.630129944009468e-09,https://stockanalysis.com/stocks/adbe/history/,D:\drive\Investment\备份\项目反思_2026-09-04\data\secondary_price_raw\ADBE.html
ADBE,2026-07-22,218.36,218.3600006103516,-2.795161990754025e-09,https://stockanalysis.com/stocks/adbe/history/,D:\drive\Investment\备份\项目反思_2026-09-04\data\secondary_price_raw\ADBE.html
ADBE,2026-07-21,227.16,227.16000366210935,-1.6121276980030075e-08,https://stockanalysis.com/stocks/adbe/history/,D:\drive\Investment\备份\项目反思_2026-09-04\data\secondary_price_raw\ADBE.html
ADBE,2026-07-20,234.74,234.7400054931641,-2.3401056314931168e-08,https://stockanalysis.com/stocks/adbe/history/,D:\drive\Investment\备份\项目反思_2026-09-04\data\secondary_price_raw\ADBE.html
ADBE,2026-07-17,237.25,237.25,0.0,https://stockanalysis.com/stocks/adbe/history/,D:\drive\Investment\备份\项目反思_2026-09-04\data\secondary_price_raw\ADBE.html
ADBE,2026-07-16,235.31,235.30999755859372,1.0375276415786061e-08,https://stockanalysis.com/stocks/adbe/history/,D:\drive\Investment\备份\项目反思_2026-09-04\data\secondary_price_raw\ADBE.html
ADBE,2026-07-15,224.56,224.55999755859372,1.0871955336000383e-08,https://stockanalysis.com/stocks/adbe/history/,D:\drive\Investment\备份\项目反思_2026-09-04\data\secondary_price_raw\ADBE.html
ADBE,2026-07-14,220.78,220.77999877929688,5.529047664154518e-09,https://stockanalysis.com/stocks/adbe/history/,D:\drive\Investment\备份\项目反思_2026-09-04\data\secondary_price_raw\ADBE.html
ADBE,2026-07-13,230.61,230.6100006103516,-2.6466829838867056e-09,https://stockanalysis.com/stocks/adbe/history/,D:\drive\Investment\备份\项目反思_2026-09-04\data\secondary_price_raw\ADBE.html
AAON,2026-09-04,79.4,79.4000015258789,-1.9217618052458363e-08,https://stockanalysis.com/stocks/aaon/history/,D:\drive\Investment\备份\项目反思_2026-09-04\data\secondary_price_raw\AAON.html
AAON,2026-09-03,77.98,77.9800033569336,-4.304864642534767e-08,https://stockanalysis.com/stocks/aaon/history/,D:\drive\Investment\备份\项目反思_2026-09-04\data\secondary_price_raw\AAON.html
AAON,2026-09-02,74.62,74.62000274658203,-3.6807584091747e-08,https://stockanalysis.com/stocks/aaon/history/,D:\drive\Investment\备份\项目反思_2026-09-04\data\secondary_price_raw\AAON.html
AAON,2026-09-01,75.35,75.3499984741211,2.0250549903622073e-08,https://stockanalysis.com/stocks/aaon/history/,D:\drive\Investment\备份\项目反思_2026-09-04\data\secondary_price_raw\AAON.html
AAON,2026-08-31,75.97,75.97000122070312,-1.606822574995448e-08,https://stockanalysis.com/stocks/aaon/history/,D:\drive\Investment\备份\项目反思_2026-09-04\data\secondary_price_raw\AAON.html
AAON,2026-08-28,75.87,75.87000274658203,-3.620115895941467e-08,https://stockanalysis.com/stocks/aaon/history/,D:\drive\Investment\备份\项目反思_2026-09-04\data\secondary_price_raw\AAON.html
AAON,2026-08-27,78.15,78.1500015258789,-1.952500150448344e-08,https://stockanalysis.com/stocks/aaon/history/,D:\drive\Investment\备份\项目反思_2026-09-04\data\secondary_price_raw\AAON.html
AAON,2026-08-26,79.78,79.77999877929688,1.5300866795797674e-08,https://stockanalysis.com/stocks/aaon/history/,D:\drive\Investment\备份\项目反思_2026-09-04\data\secondary_price_raw\AAON.html
AAON,2026-08-25,76.19,76.19000244140625,-3.2043656283953226e-08,https://stockanalysis.com/stocks/aaon/history/,D:\drive\Investment\备份\项目反思_2026-09-04\data\secondary_price_raw\AAON.html
AAON,2026-08-24,76.1,76.0999984741211,2.005097154977875e-08,https://stockanalysis.com/stocks/aaon/history/,D:\drive\Investment\备份\项目反思_2026-09-04\data\secondary_price_raw\AAON.html
AAON,2026-08-21,79.44,79.44000244140625,-3.073270615772117e-08,https://stockanalysis.com/stocks/aaon/history/,D:\drive\Investment\备份\项目反思_2026-09-04\data\secondary_price_raw\AAON.html
AAON,2026-08-20,80.84,80.83999633789062,4.530071184838391e-08,https://stockanalysis.com/stocks/aaon/history/,D:\drive\Investment\备份\项目反思_2026-09-04\data\secondary_price_raw\AAON.html
AAON,2026-08-19,80.99,80.98999786376953,2.63764725616511e-08,https://stockanalysis.com/stocks/aaon/history/,D:\drive\Investment\备份\项目反思_2026-09-04\data\secondary_price_raw\AAON.html
AAON,2026-08-18,82.06,82.05999755859375,2.9751478392014974e-08,https://stockanalysis.com/stocks/aaon/history/,D:\drive\Investment\备份\项目反思_2026-09-04\data\secondary_price_raw\AAON.html
AAON,2026-08-17,88.09,88.08999633789062,4.1572363773667576e-08,https://stockanalysis.com/stocks/aaon/history/,D:\drive\Investment\备份\项目反思_2026-09-04\data\secondary_price_raw\AAON.html
AAON,2026-08-14,87.8,87.80000305175781,-3.475806042985141e-08,https://stockanalysis.com/stocks/aaon/history/,D:\drive\Investment\备份\项目反思_2026-09-04\data\secondary_price_raw\AAON.html
AAON,2026-08-13,87.67,87.66999816894531,2.0885761786715307e-08,https://stockanalysis.com/stocks/aaon/history/,D:\drive\Investment\备份\项目反思_2026-09-04\data\secondary_price_raw\AAON.html
AAON,2026-08-12,85.23,85.2300033569336,-3.938675885439835e-08,https://stockanalysis.com/stocks/aaon/history/,D:\drive\Investment\备份\项目反思_2026-09-04\data\secondary_price_raw\AAON.html
AAON,2026-08-11,85.78,85.77999877929688,1.4230626455002948e-08,https://stockanalysis.com/stocks/aaon/history/,D:\drive\Investment\备份\项目反思_2026-09-04\data\secondary_price_raw\AAON.html
AAON,2026-08-10,89.24,89.23999786376953,2.393803799627392e-08,https://stockanalysis.com/stocks/aaon/history/,D:\drive\Investment\备份\项目反思_2026-09-04\data\secondary_price_raw\AAON.html
AAON,2026-08-07,94.83,94.83000183105467,-1.9308811993745678e-08,https://stockanalysis.com/stocks/aaon/history/,D:\drive\Investment\备份\项目反思_2026-09-04\data\secondary_price_raw\AAON.html
AAON,2026-08-06,90.28,90.27999877929688,1.3521302077990072e-08,https://stockanalysis.com/stocks/aaon/history/,D:\drive\Investment\备份\项目反思_2026-09-04\data\secondary_price_raw\AAON.html
AAON,2026-08-05,93.15,93.1500015258789,-1.6380878986588243e-08,https://stockanalysis.com/stocks/aaon/history/,D:\drive\Investment\备份\项目反思_2026-09-04\data\secondary_price_raw\AAON.html
AAON,2026-08-04,95.55,95.5500030517578,-3.193885611540992e-08,https://stockanalysis.com/stocks/aaon/history/,D:\drive\Investment\备份\项目反思_2026-09-04\data\secondary_price_raw\AAON.html
AAON,2026-08-03,92.56,92.55999755859376,2.63764725616511e-08,https://stockanalysis.com/stocks/aaon/history/,D:\drive\Investment\备份\项目反思_2026-09-04\data\secondary_price_raw\AAON.html
AAON,2026-07-31,89.06,89.05999755859375,2.741305094033919e-08,https://stockanalysis.com/stocks/aaon/history/,D:\drive\Investment\备份\项目反思_2026-09-04\data\secondary_price_raw\AAON.html
AAON,2026-07-30,87.59,87.58999633789062,4.180967616562725e-08,https://stockanalysis.com/stocks/aaon/history/,D:\drive\Investment\备份\项目反思_2026-09-04\data\secondary_price_raw\AAON.html
AAON,2026-07-29,84.87,84.87000274658203,-3.236222390068377e-08,https://stockanalysis.com/stocks/aaon/history/,D:\drive\Investment\备份\项目反思_2026-09-04\data\secondary_price_raw\AAON.html
AAON,2026-07-28,93.74,93.73999786376952,2.2788889664226986e-08,https://stockanalysis.com/stocks/aaon/history/,D:\drive\Investment\备份\项目反思_2026-09-04\data\secondary_price_raw\AAON.html
AAON,2026-07-27,101.02,101.0199966430664,3.3230387108673654e-08,https://stockanalysis.com/stocks/aaon/history/,D:\drive\Investment\备份\项目反思_2026-09-04\data\secondary_price_raw\AAON.html
AAON,2026-07-24,102.67,102.66999816894533,1.7834369314684295e-08,https://stockanalysis.com/stocks/aaon/history/,D:\drive\Investment\备份\项目反思_2026-09-04\data\secondary_price_raw\AAON.html
AAON,2026-07-23,107.68,107.68000030517578,-2.834098955517561e-09,https://stockanalysis.com/stocks/aaon/history/,D:\drive\Investment\备份\项目反思_2026-09-04\data\secondary_price_raw\AAON.html
AAON,2026-07-22,107.17,107.16999816894533,1.7085515668924245e-08,https://stockanalysis.com/stocks/aaon/history/,D:\drive\Investment\备份\项目反思_2026-09-04\data\secondary_price_raw\AAON.html
AAON,2026-07-21,105.61,105.61000061035156,-5.779297040930942e-09,https://stockanalysis.com/stocks/aaon/history/,D:\drive\Investment\备份\项目反思_2026-09-04\data\secondary_price_raw\AAON.html
AAON,2026-07-20,103.88,103.87999725341795,2.6439951117396276e-08,https://stockanalysis.com/stocks/aaon/history/,D:\drive\Investment\备份\项目反思_2026-09-04\data\secondary_price_raw\AAON.html
AAON,2026-07-17,111.42,111.41999816894533,1.643380631577429e-08,https://stockanalysis.com/stocks/aaon/history/,D:\drive\Investment\备份\项目反思_2026-09-04\data\secondary_price_raw\AAON.html
AAON,2026-07-16,113.2,113.1999969482422,2.6958991927727993e-08,https://stockanalysis.com/stocks/aaon/history/,D:\drive\Investment\备份\项目反思_2026-09-04\data\secondary_price_raw\AAON.html
AAON,2026-07-15,113.11,113.11000061035156,-5.396088353926132e-09,https://stockanalysis.com/stocks/aaon/history/,D:\drive\Investment\备份\项目反思_2026-09-04\data\secondary_price_raw\AAON.html
AAON,2026-07-14,112.93,112.93000030517578,-2.7023445703378e-09,https://stockanalysis.com/stocks/aaon/history/,D:\drive\Investment\备份\项目反思_2026-09-04\data\secondary_price_raw\AAON.html
AAON,2026-07-13,112.19,112.19000244140624,-2.1761352941851442e-08,https://stockanalysis.com/stocks/aaon/history/,D:\drive\Investment\备份\项目反思_2026-09-04\data\secondary_price_raw\AAON.html
AMKR,2026-09-04,47.77,47.77000045776367,-9.582659887819034e-09,https://stockanalysis.com/stocks/amkr/history/,D:\drive\Investment\备份\项目反思_2026-09-04\data\secondary_price_raw\AMKR.html
AMKR,2026-09-03,46.94,46.93999862670898,2.9256307154668093e-08,https://stockanalysis.com/stocks/amkr/history/,D:\drive\Investment\备份\项目反思_2026-09-04\data\secondary_price_raw\AMKR.html
AMKR,2026-09-02,47.17,47.16999816894531,3.881820553885973e-08,https://stockanalysis.com/stocks/amkr/history/,D:\drive\Investment\备份\项目反思_2026-09-04\data\secondary_price_raw\AMKR.html
AMKR,2026-09-01,45.73,45.72999954223633,1.0010139384064587e-08,https://stockanalysis.com/stocks/amkr/history/,D:\drive\Investment\备份\项目反思_2026-09-04\data\secondary_price_raw\AMKR.html
AMKR,2026-08-31,47.3,47.29999923706055,1.6129798385833283e-08,https://stockanalysis.com/stocks/amkr/history/,D:\drive\Investment\备份\项目反思_2026-09-04\data\secondary_price_raw\AMKR.html
AMKR,2026-08-28,47.88,47.880001068115234,-2.230817064408086e-08,https://stockanalysis.com/stocks/amkr/history/,D:\drive\Investment\备份\项目反思_2026-09-04\data\secondary_price_raw\AMKR.html
AMKR,2026-08-27,51.74,51.7400016784668,-3.244040858163544e-08,https://stockanalysis.com/stocks/amkr/history/,D:\drive\Investment\备份\项目反思_2026-09-04\data\secondary_price_raw\AMKR.html
AMKR,2026-08-26,48.4,48.400001525878906,-3.1526422694660994e-08,https://stockanalysis.com/stocks/amkr/history/,D:\drive\Investment\备份\项目反思_2026-09-04\data\secondary_price_raw\AMKR.html
AMKR,2026-08-25,48.7,48.70000076293945,-1.5666107522349648e-08,https://stockanalysis.com/stocks/amkr/history/,D:\drive\Investment\备份\项目反思_2026-09-04\data\secondary_price_raw\AMKR.html
AMKR,2026-08-24,47.9,47.900001525878906,-3.185550856432684e-08,https://stockanalysis.com/stocks/amkr/history/,D:\drive\Investment\备份\项目反思_2026-09-04\data\secondary_price_raw\AMKR.html
AMKR,2026-08-21,50.26,50.2599983215332,3.33956795550705e-08,https://stockanalysis.com/stocks/amkr/history/,D:\drive\Investment\备份\项目反思_2026-09-04\data\secondary_price_raw\AMKR.html
AMKR,2026-08-20,50.86,50.86000061035156,-1.2000620497332193e-08,https://stockanalysis.com/stocks/amkr/history/,D:\drive\Investment\备份\项目反思_2026-09-04\data\secondary_price_raw\AMKR.html
AMKR,2026-08-19,50.89,50.88999938964844,1.1993546378263886e-08,https://stockanalysis.com/stocks/amkr/history/,D:\drive\Investment\备份\项目反思_2026-09-04\data\secondary_price_raw\AMKR.html
AMKR,2026-08-18,54.84,54.84000015258789,-2.782419517011192e-09,https://stockanalysis.com/stocks/amkr/history/,D:\drive\Investment\备份\项目反思_2026-09-04\data\secondary_price_raw\AMKR.html
AMKR,2026-08-17,61.3,61.29999923706055,1.2445994457266352e-08,https://stockanalysis.com/stocks/amkr/history/,D:\drive\Investment\备份\项目反思_2026-09-04\data\secondary_price_raw\AMKR.html
AMKR,2026-08-14,58.99,58.9900016784668,-2.845341151580527e-08,https://stockanalysis.com/stocks/amkr/history/,D:\drive\Investment\备份\项目反思_2026-09-04\data\secondary_price_raw\AMKR.html
AMKR,2026-08-13,57.75,57.75,0.0,https://stockanalysis.com/stocks/amkr/history/,D:\drive\Investment\备份\项目反思_2026-09-04\data\secondary_price_raw\AMKR.html
AMKR,2026-08-12,55.59,55.59000015258789,-2.744880100991054e-09,https://stockanalysis.com/stocks/amkr/history/,D:\drive\Investment\备份\项目反思_2026-09-04\data\secondary_price_raw\AMKR.html
AMKR,2026-08-11,54.3,54.29999923706055,1.405045058078258e-08,https://stockanalysis.com/stocks/amkr/history/,D:\drive\Investment\备份\项目反思_2026-09-04\data\secondary_price_raw\AMKR.html
AMKR,2026-08-10,52.87,52.869998931884766,2.0202671757729718e-08,https://stockanalysis.com/stocks/amkr/history/,D:\drive\Investment\备份\项目反思_2026-09-04\data\secondary_price_raw\AMKR.html
AMKR,2026-08-07,55.27,55.27000045776367,-8.28231705440885e-09,https://stockanalysis.com/stocks/amkr/history/,D:\drive\Investment\备份\项目反思_2026-09-04\data\secondary_price_raw\AMKR.html
AMKR,2026-08-06,54.16,54.15999984741211,2.8173539057263497e-09,https://stockanalysis.com/stocks/amkr/history/,D:\drive\Investment\备份\项目反思_2026-09-04\data\secondary_price_raw\AMKR.html
AMKR,2026-08-05,53.86,53.86000061035156,-1.1332186300450076e-08,https://stockanalysis.com/stocks/amkr/history/,D:\drive\Investment\备份\项目反思_2026-09-04\data\secondary_price_raw\AMKR.html
AMKR,2026-08-04,55.87,55.869998931884766,1.911786751129796e-08,https://stockanalysis.com/stocks/amkr/history/,D:\drive\Investment\备份\项目反思_2026-09-04\data\secondary_price_raw\AMKR.html
AMKR,2026-08-03,50.84,50.84000015258789,-3.0013352914082247e-09,https://stockanalysis.com/stocks/amkr/history/,D:\drive\Investment\备份\项目反思_2026-09-04\data\secondary_price_raw\AMKR.html
AMKR,2026-07-31,49.87,49.869998931884766,2.1417991824534965e-08,https://stockanalysis.com/stocks/amkr/history/,D:\drive\Investment\备份\项目反思_2026-09-04\data\secondary_price_raw\AMKR.html
AMKR,2026-07-30,48.26,48.2599983215332,3.477966958875811e-08,https://stockanalysis.com/stocks/amkr/history/,D:\drive\Investment\备份\项目反思_2026-09-04\data\secondary_price_raw\AMKR.html
AMKR,2026-07-29,42.73,42.72999954223633,1.0712934095380433e-08,https://stockanalysis.com/stocks/amkr/history/,D:\drive\Investment\备份\项目反思_2026-09-04\data\secondary_price_raw\AMKR.html
AMKR,2026-07-28,45.69,45.68999862670898,3.0056709565684514e-08,https://stockanalysis.com/stocks/amkr/history/,D:\drive\Investment\备份\项目反思_2026-09-04\data\secondary_price_raw\AMKR.html
AMKR,2026-07-27,60.71,60.709999084472656,1.5080338533479676e-08,https://stockanalysis.com/stocks/amkr/history/,D:\drive\Investment\备份\项目反思_2026-09-04\data\secondary_price_raw\AMKR.html
AMKR,2026-07-24,64.96,64.95999908447266,1.4093709310714075e-08,https://stockanalysis.com/stocks/amkr/history/,D:\drive\Investment\备份\项目反思_2026-09-04\data\secondary_price_raw\AMKR.html
AMKR,2026-07-23,65.33,65.33000183105469,-2.8027776433070528e-08,https://stockanalysis.com/stocks/amkr/history/,D:\drive\Investment\备份\项目反思_2026-09-04\data\secondary_price_raw\AMKR.html
AMKR,2026-07-22,66.97,66.97000122070312,-1.822761097614034e-08,https://stockanalysis.com/stocks/amkr/history/,D:\drive\Investment\备份\项目反思_2026-09-04\data\secondary_price_raw\AMKR.html
AMKR,2026-07-21,66.73,66.7300033569336,-5.030621041957062e-08,https://stockanalysis.com/stocks/amkr/history/,D:\drive\Investment\备份\项目反思_2026-09-04\data\secondary_price_raw\AMKR.html
AMKR,2026-07-20,62.56,62.560001373291016,-2.1951582218626697e-08,https://stockanalysis.com/stocks/amkr/history/,D:\drive\Investment\备份\项目反思_2026-09-04\data\secondary_price_raw\AMKR.html
AMKR,2026-07-17,62.94,62.93999862670898,2.1819050788352e-08,https://stockanalysis.com/stocks/amkr/history/,D:\drive\Investment\备份\项目反思_2026-09-04\data\secondary_price_raw\AMKR.html
AMKR,2026-07-16,63.02,63.02000045776367,-7.263784018718411e-09,https://stockanalysis.com/stocks/amkr/history/,D:\drive\Investment\备份\项目反思_2026-09-04\data\secondary_price_raw\AMKR.html
AMKR,2026-07-15,67.64,67.63999938964844,9.023529923268825e-09,https://stockanalysis.com/stocks/amkr/history/,D:\drive\Investment\备份\项目反思_2026-09-04\data\secondary_price_raw\AMKR.html
AMKR,2026-07-14,70.2,70.19999694824219,4.347233550916485e-08,https://stockanalysis.com/stocks/amkr/history/,D:\drive\Investment\备份\项目反思_2026-09-04\data\secondary_price_raw\AMKR.html
AMKR,2026-07-13,66.06,66.05999755859375,3.6957407578697143e-08,https://stockanalysis.com/stocks/amkr/history/,D:\drive\Investment\备份\项目反思_2026-09-04\data\secondary_price_raw\AMKR.html
AOSL,2026-09-04,25.2,25.200000762939453,-3.0275374207633376e-08,https://stockanalysis.com/stocks/aosl/history/,D:\drive\Investment\备份\项目反思_2026-09-04\data\secondary_price_raw\AOSL.html
AOSL,2026-09-03,24.45,24.450000762939453,-3.120406666390352e-08,https://stockanalysis.com/stocks/aosl/history/,D:\drive\Investment\备份\项目反思_2026-09-04\data\secondary_price_raw\AOSL.html
AOSL,2026-09-02,24.62,24.6200008392334,-3.408746418465114e-08,https://stockanalysis.com/stocks/aosl/history/,D:\drive\Investment\备份\项目反思_2026-09-04\data\secondary_price_raw\AOSL.html
AOSL,2026-09-01,23.64,23.63999938964844,2.581859459560576e-08,https://stockanalysis.com/stocks/aosl/history/,D:\drive\Investment\备份\项目反思_2026-09-04\data\secondary_price_raw\AOSL.html
AOSL,2026-08-31,24.66,24.65999984741211,6.187667933588159e-09,https://stockanalysis.com/stocks/aosl/history/,D:\drive\Investment\备份\项目反思_2026-09-04\data\secondary_price_raw\AOSL.html
AOSL,2026-08-28,24.63,24.6299991607666,3.407362680896142e-08,https://stockanalysis.com/stocks/aosl/history/,D:\drive\Investment\备份\项目反思_2026-09-04\data\secondary_price_raw\AOSL.html
AOSL,2026-08-27,26.23,26.229999542236328,1.7451913025823274e-08,https://stockanalysis.com/stocks/aosl/history/,D:\drive\Investment\备份\项目反思_2026-09-04\data\secondary_price_raw\AOSL.html
AOSL,2026-08-26,26.2,26.200000762939453,-2.9119825661894083e-08,https://stockanalysis.com/stocks/aosl/history/,D:\drive\Investment\备份\项目反思_2026-09-04\data\secondary_price_raw\AOSL.html
AOSL,2026-08-25,26.62,26.6200008392334,-3.1526422694660994e-08,https://stockanalysis.com/stocks/aosl/history/,D:\drive\Investment\备份\项目反思_2026-09-04\data\secondary_price_raw\AOSL.html
AOSL,2026-08-24,25.89,25.88999938964844,2.357480011205837e-08,https://stockanalysis.com/stocks/aosl/history/,D:\drive\Investment\备份\项目反思_2026-09-04\data\secondary_price_raw\AOSL.html
AOSL,2026-08-21,26.39,26.38999938964844,2.312813851546025e-08,https://stockanalysis.com/stocks/aosl/history/,D:\drive\Investment\备份\项目反思_2026-09-04\data\secondary_price_raw\AOSL.html
AOSL,2026-08-20,26.22,26.21999931335449,2.6187853885417667e-08,https://stockanalysis.com/stocks/aosl/history/,D:\drive\Investment\备份\项目反思_2026-09-04\data\secondary_price_raw\AOSL.html
AOSL,2026-08-19,27.14,27.13999938964844,2.2489004214421016e-08,https://stockanalysis.com/stocks/aosl/history/,D:\drive\Investment\备份\项目反思_2026-09-04\data\secondary_price_raw\AOSL.html
AOSL,2026-08-18,28.38,28.3799991607666,2.9571297410768693e-08,https://stockanalysis.com/stocks/aosl/history/,D:\drive\Investment\备份\项目反思_2026-09-04\data\secondary_price_raw\AOSL.html
AOSL,2026-08-17,31.07,31.06999969482422,9.822201052500645e-09,https://stockanalysis.com/stocks/aosl/history/,D:\drive\Investment\备份\项目反思_2026-09-04\data\secondary_price_raw\AOSL.html
AOSL,2026-08-14,30.77,30.770000457763672,-1.4876947229680582e-08,https://stockanalysis.com/stocks/aosl/history/,D:\drive\Investment\备份\项目反思_2026-09-04\data\secondary_price_raw\AOSL.html
AOSL,2026-08-13,30.62,30.6200008392334,-2.7408013525409558e-08,https://stockanalysis.com/stocks/aosl/history/,D:\drive\Investment\备份\项目反思_2026-09-04\data\secondary_price_raw\AOSL.html
AOSL,2026-08-12,36.28,36.27999877929688,3.3646724295621766e-08,https://stockanalysis.com/stocks/aosl/history/,D:\drive\Investment\备份\项目反思_2026-09-04\data\secondary_price_raw\AOSL.html
AOSL,2026-08-11,34.84,34.84000015258789,-4.379675289101215e-09,https://stockanalysis.com/stocks/aosl/history/,D:\drive\Investment\备份\项目反思_2026-09-04\data\secondary_price_raw\AOSL.html
AOSL,2026-08-10,34.56,34.560001373291016,-3.973642825894075e-08,https://stockanalysis.com/stocks/aosl/history/,D:\drive\Investment\备份\项目反思_2026-09-04\data\secondary_price_raw\AOSL.html
AOSL,2026-08-07,36.08,36.08000183105469,-5.074985021114031e-08,https://stockanalysis.com/stocks/aosl/history/,D:\drive\Investment\备份\项目反思_2026-09-04\data\secondary_price_raw\AOSL.html
AOSL,2026-08-06,33.33,33.33000183105469,-5.4937131399590555e-08,https://stockanalysis.com/stocks/aosl/history/,D:\drive\Investment\备份\项目反思_2026-09-04\data\secondary_price_raw\AOSL.html
AOSL,2026-08-05,32.54,32.540000915527344,-2.8135443086441114e-08,https://stockanalysis.com/stocks/aosl/history/,D:\drive\Investment\备份\项目反思_2026-09-04\data\secondary_price_raw\AOSL.html
AOSL,2026-08-04,33.78,33.779998779296875,3.613686105907732e-08,https://stockanalysis.com/stocks/aosl/history/,D:\drive\Investment\备份\项目反思_2026-09-04\data\secondary_price_raw\AOSL.html
AOSL,2026-08-03,31.47,31.46999931335449,2.1819050788352e-08,https://stockanalysis.com/stocks/aosl/history/,D:\drive\Investment\备份\项目反思_2026-09-04\data\secondary_price_raw\AOSL.html
AOSL,2026-07-31,31.74,31.739999771118164,7.2111479010317225e-09,https://stockanalysis.com/stocks/aosl/history/,D:\drive\Investment\备份\项目反思_2026-09-04\data\secondary_price_raw\AOSL.html
AOSL,2026-07-30,31.11,31.11000061035156,-1.961914330994574e-08,https://stockanalysis.com/stocks/aosl/history/,D:\drive\Investment\备份\项目反思_2026-09-04\data\secondary_price_raw\AOSL.html
AOSL,2026-07-29,27.7,27.700000762939453,-2.7542939817770673e-08,https://stockanalysis.com/stocks/aosl/history/,D:\drive\Investment\备份\项目反思_2026-09-04\data\secondary_price_raw\AOSL.html
AOSL,2026-07-28,28.85,28.850000381469727,-1.3222520633959789e-08,https://stockanalysis.com/stocks/aosl/history/,D:\drive\Investment\备份\项目反思_2026-09-04\data\secondary_price_raw\AOSL.html
AOSL,2026-07-27,30.82,30.81999969482422,9.90187487559524e-09,https://stockanalysis.com/stocks/aosl/history/,D:\drive\Investment\备份\项目反思_2026-09-04\data\secondary_price_raw\AOSL.html
AOSL,2026-07-24,30.85,30.850000381469727,-1.2365307000550274e-08,https://stockanalysis.com/stocks/aosl/history/,D:\drive\Investment\备份\项目反思_2026-09-04\data\secondary_price_raw\AOSL.html
AOSL,2026-07-23,33.81,33.810001373291016,-4.061789282694406e-08,https://stockanalysis.com/stocks/aosl/history/,D:\drive\Investment\备份\项目反思_2026-09-04\data\secondary_price_raw\AOSL.html
AOSL,2026-07-22,34.75,34.75,0.0,https://stockanalysis.com/stocks/aosl/history/,D:\drive\Investment\备份\项目反思_2026-09-04\data\secondary_price_raw\AOSL.html
AOSL,2026-07-21,34.99,34.9900016784668,-4.7969897498667535e-08,https://stockanalysis.com/stocks/aosl/history/,D:\drive\Investment\备份\项目反思_2026-09-04\data\secondary_price_raw\AOSL.html
AOSL,2026-07-20,31.41,31.40999984741211,4.857939828184499e-09,https://stockanalysis.com/stocks/aosl/history/,D:\drive\Investment\备份\项目反思_2026-09-04\data\secondary_price_raw\AOSL.html
AOSL,2026-07-17,31.27,31.270000457763672,-1.4639068290911439e-08,https://stockanalysis.com/stocks/aosl/history/,D:\drive\Investment\备份\项目反思_2026-09-04\data\secondary_price_raw\AOSL.html
AOSL,2026-07-16,30.71,30.709999084472656,2.981202773533198e-08,https://stockanalysis.com/stocks/aosl/history/,D:\drive\Investment\备份\项目反思_2026-09-04\data\secondary_price_raw\AOSL.html
AOSL,2026-07-15,35.35,35.349998474121094,4.3164893215319466e-08,https://stockanalysis.com/stocks/aosl/history/,D:\drive\Investment\备份\项目反思_2026-09-04\data\secondary_price_raw\AOSL.html
AOSL,2026-07-14,34.81,34.810001373291016,-3.9451047428862296e-08,https://stockanalysis.com/stocks/aosl/history/,D:\drive\Investment\备份\项目反思_2026-09-04\data\secondary_price_raw\AOSL.html
AOSL,2026-07-13,34.69,34.689998626708984,3.9587519928829806e-08,https://stockanalysis.com/stocks/aosl/history/,D:\drive\Investment\备份\项目反思_2026-09-04\data\secondary_price_raw\AOSL.html
AEHR,2026-09-04,86.26,86.26000213623047,-2.476501748116533e-08,https://stockanalysis.com/stocks/aehr/history/,D:\drive\Investment\备份\项目反思_2026-09-04\data\secondary_price_raw\AEHR.html
AEHR,2026-09-03,76.27,76.2699966430664,4.4013815925225686e-08,https://stockanalysis.com/stocks/aehr/history/,D:\drive\Investment\备份\项目反思_2026-09-04\data\secondary_price_raw\AEHR.html
AEHR,2026-09-02,80.24,80.23999786376953,2.6623012461257645e-08,https://stockanalysis.com/stocks/aehr/history/,D:\drive\Investment\备份\项目反思_2026-09-04\data\secondary_price_raw\AEHR.html
AEHR,2026-09-01,76.59,76.58999633789062,4.781446083512719e-08,https://stockanalysis.com/stocks/aehr/history/,D:\drive\Investment\备份\项目反思_2026-09-04\data\secondary_price_raw\AEHR.html
AEHR,2026-08-31,79.27,79.2699966430664,4.234809813929985e-08,https://stockanalysis.com/stocks/aehr/history/,D:\drive\Investment\备份\项目反思_2026-09-04\data\secondary_price_raw\AEHR.html
AEHR,2026-08-28,80.81,80.80999755859375,3.0211685819736545e-08,https://stockanalysis.com/stocks/aehr/history/,D:\drive\Investment\备份\项目反思_2026-09-04\data\secondary_price_raw\AEHR.html
AEHR,2026-08-27,90.46,90.45999908447266,1.0120797533375026e-08,https://stockanalysis.com/stocks/aehr/history/,D:\drive\Investment\备份\项目反思_2026-09-04\data\secondary_price_raw\AEHR.html
AEHR,2026-08-26,91.12,91.12000274658205,-3.0142470963667733e-08,https://stockanalysis.com/stocks/aehr/history/,D:\drive\Investment\备份\项目反思_2026-09-04\data\secondary_price_raw\AEHR.html
AEHR,2026-08-25,95.59,95.58999633789062,3.831059225412048e-08,https://stockanalysis.com/stocks/aehr/history/,D:\drive\Investment\备份\项目反思_2026-09-04\data\secondary_price_raw\AEHR.html
AEHR,2026-08-24,96.43,96.43000030517578,-3.1647389153732775e-09,https://stockanalysis.com/stocks/aehr/history/,D:\drive\Investment\备份\项目反思_2026-09-04\data\secondary_price_raw\AEHR.html
AEHR,2026-08-21,101.73,101.7300033569336,-3.2998461407807156e-08,https://stockanalysis.com/stocks/aehr/history/,D:\drive\Investment\备份\项目反思_2026-09-04\data\secondary_price_raw\AEHR.html
AEHR,2026-08-20,105.97,105.97000122070312,-1.1519327269837731e-08,https://stockanalysis.com/stocks/aehr/history/,D:\drive\Investment\备份\项目反思_2026-09-04\data\secondary_price_raw\AEHR.html
AEHR,2026-08-19,107.96,107.95999908447266,8.480245838882183e-09,https://stockanalysis.com/stocks/aehr/history/,D:\drive\Investment\备份\项目反思_2026-09-04\data\secondary_price_raw\AEHR.html
AEHR,2026-08-18,123.25,123.25,0.0,https://stockanalysis.com/stocks/aehr/history/,D:\drive\Investment\备份\项目反思_2026-09-04\data\secondary_price_raw\AEHR.html
AEHR,2026-08-17,145.61,145.61000061035156,-4.191686997501165e-09,https://stockanalysis.com/stocks/aehr/history/,D:\drive\Investment\备份\项目反思_2026-09-04\data\secondary_price_raw\AEHR.html
AEHR,2026-08-14,134.06,134.05999755859375,1.821129558265966e-08,https://stockanalysis.com/stocks/aehr/history/,D:\drive\Investment\备份\项目反思_2026-09-04\data\secondary_price_raw\AEHR.html
AEHR,2026-08-13,123.3,123.3000030517578,-2.475067095719652e-08,https://stockanalysis.com/stocks/aehr/history/,D:\drive\Investment\备份\项目反思_2026-09-04\data\secondary_price_raw\AEHR.html
AEHR,2026-08-12,129.23,129.22999572753906,3.306090734511713e-08,https://stockanalysis.com/stocks/aehr/history/,D:\drive\Investment\备份\项目反思_2026-09-04\data\secondary_price_raw\AEHR.html
AEHR,2026-08-11,117.18,117.18000030517578,-2.604333304567774e-09,https://stockanalysis.com/stocks/aehr/history/,D:\drive\Investment\备份\项目反思_2026-09-04\data\secondary_price_raw\AEHR.html
AEHR,2026-08-10,106.2,106.1999969482422,2.873595006391838e-08,https://stockanalysis.com/stocks/aehr/history/,D:\drive\Investment\备份\项目反思_2026-09-04\data\secondary_price_raw\AEHR.html
AEHR,2026-08-07,103.07,103.06999969482422,2.960859335487953e-09,https://stockanalysis.com/stocks/aehr/history/,D:\drive\Investment\备份\项目反思_2026-09-04\data\secondary_price_raw\AEHR.html
AEHR,2026-08-06,99.74,99.73999786376952,2.141799204657957e-08,https://stockanalysis.com/stocks/aehr/history/,D:\drive\Investment\备份\项目反思_2026-09-04\data\secondary_price_raw\AEHR.html
AEHR,2026-08-05,98.78,98.77999877929688,1.235779656383329e-08,https://stockanalysis.com/stocks/aehr/history/,D:\drive\Investment\备份\项目反思_2026-09-04\data\secondary_price_raw\AEHR.html
AEHR,2026-08-04,109.89,109.88999938964844,5.5542048738033145e-09,https://stockanalysis.com/stocks/aehr/history/,D:\drive\Investment\备份\项目反思_2026-09-04\data\secondary_price_raw\AEHR.html
AEHR,2026-08-03,91.71,91.70999908447266,9.98285187847614e-09,https://stockanalysis.com/stocks/aehr/history/,D:\drive\Investment\备份\项目反思_2026-09-04\data\secondary_price_raw\AEHR.html
AEHR,2026-07-31,79.98,79.9800033569336,-4.197216119106173e-08,https://stockanalysis.com/stocks/aehr/history/,D:\drive\Investment\备份\项目反思_2026-09-04\data\secondary_price_raw\AEHR.html
AEHR,2026-07-30,76.87,76.87000274658203,-3.5730218894691745e-08,https://stockanalysis.com/stocks/aehr/history/,D:\drive\Investment\备份\项目反思_2026-09-04\data\secondary_price_raw\AEHR.html
AEHR,2026-07-29,65.4,65.4000015258789,-2.3331481080468564e-08,https://stockanalysis.com/stocks/aehr/history/,D:\drive\Investment\备份\项目反思_2026-09-04\data\secondary_price_raw\AEHR.html
AEHR,2026-07-28,70.0,70.0,0.0,https://stockanalysis.com/stocks/aehr/history/,D:\drive\Investment\备份\项目反思_2026-09-04\data\secondary_price_raw\AEHR.html
AEHR,2026-07-27,77.48,77.4800033569336,-4.3326451315550685e-08,https://stockanalysis.com/stocks/aehr/history/,D:\drive\Investment\备份\项目反思_2026-09-04\data\secondary_price_raw\AEHR.html
AEHR,2026-07-24,76.32,76.31999969482422,3.998634312551985e-09,https://stockanalysis.com/stocks/aehr/history/,D:\drive\Investment\备份\项目反思_2026-09-04\data\secondary_price_raw\AEHR.html
AEHR,2026-07-23,88.51,88.51000213623047,-2.4135469622876826e-08,https://stockanalysis.com/stocks/aehr/history/,D:\drive\Investment\备份\项目反思_2026-09-04\data\secondary_price_raw\AEHR.html
AEHR,2026-07-22,93.54,93.54000091552734,-9.78754899350065e-09,https://stockanalysis.com/stocks/aehr/history/,D:\drive\Investment\备份\项目反思_2026-09-04\data\secondary_price_raw\AEHR.html
AEHR,2026-07-21,98.91,98.91000366210938,-3.7024661225792954e-08,https://stockanalysis.com/stocks/aehr/history/,D:\drive\Investment\备份\项目反思_2026-09-04\data\secondary_price_raw\AEHR.html
AEHR,2026-07-20,77.36,77.36000061035156,-7.88975640375611e-09,https://stockanalysis.com/stocks/aehr/history/,D:\drive\Investment\备份\项目反思_2026-09-04\data\secondary_price_raw\AEHR.html
AEHR,2026-07-17,81.05,81.05000305175781,-3.765277856171423e-08,https://stockanalysis.com/stocks/aehr/history/,D:\drive\Investment\备份\项目反思_2026-09-04\data\secondary_price_raw\AEHR.html
AEHR,2026-07-16,84.2,84.19999694824219,3.624415589875696e-08,https://stockanalysis.com/stocks/aehr/history/,D:\drive\Investment\备份\项目反思_2026-09-04\data\secondary_price_raw\AEHR.html
AEHR,2026-07-15,87.79,87.79000091552734,-1.0428606089796233e-08,https://stockanalysis.com/stocks/aehr/history/,D:\drive\Investment\备份\项目反思_2026-09-04\data\secondary_price_raw\AEHR.html
AEHR,2026-07-14,72.01,72.01000213623047,-2.9665746414941907e-08,https://stockanalysis.com/stocks/aehr/history/,D:\drive\Investment\备份\项目反思_2026-09-04\data\secondary_price_raw\AEHR.html
AEHR,2026-07-13,68.02,68.0199966430664,4.935215747181587e-08,https://stockanalysis.com/stocks/aehr/history/,D:\drive\Investment\备份\项目反思_2026-09-04\data\secondary_price_raw\AEHR.html
ATEYY,2026-09-04,217.58,217.5800018310547,-8.415546703943733e-09,https://stockanalysis.com/quote/otc/ATEYY/history/,D:\drive\Investment\备份\项目反思_2026-09-04\data\secondary_price_raw\ATEYY.html
ATEYY,2026-09-03,209.97,209.97000122070312,-5.813702519397168e-09,https://stockanalysis.com/quote/otc/ATEYY/history/,D:\drive\Investment\备份\项目反思_2026-09-04\data\secondary_price_raw\ATEYY.html
ATEYY,2026-09-02,206.0,206.0,0.0,https://stockanalysis.com/quote/otc/ATEYY/history/,D:\drive\Investment\备份\项目反思_2026-09-04\data\secondary_price_raw\ATEYY.html
ATEYY,2026-09-01,200.85,200.8500061035156,-3.038842621982951e-08,https://stockanalysis.com/quote/otc/ATEYY/history/,D:\drive\Investment\备份\项目反思_2026-09-04\data\secondary_price_raw\ATEYY.html
ATEYY,2026-08-31,209.43,209.42999267578125,3.497215783632157e-08,https://stockanalysis.com/quote/otc/ATEYY/history/,D:\drive\Investment\备份\项目反思_2026-09-04\data\secondary_price_raw\ATEYY.html
ATEYY,2026-08-28,214.7,214.6999969482422,1.4214056154315813e-08,https://stockanalysis.com/quote/otc/ATEYY/history/,D:\drive\Investment\备份\项目反思_2026-09-04\data\secondary_price_raw\ATEYY.html
ATEYY,2026-08-27,218.92,218.9199981689453,8.3640356862702e-09,https://stockanalysis.com/quote/otc/ATEYY/history/,D:\drive\Investment\备份\项目反思_2026-09-04\data\secondary_price_raw\ATEYY.html
ATEYY,2026-08-26,222.9,222.8999938964844,2.738230486798443e-08,https://stockanalysis.com/quote/otc/ATEYY/history/,D:\drive\Investment\备份\项目反思_2026-09-04\data\secondary_price_raw\ATEYY.html
ATEYY,2026-08-25,216.15,216.1499938964844,2.8237408189468738e-08,https://stockanalysis.com/quote/otc/ATEYY/history/,D:\drive\Investment\备份\项目反思_2026-09-04\data\secondary_price_raw\ATEYY.html
ATEYY,2026-08-24,215.11,215.1100006103516,-2.8373928762093215e-09,https://stockanalysis.com/quote/otc/ATEYY/history/,D:\drive\Investment\备份\项目反思_2026-09-04\data\secondary_price_raw\ATEYY.html
ATEYY,2026-08-21,225.07,225.07000732421875,-3.2541958128184945e-08,https://stockanalysis.com/quote/otc/ATEYY/history/,D:\drive\Investment\备份\项目反思_2026-09-04\data\secondary_price_raw\ATEYY.html
ATEYY,2026-08-20,218.56,218.55999755859372,1.1170416813754969e-08,https://stockanalysis.com/quote/otc/ATEYY/history/,D:\drive\Investment\备份\项目反思_2026-09-04\data\secondary_price_raw\ATEYY.html
ATEYY,2026-08-19,230.6,230.6000061035156,-2.6467976810273797e-08,https://stockanalysis.com/quote/otc/ATEYY/history/,D:\drive\Investment\备份\项目反思_2026-09-04\data\secondary_price_raw\ATEYY.html
ATEYY,2026-08-18,217.25,217.25,0.0,https://stockanalysis.com/quote/otc/ATEYY/history/,D:\drive\Investment\备份\项目反思_2026-09-04\data\secondary_price_raw\ATEYY.html
ATEYY,2026-08-17,237.44,237.44000244140625,-1.0282202755895753e-08,https://stockanalysis.com/quote/otc/ATEYY/history/,D:\drive\Investment\备份\项目反思_2026-09-04\data\secondary_price_raw\ATEYY.html
ATEYY,2026-08-14,231.08,231.0800018310547,-7.923899314477012e-09,https://stockanalysis.com/quote/otc/ATEYY/history/,D:\drive\Investment\备份\项目反思_2026-09-04\data\secondary_price_raw\ATEYY.html
ATEYY,2026-08-13,231.48,231.47999572753903,1.8457149808526196e-08,https://stockanalysis.com/quote/otc/ATEYY/history/,D:\drive\Investment\备份\项目反思_2026-09-04\data\secondary_price_raw\ATEYY.html
ATEYY,2026-08-12,222.78,222.77999877929688,5.479410702946552e-09,https://stockanalysis.com/quote/otc/ATEYY/history/,D:\drive\Investment\备份\项目反思_2026-09-04\data\secondary_price_raw\ATEYY.html
ATEYY,2026-08-11,215.13,215.1300048828125,-2.269703158752634e-08,https://stockanalysis.com/quote/otc/ATEYY/history/,D:\drive\Investment\备份\项目反思_2026-09-04\data\secondary_price_raw\ATEYY.html
ATEYY,2026-08-10,211.7,211.6999969482422,1.4415483473584345e-08,https://stockanalysis.com/quote/otc/ATEYY/history/,D:\drive\Investment\备份\项目反思_2026-09-04\data\secondary_price_raw\ATEYY.html
ATEYY,2026-08-07,206.66,206.66000366210935,-1.772045521430954e-08,https://stockanalysis.com/quote/otc/ATEYY/history/,D:\drive\Investment\备份\项目反思_2026-09-04\data\secondary_price_raw\ATEYY.html
ATEYY,2026-08-06,207.44,207.44000244140625,-1.1769216268220362e-08,https://stockanalysis.com/quote/otc/ATEYY/history/,D:\drive\Investment\备份\项目反思_2026-09-04\data\secondary_price_raw\ATEYY.html
ATEYY,2026-08-05,209.06,209.05999755859372,1.1678017441951738e-08,https://stockanalysis.com/quote/otc/ATEYY/history/,D:\drive\Investment\备份\项目反思_2026-09-04\data\secondary_price_raw\ATEYY.html
ATEYY,2026-08-04,205.02,205.0200042724609,-2.0839239112113717e-08,https://stockanalysis.com/quote/otc/ATEYY/history/,D:\drive\Investment\备份\项目反思_2026-09-04\data\secondary_price_raw\ATEYY.html
ATEYY,2026-08-03,201.0,201.0,0.0,https://stockanalysis.com/quote/otc/ATEYY/history/,D:\drive\Investment\备份\项目反思_2026-09-04\data\secondary_price_raw\ATEYY.html
ATEYY,2026-07-31,197.67,197.6699981689453,9.263189548747164e-09,https://stockanalysis.com/quote/otc/ATEYY/history/,D:\drive\Investment\备份\项目反思_2026-09-04\data\secondary_price_raw\ATEYY.html
ATEYY,2026-07-30,190.57,190.57000732421875,-3.843321860763638e-08,https://stockanalysis.com/quote/otc/ATEYY/history/,D:\drive\Investment\备份\项目反思_2026-09-04\data\secondary_price_raw\ATEYY.html
ATEYY,2026-07-29,166.25,166.25,0.0,https://stockanalysis.com/quote/otc/ATEYY/history/,D:\drive\Investment\备份\项目反思_2026-09-04\data\secondary_price_raw\ATEYY.html
ATEYY,2026-07-28,155.48,155.47999572753906,2.7479168052124692e-08,https://stockanalysis.com/quote/otc/ATEYY/history/,D:\drive\Investment\备份\项目反思_2026-09-04\data\secondary_price_raw\ATEYY.html
ATEYY,2026-07-27,165.14,165.13999938964844,3.6959644234002553e-09,https://stockanalysis.com/quote/otc/ATEYY/history/,D:\drive\Investment\备份\项目反思_2026-09-04\data\secondary_price_raw\ATEYY.html
ATEYY,2026-07-24,171.68,171.67999267578125,4.2662040344865204e-08,https://stockanalysis.com/quote/otc/ATEYY/history/,D:\drive\Investment\备份\项目反思_2026-09-04\data\secondary_price_raw\ATEYY.html
ATEYY,2026-07-23,185.15,185.1499938964844,3.296524875295859e-08,https://stockanalysis.com/quote/otc/ATEYY/history/,D:\drive\Investment\备份\项目反思_2026-09-04\data\secondary_price_raw\ATEYY.html
ATEYY,2026-07-22,184.72,184.72000122070312,-6.608397162821689e-09,https://stockanalysis.com/quote/otc/ATEYY/history/,D:\drive\Investment\备份\项目反思_2026-09-04\data\secondary_price_raw\ATEYY.html
ATEYY,2026-07-21,186.45,186.4499969482422,1.636770097235285e-08,https://stockanalysis.com/quote/otc/ATEYY/history/,D:\drive\Investment\备份\项目反思_2026-09-04\data\secondary_price_raw\ATEYY.html
ATEYY,2026-07-20,173.64,173.63999938964844,3.5150400368166856e-09,https://stockanalysis.com/quote/otc/ATEYY/history/,D:\drive\Investment\备份\项目反思_2026-09-04\data\secondary_price_raw\ATEYY.html
ATEYY,2026-07-17,178.05,178.0500030517578,-1.713989183915743e-08,https://stockanalysis.com/quote/otc/ATEYY/history/,D:\drive\Investment\备份\项目反思_2026-09-04\data\secondary_price_raw\ATEYY.html
ATEYY,2026-07-16,175.2,175.1999969482422,1.74187091417366e-08,https://stockanalysis.com/quote/otc/ATEYY/history/,D:\drive\Investment\备份\项目反思_2026-09-04\data\secondary_price_raw\ATEYY.html
ATEYY,2026-07-15,188.42,188.4199981689453,9.717942228704146e-09,https://stockanalysis.com/quote/otc/ATEYY/history/,D:\drive\Investment\备份\项目反思_2026-09-04\data\secondary_price_raw\ATEYY.html
ATEYY,2026-07-14,184.65,184.6499938964844,3.30545129045845e-08,https://stockanalysis.com/quote/otc/ATEYY/history/,D:\drive\Investment\备份\项目反思_2026-09-04\data\secondary_price_raw\ATEYY.html
ATEYY,2026-07-13,175.16,175.16000366210938,-2.090722373004894e-08,https://stockanalysis.com/quote/otc/ATEYY/history/,D:\drive\Investment\备份\项目反思_2026-09-04\data\secondary_price_raw\ATEYY.html
APH,2026-09-04,82.78,82.77999877929688,1.4746353471650764e-08,https://stockanalysis.com/stocks/aph/history/,D:\drive\Investment\备份\项目反思_2026-09-04\data\secondary_price_raw\APH.html
APH,2026-09-03,82.07,82.06999969482422,3.718481522696493e-09,https://stockanalysis.com/stocks/aph/history/,D:\drive\Investment\备份\项目反思_2026-09-04\data\secondary_price_raw\APH.html
APH,2026-09-02,80.04,80.04000091552734,-1.1438372360395022e-08,https://stockanalysis.com/stocks/aph/history/,D:\drive\Investment\备份\项目反思_2026-09-04\data\secondary_price_raw\APH.html
APH,2026-09-01,81.59,81.58999633789062,4.488429383719961e-08,https://stockanalysis.com/stocks/aph/history/,D:\drive\Investment\备份\项目反思_2026-09-04\data\secondary_price_raw\APH.html
APH,2026-08-31,79.28,79.2750015258789,6.305233711612068e-05,https://stockanalysis.com/stocks/aph/history/,D:\drive\Investment\备份\项目反思_2026-09-04\data\secondary_price_raw\APH.html
APH,2026-08-28,78.87,78.87000274658203,-3.4824165440205945e-08,https://stockanalysis.com/stocks/aph/history/,D:\drive\Investment\备份\项目反思_2026-09-04\data\secondary_price_raw\APH.html
APH,2026-08-27,80.69,80.69000244140625,-3.0256613881007866e-08,https://stockanalysis.com/stocks/aph/history/,D:\drive\Investment\备份\项目反思_2026-09-04\data\secondary_price_raw\APH.html
APH,2026-08-26,80.67,80.66999816894531,2.2698087631667363e-08,https://stockanalysis.com/stocks/aph/history/,D:\drive\Investment\备份\项目反思_2026-09-04\data\secondary_price_raw\APH.html
APH,2026-08-25,79.39,79.38999938964844,7.688015779550028e-09,https://stockanalysis.com/stocks/aph/history/,D:\drive\Investment\备份\项目反思_2026-09-04\data\secondary_price_raw\APH.html
APH,2026-08-24,77.78,77.7750015258789,6.426838988149441e-05,https://stockanalysis.com/stocks/aph/history/,D:\drive\Investment\备份\项目反思_2026-09-04\data\secondary_price_raw\APH.html
APH,2026-08-21,78.51,78.50499725341797,6.372519912178909e-05,https://stockanalysis.com/stocks/aph/history/,D:\drive\Investment\备份\项目反思_2026-09-04\data\secondary_price_raw\APH.html
APH,2026-08-20,76.56,76.55500030517578,6.530853379005386e-05,https://stockanalysis.com/stocks/aph/history/,D:\drive\Investment\备份\项目反思_2026-09-04\data\secondary_price_raw\APH.html
APH,2026-08-19,78.02,78.0199966430664,4.3026579410465615e-08,https://stockanalysis.com/stocks/aph/history/,D:\drive\Investment\备份\项目反思_2026-09-04\data\secondary_price_raw\APH.html
APH,2026-08-18,79.79,79.78500366210938,6.262251878541569e-05,https://stockanalysis.com/stocks/aph/history/,D:\drive\Investment\备份\项目反思_2026-09-04\data\secondary_price_raw\APH.html
APH,2026-08-17,85.44,85.43499755859375,5.8552601968742124e-05,https://stockanalysis.com/stocks/aph/history/,D:\drive\Investment\备份\项目反思_2026-09-04\data\secondary_price_raw\APH.html
APH,2026-08-14,83.56,83.55500030517578,5.983717079716122e-05,https://stockanalysis.com/stocks/aph/history/,D:\drive\Investment\备份\项目反思_2026-09-04\data\secondary_price_raw\APH.html
APH,2026-08-13,82.88,82.875,6.033182503761836e-05,https://stockanalysis.com/stocks/aph/history/,D:\drive\Investment\备份\项目反思_2026-09-04\data\secondary_price_raw\APH.html
APH,2026-08-12,84.98,84.9800033569336,-3.9502629500809405e-08,https://stockanalysis.com/stocks/aph/history/,D:\drive\Investment\备份\项目反思_2026-09-04\data\secondary_price_raw\APH.html
APH,2026-08-11,83.62,83.61499786376953,5.982343309529625e-05,https://stockanalysis.com/stocks/aph/history/,D:\drive\Investment\备份\项目反思_2026-09-04\data\secondary_price_raw\APH.html
APH,2026-08-10,83.85,83.8499984741211,1.8197721329826777e-08,https://stockanalysis.com/stocks/aph/history/,D:\drive\Investment\备份\项目反思_2026-09-04\data\secondary_price_raw\APH.html
APH,2026-08-07,84.59,84.58999633789062,4.3292464058097835e-08,https://stockanalysis.com/stocks/aph/history/,D:\drive\Investment\备份\项目反思_2026-09-04\data\secondary_price_raw\APH.html
APH,2026-08-06,85.31,85.30500030517578,5.8609633741601996e-05,https://stockanalysis.com/stocks/aph/history/,D:\drive\Investment\备份\项目反思_2026-09-04\data\secondary_price_raw\APH.html
APH,2026-08-05,86.12,86.12000274658203,-3.189249808688288e-08,https://stockanalysis.com/stocks/aph/history/,D:\drive\Investment\备份\项目反思_2026-09-04\data\secondary_price_raw\APH.html
APH,2026-08-04,85.67,85.66500091552734,5.835620637628658e-05,https://stockanalysis.com/stocks/aph/history/,D:\drive\Investment\备份\项目反思_2026-09-04\data\secondary_price_raw\APH.html
APH,2026-08-03,81.67,81.66999816894531,2.2420163281466898e-08,https://stockanalysis.com/stocks/aph/history/,D:\drive\Investment\备份\项目反思_2026-09-04\data\secondary_price_raw\APH.html
APH,2026-07-31,80.35,80.3499984741211,1.8990403694019165e-08,https://stockanalysis.com/stocks/aph/history/,D:\drive\Investment\备份\项目反思_2026-09-04\data\secondary_price_raw\APH.html
APH,2026-07-30,79.91,79.91000366210938,-4.582792156870852e-08,https://stockanalysis.com/stocks/aph/history/,D:\drive\Investment\备份\项目反思_2026-09-04\data\secondary_price_raw\APH.html
APH,2026-07-29,75.16,75.15499877929688,6.65454165971191e-05,https://stockanalysis.com/stocks/aph/history/,D:\drive\Investment\备份\项目反思_2026-09-04\data\secondary_price_raw\APH.html
APH,2026-07-28,71.93,71.92500305175781,6.94744251674706e-05,https://stockanalysis.com/stocks/aph/history/,D:\drive\Investment\备份\项目反思_2026-09-04\data\secondary_price_raw\APH.html
APH,2026-07-27,74.64,74.63999938964844,8.177271748621706e-09,https://stockanalysis.com/stocks/aph/history/,D:\drive\Investment\备份\项目反思_2026-09-04\data\secondary_price_raw\APH.html
APH,2026-07-24,76.34,76.33499908447266,6.551274759059034e-05,https://stockanalysis.com/stocks/aph/history/,D:\drive\Investment\备份\项目反思_2026-09-04\data\secondary_price_raw\APH.html
APH,2026-07-23,78.72,78.71499633789062,6.356682134489589e-05,https://stockanalysis.com/stocks/aph/history/,D:\drive\Investment\备份\项目反思_2026-09-04\data\secondary_price_raw\APH.html
APH,2026-07-22,78.76,78.75499725341797,6.352290973921093e-05,https://stockanalysis.com/stocks/aph/history/,D:\drive\Investment\备份\项目反思_2026-09-04\data\secondary_price_raw\APH.html
APH,2026-07-21,78.91,78.90499877929688,6.338281199536056e-05,https://stockanalysis.com/stocks/aph/history/,D:\drive\Investment\备份\项目反思_2026-09-04\data\secondary_price_raw\APH.html
APH,2026-07-20,75.26,75.25499725341797,6.647726748543192e-05,https://stockanalysis.com/stocks/aph/history/,D:\drive\Investment\备份\项目反思_2026-09-04\data\secondary_price_raw\APH.html
APH,2026-07-17,75.6,75.5999984741211,2.0183583693267337e-08,https://stockanalysis.com/stocks/aph/history/,D:\drive\Investment\备份\项目反思_2026-09-04\data\secondary_price_raw\APH.html
APH,2026-07-16,76.57,76.56999969482422,3.985578977960813e-09,https://stockanalysis.com/stocks/aph/history/,D:\drive\Investment\备份\项目反思_2026-09-04\data\secondary_price_raw\APH.html
APH,2026-07-15,78.52,78.5199966430664,4.275259457564573e-08,https://stockanalysis.com/stocks/aph/history/,D:\drive\Investment\备份\项目反思_2026-09-04\data\secondary_price_raw\APH.html
APH,2026-07-14,79.19,79.18499755859375,6.317410570799709e-05,https://stockanalysis.com/stocks/aph/history/,D:\drive\Investment\备份\项目反思_2026-09-04\data\secondary_price_raw\APH.html
APH,2026-07-13,78.0,77.99500274658203,6.407145640086043e-05,https://stockanalysis.com/stocks/aph/history/,D:\drive\Investment\备份\项目反思_2026-09-04\data\secondary_price_raw\APH.html
ATKR,2026-09-04,93.76,93.76000213623048,-2.2784027664535245e-08,https://stockanalysis.com/stocks/atkr/history/,D:\drive\Investment\备份\项目反思_2026-09-04\data\secondary_price_raw\ATKR.html
ATKR,2026-09-03,93.65,93.6500015258789,-1.629342094577879e-08,https://stockanalysis.com/stocks/atkr/history/,D:\drive\Investment\备份\项目反思_2026-09-04\data\secondary_price_raw\ATKR.html
ATKR,2026-09-02,93.55,93.5500030517578,-3.2621675027932895e-08,https://stockanalysis.com/stocks/atkr/history/,D:\drive\Investment\备份\项目反思_2026-09-04\data\secondary_price_raw\ATKR.html
ATKR,2026-09-01,93.63,93.62999725341795,2.9334424000992954e-08,https://stockanalysis.com/stocks/atkr/history/,D:\drive\Investment\备份\项目反思_2026-09-04\data\secondary_price_raw\ATKR.html
ATKR,2026-08-31,93.69,93.69000244140624,-2.605834314994837e-08,https://stockanalysis.com/stocks/atkr/history/,D:\drive\Investment\备份\项目反思_2026-09-04\data\secondary_price_raw\ATKR.html
ATKR,2026-08-28,93.6,93.5999984741211,1.6302125205314155e-08,https://stockanalysis.com/stocks/atkr/history/,D:\drive\Investment\备份\项目反思_2026-09-04\data\secondary_price_raw\ATKR.html
ATKR,2026-08-27,93.66,93.66000366210938,-3.91000345434378e-08,https://stockanalysis.com/stocks/atkr/history/,D:\drive\Investment\备份\项目反思_2026-09-04\data\secondary_price_raw\ATKR.html
ATKR,2026-08-26,93.63,93.62999725341795,2.9334424000992954e-08,https://stockanalysis.com/stocks/atkr/history/,D:\drive\Investment\备份\项目反思_2026-09-04\data\secondary_price_raw\ATKR.html
ATKR,2026-08-25,93.62,93.62000274658205,-2.9337555607078514e-08,https://stockanalysis.com/stocks/atkr/history/,D:\drive\Investment\备份\项目反思_2026-09-04\data\secondary_price_raw\ATKR.html
ATKR,2026-08-24,93.49,93.48999786376952,2.2849829139914846e-08,https://stockanalysis.com/stocks/atkr/history/,D:\drive\Investment\备份\项目反思_2026-09-04\data\secondary_price_raw\ATKR.html
ATKR,2026-08-21,93.6,93.5999984741211,1.6302125205314155e-08,https://stockanalysis.com/stocks/atkr/history/,D:\drive\Investment\备份\项目反思_2026-09-04\data\secondary_price_raw\ATKR.html
ATKR,2026-08-20,93.49,93.48999786376952,2.2849829139914846e-08,https://stockanalysis.com/stocks/atkr/history/,D:\drive\Investment\备份\项目反思_2026-09-04\data\secondary_price_raw\ATKR.html
ATKR,2026-08-19,93.43,93.43000030517578,-3.266357406772613e-09,https://stockanalysis.com/stocks/atkr/history/,D:\drive\Investment\备份\项目反思_2026-09-04\data\secondary_price_raw\ATKR.html
ATKR,2026-08-18,93.44,93.44000244140624,-2.6128062602381874e-08,https://stockanalysis.com/stocks/atkr/history/,D:\drive\Investment\备份\项目反思_2026-09-04\data\secondary_price_raw\ATKR.html
ATKR,2026-08-17,93.71,93.70999908447266,9.769793418712425e-09,https://stockanalysis.com/stocks/atkr/history/,D:\drive\Investment\备份\项目反思_2026-09-04\data\secondary_price_raw\ATKR.html
ATKR,2026-08-14,93.8,93.8000030517578,-3.253473024322773e-08,https://stockanalysis.com/stocks/atkr/history/,D:\drive\Investment\备份\项目反思_2026-09-04\data\secondary_price_raw\ATKR.html
ATKR,2026-08-13,93.83,93.83000183105467,-1.9514597049408167e-08,https://stockanalysis.com/stocks/atkr/history/,D:\drive\Investment\备份\项目反思_2026-09-04\data\secondary_price_raw\ATKR.html
ATKR,2026-08-12,93.81,93.80999755859376,2.6025011257146957e-08,https://stockanalysis.com/stocks/atkr/history/,D:\drive\Investment\备份\项目反思_2026-09-04\data\secondary_price_raw\ATKR.html
ATKR,2026-08-11,93.87,93.87000274658205,-2.9259422218430586e-08,https://stockanalysis.com/stocks/atkr/history/,D:\drive\Investment\备份\项目反思_2026-09-04\data\secondary_price_raw\ATKR.html
ATKR,2026-08-10,93.75,93.75,0.0,https://stockanalysis.com/stocks/atkr/history/,D:\drive\Investment\备份\项目反思_2026-09-04\data\secondary_price_raw\ATKR.html
ATKR,2026-08-07,93.71,93.70999908447266,9.769793418712425e-09,https://stockanalysis.com/stocks/atkr/history/,D:\drive\Investment\备份\项目反思_2026-09-04\data\secondary_price_raw\ATKR.html
ATKR,2026-08-06,93.66,93.66000366210938,-3.91000345434378e-08,https://stockanalysis.com/stocks/atkr/history/,D:\drive\Investment\备份\项目反思_2026-09-04\data\secondary_price_raw\ATKR.html
ATKR,2026-08-05,93.68,93.68000030517578,-3.257640601717071e-09,https://stockanalysis.com/stocks/atkr/history/,D:\drive\Investment\备份\项目反思_2026-09-04\data\secondary_price_raw\ATKR.html
ATKR,2026-08-04,93.53,93.52999877929688,1.3051461023039224e-08,https://stockanalysis.com/stocks/atkr/history/,D:\drive\Investment\备份\项目反思_2026-09-04\data\secondary_price_raw\ATKR.html
ATKR,2026-08-03,93.55,93.5500030517578,-3.2621675027932895e-08,https://stockanalysis.com/stocks/atkr/history/,D:\drive\Investment\备份\项目反思_2026-09-04\data\secondary_price_raw\ATKR.html
ATKR,2026-07-31,72.96,72.95999908447266,1.2548346361995755e-08,https://stockanalysis.com/stocks/atkr/history/,D:\drive\Investment\备份\项目反思_2026-09-04\data\secondary_price_raw\ATKR.html
ATKR,2026-07-30,71.0,71.0,0.0,https://stockanalysis.com/stocks/atkr/history/,D:\drive\Investment\备份\项目反思_2026-09-04\data\secondary_price_raw\ATKR.html
ATKR,2026-07-29,71.43,71.43000030517578,-4.272375342395662e-09,https://stockanalysis.com/stocks/atkr/history/,D:\drive\Investment\备份\项目反思_2026-09-04\data\secondary_price_raw\ATKR.html
ATKR,2026-07-28,77.45,77.44999694824219,3.940294290849522e-08,https://stockanalysis.com/stocks/atkr/history/,D:\drive\Investment\备份\项目反思_2026-09-04\data\secondary_price_raw\ATKR.html
ATKR,2026-07-27,75.29,75.29000091552734,-1.2160012330397763e-08,https://stockanalysis.com/stocks/atkr/history/,D:\drive\Investment\备份\项目反思_2026-09-04\data\secondary_price_raw\ATKR.html
ATKR,2026-07-24,76.63,76.62999725341797,3.584212615592719e-08,https://stockanalysis.com/stocks/atkr/history/,D:\drive\Investment\备份\项目反思_2026-09-04\data\secondary_price_raw\ATKR.html
ATKR,2026-07-23,73.05,73.05000305175781,-4.1776285986117045e-08,https://stockanalysis.com/stocks/atkr/history/,D:\drive\Investment\备份\项目反思_2026-09-04\data\secondary_price_raw\ATKR.html
ATKR,2026-07-22,72.96,72.95999908447266,1.2548346361995755e-08,https://stockanalysis.com/stocks/atkr/history/,D:\drive\Investment\备份\项目反思_2026-09-04\data\secondary_price_raw\ATKR.html
ATKR,2026-07-21,74.54,74.54000091552734,-1.2282362793492041e-08,https://stockanalysis.com/stocks/atkr/history/,D:\drive\Investment\备份\项目反思_2026-09-04\data\secondary_price_raw\ATKR.html
ATKR,2026-07-20,73.4,73.4000015258789,-2.07885404446273e-08,https://stockanalysis.com/stocks/atkr/history/,D:\drive\Investment\备份\项目反思_2026-09-04\data\secondary_price_raw\ATKR.html
ATKR,2026-07-17,73.42,73.41999816894531,2.4939454279504503e-08,https://stockanalysis.com/stocks/atkr/history/,D:\drive\Investment\备份\项目反思_2026-09-04\data\secondary_price_raw\ATKR.html
ATKR,2026-07-16,73.12,73.12000274658203,-3.7562663091073034e-08,https://stockanalysis.com/stocks/atkr/history/,D:\drive\Investment\备份\项目反思_2026-09-04\data\secondary_price_raw\ATKR.html
ATKR,2026-07-15,73.83,73.83000183105469,-2.480095684376238e-08,https://stockanalysis.com/stocks/atkr/history/,D:\drive\Investment\备份\项目反思_2026-09-04\data\secondary_price_raw\ATKR.html
ATKR,2026-07-14,73.58,73.58000183105469,-2.4885222105197613e-08,https://stockanalysis.com/stocks/atkr/history/,D:\drive\Investment\备份\项目反思_2026-09-04\data\secondary_price_raw\ATKR.html
ATKR,2026-07-13,71.68,71.68000030517578,-4.257474484070656e-09,https://stockanalysis.com/stocks/atkr/history/,D:\drive\Investment\备份\项目反思_2026-09-04\data\secondary_price_raw\ATKR.html
BDC,2026-09-04,122.28,122.27999877929688,9.98285187847614e-09,https://stockanalysis.com/stocks/bdc/history/,D:\drive\Investment\备份\项目反思_2026-09-04\data\secondary_price_raw\BDC.html
BDC,2026-09-03,118.92,118.91999816894533,1.5397365382696648e-08,https://stockanalysis.com/stocks/bdc/history/,D:\drive\Investment\备份\项目反思_2026-09-04\data\secondary_price_raw\BDC.html
BDC,2026-09-02,115.76,115.76000213623048,-1.845396024879875e-08,https://stockanalysis.com/stocks/bdc/history/,D:\drive\Investment\备份\项目反思_2026-09-04\data\secondary_price_raw\BDC.html
BDC,2026-09-01,112.06,112.05999755859376,2.1786598969342208e-08,https://stockanalysis.com/stocks/bdc/history/,D:\drive\Investment\备份\项目反思_2026-09-04\data\secondary_price_raw\BDC.html
BDC,2026-08-31,114.46,114.45999908447266,7.998666395891973e-09,https://stockanalysis.com/stocks/bdc/history/,D:\drive\Investment\备份\项目反思_2026-09-04\data\secondary_price_raw\BDC.html
BDC,2026-08-28,115.21,115.20999908447266,7.946596269903239e-09,https://stockanalysis.com/stocks/bdc/history/,D:\drive\Investment\备份\项目反思_2026-09-04\data\secondary_price_raw\BDC.html
BDC,2026-08-27,119.95,119.9499969482422,2.5441916351454097e-08,https://stockanalysis.com/stocks/bdc/history/,D:\drive\Investment\备份\项目反思_2026-09-04\data\secondary_price_raw\BDC.html
BDC,2026-08-26,118.09,118.08999633789062,3.101117362902528e-08,https://stockanalysis.com/stocks/bdc/history/,D:\drive\Investment\备份\项目反思_2026-09-04\data\secondary_price_raw\BDC.html
BDC,2026-08-25,116.96,116.95999908447266,7.827696268947193e-09,https://stockanalysis.com/stocks/bdc/history/,D:\drive\Investment\备份\项目反思_2026-09-04\data\secondary_price_raw\BDC.html
BDC,2026-08-24,116.76,116.76000213623048,-1.8295909898213836e-08,https://stockanalysis.com/stocks/bdc/history/,D:\drive\Investment\备份\项目反思_2026-09-04\data\secondary_price_raw\BDC.html
BDC,2026-08-21,122.46,122.45999908447266,7.476133712103206e-09,https://stockanalysis.com/stocks/bdc/history/,D:\drive\Investment\备份\项目反思_2026-09-04\data\secondary_price_raw\BDC.html
BDC,2026-08-20,123.89,123.88999938964844,4.9265604928905304e-09,https://stockanalysis.com/stocks/bdc/history/,D:\drive\Investment\备份\项目反思_2026-09-04\data\secondary_price_raw\BDC.html
BDC,2026-08-19,128.43,128.42999267578125,5.702888095093783e-08,https://stockanalysis.com/stocks/bdc/history/,D:\drive\Investment\备份\项目反思_2026-09-04\data\secondary_price_raw\BDC.html
BDC,2026-08-18,129.4,129.39999389648438,4.716782009417386e-08,https://stockanalysis.com/stocks/bdc/history/,D:\drive\Investment\备份\项目反思_2026-09-04\data\secondary_price_raw\BDC.html
BDC,2026-08-17,137.59,137.58999633789062,2.6616101989063168e-08,https://stockanalysis.com/stocks/bdc/history/,D:\drive\Investment\备份\项目反思_2026-09-04\data\secondary_price_raw\BDC.html
BDC,2026-08-14,135.9,135.89999389648438,4.4911816710069274e-08,https://stockanalysis.com/stocks/bdc/history/,D:\drive\Investment\备份\项目反思_2026-09-04\data\secondary_price_raw\BDC.html
BDC,2026-08-13,137.16,137.16000366210938,-2.6699542687858013e-08,https://stockanalysis.com/stocks/bdc/history/,D:\drive\Investment\备份\项目反思_2026-09-04\data\secondary_price_raw\BDC.html
BDC,2026-08-12,138.03,138.02999877929688,8.843752397069693e-09,https://stockanalysis.com/stocks/bdc/history/,D:\drive\Investment\备份\项目反思_2026-09-04\data\secondary_price_raw\BDC.html
BDC,2026-08-11,134.64,134.63999938964844,4.5332111398010966e-09,https://stockanalysis.com/stocks/bdc/history/,D:\drive\Investment\备份\项目反思_2026-09-04\data\secondary_price_raw\BDC.html
BDC,2026-08-10,135.15,135.14999389648438,4.516105001073356e-08,https://stockanalysis.com/stocks/bdc/history/,D:\drive\Investment\备份\项目反思_2026-09-04\data\secondary_price_raw\BDC.html
BDC,2026-08-07,132.82,132.82000732421875,-5.514394185723859e-08,https://stockanalysis.com/stocks/bdc/history/,D:\drive\Investment\备份\项目反思_2026-09-04\data\secondary_price_raw\BDC.html
BDC,2026-08-06,129.19,129.19000244140625,-1.8897795550643082e-08,https://stockanalysis.com/stocks/bdc/history/,D:\drive\Investment\备份\项目反思_2026-09-04\data\secondary_price_raw\BDC.html
BDC,2026-08-05,128.18,128.17999267578125,5.7140109088749114e-08,https://stockanalysis.com/stocks/bdc/history/,D:\drive\Investment\备份\项目反思_2026-09-04\data\secondary_price_raw\BDC.html
BDC,2026-08-04,127.43,127.43000030517578,-2.394850318054864e-09,https://stockanalysis.com/stocks/bdc/history/,D:\drive\Investment\备份\项目反思_2026-09-04\data\secondary_price_raw\BDC.html
BDC,2026-08-03,122.73,122.7300033569336,-2.735218362914793e-08,https://stockanalysis.com/stocks/bdc/history/,D:\drive\Investment\备份\项目反思_2026-09-04\data\secondary_price_raw\BDC.html
BDC,2026-07-31,124.05,124.0500030517578,-2.460102965784472e-08,https://stockanalysis.com/stocks/bdc/history/,D:\drive\Investment\备份\项目反思_2026-09-04\data\secondary_price_raw\BDC.html
BDC,2026-07-30,117.11,117.11000061035156,-5.2117800075635046e-09,https://stockanalysis.com/stocks/bdc/history/,D:\drive\Investment\备份\项目反思_2026-09-04\data\secondary_price_raw\BDC.html
BDC,2026-07-29,102.03,102.02999877929688,1.1964158996846663e-08,https://stockanalysis.com/stocks/bdc/history/,D:\drive\Investment\备份\项目反思_2026-09-04\data\secondary_price_raw\BDC.html
BDC,2026-07-28,104.93,104.93000030517578,-2.9083748742664284e-09,https://stockanalysis.com/stocks/bdc/history/,D:\drive\Investment\备份\项目反思_2026-09-04\data\secondary_price_raw\BDC.html
BDC,2026-07-27,105.82,105.81999969482422,2.883913996498677e-09,https://stockanalysis.com/stocks/bdc/history/,D:\drive\Investment\备份\项目反思_2026-09-04\data\secondary_price_raw\BDC.html
BDC,2026-07-24,102.76,102.76000213623048,-2.0788540666671906e-08,https://stockanalysis.com/stocks/bdc/history/,D:\drive\Investment\备份\项目反思_2026-09-04\data\secondary_price_raw\BDC.html
BDC,2026-07-23,103.03,103.02999877929688,1.184803588571981e-08,https://stockanalysis.com/stocks/bdc/history/,D:\drive\Investment\备份\项目反思_2026-09-04\data\secondary_price_raw\BDC.html
BDC,2026-07-22,105.54,105.54000091552734,-8.674695184396342e-09,https://stockanalysis.com/stocks/bdc/history/,D:\drive\Investment\备份\项目反思_2026-09-04\data\secondary_price_raw\BDC.html
BDC,2026-07-21,102.05,102.0500030517578,-2.990453418227901e-08,https://stockanalysis.com/stocks/bdc/history/,D:\drive\Investment\备份\项目反思_2026-09-04\data\secondary_price_raw\BDC.html
BDC,2026-07-20,99.52,99.5199966430664,3.373124690675411e-08,https://stockanalysis.com/stocks/bdc/history/,D:\drive\Investment\备份\项目反思_2026-09-04\data\secondary_price_raw\BDC.html
BDC,2026-07-17,101.39,101.38999938964844,6.019839959847673e-09,https://stockanalysis.com/stocks/bdc/history/,D:\drive\Investment\备份\项目反思_2026-09-04\data\secondary_price_raw\BDC.html
BDC,2026-07-16,101.2,101.1999969482422,3.015571037323639e-08,https://stockanalysis.com/stocks/bdc/history/,D:\drive\Investment\备份\项目反思_2026-09-04\data\secondary_price_raw\BDC.html
BDC,2026-07-15,101.53,101.52999877929688,1.2023078310718915e-08,https://stockanalysis.com/stocks/bdc/history/,D:\drive\Investment\备份\项目反思_2026-09-04\data\secondary_price_raw\BDC.html
BDC,2026-07-14,104.76,104.76000213623048,-2.0391661248453374e-08,https://stockanalysis.com/stocks/bdc/history/,D:\drive\Investment\备份\项目反思_2026-09-04\data\secondary_price_raw\BDC.html
BDC,2026-07-13,102.26,102.26000213623048,-2.089018613649074e-08,https://stockanalysis.com/stocks/bdc/history/,D:\drive\Investment\备份\项目反思_2026-09-04\data\secondary_price_raw\BDC.html
AXTI,2026-09-04,61.64,61.63999938964844,9.90187487559524e-09,https://stockanalysis.com/stocks/axti/history/,D:\drive\Investment\备份\项目反思_2026-09-04\data\secondary_price_raw\AXTI.html
AXTI,2026-09-03,56.2,56.20000076293945,-1.3575434887336257e-08,https://stockanalysis.com/stocks/axti/history/,D:\drive\Investment\备份\项目反思_2026-09-04\data\secondary_price_raw\AXTI.html
AXTI,2026-09-02,56.95,56.95000076293945,-1.3396653897324029e-08,https://stockanalysis.com/stocks/axti/history/,D:\drive\Investment\备份\项目反思_2026-09-04\data\secondary_price_raw\AXTI.html
AXTI,2026-09-01,56.11,56.11000061035156,-1.0877767908645808e-08,https://stockanalysis.com/stocks/axti/history/,D:\drive\Investment\备份\项目反思_2026-09-04\data\secondary_price_raw\AXTI.html
AXTI,2026-08-31,60.61,60.61000061035156,-1.007014616138946e-08,https://stockanalysis.com/stocks/axti/history/,D:\drive\Investment\备份\项目反思_2026-09-04\data\secondary_price_raw\AXTI.html
AXTI,2026-08-28,58.63,58.630001068115234,-1.8217895525474148e-08,https://stockanalysis.com/stocks/axti/history/,D:\drive\Investment\备份\项目反思_2026-09-04\data\secondary_price_raw\AXTI.html
AXTI,2026-08-27,66.92,66.91999816894531,2.7361846122175848e-08,https://stockanalysis.com/stocks/axti/history/,D:\drive\Investment\备份\项目反思_2026-09-04\data\secondary_price_raw\AXTI.html
AXTI,2026-08-26,65.18,65.18000030517578,-4.682046195192413e-09,https://stockanalysis.com/stocks/axti/history/,D:\drive\Investment\备份\项目反思_2026-09-04\data\secondary_price_raw\AXTI.html
AXTI,2026-08-25,67.45,67.44999694824219,4.5244743507311114e-08,https://stockanalysis.com/stocks/axti/history/,D:\drive\Investment\备份\项目反思_2026-09-04\data\secondary_price_raw\AXTI.html
AXTI,2026-08-24,65.4,65.4000015258789,-2.3331481080468564e-08,https://stockanalysis.com/stocks/axti/history/,D:\drive\Investment\备份\项目反思_2026-09-04\data\secondary_price_raw\AXTI.html
AXTI,2026-08-21,70.74,70.73999786376953,3.0198339384668316e-08,https://stockanalysis.com/stocks/axti/history/,D:\drive\Investment\备份\项目反思_2026-09-04\data\secondary_price_raw\AXTI.html
AXTI,2026-08-20,73.12,73.12000274658203,-3.7562663091073034e-08,https://stockanalysis.com/stocks/axti/history/,D:\drive\Investment\备份\项目反思_2026-09-04\data\secondary_price_raw\AXTI.html
AXTI,2026-08-19,73.43,73.43000030517578,-4.156009425493323e-09,https://stockanalysis.com/stocks/axti/history/,D:\drive\Investment\备份\项目反思_2026-09-04\data\secondary_price_raw\AXTI.html
AXTI,2026-08-18,82.31,82.30999755859375,2.966111445346087e-08,https://stockanalysis.com/stocks/axti/history/,D:\drive\Investment\备份\项目反思_2026-09-04\data\secondary_price_raw\AXTI.html
AXTI,2026-08-17,95.97,95.97000122070312,-1.2719632236368739e-08,https://stockanalysis.com/stocks/axti/history/,D:\drive\Investment\备份\项目反思_2026-09-04\data\secondary_price_raw\AXTI.html
AXTI,2026-08-14,81.64,81.63999938964844,7.47613393414781e-09,https://stockanalysis.com/stocks/axti/history/,D:\drive\Investment\备份\项目反思_2026-09-04\data\secondary_price_raw\AXTI.html
AXTI,2026-08-13,77.45,77.44999694824219,3.940294290849522e-08,https://stockanalysis.com/stocks/axti/history/,D:\drive\Investment\备份\项目反思_2026-09-04\data\secondary_price_raw\AXTI.html
AXTI,2026-08-12,78.47,78.47000122070312,-1.5556303134545146e-08,https://stockanalysis.com/stocks/axti/history/,D:\drive\Investment\备份\项目反思_2026-09-04\data\secondary_price_raw\AXTI.html
AXTI,2026-08-11,73.78,73.77999877929688,1.654517678417733e-08,https://stockanalysis.com/stocks/axti/history/,D:\drive\Investment\备份\项目反思_2026-09-04\data\secondary_price_raw\AXTI.html
AXTI,2026-08-10,73.81,73.80999755859375,3.307690477072356e-08,https://stockanalysis.com/stocks/axti/history/,D:\drive\Investment\备份\项目反思_2026-09-04\data\secondary_price_raw\AXTI.html
AXTI,2026-08-07,88.58,88.58000183105469,-2.0671197198396385e-08,https://stockanalysis.com/stocks/axti/history/,D:\drive\Investment\备份\项目反思_2026-09-04\data\secondary_price_raw\AXTI.html
AXTI,2026-08-06,75.17,75.16999816894531,2.435884982610048e-08,https://stockanalysis.com/stocks/axti/history/,D:\drive\Investment\备份\项目反思_2026-09-04\data\secondary_price_raw\AXTI.html
AXTI,2026-08-05,68.61,68.61000061035156,-8.895956193910592e-09,https://stockanalysis.com/stocks/axti/history/,D:\drive\Investment\备份\项目反思_2026-09-04\data\secondary_price_raw\AXTI.html
AXTI,2026-08-04,65.27,65.2699966430664,5.143149617303777e-08,https://stockanalysis.com/stocks/axti/history/,D:\drive\Investment\备份\项目反思_2026-09-04\data\secondary_price_raw\AXTI.html
AXTI,2026-08-03,68.67,68.66999816894531,2.666455123367939e-08,https://stockanalysis.com/stocks/axti/history/,D:\drive\Investment\备份\项目反思_2026-09-04\data\secondary_price_raw\AXTI.html
AXTI,2026-07-31,60.43,60.43000030517578,-5.050070805978635e-09,https://stockanalysis.com/stocks/axti/history/,D:\drive\Investment\备份\项目反思_2026-09-04\data\secondary_price_raw\AXTI.html
AXTI,2026-07-30,46.94,46.93999862670898,2.9256307154668093e-08,https://stockanalysis.com/stocks/axti/history/,D:\drive\Investment\备份\项目反思_2026-09-04\data\secondary_price_raw\AXTI.html
AXTI,2026-07-29,36.97,36.970001220703125,-3.3018747291890804e-08,https://stockanalysis.com/stocks/axti/history/,D:\drive\Investment\备份\项目反思_2026-09-04\data\secondary_price_raw\AXTI.html
AXTI,2026-07-28,42.76,42.7599983215332,3.925320068987048e-08,https://stockanalysis.com/stocks/axti/history/,D:\drive\Investment\备份\项目反思_2026-09-04\data\secondary_price_raw\AXTI.html
AXTI,2026-07-27,47.88,47.880001068115234,-2.230817064408086e-08,https://stockanalysis.com/stocks/axti/history/,D:\drive\Investment\备份\项目反思_2026-09-04\data\secondary_price_raw\AXTI.html
AXTI,2026-07-24,47.23,47.22999954223633,9.692222580071075e-09,https://stockanalysis.com/stocks/axti/history/,D:\drive\Investment\备份\项目反思_2026-09-04\data\secondary_price_raw\AXTI.html
AXTI,2026-07-23,52.93,52.93000030517578,-5.765648625200015e-09,https://stockanalysis.com/stocks/axti/history/,D:\drive\Investment\备份\项目反思_2026-09-04\data\secondary_price_raw\AXTI.html
AXTI,2026-07-22,52.98,52.97999954223633,8.640310911189886e-09,https://stockanalysis.com/stocks/axti/history/,D:\drive\Investment\备份\项目反思_2026-09-04\data\secondary_price_raw\AXTI.html
AXTI,2026-07-21,56.51,56.5099983215332,2.9702120762920003e-08,https://stockanalysis.com/stocks/axti/history/,D:\drive\Investment\备份\项目反思_2026-09-04\data\secondary_price_raw\AXTI.html
AXTI,2026-07-20,48.83,48.83000183105469,-3.7498558702608875e-08,https://stockanalysis.com/stocks/axti/history/,D:\drive\Investment\备份\项目反思_2026-09-04\data\secondary_price_raw\AXTI.html
AXTI,2026-07-17,45.86,45.86000061035156,-1.3309017776741427e-08,https://stockanalysis.com/stocks/axti/history/,D:\drive\Investment\备份\项目反思_2026-09-04\data\secondary_price_raw\AXTI.html
AXTI,2026-07-16,45.57,45.56999969482422,6.696857290933167e-09,https://stockanalysis.com/stocks/axti/history/,D:\drive\Investment\备份\项目反思_2026-09-04\data\secondary_price_raw\AXTI.html
AXTI,2026-07-15,53.42,53.41999816894531,3.4276577132175134e-08,https://stockanalysis.com/stocks/axti/history/,D:\drive\Investment\备份\项目反思_2026-09-04\data\secondary_price_raw\AXTI.html
AXTI,2026-07-14,57.57,57.56999969482422,5.300951677611465e-09,https://stockanalysis.com/stocks/axti/history/,D:\drive\Investment\备份\项目反思_2026-09-04\data\secondary_price_raw\AXTI.html
AXTI,2026-07-13,50.46,50.459999084472656,1.814362593499652e-08,https://stockanalysis.com/stocks/axti/history/,D:\drive\Investment\备份\项目反思_2026-09-04\data\secondary_price_raw\AXTI.html
CDNS,2026-09-04,292.7,292.70001220703125,-4.170492229338407e-08,https://stockanalysis.com/stocks/cdns/history/,D:\drive\Investment\备份\项目反思_2026-09-04\data\secondary_price_raw\CDNS.html
CDNS,2026-09-03,304.88,304.8800048828125,-1.6015522241730196e-08,https://stockanalysis.com/stocks/cdns/history/,D:\drive\Investment\备份\项目反思_2026-09-04\data\secondary_price_raw\CDNS.html
CDNS,2026-09-02,306.67,306.6700134277344,-4.378561246909385e-08,https://stockanalysis.com/stocks/cdns/history/,D:\drive\Investment\备份\项目反思_2026-09-04\data\secondary_price_raw\CDNS.html
CDNS,2026-09-01,313.04,313.0400085449219,-2.7296580662472536e-08,https://stockanalysis.com/stocks/cdns/history/,D:\drive\Investment\备份\项目反思_2026-09-04\data\secondary_price_raw\CDNS.html
CDNS,2026-08-31,338.78,338.7799987792969,3.6032323791346244e-09,https://stockanalysis.com/stocks/cdns/history/,D:\drive\Investment\备份\项目反思_2026-09-04\data\secondary_price_raw\CDNS.html
CDNS,2026-08-28,340.39,340.3900146484375,-4.303427503238311e-08,https://stockanalysis.com/stocks/cdns/history/,D:\drive\Investment\备份\项目反思_2026-09-04\data\secondary_price_raw\CDNS.html
CDNS,2026-08-27,347.55,347.54998779296875,3.5123095099010015e-08,https://stockanalysis.com/stocks/cdns/history/,D:\drive\Investment\备份\项目反思_2026-09-04\data\secondary_price_raw\CDNS.html
CDNS,2026-08-26,334.68,334.67999267578125,2.188424441662562e-08,https://stockanalysis.com/stocks/cdns/history/,D:\drive\Investment\备份\项目反思_2026-09-04\data\secondary_price_raw\CDNS.html
CDNS,2026-08-25,331.9,331.8999938964844,1.8389622491454816e-08,https://stockanalysis.com/stocks/cdns/history/,D:\drive\Investment\备份\项目反思_2026-09-04\data\secondary_price_raw\CDNS.html
CDNS,2026-08-24,315.92,315.9200134277344,-4.250358887070149e-08,https://stockanalysis.com/stocks/cdns/history/,D:\drive\Investment\备份\项目反思_2026-09-04\data\secondary_price_raw\CDNS.html
CDNS,2026-08-21,319.02,319.0199890136719,3.443774199141103e-08,https://stockanalysis.com/stocks/cdns/history/,D:\drive\Investment\备份\项目反思_2026-09-04\data\secondary_price_raw\CDNS.html
CDNS,2026-08-20,313.59,313.5899963378906,1.1678017219907133e-08,https://stockanalysis.com/stocks/cdns/history/,D:\drive\Investment\备份\项目反思_2026-09-04\data\secondary_price_raw\CDNS.html
CDNS,2026-08-19,314.98,314.9800109863281,-3.4879445443003476e-08,https://stockanalysis.com/stocks/cdns/history/,D:\drive\Investment\备份\项目反思_2026-09-04\data\secondary_price_raw\CDNS.html
CDNS,2026-08-18,316.52,316.5199890136719,3.470974507813196e-08,https://stockanalysis.com/stocks/cdns/history/,D:\drive\Investment\备份\项目反思_2026-09-04\data\secondary_price_raw\CDNS.html
CDNS,2026-08-17,323.47,323.4700012207031,-3.773775292259529e-09,https://stockanalysis.com/stocks/cdns/history/,D:\drive\Investment\备份\项目反思_2026-09-04\data\secondary_price_raw\CDNS.html
CDNS,2026-08-14,324.82,324.82000732421875,-2.2548545586253965e-08,https://stockanalysis.com/stocks/cdns/history/,D:\drive\Investment\备份\项目反思_2026-09-04\data\secondary_price_raw\CDNS.html
CDNS,2026-08-13,323.77,323.7699890136719,3.393250902483658e-08,https://stockanalysis.com/stocks/cdns/history/,D:\drive\Investment\备份\项目反思_2026-09-04\data\secondary_price_raw\CDNS.html
CDNS,2026-08-12,323.13,323.1300048828125,-1.5110984574739916e-08,https://stockanalysis.com/stocks/cdns/history/,D:\drive\Investment\备份\项目反思_2026-09-04\data\secondary_price_raw\CDNS.html
CDNS,2026-08-11,327.53,327.5299987792969,3.726996267161553e-09,https://stockanalysis.com/stocks/cdns/history/,D:\drive\Investment\备份\项目反思_2026-09-04\data\secondary_price_raw\CDNS.html
CDNS,2026-08-10,331.91,331.9100036621094,-1.1033440716623488e-08,https://stockanalysis.com/stocks/cdns/history/,D:\drive\Investment\备份\项目反思_2026-09-04\data\secondary_price_raw\CDNS.html
CDNS,2026-08-07,339.24,339.239990234375,2.878677429762888e-08,https://stockanalysis.com/stocks/cdns/history/,D:\drive\Investment\备份\项目反思_2026-09-04\data\secondary_price_raw\CDNS.html
CDNS,2026-08-06,338.42,338.4200134277344,-3.9677719443353965e-08,https://stockanalysis.com/stocks/cdns/history/,D:\drive\Investment\备份\项目反思_2026-09-04\data\secondary_price_raw\CDNS.html
CDNS,2026-08-05,337.07,337.07000732421875,-2.1729072874343558e-08,https://stockanalysis.com/stocks/cdns/history/,D:\drive\Investment\备份\项目反思_2026-09-04\data\secondary_price_raw\CDNS.html
CDNS,2026-08-04,340.62,340.6199951171875,1.4335073128535214e-08,https://stockanalysis.com/stocks/cdns/history/,D:\drive\Investment\备份\项目反思_2026-09-04\data\secondary_price_raw\CDNS.html
CDNS,2026-08-03,336.15,336.1499938964844,1.8157119585637815e-08,https://stockanalysis.com/stocks/cdns/history/,D:\drive\Investment\备份\项目反思_2026-09-04\data\secondary_price_raw\CDNS.html
CDNS,2026-07-31,340.02,340.0199890136719,3.231083023358394e-08,https://stockanalysis.com/stocks/cdns/history/,D:\drive\Investment\备份\项目反思_2026-09-04\data\secondary_price_raw\CDNS.html
CDNS,2026-07-30,332.82,332.82000732421875,-2.2006545918884513e-08,https://stockanalysis.com/stocks/cdns/history/,D:\drive\Investment\备份\项目反思_2026-09-04\data\secondary_price_raw\CDNS.html
CDNS,2026-07-29,332.76,332.760009765625,-2.9347351659936294e-08,https://stockanalysis.com/stocks/cdns/history/,D:\drive\Investment\备份\项目反思_2026-09-04\data\secondary_price_raw\CDNS.html
CDNS,2026-07-28,344.72,344.7200012207031,-3.5411438226162772e-09,https://stockanalysis.com/stocks/cdns/history/,D:\drive\Investment\备份\项目反思_2026-09-04\data\secondary_price_raw\CDNS.html
CDNS,2026-07-27,338.61,338.6099853515625,4.3260500737218877e-08,https://stockanalysis.com/stocks/cdns/history/,D:\drive\Investment\备份\项目反思_2026-09-04\data\secondary_price_raw\CDNS.html
CDNS,2026-07-24,326.24,326.239990234375,2.993386871708026e-08,https://stockanalysis.com/stocks/cdns/history/,D:\drive\Investment\备份\项目反思_2026-09-04\data\secondary_price_raw\CDNS.html
CDNS,2026-07-23,330.46,330.4599914550781,2.585765934703943e-08,https://stockanalysis.com/stocks/cdns/history/,D:\drive\Investment\备份\项目反思_2026-09-04\data\secondary_price_raw\CDNS.html
CDNS,2026-07-22,337.01,337.010009765625,-2.8977255039919214e-08,https://stockanalysis.com/stocks/cdns/history/,D:\drive\Investment\备份\项目反思_2026-09-04\data\secondary_price_raw\CDNS.html
CDNS,2026-07-21,344.64,344.6400146484375,-4.2503588981723794e-08,https://stockanalysis.com/stocks/cdns/history/,D:\drive\Investment\备份\项目反思_2026-09-04\data\secondary_price_raw\CDNS.html
CDNS,2026-07-20,329.93,329.92999267578125,2.219931172220413e-08,https://stockanalysis.com/stocks/cdns/history/,D:\drive\Investment\备份\项目反思_2026-09-04\data\secondary_price_raw\CDNS.html
CDNS,2026-07-17,330.11,330.1099853515625,4.437441503135631e-08,https://stockanalysis.com/stocks/cdns/history/,D:\drive\Investment\备份\项目反思_2026-09-04\data\secondary_price_raw\CDNS.html
CDNS,2026-07-16,364.65,364.6499938964844,1.6738010977235263e-08,https://stockanalysis.com/stocks/cdns/history/,D:\drive\Investment\备份\项目反思_2026-09-04\data\secondary_price_raw\CDNS.html
CDNS,2026-07-15,371.5,371.5,0.0,https://stockanalysis.com/stocks/cdns/history/,D:\drive\Investment\备份\项目反思_2026-09-04\data\secondary_price_raw\CDNS.html
CDNS,2026-07-14,376.8,376.7999877929688,3.239658075138152e-08,https://stockanalysis.com/stocks/cdns/history/,D:\drive\Investment\备份\项目反思_2026-09-04\data\secondary_price_raw\CDNS.html
CDNS,2026-07-13,377.92,377.9200134277344,-3.5530625219770684e-08,https://stockanalysis.com/stocks/cdns/history/,D:\drive\Investment\备份\项目反思_2026-09-04\data\secondary_price_raw\CDNS.html
CIEN,2026-09-04,321.0,321.0,0.0,https://stockanalysis.com/stocks/cien/history/,D:\drive\Investment\备份\项目反思_2026-09-04\data\secondary_price_raw\CIEN.html
CIEN,2026-09-03,317.46,317.4599914550781,2.6916531448151204e-08,https://stockanalysis.com/stocks/cien/history/,D:\drive\Investment\备份\项目反思_2026-09-04\data\secondary_price_raw\CIEN.html
CIEN,2026-09-02,354.16,354.1600036621094,-1.0340267975195161e-08,https://stockanalysis.com/stocks/cien/history/,D:\drive\Investment\备份\项目反思_2026-09-04\data\secondary_price_raw\CIEN.html
CIEN,2026-09-01,360.33,360.3299865722656,3.726510389157056e-08,https://stockanalysis.com/stocks/cien/history/,D:\drive\Investment\备份\项目反思_2026-09-04\data\secondary_price_raw\CIEN.html
CIEN,2026-08-31,382.8,382.7999877929688,3.188879715843029e-08,https://stockanalysis.com/stocks/cien/history/,D:\drive\Investment\备份\项目反思_2026-09-04\data\secondary_price_raw\CIEN.html
CIEN,2026-08-28,378.44,378.4400024414063,-6.451237433147128e-09,https://stockanalysis.com/stocks/cien/history/,D:\drive\Investment\备份\项目反思_2026-09-04\data\secondary_price_raw\CIEN.html
CIEN,2026-08-27,399.85,399.8500061035156,-1.5264512986945533e-08,https://stockanalysis.com/stocks/cien/history/,D:\drive\Investment\备份\项目反思_2026-09-04\data\secondary_price_raw\CIEN.html
CIEN,2026-08-26,404.03,404.0299987792969,3.0213180846061505e-09,https://stockanalysis.com/stocks/cien/history/,D:\drive\Investment\备份\项目反思_2026-09-04\data\secondary_price_raw\CIEN.html
CIEN,2026-08-25,387.66,387.6600036621094,-9.446704085647184e-09,https://stockanalysis.com/stocks/cien/history/,D:\drive\Investment\备份\项目反思_2026-09-04\data\secondary_price_raw\CIEN.html
CIEN,2026-08-24,371.95,371.9500122070313,-3.2819010398199566e-08,https://stockanalysis.com/stocks/cien/history/,D:\drive\Investment\备份\项目反思_2026-09-04\data\secondary_price_raw\CIEN.html
CIEN,2026-08-21,395.79,395.7900085449219,-2.1589534049404335e-08,https://stockanalysis.com/stocks/cien/history/,D:\drive\Investment\备份\项目反思_2026-09-04\data\secondary_price_raw\CIEN.html
CIEN,2026-08-20,392.48,392.4800109863281,-2.7992070439353256e-08,https://stockanalysis.com/stocks/cien/history/,D:\drive\Investment\备份\项目反思_2026-09-04\data\secondary_price_raw\CIEN.html
CIEN,2026-08-19,399.47,399.4700012207031,-3.055806718776921e-09,https://stockanalysis.com/stocks/cien/history/,D:\drive\Investment\备份\项目反思_2026-09-04\data\secondary_price_raw\CIEN.html
CIEN,2026-08-18,405.54,405.5400085449219,-2.107047802901718e-08,https://stockanalysis.com/stocks/cien/history/,D:\drive\Investment\备份\项目反思_2026-09-04\data\secondary_price_raw\CIEN.html
CIEN,2026-08-17,445.18,445.1799926757813,1.6452263773558684e-08,https://stockanalysis.com/stocks/cien/history/,D:\drive\Investment\备份\项目反思_2026-09-04\data\secondary_price_raw\CIEN.html
CIEN,2026-08-14,428.77,428.7699890136719,2.5622894250787454e-08,https://stockanalysis.com/stocks/cien/history/,D:\drive\Investment\备份\项目反思_2026-09-04\data\secondary_price_raw\CIEN.html
CIEN,2026-08-13,442.79,442.7900085449219,-1.9297910269777674e-08,https://stockanalysis.com/stocks/cien/history/,D:\drive\Investment\备份\项目反思_2026-09-04\data\secondary_price_raw\CIEN.html
CIEN,2026-08-12,432.05,432.0499877929688,2.8253747341722146e-08,https://stockanalysis.com/stocks/cien/history/,D:\drive\Investment\备份\项目反思_2026-09-04\data\secondary_price_raw\CIEN.html
CIEN,2026-08-11,387.53,387.5299987792969,3.149957628068023e-09,https://stockanalysis.com/stocks/cien/history/,D:\drive\Investment\备份\项目反思_2026-09-04\data\secondary_price_raw\CIEN.html
CIEN,2026-08-10,387.7,387.7000122070313,-3.148576455114238e-08,https://stockanalysis.com/stocks/cien/history/,D:\drive\Investment\备份\项目反思_2026-09-04\data\secondary_price_raw\CIEN.html
CIEN,2026-08-07,412.39,412.3900146484375,-3.5520834607005725e-08,https://stockanalysis.com/stocks/cien/history/,D:\drive\Investment\备份\项目反思_2026-09-04\data\secondary_price_raw\CIEN.html
CIEN,2026-08-06,403.76,403.760009765625,-2.4186706859552487e-08,https://stockanalysis.com/stocks/cien/history/,D:\drive\Investment\备份\项目反思_2026-09-04\data\secondary_price_raw\CIEN.html
CIEN,2026-08-05,408.83,408.8299865722656,3.284429905825448e-08,https://stockanalysis.com/stocks/cien/history/,D:\drive\Investment\备份\项目反思_2026-09-04\data\secondary_price_raw\CIEN.html
CIEN,2026-08-04,411.13,411.1300048828125,-1.1876565730872812e-08,https://stockanalysis.com/stocks/cien/history/,D:\drive\Investment\备份\项目反思_2026-09-04\data\secondary_price_raw\CIEN.html
CIEN,2026-08-03,390.76,390.760009765625,-2.4991362423953944e-08,https://stockanalysis.com/stocks/cien/history/,D:\drive\Investment\备份\项目反思_2026-09-04\data\secondary_price_raw\CIEN.html
CIEN,2026-07-31,377.05,377.0499877929688,3.237510037834568e-08,https://stockanalysis.com/stocks/cien/history/,D:\drive\Investment\备份\项目反思_2026-09-04\data\secondary_price_raw\CIEN.html
CIEN,2026-07-30,372.07,372.0700073242188,-1.9685055696605502e-08,https://stockanalysis.com/stocks/cien/history/,D:\drive\Investment\备份\项目反思_2026-09-04\data\secondary_price_raw\CIEN.html
CIEN,2026-07-29,330.37,330.3699951171875,1.4779830470601496e-08,https://stockanalysis.com/stocks/cien/history/,D:\drive\Investment\备份\项目反思_2026-09-04\data\secondary_price_raw\CIEN.html
CIEN,2026-07-28,350.51,350.510009765625,-2.786118724618092e-08,https://stockanalysis.com/stocks/cien/history/,D:\drive\Investment\备份\项目反思_2026-09-04\data\secondary_price_raw\CIEN.html
CIEN,2026-07-27,377.27,377.2699890136719,2.9120599043253037e-08,https://stockanalysis.com/stocks/cien/history/,D:\drive\Investment\备份\项目反思_2026-09-04\data\secondary_price_raw\CIEN.html
CIEN,2026-07-24,390.96,390.9599914550781,2.185625658235324e-08,https://stockanalysis.com/stocks/cien/history/,D:\drive\Investment\备份\项目反思_2026-09-04\data\secondary_price_raw\CIEN.html
CIEN,2026-07-23,407.53,407.5299987792969,2.9953699520746113e-09,https://stockanalysis.com/stocks/cien/history/,D:\drive\Investment\备份\项目反思_2026-09-04\data\secondary_price_raw\CIEN.html
CIEN,2026-07-22,397.16,397.1600036621094,-9.220740504467528e-09,https://stockanalysis.com/stocks/cien/history/,D:\drive\Investment\备份\项目反思_2026-09-04\data\secondary_price_raw\CIEN.html
CIEN,2026-07-21,408.73,408.7300109863281,-2.6879181436179067e-08,https://stockanalysis.com/stocks/cien/history/,D:\drive\Investment\备份\项目反思_2026-09-04\data\secondary_price_raw\CIEN.html
CIEN,2026-07-20,378.77,378.7699890136719,2.9005276180882333e-08,https://stockanalysis.com/stocks/cien/history/,D:\drive\Investment\备份\项目反思_2026-09-04\data\secondary_price_raw\CIEN.html
CIEN,2026-07-17,374.41,374.4100036621094,-9.781013665666194e-09,https://stockanalysis.com/stocks/cien/history/,D:\drive\Investment\备份\项目反思_2026-09-04\data\secondary_price_raw\CIEN.html
CIEN,2026-07-16,388.81,388.80999755859375,6.279175623902233e-09,https://stockanalysis.com/stocks/cien/history/,D:\drive\Investment\备份\项目反思_2026-09-04\data\secondary_price_raw\CIEN.html
CIEN,2026-07-15,418.46,418.4599914550781,2.0419925528258887e-08,https://stockanalysis.com/stocks/cien/history/,D:\drive\Investment\备份\项目反思_2026-09-04\data\secondary_price_raw\CIEN.html
CIEN,2026-07-14,446.93,446.9299926757813,1.6387843304599414e-08,https://stockanalysis.com/stocks/cien/history/,D:\drive\Investment\备份\项目反思_2026-09-04\data\secondary_price_raw\CIEN.html
CIEN,2026-07-13,445.44,445.4400024414063,-5.480886966502396e-09,https://stockanalysis.com/stocks/cien/history/,D:\drive\Investment\备份\项目反思_2026-09-04\data\secondary_price_raw\CIEN.html
CEG,2026-09-04,298.96,298.9599914550781,2.8582158417833625e-08,https://stockanalysis.com/stocks/ceg/history/,D:\drive\Investment\备份\项目反思_2026-09-04\data\secondary_price_raw\CEG.html
CEG,2026-09-03,285.05,285.04998779296875,4.282417753742607e-08,https://stockanalysis.com/stocks/ceg/history/,D:\drive\Investment\备份\项目反思_2026-09-04\data\secondary_price_raw\CEG.html
CEG,2026-09-02,290.04,290.0400085449219,-2.946118327074032e-08,https://stockanalysis.com/stocks/ceg/history/,D:\drive\Investment\备份\项目反思_2026-09-04\data\secondary_price_raw\CEG.html
CEG,2026-09-01,280.31,280.3099975585937,8.709665433315195e-09,https://stockanalysis.com/stocks/ceg/history/,D:\drive\Investment\备份\项目反思_2026-09-04\data\secondary_price_raw\CEG.html
CEG,2026-08-31,274.77,274.7699890136719,3.9983726551895415e-08,https://stockanalysis.com/stocks/ceg/history/,D:\drive\Investment\备份\项目反思_2026-09-04\data\secondary_price_raw\CEG.html
CEG,2026-08-28,276.75,276.75,0.0,https://stockanalysis.com/stocks/ceg/history/,D:\drive\Investment\备份\项目反思_2026-09-04\data\secondary_price_raw\CEG.html
CEG,2026-08-27,282.41,282.4100036621094,-1.296734997158211e-08,https://stockanalysis.com/stocks/ceg/history/,D:\drive\Investment\备份\项目反思_2026-09-04\data\secondary_price_raw\CEG.html
CEG,2026-08-26,279.52,279.5199890136719,3.9304266286066536e-08,https://stockanalysis.com/stocks/ceg/history/,D:\drive\Investment\备份\项目反思_2026-09-04\data\secondary_price_raw\CEG.html
CEG,2026-08-25,278.42,278.4200134277344,-4.822833743478583e-08,https://stockanalysis.com/stocks/ceg/history/,D:\drive\Investment\备份\项目反思_2026-09-04\data\secondary_price_raw\CEG.html
CEG,2026-08-24,273.43,273.42999267578125,2.6786449724980343e-08,https://stockanalysis.com/stocks/ceg/history/,D:\drive\Investment\备份\项目反思_2026-09-04\data\secondary_price_raw\CEG.html
CEG,2026-08-21,272.88,272.8800048828125,-1.789362513715531e-08,https://stockanalysis.com/stocks/ceg/history/,D:\drive\Investment\备份\项目反思_2026-09-04\data\secondary_price_raw\CEG.html
CEG,2026-08-20,272.92,272.9200134277344,-4.920025542531903e-08,https://stockanalysis.com/stocks/ceg/history/,D:\drive\Investment\备份\项目反思_2026-09-04\data\secondary_price_raw\CEG.html
CEG,2026-08-19,274.17,274.1700134277344,-4.897594085839785e-08,https://stockanalysis.com/stocks/ceg/history/,D:\drive\Investment\备份\项目反思_2026-09-04\data\secondary_price_raw\CEG.html
CEG,2026-08-18,266.83,266.8299865722656,5.0323183398148785e-08,https://stockanalysis.com/stocks/ceg/history/,D:\drive\Investment\备份\项目反思_2026-09-04\data\secondary_price_raw\CEG.html
CEG,2026-08-17,278.2,278.20001220703125,-4.387861507471058e-08,https://stockanalysis.com/stocks/ceg/history/,D:\drive\Investment\备份\项目反思_2026-09-04\data\secondary_price_raw\CEG.html
CEG,2026-08-14,282.5,282.5,0.0,https://stockanalysis.com/stocks/ceg/history/,D:\drive\Investment\备份\项目反思_2026-09-04\data\secondary_price_raw\CEG.html
CEG,2026-08-13,278.64,278.6400146484375,-5.257119128909693e-08,https://stockanalysis.com/stocks/ceg/history/,D:\drive\Investment\备份\项目反思_2026-09-04\data\secondary_price_raw\CEG.html
CEG,2026-08-12,278.68,278.67999267578125,2.628182493857878e-08,https://stockanalysis.com/stocks/ceg/history/,D:\drive\Investment\备份\项目反思_2026-09-04\data\secondary_price_raw\CEG.html
CEG,2026-08-11,278.36,278.3599853515625,5.262407776207567e-08,https://stockanalysis.com/stocks/ceg/history/,D:\drive\Investment\备份\项目反思_2026-09-04\data\secondary_price_raw\CEG.html
CEG,2026-08-10,270.43,270.42999267578125,2.708360380410113e-08,https://stockanalysis.com/stocks/ceg/history/,D:\drive\Investment\备份\项目反思_2026-09-04\data\secondary_price_raw\CEG.html
CEG,2026-08-07,269.89,269.8900146484375,-5.4275581584661836e-08,https://stockanalysis.com/stocks/ceg/history/,D:\drive\Investment\备份\项目反思_2026-09-04\data\secondary_price_raw\CEG.html
CEG,2026-08-06,261.1,261.1000061035156,-2.3376160340760066e-08,https://stockanalysis.com/stocks/ceg/history/,D:\drive\Investment\备份\项目反思_2026-09-04\data\secondary_price_raw\CEG.html
CEG,2026-08-05,265.12,265.1199951171875,1.8417367853018618e-08,https://stockanalysis.com/stocks/ceg/history/,D:\drive\Investment\备份\项目反思_2026-09-04\data\secondary_price_raw\CEG.html
CEG,2026-08-04,267.25,267.25,0.0,https://stockanalysis.com/stocks/ceg/history/,D:\drive\Investment\备份\项目反思_2026-09-04\data\secondary_price_raw\CEG.html
CEG,2026-08-03,273.71,273.7099914550781,3.1218889029460684e-08,https://stockanalysis.com/stocks/ceg/history/,D:\drive\Investment\备份\项目反思_2026-09-04\data\secondary_price_raw\CEG.html
CEG,2026-07-31,262.75,262.75,0.0,https://stockanalysis.com/stocks/ceg/history/,D:\drive\Investment\备份\项目反思_2026-09-04\data\secondary_price_raw\CEG.html
CEG,2026-07-30,263.56,263.5599975585937,9.263189992836374e-09,https://stockanalysis.com/stocks/ceg/history/,D:\drive\Investment\备份\项目反思_2026-09-04\data\secondary_price_raw\CEG.html
CEG,2026-07-29,257.95,257.95001220703125,-4.732324354606021e-08,https://stockanalysis.com/stocks/ceg/history/,D:\drive\Investment\备份\项目反思_2026-09-04\data\secondary_price_raw\CEG.html
CEG,2026-07-28,259.82,259.82000732421875,-2.818958722006215e-08,https://stockanalysis.com/stocks/ceg/history/,D:\drive\Investment\备份\项目反思_2026-09-04\data\secondary_price_raw\CEG.html
CEG,2026-07-27,270.0,270.0,0.0,https://stockanalysis.com/stocks/ceg/history/,D:\drive\Investment\备份\项目反思_2026-09-04\data\secondary_price_raw\CEG.html
CEG,2026-07-24,274.35,274.3500061035156,-2.2247185982315898e-08,https://stockanalysis.com/stocks/ceg/history/,D:\drive\Investment\备份\项目反思_2026-09-04\data\secondary_price_raw\CEG.html
CEG,2026-07-23,275.6,275.6000061035156,-2.2146282585566723e-08,https://stockanalysis.com/stocks/ceg/history/,D:\drive\Investment\备份\项目反思_2026-09-04\data\secondary_price_raw\CEG.html
CEG,2026-07-22,274.9,274.8999938964844,2.2202676364102558e-08,https://stockanalysis.com/stocks/ceg/history/,D:\drive\Investment\备份\项目反思_2026-09-04\data\secondary_price_raw\CEG.html
CEG,2026-07-21,262.22,262.2200012207031,-4.655263063924053e-09,https://stockanalysis.com/stocks/ceg/history/,D:\drive\Investment\备份\项目反思_2026-09-04\data\secondary_price_raw\CEG.html
CEG,2026-07-20,253.5,253.5,0.0,https://stockanalysis.com/stocks/ceg/history/,D:\drive\Investment\备份\项目反思_2026-09-04\data\secondary_price_raw\CEG.html
CEG,2026-07-17,252.39,252.38999938964844,2.418287348149306e-09,https://stockanalysis.com/stocks/ceg/history/,D:\drive\Investment\备份\项目反思_2026-09-04\data\secondary_price_raw\CEG.html
CEG,2026-07-16,251.77,251.7700042724609,-1.6969697869129163e-08,https://stockanalysis.com/stocks/ceg/history/,D:\drive\Investment\备份\项目反思_2026-09-04\data\secondary_price_raw\CEG.html
CEG,2026-07-15,258.12,258.114990234375,1.9409045636908928e-05,https://stockanalysis.com/stocks/ceg/history/,D:\drive\Investment\备份\项目反思_2026-09-04\data\secondary_price_raw\CEG.html
CEG,2026-07-14,256.43,256.42999267578125,2.8562254783537355e-08,https://stockanalysis.com/stocks/ceg/history/,D:\drive\Investment\备份\项目反思_2026-09-04\data\secondary_price_raw\CEG.html
CEG,2026-07-13,257.57,257.57000732421875,-2.8435837018392363e-08,https://stockanalysis.com/stocks/ceg/history/,D:\drive\Investment\备份\项目反思_2026-09-04\data\secondary_price_raw\CEG.html
CRDO,2026-09-04,170.57,170.57000732421875,-4.293966371360369e-08,https://stockanalysis.com/stocks/crdo/history/,D:\drive\Investment\备份\项目反思_2026-09-04\data\secondary_price_raw\CRDO.html
CRDO,2026-09-03,164.17,164.1699981689453,1.1153406198616267e-08,https://stockanalysis.com/stocks/crdo/history/,D:\drive\Investment\备份\项目反思_2026-09-04\data\secondary_price_raw\CRDO.html
CRDO,2026-09-02,165.22,165.22000122070312,-7.388349598791422e-09,https://stockanalysis.com/stocks/crdo/history/,D:\drive\Investment\备份\项目反思_2026-09-04\data\secondary_price_raw\CRDO.html
CRDO,2026-09-01,206.63,206.6300048828125,-2.363070406019574e-08,https://stockanalysis.com/stocks/crdo/history/,D:\drive\Investment\备份\项目反思_2026-09-04\data\secondary_price_raw\CRDO.html
CRDO,2026-08-31,226.19,226.19000244140625,-1.0793608118397913e-08,https://stockanalysis.com/stocks/crdo/history/,D:\drive\Investment\备份\项目反思_2026-09-04\data\secondary_price_raw\CRDO.html
CRDO,2026-08-28,232.75,232.75,0.0,https://stockanalysis.com/stocks/crdo/history/,D:\drive\Investment\备份\项目反思_2026-09-04\data\secondary_price_raw\CRDO.html
CRDO,2026-08-27,240.24,240.2400054931641,-2.286531786133139e-08,https://stockanalysis.com/stocks/crdo/history/,D:\drive\Investment\备份\项目反思_2026-09-04\data\secondary_price_raw\CRDO.html
CRDO,2026-08-26,226.49,226.4900054931641,-2.425345024814618e-08,https://stockanalysis.com/stocks/crdo/history/,D:\drive\Investment\备份\项目反思_2026-09-04\data\secondary_price_raw\CRDO.html
CRDO,2026-08-25,226.51,226.50999450683597,2.42513096271324e-08,https://stockanalysis.com/stocks/crdo/history/,D:\drive\Investment\备份\项目反思_2026-09-04\data\secondary_price_raw\CRDO.html
CRDO,2026-08-24,222.61,222.6100006103516,-2.7417976777854847e-09,https://stockanalysis.com/stocks/crdo/history/,D:\drive\Investment\备份\项目反思_2026-09-04\data\secondary_price_raw\CRDO.html
CRDO,2026-08-21,230.57,230.57000732421875,-3.1765704622266355e-08,https://stockanalysis.com/stocks/crdo/history/,D:\drive\Investment\备份\项目反思_2026-09-04\data\secondary_price_raw\CRDO.html
CRDO,2026-08-20,231.35,231.3500061035156,-2.638217178052571e-08,https://stockanalysis.com/stocks/crdo/history/,D:\drive\Investment\备份\项目反思_2026-09-04\data\secondary_price_raw\CRDO.html
CRDO,2026-08-19,234.82,234.82000732421875,-3.1190778182477175e-08,https://stockanalysis.com/stocks/crdo/history/,D:\drive\Investment\备份\项目反思_2026-09-04\data\secondary_price_raw\CRDO.html
CRDO,2026-08-18,245.97,245.97000122070312,-4.9628130494028255e-09,https://stockanalysis.com/stocks/crdo/history/,D:\drive\Investment\备份\项目反思_2026-09-04\data\secondary_price_raw\CRDO.html
CRDO,2026-08-17,282.82,282.82000732421875,-2.5897102684524498e-08,https://stockanalysis.com/stocks/crdo/history/,D:\drive\Investment\备份\项目反思_2026-09-04\data\secondary_price_raw\CRDO.html
CRDO,2026-08-14,259.9,259.8999938964844,2.348409289254505e-08,https://stockanalysis.com/stocks/crdo/history/,D:\drive\Investment\备份\项目反思_2026-09-04\data\secondary_price_raw\CRDO.html
CRDO,2026-08-13,265.99,265.989990234375,3.671425763407399e-08,https://stockanalysis.com/stocks/crdo/history/,D:\drive\Investment\备份\项目反思_2026-09-04\data\secondary_price_raw\CRDO.html
CRDO,2026-08-12,268.16,268.1600036621094,-1.3656433872633045e-08,https://stockanalysis.com/stocks/crdo/history/,D:\drive\Investment\备份\项目反思_2026-09-04\data\secondary_price_raw\CRDO.html
CRDO,2026-08-11,247.69,247.69000244140625,-9.856700788901662e-09,https://stockanalysis.com/stocks/crdo/history/,D:\drive\Investment\备份\项目反思_2026-09-04\data\secondary_price_raw\CRDO.html
CRDO,2026-08-10,239.94,239.93499755859372,2.08491527171617e-05,https://stockanalysis.com/stocks/crdo/history/,D:\drive\Investment\备份\项目反思_2026-09-04\data\secondary_price_raw\CRDO.html
CRDO,2026-08-07,249.89,249.88999938964844,2.4424808842127277e-09,https://stockanalysis.com/stocks/crdo/history/,D:\drive\Investment\备份\项目反思_2026-09-04\data\secondary_price_raw\CRDO.html
CRDO,2026-08-06,230.43,230.42999267578125,3.178500618261637e-08,https://stockanalysis.com/stocks/crdo/history/,D:\drive\Investment\备份\项目反思_2026-09-04\data\secondary_price_raw\CRDO.html
CRDO,2026-08-05,224.63,224.6300048828125,-2.1737133981680756e-08,https://stockanalysis.com/stocks/crdo/history/,D:\drive\Investment\备份\项目反思_2026-09-04\data\secondary_price_raw\CRDO.html
CRDO,2026-08-04,237.92,237.9199981689453,7.696093984321806e-09,https://stockanalysis.com/stocks/crdo/history/,D:\drive\Investment\备份\项目反思_2026-09-04\data\secondary_price_raw\CRDO.html
CRDO,2026-08-03,218.35,218.3500061035156,-2.795289866242001e-08,https://stockanalysis.com/stocks/crdo/history/,D:\drive\Investment\备份\项目反思_2026-09-04\data\secondary_price_raw\CRDO.html
CRDO,2026-07-31,206.99,206.9900054931641,-2.653830588617012e-08,https://stockanalysis.com/stocks/crdo/history/,D:\drive\Investment\备份\项目反思_2026-09-04\data\secondary_price_raw\CRDO.html
CRDO,2026-07-30,201.08,201.0800018310547,-9.106100318234667e-09,https://stockanalysis.com/stocks/crdo/history/,D:\drive\Investment\备份\项目反思_2026-09-04\data\secondary_price_raw\CRDO.html
CRDO,2026-07-29,177.45,177.4499969482422,1.7197846480243584e-08,https://stockanalysis.com/stocks/crdo/history/,D:\drive\Investment\备份\项目反思_2026-09-04\data\secondary_price_raw\CRDO.html
CRDO,2026-07-28,192.28,192.27999877929688,6.348570558145639e-09,https://stockanalysis.com/stocks/crdo/history/,D:\drive\Investment\备份\项目反思_2026-09-04\data\secondary_price_raw\CRDO.html
CRDO,2026-07-27,208.14,208.13999938964844,2.932408760258909e-09,https://stockanalysis.com/stocks/crdo/history/,D:\drive\Investment\备份\项目反思_2026-09-04\data\secondary_price_raw\CRDO.html
CRDO,2026-07-24,213.15,213.1499938964844,2.8634838278307484e-08,https://stockanalysis.com/stocks/crdo/history/,D:\drive\Investment\备份\项目反思_2026-09-04\data\secondary_price_raw\CRDO.html
CRDO,2026-07-23,236.5,236.5,0.0,https://stockanalysis.com/stocks/crdo/history/,D:\drive\Investment\备份\项目反思_2026-09-04\data\secondary_price_raw\CRDO.html
CRDO,2026-07-22,228.27,228.2700042724609,-1.8716698746423788e-08,https://stockanalysis.com/stocks/crdo/history/,D:\drive\Investment\备份\项目反思_2026-09-04\data\secondary_price_raw\CRDO.html
CRDO,2026-07-21,223.87,223.8699951171875,2.181092861874845e-08,https://stockanalysis.com/stocks/crdo/history/,D:\drive\Investment\备份\项目反思_2026-09-04\data\secondary_price_raw\CRDO.html
CRDO,2026-07-20,212.07,212.07000732421875,-3.4536796866824204e-08,https://stockanalysis.com/stocks/crdo/history/,D:\drive\Investment\备份\项目反思_2026-09-04\data\secondary_price_raw\CRDO.html
CRDO,2026-07-17,202.68,202.67999267578125,3.613686105907732e-08,https://stockanalysis.com/stocks/crdo/history/,D:\drive\Investment\备份\项目反思_2026-09-04\data\secondary_price_raw\CRDO.html
CRDO,2026-07-16,207.97,207.97000122070312,-5.8696115745604516e-09,https://stockanalysis.com/stocks/crdo/history/,D:\drive\Investment\备份\项目反思_2026-09-04\data\secondary_price_raw\CRDO.html
CRDO,2026-07-15,226.74,226.7400054931641,-2.4226708750241244e-08,https://stockanalysis.com/stocks/crdo/history/,D:\drive\Investment\备份\项目反思_2026-09-04\data\secondary_price_raw\CRDO.html
CRDO,2026-07-14,236.18,236.17999267578125,3.101117362902528e-08,https://stockanalysis.com/stocks/crdo/history/,D:\drive\Investment\备份\项目反思_2026-09-04\data\secondary_price_raw\CRDO.html
CRDO,2026-07-13,236.88,236.8800048828125,-2.0613020956794514e-08,https://stockanalysis.com/stocks/crdo/history/,D:\drive\Investment\备份\项目反思_2026-09-04\data\secondary_price_raw\CRDO.html
ET,2026-09-04,21.5,21.5,0.0,https://stockanalysis.com/stocks/et/history/,D:\drive\Investment\备份\项目反思_2026-09-04\data\secondary_price_raw\ET.html
ET,2026-09-03,21.44,21.440000534057617,-2.4909403095740856e-08,https://stockanalysis.com/stocks/et/history/,D:\drive\Investment\备份\项目反思_2026-09-04\data\secondary_price_raw\ET.html
ET,2026-09-02,21.54,21.540000915527344,-4.2503588981723794e-08,https://stockanalysis.com/stocks/et/history/,D:\drive\Investment\备份\项目反思_2026-09-04\data\secondary_price_raw\ET.html
ET,2026-09-01,21.42,21.420000076293945,-3.5618087368405327e-09,https://stockanalysis.com/stocks/et/history/,D:\drive\Investment\备份\项目反思_2026-09-04\data\secondary_price_raw\ET.html
ET,2026-08-31,21.51,21.51000022888184,-1.0640717640342245e-08,https://stockanalysis.com/stocks/et/history/,D:\drive\Investment\备份\项目反思_2026-09-04\data\secondary_price_raw\ET.html
ET,2026-08-28,21.31,21.309999465942383,2.5061362318723468e-08,https://stockanalysis.com/stocks/et/history/,D:\drive\Investment\备份\项目反思_2026-09-04\data\secondary_price_raw\ET.html
ET,2026-08-27,21.38,21.3799991607666,3.925320068987048e-08,https://stockanalysis.com/stocks/et/history/,D:\drive\Investment\备份\项目反思_2026-09-04\data\secondary_price_raw\ET.html
ET,2026-08-26,21.43,21.43000030517578,-1.4240586931890675e-08,https://stockanalysis.com/stocks/et/history/,D:\drive\Investment\备份\项目反思_2026-09-04\data\secondary_price_raw\ET.html
ET,2026-08-25,21.02,21.020000457763672,-2.1777529113364835e-08,https://stockanalysis.com/stocks/et/history/,D:\drive\Investment\备份\项目反思_2026-09-04\data\secondary_price_raw\ET.html
ET,2026-08-24,21.08,21.07999992370605,3.6192575603166688e-09,https://stockanalysis.com/stocks/et/history/,D:\drive\Investment\备份\项目反思_2026-09-04\data\secondary_price_raw\ET.html
ET,2026-08-21,21.19,21.190000534057617,-2.520328468147426e-08,https://stockanalysis.com/stocks/et/history/,D:\drive\Investment\备份\项目反思_2026-09-04\data\secondary_price_raw\ET.html
ET,2026-08-20,21.21,21.209999084472656,4.3164893215319466e-08,https://stockanalysis.com/stocks/et/history/,D:\drive\Investment\备份\项目反思_2026-09-04\data\secondary_price_raw\ET.html
ET,2026-08-19,21.18,21.18000030517578,-1.4408676918264973e-08,https://stockanalysis.com/stocks/et/history/,D:\drive\Investment\备份\项目反思_2026-09-04\data\secondary_price_raw\ET.html
ET,2026-08-18,21.42,21.420000076293945,-3.5618087368405327e-09,https://stockanalysis.com/stocks/et/history/,D:\drive\Investment\备份\项目反思_2026-09-04\data\secondary_price_raw\ET.html
ET,2026-08-17,20.94,20.940000534057617,-2.5504183542857106e-08,https://stockanalysis.com/stocks/et/history/,D:\drive\Investment\备份\项目反思_2026-09-04\data\secondary_price_raw\ET.html
ET,2026-08-14,21.05,21.049999237060547,3.624415589875696e-08,https://stockanalysis.com/stocks/et/history/,D:\drive\Investment\备份\项目反思_2026-09-04\data\secondary_price_raw\ET.html
ET,2026-08-13,20.76,20.76000022888184,-1.10251365814662e-08,https://stockanalysis.com/stocks/et/history/,D:\drive\Investment\备份\项目反思_2026-09-04\data\secondary_price_raw\ET.html
ET,2026-08-12,20.95,20.950000762939453,-3.641715640156917e-08,https://stockanalysis.com/stocks/et/history/,D:\drive\Investment\备份\项目反思_2026-09-04\data\secondary_price_raw\ET.html
ET,2026-08-11,20.78,20.780000686645508,-3.304357476530129e-08,https://stockanalysis.com/stocks/et/history/,D:\drive\Investment\备份\项目反思_2026-09-04\data\secondary_price_raw\ET.html
ET,2026-08-10,20.59,20.59000015258789,-7.41077654797806e-09,https://stockanalysis.com/stocks/et/history/,D:\drive\Investment\备份\项目反思_2026-09-04\data\secondary_price_raw\ET.html
ET,2026-08-07,20.13,20.1299991607666,4.169068223980332e-08,https://stockanalysis.com/stocks/et/history/,D:\drive\Investment\备份\项目反思_2026-09-04\data\secondary_price_raw\ET.html
ET,2026-08-06,20.67,20.670000076293945,-3.691047134601888e-09,https://stockanalysis.com/stocks/et/history/,D:\drive\Investment\备份\项目反思_2026-09-04\data\secondary_price_raw\ET.html
ET,2026-08-05,20.34,20.34000015258789,-7.501862797631986e-09,https://stockanalysis.com/stocks/et/history/,D:\drive\Investment\备份\项目反思_2026-09-04\data\secondary_price_raw\ET.html
ET,2026-08-04,20.33,20.32999992370605,3.752776533971769e-09,https://stockanalysis.com/stocks/et/history/,D:\drive\Investment\备份\项目反思_2026-09-04\data\secondary_price_raw\ET.html
ET,2026-08-03,20.28,20.280000686645508,-3.3858258530194973e-08,https://stockanalysis.com/stocks/et/history/,D:\drive\Investment\备份\项目反思_2026-09-04\data\secondary_price_raw\ET.html
ET,2026-07-31,20.36,20.36000061035156,-2.997797354797882e-08,https://stockanalysis.com/stocks/et/history/,D:\drive\Investment\备份\项目反思_2026-09-04\data\secondary_price_raw\ET.html
ET,2026-07-30,20.24,20.239999771118164,1.130839111240789e-08,https://stockanalysis.com/stocks/et/history/,D:\drive\Investment\备份\项目反思_2026-09-04\data\secondary_price_raw\ET.html
ET,2026-07-29,20.2,20.200000762939453,-3.776927848253564e-08,https://stockanalysis.com/stocks/et/history/,D:\drive\Investment\备份\项目反思_2026-09-04\data\secondary_price_raw\ET.html
ET,2026-07-28,20.2,20.200000762939453,-3.776927848253564e-08,https://stockanalysis.com/stocks/et/history/,D:\drive\Investment\备份\项目反思_2026-09-04\data\secondary_price_raw\ET.html
ET,2026-07-27,19.91,19.90999984741211,7.663881973485331e-09,https://stockanalysis.com/stocks/et/history/,D:\drive\Investment\备份\项目反思_2026-09-04\data\secondary_price_raw\ET.html
ET,2026-07-24,20.36,20.36000061035156,-2.997797354797882e-08,https://stockanalysis.com/stocks/et/history/,D:\drive\Investment\备份\项目反思_2026-09-04\data\secondary_price_raw\ET.html
ET,2026-07-23,20.42,20.420000076293945,-3.736236209306298e-09,https://stockanalysis.com/stocks/et/history/,D:\drive\Investment\备份\项目反思_2026-09-04\data\secondary_price_raw\ET.html
ET,2026-07-22,20.37,20.3700008392334,-4.119947782932343e-08,https://stockanalysis.com/stocks/et/history/,D:\drive\Investment\备份\项目反思_2026-09-04\data\secondary_price_raw\ET.html
ET,2026-07-21,20.25,20.25,0.0,https://stockanalysis.com/stocks/et/history/,D:\drive\Investment\备份\项目反思_2026-09-04\data\secondary_price_raw\ET.html
ET,2026-07-20,20.28,20.280000686645508,-3.3858258530194973e-08,https://stockanalysis.com/stocks/et/history/,D:\drive\Investment\备份\项目反思_2026-09-04\data\secondary_price_raw\ET.html
ET,2026-07-17,20.32,20.31999969482422,1.5018493337848327e-08,https://stockanalysis.com/stocks/et/history/,D:\drive\Investment\备份\项目反思_2026-09-04\data\secondary_price_raw\ET.html
ET,2026-07-16,20.2,20.200000762939453,-3.776927848253564e-08,https://stockanalysis.com/stocks/et/history/,D:\drive\Investment\备份\项目反思_2026-09-04\data\secondary_price_raw\ET.html
ET,2026-07-15,19.91,19.90999984741211,7.663881973485331e-09,https://stockanalysis.com/stocks/et/history/,D:\drive\Investment\备份\项目反思_2026-09-04\data\secondary_price_raw\ET.html
ET,2026-07-14,20.07,20.06999969482422,1.5205569914300554e-08,https://stockanalysis.com/stocks/et/history/,D:\drive\Investment\备份\项目反思_2026-09-04\data\secondary_price_raw\ET.html
ET,2026-07-13,20.18,20.18000030517578,-1.512268466008493e-08,https://stockanalysis.com/stocks/et/history/,D:\drive\Investment\备份\项目反思_2026-09-04\data\secondary_price_raw\ET.html
DELL,2026-09-04,524.14,524.1400146484375,-2.7947565706121225e-08,https://stockanalysis.com/stocks/dell/history/,D:\drive\Investment\备份\项目反思_2026-09-04\data\secondary_price_raw\DELL.html
DELL,2026-09-03,516.39,516.3900146484375,-2.8367003856999418e-08,https://stockanalysis.com/stocks/dell/history/,D:\drive\Investment\备份\项目反思_2026-09-04\data\secondary_price_raw\DELL.html
DELL,2026-09-02,492.2,492.2000122070313,-2.480095695478468e-08,https://stockanalysis.com/stocks/dell/history/,D:\drive\Investment\备份\项目反思_2026-09-04\data\secondary_price_raw\DELL.html
DELL,2026-09-01,425.0,425.0,0.0,https://stockanalysis.com/stocks/dell/history/,D:\drive\Investment\备份\项目反思_2026-09-04\data\secondary_price_raw\DELL.html
DELL,2026-08-31,456.01,456.010009765625,-2.1415374251709807e-08,https://stockanalysis.com/stocks/dell/history/,D:\drive\Investment\备份\项目反思_2026-09-04\data\secondary_price_raw\DELL.html
DELL,2026-08-28,456.24,456.239990234375,2.140457922017447e-08,https://stockanalysis.com/stocks/dell/history/,D:\drive\Investment\备份\项目反思_2026-09-04\data\secondary_price_raw\DELL.html
DELL,2026-08-27,472.26,472.260009765625,-2.0678492362868894e-08,https://stockanalysis.com/stocks/dell/history/,D:\drive\Investment\备份\项目反思_2026-09-04\data\secondary_price_raw\DELL.html
DELL,2026-08-26,463.82,463.8200073242188,-1.579107988813888e-08,https://stockanalysis.com/stocks/dell/history/,D:\drive\Investment\备份\项目反思_2026-09-04\data\secondary_price_raw\DELL.html
DELL,2026-08-25,451.5,451.5,0.0,https://stockanalysis.com/stocks/dell/history/,D:\drive\Investment\备份\项目反思_2026-09-04\data\secondary_price_raw\DELL.html
DELL,2026-08-24,433.19,433.1900024414063,-5.635878652654469e-09,https://stockanalysis.com/stocks/dell/history/,D:\drive\Investment\备份\项目反思_2026-09-04\data\secondary_price_raw\DELL.html
DELL,2026-08-21,442.08,442.0799865722656,3.0373992876420175e-08,https://stockanalysis.com/stocks/dell/history/,D:\drive\Investment\备份\项目反思_2026-09-04\data\secondary_price_raw\DELL.html
DELL,2026-08-20,434.78,434.7799987792969,2.8076339031457564e-09,https://stockanalysis.com/stocks/dell/history/,D:\drive\Investment\备份\项目反思_2026-09-04\data\secondary_price_raw\DELL.html
DELL,2026-08-19,437.55,437.5499877929688,2.78985978763302e-08,https://stockanalysis.com/stocks/dell/history/,D:\drive\Investment\备份\项目反思_2026-09-04\data\secondary_price_raw\DELL.html
DELL,2026-08-18,468.65,468.6499938964844,1.3023611744600316e-08,https://stockanalysis.com/stocks/dell/history/,D:\drive\Investment\备份\项目反思_2026-09-04\data\secondary_price_raw\DELL.html
DELL,2026-08-17,479.81,479.80999755859375,5.088277132969665e-09,https://stockanalysis.com/stocks/dell/history/,D:\drive\Investment\备份\项目反思_2026-09-04\data\secondary_price_raw\DELL.html
DELL,2026-08-14,490.81,490.80999755859375,4.974239020683058e-09,https://stockanalysis.com/stocks/dell/history/,D:\drive\Investment\备份\项目反思_2026-09-04\data\secondary_price_raw\DELL.html
DELL,2026-08-13,494.51,494.510009765625,-1.9748083612824985e-08,https://stockanalysis.com/stocks/dell/history/,D:\drive\Investment\备份\项目反思_2026-09-04\data\secondary_price_raw\DELL.html
DELL,2026-08-12,484.5,484.5,0.0,https://stockanalysis.com/stocks/dell/history/,D:\drive\Investment\备份\项目反思_2026-09-04\data\secondary_price_raw\DELL.html
DELL,2026-08-11,440.97,440.9700012207031,-2.768222540083798e-09,https://stockanalysis.com/stocks/dell/history/,D:\drive\Investment\备份\项目反思_2026-09-04\data\secondary_price_raw\DELL.html
DELL,2026-08-10,457.88,457.8800048828125,-1.0663956606649094e-08,https://stockanalysis.com/stocks/dell/history/,D:\drive\Investment\备份\项目反思_2026-09-04\data\secondary_price_raw\DELL.html
DELL,2026-08-07,453.77,453.7699890136719,2.421122680118515e-08,https://stockanalysis.com/stocks/dell/history/,D:\drive\Investment\备份\项目反思_2026-09-04\data\secondary_price_raw\DELL.html
DELL,2026-08-06,437.65,437.6499938964844,1.3946111376839099e-08,https://stockanalysis.com/stocks/dell/history/,D:\drive\Investment\备份\项目反思_2026-09-04\data\secondary_price_raw\DELL.html
DELL,2026-08-05,462.7,462.7000122070313,-2.6382172002570314e-08,https://stockanalysis.com/stocks/dell/history/,D:\drive\Investment\备份\项目反思_2026-09-04\data\secondary_price_raw\DELL.html
DELL,2026-08-04,467.27,467.2699890136719,2.3511735003367562e-08,https://stockanalysis.com/stocks/dell/history/,D:\drive\Investment\备份\项目反思_2026-09-04\data\secondary_price_raw\DELL.html
DELL,2026-08-03,429.02,429.0199890136719,2.560796330541848e-08,https://stockanalysis.com/stocks/dell/history/,D:\drive\Investment\备份\项目反思_2026-09-04\data\secondary_price_raw\DELL.html
DELL,2026-07-31,405.37,405.3699951171875,1.204532296128491e-08,https://stockanalysis.com/stocks/dell/history/,D:\drive\Investment\备份\项目反思_2026-09-04\data\secondary_price_raw\DELL.html
DELL,2026-07-30,404.81,404.80999755859375,6.030993038308452e-09,https://stockanalysis.com/stocks/dell/history/,D:\drive\Investment\备份\项目反思_2026-09-04\data\secondary_price_raw\DELL.html
DELL,2026-07-29,369.64,369.6400146484375,-3.962892791697925e-08,https://stockanalysis.com/stocks/dell/history/,D:\drive\Investment\备份\项目反思_2026-09-04\data\secondary_price_raw\DELL.html
DELL,2026-07-28,392.1,392.1000061035156,-1.5566221645002543e-08,https://stockanalysis.com/stocks/dell/history/,D:\drive\Investment\备份\项目反思_2026-09-04\data\secondary_price_raw\DELL.html
DELL,2026-07-27,426.91,426.9100036621094,-8.578176502460622e-09,https://stockanalysis.com/stocks/dell/history/,D:\drive\Investment\备份\项目反思_2026-09-04\data\secondary_price_raw\DELL.html
DELL,2026-07-24,437.5,437.5,0.0,https://stockanalysis.com/stocks/dell/history/,D:\drive\Investment\备份\项目反思_2026-09-04\data\secondary_price_raw\DELL.html
DELL,2026-07-23,439.34,439.3399963378906,8.33547897372e-09,https://stockanalysis.com/stocks/dell/history/,D:\drive\Investment\备份\项目反思_2026-09-04\data\secondary_price_raw\DELL.html
DELL,2026-07-22,441.8,441.7999877929688,2.7630220778007697e-08,https://stockanalysis.com/stocks/dell/history/,D:\drive\Investment\备份\项目反思_2026-09-04\data\secondary_price_raw\DELL.html
DELL,2026-07-21,404.15,404.1499938964844,1.5102104899966662e-08,https://stockanalysis.com/stocks/dell/history/,D:\drive\Investment\备份\项目反思_2026-09-04\data\secondary_price_raw\DELL.html
DELL,2026-07-20,381.88,381.8800048828125,-1.2786248171359205e-08,https://stockanalysis.com/stocks/dell/history/,D:\drive\Investment\备份\项目反思_2026-09-04\data\secondary_price_raw\DELL.html
DELL,2026-07-17,396.34,396.3399963378906,9.23981779976657e-09,https://stockanalysis.com/stocks/dell/history/,D:\drive\Investment\备份\项目反思_2026-09-04\data\secondary_price_raw\DELL.html
DELL,2026-07-16,391.38,391.3800048828125,-1.2475886435048267e-08,https://stockanalysis.com/stocks/dell/history/,D:\drive\Investment\备份\项目反思_2026-09-04\data\secondary_price_raw\DELL.html
DELL,2026-07-15,412.68,412.6799926757813,1.7747937564038807e-08,https://stockanalysis.com/stocks/dell/history/,D:\drive\Investment\备份\项目反思_2026-09-04\data\secondary_price_raw\DELL.html
DELL,2026-07-14,457.54,457.5400085449219,-1.8675791579880752e-08,https://stockanalysis.com/stocks/dell/history/,D:\drive\Investment\备份\项目反思_2026-09-04\data\secondary_price_raw\DELL.html
DELL,2026-07-13,427.11,427.1099853515625,3.429664019449774e-08,https://stockanalysis.com/stocks/dell/history/,D:\drive\Investment\备份\项目反思_2026-09-04\data\secondary_price_raw\DELL.html
ETN,2026-09-04,410.85,410.8500061035156,-1.4855824570503273e-08,https://stockanalysis.com/stocks/etn/history/,D:\drive\Investment\备份\项目反思_2026-09-04\data\secondary_price_raw\ETN.html
ETN,2026-09-03,397.12,397.1199951171875,1.2295559459474248e-08,https://stockanalysis.com/stocks/etn/history/,D:\drive\Investment\备份\项目反思_2026-09-04\data\secondary_price_raw\ETN.html
ETN,2026-09-02,390.85,390.8500061035156,-1.5616004933605154e-08,https://stockanalysis.com/stocks/etn/history/,D:\drive\Investment\备份\项目反思_2026-09-04\data\secondary_price_raw\ETN.html
ETN,2026-09-01,390.71,390.7099914550781,2.1870241395660628e-08,https://stockanalysis.com/stocks/etn/history/,D:\drive\Investment\备份\项目反思_2026-09-04\data\secondary_price_raw\ETN.html
ETN,2026-08-31,401.88,401.8800048828125,-1.2149926509330555e-08,https://stockanalysis.com/stocks/etn/history/,D:\drive\Investment\备份\项目反思_2026-09-04\data\secondary_price_raw\ETN.html
ETN,2026-08-28,402.78,402.7799987792969,3.0306943621383198e-09,https://stockanalysis.com/stocks/etn/history/,D:\drive\Investment\备份\项目反思_2026-09-04\data\secondary_price_raw\ETN.html
ETN,2026-08-27,416.04,416.0400085449219,-2.0538702183436897e-08,https://stockanalysis.com/stocks/etn/history/,D:\drive\Investment\备份\项目反思_2026-09-04\data\secondary_price_raw\ETN.html
ETN,2026-08-26,419.44,419.4400024414063,-5.820632975606088e-09,https://stockanalysis.com/stocks/etn/history/,D:\drive\Investment\备份\项目反思_2026-09-04\data\secondary_price_raw\ETN.html
ETN,2026-08-25,409.2,409.2000122070313,-2.983145397372766e-08,https://stockanalysis.com/stocks/etn/history/,D:\drive\Investment\备份\项目反思_2026-09-04\data\secondary_price_raw\ETN.html
ETN,2026-08-24,408.67,408.6700134277344,-3.285715588496885e-08,https://stockanalysis.com/stocks/etn/history/,D:\drive\Investment\备份\项目反思_2026-09-04\data\secondary_price_raw\ETN.html
ETN,2026-08-21,419.2,419.2000122070313,-2.9119825772916386e-08,https://stockanalysis.com/stocks/etn/history/,D:\drive\Investment\备份\项目反思_2026-09-04\data\secondary_price_raw\ETN.html
ETN,2026-08-20,415.29,415.2900085449219,-2.0575794401622716e-08,https://stockanalysis.com/stocks/etn/history/,D:\drive\Investment\备份\项目反思_2026-09-04\data\secondary_price_raw\ETN.html
ETN,2026-08-19,424.67,424.6700134277344,-3.161921946492896e-08,https://stockanalysis.com/stocks/etn/history/,D:\drive\Investment\备份\项目反思_2026-09-04\data\secondary_price_raw\ETN.html
ETN,2026-08-18,431.33,431.3299865722656,3.11310013323407e-08,https://stockanalysis.com/stocks/etn/history/,D:\drive\Investment\备份\项目反思_2026-09-04\data\secondary_price_raw\ETN.html
ETN,2026-08-17,455.4,455.3999938964844,1.3402537746287635e-08,https://stockanalysis.com/stocks/etn/history/,D:\drive\Investment\备份\项目反思_2026-09-04\data\secondary_price_raw\ETN.html
ETN,2026-08-14,451.51,451.510009765625,-2.162881174161413e-08,https://stockanalysis.com/stocks/etn/history/,D:\drive\Investment\备份\项目反思_2026-09-04\data\secondary_price_raw\ETN.html
ETN,2026-08-13,453.33,453.3299865722656,2.9620220942661035e-08,https://stockanalysis.com/stocks/etn/history/,D:\drive\Investment\备份\项目反思_2026-09-04\data\secondary_price_raw\ETN.html
ETN,2026-08-12,459.96,459.9599914550781,1.8577532845398537e-08,https://stockanalysis.com/stocks/etn/history/,D:\drive\Investment\备份\项目反思_2026-09-04\data\secondary_price_raw\ETN.html
ETN,2026-08-11,459.29,459.2900085449219,-1.860463261227352e-08,https://stockanalysis.com/stocks/etn/history/,D:\drive\Investment\备份\项目反思_2026-09-04\data\secondary_price_raw\ETN.html
ETN,2026-08-10,444.96,444.9599914550781,1.920379810727013e-08,https://stockanalysis.com/stocks/etn/history/,D:\drive\Investment\备份\项目反思_2026-09-04\data\secondary_price_raw\ETN.html
ETN,2026-08-07,448.68,448.6799926757813,1.632392532258109e-08,https://stockanalysis.com/stocks/etn/history/,D:\drive\Investment\备份\项目反思_2026-09-04\data\secondary_price_raw\ETN.html
ETN,2026-08-06,448.19,448.1900024414063,-5.4472574229080806e-09,https://stockanalysis.com/stocks/etn/history/,D:\drive\Investment\备份\项目反思_2026-09-04\data\secondary_price_raw\ETN.html
ETN,2026-08-05,447.28,447.2799987792969,2.7291697790587932e-09,https://stockanalysis.com/stocks/etn/history/,D:\drive\Investment\备份\项目反思_2026-09-04\data\secondary_price_raw\ETN.html
ETN,2026-08-04,444.77,444.7699890136719,2.4701145351357923e-08,https://stockanalysis.com/stocks/etn/history/,D:\drive\Investment\备份\项目反思_2026-09-04\data\secondary_price_raw\ETN.html
ETN,2026-08-03,438.23,438.2300109863281,-2.5069775810848682e-08,https://stockanalysis.com/stocks/etn/history/,D:\drive\Investment\备份\项目反思_2026-09-04\data\secondary_price_raw\ETN.html
ETN,2026-07-31,415.2,415.2000122070313,-2.9400363588116818e-08,https://stockanalysis.com/stocks/etn/history/,D:\drive\Investment\备份\项目反思_2026-09-04\data\secondary_price_raw\ETN.html
ETN,2026-07-30,386.89,386.8900146484375,-3.786202007471928e-08,https://stockanalysis.com/stocks/etn/history/,D:\drive\Investment\备份\项目反思_2026-09-04\data\secondary_price_raw\ETN.html
ETN,2026-07-29,361.88,361.8800048828125,-1.3492904904488512e-08,https://stockanalysis.com/stocks/etn/history/,D:\drive\Investment\备份\项目反思_2026-09-04\data\secondary_price_raw\ETN.html
ETN,2026-07-28,386.26,386.260009765625,-2.5282516302738145e-08,https://stockanalysis.com/stocks/etn/history/,D:\drive\Investment\备份\项目反思_2026-09-04\data\secondary_price_raw\ETN.html
ETN,2026-07-27,398.64,398.6400146484375,-3.6746028886369686e-08,https://stockanalysis.com/stocks/etn/history/,D:\drive\Investment\备份\项目反思_2026-09-04\data\secondary_price_raw\ETN.html
ETN,2026-07-24,404.07,404.0700073242188,-1.812611349905069e-08,https://stockanalysis.com/stocks/etn/history/,D:\drive\Investment\备份\项目反思_2026-09-04\data\secondary_price_raw\ETN.html
ETN,2026-07-23,415.13,415.1300048828125,-1.1762128604431155e-08,https://stockanalysis.com/stocks/etn/history/,D:\drive\Investment\备份\项目反思_2026-09-04\data\secondary_price_raw\ETN.html
ETN,2026-07-22,406.91,406.9100036621094,-8.999801681675024e-09,https://stockanalysis.com/stocks/etn/history/,D:\drive\Investment\备份\项目反思_2026-09-04\data\secondary_price_raw\ETN.html
ETN,2026-07-21,402.95,402.9500122070313,-3.029415795996471e-08,https://stockanalysis.com/stocks/etn/history/,D:\drive\Investment\备份\项目反思_2026-09-04\data\secondary_price_raw\ETN.html
ETN,2026-07-20,401.41,401.4100036621094,-9.123114264042442e-09,https://stockanalysis.com/stocks/etn/history/,D:\drive\Investment\备份\项目反思_2026-09-04\data\secondary_price_raw\ETN.html
ETN,2026-07-17,399.99,399.989990234375,2.441467339409087e-08,https://stockanalysis.com/stocks/etn/history/,D:\drive\Investment\备份\项目反思_2026-09-04\data\secondary_price_raw\ETN.html
ETN,2026-07-16,396.27,396.2699890136719,2.772435059306133e-08,https://stockanalysis.com/stocks/etn/history/,D:\drive\Investment\备份\项目反思_2026-09-04\data\secondary_price_raw\ETN.html
ETN,2026-07-15,412.86,412.8599853515625,3.5480400173426574e-08,https://stockanalysis.com/stocks/etn/history/,D:\drive\Investment\备份\项目反思_2026-09-04\data\secondary_price_raw\ETN.html
ETN,2026-07-14,415.52,415.5199890136719,2.643995089535167e-08,https://stockanalysis.com/stocks/etn/history/,D:\drive\Investment\备份\项目反思_2026-09-04\data\secondary_price_raw\ETN.html
ETN,2026-07-13,402.85,402.8500061035156,-1.5150839027811003e-08,https://stockanalysis.com/stocks/etn/history/,D:\drive\Investment\备份\项目反思_2026-09-04\data\secondary_price_raw\ETN.html
FLNC,2026-09-04,10.35,10.350000381469728,-3.685697724797876e-08,https://stockanalysis.com/stocks/flnc/history/,D:\drive\Investment\备份\项目反思_2026-09-04\data\secondary_price_raw\FLNC.html
FLNC,2026-09-03,10.2,10.199999809265137,1.8699496617813338e-08,https://stockanalysis.com/stocks/flnc/history/,D:\drive\Investment\备份\项目反思_2026-09-04\data\secondary_price_raw\FLNC.html
FLNC,2026-09-02,10.56,10.5600004196167,-3.973642825894075e-08,https://stockanalysis.com/stocks/flnc/history/,D:\drive\Investment\备份\项目反思_2026-09-04\data\secondary_price_raw\FLNC.html
FLNC,2026-09-01,10.42,10.420000076293944,-7.321875550303503e-09,https://stockanalysis.com/stocks/flnc/history/,D:\drive\Investment\备份\项目反思_2026-09-04\data\secondary_price_raw\FLNC.html
FLNC,2026-08-31,10.81,10.8100004196167,-3.881745447298357e-08,https://stockanalysis.com/stocks/flnc/history/,D:\drive\Investment\备份\项目反思_2026-09-04\data\secondary_price_raw\FLNC.html
FLNC,2026-08-28,10.88,10.880000114440918,-1.0518466542208671e-08,https://stockanalysis.com/stocks/flnc/history/,D:\drive\Investment\备份\项目反思_2026-09-04\data\secondary_price_raw\FLNC.html
FLNC,2026-08-27,11.43,11.43000030517578,-2.669954257683571e-08,https://stockanalysis.com/stocks/flnc/history/,D:\drive\Investment\备份\项目反思_2026-09-04\data\secondary_price_raw\FLNC.html
FLNC,2026-08-26,11.08,11.079999923706056,6.885735093220546e-09,https://stockanalysis.com/stocks/flnc/history/,D:\drive\Investment\备份\项目反思_2026-09-04\data\secondary_price_raw\FLNC.html
FLNC,2026-08-25,11.24,11.239999771118164,2.0363153163671655e-08,https://stockanalysis.com/stocks/flnc/history/,D:\drive\Investment\备份\项目反思_2026-09-04\data\secondary_price_raw\FLNC.html
FLNC,2026-08-24,10.86,10.859999656677246,3.1613514250850017e-08,https://stockanalysis.com/stocks/flnc/history/,D:\drive\Investment\备份\项目反思_2026-09-04\data\secondary_price_raw\FLNC.html
FLNC,2026-08-21,11.34,11.34000015258789,-1.3455722092103883e-08,https://stockanalysis.com/stocks/flnc/history/,D:\drive\Investment\备份\项目反思_2026-09-04\data\secondary_price_raw\FLNC.html
FLNC,2026-08-20,11.39,11.390000343322754,-3.014247085264543e-08,https://stockanalysis.com/stocks/flnc/history/,D:\drive\Investment\备份\项目反思_2026-09-04\data\secondary_price_raw\FLNC.html
FLNC,2026-08-19,12.07,12.06999969482422,2.5283826587951808e-08,https://stockanalysis.com/stocks/flnc/history/,D:\drive\Investment\备份\项目反思_2026-09-04\data\secondary_price_raw\FLNC.html
FLNC,2026-08-18,11.75,11.75,0.0,https://stockanalysis.com/stocks/flnc/history/,D:\drive\Investment\备份\项目反思_2026-09-04\data\secondary_price_raw\FLNC.html
FLNC,2026-08-17,12.63,12.630000114440918,-9.061038475088878e-09,https://stockanalysis.com/stocks/flnc/history/,D:\drive\Investment\备份\项目反思_2026-09-04\data\secondary_price_raw\FLNC.html
FLNC,2026-08-14,13.14,13.140000343322754,-2.6128062713404177e-08,https://stockanalysis.com/stocks/flnc/history/,D:\drive\Investment\备份\项目反思_2026-09-04\data\secondary_price_raw\FLNC.html
FLNC,2026-08-13,13.22,13.220000267028809,-2.0198850370078958e-08,https://stockanalysis.com/stocks/flnc/history/,D:\drive\Investment\备份\项目反思_2026-09-04\data\secondary_price_raw\FLNC.html
FLNC,2026-08-12,13.2,13.199999809265137,1.4449611063227508e-08,https://stockanalysis.com/stocks/flnc/history/,D:\drive\Investment\备份\项目反思_2026-09-04\data\secondary_price_raw\FLNC.html
FLNC,2026-08-11,13.11,13.109999656677246,2.6187853663373062e-08,https://stockanalysis.com/stocks/flnc/history/,D:\drive\Investment\备份\项目反思_2026-09-04\data\secondary_price_raw\FLNC.html
FLNC,2026-08-10,12.65,12.649999618530272,3.0155710595280993e-08,https://stockanalysis.com/stocks/flnc/history/,D:\drive\Investment\备份\项目反思_2026-09-04\data\secondary_price_raw\FLNC.html
FLNC,2026-08-07,13.2,13.19499969482422,0.000378954550316557,https://stockanalysis.com/stocks/flnc/history/,D:\drive\Investment\备份\项目反思_2026-09-04\data\secondary_price_raw\FLNC.html
FLNC,2026-08-06,13.21,13.210000038146973,-2.8877343849487147e-09,https://stockanalysis.com/stocks/flnc/history/,D:\drive\Investment\备份\项目反思_2026-09-04\data\secondary_price_raw\FLNC.html
FLNC,2026-08-05,14.23,14.229999542236328,3.216891686363965e-08,https://stockanalysis.com/stocks/flnc/history/,D:\drive\Investment\备份\项目反思_2026-09-04\data\secondary_price_raw\FLNC.html
FLNC,2026-08-04,15.67,15.670000076293944,-4.868790259848765e-09,https://stockanalysis.com/stocks/flnc/history/,D:\drive\Investment\备份\项目反思_2026-09-04\data\secondary_price_raw\FLNC.html
FLNC,2026-08-03,14.56,14.5600004196167,-2.881982741342881e-08,https://stockanalysis.com/stocks/flnc/history/,D:\drive\Investment\备份\项目反思_2026-09-04\data\secondary_price_raw\FLNC.html
FLNC,2026-07-31,13.93,13.93000030517578,-2.190780856725638e-08,https://stockanalysis.com/stocks/flnc/history/,D:\drive\Investment\备份\项目反思_2026-09-04\data\secondary_price_raw\FLNC.html
FLNC,2026-07-30,13.47,13.470000267028809,-1.9823964581000553e-08,https://stockanalysis.com/stocks/flnc/history/,D:\drive\Investment\备份\项目反思_2026-09-04\data\secondary_price_raw\FLNC.html
FLNC,2026-07-29,11.89,11.890000343322754,-2.8874915347643082e-08,https://stockanalysis.com/stocks/flnc/history/,D:\drive\Investment\备份\项目反思_2026-09-04\data\secondary_price_raw\FLNC.html
FLNC,2026-07-28,12.62,12.619999885559082,9.068218620456037e-09,https://stockanalysis.com/stocks/flnc/history/,D:\drive\Investment\备份\项目反思_2026-09-04\data\secondary_price_raw\FLNC.html
FLNC,2026-07-27,13.51,13.510000228881836,-1.6941660407887582e-08,https://stockanalysis.com/stocks/flnc/history/,D:\drive\Investment\备份\项目反思_2026-09-04\data\secondary_price_raw\FLNC.html
FLNC,2026-07-24,13.44,13.4399995803833,3.122148162226779e-08,https://stockanalysis.com/stocks/flnc/history/,D:\drive\Investment\备份\项目反思_2026-09-04\data\secondary_price_raw\FLNC.html
FLNC,2026-07-23,14.42,14.420000076293944,-5.290842097771531e-09,https://stockanalysis.com/stocks/flnc/history/,D:\drive\Investment\备份\项目反思_2026-09-04\data\secondary_price_raw\FLNC.html
FLNC,2026-07-22,14.66,14.65999984741211,1.0408450989984885e-08,https://stockanalysis.com/stocks/flnc/history/,D:\drive\Investment\备份\项目反思_2026-09-04\data\secondary_price_raw\FLNC.html
FLNC,2026-07-21,15.28,15.279999732971191,1.7475707547731645e-08,https://stockanalysis.com/stocks/flnc/history/,D:\drive\Investment\备份\项目反思_2026-09-04\data\secondary_price_raw\FLNC.html
FLNC,2026-07-20,14.28,14.279999732971191,1.8699496617813338e-08,https://stockanalysis.com/stocks/flnc/history/,D:\drive\Investment\备份\项目反思_2026-09-04\data\secondary_price_raw\FLNC.html
FLNC,2026-07-17,14.07,14.06999969482422,2.1689821272374843e-08,https://stockanalysis.com/stocks/flnc/history/,D:\drive\Investment\备份\项目反思_2026-09-04\data\secondary_price_raw\FLNC.html
FLNC,2026-07-16,14.42,14.420000076293944,-5.290842097771531e-09,https://stockanalysis.com/stocks/flnc/history/,D:\drive\Investment\备份\项目反思_2026-09-04\data\secondary_price_raw\FLNC.html
FLNC,2026-07-15,15.37,15.369999885559082,7.44573314115371e-09,https://stockanalysis.com/stocks/flnc/history/,D:\drive\Investment\备份\项目反思_2026-09-04\data\secondary_price_raw\FLNC.html
FLNC,2026-07-14,15.61,15.609999656677246,2.1993770804584756e-08,https://stockanalysis.com/stocks/flnc/history/,D:\drive\Investment\备份\项目反思_2026-09-04\data\secondary_price_raw\FLNC.html
FLNC,2026-07-13,15.16,15.15999984741211,1.0065164479655664e-08,https://stockanalysis.com/stocks/flnc/history/,D:\drive\Investment\备份\项目反思_2026-09-04\data\secondary_price_raw\FLNC.html
GFS,2026-09-04,45.21,45.209999084472656,2.0250549903622073e-08,https://stockanalysis.com/stocks/gfs/history/,D:\drive\Investment\备份\项目反思_2026-09-04\data\secondary_price_raw\GFS.html
GFS,2026-09-03,44.53,44.52999877929688,2.7413050718294585e-08,https://stockanalysis.com/stocks/gfs/history/,D:\drive\Investment\备份\项目反思_2026-09-04\data\secondary_price_raw\GFS.html
GFS,2026-09-02,43.97,43.970001220703125,-2.776218088751392e-08,https://stockanalysis.com/stocks/gfs/history/,D:\drive\Investment\备份\项目反思_2026-09-04\data\secondary_price_raw\GFS.html
GFS,2026-09-01,43.93,43.93000030517578,-6.94686497215713e-09,https://stockanalysis.com/stocks/gfs/history/,D:\drive\Investment\备份\项目反思_2026-09-04\data\secondary_price_raw\GFS.html
GFS,2026-08-31,44.69,44.68999862670898,3.072926979541535e-08,https://stockanalysis.com/stocks/gfs/history/,D:\drive\Investment\备份\项目反思_2026-09-04\data\secondary_price_raw\GFS.html
GFS,2026-08-28,44.76,44.7599983215332,3.749925947538202e-08,https://stockanalysis.com/stocks/gfs/history/,D:\drive\Investment\备份\项目反思_2026-09-04\data\secondary_price_raw\GFS.html
GFS,2026-08-27,46.34,46.34000015258789,-3.2927899296097962e-09,https://stockanalysis.com/stocks/gfs/history/,D:\drive\Investment\备份\项目反思_2026-09-04\data\secondary_price_raw\GFS.html
GFS,2026-08-26,45.67,45.66999816894531,4.009316323383416e-08,https://stockanalysis.com/stocks/gfs/history/,D:\drive\Investment\备份\项目反思_2026-09-04\data\secondary_price_raw\GFS.html
GFS,2026-08-25,45.92,45.91999816894531,3.987488583767629e-08,https://stockanalysis.com/stocks/gfs/history/,D:\drive\Investment\备份\项目反思_2026-09-04\data\secondary_price_raw\GFS.html
GFS,2026-08-24,45.95,45.95000076293945,-1.6603687424954217e-08,https://stockanalysis.com/stocks/gfs/history/,D:\drive\Investment\备份\项目反思_2026-09-04\data\secondary_price_raw\GFS.html
GFS,2026-08-21,48.05,48.04999923706055,1.587803244440522e-08,https://stockanalysis.com/stocks/gfs/history/,D:\drive\Investment\备份\项目反思_2026-09-04\data\secondary_price_raw\GFS.html
GFS,2026-08-20,47.33,47.33000183105469,-3.868697695530443e-08,https://stockanalysis.com/stocks/gfs/history/,D:\drive\Investment\备份\项目反思_2026-09-04\data\secondary_price_raw\GFS.html
GFS,2026-08-19,48.58,48.58000183105469,-3.769153189558949e-08,https://stockanalysis.com/stocks/gfs/history/,D:\drive\Investment\备份\项目反思_2026-09-04\data\secondary_price_raw\GFS.html
GFS,2026-08-18,49.9,49.900001525878906,-3.057873465550642e-08,https://stockanalysis.com/stocks/gfs/history/,D:\drive\Investment\备份\项目反思_2026-09-04\data\secondary_price_raw\GFS.html
GFS,2026-08-17,53.44,53.43999862670898,2.569781165639995e-08,https://stockanalysis.com/stocks/gfs/history/,D:\drive\Investment\备份\项目反思_2026-09-04\data\secondary_price_raw\GFS.html
GFS,2026-08-14,54.58,54.58000183105469,-3.354808775224427e-08,https://stockanalysis.com/stocks/gfs/history/,D:\drive\Investment\备份\项目反思_2026-09-04\data\secondary_price_raw\GFS.html
GFS,2026-08-13,52.69,52.68999862670898,2.606359950085846e-08,https://stockanalysis.com/stocks/gfs/history/,D:\drive\Investment\备份\项目反思_2026-09-04\data\secondary_price_raw\GFS.html
GFS,2026-08-12,53.18,53.18000030517578,-5.738544195388329e-09,https://stockanalysis.com/stocks/gfs/history/,D:\drive\Investment\备份\项目反思_2026-09-04\data\secondary_price_raw\GFS.html
GFS,2026-08-11,50.82,50.81999969482422,6.005033137412852e-09,https://stockanalysis.com/stocks/gfs/history/,D:\drive\Investment\备份\项目反思_2026-09-04\data\secondary_price_raw\GFS.html
GFS,2026-08-10,50.05,50.04999923706055,1.5243545758991672e-08,https://stockanalysis.com/stocks/gfs/history/,D:\drive\Investment\备份\项目反思_2026-09-04\data\secondary_price_raw\GFS.html
GFS,2026-08-07,53.93,53.93000030517578,-5.658738699843013e-09,https://stockanalysis.com/stocks/gfs/history/,D:\drive\Investment\备份\项目反思_2026-09-04\data\secondary_price_raw\GFS.html
GFS,2026-08-06,50.36,50.36000061035156,-1.2119768744156545e-08,https://stockanalysis.com/stocks/gfs/history/,D:\drive\Investment\备份\项目反思_2026-09-04\data\secondary_price_raw\GFS.html
GFS,2026-08-05,49.46,49.459999084472656,1.8510460275678042e-08,https://stockanalysis.com/stocks/gfs/history/,D:\drive\Investment\备份\项目反思_2026-09-04\data\secondary_price_raw\GFS.html
GFS,2026-08-04,52.02,52.02000045776367,-8.79976291834339e-09,https://stockanalysis.com/stocks/gfs/history/,D:\drive\Investment\备份\项目反思_2026-09-04\data\secondary_price_raw\GFS.html
GFS,2026-08-03,50.01,50.0099983215332,3.35626244574172e-08,https://stockanalysis.com/stocks/gfs/history/,D:\drive\Investment\备份\项目反思_2026-09-04\data\secondary_price_raw\GFS.html
GFS,2026-07-31,49.99,49.9900016784668,-3.357604994036478e-08,https://stockanalysis.com/stocks/gfs/history/,D:\drive\Investment\备份\项目反思_2026-09-04\data\secondary_price_raw\GFS.html
GFS,2026-07-30,49.89,49.88999938964844,1.223394607841044e-08,https://stockanalysis.com/stocks/gfs/history/,D:\drive\Investment\备份\项目反思_2026-09-04\data\secondary_price_raw\GFS.html
GFS,2026-07-29,47.07,47.06999969482422,6.483445558203016e-09,https://stockanalysis.com/stocks/gfs/history/,D:\drive\Investment\备份\项目反思_2026-09-04\data\secondary_price_raw\GFS.html
GFS,2026-07-28,49.02,49.02000045776367,-9.33830401894653e-09,https://stockanalysis.com/stocks/gfs/history/,D:\drive\Investment\备份\项目反思_2026-09-04\data\secondary_price_raw\GFS.html
GFS,2026-07-27,53.18,53.18000030517578,-5.738544195388329e-09,https://stockanalysis.com/stocks/gfs/history/,D:\drive\Investment\备份\项目反思_2026-09-04\data\secondary_price_raw\GFS.html
GFS,2026-07-24,53.53,53.52999877929688,2.2804093946504622e-08,https://stockanalysis.com/stocks/gfs/history/,D:\drive\Investment\备份\项目反思_2026-09-04\data\secondary_price_raw\GFS.html
GFS,2026-07-23,56.91,56.90999984741211,2.6812139175547145e-09,https://stockanalysis.com/stocks/gfs/history/,D:\drive\Investment\备份\项目反思_2026-09-04\data\secondary_price_raw\GFS.html
GFS,2026-07-22,58.49,58.4900016784668,-2.869664461613297e-08,https://stockanalysis.com/stocks/gfs/history/,D:\drive\Investment\备份\项目反思_2026-09-04\data\secondary_price_raw\GFS.html
GFS,2026-07-21,59.39,59.38999938964844,1.0277009021564254e-08,https://stockanalysis.com/stocks/gfs/history/,D:\drive\Investment\备份\项目反思_2026-09-04\data\secondary_price_raw\GFS.html
GFS,2026-07-20,56.81,56.810001373291016,-2.4173402168869984e-08,https://stockanalysis.com/stocks/gfs/history/,D:\drive\Investment\备份\项目反思_2026-09-04\data\secondary_price_raw\GFS.html
GFS,2026-07-17,57.48,57.47999954223633,7.96387733537074e-09,https://stockanalysis.com/stocks/gfs/history/,D:\drive\Investment\备份\项目反思_2026-09-04\data\secondary_price_raw\GFS.html
GFS,2026-07-16,58.24,58.2400016784668,-2.881982741342881e-08,https://stockanalysis.com/stocks/gfs/history/,D:\drive\Investment\备份\项目反思_2026-09-04\data\secondary_price_raw\GFS.html
GFS,2026-07-15,61.41,61.40999984741211,2.48473996933285e-09,https://stockanalysis.com/stocks/gfs/history/,D:\drive\Investment\备份\项目反思_2026-09-04\data\secondary_price_raw\GFS.html
GFS,2026-07-14,63.39,63.38999938964844,9.62851509633822e-09,https://stockanalysis.com/stocks/gfs/history/,D:\drive\Investment\备份\项目反思_2026-09-04\data\secondary_price_raw\GFS.html
GFS,2026-07-13,63.94,63.93999862670898,2.1477808198611115e-08,https://stockanalysis.com/stocks/gfs/history/,D:\drive\Investment\备份\项目反思_2026-09-04\data\secondary_price_raw\GFS.html
HTHIY,2026-09-04,34.57,34.66999816894531,-0.0028842853829419424,https://stockanalysis.com/quote/otc/HTHIY/history/,D:\drive\Investment\备份\项目反思_2026-09-04\data\secondary_price_raw\HTHIY.html
HTHIY,2026-09-03,34.5,34.5,0.0,https://stockanalysis.com/quote/otc/HTHIY/history/,D:\drive\Investment\备份\项目反思_2026-09-04\data\secondary_price_raw\HTHIY.html
HTHIY,2026-09-02,33.9,33.900001525878906,-4.501117523147968e-08,https://stockanalysis.com/quote/otc/HTHIY/history/,D:\drive\Investment\备份\项目反思_2026-09-04\data\secondary_price_raw\HTHIY.html
HTHIY,2026-09-01,34.03,34.029998779296875,3.587138319716132e-08,https://stockanalysis.com/quote/otc/HTHIY/history/,D:\drive\Investment\备份\项目反思_2026-09-04\data\secondary_price_raw\HTHIY.html
HTHIY,2026-08-31,33.93,33.93000030517578,-8.99427587963686e-09,https://stockanalysis.com/quote/otc/HTHIY/history/,D:\drive\Investment\备份\项目反思_2026-09-04\data\secondary_price_raw\HTHIY.html
HTHIY,2026-08-28,34.53,34.529998779296875,3.535195980397532e-08,https://stockanalysis.com/quote/otc/HTHIY/history/,D:\drive\Investment\备份\项目反思_2026-09-04\data\secondary_price_raw\HTHIY.html
HTHIY,2026-08-27,34.26,34.2599983215332,4.899202799002467e-08,https://stockanalysis.com/quote/otc/HTHIY/history/,D:\drive\Investment\备份\项目反思_2026-09-04\data\secondary_price_raw\HTHIY.html
HTHIY,2026-08-26,33.34,33.34000015258789,-4.576721224225366e-09,https://stockanalysis.com/quote/otc/HTHIY/history/,D:\drive\Investment\备份\项目反思_2026-09-04\data\secondary_price_raw\HTHIY.html
HTHIY,2026-08-25,33.41,33.40999984741211,4.567132227961679e-09,https://stockanalysis.com/quote/otc/HTHIY/history/,D:\drive\Investment\备份\项目反思_2026-09-04\data\secondary_price_raw\HTHIY.html
HTHIY,2026-08-24,33.19,33.189998626708984,4.137665166048521e-08,https://stockanalysis.com/quote/otc/HTHIY/history/,D:\drive\Investment\备份\项目反思_2026-09-04\data\secondary_price_raw\HTHIY.html
HTHIY,2026-08-21,32.82,32.81999969482422,9.298469993979097e-09,https://stockanalysis.com/quote/otc/HTHIY/history/,D:\drive\Investment\备份\项目反思_2026-09-04\data\secondary_price_raw\HTHIY.html
HTHIY,2026-08-20,33.06,33.060001373291016,-4.153935140305265e-08,https://stockanalysis.com/quote/otc/HTHIY/history/,D:\drive\Investment\备份\项目反思_2026-09-04\data\secondary_price_raw\HTHIY.html
HTHIY,2026-08-19,33.44,33.439998626708984,4.1067316658427444e-08,https://stockanalysis.com/quote/otc/HTHIY/history/,D:\drive\Investment\备份\项目反思_2026-09-04\data\secondary_price_raw\HTHIY.html
HTHIY,2026-08-18,34.14,34.13999938964844,1.7877902047658267e-08,https://stockanalysis.com/quote/otc/HTHIY/history/,D:\drive\Investment\备份\项目反思_2026-09-04\data\secondary_price_raw\HTHIY.html
HTHIY,2026-08-17,35.12,35.119998931884766,3.041330476349913e-08,https://stockanalysis.com/quote/otc/HTHIY/history/,D:\drive\Investment\备份\项目反思_2026-09-04\data\secondary_price_raw\HTHIY.html
HTHIY,2026-08-14,36.17,36.16999816894531,5.062357710805543e-08,https://stockanalysis.com/quote/otc/HTHIY/history/,D:\drive\Investment\备份\项目反思_2026-09-04\data\secondary_price_raw\HTHIY.html
HTHIY,2026-08-13,36.04,36.040000915527344,-2.540308885468079e-08,https://stockanalysis.com/quote/otc/HTHIY/history/,D:\drive\Investment\备份\项目反思_2026-09-04\data\secondary_price_raw\HTHIY.html
HTHIY,2026-08-12,35.97,35.970001220703125,-3.3936699561643024e-08,https://stockanalysis.com/quote/otc/HTHIY/history/,D:\drive\Investment\备份\项目反思_2026-09-04\data\secondary_price_raw\HTHIY.html
HTHIY,2026-08-11,35.65,35.650001525878906,-4.280165055714491e-08,https://stockanalysis.com/quote/otc/HTHIY/history/,D:\drive\Investment\备份\项目反思_2026-09-04\data\secondary_price_raw\HTHIY.html
HTHIY,2026-08-10,35.19,35.189998626708984,3.902503742381214e-08,https://stockanalysis.com/quote/otc/HTHIY/history/,D:\drive\Investment\备份\项目反思_2026-09-04\data\secondary_price_raw\HTHIY.html
HTHIY,2026-08-07,36.04,36.040000915527344,-2.540308885468079e-08,https://stockanalysis.com/quote/otc/HTHIY/history/,D:\drive\Investment\备份\项目反思_2026-09-04\data\secondary_price_raw\HTHIY.html
HTHIY,2026-08-06,34.95,34.95000076293945,-2.182945446627116e-08,https://stockanalysis.com/quote/otc/HTHIY/history/,D:\drive\Investment\备份\项目反思_2026-09-04\data\secondary_price_raw\HTHIY.html
HTHIY,2026-08-05,34.65,34.650001525878906,-4.403690734289256e-08,https://stockanalysis.com/quote/otc/HTHIY/history/,D:\drive\Investment\备份\项目反思_2026-09-04\data\secondary_price_raw\HTHIY.html
HTHIY,2026-08-04,34.92,34.91999816894531,5.243570400104147e-08,https://stockanalysis.com/quote/otc/HTHIY/history/,D:\drive\Investment\备份\项目反思_2026-09-04\data\secondary_price_raw\HTHIY.html
HTHIY,2026-08-03,33.98,33.97999954223633,1.3471561866040815e-08,https://stockanalysis.com/quote/otc/HTHIY/history/,D:\drive\Investment\备份\项目反思_2026-09-04\data\secondary_price_raw\HTHIY.html
HTHIY,2026-07-31,32.7,32.70000076293945,-2.3331481080468564e-08,https://stockanalysis.com/quote/otc/HTHIY/history/,D:\drive\Investment\备份\项目反思_2026-09-04\data\secondary_price_raw\HTHIY.html
HTHIY,2026-07-30,33.3,33.29999923706055,2.2911095021171946e-08,https://stockanalysis.com/quote/otc/HTHIY/history/,D:\drive\Investment\备份\项目反思_2026-09-04\data\secondary_price_raw\HTHIY.html
HTHIY,2026-07-29,32.21,32.209999084472656,2.8423699838242555e-08,https://stockanalysis.com/quote/otc/HTHIY/history/,D:\drive\Investment\备份\项目反思_2026-09-04\data\secondary_price_raw\HTHIY.html
HTHIY,2026-07-28,29.85,29.850000381469727,-1.277955508083295e-08,https://stockanalysis.com/quote/otc/HTHIY/history/,D:\drive\Investment\备份\项目反思_2026-09-04\data\secondary_price_raw\HTHIY.html
HTHIY,2026-07-27,30.36,30.36000061035156,-2.0103805953297638e-08,https://stockanalysis.com/quote/otc/HTHIY/history/,D:\drive\Investment\备份\项目反思_2026-09-04\data\secondary_price_raw\HTHIY.html
HTHIY,2026-07-24,29.65,29.649999618530277,1.2865758014513062e-08,https://stockanalysis.com/quote/otc/HTHIY/history/,D:\drive\Investment\备份\项目反思_2026-09-04\data\secondary_price_raw\HTHIY.html
HTHIY,2026-07-23,29.13,29.1299991607666,2.8809935548324006e-08,https://stockanalysis.com/quote/otc/HTHIY/history/,D:\drive\Investment\备份\项目反思_2026-09-04\data\secondary_price_raw\HTHIY.html
HTHIY,2026-07-22,29.54,29.540000915527344,-3.099280010410155e-08,https://stockanalysis.com/quote/otc/HTHIY/history/,D:\drive\Investment\备份\项目反思_2026-09-04\data\secondary_price_raw\HTHIY.html
HTHIY,2026-07-21,29.6,29.600000381469727,-1.2887490519197797e-08,https://stockanalysis.com/quote/otc/HTHIY/history/,D:\drive\Investment\备份\项目反思_2026-09-04\data\secondary_price_raw\HTHIY.html
HTHIY,2026-07-20,29.2,29.200000762939453,-2.612806282442648e-08,https://stockanalysis.com/quote/otc/HTHIY/history/,D:\drive\Investment\备份\项目反思_2026-09-04\data\secondary_price_raw\HTHIY.html
HTHIY,2026-07-17,29.18,29.18000030517578,-1.045838859958792e-08,https://stockanalysis.com/quote/otc/HTHIY/history/,D:\drive\Investment\备份\项目反思_2026-09-04\data\secondary_price_raw\HTHIY.html
HTHIY,2026-07-16,29.38,29.3799991607666,2.8564786314078106e-08,https://stockanalysis.com/quote/otc/HTHIY/history/,D:\drive\Investment\备份\项目反思_2026-09-04\data\secondary_price_raw\HTHIY.html
HTHIY,2026-07-15,29.2,29.200000762939453,-2.612806282442648e-08,https://stockanalysis.com/quote/otc/HTHIY/history/,D:\drive\Investment\备份\项目反思_2026-09-04\data\secondary_price_raw\HTHIY.html
HTHIY,2026-07-14,29.74,29.739999771118164,7.696093984321806e-09,https://stockanalysis.com/quote/otc/HTHIY/history/,D:\drive\Investment\备份\项目反思_2026-09-04\data\secondary_price_raw\HTHIY.html
HTHIY,2026-07-13,29.11,29.11000061035156,-2.0967074743083458e-08,https://stockanalysis.com/quote/otc/HTHIY/history/,D:\drive\Investment\备份\项目反思_2026-09-04\data\secondary_price_raw\HTHIY.html
HPE,2026-09-04,52.0,52.0,0.0,https://stockanalysis.com/stocks/hpe/history/,D:\drive\Investment\备份\项目反思_2026-09-04\data\secondary_price_raw\HPE.html
HPE,2026-09-03,54.44,54.43999862670898,2.5225772581904948e-08,https://stockanalysis.com/stocks/hpe/history/,D:\drive\Investment\备份\项目反思_2026-09-04\data\secondary_price_raw\HPE.html
HPE,2026-09-02,51.83,51.83000183105469,-3.532808456885306e-08,https://stockanalysis.com/stocks/hpe/history/,D:\drive\Investment\备份\项目反思_2026-09-04\data\secondary_price_raw\HPE.html
HPE,2026-09-01,50.87,50.869998931884766,2.099695795010348e-08,https://stockanalysis.com/stocks/hpe/history/,D:\drive\Investment\备份\项目反思_2026-09-04\data\secondary_price_raw\HPE.html
HPE,2026-08-31,52.24,52.2400016784668,-3.212991461776227e-08,https://stockanalysis.com/stocks/hpe/history/,D:\drive\Investment\备份\项目反思_2026-09-04\data\secondary_price_raw\HPE.html
HPE,2026-08-28,52.31,52.310001373291016,-2.625293404889817e-08,https://stockanalysis.com/stocks/hpe/history/,D:\drive\Investment\备份\项目反思_2026-09-04\data\secondary_price_raw\HPE.html
HPE,2026-08-27,54.41,54.40999984741211,2.8044089273038253e-09,https://stockanalysis.com/stocks/hpe/history/,D:\drive\Investment\备份\项目反思_2026-09-04\data\secondary_price_raw\HPE.html
HPE,2026-08-26,55.23,55.22999954223633,8.2883155894109e-09,https://stockanalysis.com/stocks/hpe/history/,D:\drive\Investment\备份\项目反思_2026-09-04\data\secondary_price_raw\HPE.html
HPE,2026-08-25,53.44,53.43999862670898,2.569781165639995e-08,https://stockanalysis.com/stocks/hpe/history/,D:\drive\Investment\备份\项目反思_2026-09-04\data\secondary_price_raw\HPE.html
HPE,2026-08-24,52.43,52.43000030517578,-5.820632864583786e-09,https://stockanalysis.com/stocks/hpe/history/,D:\drive\Investment\备份\项目反思_2026-09-04\data\secondary_price_raw\HPE.html
HPE,2026-08-21,53.45,53.45000076293945,-1.4273890402982659e-08,https://stockanalysis.com/stocks/hpe/history/,D:\drive\Investment\备份\项目反思_2026-09-04\data\secondary_price_raw\HPE.html
HPE,2026-08-20,52.89,52.88999938964844,1.1540018274303065e-08,https://stockanalysis.com/stocks/hpe/history/,D:\drive\Investment\备份\项目反思_2026-09-04\data\secondary_price_raw\HPE.html
HPE,2026-08-19,53.13,53.130001068115234,-2.0103805953297638e-08,https://stockanalysis.com/stocks/hpe/history/,D:\drive\Investment\备份\项目反思_2026-09-04\data\secondary_price_raw\HPE.html
HPE,2026-08-18,55.69,55.68999862670898,2.4659562836149007e-08,https://stockanalysis.com/stocks/hpe/history/,D:\drive\Investment\备份\项目反思_2026-09-04\data\secondary_price_raw\HPE.html
HPE,2026-08-17,57.61,57.61000061035156,-1.059454191043585e-08,https://stockanalysis.com/stocks/hpe/history/,D:\drive\Investment\备份\项目反思_2026-09-04\data\secondary_price_raw\HPE.html
HPE,2026-08-14,58.71,58.709999084472656,1.5594061597568043e-08,https://stockanalysis.com/stocks/hpe/history/,D:\drive\Investment\备份\项目反思_2026-09-04\data\secondary_price_raw\HPE.html
HPE,2026-08-13,59.82,59.81999969482422,5.101567834842058e-09,https://stockanalysis.com/stocks/hpe/history/,D:\drive\Investment\备份\项目反思_2026-09-04\data\secondary_price_raw\HPE.html
HPE,2026-08-12,58.79,58.790000915527344,-1.5572841127742265e-08,https://stockanalysis.com/stocks/hpe/history/,D:\drive\Investment\备份\项目反思_2026-09-04\data\secondary_price_raw\HPE.html
HPE,2026-08-11,54.38,54.380001068115234,-1.964169205059818e-08,https://stockanalysis.com/stocks/hpe/history/,D:\drive\Investment\备份\项目反思_2026-09-04\data\secondary_price_raw\HPE.html
HPE,2026-08-10,54.68,54.68000030517578,-5.581122564102259e-09,https://stockanalysis.com/stocks/hpe/history/,D:\drive\Investment\备份\项目反思_2026-09-04\data\secondary_price_raw\HPE.html
HPE,2026-08-07,53.22,53.220001220703125,-2.2936924026772942e-08,https://stockanalysis.com/stocks/hpe/history/,D:\drive\Investment\备份\项目反思_2026-09-04\data\secondary_price_raw\HPE.html
HPE,2026-08-06,52.43,52.43000030517578,-5.820632864583786e-09,https://stockanalysis.com/stocks/hpe/history/,D:\drive\Investment\备份\项目反思_2026-09-04\data\secondary_price_raw\HPE.html
HPE,2026-08-05,53.22,53.220001220703125,-2.2936924026772942e-08,https://stockanalysis.com/stocks/hpe/history/,D:\drive\Investment\备份\项目反思_2026-09-04\data\secondary_price_raw\HPE.html
HPE,2026-08-04,52.39,52.38999938964844,1.1650153952658115e-08,https://stockanalysis.com/stocks/hpe/history/,D:\drive\Investment\备份\项目反思_2026-09-04\data\secondary_price_raw\HPE.html
HPE,2026-08-03,50.24,50.2400016784668,-3.3408971700232826e-08,https://stockanalysis.com/stocks/hpe/history/,D:\drive\Investment\备份\项目反思_2026-09-04\data\secondary_price_raw\HPE.html
HPE,2026-07-31,47.9,47.900001525878906,-3.185550856432684e-08,https://stockanalysis.com/stocks/hpe/history/,D:\drive\Investment\备份\项目反思_2026-09-04\data\secondary_price_raw\HPE.html
HPE,2026-07-30,47.14,47.13999938964844,1.2947636296445353e-08,https://stockanalysis.com/stocks/hpe/history/,D:\drive\Investment\备份\项目反思_2026-09-04\data\secondary_price_raw\HPE.html
HPE,2026-07-29,44.44,44.43999862670898,3.090213906986605e-08,https://stockanalysis.com/stocks/hpe/history/,D:\drive\Investment\备份\项目反思_2026-09-04\data\secondary_price_raw\HPE.html
HPE,2026-07-28,45.59,45.59000015258789,-3.3469595983603995e-09,https://stockanalysis.com/stocks/hpe/history/,D:\drive\Investment\备份\项目反思_2026-09-04\data\secondary_price_raw\HPE.html
HPE,2026-07-27,48.19,48.18999862670898,2.8497428194995678e-08,https://stockanalysis.com/stocks/hpe/history/,D:\drive\Investment\备份\项目反思_2026-09-04\data\secondary_price_raw\HPE.html
HPE,2026-07-24,47.69,47.68999862670898,2.8796205864267677e-08,https://stockanalysis.com/stocks/hpe/history/,D:\drive\Investment\备份\项目反思_2026-09-04\data\secondary_price_raw\HPE.html
HPE,2026-07-23,47.64,47.63999938964844,1.2811745886409653e-08,https://stockanalysis.com/stocks/hpe/history/,D:\drive\Investment\备份\项目反思_2026-09-04\data\secondary_price_raw\HPE.html
HPE,2026-07-22,48.13,48.130001068115234,-2.2192296000866918e-08,https://stockanalysis.com/stocks/hpe/history/,D:\drive\Investment\备份\项目反思_2026-09-04\data\secondary_price_raw\HPE.html
HPE,2026-07-21,46.72,46.720001220703125,-2.612806282442648e-08,https://stockanalysis.com/stocks/hpe/history/,D:\drive\Investment\备份\项目反思_2026-09-04\data\secondary_price_raw\HPE.html
HPE,2026-07-20,44.56,44.560001373291016,-3.081891764011857e-08,https://stockanalysis.com/stocks/hpe/history/,D:\drive\Investment\备份\项目反思_2026-09-04\data\secondary_price_raw\HPE.html
HPE,2026-07-17,45.82,45.81999969482422,6.6603182968805186e-09,https://stockanalysis.com/stocks/hpe/history/,D:\drive\Investment\备份\项目反思_2026-09-04\data\secondary_price_raw\HPE.html
HPE,2026-07-16,45.13,45.130001068115234,-2.3667520610004544e-08,https://stockanalysis.com/stocks/hpe/history/,D:\drive\Investment\备份\项目反思_2026-09-04\data\secondary_price_raw\HPE.html
HPE,2026-07-15,47.39,47.38999938964844,1.287933248939055e-08,https://stockanalysis.com/stocks/hpe/history/,D:\drive\Investment\备份\项目反思_2026-09-04\data\secondary_price_raw\HPE.html
HPE,2026-07-14,49.56,49.560001373291016,-2.770966456289159e-08,https://stockanalysis.com/stocks/hpe/history/,D:\drive\Investment\备份\项目反思_2026-09-04\data\secondary_price_raw\HPE.html
HPE,2026-07-13,47.24,47.2400016784668,-3.5530625219770684e-08,https://stockanalysis.com/stocks/hpe/history/,D:\drive\Investment\备份\项目反思_2026-09-04\data\secondary_price_raw\HPE.html
ICHR,2026-09-04,56.38,56.380001068115234,-1.8944931068354265e-08,https://stockanalysis.com/stocks/ichr/history/,D:\drive\Investment\备份\项目反思_2026-09-04\data\secondary_price_raw\ICHR.html
ICHR,2026-09-03,52.82,52.81999969482422,5.777655909255941e-09,https://stockanalysis.com/stocks/ichr/history/,D:\drive\Investment\备份\项目反思_2026-09-04\data\secondary_price_raw\ICHR.html
ICHR,2026-09-02,52.63,52.630001068115234,-2.0294797842268508e-08,https://stockanalysis.com/stocks/ichr/history/,D:\drive\Investment\备份\项目反思_2026-09-04\data\secondary_price_raw\ICHR.html
ICHR,2026-09-01,51.76,51.7599983215332,3.2427875717999655e-08,https://stockanalysis.com/stocks/ichr/history/,D:\drive\Investment\备份\项目反思_2026-09-04\data\secondary_price_raw\ICHR.html
ICHR,2026-08-31,53.57,53.56999969482422,5.6967666139939865e-09,https://stockanalysis.com/stocks/ichr/history/,D:\drive\Investment\备份\项目反思_2026-09-04\data\secondary_price_raw\ICHR.html
ICHR,2026-08-28,55.45,55.44499969482422,9.018496173340829e-05,https://stockanalysis.com/stocks/ichr/history/,D:\drive\Investment\备份\项目反思_2026-09-04\data\secondary_price_raw\ICHR.html
ICHR,2026-08-27,59.09,59.09000015258789,-2.5822962657073845e-09,https://stockanalysis.com/stocks/ichr/history/,D:\drive\Investment\备份\项目反思_2026-09-04\data\secondary_price_raw\ICHR.html
ICHR,2026-08-26,57.62,57.619998931884766,1.853723108347083e-08,https://stockanalysis.com/stocks/ichr/history/,D:\drive\Investment\备份\项目反思_2026-09-04\data\secondary_price_raw\ICHR.html
ICHR,2026-08-25,57.11,57.11000061035156,-1.0687297380407301e-08,https://stockanalysis.com/stocks/ichr/history/,D:\drive\Investment\备份\项目反思_2026-09-04\data\secondary_price_raw\ICHR.html
ICHR,2026-08-24,56.91,56.90999984741211,2.6812139175547145e-09,https://stockanalysis.com/stocks/ichr/history/,D:\drive\Investment\备份\项目反思_2026-09-04\data\secondary_price_raw\ICHR.html
ICHR,2026-08-21,60.2,60.20000076293945,-1.2673412652652871e-08,https://stockanalysis.com/stocks/ichr/history/,D:\drive\Investment\备份\项目反思_2026-09-04\data\secondary_price_raw\ICHR.html
ICHR,2026-08-20,58.87,58.869998931884766,1.8143625712951916e-08,https://stockanalysis.com/stocks/ichr/history/,D:\drive\Investment\备份\项目反思_2026-09-04\data\secondary_price_raw\ICHR.html
ICHR,2026-08-19,61.21,61.209999084472656,1.4957153293693182e-08,https://stockanalysis.com/stocks/ichr/history/,D:\drive\Investment\备份\项目反思_2026-09-04\data\secondary_price_raw\ICHR.html
ICHR,2026-08-18,66.08,66.08000183105469,-2.7709664673913892e-08,https://stockanalysis.com/stocks/ichr/history/,D:\drive\Investment\备份\项目反思_2026-09-04\data\secondary_price_raw\ICHR.html
ICHR,2026-08-17,71.87,71.87000274658203,-3.821597216457917e-08,https://stockanalysis.com/stocks/ichr/history/,D:\drive\Investment\备份\项目反思_2026-09-04\data\secondary_price_raw\ICHR.html
ICHR,2026-08-14,71.05,71.05000305175781,-4.295225453088136e-08,https://stockanalysis.com/stocks/ichr/history/,D:\drive\Investment\备份\项目反思_2026-09-04\data\secondary_price_raw\ICHR.html
ICHR,2026-08-13,71.19,71.19000244140625,-3.429422912315516e-08,https://stockanalysis.com/stocks/ichr/history/,D:\drive\Investment\备份\项目反思_2026-09-04\data\secondary_price_raw\ICHR.html
ICHR,2026-08-12,69.19,69.19000244140625,-3.528553493836739e-08,https://stockanalysis.com/stocks/ichr/history/,D:\drive\Investment\备份\项目反思_2026-09-04\data\secondary_price_raw\ICHR.html
ICHR,2026-08-11,67.51,67.51000213623047,-3.164316986214999e-08,https://stockanalysis.com/stocks/ichr/history/,D:\drive\Investment\备份\项目反思_2026-09-04\data\secondary_price_raw\ICHR.html
ICHR,2026-08-10,64.77,64.7699966430664,5.182852813589989e-08,https://stockanalysis.com/stocks/ichr/history/,D:\drive\Investment\备份\项目反思_2026-09-04\data\secondary_price_raw\ICHR.html
ICHR,2026-08-07,68.32,68.31999969482422,4.466858438689769e-09,https://stockanalysis.com/stocks/ichr/history/,D:\drive\Investment\备份\项目反思_2026-09-04\data\secondary_price_raw\ICHR.html
ICHR,2026-08-06,65.33,65.33000183105469,-2.8027776433070528e-08,https://stockanalysis.com/stocks/ichr/history/,D:\drive\Investment\备份\项目反思_2026-09-04\data\secondary_price_raw\ICHR.html
ICHR,2026-08-05,65.59,65.58999633789062,5.583335238590337e-08,https://stockanalysis.com/stocks/ichr/history/,D:\drive\Investment\备份\项目反思_2026-09-04\data\secondary_price_raw\ICHR.html
ICHR,2026-08-04,71.27,71.2699966430664,4.710163814536372e-08,https://stockanalysis.com/stocks/ichr/history/,D:\drive\Investment\备份\项目反思_2026-09-04\data\secondary_price_raw\ICHR.html
ICHR,2026-08-03,80.23,80.2300033569336,-4.1841374143203325e-08,https://stockanalysis.com/stocks/ichr/history/,D:\drive\Investment\备份\项目反思_2026-09-04\data\secondary_price_raw\ICHR.html
ICHR,2026-07-31,75.27,75.2699966430664,4.4598561732556163e-08,https://stockanalysis.com/stocks/ichr/history/,D:\drive\Investment\备份\项目反思_2026-09-04\data\secondary_price_raw\ICHR.html
ICHR,2026-07-30,74.97,74.97000122070312,-1.6282554415880668e-08,https://stockanalysis.com/stocks/ichr/history/,D:\drive\Investment\备份\项目反思_2026-09-04\data\secondary_price_raw\ICHR.html
ICHR,2026-07-29,62.25,62.25,0.0,https://stockanalysis.com/stocks/ichr/history/,D:\drive\Investment\备份\项目反思_2026-09-04\data\secondary_price_raw\ICHR.html
ICHR,2026-07-28,68.1,68.0999984741211,2.240644536577463e-08,https://stockanalysis.com/stocks/ichr/history/,D:\drive\Investment\备份\项目反思_2026-09-04\data\secondary_price_raw\ICHR.html
ICHR,2026-07-27,78.3,78.30000305175781,-3.897519407214389e-08,https://stockanalysis.com/stocks/ichr/history/,D:\drive\Investment\备份\项目反思_2026-09-04\data\secondary_price_raw\ICHR.html
ICHR,2026-07-24,86.55,86.55000305175781,-3.5260054431773824e-08,https://stockanalysis.com/stocks/ichr/history/,D:\drive\Investment\备份\项目反思_2026-09-04\data\secondary_price_raw\ICHR.html
ICHR,2026-07-23,94.02,94.0199966430664,3.5704464051988793e-08,https://stockanalysis.com/stocks/ichr/history/,D:\drive\Investment\备份\项目反思_2026-09-04\data\secondary_price_raw\ICHR.html
ICHR,2026-07-22,95.33,95.33000183105467,-1.9207538448640094e-08,https://stockanalysis.com/stocks/ichr/history/,D:\drive\Investment\备份\项目反思_2026-09-04\data\secondary_price_raw\ICHR.html
ICHR,2026-07-21,95.85,95.8499984741211,1.5919446205714394e-08,https://stockanalysis.com/stocks/ichr/history/,D:\drive\Investment\备份\项目反思_2026-09-04\data\secondary_price_raw\ICHR.html
ICHR,2026-07-20,83.69,83.69000244140625,-2.9172017912415527e-08,https://stockanalysis.com/stocks/ichr/history/,D:\drive\Investment\备份\项目反思_2026-09-04\data\secondary_price_raw\ICHR.html
ICHR,2026-07-17,82.87,82.87000274658203,-3.314325980330324e-08,https://stockanalysis.com/stocks/ichr/history/,D:\drive\Investment\备份\项目反思_2026-09-04\data\secondary_price_raw\ICHR.html
ICHR,2026-07-16,83.74,83.73999786376953,2.5510276113749342e-08,https://stockanalysis.com/stocks/ichr/history/,D:\drive\Investment\备份\项目反思_2026-09-04\data\secondary_price_raw\ICHR.html
ICHR,2026-07-15,93.17,93.16999816894533,1.9652835803185553e-08,https://stockanalysis.com/stocks/ichr/history/,D:\drive\Investment\备份\项目反思_2026-09-04\data\secondary_price_raw\ICHR.html
ICHR,2026-07-14,94.85,94.8499984741211,1.6087284393506707e-08,https://stockanalysis.com/stocks/ichr/history/,D:\drive\Investment\备份\项目反思_2026-09-04\data\secondary_price_raw\ICHR.html
ICHR,2026-07-13,90.41,90.41000366210938,-4.0505577114657854e-08,https://stockanalysis.com/stocks/ichr/history/,D:\drive\Investment\备份\项目反思_2026-09-04\data\secondary_price_raw\ICHR.html
KLIC,2026-09-04,81.62,81.62000274658203,-3.3650844555310755e-08,https://stockanalysis.com/stocks/klic/history/,D:\drive\Investment\备份\项目反思_2026-09-04\data\secondary_price_raw\KLIC.html
KLIC,2026-09-03,78.82,78.81999969482422,3.871806431021696e-09,https://stockanalysis.com/stocks/klic/history/,D:\drive\Investment\备份\项目反思_2026-09-04\data\secondary_price_raw\KLIC.html
KLIC,2026-09-02,78.95,78.94999694824219,3.865431197347391e-08,https://stockanalysis.com/stocks/klic/history/,D:\drive\Investment\备份\项目反思_2026-09-04\data\secondary_price_raw\KLIC.html
KLIC,2026-09-01,78.04,78.04000091552734,-1.1731513649415604e-08,https://stockanalysis.com/stocks/klic/history/,D:\drive\Investment\备份\项目反思_2026-09-04\data\secondary_price_raw\KLIC.html
KLIC,2026-08-31,80.06,80.05999755859375,3.049470809202148e-08,https://stockanalysis.com/stocks/klic/history/,D:\drive\Investment\备份\项目反思_2026-09-04\data\secondary_price_raw\KLIC.html
KLIC,2026-08-28,81.03,81.02999877929688,1.5064829606004082e-08,https://stockanalysis.com/stocks/klic/history/,D:\drive\Investment\备份\项目反思_2026-09-04\data\secondary_price_raw\KLIC.html
KLIC,2026-08-27,84.67,84.66999816894531,2.1625779167422365e-08,https://stockanalysis.com/stocks/klic/history/,D:\drive\Investment\备份\项目反思_2026-09-04\data\secondary_price_raw\KLIC.html
KLIC,2026-08-26,84.88,84.87999725341797,3.235841328219635e-08,https://stockanalysis.com/stocks/klic/history/,D:\drive\Investment\备份\项目反思_2026-09-04\data\secondary_price_raw\KLIC.html
KLIC,2026-08-25,84.53,84.52999877929688,1.4441064122294733e-08,https://stockanalysis.com/stocks/klic/history/,D:\drive\Investment\备份\项目反思_2026-09-04\data\secondary_price_raw\KLIC.html
KLIC,2026-08-24,83.51,83.51000213623047,-2.558053413537209e-08,https://stockanalysis.com/stocks/klic/history/,D:\drive\Investment\备份\项目反思_2026-09-04\data\secondary_price_raw\KLIC.html
KLIC,2026-08-21,85.75,85.75,0.0,https://stockanalysis.com/stocks/klic/history/,D:\drive\Investment\备份\项目反思_2026-09-04\data\secondary_price_raw\KLIC.html
KLIC,2026-08-20,85.13,85.12999725341797,3.226338685102803e-08,https://stockanalysis.com/stocks/klic/history/,D:\drive\Investment\备份\项目反思_2026-09-04\data\secondary_price_raw\KLIC.html
KLIC,2026-08-19,86.29,86.29000091552734,-1.0609889078416757e-08,https://stockanalysis.com/stocks/klic/history/,D:\drive\Investment\备份\项目反思_2026-09-04\data\secondary_price_raw\KLIC.html
KLIC,2026-08-18,92.06,92.05999755859376,2.651972952349979e-08,https://stockanalysis.com/stocks/klic/history/,D:\drive\Investment\备份\项目反思_2026-09-04\data\secondary_price_raw\KLIC.html
KLIC,2026-08-17,101.77,101.7699966430664,3.2985493669812627e-08,https://stockanalysis.com/stocks/klic/history/,D:\drive\Investment\备份\项目反思_2026-09-04\data\secondary_price_raw\KLIC.html
KLIC,2026-08-14,99.09,99.08999633789062,3.6957407578697143e-08,https://stockanalysis.com/stocks/klic/history/,D:\drive\Investment\备份\项目反思_2026-09-04\data\secondary_price_raw\KLIC.html
KLIC,2026-08-13,95.8,95.8000030517578,-3.1855508342282235e-08,https://stockanalysis.com/stocks/klic/history/,D:\drive\Investment\备份\项目反思_2026-09-04\data\secondary_price_raw\KLIC.html
KLIC,2026-08-12,95.15,95.1500015258789,-1.6036561967247565e-08,https://stockanalysis.com/stocks/klic/history/,D:\drive\Investment\备份\项目反思_2026-09-04\data\secondary_price_raw\KLIC.html
KLIC,2026-08-11,91.02,91.0199966430664,3.688127558909571e-08,https://stockanalysis.com/stocks/klic/history/,D:\drive\Investment\备份\项目反思_2026-09-04\data\secondary_price_raw\KLIC.html
KLIC,2026-08-10,86.5,86.5,0.0,https://stockanalysis.com/stocks/klic/history/,D:\drive\Investment\备份\项目反思_2026-09-04\data\secondary_price_raw\KLIC.html
KLIC,2026-08-07,91.31,91.30999755859376,2.6737556613198876e-08,https://stockanalysis.com/stocks/klic/history/,D:\drive\Investment\备份\项目反思_2026-09-04\data\secondary_price_raw\KLIC.html
KLIC,2026-08-06,90.66,90.66000366210938,-4.039388079579709e-08,https://stockanalysis.com/stocks/klic/history/,D:\drive\Investment\备份\项目反思_2026-09-04\data\secondary_price_raw\KLIC.html
KLIC,2026-08-05,93.84,93.83999633789062,3.902503742381214e-08,https://stockanalysis.com/stocks/klic/history/,D:\drive\Investment\备份\项目反思_2026-09-04\data\secondary_price_raw\KLIC.html
KLIC,2026-08-04,93.85,93.8499984741211,1.6258699275795152e-08,https://stockanalysis.com/stocks/klic/history/,D:\drive\Investment\备份\项目反思_2026-09-04\data\secondary_price_raw\KLIC.html
KLIC,2026-08-03,90.16,90.16000366210938,-4.061789293796636e-08,https://stockanalysis.com/stocks/klic/history/,D:\drive\Investment\备份\项目反思_2026-09-04\data\secondary_price_raw\KLIC.html
KLIC,2026-07-31,89.2,89.19999694824219,3.421253280677661e-08,https://stockanalysis.com/stocks/klic/history/,D:\drive\Investment\备份\项目反思_2026-09-04\data\secondary_price_raw\KLIC.html
KLIC,2026-07-30,88.32,88.31999969482422,3.4553415684257516e-09,https://stockanalysis.com/stocks/klic/history/,D:\drive\Investment\备份\项目反思_2026-09-04\data\secondary_price_raw\KLIC.html
KLIC,2026-07-29,82.86,82.86000061035156,-7.366057874769183e-09,https://stockanalysis.com/stocks/klic/history/,D:\drive\Investment\备份\项目反思_2026-09-04\data\secondary_price_raw\KLIC.html
KLIC,2026-07-28,90.93,90.93000030517578,-3.3561615708777026e-09,https://stockanalysis.com/stocks/klic/history/,D:\drive\Investment\备份\项目反思_2026-09-04\data\secondary_price_raw\KLIC.html
KLIC,2026-07-27,98.22,98.22000122070312,-1.2428253981511261e-08,https://stockanalysis.com/stocks/klic/history/,D:\drive\Investment\备份\项目反思_2026-09-04\data\secondary_price_raw\KLIC.html
KLIC,2026-07-24,101.33,101.33000183105467,-1.8070212548515485e-08,https://stockanalysis.com/stocks/klic/history/,D:\drive\Investment\备份\项目反思_2026-09-04\data\secondary_price_raw\KLIC.html
KLIC,2026-07-23,106.08,106.08000183105467,-1.7261073237406777e-08,https://stockanalysis.com/stocks/klic/history/,D:\drive\Investment\备份\项目反思_2026-09-04\data\secondary_price_raw\KLIC.html
KLIC,2026-07-22,105.6,105.5999984741211,1.4449611063227508e-08,https://stockanalysis.com/stocks/klic/history/,D:\drive\Investment\备份\项目反思_2026-09-04\data\secondary_price_raw\KLIC.html
KLIC,2026-07-21,108.54,108.54000091552734,-8.434930198752966e-09,https://stockanalysis.com/stocks/klic/history/,D:\drive\Investment\备份\项目反思_2026-09-04\data\secondary_price_raw\KLIC.html
KLIC,2026-07-20,100.06,100.05999755859376,2.4399423370624618e-08,https://stockanalysis.com/stocks/klic/history/,D:\drive\Investment\备份\项目反思_2026-09-04\data\secondary_price_raw\KLIC.html
KLIC,2026-07-17,97.22,97.22000122070312,-1.255609038963712e-08,https://stockanalysis.com/stocks/klic/history/,D:\drive\Investment\备份\项目反思_2026-09-04\data\secondary_price_raw\KLIC.html
KLIC,2026-07-16,99.02,99.0199966430664,3.390157243821079e-08,https://stockanalysis.com/stocks/klic/history/,D:\drive\Investment\备份\项目反思_2026-09-04\data\secondary_price_raw\KLIC.html
KLIC,2026-07-15,107.42,107.41999816894533,1.7045752143118875e-08,https://stockanalysis.com/stocks/klic/history/,D:\drive\Investment\备份\项目反思_2026-09-04\data\secondary_price_raw\KLIC.html
KLIC,2026-07-14,110.09,110.08999633789062,3.326468789310866e-08,https://stockanalysis.com/stocks/klic/history/,D:\drive\Investment\备份\项目反思_2026-09-04\data\secondary_price_raw\KLIC.html
KLIC,2026-07-13,106.49,106.48999786376952,2.0060386241027572e-08,https://stockanalysis.com/stocks/klic/history/,D:\drive\Investment\备份\项目反思_2026-09-04\data\secondary_price_raw\KLIC.html
META,2026-09-04,616.77,616.77001953125,-3.166698991918793e-08,https://stockanalysis.com/stocks/meta/history/,D:\drive\Investment\备份\项目反思_2026-09-04\data\secondary_price_raw\META.html
META,2026-09-03,610.68,610.6799926757812,1.1993546156219281e-08,https://stockanalysis.com/stocks/meta/history/,D:\drive\Investment\备份\项目反思_2026-09-04\data\secondary_price_raw\META.html
META,2026-09-02,592.85,592.8499755859375,4.118084429016733e-08,https://stockanalysis.com/stocks/meta/history/,D:\drive\Investment\备份\项目反思_2026-09-04\data\secondary_price_raw\META.html
META,2026-09-01,578.54,578.5399780273438,3.797949510442322e-08,https://stockanalysis.com/stocks/meta/history/,D:\drive\Investment\备份\项目反思_2026-09-04\data\secondary_price_raw\META.html
META,2026-08-31,572.34,572.3400268554688,-4.692222710378502e-08,https://stockanalysis.com/stocks/meta/history/,D:\drive\Investment\备份\项目反思_2026-09-04\data\secondary_price_raw\META.html
META,2026-08-28,578.02,578.02001953125,-3.378991964009259e-08,https://stockanalysis.com/stocks/meta/history/,D:\drive\Investment\备份\项目反思_2026-09-04\data\secondary_price_raw\META.html
META,2026-08-27,571.1,571.0999755859375,4.274919196411986e-08,https://stockanalysis.com/stocks/meta/history/,D:\drive\Investment\备份\项目反思_2026-09-04\data\secondary_price_raw\META.html
META,2026-08-26,576.14,576.1400146484375,-2.5425134775325375e-08,https://stockanalysis.com/stocks/meta/history/,D:\drive\Investment\备份\项目反思_2026-09-04\data\secondary_price_raw\META.html
META,2026-08-25,570.05,570.0499877929688,2.1413966155847675e-08,https://stockanalysis.com/stocks/meta/history/,D:\drive\Investment\备份\项目反思_2026-09-04\data\secondary_price_raw\META.html
META,2026-08-24,559.02,559.02001953125,-3.493837308354841e-08,https://stockanalysis.com/stocks/meta/history/,D:\drive\Investment\备份\项目反思_2026-09-04\data\secondary_price_raw\META.html
META,2026-08-21,549.9,549.9000244140625,-4.4397274856500246e-08,https://stockanalysis.com/stocks/meta/history/,D:\drive\Investment\备份\项目反思_2026-09-04\data\secondary_price_raw\META.html
META,2026-08-20,545.83,545.8300170898438,-3.130982750843003e-08,https://stockanalysis.com/stocks/meta/history/,D:\drive\Investment\备份\项目反思_2026-09-04\data\secondary_price_raw\META.html
META,2026-08-19,546.03,546.030029296875,-5.365432931281333e-08,https://stockanalysis.com/stocks/meta/history/,D:\drive\Investment\备份\项目反思_2026-09-04\data\secondary_price_raw\META.html
META,2026-08-18,543.67,543.6699829101562,3.143422344642488e-08,https://stockanalysis.com/stocks/meta/history/,D:\drive\Investment\备份\项目反思_2026-09-04\data\secondary_price_raw\META.html
META,2026-08-17,568.97,568.969970703125,5.1491074293252836e-08,https://stockanalysis.com/stocks/meta/history/,D:\drive\Investment\备份\项目反思_2026-09-04\data\secondary_price_raw\META.html
META,2026-08-14,589.85,589.8499755859375,4.139029163852115e-08,https://stockanalysis.com/stocks/meta/history/,D:\drive\Investment\备份\项目反思_2026-09-04\data\secondary_price_raw\META.html
META,2026-08-13,594.97,594.969970703125,4.924093066627222e-08,https://stockanalysis.com/stocks/meta/history/,D:\drive\Investment\备份\项目反思_2026-09-04\data\secondary_price_raw\META.html
META,2026-08-12,578.85,578.8499755859375,4.217683957641327e-08,https://stockanalysis.com/stocks/meta/history/,D:\drive\Investment\备份\项目反思_2026-09-04\data\secondary_price_raw\META.html
META,2026-08-11,599.12,599.1199951171875,8.149974251026038e-09,https://stockanalysis.com/stocks/meta/history/,D:\drive\Investment\备份\项目反思_2026-09-04\data\secondary_price_raw\META.html
META,2026-08-10,594.92,594.9199829101562,2.8726289569291907e-08,https://stockanalysis.com/stocks/meta/history/,D:\drive\Investment\备份\项目反思_2026-09-04\data\secondary_price_raw\META.html
META,2026-08-07,592.1,592.0999755859375,4.123300723080092e-08,https://stockanalysis.com/stocks/meta/history/,D:\drive\Investment\备份\项目反思_2026-09-04\data\secondary_price_raw\META.html
META,2026-08-06,589.9,589.9000244140625,-4.138678000309426e-08,https://stockanalysis.com/stocks/meta/history/,D:\drive\Investment\备份\项目反思_2026-09-04\data\secondary_price_raw\META.html
META,2026-08-05,588.77,588.77001953125,-3.3172969704509114e-08,https://stockanalysis.com/stocks/meta/history/,D:\drive\Investment\备份\项目反思_2026-09-04\data\secondary_price_raw\META.html
META,2026-08-04,587.94,587.9400024414062,-4.152475030494429e-09,https://stockanalysis.com/stocks/meta/history/,D:\drive\Investment\备份\项目反思_2026-09-04\data\secondary_price_raw\META.html
META,2026-08-03,590.24,590.239990234375,1.654517678417733e-08,https://stockanalysis.com/stocks/meta/history/,D:\drive\Investment\备份\项目反思_2026-09-04\data\secondary_price_raw\META.html
META,2026-07-31,556.71,556.7100219726562,-3.9468763479710844e-08,https://stockanalysis.com/stocks/meta/history/,D:\drive\Investment\备份\项目反思_2026-09-04\data\secondary_price_raw\META.html
META,2026-07-30,539.03,539.030029296875,-5.435109995399756e-08,https://stockanalysis.com/stocks/meta/history/,D:\drive\Investment\备份\项目反思_2026-09-04\data\secondary_price_raw\META.html
META,2026-07-29,585.61,585.6099853515625,2.501398177479075e-08,https://stockanalysis.com/stocks/meta/history/,D:\drive\Investment\备份\项目反思_2026-09-04\data\secondary_price_raw\META.html
META,2026-07-28,593.41,593.4099731445312,4.525618035877699e-08,https://stockanalysis.com/stocks/meta/history/,D:\drive\Investment\备份\项目反思_2026-09-04\data\secondary_price_raw\META.html
META,2026-07-27,593.87,593.8699951171875,8.222022618298297e-09,https://stockanalysis.com/stocks/meta/history/,D:\drive\Investment\备份\项目反思_2026-09-04\data\secondary_price_raw\META.html
META,2026-07-24,595.19,595.1900024414062,-4.101893824604019e-09,https://stockanalysis.com/stocks/meta/history/,D:\drive\Investment\备份\项目反思_2026-09-04\data\secondary_price_raw\META.html
META,2026-07-23,606.1,606.0999755859375,4.028058664395928e-08,https://stockanalysis.com/stocks/meta/history/,D:\drive\Investment\备份\项目反思_2026-09-04\data\secondary_price_raw\META.html
META,2026-07-22,627.17,627.1699829101562,2.724914160978642e-08,https://stockanalysis.com/stocks/meta/history/,D:\drive\Investment\备份\项目反思_2026-09-04\data\secondary_price_raw\META.html
META,2026-07-21,643.81,643.8099975585938,3.79212217183067e-09,https://stockanalysis.com/stocks/meta/history/,D:\drive\Investment\备份\项目反思_2026-09-04\data\secondary_price_raw\META.html
META,2026-07-20,645.85,645.8499755859375,3.780144530729501e-08,https://stockanalysis.com/stocks/meta/history/,D:\drive\Investment\备份\项目反思_2026-09-04\data\secondary_price_raw\META.html
META,2026-07-17,646.01,646.010009765625,-1.5116832341455222e-08,https://stockanalysis.com/stocks/meta/history/,D:\drive\Investment\备份\项目反思_2026-09-04\data\secondary_price_raw\META.html
META,2026-07-16,664.54,664.5399780273438,3.306446094697435e-08,https://stockanalysis.com/stocks/meta/history/,D:\drive\Investment\备份\项目反思_2026-09-04\data\secondary_price_raw\META.html
META,2026-07-15,681.31,681.3099975585938,3.5834000211565353e-09,https://stockanalysis.com/stocks/meta/history/,D:\drive\Investment\备份\项目反思_2026-09-04\data\secondary_price_raw\META.html
META,2026-07-14,661.04,661.0399780273438,3.323952713074618e-08,https://stockanalysis.com/stocks/meta/history/,D:\drive\Investment\备份\项目反思_2026-09-04\data\secondary_price_raw\META.html
META,2026-07-13,656.73,656.72998046875,2.9740152784896168e-08,https://stockanalysis.com/stocks/meta/history/,D:\drive\Investment\备份\项目反思_2026-09-04\data\secondary_price_raw\META.html
MKSI,2026-09-04,260.31,260.3099975585937,9.378841925311576e-09,https://stockanalysis.com/stocks/mksi/history/,D:\drive\Investment\备份\项目反思_2026-09-04\data\secondary_price_raw\MKSI.html
MKSI,2026-09-03,249.65,249.6499938964844,2.444829050318731e-08,https://stockanalysis.com/stocks/mksi/history/,D:\drive\Investment\备份\项目反思_2026-09-04\data\secondary_price_raw\MKSI.html
MKSI,2026-09-02,251.38,251.3800048828125,-1.9424029051862135e-08,https://stockanalysis.com/stocks/mksi/history/,D:\drive\Investment\备份\项目反思_2026-09-04\data\secondary_price_raw\MKSI.html
MKSI,2026-09-01,246.44,246.44000244140625,-9.90669624112428e-09,https://stockanalysis.com/stocks/mksi/history/,D:\drive\Investment\备份\项目反思_2026-09-04\data\secondary_price_raw\MKSI.html
MKSI,2026-08-31,256.24,256.239990234375,3.811124482666628e-08,https://stockanalysis.com/stocks/mksi/history/,D:\drive\Investment\备份\项目反思_2026-09-04\data\secondary_price_raw\MKSI.html
MKSI,2026-08-28,255.76,255.75999450683597,2.147780797656651e-08,https://stockanalysis.com/stocks/mksi/history/,D:\drive\Investment\备份\项目反思_2026-09-04\data\secondary_price_raw\MKSI.html
MKSI,2026-08-27,270.99,270.989990234375,3.6036847728126986e-08,https://stockanalysis.com/stocks/mksi/history/,D:\drive\Investment\备份\项目反思_2026-09-04\data\secondary_price_raw\MKSI.html
MKSI,2026-08-26,271.75,271.75,0.0,https://stockanalysis.com/stocks/mksi/history/,D:\drive\Investment\备份\项目反思_2026-09-04\data\secondary_price_raw\MKSI.html
MKSI,2026-08-25,270.48,270.4800109863281,-4.061789282694406e-08,https://stockanalysis.com/stocks/mksi/history/,D:\drive\Investment\备份\项目反思_2026-09-04\data\secondary_price_raw\MKSI.html
MKSI,2026-08-24,269.06,269.0599975585937,9.073836126916035e-09,https://stockanalysis.com/stocks/mksi/history/,D:\drive\Investment\备份\项目反思_2026-09-04\data\secondary_price_raw\MKSI.html
MKSI,2026-08-21,279.11,279.1099853515625,5.2482670875875215e-08,https://stockanalysis.com/stocks/mksi/history/,D:\drive\Investment\备份\项目反思_2026-09-04\data\secondary_price_raw\MKSI.html
MKSI,2026-08-20,281.88,281.8800048828125,-1.7322308809575304e-08,https://stockanalysis.com/stocks/mksi/history/,D:\drive\Investment\备份\项目反思_2026-09-04\data\secondary_price_raw\MKSI.html
MKSI,2026-08-19,281.6,281.6000061035156,-2.1674415706662842e-08,https://stockanalysis.com/stocks/mksi/history/,D:\drive\Investment\备份\项目反思_2026-09-04\data\secondary_price_raw\MKSI.html
MKSI,2026-08-18,300.24,300.239990234375,3.25260636202529e-08,https://stockanalysis.com/stocks/mksi/history/,D:\drive\Investment\备份\项目反思_2026-09-04\data\secondary_price_raw\MKSI.html
MKSI,2026-08-17,320.74,320.739990234375,3.044716989641927e-08,https://stockanalysis.com/stocks/mksi/history/,D:\drive\Investment\备份\项目反思_2026-09-04\data\secondary_price_raw\MKSI.html
MKSI,2026-08-14,310.73,310.7300109863281,-3.5356507943618e-08,https://stockanalysis.com/stocks/mksi/history/,D:\drive\Investment\备份\项目反思_2026-09-04\data\secondary_price_raw\MKSI.html
MKSI,2026-08-13,306.29,306.2900085449219,-2.7898141019555567e-08,https://stockanalysis.com/stocks/mksi/history/,D:\drive\Investment\备份\项目反思_2026-09-04\data\secondary_price_raw\MKSI.html
MKSI,2026-08-12,306.83,306.8299865722656,4.37627838412169e-08,https://stockanalysis.com/stocks/mksi/history/,D:\drive\Investment\备份\项目反思_2026-09-04\data\secondary_price_raw\MKSI.html
MKSI,2026-08-11,294.38,294.3800048828125,-1.6586766848902812e-08,https://stockanalysis.com/stocks/mksi/history/,D:\drive\Investment\备份\项目反思_2026-09-04\data\secondary_price_raw\MKSI.html
MKSI,2026-08-10,292.35,292.3500061035156,-2.0877425899179514e-08,https://stockanalysis.com/stocks/mksi/history/,D:\drive\Investment\备份\项目反思_2026-09-04\data\secondary_price_raw\MKSI.html
MKSI,2026-08-07,304.99,304.989990234375,3.2019493501067586e-08,https://stockanalysis.com/stocks/mksi/history/,D:\drive\Investment\备份\项目反思_2026-09-04\data\secondary_price_raw\MKSI.html
MKSI,2026-08-06,291.31,291.3099975585937,8.380784510819694e-09,https://stockanalysis.com/stocks/mksi/history/,D:\drive\Investment\备份\项目反思_2026-09-04\data\secondary_price_raw\MKSI.html
MKSI,2026-08-05,313.1,313.1000061035156,-1.9493821445948356e-08,https://stockanalysis.com/stocks/mksi/history/,D:\drive\Investment\备份\项目反思_2026-09-04\data\secondary_price_raw\MKSI.html
MKSI,2026-08-04,320.76,320.760009765625,-3.044526974971262e-08,https://stockanalysis.com/stocks/mksi/history/,D:\drive\Investment\备份\项目反思_2026-09-04\data\secondary_price_raw\MKSI.html
MKSI,2026-08-03,309.98,309.9800109863281,-3.544205340322293e-08,https://stockanalysis.com/stocks/mksi/history/,D:\drive\Investment\备份\项目反思_2026-09-04\data\secondary_price_raw\MKSI.html
MKSI,2026-07-31,297.45,297.45001220703125,-4.1038933473735995e-08,https://stockanalysis.com/stocks/mksi/history/,D:\drive\Investment\备份\项目反思_2026-09-04\data\secondary_price_raw\MKSI.html
MKSI,2026-07-30,293.3,293.29998779296875,4.1619610424703524e-08,https://stockanalysis.com/stocks/mksi/history/,D:\drive\Investment\备份\项目反思_2026-09-04\data\secondary_price_raw\MKSI.html
MKSI,2026-07-29,257.61,257.6099853515625,5.6862848207828165e-08,https://stockanalysis.com/stocks/mksi/history/,D:\drive\Investment\备份\项目反思_2026-09-04\data\secondary_price_raw\MKSI.html
MKSI,2026-07-28,285.31,285.3099975585937,8.557030417577494e-09,https://stockanalysis.com/stocks/mksi/history/,D:\drive\Investment\备份\项目反思_2026-09-04\data\secondary_price_raw\MKSI.html
MKSI,2026-07-27,315.7,315.70001220703125,-3.866655307049882e-08,https://stockanalysis.com/stocks/mksi/history/,D:\drive\Investment\备份\项目反思_2026-09-04\data\secondary_price_raw\MKSI.html
MKSI,2026-07-24,329.18,329.17999267578125,2.2249890374581582e-08,https://stockanalysis.com/stocks/mksi/history/,D:\drive\Investment\备份\项目反思_2026-09-04\data\secondary_price_raw\MKSI.html
MKSI,2026-07-23,345.3,345.29998779296875,3.535195980397532e-08,https://stockanalysis.com/stocks/mksi/history/,D:\drive\Investment\备份\项目反思_2026-09-04\data\secondary_price_raw\MKSI.html
MKSI,2026-07-22,344.84,344.8399963378906,1.061973486926604e-08,https://stockanalysis.com/stocks/mksi/history/,D:\drive\Investment\备份\项目反思_2026-09-04\data\secondary_price_raw\MKSI.html
MKSI,2026-07-21,345.44,345.44000244140625,-7.0675261198971384e-09,https://stockanalysis.com/stocks/mksi/history/,D:\drive\Investment\备份\项目反思_2026-09-04\data\secondary_price_raw\MKSI.html
MKSI,2026-07-20,324.28,324.2799987792969,3.764349054691252e-09,https://stockanalysis.com/stocks/mksi/history/,D:\drive\Investment\备份\项目反思_2026-09-04\data\secondary_price_raw\MKSI.html
MKSI,2026-07-17,324.69,324.69000244140625,-7.51919138064494e-09,https://stockanalysis.com/stocks/mksi/history/,D:\drive\Investment\备份\项目反思_2026-09-04\data\secondary_price_raw\MKSI.html
MKSI,2026-07-16,332.0,332.0,0.0,https://stockanalysis.com/stocks/mksi/history/,D:\drive\Investment\备份\项目反思_2026-09-04\data\secondary_price_raw\MKSI.html
MKSI,2026-07-15,353.8,353.79998779296875,3.4502633416977346e-08,https://stockanalysis.com/stocks/mksi/history/,D:\drive\Investment\备份\项目反思_2026-09-04\data\secondary_price_raw\MKSI.html
MKSI,2026-07-14,358.43,358.42999267578125,2.0434168135352593e-08,https://stockanalysis.com/stocks/mksi/history/,D:\drive\Investment\备份\项目反思_2026-09-04\data\secondary_price_raw\MKSI.html
MKSI,2026-07-13,352.03,352.0299987792969,3.467611087160094e-09,https://stockanalysis.com/stocks/mksi/history/,D:\drive\Investment\备份\项目反思_2026-09-04\data\secondary_price_raw\MKSI.html
MOD,2026-09-04,194.66,194.66000366210935,-1.8812849500449147e-08,https://stockanalysis.com/stocks/mod/history/,D:\drive\Investment\备份\项目反思_2026-09-04\data\secondary_price_raw\MOD.html
MOD,2026-09-03,186.63,186.6300048828125,-2.6163062605277787e-08,https://stockanalysis.com/stocks/mod/history/,D:\drive\Investment\备份\项目反思_2026-09-04\data\secondary_price_raw\MOD.html
MOD,2026-09-02,179.51,179.50999450683594,3.0600881384401646e-08,https://stockanalysis.com/stocks/mod/history/,D:\drive\Investment\备份\项目反思_2026-09-04\data\secondary_price_raw\MOD.html
MOD,2026-09-01,180.91,180.91000366210935,-2.0242713394402756e-08,https://stockanalysis.com/stocks/mod/history/,D:\drive\Investment\备份\项目反思_2026-09-04\data\secondary_price_raw\MOD.html
MOD,2026-08-31,178.43,178.42999267578125,4.104813688954323e-08,https://stockanalysis.com/stocks/mod/history/,D:\drive\Investment\备份\项目反思_2026-09-04\data\secondary_price_raw\MOD.html
MOD,2026-08-28,177.63,177.6300048828125,-2.748866956281404e-08,https://stockanalysis.com/stocks/mod/history/,D:\drive\Investment\备份\项目反思_2026-09-04\data\secondary_price_raw\MOD.html
MOD,2026-08-27,186.31,186.30999755859372,1.3104000329278165e-08,https://stockanalysis.com/stocks/mod/history/,D:\drive\Investment\备份\项目反思_2026-09-04\data\secondary_price_raw\MOD.html
MOD,2026-08-26,187.3,187.3000030517578,-1.629342094577879e-08,https://stockanalysis.com/stocks/mod/history/,D:\drive\Investment\备份\项目反思_2026-09-04\data\secondary_price_raw\MOD.html
MOD,2026-08-25,188.01,188.00999450683597,2.9217404273751413e-08,https://stockanalysis.com/stocks/mod/history/,D:\drive\Investment\备份\项目反思_2026-09-04\data\secondary_price_raw\MOD.html
MOD,2026-08-24,188.37,188.3699951171875,2.5921392143857247e-08,https://stockanalysis.com/stocks/mod/history/,D:\drive\Investment\备份\项目反思_2026-09-04\data\secondary_price_raw\MOD.html
MOD,2026-08-21,197.68,197.67999267578125,3.705088547079072e-08,https://stockanalysis.com/stocks/mod/history/,D:\drive\Investment\备份\项目反思_2026-09-04\data\secondary_price_raw\MOD.html
MOD,2026-08-20,190.74,190.7400054931641,-2.8799223672493213e-08,https://stockanalysis.com/stocks/mod/history/,D:\drive\Investment\备份\项目反思_2026-09-04\data\secondary_price_raw\MOD.html
MOD,2026-08-19,195.14,195.13999938964844,3.127762271404322e-09,https://stockanalysis.com/stocks/mod/history/,D:\drive\Investment\备份\项目反思_2026-09-04\data\secondary_price_raw\MOD.html
MOD,2026-08-18,200.66,200.66000366210935,-1.8250320366064443e-08,https://stockanalysis.com/stocks/mod/history/,D:\drive\Investment\备份\项目反思_2026-09-04\data\secondary_price_raw\MOD.html
MOD,2026-08-17,216.75,216.75,0.0,https://stockanalysis.com/stocks/mod/history/,D:\drive\Investment\备份\项目反思_2026-09-04\data\secondary_price_raw\MOD.html
MOD,2026-08-14,209.5,209.5,0.0,https://stockanalysis.com/stocks/mod/history/,D:\drive\Investment\备份\项目反思_2026-09-04\data\secondary_price_raw\MOD.html
MOD,2026-08-13,203.51,203.50999450683597,2.6992109436463352e-08,https://stockanalysis.com/stocks/mod/history/,D:\drive\Investment\备份\项目反思_2026-09-04\data\secondary_price_raw\MOD.html
MOD,2026-08-12,199.53,199.52999877929688,6.117892636936517e-09,https://stockanalysis.com/stocks/mod/history/,D:\drive\Investment\备份\项目反思_2026-09-04\data\secondary_price_raw\MOD.html
MOD,2026-08-11,198.32,198.32000732421875,-3.693131545023931e-08,https://stockanalysis.com/stocks/mod/history/,D:\drive\Investment\备份\项目反思_2026-09-04\data\secondary_price_raw\MOD.html
MOD,2026-08-10,191.01,191.00999450683597,2.8758516235072307e-08,https://stockanalysis.com/stocks/mod/history/,D:\drive\Investment\备份\项目反思_2026-09-04\data\secondary_price_raw\MOD.html
MOD,2026-08-07,195.6,195.6000061035156,-3.1204066552881216e-08,https://stockanalysis.com/stocks/mod/history/,D:\drive\Investment\备份\项目反思_2026-09-04\data\secondary_price_raw\MOD.html
MOD,2026-08-06,192.52,192.5200042724609,-2.2192295889844615e-08,https://stockanalysis.com/stocks/mod/history/,D:\drive\Investment\备份\项目反思_2026-09-04\data\secondary_price_raw\MOD.html
MOD,2026-08-05,194.61,194.6100006103516,-3.1362806796053633e-09,https://stockanalysis.com/stocks/mod/history/,D:\drive\Investment\备份\项目反思_2026-09-04\data\secondary_price_raw\MOD.html
MOD,2026-08-04,201.71,201.7100067138672,-3.3284750178275146e-08,https://stockanalysis.com/stocks/mod/history/,D:\drive\Investment\备份\项目反思_2026-09-04\data\secondary_price_raw\MOD.html
MOD,2026-08-03,195.92,195.9199981689453,9.345930473969588e-09,https://stockanalysis.com/stocks/mod/history/,D:\drive\Investment\备份\项目反思_2026-09-04\data\secondary_price_raw\MOD.html
MOD,2026-07-31,201.06,201.05999755859372,1.2142675309689821e-08,https://stockanalysis.com/stocks/mod/history/,D:\drive\Investment\备份\项目反思_2026-09-04\data\secondary_price_raw\MOD.html
MOD,2026-07-30,193.91,193.91000366210935,-1.8885613295438475e-08,https://stockanalysis.com/stocks/mod/history/,D:\drive\Investment\备份\项目反思_2026-09-04\data\secondary_price_raw\MOD.html
MOD,2026-07-29,178.04,178.0399932861328,3.770988232787431e-08,https://stockanalysis.com/stocks/mod/history/,D:\drive\Investment\备份\项目反思_2026-09-04\data\secondary_price_raw\MOD.html
MOD,2026-07-28,208.06,208.05999755859372,1.1734145433095478e-08,https://stockanalysis.com/stocks/mod/history/,D:\drive\Investment\备份\项目反思_2026-09-04\data\secondary_price_raw\MOD.html
MOD,2026-07-27,230.4,230.3999938964844,2.6490953874969136e-08,https://stockanalysis.com/stocks/mod/history/,D:\drive\Investment\备份\项目反思_2026-09-04\data\secondary_price_raw\MOD.html
MOD,2026-07-24,241.79,241.7899932861328,2.776734930876046e-08,https://stockanalysis.com/stocks/mod/history/,D:\drive\Investment\备份\项目反思_2026-09-04\data\secondary_price_raw\MOD.html
MOD,2026-07-23,249.62,249.6199951171875,1.9560983055555425e-08,https://stockanalysis.com/stocks/mod/history/,D:\drive\Investment\备份\项目反思_2026-09-04\data\secondary_price_raw\MOD.html
MOD,2026-07-22,249.64,249.63999938964844,2.444926927580582e-09,https://stockanalysis.com/stocks/mod/history/,D:\drive\Investment\备份\项目反思_2026-09-04\data\secondary_price_raw\MOD.html
MOD,2026-07-21,247.09,247.08999633789065,1.4820953575522822e-08,https://stockanalysis.com/stocks/mod/history/,D:\drive\Investment\备份\项目反思_2026-09-04\data\secondary_price_raw\MOD.html
MOD,2026-07-20,227.88,227.8800048828125,-2.142712129948876e-08,https://stockanalysis.com/stocks/mod/history/,D:\drive\Investment\备份\项目反思_2026-09-04\data\secondary_price_raw\MOD.html
MOD,2026-07-17,229.34,229.33999633789065,1.5968036226610138e-08,https://stockanalysis.com/stocks/mod/history/,D:\drive\Investment\备份\项目反思_2026-09-04\data\secondary_price_raw\MOD.html
MOD,2026-07-16,226.23,226.22999572753903,1.888547518369421e-08,https://stockanalysis.com/stocks/mod/history/,D:\drive\Investment\备份\项目反思_2026-09-04\data\secondary_price_raw\MOD.html
MOD,2026-07-15,231.96,231.9600067138672,-2.8944072139047705e-08,https://stockanalysis.com/stocks/mod/history/,D:\drive\Investment\备份\项目反思_2026-09-04\data\secondary_price_raw\MOD.html
MOD,2026-07-14,229.57,229.57000732421875,-3.1904075159516765e-08,https://stockanalysis.com/stocks/mod/history/,D:\drive\Investment\备份\项目反思_2026-09-04\data\secondary_price_raw\MOD.html
MOD,2026-07-13,234.28,234.27999877929688,5.210445408465603e-09,https://stockanalysis.com/stocks/mod/history/,D:\drive\Investment\备份\项目反思_2026-09-04\data\secondary_price_raw\MOD.html
MSFT,2026-09-04,499.7,499.7000122070313,-2.442871926966461e-08,https://stockanalysis.com/stocks/msft/history/,D:\drive\Investment\备份\项目反思_2026-09-04\data\secondary_price_raw\MSFT.html
MSFT,2026-09-03,510.12,510.1199951171875,9.571889947324053e-09,https://stockanalysis.com/stocks/msft/history/,D:\drive\Investment\备份\项目反思_2026-09-04\data\secondary_price_raw\MSFT.html
MSFT,2026-09-02,496.82,496.8200073242188,-1.474219779584729e-08,https://stockanalysis.com/stocks/msft/history/,D:\drive\Investment\备份\项目反思_2026-09-04\data\secondary_price_raw\MSFT.html
MSFT,2026-09-01,501.02,501.0199890136719,2.1927923699038843e-08,https://stockanalysis.com/stocks/msft/history/,D:\drive\Investment\备份\项目反思_2026-09-04\data\secondary_price_raw\MSFT.html
MSFT,2026-08-31,507.29,507.2900085449219,-1.6844254213665977e-08,https://stockanalysis.com/stocks/msft/history/,D:\drive\Investment\备份\项目反思_2026-09-04\data\secondary_price_raw\MSFT.html
MSFT,2026-08-28,513.53,513.530029296875,-5.704997441124959e-08,https://stockanalysis.com/stocks/msft/history/,D:\drive\Investment\备份\项目反思_2026-09-04\data\secondary_price_raw\MSFT.html
MSFT,2026-08-27,505.06,505.05999755859375,4.8338935076941425e-09,https://stockanalysis.com/stocks/msft/history/,D:\drive\Investment\备份\项目反思_2026-09-04\data\secondary_price_raw\MSFT.html
MSFT,2026-08-26,496.37,496.3699951171875,9.837042069804625e-09,https://stockanalysis.com/stocks/msft/history/,D:\drive\Investment\备份\项目反思_2026-09-04\data\secondary_price_raw\MSFT.html
MSFT,2026-08-25,491.71,491.7099914550781,1.737797084011561e-08,https://stockanalysis.com/stocks/msft/history/,D:\drive\Investment\备份\项目反思_2026-09-04\data\secondary_price_raw\MSFT.html
MSFT,2026-08-24,487.31,487.30999755859375,5.0099655535262855e-09,https://stockanalysis.com/stocks/msft/history/,D:\drive\Investment\备份\项目反思_2026-09-04\data\secondary_price_raw\MSFT.html
MSFT,2026-08-21,483.24,483.239990234375,2.0208644091468386e-08,https://stockanalysis.com/stocks/msft/history/,D:\drive\Investment\备份\项目反思_2026-09-04\data\secondary_price_raw\MSFT.html
MSFT,2026-08-20,481.15,481.1499938964844,1.2685265948775282e-08,https://stockanalysis.com/stocks/msft/history/,D:\drive\Investment\备份\项目反思_2026-09-04\data\secondary_price_raw\MSFT.html
MSFT,2026-08-19,484.31,484.30999755859375,5.040999173644423e-09,https://stockanalysis.com/stocks/msft/history/,D:\drive\Investment\备份\项目反思_2026-09-04\data\secondary_price_raw\MSFT.html
MSFT,2026-08-18,481.63,481.6300048828125,-1.0138098693879272e-08,https://stockanalysis.com/stocks/msft/history/,D:\drive\Investment\备份\项目反思_2026-09-04\data\secondary_price_raw\MSFT.html
MSFT,2026-08-17,480.35,480.3500061035156,-1.2706392271688571e-08,https://stockanalysis.com/stocks/msft/history/,D:\drive\Investment\备份\项目反思_2026-09-04\data\secondary_price_raw\MSFT.html
MSFT,2026-08-14,495.4,495.3999938964844,1.2320378939278953e-08,https://stockanalysis.com/stocks/msft/history/,D:\drive\Investment\备份\项目反思_2026-09-04\data\secondary_price_raw\MSFT.html
MSFT,2026-08-13,496.88,496.8800048828125,-9.826945035484869e-09,https://stockanalysis.com/stocks/msft/history/,D:\drive\Investment\备份\项目反思_2026-09-04\data\secondary_price_raw\MSFT.html
MSFT,2026-08-12,492.43,492.4299926757813,1.4873624332167878e-08,https://stockanalysis.com/stocks/msft/history/,D:\drive\Investment\备份\项目反思_2026-09-04\data\secondary_price_raw\MSFT.html
MSFT,2026-08-11,503.81,503.80999755859375,4.845886802939958e-09,https://stockanalysis.com/stocks/msft/history/,D:\drive\Investment\备份\项目反思_2026-09-04\data\secondary_price_raw\MSFT.html
MSFT,2026-08-10,506.06,506.05999755859375,4.8243415928794775e-09,https://stockanalysis.com/stocks/msft/history/,D:\drive\Investment\备份\项目反思_2026-09-04\data\secondary_price_raw\MSFT.html
MSFT,2026-08-07,499.99,499.989990234375,1.9531640971237607e-08,https://stockanalysis.com/stocks/msft/history/,D:\drive\Investment\备份\项目反思_2026-09-04\data\secondary_price_raw\MSFT.html
MSFT,2026-08-06,499.86,499.8599853515625,2.930508125054132e-08,https://stockanalysis.com/stocks/msft/history/,D:\drive\Investment\备份\项目反思_2026-09-04\data\secondary_price_raw\MSFT.html
MSFT,2026-08-05,487.46,487.4599914550781,1.7529483420375414e-08,https://stockanalysis.com/stocks/msft/history/,D:\drive\Investment\备份\项目反思_2026-09-04\data\secondary_price_raw\MSFT.html
MSFT,2026-08-04,492.81,492.80999755859375,4.9540518354262986e-09,https://stockanalysis.com/stocks/msft/history/,D:\drive\Investment\备份\项目反思_2026-09-04\data\secondary_price_raw\MSFT.html
MSFT,2026-08-03,487.65,487.6499938964844,1.2516180980526315e-08,https://stockanalysis.com/stocks/msft/history/,D:\drive\Investment\备份\项目反思_2026-09-04\data\secondary_price_raw\MSFT.html
MSFT,2026-07-31,464.72,464.7200012207031,-2.6267495956133757e-09,https://stockanalysis.com/stocks/msft/history/,D:\drive\Investment\备份\项目反思_2026-09-04\data\secondary_price_raw\MSFT.html
MSFT,2026-07-30,451.1,451.1000061035156,-1.353029377426651e-08,https://stockanalysis.com/stocks/msft/history/,D:\drive\Investment\备份\项目反思_2026-09-04\data\secondary_price_raw\MSFT.html
MSFT,2026-07-29,390.54,390.5400085449219,-2.1879760558896066e-08,https://stockanalysis.com/stocks/msft/history/,D:\drive\Investment\备份\项目反思_2026-09-04\data\secondary_price_raw\MSFT.html
MSFT,2026-07-28,393.35,393.3500061035156,-1.551675476996195e-08,https://stockanalysis.com/stocks/msft/history/,D:\drive\Investment\备份\项目反思_2026-09-04\data\secondary_price_raw\MSFT.html
MSFT,2026-07-27,389.1,389.1000061035156,-1.5686238752365966e-08,https://stockanalysis.com/stocks/msft/history/,D:\drive\Investment\备份\项目反思_2026-09-04\data\secondary_price_raw\MSFT.html
MSFT,2026-07-24,381.7,381.7000122070313,-3.19806940929368e-08,https://stockanalysis.com/stocks/msft/history/,D:\drive\Investment\备份\项目反思_2026-09-04\data\secondary_price_raw\MSFT.html
MSFT,2026-07-23,381.58,381.5799865722656,3.518982860661879e-08,https://stockanalysis.com/stocks/msft/history/,D:\drive\Investment\备份\项目反思_2026-09-04\data\secondary_price_raw\MSFT.html
MSFT,2026-07-22,390.34,390.3399963378906,9.381845078593187e-09,https://stockanalysis.com/stocks/msft/history/,D:\drive\Investment\备份\项目反思_2026-09-04\data\secondary_price_raw\MSFT.html
MSFT,2026-07-21,397.75,397.75,0.0,https://stockanalysis.com/stocks/msft/history/,D:\drive\Investment\备份\项目反思_2026-09-04\data\secondary_price_raw\MSFT.html
MSFT,2026-07-20,402.29,402.2900085449219,-2.1240701197910994e-08,https://stockanalysis.com/stocks/msft/history/,D:\drive\Investment\备份\项目反思_2026-09-04\data\secondary_price_raw\MSFT.html
MSFT,2026-07-17,393.82,393.8200073242188,-1.8597884010596033e-08,https://stockanalysis.com/stocks/msft/history/,D:\drive\Investment\备份\项目反思_2026-09-04\data\secondary_price_raw\MSFT.html
MSFT,2026-07-16,401.1,401.1000061035156,-1.5216942150786394e-08,https://stockanalysis.com/stocks/msft/history/,D:\drive\Investment\备份\项目反思_2026-09-04\data\secondary_price_raw\MSFT.html
MSFT,2026-07-15,395.63,395.6300048828125,-1.2341865973652943e-08,https://stockanalysis.com/stocks/msft/history/,D:\drive\Investment\备份\项目反思_2026-09-04\data\secondary_price_raw\MSFT.html
MSFT,2026-07-14,384.93,384.9299926757813,1.9027404540850057e-08,https://stockanalysis.com/stocks/msft/history/,D:\drive\Investment\备份\项目反思_2026-09-04\data\secondary_price_raw\MSFT.html
MSFT,2026-07-13,390.99,390.989990234375,2.4976662515996395e-08,https://stockanalysis.com/stocks/msft/history/,D:\drive\Investment\备份\项目反思_2026-09-04\data\secondary_price_raw\MSFT.html
MU,2026-09-04,1016.59,1016.5900268554688,-2.6417206533402293e-08,https://stockanalysis.com/stocks/mu/history/,D:\drive\Investment\备份\项目反思_2026-09-04\data\secondary_price_raw\MU.html
MU,2026-09-03,958.16,958.1599731445312,2.8028168008731313e-08,https://stockanalysis.com/stocks/mu/history/,D:\drive\Investment\备份\项目反思_2026-09-04\data\secondary_price_raw\MU.html
MU,2026-09-02,956.08,956.0800170898438,-1.787490944149539e-08,https://stockanalysis.com/stocks/mu/history/,D:\drive\Investment\备份\项目反思_2026-09-04\data\secondary_price_raw\MU.html
MU,2026-09-01,933.44,933.4400024414062,-2.6154933774336087e-09,https://stockanalysis.com/stocks/mu/history/,D:\drive\Investment\备份\项目反思_2026-09-04\data\secondary_price_raw\MU.html
MU,2026-08-31,958.73,958.72998046875,2.0372002973445547e-08,https://stockanalysis.com/stocks/mu/history/,D:\drive\Investment\备份\项目反思_2026-09-04\data\secondary_price_raw\MU.html
MU,2026-08-28,932.86,932.8599853515624,1.5702718458854292e-08,https://stockanalysis.com/stocks/mu/history/,D:\drive\Investment\备份\项目反思_2026-09-04\data\secondary_price_raw\MU.html
MU,2026-08-27,935.39,935.3900146484376,-1.5660245877846535e-08,https://stockanalysis.com/stocks/mu/history/,D:\drive\Investment\备份\项目反思_2026-09-04\data\secondary_price_raw\MU.html
MU,2026-08-26,938.4,938.4000244140624,-2.6016689913532787e-08,https://stockanalysis.com/stocks/mu/history/,D:\drive\Investment\备份\项目反思_2026-09-04\data\secondary_price_raw\MU.html
MU,2026-08-25,932.97,932.969970703125,3.1401734101876855e-08,https://stockanalysis.com/stocks/mu/history/,D:\drive\Investment\备份\项目反思_2026-09-04\data\secondary_price_raw\MU.html
MU,2026-08-24,910.43,910.4299926757812,8.044790611450026e-09,https://stockanalysis.com/stocks/mu/history/,D:\drive\Investment\备份\项目反思_2026-09-04\data\secondary_price_raw\MU.html
MU,2026-08-21,966.78,966.780029296875,-3.030355832933651e-08,https://stockanalysis.com/stocks/mu/history/,D:\drive\Investment\备份\项目反思_2026-09-04\data\secondary_price_raw\MU.html
MU,2026-08-20,974.33,974.3300170898438,-1.7540097707602342e-08,https://stockanalysis.com/stocks/mu/history/,D:\drive\Investment\备份\项目反思_2026-09-04\data\secondary_price_raw\MU.html
MU,2026-08-19,937.11,937.1099853515624,1.5631502980895107e-08,https://stockanalysis.com/stocks/mu/history/,D:\drive\Investment\备份\项目反思_2026-09-04\data\secondary_price_raw\MU.html
MU,2026-08-18,940.76,940.760009765625,-1.0380569848145171e-08,https://stockanalysis.com/stocks/mu/history/,D:\drive\Investment\备份\项目反思_2026-09-04\data\secondary_price_raw\MU.html
MU,2026-08-17,1011.75,1011.75,0.0,https://stockanalysis.com/stocks/mu/history/,D:\drive\Investment\备份\项目反思_2026-09-04\data\secondary_price_raw\MU.html
MU,2026-08-14,971.66,971.6599731445312,2.7638751731728917e-08,https://stockanalysis.com/stocks/mu/history/,D:\drive\Investment\备份\项目反思_2026-09-04\data\secondary_price_raw\MU.html
MU,2026-08-13,949.83,949.8300170898438,-1.7992528578147926e-08,https://stockanalysis.com/stocks/mu/history/,D:\drive\Investment\备份\项目反思_2026-09-04\data\secondary_price_raw\MU.html
MU,2026-08-12,911.29,911.2899780273438,2.411159649717831e-08,https://stockanalysis.com/stocks/mu/history/,D:\drive\Investment\备份\项目反思_2026-09-04\data\secondary_price_raw\MU.html
MU,2026-08-11,868.52,868.52001953125,-2.2487967599182923e-08,https://stockanalysis.com/stocks/mu/history/,D:\drive\Investment\备份\项目反思_2026-09-04\data\secondary_price_raw\MU.html
MU,2026-08-10,861.0,861.0,0.0,https://stockanalysis.com/stocks/mu/history/,D:\drive\Investment\备份\项目反思_2026-09-04\data\secondary_price_raw\MU.html
MU,2026-08-07,877.57,877.5700073242188,-8.346022095651051e-09,https://stockanalysis.com/stocks/mu/history/,D:\drive\Investment\备份\项目反思_2026-09-04\data\secondary_price_raw\MU.html
MU,2026-08-06,881.47,881.469970703125,3.3236384755497284e-08,https://stockanalysis.com/stocks/mu/history/,D:\drive\Investment\备份\项目反思_2026-09-04\data\secondary_price_raw\MU.html
MU,2026-08-05,893.19,893.1900024414062,-2.733355985995445e-09,https://stockanalysis.com/stocks/mu/history/,D:\drive\Investment\备份\项目反思_2026-09-04\data\secondary_price_raw\MU.html
MU,2026-08-04,892.67,892.6699829101562,1.914463809704614e-08,https://stockanalysis.com/stocks/mu/history/,D:\drive\Investment\备份\项目反思_2026-09-04\data\secondary_price_raw\MU.html
MU,2026-08-03,829.5,829.5,0.0,https://stockanalysis.com/stocks/mu/history/,D:\drive\Investment\备份\项目反思_2026-09-04\data\secondary_price_raw\MU.html
MU,2026-07-31,823.03,823.030029296875,-3.5596362191192554e-08,https://stockanalysis.com/stocks/mu/history/,D:\drive\Investment\备份\项目反思_2026-09-04\data\secondary_price_raw\MU.html
MU,2026-07-30,874.66,874.6599731445312,3.0703895870232145e-08,https://stockanalysis.com/stocks/mu/history/,D:\drive\Investment\备份\项目反思_2026-09-04\data\secondary_price_raw\MU.html
MU,2026-07-29,739.0,739.0,0.0,https://stockanalysis.com/stocks/mu/history/,D:\drive\Investment\备份\项目反思_2026-09-04\data\secondary_price_raw\MU.html
MU,2026-07-28,820.53,820.530029296875,-3.5704817546999834e-08,https://stockanalysis.com/stocks/mu/history/,D:\drive\Investment\备份\项目反思_2026-09-04\data\secondary_price_raw\MU.html
MU,2026-07-27,900.2,900.2000122070312,-1.3560354394925866e-08,https://stockanalysis.com/stocks/mu/history/,D:\drive\Investment\备份\项目反思_2026-09-04\data\secondary_price_raw\MU.html
MU,2026-07-24,920.95,920.9500122070312,-1.325482490432961e-08,https://stockanalysis.com/stocks/mu/history/,D:\drive\Investment\备份\项目反思_2026-09-04\data\secondary_price_raw\MU.html
MU,2026-07-23,990.21,990.2100219726562,-2.218989481050926e-08,https://stockanalysis.com/stocks/mu/history/,D:\drive\Investment\备份\项目反思_2026-09-04\data\secondary_price_raw\MU.html
MU,2026-07-22,959.48,959.47998046875,2.0356078822558743e-08,https://stockanalysis.com/stocks/mu/history/,D:\drive\Investment\备份\项目反思_2026-09-04\data\secondary_price_raw\MU.html
MU,2026-07-21,970.82,970.8200073242188,-7.54436313421536e-09,https://stockanalysis.com/stocks/mu/history/,D:\drive\Investment\备份\项目反思_2026-09-04\data\secondary_price_raw\MU.html
MU,2026-07-20,865.46,865.4600219726562,-2.5388412705495966e-08,https://stockanalysis.com/stocks/mu/history/,D:\drive\Investment\备份\项目反思_2026-09-04\data\secondary_price_raw\MU.html
MU,2026-07-17,848.95,848.9500122070312,-1.4378975232709479e-08,https://stockanalysis.com/stocks/mu/history/,D:\drive\Investment\备份\项目反思_2026-09-04\data\secondary_price_raw\MU.html
MU,2026-07-16,853.2,853.2000122070312,-1.4307349971431904e-08,https://stockanalysis.com/stocks/mu/history/,D:\drive\Investment\备份\项目反思_2026-09-04\data\secondary_price_raw\MU.html
MU,2026-07-15,904.28,904.280029296875,-3.239801171783796e-08,https://stockanalysis.com/stocks/mu/history/,D:\drive\Investment\备份\项目反思_2026-09-04\data\secondary_price_raw\MU.html
MU,2026-07-14,983.12,983.1199951171876,4.96664953608672e-09,https://stockanalysis.com/stocks/mu/history/,D:\drive\Investment\备份\项目反思_2026-09-04\data\secondary_price_raw\MU.html
MU,2026-07-13,937.0,937.0,0.0,https://stockanalysis.com/stocks/mu/history/,D:\drive\Investment\备份\项目反思_2026-09-04\data\secondary_price_raw\MU.html
MXL,2026-09-04,62.74,62.7400016784668,-2.6752737469770693e-08,https://stockanalysis.com/stocks/mxl/history/,D:\drive\Investment\备份\项目反思_2026-09-04\data\secondary_price_raw\MXL.html
MXL,2026-09-03,59.45,59.45000076293945,-1.283329587042914e-08,https://stockanalysis.com/stocks/mxl/history/,D:\drive\Investment\备份\项目反思_2026-09-04\data\secondary_price_raw\MXL.html
MXL,2026-09-02,60.1,60.09999847412109,2.5389000901654413e-08,https://stockanalysis.com/stocks/mxl/history/,D:\drive\Investment\备份\项目反思_2026-09-04\data\secondary_price_raw\MXL.html
MXL,2026-09-01,57.59,57.59000015258789,-2.6495552418737134e-09,https://stockanalysis.com/stocks/mxl/history/,D:\drive\Investment\备份\项目反思_2026-09-04\data\secondary_price_raw\MXL.html
MXL,2026-08-31,59.91,59.90999984741211,2.5469519826515352e-09,https://stockanalysis.com/stocks/mxl/history/,D:\drive\Investment\备份\项目反思_2026-09-04\data\secondary_price_raw\MXL.html
MXL,2026-08-28,61.73,61.72999954223633,7.415578595626471e-09,https://stockanalysis.com/stocks/mxl/history/,D:\drive\Investment\备份\项目反思_2026-09-04\data\secondary_price_raw\MXL.html
MXL,2026-08-27,63.42,63.41999816894531,2.8871881774250596e-08,https://stockanalysis.com/stocks/mxl/history/,D:\drive\Investment\备份\项目反思_2026-09-04\data\secondary_price_raw\MXL.html
MXL,2026-08-26,63.0,63.0,0.0,https://stockanalysis.com/stocks/mxl/history/,D:\drive\Investment\备份\项目反思_2026-09-04\data\secondary_price_raw\MXL.html
MXL,2026-08-25,66.36,66.36000061035156,-9.19758225137457e-09,https://stockanalysis.com/stocks/mxl/history/,D:\drive\Investment\备份\项目反思_2026-09-04\data\secondary_price_raw\MXL.html
MXL,2026-08-24,62.78,62.77999877929688,1.9444140519908615e-08,https://stockanalysis.com/stocks/mxl/history/,D:\drive\Investment\备份\项目反思_2026-09-04\data\secondary_price_raw\MXL.html
MXL,2026-08-21,66.61,66.61000061035156,-9.163061975847597e-09,https://stockanalysis.com/stocks/mxl/history/,D:\drive\Investment\备份\项目反思_2026-09-04\data\secondary_price_raw\MXL.html
MXL,2026-08-20,65.28,65.27999877929688,1.8699496839857943e-08,https://stockanalysis.com/stocks/mxl/history/,D:\drive\Investment\备份\项目反思_2026-09-04\data\secondary_price_raw\MXL.html
MXL,2026-08-19,66.43,66.43000030517578,-4.5939451132070985e-09,https://stockanalysis.com/stocks/mxl/history/,D:\drive\Investment\备份\项目反思_2026-09-04\data\secondary_price_raw\MXL.html
MXL,2026-08-18,72.63,72.62999725341797,3.781608337583009e-08,https://stockanalysis.com/stocks/mxl/history/,D:\drive\Investment\备份\项目反思_2026-09-04\data\secondary_price_raw\MXL.html
MXL,2026-08-17,84.76,84.76000213623047,-2.520328468147426e-08,https://stockanalysis.com/stocks/mxl/history/,D:\drive\Investment\备份\项目反思_2026-09-04\data\secondary_price_raw\MXL.html
MXL,2026-08-14,84.84,84.83999633789062,4.3164893215319466e-08,https://stockanalysis.com/stocks/mxl/history/,D:\drive\Investment\备份\项目反思_2026-09-04\data\secondary_price_raw\MXL.html
MXL,2026-08-13,76.65,76.6500015258789,-1.9907095527571528e-08,https://stockanalysis.com/stocks/mxl/history/,D:\drive\Investment\备份\项目反思_2026-09-04\data\secondary_price_raw\MXL.html
MXL,2026-08-12,74.33,74.33000183105469,-2.4634126738476425e-08,https://stockanalysis.com/stocks/mxl/history/,D:\drive\Investment\备份\项目反思_2026-09-04\data\secondary_price_raw\MXL.html
MXL,2026-08-11,69.02,69.0199966430664,4.863711611235999e-08,https://stockanalysis.com/stocks/mxl/history/,D:\drive\Investment\备份\项目反思_2026-09-04\data\secondary_price_raw\MXL.html
MXL,2026-08-10,68.44,68.44000244140625,-3.567221162903422e-08,https://stockanalysis.com/stocks/mxl/history/,D:\drive\Investment\备份\项目反思_2026-09-04\data\secondary_price_raw\MXL.html
MXL,2026-08-07,74.98,74.9800033569336,-4.477105142175475e-08,https://stockanalysis.com/stocks/mxl/history/,D:\drive\Investment\备份\项目反思_2026-09-04\data\secondary_price_raw\MXL.html
MXL,2026-08-06,70.2,70.19999694824219,4.347233550916485e-08,https://stockanalysis.com/stocks/mxl/history/,D:\drive\Investment\备份\项目反思_2026-09-04\data\secondary_price_raw\MXL.html
MXL,2026-08-05,67.46,67.45999908447266,1.3571410439894294e-08,https://stockanalysis.com/stocks/mxl/history/,D:\drive\Investment\备份\项目反思_2026-09-04\data\secondary_price_raw\MXL.html
MXL,2026-08-04,72.72,72.72000122070312,-1.6786346312969158e-08,https://stockanalysis.com/stocks/mxl/history/,D:\drive\Investment\备份\项目反思_2026-09-04\data\secondary_price_raw\MXL.html
MXL,2026-08-03,67.11,67.11000061035156,-9.094793029795767e-09,https://stockanalysis.com/stocks/mxl/history/,D:\drive\Investment\备份\项目反思_2026-09-04\data\secondary_price_raw\MXL.html
MXL,2026-07-31,66.82,66.81999969482422,4.567132227961679e-09,https://stockanalysis.com/stocks/mxl/history/,D:\drive\Investment\备份\项目反思_2026-09-04\data\secondary_price_raw\MXL.html
MXL,2026-07-30,66.92,66.91999816894531,2.7361846122175848e-08,https://stockanalysis.com/stocks/mxl/history/,D:\drive\Investment\备份\项目反思_2026-09-04\data\secondary_price_raw\MXL.html
MXL,2026-07-29,57.25,57.25,0.0,https://stockanalysis.com/stocks/mxl/history/,D:\drive\Investment\备份\项目反思_2026-09-04\data\secondary_price_raw\MXL.html
MXL,2026-07-28,58.94,58.93999862670898,2.3299814300159483e-08,https://stockanalysis.com/stocks/mxl/history/,D:\drive\Investment\备份\项目反思_2026-09-04\data\secondary_price_raw\MXL.html
MXL,2026-07-27,64.86,64.86000061035156,-9.410292323153158e-09,https://stockanalysis.com/stocks/mxl/history/,D:\drive\Investment\备份\项目反思_2026-09-04\data\secondary_price_raw\MXL.html
MXL,2026-07-24,71.59,71.58999633789062,5.115392598398216e-08,https://stockanalysis.com/stocks/mxl/history/,D:\drive\Investment\备份\项目反思_2026-09-04\data\secondary_price_raw\MXL.html
MXL,2026-07-23,91.24,91.23999786376952,2.3413311289743888e-08,https://stockanalysis.com/stocks/mxl/history/,D:\drive\Investment\备份\项目反思_2026-09-04\data\secondary_price_raw\MXL.html
MXL,2026-07-22,86.8,86.80000305175781,-3.5158498890019985e-08,https://stockanalysis.com/stocks/mxl/history/,D:\drive\Investment\备份\项目反思_2026-09-04\data\secondary_price_raw\MXL.html
MXL,2026-07-21,86.06,86.05999755859375,2.8368653426369406e-08,https://stockanalysis.com/stocks/mxl/history/,D:\drive\Investment\备份\项目反思_2026-09-04\data\secondary_price_raw\MXL.html
MXL,2026-07-20,75.01,75.01000213623047,-2.847927482729773e-08,https://stockanalysis.com/stocks/mxl/history/,D:\drive\Investment\备份\项目反思_2026-09-04\data\secondary_price_raw\MXL.html
MXL,2026-07-17,71.84,71.83999633789062,5.097591260216916e-08,https://stockanalysis.com/stocks/mxl/history/,D:\drive\Investment\备份\项目反思_2026-09-04\data\secondary_price_raw\MXL.html
MXL,2026-07-16,74.4,74.4000015258789,-2.0509124620815555e-08,https://stockanalysis.com/stocks/mxl/history/,D:\drive\Investment\备份\项目反思_2026-09-04\data\secondary_price_raw\MXL.html
MXL,2026-07-15,88.84,88.83999633789062,4.122140406792596e-08,https://stockanalysis.com/stocks/mxl/history/,D:\drive\Investment\备份\项目反思_2026-09-04\data\secondary_price_raw\MXL.html
MXL,2026-07-14,92.59,92.58999633789062,3.9551890207434326e-08,https://stockanalysis.com/stocks/mxl/history/,D:\drive\Investment\备份\项目反思_2026-09-04\data\secondary_price_raw\MXL.html
MXL,2026-07-13,89.3,89.30000305175781,-3.417421845508528e-08,https://stockanalysis.com/stocks/mxl/history/,D:\drive\Investment\备份\项目反思_2026-09-04\data\secondary_price_raw\MXL.html
MYRG,2026-09-04,286.59,286.5899963378906,1.2778217595155184e-08,https://stockanalysis.com/stocks/myrg/history/,D:\drive\Investment\备份\项目反思_2026-09-04\data\secondary_price_raw\MYRG.html
MYRG,2026-09-03,284.1,284.1000061035156,-2.1483686940548807e-08,https://stockanalysis.com/stocks/myrg/history/,D:\drive\Investment\备份\项目反思_2026-09-04\data\secondary_price_raw\MYRG.html
MYRG,2026-09-02,282.65,282.6499938964844,2.1593899557359464e-08,https://stockanalysis.com/stocks/myrg/history/,D:\drive\Investment\备份\项目反思_2026-09-04\data\secondary_price_raw\MYRG.html
MYRG,2026-09-01,286.46,286.4599914550781,2.98293727496457e-08,https://stockanalysis.com/stocks/myrg/history/,D:\drive\Investment\备份\项目反思_2026-09-04\data\secondary_price_raw\MYRG.html
MYRG,2026-08-31,291.42,291.4200134277344,-4.607691217461962e-08,https://stockanalysis.com/stocks/myrg/history/,D:\drive\Investment\备份\项目反思_2026-09-04\data\secondary_price_raw\MYRG.html
MYRG,2026-08-28,294.42,294.4200134277344,-4.56074102928028e-08,https://stockanalysis.com/stocks/myrg/history/,D:\drive\Investment\备份\项目反思_2026-09-04\data\secondary_price_raw\MYRG.html
MYRG,2026-08-27,309.39,309.3900146484375,-4.734618708202021e-08,https://stockanalysis.com/stocks/myrg/history/,D:\drive\Investment\备份\项目反思_2026-09-04\data\secondary_price_raw\MYRG.html
MYRG,2026-08-26,312.83,312.8299865722656,4.29234245924448e-08,https://stockanalysis.com/stocks/myrg/history/,D:\drive\Investment\备份\项目反思_2026-09-04\data\secondary_price_raw\MYRG.html
MYRG,2026-08-25,296.14,296.1400146484375,-4.946456677590305e-08,https://stockanalysis.com/stocks/myrg/history/,D:\drive\Investment\备份\项目反思_2026-09-04\data\secondary_price_raw\MYRG.html
MYRG,2026-08-24,305.27,305.2699890136719,3.598889009026607e-08,https://stockanalysis.com/stocks/myrg/history/,D:\drive\Investment\备份\项目反思_2026-09-04\data\secondary_price_raw\MYRG.html
MYRG,2026-08-21,310.87,310.8699951171875,1.570692753638525e-08,https://stockanalysis.com/stocks/myrg/history/,D:\drive\Investment\备份\项目反思_2026-09-04\data\secondary_price_raw\MYRG.html
MYRG,2026-08-20,318.0,318.0,0.0,https://stockanalysis.com/stocks/myrg/history/,D:\drive\Investment\备份\项目反思_2026-09-04\data\secondary_price_raw\MYRG.html
MYRG,2026-08-19,325.99,325.989990234375,2.995682479856043e-08,https://stockanalysis.com/stocks/myrg/history/,D:\drive\Investment\备份\项目反思_2026-09-04\data\secondary_price_raw\MYRG.html
MYRG,2026-08-18,323.89,323.8900146484375,-4.522657959249443e-08,https://stockanalysis.com/stocks/myrg/history/,D:\drive\Investment\备份\项目反思_2026-09-04\data\secondary_price_raw\MYRG.html
MYRG,2026-08-17,340.78,340.7799987792969,3.582085517095379e-09,https://stockanalysis.com/stocks/myrg/history/,D:\drive\Investment\备份\项目反思_2026-09-04\data\secondary_price_raw\MYRG.html
MYRG,2026-08-14,334.39,334.3900146484375,-4.38064441388164e-08,https://stockanalysis.com/stocks/myrg/history/,D:\drive\Investment\备份\项目反思_2026-09-04\data\secondary_price_raw\MYRG.html
MYRG,2026-08-13,327.28,327.2799987792969,3.729843323085902e-09,https://stockanalysis.com/stocks/myrg/history/,D:\drive\Investment\备份\项目反思_2026-09-04\data\secondary_price_raw\MYRG.html
MYRG,2026-08-12,332.68,332.67999267578125,2.2015807843445145e-08,https://stockanalysis.com/stocks/myrg/history/,D:\drive\Investment\备份\项目反思_2026-09-04\data\secondary_price_raw\MYRG.html
MYRG,2026-08-11,329.94,329.94000244140625,-7.399546086972464e-09,https://stockanalysis.com/stocks/myrg/history/,D:\drive\Investment\备份\项目反思_2026-09-04\data\secondary_price_raw\MYRG.html
MYRG,2026-08-10,330.31,330.3099975585937,7.391257605959822e-09,https://stockanalysis.com/stocks/myrg/history/,D:\drive\Investment\备份\项目反思_2026-09-04\data\secondary_price_raw\MYRG.html
MYRG,2026-08-07,337.42,337.4200134277344,-3.979531093545319e-08,https://stockanalysis.com/stocks/myrg/history/,D:\drive\Investment\备份\项目反思_2026-09-04\data\secondary_price_raw\MYRG.html
MYRG,2026-08-06,331.13,331.1300048828125,-1.4745907717106377e-08,https://stockanalysis.com/stocks/myrg/history/,D:\drive\Investment\备份\项目反思_2026-09-04\data\secondary_price_raw\MYRG.html
MYRG,2026-08-05,333.77,333.7699890136719,3.291586558873405e-08,https://stockanalysis.com/stocks/myrg/history/,D:\drive\Investment\备份\项目反思_2026-09-04\data\secondary_price_raw\MYRG.html
MYRG,2026-08-04,340.33,340.3299865722656,3.9455043232550224e-08,https://stockanalysis.com/stocks/myrg/history/,D:\drive\Investment\备份\项目反思_2026-09-04\data\secondary_price_raw\MYRG.html
MYRG,2026-08-03,338.14,338.1400146484375,-4.3320627196585804e-08,https://stockanalysis.com/stocks/myrg/history/,D:\drive\Investment\备份\项目反思_2026-09-04\data\secondary_price_raw\MYRG.html
MYRG,2026-07-31,333.22,333.2200012207031,-3.6633548416986628e-09,https://stockanalysis.com/stocks/myrg/history/,D:\drive\Investment\备份\项目反思_2026-09-04\data\secondary_price_raw\MYRG.html
MYRG,2026-07-30,330.84,330.8399963378906,1.1069125172014083e-08,https://stockanalysis.com/stocks/myrg/history/,D:\drive\Investment\备份\项目反思_2026-09-04\data\secondary_price_raw\MYRG.html
MYRG,2026-07-29,322.06,322.0599975585937,7.580594596490187e-09,https://stockanalysis.com/stocks/myrg/history/,D:\drive\Investment\备份\项目反思_2026-09-04\data\secondary_price_raw\MYRG.html
MYRG,2026-07-28,340.72,340.7200012207031,-3.5827162347956687e-09,https://stockanalysis.com/stocks/myrg/history/,D:\drive\Investment\备份\项目反思_2026-09-04\data\secondary_price_raw\MYRG.html
MYRG,2026-07-27,369.0,369.0,0.0,https://stockanalysis.com/stocks/myrg/history/,D:\drive\Investment\备份\项目反思_2026-09-04\data\secondary_price_raw\MYRG.html
MYRG,2026-07-24,379.17,379.1700134277344,-3.5413492360802934e-08,https://stockanalysis.com/stocks/myrg/history/,D:\drive\Investment\备份\项目反思_2026-09-04\data\secondary_price_raw\MYRG.html
MYRG,2026-07-23,407.4,407.3999938964844,1.4981629048449463e-08,https://stockanalysis.com/stocks/myrg/history/,D:\drive\Investment\备份\项目反思_2026-09-04\data\secondary_price_raw\MYRG.html
MYRG,2026-07-22,409.07,409.0700073242188,-1.790456083394787e-08,https://stockanalysis.com/stocks/myrg/history/,D:\drive\Investment\备份\项目反思_2026-09-04\data\secondary_price_raw\MYRG.html
MYRG,2026-07-21,400.1,400.1000061035156,-1.525497506094098e-08,https://stockanalysis.com/stocks/myrg/history/,D:\drive\Investment\备份\项目反思_2026-09-04\data\secondary_price_raw\MYRG.html
MYRG,2026-07-20,390.32,390.3200073242188,-1.8764651277258793e-08,https://stockanalysis.com/stocks/myrg/history/,D:\drive\Investment\备份\项目反思_2026-09-04\data\secondary_price_raw\MYRG.html
MYRG,2026-07-17,391.51,391.510009765625,-2.494348738668606e-08,https://stockanalysis.com/stocks/myrg/history/,D:\drive\Investment\备份\项目反思_2026-09-04\data\secondary_price_raw\MYRG.html
MYRG,2026-07-16,398.81,398.80999755859375,6.121727791352782e-09,https://stockanalysis.com/stocks/myrg/history/,D:\drive\Investment\备份\项目反思_2026-09-04\data\secondary_price_raw\MYRG.html
MYRG,2026-07-15,414.98,414.9800109863281,-2.6474354930527966e-08,https://stockanalysis.com/stocks/myrg/history/,D:\drive\Investment\备份\项目反思_2026-09-04\data\secondary_price_raw\MYRG.html
MYRG,2026-07-14,419.04,419.0400085449219,-2.0391661137431072e-08,https://stockanalysis.com/stocks/myrg/history/,D:\drive\Investment\备份\项目反思_2026-09-04\data\secondary_price_raw\MYRG.html
MYRG,2026-07-13,411.89,411.8900146484375,-3.556395400394763e-08,https://stockanalysis.com/stocks/myrg/history/,D:\drive\Investment\备份\项目反思_2026-09-04\data\secondary_price_raw\MYRG.html
NTNX,2026-09-04,68.06,68.05999755859375,3.587138319716132e-08,https://stockanalysis.com/stocks/ntnx/history/,D:\drive\Investment\备份\项目反思_2026-09-04\data\secondary_price_raw\NTNX.html
NTNX,2026-09-03,68.08,68.08000183105469,-2.689563216584645e-08,https://stockanalysis.com/stocks/ntnx/history/,D:\drive\Investment\备份\项目反思_2026-09-04\data\secondary_price_raw\NTNX.html
NTNX,2026-09-02,66.85,66.8499984741211,2.2825414225380314e-08,https://stockanalysis.com/stocks/ntnx/history/,D:\drive\Investment\备份\项目反思_2026-09-04\data\secondary_price_raw\NTNX.html
NTNX,2026-09-01,66.69,66.69000244140625,-3.6608279518901554e-08,https://stockanalysis.com/stocks/ntnx/history/,D:\drive\Investment\备份\项目反思_2026-09-04\data\secondary_price_raw\NTNX.html
NTNX,2026-08-31,68.57,68.56999969482422,4.450572799186148e-09,https://stockanalysis.com/stocks/ntnx/history/,D:\drive\Investment\备份\项目反思_2026-09-04\data\secondary_price_raw\NTNX.html
NTNX,2026-08-28,69.16,69.16000366210938,-5.295126059845501e-08,https://stockanalysis.com/stocks/ntnx/history/,D:\drive\Investment\备份\项目反思_2026-09-04\data\secondary_price_raw\NTNX.html
NTNX,2026-08-27,69.84,69.83999633789062,5.243570400104147e-08,https://stockanalysis.com/stocks/ntnx/history/,D:\drive\Investment\备份\项目反思_2026-09-04\data\secondary_price_raw\NTNX.html
NTNX,2026-08-26,65.39,65.38999938964844,9.33402000136141e-09,https://stockanalysis.com/stocks/ntnx/history/,D:\drive\Investment\备份\项目反思_2026-09-04\data\secondary_price_raw\NTNX.html
NTNX,2026-08-25,66.44,66.44000244140625,-3.6746028886369686e-08,https://stockanalysis.com/stocks/ntnx/history/,D:\drive\Investment\备份\项目反思_2026-09-04\data\secondary_price_raw\NTNX.html
NTNX,2026-08-24,66.68,66.68000030517578,-4.576721224225366e-09,https://stockanalysis.com/stocks/ntnx/history/,D:\drive\Investment\备份\项目反思_2026-09-04\data\secondary_price_raw\NTNX.html
NTNX,2026-08-21,67.64,67.63999938964844,9.023529923268825e-09,https://stockanalysis.com/stocks/ntnx/history/,D:\drive\Investment\备份\项目反思_2026-09-04\data\secondary_price_raw\NTNX.html
NTNX,2026-08-20,66.33,66.33000183105469,-2.7605225993987403e-08,https://stockanalysis.com/stocks/ntnx/history/,D:\drive\Investment\备份\项目反思_2026-09-04\data\secondary_price_raw\NTNX.html
NTNX,2026-08-19,65.42,65.41999816894531,2.7989219608670624e-08,https://stockanalysis.com/stocks/ntnx/history/,D:\drive\Investment\备份\项目反思_2026-09-04\data\secondary_price_raw\NTNX.html
NTNX,2026-08-18,65.83,65.83000183105469,-2.7814896497169173e-08,https://stockanalysis.com/stocks/ntnx/history/,D:\drive\Investment\备份\项目反思_2026-09-04\data\secondary_price_raw\NTNX.html
NTNX,2026-08-17,65.66,65.66000366210938,-5.577382233834527e-08,https://stockanalysis.com/stocks/ntnx/history/,D:\drive\Investment\备份\项目反思_2026-09-04\data\secondary_price_raw\NTNX.html
NTNX,2026-08-14,66.61,66.6050033569336,7.501903482576289e-05,https://stockanalysis.com/stocks/ntnx/history/,D:\drive\Investment\备份\项目反思_2026-09-04\data\secondary_price_raw\NTNX.html
NTNX,2026-08-13,67.95,67.94999694824219,4.4911816710069274e-08,https://stockanalysis.com/stocks/ntnx/history/,D:\drive\Investment\备份\项目反思_2026-09-04\data\secondary_price_raw\NTNX.html
NTNX,2026-08-12,64.65,64.6500015258789,-2.3602147902757054e-08,https://stockanalysis.com/stocks/ntnx/history/,D:\drive\Investment\备份\项目反思_2026-09-04\data\secondary_price_raw\NTNX.html
NTNX,2026-08-11,64.32,64.31999969482422,4.744648229859649e-09,https://stockanalysis.com/stocks/ntnx/history/,D:\drive\Investment\备份\项目反思_2026-09-04\data\secondary_price_raw\NTNX.html
NTNX,2026-08-10,64.46,64.45999908447266,1.420303052945826e-08,https://stockanalysis.com/stocks/ntnx/history/,D:\drive\Investment\备份\项目反思_2026-09-04\data\secondary_price_raw\NTNX.html
NTNX,2026-08-07,62.67,62.66999816894531,2.9217404495796018e-08,https://stockanalysis.com/stocks/ntnx/history/,D:\drive\Investment\备份\项目反思_2026-09-04\data\secondary_price_raw\NTNX.html
NTNX,2026-08-06,60.12,60.119998931884766,1.7766388138440448e-08,https://stockanalysis.com/stocks/ntnx/history/,D:\drive\Investment\备份\项目反思_2026-09-04\data\secondary_price_raw\NTNX.html
NTNX,2026-08-05,60.96,60.959999084472656,1.5018493337848327e-08,https://stockanalysis.com/stocks/ntnx/history/,D:\drive\Investment\备份\项目反思_2026-09-04\data\secondary_price_raw\NTNX.html
NTNX,2026-08-04,61.5,61.5,0.0,https://stockanalysis.com/stocks/ntnx/history/,D:\drive\Investment\备份\项目反思_2026-09-04\data\secondary_price_raw\NTNX.html
NTNX,2026-08-03,61.06,61.060001373291016,-2.249084474215124e-08,https://stockanalysis.com/stocks/ntnx/history/,D:\drive\Investment\备份\项目反思_2026-09-04\data\secondary_price_raw\NTNX.html
NTNX,2026-07-31,59.01,59.0099983215332,2.844376956190331e-08,https://stockanalysis.com/stocks/ntnx/history/,D:\drive\Investment\备份\项目反思_2026-09-04\data\secondary_price_raw\NTNX.html
NTNX,2026-07-30,59.26,59.2599983215332,2.8323773992866563e-08,https://stockanalysis.com/stocks/ntnx/history/,D:\drive\Investment\备份\项目反思_2026-09-04\data\secondary_price_raw\NTNX.html
NTNX,2026-07-29,59.57,59.56999969482422,5.122977819738139e-09,https://stockanalysis.com/stocks/ntnx/history/,D:\drive\Investment\备份\项目反思_2026-09-04\data\secondary_price_raw\NTNX.html
NTNX,2026-07-28,59.05,59.04999923706055,1.2920227998591827e-08,https://stockanalysis.com/stocks/ntnx/history/,D:\drive\Investment\备份\项目反思_2026-09-04\data\secondary_price_raw\NTNX.html
NTNX,2026-07-27,56.85,56.84999847412109,2.6840438982489445e-08,https://stockanalysis.com/stocks/ntnx/history/,D:\drive\Investment\备份\项目反思_2026-09-04\data\secondary_price_raw\NTNX.html
NTNX,2026-07-24,55.04,55.040000915527344,-1.6633854071912424e-08,https://stockanalysis.com/stocks/ntnx/history/,D:\drive\Investment\备份\项目反思_2026-09-04\data\secondary_price_raw\NTNX.html
NTNX,2026-07-23,52.63,52.630001068115234,-2.0294797842268508e-08,https://stockanalysis.com/stocks/ntnx/history/,D:\drive\Investment\备份\项目反思_2026-09-04\data\secondary_price_raw\NTNX.html
NTNX,2026-07-22,53.36,53.36000061035156,-1.1438372471417324e-08,https://stockanalysis.com/stocks/ntnx/history/,D:\drive\Investment\备份\项目反思_2026-09-04\data\secondary_price_raw\NTNX.html
NTNX,2026-07-21,54.19,54.18999862670898,2.534214904592602e-08,https://stockanalysis.com/stocks/ntnx/history/,D:\drive\Investment\备份\项目反思_2026-09-04\data\secondary_price_raw\NTNX.html
NTNX,2026-07-20,55.11,55.11000061035156,-1.107515068543563e-08,https://stockanalysis.com/stocks/ntnx/history/,D:\drive\Investment\备份\项目反思_2026-09-04\data\secondary_price_raw\NTNX.html
NTNX,2026-07-17,55.08,55.08000183105469,-3.324354813649677e-08,https://stockanalysis.com/stocks/ntnx/history/,D:\drive\Investment\备份\项目反思_2026-09-04\data\secondary_price_raw\NTNX.html
NTNX,2026-07-16,55.85,55.84999847412109,2.7321019890891307e-08,https://stockanalysis.com/stocks/ntnx/history/,D:\drive\Investment\备份\项目反思_2026-09-04\data\secondary_price_raw\NTNX.html
NTNX,2026-07-15,54.59,54.59000015258789,-2.7951618797317224e-09,https://stockanalysis.com/stocks/ntnx/history/,D:\drive\Investment\备份\项目反思_2026-09-04\data\secondary_price_raw\NTNX.html
NTNX,2026-07-14,55.47,55.470001220703125,-2.2006545918884513e-08,https://stockanalysis.com/stocks/ntnx/history/,D:\drive\Investment\备份\项目反思_2026-09-04\data\secondary_price_raw\NTNX.html
NTNX,2026-07-13,55.22,55.220001220703125,-2.210617711106977e-08,https://stockanalysis.com/stocks/ntnx/history/,D:\drive\Investment\备份\项目反思_2026-09-04\data\secondary_price_raw\NTNX.html
NVDA,2026-09-04,230.36,230.3600006103516,-2.649555352896016e-09,https://stockanalysis.com/stocks/nvda/history/,D:\drive\Investment\备份\项目反思_2026-09-04\data\secondary_price_raw\NVDA.html
NVDA,2026-09-03,228.45,228.4499969482422,1.335853738737569e-08,https://stockanalysis.com/stocks/nvda/history/,D:\drive\Investment\备份\项目反思_2026-09-04\data\secondary_price_raw\NVDA.html
NVDA,2026-09-02,224.41,224.41000366210935,-1.631883295161174e-08,https://stockanalysis.com/stocks/nvda/history/,D:\drive\Investment\备份\项目反思_2026-09-04\data\secondary_price_raw\NVDA.html
NVDA,2026-09-01,217.44,217.44000244140625,-1.1227953566894655e-08,https://stockanalysis.com/stocks/nvda/history/,D:\drive\Investment\备份\项目反思_2026-09-04\data\secondary_price_raw\NVDA.html
NVDA,2026-08-31,220.78,220.77999877929688,5.529047664154518e-09,https://stockanalysis.com/stocks/nvda/history/,D:\drive\Investment\备份\项目反思_2026-09-04\data\secondary_price_raw\NVDA.html
NVDA,2026-08-28,217.55,217.5500030517578,-1.4027845329778188e-08,https://stockanalysis.com/stocks/nvda/history/,D:\drive\Investment\备份\项目反思_2026-09-04\data\secondary_price_raw\NVDA.html
NVDA,2026-08-27,227.98,227.97999572753903,1.8740508034298387e-08,https://stockanalysis.com/stocks/nvda/history/,D:\drive\Investment\备份\项目反思_2026-09-04\data\secondary_price_raw\NVDA.html
NVDA,2026-08-26,209.66,209.66000366210935,-1.7466895374518288e-08,https://stockanalysis.com/stocks/nvda/history/,D:\drive\Investment\备份\项目反思_2026-09-04\data\secondary_price_raw\NVDA.html
NVDA,2026-08-25,213.05,213.0500030517578,-1.4324138764010286e-08,https://stockanalysis.com/stocks/nvda/history/,D:\drive\Investment\备份\项目反思_2026-09-04\data\secondary_price_raw\NVDA.html
NVDA,2026-08-24,208.48,208.47999572753903,2.049338565512926e-08,https://stockanalysis.com/stocks/nvda/history/,D:\drive\Investment\备份\项目反思_2026-09-04\data\secondary_price_raw\NVDA.html
NVDA,2026-08-21,214.72,214.72000122070312,-5.6850927299123555e-09,https://stockanalysis.com/stocks/nvda/history/,D:\drive\Investment\备份\项目反思_2026-09-04\data\secondary_price_raw\NVDA.html
NVDA,2026-08-20,216.85,216.8500061035156,-2.814625510438873e-08,https://stockanalysis.com/stocks/nvda/history/,D:\drive\Investment\备份\项目反思_2026-09-04\data\secondary_price_raw\NVDA.html
NVDA,2026-08-19,217.56,217.55999755859372,1.1221760853885598e-08,https://stockanalysis.com/stocks/nvda/history/,D:\drive\Investment\备份\项目反思_2026-09-04\data\secondary_price_raw\NVDA.html
NVDA,2026-08-18,219.74,219.7400054931641,-2.4998470626869107e-08,https://stockanalysis.com/stocks/nvda/history/,D:\drive\Investment\备份\项目反思_2026-09-04\data\secondary_price_raw\NVDA.html
NVDA,2026-08-17,225.01,225.00999450683597,2.441297786148766e-08,https://stockanalysis.com/stocks/nvda/history/,D:\drive\Investment\备份\项目反思_2026-09-04\data\secondary_price_raw\NVDA.html
NVDA,2026-08-14,225.16,225.16000366210935,-1.626447543312537e-08,https://stockanalysis.com/stocks/nvda/history/,D:\drive\Investment\备份\项目反思_2026-09-04\data\secondary_price_raw\NVDA.html
NVDA,2026-08-13,225.3,225.3000030517578,-1.354530743125082e-08,https://stockanalysis.com/stocks/nvda/history/,D:\drive\Investment\备份\项目反思_2026-09-04\data\secondary_price_raw\NVDA.html
NVDA,2026-08-12,224.09,224.08999633789065,1.6342136754943226e-08,https://stockanalysis.com/stocks/nvda/history/,D:\drive\Investment\备份\项目反思_2026-09-04\data\secondary_price_raw\NVDA.html
NVDA,2026-08-11,217.5,217.5,0.0,https://stockanalysis.com/stocks/nvda/history/,D:\drive\Investment\备份\项目反思_2026-09-04\data\secondary_price_raw\NVDA.html
NVDA,2026-08-10,217.55,217.5500030517578,-1.4027845329778188e-08,https://stockanalysis.com/stocks/nvda/history/,D:\drive\Investment\备份\项目反思_2026-09-04\data\secondary_price_raw\NVDA.html
NVDA,2026-08-07,223.96,223.9600067138672,-2.997797365900112e-08,https://stockanalysis.com/stocks/nvda/history/,D:\drive\Investment\备份\项目反思_2026-09-04\data\secondary_price_raw\NVDA.html
NVDA,2026-08-06,218.99,218.9900054931641,-2.5084085808479983e-08,https://stockanalysis.com/stocks/nvda/history/,D:\drive\Investment\备份\项目反思_2026-09-04\data\secondary_price_raw\NVDA.html
NVDA,2026-08-05,219.22,219.22000122070312,-5.568393079968814e-09,https://stockanalysis.com/stocks/nvda/history/,D:\drive\Investment\备份\项目反思_2026-09-04\data\secondary_price_raw\NVDA.html
NVDA,2026-08-04,211.94,211.94000244140625,-1.1519327269837731e-08,https://stockanalysis.com/stocks/nvda/history/,D:\drive\Investment\备份\项目反思_2026-09-04\data\secondary_price_raw\NVDA.html
NVDA,2026-08-03,206.64,206.63999938964844,2.953695066310047e-09,https://stockanalysis.com/stocks/nvda/history/,D:\drive\Investment\备份\项目反思_2026-09-04\data\secondary_price_raw\NVDA.html
NVDA,2026-07-31,200.75,200.75,0.0,https://stockanalysis.com/stocks/nvda/history/,D:\drive\Investment\备份\项目反思_2026-09-04\data\secondary_price_raw\NVDA.html
NVDA,2026-07-30,195.04,195.0399932861328,3.4423028205665673e-08,https://stockanalysis.com/stocks/nvda/history/,D:\drive\Investment\备份\项目反思_2026-09-04\data\secondary_price_raw\NVDA.html
NVDA,2026-07-29,190.01,190.00999450683597,2.8909868943216566e-08,https://stockanalysis.com/stocks/nvda/history/,D:\drive\Investment\备份\项目反思_2026-09-04\data\secondary_price_raw\NVDA.html
NVDA,2026-07-28,197.01,197.00999450683597,2.7882666842060644e-08,https://stockanalysis.com/stocks/nvda/history/,D:\drive\Investment\备份\项目反思_2026-09-04\data\secondary_price_raw\NVDA.html
NVDA,2026-07-27,196.51,196.50999450683597,2.795361142560182e-08,https://stockanalysis.com/stocks/nvda/history/,D:\drive\Investment\备份\项目反思_2026-09-04\data\secondary_price_raw\NVDA.html
NVDA,2026-07-24,206.84,206.83999633789065,1.7705034771609007e-08,https://stockanalysis.com/stocks/nvda/history/,D:\drive\Investment\备份\项目反思_2026-09-04\data\secondary_price_raw\NVDA.html
NVDA,2026-07-23,208.76,208.75999450683597,2.6313298429059273e-08,https://stockanalysis.com/stocks/nvda/history/,D:\drive\Investment\备份\项目反思_2026-09-04\data\secondary_price_raw\NVDA.html
NVDA,2026-07-22,212.06,212.05999755859372,1.1512809150460157e-08,https://stockanalysis.com/stocks/nvda/history/,D:\drive\Investment\备份\项目反思_2026-09-04\data\secondary_price_raw\NVDA.html
NVDA,2026-07-21,207.29,207.2899932861328,3.2388766557645e-08,https://stockanalysis.com/stocks/nvda/history/,D:\drive\Investment\备份\项目反思_2026-09-04\data\secondary_price_raw\NVDA.html
NVDA,2026-07-20,203.28,203.27999877929688,6.005033137412852e-09,https://stockanalysis.com/stocks/nvda/history/,D:\drive\Investment\备份\项目反思_2026-09-04\data\secondary_price_raw\NVDA.html
NVDA,2026-07-17,202.81,202.80999755859372,1.2037899121963846e-08,https://stockanalysis.com/stocks/nvda/history/,D:\drive\Investment\备份\项目反思_2026-09-04\data\secondary_price_raw\NVDA.html
NVDA,2026-07-16,207.4,207.3999938964844,2.9428716352697393e-08,https://stockanalysis.com/stocks/nvda/history/,D:\drive\Investment\备份\项目反思_2026-09-04\data\secondary_price_raw\NVDA.html
NVDA,2026-07-15,212.5,212.5,0.0,https://stockanalysis.com/stocks/nvda/history/,D:\drive\Investment\备份\项目反思_2026-09-04\data\secondary_price_raw\NVDA.html
NVDA,2026-07-14,211.8,211.8000030517578,-1.440867680724267e-08,https://stockanalysis.com/stocks/nvda/history/,D:\drive\Investment\备份\项目反思_2026-09-04\data\secondary_price_raw\NVDA.html
NVDA,2026-07-13,203.53,203.52999877929688,5.997657037681847e-09,https://stockanalysis.com/stocks/nvda/history/,D:\drive\Investment\备份\项目反思_2026-09-04\data\secondary_price_raw\NVDA.html
NVT,2026-09-04,156.03,156.02999877929688,7.823515613125664e-09,https://stockanalysis.com/stocks/nvt/history/,D:\drive\Investment\备份\项目反思_2026-09-04\data\secondary_price_raw\NVT.html
NVT,2026-09-03,152.09,152.08999633789062,2.4078568472418738e-08,https://stockanalysis.com/stocks/nvt/history/,D:\drive\Investment\备份\项目反思_2026-09-04\data\secondary_price_raw\NVT.html
NVT,2026-09-02,148.17,148.1699981689453,1.2357796341788685e-08,https://stockanalysis.com/stocks/nvt/history/,D:\drive\Investment\备份\项目反思_2026-09-04\data\secondary_price_raw\NVT.html
NVT,2026-09-01,147.3,147.3000030517578,-2.0717975113271336e-08,https://stockanalysis.com/stocks/nvt/history/,D:\drive\Investment\备份\项目反思_2026-09-04\data\secondary_price_raw\NVT.html
NVT,2026-08-31,150.75,150.75,0.0,https://stockanalysis.com/stocks/nvt/history/,D:\drive\Investment\备份\项目反思_2026-09-04\data\secondary_price_raw\NVT.html
NVT,2026-08-28,148.48,148.47999572753906,2.8774656879448912e-08,https://stockanalysis.com/stocks/nvt/history/,D:\drive\Investment\备份\项目反思_2026-09-04\data\secondary_price_raw\NVT.html
NVT,2026-08-27,155.55,155.5500030517578,-1.961914330994574e-08,https://stockanalysis.com/stocks/nvt/history/,D:\drive\Investment\备份\项目反思_2026-09-04\data\secondary_price_raw\NVT.html
NVT,2026-08-26,155.23,155.22999572753906,2.7523423540287695e-08,https://stockanalysis.com/stocks/nvt/history/,D:\drive\Investment\备份\项目反思_2026-09-04\data\secondary_price_raw\NVT.html
NVT,2026-08-25,151.48,151.47999572753906,2.8204786506336177e-08,https://stockanalysis.com/stocks/nvt/history/,D:\drive\Investment\备份\项目反思_2026-09-04\data\secondary_price_raw\NVT.html
NVT,2026-08-24,153.35,153.35000610351562,-3.9801208884249206e-08,https://stockanalysis.com/stocks/nvt/history/,D:\drive\Investment\备份\项目反思_2026-09-04\data\secondary_price_raw\NVT.html
NVT,2026-08-21,151.98,151.97999572753906,2.8111995398205636e-08,https://stockanalysis.com/stocks/nvt/history/,D:\drive\Investment\备份\项目反思_2026-09-04\data\secondary_price_raw\NVT.html
NVT,2026-08-20,154.3,154.3000030517578,-1.9778079951571215e-08,https://stockanalysis.com/stocks/nvt/history/,D:\drive\Investment\备份\项目反思_2026-09-04\data\secondary_price_raw\NVT.html
NVT,2026-08-19,156.88,156.8800048828125,-3.112450508435671e-08,https://stockanalysis.com/stocks/nvt/history/,D:\drive\Investment\备份\项目反思_2026-09-04\data\secondary_price_raw\NVT.html
NVT,2026-08-18,164.63,164.6300048828125,-2.9659310896157365e-08,https://stockanalysis.com/stocks/nvt/history/,D:\drive\Investment\备份\项目反思_2026-09-04\data\secondary_price_raw\NVT.html
NVT,2026-08-17,177.21,177.2100067138672,-3.788650149161299e-08,https://stockanalysis.com/stocks/nvt/history/,D:\drive\Investment\备份\项目反思_2026-09-04\data\secondary_price_raw\NVT.html
NVT,2026-08-14,171.39,171.38999938964844,3.5611853466122056e-09,https://stockanalysis.com/stocks/nvt/history/,D:\drive\Investment\备份\项目反思_2026-09-04\data\secondary_price_raw\NVT.html
NVT,2026-08-13,170.01,170.00999450683594,3.231083023358394e-08,https://stockanalysis.com/stocks/nvt/history/,D:\drive\Investment\备份\项目反思_2026-09-04\data\secondary_price_raw\NVT.html
NVT,2026-08-12,171.16,171.16000366210938,-2.1395824334469182e-08,https://stockanalysis.com/stocks/nvt/history/,D:\drive\Investment\备份\项目反思_2026-09-04\data\secondary_price_raw\NVT.html
NVT,2026-08-11,167.16,167.16000366210938,-2.1907808678278684e-08,https://stockanalysis.com/stocks/nvt/history/,D:\drive\Investment\备份\项目反思_2026-09-04\data\secondary_price_raw\NVT.html
NVT,2026-08-10,162.33,162.3300018310547,-1.1279829070787173e-08,https://stockanalysis.com/stocks/nvt/history/,D:\drive\Investment\备份\项目反思_2026-09-04\data\secondary_price_raw\NVT.html
NVT,2026-08-07,164.69,164.69000244140625,-1.4824252936307403e-08,https://stockanalysis.com/stocks/nvt/history/,D:\drive\Investment\备份\项目反思_2026-09-04\data\secondary_price_raw\NVT.html
NVT,2026-08-06,163.3,163.3000030517578,-1.8688045000381237e-08,https://stockanalysis.com/stocks/nvt/history/,D:\drive\Investment\备份\项目反思_2026-09-04\data\secondary_price_raw\NVT.html
NVT,2026-08-05,162.04,162.0399932861328,4.1433395825407615e-08,https://stockanalysis.com/stocks/nvt/history/,D:\drive\Investment\备份\项目反思_2026-09-04\data\secondary_price_raw\NVT.html
NVT,2026-08-04,162.24,162.24000549316406,-3.3858258530194973e-08,https://stockanalysis.com/stocks/nvt/history/,D:\drive\Investment\备份\项目反思_2026-09-04\data\secondary_price_raw\NVT.html
NVT,2026-08-03,159.41,159.41000366210938,-2.2972895696860007e-08,https://stockanalysis.com/stocks/nvt/history/,D:\drive\Investment\备份\项目反思_2026-09-04\data\secondary_price_raw\NVT.html
NVT,2026-07-31,153.83,153.8300018310547,-1.1903105057164964e-08,https://stockanalysis.com/stocks/nvt/history/,D:\drive\Investment\备份\项目反思_2026-09-04\data\secondary_price_raw\NVT.html
NVT,2026-07-30,144.8,144.8000030517578,-2.107567498299545e-08,https://stockanalysis.com/stocks/nvt/history/,D:\drive\Investment\备份\项目反思_2026-09-04\data\secondary_price_raw\NVT.html
NVT,2026-07-29,133.61,133.61000061035156,-4.568157629947223e-09,https://stockanalysis.com/stocks/nvt/history/,D:\drive\Investment\备份\项目反思_2026-09-04\data\secondary_price_raw\NVT.html
NVT,2026-07-28,141.75,141.75,0.0,https://stockanalysis.com/stocks/nvt/history/,D:\drive\Investment\备份\项目反思_2026-09-04\data\secondary_price_raw\NVT.html
NVT,2026-07-27,149.29,149.2899932861328,4.4971983914621205e-08,https://stockanalysis.com/stocks/nvt/history/,D:\drive\Investment\备份\项目反思_2026-09-04\data\secondary_price_raw\NVT.html
NVT,2026-07-24,151.79,151.7899932861328,4.4231289741958335e-08,https://stockanalysis.com/stocks/nvt/history/,D:\drive\Investment\备份\项目反思_2026-09-04\data\secondary_price_raw\NVT.html
NVT,2026-07-23,158.78,158.77999877929688,7.688015779550028e-09,https://stockanalysis.com/stocks/nvt/history/,D:\drive\Investment\备份\项目反思_2026-09-04\data\secondary_price_raw\NVT.html
NVT,2026-07-22,158.47,158.47000122070312,-7.703054971663903e-09,https://stockanalysis.com/stocks/nvt/history/,D:\drive\Investment\备份\项目反思_2026-09-04\data\secondary_price_raw\NVT.html
NVT,2026-07-21,160.68,160.67999267578125,4.558264299348025e-08,https://stockanalysis.com/stocks/nvt/history/,D:\drive\Investment\备份\项目反思_2026-09-04\data\secondary_price_raw\NVT.html
NVT,2026-07-20,154.78,154.77999877929688,7.886698183412477e-09,https://stockanalysis.com/stocks/nvt/history/,D:\drive\Investment\备份\项目反思_2026-09-04\data\secondary_price_raw\NVT.html
NVT,2026-07-17,154.92,154.9199981689453,1.1819356382503088e-08,https://stockanalysis.com/stocks/nvt/history/,D:\drive\Investment\备份\项目反思_2026-09-04\data\secondary_price_raw\NVT.html
NVT,2026-07-16,153.65,153.64999389648438,3.972350071101971e-08,https://stockanalysis.com/stocks/nvt/history/,D:\drive\Investment\备份\项目反思_2026-09-04\data\secondary_price_raw\NVT.html
NVT,2026-07-15,159.46,159.4600067138672,-4.2103768360668425e-08,https://stockanalysis.com/stocks/nvt/history/,D:\drive\Investment\备份\项目反思_2026-09-04\data\secondary_price_raw\NVT.html
NVT,2026-07-14,161.78,161.77999877929688,7.545451374824097e-09,https://stockanalysis.com/stocks/nvt/history/,D:\drive\Investment\备份\项目反思_2026-09-04\data\secondary_price_raw\NVT.html
NVT,2026-07-13,158.02,158.02000427246094,-2.7037468708357437e-08,https://stockanalysis.com/stocks/nvt/history/,D:\drive\Investment\备份\项目反思_2026-09-04\data\secondary_price_raw\NVT.html
ORCL,2026-09-04,158.78,158.77999877929688,7.688015779550028e-09,https://stockanalysis.com/stocks/orcl/history/,D:\drive\Investment\备份\项目反思_2026-09-04\data\secondary_price_raw\ORCL.html
ORCL,2026-09-03,154.04,154.0399932861328,4.3585221209951897e-08,https://stockanalysis.com/stocks/orcl/history/,D:\drive\Investment\备份\项目反思_2026-09-04\data\secondary_price_raw\ORCL.html
ORCL,2026-09-02,145.75,145.75,0.0,https://stockanalysis.com/stocks/orcl/history/,D:\drive\Investment\备份\项目反思_2026-09-04\data\secondary_price_raw\ORCL.html
ORCL,2026-09-01,141.32,141.32000732421875,-5.182718920693219e-08,https://stockanalysis.com/stocks/orcl/history/,D:\drive\Investment\备份\项目反思_2026-09-04\data\secondary_price_raw\ORCL.html
ORCL,2026-08-31,149.12,149.1199951171875,3.274418358678588e-08,https://stockanalysis.com/stocks/orcl/history/,D:\drive\Investment\备份\项目反思_2026-09-04\data\secondary_price_raw\ORCL.html
ORCL,2026-08-28,150.85,150.85000610351562,-4.0460824579646726e-08,https://stockanalysis.com/stocks/orcl/history/,D:\drive\Investment\备份\项目反思_2026-09-04\data\secondary_price_raw\ORCL.html
ORCL,2026-08-27,151.94,151.94000244140625,-1.606822574995448e-08,https://stockanalysis.com/stocks/orcl/history/,D:\drive\Investment\备份\项目反思_2026-09-04\data\secondary_price_raw\ORCL.html
ORCL,2026-08-26,148.87,148.8699951171875,3.2799171600927934e-08,https://stockanalysis.com/stocks/orcl/history/,D:\drive\Investment\备份\项目反思_2026-09-04\data\secondary_price_raw\ORCL.html
ORCL,2026-08-25,144.76,144.75999450683594,3.794669978240961e-08,https://stockanalysis.com/stocks/orcl/history/,D:\drive\Investment\备份\项目反思_2026-09-04\data\secondary_price_raw\ORCL.html
ORCL,2026-08-24,142.45,142.4499969482422,2.1423361751260472e-08,https://stockanalysis.com/stocks/orcl/history/,D:\drive\Investment\备份\项目反思_2026-09-04\data\secondary_price_raw\ORCL.html
ORCL,2026-08-21,146.47,146.47000122070312,-8.334151146982549e-09,https://stockanalysis.com/stocks/orcl/history/,D:\drive\Investment\备份\项目反思_2026-09-04\data\secondary_price_raw\ORCL.html
ORCL,2026-08-20,142.07,142.07000732421875,-5.1553588953368035e-08,https://stockanalysis.com/stocks/orcl/history/,D:\drive\Investment\备份\项目反思_2026-09-04\data\secondary_price_raw\ORCL.html
ORCL,2026-08-19,143.81,143.80999755859375,1.697661011768048e-08,https://stockanalysis.com/stocks/orcl/history/,D:\drive\Investment\备份\项目反思_2026-09-04\data\secondary_price_raw\ORCL.html
ORCL,2026-08-18,142.79,142.7899932861328,4.701917144522838e-08,https://stockanalysis.com/stocks/orcl/history/,D:\drive\Investment\备份\项目反思_2026-09-04\data\secondary_price_raw\ORCL.html
ORCL,2026-08-17,146.65,146.64999389648438,4.1619610424703524e-08,https://stockanalysis.com/stocks/orcl/history/,D:\drive\Investment\备份\项目反思_2026-09-04\data\secondary_price_raw\ORCL.html
ORCL,2026-08-14,150.52,150.52000427246094,-2.8384671835191e-08,https://stockanalysis.com/stocks/orcl/history/,D:\drive\Investment\备份\项目反思_2026-09-04\data\secondary_price_raw\ORCL.html
ORCL,2026-08-13,156.22,156.22000122070312,-7.81400022464851e-09,https://stockanalysis.com/stocks/orcl/history/,D:\drive\Investment\备份\项目反思_2026-09-04\data\secondary_price_raw\ORCL.html
ORCL,2026-08-12,153.28,153.27999877929688,7.963877557415344e-09,https://stockanalysis.com/stocks/orcl/history/,D:\drive\Investment\备份\项目反思_2026-09-04\data\secondary_price_raw\ORCL.html
ORCL,2026-08-11,145.48,145.47999572753906,2.9368030229903752e-08,https://stockanalysis.com/stocks/orcl/history/,D:\drive\Investment\备份\项目反思_2026-09-04\data\secondary_price_raw\ORCL.html
ORCL,2026-08-10,151.05,151.0500030517578,-2.0203626216463988e-08,https://stockanalysis.com/stocks/orcl/history/,D:\drive\Investment\备份\项目反思_2026-09-04\data\secondary_price_raw\ORCL.html
ORCL,2026-08-07,147.02,147.02000427246094,-2.906040541539312e-08,https://stockanalysis.com/stocks/orcl/history/,D:\drive\Investment\备份\项目反思_2026-09-04\data\secondary_price_raw\ORCL.html
ORCL,2026-08-06,143.47,143.47000122070312,-8.50842063471191e-09,https://stockanalysis.com/stocks/orcl/history/,D:\drive\Investment\备份\项目反思_2026-09-04\data\secondary_price_raw\ORCL.html
ORCL,2026-08-05,144.39,144.38999938964844,4.227104000165127e-09,https://stockanalysis.com/stocks/orcl/history/,D:\drive\Investment\备份\项目反思_2026-09-04\data\secondary_price_raw\ORCL.html
ORCL,2026-08-04,145.74,145.74000549316406,-3.769153178456719e-08,https://stockanalysis.com/stocks/orcl/history/,D:\drive\Investment\备份\项目反思_2026-09-04\data\secondary_price_raw\ORCL.html
ORCL,2026-08-03,141.85,141.85000610351562,-4.302795464372622e-08,https://stockanalysis.com/stocks/orcl/history/,D:\drive\Investment\备份\项目反思_2026-09-04\data\secondary_price_raw\ORCL.html
ORCL,2026-07-31,129.87,129.8699951171875,3.7597695401458964e-08,https://stockanalysis.com/stocks/orcl/history/,D:\drive\Investment\备份\项目反思_2026-09-04\data\secondary_price_raw\ORCL.html
ORCL,2026-07-30,127.56,127.55999755859376,1.913927794028325e-08,https://stockanalysis.com/stocks/orcl/history/,D:\drive\Investment\备份\项目反思_2026-09-04\data\secondary_price_raw\ORCL.html
ORCL,2026-07-29,117.74,117.73999786376952,1.814362593499652e-08,https://stockanalysis.com/stocks/orcl/history/,D:\drive\Investment\备份\项目反思_2026-09-04\data\secondary_price_raw\ORCL.html
ORCL,2026-07-28,119.96,119.95999908447266,7.631938414576211e-09,https://stockanalysis.com/stocks/orcl/history/,D:\drive\Investment\备份\项目反思_2026-09-04\data\secondary_price_raw\ORCL.html
ORCL,2026-07-27,119.9,119.9000015258789,-1.2726262599294103e-08,https://stockanalysis.com/stocks/orcl/history/,D:\drive\Investment\备份\项目反思_2026-09-04\data\secondary_price_raw\ORCL.html
ORCL,2026-07-24,114.99,114.98999786376952,1.857753306744314e-08,https://stockanalysis.com/stocks/orcl/history/,D:\drive\Investment\备份\项目反思_2026-09-04\data\secondary_price_raw\ORCL.html
ORCL,2026-07-23,120.04,120.04000091552734,-7.626852149833496e-09,https://stockanalysis.com/stocks/orcl/history/,D:\drive\Investment\备份\项目反思_2026-09-04\data\secondary_price_raw\ORCL.html
ORCL,2026-07-22,125.84,125.83999633789062,2.9101315135449113e-08,https://stockanalysis.com/stocks/orcl/history/,D:\drive\Investment\备份\项目反思_2026-09-04\data\secondary_price_raw\ORCL.html
ORCL,2026-07-21,127.05,127.0500030517578,-2.4020131661472988e-08,https://stockanalysis.com/stocks/orcl/history/,D:\drive\Investment\备份\项目反思_2026-09-04\data\secondary_price_raw\ORCL.html
ORCL,2026-07-20,121.38,121.37999725341795,2.2627962614762964e-08,https://stockanalysis.com/stocks/orcl/history/,D:\drive\Investment\备份\项目反思_2026-09-04\data\secondary_price_raw\ORCL.html
ORCL,2026-07-17,126.41,126.41000366210938,-2.8970091547897425e-08,https://stockanalysis.com/stocks/orcl/history/,D:\drive\Investment\备份\项目反思_2026-09-04\data\secondary_price_raw\ORCL.html
ORCL,2026-07-16,124.21,124.20999908447266,7.370802190820314e-09,https://stockanalysis.com/stocks/orcl/history/,D:\drive\Investment\备份\项目反思_2026-09-04\data\secondary_price_raw\ORCL.html
ORCL,2026-07-15,132.49,132.49000549316406,-4.1460969324447206e-08,https://stockanalysis.com/stocks/orcl/history/,D:\drive\Investment\备份\项目反思_2026-09-04\data\secondary_price_raw\ORCL.html
ORCL,2026-07-14,127.94,127.94000244140624,-1.908243074666416e-08,https://stockanalysis.com/stocks/orcl/history/,D:\drive\Investment\备份\项目反思_2026-09-04\data\secondary_price_raw\ORCL.html
ORCL,2026-07-13,131.54,131.5399932861328,5.104050115889436e-08,https://stockanalysis.com/stocks/orcl/history/,D:\drive\Investment\备份\项目反思_2026-09-04\data\secondary_price_raw\ORCL.html
P,2026-09-04,99.51,99.51000213623048,-2.1467495003868464e-08,https://stockanalysis.com/stocks/p/history/,D:\drive\Investment\备份\项目反思_2026-09-04\data\secondary_price_raw\P.html
P,2026-09-03,98.15,98.1500015258789,-1.554639716960793e-08,https://stockanalysis.com/stocks/p/history/,D:\drive\Investment\备份\项目反思_2026-09-04\data\secondary_price_raw\P.html
P,2026-09-02,92.43,92.43000030517578,-3.3016961387133392e-09,https://stockanalysis.com/stocks/p/history/,D:\drive\Investment\备份\项目反思_2026-09-04\data\secondary_price_raw\P.html
P,2026-09-01,93.78,93.77999877929688,1.3016668187759706e-08,https://stockanalysis.com/stocks/p/history/,D:\drive\Investment\备份\项目反思_2026-09-04\data\secondary_price_raw\P.html
P,2026-08-31,92.95,92.9499969482422,3.283225291639269e-08,https://stockanalysis.com/stocks/p/history/,D:\drive\Investment\备份\项目反思_2026-09-04\data\secondary_price_raw\P.html
P,2026-08-28,93.4,93.4000015258789,-1.6337032948676722e-08,https://stockanalysis.com/stocks/p/history/,D:\drive\Investment\备份\项目反思_2026-09-04\data\secondary_price_raw\P.html
P,2026-08-27,99.24,99.23999786376952,2.1525902171859457e-08,https://stockanalysis.com/stocks/p/history/,D:\drive\Investment\备份\项目反思_2026-09-04\data\secondary_price_raw\P.html
P,2026-08-26,108.9,108.9000015258789,-1.4011743654229747e-08,https://stockanalysis.com/stocks/p/history/,D:\drive\Investment\备份\项目反思_2026-09-04\data\secondary_price_raw\P.html
P,2026-08-25,102.81,102.80999755859376,2.3746778543554115e-08,https://stockanalysis.com/stocks/p/history/,D:\drive\Investment\备份\项目反思_2026-09-04\data\secondary_price_raw\P.html
P,2026-08-24,100.44,100.44000244140624,-2.4307110546573085e-08,https://stockanalysis.com/stocks/p/history/,D:\drive\Investment\备份\项目反思_2026-09-04\data\secondary_price_raw\P.html
P,2026-08-21,108.55,108.5500030517578,-2.811384358647473e-08,https://stockanalysis.com/stocks/p/history/,D:\drive\Investment\备份\项目反思_2026-09-04\data\secondary_price_raw\P.html
P,2026-08-20,109.98,109.9800033569336,-3.052312680384972e-08,https://stockanalysis.com/stocks/p/history/,D:\drive\Investment\备份\项目反思_2026-09-04\data\secondary_price_raw\P.html
P,2026-08-19,112.0,112.0,0.0,https://stockanalysis.com/stocks/p/history/,D:\drive\Investment\备份\项目反思_2026-09-04\data\secondary_price_raw\P.html
P,2026-08-18,117.06,117.05999755859376,2.0856025129134537e-08,https://stockanalysis.com/stocks/p/history/,D:\drive\Investment\备份\项目反思_2026-09-04\data\secondary_price_raw\P.html
P,2026-08-17,116.99,116.98999786376952,1.8259941114706635e-08,https://stockanalysis.com/stocks/p/history/,D:\drive\Investment\备份\项目反思_2026-09-04\data\secondary_price_raw\P.html
P,2026-08-14,118.16,118.16000366210938,-3.099280010410155e-08,https://stockanalysis.com/stocks/p/history/,D:\drive\Investment\备份\项目反思_2026-09-04\data\secondary_price_raw\P.html
P,2026-08-13,117.35,117.3499984741211,1.3002802834449767e-08,https://stockanalysis.com/stocks/p/history/,D:\drive\Investment\备份\项目反思_2026-09-04\data\secondary_price_raw\P.html
P,2026-08-12,111.4,111.4000015258789,-1.3697296963322003e-08,https://stockanalysis.com/stocks/p/history/,D:\drive\Investment\备份\项目反思_2026-09-04\data\secondary_price_raw\P.html
P,2026-08-11,109.38,109.37999725341795,2.511045993358607e-08,https://stockanalysis.com/stocks/p/history/,D:\drive\Investment\备份\项目反思_2026-09-04\data\secondary_price_raw\P.html
P,2026-08-10,97.98,97.9800033569336,-3.426141537143934e-08,https://stockanalysis.com/stocks/p/history/,D:\drive\Investment\备份\项目反思_2026-09-04\data\secondary_price_raw\P.html
P,2026-08-07,90.05,90.05000305175781,-3.388959146644055e-08,https://stockanalysis.com/stocks/p/history/,D:\drive\Investment\备份\项目反思_2026-09-04\data\secondary_price_raw\P.html
P,2026-08-06,87.26,87.26000213623047,-2.448121028120198e-08,https://stockanalysis.com/stocks/p/history/,D:\drive\Investment\备份\项目反思_2026-09-04\data\secondary_price_raw\P.html
P,2026-08-05,83.74,83.73999786376953,2.5510276113749342e-08,https://stockanalysis.com/stocks/p/history/,D:\drive\Investment\备份\项目反思_2026-09-04\data\secondary_price_raw\P.html
P,2026-08-04,83.92,83.91999816894531,2.1819050566307396e-08,https://stockanalysis.com/stocks/p/history/,D:\drive\Investment\备份\项目反思_2026-09-04\data\secondary_price_raw\P.html
P,2026-08-03,80.14,80.13999938964844,7.616066444171565e-09,https://stockanalysis.com/stocks/p/history/,D:\drive\Investment\备份\项目反思_2026-09-04\data\secondary_price_raw\P.html
P,2026-07-31,77.17,77.16999816894531,2.3727546150098533e-08,https://stockanalysis.com/stocks/p/history/,D:\drive\Investment\备份\项目反思_2026-09-04\data\secondary_price_raw\P.html
P,2026-07-30,75.06,75.05999755859375,3.25260636202529e-08,https://stockanalysis.com/stocks/p/history/,D:\drive\Investment\备份\项目反思_2026-09-04\data\secondary_price_raw\P.html
P,2026-07-29,69.25,69.25,0.0,https://stockanalysis.com/stocks/p/history/,D:\drive\Investment\备份\项目反思_2026-09-04\data\secondary_price_raw\P.html
P,2026-07-28,72.99,72.98999786376953,2.926744113729285e-08,https://stockanalysis.com/stocks/p/history/,D:\drive\Investment\备份\项目反思_2026-09-04\data\secondary_price_raw\P.html
P,2026-07-27,74.21,74.20999908447266,1.2336980770299988e-08,https://stockanalysis.com/stocks/p/history/,D:\drive\Investment\备份\项目反思_2026-09-04\data\secondary_price_raw\P.html
P,2026-07-24,74.56,74.55999755859375,3.274418358678588e-08,https://stockanalysis.com/stocks/p/history/,D:\drive\Investment\备份\项目反思_2026-09-04\data\secondary_price_raw\P.html
P,2026-07-23,75.19,75.19000244140625,-3.2469825383962814e-08,https://stockanalysis.com/stocks/p/history/,D:\drive\Investment\备份\项目反思_2026-09-04\data\secondary_price_raw\P.html
P,2026-07-22,74.58,74.58000183105469,-2.4551550570350855e-08,https://stockanalysis.com/stocks/p/history/,D:\drive\Investment\备份\项目反思_2026-09-04\data\secondary_price_raw\P.html
P,2026-07-21,74.32,74.31999969482422,4.106240236723124e-09,https://stockanalysis.com/stocks/p/history/,D:\drive\Investment\备份\项目反思_2026-09-04\data\secondary_price_raw\P.html
P,2026-07-20,69.93,69.93000030517578,-4.364017924807229e-09,https://stockanalysis.com/stocks/p/history/,D:\drive\Investment\备份\项目反思_2026-09-04\data\secondary_price_raw\P.html
P,2026-07-17,69.38,69.37999725341797,3.9587519928829806e-08,https://stockanalysis.com/stocks/p/history/,D:\drive\Investment\备份\项目反思_2026-09-04\data\secondary_price_raw\P.html
P,2026-07-16,68.37,68.37000274658203,-4.0172325799225916e-08,https://stockanalysis.com/stocks/p/history/,D:\drive\Investment\备份\项目反思_2026-09-04\data\secondary_price_raw\P.html
P,2026-07-15,70.75,70.75,0.0,https://stockanalysis.com/stocks/p/history/,D:\drive\Investment\备份\项目反思_2026-09-04\data\secondary_price_raw\P.html
P,2026-07-14,77.03,77.02999877929688,1.5847113399303225e-08,https://stockanalysis.com/stocks/p/history/,D:\drive\Investment\备份\项目反思_2026-09-04\data\secondary_price_raw\P.html
P,2026-07-13,75.36,75.36000061035156,-8.099144910289624e-09,https://stockanalysis.com/stocks/p/history/,D:\drive\Investment\备份\项目反思_2026-09-04\data\secondary_price_raw\P.html
PENG,2026-09-04,51.76,51.7599983215332,3.2427875717999655e-08,https://stockanalysis.com/stocks/peng/history/,D:\drive\Investment\备份\项目反思_2026-09-04\data\secondary_price_raw\PENG.html
PENG,2026-09-03,48.63,48.630001068115234,-2.1964121077466814e-08,https://stockanalysis.com/stocks/peng/history/,D:\drive\Investment\备份\项目反思_2026-09-04\data\secondary_price_raw\PENG.html
PENG,2026-09-02,47.59,47.59000015258789,-3.2063014465677497e-09,https://stockanalysis.com/stocks/peng/history/,D:\drive\Investment\备份\项目反思_2026-09-04\data\secondary_price_raw\PENG.html
PENG,2026-09-01,47.59,47.59000015258789,-3.2063014465677497e-09,https://stockanalysis.com/stocks/peng/history/,D:\drive\Investment\备份\项目反思_2026-09-04\data\secondary_price_raw\PENG.html
PENG,2026-08-31,49.08,49.08000183105469,-3.730755138153796e-08,https://stockanalysis.com/stocks/peng/history/,D:\drive\Investment\备份\项目反思_2026-09-04\data\secondary_price_raw\PENG.html
PENG,2026-08-28,49.51,49.5099983215332,3.390157243821079e-08,https://stockanalysis.com/stocks/peng/history/,D:\drive\Investment\备份\项目反思_2026-09-04\data\secondary_price_raw\PENG.html
PENG,2026-08-27,52.45,52.45000076293945,-1.4546033155760085e-08,https://stockanalysis.com/stocks/peng/history/,D:\drive\Investment\备份\项目反思_2026-09-04\data\secondary_price_raw\PENG.html
PENG,2026-08-26,51.86,51.86000061035156,-1.1769216268220362e-08,https://stockanalysis.com/stocks/peng/history/,D:\drive\Investment\备份\项目反思_2026-09-04\data\secondary_price_raw\PENG.html
PENG,2026-08-25,50.38,50.380001068115234,-2.1201175259832894e-08,https://stockanalysis.com/stocks/peng/history/,D:\drive\Investment\备份\项目反思_2026-09-04\data\secondary_price_raw\PENG.html
PENG,2026-08-24,50.68,50.68000030517578,-6.021621534735289e-09,https://stockanalysis.com/stocks/peng/history/,D:\drive\Investment\备份\项目反思_2026-09-04\data\secondary_price_raw\PENG.html
PENG,2026-08-21,52.62,52.619998931884766,2.029865542318987e-08,https://stockanalysis.com/stocks/peng/history/,D:\drive\Investment\备份\项目反思_2026-09-04\data\secondary_price_raw\PENG.html
PENG,2026-08-20,51.14,51.13999938964844,1.1934915278288827e-08,https://stockanalysis.com/stocks/peng/history/,D:\drive\Investment\备份\项目反思_2026-09-04\data\secondary_price_raw\PENG.html
PENG,2026-08-19,52.95,52.95000076293945,-1.440867680724267e-08,https://stockanalysis.com/stocks/peng/history/,D:\drive\Investment\备份\项目反思_2026-09-04\data\secondary_price_raw\PENG.html
PENG,2026-08-18,58.36,58.36000061035156,-1.045838859958792e-08,https://stockanalysis.com/stocks/peng/history/,D:\drive\Investment\备份\项目反思_2026-09-04\data\secondary_price_raw\PENG.html
PENG,2026-08-17,63.08,63.08000183105469,-2.9027498960054743e-08,https://stockanalysis.com/stocks/peng/history/,D:\drive\Investment\备份\项目反思_2026-09-04\data\secondary_price_raw\PENG.html
PENG,2026-08-14,63.8,63.79999923706055,1.1958298795633482e-08,https://stockanalysis.com/stocks/peng/history/,D:\drive\Investment\备份\项目反思_2026-09-04\data\secondary_price_raw\PENG.html
PENG,2026-08-13,60.9,60.900001525878906,-2.5055482244518146e-08,https://stockanalysis.com/stocks/peng/history/,D:\drive\Investment\备份\项目反思_2026-09-04\data\secondary_price_raw\PENG.html
PENG,2026-08-12,58.73,58.72999954223633,7.794375589398328e-09,https://stockanalysis.com/stocks/peng/history/,D:\drive\Investment\备份\项目反思_2026-09-04\data\secondary_price_raw\PENG.html
PENG,2026-08-11,57.33,57.33000183105469,-3.1938856337454524e-08,https://stockanalysis.com/stocks/peng/history/,D:\drive\Investment\备份\项目反思_2026-09-04\data\secondary_price_raw\PENG.html
PENG,2026-08-10,55.18,55.18000030517578,-5.530550573062953e-09,https://stockanalysis.com/stocks/peng/history/,D:\drive\Investment\备份\项目反思_2026-09-04\data\secondary_price_raw\PENG.html
PENG,2026-08-07,58.43,58.43000030517578,-5.222929644332908e-09,https://stockanalysis.com/stocks/peng/history/,D:\drive\Investment\备份\项目反思_2026-09-04\data\secondary_price_raw\PENG.html
PENG,2026-08-06,56.26,56.2599983215332,2.98341067406227e-08,https://stockanalysis.com/stocks/peng/history/,D:\drive\Investment\备份\项目反思_2026-09-04\data\secondary_price_raw\PENG.html
PENG,2026-08-05,55.72,55.720001220703125,-2.1907808678278684e-08,https://stockanalysis.com/stocks/peng/history/,D:\drive\Investment\备份\项目反思_2026-09-04\data\secondary_price_raw\PENG.html
PENG,2026-08-04,57.84,57.84000015258789,-2.6381031803524024e-09,https://stockanalysis.com/stocks/peng/history/,D:\drive\Investment\备份\项目反思_2026-09-04\data\secondary_price_raw\PENG.html
PENG,2026-08-03,52.6,52.59999847412109,2.9009105784183475e-08,https://stockanalysis.com/stocks/peng/history/,D:\drive\Investment\备份\项目反思_2026-09-04\data\secondary_price_raw\PENG.html
PENG,2026-07-31,52.63,52.630001068115234,-2.0294797842268508e-08,https://stockanalysis.com/stocks/peng/history/,D:\drive\Investment\备份\项目反思_2026-09-04\data\secondary_price_raw\PENG.html
PENG,2026-07-30,51.43,51.43000030517578,-5.933808666647167e-09,https://stockanalysis.com/stocks/peng/history/,D:\drive\Investment\备份\项目反思_2026-09-04\data\secondary_price_raw\PENG.html
PENG,2026-07-29,43.7,43.70000076293945,-1.745856836876669e-08,https://stockanalysis.com/stocks/peng/history/,D:\drive\Investment\备份\项目反思_2026-09-04\data\secondary_price_raw\PENG.html
PENG,2026-07-28,48.13,48.130001068115234,-2.2192296000866918e-08,https://stockanalysis.com/stocks/peng/history/,D:\drive\Investment\备份\项目反思_2026-09-04\data\secondary_price_raw\PENG.html
PENG,2026-07-27,52.49,52.4900016784668,-3.1976885916940034e-08,https://stockanalysis.com/stocks/peng/history/,D:\drive\Investment\备份\项目反思_2026-09-04\data\secondary_price_raw\PENG.html
PENG,2026-07-24,53.85,53.84999847412109,2.8335727986217307e-08,https://stockanalysis.com/stocks/peng/history/,D:\drive\Investment\备份\项目反思_2026-09-04\data\secondary_price_raw\PENG.html
PENG,2026-07-23,58.41,58.40999984741211,2.612358995790487e-09,https://stockanalysis.com/stocks/peng/history/,D:\drive\Investment\备份\项目反思_2026-09-04\data\secondary_price_raw\PENG.html
PENG,2026-07-22,59.2,59.20000076293945,-1.2887490519197797e-08,https://stockanalysis.com/stocks/peng/history/,D:\drive\Investment\备份\项目反思_2026-09-04\data\secondary_price_raw\PENG.html
PENG,2026-07-21,58.1,58.09999847412109,2.6262976904334323e-08,https://stockanalysis.com/stocks/peng/history/,D:\drive\Investment\备份\项目反思_2026-09-04\data\secondary_price_raw\PENG.html
PENG,2026-07-20,53.23,53.22999954223633,8.599730927372207e-09,https://stockanalysis.com/stocks/peng/history/,D:\drive\Investment\备份\项目反思_2026-09-04\data\secondary_price_raw\PENG.html
PENG,2026-07-17,60.41,60.40999984741211,2.5258712899045577e-09,https://stockanalysis.com/stocks/peng/history/,D:\drive\Investment\备份\项目反思_2026-09-04\data\secondary_price_raw\PENG.html
PENG,2026-07-16,65.97,65.97000122070312,-1.8503912402323408e-08,https://stockanalysis.com/stocks/peng/history/,D:\drive\Investment\备份\项目反思_2026-09-04\data\secondary_price_raw\PENG.html
PENG,2026-07-15,72.85,72.8499984741211,2.0945489787038696e-08,https://stockanalysis.com/stocks/peng/history/,D:\drive\Investment\备份\项目反思_2026-09-04\data\secondary_price_raw\PENG.html
PENG,2026-07-14,77.8,77.80000305175781,-3.9225677372911605e-08,https://stockanalysis.com/stocks/peng/history/,D:\drive\Investment\备份\项目反思_2026-09-04\data\secondary_price_raw\PENG.html
PENG,2026-07-13,77.21,77.20999908447266,1.1857626658340337e-08,https://stockanalysis.com/stocks/peng/history/,D:\drive\Investment\备份\项目反思_2026-09-04\data\secondary_price_raw\PENG.html
POWI,2026-09-04,50.45,50.45000076293945,-1.512268466008493e-08,https://stockanalysis.com/stocks/powi/history/,D:\drive\Investment\备份\项目反思_2026-09-04\data\secondary_price_raw\POWI.html
POWI,2026-09-03,50.54,50.540000915527344,-1.8114905575572493e-08,https://stockanalysis.com/stocks/powi/history/,D:\drive\Investment\备份\项目反思_2026-09-04\data\secondary_price_raw\POWI.html
POWI,2026-09-02,50.3,50.29999923706055,1.5167782585479017e-08,https://stockanalysis.com/stocks/powi/history/,D:\drive\Investment\备份\项目反思_2026-09-04\data\secondary_price_raw\POWI.html
POWI,2026-09-01,49.78,49.77999877929688,2.4521959574030916e-08,https://stockanalysis.com/stocks/powi/history/,D:\drive\Investment\备份\项目反思_2026-09-04\data\secondary_price_raw\POWI.html
POWI,2026-08-31,51.38,51.380001068115234,-2.07885404446273e-08,https://stockanalysis.com/stocks/powi/history/,D:\drive\Investment\备份\项目反思_2026-09-04\data\secondary_price_raw\POWI.html
POWI,2026-08-28,51.51,51.5099983215332,3.258526204419354e-08,https://stockanalysis.com/stocks/powi/history/,D:\drive\Investment\备份\项目反思_2026-09-04\data\secondary_price_raw\POWI.html
POWI,2026-08-27,55.31,55.310001373291016,-2.482898175948378e-08,https://stockanalysis.com/stocks/powi/history/,D:\drive\Investment\备份\项目反思_2026-09-04\data\secondary_price_raw\POWI.html
POWI,2026-08-26,54.9,54.900001525878906,-2.779378627248974e-08,https://stockanalysis.com/stocks/powi/history/,D:\drive\Investment\备份\项目反思_2026-09-04\data\secondary_price_raw\POWI.html
POWI,2026-08-25,54.63,54.630001068115234,-1.9551806951234596e-08,https://stockanalysis.com/stocks/powi/history/,D:\drive\Investment\备份\项目反思_2026-09-04\data\secondary_price_raw\POWI.html
POWI,2026-08-24,53.18,53.18000030517578,-5.738544195388329e-09,https://stockanalysis.com/stocks/powi/history/,D:\drive\Investment\备份\项目反思_2026-09-04\data\secondary_price_raw\POWI.html
POWI,2026-08-21,55.18,55.18000030517578,-5.530550573062953e-09,https://stockanalysis.com/stocks/powi/history/,D:\drive\Investment\备份\项目反思_2026-09-04\data\secondary_price_raw\POWI.html
POWI,2026-08-20,54.84,54.84000015258789,-2.782419517011192e-09,https://stockanalysis.com/stocks/powi/history/,D:\drive\Investment\备份\项目反思_2026-09-04\data\secondary_price_raw\POWI.html
POWI,2026-08-19,55.79,55.790000915527344,-1.6410240721853597e-08,https://stockanalysis.com/stocks/powi/history/,D:\drive\Investment\备份\项目反思_2026-09-04\data\secondary_price_raw\POWI.html
POWI,2026-08-18,58.59,58.59000015258789,-2.604333304567774e-09,https://stockanalysis.com/stocks/powi/history/,D:\drive\Investment\备份\项目反思_2026-09-04\data\secondary_price_raw\POWI.html
POWI,2026-08-17,62.1,62.09999847412109,2.457131964561654e-08,https://stockanalysis.com/stocks/powi/history/,D:\drive\Investment\备份\项目反思_2026-09-04\data\secondary_price_raw\POWI.html
POWI,2026-08-14,62.75,62.75,0.0,https://stockanalysis.com/stocks/powi/history/,D:\drive\Investment\备份\项目反思_2026-09-04\data\secondary_price_raw\POWI.html
POWI,2026-08-13,62.31,62.310001373291016,-2.2039656322192513e-08,https://stockanalysis.com/stocks/powi/history/,D:\drive\Investment\备份\项目反思_2026-09-04\data\secondary_price_raw\POWI.html
POWI,2026-08-12,63.84,63.84000015258789,-2.3901611800880573e-09,https://stockanalysis.com/stocks/powi/history/,D:\drive\Investment\备份\项目反思_2026-09-04\data\secondary_price_raw\POWI.html
POWI,2026-08-11,63.27,63.27000045776367,-7.235082422063499e-09,https://stockanalysis.com/stocks/powi/history/,D:\drive\Investment\备份\项目反思_2026-09-04\data\secondary_price_raw\POWI.html
POWI,2026-08-10,61.97,61.970001220703125,-1.969829110937127e-08,https://stockanalysis.com/stocks/powi/history/,D:\drive\Investment\备份\项目反思_2026-09-04\data\secondary_price_raw\POWI.html
POWI,2026-08-07,64.59,64.58999633789062,5.669777958239308e-08,https://stockanalysis.com/stocks/powi/history/,D:\drive\Investment\备份\项目反思_2026-09-04\data\secondary_price_raw\POWI.html
POWI,2026-08-06,58.98,58.97999954223633,7.761337350586928e-09,https://stockanalysis.com/stocks/powi/history/,D:\drive\Investment\备份\项目反思_2026-09-04\data\secondary_price_raw\POWI.html
POWI,2026-08-05,61.95,61.95000076293945,-1.2315406583418564e-08,https://stockanalysis.com/stocks/powi/history/,D:\drive\Investment\备份\项目反思_2026-09-04\data\secondary_price_raw\POWI.html
POWI,2026-08-04,64.57,64.56999969482422,4.726278035604992e-09,https://stockanalysis.com/stocks/powi/history/,D:\drive\Investment\备份\项目反思_2026-09-04\data\secondary_price_raw\POWI.html
POWI,2026-08-03,60.4,60.400001525878906,-2.5262895220201642e-08,https://stockanalysis.com/stocks/powi/history/,D:\drive\Investment\备份\项目反思_2026-09-04\data\secondary_price_raw\POWI.html
POWI,2026-07-31,60.71,60.709999084472656,1.5080338533479676e-08,https://stockanalysis.com/stocks/powi/history/,D:\drive\Investment\备份\项目反思_2026-09-04\data\secondary_price_raw\POWI.html
POWI,2026-07-30,60.87,60.869998931884766,1.7547482356050637e-08,https://stockanalysis.com/stocks/powi/history/,D:\drive\Investment\备份\项目反思_2026-09-04\data\secondary_price_raw\POWI.html
POWI,2026-07-29,56.57,56.56999969482422,5.394657609514297e-09,https://stockanalysis.com/stocks/powi/history/,D:\drive\Investment\备份\项目反思_2026-09-04\data\secondary_price_raw\POWI.html
POWI,2026-07-28,59.2,59.20000076293945,-1.2887490519197797e-08,https://stockanalysis.com/stocks/powi/history/,D:\drive\Investment\备份\项目反思_2026-09-04\data\secondary_price_raw\POWI.html
POWI,2026-07-27,63.41,63.40999984741211,2.406369548069165e-09,https://stockanalysis.com/stocks/powi/history/,D:\drive\Investment\备份\项目反思_2026-09-04\data\secondary_price_raw\POWI.html
POWI,2026-07-24,63.46,63.459999084472656,1.442684149921547e-08,https://stockanalysis.com/stocks/powi/history/,D:\drive\Investment\备份\项目反思_2026-09-04\data\secondary_price_raw\POWI.html
POWI,2026-07-23,70.87,70.87000274658203,-3.875521259466552e-08,https://stockanalysis.com/stocks/powi/history/,D:\drive\Investment\备份\项目反思_2026-09-04\data\secondary_price_raw\POWI.html
POWI,2026-07-22,72.49,72.48999786376953,2.946931343394965e-08,https://stockanalysis.com/stocks/powi/history/,D:\drive\Investment\备份\项目反思_2026-09-04\data\secondary_price_raw\POWI.html
POWI,2026-07-21,74.39,74.38999938964844,8.204752877105648e-09,https://stockanalysis.com/stocks/powi/history/,D:\drive\Investment\备份\项目反思_2026-09-04\data\secondary_price_raw\POWI.html
POWI,2026-07-20,71.15,71.1500015258789,-2.144594335451444e-08,https://stockanalysis.com/stocks/powi/history/,D:\drive\Investment\备份\项目反思_2026-09-04\data\secondary_price_raw\POWI.html
POWI,2026-07-17,70.45,70.44999694824219,4.331806890967016e-08,https://stockanalysis.com/stocks/powi/history/,D:\drive\Investment\备份\项目反思_2026-09-04\data\secondary_price_raw\POWI.html
POWI,2026-07-16,69.84,69.83999633789062,5.243570400104147e-08,https://stockanalysis.com/stocks/powi/history/,D:\drive\Investment\备份\项目反思_2026-09-04\data\secondary_price_raw\POWI.html
POWI,2026-07-15,71.02,71.0199966430664,4.726744218253032e-08,https://stockanalysis.com/stocks/powi/history/,D:\drive\Investment\备份\项目反思_2026-09-04\data\secondary_price_raw\POWI.html
POWI,2026-07-14,70.76,70.76000213623047,-3.0189802102675856e-08,https://stockanalysis.com/stocks/powi/history/,D:\drive\Investment\备份\项目反思_2026-09-04\data\secondary_price_raw\POWI.html
POWI,2026-07-13,69.44,69.44000244140625,-3.5158498890019985e-08,https://stockanalysis.com/stocks/powi/history/,D:\drive\Investment\备份\项目反思_2026-09-04\data\secondary_price_raw\POWI.html
QCOM,2026-09-04,168.74,168.74000549316406,-3.255401137547409e-08,https://stockanalysis.com/stocks/qcom/history/,D:\drive\Investment\备份\项目反思_2026-09-04\data\secondary_price_raw\QCOM.html
QCOM,2026-09-03,168.57,168.57000732421875,-4.344912163389836e-08,https://stockanalysis.com/stocks/qcom/history/,D:\drive\Investment\备份\项目反思_2026-09-04\data\secondary_price_raw\QCOM.html
QCOM,2026-09-02,169.96,169.9600067138672,-3.9502629500809405e-08,https://stockanalysis.com/stocks/qcom/history/,D:\drive\Investment\备份\项目反思_2026-09-04\data\secondary_price_raw\QCOM.html
QCOM,2026-09-01,166.61,166.61000061035156,-3.6633548416986628e-09,https://stockanalysis.com/stocks/qcom/history/,D:\drive\Investment\备份\项目反思_2026-09-04\data\secondary_price_raw\QCOM.html
QCOM,2026-08-31,170.48,170.47999572753906,2.5061362318723468e-08,https://stockanalysis.com/stocks/qcom/history/,D:\drive\Investment\备份\项目反思_2026-09-04\data\secondary_price_raw\QCOM.html
QCOM,2026-08-28,164.19,164.19000244140625,-1.4869396491867803e-08,https://stockanalysis.com/stocks/qcom/history/,D:\drive\Investment\备份\项目反思_2026-09-04\data\secondary_price_raw\QCOM.html
QCOM,2026-08-27,164.78,164.77999877929688,7.408078150916708e-09,https://stockanalysis.com/stocks/qcom/history/,D:\drive\Investment\备份\项目反思_2026-09-04\data\secondary_price_raw\QCOM.html
QCOM,2026-08-26,163.72,163.72000122070312,-7.456041561937354e-09,https://stockanalysis.com/stocks/qcom/history/,D:\drive\Investment\备份\项目反思_2026-09-04\data\secondary_price_raw\QCOM.html
QCOM,2026-08-25,160.56,160.55999755859375,1.5205569914300554e-08,https://stockanalysis.com/stocks/qcom/history/,D:\drive\Investment\备份\项目反思_2026-09-04\data\secondary_price_raw\QCOM.html
QCOM,2026-08-24,158.53,158.52999877929688,7.70013963702354e-09,https://stockanalysis.com/stocks/qcom/history/,D:\drive\Investment\备份\项目反思_2026-09-04\data\secondary_price_raw\QCOM.html
QCOM,2026-08-21,160.75,160.75,0.0,https://stockanalysis.com/stocks/qcom/history/,D:\drive\Investment\备份\项目反思_2026-09-04\data\secondary_price_raw\QCOM.html
QCOM,2026-08-20,160.74,160.74000549316406,-3.417421845508528e-08,https://stockanalysis.com/stocks/qcom/history/,D:\drive\Investment\备份\项目反思_2026-09-04\data\secondary_price_raw\QCOM.html
QCOM,2026-08-19,161.91,161.91000366210938,-2.261817855231385e-08,https://stockanalysis.com/stocks/qcom/history/,D:\drive\Investment\备份\项目反思_2026-09-04\data\secondary_price_raw\QCOM.html
QCOM,2026-08-18,160.19,160.19000244140625,-1.524069048741694e-08,https://stockanalysis.com/stocks/qcom/history/,D:\drive\Investment\备份\项目反思_2026-09-04\data\secondary_price_raw\QCOM.html
QCOM,2026-08-17,162.18,162.17999267578125,4.516105001073356e-08,https://stockanalysis.com/stocks/qcom/history/,D:\drive\Investment\备份\项目反思_2026-09-04\data\secondary_price_raw\QCOM.html
QCOM,2026-08-14,165.79,165.7899932861328,4.0496214825935795e-08,https://stockanalysis.com/stocks/qcom/history/,D:\drive\Investment\备份\项目反思_2026-09-04\data\secondary_price_raw\QCOM.html
QCOM,2026-08-13,164.79,164.7899932861328,4.0741959139722894e-08,https://stockanalysis.com/stocks/qcom/history/,D:\drive\Investment\备份\项目反思_2026-09-04\data\secondary_price_raw\QCOM.html
QCOM,2026-08-12,163.07,163.07000732421875,-4.4914566954545876e-08,https://stockanalysis.com/stocks/qcom/history/,D:\drive\Investment\备份\项目反思_2026-09-04\data\secondary_price_raw\QCOM.html
QCOM,2026-08-11,162.68,162.67999267578125,4.502224659752585e-08,https://stockanalysis.com/stocks/qcom/history/,D:\drive\Investment\备份\项目反思_2026-09-04\data\secondary_price_raw\QCOM.html
QCOM,2026-08-10,162.17,162.1699981689453,1.129095816843062e-08,https://stockanalysis.com/stocks/qcom/history/,D:\drive\Investment\备份\项目反思_2026-09-04\data\secondary_price_raw\QCOM.html
QCOM,2026-08-07,167.86,167.86000061035156,-3.6360749966490857e-09,https://stockanalysis.com/stocks/qcom/history/,D:\drive\Investment\备份\项目反思_2026-09-04\data\secondary_price_raw\QCOM.html
QCOM,2026-08-06,160.39,160.38999938964844,3.8054215334426544e-09,https://stockanalysis.com/stocks/qcom/history/,D:\drive\Investment\备份\项目反思_2026-09-04\data\secondary_price_raw\QCOM.html
QCOM,2026-08-05,157.53,157.52999877929688,7.749020092262526e-09,https://stockanalysis.com/stocks/qcom/history/,D:\drive\Investment\备份\项目反思_2026-09-04\data\secondary_price_raw\QCOM.html
QCOM,2026-08-04,162.67,162.6699981689453,1.1256253040770048e-08,https://stockanalysis.com/stocks/qcom/history/,D:\drive\Investment\备份\项目反思_2026-09-04\data\secondary_price_raw\QCOM.html
QCOM,2026-08-03,151.57,151.57000732421875,-4.8322348789042735e-08,https://stockanalysis.com/stocks/qcom/history/,D:\drive\Investment\备份\项目反思_2026-09-04\data\secondary_price_raw\QCOM.html
QCOM,2026-07-31,147.61,147.61000061035156,-4.134892983564953e-09,https://stockanalysis.com/stocks/qcom/history/,D:\drive\Investment\备份\项目反思_2026-09-04\data\secondary_price_raw\QCOM.html
QCOM,2026-07-30,151.6,151.60000610351562,-4.0260655587154304e-08,https://stockanalysis.com/stocks/qcom/history/,D:\drive\Investment\备份\项目反思_2026-09-04\data\secondary_price_raw\QCOM.html
QCOM,2026-07-29,155.68,155.67999267578125,4.7046628370850385e-08,https://stockanalysis.com/stocks/qcom/history/,D:\drive\Investment\备份\项目反思_2026-09-04\data\secondary_price_raw\QCOM.html
QCOM,2026-07-28,162.88,162.8800048828125,-2.997797365900112e-08,https://stockanalysis.com/stocks/qcom/history/,D:\drive\Investment\备份\项目反思_2026-09-04\data\secondary_price_raw\QCOM.html
QCOM,2026-07-27,170.04,170.0399932861328,3.948404758702395e-08,https://stockanalysis.com/stocks/qcom/history/,D:\drive\Investment\备份\项目反思_2026-09-04\data\secondary_price_raw\QCOM.html
QCOM,2026-07-24,166.97,166.97000122070312,-7.3109128750914465e-09,https://stockanalysis.com/stocks/qcom/history/,D:\drive\Investment\备份\项目反思_2026-09-04\data\secondary_price_raw\QCOM.html
QCOM,2026-07-23,171.11,171.11000061035156,-3.567012685223858e-09,https://stockanalysis.com/stocks/qcom/history/,D:\drive\Investment\备份\项目反思_2026-09-04\data\secondary_price_raw\QCOM.html
QCOM,2026-07-22,175.63,175.6300048828125,-2.7801698831986243e-08,https://stockanalysis.com/stocks/qcom/history/,D:\drive\Investment\备份\项目反思_2026-09-04\data\secondary_price_raw\QCOM.html
QCOM,2026-07-21,173.5,173.5,0.0,https://stockanalysis.com/stocks/qcom/history/,D:\drive\Investment\备份\项目反思_2026-09-04\data\secondary_price_raw\QCOM.html
QCOM,2026-07-20,170.32,170.32000732421875,-4.3002691629823175e-08,https://stockanalysis.com/stocks/qcom/history/,D:\drive\Investment\备份\项目反思_2026-09-04\data\secondary_price_raw\QCOM.html
QCOM,2026-07-17,171.78,171.77999877929688,7.106200516915351e-09,https://stockanalysis.com/stocks/qcom/history/,D:\drive\Investment\备份\项目反思_2026-09-04\data\secondary_price_raw\QCOM.html
QCOM,2026-07-16,170.61,170.61000061035156,-3.577466434201426e-09,https://stockanalysis.com/stocks/qcom/history/,D:\drive\Investment\备份\项目反思_2026-09-04\data\secondary_price_raw\QCOM.html
QCOM,2026-07-15,177.98,177.97999572753906,2.4005287313499934e-08,https://stockanalysis.com/stocks/qcom/history/,D:\drive\Investment\备份\项目反思_2026-09-04\data\secondary_price_raw\QCOM.html
QCOM,2026-07-14,178.1,178.10000610351562,-3.427015959900359e-08,https://stockanalysis.com/stocks/qcom/history/,D:\drive\Investment\备份\项目反思_2026-09-04\data\secondary_price_raw\QCOM.html
QCOM,2026-07-13,183.98,183.97999572753903,2.3222421319246678e-08,https://stockanalysis.com/stocks/qcom/history/,D:\drive\Investment\备份\项目反思_2026-09-04\data\secondary_price_raw\QCOM.html
PSIX,2026-09-04,40.49,40.4900016784668,-4.145385834597448e-08,https://stockanalysis.com/stocks/psix/history/,D:\drive\Investment\备份\项目反思_2026-09-04\data\secondary_price_raw\PSIX.html
PSIX,2026-09-03,36.42,36.41999816894531,5.0276078633615384e-08,https://stockanalysis.com/stocks/psix/history/,D:\drive\Investment\备份\项目反思_2026-09-04\data\secondary_price_raw\PSIX.html
PSIX,2026-09-02,35.69,35.689998626708984,3.8478315200762836e-08,https://stockanalysis.com/stocks/psix/history/,D:\drive\Investment\备份\项目反思_2026-09-04\data\secondary_price_raw\PSIX.html
PSIX,2026-09-01,35.43,35.43000030517578,-8.61348514735738e-09,https://stockanalysis.com/stocks/psix/history/,D:\drive\Investment\备份\项目反思_2026-09-04\data\secondary_price_raw\PSIX.html
PSIX,2026-08-31,36.31,36.310001373291016,-3.782128787932493e-08,https://stockanalysis.com/stocks/psix/history/,D:\drive\Investment\备份\项目反思_2026-09-04\data\secondary_price_raw\PSIX.html
PSIX,2026-08-28,36.28,36.27999877929688,3.3646724295621766e-08,https://stockanalysis.com/stocks/psix/history/,D:\drive\Investment\备份\项目反思_2026-09-04\data\secondary_price_raw\PSIX.html
PSIX,2026-08-27,37.77,37.77000045776367,-1.2119768633134242e-08,https://stockanalysis.com/stocks/psix/history/,D:\drive\Investment\备份\项目反思_2026-09-04\data\secondary_price_raw\PSIX.html
PSIX,2026-08-26,36.64,36.63999938964844,1.6658066925856474e-08,https://stockanalysis.com/stocks/psix/history/,D:\drive\Investment\备份\项目反思_2026-09-04\data\secondary_price_raw\PSIX.html
PSIX,2026-08-25,36.23,36.22999954223633,1.263493443204311e-08,https://stockanalysis.com/stocks/psix/history/,D:\drive\Investment\备份\项目反思_2026-09-04\data\secondary_price_raw\PSIX.html
PSIX,2026-08-24,34.97,34.970001220703125,-3.4907151391649904e-08,https://stockanalysis.com/stocks/psix/history/,D:\drive\Investment\备份\项目反思_2026-09-04\data\secondary_price_raw\PSIX.html
PSIX,2026-08-21,36.43,36.43000030517578,-8.377045834784269e-09,https://stockanalysis.com/stocks/psix/history/,D:\drive\Investment\备份\项目反思_2026-09-04\data\secondary_price_raw\PSIX.html
PSIX,2026-08-20,36.3,36.29999923706055,2.1017616091967284e-08,https://stockanalysis.com/stocks/psix/history/,D:\drive\Investment\备份\项目反思_2026-09-04\data\secondary_price_raw\PSIX.html
PSIX,2026-08-19,37.29,37.290000915527344,-2.4551550570350855e-08,https://stockanalysis.com/stocks/psix/history/,D:\drive\Investment\备份\项目反思_2026-09-04\data\secondary_price_raw\PSIX.html
PSIX,2026-08-18,37.23,37.22999954223633,1.2295559237429643e-08,https://stockanalysis.com/stocks/psix/history/,D:\drive\Investment\备份\项目反思_2026-09-04\data\secondary_price_raw\PSIX.html
PSIX,2026-08-17,39.5,39.5,0.0,https://stockanalysis.com/stocks/psix/history/,D:\drive\Investment\备份\项目反思_2026-09-04\data\secondary_price_raw\PSIX.html
PSIX,2026-08-14,40.54,40.540000915527344,-2.2583308445511818e-08,https://stockanalysis.com/stocks/psix/history/,D:\drive\Investment\备份\项目反思_2026-09-04\data\secondary_price_raw\PSIX.html
PSIX,2026-08-13,41.07,41.06999969482422,7.4306254482792156e-09,https://stockanalysis.com/stocks/psix/history/,D:\drive\Investment\备份\项目反思_2026-09-04\data\secondary_price_raw\PSIX.html
PSIX,2026-08-12,42.53,42.52999877929688,2.8702166865457457e-08,https://stockanalysis.com/stocks/psix/history/,D:\drive\Investment\备份\项目反思_2026-09-04\data\secondary_price_raw\PSIX.html
PSIX,2026-08-11,42.15,42.150001525878906,-3.620115895941467e-08,https://stockanalysis.com/stocks/psix/history/,D:\drive\Investment\备份\项目反思_2026-09-04\data\secondary_price_raw\PSIX.html
PSIX,2026-08-10,43.0,43.0,0.0,https://stockanalysis.com/stocks/psix/history/,D:\drive\Investment\备份\项目反思_2026-09-04\data\secondary_price_raw\PSIX.html
PSIX,2026-08-07,40.82,40.81999969482422,7.47613393414781e-09,https://stockanalysis.com/stocks/psix/history/,D:\drive\Investment\备份\项目反思_2026-09-04\data\secondary_price_raw\PSIX.html
PSIX,2026-08-06,33.02,33.02000045776367,-1.3863224124222029e-08,https://stockanalysis.com/stocks/psix/history/,D:\drive\Investment\备份\项目反思_2026-09-04\data\secondary_price_raw\PSIX.html
PSIX,2026-08-05,32.93,32.93000030517578,-9.267409062374554e-09,https://stockanalysis.com/stocks/psix/history/,D:\drive\Investment\备份\项目反思_2026-09-04\data\secondary_price_raw\PSIX.html
PSIX,2026-08-04,34.86,34.86000061035156,-1.750865041838523e-08,https://stockanalysis.com/stocks/psix/history/,D:\drive\Investment\备份\项目反思_2026-09-04\data\secondary_price_raw\PSIX.html
PSIX,2026-08-03,28.78,28.780000686645508,-2.385842567953489e-08,https://stockanalysis.com/stocks/psix/history/,D:\drive\Investment\备份\项目反思_2026-09-04\data\secondary_price_raw\PSIX.html
PSIX,2026-07-31,27.61,27.61000061035156,-2.2106177000047467e-08,https://stockanalysis.com/stocks/psix/history/,D:\drive\Investment\备份\项目反思_2026-09-04\data\secondary_price_raw\PSIX.html
PSIX,2026-07-30,27.83,27.82999992370605,2.7414281955628894e-09,https://stockanalysis.com/stocks/psix/history/,D:\drive\Investment\备份\项目反思_2026-09-04\data\secondary_price_raw\PSIX.html
PSIX,2026-07-29,25.44,25.440000534057617,-2.0992830362942527e-08,https://stockanalysis.com/stocks/psix/history/,D:\drive\Investment\备份\项目反思_2026-09-04\data\secondary_price_raw\PSIX.html
PSIX,2026-07-28,27.9,27.899999618530277,1.3672750043269843e-08,https://stockanalysis.com/stocks/psix/history/,D:\drive\Investment\备份\项目反思_2026-09-04\data\secondary_price_raw\PSIX.html
PSIX,2026-07-27,30.06,30.059999465942383,1.7766388138440448e-08,https://stockanalysis.com/stocks/psix/history/,D:\drive\Investment\备份\项目反思_2026-09-04\data\secondary_price_raw\PSIX.html
PSIX,2026-07-24,29.96,29.959999084472656,3.0558323427243295e-08,https://stockanalysis.com/stocks/psix/history/,D:\drive\Investment\备份\项目反思_2026-09-04\data\secondary_price_raw\PSIX.html
PSIX,2026-07-23,31.38,31.3799991607666,2.674421351045453e-08,https://stockanalysis.com/stocks/psix/history/,D:\drive\Investment\备份\项目反思_2026-09-04\data\secondary_price_raw\PSIX.html
PSIX,2026-07-22,33.2,33.20000076293945,-2.2980103375758176e-08,https://stockanalysis.com/stocks/psix/history/,D:\drive\Investment\备份\项目反思_2026-09-04\data\secondary_price_raw\PSIX.html
PSIX,2026-07-21,31.78,31.780000686645508,-2.160621437319321e-08,https://stockanalysis.com/stocks/psix/history/,D:\drive\Investment\备份\项目反思_2026-09-04\data\secondary_price_raw\PSIX.html
PSIX,2026-07-20,29.9,29.899999618530277,1.2758184730898847e-08,https://stockanalysis.com/stocks/psix/history/,D:\drive\Investment\备份\项目反思_2026-09-04\data\secondary_price_raw\PSIX.html
PSIX,2026-07-17,30.25,30.25,0.0,https://stockanalysis.com/stocks/psix/history/,D:\drive\Investment\备份\项目反思_2026-09-04\data\secondary_price_raw\PSIX.html
PSIX,2026-07-16,31.76,31.76000022888184,-7.206606977838703e-09,https://stockanalysis.com/stocks/psix/history/,D:\drive\Investment\备份\项目反思_2026-09-04\data\secondary_price_raw\PSIX.html
PSIX,2026-07-15,33.46,33.459999084472656,2.7361846122175848e-08,https://stockanalysis.com/stocks/psix/history/,D:\drive\Investment\备份\项目反思_2026-09-04\data\secondary_price_raw\PSIX.html
PSIX,2026-07-14,32.63,32.630001068115234,-3.273414639348715e-08,https://stockanalysis.com/stocks/psix/history/,D:\drive\Investment\备份\项目反思_2026-09-04\data\secondary_price_raw\PSIX.html
PSIX,2026-07-13,32.18,32.18000030517578,-9.48339895501249e-09,https://stockanalysis.com/stocks/psix/history/,D:\drive\Investment\备份\项目反思_2026-09-04\data\secondary_price_raw\PSIX.html
SKHY,2026-09-04,177.0,177.0,0.0,https://stockanalysis.com/stocks/skhy/history/,D:\drive\Investment\备份\项目反思_2026-09-04\data\secondary_price_raw\SKHY.html
SKHY,2026-09-03,163.68,163.67999267578125,4.474718395819366e-08,https://stockanalysis.com/stocks/skhy/history/,D:\drive\Investment\备份\项目反思_2026-09-04\data\secondary_price_raw\SKHY.html
SKHY,2026-09-02,164.98,164.97999572753906,2.589684222620292e-08,https://stockanalysis.com/stocks/skhy/history/,D:\drive\Investment\备份\项目反思_2026-09-04\data\secondary_price_raw\SKHY.html
SKHY,2026-09-01,160.78,160.77999877929688,7.592381834342632e-09,https://stockanalysis.com/stocks/skhy/history/,D:\drive\Investment\备份\项目反思_2026-09-04\data\secondary_price_raw\SKHY.html
SKHY,2026-08-31,164.58,164.5800018310547,-1.1125620646978973e-08,https://stockanalysis.com/stocks/skhy/history/,D:\drive\Investment\备份\项目反思_2026-09-04\data\secondary_price_raw\SKHY.html
SKHY,2026-08-28,161.04,161.0399932861328,4.169068223980332e-08,https://stockanalysis.com/stocks/skhy/history/,D:\drive\Investment\备份\项目反思_2026-09-04\data\secondary_price_raw\SKHY.html
SKHY,2026-08-27,161.61,161.61000061035156,-3.776694179613571e-09,https://stockanalysis.com/stocks/skhy/history/,D:\drive\Investment\备份\项目反思_2026-09-04\data\secondary_price_raw\SKHY.html
SKHY,2026-08-26,158.02,158.02000427246094,-2.7037468708357437e-08,https://stockanalysis.com/stocks/skhy/history/,D:\drive\Investment\备份\项目反思_2026-09-04\data\secondary_price_raw\SKHY.html
SKHY,2026-08-25,159.53,159.52999877929688,7.651872024894146e-09,https://stockanalysis.com/stocks/skhy/history/,D:\drive\Investment\备份\项目反思_2026-09-04\data\secondary_price_raw\SKHY.html
SKHY,2026-08-24,155.37,155.3699951171875,3.1426997892936015e-08,https://stockanalysis.com/stocks/skhy/history/,D:\drive\Investment\备份\项目反思_2026-09-04\data\secondary_price_raw\SKHY.html
SKHY,2026-08-21,163.41,163.41000366210938,-2.241055807594705e-08,https://stockanalysis.com/stocks/skhy/history/,D:\drive\Investment\备份\项目反思_2026-09-04\data\secondary_price_raw\SKHY.html
SKHY,2026-08-20,163.08,163.0800018310547,-1.1227953455872353e-08,https://stockanalysis.com/stocks/skhy/history/,D:\drive\Investment\备份\项目反思_2026-09-04\data\secondary_price_raw\SKHY.html
SKHY,2026-08-19,156.16,156.16000366210938,-2.3451007247210498e-08,https://stockanalysis.com/stocks/skhy/history/,D:\drive\Investment\备份\项目反思_2026-09-04\data\secondary_price_raw\SKHY.html
SKHY,2026-08-18,155.62,155.6199951171875,3.1376511167025e-08,https://stockanalysis.com/stocks/skhy/history/,D:\drive\Investment\备份\项目反思_2026-09-04\data\secondary_price_raw\SKHY.html
SKHY,2026-08-17,171.38,171.3800048828125,-2.8491144665743207e-08,https://stockanalysis.com/stocks/skhy/history/,D:\drive\Investment\备份\项目反思_2026-09-04\data\secondary_price_raw\SKHY.html
SKHY,2026-08-14,166.33,166.3300018310547,-1.1008565281578342e-08,https://stockanalysis.com/stocks/skhy/history/,D:\drive\Investment\备份\项目反思_2026-09-04\data\secondary_price_raw\SKHY.html
SKHY,2026-08-13,165.67,165.6699981689453,1.1052421644563992e-08,https://stockanalysis.com/stocks/skhy/history/,D:\drive\Investment\备份\项目反思_2026-09-04\data\secondary_price_raw\SKHY.html
SKHY,2026-08-12,154.41,154.41000366210938,-2.371678831103452e-08,https://stockanalysis.com/stocks/skhy/history/,D:\drive\Investment\备份\项目反思_2026-09-04\data\secondary_price_raw\SKHY.html
SKHY,2026-08-11,141.65,141.64999389648438,4.308871082159271e-08,https://stockanalysis.com/stocks/skhy/history/,D:\drive\Investment\备份\项目反思_2026-09-04\data\secondary_price_raw\SKHY.html
SKHY,2026-08-10,135.29,135.2899932861328,4.962574839950662e-08,https://stockanalysis.com/stocks/skhy/history/,D:\drive\Investment\备份\项目反思_2026-09-04\data\secondary_price_raw\SKHY.html
SKHY,2026-08-07,137.91,137.91000366210938,-2.6554341836515505e-08,https://stockanalysis.com/stocks/skhy/history/,D:\drive\Investment\备份\项目反思_2026-09-04\data\secondary_price_raw\SKHY.html
SKHY,2026-08-06,143.53,143.52999877929688,8.504864146274826e-09,https://stockanalysis.com/stocks/skhy/history/,D:\drive\Investment\备份\项目反思_2026-09-04\data\secondary_price_raw\SKHY.html
SKHY,2026-08-05,151.03,151.02999877929688,8.082520874808097e-09,https://stockanalysis.com/stocks/skhy/history/,D:\drive\Investment\备份\项目反思_2026-09-04\data\secondary_price_raw\SKHY.html
SKHY,2026-08-04,154.38,154.3800048828125,-3.1628529240101955e-08,https://stockanalysis.com/stocks/skhy/history/,D:\drive\Investment\备份\项目反思_2026-09-04\data\secondary_price_raw\SKHY.html
SKHY,2026-08-03,142.72,142.72000122070312,-8.553132868627245e-09,https://stockanalysis.com/stocks/skhy/history/,D:\drive\Investment\备份\项目反思_2026-09-04\data\secondary_price_raw\SKHY.html
SKHY,2026-07-31,143.73,143.72999572753906,2.972560397829227e-08,https://stockanalysis.com/stocks/skhy/history/,D:\drive\Investment\备份\项目反思_2026-09-04\data\secondary_price_raw\SKHY.html
SKHY,2026-07-30,149.0,149.0,0.0,https://stockanalysis.com/stocks/skhy/history/,D:\drive\Investment\备份\项目反思_2026-09-04\data\secondary_price_raw\SKHY.html
SKHY,2026-07-29,126.79,126.79000091552734,-7.220816500286276e-09,https://stockanalysis.com/stocks/skhy/history/,D:\drive\Investment\备份\项目反思_2026-09-04\data\secondary_price_raw\SKHY.html
SKHY,2026-07-28,130.17,130.1699981689453,1.40666414072399e-08,https://stockanalysis.com/stocks/skhy/history/,D:\drive\Investment\备份\项目反思_2026-09-04\data\secondary_price_raw\SKHY.html
SKHY,2026-07-27,143.02,143.02000427246094,-2.987317015978874e-08,https://stockanalysis.com/stocks/skhy/history/,D:\drive\Investment\备份\项目反思_2026-09-04\data\secondary_price_raw\SKHY.html
SKHY,2026-07-24,154.57,154.57000732421875,-4.738447567653736e-08,https://stockanalysis.com/stocks/skhy/history/,D:\drive\Investment\备份\项目反思_2026-09-04\data\secondary_price_raw\SKHY.html
SKHY,2026-07-23,169.5,169.5,0.0,https://stockanalysis.com/stocks/skhy/history/,D:\drive\Investment\备份\项目反思_2026-09-04\data\secondary_price_raw\SKHY.html
SKHY,2026-07-22,165.27,165.27000427246094,-2.5851399576559686e-08,https://stockanalysis.com/stocks/skhy/history/,D:\drive\Investment\备份\项目反思_2026-09-04\data\secondary_price_raw\SKHY.html
SKHY,2026-07-21,171.94,171.94000244140625,-1.4199175391027552e-08,https://stockanalysis.com/stocks/skhy/history/,D:\drive\Investment\备份\项目反思_2026-09-04\data\secondary_price_raw\SKHY.html
SKHY,2026-07-20,151.16,151.16000366210938,-2.4226708750241244e-08,https://stockanalysis.com/stocks/skhy/history/,D:\drive\Investment\备份\项目反思_2026-09-04\data\secondary_price_raw\SKHY.html
SKHY,2026-07-17,154.03,154.02999877929688,7.925099909655842e-09,https://stockanalysis.com/stocks/skhy/history/,D:\drive\Investment\备份\项目反思_2026-09-04\data\secondary_price_raw\SKHY.html
SKHY,2026-07-16,152.31,152.30999755859375,1.6029192417832405e-08,https://stockanalysis.com/stocks/skhy/history/,D:\drive\Investment\备份\项目反思_2026-09-04\data\secondary_price_raw\SKHY.html
SKHY,2026-07-15,176.46,176.4600067138672,-3.8047528794216134e-08,https://stockanalysis.com/stocks/skhy/history/,D:\drive\Investment\备份\项目反思_2026-09-04\data\secondary_price_raw\SKHY.html
SKHY,2026-07-14,193.92,193.9199981689453,9.442320036967544e-09,https://stockanalysis.com/stocks/skhy/history/,D:\drive\Investment\备份\项目反思_2026-09-04\data\secondary_price_raw\SKHY.html
SKHY,2026-07-13,152.35,152.35000610351562,-4.0062457462575196e-08,https://stockanalysis.com/stocks/skhy/history/,D:\drive\Investment\备份\项目反思_2026-09-04\data\secondary_price_raw\SKHY.html
SMCI,2026-09-04,39.59,39.59000015258789,-3.8542027347432395e-09,https://stockanalysis.com/stocks/smci/history/,D:\drive\Investment\备份\项目反思_2026-09-04\data\secondary_price_raw\SMCI.html
SMCI,2026-09-03,37.87,37.869998931884766,2.8204786506336177e-08,https://stockanalysis.com/stocks/smci/history/,D:\drive\Investment\备份\项目反思_2026-09-04\data\secondary_price_raw\SMCI.html
SMCI,2026-09-02,37.0,37.0,0.0,https://stockanalysis.com/stocks/smci/history/,D:\drive\Investment\备份\项目反思_2026-09-04\data\secondary_price_raw\SMCI.html
SMCI,2026-09-01,36.71,36.709999084472656,2.4939454279504503e-08,https://stockanalysis.com/stocks/smci/history/,D:\drive\Investment\备份\项目反思_2026-09-04\data\secondary_price_raw\SMCI.html
SMCI,2026-08-31,37.28,37.27999877929688,3.2744183364741275e-08,https://stockanalysis.com/stocks/smci/history/,D:\drive\Investment\备份\项目反思_2026-09-04\data\secondary_price_raw\SMCI.html
SMCI,2026-08-28,37.08,37.08000183105469,-4.938119202435587e-08,https://stockanalysis.com/stocks/smci/history/,D:\drive\Investment\备份\项目反思_2026-09-04\data\secondary_price_raw\SMCI.html
SMCI,2026-08-27,38.46,38.459999084472656,2.380466379570123e-08,https://stockanalysis.com/stocks/smci/history/,D:\drive\Investment\备份\项目反思_2026-09-04\data\secondary_price_raw\SMCI.html
SMCI,2026-08-26,37.39,37.38999938964844,1.6323925544625695e-08,https://stockanalysis.com/stocks/smci/history/,D:\drive\Investment\备份\项目反思_2026-09-04\data\secondary_price_raw\SMCI.html
SMCI,2026-08-25,38.46,38.459999084472656,2.380466379570123e-08,https://stockanalysis.com/stocks/smci/history/,D:\drive\Investment\备份\项目反思_2026-09-04\data\secondary_price_raw\SMCI.html
SMCI,2026-08-24,35.17,35.16999816894531,5.2062973709965377e-08,https://stockanalysis.com/stocks/smci/history/,D:\drive\Investment\备份\项目反思_2026-09-04\data\secondary_price_raw\SMCI.html
SMCI,2026-08-21,37.24,37.2400016784668,-4.5071609000579826e-08,https://stockanalysis.com/stocks/smci/history/,D:\drive\Investment\备份\项目反思_2026-09-04\data\secondary_price_raw\SMCI.html
SMCI,2026-08-20,36.5,36.5,0.0,https://stockanalysis.com/stocks/smci/history/,D:\drive\Investment\备份\项目反思_2026-09-04\data\secondary_price_raw\SMCI.html
SMCI,2026-08-19,36.58,36.58000183105469,-5.005616721120987e-08,https://stockanalysis.com/stocks/smci/history/,D:\drive\Investment\备份\项目反思_2026-09-04\data\secondary_price_raw\SMCI.html
SMCI,2026-08-18,37.41,37.40999984741211,4.078799520357279e-09,https://stockanalysis.com/stocks/smci/history/,D:\drive\Investment\备份\项目反思_2026-09-04\data\secondary_price_raw\SMCI.html
SMCI,2026-08-17,38.28,38.27999877929688,3.188879715843029e-08,https://stockanalysis.com/stocks/smci/history/,D:\drive\Investment\备份\项目反思_2026-09-04\data\secondary_price_raw\SMCI.html
SMCI,2026-08-14,39.84,39.84000015258789,-3.830017192285595e-09,https://stockanalysis.com/stocks/smci/history/,D:\drive\Investment\备份\项目反思_2026-09-04\data\secondary_price_raw\SMCI.html
SMCI,2026-08-13,39.16,39.15999984741211,3.8965242143973455e-09,https://stockanalysis.com/stocks/smci/history/,D:\drive\Investment\备份\项目反思_2026-09-04\data\secondary_price_raw\SMCI.html
SMCI,2026-08-12,37.61,37.61000061035156,-1.6228438037835247e-08,https://stockanalysis.com/stocks/smci/history/,D:\drive\Investment\备份\项目反思_2026-09-04\data\secondary_price_raw\SMCI.html
SMCI,2026-08-11,31.6,31.600000381469727,-1.2071826649417972e-08,https://stockanalysis.com/stocks/smci/history/,D:\drive\Investment\备份\项目反思_2026-09-04\data\secondary_price_raw\SMCI.html
SMCI,2026-08-10,31.46,31.459999084472656,2.9101315135449113e-08,https://stockanalysis.com/stocks/smci/history/,D:\drive\Investment\备份\项目反思_2026-09-04\data\secondary_price_raw\SMCI.html
SMCI,2026-08-07,31.13,31.1299991607666,2.6958991927727993e-08,https://stockanalysis.com/stocks/smci/history/,D:\drive\Investment\备份\项目反思_2026-09-04\data\secondary_price_raw\SMCI.html
SMCI,2026-08-06,29.38,29.3799991607666,2.8564786314078106e-08,https://stockanalysis.com/stocks/smci/history/,D:\drive\Investment\备份\项目反思_2026-09-04\data\secondary_price_raw\SMCI.html
SMCI,2026-08-05,30.32,30.31999969482422,1.0065164479655664e-08,https://stockanalysis.com/stocks/smci/history/,D:\drive\Investment\备份\项目反思_2026-09-04\data\secondary_price_raw\SMCI.html
SMCI,2026-08-04,31.69,31.690000534057617,-1.6852559348023988e-08,https://stockanalysis.com/stocks/smci/history/,D:\drive\Investment\备份\项目反思_2026-09-04\data\secondary_price_raw\SMCI.html
SMCI,2026-08-03,28.64,28.63999938964844,2.1311158171499756e-08,https://stockanalysis.com/stocks/smci/history/,D:\drive\Investment\备份\项目反思_2026-09-04\data\secondary_price_raw\SMCI.html
SMCI,2026-07-31,28.4,28.399999618530277,1.3432032597293642e-08,https://stockanalysis.com/stocks/smci/history/,D:\drive\Investment\备份\项目反思_2026-09-04\data\secondary_price_raw\SMCI.html
SMCI,2026-07-30,27.73,27.729999542236328,1.6507885947092404e-08,https://stockanalysis.com/stocks/smci/history/,D:\drive\Investment\备份\项目反思_2026-09-04\data\secondary_price_raw\SMCI.html
SMCI,2026-07-29,25.7,25.700000762939453,-2.9686359148684005e-08,https://stockanalysis.com/stocks/smci/history/,D:\drive\Investment\备份\项目反思_2026-09-04\data\secondary_price_raw\SMCI.html
SMCI,2026-07-28,28.45,28.450000762939453,-2.681685173921977e-08,https://stockanalysis.com/stocks/smci/history/,D:\drive\Investment\备份\项目反思_2026-09-04\data\secondary_price_raw\SMCI.html
SMCI,2026-07-27,29.81,29.809999465942383,1.7915384953326452e-08,https://stockanalysis.com/stocks/smci/history/,D:\drive\Investment\备份\项目反思_2026-09-04\data\secondary_price_raw\SMCI.html
SMCI,2026-07-24,30.1,30.100000381469727,-1.2673412652652871e-08,https://stockanalysis.com/stocks/smci/history/,D:\drive\Investment\备份\项目反思_2026-09-04\data\secondary_price_raw\SMCI.html
SMCI,2026-07-23,31.2,31.200000762939453,-2.4453187030815116e-08,https://stockanalysis.com/stocks/smci/history/,D:\drive\Investment\备份\项目反思_2026-09-04\data\secondary_price_raw\SMCI.html
SMCI,2026-07-22,30.56,30.559999465942383,1.7475707547731645e-08,https://stockanalysis.com/stocks/smci/history/,D:\drive\Investment\备份\项目反思_2026-09-04\data\secondary_price_raw\SMCI.html
SMCI,2026-07-21,25.5,25.5,0.0,https://stockanalysis.com/stocks/smci/history/,D:\drive\Investment\备份\项目反思_2026-09-04\data\secondary_price_raw\SMCI.html
SMCI,2026-07-20,23.83,23.82999992370605,3.2015923245864997e-09,https://stockanalysis.com/stocks/smci/history/,D:\drive\Investment\备份\项目反思_2026-09-04\data\secondary_price_raw\SMCI.html
SMCI,2026-07-17,24.18,24.18000030517578,-1.2620999911838737e-08,https://stockanalysis.com/stocks/smci/history/,D:\drive\Investment\备份\项目反思_2026-09-04\data\secondary_price_raw\SMCI.html
SMCI,2026-07-16,24.68,24.68000030517578,-1.2365307000550274e-08,https://stockanalysis.com/stocks/smci/history/,D:\drive\Investment\备份\项目反思_2026-09-04\data\secondary_price_raw\SMCI.html
SMCI,2026-07-15,26.89,26.88999938964844,2.2698087409622758e-08,https://stockanalysis.com/stocks/smci/history/,D:\drive\Investment\备份\项目反思_2026-09-04\data\secondary_price_raw\SMCI.html
SMCI,2026-07-14,27.65,27.649999618530277,1.3796373377061855e-08,https://stockanalysis.com/stocks/smci/history/,D:\drive\Investment\备份\项目反思_2026-09-04\data\secondary_price_raw\SMCI.html
SMCI,2026-07-13,27.66,27.65999984741211,5.5165543244584114e-09,https://stockanalysis.com/stocks/smci/history/,D:\drive\Investment\备份\项目反思_2026-09-04\data\secondary_price_raw\SMCI.html
SMR,2026-09-04,9.7,9.699999809265137,1.966338825099001e-08,https://stockanalysis.com/stocks/smr/history/,D:\drive\Investment\备份\项目反思_2026-09-04\data\secondary_price_raw\SMR.html
SMR,2026-09-03,9.75,9.75,0.0,https://stockanalysis.com/stocks/smr/history/,D:\drive\Investment\备份\项目反思_2026-09-04\data\secondary_price_raw\SMR.html
SMR,2026-09-02,9.56,9.5600004196167,-4.3892958156988016e-08,https://stockanalysis.com/stocks/smr/history/,D:\drive\Investment\备份\项目反思_2026-09-04\data\secondary_price_raw\SMR.html
SMR,2026-09-01,9.21,9.210000038146973,-4.141907927746047e-09,https://stockanalysis.com/stocks/smr/history/,D:\drive\Investment\备份\项目反思_2026-09-04\data\secondary_price_raw\SMR.html
SMR,2026-08-31,9.27,9.270000457763672,-4.938119202435587e-08,https://stockanalysis.com/stocks/smr/history/,D:\drive\Investment\备份\项目反思_2026-09-04\data\secondary_price_raw\SMR.html
SMR,2026-08-28,9.29,9.289999961853027,4.106240236723124e-09,https://stockanalysis.com/stocks/smr/history/,D:\drive\Investment\备份\项目反思_2026-09-04\data\secondary_price_raw\SMR.html
SMR,2026-08-27,9.74,9.739999771118164,2.3499162393747497e-08,https://stockanalysis.com/stocks/smr/history/,D:\drive\Investment\备份\项目反思_2026-09-04\data\secondary_price_raw\SMR.html
SMR,2026-08-26,9.27,9.270000457763672,-4.938119202435587e-08,https://stockanalysis.com/stocks/smr/history/,D:\drive\Investment\备份\项目反思_2026-09-04\data\secondary_price_raw\SMR.html
SMR,2026-08-25,9.81,9.8100004196167,-4.277438137023637e-08,https://stockanalysis.com/stocks/smr/history/,D:\drive\Investment\备份\项目反思_2026-09-04\data\secondary_price_raw\SMR.html
SMR,2026-08-24,9.05,9.050000190734863,-2.107567498299545e-08,https://stockanalysis.com/stocks/smr/history/,D:\drive\Investment\备份\项目反思_2026-09-04\data\secondary_price_raw\SMR.html
SMR,2026-08-21,9.4,9.399999618530272,4.058188762812165e-08,https://stockanalysis.com/stocks/smr/history/,D:\drive\Investment\备份\项目反思_2026-09-04\data\secondary_price_raw\SMR.html
SMR,2026-08-20,9.07,9.06999969482422,3.3646724295621766e-08,https://stockanalysis.com/stocks/smr/history/,D:\drive\Investment\备份\项目反思_2026-09-04\data\secondary_price_raw\SMR.html
SMR,2026-08-19,9.29,9.289999961853027,4.106240236723124e-09,https://stockanalysis.com/stocks/smr/history/,D:\drive\Investment\备份\项目反思_2026-09-04\data\secondary_price_raw\SMR.html
SMR,2026-08-18,8.64,8.640000343322754,-3.973642825894075e-08,https://stockanalysis.com/stocks/smr/history/,D:\drive\Investment\备份\项目反思_2026-09-04\data\secondary_price_raw\SMR.html
SMR,2026-08-17,9.19,9.1899995803833,4.566014344398184e-08,https://stockanalysis.com/stocks/smr/history/,D:\drive\Investment\备份\项目反思_2026-09-04\data\secondary_price_raw\SMR.html
SMR,2026-08-14,9.39,9.390000343322754,-3.656259217610369e-08,https://stockanalysis.com/stocks/smr/history/,D:\drive\Investment\备份\项目反思_2026-09-04\data\secondary_price_raw\SMR.html
SMR,2026-08-13,9.85,9.850000381469728,-3.872788978398489e-08,https://stockanalysis.com/stocks/smr/history/,D:\drive\Investment\备份\项目反思_2026-09-04\data\secondary_price_raw\SMR.html
SMR,2026-08-12,9.59,9.59000015258789,-1.591114584531539e-08,https://stockanalysis.com/stocks/smr/history/,D:\drive\Investment\备份\项目反思_2026-09-04\data\secondary_price_raw\SMR.html
SMR,2026-08-11,9.89,9.890000343322754,-3.471412957090081e-08,https://stockanalysis.com/stocks/smr/history/,D:\drive\Investment\备份\项目反思_2026-09-04\data\secondary_price_raw\SMR.html
SMR,2026-08-10,9.18,9.18000030517578,-3.3243547914452165e-08,https://stockanalysis.com/stocks/smr/history/,D:\drive\Investment\备份\项目反思_2026-09-04\data\secondary_price_raw\SMR.html
SMR,2026-08-07,9.82,9.81999969482422,3.107696433524154e-08,https://stockanalysis.com/stocks/smr/history/,D:\drive\Investment\备份\项目反思_2026-09-04\data\secondary_price_raw\SMR.html
SMR,2026-08-06,9.47,9.470000267028809,-2.819733901926469e-08,https://stockanalysis.com/stocks/smr/history/,D:\drive\Investment\备份\项目反思_2026-09-04\data\secondary_price_raw\SMR.html
SMR,2026-08-05,9.38,9.380000114440918,-1.2200524035499427e-08,https://stockanalysis.com/stocks/smr/history/,D:\drive\Investment\备份\项目反思_2026-09-04\data\secondary_price_raw\SMR.html
SMR,2026-08-04,9.49,9.489999771118164,2.4118212982315868e-08,https://stockanalysis.com/stocks/smr/history/,D:\drive\Investment\备份\项目反思_2026-09-04\data\secondary_price_raw\SMR.html
SMR,2026-08-03,9.01,9.010000228881836,-2.540308885468079e-08,https://stockanalysis.com/stocks/smr/history/,D:\drive\Investment\备份\项目反思_2026-09-04\data\secondary_price_raw\SMR.html
SMR,2026-07-31,8.42,8.420000076293945,-9.061038586111181e-09,https://stockanalysis.com/stocks/smr/history/,D:\drive\Investment\备份\项目反思_2026-09-04\data\secondary_price_raw\SMR.html
SMR,2026-07-30,8.6,8.600000381469727,-4.435694300752857e-08,https://stockanalysis.com/stocks/smr/history/,D:\drive\Investment\备份\项目反思_2026-09-04\data\secondary_price_raw\SMR.html
SMR,2026-07-29,7.59,7.590000152587891,-2.010380606431994e-08,https://stockanalysis.com/stocks/smr/history/,D:\drive\Investment\备份\项目反思_2026-09-04\data\secondary_price_raw\SMR.html
SMR,2026-07-28,8.22,8.220000267028809,-3.2485255374581357e-08,https://stockanalysis.com/stocks/smr/history/,D:\drive\Investment\备份\项目反思_2026-09-04\data\secondary_price_raw\SMR.html
SMR,2026-07-27,8.54,8.539999961853027,4.466858438689769e-09,https://stockanalysis.com/stocks/smr/history/,D:\drive\Investment\备份\项目反思_2026-09-04\data\secondary_price_raw\SMR.html
SMR,2026-07-24,8.09,8.09000015258789,-1.8861296413597017e-08,https://stockanalysis.com/stocks/smr/history/,D:\drive\Investment\备份\项目反思_2026-09-04\data\secondary_price_raw\SMR.html
SMR,2026-07-23,8.81,8.8100004196167,-4.7629588939557266e-08,https://stockanalysis.com/stocks/smr/history/,D:\drive\Investment\备份\项目反思_2026-09-04\data\secondary_price_raw\SMR.html
SMR,2026-07-22,8.68,8.680000305175781,-3.5158498890019985e-08,https://stockanalysis.com/stocks/smr/history/,D:\drive\Investment\备份\项目反思_2026-09-04\data\secondary_price_raw\SMR.html
SMR,2026-07-21,8.71,8.710000038146973,-4.379675289101215e-09,https://stockanalysis.com/stocks/smr/history/,D:\drive\Investment\备份\项目反思_2026-09-04\data\secondary_price_raw\SMR.html
SMR,2026-07-20,7.96,7.960000038146973,-4.7923331969457195e-09,https://stockanalysis.com/stocks/smr/history/,D:\drive\Investment\备份\项目反思_2026-09-04\data\secondary_price_raw\SMR.html
SMR,2026-07-17,7.72,7.71999979019165,2.7177248007603794e-08,https://stockanalysis.com/stocks/smr/history/,D:\drive\Investment\备份\项目反思_2026-09-04\data\secondary_price_raw\SMR.html
SMR,2026-07-16,7.64,7.639999866485596,1.7475707547731645e-08,https://stockanalysis.com/stocks/smr/history/,D:\drive\Investment\备份\项目反思_2026-09-04\data\secondary_price_raw\SMR.html
SMR,2026-07-15,8.36,8.359999656677246,4.1067316658427444e-08,https://stockanalysis.com/stocks/smr/history/,D:\drive\Investment\备份\项目反思_2026-09-04\data\secondary_price_raw\SMR.html
SMR,2026-07-14,8.6,8.600000381469727,-4.435694300752857e-08,https://stockanalysis.com/stocks/smr/history/,D:\drive\Investment\备份\项目反思_2026-09-04\data\secondary_price_raw\SMR.html
SMR,2026-07-13,8.35,8.350000381469727,-4.568499512025426e-08,https://stockanalysis.com/stocks/smr/history/,D:\drive\Investment\备份\项目反思_2026-09-04\data\secondary_price_raw\SMR.html
SNDK,2026-09-04,1740.0,1740.0,0.0,https://stockanalysis.com/stocks/sndk/history/,D:\drive\Investment\备份\项目反思_2026-09-04\data\secondary_price_raw\SNDK.html
SNDK,2026-09-03,1554.99,1554.989990234375,6.2801850386762226e-09,https://stockanalysis.com/stocks/sndk/history/,D:\drive\Investment\备份\项目反思_2026-09-04\data\secondary_price_raw\SNDK.html
SNDK,2026-09-02,1553.4,1553.4000244140625,-1.5716532741905098e-08,https://stockanalysis.com/stocks/sndk/history/,D:\drive\Investment\备份\项目反思_2026-09-04\data\secondary_price_raw\SNDK.html
SNDK,2026-09-01,1536.87,1536.8699951171875,3.177114793473379e-09,https://stockanalysis.com/stocks/sndk/history/,D:\drive\Investment\备份\项目反思_2026-09-04\data\secondary_price_raw\SNDK.html
SNDK,2026-08-31,1566.7,1566.699951171875,3.1166226266421404e-08,https://stockanalysis.com/stocks/sndk/history/,D:\drive\Investment\备份\项目反思_2026-09-04\data\secondary_price_raw\SNDK.html
SNDK,2026-08-28,1484.98,1484.97998046875,1.3152534172888863e-08,https://stockanalysis.com/stocks/sndk/history/,D:\drive\Investment\备份\项目反思_2026-09-04\data\secondary_price_raw\SNDK.html
SNDK,2026-08-27,1484.95,1484.949951171875,3.288200045581391e-08,https://stockanalysis.com/stocks/sndk/history/,D:\drive\Investment\备份\项目反思_2026-09-04\data\secondary_price_raw\SNDK.html
SNDK,2026-08-26,1499.37,1499.3699951171875,3.2565761198810605e-09,https://stockanalysis.com/stocks/sndk/history/,D:\drive\Investment\备份\项目反思_2026-09-04\data\secondary_price_raw\SNDK.html
SNDK,2026-08-25,1480.77,1480.77001953125,-1.3189928038670473e-08,https://stockanalysis.com/stocks/sndk/history/,D:\drive\Investment\备份\项目反思_2026-09-04\data\secondary_price_raw\SNDK.html
SNDK,2026-08-24,1493.12,1493.1199951171875,3.270207660222013e-09,https://stockanalysis.com/stocks/sndk/history/,D:\drive\Investment\备份\项目反思_2026-09-04\data\secondary_price_raw\SNDK.html
SNDK,2026-08-21,1596.08,1596.0799560546875,2.7533277657809663e-08,https://stockanalysis.com/stocks/sndk/history/,D:\drive\Investment\备份\项目反思_2026-09-04\data\secondary_price_raw\SNDK.html
SNDK,2026-08-20,1600.62,1600.6199951171875,3.0505755699294923e-09,https://stockanalysis.com/stocks/sndk/history/,D:\drive\Investment\备份\项目反思_2026-09-04\data\secondary_price_raw\SNDK.html
SNDK,2026-08-19,1568.87,1568.8699951171875,3.1123117416598234e-09,https://stockanalysis.com/stocks/sndk/history/,D:\drive\Investment\备份\项目反思_2026-09-04\data\secondary_price_raw\SNDK.html
SNDK,2026-08-18,1625.78,1625.780029296875,-1.8020196113077702e-08,https://stockanalysis.com/stocks/sndk/history/,D:\drive\Investment\备份\项目反思_2026-09-04\data\secondary_price_raw\SNDK.html
SNDK,2026-08-17,1786.85,1786.8499755859375,1.3663185249868093e-08,https://stockanalysis.com/stocks/sndk/history/,D:\drive\Investment\备份\项目反思_2026-09-04\data\secondary_price_raw\SNDK.html
SNDK,2026-08-14,1641.11,1641.1099853515625,8.925932881709286e-09,https://stockanalysis.com/stocks/sndk/history/,D:\drive\Investment\备份\项目反思_2026-09-04\data\secondary_price_raw\SNDK.html
SNDK,2026-08-13,1528.11,1528.1099853515625,9.585983784532459e-09,https://stockanalysis.com/stocks/sndk/history/,D:\drive\Investment\备份\项目反思_2026-09-04\data\secondary_price_raw\SNDK.html
SNDK,2026-08-12,1344.29,1344.2900390625,-2.905808937914145e-08,https://stockanalysis.com/stocks/sndk/history/,D:\drive\Investment\备份\项目反思_2026-09-04\data\secondary_price_raw\SNDK.html
SNDK,2026-08-11,1271.05,1271.050048828125,-3.841558016137725e-08,https://stockanalysis.com/stocks/sndk/history/,D:\drive\Investment\备份\项目反思_2026-09-04\data\secondary_price_raw\SNDK.html
SNDK,2026-08-10,1237.92,1237.9200439453125,-3.549931404389639e-08,https://stockanalysis.com/stocks/sndk/history/,D:\drive\Investment\备份\项目反思_2026-09-04\data\secondary_price_raw\SNDK.html
SNDK,2026-08-07,1212.21,1212.2099609375,3.222420308368612e-08,https://stockanalysis.com/stocks/sndk/history/,D:\drive\Investment\备份\项目反思_2026-09-04\data\secondary_price_raw\SNDK.html
SNDK,2026-08-06,1258.58,1258.5799560546875,3.491658384646712e-08,https://stockanalysis.com/stocks/sndk/history/,D:\drive\Investment\备份\项目反思_2026-09-04\data\secondary_price_raw\SNDK.html
SNDK,2026-08-05,1350.5,1350.5,0.0,https://stockanalysis.com/stocks/sndk/history/,D:\drive\Investment\备份\项目反思_2026-09-04\data\secondary_price_raw\SNDK.html
SNDK,2026-08-04,1427.62,1427.6199951171875,3.4202465304389307e-09,https://stockanalysis.com/stocks/sndk/history/,D:\drive\Investment\备份\项目反思_2026-09-04\data\secondary_price_raw\SNDK.html
SNDK,2026-08-03,1288.03,1288.030029296875,-2.274549071312748e-08,https://stockanalysis.com/stocks/sndk/history/,D:\drive\Investment\备份\项目反思_2026-09-04\data\secondary_price_raw\SNDK.html
SNDK,2026-07-31,1214.83,1214.8299560546875,3.6174044204528855e-08,https://stockanalysis.com/stocks/sndk/history/,D:\drive\Investment\备份\项目反思_2026-09-04\data\secondary_price_raw\SNDK.html
SNDK,2026-07-30,1279.96,1279.9599609375,3.0518532811996124e-08,https://stockanalysis.com/stocks/sndk/history/,D:\drive\Investment\备份\项目反思_2026-09-04\data\secondary_price_raw\SNDK.html
SNDK,2026-07-29,1015.89,1015.8900146484376,-1.4419314520175419e-08,https://stockanalysis.com/stocks/sndk/history/,D:\drive\Investment\备份\项目反思_2026-09-04\data\secondary_price_raw\SNDK.html
SNDK,2026-07-28,1096.1,1096.0999755859375,2.227357254191986e-08,https://stockanalysis.com/stocks/sndk/history/,D:\drive\Investment\备份\项目反思_2026-09-04\data\secondary_price_raw\SNDK.html
SNDK,2026-07-27,1278.23,1278.22998046875,1.5279918663679837e-08,https://stockanalysis.com/stocks/sndk/history/,D:\drive\Investment\备份\项目反思_2026-09-04\data\secondary_price_raw\SNDK.html
SNDK,2026-07-24,1436.56,1436.56005859375,-4.078753945702118e-08,https://stockanalysis.com/stocks/sndk/history/,D:\drive\Investment\备份\项目反思_2026-09-04\data\secondary_price_raw\SNDK.html
SNDK,2026-07-23,1610.33,1610.3299560546875,2.728963233167292e-08,https://stockanalysis.com/stocks/sndk/history/,D:\drive\Investment\备份\项目反思_2026-09-04\data\secondary_price_raw\SNDK.html
SNDK,2026-07-22,1599.27,1599.27001953125,-1.2212603150985046e-08,https://stockanalysis.com/stocks/sndk/history/,D:\drive\Investment\备份\项目反思_2026-09-04\data\secondary_price_raw\SNDK.html
SNDK,2026-07-21,1589.4,1589.4000244140625,-1.5360552385601522e-08,https://stockanalysis.com/stocks/sndk/history/,D:\drive\Investment\备份\项目反思_2026-09-04\data\secondary_price_raw\SNDK.html
SNDK,2026-07-20,1390.95,1390.949951171875,3.5104156692611355e-08,https://stockanalysis.com/stocks/sndk/history/,D:\drive\Investment\备份\项目反思_2026-09-04\data\secondary_price_raw\SNDK.html
SNDK,2026-07-17,1354.82,1354.8199462890625,3.9644336258248813e-08,https://stockanalysis.com/stocks/sndk/history/,D:\drive\Investment\备份\项目反思_2026-09-04\data\secondary_price_raw\SNDK.html
SNDK,2026-07-16,1411.08,1411.0799560546875,3.1143035039704614e-08,https://stockanalysis.com/stocks/sndk/history/,D:\drive\Investment\备份\项目反思_2026-09-04\data\secondary_price_raw\SNDK.html
SNDK,2026-07-15,1615.0,1615.0,0.0,https://stockanalysis.com/stocks/sndk/history/,D:\drive\Investment\备份\项目反思_2026-09-04\data\secondary_price_raw\SNDK.html
SNDK,2026-07-14,1757.82,1757.8199462890625,3.055542618923823e-08,https://stockanalysis.com/stocks/sndk/history/,D:\drive\Investment\备份\项目反思_2026-09-04\data\secondary_price_raw\SNDK.html
SNDK,2026-07-13,1673.97,1673.969970703125,1.750143407974747e-08,https://stockanalysis.com/stocks/sndk/history/,D:\drive\Investment\备份\项目反思_2026-09-04\data\secondary_price_raw\SNDK.html
SOMMY,2026-09-03,20.0,20.0,0.0,https://stockanalysis.com/quote/otc/SOMMY/history/,D:\drive\Investment\备份\项目反思_2026-09-04\data\secondary_price_raw\SOMMY.html
SOMMY,2026-09-02,19.37,19.3700008392334,-4.3326451315550685e-08,https://stockanalysis.com/quote/otc/SOMMY/history/,D:\drive\Investment\备份\项目反思_2026-09-04\data\secondary_price_raw\SOMMY.html
SOMMY,2026-09-01,18.5,18.5,0.0,https://stockanalysis.com/quote/otc/SOMMY/history/,D:\drive\Investment\备份\项目反思_2026-09-04\data\secondary_price_raw\SOMMY.html
SOMMY,2026-08-31,17.99,17.989999771118164,1.2722725761804554e-08,https://stockanalysis.com/quote/otc/SOMMY/history/,D:\drive\Investment\备份\项目反思_2026-09-04\data\secondary_price_raw\SOMMY.html
SOMMY,2026-08-28,17.48,17.479999542236328,2.6187853885417667e-08,https://stockanalysis.com/quote/otc/SOMMY/history/,D:\drive\Investment\备份\项目反思_2026-09-04\data\secondary_price_raw\SOMMY.html
SOMMY,2026-08-24,17.39,17.389999389648438,3.5097848405385434e-08,https://stockanalysis.com/quote/otc/SOMMY/history/,D:\drive\Investment\备份\项目反思_2026-09-04\data\secondary_price_raw\SOMMY.html
SOMMY,2026-08-21,17.4,17.399999618530273,2.1923547866009585e-08,https://stockanalysis.com/quote/otc/SOMMY/history/,D:\drive\Investment\备份\项目反思_2026-09-04\data\secondary_price_raw\SOMMY.html
SOMMY,2026-08-18,16.37,16.3700008392334,-5.126654578635481e-08,https://stockanalysis.com/quote/otc/SOMMY/history/,D:\drive\Investment\备份\项目反思_2026-09-04\data\secondary_price_raw\SOMMY.html
SOMMY,2026-08-13,16.64,16.639999389648438,3.667978276666872e-08,https://stockanalysis.com/quote/otc/SOMMY/history/,D:\drive\Investment\备份\项目反思_2026-09-04\data\secondary_price_raw\SOMMY.html
SOMMY,2026-08-11,15.38,15.380000114440918,-7.440891791610227e-09,https://stockanalysis.com/quote/otc/SOMMY/history/,D:\drive\Investment\备份\项目反思_2026-09-04\data\secondary_price_raw\SOMMY.html
SOMMY,2026-08-06,15.96,15.960000038146973,-2.3901611800880573e-09,https://stockanalysis.com/quote/otc/SOMMY/history/,D:\drive\Investment\备份\项目反思_2026-09-04\data\secondary_price_raw\SOMMY.html
SOMMY,2026-08-05,15.11,15.109999656677246,2.2721559300720173e-08,https://stockanalysis.com/quote/otc/SOMMY/history/,D:\drive\Investment\备份\项目反思_2026-09-04\data\secondary_price_raw\SOMMY.html
SOMMY,2026-08-04,14.68,14.68000030517578,-2.07885404446273e-08,https://stockanalysis.com/quote/otc/SOMMY/history/,D:\drive\Investment\备份\项目反思_2026-09-04\data\secondary_price_raw\SOMMY.html
SOMMY,2026-07-29,15.35,15.350000381469728,-2.485144745545398e-08,https://stockanalysis.com/quote/otc/SOMMY/history/,D:\drive\Investment\备份\项目反思_2026-09-04\data\secondary_price_raw\SOMMY.html
SOMMY,2026-07-27,16.28,16.280000686645508,-4.217724069999207e-08,https://stockanalysis.com/quote/otc/SOMMY/history/,D:\drive\Investment\备份\项目反思_2026-09-04\data\secondary_price_raw\SOMMY.html
SOMMY,2026-07-23,16.94,16.940000534057617,-3.152642258363869e-08,https://stockanalysis.com/quote/otc/SOMMY/history/,D:\drive\Investment\备份\项目反思_2026-09-04\data\secondary_price_raw\SOMMY.html
SOMMY,2026-07-21,16.63,16.6299991607666,5.0465029488577784e-08,https://stockanalysis.com/quote/otc/SOMMY/history/,D:\drive\Investment\备份\项目反思_2026-09-04\data\secondary_price_raw\SOMMY.html
SOMMY,2026-07-20,17.17,17.170000076293945,-4.443444612256542e-09,https://stockanalysis.com/quote/otc/SOMMY/history/,D:\drive\Investment\备份\项目反思_2026-09-04\data\secondary_price_raw\SOMMY.html
SOMMY,2026-07-15,16.84,16.84000015258789,-9.061038586111181e-09,https://stockanalysis.com/quote/otc/SOMMY/history/,D:\drive\Investment\备份\项目反思_2026-09-04\data\secondary_price_raw\SOMMY.html
SOMMY,2026-07-14,16.52,16.520000457763672,-2.7709664673913892e-08,https://stockanalysis.com/quote/otc/SOMMY/history/,D:\drive\Investment\备份\项目反思_2026-09-04\data\secondary_price_raw\SOMMY.html
SOMMY,2026-07-13,16.02,16.020000457763672,-2.8574510535506192e-08,https://stockanalysis.com/quote/otc/SOMMY/history/,D:\drive\Investment\备份\项目反思_2026-09-04\data\secondary_price_raw\SOMMY.html
TE,2026-09-04,4.6,4.599999904632568,2.073205074282214e-08,https://stockanalysis.com/stocks/te/history/,D:\drive\Investment\备份\项目反思_2026-09-04\data\secondary_price_raw\TE.html
TE,2026-09-03,4.54,4.539999961853027,8.40241698440991e-09,https://stockanalysis.com/stocks/te/history/,D:\drive\Investment\备份\项目反思_2026-09-04\data\secondary_price_raw\TE.html
TE,2026-09-02,4.27,4.269999980926514,4.466858438689769e-09,https://stockanalysis.com/stocks/te/history/,D:\drive\Investment\备份\项目反思_2026-09-04\data\secondary_price_raw\TE.html
TE,2026-09-01,4.28,4.28000020980835,-4.902063999168149e-08,https://stockanalysis.com/stocks/te/history/,D:\drive\Investment\备份\项目反思_2026-09-04\data\secondary_price_raw\TE.html
TE,2026-08-31,4.45,4.449999809265137,4.2861768800861455e-08,https://stockanalysis.com/stocks/te/history/,D:\drive\Investment\备份\项目反思_2026-09-04\data\secondary_price_raw\TE.html
TE,2026-08-28,4.79,4.789999961853027,7.963877557415344e-09,https://stockanalysis.com/stocks/te/history/,D:\drive\Investment\备份\项目反思_2026-09-04\data\secondary_price_raw\TE.html
TE,2026-08-27,4.96,4.960000038146973,-7.690921899339287e-09,https://stockanalysis.com/stocks/te/history/,D:\drive\Investment\备份\项目反思_2026-09-04\data\secondary_price_raw\TE.html
TE,2026-08-26,4.51,4.510000228881836,-5.074985021114031e-08,https://stockanalysis.com/stocks/te/history/,D:\drive\Investment\备份\项目反思_2026-09-04\data\secondary_price_raw\TE.html
TE,2026-08-25,4.65,4.650000095367432,-2.0509124620815555e-08,https://stockanalysis.com/stocks/te/history/,D:\drive\Investment\备份\项目反思_2026-09-04\data\secondary_price_raw\TE.html
TE,2026-08-24,4.32,4.320000171661377,-3.973642825894075e-08,https://stockanalysis.com/stocks/te/history/,D:\drive\Investment\备份\项目反思_2026-09-04\data\secondary_price_raw\TE.html
TE,2026-08-21,4.42,4.420000076293945,-1.726107334842908e-08,https://stockanalysis.com/stocks/te/history/,D:\drive\Investment\备份\项目反思_2026-09-04\data\secondary_price_raw\TE.html
TE,2026-08-20,4.36,4.360000133514404,-3.062256881403158e-08,https://stockanalysis.com/stocks/te/history/,D:\drive\Investment\备份\项目反思_2026-09-04\data\secondary_price_raw\TE.html
TE,2026-08-19,4.55,4.550000190734863,-4.1919748450247596e-08,https://stockanalysis.com/stocks/te/history/,D:\drive\Investment\备份\项目反思_2026-09-04\data\secondary_price_raw\TE.html
TE,2026-08-18,4.65,4.650000095367432,-2.0509124620815555e-08,https://stockanalysis.com/stocks/te/history/,D:\drive\Investment\备份\项目反思_2026-09-04\data\secondary_price_raw\TE.html
TE,2026-08-17,4.88,4.880000114440918,-2.3451007247210498e-08,https://stockanalysis.com/stocks/te/history/,D:\drive\Investment\备份\项目反思_2026-09-04\data\secondary_price_raw\TE.html
TE,2026-08-14,5.11,5.110000133514404,-2.6128062713404177e-08,https://stockanalysis.com/stocks/te/history/,D:\drive\Investment\备份\项目反思_2026-09-04\data\secondary_price_raw\TE.html
TE,2026-08-13,4.79,4.789999961853027,7.963877557415344e-09,https://stockanalysis.com/stocks/te/history/,D:\drive\Investment\备份\项目反思_2026-09-04\data\secondary_price_raw\TE.html
TE,2026-08-12,4.9,4.900000095367432,-1.9462740752373975e-08,https://stockanalysis.com/stocks/te/history/,D:\drive\Investment\备份\项目反思_2026-09-04\data\secondary_price_raw\TE.html
TE,2026-08-11,5.47,5.46999979019165,3.8356189557831044e-08,https://stockanalysis.com/stocks/te/history/,D:\drive\Investment\备份\项目反思_2026-09-04\data\secondary_price_raw\TE.html
TE,2026-08-10,5.31,5.309999942779541,1.0775980996413637e-08,https://stockanalysis.com/stocks/te/history/,D:\drive\Investment\备份\项目反思_2026-09-04\data\secondary_price_raw\TE.html
TE,2026-08-07,5.85,5.849999904632568,1.6302125205314155e-08,https://stockanalysis.com/stocks/te/history/,D:\drive\Investment\备份\项目反思_2026-09-04\data\secondary_price_raw\TE.html
TE,2026-08-06,5.55,5.550000190734863,-3.436664086642338e-08,https://stockanalysis.com/stocks/te/history/,D:\drive\Investment\备份\项目反思_2026-09-04\data\secondary_price_raw\TE.html
TE,2026-08-05,5.47,5.46999979019165,3.8356189557831044e-08,https://stockanalysis.com/stocks/te/history/,D:\drive\Investment\备份\项目反思_2026-09-04\data\secondary_price_raw\TE.html
TE,2026-08-04,5.43,5.429999828338623,3.1613514250850017e-08,https://stockanalysis.com/stocks/te/history/,D:\drive\Investment\备份\项目反思_2026-09-04\data\secondary_price_raw\TE.html
TE,2026-08-03,4.94,4.940000057220459,-1.1583088599387281e-08,https://stockanalysis.com/stocks/te/history/,D:\drive\Investment\备份\项目反思_2026-09-04\data\secondary_price_raw\TE.html
TE,2026-07-31,4.17,4.170000076293945,-1.8295909787191533e-08,https://stockanalysis.com/stocks/te/history/,D:\drive\Investment\备份\项目反思_2026-09-04\data\secondary_price_raw\TE.html
TE,2026-07-30,4.27,4.269999980926514,4.466858438689769e-09,https://stockanalysis.com/stocks/te/history/,D:\drive\Investment\备份\项目反思_2026-09-04\data\secondary_price_raw\TE.html
TE,2026-07-29,3.72,3.7200000286102295,-7.690921788316984e-09,https://stockanalysis.com/stocks/te/history/,D:\drive\Investment\备份\项目反思_2026-09-04\data\secondary_price_raw\TE.html
TE,2026-07-28,4.15,4.150000095367432,-2.2980103375758176e-08,https://stockanalysis.com/stocks/te/history/,D:\drive\Investment\备份\项目反思_2026-09-04\data\secondary_price_raw\TE.html
TE,2026-07-27,4.9,4.900000095367432,-1.9462740752373975e-08,https://stockanalysis.com/stocks/te/history/,D:\drive\Investment\备份\项目反思_2026-09-04\data\secondary_price_raw\TE.html
TE,2026-07-24,5.0,5.0,0.0,https://stockanalysis.com/stocks/te/history/,D:\drive\Investment\备份\项目反思_2026-09-04\data\secondary_price_raw\TE.html
TE,2026-07-23,5.68,5.679999828338623,3.022207417657796e-08,https://stockanalysis.com/stocks/te/history/,D:\drive\Investment\备份\项目反思_2026-09-04\data\secondary_price_raw\TE.html
TE,2026-07-22,6.03,6.03000020980835,-3.4794086611888986e-08,https://stockanalysis.com/stocks/te/history/,D:\drive\Investment\备份\项目反思_2026-09-04\data\secondary_price_raw\TE.html
TE,2026-07-21,6.1,6.099999904632568,1.5634005423592612e-08,https://stockanalysis.com/stocks/te/history/,D:\drive\Investment\备份\项目反思_2026-09-04\data\secondary_price_raw\TE.html
TE,2026-07-20,6.03,6.03000020980835,-3.4794086611888986e-08,https://stockanalysis.com/stocks/te/history/,D:\drive\Investment\备份\项目反思_2026-09-04\data\secondary_price_raw\TE.html
TE,2026-07-17,5.84,5.840000152587891,-2.612806282442648e-08,https://stockanalysis.com/stocks/te/history/,D:\drive\Investment\备份\项目反思_2026-09-04\data\secondary_price_raw\TE.html
TE,2026-07-16,5.94,5.940000057220459,-9.633073783099633e-09,https://stockanalysis.com/stocks/te/history/,D:\drive\Investment\备份\项目反思_2026-09-04\data\secondary_price_raw\TE.html
TE,2026-07-15,6.66,6.659999847412109,2.291109524321655e-08,https://stockanalysis.com/stocks/te/history/,D:\drive\Investment\备份\项目反思_2026-09-04\data\secondary_price_raw\TE.html
TE,2026-07-14,6.84,6.840000152587891,-2.230817064408086e-08,https://stockanalysis.com/stocks/te/history/,D:\drive\Investment\备份\项目反思_2026-09-04\data\secondary_price_raw\TE.html
TE,2026-07-13,6.55,6.550000190734863,-2.9119825661894083e-08,https://stockanalysis.com/stocks/te/history/,D:\drive\Investment\备份\项目反思_2026-09-04\data\secondary_price_raw\TE.html
TMO,2026-09-04,613.78,613.780029296875,-4.773188055917643e-08,https://stockanalysis.com/stocks/tmo/history/,D:\drive\Investment\备份\项目反思_2026-09-04\data\secondary_price_raw\TMO.html
TMO,2026-09-03,618.43,618.4299926757812,1.1843246161546972e-08,https://stockanalysis.com/stocks/tmo/history/,D:\drive\Investment\备份\项目反思_2026-09-04\data\secondary_price_raw\TMO.html
TMO,2026-09-02,608.54,608.5399780273438,3.6107169698595953e-08,https://stockanalysis.com/stocks/tmo/history/,D:\drive\Investment\备份\项目反思_2026-09-04\data\secondary_price_raw\TMO.html
TMO,2026-09-01,600.5,600.5,0.0,https://stockanalysis.com/stocks/tmo/history/,D:\drive\Investment\备份\项目反思_2026-09-04\data\secondary_price_raw\TMO.html
TMO,2026-08-31,617.1,617.0999755859375,3.9562572551332664e-08,https://stockanalysis.com/stocks/tmo/history/,D:\drive\Investment\备份\项目反思_2026-09-04\data\secondary_price_raw\TMO.html
TMO,2026-08-28,622.18,622.1799926757812,1.1771864816267907e-08,https://stockanalysis.com/stocks/tmo/history/,D:\drive\Investment\备份\项目反思_2026-09-04\data\secondary_price_raw\TMO.html
TMO,2026-08-27,630.7,630.7000122070312,-1.9354734370757853e-08,https://stockanalysis.com/stocks/tmo/history/,D:\drive\Investment\备份\项目反思_2026-09-04\data\secondary_price_raw\TMO.html
TMO,2026-08-26,633.71,633.7100219726562,-3.467304521276304e-08,https://stockanalysis.com/stocks/tmo/history/,D:\drive\Investment\备份\项目反思_2026-09-04\data\secondary_price_raw\TMO.html
TMO,2026-08-25,628.15,628.1500244140625,-3.8866610818644176e-08,https://stockanalysis.com/stocks/tmo/history/,D:\drive\Investment\备份\项目反思_2026-09-04\data\secondary_price_raw\TMO.html
TMO,2026-08-24,628.74,628.739990234375,1.5532056529821148e-08,https://stockanalysis.com/stocks/tmo/history/,D:\drive\Investment\备份\项目反思_2026-09-04\data\secondary_price_raw\TMO.html
TMO,2026-08-21,629.27,629.27001953125,-3.103794776748714e-08,https://stockanalysis.com/stocks/tmo/history/,D:\drive\Investment\备份\项目反思_2026-09-04\data\secondary_price_raw\TMO.html
TMO,2026-08-20,627.55,627.5499877929688,1.9451886545951425e-08,https://stockanalysis.com/stocks/tmo/history/,D:\drive\Investment\备份\项目反思_2026-09-04\data\secondary_price_raw\TMO.html
TMO,2026-08-19,613.54,613.5399780273438,3.5812916854283117e-08,https://stockanalysis.com/stocks/tmo/history/,D:\drive\Investment\备份\项目反思_2026-09-04\data\secondary_price_raw\TMO.html
TMO,2026-08-18,589.04,589.0399780273438,3.7302487099211135e-08,https://stockanalysis.com/stocks/tmo/history/,D:\drive\Investment\备份\项目反思_2026-09-04\data\secondary_price_raw\TMO.html
TMO,2026-08-17,585.51,585.510009765625,-1.6678835312866624e-08,https://stockanalysis.com/stocks/tmo/history/,D:\drive\Investment\备份\项目反思_2026-09-04\data\secondary_price_raw\TMO.html
TMO,2026-08-14,588.29,588.2899780273438,3.735004350247095e-08,https://stockanalysis.com/stocks/tmo/history/,D:\drive\Investment\备份\项目反思_2026-09-04\data\secondary_price_raw\TMO.html
TMO,2026-08-13,595.89,595.8900146484375,-2.4582451740862155e-08,https://stockanalysis.com/stocks/tmo/history/,D:\drive\Investment\备份\项目反思_2026-09-04\data\secondary_price_raw\TMO.html
TMO,2026-08-12,603.01,603.010009765625,-1.6194797503032987e-08,https://stockanalysis.com/stocks/tmo/history/,D:\drive\Investment\备份\项目反思_2026-09-04\data\secondary_price_raw\TMO.html
TMO,2026-08-11,605.0,605.0,0.0,https://stockanalysis.com/stocks/tmo/history/,D:\drive\Investment\备份\项目反思_2026-09-04\data\secondary_price_raw\TMO.html
TMO,2026-08-10,599.69,599.6900024414062,-4.071113668402404e-09,https://stockanalysis.com/stocks/tmo/history/,D:\drive\Investment\备份\项目反思_2026-09-04\data\secondary_price_raw\TMO.html
TMO,2026-08-07,594.0,594.0,0.0,https://stockanalysis.com/stocks/tmo/history/,D:\drive\Investment\备份\项目反思_2026-09-04\data\secondary_price_raw\TMO.html
TMO,2026-08-06,580.02,580.02001953125,-3.367340672966179e-08,https://stockanalysis.com/stocks/tmo/history/,D:\drive\Investment\备份\项目反思_2026-09-04\data\secondary_price_raw\TMO.html
TMO,2026-08-05,577.83,577.8300170898438,-2.9575901616674116e-08,https://stockanalysis.com/stocks/tmo/history/,D:\drive\Investment\备份\项目反思_2026-09-04\data\secondary_price_raw\TMO.html
TMO,2026-08-04,564.75,564.75,0.0,https://stockanalysis.com/stocks/tmo/history/,D:\drive\Investment\备份\项目反思_2026-09-04\data\secondary_price_raw\TMO.html
TMO,2026-08-03,574.03,574.030029296875,-5.1037181925117636e-08,https://stockanalysis.com/stocks/tmo/history/,D:\drive\Investment\备份\项目反思_2026-09-04\data\secondary_price_raw\TMO.html
TMO,2026-07-31,574.3,574.2999877929688,2.1255496251981754e-08,https://stockanalysis.com/stocks/tmo/history/,D:\drive\Investment\备份\项目反思_2026-09-04\data\secondary_price_raw\TMO.html
TMO,2026-07-30,576.77,576.77001953125,-3.386315061693068e-08,https://stockanalysis.com/stocks/tmo/history/,D:\drive\Investment\备份\项目反思_2026-09-04\data\secondary_price_raw\TMO.html
TMO,2026-07-29,576.46,576.4600219726562,-3.8116530820531125e-08,https://stockanalysis.com/stocks/tmo/history/,D:\drive\Investment\备份\项目反思_2026-09-04\data\secondary_price_raw\TMO.html
TMO,2026-07-28,576.41,576.4099731445312,4.659091623615552e-08,https://stockanalysis.com/stocks/tmo/history/,D:\drive\Investment\备份\项目反思_2026-09-04\data\secondary_price_raw\TMO.html
TMO,2026-07-27,559.53,559.530029296875,-5.235979039230898e-08,https://stockanalysis.com/stocks/tmo/history/,D:\drive\Investment\备份\项目反思_2026-09-04\data\secondary_price_raw\TMO.html
TMO,2026-07-24,568.26,568.260009765625,-1.718513509274544e-08,https://stockanalysis.com/stocks/tmo/history/,D:\drive\Investment\备份\项目反思_2026-09-04\data\secondary_price_raw\TMO.html
TMO,2026-07-23,572.32,572.3200073242188,-1.2797418569299168e-08,https://stockanalysis.com/stocks/tmo/history/,D:\drive\Investment\备份\项目反思_2026-09-04\data\secondary_price_raw\TMO.html
TMO,2026-07-22,526.46,526.4600219726562,-4.17366092797522e-08,https://stockanalysis.com/stocks/tmo/history/,D:\drive\Investment\备份\项目反思_2026-09-04\data\secondary_price_raw\TMO.html
TMO,2026-07-21,523.46,523.4600219726562,-4.197580572018467e-08,https://stockanalysis.com/stocks/tmo/history/,D:\drive\Investment\备份\项目反思_2026-09-04\data\secondary_price_raw\TMO.html
TMO,2026-07-20,526.23,526.22998046875,3.711542628792586e-08,https://stockanalysis.com/stocks/tmo/history/,D:\drive\Investment\备份\项目反思_2026-09-04\data\secondary_price_raw\TMO.html
TMO,2026-07-17,532.48,532.47998046875,3.667978276666872e-08,https://stockanalysis.com/stocks/tmo/history/,D:\drive\Investment\备份\项目反思_2026-09-04\data\secondary_price_raw\TMO.html
TMO,2026-07-16,543.19,543.1900024414062,-4.49457127071895e-09,https://stockanalysis.com/stocks/tmo/history/,D:\drive\Investment\备份\项目反思_2026-09-04\data\secondary_price_raw\TMO.html
TMO,2026-07-15,535.29,535.2899780273438,4.1048136667498625e-08,https://stockanalysis.com/stocks/tmo/history/,D:\drive\Investment\备份\项目反思_2026-09-04\data\secondary_price_raw\TMO.html
TMO,2026-07-14,534.07,534.0700073242188,-1.371396740612596e-08,https://stockanalysis.com/stocks/tmo/history/,D:\drive\Investment\备份\项目反思_2026-09-04\data\secondary_price_raw\TMO.html
TMO,2026-07-13,528.51,528.510009765625,-1.8477653851434184e-08,https://stockanalysis.com/stocks/tmo/history/,D:\drive\Investment\备份\项目反思_2026-09-04\data\secondary_price_raw\TMO.html
STM,2026-09-04,52.24,52.2400016784668,-3.212991461776227e-08,https://stockanalysis.com/stocks/stm/history/,D:\drive\Investment\备份\项目反思_2026-09-04\data\secondary_price_raw\STM.html
STM,2026-09-03,51.28,51.27999877929688,2.3804663573656626e-08,https://stockanalysis.com/stocks/stm/history/,D:\drive\Investment\备份\项目反思_2026-09-04\data\secondary_price_raw\STM.html
STM,2026-09-02,50.71,50.709999084472656,1.805417793043773e-08,https://stockanalysis.com/stocks/stm/history/,D:\drive\Investment\备份\项目反思_2026-09-04\data\secondary_price_raw\STM.html
STM,2026-09-01,49.4,49.400001525878906,-3.088823607999558e-08,https://stockanalysis.com/stocks/stm/history/,D:\drive\Investment\备份\项目反思_2026-09-04\data\secondary_price_raw\STM.html
STM,2026-08-31,50.14,50.13999938964844,1.217294709476846e-08,https://stockanalysis.com/stocks/stm/history/,D:\drive\Investment\备份\项目反思_2026-09-04\data\secondary_price_raw\STM.html
STM,2026-08-28,49.38,49.380001068115234,-2.163052270631738e-08,https://stockanalysis.com/stocks/stm/history/,D:\drive\Investment\备份\项目反思_2026-09-04\data\secondary_price_raw\STM.html
STM,2026-08-27,51.34,51.34000015258789,-2.9721053396158936e-09,https://stockanalysis.com/stocks/stm/history/,D:\drive\Investment\备份\项目反思_2026-09-04\data\secondary_price_raw\STM.html
STM,2026-08-26,49.66,49.65999984741211,3.0726516886403488e-09,https://stockanalysis.com/stocks/stm/history/,D:\drive\Investment\备份\项目反思_2026-09-04\data\secondary_price_raw\STM.html
STM,2026-08-25,49.46,49.459999084472656,1.8510460275678042e-08,https://stockanalysis.com/stocks/stm/history/,D:\drive\Investment\备份\项目反思_2026-09-04\data\secondary_price_raw\STM.html
STM,2026-08-24,49.35,49.34999847412109,3.091953315603746e-08,https://stockanalysis.com/stocks/stm/history/,D:\drive\Investment\备份\项目反思_2026-09-04\data\secondary_price_raw\STM.html
STM,2026-08-21,50.56,50.560001373291016,-2.7161609517101226e-08,https://stockanalysis.com/stocks/stm/history/,D:\drive\Investment\备份\项目反思_2026-09-04\data\secondary_price_raw\STM.html
STM,2026-08-20,49.92,49.91999816894531,3.667978276666872e-08,https://stockanalysis.com/stocks/stm/history/,D:\drive\Investment\备份\项目反思_2026-09-04\data\secondary_price_raw\STM.html
STM,2026-08-19,50.41,50.40999984741211,3.0269369233337784e-09,https://stockanalysis.com/stocks/stm/history/,D:\drive\Investment\备份\项目反思_2026-09-04\data\secondary_price_raw\STM.html
STM,2026-08-18,52.27,52.27000045776367,-8.75767480756906e-09,https://stockanalysis.com/stocks/stm/history/,D:\drive\Investment\备份\项目反思_2026-09-04\data\secondary_price_raw\STM.html
STM,2026-08-17,55.79,55.790000915527344,-1.6410240721853597e-08,https://stockanalysis.com/stocks/stm/history/,D:\drive\Investment\备份\项目反思_2026-09-04\data\secondary_price_raw\STM.html
STM,2026-08-14,54.29,54.290000915527344,-1.686364581310329e-08,https://stockanalysis.com/stocks/stm/history/,D:\drive\Investment\备份\项目反思_2026-09-04\data\secondary_price_raw\STM.html
STM,2026-08-13,53.92,53.91999816894531,3.395873049427678e-08,https://stockanalysis.com/stocks/stm/history/,D:\drive\Investment\备份\项目反思_2026-09-04\data\secondary_price_raw\STM.html
STM,2026-08-12,54.18,54.18000030517578,-5.632627919638367e-09,https://stockanalysis.com/stocks/stm/history/,D:\drive\Investment\备份\项目反思_2026-09-04\data\secondary_price_raw\STM.html
STM,2026-08-11,55.04,55.040000915527344,-1.6633854071912424e-08,https://stockanalysis.com/stocks/stm/history/,D:\drive\Investment\备份\项目反思_2026-09-04\data\secondary_price_raw\STM.html
STM,2026-08-10,54.35,54.34999847412109,2.807504984048137e-08,https://stockanalysis.com/stocks/stm/history/,D:\drive\Investment\备份\项目反思_2026-09-04\data\secondary_price_raw\STM.html
STM,2026-08-07,56.1,56.09999847412109,2.7199268393118814e-08,https://stockanalysis.com/stocks/stm/history/,D:\drive\Investment\备份\项目反思_2026-09-04\data\secondary_price_raw\STM.html
STM,2026-08-06,53.28,53.27999877929688,2.2911095021171946e-08,https://stockanalysis.com/stocks/stm/history/,D:\drive\Investment\备份\项目反思_2026-09-04\data\secondary_price_raw\STM.html
STM,2026-08-05,52.77,52.77000045776367,-8.674695184396342e-09,https://stockanalysis.com/stocks/stm/history/,D:\drive\Investment\备份\项目反思_2026-09-04\data\secondary_price_raw\STM.html
STM,2026-08-04,54.22,54.220001220703125,-2.2513889641473384e-08,https://stockanalysis.com/stocks/stm/history/,D:\drive\Investment\备份\项目反思_2026-09-04\data\secondary_price_raw\STM.html
STM,2026-08-03,52.19,52.18999862670898,2.6313298651103878e-08,https://stockanalysis.com/stocks/stm/history/,D:\drive\Investment\备份\项目反思_2026-09-04\data\secondary_price_raw\STM.html
STM,2026-07-31,52.39,52.38999938964844,1.1650153952658115e-08,https://stockanalysis.com/stocks/stm/history/,D:\drive\Investment\备份\项目反思_2026-09-04\data\secondary_price_raw\STM.html
STM,2026-07-30,53.06,53.060001373291016,-2.5881850329589895e-08,https://stockanalysis.com/stocks/stm/history/,D:\drive\Investment\备份\项目反思_2026-09-04\data\secondary_price_raw\STM.html
STM,2026-07-29,48.36,48.36000061035156,-1.2620999911838737e-08,https://stockanalysis.com/stocks/stm/history/,D:\drive\Investment\备份\项目反思_2026-09-04\data\secondary_price_raw\STM.html
STM,2026-07-28,50.16,50.15999984741211,3.0420232999262e-09,https://stockanalysis.com/stocks/stm/history/,D:\drive\Investment\备份\项目反思_2026-09-04\data\secondary_price_raw\STM.html
STM,2026-07-27,53.45,53.45000076293945,-1.4273890402982659e-08,https://stockanalysis.com/stocks/stm/history/,D:\drive\Investment\备份\项目反思_2026-09-04\data\secondary_price_raw\STM.html
STM,2026-07-24,51.54,51.540000915527344,-1.7763432835771198e-08,https://stockanalysis.com/stocks/stm/history/,D:\drive\Investment\备份\项目反思_2026-09-04\data\secondary_price_raw\STM.html
STM,2026-07-23,53.49,53.4900016784668,-3.1379075338122675e-08,https://stockanalysis.com/stocks/stm/history/,D:\drive\Investment\备份\项目反思_2026-09-04\data\secondary_price_raw\STM.html
STM,2026-07-22,65.77,65.7699966430664,5.104050115889436e-08,https://stockanalysis.com/stocks/stm/history/,D:\drive\Investment\备份\项目反思_2026-09-04\data\secondary_price_raw\STM.html
STM,2026-07-21,65.43,65.43000030517578,-4.664156727507418e-09,https://stockanalysis.com/stocks/stm/history/,D:\drive\Investment\备份\项目反思_2026-09-04\data\secondary_price_raw\STM.html
STM,2026-07-20,61.78,61.77999877929688,1.9758872538133687e-08,https://stockanalysis.com/stocks/stm/history/,D:\drive\Investment\备份\项目反思_2026-09-04\data\secondary_price_raw\STM.html
STM,2026-07-17,62.06,62.060001373291016,-2.2128439969293368e-08,https://stockanalysis.com/stocks/stm/history/,D:\drive\Investment\备份\项目反思_2026-09-04\data\secondary_price_raw\STM.html
STM,2026-07-16,62.77,62.77000045776367,-7.292714099271791e-09,https://stockanalysis.com/stocks/stm/history/,D:\drive\Investment\备份\项目反思_2026-09-04\data\secondary_price_raw\STM.html
STM,2026-07-15,67.75,67.75,0.0,https://stockanalysis.com/stocks/stm/history/,D:\drive\Investment\备份\项目反思_2026-09-04\data\secondary_price_raw\STM.html
STM,2026-07-14,70.13,70.12999725341797,3.91641541419574e-08,https://stockanalysis.com/stocks/stm/history/,D:\drive\Investment\备份\项目反思_2026-09-04\data\secondary_price_raw\STM.html
STM,2026-07-13,68.47,68.47000122070312,-1.7828291287713682e-08,https://stockanalysis.com/stocks/stm/history/,D:\drive\Investment\备份\项目反思_2026-09-04\data\secondary_price_raw\STM.html
TSM,2026-09-04,428.91,428.9100036621094,-8.53817661017331e-09,https://stockanalysis.com/stocks/tsm/history/,D:\drive\Investment\备份\项目反思_2026-09-04\data\secondary_price_raw\TSM.html
TSM,2026-09-03,417.01,417.010009765625,-2.3418202821368084e-08,https://stockanalysis.com/stocks/tsm/history/,D:\drive\Investment\备份\项目反思_2026-09-04\data\secondary_price_raw\TSM.html
TSM,2026-09-02,415.5,415.5,0.0,https://stockanalysis.com/stocks/tsm/history/,D:\drive\Investment\备份\项目反思_2026-09-04\data\secondary_price_raw\TSM.html
TSM,2026-09-01,414.0,414.0,0.0,https://stockanalysis.com/stocks/tsm/history/,D:\drive\Investment\备份\项目反思_2026-09-04\data\secondary_price_raw\TSM.html
TSM,2026-08-31,415.32,415.3200073242188,-1.7635121585257707e-08,https://stockanalysis.com/stocks/tsm/history/,D:\drive\Investment\备份\项目反思_2026-09-04\data\secondary_price_raw\TSM.html
TSM,2026-08-28,417.52,417.5199890136719,2.6313298429059273e-08,https://stockanalysis.com/stocks/tsm/history/,D:\drive\Investment\备份\项目反思_2026-09-04\data\secondary_price_raw\TSM.html
TSM,2026-08-27,427.3,427.2999877929688,2.85678247724519e-08,https://stockanalysis.com/stocks/tsm/history/,D:\drive\Investment\备份\项目反思_2026-09-04\data\secondary_price_raw\TSM.html
TSM,2026-08-26,417.69,417.6900024414063,-5.8450196904757945e-09,https://stockanalysis.com/stocks/tsm/history/,D:\drive\Investment\备份\项目反思_2026-09-04\data\secondary_price_raw\TSM.html
TSM,2026-08-25,417.41,417.4100036621094,-8.773410553608585e-09,https://stockanalysis.com/stocks/tsm/history/,D:\drive\Investment\备份\项目反思_2026-09-04\data\secondary_price_raw\TSM.html
TSM,2026-08-24,410.12,410.1199951171875,1.1905814334411957e-08,https://stockanalysis.com/stocks/tsm/history/,D:\drive\Investment\备份\项目反思_2026-09-04\data\secondary_price_raw\TSM.html
TSM,2026-08-21,418.95,418.9500122070313,-2.9137202428586306e-08,https://stockanalysis.com/stocks/tsm/history/,D:\drive\Investment\备份\项目反思_2026-09-04\data\secondary_price_raw\TSM.html
TSM,2026-08-20,416.0,416.0,0.0,https://stockanalysis.com/stocks/tsm/history/,D:\drive\Investment\备份\项目反思_2026-09-04\data\secondary_price_raw\TSM.html
TSM,2026-08-19,412.09,412.0899963378906,8.886673841246306e-09,https://stockanalysis.com/stocks/tsm/history/,D:\drive\Investment\备份\项目反思_2026-09-04\data\secondary_price_raw\TSM.html
TSM,2026-08-18,413.41,413.4100036621094,-8.858298872205239e-09,https://stockanalysis.com/stocks/tsm/history/,D:\drive\Investment\备份\项目反思_2026-09-04\data\secondary_price_raw\TSM.html
TSM,2026-08-17,430.97,430.9700012207031,-2.832454937262696e-09,https://stockanalysis.com/stocks/tsm/history/,D:\drive\Investment\备份\项目反思_2026-09-04\data\secondary_price_raw\TSM.html
TSM,2026-08-14,426.35,426.3500061035156,-1.4315739482739787e-08,https://stockanalysis.com/stocks/tsm/history/,D:\drive\Investment\备份\项目反思_2026-09-04\data\secondary_price_raw\TSM.html
TSM,2026-08-13,430.49,430.489990234375,2.2684906175740593e-08,https://stockanalysis.com/stocks/tsm/history/,D:\drive\Investment\备份\项目反思_2026-09-04\data\secondary_price_raw\TSM.html
TSM,2026-08-12,429.15,429.1499938964844,1.4222336419678072e-08,https://stockanalysis.com/stocks/tsm/history/,D:\drive\Investment\备份\项目反思_2026-09-04\data\secondary_price_raw\TSM.html
TSM,2026-08-11,422.06,422.05999755859375,5.784500434202755e-09,https://stockanalysis.com/stocks/tsm/history/,D:\drive\Investment\备份\项目反思_2026-09-04\data\secondary_price_raw\TSM.html
TSM,2026-08-10,418.47,418.4700012207031,-2.9170623694341202e-09,https://stockanalysis.com/stocks/tsm/history/,D:\drive\Investment\备份\项目反思_2026-09-04\data\secondary_price_raw\TSM.html
TSM,2026-08-07,420.04,420.0400085449219,-2.0343114193188683e-08,https://stockanalysis.com/stocks/tsm/history/,D:\drive\Investment\备份\项目反思_2026-09-04\data\secondary_price_raw\TSM.html
TSM,2026-08-06,418.2,418.2000122070313,-2.9189457073641734e-08,https://stockanalysis.com/stocks/tsm/history/,D:\drive\Investment\备份\项目反思_2026-09-04\data\secondary_price_raw\TSM.html
TSM,2026-08-05,414.0,414.0,0.0,https://stockanalysis.com/stocks/tsm/history/,D:\drive\Investment\备份\项目反思_2026-09-04\data\secondary_price_raw\TSM.html
TSM,2026-08-04,417.17,417.1700134277344,-3.21876787445774e-08,https://stockanalysis.com/stocks/tsm/history/,D:\drive\Investment\备份\项目反思_2026-09-04\data\secondary_price_raw\TSM.html
TSM,2026-08-03,406.11,406.1099853515625,3.6070123998754866e-08,https://stockanalysis.com/stocks/tsm/history/,D:\drive\Investment\备份\项目反思_2026-09-04\data\secondary_price_raw\TSM.html
TSM,2026-07-31,404.25,404.25,0.0,https://stockanalysis.com/stocks/tsm/history/,D:\drive\Investment\备份\项目反思_2026-09-04\data\secondary_price_raw\TSM.html
TSM,2026-07-30,403.31,403.30999755859375,6.053423540208769e-09,https://stockanalysis.com/stocks/tsm/history/,D:\drive\Investment\备份\项目反思_2026-09-04\data\secondary_price_raw\TSM.html
TSM,2026-07-29,374.67,374.6700134277344,-3.5838828460477146e-08,https://stockanalysis.com/stocks/tsm/history/,D:\drive\Investment\备份\项目反思_2026-09-04\data\secondary_price_raw\TSM.html
TSM,2026-07-28,392.31,392.30999755859375,6.223155768481092e-09,https://stockanalysis.com/stocks/tsm/history/,D:\drive\Investment\备份\项目反思_2026-09-04\data\secondary_price_raw\TSM.html
TSM,2026-07-27,399.09,399.0899963378906,9.176149173839576e-09,https://stockanalysis.com/stocks/tsm/history/,D:\drive\Investment\备份\项目反思_2026-09-04\data\secondary_price_raw\TSM.html
TSM,2026-07-24,403.41,403.4100036621094,-9.077884333130726e-09,https://stockanalysis.com/stocks/tsm/history/,D:\drive\Investment\备份\项目反思_2026-09-04\data\secondary_price_raw\TSM.html
TSM,2026-07-23,415.58,415.5799865722656,3.231083023358394e-08,https://stockanalysis.com/stocks/tsm/history/,D:\drive\Investment\备份\项目反思_2026-09-04\data\secondary_price_raw\TSM.html
TSM,2026-07-22,421.21,421.2099914550781,2.028660772701585e-08,https://stockanalysis.com/stocks/tsm/history/,D:\drive\Investment\备份\项目反思_2026-09-04\data\secondary_price_raw\TSM.html
TSM,2026-07-21,424.61,424.6099853515625,3.449857044479643e-08,https://stockanalysis.com/stocks/tsm/history/,D:\drive\Investment\备份\项目反思_2026-09-04\data\secondary_price_raw\TSM.html
TSM,2026-07-20,402.3,402.2999877929688,3.034310602778589e-08,https://stockanalysis.com/stocks/tsm/history/,D:\drive\Investment\备份\项目反思_2026-09-04\data\secondary_price_raw\TSM.html
TSM,2026-07-17,398.37,398.3699951171875,1.2256978543234709e-08,https://stockanalysis.com/stocks/tsm/history/,D:\drive\Investment\备份\项目反思_2026-09-04\data\secondary_price_raw\TSM.html
TSM,2026-07-16,409.74,409.739990234375,2.3833712115006733e-08,https://stockanalysis.com/stocks/tsm/history/,D:\drive\Investment\备份\项目反思_2026-09-04\data\secondary_price_raw\TSM.html
TSM,2026-07-15,419.48,419.4800109863281,-2.6190349555754722e-08,https://stockanalysis.com/stocks/tsm/history/,D:\drive\Investment\备份\项目反思_2026-09-04\data\secondary_price_raw\TSM.html
TSM,2026-07-14,420.39,420.3900146484375,-3.484487498539579e-08,https://stockanalysis.com/stocks/tsm/history/,D:\drive\Investment\备份\项目反思_2026-09-04\data\secondary_price_raw\TSM.html
TSM,2026-07-13,421.58,421.5799865722656,3.185097674496262e-08,https://stockanalysis.com/stocks/tsm/history/,D:\drive\Investment\备份\项目反思_2026-09-04\data\secondary_price_raw\TSM.html
UCTT,2026-09-04,72.43,72.43000030517578,-4.213389082075025e-09,https://stockanalysis.com/stocks/uctt/history/,D:\drive\Investment\备份\项目反思_2026-09-04\data\secondary_price_raw\UCTT.html
UCTT,2026-09-03,66.59,66.58999633789062,5.499488775484451e-08,https://stockanalysis.com/stocks/uctt/history/,D:\drive\Investment\备份\项目反思_2026-09-04\data\secondary_price_raw\UCTT.html
UCTT,2026-09-02,66.07,66.06999969482422,4.618976534587205e-09,https://stockanalysis.com/stocks/uctt/history/,D:\drive\Investment\备份\项目反思_2026-09-04\data\secondary_price_raw\UCTT.html
UCTT,2026-09-01,65.11,65.11000061035156,-9.37416000379443e-09,https://stockanalysis.com/stocks/uctt/history/,D:\drive\Investment\备份\项目反思_2026-09-04\data\secondary_price_raw\UCTT.html
UCTT,2026-08-31,67.83,67.83000183105469,-2.6994760982113064e-08,https://stockanalysis.com/stocks/uctt/history/,D:\drive\Investment\备份\项目反思_2026-09-04\data\secondary_price_raw\UCTT.html
UCTT,2026-08-28,69.48,69.4800033569336,-4.8315104028695544e-08,https://stockanalysis.com/stocks/uctt/history/,D:\drive\Investment\备份\项目反思_2026-09-04\data\secondary_price_raw\UCTT.html
UCTT,2026-08-27,74.75,74.75,0.0,https://stockanalysis.com/stocks/uctt/history/,D:\drive\Investment\备份\项目反思_2026-09-04\data\secondary_price_raw\UCTT.html
UCTT,2026-08-26,73.08,73.08000183105469,-2.5055482244518146e-08,https://stockanalysis.com/stocks/uctt/history/,D:\drive\Investment\备份\项目反思_2026-09-04\data\secondary_price_raw\UCTT.html
UCTT,2026-08-25,73.32,73.31999969482422,4.162244549021921e-09,https://stockanalysis.com/stocks/uctt/history/,D:\drive\Investment\备份\项目反思_2026-09-04\data\secondary_price_raw\UCTT.html
UCTT,2026-08-24,72.78,72.77999877929688,1.6772508271145625e-08,https://stockanalysis.com/stocks/uctt/history/,D:\drive\Investment\备份\项目反思_2026-09-04\data\secondary_price_raw\UCTT.html
UCTT,2026-08-21,76.43,76.43000030517578,-3.992879360481538e-09,https://stockanalysis.com/stocks/uctt/history/,D:\drive\Investment\备份\项目反思_2026-09-04\data\secondary_price_raw\UCTT.html
UCTT,2026-08-20,73.01,73.01000213623047,-2.925942199638598e-08,https://stockanalysis.com/stocks/uctt/history/,D:\drive\Investment\备份\项目反思_2026-09-04\data\secondary_price_raw\UCTT.html
UCTT,2026-08-19,75.01,75.01000213623047,-2.847927482729773e-08,https://stockanalysis.com/stocks/uctt/history/,D:\drive\Investment\备份\项目反思_2026-09-04\data\secondary_price_raw\UCTT.html
UCTT,2026-08-18,81.82,81.81999969482422,3.729843323085902e-09,https://stockanalysis.com/stocks/uctt/history/,D:\drive\Investment\备份\项目反思_2026-09-04\data\secondary_price_raw\UCTT.html
UCTT,2026-08-17,87.88,87.87999725341797,3.125377912027716e-08,https://stockanalysis.com/stocks/uctt/history/,D:\drive\Investment\备份\项目反思_2026-09-04\data\secondary_price_raw\UCTT.html
UCTT,2026-08-14,84.93,84.93000030517578,-3.5932623543288855e-09,https://stockanalysis.com/stocks/uctt/history/,D:\drive\Investment\备份\项目反思_2026-09-04\data\secondary_price_raw\UCTT.html
UCTT,2026-08-13,92.91,92.91000366210938,-3.941566284471065e-08,https://stockanalysis.com/stocks/uctt/history/,D:\drive\Investment\备份\项目反思_2026-09-04\data\secondary_price_raw\UCTT.html
UCTT,2026-08-12,90.65,90.6500015258789,-1.6832640614694583e-08,https://stockanalysis.com/stocks/uctt/history/,D:\drive\Investment\备份\项目反思_2026-09-04\data\secondary_price_raw\UCTT.html
UCTT,2026-08-11,86.07,86.06999969482422,3.5456695357538592e-09,https://stockanalysis.com/stocks/uctt/history/,D:\drive\Investment\备份\项目反思_2026-09-04\data\secondary_price_raw\UCTT.html
UCTT,2026-08-10,82.27,82.2699966430664,4.0803862066951524e-08,https://stockanalysis.com/stocks/uctt/history/,D:\drive\Investment\备份\项目反思_2026-09-04\data\secondary_price_raw\UCTT.html
UCTT,2026-08-07,87.25,87.25,0.0,https://stockanalysis.com/stocks/uctt/history/,D:\drive\Investment\备份\项目反思_2026-09-04\data\secondary_price_raw\UCTT.html
UCTT,2026-08-06,83.14,83.13999938964844,7.341250496395446e-09,https://stockanalysis.com/stocks/uctt/history/,D:\drive\Investment\备份\项目反思_2026-09-04\data\secondary_price_raw\UCTT.html
UCTT,2026-08-05,80.2,80.19999694824219,3.805184456417976e-08,https://stockanalysis.com/stocks/uctt/history/,D:\drive\Investment\备份\项目反思_2026-09-04\data\secondary_price_raw\UCTT.html
UCTT,2026-08-04,84.54,84.54000091552734,-1.0829516505772574e-08,https://stockanalysis.com/stocks/uctt/history/,D:\drive\Investment\备份\项目反思_2026-09-04\data\secondary_price_raw\UCTT.html
UCTT,2026-08-03,89.17,89.16999816894531,2.0534425493323738e-08,https://stockanalysis.com/stocks/uctt/history/,D:\drive\Investment\备份\项目反思_2026-09-04\data\secondary_price_raw\UCTT.html
UCTT,2026-07-31,83.31,83.30999755859375,2.930508125054132e-08,https://stockanalysis.com/stocks/uctt/history/,D:\drive\Investment\备份\项目反思_2026-09-04\data\secondary_price_raw\UCTT.html
UCTT,2026-07-30,83.23,83.2300033569336,-4.033321465701789e-08,https://stockanalysis.com/stocks/uctt/history/,D:\drive\Investment\备份\项目反思_2026-09-04\data\secondary_price_raw\UCTT.html
UCTT,2026-07-29,69.57,69.56999969482422,4.386600194195012e-09,https://stockanalysis.com/stocks/uctt/history/,D:\drive\Investment\备份\项目反思_2026-09-04\data\secondary_price_raw\UCTT.html
UCTT,2026-07-28,77.5,77.5,0.0,https://stockanalysis.com/stocks/uctt/history/,D:\drive\Investment\备份\项目反思_2026-09-04\data\secondary_price_raw\UCTT.html
UCTT,2026-07-27,86.97,86.97000122070312,-1.403591021187367e-08,https://stockanalysis.com/stocks/uctt/history/,D:\drive\Investment\备份\项目反思_2026-09-04\data\secondary_price_raw\UCTT.html
UCTT,2026-07-24,92.75,92.75,0.0,https://stockanalysis.com/stocks/uctt/history/,D:\drive\Investment\备份\项目反思_2026-09-04\data\secondary_price_raw\UCTT.html
UCTT,2026-07-23,100.56,100.55999755859376,2.4278105525965543e-08,https://stockanalysis.com/stocks/uctt/history/,D:\drive\Investment\备份\项目反思_2026-09-04\data\secondary_price_raw\UCTT.html
UCTT,2026-07-22,101.46,101.45999908447266,9.023529923268825e-09,https://stockanalysis.com/stocks/uctt/history/,D:\drive\Investment\备份\项目反思_2026-09-04\data\secondary_price_raw\UCTT.html
UCTT,2026-07-21,105.15,105.1500015258789,-1.45114491534315e-08,https://stockanalysis.com/stocks/uctt/history/,D:\drive\Investment\备份\项目反思_2026-09-04\data\secondary_price_raw\UCTT.html
UCTT,2026-07-20,91.76,91.76000213623048,-2.3280627980959423e-08,https://stockanalysis.com/stocks/uctt/history/,D:\drive\Investment\备份\项目反思_2026-09-04\data\secondary_price_raw\UCTT.html
UCTT,2026-07-17,92.43,92.43000030517578,-3.3016961387133392e-09,https://stockanalysis.com/stocks/uctt/history/,D:\drive\Investment\备份\项目反思_2026-09-04\data\secondary_price_raw\UCTT.html
UCTT,2026-07-16,92.6,92.5999984741211,1.6478174158507386e-08,https://stockanalysis.com/stocks/uctt/history/,D:\drive\Investment\备份\项目反思_2026-09-04\data\secondary_price_raw\UCTT.html
UCTT,2026-07-15,102.11,102.11000061035156,-5.977392580902574e-09,https://stockanalysis.com/stocks/uctt/history/,D:\drive\Investment\备份\项目反思_2026-09-04\data\secondary_price_raw\UCTT.html
UCTT,2026-07-14,103.77,103.7699966430664,3.2349751322158227e-08,https://stockanalysis.com/stocks/uctt/history/,D:\drive\Investment\备份\项目反思_2026-09-04\data\secondary_price_raw\UCTT.html
UCTT,2026-07-13,98.25,98.25,0.0,https://stockanalysis.com/stocks/uctt/history/,D:\drive\Investment\备份\项目反思_2026-09-04\data\secondary_price_raw\UCTT.html
VICR,2026-09-04,188.55,188.5500030517578,-1.6185403128865516e-08,https://stockanalysis.com/stocks/vicr/history/,D:\drive\Investment\备份\项目反思_2026-09-04\data\secondary_price_raw\VICR.html
VICR,2026-09-03,178.76,178.75999450683594,3.072926957337074e-08,https://stockanalysis.com/stocks/vicr/history/,D:\drive\Investment\备份\项目反思_2026-09-04\data\secondary_price_raw\VICR.html
VICR,2026-09-02,181.59,181.58999633789065,2.0166911252061936e-08,https://stockanalysis.com/stocks/vicr/history/,D:\drive\Investment\备份\项目反思_2026-09-04\data\secondary_price_raw\VICR.html
VICR,2026-09-01,175.99,175.99000549316406,-3.121293190577745e-08,https://stockanalysis.com/stocks/vicr/history/,D:\drive\Investment\备份\项目反思_2026-09-04\data\secondary_price_raw\VICR.html
VICR,2026-08-31,187.68,187.67999267578125,3.902503742381214e-08,https://stockanalysis.com/stocks/vicr/history/,D:\drive\Investment\备份\项目反思_2026-09-04\data\secondary_price_raw\VICR.html
VICR,2026-08-28,187.75,187.75,0.0,https://stockanalysis.com/stocks/vicr/history/,D:\drive\Investment\备份\项目反思_2026-09-04\data\secondary_price_raw\VICR.html
VICR,2026-08-27,203.64,203.63999938964844,2.9972084814033906e-09,https://stockanalysis.com/stocks/vicr/history/,D:\drive\Investment\备份\项目反思_2026-09-04\data\secondary_price_raw\VICR.html
VICR,2026-08-26,197.23,197.22999572753903,2.1662328597571445e-08,https://stockanalysis.com/stocks/vicr/history/,D:\drive\Investment\备份\项目反思_2026-09-04\data\secondary_price_raw\VICR.html
VICR,2026-08-25,194.62,194.6199951171875,2.5088956023822107e-08,https://stockanalysis.com/stocks/vicr/history/,D:\drive\Investment\备份\项目反思_2026-09-04\data\secondary_price_raw\VICR.html
VICR,2026-08-24,189.99,189.9900054931641,-2.8912910843281736e-08,https://stockanalysis.com/stocks/vicr/history/,D:\drive\Investment\备份\项目反思_2026-09-04\data\secondary_price_raw\VICR.html
VICR,2026-08-21,200.54,200.5399932861328,3.3478943839426734e-08,https://stockanalysis.com/stocks/vicr/history/,D:\drive\Investment\备份\项目反思_2026-09-04\data\secondary_price_raw\VICR.html
VICR,2026-08-20,207.64,207.63999938964844,2.9394700007401298e-09,https://stockanalysis.com/stocks/vicr/history/,D:\drive\Investment\备份\项目反思_2026-09-04\data\secondary_price_raw\VICR.html
VICR,2026-08-19,217.35,217.3500061035156,-2.808150645350338e-08,https://stockanalysis.com/stocks/vicr/history/,D:\drive\Investment\备份\项目反思_2026-09-04\data\secondary_price_raw\VICR.html
VICR,2026-08-18,242.41,242.41000366210935,-1.5107088358057297e-08,https://stockanalysis.com/stocks/vicr/history/,D:\drive\Investment\备份\项目反思_2026-09-04\data\secondary_price_raw\VICR.html
VICR,2026-08-17,253.5,253.5,0.0,https://stockanalysis.com/stocks/vicr/history/,D:\drive\Investment\备份\项目反思_2026-09-04\data\secondary_price_raw\VICR.html
VICR,2026-08-14,234.74,234.7400054931641,-2.3401056314931168e-08,https://stockanalysis.com/stocks/vicr/history/,D:\drive\Investment\备份\项目反思_2026-09-04\data\secondary_price_raw\VICR.html
VICR,2026-08-13,226.64,226.63999938964844,2.6930442320605152e-09,https://stockanalysis.com/stocks/vicr/history/,D:\drive\Investment\备份\项目反思_2026-09-04\data\secondary_price_raw\VICR.html
VICR,2026-08-12,226.12,226.1199951171875,2.159389977940407e-08,https://stockanalysis.com/stocks/vicr/history/,D:\drive\Investment\备份\项目反思_2026-09-04\data\secondary_price_raw\VICR.html
VICR,2026-08-11,210.88,210.8800048828125,-2.3154459349861156e-08,https://stockanalysis.com/stocks/vicr/history/,D:\drive\Investment\备份\项目反思_2026-09-04\data\secondary_price_raw\VICR.html
VICR,2026-08-10,208.81,208.80999755859372,1.1691998924590052e-08,https://stockanalysis.com/stocks/vicr/history/,D:\drive\Investment\备份\项目反思_2026-09-04\data\secondary_price_raw\VICR.html
VICR,2026-08-07,221.2,221.1999969482422,1.379637359910646e-08,https://stockanalysis.com/stocks/vicr/history/,D:\drive\Investment\备份\项目反思_2026-09-04\data\secondary_price_raw\VICR.html
VICR,2026-08-06,218.72,218.72000122070312,-5.581122564102259e-09,https://stockanalysis.com/stocks/vicr/history/,D:\drive\Investment\备份\项目反思_2026-09-04\data\secondary_price_raw\VICR.html
VICR,2026-08-05,219.08,219.0800018310547,-8.357927017144107e-09,https://stockanalysis.com/stocks/vicr/history/,D:\drive\Investment\备份\项目反思_2026-09-04\data\secondary_price_raw\VICR.html
VICR,2026-08-04,226.48,226.47999572753903,1.886462830391622e-08,https://stockanalysis.com/stocks/vicr/history/,D:\drive\Investment\备份\项目反思_2026-09-04\data\secondary_price_raw\VICR.html
VICR,2026-08-03,213.54,213.5399932861328,3.144079507855224e-08,https://stockanalysis.com/stocks/vicr/history/,D:\drive\Investment\备份\项目反思_2026-09-04\data\secondary_price_raw\VICR.html
VICR,2026-07-31,207.37,207.3699951171875,2.354637906876178e-08,https://stockanalysis.com/stocks/vicr/history/,D:\drive\Investment\备份\项目反思_2026-09-04\data\secondary_price_raw\VICR.html
VICR,2026-07-30,206.67,206.6699981689453,8.859799116578415e-09,https://stockanalysis.com/stocks/vicr/history/,D:\drive\Investment\备份\项目反思_2026-09-04\data\secondary_price_raw\VICR.html
VICR,2026-07-29,182.77,182.7700042724609,-2.3376160229737764e-08,https://stockanalysis.com/stocks/vicr/history/,D:\drive\Investment\备份\项目反思_2026-09-04\data\secondary_price_raw\VICR.html
VICR,2026-07-28,192.12,192.1199951171875,2.5415431093023244e-08,https://stockanalysis.com/stocks/vicr/history/,D:\drive\Investment\备份\项目反思_2026-09-04\data\secondary_price_raw\VICR.html
VICR,2026-07-27,206.44,206.44000244140625,-1.1826226664624073e-08,https://stockanalysis.com/stocks/vicr/history/,D:\drive\Investment\备份\项目反思_2026-09-04\data\secondary_price_raw\VICR.html
VICR,2026-07-24,211.01,211.00999450683597,2.603271953560693e-08,https://stockanalysis.com/stocks/vicr/history/,D:\drive\Investment\备份\项目反思_2026-09-04\data\secondary_price_raw\VICR.html
VICR,2026-07-23,231.38,231.3800048828125,-2.1103001124345155e-08,https://stockanalysis.com/stocks/vicr/history/,D:\drive\Investment\备份\项目反思_2026-09-04\data\secondary_price_raw\VICR.html
VICR,2026-07-22,217.35,217.3500061035156,-2.808150645350338e-08,https://stockanalysis.com/stocks/vicr/history/,D:\drive\Investment\备份\项目反思_2026-09-04\data\secondary_price_raw\VICR.html
VICR,2026-07-21,214.7,214.6999969482422,1.4214056154315813e-08,https://stockanalysis.com/stocks/vicr/history/,D:\drive\Investment\备份\项目反思_2026-09-04\data\secondary_price_raw\VICR.html
VICR,2026-07-20,230.99,230.9900054931641,-2.378095997901397e-08,https://stockanalysis.com/stocks/vicr/history/,D:\drive\Investment\备份\项目反思_2026-09-04\data\secondary_price_raw\VICR.html
VICR,2026-07-17,237.62,237.6199951171875,2.05488284166222e-08,https://stockanalysis.com/stocks/vicr/history/,D:\drive\Investment\备份\项目反思_2026-09-04\data\secondary_price_raw\VICR.html
VICR,2026-07-16,230.41,230.41000366210935,-1.5893881766260165e-08,https://stockanalysis.com/stocks/vicr/history/,D:\drive\Investment\备份\项目反思_2026-09-04\data\secondary_price_raw\VICR.html
VICR,2026-07-15,260.2,260.20001220703125,-4.691403032719421e-08,https://stockanalysis.com/stocks/vicr/history/,D:\drive\Investment\备份\项目反思_2026-09-04\data\secondary_price_raw\VICR.html
VICR,2026-07-14,264.5,264.5,0.0,https://stockanalysis.com/stocks/vicr/history/,D:\drive\Investment\备份\项目反思_2026-09-04\data\secondary_price_raw\VICR.html
VICR,2026-07-13,252.16,252.16000366210935,-1.4522958835527788e-08,https://stockanalysis.com/stocks/vicr/history/,D:\drive\Investment\备份\项目反思_2026-09-04\data\secondary_price_raw\VICR.html
VSH,2026-09-04,31.8,31.799999237060547,2.399180720757954e-08,https://stockanalysis.com/stocks/vsh/history/,D:\drive\Investment\备份\项目反思_2026-09-04\data\secondary_price_raw\VSH.html
VSH,2026-09-03,30.45,30.450000762939453,-2.5055482244518146e-08,https://stockanalysis.com/stocks/vsh/history/,D:\drive\Investment\备份\项目反思_2026-09-04\data\secondary_price_raw\VSH.html
VSH,2026-09-02,30.61,30.61000061035156,-1.993961273871747e-08,https://stockanalysis.com/stocks/vsh/history/,D:\drive\Investment\备份\项目反思_2026-09-04\data\secondary_price_raw\VSH.html
VSH,2026-09-01,29.63,29.6299991607666,2.8323773992866563e-08,https://stockanalysis.com/stocks/vsh/history/,D:\drive\Investment\备份\项目反思_2026-09-04\data\secondary_price_raw\VSH.html
VSH,2026-08-31,30.43,30.43000030517578,-1.0028780139670346e-08,https://stockanalysis.com/stocks/vsh/history/,D:\drive\Investment\备份\项目反思_2026-09-04\data\secondary_price_raw\VSH.html
VSH,2026-08-28,30.56,30.559999465942383,1.7475707547731645e-08,https://stockanalysis.com/stocks/vsh/history/,D:\drive\Investment\备份\项目反思_2026-09-04\data\secondary_price_raw\VSH.html
VSH,2026-08-27,31.74,31.739999771118164,7.2111479010317225e-09,https://stockanalysis.com/stocks/vsh/history/,D:\drive\Investment\备份\项目反思_2026-09-04\data\secondary_price_raw\VSH.html
VSH,2026-08-26,30.66,30.65999984741211,4.976774103937487e-09,https://stockanalysis.com/stocks/vsh/history/,D:\drive\Investment\备份\项目反思_2026-09-04\data\secondary_price_raw\VSH.html
VSH,2026-08-25,31.31,31.309999465942383,1.705709440358305e-08,https://stockanalysis.com/stocks/vsh/history/,D:\drive\Investment\备份\项目反思_2026-09-04\data\secondary_price_raw\VSH.html
VSH,2026-08-24,30.43,30.43000030517578,-1.0028780139670346e-08,https://stockanalysis.com/stocks/vsh/history/,D:\drive\Investment\备份\项目反思_2026-09-04\data\secondary_price_raw\VSH.html
VSH,2026-08-21,31.63,31.6299991607666,2.6532830155190368e-08,https://stockanalysis.com/stocks/vsh/history/,D:\drive\Investment\备份\项目反思_2026-09-04\data\secondary_price_raw\VSH.html
VSH,2026-08-20,31.83,31.82999992370605,2.3969195517281605e-09,https://stockanalysis.com/stocks/vsh/history/,D:\drive\Investment\备份\项目反思_2026-09-04\data\secondary_price_raw\VSH.html
VSH,2026-08-19,31.96,31.959999084472656,2.8646037986135298e-08,https://stockanalysis.com/stocks/vsh/history/,D:\drive\Investment\备份\项目反思_2026-09-04\data\secondary_price_raw\VSH.html
VSH,2026-08-18,33.52,33.52000045776367,-1.3656433872633045e-08,https://stockanalysis.com/stocks/vsh/history/,D:\drive\Investment\备份\项目反思_2026-09-04\data\secondary_price_raw\VSH.html
VSH,2026-08-17,35.58,35.58000183105469,-5.1463029615561595e-08,https://stockanalysis.com/stocks/vsh/history/,D:\drive\Investment\备份\项目反思_2026-09-04\data\secondary_price_raw\VSH.html
VSH,2026-08-14,35.08,35.08000183105469,-5.219653920196521e-08,https://stockanalysis.com/stocks/vsh/history/,D:\drive\Investment\备份\项目反思_2026-09-04\data\secondary_price_raw\VSH.html
VSH,2026-08-13,33.32,33.31999969482422,9.158937164244207e-09,https://stockanalysis.com/stocks/vsh/history/,D:\drive\Investment\备份\项目反思_2026-09-04\data\secondary_price_raw\VSH.html
VSH,2026-08-12,33.55,33.54999923706055,2.2740371585783237e-08,https://stockanalysis.com/stocks/vsh/history/,D:\drive\Investment\备份\项目反思_2026-09-04\data\secondary_price_raw\VSH.html
VSH,2026-08-11,33.29,33.290000915527344,-2.750157157560551e-08,https://stockanalysis.com/stocks/vsh/history/,D:\drive\Investment\备份\项目反思_2026-09-04\data\secondary_price_raw\VSH.html
VSH,2026-08-10,33.14,33.13999938964844,1.8417367853018618e-08,https://stockanalysis.com/stocks/vsh/history/,D:\drive\Investment\备份\项目反思_2026-09-04\data\secondary_price_raw\VSH.html
VSH,2026-08-07,35.41,35.40999984741211,4.309175016814493e-09,https://stockanalysis.com/stocks/vsh/history/,D:\drive\Investment\备份\项目反思_2026-09-04\data\secondary_price_raw\VSH.html
VSH,2026-08-06,32.78,32.779998779296875,3.723926700338609e-08,https://stockanalysis.com/stocks/vsh/history/,D:\drive\Investment\备份\项目反思_2026-09-04\data\secondary_price_raw\VSH.html
VSH,2026-08-05,33.18,33.18000030517578,-9.19758225137457e-09,https://stockanalysis.com/stocks/vsh/history/,D:\drive\Investment\备份\项目反思_2026-09-04\data\secondary_price_raw\VSH.html
VSH,2026-08-04,38.85,38.84999847412109,3.927616409882262e-08,https://stockanalysis.com/stocks/vsh/history/,D:\drive\Investment\备份\项目反思_2026-09-04\data\secondary_price_raw\VSH.html
VSH,2026-08-03,35.4,35.400001525878906,-4.3103922098275405e-08,https://stockanalysis.com/stocks/vsh/history/,D:\drive\Investment\备份\项目反思_2026-09-04\data\secondary_price_raw\VSH.html
VSH,2026-07-31,34.22,34.220001220703125,-3.567221162903422e-08,https://stockanalysis.com/stocks/vsh/history/,D:\drive\Investment\备份\项目反思_2026-09-04\data\secondary_price_raw\VSH.html
VSH,2026-07-30,33.79,33.790000915527344,-2.7094623211709745e-08,https://stockanalysis.com/stocks/vsh/history/,D:\drive\Investment\备份\项目反思_2026-09-04\data\secondary_price_raw\VSH.html
VSH,2026-07-29,29.96,29.959999084472656,3.0558323427243295e-08,https://stockanalysis.com/stocks/vsh/history/,D:\drive\Investment\备份\项目反思_2026-09-04\data\secondary_price_raw\VSH.html
VSH,2026-07-28,32.72,32.720001220703125,-3.730755138153796e-08,https://stockanalysis.com/stocks/vsh/history/,D:\drive\Investment\备份\项目反思_2026-09-04\data\secondary_price_raw\VSH.html
VSH,2026-07-27,37.18,37.18000030517578,-8.208062896031265e-09,https://stockanalysis.com/stocks/vsh/history/,D:\drive\Investment\备份\项目反思_2026-09-04\data\secondary_price_raw\VSH.html
VSH,2026-07-24,38.21,38.209999084472656,2.3960412542933796e-08,https://stockanalysis.com/stocks/vsh/history/,D:\drive\Investment\备份\项目反思_2026-09-04\data\secondary_price_raw\VSH.html
VSH,2026-07-23,40.8,40.79999923706055,1.8699496617813338e-08,https://stockanalysis.com/stocks/vsh/history/,D:\drive\Investment\备份\项目反思_2026-09-04\data\secondary_price_raw\VSH.html
VSH,2026-07-22,39.89,39.88999938964844,1.5300866795797674e-08,https://stockanalysis.com/stocks/vsh/history/,D:\drive\Investment\备份\项目反思_2026-09-04\data\secondary_price_raw\VSH.html
VSH,2026-07-21,39.78,39.77999877929688,3.068635390235386e-08,https://stockanalysis.com/stocks/vsh/history/,D:\drive\Investment\备份\项目反思_2026-09-04\data\secondary_price_raw\VSH.html
VSH,2026-07-20,37.37,37.369998931884766,2.8582158417833625e-08,https://stockanalysis.com/stocks/vsh/history/,D:\drive\Investment\备份\项目反思_2026-09-04\data\secondary_price_raw\VSH.html
VSH,2026-07-17,37.81,37.810001373291016,-3.632084011329084e-08,https://stockanalysis.com/stocks/vsh/history/,D:\drive\Investment\备份\项目反思_2026-09-04\data\secondary_price_raw\VSH.html
VSH,2026-07-16,36.44,36.43999862670898,3.768636314127605e-08,https://stockanalysis.com/stocks/vsh/history/,D:\drive\Investment\备份\项目反思_2026-09-04\data\secondary_price_raw\VSH.html
VSH,2026-07-15,40.45,40.45000076293945,-1.8861296302574715e-08,https://stockanalysis.com/stocks/vsh/history/,D:\drive\Investment\备份\项目反思_2026-09-04\data\secondary_price_raw\VSH.html
VSH,2026-07-14,41.74,41.7400016784668,-4.021242760998689e-08,https://stockanalysis.com/stocks/vsh/history/,D:\drive\Investment\备份\项目反思_2026-09-04\data\secondary_price_raw\VSH.html
VSH,2026-07-13,41.94,41.93999862670898,3.2744183808830485e-08,https://stockanalysis.com/stocks/vsh/history/,D:\drive\Investment\备份\项目反思_2026-09-04\data\secondary_price_raw\VSH.html
WDC,2026-09-04,467.46,467.4599914550781,1.827947215815584e-08,https://stockanalysis.com/stocks/wdc/history/,D:\drive\Investment\备份\项目反思_2026-09-04\data\secondary_price_raw\WDC.html
WDC,2026-09-03,441.57,441.5700073242188,-1.6586766959925114e-08,https://stockanalysis.com/stocks/wdc/history/,D:\drive\Investment\备份\项目反思_2026-09-04\data\secondary_price_raw\WDC.html
WDC,2026-09-02,448.9,448.8999938964844,1.3596604286902902e-08,https://stockanalysis.com/stocks/wdc/history/,D:\drive\Investment\备份\项目反思_2026-09-04\data\secondary_price_raw\WDC.html
WDC,2026-09-01,450.44,450.4400024414063,-5.42004774395366e-09,https://stockanalysis.com/stocks/wdc/history/,D:\drive\Investment\备份\项目反思_2026-09-04\data\secondary_price_raw\WDC.html
WDC,2026-08-31,450.55,450.5499877929688,2.7093622234630743e-08,https://stockanalysis.com/stocks/wdc/history/,D:\drive\Investment\备份\项目反思_2026-09-04\data\secondary_price_raw\WDC.html
WDC,2026-08-28,459.45,459.4500122070313,-2.656879094509179e-08,https://stockanalysis.com/stocks/wdc/history/,D:\drive\Investment\备份\项目反思_2026-09-04\data\secondary_price_raw\WDC.html
WDC,2026-08-27,462.0,462.0,0.0,https://stockanalysis.com/stocks/wdc/history/,D:\drive\Investment\备份\项目反思_2026-09-04\data\secondary_price_raw\WDC.html
WDC,2026-08-26,468.88,468.8800048828125,-1.0413778506190852e-08,https://stockanalysis.com/stocks/wdc/history/,D:\drive\Investment\备份\项目反思_2026-09-04\data\secondary_price_raw\WDC.html
WDC,2026-08-25,450.75,450.75,0.0,https://stockanalysis.com/stocks/wdc/history/,D:\drive\Investment\备份\项目反思_2026-09-04\data\secondary_price_raw\WDC.html
WDC,2026-08-24,435.38,435.3800048828125,-1.1215059103619751e-08,https://stockanalysis.com/stocks/wdc/history/,D:\drive\Investment\备份\项目反思_2026-09-04\data\secondary_price_raw\WDC.html
WDC,2026-08-21,459.44,459.4400024414063,-5.313874007484287e-09,https://stockanalysis.com/stocks/wdc/history/,D:\drive\Investment\备份\项目反思_2026-09-04\data\secondary_price_raw\WDC.html
WDC,2026-08-20,469.05,469.0499877929688,2.6025011257146957e-08,https://stockanalysis.com/stocks/wdc/history/,D:\drive\Investment\备份\项目反思_2026-09-04\data\secondary_price_raw\WDC.html
WDC,2026-08-19,462.09,462.0899963378906,7.925099909655842e-09,https://stockanalysis.com/stocks/wdc/history/,D:\drive\Investment\备份\项目反思_2026-09-04\data\secondary_price_raw\WDC.html
WDC,2026-08-18,496.16,496.1600036621094,-7.3809039990990755e-09,https://stockanalysis.com/stocks/wdc/history/,D:\drive\Investment\备份\项目反思_2026-09-04\data\secondary_price_raw\WDC.html
WDC,2026-08-17,536.01,536.010009765625,-1.8219109443329273e-08,https://stockanalysis.com/stocks/wdc/history/,D:\drive\Investment\备份\项目反思_2026-09-04\data\secondary_price_raw\WDC.html
WDC,2026-08-14,508.8,508.7999877929688,2.399180720757954e-08,https://stockanalysis.com/stocks/wdc/history/,D:\drive\Investment\备份\项目反思_2026-09-04\data\secondary_price_raw\WDC.html
WDC,2026-08-13,487.29,487.2900085449219,-1.7535598306750444e-08,https://stockanalysis.com/stocks/wdc/history/,D:\drive\Investment\备份\项目反思_2026-09-04\data\secondary_price_raw\WDC.html
WDC,2026-08-12,454.1,454.1000061035156,-1.3440906276862563e-08,https://stockanalysis.com/stocks/wdc/history/,D:\drive\Investment\备份\项目反思_2026-09-04\data\secondary_price_raw\WDC.html
WDC,2026-08-11,437.93,437.9299926757813,1.672463367796695e-08,https://stockanalysis.com/stocks/wdc/history/,D:\drive\Investment\备份\项目反思_2026-09-04\data\secondary_price_raw\WDC.html
WDC,2026-08-10,438.34,438.3399963378906,8.354495095730385e-09,https://stockanalysis.com/stocks/wdc/history/,D:\drive\Investment\备份\项目反思_2026-09-04\data\secondary_price_raw\WDC.html
WDC,2026-08-07,434.3,434.2999877929688,2.8107371763397282e-08,https://stockanalysis.com/stocks/wdc/history/,D:\drive\Investment\备份\项目反思_2026-09-04\data\secondary_price_raw\WDC.html
WDC,2026-08-06,451.52,451.5199890136719,2.433187540340498e-08,https://stockanalysis.com/stocks/wdc/history/,D:\drive\Investment\备份\项目反思_2026-09-04\data\secondary_price_raw\WDC.html
WDC,2026-08-05,519.17,519.1699829101562,3.291762662449571e-08,https://stockanalysis.com/stocks/wdc/history/,D:\drive\Investment\备份\项目反思_2026-09-04\data\secondary_price_raw\WDC.html
WDC,2026-08-04,548.56,548.5599975585938,4.450572799186148e-09,https://stockanalysis.com/stocks/wdc/history/,D:\drive\Investment\备份\项目反思_2026-09-04\data\secondary_price_raw\WDC.html
WDC,2026-08-03,527.22,527.219970703125,5.5568598833488636e-08,https://stockanalysis.com/stocks/wdc/history/,D:\drive\Investment\备份\项目反思_2026-09-04\data\secondary_price_raw\WDC.html
WDC,2026-07-31,544.84,544.8400268554688,-4.9290557635472965e-08,https://stockanalysis.com/stocks/wdc/history/,D:\drive\Investment\备份\项目反思_2026-09-04\data\secondary_price_raw\WDC.html
WDC,2026-07-30,533.04,533.0399780273438,4.1221403845881355e-08,https://stockanalysis.com/stocks/wdc/history/,D:\drive\Investment\备份\项目反思_2026-09-04\data\secondary_price_raw\WDC.html
WDC,2026-07-29,462.04,462.0400085449219,-1.8493900300065036e-08,https://stockanalysis.com/stocks/wdc/history/,D:\drive\Investment\备份\项目反思_2026-09-04\data\secondary_price_raw\WDC.html
WDC,2026-07-28,463.51,463.510009765625,-2.1068854660910574e-08,https://stockanalysis.com/stocks/wdc/history/,D:\drive\Investment\备份\项目反思_2026-09-04\data\secondary_price_raw\WDC.html
WDC,2026-07-27,497.92,497.9200134277344,-2.696765344367691e-08,https://stockanalysis.com/stocks/wdc/history/,D:\drive\Investment\备份\项目反思_2026-09-04\data\secondary_price_raw\WDC.html
WDC,2026-07-24,519.8,519.7999877929688,2.348409289254505e-08,https://stockanalysis.com/stocks/wdc/history/,D:\drive\Investment\备份\项目反思_2026-09-04\data\secondary_price_raw\WDC.html
WDC,2026-07-23,558.3,558.2999877929688,2.1864645205482702e-08,https://stockanalysis.com/stocks/wdc/history/,D:\drive\Investment\备份\项目反思_2026-09-04\data\secondary_price_raw\WDC.html
WDC,2026-07-22,556.67,556.6699829101562,3.070013510075853e-08,https://stockanalysis.com/stocks/wdc/history/,D:\drive\Investment\备份\项目反思_2026-09-04\data\secondary_price_raw\WDC.html
WDC,2026-07-21,548.39,548.3900146484375,-2.671171450696619e-08,https://stockanalysis.com/stocks/wdc/history/,D:\drive\Investment\备份\项目反思_2026-09-04\data\secondary_price_raw\WDC.html
WDC,2026-07-20,487.42,487.4200134277344,-2.7548590519899108e-08,https://stockanalysis.com/stocks/wdc/history/,D:\drive\Investment\备份\项目反思_2026-09-04\data\secondary_price_raw\WDC.html
WDC,2026-07-17,477.22,477.2200012207031,-2.5579461881974908e-09,https://stockanalysis.com/stocks/wdc/history/,D:\drive\Investment\备份\项目反思_2026-09-04\data\secondary_price_raw\WDC.html
WDC,2026-07-16,466.81,466.80999755859375,5.229978450316253e-09,https://stockanalysis.com/stocks/wdc/history/,D:\drive\Investment\备份\项目反思_2026-09-04\data\secondary_price_raw\WDC.html
WDC,2026-07-15,513.84,513.8400268554688,-5.226425991988748e-08,https://stockanalysis.com/stocks/wdc/history/,D:\drive\Investment\备份\项目反思_2026-09-04\data\secondary_price_raw\WDC.html
WDC,2026-07-14,563.32,563.3200073242188,-1.3001879239915581e-08,https://stockanalysis.com/stocks/wdc/history/,D:\drive\Investment\备份\项目反思_2026-09-04\data\secondary_price_raw\WDC.html
WDC,2026-07-13,555.55,555.5499877929688,2.197287640726131e-08,https://stockanalysis.com/stocks/wdc/history/,D:\drive\Investment\备份\项目反思_2026-09-04\data\secondary_price_raw\WDC.html
VST,2026-09-04,149.3,149.3000030517578,-2.0440440340330213e-08,https://stockanalysis.com/stocks/vst/history/,D:\drive\Investment\备份\项目反思_2026-09-04\data\secondary_price_raw\VST.html
VST,2026-09-03,144.22,144.22000122070312,-8.464173584243895e-09,https://stockanalysis.com/stocks/vst/history/,D:\drive\Investment\备份\项目反思_2026-09-04\data\secondary_price_raw\VST.html
VST,2026-09-02,143.46,143.4600067138672,-4.6799573882871925e-08,https://stockanalysis.com/stocks/vst/history/,D:\drive\Investment\备份\项目反思_2026-09-04\data\secondary_price_raw\VST.html
VST,2026-09-01,138.08,138.0800018310547,-1.3260824549554684e-08,https://stockanalysis.com/stocks/vst/history/,D:\drive\Investment\备份\项目反思_2026-09-04\data\secondary_price_raw\VST.html
VST,2026-08-31,137.37,137.3699951171875,3.554497118862798e-08,https://stockanalysis.com/stocks/vst/history/,D:\drive\Investment\备份\项目反思_2026-09-04\data\secondary_price_raw\VST.html
VST,2026-08-28,137.09,137.08999633789062,2.6713177225801132e-08,https://stockanalysis.com/stocks/vst/history/,D:\drive\Investment\备份\项目反思_2026-09-04\data\secondary_price_raw\VST.html
VST,2026-08-27,139.81,139.80999755859375,1.7462315149430196e-08,https://stockanalysis.com/stocks/vst/history/,D:\drive\Investment\备份\项目反思_2026-09-04\data\secondary_price_raw\VST.html
VST,2026-08-26,140.03,140.02999877929688,8.71744010311204e-09,https://stockanalysis.com/stocks/vst/history/,D:\drive\Investment\备份\项目反思_2026-09-04\data\secondary_price_raw\VST.html
VST,2026-08-25,139.03,139.02999877929688,8.78014194682919e-09,https://stockanalysis.com/stocks/vst/history/,D:\drive\Investment\备份\项目反思_2026-09-04\data\secondary_price_raw\VST.html
VST,2026-08-24,135.66,135.66000366210938,-2.6994760982113064e-08,https://stockanalysis.com/stocks/vst/history/,D:\drive\Investment\备份\项目反思_2026-09-04\data\secondary_price_raw\VST.html
VST,2026-08-21,136.21,136.2100067138672,-4.9290557635472965e-08,https://stockanalysis.com/stocks/vst/history/,D:\drive\Investment\备份\项目反思_2026-09-04\data\secondary_price_raw\VST.html
VST,2026-08-20,138.94,138.94000244140625,-1.757165835059027e-08,https://stockanalysis.com/stocks/vst/history/,D:\drive\Investment\备份\项目反思_2026-09-04\data\secondary_price_raw\VST.html
VST,2026-08-19,142.7,142.6999969482422,2.1385829551689994e-08,https://stockanalysis.com/stocks/vst/history/,D:\drive\Investment\备份\项目反思_2026-09-04\data\secondary_price_raw\VST.html
VST,2026-08-18,140.52,140.52000427246094,-3.040464557901856e-08,https://stockanalysis.com/stocks/vst/history/,D:\drive\Investment\备份\项目反思_2026-09-04\data\secondary_price_raw\VST.html
VST,2026-08-17,146.11,146.11000061035156,-4.177342693978403e-09,https://stockanalysis.com/stocks/vst/history/,D:\drive\Investment\备份\项目反思_2026-09-04\data\secondary_price_raw\VST.html
VST,2026-08-14,148.13,148.1300048828125,-3.296302131250428e-08,https://stockanalysis.com/stocks/vst/history/,D:\drive\Investment\备份\项目反思_2026-09-04\data\secondary_price_raw\VST.html
VST,2026-08-13,146.4,146.39999389648438,4.169068223980332e-08,https://stockanalysis.com/stocks/vst/history/,D:\drive\Investment\备份\项目反思_2026-09-04\data\secondary_price_raw\VST.html
VST,2026-08-12,146.68,146.67999267578125,4.9933318368999835e-08,https://stockanalysis.com/stocks/vst/history/,D:\drive\Investment\备份\项目反思_2026-09-04\data\secondary_price_raw\VST.html
VST,2026-08-11,144.92,144.9199981689453,1.263493443204311e-08,https://stockanalysis.com/stocks/vst/history/,D:\drive\Investment\备份\项目反思_2026-09-04\data\secondary_price_raw\VST.html
VST,2026-08-10,142.87,142.8699951171875,3.417661287308249e-08,https://stockanalysis.com/stocks/vst/history/,D:\drive\Investment\备份\项目反思_2026-09-04\data\secondary_price_raw\VST.html
VST,2026-08-07,140.59,140.58999633789062,2.6048150525426195e-08,https://stockanalysis.com/stocks/vst/history/,D:\drive\Investment\备份\项目反思_2026-09-04\data\secondary_price_raw\VST.html
VST,2026-08-06,141.38,141.3800048828125,-3.4536796866824204e-08,https://stockanalysis.com/stocks/vst/history/,D:\drive\Investment\备份\项目反思_2026-09-04\data\secondary_price_raw\VST.html
VST,2026-08-05,140.58,140.5800018310547,-1.3025001077693332e-08,https://stockanalysis.com/stocks/vst/history/,D:\drive\Investment\备份\项目反思_2026-09-04\data\secondary_price_raw\VST.html
VST,2026-08-04,143.23,143.22999572753906,2.98293727496457e-08,https://stockanalysis.com/stocks/vst/history/,D:\drive\Investment\备份\项目反思_2026-09-04\data\secondary_price_raw\VST.html
VST,2026-08-03,155.94,155.94000244140625,-1.5656061447266723e-08,https://stockanalysis.com/stocks/vst/history/,D:\drive\Investment\备份\项目反思_2026-09-04\data\secondary_price_raw\VST.html
VST,2026-07-31,148.19,148.19000244140625,-1.6474837827296085e-08,https://stockanalysis.com/stocks/vst/history/,D:\drive\Investment\备份\项目反思_2026-09-04\data\secondary_price_raw\VST.html
VST,2026-07-30,148.62,148.6199951171875,3.2854344356181286e-08,https://stockanalysis.com/stocks/vst/history/,D:\drive\Investment\备份\项目反思_2026-09-04\data\secondary_price_raw\VST.html
VST,2026-07-29,142.81,142.80999755859375,1.709548547168538e-08,https://stockanalysis.com/stocks/vst/history/,D:\drive\Investment\备份\项目反思_2026-09-04\data\secondary_price_raw\VST.html
VST,2026-07-28,148.64,148.63999938964844,4.106240236723124e-09,https://stockanalysis.com/stocks/vst/history/,D:\drive\Investment\备份\项目反思_2026-09-04\data\secondary_price_raw\VST.html
VST,2026-07-27,157.08,157.0800018310547,-1.1656828724504464e-08,https://stockanalysis.com/stocks/vst/history/,D:\drive\Investment\备份\项目反思_2026-09-04\data\secondary_price_raw\VST.html
VST,2026-07-24,163.38,163.3800048828125,-2.988623060140583e-08,https://stockanalysis.com/stocks/vst/history/,D:\drive\Investment\备份\项目反思_2026-09-04\data\secondary_price_raw\VST.html
VST,2026-07-23,168.98,168.97999572753906,2.5283826587951808e-08,https://stockanalysis.com/stocks/vst/history/,D:\drive\Investment\备份\项目反思_2026-09-04\data\secondary_price_raw\VST.html
VST,2026-07-22,166.74,166.74000549316406,-3.29444876934204e-08,https://stockanalysis.com/stocks/vst/history/,D:\drive\Investment\备份\项目反思_2026-09-04\data\secondary_price_raw\VST.html
VST,2026-07-21,162.33,162.3300018310547,-1.1279829070787173e-08,https://stockanalysis.com/stocks/vst/history/,D:\drive\Investment\备份\项目反思_2026-09-04\data\secondary_price_raw\VST.html
VST,2026-07-20,157.99,157.99000549316406,-3.4769060408557095e-08,https://stockanalysis.com/stocks/vst/history/,D:\drive\Investment\备份\项目反思_2026-09-04\data\secondary_price_raw\VST.html
VST,2026-07-17,155.44,155.44000244140625,-1.5706421829797534e-08,https://stockanalysis.com/stocks/vst/history/,D:\drive\Investment\备份\项目反思_2026-09-04\data\secondary_price_raw\VST.html
VST,2026-07-16,152.56,152.55999755859375,1.6002925429248194e-08,https://stockanalysis.com/stocks/vst/history/,D:\drive\Investment\备份\项目反思_2026-09-04\data\secondary_price_raw\VST.html
VST,2026-07-15,160.23,160.22999572753906,2.666455123367939e-08,https://stockanalysis.com/stocks/vst/history/,D:\drive\Investment\备份\项目反思_2026-09-04\data\secondary_price_raw\VST.html
VST,2026-07-14,158.43,158.42999267578125,4.623000116055209e-08,https://stockanalysis.com/stocks/vst/history/,D:\drive\Investment\备份\项目反思_2026-09-04\data\secondary_price_raw\VST.html
VST,2026-07-13,158.12,158.1199951171875,3.0880423995682804e-08,https://stockanalysis.com/stocks/vst/history/,D:\drive\Investment\备份\项目反思_2026-09-04\data\secondary_price_raw\VST.html
