排名,股票代号,公司名称,公司分类,总分,分层,上涨空间得分,确定性得分,估值纪律得分,下行保护得分,价格日期,最新价格,市值,市值_B,TTM PE,Forward PE,P/S,P/B,EV/EBITDA,EPS(TTM),Call IV,Put IV,平均IV,悲观9个月股价变化,基准9个月股价变化,乐观9个月股价变化,极度乐观9个月股价变化,概率加权9个月期望变化,基准未来P/S,基准未来PE或利润倍数,悲观收入,基准收入,乐观收入,极度乐观收入,悲观增速,基准增速,乐观增速,极度乐观增速,基准利润,基准利润口径,公司评估日期,数据备注,关键判断,主要风险,公司报告
1,AAOI,Applied Optoelectronics,AI网络_光互联_连接器,59.5061,第一梯队,81.4993,24.7000,18.0000,69.0752,2026-06-01,189.84,$15.23B,15.230000,,39.780000,30.050000,13.560000,-457.170000,-0.650000,129.100000,135.400000,132.250000,10.777500,111.327500,208.965000,348.042500,139.298375,,,0.85-1.05B,1.25-1.55B,1.65-2.05B,2.25-2.90B,+86% 至 +130%,+174% 至 +240%,+262% 至 +350%,+394% 至 +536%,Adj. EBITDA / Non-GAAP operating income 约 130-240M；GAAP 净利润接近转正到小幅盈利，取决于 SBC、折旧和利息,调整后净利润,2026-06-01,"日度金融快照；源名称: Applied Optoelectronics, Inc.；TTM PE不适用：TTM EPS为负；异常: 负EV/EBITDA(-457.17)",基准偏乐观的经营兑现路径。AAOI 的 NTM 收入最可能落在 1.25-1.55B，显著高于 FY2025 455.7M和 Q1 年化 run-rate，核心来自 800G 已进入 volume、1.6T >200M订单在 H2 兑现、CATV/HFC 维持现金流底座。利润层面不能简单按收入高增外推，基准毛利率更合理的是 30-34%，经营利润率 6-1…,1.6T qualification 或客户验收延迟到 2027 后；800G 订单交付完成后追加订单不足；H2 产能爬坡但良率/测试时间导致 GM 低于 30%；CATV/Digicomm 回款或订单放慢；库存继续上升但收入不兑现。触发后 NTM 收入可能降到 0.85-1.05B，经营利润率可能仅 -2% 至 +4%,分析报告/公司评估/AAOI_Applied_Optoelectronics_收入传导估值评估_2026-06-01.md
2,CRWV,CoreWeave,云算力_IDC_AI软件平台,56.3596,第一梯队,60.5440,60.2333,14.1500,79.6958,2026-06-01,124.80,$68.09B,68.090000,,-199.040000,10.930000,13.950000,30.630000,-2.720000,97.300000,87.300000,92.300000,25.965000,80.025000,135.970000,180.000000,93.196750,,,125-145 亿美元,150-175 亿美元,175-210 亿美元,210-250 亿美元,+101% 至 +133%,+141% 至 +181%,+181% 至 +237%,+237% 至 +301%,调整后 EBITDA 约 85-105 亿美元；GAAP 大概率仍亏损但亏损率收窄,EBITDA,2026-06-01,"日度金融快照；源名称: CoreWeave, Inc.；TTM PE不适用：TTM EPS为负；异常: Forward PE为负(-199.04)",基准情景。CoreWeave 的 NTM 收入最可能落在 150-175 亿美元，对应 FY2026 指引兑现后，2027Q1 继续向 2026 年退出 ARR 180-190 亿美元和 2027 年退出 ARR 300 亿美元以上目标爬坡。收入可见度来自 A/B 级证据，而不是单纯 AI 数据中心 TAM,Q2/Q3 收入低于指引或收入增长低于 CapEx/利息增长；active power 不转 revenue；backlog 24 个月内确认比例下滑；大客户延迟、重新议价或验收慢；adjusted operating margin 无法从 Q1 的 1% 修复；新增融资利差扩大或额度不足,分析报告/公司评估/CRWV_CoreWeave_收入传导估值评估_2026-06-01.md
3,APLD,Applied Digital,云算力_IDC_AI软件平台,50.2907,第一梯队,69.6875,27.2711,0.5000,58.9790,2026-06-01,49.08,$14.03B,14.030000,,-51.660000,43.930000,8.860000,1121.500000,-0.380000,112.000000,101.600000,106.800000,-3.660000,88.400000,182.150000,287.270000,113.312500,,,6.0-7.5 亿美元,8.5-11.0 亿美元,11.5-14.5 亿美元,15.0-19.0 亿美元,+70% 至 +110%,+140% 至 +210%,+225% 至 +310%,+320% 至 +435%,Adj. EBITDA 2.5-4.2 亿美元；GAAP 净利大概率仍亏损或接近收窄,EBITDA,2026-06-01,日度金融快照；源名称: Applied Digital Corporation；TTM PE不适用：TTM EPS为负；异常: Forward PE为负(-51.66)；异常: EV/EBITDA过高(1121.50),基准情景。APLD 的核心 NTM 经营收入最可能从 TTM 约 3.56 亿美元跃迁到 8.5-11.0 亿美元，主要由 PF1 base rent、PF2 初始容量、低毛利 fit-out/power pass-through 和 Data Center Hosting 稳定贡献组成。这个结论是“合同和交付正常兑现”，不是行业热度自动外推,PF1 B3 或 PF2 延迟 6-12 个月；客户验收或 IT fit-out 造成 rent 推迟；项目融资转长期失败或成本显著上升；Data Center Hosting 收入下滑；CHRN 需要 APLD 继续投入现金却无法形成利润,分析报告/公司评估/APLD_Applied_Digital_收入传导估值评估_2026-06-01.md
4,VISN,Vistance Networks,AI网络_光互联_连接器,47.3685,第一梯队,28.7761,77.5250,77.4000,44.2413,2026-06-01,12.40,$2.80B,2.800000,18.240000,8.830000,1.390000,0.610000,0.980000,0.680000,57.900000,77.100000,67.500000,-24.735000,14.190000,48.490000,97.465000,23.307500,2.170543,8.960000,持续核心 Aurora $1.00B-$1.15B；报告口径含 RUCKUS 桥接 $1.15B-$1.45B,持续核心 Aurora $1.20B-$1.38B；报告口径含 RUCKUS 桥接 $1.50B-$1.78B,持续核心 Aurora $1.40B-$1.65B；报告口径含 RUCKUS 桥接 $1.78B-$2.15B,持续核心 Aurora $1.80B-$2.25B；若 RUCKUS 交易失败或显著延迟，报告口径上限 $2.20B-$3.00B,Aurora 较 2025 约 $1.23B 下滑 -19% 至 -7%；较 Q1 annualized $1.19B 低到持平,Aurora 较 2025 约 -2% 至 +12%；较 Q1 annualized 约 +1% 至 +16%,Aurora 较 2025 增长 +14% 至 +34%,Aurora 较 2025 增长 +46% 至 +83%,Aurora adjusted EBITDA $225M-$250M；含桥接 Core adjusted EBITDA $285M-$340M；GAAP 净利润无法可靠量化,EBITDA,2026-06-01,"日度金融快照；源名称: Vistance Networks, Inc.",基准。VISN 的 NTM 经营主线不是 AI 数据中心直接订单，而是 Aurora 承接 DOCSIS 4.0/HFC access upgrade。基准下 Aurora 持续核心收入约 $1.20B-$1.38B，standalone adjusted EBITDA 约 $225M-$250M；RUCKUS 在 2026H2 交割前贡献约 $0.30B…,Comcast rollout 放缓、非 Comcast 客户选择 Harmonic/Vecima/ATX/Technetix 等竞争方案、MSO capex 或施工延期、D4.0 hardware ASP 下行幅度大于销量增长、input cost/库存/质保费用上升、RUCKUS 交易延迟并扰动客户或员工,分析报告/公司评估/VISN_Vistance_Networks_收入传导估值评估_2026-06-01.md
5,BDC,Belden,AI网络_光互联_连接器,47.2288,第一梯队,25.4924,77.5250,81.8000,55.1853,2026-06-01,103.23,$4.02B,4.020000,17.380000,11.610000,1.440000,3.130000,11.680000,5.940000,54.700000,65.900000,60.300000,-9.085000,11.325000,28.170000,57.615000,16.083250,1.161850,6.483871,reported $2.90B-$3.18B；standalone $2.90B-$3.00B，RUCKUS $0-$0.18B,reported $3.35B-$3.57B；standalone $3.05B-$3.15B，RUCKUS $0.30B-$0.42B,reported $3.65B-$3.95B；standalone $3.20B-$3.35B，RUCKUS $0.45B-$0.62B,reported $4.10B-$4.35B；standalone $3.45B+，RUCKUS $0.65B-$0.80B,对当前 TTM +4%-14%；standalone +4%-8%,对当前 TTM +20%-28%；standalone +9%-13%,对当前 TTM +31%-42%；standalone +15%-20%,对当前 TTM +47%-56%；standalone +24%+,Adj. EBITDA $0.59B-$0.65B；调整后净利方向上行但 GAAP 受交易扰动,EBITDA,2026-06-01,日度金融快照；源名称: Belden Inc,基准。Belden NTM reported revenue 最可能落在 $3.35B-$3.57B，其中 standalone Belden $3.05B-$3.15B，RUCKUS 视 2026H2 交割月份贡献约 $0.30B-$0.42B。经营价值传导来自三条路径：Automation 稳定兑现、Smart Buildings 高密布线持续增长、R…,RUCKUS 监管或融资延迟到 2027；Smart Buildings Q2/Q3 增速回到低个位数；Automation 订单走弱；Broadband carrier capex 推迟；公司无法把高毛利 RUCKUS 与低毛利线缆项目的 mix 改善转化为 EBITDA；营运资金持续占用导致 FCF 低于去杠杆目标,分析报告/公司评估/BDC_Belden_收入传导估值评估_2026-06-01.md
6,CEG,Constellation Energy,电力_发电_能源_储能,46.9135,第一梯队,32.5125,79.7000,48.4000,52.0559,2026-06-01,267.95,$96.78B,96.780000,23.280000,19.670000,3.240000,2.900000,15.820000,11.510000,48.200000,51.800000,50.000000,-13.560000,33.790000,44.940000,77.990000,31.527500,,25.468421,$35-38B,$39-43B,$43-48B,$48-54B,较 2025 全年约 +37% 至 +49%，但低于 Q1 2026 ex-unrealized run-rate,较 2025 全年约 +53% 至 +68%；接近 Q1 2026 ex-unrealized 年化,较 2025 全年约 +68% 至 +88%；高于当前 run-rate,较 2025 全年约 +88% 至 +111%；显著高于 Q1 2026 ex-unrealized run-rate,调整后经营净利润约 $4.0-4.4B，对应 EPS 约 $11-$12,调整后净利润,2026-06-01,日度金融快照；源名称: Constellation Energy Corporatio,基准公司。CEG 的 NTM 经营结论是“Calpine 完整并表 + 现役核电/容量价值 + 少量 powered land 可收入化”，而不是“Meta/Crane/PJM 远期项目已经进入收入表”。NTM 公司收入最可能在 $39-43B，调整后经营净利润约 $4.0-4.4B，对应 2026 指引正常兑现,核电 outage 或购电履约成本上升；Calpine divestiture/整合低于预期；gas spark spread 或 capacity price 回落；Freestone/CyrusOne 延迟；PJM/FERC/co-location 规则不利；growth capex 和营运资本压制 FCF,分析报告/公司评估/CEG_Constellation_Energy_收入传导估值评估_2026-06-01.md
7,PNR,Pentair plc,机电_冷却_工程_水处理_边缘工业AI,46.6737,第一梯队,25.4209,78.9750,75.3000,55.2867,2026-06-01,71.38,$11.54B,11.540000,17.930000,12.280000,2.750000,3.010000,12.230000,3.980000,37.200000,35.300000,36.250000,-8.940000,11.840000,29.405000,50.347500,15.926000,2.658986,9.086614,$4.15-$4.25B,$4.26-$4.34B,$4.40-$4.55B,$4.65-$4.90B,-0.6% 至 +1.8% vs 2025,+2% 至 +4% vs 2025,+5.4% 至 +9.0% vs 2025,+11.4% 至 +17.3% vs 2025,Adj. EBITDA $1.23-$1.27B；Adj. NI $864-$880M,EBITDA,2026-06-01,日度金融快照；源名称: Pentair plc.,基准情景。PNR NTM 收入最可能接近公司 FY2026 指引 $4.26-$4.34B，收入增速低个位数，调整后经营利润率继续扩张到约 26% 左右，经营价值来自价格、生产率、80/20、Transformation、Hydra-Stop 和高利润 Pool，而不是 AI 数据中心大额新增收入,Pool 旺季 sell-through 和 volume 继续弱；Water Solutions 业务退出后仍无法转正；Flow backlog 转收入慢或 Hydra-Stop 协同弱；Q2-Q3 FCF 未能从 Q1 季节性占用中恢复,分析报告/公司评估/PNR_Pentair_plc_收入传导估值评估_2026-06-01.md
8,ALLE,Allegion plc,机电_冷却_工程_水处理_边缘工业AI,46.4563,第一梯队,26.7056,77.5250,71.7000,53.9175,2026-06-01,129.87,$11.16B,11.160000,17.740000,13.610000,2.680000,5.310000,12.960000,7.320000,31.900000,35.900000,33.900000,-10.898000,15.690000,33.580000,54.765000,18.752400,2.530612,14.493506,$4.18B-$4.30B,$4.34B-$4.48B,$4.52B-$4.70B,$4.85B-$5.05B,相对 2025 收入 $4.067B 增加 $0.11B-$0.23B，约 +3%-+6%；低于 FY2026 指引隐含路径,相对 2025 增加 $0.27B-$0.41B，约 +7%-+10%；含 Q1 2027 正常 run-rate,相对 2025 增加 $0.45B-$0.63B，约 +11%-+16%,相对 2025 增加 $0.78B-$0.98B，约 +19%-+24%,adjusted EBITDA $1.04B-$1.12B；adjusted net income $0.75B-$0.79B,调整后净利润,2026-06-01,日度金融快照；源名称: Allegion plc,基准公司情景。NTM 收入最可能在 $4.34B-$4.48B，核心逻辑是 2026 全年 reported revenue +6%-+8% 指引、organic +2%-+4%、Q1 $1.034B run-rate、电子/服务高于公司平均、并购全年化和 International ERP 逐步恢复。该情景不依赖 AI 数据中心大额放量,International ERP 恢复延迟到 2026H2 后仍未修复；residential volume 继续恶化；Q2/Q3 adjusted operating margin 未回到正常区间；电子产品增速降到低个位数；并购整合费用和 amortization/working capital 占用超预期,分析报告/公司评估/ALLE_Allegion_plc_收入传导估值评估_2026-06-01.md
9,ATEYY,Advantest,封测_检测_计量_光罩,46.1779,第一梯队,28.4805,75.5000,79.2000,36.0769,2026-06-01,162.55,$117.91B,117.910000,50.640000,,0.100000,23.650000,-0.380000,3.210000,,,,-36.410000,48.080000,14.950000,45.655000,22.657000,0.083035,0.253298,1.25-1.33T 日元,1.420T 日元,1.52-1.62T 日元,1.70-1.85T 日元,相对 FY2025 +10.8% 至 +17.8%,相对 FY2025 +25.8%,相对 FY2025 +34.7% 至 +43.5%,相对 FY2025 +50.6% 至 +63.9%,净利润 465.5B 日元；经营利润 627.5B 日元,净利润,2026-06-01,日度金融快照；源名称: Advantest Corp.；Forward PE缺失或不可用；异常: 负EV/EBITDA(-0.38)；call: 无期权链或数据源无覆盖；put: 无期权链或数据源无覆盖；缺Forward PE,基准偏乐观但仍以官方 FY2026 指引为主，即 NTM/FY2026 收入约 1.420T 日元、营业利润约 627.5B 日元、净利润约 465.5B 日元。最核心传导来自 SoC Test Systems 正常兑现 999.5B 日元指引，Memory Test Systems 正常兑现 201.0B 日元指引，Other Systems 与 Ser…,Q1/Q2 run-rate 低于指引隐含节奏；客户把订单从 2026H2 推迟到 2027；HBM4 qualification 或 advanced packaging 产能延迟；Q4 高毛利回落并伴随成本通胀；公司库存和应收账款明显快于收入增长,分析报告/公司评估/ATEYY_Advantest_收入传导估值评估_2026-06-01.md
10,BELFB,Bel Fuse Inc,AI网络_光互联_连接器,45.1942,第一梯队,28.1277,79.7000,55.4000,49.8794,2026-06-01,273.31,$3.89B,3.890000,65.860000,27.320000,5.540000,7.920000,27.680000,4.150000,57.100000,58.600000,57.850000,-16.672500,8.247500,49.175000,92.102500,21.880875,4.420455,23.575758,$760M-$820M,$850M-$910M,$930M-$1.05B,$1.10B-$1.25B,vs FY2025 $675.5M 为 +12%~+21%；接近或低于 Q2 指引年化,vs FY2025 +26%~+35%；较 Q2 指引中值年化 $820M 高约 +4%~+11%,vs FY2025 +38%~+55%,vs FY2025 +63%~+85%,Adjusted EBITDA $150M-$180M；归属净利约 $70M-$95M,EBITDA,2026-06-01,日度金融快照；源名称: Bel Fuse Inc.,基准情景。BELFB 的 NTM 经营传导更像“高可靠 ADRS 基本盘 + data solutions/ITDS 正常增长 + 少量 AI 数据中心间接受益”，而不是纯 AI 数据中心主链爆发。基准 NTM 收入 $850M-$910M，毛利率 38.5%-40.0%，经营利润率 12.5%-15.5%，Adjusted EBITDA $150M-$1…,Q2 收入落在 $195M 下沿或 Q3 指引低于当前 run-rate；backlog 不转收入或客户延迟拉货；transportation/industrial 下滑扩大；金/银/铜/IC/关税压低 GM 至 37% 以下；ADRS 认证或地区运营出现交付问题,分析报告/公司评估/BELFB_Bel_Fuse_Inc_收入传导估值评估_2026-06-01.md
11,JBL,Jabil Inc,AI服务器_存储_EMS,45.1345,第一梯队,23.4379,79.7000,76.1000,48.1661,2026-06-01,361.60,$38.15B,38.150000,48.600000,24.780000,1.170000,28.470000,17.280000,7.440000,68.300000,71.400000,69.850000,-19.122500,7.347500,28.525000,49.502500,11.563375,1.038095,13.385965,$32.5B-$34.0B,$36.0B-$37.5B,$38.5B-$41.0B,$42.0B-$45.0B,相对 FY2026 指引 -4% 至 0%；相对 Q2 FY2026 run-rate 持平或下滑,相对 FY2026 指引 +6%-10%,相对 FY2026 指引 +13%-21%,相对 FY2026 指引 +24%-32%,core EBITDA $2.7B-$3.0B；净利润无法可靠量化,EBITDA,2026-06-01,日度金融快照；源名称: Jabil Inc.,基准。Jabil 的 NTM 最可能落在 $36.0B-$37.5B 收入区间，core operating margin 5.7%-6.0%。该情景意味着 FY2026 $34.0B 指引正常兑现，FY2027 上半年延续 AI rack / networking / capital equipment 增长，Regulated Industries 稳…,FY2026 H2 revenue 低于 $17.4B 隐含路径；II 增长明显放缓；库存、AR 或 contract assets 快于收入扩张；客户转向 consignment 导致收入下降但成本未同步下降；Regulated/CLDC 同时弱化；core op margin 回落至 5.4% 以下,分析报告/公司评估/JBL_Jabil_Inc_收入传导估值评估_2026-06-01.md
12,DCI,Donaldson Company,机电_冷却_工程_水处理_边缘工业AI,45.0978,第一梯队,25.7577,77.5250,65.1000,54.1259,2026-06-01,81.61,$9.45B,9.450000,25.500000,18.790000,2.520000,6.000000,14.960000,3.200000,48.000000,51.000000,49.500000,-10.600000,11.640000,31.790000,56.015000,16.667000,2.333333,21.000000,$3.75B-$3.90B,$3.98B-$4.12B,$4.18B-$4.38B,$4.45B-$4.75B,vs FY2025 +2% 至 +6%，主要由 Facet 抵消有机低迷,vs FY2025 +8% 至 +12%，其中约 $0.10B-$0.12B 来自 Facet,vs FY2025 +13% 至 +19%,vs FY2025 +21% 至 +29%,EBITDA $0.74B-$0.80B；净利润 $0.43B-$0.47B,净利润,2026-06-01,"日度金融快照；源名称: Donaldson Company, Inc.",基准公司。NTM 收入最可能落在 $3.98B-$4.12B，调整后经营利润率 16.0%-16.7%。这个情景不是 AI 主题驱动，而是 Donaldson 原有 aftermarket 现金流、IFS 正常交付、Life Sciences 高个位数到低双位数增长、Facet 已完成并表共同作用,Q3 后管理层无法维持 FY2026 operating margin 指引；Industrial 利润率继续低于 13%；On-Road 和 OEM weakness 扩散到 Aftermarket；Facet 整合费用或融资成本高于预期；Life Sciences 增速回落且 Disk Drive 不再被点名,分析报告/公司评估/DCI_Donaldson_Company_收入传导估值评估_2026-06-01.md
13,CMI,Cummins Inc.,电力_发电_能源_储能,44.5428,第一梯队,21.8086,83.3250,69.6000,51.6853,2026-06-01,640.25,$88.35B,88.350000,33.230000,19.180000,2.610000,7.150000,19.050000,19.270000,43.300000,42.200000,42.750000,-14.090000,4.490000,19.415000,39.227500,7.979000,2.394309,13.186567,$34.8B-$35.8B,$36.4B-$37.4B,$38.0B-$39.5B,$41.0B-$43.0B,较 2025 约 +3%-6%,较 2025 约 +8%-11%,较 2025 约 +13%-17%,较 2025 约 +22%-28%,EBITDA $6.5B-$6.9B；净利润方向随一次性 charge 消退改善,EBITDA,2026-06-01,日度金融快照；源名称: Cummins Inc.,基准公司情景。NTM 公司收入最可能接近 $36.4B-$37.4B，本质是 2026 最新指引正常兑现：Power Systems 和 Distribution 的数据中心/商业 power generation 继续强，Engine/Components 从低位改善，Accelera 亏损收窄但仍为拖累。该情景不需要把天然气 prime power 或…,2026Q2-Q3 PG 增速跌回低双位数或个位数；数据中心客户延期/取消导致 Distribution PG 下滑；Engine/Components 订单恢复失败；Power Systems margin 从 Q1 高位快速回落；DSO 和存货继续上行导致 FCF 明显落后,分析报告/公司评估/CMI_Cummins_Inc_收入传导估值评估_2026-06-01.md
14,TMO,Thermo Fisher Scientific,封测_检测_计量_光罩,43.7327,第一梯队,23.9360,77.5250,63.0000,53.2238,2026-06-01,493.65,$183.45B,183.450000,27.170000,18.080000,4.060000,3.480000,19.750000,18.170000,37.800000,45.700000,41.750000,-11.890000,8.870000,26.040000,45.357500,12.659250,3.798137,19.832432,$46.5B-$47.4B,$47.8B-$48.8B,$49.0B-$50.2B,$50.5B-$52.0B,较 Q1 2026 TTM +2.9% 至 +4.9%,+5.8% 至 +8.0%,+8.4% 至 +11.1%,+11.7% 至 +15.1%,调整后净利润等效约 $9.1B-$9.4B，对应管理层 EPS 指引和 370-375M 股数,调整后净利润,2026-06-01,日度金融快照；源名称: Thermo Fisher Scientific Inc,基准公司情景。NTM 收入约 $47.8B-$48.8B，本质是 FY2026 指引正常兑现、Clario 形成全季 run-rate、bioproduction 和 clinical research 维持强于公司平均、A&G/China 和 Analytical Instruments 弱项不继续恶化,Q2/Q3 organic 无法回到约 3%；A&G/China 和 instruments 继续弱；clinical research authorizations 或 pharma services 项目确认放缓；bioproduction 补库存结束；microbiology 剥离关闭后利润稀释大于管理层预期；tariffs/FX/inflation…,分析报告/公司评估/TMO_Thermo_Fisher_Scientific_收入传导估值评估_2026-06-01.md
15,MTRN,Materion,半导体材料_化学品_基板,43.5632,第一梯队,24.2131,79.7000,63.0000,45.2203,2026-06-01,221.28,$4.60B,4.600000,60.620000,29.740000,2.400000,4.860000,27.220000,3.650000,56.000000,57.000000,56.500000,-23.335000,8.165000,31.440000,64.015000,13.268750,3.948498,18.775510,VA sales $1.03B-$1.08B；补充净销售额 $1.80B-$1.90B,VA sales $1.13B-$1.20B；补充净销售额 $1.98B-$2.08B,VA sales $1.22B-$1.30B；补充净销售额 $2.10B-$2.25B,VA sales $1.34B-$1.45B；补充净销售额 $2.30B-$2.50B,VA sales 较 2025 年 -2% 至 +3%；较 Q1 2026 run-rate 接近持平,VA sales 较 2025 年 +8% 至 +15%；较 Q1 2026 run-rate +8% 至 +15%,VA sales 较 2025 年 +17% 至 +24%,VA sales 较 2025 年 +28% 至 +39%,调整后 EBITDA $235M-$255M；调整后净利润方向高于 2025,EBITDA,2026-06-01,日度金融快照；源名称: Materion Corporation,基准。Materion 的 NTM 经营主线不是“AI 数据中心直接高收入”，而是半导体材料、国防/能源高性能材料、Precision Optics 修复和传统业务质量事件出清共同推动 VA sales 从约 $1.05B run-rate 向 $1.13B-$1.20B 走，同时调整后 EBITDA 保持 >20% VA margin,2026Q2/Q3 总 VA sales 仍接近 $260M/季且 EM 增速放缓；PM 出现新的 quality cost 或大客户恢复失败；backlog 无法转收入；库存和应收继续推高导致 OCF 为负；管理层不再表达 toward high-end EPS 可信度,分析报告/公司评估/MTRN_Materion_收入传导估值评估_2026-06-01.md
16,ECL,Ecolab,半导体材料_化学品_基板,42.7400,第一梯队,23.8681,77.5250,57.3000,51.0804,2026-06-01,250.46,$70.49B,70.490000,33.850000,26.070000,4.280000,7.050000,20.000000,7.400000,34.600000,34.400000,34.500000,-14.955000,7.505000,28.950000,48.860000,12.509750,3.810270,27.111538,$17.2-$17.8B,$18.0-$18.5B,$18.7-$19.4B,$19.6-$20.5B,+4.5%-+8.2%,+9.4%-+12.5%,+13.7%-+17.9%,+19.1%-+24.6%,EBITDA 约 $4.6-$4.9B；adjusted net income 约 $2.45-$2.60B,调整后净利润,2026-06-01,日度金融快照；源名称: Ecolab Inc.,基准公司情景。ECL 的传统服务/耗材底盘、I&S/Pest/Life Sciences 的稳定增长、Ovivo 并表和 High-Tech 强增长足以支撑 NTM 收入进入 $18.0-$18.5B 区间；CoolIT 在 NTM 主口径中应按 Q3 close 后 partial 并表处理，而不是直接把 $550M NTM sales 全年化加入,CoolIT 交易 close 延迟到 2026Q4 以后或监管/整合条件改变；GB300/AI 数据中心项目因电力、GPU/HBM、融资、并网或验收延期；Heavy/Paper/Basic Industries 弱于预期；commodity 成本上升快于 surcharge；CoolIT 硬件被多供压价且服务 attach 低,分析报告/公司评估/ECL_Ecolab_收入传导估值评估_2026-06-01.md
17,TEL,TE Connectivity,AI网络_光互联_连接器,42.6625,第一梯队,21.4805,79.7000,63.0000,51.2420,2026-06-01,212.43,$62.01B,62.010000,21.680000,16.810000,3.320000,4.800000,14.200000,9.800000,55.300000,43.100000,49.200000,-14.724000,3.340000,18.560000,40.590000,7.257200,2.952857,18.790909,$19.8B-$20.2B,$20.8B-$21.2B,$21.7B-$22.4B,$23.0B-$24.0B,较过去 12 个月增加约 $1.1B-$1.5B，增速约 6%-8%,较过去 12 个月增加约 $2.1B-$2.5B，增速约 11%-13%,较过去 12 个月增加约 $3.0B-$3.7B，增速约 16%-20%,较过去 12 个月增加约 $4.3B-$5.3B，增速约 23%-28%,EBITDA 约 $5.3B-$5.6B；净利润约 $3.2B-$3.4B,净利润,2026-06-01,日度金融快照；源名称: TE Connectivity plc,基准。TE Connectivity 的 NTM 经营传导最可能落在收入 $20.8B-$21.2B、调整后经营利润率 21.0%-21.8% 的区间。这个结论主要来自 FY2026 Q2 强订单、Q3 指引、DDN AI FY2026 $2.4B 管理层预期、Energy 订单和 Transportation 稳定利润底座,DDN backlog 转收入慢于预期、AI 客户认证或验收延后、1.6T/224G 多供导致价格下降、Energy 工程项目延期、Transportation 或自动化周期低于当前 run-rate、capex 和营运资本占用压低自由现金流,分析报告/公司评估/TEL_TE_Connectivity_收入传导估值评估_2026-06-01.md
18,FTV,Fortive Corporation,机电_冷却_工程_水处理_边缘工业AI,42.3875,第一梯队,20.5617,79.7000,67.5000,47.6951,2026-06-01,58.72,$17.90B,17.900000,34.540000,18.260000,4.230000,2.950000,17.660000,1.700000,35.600000,26.000000,30.800000,-19.796000,3.680000,17.340000,32.040000,5.235800,3.977778,13.259259,$4.20-$4.30B,$4.35-$4.50B,$4.55-$4.75B,$4.85-$5.10B,较 FY2025 continuing ops $4.159B 约 +1%-3%；低于 Q1 年化 $4.278B 或仅小幅高于,较 FY2025 +4.6%-8.2%；较 FY2026 指引约 $4.3B 小幅上行，包含 2027Q1 延续,较 FY2025 +9.4%-14.2%,较 FY2025 +16.6%-22.6%,Adjusted EBITDA $1.26-$1.35B；净利润方向上行但不单独可靠量化,EBITDA,2026-06-01,日度金融快照；源名称: Fortive Corporation,基准公司情景。NTM 收入最可能在 $4.35-$4.50B，较 FY2025 continuing operations $4.159B 增长约 +4.6%-8.2%，相对 FY2026 管理层收入约 $4.3B 的当前预期小幅上行。公司不是 AI 高 beta 硬件股，而是“高毛利工具 + recurring software/service + 医疗…,Q2/Q3 core growth 回落到 0%-1%；Fluke orders 不再超过 revenue；RPO/deferred revenue 下降；AHS capital demand 或医院软件采购显著延迟；关税和产品 mix 继续压低 gross margin 且无法通过价格/成本抵消,分析报告/公司评估/FTV_Fortive_Corporation_收入传导估值评估_2026-06-01.md
19,EME,EMCOR Group,机电_冷却_工程_水处理_边缘工业AI,42.2235,第一梯队,21.0451,79.7000,63.8000,48.2070,2026-06-01,830.66,$36.99B,36.990000,27.900000,25.430000,2.080000,9.550000,19.640000,29.770000,50.700000,46.700000,48.700000,-19.064000,2.290000,21.060000,38.165000,6.299200,1.901799,26.901818,$17.8B-$18.6B,$19.0B-$19.9B,$20.5B-$21.8B,$22.5B-$24.0B,较 2025 +5%-9%；接近或低于 FY2026 指引下沿年化,较 2025 +12%-17%,较 2025 +21%-28%,较 2025 +32%-41%,EBITDA $1.95B-$2.15B；净利润 $1.30B-$1.45B,净利润,2026-06-01,"日度金融快照；源名称: EMCOR Group, Inc.",基准。EME 的 NTM 收入最可能落在 $19.0B-$19.9B，公司经营利润率约 9.0%-9.5%。这不是简单把 AI 数据中心 CapEx 套到公司收入，而是由 2026Q1 收入、FY2026 上调后指引、$15.62B RPO、$12.17B 一年内预计确认 RPO 和 N&C 数据中心施工合同共同支撑,N&C 项目因电力/并网/设备/设计冻结推迟，Q2-Q3 book-to-bill 降到 1 以下；Mechanical margin 继续低于 11%；应收账款和合同资产持续上升但现金回款没有同步；Miller 整合贡献低于预期；客户 AI capex 或 NeoCloud 融资变弱导致项目节奏延后,分析报告/公司评估/EME_EMCOR_Group_收入传导估值评估_2026-06-01.md
20,TT,Trane Technologies plc,机电_冷却_工程_水处理_边缘工业AI,41.8275,第一梯队,22.3545,79.7000,55.4000,47.9650,2026-06-01,450.11,$99.50B,99.500000,34.390000,26.440000,4.610000,11.620000,24.410000,13.090000,32.700000,34.800000,33.750000,-19.410000,3.390000,26.815000,48.327500,9.180000,4.120083,20.000000,$22.6B-$23.4B,$23.8B-$24.5B,$25.0B-$26.0B,$26.5B-$28.0B,约 +5%-+8%,约 +10%-+13%,约 +16%-+20%,约 +23%-+30%,adjusted EBITDA $4.85B-$5.10B；adjusted net earnings $3.4B-$3.65B,EBITDA,2026-06-01,日度金融快照；源名称: Trane Technologies plc,基准。TT 的 NTM 收入最可能落在 $23.8B-$24.5B，adjusted EBITDA 约 $4.85B-$5.10B，adjusted net earnings 约 $3.4B-$3.65B。这表示管理层 2026 指引、Q2/H2 加速、Commercial HVAC backlog、Stellar 转收入和服务增长正常兑现,电力/许可导致数据中心项目确认后移；Stellar 毛利显著低于 mid-teens-plus；LiquidStack 认证慢或客户自研/竞品锁定；Residential/transport 再次下修；EMEA 中东 headwind 或中国需求继续恶化；材料、关税和加急物流吞噬价格,分析报告/公司评估/TT_Trane_Technologies_收入传导估值评估_2026-06-01.md
21,FLEX,Flex Ltd,AI服务器_存储_EMS,41.2332,重点候选,20.1954,78.7708,65.9000,42.2920,2026-06-01,148.56,$54.43B,54.430000,64.030000,21.560000,1.950000,10.560000,27.820000,2.320000,79.500000,75.400000,77.450000,-27.522500,1.167500,19.535000,45.252500,4.429875,1.596188,31.553623,$30.0B-$32.0B,$33.2B-$35.0B,$36.0B-$39.0B,$40.0B-$43.0B,相对 FY2026 +7%-15%,相对 FY2026 +19%-25%,相对 FY2026 +29%-40%,相对 FY2026 +43%-54%,Adj. operating income $2.35B-$2.55B；Adj. net income $1.60B-$1.85B,净利润,2026-06-01,日度金融快照；源名称: Flex Ltd.,基准经营情景。FLEX 的 NTM 经营传导不是“AI 主题映射”，而是已经出现在 CPI $6.614B FY2026 收入、FY2027 CPI +65%-75% 指引、Power/Cloud/Cooling 产品和 EP2 并表中的可收入化增长。基准 NTM 收入结论为 $33.2B-$35.0B，调整后经营利润率 7.0%-7.3%，调整后净利润约…,CPI Q2/Q3 FY2027 未加速；Power 或 Cloud & Cooling 大项目延期；capex 先行但 revenue conversion 慢；customer working capital advances 下降而库存/contract assets 上升；Cloud & Cooling ramp 成本继续压制 CPI margin,分析报告/公司评估/FLEX_Flex_Ltd_收入传导估值评估_2026-06-01.md
22,PSIX,Power Solutions International,电力_发电_能源_储能,41.2217,重点候选,24.9935,64.7125,73.7000,36.5752,2026-06-01,40.01,$922.25M,0.922250,9.030000,12.050000,1.290000,4.960000,10.600000,4.430000,115.900000,85.600000,100.750000,-35.697500,4.102500,43.765000,93.377500,14.985625,1.346350,18.445000,$570M-$635M,$650M-$720M,$760M-$850M,"$900M-$1,050M",较 TTM $715.6M 约 -20% 至 -11%,较 TTM 约 -9% 至 +1%,较 TTM 约 +6% 至 +19%,较 TTM 约 +26% 至 +47%,Adjusted EBITDA $75M-$105M；净利润 $40M-$60M,净利润,2026-06-01,日度金融快照；源名称: Power Solutions International,基准公司。NTM 收入最可能落在 $650M-$720M，核心逻辑是 Q2 大体延续 Q1，H2 随较大 Power Systems 订单进入生产而恢复，2027-Q1 在 2026-H2 的基础上正常化。利润/现金流结论是：毛利率大概率仍在 23%-25% 的修复区间，而不是立刻回到 2025 上半年 28%-30% 的高位；Adjusted EBITD…,Q2 低于 $125M 或 Power Systems 低于 $90M；Q3/Q4 未恢复到 $150M+ 单季收入；毛利率连续维持 21%-23%；库存和应收在收入未增长时继续上升；客户集中订单延迟；数据中心 demand solid 的表述未转为收入、订单或客户证据,分析报告/公司评估/PSIX_Power_Solutions_International_收入传导估值评估_2026-06-01.md
23,GNRC,Generac Holdings,电力_发电_能源_储能,41.1816,重点候选,19.5285,79.7000,63.0000,47.1696,2026-06-01,269.78,$15.88B,15.880000,84.310000,24.320000,3.670000,5.930000,33.150000,3.200000,56.400000,50.700000,53.550000,-20.547500,-2.187500,17.095000,37.827500,2.962625,2.968224,15.269231,$4.65-$4.90B,$5.05-$5.35B,$5.55-$6.05B,$6.30-$7.00B,较 LTM $4.326B 约 +7%-13%,较 LTM 约 +17%-24%,较 LTM 约 +28%-40%,较 LTM 约 +46%-62%,Adj. EBITDA $0.93-$1.04B；净利率约 8.0%-9.0%,EBITDA,2026-06-01,日度金融快照；源名称: Generac Holdlings Inc.,基准偏乐观但不进入极度乐观。NTM 收入最合理区间是 $5.05-$5.35B，较 LTM $4.326B 增长约 17%-24%；Adj. EBITDA 约 $0.93-$1.04B，margin 约 18.5%-19.5%；自由现金流为正但会被数据中心扩产和营运资本部分抵消,数据中心 backlog 转收入延至 2027 后；客户 AVL 或 FAT/SAT 卡住；CAT/Cummins/mtu/Rehlko 以服务网络和价格拿走关键份额；住宅停电小时继续低迷；库存和应收使 FCF 显著低于 EBITDA,分析报告/公司评估/GNRC_Generac_Holdings_收入传导估值评估_2026-06-01.md
24,LITE,Lumentum,AI网络_光互联_连接器,41.1506,重点候选,34.4720,67.8875,14.5000,53.7080,2026-06-01,907.45,$70.60B,70.600000,160.900000,50.130000,28.370000,76.530000,120.760000,5.640000,101.500000,95.200000,98.350000,-11.197500,14.197500,69.475000,143.202500,35.838375,,,4.0B-4.5B 美元,4.8B-5.4B 美元,6.0B-7.0B 美元,8.0B-9.2B 美元,较 FY25Q4-FY26Q3 近四季 2.49B 美元增长约 +60%-+81%，但低于 FY26Q4 指引年化后的增长路径,较近四季增长约 +93%-+117%；较 FY26Q4 指引中点年化 3.94B 美元高约 +22%-+37%,较近四季增长约 +141%-+181%；较 FY26Q4 年化高约 +52%-+78%,较近四季增长约 +222%-+270%；较 FY26Q4 年化高约 +103%-+134%,EBITDA 未披露；non-GAAP 净利润方向约 1.35B-1.75B 美元,调整后净利润,2026-06-01,日度金融快照；源名称: Lumentum Holdings Inc.；异常: EV/EBITDA过高(120.76),基准情景。Lumentum NTM 收入最可能落在 4.8B-5.4B 美元区间，核心来自 FY26Q4 指引兑现后的 run-rate、200G EML/CW laser 持续紧缺、1.6T 模块 ramp、OCS backlog 部分确认、DCI/scale-across 激光器延续高增，以及 CPO/ELS 在 NTM 后段的小比例收入。利润最可能表…,FY26Q4 指引后 FY27 指引或订单节奏明显放缓；1.6T 模块价格下行快于出货增长；OCS backlog 交付或验收延期；CPO/ELS 收入继续停留在样品/小批；EML/CW 多源扩产导致短缺缓解；库存和采购承诺造成毛利率或现金流压力,分析报告/公司评估/LITE_Lumentum_收入传导估值评估_2026-06-01.md
25,CARR,Carrier Global,机电_冷却_工程_水处理_边缘工业AI,41.0164,重点候选,20.5531,79.7000,57.9000,46.5119,2026-06-01,65.12,$54.09B,54.090000,43.420000,20.340000,2.470000,4.030000,20.570000,1.500000,40.800000,53.500000,47.150000,-21.488000,-0.110000,20.505000,44.377500,5.216900,2.362009,,$21.2-$21.8B,$22.2-$22.9B,$23.4-$24.6B,$25.2-$26.8B,约 -2% 至 0%,约 +2% 至 +5%,约 +8% 至 +13%,约 +16% 至 +23%,EBITDA 未披露；adj OP proxy $3.4-$3.7B；净利润随 margin 修复,,2026-06-01,日度金融快照；源名称: Carrier Global Corporation,基准公司情景。Carrier NTM 收入更可能落在 $22.2-$22.9B，adjusted operating profit proxy 约 $3.4-$3.7B，FCF 接近 $2B 附近。数据中心会成为最强增量，但公司整体仍由住宅、欧洲/Viessmann、区域 HVAC 和运输冷链共同决定,data center backlog 因电力/水/施工延后；大型项目毛利低于预期；CSA residential 和 CSE/Viessmann 继续拖累；China RLC 下行超指引；FCF 因存货和应收显著低于 $2B 路径,分析报告/公司评估/CARR_Carrier_Global_收入传导估值评估_2026-06-01.md
26,KLIC,Kulicke Soffa,封测_检测_计量_光罩,40.8177,重点候选,29.3070,77.0250,28.8500,40.0280,2026-06-01,103.24,$5.40B,5.400000,100.230000,24.370000,7.030000,6.300000,41.700000,1.030000,77.600000,64.800000,71.200000,-30.760000,14.230000,54.060000,107.090000,24.475500,,,9.0-10.5 亿美元,11.5-13.0 亿美元,13.5-15.5 亿美元,16.5-19.5 亿美元,较 TTM +17% 至 +37%,较 TTM +50% 至 +69%,较 TTM +76% 至 +102%,较 TTM +115% 至 +154%,EBITDA 未披露；净利润约 1.55-2.20 亿美元,净利润,2026-06-01,"日度金融快照；源名称: Kulicke and Soffa Industries, I",基准情景。KLIC 的 NTM 收入最可能在 11.5-13.0 亿美元，核心来自 Ball Bonding 的高出货、General Semi/Memory 需求、TCB/FTC ramp、APS 稼动率改善和 EA 退出后费用质量改善。这个情景已经高于 FY2025 和 TTM，不需要依赖 Hybrid/Panel 远期期权,Q3 落在指引低端或 Q4 快速回落；General Semi/Memory 需求被证明主要是补库存；TCB/FTC 订单因客户认证、竞争或验收延迟无法确认收入；库存和应收继续上升但收入不兑现；EA/All Others 出现额外退出成本,分析报告/公司评估/KLIC_Kulicke_Soffa_收入传导估值评估_2026-06-01.md
27,AJNMY,味之素 Ajinomoto,半导体材料_化学品_基板,40.6556,重点候选,22.3457,67.5250,79.2000,32.1399,2026-06-01,33.64,$32.24B,32.240000,38.670000,,0.020000,6.660000,1.500000,0.870000,,,,-42.040000,32.980000,0.570000,25.850000,9.160500,0.018712,0.268667,"¥1,600-1,650B","¥1,723.0B","¥1,780-1,860B","¥1,920-2,050B",较 FY2025 +1.0% 至 +4.2%,较 FY2025 +8.8%,较 FY2025 +12.4% 至 +17.4%,较 FY2025 +21.2% 至 +29.4%,归母净利润 ¥120.0B；EBITDA 无官方完整指引,净利润,2026-06-01,"日度金融快照；源名称: Ajinomoto Co., Inc.；Forward PE缺失或不可用；call: 无期权链或数据源无覆盖；put: 无期权链或数据源无覆盖；缺Forward PE",基准偏乐观但未到乐观公司。最稳的 NTM 经营结论是公司 FY2026 销售约 ¥1.72T、Business Profit 约 ¥197B 可兑现，Functional Materials 继续贡献约三成核心经营利润。乐观上修需要 ABF 高端料号价格/mix 和 Bio-Pharma 项目确认同步好于公司指引,1）Functional Materials 单季收入低于 ¥25B 且连续低于公司指引路径；2）公司下调 FY2026 Healthcare & Others 或 Functional Materials BP；3）食品原材料/包装/FX 导致 Seasonings & Foods BP 下修；4）Frozen Foods 北美修复失败，低毛利收入继续拖…,分析报告/公司评估/AJNMY_味之素_Ajinomoto_收入传导估值评估_2026-06-01.md
28,CSCO,Cisco Systems,AI网络_光互联_连接器,40.2686,重点候选,20.9693,79.7000,49.3500,47.8601,2026-06-01,121.15,$477.50B,477.500000,40.380000,25.390000,7.860000,9.770000,28.870000,3.000000,44.300000,43.200000,43.750000,-19.560000,-0.810000,23.065000,46.427500,6.132500,7.126866,26.308540,$62B-$64B,$66B-$68B,$70B-$73B,$75B-$79B,较 FY2026 指引中点约 0%-+2%,较 FY2026 指引中点约 +5%-+8%,较 FY2026 指引中点约 +11%-+16%,较 FY2026 指引中点约 +19%-+26%,EBITDA 未披露；non-GAAP operating income proxy $22.1B-$23.5B；non-GAAP net income proxy $17.5B-$18.8B,调整后净利润,2026-06-01,"日度金融快照；源名称: Cisco Systems, Inc.",基准。CSCO 的 NTM 收入最可能落在 $66B-$68B，较 FY2026 指引中点约 +5%-+8%。这不是把 AI 行业增速直接套到 Cisco，而是由 Q4 FY2026 $16.7B-$16.9B 指引、FY2026 $4B hyperscaler AI revenue 目标、FY2026 $9B AI orders 目标、RPO/递延收入、…,FY2026 Q4 AI orders 明显低于达到 $9B 所需的路径；Q4/FY2027 revenue guide 不能体现 AI orders 转收入；product GM 跌破 64% non-GAAP 且库存/采购承诺继续上升；Security/Splunk 继续低增长；客户转向 NVIDIA/Broadcom/Arista/whitebox …,分析报告/公司评估/CSCO_Cisco_Systems_收入传导估值评估_2026-06-01.md
29,AEP,AEP,电力_发电_能源_储能,39.8810,重点候选,17.5529,81.8750,55.8000,49.6042,2026-06-01,124.24,$67.60B,67.600000,18.380000,18.120000,3.010000,2.120000,13.280000,6.760000,25.500000,23.100000,24.300000,-17.066000,-4.910000,8.170000,21.965000,-1.383700,2.725806,,$22.8-$23.5B,$23.8-$24.8B,$25.0-$26.3B,$26.5-$28.0B,相对 2026Q1 TTM $22.43B 为 +2%-5%,+6%-11%,+11%-17%,+18%-25%,$3.35-$3.55B，对应 EPS 大体在管理层指引区间,,2026-06-01,日度金融快照；源名称: American Electric Power Company,基准偏乐观。NTM 最可靠的经营结论不是“63GW 全部转成收入”，而是 AEP 的 current run-rate、2026 EPS 指引、C&I non-fuel revenue 增长、大负荷合同和 $78B 资本计划共同支撑未来 12 个月收入大致 $23.8-$24.8B、operating earnings / 净利润 $3.35-$3.55B…,AI capex或客户融资降温导致 LOA/ESA转化低于预期；PJM/ERCOT/SPP或地方许可显著延迟；AEP无法及时取得发电容量和高压设备；客户成本分摊或大负荷tariff被监管削弱；利率和融资成本使 operating EPS低于 $6.15 指引下沿,分析报告/公司评估/AEP_American_Electric_Power_收入传导估值评估_2026-06-01.md
30,MKSI,MKS Inc,晶圆制造_前道设备,39.4265,重点候选,18.6625,79.7000,57.5000,41.5315,2026-06-01,315.67,$21.32B,21.320000,66.180000,21.120000,5.230000,7.560000,27.230000,4.770000,66.400000,63.600000,65.000000,-28.610000,-3.310000,18.040000,37.590000,1.057500,4.160000,24.365714,$4.45B-$4.75B,$5.00B-$5.25B,$5.45B-$5.85B,$6.10B-$6.60B,较 TTM $4.072B 约 +9%-17%；低于 Q2 指引年化和基准路径,较 TTM 约 +23%-29%,较 TTM 约 +34%-44%,较 TTM 约 +50%-62%,adjusted EBITDA $1.30B-$1.45B；non-GAAP net earnings $0.80B-$0.95B,调整后净利润,2026-06-01,日度金融快照；源名称: MKS Inc.,基准公司情景。NTM 收入最可能落在 $5.00B-$5.25B，核心来自 Semiconductor 子系统从 Q1 $466M 向 Q2 $550M 的台阶上移，以及 E&P 从 Q1 $321M 向 Q2 $350M 后维持高于 2025 run-rate。这个结论是“指引和收入表可见路径正常兑现”，不是把 AI 行业增速直接映射成 MKS 收入增速,Q3 指引低于 Q2 run-rate，Semi 订单被证明是客户提前备货；E&P chemistry 或 equipment 环比转弱；palladium/关税继续压毛利；库存和应收继续占用现金而收入增长放慢；出口管制或客户双供导致份额/价格受损,分析报告/公司评估/MKSI_MKS_Inc_收入传导估值评估_2026-06-01.md
31,MSI,Motorola Solutions,机电_冷却_工程_水处理_边缘工业AI,39.0743,重点候选,18.3617,77.5250,57.5000,44.4490,2026-06-01,410.65,$68.17B,68.170000,33.170000,22.210000,5.740000,26.830000,21.660000,12.380000,32.900000,33.900000,33.400000,-24.438000,-1.335000,12.480000,27.640000,0.395650,5.184030,23.108475,$12.2B-$12.6B,$13.0B-$13.3B,$13.6B-$14.1B,$14.6B-$15.2B,较 2025Q2-2026Q1 TTM $11.868B 增长约 +3%-6%,较 TTM 增长约 +9.5%-12%,较 TTM 增长约 +15%-19%,较 TTM 增长约 +23%-28%,EBITDA 无法可靠量化；non-GAAP 净利润约 $2.9B-$3.0B；GAAP 净利润约 $2.1B-$2.3B,调整后净利润,2026-06-01,"日度金融快照；源名称: Motorola Solutions, Inc.",基准公司情景。NTM 收入最可能落在 $13.0B-$13.3B，约等于 FY2026 $12.8B 指引正常兑现后，2027Q1 继续按高个位数到低双位数增长。利润上最可能是 S&S mix 和 Command/Video/Silvus 增长抵消 P&SI mix 与供应链成本压力，non-GAAP operating margin 维持约 29.0%-…,FY2026 指引下修或 Q2/Q3 revenue growth 明显低于 +8.5% 指引路径；P&SI gross margin 继续受 mix/memory/供应链成本拖累；backlog 或 RPO 的 12 个月确认额下滑；Silvus 订单低于并购预期或 earnout fair value 下调；Command/Video 项目出现实施延迟…,分析报告/公司评估/MSI_Motorola_Solutions_收入传导估值评估_2026-06-01.md
32,UCTT,"Ultra Clean Holdings, Inc.",晶圆制造_前道设备,38.9345,重点候选,19.9323,71.9042,65.9000,35.8584,2026-06-01,84.15,$3.77B,3.770000,,22.310000,1.820000,6.000000,36.880000,-4.290000,93.800000,87.100000,90.450000,-36.722500,-0.007500,23.735000,52.652500,3.851125,1.493069,30.160000,$2.20B-$2.35B,$2.45B-$2.60B,$2.70B-$2.95B,$3.05B-$3.30B,较 FY2025 $2.054B 约 +7%-14%；较 Q2 指引中点年化 $2.34B 为持平到略低,较 FY2025 约 +19%-27%；较 Q1 年化约 +15%-22%,较 FY2025 约 +31%-44%；接近公司现有 $3B 承载能力,较 FY2025 约 +49%-61%；超过当前 $3B 年收入承载能力下沿,Adj. EBITDA 约 $220M-$270M；non-GAAP 净利约 $105M-$145M,调整后净利润,2026-06-01,"日度金融快照；源名称: Ultra Clean Holdings, Inc.；TTM PE不适用：TTM EPS为负",基准偏上。NTM 收入最合理区间为 $2.45B-$2.60B，高于 FY2025 $2.054B，但还不应把 $3B+ 写成基准。原因是 Q2 指引和库存备货已经确认需求上行，但公司不披露 backlog、book-to-bill 和单项订单，客户 forecast 到收入确认之间仍有重排风险,Q2 后指引回落；客户把 H2 WFE 交付推迟；库存继续增加但收入不跟；Products GM 停留在 14%-15% 或更低；Services 增速跌回低个位数；经营现金流连续为负,分析报告/公司评估/UCTT_Ultra_Clean_Holdings_收入传导估值评估_2026-06-01.md
33,CLS,Celestica Inc,AI服务器_存储_EMS,38.4699,重点候选,17.9347,76.9000,57.3000,42.3881,2026-06-01,417.78,$48.04B,48.040000,50.650000,27.820000,3.480000,22.900000,32.510000,8.250000,67.700000,75.300000,71.500000,-27.385000,-6.135000,15.290000,38.715000,-0.543750,2.234419,27.451429,$18.5B-$20.0B,$20.5B-$22.5B,$22.5B-$25.0B,$25.0B-$28.0B,较 Q2 2025-Q1 2026 TTM $13.79B 增长约 +34%-45%,+49%-63%,+63%-81%,+81%-103%,EBITDA无法可靠量化；调整后经营利润约 $1.65B-$1.85B，净利润无法可靠量化,调整后净利润,2026-06-01,"日度金融快照；源名称: Celestica, Inc.",基准偏乐观，NTM 收入约 $20.5B-$22.5B，经营质量好于传统 EMS，但仍不是芯片/软件型利润结构。若 Q2-Q4 2026 继续高于指引中点，且 1.6T 两个 hyperscaler programs 按期量产，NTM 有机会靠近 $22.5B 上沿,1.6T silicon/OSFP224/optics 或测试认证延迟；Enterprise compute 因 memory/custom silicon 或客户代际切换再次推迟；最大客户或前三大客户改变采购节奏；库存和应收继续增长但客户押金未同步增加；adjusted operating margin 跌破 7.8% 且无法用 mix/一次性因素解释,分析报告/公司评估/CLS_Celestica_Inc_收入传导估值评估_2026-06-01.md
34,ETN,Eaton Corporation,配电_电源_功率器件,38.1762,重点候选,17.2925,79.7000,51.8000,43.9734,2026-06-01,398.62,$154.78B,154.780000,39.000000,25.350000,5.430000,7.850000,27.850000,10.220000,47.500000,34.800000,41.150000,-25.118000,-6.760000,11.605000,32.077500,-1.956600,4.447701,28.141818,$31.0-$32.5B,$33.0-$34.8B,$35.5-$37.5B,$38.5-$41.0B,较 TTM +9%-14%，绝对增加约 $2.5-$4.0B,较 TTM +16%-22%，绝对增加约 $4.5-$6.3B,较 TTM +25%-32%，绝对增加约 $7.0-$9.0B,较 TTM +35%-44%，绝对增加约 $10.0-$12.5B,EBITDA 无法可靠量化；adjusted net income 约 $5.1-$5.5B,调整后净利润,2026-06-01,"日度金融快照；源名称: Eaton Corporation, PLC",基准情景。Eaton 的 NTM 经营主线是 Electrical Americas backlog 转收入、Boyd 并入 Electrical Global、Aerospace 稳定高利润、Mobility 分拆前低增长维持。合理 NTM 收入结论为 $33.0-$34.8B，segment margin 约 24.1%-24.8%，FCF 大体贴近 …,Electrical Americas backlog 增长仍高但交付和验收推迟；Q2-Q3 margin 不能从 Q1 压力中恢复；Boyd 整合成本高于销售放量；大型客户把电力设备排产后移；Mobility 分拆成本或营运资本占用影响 FCF,分析报告/公司评估/ETN_Eaton_Corporation_收入传导估值评估_2026-06-01.md
35,AMKR,Amkor Technology,封测_检测_计量_光罩,37.1403,重点候选,18.3789,72.0333,59.4000,34.6259,2026-06-01,72.66,$18.01B,18.010000,41.760000,29.630000,2.550000,3.970000,14.260000,1.740000,91.800000,85.000000,88.400000,-38.485000,-4.630000,20.380000,51.190000,0.433500,2.223457,30.016667,$7.0B-$7.5B,$7.8B-$8.4B,$8.5B-$9.2B,$9.3B-$10.2B,较 FY2025 $6.708B 增 +4%-12%；较 LTM $7.071B 为 -1%至+6%,较 FY2025 增 +16%-25%；较 LTM 增 +10%-19%,较 FY2025 增 +27%-37%；较 LTM 增 +20%-30%,较 FY2025 增 +39%-52%；较 LTM 增 +31%-44%,EBITDA $1.35B-$1.60B；净利润 $0.50B-$0.70B,净利润,2026-06-01,"日度金融快照；源名称: Amkor Technology, Inc.",基准公司情景。NTM 收入最可能落在 $7.8B-$8.4B，核心来自 Q2 指引正常兑现、communications 正常季节性、HDFO/2.5D 从单一 CPU program 扩展到更多 data-center engagement、test services 稳步改善，以及汽车/工业维持稳定,HDFO CPU ramp 或两个 final qualification 项目延后；Q3 communications 季节性弱于正常路径；客户材料/内存/基板 delayed delivery 扩大；Q2/Q3 毛利率跌回 14% 附近或以下；CapEx 前置导致折旧和运行成本先于收入确认,分析报告/公司评估/AMKR_Amkor_Technology_收入传导估值评估_2026-06-01.md
36,DLR,Digital Realty,云算力_IDC_AI软件平台,36.9977,重点候选,17.5942,81.8750,40.1000,40.9538,2026-06-01,185.23,$66.26B,66.260000,49.260000,64.670000,10.490000,2.860000,29.950000,3.760000,29.400000,31.200000,30.300000,-29.436000,-4.960000,12.570000,36.840000,-1.292700,9.533813,17.210390,$6.55B-$6.75B,$6.85B-$7.05B,$7.15B-$7.40B,$7.55B-$7.85B,约 +2%-+6% vs Q1 年化；约 0%-+4% vs 2025A,约 +5%-+8% vs Q1 年化；约 +12%-+15% vs 2025A,约 +9%-+13% vs Q1 年化；约 +17%-+21% vs 2025A,约 +15%-+20% vs Q1 年化；约 +24%-+28% vs 2025A,Adjusted EBITDA $3.75B-$3.95B；Core FFO/share 约 $8.25-$8.60；净利润无法可靠量化,EBITDA,2026-06-01,"日度金融快照；源名称: Digital Realty Trust, Inc.",基准。DLR 的 NTM 经营结论不是“AI 需求直接让收入爆发”，而是“AI 需求已转成高质量签约和 backlog，但 NTM 收入只按可交付、可验收、可开始计租的部分确认”。最可能 NTM 收入为 $6.85B-$7.05B，Adjusted EBITDA 为 $3.75B-$3.95B，Core FFO/share 约 $8.25-$8.60,主变/switchgear/并网/许可导致 rent commencement 后移；0-1MW record 需求回落；客户把企业推理需求留在 hyperscaler 内部；高 utilities pass-through 抬高收入但稀释 margin；资本市场窗口收窄使开发资金成本上升,分析报告/公司评估/DLR_Digital_Realty_收入传导估值评估_2026-06-01.md
37,IESC,IES Holdings,机电_冷却_工程_水处理_边缘工业AI,36.7264,重点候选,17.5317,72.9083,54.5000,39.5909,2026-06-01,674.07,$13.43B,13.430000,36.010000,,3.700000,12.520000,27.850000,18.720000,71.100000,72.700000,71.900000,-31.385000,-4.855000,13.380000,36.865000,-1.430250,2.984444,34.883117,$3.95B-$4.20B,$4.35B-$4.65B,$4.85B-$5.25B,$5.60B-$6.15B,+9%-16% vs TTM $3.63B,+20%-28%,+34%-45%,+54%-69%,调整后 EBITDA $560M-$670M；调整后净利润 $350M-$420M,调整后净利润,2026-06-01,"日度金融快照；源名称: IES Holdings, Inc.；Forward PE缺失或不可用；缺Forward PE",基准公司情景。IESC 的 NTM 经营更像“高 backlog 工程/定制制造平台正常兑现”，而不是“AI 数据中心 TAM 直接变公司收入”。合理主口径为 NTM 收入 $4.35B-$4.65B、调整后 EBITDA $560M-$670M、调整后净利润 $350M-$420M,RPO/backlog 环比下滑或不可强制占比继续上升；C&I backlog 长期不转收入；Infrastructure margin 因整合、质量、设备或材料问题跌破高位；Residential 继续压价；经营现金流显著低于净利润且 working capital 持续上升,分析报告/公司评估/IESC_IES_Holdings_收入传导估值评估_2026-06-01.md
38,DSCSY,DISCO,晶圆制造_前道设备,36.6844,重点候选,21.1557,69.7000,44.1000,39.8182,2026-06-01,40.44,$43.86B,43.860000,51.850000,,0.100000,11.870000,-1.410000,0.780000,,,,-31.060000,-1.510000,28.140000,63.990000,6.542500,,,"4,100-4,550","4,800-5,300","5,600-6,200","6,500-7,500",-6% 至 +4%,+10% 至 +21%,+28% 至 +42%,+49% 至 +72%,"EBITDA 约 2,070-2,430；净利润约 1,350-1,640",,2026-06-01,日度金融快照；源名称: Disco Corp.；Forward PE缺失或不可用；异常: 负EV/EBITDA(-1.41)；call: 无期权链或数据源无覆盖；put: 无期权链或数据源无覆盖；缺Forward PE,"基准偏乐观之间。以 2026-06-01 可见资料看，DISCO 的 NTM 主线不是全公司泛 AI 叙事，而是 dicing、grinding/thinning、laser saw 与 precision tools 从 HBM、CoWoS、advanced logic 和 OSAT 客户资本开支中可收入化。最可能 NTM 收入区间为 4,800-5,3…","FY2026 Q2 shipment 明显低于 1,150 亿日元或 FY2026 Q3 无法恢复；dicer/grinder IC 应用占比和 YoY 同时下滑；应收和库存上升但 sales 不跟进；FY26 1Q 的 shipment 高位不能转成后续 acceptance；power semiconductor 和成熟应用拖累扩大",分析报告/公司评估/DSCSY_DISCO_收入传导估值评估_2026-06-01.md
39,VECO,Veeco Instruments,晶圆制造_前道设备,36.6357,重点候选,16.3087,78.9917,53.9000,32.8077,2026-06-01,57.15,$3.49B,3.490000,150.410000,18.770000,5.320000,3.950000,69.420000,0.380000,76.100000,67.300000,71.700000,-41.085000,-8.995000,16.610000,39.915000,-4.120750,4.282209,31.727273,$690M-$740M,$780M-$850M,"$900M-$1,000M","$1,050M-$1,200M",较最近四季度 $655M 增长约 +5%-13%,+19%-30%,+37%-53%,+60%-83%,EBITDA 无法可靠量化；Non-GAAP 净利 $95M-$125M,调整后净利润,2026-06-01,日度金融快照；源名称: Veeco Instruments Inc.,基准公司。VECO 的 NTM 经营基准不是 Q1 年化 $633M，而是 FY2026 指引正常兑现加上 2027Q1 InP 订单开始加速，合理区间为 $780M-$850M。利润端基准为 Non-GAAP 毛利率 40%-43%、Non-GAAP 净利润 $95M-$125M，现金流为正但质量受库存、应收和验收拖累,InP 订单交付主要后移到 2027Q2 以后；Semiconductor 中国/关税/物流问题继续压制收入和毛利；Q1 的低毛利率不是短期 mix，而是全年结构问题；库存和应收继续上升，经营现金流低于收入增长,分析报告/公司评估/VECO_Veeco_Instruments_收入传导估值评估_2026-06-01.md
40,DTE,DTE Energy Company,电力_发电_能源_储能,35.1058,重点候选,15.1311,77.5250,46.9000,36.3119,2026-06-01,140.68,$29.26B,29.260000,23.100000,16.840000,1.770000,2.370000,15.920000,6.090000,27.000000,23.900000,25.450000,-36.074000,-9.285000,7.585000,27.852500,-6.711550,,,148-160 亿美元,162-172 亿美元,172-185 亿美元,185-200 亿美元,较 2026Q1 TTM 165.15 亿美元约 -10% 至 -3%,较 TTM 约 -2% 至 +4%；较 FY2025 158.14 亿美元约 +2% 至 +9%,较 TTM 约 +4% 至 +12%,较 TTM 约 +12% 至 +21%,EBITDA 无法可靠量化；operating earnings 15.9-16.6 亿美元；GAAP 净利润受非经营项影响,,2026-06-01,日度金融快照；源名称: DTE Energy Company,基准偏温和乐观。DTE 的 NTM 收入大概率在 162-172 亿美元附近，若 Oracle 初期负荷、Google 审批和 Vantage 项目均顺利，可向 172-185 亿美元乐观区间移动；operating earnings 主区间为 15.9-16.6 亿美元，乐观为 16.6-17.6 亿美元,Google 审批显著延后或条件苛刻；Oracle 施工/互联/储能或地方许可受阻；MPSC 对大负荷成本分摊更严格；数据中心客户迁址或改用 merchant/onsite power；变压器、开关设备、燃机、储能或 EPC 交付慢于计划；利率/权益融资压力压低 operating earnings 兑现,分析报告/公司评估/DTE_DTE_Energy_Company_收入传导估值评估_2026-06-01.md
41,ICHR,Ichor Holdings,晶圆制造_前道设备,35.0974,重点候选,16.8916,69.7750,59.3000,27.4755,2026-06-01,69.64,$2.43B,2.430000,,26.650000,2.530000,3.610000,94.260000,-1.480000,91.100000,86.100000,88.600000,-48.710000,-6.590000,21.200000,45.690000,-2.838500,1.786765,36.000000,$1.08B-$1.18B,$1.30B-$1.42B,$1.48B-$1.65B,$1.75B-$1.90B,较 TTM $959.3M 增长约 +13%-23%,+36%-48%,+54%-72%,+82%-98%,EBITDA $95M-$125M；non-GAAP 净利润 $55M-$80M；GAAP 净利润低于 non-GAAP,调整后净利润,2026-06-01,日度金融快照；源名称: Ichor Holdings；TTM PE不适用：TTM EPS为负,基准公司情景。NTM 收入更可能落在 $1.30B-$1.42B，明显高于 2025 和当前 TTM，但这主要是 WFE 上行周期、Q2 指引和客户交付节奏改善的兑现，不是 Ichor 拥有 AI 数据中心直接产品,Q2 收入低于 $290M 或 Q3 指引不再增长；库存继续增加但收入不涨；non-GAAP GM 停留在 13% 以下；Lam/Applied 客户排产后移；出口管制或关税改变客户订单节奏,分析报告/公司评估/ICHR_Ichor_Holdings_收入传导估值评估_2026-06-01.md
42,RYCEY,Rolls-Royce Holdings,电力_发电_能源_储能,35.0534,重点候选,15.0568,75.7000,45.7500,41.7063,2026-06-01,17.18,$142.52B,142.520000,18.470000,31.640000,6.720000,39.060000,32.300000,0.930000,,,,-28.360000,-10.360000,4.940000,22.240000,-6.875000,5.963180,,£22.0B-£22.8B,£23.5B-£24.3B,£24.8B-£26.0B,£26.5B-£28.0B,较 2025 underlying revenue +10%-14%，但低于 NTM consensus roll-forward,较 2025 +17%-21%；约等于 FY2026/FY2027 consensus 的滚动中位,较 2025 +24%-30%,较 2025 +32%-40%,underlying operating profit £4.25B-£4.50B；净利润无法可靠量化,,2026-06-01,日度金融快照；源名称: Rolls Royce Holdings plc；call: 无期权链或数据源无覆盖；put: 无期权链或数据源无覆盖,基准公司。NTM revenue £23.5B-£24.3B，underlying operating profit £4.25B-£4.50B，FCF £3.9B-£4.2B。这代表 2026 指引正常兑现并向 FY2027 consensus 平滑过渡，不需要假设 SMR 大规模商业化，也不需要把 AI 数据中心全部 capex 直接映射成 Rolls…,large EFH 低于 115% of 2019、shop visits 后移、AOG 或 durability 成本重现；Power Systems £7.3B backlog 不能按期转收入或项目 margin 低于预期；supply-chain cash impact 超过 £200M；Defence 政府验收后移,分析报告/公司评估/RYCEY_Rolls-Royce_Holdings_收入传导估值评估_2026-06-01.md
43,PLAB,Photronics,封测_检测_计量_光罩,34.9021,重点候选,16.9232,73.6083,46.9000,33.0350,2026-06-01,31.79,$1.87B,1.870000,11.730000,15.700000,2.180000,1.520000,6.190000,2.710000,87.800000,71.000000,79.400000,-40.760000,-11.280000,18.580000,58.140000,-2.769000,,,7.80-8.40 亿美元,8.50-9.10 亿美元,9.50-10.5 亿美元,11.2-13.0 亿美元,较 TTM -9% 至 -2%,较 TTM -1% 至 +6%,较 TTM +10% 至 +22%,较 TTM +30% 至 +51%,EBITDA 未披露，无法可靠量化；归母净利约 1.05-1.35 亿美元,,2026-06-01,"日度金融快照；源名称: Photronics, Inc.",基准公司情景。PLAB 的 NTM 收入最可能落在 8.50-9.10 亿美元，本质是 Q3 指引持平、FY2026 Q4-FY2027 Q2 温和修复，高端 IC 不再继续恶化，FPD high-end 维持较强，先进封装/硅光/AI-grade masks 作为高端 mix 的小比例贡献，而不是独立大收入线,"Q3后收入仍停留在 2.1 亿美元/季附近或下滑；IC high-end 低于 5,500 万美元/季持续两个季度；毛利率低于 32%且 OPM 低于 18%；FY2026 capex执行继续上升但订单释放延迟；FPD high-end订单回落",分析报告/公司评估/PLAB_Photronics_收入传导估值评估_2026-06-01.md
44,WOLF,Wolfspeed,配电_电源_功率器件,34.8082,重点候选,24.5703,51.7000,52.1500,31.4108,2026-06-01,52.30,$2.53B,2.530000,,-10.460000,3.550000,2.280000,-12.930000,-13.280000,136.600000,127.300000,131.950000,-43.082500,1.007500,44.060000,112.027500,14.054625,3.489655,19.461538,$560M-$650M,$670M-$780M,$820M-$1.00B,$1.05B-$1.30B,相对 FY26 粗略 $665M 为 -16% 至 -2%；相对 Q3 年化 $601M 为 -7% 至 +8%,相对 FY26 粗略为 +1% 至 +17%；相对 Q3 年化为 +11% 至 +30%,相对 FY26 粗略为 +23% 至 +50%；相对 Q3 年化为 +36% 至 +66%,相对 FY26 粗略为 +58% 至 +95%；相对 Q3 年化为 +75% 至 +116%,Adj. EBITDA -$180M 至 -$80M；净亏损仍大,EBITDA,2026-06-01,"日度金融快照；源名称: Wolfspeed, Inc.；TTM PE不适用：TTM EPS为负；异常: Forward PE为负(-10.46)；异常: 负EV/EBITDA(-12.93)",基准公司情景。Wolfspeed NTM 更像“重整后低位修复 + AI PSU 小基数增长 + Materials 企稳尝试”，而不是全公司收入爆发。可确认收入主锚仍是 Power Products 和 Materials Products 两个 A 级分部；AI PSU 可以进入基准，但只能按小比例和保守区间纳入,FY26 Q4 实际低于 $140M；FY27 初 Power Products 继续低于 $100M/季；Materials 跌破 $45M/季；non-GAAP GM 仍低于 -20%；OCF 连续多个季度接近 -$80M 或更差；客户 second sourcing 加剧,分析报告/公司评估/WOLF_Wolfspeed_收入传导估值评估_2026-06-01.md
45,TSM,台积电,晶圆制造_前道设备,34.6769,重点候选,13.6700,79.7000,44.9000,37.8741,2026-06-01,439.27,$2.28T,2280.000000,37.640000,22.510000,0.560000,97.220000,3.010000,11.670000,51.000000,47.000000,49.000000,-33.840000,-15.060000,3.740000,26.840000,-9.926000,13.333333,27.469880,US$153B-US$160B,US$168B-US$174B,US$182B-US$190B,US$198B-US$210B,约 +15%-21% vs 2025Q2-2026Q1,约 +27%-31% vs 2025Q2-2026Q1,约 +37%-43% vs 2025Q2-2026Q1,约 +49%-58% vs 2025Q2-2026Q1,净利润约 US$79B-US$87B；EBITDA 未披露，无法可靠量化,净利润,2026-06-01,日度金融快照；源名称: Taiwan Semiconductor Manufactur,基准偏乐观之间，但正式经营主口径应落在基准公司情景，即 NTM 收入 US$168B-US$174B、毛利率 64%-67%、经营利润率 55%-59%、净利润约 US$79B-US$87B。这个情景不是“AI 题材外推”，而是由 Q1 actual、Q2 guide、FY2026 above 30%、HPC 61%、N3/N5 结构和 1-4 月收入共同…,AI capex ROI 或电力/上电节奏放慢；CoWoS/HBM/基板错配导致 wafer 已有需求无法按期确认；N2 和海外 fab 折旧稀释超出指引；成熟节点利用率下行；客户第二来源比预期更快影响高端封装或 future node allocation,分析报告/公司评估/TSM_台积电_收入传导估值评估_2026-06-01.md
46,SIMO,Silicon Motion Technology,AI服务器_存储_EMS,34.1585,重点候选,15.7589,70.2000,52.9500,31.6364,2026-06-01,274.67,$9.31B,9.310000,54.500000,28.400000,8.780000,10.210000,222.030000,5.040000,100.900000,84.700000,92.800000,-42.760000,-8.800000,11.870000,42.140000,-5.330500,5.320000,23.421384,$1.45B-$1.58B,$1.68B-$1.82B,$1.95B-$2.15B,$2.25B-$2.55B,较 TTM $1.061B 增加约 $0.39B-$0.52B，约 +37%-49%,较 TTM 增加约 $0.62B-$0.76B，约 +58%-72%,较 TTM 增加约 $0.89B-$1.09B，约 +84%-103%,较 TTM 增加约 $1.19B-$1.49B，约 +112%-140%,EBITDA 无法可靠量化；Non-GAAP 经营利润约 $365M-$430M，净利润约 $295M-$350M,调整后净利润,2026-06-01,日度金融快照；源名称: Silicon Motion Technology Corpo；异常: EV/EBITDA过高(222.03),基准偏乐观，但不是无条件极度乐观。SIMO 的 NTM 收入最可能落在 $1.68B-$1.82B，若 Q3/Q4 MonTitan、boot drive 和 Ferri 同时加速，则有机会进入 $1.95B-$2.15B。这一判断的核心不是 AI storage TAM，而是 2026Q2 指引、Q1 已确认收入、current backlog、MonT…,Q2 只能接近指引下限且 Q3 未继续环比增长；MonTitan CSP ramp 推迟到 2027；boot drive 仍主要停留在单客户/单平台；库存继续上升而收入未同步增长；毛利率回落到 48%以下,分析报告/公司评估/SIMO_Silicon_Motion_Technology_收入传导估值评估_2026-06-01.md
47,MIELY,三菱电机 Mitsubishi Electric,配电_电源_功率器件,34.0280,重点候选,16.3710,68.9750,44.1000,41.1643,2026-06-01,77.15,$78.94B,78.940000,30.980000,,0.010000,2.810000,-0.080000,2.490000,,,,-29.135000,-8.755000,9.940000,32.980000,-3.983750,,,"5,950-6,050","6,150-6,250","6,350-6,500","6,700-7,000",+0.9% 至 +2.6%,+4.3% 至 +6.0%,+7.7% 至 +10.3%,+13.7% 至 +18.7%,EBITDA 未披露；净利润 460-485，接近 475 指引,,2026-06-01,日度金融快照；源名称: Mitsubishi Electric Corp.；Forward PE缺失或不可用；异常: 负EV/EBITDA(-0.08)；call: 无期权链或数据源无覆盖；put: 无期权链或数据源无覆盖；缺Forward PE,"基准公司。NTM/FY2027 更像“综合电机集团利润率修复 + 防务/FA/Life 正常兑现 + 数据中心子业务稳步增长”，而不是 AI 数据中心收入突然主导公司增长。公司基准收入应接近 6,200，调整后营业利润接近 590，净利润接近 475",FY2027 H1 收入低于指引节奏；FA 订单从 +30% 明显回落；S&D 光器件增长被功率模块/价格拖累；数据中心电源或 IT Cooling 项目延迟；Life 或 Auto 利润率改善失败；合同资产和库存上升但经营现金流未跟上,分析报告/公司评估/MIELY_三菱电机_Mitsubishi_Electric_收入传导估值评估_2026-06-01.md
48,NOK,诺基亚,AI网络_光互联_连接器,33.7460,重点候选,16.3136,72.2000,42.7000,33.3846,2026-06-01,16.40,$91.53B,91.530000,102.470000,33.620000,4.580000,3.730000,31.760000,0.160000,87.100000,88.900000,88.000000,-40.260000,-10.110000,15.790000,45.440000,-4.110000,,,€19.7-20.4B,€21.0-21.6B,€22.1-23.0B,€23.6-24.8B,约 -2% 至 +2%，对比推算 LTM ~€20.0B,约 +5% 至 +8%,约 +10% 至 +15%,约 +18% 至 +24%,EBITDA 未披露；comparable operating profit €2.3-2.55B；净利润无法可靠量化,,2026-06-01,日度金融快照；源名称: Nokia Corporation Sponsored,基准偏乐观。Nokia 的 NTM 经营主线不是“全公司变成纯 AI 网络股”，而是 Optical Networks + IP Networks 在 AI/cloud 订单牵引下高于集团平均增长，同时 Radio Networks 和 Fixed Networks 限制集团表观弹性。基准 NTM 收入 €21.0-21.6B、comparable ope…,AI & Cloud 订单从 €1B Q1 高点明显回落；Optical/IP 指引无法兑现；客户数据中心上电或 line system 验收递延；RAN 或 Fixed 明显低于稳定预期；NI 毛利率因扩产、低毛利 pluggables 或价格竞争下滑,分析报告/公司评估/NOK_诺基亚_收入传导估值评估_2026-06-01.md
49,GOOGL,Alphabet Inc,云算力_IDC_AI软件平台,33.6909,重点候选,12.9522,81.1500,40.0000,35.1413,2026-06-01,378.04,$4.58T,4580.000000,28.810000,26.080000,10.840000,9.570000,28.370000,13.120000,32.100000,30.700000,31.400000,-37.748000,-13.410000,-0.320000,21.590000,-11.505100,8.893204,31.805556,$455B-$490B,$500B-$530B,$540B-$585B,$600B-$660B,相对 TTM $422.5B 增加 $33B-$67B，约 +8%-16%,增加 $78B-$108B，约 +18%-25%,增加 $118B-$163B，约 +28%-38%,增加 $178B-$238B，约 +42%-56%,经营利润 $160B-$186B；正常化净利润 $132B-$156B,净利润,2026-06-01,日度金融快照；源名称: Alphabet Inc.,基准公司情景。NTM 收入更可能落在 $500B-$530B，公司绝对收入增量主要来自 Google Cloud $100B-$115B 的 NTM 收入贡献、Search & other $265B-$300B 的高利润现金牛延续，以及 subscriptions/platforms/devices $55B-$65B 的 AI subscription…,Cloud backlog 转收入慢于 just-over-50%/24-month 的当前路径；AI capex 造成折旧/能源/利用率压力，Cloud OPM 回落到 20% 多；Search AI answer 增加使用但削弱广告点击或监管限制默认入口；2026/2027 CapEx 和 commitments 继续上升但 FCF 不改善,分析报告/公司评估/GOOGL_Alphabet_Inc_收入传导估值评估_2026-06-01.md
50,SNDK,SanDisk,AI服务器_存储_EMS,33.6250,重点候选,15.0694,67.9917,57.8000,28.6469,2026-06-01,1753.74,$259.71B,259.710000,59.810000,9.990000,19.700000,25.410000,43.940000,29.320000,100.200000,96.000000,98.100000,-47.035000,-3.531667,6.250000,25.865000,-6.847250,7.638529,13.318462,$26B-$30B,$32B-$36B,$42B-$50B,$58B-$68B,较最新 TTM $13.184B 约 +97%-128%；但低于 Q4 指引 annualized $32B,较最新 TTM 约 +143%-173%；较 FY2026 Q4 annualized 约持平到 +13%,较最新 TTM 约 +219%-279%；较基准 midpoint 高约 $10B-$15B,较最新 TTM 约 +340%-416%；较基准 midpoint 高约 $24B-$34B,EBITDA 无法可靠量化；non-GAAP 净利润约 $17B-$22B,调整后净利润,2026-06-01,日度金融快照；源名称: Sandisk Corporation,基准公司情景。SanDisk NTM 收入最可能落在 $32B-$36B，显著高于最新 TTM，但主要因为 FY2026 Q4 指引和 Q3/Q4 run-rate 已经跳升，而不是因为把 AI 存储 TAM 直接映射成公司收入。利润率最可能维持高位但低于极度乐观，基准 gross margin 为 72%-80%，non-GAAP 净利润约 $17B-$…,Q4 后收入无法维持 $8B 附近单季 run-rate；DC eSSD 收入低于 $1.5B-$2.0B 单季区间；RPO 12 个月确认比例下降；gross margin 快速跌破 65%；库存/price protection/客户延迟导致 cash conversion 恶化,分析报告/公司评估/SNDK_SanDisk_收入传导估值评估_2026-06-01.md
51,ABBNY,ABB Ltd,配电_电源_功率器件,33.3449,观察/择时,13.1545,75.7000,42.7000,39.0490,2026-06-01,107.15,$194.50B,194.500000,40.280000,31.470000,5.630000,52.680000,28.190000,2.660000,,,,-32.160000,-14.510000,0.790000,17.040000,-11.060000,,,34.5-36.0B,37.0-38.8B,39.5-42.0B,43.0-47.0B,相对 LTM 34.57B 为 0%-4%；低于 FY2026 指引路径,相对 LTM +7%-12%,相对 LTM +14%-21%,相对 LTM +24%-36%,Operational EBITA 7.2-7.8B；继续经营净利约 5.0-5.6B,,2026-06-01,日度金融快照；源名称: ABB Ltd.；call: 无期权链或数据源无覆盖；put: 无期权链或数据源无覆盖,基准。ABB NTM 继续经营收入最可能在 37.0-38.8B，Operational EBITA 约 7.2-7.8B，经营利润率 19.4%-20.2%。这代表公司 2026 指引、Q1 backlog 和三大继续经营业务正常兑现；不是把 AI 数据中心行业订单池直接外推为 ABB 收入,数据中心项目出现大规模并网/许可延后；EL backlog 不再增长或 book-to-bill 回落到接近 1；Q2/Q3 margin 明显低于公司改善目标；Motion/Automation 订单转弱；客户用价格竞争把系统包压成低毛利 pass-through,分析报告/公司评估/ABBNY_ABB_Ltd_收入传导估值评估_2026-06-01.md
52,BABA,Alibaba 阿里巴巴,云算力_IDC_AI软件平台,32.9759,观察/择时,13.2702,79.7000,37.6000,32.5524,2026-06-01,126.05,$302.41B,302.410000,19.450000,13.660000,0.300000,1.870000,21.340000,6.480000,38.800000,45.200000,42.000000,-41.450000,-16.510000,6.040000,34.040000,-10.805500,,,RMB1.01-1.06T,RMB1.105-1.160T,RMB1.20-1.28T,RMB1.33-1.47T,-1% 至 +4%,+8% 至 +13%,+17% 至 +25%,+30% 至 +44%,调整 EBITDA RMB130-165B；非 GAAP 净利润 RMB65-90B,净利润,2026-06-01,日度金融快照；源名称: Alibaba Group Holding Limited,基准情景。NTM 收入最可能落在 RMB1.105-1.160T，较 FY2026 +8% 至 +13%；经营利润更可能是“低位修复”而非立即回到 FY2025 高利润率，调整 EBITDA 约 RMB130-165B，非 GAAP 净利润约 RMB65-90B，自由现金流仍可能为负但较 FY2026 改善,Cloud 总收入增速跌破 +25%，AI-related revenue 占比停滞或价格战抵消量增；MaaS ARR 低于 RMB25B；Cloud margin 无法提升；quick commerce 补贴战拉长；All others loss 持续接近或超过 Q4 年化高位；FCF 继续大额流出,分析报告/公司评估/BABA_Alibaba_阿里巴巴_收入传导估值评估_2026-06-01.md
53,ENTG,Entegris,半导体材料_化学品_基板,32.7115,观察/择时,12.8542,78.5750,38.5500,33.4371,2026-06-01,136.80,$20.84B,20.840000,79.080000,29.590000,6.440000,5.260000,27.800000,1.730000,77.500000,67.900000,72.700000,-40.185000,-18.695000,6.310000,31.515000,-11.720750,5.979914,50.829268,$3.15B-$3.30B,$3.42B-$3.55B,$3.65B-$3.85B,$3.95B-$4.20B,约 -3% 到 +2%，相对近四季 $3.235B,约 +6%-10%,约 +13%-19%,约 +22%-30%,调整后 EBITDA $0.94B-$1.02B；GAAP 净利润 $0.36B-$0.46B,净利润,2026-06-01,"日度金融快照；源名称: Entegris, Inc.",基准公司情景。NTM 收入更可能落在 $3.42B-$3.55B，相对近四季收入约 +6%-10%。核心不是“AI 数据中心直接收入”，而是 AI/HBM/先进节点把晶圆制造和先进封装的污染控制、CMP、前驱体、选择性清洗、FOUP 和高纯流体规格提高，进而通过已可见的 MS/APS 分部收入和 Q2/Q3 可见度传导,Q2 低于或接近指引低端；Q3 顺序增长不成立；液体过滤 record 停止；MS 利润率仍被 plant performance 和 price/mix 拖累；China/关税导致订单推迟；KSP 或 Colorado 稀释扩大；客户 capex 项目推迟使 FOUP/gas/fluid management 订单后移,分析报告/公司评估/ENTG_Entegris_收入传导估值评估_2026-06-01.md
54,MSFT,微软,云算力_IDC_AI软件平台,32.6415,观察/择时,12.4188,77.5250,38.5000,37.5063,2026-06-01,463.07,$3.44T,3440.000000,27.580000,23.950000,10.810000,8.300000,18.390000,16.790000,32.600000,33.500000,33.050000,-34.366000,-15.010000,-1.405000,13.002500,-12.678700,,,"3,400-3,500 亿美元","3,600-3,700 亿美元","3,750-3,900 亿美元","4,000-4,250 亿美元","较 TTM 3,182.7 亿美元约 +7%-10%",较 TTM 约 +13%-16%,较 TTM 约 +18%-23%,较 TTM 约 +26%-34%,"经营利润约 1,640-1,720 亿美元；净利润维持增长但受 OpenAI/租赁利息扰动",,2026-06-01,日度金融快照；源名称: Microsoft Corporation,"基准。微软 NTM 收入最可能落在 3,600-3,700 亿美元，较截至 FY2026 Q3 的 TTM 收入约 +13%-16%；经营利润率大概率维持 45.5%-46.5%，即经营利润继续增长但利润率不因 AI 收入增长自动扩张","Azure capacity 上线慢于计划；OpenAI 或其他模型客户实际使用/付款节奏弱于 RPO；M365 Copilot seat 增长不转为高活跃 usage；GitHub/Security usage-based pricing 受阻；Cloud GM 低于 64% 后继续下滑；calendar 2026 CapEx 超出 1,900 亿美元且…",分析报告/公司评估/MSFT_微软_收入传导估值评估_2026-06-01.md
55,ACMR,ACM Research,晶圆制造_前道设备,32.5737,观察/择时,14.3280,68.8042,48.2000,32.9038,2026-06-01,82.25,$5.68B,5.680000,62.790000,36.500000,5.920000,3.440000,38.280000,1.310000,95.900000,96.400000,96.150000,-40.947500,-13.017500,7.805000,36.177500,-8.478375,4.674897,,$1.02B-$1.10B,$1.18B-$1.25B,$1.30B-$1.42B,$1.50B-$1.65B,较 TTM $960.2M 增长约 +6%-15%,较 TTM 增长约 +23%-30%,较 TTM 增长约 +35%-48%,较 TTM 增长约 +56%-72%,Adj. EBITDA 无法可靠量化；归母净利约 $100M-$140M,,2026-06-01,"日度金融快照；源名称: ACM Research, Inc.",基准。ACMR 的 NTM 经营最可能表现为收入继续高于 TTM、接近当前 FY2026 指引和公开一致预期，ECP/先进封装贡献提高，清洗业务从 Q1 低点恢复但不自动重新高增。NTM 收入合理区间为 $1.18B-$1.25B，毛利率 43.5%-46.5%，经营利润率 13%-16%,2026Q2-Q3 任一季度收入低于 $260M-$270M 且没有明确季节性解释；GM 低于 42%；存货、应收继续上升但 deferred revenue/customer advances 下滑；shipments 高而 revenue 不转；清洗继续同比下滑且 ECP/AP 不能抵消；贸易政策导致交付或零部件受限,分析报告/公司评估/ACMR_ACM_Research_收入传导估值评估_2026-06-01.md
56,VRT,Vertiv,机电_冷却_工程_水处理_边缘工业AI,31.8827,观察/择时,12.8270,79.7000,35.5000,26.7892,2026-06-01,324.49,$124.64B,124.640000,81.530000,36.720000,11.490000,31.490000,51.210000,3.980000,69.500000,66.000000,67.750000,-49.691480,-19.847500,1.565000,66.977500,-11.780671,8.337124,43.733333,$12.8B-$13.6B,$14.6B-$15.3B,$15.8B-$17.2B,$18.0B-$20.0B,约低个位数到中高个位数，低于 FY2026 指引中点隐含 NTM 运行速度,约 +20%-30% 的 NTM run-rate 改善，接近 FY2026 指引剩余季度加 Q1 2027 正常增长,约 +30%-45%，明显高于当前 FY2026 指引和正常 Q1 2027 季节性,约 +50%+ 的 NTM 上限路径,Adjusted operating profit $3.45B-$3.75B；EBITDA 约 $3.9B-$4.3B；adjusted net income 约 $2.7B-$3.0B，为研究估算,调整后净利润,2026-06-01,"日度金融快照；源名称: Vertiv Holdings, LLC",基准偏乐观，但仍应以基准处理。VRT 的 NTM 最可能收入区间为 $14.6B-$15.3B，adjusted operating profit 约 $3.45B-$3.75B，经营利润率约 23.5%-24.5%。这表示当前 FY2026 指引、Q4 2025 backlog、Q1 2026 deferred revenue、服务增长和 AI 数据中心…,Q2/Q3 只达指引低端或下修；Q1 后 orders/backlog 继续不披露且 deferred revenue 下滑；Americas 增速显著放缓；EMEA 继续大幅负增长；服务增速回落；液冷项目因漏液、标准、现场调试或客户自研而延后；固定价合同、关税、铜钢电芯和功率器件成本压低毛利率,分析报告/公司评估/VRT_Vertiv_收入传导估值评估_2026-06-01.md
57,ASML,ASML Holding NV,晶圆制造_前道设备,31.6881,观察/择时,14.3137,79.7000,22.9000,33.0455,2026-06-01,1631.20,$628.69B,628.690000,54.370000,34.040000,18.660000,1443.330000,48.480000,30.000000,54.000000,50.200000,52.100000,-40.745000,-14.625000,9.740000,37.855000,-8.509750,,,EUR 35.5-37.5B,EUR 39.0-41.5B,EUR 42.5-45.5B,EUR 47.0-50.0B,相对 2025 收入 EUR 32.667B 增长约 +9% 至 +15%；相对 Q1 2026 年化大体持平到小增,相对 2025 增长约 +19% 至 +27%；相对 FY2026 指引中点正常兑现并包含 2027Q1,相对 2025 增长约 +30% 至 +39%,相对 2025 增长约 +44% 至 +53%,EBITDA 无法可靠量化；净利润约 EUR 11.6-13.1B,净利润,2026-06-01,日度金融快照；源名称: ASML Holding N.V. - New York Re,基准偏上。ASML NTM 最可能收入为 EUR 39.0-41.5B，经营利润率约 35.0-38.0%。这代表 2026 指引和 Q1/Q2 run-rate 正常兑现，并把 2027Q1 的 Low-NA/IBM 延续纳入 NTM，但没有把 High-NA 远期放量提前进入基准,Q2/Q3 订单或收入低于指引路径，出口许可扩大影响 DUV/服务，中国收入下降不能被韩国/台湾/美国弥补，客户 fab/cleanroom 或 site acceptance 后移，High-NA 客户资格认证慢于预期,分析报告/公司评估/ASML_ASML_Holding_NV_收入传导估值评估_2026-06-01.md
58,ATKR,Atkore,配电_电源_功率器件,31.6206,观察/择时,12.0016,77.5250,37.6000,30.7622,2026-06-01,82.55,$2.79B,2.790000,,13.420000,0.970000,2.180000,11.430000,-3.590000,52.700000,56.100000,54.400000,-44.010000,-19.180000,2.730000,31.540000,-13.596500,,,27.5-29.0 亿美元,30.0-31.5 亿美元,32.0-34.0 亿美元,35.5-38.5 亿美元,约 -4% 至 +1% vs 当前 TTM,约 +4% 至 +10% vs 当前 TTM,约 +11% 至 +18% vs 当前 TTM,约 +24% 至 +34% vs 当前 TTM,调整后 EBITDA 3.75-4.30 亿美元；正常化净利润 1.8-2.3 亿美元,净利润,2026-06-01,日度金融快照；源名称: Atkore Inc.；TTM PE不适用：TTM EPS为负,基准公司情景。Atkore 的 NTM 最合理经营路径是从 FY2026 的低利润 trough 向正常化修复：收入约 30.0-31.5 亿美元，调整后 EBITDA 约 3.75-4.30 亿美元。AI 数据中心需求可以帮助 volume 和 mix，但当前证据不足以把基准写成高双位数收入增长或高利润率扩张,Q3 未能高于 Q2 或 Q4 未能继续改善；Electrical volume 转弱；S&I margin 继续低于 10%；PVC/steel 价格继续下行且无法传导；AI/DC 项目因电力并网、主设备、GPU 或融资延迟而推迟采购；settlement 和营运资本导致 FCF 持续为负,分析报告/公司评估/ATKR_Atkore_收入传导估值评估_2026-06-01.md
59,POWL,Powell Industries,配电_电源_功率器件,31.5695,观察/择时,17.4592,74.0750,23.2500,26.4790,2026-06-01,289.35,$10.54B,10.540000,56.510000,42.090000,9.310000,15.760000,42.350000,5.120000,77.300000,89.700000,83.500000,-50.135000,-11.435000,23.830000,76.255000,-1.589750,,,$1.15-1.25B,$1.35-1.50B,$1.60-1.80B,$2.05-2.30B,约 +2% 至 +10% vs TTM $1.13B,约 +19% 至 +33%,约 +41% 至 +59%,约 +81% 至 +103%,EBITDA $260-315M / 净利润 $205-245M,净利润,2026-06-01,"日度金融快照；源名称: Powell Industries, Inc.",基准公司情景。Powell 的 NTM 经营主线不是“行业 TAM 很大”，而是 $1.8B backlog、约 $1.1B 未来 12 个月可确认 backlog、Q2/H1 高 bookings 和季后 $400M+ data center order 能否按工程节点变成收入。合理基准为 NTM 收入 $1.35-1.50B，GM 29-30.5%，经…,$400M+ 订单 burn 低于预期或后续 phase 延后；BTM 发电、燃气、排放、并网或客户融资出现限制；固定价合同受到铜/钢/铝、工程件、人工和关税冲击；project closeout 正贡献消失；Petrochemical/Oil & Gas 的周期下滑抵消 data center 增长,分析报告/公司评估/POWL_Powell_Industries_收入传导估值评估_2026-06-01.md
60,COHU,Cohu Inc,封测_检测_计量_光罩,31.5201,观察/择时,12.5093,73.5042,47.3000,23.2010,2026-06-01,53.85,$2.54B,2.540000,,36.950000,5.280000,3.300000,-1962.830000,-1.190000,78.400000,80.900000,79.650000,-54.822500,-17.392500,9.605000,39.102500,-12.479625,4.268908,44.173913,$510M-$555M,$575M-$615M,$640M-$715M,$760M-$850M,+6%-15% vs TTM,+19%-28% vs TTM,+33%-49% vs TTM,+58%-77% vs TTM,Adj. EBITDA 约 $45M-$70M；non-GAAP 盈利恢复，GAAP 近 breakeven 到小亏,EBITDA,2026-06-01,"日度金融快照；源名称: Cohu, Inc.；TTM PE不适用：TTM EPS为负；异常: 负EV/EBITDA(-1962.83)",基准偏乐观。NTM 公司收入主口径为 $575M-$615M；如果 Q3/Q4 guide 连续上修且 HPC revenue 跑到 FY2026 outlook 高端，情景可向 $640M-$715M 乐观区间移动,Q2 落在指引下沿且 Q3 未加速；$30M Eclipse orders 交付延迟或没有后续订单；Neon HBM 低于 $20M FY2026 outlook；systems ramp 拉低 gross margin 到 42%-43%；inventory/receivables 明显吞噬经营现金流,分析报告/公司评估/COHU_Cohu_Inc_收入传导估值评估_2026-06-01.md
61,IMOS,ChipMOS Technologies 南茂科技,封测_检测_计量_光罩,31.4088,观察/择时,15.6350,73.6500,29.9000,27.1958,2026-06-01,67.49,$2.35B,2.350000,84.360000,66.820000,0.090000,3.040000,8.260000,0.800000,79.300000,,79.300000,-49.110000,-14.925000,19.645000,60.240000,-5.603000,,,NT$25.5-27.5B；约 US$0.80-0.86B,NT$29.0-31.5B；约 US$0.91-0.99B,NT$33.5-37.5B；约 US$1.05-1.18B,NT$39.5-45.0B；约 US$1.24-1.42B,较 FY2025 +7% 至 +15%；较 Q1 年化 -8% 至 -1%,较 FY2025 +21% 至 +32%；较 Q1 年化 +5% 至 +14%,较 FY2025 +40% 至 +57%；较 Q1 年化 +21% 至 +35%,较 FY2025 +65% 至 +88%；较 Q1 年化 +42% 至 +62%,EBITDA NT$7.2-8.4B；净利润 NT$2.1-3.0B,净利润,2026-06-01,日度金融快照；源名称: ChipMOS TECHNOLOGIES INC.；put: 无干净近ATM合约：零报价/价差过宽/IV异常/流动性过低,基准公司情景。NTM 收入最可能落在 NT$29.0-31.5B，相对 FY2025 增长 +21% 至 +32%，核心来自 Flash、DRAM/SRAM 和 memory mix 正常兑现；DDIC 稳定但不是增长主线；Mixed-signal 的现有收入进入基准，AI ASIC support 不进入基准,2026 年 5-8 月月度收入跌破 NT$2.1B 或连续低于 2026Q1 run-rate；memory 占比跌回 45% 以下；毛利率低于 12%；DDIC 补库存失败且 gold bump 利用率回落；FX 或营运资本让净利/FCF 明显低于营业利润,分析报告/公司评估/IMOS_ChipMOS_Technologies_南茂科技_收入传导估值评估_2026-06-01.md
62,KEYS,Keysight Technologies,封测_检测_计量_光罩,31.2545,观察/择时,12.8993,79.7000,26.7500,31.4839,2026-06-01,328.30,$56.05B,56.050000,52.700000,27.690000,9.210000,8.870000,38.240000,6.230000,49.900000,49.900000,49.900000,-42.978000,-17.620000,6.070000,33.855000,-11.621600,,,6.25-6.70B,6.85-7.35B,7.50-8.10B,8.30-9.00B,约 +3% 至 +10% vs TTM，但低于当前 Q2/Q3 年化 run-rate,约 +13% 至 +21% vs TTM,约 +23% 至 +33% vs TTM,约 +36% 至 +48% vs TTM,EBITDA 无法可靠量化；non-GAAP 净利润约 1.75-2.15B,调整后净利润,2026-06-01,日度金融快照；源名称: Keysight Technologies Inc.,基准偏上，NTM 公司收入大概率落在 6.85-7.35B，更靠近区间中上部需要 Q3/Q4 订单保持高于 1.75B 季度 run-rate，并且 Commercial Communications 的强度不只是单季拉货。利润/现金流结论是：高端商通、软件/服务和应用工程支撑利润率，但 Q2 的 74% CSG 毛利率不能机械外推到全公司全年,Commercial Communications 环比走弱且 Q3/Q4 订单低于收入；AI 光互连/高速互连客户把生产测试扩容推迟；Spirent 整合和监管剥离影响协同；EISG 汽车/工业电子复苏反复；高端仪器交付或应用工程成为收入确认瓶颈,分析报告/公司评估/KEYS_Keysight_Technologies_收入传导估值评估_2026-06-01.md
63,STM,STMicroelectronics,AI计算芯片_EDA_IP_custom_ASIC,31.2475,观察/择时,12.1504,77.1708,41.0000,22.5717,2026-06-01,68.71,$61.07B,61.070000,429.440000,30.810000,4.930000,3.440000,24.180000,0.160000,70.800000,70.900000,70.850000,-55.722500,-18.427500,10.450000,35.552500,-13.269125,4.140339,67.855556,$13.2B-$13.9B,$14.4B-$15.1B,$15.6B-$16.7B,$17.0B-$18.2B,较 TTM $12.38B 约 +7%-12%；较 Q2 指引年化 $13.8B 接近持平,较 TTM 约 +16%-22%；较 Q2 指引年化约 +4%-9%,较 TTM 约 +26%-35%；较 Q2 指引年化约 +13%-21%,较 TTM 约 +37%-47%；接近或超过 2023 高收入水平,净利润约 $0.7B-$1.1B；EBITDA 无法可靠量化,净利润,2026-06-01,日度金融快照；源名称: STMicroelectronics N.V.；异常: TTM PE过高(429.44),基准公司情景。NTM 收入 $14.4B-$15.1B，比 TTM 约 $12.38B 有明确恢复，主要由 RFOC/data-center、AM&S、EMP 正常恢复和 P&D 亏损收窄共同驱动。经营价值传导的关键不是“AI TAM 很大”，而是 AWS/PIC100/RFOC 是否按可确认收入进入报表，并且 P&D 不继续吞噬毛利,Q2 指引后撤或 Q3/Q4 无法继续恢复；data-center 目标不再上修或交付延迟；RFOC Q1 高增不能持续；P&D 亏损扩大；汽车/工业再去库存；个人电子项目下修；库存天数上升并压制 FCF,分析报告/公司评估/STM_STMicroelectronics_收入传导估值评估_2026-06-01.md
64,KLAC,KLA Corporation,晶圆制造_前道设备,31.0442,观察/择时,14.0203,79.7000,22.9000,28.2203,2026-06-01,1936.53,$252.96B,252.960000,54.770000,38.840000,19.320000,43.410000,43.110000,35.360000,66.500000,59.300000,62.900000,-47.645000,-16.215000,12.220000,46.155000,-9.155250,,,134-144 亿美元,154-164 亿美元,172-186 亿美元,195-215 亿美元,vs TTM +2%至+10%,vs TTM +18%至+25%,vs TTM +31%至+42%,vs TTM +49%至+64%,EBITDA 68-76 亿美元；净利润 55-62 亿美元,净利润,2026-06-01,日度金融快照；源名称: KLA Corporation,基准公司情景。KLA NTM 收入最可能在 154-164 亿美元，相对 TTM 约 +18%至+25%，核心来自 Wafer Inspection、advanced packaging process-control overlay、Services 和部分 Patterning/Reticle 修复。这个结论不是把行业增速等同为公司增速，而是建立在 Q…,KLA 后续季度收入低于 Q4 指引路径；Wafer Inspection YoY 降至低个位数或负增长；China/export-control 影响扩大；AP process-control 2026 10 亿美元目标无法兑现；服务增速跌破低双位数；毛利率因 DRAM/BOM/tariff 或低毛利 mix 持续低于 60%附近,分析报告/公司评估/KLAC_KLA_Corporation_收入传导估值评估_2026-06-01.md
65,ADBE,Adobe,云算力_IDC_AI软件平台,30.8284,观察/择时,11.1287,79.7000,33.4000,28.3164,2026-06-01,274.24,$110.85B,110.850000,15.980000,10.390000,4.530000,9.740000,10.990000,17.160000,62.000000,61.500000,61.750000,-47.507500,-23.657500,-2.045000,51.417500,-15.516875,,,25.8-26.5B 美元,27.1-27.8B 美元,28.3-29.4B 美元,30.0-31.5B 美元,相对 FY2026 指引中点约 -1% 至 +2%；相对 FY2026 Q1 run-rate 年化约 +1% 至 +4%,相对 FY2026 指引中点约 +4% 至 +7%；相对 Q1 run-rate 年化约 +6% 至 +9%,相对 FY2026 指引中点约 +9% 至 +13%；相对 Q1 run-rate 年化约 +11% 至 +15%,相对 FY2026 指引中点约 +15% 至 +21%；相对 Q1 run-rate 年化约 +17% 至 +23%,GAAP net income 7.4-8.2B 美元；non-GAAP net income 9.5-10.4B 美元,调整后净利润,2026-06-01,日度金融快照；源名称: Adobe Inc.,基准公司情景。Adobe NTM 收入最可能落在 27.1-27.8B 美元，核心不是 AI 主题本身，而是 FY2026 指引正常兑现、Q1 ARR/RPO 提供收入可见度、BPC 维持高于公司平均增速、Creative Cloud/CC Pro 正常续约、CXO/DX 企业平台继续 low-teens 附近增长，以及 Semrush 从 2026-04…,Q2/Q3 subscription 或 ARR 增速明显低于 FY2026 路径；RPO/cRPO 增速放慢；BPC 增速从 mid-teens 下滑至 high-single；standalone Stock decline 外溢到 Creative Cloud 主体；Firefly/Acrobat AI 使用量高但付费低；GenStudio/CXO …,分析报告/公司评估/ADBE_Adobe_收入传导估值评估_2026-06-01.md
66,TDY,Teledyne Technologies Incorporated,封测_检测_计量_光罩,30.7301,观察/择时,10.7489,79.7000,31.3000,32.1524,2026-06-01,607.66,$28.15B,28.150000,30.830000,23.320000,4.520000,2.670000,19.940000,19.710000,44.800000,34.900000,39.850000,-42.022000,-20.410000,-2.275000,18.052500,-16.352400,,,62.5-64.0 亿美元,65.0-66.5 亿美元,67.5-70.0 亿美元,70.5-73.5 亿美元,约 +2%-+5%，相对 FY2025；低于基准 NTM 1.0-2.5 亿美元,约 +6%-+9%；较 FY2026 管理层销售口径略高，因为包含 2027Q1,约 +10%-+14%；高于基准 1.0-4.0 亿美元,约 +15%-+20%；高于当前 NTM 预期 4.0-7.0 亿美元,EBITDA 18.2-19.3 亿美元；non-GAAP 净利润 11.3-12.0 亿美元,调整后净利润,2026-06-01,日度金融快照；源名称: Teledyne Technologies Incorpora,基准。TDY 的 NTM 经营传导不是纯 AI beta，而是“高可靠防务/传感/仪器订单积压 -> 交付验收 -> 高质量利润和现金流”的复合工业科技路径。基准收入 65.0-66.5 亿美元，non-GAAP 经营利润率 22.7%-23.4%，自由现金流 10.5-11.8 亿美元,DI B2B 回落且 backlog 不再转收入；T&M 低迷延续至 2026H2；工业机器视觉价格竞争加剧；A&D 并购整合低于预期；库存继续占用现金并压低自由现金流,分析报告/公司评估/TDY_Teledyne_Technologies_收入传导估值评估_2026-06-01.md
67,TER,Teradyne,封测_检测_计量_光罩,30.5554,观察/择时,14.1553,78.2500,22.9000,25.7797,2026-06-01,368.01,$57.61B,57.610000,68.280000,38.680000,15.210000,20.550000,50.310000,5.390000,83.500000,73.900000,78.700000,-51.135000,-17.245000,15.310000,53.015000,-8.858250,,,$3.75-4.05B,$4.25-4.65B,$4.90-5.35B,$5.65-6.25B,约 -1% 至 +7%,约 +12% 至 +23%,约 +29% 至 +41%,约 +49% 至 +65%,Non-GAAP operating profit $1.25-1.55B；净利润 $1.05-1.30B,调整后净利润,2026-06-01,"日度金融快照；源名称: Teradyne, Inc.",基准公司情景。Teradyne 在 NTM 内最可能实现 $4.25-4.65B 收入和 $1.25-1.55B non-GAAP operating profit。这个情景要求 Q2 指引正常兑现，2026H2 AI SoC/HBM 不断档，但不要求 Q1 的 $1.282B 和 37.5% non-GAAP operating margin 持续四个季度,Q2 只达低端且 Q3 指引低于 $0.9B；deferred revenue/customer advances 下降；DSO 继续上升且 FCF 弱于利润；Semiconductor Test segment margin 明显低于 Q2 指引区间；管理层确认 AI program timing 前置且 H2 新项目不足,分析报告/公司评估/TER_Teradyne_收入传导估值评估_2026-06-01.md
68,ENS,EnerSys,电力_发电_能源_储能,30.4182,观察/择时,11.1610,77.5250,33.4000,28.8217,2026-06-01,227.70,$8.32B,8.320000,29.530000,17.050000,2.220000,4.360000,15.630000,7.710000,54.300000,53.100000,53.700000,-46.785000,-21.395000,1.810000,30.865000,-15.445750,,,35.0-37.0 亿美元,38.5-40.5 亿美元,41.5-44.5 亿美元,46.5-51.0 亿美元,-7% 到 -1% vs FY2026,+3% 到 +8% vs FY2026,+11% 到 +19% vs FY2026,+24% 到 +36% vs FY2026,Adj EBITDA 6.2-6.8 亿美元；调整净利约 4.1-4.6 亿美元；GAAP 净利方向改善但受一次性项影响,EBITDA,2026-06-01,日度金融快照；源名称: EnerSys,基准公司情景。NTM 收入最可能落在 38.5-40.5 亿美元，接近 FY2027 共识 39.2 亿美元和管理层 Q1 FY2027 中个位数增长路径。经营价值传导来自三条更现实的链：Energy Systems 中通信/数据中心 TPPL 正常兑现，Motive 从低谷恢复，Specialty/A&D mix 改善；而不是数据中心锂电或 BESS 在…,FY2027 Q1/Q2 收入低于 9.15 亿美元下限或订单/book-to-bill 回落；Motive 恢复落空；数据中心项目交付延期；45X 政策/合规或 tariff/freight 让 ex 45X margin 低于 9.5%；锂电/BESS commissioning 无法转入客户验收,分析报告/公司评估/ENS_EnerSys_收入传导估值评估_2026-06-01.md
69,APD,Air Products and Chemicals,半导体材料_化学品_基板,30.1636,观察/择时,10.0491,79.7000,31.3000,30.3357,2026-06-01,278.88,$62.10B,62.100000,29.360000,19.590000,4.980000,3.970000,21.160000,9.500000,31.300000,27.200000,29.250000,-44.620000,-21.460000,-3.685000,16.102500,-17.892000,,,123-128 亿美元,130-136 亿美元,137-145 亿美元,148-158 亿美元,-1% 至 +3% vs H1 annualized run-rate / TTM 口径,+4% 至 +8%,+9% 至 +14%,+15% 至 +22%,EBITDA 48-52 亿；调整后净利润 28.5-30.5 亿,调整后净利润,2026-06-01,"日度金融快照；源名称: Air Products and Chemicals, Inc",基准。APD NTM 最可能实现 130-136 亿美元收入、EBITDA 48-52 亿美元、调整后净利润 28.5-30.5 亿美元，经营质量来自 core gas 长约、price/productivity、新资产贡献和 Electronics 稳定增长，而不是 AI 数据中心直接收入爆发,helium 价格继续显著下行；Europe/industrial demand 弱于公司 minimal-growth 假设；new assets ramp 延迟；sale of equipment 项目估计恶化；clean hydrogen/ammonia FID 或 capex 出现新的执行负面,分析报告/公司评估/APD_Air_Products_and_Chemicals_收入传导估值评估_2026-06-01.md
70,POWI,Power Integrations,配电_电源_功率器件,30.1304,观察/择时,17.3993,61.9417,32.9000,26.5664,2026-06-01,81.66,$4.55B,4.550000,272.200000,44.580000,10.200000,6.720000,88.580000,0.300000,112.600000,102.200000,107.400000,-50.010000,-12.480000,36.530000,47.640000,-1.721500,,,4.20-4.45 亿美元,4.70-5.00 亿美元,5.20-5.60 亿美元,6.00-6.50 亿美元,"较 Q1 TTM 约 -6% 至 0%；较 Q2 指引中值年化低约 2,500-5,000 万美元",较 Q1 TTM 约 +5% 至 +12%；接近或略高于 Q2 指引中值年化,"较 Q1 TTM 约 +17% 至 +26%；较 Q2 指引中值年化高约 5,000-9,000 万美元",较 Q1 TTM 约 +35% 至 +46%；较 Q2 指引中值年化高约 1.30-1.80 亿美元,"EBITDA 无公司指引，无法可靠量化；non-GAAP 经营利润约 6,000-8,000 万美元，non-GAAP 净利润约 6,000-7,500 万美元",,2026-06-01,"日度金融快照；源名称: Power Integrations, Inc.；异常: TTM PE过高(272.20)",NTM 基准为收入 4.70-5.00 亿美元，non-GAAP 毛利率 54.0%-55.5%，non-GAAP 经营利润率 13%-16%，自由现金流继续为正。这个情景的核心不是 AI 数据中心立刻放量，而是 Q2 指引兑现、工业/汽车继续强于公司均值、消费从低位修复、PowiGaN mix 温和改善和费用重组后的正常经营杠杆,Q2 指引无法兑现或 Q3 指引明显低于 Q2；分销库存重新上升、内部库存天数不降反升；Consumer/Communications 价格竞争导致毛利率低于 53%；工业/汽车 YoY 增长回落到低个位数或转负；大客户排产、关税或渠道退货使订单重排扩大,分析报告/公司评估/POWI_Power_Integrations_收入传导估值评估_2026-06-01.md
71,UMC,United Microelectronics Corporation，联华电子，NYSE: UMC,晶圆制造_前道设备,30.0591,观察/择时,13.2909,71.2750,33.4000,27.2657,2026-06-01,22.83,$57.30B,57.300000,36.250000,28.400000,0.240000,4.440000,2.120000,0.630000,86.600000,83.400000,85.000000,-49.010000,-17.010000,10.190000,41.490000,-10.760000,,,NT$245-255B,NT$270-280B,NT$285-305B,NT$310-335B,+2% 至 +6%,+12% 至 +16%,+18% 至 +27%,+29% 至 +39%,EBITDA NT$112-126B；净利润 NT$46-58B,净利润,2026-06-01,日度金融快照；源名称: United Microelectronics Corpora,基准公司情景。UMC NTM 收入最可能落在 NT$270-280B，毛利率 29.5%-31.0%，经营利润率 18.5%-20.5%。这不是 AI GPU 主 die 代工的高 beta，而是 22nm 成长、成熟特色制程修复、8 英寸 power IC 支撑和通信反弹共同形成的中高个位数到十几百分点经营增长,2Q26 收入或毛利率明显低于指引；22nm 占比停滞或回落；4 月以后的月营收不能维持 run-rate；消费/通信客户拉货在 2H26 逆转；NTD 升值或折旧使 GM 低于 29%,分析报告/公司评估/UMC_United_Microelectronics_联华电子_收入传导估值评估_2026-06-01.md
72,CC,The Chemours Company,半导体材料_化学品_基板,29.9245,观察/择时,8.2575,79.7000,37.6000,29.6084,2026-06-01,22.22,$3.34B,3.340000,,9.830000,0.570000,15.540000,12.330000,-2.730000,53.700000,65.500000,59.600000,-45.660000,-25.390000,-9.000000,9.740000,-21.833500,,,$5.55-5.85B,$6.05-6.25B,$6.35-6.70B,$6.90-7.40B,相对 TTM $5.821B约 -5%至+1%,相对 TTM 约 +4%-7%,相对 TTM 约 +9%-15%,相对 TTM 约 +19%-27%,Adj. EBITDA $840-930M；调整后净利润约 $140-240M；GAAP 净利无法可靠量化,调整后净利润,2026-06-01,日度金融快照；源名称: Chemours Company (The)；TTM PE不适用：TTM EPS为负,基准情景。Chemours NTM 收入最可能落在 $6.05-6.25B，调整后 EBITDA $840-930M。经营质量改善来自 TSS 高 margin 维持、TT 从低位修复、APM outage 后恢复，而不是 AI 两相液冷在 NTM 内大规模收入化,Opteon 需求低于 cooling season 预期或 R32 成本吞噬毛利；Freon Q1 opportunistic sales 快速消退；TT 提价被非西方市场价格和 volume 弱抵消；APM outage 余波延续；PFAS/环境现金流出或利息费用压制 FCF,分析报告/公司评估/CC_The_Chemours_Company_收入传导估值评估_2026-06-01.md
73,MMM,3M,半导体材料_化学品_基板,29.8414,观察/择时,10.0841,77.5250,31.3000,31.7063,2026-06-01,150.22,$78.35B,78.350000,28.940000,15.890000,3.130000,24.010000,13.980000,5.190000,40.000000,32.500000,36.250000,-42.660000,-21.460000,-4.385000,14.702500,-17.815000,,,247-253 亿美元,254-261 亿美元,262-270 亿美元,272-282 亿美元,约 +2% 到 +4%，以 2025 adjusted sales 为量级参照,约 +4.5% 到 +7.5%，以 2025 adjusted sales 为量级参照,约 +8% 到 +11%，以 2025 adjusted sales 为量级参照,约 +12% 到 +16%，以 2025 adjusted sales 为量级参照,EBITDA 无法可靠量化；调整后净利润约 44-47 亿美元,调整后净利润,2026-06-01,日度金融快照；源名称: 3M Company,基准公司。3M NTM 最合理主口径是 254-261 亿美元收入、调整后经营利润率 24.1%-24.6%、调整后净利润约 44-47 亿美元、自由现金流转换率维持在 100% 以上附近。收入传导路径不是“AI 数据中心需求直接变成 3M 高增长”，而是 S&I 基本盘低到中个位数增长 + Electrical/DC 电力附件 mid-teens 增长 …,Q1 订单被证明主要是价格行动前 pre-buy，Q2 订单明显回落；T&E backlog 无法转收入或被消费电子/汽车抵消；Consumer US POS 重新转弱；油价/原材料/关税成本无法完全通过价格传导；PFAS/诉讼或 transformation cash payments 超出预期并压低 FCF,分析报告/公司评估/MMM_3M_收入传导估值评估_2026-06-01.md
74,IFNNY,Infineon Technologies AG 英飞凌科技,配电_电源_功率器件,29.8316,观察/择时,12.4111,73.5250,26.7500,33.5245,2026-06-01,94.12,$122.31B,122.310000,98.040000,31.610000,8.090000,6.280000,32.490000,0.960000,,,,-40.060000,-18.670000,3.280000,28.980000,-12.695500,,,EUR 15.8-16.6bn,EUR 17.0-18.0bn,EUR 18.2-19.3bn,EUR 19.8-21.0bn,较截至 FY2026 Q2 的 TTM 约 +4% 至 +10%,约 +12% 至 +19%,约 +20% 至 +28%,约 +31% 至 +39%,Segment Result EUR 3.3-3.8bn；IFRS 净利润约 EUR 1.6-2.2bn,净利润,2026-06-01,日度金融快照；源名称: Infineon Technologies AG；call: 无期权链或数据源无覆盖；put: 无期权链或数据源无覆盖,基准公司情景。NTM 收入约 EUR 17.0-18.0bn，Segment Result margin 约 19.5-21%，Segment Result 约 EUR 3.3-3.8bn，FCF 约 EUR 1.3-1.8bn。公司不是纯 AI 算力芯片公司，但 AI 数据中心电源半导体已经是可确认收入增量，而不是单纯主题映射,AI 服务器或客户 capex 延后导致 PSS AI 电源订单推迟；多供和价格重谈压低 AI 电源利润；EV 高压组件继续超预期下滑；GIP 项目验收延迟；EUR/USD 偏离公司指引假设；扩产和整合支出压低自由现金流,分析报告/公司评估/IFNNY_Infineon_Technologies_AG_英飞凌科技_收入传导估值评估_2026-06-01.md
75,TXN,德州仪器,AI计算芯片_EDA_IP_custom_ASIC,29.6924,观察/择时,10.5674,77.5250,27.8000,32.1084,2026-06-01,292.92,$266.58B,266.580000,50.160000,31.120000,14.460000,15.890000,33.140000,5.840000,53.200000,51.400000,52.300000,-42.085000,-23.975000,1.770000,20.115000,-16.751750,12.457009,37.812766,$19.0B-$20.0B,$20.8B-$22.0B,$22.4B-$24.2B,$25.0B-$27.0B,相对 TTM $18.438B 为 +3%-8%,+13%-19%,+21%-31%,+36%-46%,EBITDA 无法可靠量化；净利润约 $6.6B-$7.5B,净利润,2026-06-01,日度金融快照；源名称: Texas Instruments Incorporated,基准。TXN 的 NTM 收入最可能落在 $20.8B-$22.0B，净利润约 $6.6B-$7.5B。这个情景的含义不是“AI 叙事全面兑现”，而是 Q2 指引、工业复苏、数据中心 power 增长、Embedded 修复和库存消耗正常推进,Q2 后 turns order 减弱；汽车中国弱势扩散到全球汽车；工业客户补库存结束但终端需求未跟上；AI/DC power 订单被客户推迟或被 MPS/Vicor/Infineon/ADI/Renesas 等竞争者抢占；价格重谈失败且 OSAT/后端成本上升,分析报告/公司评估/TXN_德州仪器_收入传导估值评估_2026-06-01.md
76,ST,Sensata Technologies,配电_电源_功率器件,29.4409,观察/择时,8.3045,77.5250,35.5000,32.0294,2026-06-01,49.15,$7.15B,7.150000,148.940000,12.150000,1.920000,2.500000,12.380000,0.330000,51.200000,46.600000,48.900000,-42.198000,-25.510000,-9.970000,6.815000,-21.730100,,,$3.65-3.78B,$3.85-3.98B,$4.05-4.20B,$4.30-4.55B,vs FY2025 约 -1% 至 +2%,vs FY2025 约 +4%-7%,vs FY2025 约 +9%-13%,vs FY2025 约 +16%-23%,调整后 OI $735-775M；调整后净利润约 $500-550M,调整后净利润,2026-06-01,日度金融快照；源名称: Sensata Technologies Holding pl,NTM 基准。收入约 $3.85-3.98B，调整后经营利润率 19.0%-19.5%，自由现金流约 $470-540M。这代表公司从 2025 的 divestiture/product lifecycle 管理拖累中恢复低中个位数增长，并靠 ADCE 和工业高利润率维持现金质量,Q2/Q3 收入低于指引；Automotive 需求下修且 ADCE 回补停止；Industrial 仍低个位数甚至下滑；data center 项目只停留在 pipeline；Dynapower 继续出现项目成本或减值压力,分析报告/公司评估/ST_Sensata_Technologies_收入传导估值评估_2026-06-01.md
77,ENPH,Enphase Energy,电力_发电_能源_储能,29.2988,观察/择时,13.2805,66.1292,44.8500,16.1556,2026-06-01,64.37,$8.48B,8.480000,63.730000,26.600000,6.060000,7.700000,48.510000,1.010000,98.600000,96.100000,97.350000,-64.897500,-21.327500,21.425000,64.377500,-10.782875,6.650980,38.545455,$1.00B-$1.15B,$1.20B-$1.35B,$1.40B-$1.65B,$1.75B-$2.05B,较 FY2025 $1.47B 约 -32%至-22%,较 FY2025 约 -18%至-8%,较 FY2025 约 -5%至+12%,较 FY2025 约 +19%至+39%,EBITDA $250M-$340M；non-GAAP 净利 $180M-$260M,调整后净利润,2026-06-01,"日度金融快照；源名称: Enphase Energy, Inc.",基准情景。ENPH 的 NTM 公司收入更可能在 $1.20B-$1.35B，接近当前 FY2026/FY2027 收入预期之间的低位恢复路径；non-GAAP 毛利率约 44%-47%，经营利润率约 16%-21%。这不是高增长情景，而是 Q2 指引、safe harbor、住宅需求低位、欧洲温和恢复和电池小幅改善的正常兑现,Q2 之后 safe harbor 收入回落而终端 sell-through 未恢复；电池仍在 100MWh 左右季度低位；non-GAAP GM 低于 43%；库存和应收上升导致 FCF 转弱,分析报告/公司评估/ENPH_Enphase_Energy_收入传导估值评估_2026-06-01.md
78,VIAV,VIAVI Solutions,AI网络_光互联_连接器,29.0769,观察/择时,15.0621,67.2125,26.7500,25.2850,2026-06-01,47.26,$11.66B,11.660000,,36.910000,8.540000,13.060000,54.890000,-0.250000,95.300000,94.200000,94.750000,-51.842500,-15.832500,19.200000,58.297500,-6.863375,,,$1.50-1.70B,$1.78-1.92B,$2.03-2.20B,$2.30-2.55B,-0.5%至+12.8% vs FY2026E,+18.1%至+27.4% vs FY2026E,+34.7%至+46.0% vs FY2026E,+52.6%至+69.2% vs FY2026E,非 GAAP 经营利润 $385-450M；非 GAAP 净利润约 $290-350M,净利润,2026-06-01,日度金融快照；源名称: Viavi Solutions Inc.；TTM PE不适用：TTM EPS为负,基准公司情景。NTM 收入中枢约 $1.85B，区间 $1.78-1.92B；非 GAAP 经营利润中枢约 $415M，区间 $385-450M。经营价值传导成立的主要原因是 NSE 已经从电信周期测试公司切换到数据中心 lab/production/field、Spirent HSE/CE、A&D/PNT 多驱动结构，且 OSP 仍提供高经营利润率现金牛,Q4 低于指引或 FY2027 初始指引低于 Q4 run-rate；NSE 增长被证明主要是一季并购台阶而非持续需求；Wireless/运营商测试继续下滑并吞噬增长；Spirent 或 Inertial Labs 整合成本高于预期；Q4/FY2027 FCF 继续无法随利润恢复,分析报告/公司评估/VIAV_VIAVI_Solutions_收入传导估值评估_2026-06-01.md
79,PH,Parker-Hannifin,机电_冷却_工程_水处理_边缘工业AI,29.0404,观察/择时,7.2842,81.8750,31.3000,29.5259,2026-06-01,824.52,$103.96B,103.960000,30.410000,24.230000,4.950000,7.120000,21.100000,27.110000,37.900000,35.400000,36.650000,-45.778000,-26.710000,-12.570000,3.427500,-23.974850,,,$21.6-22.4B,$22.8-23.8B,$24.0-25.3B,$25.6-27.0B,较 TTM revenue 约 +3%-7%；organic 约 +1%-3%,较 TTM revenue 约 +9%-13%；organic 约 +4%-6%，其余来自 Curtis/Filtration stub/FX,较 TTM revenue 约 +14%-21%；organic 约 +6%-8%，Filtration stub 偏高,较 TTM revenue 约 +22%-29%；organic 约 +8%-10%+，Filtration 接近全年化,adjusted EBITDA 约 $6.2-6.6B；adjusted net income 约 $4.0-4.4B,调整后净利润,2026-06-01,日度金融快照；源名称: Parker-Hannifin Corporation,基准。PH 的 NTM 经营传导最可能是 Aerospace 高 backlog 和高 margin 正常兑现，Industrial 订单温和回补，Curtis 小额补充，Filtration Group 若在 2026 年内成交则贡献一段 stub revenue。NTM revenue 主区间为 $22.8-23.8B，adjusted EBITDA …,Aero OEM 交付/供应链延迟、DI backlog 转收入失败、transportation/agriculture/Europe 下滑、Filtration close 推迟到 NTM 后段或失败、AI rack 设计变化导致 UQD/连接件内容量低于预期,分析报告/公司评估/PH_Parker-Hannifin_收入传导估值评估_2026-06-01.md
80,GFS,GlobalFoundries,晶圆制造_前道设备,28.9483,观察/择时,10.5766,77.4500,26.7500,26.1469,2026-06-01,79.49,$43.59B,43.590000,50.630000,31.640000,6.370000,3.730000,20.970000,1.570000,79.400000,71.400000,75.400000,-50.610000,-22.980000,2.430000,31.240000,-16.731500,,,67.5-70.5 亿美元,72.0-75.5 亿美元,76.5-81.5 亿美元,82.5-89.0 亿美元,相对 TTM -1%至+3%,相对 TTM +5%至+10%,相对 TTM +12%至+19%,相对 TTM +21%至+30%,调整后 EBITDA 25.5-28.0 亿；non-IFRS 净利润温和增长,EBITDA,2026-06-01,日度金融快照；源名称: GlobalFoundries Inc.,基准公司情景。GFS 在 NTM 最可验证的经营传导不是“AI GPU 主芯片代工”，而是 CID 硅光/SiGe/连接 + Automotive FDX/eMRAM/BCD + Technology services/IP/NRE 把公司从 2025 年接近持平的收入，推向 72.0-75.5 亿美元 的 NTM 收入区间，同时 non-IFRS 毛利率…,Q2 后收入未能延续指引 run-rate；CID 增速明显低于 20%；HIIoT/SMD 价格压力加剧；RPO 或合同负债继续明显下降且未被新 design win 替代；AMF/SCALE/GaN 只停留在发布/样品，不能形成订单或客户认证,分析报告/公司评估/GFS_GlobalFoundries_收入传导估值评估_2026-06-01.md
81,ON,onsemi,AI计算芯片_EDA_IP_custom_ASIC,28.8972,观察/择时,10.9119,76.2958,26.7500,26.3304,2026-06-01,120.04,$46.67B,46.670000,88.260000,28.140000,7.700000,6.440000,23.500000,1.360000,76.200000,69.700000,72.950000,-50.347500,-22.507500,2.885000,34.827500,-15.993875,,,58.5-61.5 亿美元,63.5-66.0 亿美元,68.0-72.0 亿美元,75.5-82.0 亿美元,较 FY2025 -2% 至 +3%,较 FY2025 +6% 至 +10%,较 FY2025 +13% 至 +20%,较 FY2025 +26% 至 +37%,非 GAAP 净利润约 10.5-12.5 亿美元；EBITDA 未披露，无法可靠量化,净利润,2026-06-01,日度金融快照；源名称: ON Semiconductor Corporation,基准公司。NTM 收入最可能落在 63.5-66.0 亿美元，主要由 Q2 指引正常兑现、PSG继续修复、AI DC 从小基数成长、AMG/ISG稳定贡献共同驱动。利润端最可能是非 GAAP 毛利率 39.0%-40.5%、经营利润率 19.5%-21.5%，现金流稳定但受库存占用约束,Q2实际低于指引中点或Q3指引转弱；PSG无法延续YoY增长；AI DC增长没有美元额或客户证据；库存继续上升；EV SiC价格重谈压低毛利率；ISG继续发生库存/重组相关毛利压力,分析报告/公司评估/ON_onsemi_收入传导估值评估_2026-06-01.md
82,ACLS,Axcelis Technologies,晶圆制造_前道设备,28.7519,观察/择时,10.6423,76.2125,29.2000,23.3584,2026-06-01,149.65,$4.60B,4.600000,46.480000,32.280000,5.440000,4.400000,40.010000,3.220000,76.000000,70.300000,73.150000,-54.597500,-24.617500,4.655000,42.467500,-16.586875,,,$760-820M,$850-900M,$950M-1.05B,$1.15-1.30B,vs TTM $845M 约 -10% 到 -3%,vs TTM $845M 约 +1% 到 +7%,vs TTM $845M 约 +12% 到 +24%,vs TTM $845M 约 +36% 到 +54%,Adjusted EBITDA $145-180M；Non-GAAP NI $105-135M,调整后净利润,2026-06-01,"日度金融快照；源名称: Axcelis Technologies, Inc.",基准偏上。ACLS 的 NTM standalone 收入最可能在 $850-900M，高于 FY2025 的空间不大但结构改善明显。Memory/DRAM/HBM 和 CS&I 是正向传导，Power/General Mature digestion 和 Memory mix 是抵消项,Q2 revenue 或 GM 明显低于指引，Memory Q2/Q3 回落到低双位数，systems bookings 跌回 $100M 以下，CS&I 低于 $65M/quarter，Power/GM digestion 延长，中国出口许可或客户重排影响 backlog,分析报告/公司评估/ACLS_Axcelis_Technologies_收入传导估值评估_2026-06-01.md
83,AMZN,Amazon,云算力_IDC_AI软件平台,28.7216,观察/择时,6.7476,83.3250,29.2000,28.8294,2026-06-01,263.77,$2.84T,2840.000000,30.850000,26.740000,3.820000,6.420000,19.270000,8.550000,30.800000,32.600000,31.700000,-46.774000,-27.660000,-13.840000,1.065000,-25.155300,,,8100-8350亿美元,8500-8750亿美元,8900-9250亿美元,9500-9950亿美元,较 TTM +9%-12%,较 TTM +14%-18%,较 TTM +20%-25%,较 TTM +28%-34%,EBITDA proxy 1780-1980亿美元；normalized net income 720-850亿美元,净利润,2026-06-01,"日度金融快照；源名称: Amazon.com, Inc.",基准公司情景。NTM 收入最可能落在 8500-8750亿美元，经营利润 980-1100亿美元，收入增长由 AWS、Ads、3P 与 Online Stores 正常兑现共同驱动。利润质量继续向 AWS/Ads/3P 倾斜，但自由现金流仍被 AI 数据中心 capex 压制,AWS RPO 不再增长或平均期限拉长但确认放慢；AI lab 或企业客户因 ROI/融资延后用量；电力并网、HBM/封装、服务器/网络或液冷导致上电延迟；Ads 增速降至 mid-teens；零售单位增长和 3P GMV 被消费疲软、低价平台或监管压制,分析报告/公司评估/AMZN_Amazon_收入传导估值评估_2026-06-01.md
84,VST,Vistra Corp,电力_发电_能源_储能,28.7132,观察/择时,6.6422,79.7000,35.5000,29.1101,2026-06-01,155.36,$52.38B,52.380000,25.980000,14.180000,2.690000,20.040000,11.160000,5.980000,53.200000,50.100000,51.650000,-46.372500,-29.092500,-13.545000,3.652500,-25.387125,,,$20.0-22.0B,$22.0-24.5B,$24.5-27.5B,$27.5-31.0B,约 +3%-13%，以 TTM revenue $19.445B 为锚,约 +13%-26%,约 +26%-41%,约 +41%-59%,Ongoing Adj. EBITDA $7.1-7.9B；经营口径净利约 $3.1-3.9B,EBITDA,2026-06-01,日度金融快照；源名称: Vistra Corp.,基准公司情景。NTM 收入研究估算 $22.0-24.5B，Ongoing Adj. EBITDA $7.1-7.9B，Ongoing FCFbG $4.0-4.9B。核心是 2026 指引正常兑现、PJM 容量收入进入 East/PJM、Lotus 全年化、Cogentrix 和 Meta 只折扣纳入,Cogentrix 审批或融资推迟到 2027 后；PJM 容量净实现被规则/价格帽/履约扣罚压低；核电或气电发生重大停机；Retail margin 继续低迷；管理层下修 2026 EBITDA/FCF 指引,分析报告/公司评估/VST_Vistra_Corp_收入传导估值评估_2026-06-01.md
85,GEV,GE Vernova,电力_发电_能源_储能,28.6806,观察/择时,6.4281,85.5000,26.7500,28.5769,2026-06-01,954.03,$256.37B,256.370000,27.910000,38.920000,6.510000,18.410000,74.770000,34.180000,53.900000,49.500000,51.700000,-47.135000,-29.845000,-13.590000,3.965000,-25.858250,,,44-46B,46-49B,49-52B,52-56B,较 2025A 38B 约 +16%-21%,较 2025A 约 +21%-29%,较 2025A 约 +29%-37%,较 2025A 约 +37%-47%,Adj. EBITDA 5.8-6.6B；GAAP 净利润不作主指标,EBITDA,2026-06-01,日度金融快照；源名称: GE Vernova Inc.,基准偏乐观。GE Vernova 的 NTM 经营基准不是“AI 主题映射”，而是 163.3B RPO、Power/Electrification 高订单、Prolec 并表和公司上调后的 FY2026 指引共同支撑。最可能的 NTM 收入区间为 46-49B，调整后 EBITDA 约 5.8-6.6B，自由现金流按公司 FY2026 指引以 6.5-7…,SRA 转订单放缓，数据中心/utility 项目因许可或燃气供应推迟；变压器和 switchgear 交付不及预期；Wind loss 明显高于 400M；材料/关税/固定价项目压缩 margin；订单强但 RPO 未来一年确认比例下降,分析报告/公司评估/GEV_GE_Vernova_收入传导估值评估_2026-06-01.md
86,JCI,Johnson Controls,机电_冷却_工程_水处理_边缘工业AI,28.6271,观察/择时,7.3717,79.7000,31.3000,29.6965,2026-06-01,134.04,$81.78B,81.780000,40.990000,23.540000,3.350000,6.050000,20.980000,3.270000,34.900000,44.500000,39.700000,-45.534000,-26.710000,-12.090000,3.665000,-23.782300,,,$24.7-25.5B,$25.8-26.6B,$27.2-28.4B,$29.0-30.5B,+2%-5%,+6%-9%,+12%-16%,+19%-25%,调整后 EBITDA 约 $4.5-4.9B；净利润方向与 adjusted EPS ~$4.85 一致,EBITDA,2026-06-01,日度金融快照；源名称: Johnson Controls International,基准。JCI NTM 更像 $25.8-26.6B 收入、36.5%-37.5% 毛利率、14.2%-15.2% 经营利润率和 $4.5-4.9B 调整后 EBITDA 的正常兑现公司，而不是纯 AI 设备高弹性公司,backlog 转化节奏下修；电力或 switchgear 延迟扩大到 6-18 个月；普通楼宇需求走弱；大型项目低毛利、质保、库存或应收问题侵蚀 FY2026 margin/FCF 指引,分析报告/公司评估/JCI_Johnson_Controls_收入传导估值评估_2026-06-01.md
87,CAT,Caterpillar Inc,机电_冷却_工程_水处理_边缘工业AI,28.5624,观察/择时,6.9323,81.8750,29.2000,29.4112,2026-06-01,864.09,$397.99B,397.990000,43.080000,28.980000,5.620000,21.330000,30.450000,20.060000,42.500000,41.700000,42.100000,-45.942000,-27.660000,-13.500000,2.615000,-24.748900,,,$72-74B,$77-80B,$83-88B,$90-96B,相对 TTM $70.755B 为 +2%-5%,相对 TTM +9%-13%,相对 TTM +17%-24%,相对 TTM +27%-36%,EBITDA 无法可靠量化；净利润约 $10.5-12.0B,净利润,2026-06-01,"日度金融快照；源名称: Caterpillar, Inc.",基准偏乐观。NTM 公司收入最可能落在 $77-80B，高于 TTM $70.755B 约 +9%-13%，经营利润率约 18.0%-19.0%。核心不是全公司所有业务同步爆发，而是 Power Generation 的高增长和 Construction 的强需求，叠加 Resource 与 Financial Products 稳定贡献,AIP 或类似项目交付/commissioning 后移；PROPWR 和其他框架未转订单；Construction dealer inventory 消化导致下半年收入放缓；Resource margin 继续被制造成本和 tariff 压制；服务 attach 和运行小时低于预期；客户 AI capex 或融资环境导致 onsite power 项目延期,分析报告/公司评估/CAT_Caterpillar_Inc_收入传导估值评估_2026-06-01.md
88,MYRG,MYR Group,机电_冷却_工程_水处理_边缘工业AI,28.5138,观察/择时,6.6741,81.8750,31.3000,27.6154,2026-06-01,452.22,$7.04B,7.040000,49.860000,34.310000,1.840000,10.020000,27.320000,9.070000,59.800000,56.600000,58.200000,-48.510000,-28.870000,-12.690000,5.490000,-25.317000,,,40.5-43.5 亿美元,44.5-47.5 亿美元,49.5-53.5 亿美元,55.0-60.5 亿美元,较 LTM 38.25 亿美元增长约 6%-14%,较 LTM 增长约 16%-24%,较 LTM 增长约 29%-40%,较 LTM 增长约 44%-58%,EBITDA 3.10-3.55 亿美元；净利润 1.70-2.05 亿美元,净利润,2026-06-01,"日度金融快照；源名称: MYR Group, Inc.",基准情景。MYRG 的 NTM 收入最可能落在 44.5-47.5 亿美元区间，核心来自 T&D 和 C&I 既有 backlog 正常转化、约 12% 有机增长锚、数据中心/电力基础设施需求维持高位，以及 Valley/Comet 交割后折扣并表贡献。该结论不是把 AI 数据中心行业增速直接外推到 MYRG，而是以分部收入、12 个月 backlog、项…,T&D 大项目推迟；数据中心客户因电力、许可或芯片供应调整施工节奏；C&I 固定价格项目出现成本超支；Valley/Comet 交割或整合慢于计划；收入增长主要来自低毛利设备和材料 pass-through，导致利润和现金流不跟随收入增长,分析报告/公司评估/MYRG_MYR_Group_收入传导估值评估_2026-06-01.md
89,NTAP,NetApp,AI服务器_存储_EMS,28.5117,观察/择时,7.5082,78.9750,31.3000,29.3864,2026-06-01,175.87,$34.83B,34.830000,27.740000,17.890000,5.030000,30.070000,17.540000,6.340000,51.900000,54.600000,53.250000,-45.977500,-27.082500,-10.840000,6.107500,-23.481875,,,70.0-73.0 亿美元,73.25-75.75 亿美元,77.0-80.0 亿美元,82.0-88.0 亿美元,+1.1%-5.4% vs FY2026,+5.8%-9.4%,+11.2%-15.5%,+18.4%-27.1%,non-GAAP operating income 21.3-22.8 亿美元；non-GAAP EPS 8.70-9.00,调整后净利润,2026-06-01,"日度金融快照；源名称: NetApp, Inc.",基准公司情景。NetApp 最可能在 NTM 内按 FY2027 指引兑现 73.25-75.75 亿美元收入、约 29.1%-30.1% non-GAAP operating margin。经营价值来自 all-flash 正常增长、support 高毛利防守、Public Cloud 高毛利扩张，以及 Keystone 提高收入可见性,FY2027 revenue guide 被下修、book-to-bill 低于 1、all-flash growth 低于 8%、product GM 跌破 54%-55%、Public Cloud storage 增速显著放缓，或 AI wins 被证实主要为小额试点,分析报告/公司评估/NTAP_NetApp_收入传导估值评估_2026-06-01.md
90,DOV,Dover Corporation,机电_冷却_工程_水处理_边缘工业AI,28.5019,观察/择时,7.2159,79.7000,31.3000,29.3021,2026-06-01,207.98,$28.01B,28.010000,25.960000,17.960000,3.380000,3.740000,16.140000,8.010000,33.800000,31.500000,32.650000,-46.098000,-26.710000,-12.445000,2.252500,-24.125100,,,8.25B-8.50B,8.60B-8.85B,8.95B-9.25B,9.40B-9.80B,+2%-5%,+6%-9%,+11%-14%,+16%-21%,Adj segment EBITDA 2.10B-2.25B；GAAP continuing earnings 1.18B-1.30B,EBITDA,2026-06-01,日度金融快照；源名称: Dover Corporation,基准公司情景。NTM 收入大概率落在 8.60B-8.85B，公司层收入增长来自 CEF、CST、PPS 中的 liquid cooling/power infrastructure/CO2 refrigeration/retail fueling；I&I 和 EP 提供稳定利润与现金流，但不是增长主轴,Q2 bookings 回落到 B/B <1；CST heat exchanger orders 递延；PPS organic 继续为负且 margin 下降；CPC/UQD 或 SWEP 被标准化多供快速压价；tariff/metal cost 或扩产冗余固定成本压低毛利；FCF conversion 无法回到 14%-16% revenue 指引,分析报告/公司评估/DOV_Dover_Corporation_收入传导估值评估_2026-06-01.md
91,HOCPY,HOYA Corporation,半导体材料_化学品_基板,28.4090,中后段,7.8977,75.7000,33.4000,30.6923,2026-06-01,166.45,$55.68B,55.680000,35.720000,38.890000,0.060000,8.720000,-1.230000,4.660000,,,,-44.110000,-26.110000,-10.810000,6.490000,-22.625000,,,¥960-990B,¥1.02-1.05T,¥1.08-1.13T,¥1.14-1.20T,约 +1%-4% vs FY25,约 +8%-11%,约 +14%-19%,约 +20%-27%,净利润约 ¥230-260B；EBITDA 无法可靠量化,净利润,2026-06-01,日度金融快照；源名称: Hoya Corp.；异常: 负EV/EBITDA(-1.23)；call: 无期权链或数据源无覆盖；put: 无期权链或数据源无覆盖,基准公司情景。NTM 收入更可能落在 ¥1.02-1.05T，较 FY25 +8%-11%，核心由 LSI mask blanks、HDD glass substrates、Imaging 稳定增长和 Life Care mid-single digit 共同贡献。该情景不是“AI 需求全面爆发”，而是 HOYA 已披露产品口径和 FY25 Q4 run-…,mask blanks 回到低个位数增长、HDD 第二客户 ramp 延迟或 NAND/QLC 压制 HDD ASP、FPD Q4 高基数反转、Medical 中国价格/政策冲击扩大，且 IT OPM 低于 50% 后无法靠 Life Care 抵消,分析报告/公司评估/HOCPY_HOYA_Corporation_收入传导估值评估_2026-06-01.md
92,ETR,Entergy Corporation,电力_发电_能源_储能,28.2797,中后段,6.8718,79.7000,31.3000,28.9720,2026-06-01,105.42,$48.27B,48.270000,26.960000,20.940000,3.630000,2.780000,14.700000,3.910000,29.300000,24.200000,26.750000,-46.570000,-26.710000,-14.085000,-0.272500,-24.882000,,,137-141 亿美元,144-148 亿美元,150-158 亿美元,160-170 亿美元,较 LTM +3%-6%,较 LTM +8%-11%,较 LTM +13%-19%,较 LTM +20%-28%,调整 EPS 4.45-4.70；净利润约 21-23 亿美元,净利润,2026-06-01,日度金融快照；源名称: Entergy Corporation,基准。ETR 的 NTM 经营更像“传统受监管电力底盘 + 工业/数据中心负荷加速 + rate base 建设期”的组合，而不是设备公司式订单爆发。最可能 NTM 收入为 144-148 亿美元，较 LTM 增长约 8%-11%；调整 EPS 约 4.45-4.70，接近公司 2026 指引和向 2027 展望过渡的路径,Louisiana PSC 或其他州监管延后/附条件明显收紧；客户 load ramp 慢于计划；OCAPS/Cottonwood 或 rate riders 延后；燃机/变压器交期推迟 12 个月以上；融资成本和 share count 超预期；住宅/商业和传统工业走弱抵消数据中心,分析报告/公司评估/ETR_Entergy_Corporation_收入传导估值评估_2026-06-01.md
93,CIEN,Ciena Corporation,AI网络_光互联_连接器,28.2316,中后段,17.1992,64.9917,18.0000,21.3392,2026-06-01,566.17,$80.06B,80.060000,360.620000,64.520000,15.620000,28.680000,144.310000,1.570000,106.500000,104.100000,105.300000,-57.485000,-15.825000,33.320000,81.265000,-2.161750,12.222901,53.373333,$5.8B-$6.2B,$6.3B-$6.8B,$7.1B-$7.8B,$8.2B-$9.2B,约 +5% 至 +15%，对比推算 LTM 约 $5.12B；但低于 backlog 和 FY2026 指引隐含路径,约 +23% 至 +33%，对比推算 LTM 约 $5.12B,约 +39% 至 +52%,约 +60% 至 +80%,adjusted EBITDA proxy $1.35B-$1.65B；GAAP 净利润无法可靠量化,EBITDA,2026-06-01,日度金融快照；源名称: Ciena Corporation；异常: TTM PE过高(360.62)；异常: EV/EBITDA过高(144.31),基准偏乐观之间。主因不是单纯行业 TAM，而是 Ciena 已有 A/B 级收入、指引、backlog、RPO、RLS/Waveserver 和客户项目证据。最合理的 NTM 主口径是 $6.3B-$6.8B 收入、adjusted operating margin 17.5%-19.5%，同时承认如果供应链改善和客户验收顺利，收入有进入 $7B+ 的乐观…,Q2 或后续指引低于 $1.50B 附近 run-rate；backlog 增长但交付周期继续拉长；组件供应商重新定价导致 GM 低于 43%；大客户项目延迟或转向二供；服务安装和验收不能跟上硬件出货,分析报告/公司评估/CIEN_Ciena_Corporation_收入传导估值评估_2026-06-01.md
94,IBM,International Business Machines,云算力_IDC_AI软件平台,28.1493,中后段,7.5622,77.5250,31.3000,28.6556,2026-06-01,315.64,$296.67B,296.670000,27.960000,23.520000,4.310000,9.000000,20.350000,11.290000,66.100000,52.400000,59.250000,-47.022500,-27.172500,-10.485000,8.902500,-23.363125,,,690-710 亿美元,725-745 亿美元,755-785 亿美元,805-840 亿美元,约 0%-3%,约 5%-8%,约 9%-14%,约 17%-22%,Adj. EBITDA 182-195 亿美元；operating net income 112-123 亿美元,净利润,2026-06-01,日度金融快照；源名称: International Business Machines,基准情景。IBM 在 NTM 内最可能实现 725-745 亿美元收入、约 5%-8% 的近四季度可比增长、58.5%-60.0% 毛利率、18.5%-19.8% operating pre-tax margin，以及 155-162 亿美元自由现金流。这个结论的核心不是 AI 叙事，而是 A/B 级证据已经覆盖 Software ARR、分部收入、RPO…,Q2-Q3 Software 增速明显低于高个位数；Confluent 整合导致 Data 增长或利润率不达预期；Consulting signings/book-to-bill 低于 1 且 backlog 转化延后；IBM Z 增速在 H2 快速转负；利息、并购摊销或营运资本导致 FCF 低于 150 亿美元,分析报告/公司评估/IBM_International_Business_Machines_收入传导估值评估_2026-06-01.md
95,DIOD,Diodes Incorporated,配电_电源_功率器件,28.1387,中后段,6.9673,78.9708,33.4000,25.9108,2026-06-01,101.06,$4.64B,4.640000,54.630000,20.250000,2.990000,2.460000,23.220000,1.850000,79.300000,64.200000,71.750000,-50.947500,-28.597500,-10.385000,9.827500,-24.671875,,,$1.62-1.72B,$1.78-1.88B,$1.90-2.05B,$2.05-2.25B,较 LTM $1.555B 约 +4%-11%,较 LTM 约 +14%-21%,较 LTM 约 +22%-32%,较 LTM 约 +32%-45%,EBITDA $230-285M；净利润 $95-135M,净利润,2026-06-01,日度金融快照；源名称: Diodes Incorporated,基准公司情景。NTM 收入更可能落在 $1.78-1.88B，较 LTM $1.555B 继续双位数增长；毛利率更可能从 1Q26 的 31.8% 和 2Q 指引 32.8% 向 32.8%-34.0% 区间推进。DIOD 的经营主线是半导体周期复苏叠加汽车/工业 mix 改善和 AI server board content expansion，而不是单…,2Q26 收入或毛利率低于指引；管理层承认 Q1/Q2 增长来自补库存而非 POS；普通 PC/consumer/memory shortage 拖累扩大；汽车或工业订单重新转弱；库存继续上升但收入不跟进；AI server 相关披露停留在 design wins，未能转成可确认收入,分析报告/公司评估/DIOD_Diodes_Incorporated_收入传导估值评估_2026-06-01.md
96,NTNX,Nutanix,云算力_IDC_AI软件平台,28.0179,中后段,7.0243,79.7000,29.2000,28.2448,2026-06-01,55.42,$14.93B,14.930000,60.240000,25.310000,5.430000,-17.710000,43.000000,0.920000,53.900000,58.900000,56.400000,-47.610000,-27.980000,-12.070000,5.840000,-24.546500,,,28.8-30.3 亿美元,30.8-32.0 亿美元,32.3-34.2 亿美元,34.5-37.0 亿美元,较 Q3 FY2026 TTM 约 +5%-10%,较 Q3 FY2026 TTM 约 +12%-16%,较 Q3 FY2026 TTM 约 +17%-24%,较 Q3 FY2026 TTM 约 +25%-35%,EBITDA 无法可靠量化；非 GAAP 经营利润约 6.8-7.7 亿美元；GAAP 净利润约 3.0-4.2 亿美元,净利润,2026-06-01,"日度金融快照；源名称: Nutanix, Inc.；异常: P/B为负(-17.71)",基准情景。NTM 收入大概率为 30.8-32.0 亿美元，较 Q3 FY2026 TTM 约 +12%-16%；non-GAAP 经营利润率约 22%-24%；FCF 约 8.0-9.0 亿美元。核心依据是 subscription revenue、ARR、RPO/current RPO、FY2026 指引上调和高毛利软件模式，而不是 AI 主题或市场估值,Q4/FY2027 指引低于当前 run-rate；ARR 或 current RPO 增速明显下滑；server hardware 短缺导致软件确认持续推迟；VMware 替代项目被 Broadcom 折扣或客户内部风险控制拖慢；Nutanix 定价被客户认为过高；AI/NKP 新品只停留在公告和 early access,分析报告/公司评估/NTNX_Nutanix_收入传导估值评估_2026-06-01.md
97,ASX,ASE Technology Holding,封测_检测_计量_光罩,27.9937,中后段,7.0836,76.9708,35.5000,25.4913,2026-06-01,38.15,$83.71B,83.710000,58.700000,24.060000,0.120000,7.510000,2.730000,0.650000,84.000000,69.100000,76.550000,-51.547500,-28.412500,-9.655000,10.927500,-24.416125,,,NT$705-750B,NT$790-840B,NT$860-930B,"NT$980-1,080B",相对 TTM NT$670.9B 为 +5%-12%；相对 FY2025 NT$645.4B 为 +9%-16%,相对 TTM +18%-25%；相对 FY2025 +22%-30%,相对 TTM +28%-39%；相对 FY2025 +33%-44%,相对 TTM +46%-61%；相对 FY2025 +52%-67%,EBITDA NT$165-190B；净利润 NT$58-72B,净利润,2026-06-01,"日度金融快照；源名称: ASE Technology Holding Co., Ltd",基准偏乐观。ASX 的 NTM 经营主线是 LEAP/VIPack + 高端测试 正常兑现，传统 ATM 稳定，EMS 提供收入但利润质量较低。最可能 NTM 收入区间为 NT$790-840B，毛利率 20.5%-22.0%，经营利润率 10.5%-12.0%，EBITDA NT$165-190B，净利润 NT$58-72B。这代表相对 TTM 收入约 …,2Q26 合并收入低于 NT$185.8B 或 ATM 收入低于 NT$122.6B；ATM GM 低于 26% 且管理层归因于 LEAP/测试利用率或折旧；5月和6月 ATM 月收入明显低于 4月趋势；FY2026 LEAP 指引下修或 Q4 ramp 延迟；EMS 占比上升但 GM/OM 无改善,分析报告/公司评估/ASX_ASE_Technology_Holding_收入传导估值评估_2026-06-01.md
98,HUBB,Hubbell,配电_电源_功率器件,27.9555,中后段,7.0994,77.5250,31.3000,29.2629,2026-06-01,463.55,$24.49B,24.490000,27.410000,21.290000,4.090000,6.500000,18.590000,16.910000,42.500000,38.900000,40.700000,-46.154000,-27.410000,-12.690000,3.565000,-24.381300,,,63.0-66.0 亿美元,67.5-71.0 亿美元,71.0-74.5 亿美元,75.0-79.0 亿美元,+5%-10%,+13%-18%,+18%-24%,+25%-32%,adjusted EBITDA 17.5-19.2 亿美元；调整后净利润 10.6-11.8 亿美元,调整后净利润,2026-06-01,日度金融快照；源名称: Hubbell Inc,基准。NTM reported revenue 约 67.5-71.0 亿美元；其中 ex-NSI 经营口径约 64.5-66.7 亿美元，核心来自 Utility Grid Infrastructure、Electrical data center power、DMC 全年化和稳定的 Electrical core。reported 口径上，NSI 如果…,Grid Automation 继续双位数下滑；data center orders 因并网/GPU/客户库存推迟；PCX capacity 或 PDU/connector 供应不能跟上；price/cost/productivity 低于管理层预期；NSI 延迟、监管或融资成本超预期,分析报告/公司评估/HUBB_Hubbell_收入传导估值评估_2026-06-01.md
99,LIN,Linde plc,半导体材料_化学品_基板,27.6792,中后段,6.3972,81.1500,26.7500,28.3021,2026-06-01,497.87,$230.19B,230.190000,33.020000,25.260000,6.640000,5.970000,18.700000,15.080000,25.200000,28.100000,26.650000,-47.528000,-28.010000,-15.045000,-0.547500,-25.926100,,,345-355 亿美元,360-372 亿美元,376-390 亿美元,395-412 亿美元,相对 2026Q1 TTM 346.55 亿美元约 0%-2%,+4%-7%,+8%-13%,+14%-19%,adjusted EBITDA 142-149 亿美元；adjusted net income 82-86 亿美元,调整后净利润,2026-06-01,日度金融快照；源名称: Linde plc,基准情景。NTM 收入最可能落在 360-372 亿美元，adjusted operating margin 约 30.0%-30.6%，adjusted EBITDA 约 142-149 亿美元，adjusted net income 约 82-86 亿美元，FCF 约 52-59 亿美元。这个结论依赖已披露 run-rate、价格传导、生产率、项目启动…,electronics 大合同延迟或进入 backlog 但 NTM 无收入；EMEA/工业 volume 持续走弱；Woodside/clean energy 继续滑点；helium 价格恢复落空；Engineering 固定价项目成本上升；capex 和营运资本压低 FCF,分析报告/公司评估/LIN_Linde_plc_收入传导估值评估_2026-06-01.md
100,ROG,Rogers Corporation,半导体材料_化学品_基板,27.5162,中后段,6.8678,77.5250,29.2000,28.8741,2026-06-01,143.97,$2.57B,2.570000,,32.970000,3.130000,2.140000,19.860000,-3.070000,55.500000,52.900000,54.200000,-46.710000,-28.045000,-12.990000,3.190000,-24.890750,,,780-820M,850-890M,910-985M,1.05-1.18B,较 2025 -4%至+1%；较 TTM -5%至0%,较 2025 +5%-10%；较 TTM +4%-8%,较 2025 +12%-21%；较 TTM +11%-20%,较 2025 +30%-46%；较 TTM +28%-44%,Adjusted EBITDA 130-155M；净利润 35-60M,净利润,2026-06-01,日度金融快照；源名称: Rogers Corporation；TTM PE不适用：TTM EPS为负,基准公司情景。NTM 收入最合理区间为 850-890M，较 2025 +5%-10%，本质是 Q2 2026 指引兑现、工业/电子通信继续恢复、EMS 保持较好 mix、AES 制造足迹整合和 cost savings 逐步体现。AI 数据中心材料需求在基准里是小额增量，不是主要收入引擎,Q2 收入低于 210M 或毛利率低于 32.5%；AES 毛利率不能改善且新产线利用率拖累持续；curamik 出现新增减值或降本无法抵消价格/需求压力；汽车/EV/无线下滑抵消工业/电子通信；FCF 因库存/应收恶化明显低于利润,分析报告/公司评估/ROG_Rogers_Corporation_收入传导估值评估_2026-06-01.md
101,DELL,Dell Technologies,AI服务器_存储_EMS,27.4660,中后段,7.0738,76.1792,33.4000,24.7395,2026-06-01,466.62,$303.10B,303.100000,53.820000,23.500000,2.260000,-123.180000,21.030000,8.670000,75.000000,81.900000,78.450000,-52.622500,-28.232500,-9.715000,12.202500,-24.437625,,,"1,500-1,600 亿美元","1,680-1,740 亿美元","1,820-1,950 亿美元","2,000-2,150 亿美元",较 TTM 增加 160-260 亿美元，约 +12%-19%,较 TTM 增加 340-400 亿美元，约 +25%-30%,较 TTM 增加 480-610 亿美元，约 +36%-46%,较 TTM 增加 660-810 亿美元，约 +49%-60%,EBITDA 无法可靠量化；非 GAAP 经营利润 150-170 亿美元，净利润 105-125 亿美元,净利润,2026-06-01,日度金融快照；源名称: Dell Technologies Inc.；异常: P/B为负(-123.18),"基准情景。Dell NTM 收入最可能落在 1,680-1,740 亿美元，非 GAAP 经营利润约 150-170 亿美元。核心不是全行业 AI capex 有多大，而是 513 亿美元 AI backlog、FY2027 600 亿美元 AI server 指引、traditional server 高增长和 CSG/Storage 正常兑现能否在未来…",AI orders 明显低于 revenue 导致 backlog 消耗；客户融资或 neocloud 项目延期；DRAM/NAND/CPU 供给继续约束并抬高成本；traditional server 和 commercial PC 被证明是 Q1 pull-forward；ISG margin 在 AI mix 下跌破管理层隐含目标；FCF 明显低于利…,分析报告/公司评估/DELL_Dell_Technologies_收入传导估值评估_2026-06-01.md
102,PWR,Quanta Services,电力_发电_能源_储能,27.3942,中后段,6.6668,79.7000,25.7000,28.5245,2026-06-01,692.09,$103.85B,103.850000,95.330000,42.090000,3.450000,11.480000,42.440000,7.260000,52.000000,49.600000,50.800000,-47.210000,-28.700000,-13.280000,3.440000,-25.333000,,,335-348 亿美元,358-370 亿美元,375-395 亿美元,400-430 亿美元,较 TTM 约 +11%-16%,较 TTM 约 +19%-23%,较 TTM 约 +25%-31%,较 TTM 约 +33%-43%,调整 EBITDA 36.5-39.5 亿美元；GAAP 净利润 15.0-16.8 亿美元,净利润,2026-06-01,"日度金融快照；源名称: Quanta Services, Inc.",基准偏乐观，但正式主情景仍放在 NTM 收入 358-370 亿美元、调整 EBITDA 36.5-39.5 亿美元。理由是 backlog、Electric 增长和 Technology & Load Centers 指引足够强，但公司没有披露 AI 专属 backlog 和客户级项目利润率，不能把行业需求池直接转成 PWR 收入,Technology & Load Centers 增长低于指引、Electric backlog 转化率下降、12 个月 backlog/收入覆盖率下滑、DSI/CEI/Tri-City 整合成本高于预期、固定价项目出现 charge、FCF 明显低于 2026 指引下限,分析报告/公司评估/PWR_Quanta_Services_收入传导估值评估_2026-06-01.md
103,Q,Qnity Electronics,半导体材料_化学品_基板,27.1949,中后段,6.4568,79.7000,26.7500,26.3217,2026-06-01,150.29,$31.46B,31.460000,48.480000,31.590000,6.350000,4.380000,25.270000,3.100000,67.400000,64.600000,66.000000,-50.360000,-29.860000,-12.160000,7.540000,-25.795000,,,50.5-52.5 亿美元,54.0-57.0 亿美元,58.5-62.5 亿美元,64.5-69.5 亿美元,约 +3%-7%,约 +14%-20%,约 +23%-31%,约 +36%-46%,调整后经营 EBITDA 16.0-17.5 亿美元；调整后净利约 7.8-9.2 亿美元,EBITDA,2026-06-01,"日度金融快照；源名称: Qnity Electronics, Inc.",基准公司情景。Qnity 的 NTM 经营主线不是“AI 概念收入”，而是 AI accelerator/HBM/CoWoS/先进制程/AI PCB/高功率模块拉动 specialty materials 的分部收入正常兑现。最可能的 NTM 收入区间为 54.0-57.0 亿美元，调整后经营 EBITDA 约 16.0-17.5 亿美元，自由现金流方向为…,AI 客户拉货或封装产能延迟、advanced packaging/thermal/AI PCB 项目无法按期确认收入、成熟/消费/display/auto 业务下滑、价格/mix 走弱、stand-alone 成本或 capex/营运资本占用导致 EBITDA 无法转化为自由现金流,分析报告/公司评估/Q_Qnity_Electronics_收入传导估值评估_2026-06-01.md
104,PSTG,Everpure PureStorage,AI服务器_存储_EMS,27.1820,中后段,6.9966,75.7000,28.8500,29.2937,2026-05-29,79.51,$22.41B,22.410000,123.270000,23.880000,6.120000,15.490000,83.040000,0.550000,,,,-46.110000,-27.760000,-12.810000,3.090000,-24.607500,,,42.5-44.5 亿美元,46.0-47.5 亿美元,49.5-52.5 亿美元,56.0-61.0 亿美元,+8%-13%,+17%-21%,+26%-33%,+42%-55%,EBITDA未披露；non-GAAP OI约 8.4-9.2 亿美元；GAAP净利润无法可靠量化,调整后净利润,2026-06-01,"日度金融快照；源名称: Everpure, Inc.；价格日期滞后于最新交易日(2026-06-01)；call: 无期权链或数据源无覆盖；put: 无期权链或数据源无覆盖",基准公司。FY2027 指引、Q2 指引、RPO 和 ARR 支撑 NTM 46.0-47.5 亿美元 收入区间，non-GAAP OI 约 8.4-9.2 亿美元。这是经营预期正常兑现，不是对市场定价的判断,H2 hyperscaler ramp 推迟到 FY2028；Q2/Q3 RPO 增速明显回落；产品 GM 被 NAND/DFM 成本压到 60%-64%；AI/HPC 客户采用转向 DDN/VAST/WEKA/Dell/NetApp 或云厂自研；Q1 产品增长被证明主要是涨价和提前采购,分析报告/公司评估/PSTG_Everpure_PureStorage_收入传导估值评估_2026-06-01.md
105,NVT,nVent Electric,配电_电源_功率器件,27.1117,中后段,6.9339,77.5250,26.7500,27.6503,2026-06-01,172.62,$27.92B,27.920000,58.710000,31.000000,6.450000,7.350000,30.850000,2.940000,62.000000,57.600000,59.800000,-48.460000,-28.500000,-11.730000,7.040000,-24.745500,,,48.0-49.5 亿美元,50.5-52.0 亿美元,53.0-55.5 亿美元,57.5-60.5 亿美元,较 LTM +11%-14%,较 LTM +17%-20%,较 LTM +23%-28%,较 LTM +33%-40%,调整后 EBITDA 12.2-13.0 亿美元；调整后净利润 7.6-8.1 亿美元,调整后净利润,2026-06-01,日度金融快照；源名称: nVent Electric plc,基准公司。NTM 收入最可能落在 50.5-52.0 亿美元，较 LTM 43.258 亿美元增长约 17%-20%；调整后经营利润率约 19.8%-20.6%；调整后 EBITDA 约 12.2-13.0 亿美元。这个情景对应 FY2026 指引正常兑现、RPO/backlog 多数按计划确认、数据中心基础设施继续强，但不假设远期技术路线提前大规模收入化,Q2/Q3 orders 或 RPO 环比下滑；客户项目推迟或取消；SP Infrastructure revenue 低于 Q1 run-rate 且无法由 EC/非基础设施抵消；gross margin 继续低于 35%；adjusted ROS 低于 19.2%；contract assets 和 inventory 增长导致 FCF 明显低于调整后…,分析报告/公司评估/NVT_nVent_Electric_收入传导估值评估_2026-06-01.md
106,MCHP,Microchip Technology,AI计算芯片_EDA_IP_custom_ASIC,26.8556,中后段,6.0739,79.7000,25.0000,27.3094,2026-06-01,91.48,$49.59B,49.590000,415.820000,22.360000,10.520000,7.700000,46.520000,0.220000,56.300000,54.800000,55.550000,-48.947500,-29.837500,-14.755000,2.677500,-26.637375,,,56-59 亿美元,62-65 亿美元,68-73 亿美元,77-84 亿美元,+19%-25%,+32%-38%,+44%-55%,+63%-78%,非 GAAP 经营利润约 22-24 亿美元；非 GAAP 净利润约 15.5-18 亿美元,净利润,2026-06-01,日度金融快照；源名称: Microchip Technology Incorporat；异常: TTM PE过高(415.82),基准公司情景。MCHP NTM 收入最可能落在 62-65 亿美元，较 FY2026 增长约 32%-38%；非 GAAP 毛利率约 63.0%-64.5%，经营利润率约 35%-37%。这个结论主要来自库存周期修复、Q1 指引强劲、渠道库存低位和 MCU/Analog 主业恢复，而不是把 AI 数据中心题材直接等同为公司收入,Q1 指引无法兑现或后续 sequential growth 断档；book-to-bill 回落到 1 以下；分销库存上升但终端 sell-through 不改善；高端 AI 产品停留在样品/design win；非 GAAP 毛利率持续低于 62%；库存天数不降反升且净杠杆无法改善,分析报告/公司评估/MCHP_Microchip_Technology_收入传导估值评估_2026-06-01.md
107,INTC,Intel Corporation 英特尔,AI计算芯片_EDA_IP_custom_ASIC,26.8493,中后段,11.7947,72.6500,15.9000,23.1224,2026-06-01,108.34,$544.52B,544.520000,,70.360000,10.130000,4.890000,42.490000,-0.600000,90.300000,73.100000,81.700000,-54.935000,-21.845000,9.060000,45.005000,-14.051750,,,$53-57B,$60-64B,$67-73B,$78-86B,-2% 至 +5%,+10% 至 +18%,+23% 至 +34%,+44% 至 +58%,非GAAP净利润约 $4-6B,净利润,2026-06-01,日度金融快照；源名称: Intel Corporation；TTM PE不适用：TTM EPS为负,基准公司。NTM收入最可能落在 $60-64B，相对 2026Q1 年化 run-rate 增长约 +10% 至 +18%。收入传导主要来自 DCAI Xeon/server CPU 供需强、DCAI other ASIC/IPU/网络项目增长，以及 CCG维持大盘收入；Foundry 外部收入在 NTM 仍是小额增量，主要通过亏损收窄影响经营质量,DCAI供给不能交付导致客户转向替代；PC unit和部件成本同时压制CCG；Foundry外部收入仍停留在数亿美元级且亏损不缩；Q2/Q3非GAAP GM持续低于39%附近；客户deposits无法转为交付收入而供应预付款和capex继续前置,分析报告/公司评估/INTC_Intel_Corporation_英特尔_收入传导估值评估_2026-06-01.md
108,SOMMY,住友化学 Sumitomo Chemical,半导体材料_化学品_基板,26.8081,中后段,9.1497,67.5250,30.6000,29.4231,2026-05-29,18.74,$6.29B,6.290000,16.420000,,0.010000,0.960000,3.650000,1.160000,,,,-45.925000,-24.775000,-5.450000,18.255000,-19.870750,,,¥2.22-2.30T,¥2.34-2.39T,¥2.43-2.52T,¥2.58-2.75T,-4.7% 至 -1.2% vs FY2025,+0.5% 至 +2.6%,+4.4% 至 +8.2%,+10.8% 至 +18.1%,净利润 ¥65-80B,净利润,2026-06-01,"日度金融快照；源名称: Sumitomo Chemical Co., Ltd.；价格日期滞后于最新交易日(2026-06-01)；Forward PE缺失或不可用；P/S极低(<0.01)，源口径需确认；call: 无期权链或数据源…；缺Forward PE",基准公司。NTM 收入最可能落在 ¥2.34-2.39T，围绕管理层 FY2026 指引 ¥2.36T；核心营业利润最可能 ¥205-225B，围绕指引 ¥215B。住友化学的真实经营画像是“综合化工/农化/医药修复 + ICT 半导体材料改善”，不是纯 AI 材料公司,ICT 中半导体材料增长被显示/价格/投资折旧完全吞噬；AUECC 交割或客户整合推迟；Pharma 产品增长未覆盖费用和一次性收益回落；Essential & Green 石化价差或 Petro Rabigh 风险再度恶化；净债务和营运资本压力使 FCF 转弱,分析报告/公司评估/SOMMY_住友化学_Sumitomo_Chemical_收入传导估值评估_2026-06-01.md
109,FIX,Comfort Systems USA,机电_冷却_工程_水处理_边缘工业AI,26.7559,中后段,5.8906,79.7000,26.7500,25.0455,2026-06-01,1794.59,$63.14B,63.140000,51.940000,33.740000,6.230000,97.770000,38.460000,34.550000,73.300000,62.100000,67.700000,-52.185000,-30.645000,-13.740000,6.215000,-27.040750,,,108-117 亿美元,125-133 亿美元,135-148 亿美元,150-165 亿美元,+7%-15% vs TTM 101.36 亿美元,+23%-31% vs TTM,+33%-46% vs TTM,+48%-63% vs TTM,Adj. EBITDA 20.0-22.5 亿美元；净利润 13.5-15.5 亿美元,净利润,2026-06-01,"日度金融快照；源名称: Comfort Systems USA, Inc.",基准公司情景。NTM 收入 125-133 亿美元，较 TTM 增长约 23%-31%，大体贴近当前管理层/共识/订单节奏；Adj. EBITDA 20.0-22.5 亿美元，净利润约 13.5-15.5 亿美元。这个情景已经包含 AI 数据中心需求强劲、RPO 正常转化、机械/电气继续高景气，但没有把 Q1 的所有毛利率好处线性外推,RPO 12 个月转化率低于公司披露区间；Technology revenue 占比或 backlog 同比/环比明显回落；机械/电气毛利率向 21%-23% 快速正常化；客户项目因电力/许可/融资推迟；contract assets 上升而 billings in excess 下降，显示现金回收弱化,分析报告/公司评估/FIX_Comfort_Systems_USA_收入传导估值评估_2026-06-01.md
110,MOD,Modine Manufacturing,机电_冷却_工程_水处理_边缘工业AI,26.5158,中后段,6.6784,76.0417,29.2000,23.1748,2026-06-01,295.92,$15.63B,15.630000,130.940000,26.080000,4.910000,13.930000,33.990000,2.260000,83.200000,84.800000,84.000000,-54.860000,-30.060000,-8.610000,13.440000,-25.307500,,,35.5-37.5 亿美元,38.2-40.0 亿美元,41.5-43.0 亿美元,44.0-46.5 亿美元,+12%-18%,+20%-26%,+30%-35%,+38%-46%,调整后 EBITDA 6.50-6.65 亿美元；净利润无法可靠量化,EBITDA,2026-06-01,日度金融快照；源名称: Modine Manufacturing Company,基准到乐观之间，偏向基准中高端。最可验证的 NTM 结论是公司收入大概率围绕 FY2027 指引低端到中段兑现，即 38.2-40.0 亿美元；若 Q1-Q2 FY2027 Data Centers 新分部披露显示产能、供应商和 margin 均好于预期，再上移到 41.5-43.0 亿美元,Data Centers 新分部收入低于 +60% 年化路径；Q1-Q2 披露供应商短缺、test bay、现场 commissioning 或客户项目延期持续；毛利率/调整后 EBITDA margin 低于 FY2026 结构；CapEx 和库存上升但 FCF 低于收入 4%,分析报告/公司评估/MOD_Modine_Manufacturing_收入传导估值评估_2026-06-01.md
111,SANM,Sanmina Corporation,AI服务器_存储_EMS,26.4331,中后段,6.4355,72.2125,35.5000,23.9178,2026-06-01,268.04,$14.37B,14.370000,56.670000,20.580000,1.270000,5.880000,19.790000,4.730000,81.400000,84.100000,82.750000,-53.797500,-29.947500,-10.435000,10.027500,-25.841875,,,138-148 亿美元,150-162 亿美元,165-182 亿美元,185-210 亿美元,较最新 TTM +22%-31%；接近 FY2026 指引但低于 FY2027 160 亿美元+轨迹,较最新 TTM +32%-43%；高于 FY2026 指引中点，接近 FY2027 160 亿美元+路径,较最新 TTM +45%-60%；高于 FY2027 初始目标,较最新 TTM +63%-85%；明显高于当前经营预期,EBITDA 11.5-13.5 亿美元；净利润无法可靠量化,EBITDA,2026-06-01,日度金融快照；源名称: Sanmina Corporation,基准公司情景。SANM NTM 收入最可能落在 150-162 亿美元，非 GAAP 经营利润率 6.3%-6.8%，EBITDA 11.5-13.5 亿美元。这是“AI rack 制造需求正常兑现 + ZT 不按 Q2 年化 + core Sanmina 稳定增长 + CPS 逐步修复”的组合,Q3/Q4 ZT 低于 10-12 亿美元季度路径；客户 production schedules 继续推迟；客户预付款下降但库存上升；CPS GM 无法修复；单一大客户项目 roll-off；memory/custom ASIC/光模块/电力件短缺导致出货和验收延迟,分析报告/公司评估/SANM_Sanmina_Corporation_收入传导估值评估_2026-06-01.md
112,CDNS,Cadence Design Systems,AI计算芯片_EDA_IP_custom_ASIC,26.2998,中后段,5.4063,85.5000,14.5000,26.3129,2026-06-01,409.48,$112.92B,112.920000,95.880000,43.620000,20.420000,17.210000,52.100000,4.270000,50.900000,53.200000,52.050000,-50.372500,-31.612500,-16.005000,1.952500,-28.106125,,,58.5-61.0 亿美元,63.0-64.5 亿美元,65.5-68.0 亿美元,70.0-73.5 亿美元,较 TTM 55.28 亿美元约 +6%-10%,较 TTM 约 +14%-17%,较 TTM 约 +18%-23%,较 TTM 约 +27%-33%,EBITDA 未披露；non-GAAP 经营利润约 27.4-28.7 亿美元；GAAP 净利润约 12.5-14.5 亿美元,调整后净利润,2026-06-01,"日度金融快照；源名称: Cadence Design Systems, Inc.",基准公司。NTM 收入最可能落在 63.0-64.5 亿美元，较 TTM 约 +14%-17%；non-GAAP 经营利润率约 43.5%-44.5%，经营利润约 27.4-28.7 亿美元。这个结论主要由 FY2026 指引、Q2 指引、backlog/RPO 和三大分部增长支撑，不依赖证券交易价格,FY2026 指引下修或 Q2/Q3 未达指引；backlog/RPO 转收入放缓；硬件 emulation 交付/验收延迟；中国/出口管制影响扩大；Hexagon D&E 整合导致费用超预期；Synopsys+Ansys 或客户自研工具压低 SD&A/IP 增量,分析报告/公司评估/CDNS_Cadence_Design_Systems_收入传导估值评估_2026-06-01.md
113,QCOM,Qualcomm,AI计算芯片_EDA_IP_custom_ASIC,26.2113,中后段,7.7116,72.2125,31.3000,20.1416,2026-06-01,228.06,$240.38B,240.380000,24.550000,21.440000,5.400000,8.850000,20.770000,9.290000,86.900000,78.600000,82.750000,-59.197500,-29.747500,-2.885000,29.127500,-23.034375,,,385-410亿美元,420-440亿美元,450-485亿美元,500-550亿美元,vs TTM 444.9亿美元 为 -13% 至 -8%,vs TTM 444.9亿美元 为 -6% 至 -1%,vs TTM 444.9亿美元 为 +1% 至 +9%,vs TTM 444.9亿美元 为 +12% 至 +24%,non-GAAP 净利润约 100-115亿美元；EBITDA 无法可靠量化,调整后净利润,2026-06-01,日度金融快照；源名称: QUALCOMM Incorporated,基准公司。NTM 收入最可能落在 420-440亿美元，相对 TTM 小幅下滑或接近平稳；经营质量来自 QTL 高利润和汽车增长，抵消手机下行但不足以让公司自然进入高增长,智能手机和 PC 因内存成本继续下修；Apple share step-down 大于当前假设；汽车 SOP 延迟；QCT EBT margin 维持在 27%以下；数据中心初始出货延后或只有样机/小批；库存继续上升并压低 FCF,分析报告/公司评估/QCOM_Qualcomm_收入传导估值评估_2026-06-01.md
114,ANET,Arista Networks,AI网络_光互联_连接器,26.1342,中后段,5.0646,84.0500,18.0000,25.1766,2026-06-01,171.83,$216.36B,216.360000,59.250000,38.620000,22.280000,16.040000,44.480000,2.900000,58.000000,58.700000,58.350000,-51.997500,-32.327500,-16.475000,2.077500,-28.857875,,,109-116 亿美元,121-128 亿美元,134-145 亿美元,155-168 亿美元,较 TTM 约 +12%-19%,较 TTM 约 +25%-32%,较 TTM 约 +38%-49%,较 TTM 约 +60%-73%,净利润约 47-52 亿美元,净利润,2026-06-01,"日度金融快照；源名称: Arista Networks, Inc.",基准情景。ANET 的 AI fabric 收入不是远期概念，已通过 Q1 2026 收入、FY2026 AI Fabrics 35 亿美元目标、Q2 28 亿美元收入指引、77 亿美元未来可确认收入和 89 亿美元采购承诺进入经营事实。最合理的 NTM 收入区间是 121-128 亿美元，毛利率 62%-63%，经营利润率 46%-47%，净利润约 47…,AI 客户因电力、机房、GPU/XPU 或预算节奏推迟网络订单；大客户把更多需求转向 NVIDIA full-stack、Cisco Silicon One 或 Broadcom + 白盒/SONiC；1.6T optics/ASIC 供给或客户验收推迟；采购承诺和库存上升但收入确认不匹配；Product 毛利率持续低于 58%-60%,分析报告/公司评估/ANET_Arista_Networks_收入传导估值评估_2026-06-01.md
115,AMAT,Applied Materials,晶圆制造_前道设备,26.1100,中后段,5.4531,79.7000,22.9000,25.9983,2026-06-01,456.32,$362.30B,362.300000,42.970000,28.220000,12.480000,15.150000,38.420000,10.620000,65.800000,52.700000,59.250000,-50.822500,-32.022500,-15.335000,4.052500,-28.003125,,,325-345 亿美元,360-390 亿美元,390-425 亿美元,425-460 亿美元,较 TTM +12%-19%,较 TTM +24%-34%,较 TTM +34%-46%,较 TTM +46%-58%,EBITDA 约 120-140 亿美元；non-GAAP 净利润约 100-114 亿美元,调整后净利润,2026-06-01,"日度金融快照；源名称: Applied Materials, Inc.",基准公司情景。NTM 收入约 360-390 亿美元，较 Q2 后 TTM 约 +24%-34%；non-GAAP 毛利率约 50.0%-51.2%，经营利润率约 32%-34%。这不是普通 WFE 复苏，而是 Q3 高指引、AI leading-edge logic、DRAM/HBM、advanced packaging 和 AGS 服务共同兑现后的经营…,Q3 落到指引低端且 Q4/H1 FY2027 不能维持；中国/ICAPS 或出口许可影响扩大；HBM4/DRAM capex pull-in 后移；库存和应收持续吃现金；Other/Display 亏损扩大；客户把 2027 AI capex 订单推迟,分析报告/公司评估/AMAT_Applied_Materials_收入传导估值评估_2026-06-01.md
116,GLW,Corning,AI网络_光互联_连接器,26.0217,中后段,6.0649,78.4083,23.2500,24.1364,2026-06-01,176.60,$151.99B,151.990000,84.910000,41.810000,9.310000,12.820000,42.130000,2.080000,75.700000,70.500000,73.100000,-53.485000,-30.515000,-12.100000,7.965000,-26.657250,,,180-188亿美元,195-201亿美元,208-220亿美元,230-250亿美元,较最近可比 TTM core sales 约 +5%-10%,约 +14%-18%,约 +22%-29%,约 +35%-46%,core净利润 27-31亿美元；EBITDA无法可靠量化,净利润,2026-06-01,日度金融快照；源名称: Corning Incorporated,基准，偏上但尚未上移到乐观。NTM core sales 最可能在 195-201亿美元，较最近可比 TTM core sales 约 +14%-18%；core operating margin 最可能 20.0%-21.5%；core净利润约 27-31亿美元。收入主要由 Optical Communications 的 AI/Enterprise +…,Q2 指引未兑现或 Q3/Q4 run-rate 不能朝 50亿美元/季靠近；Optical margin跌破 17%-18%；customer deposits下降但收入未放量；Solar 维护后仍低利润；库存和 capex 增加但 FCF不增长,分析报告/公司评估/GLW_Corning_收入传导估值评估_2026-06-01.md
117,ADI,Analog Devices,AI计算芯片_EDA_IP_custom_ASIC,26.0041,中后段,5.8006,77.5250,22.9000,27.8126,2026-06-01,406.59,$198.04B,198.040000,60.690000,27.520000,15.540000,5.870000,33.640000,6.700000,48.400000,49.900000,49.150000,-48.228000,-30.860000,-15.295000,1.177500,-27.238600,,,145-152 亿美元,158-166 亿美元,170-180 亿美元,185-200 亿美元,相对 Q2 年化 144.9 亿美元约 +0 至 +7 亿美元；相对 FY2025 110.2 亿美元约 +32%-38%,相对 Q2 年化约 +13 至 +21 亿美元；相对 FY2025 约 +43%-51%,相对 Q2 年化约 +25 至 +35 亿美元；相对 FY2025 约 +54%-63%,相对 Q2 年化约 +40 至 +55 亿美元；相对 FY2025 约 +68%-81%,EBITDA 未披露且无法可靠量化；GAAP 净利润约 47-53 亿美元,净利润,2026-06-01,"日度金融快照；源名称: Analog Devices, Inc.",基准情景。ADI NTM 收入更可能落在 158-166 亿美元，主要由 Industrial 正常兑现、Communications data center 继续高增、Automotive BMS/GMSL/ADAS 恢复、Consumer 小幅拖累或稳定共同构成。这个结论相对 Q2 年化 144.9 亿美元有绝对增量，但不是把 AI 数据中心总 Cap…,Q3 或 Q4 指引转弱；B2B bookings 从 record 转为下滑；渠道库存从 6-7 周快速上升并超过模型；data center Comms sequential 降速；Industrial 测试/A&D 项目推迟；汽车 BMS/GMSL 再次进入去库存；应收和存货增长明显快于收入且 FCF margin 下滑,分析报告/公司评估/ADI_Analog_Devices_收入传导估值评估_2026-06-01.md
118,SMCI,Super Micro Computer Inc,AI服务器_存储_EMS,25.9822,中后段,5.1563,71.7625,37.6000,24.7045,2026-06-01,47.81,$28.76B,28.760000,25.170000,14.760000,0.850000,3.800000,22.530000,1.900000,88.900000,89.200000,89.050000,-52.672500,-32.112500,-15.505000,2.052500,-28.656125,,,360-420亿美元,480-550亿美元,620-750亿美元,"850-1,050亿美元",较 FY2026 指引中点约 -9% 至 +6%,较 FY2026 指引中点约 +21%-39%,较 FY2026 指引中点约 +57%-90%,较 FY2026 指引中点约 +115%-166%,adjusted EBITDA 30-42亿美元；净利润 18-28亿美元,净利润,2026-06-01,"日度金融快照；源名称: Super Micro Computer, Inc.",基准，NTM 收入 480-550亿美元，毛利率 9.0%-10.5%，经营利润率 4.5%-6.5%。这代表 Q3 延迟收入在后续季度逐步确认、GB300/B300 正常放量、enterprise/channel 维持改善、DCBBS 和 software/services 对毛利率有帮助，但不假设 Rubin 或 Helios 大规模提前转收入,Q4 FY2026 低于指引中点；GM 低于 8%或无法恢复；客户延迟从“短期 site readiness”变成取消/重新配置；库存继续上升且 AR 回款慢；出口合规或内控问题影响客户资格、NVIDIA/AMD allocation 或银行授信,分析报告/公司评估/SMCI_Super_Micro_Computer_Inc_收入传导估值评估_2026-06-01.md
119,TSLA,Tesla,机电_冷却_工程_水处理_边缘工业AI,25.9534,中后段,9.1797,77.5250,11.0000,24.1902,2026-06-01,419.07,$1.57T,1570.000000,384.460000,166.980000,16.080000,19.140000,144.990000,1.090000,46.400000,42.400000,44.400000,-53.408000,-27.260000,-1.320000,34.740000,-19.804600,,,$90-96B,$100-108B,$112-125B,$135-155B,较 TTM 约 -8% 至 -2%,较 TTM 约 +2% 至 +10%,较 TTM 约 +14% 至 +28%,较 TTM约 +38% 至 +58%,Adjusted EBITDA $15-18B；GAAP净利润 $3.5-5.5B,净利润,2026-06-01,"日度金融快照；源名称: Tesla, Inc.；异常: TTM PE过高(384.46)；异常: EV/EBITDA过高(144.99)",基准公司。NTM 收入更可能落在 $100-108B，略高于 TTM $97.879B，但不等于高质量利润已确认。经营质量的核心是汽车毛利能否稳定、Energy 能否从 Q1 低部署恢复到 60GWh+ 年化路径、Services 是否继续改善毛利，以及 FSD 软件收入能否在不显著增加运营风险的情况下扩张,Tesla Q2/Q3 2026 deliveries 或 ASP 明显低于共识，inventory days 持续上升；Energy deployed 未恢复到 15GWh+/quarter 轨道；Energy GM 回落至 20% 段且项目应收/库存上升；capex 节奏接近 $25B+ 但 OCF 低于 $12B 年化；FSD/Robotaxi 出现…,分析报告/公司评估/TSLA_Tesla_收入传导估值评估_2026-06-01.md
120,NVMI,Nova Ltd,晶圆制造_前道设备,25.8983,中后段,5.3161,79.7000,22.9000,24.6346,2026-06-01,480.95,$15.30B,15.300000,60.190000,37.180000,16.950000,11.590000,55.210000,7.990000,67.300000,64.000000,65.650000,-52.772500,-31.642500,-15.745000,4.252500,-28.304625,,,9.2-9.9 亿美元,10.3-11.0 亿美元,11.5-12.8 亿美元,13.5-15.0 亿美元,+2%-10% vs TTM,+14%-22% vs TTM,+27%-42% vs TTM,+50%-66% vs TTM,经营利润约 3.0-3.5 亿美元；净利润约 3.0-3.6 亿美元,净利润,2026-06-01,日度金融快照；源名称: Nova Ltd.,基准偏乐观之间。更严格地说，NTM 最可能收入落在 10.3-11.0 亿美元，若 2026H2 指引继续上修且 memory/AP mix 明显提高，可向 11.5 亿美元以上移动；但当前证据不足以把 12 亿美元以上写成基准,Q3 指引低于 Q2 或显示 H1 pull-in；memory/AP 客户推迟工具验收；GM 跌破 56%；services 增速降到低个位数；应收和库存持续上升而收入不加速；管理层减少 2027 delivery 或 customer planning 的积极表述,分析报告/公司评估/NVMI_Nova_Ltd_收入传导估值评估_2026-06-01.md
121,AAON,AAON,机电_冷却_工程_水处理_边缘工业AI,25.8006,中后段,5.1732,79.7000,23.2500,23.9878,2026-06-01,138.18,$11.32B,11.320000,97.310000,41.980000,7.000000,12.110000,47.510000,1.420000,66.000000,67.900000,66.950000,-53.697500,-31.957500,-15.865000,4.677500,-28.618875,,,$1.85-2.00B,$2.10-2.25B,$2.35-2.60B,$2.80-3.05B,相对 TTM $1.617B 增长 +14%-24%,+30%-39%,+45%-61%,+73%-89%,Adj. EBITDA $340-390M；净利润 $175-220M,净利润,2026-06-01,"日度金融快照；源名称: AAON, Inc.",基准。AAON 的 NTM 经营主线是 BASX backlog 转收入 + Memphis/Longview 产能爬坡 + 毛利率从 Q1 低位修复。最可能的 NTM revenue 为 $2.10-2.25B，高于 TTM $1.617B，大体对应管理层 FY2026 指引正常兑现后，再叠加 2027Q1 的继续放量,BASX backlog 继续增加但 revenue 转化低于 Q1 run-rate；公司披露数据中心客户 timing shift/cancellation/re-issuance 增加；BASX or Coil gross margin 维持 24% 附近或更低；contract assets/inventory 继续快于收入增长；FY2026 指引…,分析报告/公司评估/AAON_AAON_收入传导估值评估_2026-06-01.md
122,NDSN,Nordson,半导体材料_化学品_基板,25.6750,中后段,1.5355,83.3250,31.3000,24.2993,2026-06-01,281.45,$15.68B,15.680000,30.040000,22.640000,5.400000,5.040000,19.620000,9.370000,33.600000,30.600000,32.100000,-53.252000,-37.320000,-28.710000,-20.000000,-36.621900,,,$2.88-3.02B,$3.05-3.16B,$3.20-3.38B,$3.45-3.65B,较 FY2025 $2.792B 约 +3-8%,较 FY2025 约 +9-13%,较 FY2025 约 +15-21%,较 FY2025 约 +24-31%,EBITDA $0.96-1.03B；调整后净利润 $0.64-0.70B,调整后净利润,2026-06-01,日度金融快照；源名称: Nordson Corporation,基准公司情景。Nordson 的 NTM 收入最可能落在 $3.05-3.16B，较 FY2025 $2.792B 继续增长，主要由 FY2026 H2 backlog、IPS 工业恢复、MFS 稳定增长和 ATS electronics dispense/test 复苏共同支撑,Q3 低于指引中点，order entry 从 broad-based 转弱，backlog YoY 明显回落；ATS 订单再次 lumpy 或 x-ray/test 验收延迟；工业涂装/聚合物/precision agriculture 恢复中断；MFS startup headwind 延续并压缩 margin,分析报告/公司评估/NDSN_Nordson_收入传导估值评估_2026-06-01.md
123,ET,Energy Transfer LP,电力_发电_能源_储能,25.5687,中后段,1.6631,77.5250,37.6000,27.1049,2026-06-01,19.33,$66.53B,66.530000,16.110000,12.660000,0.720000,2.140000,9.880000,1.200000,28.300000,27.200000,27.750000,-49.240000,-37.160000,-31.085000,-20.000000,-36.341250,,,$92-100B,$101-110B,$111-120B,$121-132B,相对 TTM 粗口径约 0-8%；相对 Q1 年化明显回落,相对 TTM 粗口径约 +9-19%；主要来自 Sunoco full-period、commodity revenue 和高利用率,相对 TTM 粗口径约 +20-30%,相对 TTM 粗口径约 +31-43%,Adjusted EBITDA $18.4-19.1B；net income attributable to partners 约 $4.8-5.7B,净利润,2026-06-01,日度金融快照；源名称: Energy Transfer LP,基准公司情景。NTM revenue 约 $101-110B，但收入可信度低于利润；Adjusted EBITDA 约 $18.4-19.1B，高于 FY2026 guide 中点但不把 2026Q1 单季完全年化；DCF 覆盖分配仍强，after-growth-capex FCF 受 $5.5-5.9B growth capex 约束,CloudBurst/Fermi/Nexus/Entergy 等关键项目 FID 或许可延期；NGL export spreads 和 terminal throughput 回落；Sunoco/Parkland/TanQuid 整合成本高于预期；storage/basis 一次性收益反转；2026Q2-Q3 指引不再上修且 capex 继续上调,分析报告/公司评估/ET_Energy_Transfer_LP_收入传导估值评估_2026-06-01.md
124,FLNC,Fluence Energy,电力_发电_能源_储能,25.4790,中后段,11.6823,57.5250,41.1000,10.5524,2026-06-01,27.83,$5.13B,5.130000,,151.460000,1.980000,10.040000,-141.570000,-0.310000,166.800000,160.000000,163.400000,-72.910000,-23.230000,18.530000,61.040000,-14.299000,1.332468,54.000000,$3.0B-$3.4B,$3.6B-$4.1B,$4.3B-$5.0B,$5.3B-$6.3B,较 TTM +16%-32%,较 TTM +39%-59%,较 TTM +66%-93%,较 TTM +105%-144%,Adjusted EBITDA $60M-$130M；GAAP 净利润约亏损至小幅盈利,EBITDA,2026-06-01,"日度金融快照；源名称: Fluence Energy, Inc.；TTM PE不适用：TTM EPS为负；异常: 负EV/EBITDA(-141.57)",基准公司情景。FLNC 的 NTM 收入最可能落在 $3.6B-$4.1B，核心来自已签 BESS backlog、FY2026 H2 交付和 FY2027 初期正常延续；数据中心和 Smartstack 是增量证据，但截至 2026-06-01 仍不应成为基准主收入,FY2026 H2 交付再次推迟；RPO 的 50%-55% 12 个月确认指引下移；GAAP GM 低于 10% 且无 mix 改善；库存继续上升而收入/回款不兑现；客户因政策、关税、融资或并网延期推迟订单,分析报告/公司评估/FLNC_Fluence_Energy_收入传导估值评估_2026-06-01.md
125,EQIX,Equinix,云算力_IDC_AI软件平台,25.2814,中后段,5.5288,77.5250,19.4000,26.6308,2026-06-01,1056.87,$104.23B,104.230000,73.290000,54.980000,10.940000,7.290000,29.740000,14.420000,28.200000,26.600000,27.400000,-49.918000,-29.760000,-16.720000,-2.810000,-27.836600,,,100.5-102.5 亿美元,104.5-106.0 亿美元,108.5-112.0 亿美元,114.0-120.0 亿美元,较 2026Q1 TTM 约 +6%-9%,较 2026Q1 TTM 约 +10%-12%,较 2026Q1 TTM 约 +15%-19%,较 2026Q1 TTM 约 +21%-27%,adjusted EBITDA 53.0-55.0 亿美元；AFFO 43.0-45.0 亿美元；净利润无法可靠量化,EBITDA,2026-06-01,"日度金融快照；源名称: Equinix, Inc.",基准情景。EQIX 的 NTM 收入最可能落在 104.5-106.0 亿美元，核心来自 colocation、interconnection 和已指引项目的正常兑现；adjusted EBITDA 约 53.0-55.0 亿美元，AFFO 约 43.0-45.0 亿美元。这个结论本质是“高可见度 recurring 基本盘 + AI 订单逐步装机”，不是…,Q2 Hampton 或其他项目收入再次后移；MRR churn 回升至 2.5% 以上并持续；interconnection/Fabric 增速回落至高个位数；AI 训练/推理容量更多迁往低电价远郊或客户自建园区；电力、变压器、switchgear、施工或许可导致 backlog 无法转 billed cabinets,分析报告/公司评估/EQIX_Equinix_收入传导估值评估_2026-06-01.md
126,MRVL,Marvell Technology,AI计算芯片_EDA_IP_custom_ASIC,25.2789,中后段,7.2993,73.9292,22.9000,20.2290,2026-06-01,223.26,$195.48B,195.480000,76.720000,36.750000,22.420000,13.220000,66.660000,2.910000,84.300000,83.400000,83.850000,-59.072500,-27.302500,-6.925000,18.902500,-23.941625,15.271875,46.542857,$11.0B-$11.8B,$12.5B-$13.1B,$13.5B-$14.3B,$14.8B-$16.0B,+26%-35% vs TTM,+43%-50% vs TTM,+55%-64% vs TTM,+70%-84% vs TTM,EBITDA 无法可靠量化；non-GAAP 净利润约 $4.0B-$4.4B,调整后净利润,2026-06-01,"日度金融快照；源名称: Marvell Technology, Inc.",基准公司。NTM 收入最可能落在 $12.5B-$13.1B，约比 FY2027 Q1 结束的 TTM 收入增长 +43%-50%。核心传导路径是 800G/1.6T optical DSP/TIA、DCI、Teralynx switch、custom XPU、XPU attach 正常爬坡，Communications and other 稳定贡献现金流,Q2 之后收入不再逐季加速；interconnect >70% 路径下修；custom program 延期 1-2 个季度；1.6T ASP 下行快于 volume；switch reference design 被 Broadcom/NVIDIA/Cisco 压制；CXL/Photonic 继续停留在 design-in；库存和预付款导致 FCF 明显…,分析报告/公司评估/MRVL_Marvell_Technology_收入传导估值评估_2026-06-01.md
127,ASGLY,AGC Inc,半导体材料_化学品_基板,25.0532,中后段,4.7818,69.7000,30.6000,31.1119,2026-06-01,8.62,$9.15B,9.150000,21.020000,,0.010000,0.980000,2.500000,0.410000,,,,-43.510000,-32.160000,-21.760000,-8.660000,-29.480000,,,¥2.05-2.15T,¥2.20-2.28T,¥2.32-2.45T,¥2.45-2.60T,相对 TTM ¥2.097T 约 -2% 至 +3%,相对 TTM 约 +5-9%,相对 TTM 约 +11-17%,相对 TTM 约 +17-24%,EBITDA ¥330-365B；归母净利润 ¥75-95B,净利润,2026-06-01,日度金融快照；源名称: AGC Inc.；Forward PE缺失或不可用；P/S极低(<0.01)，源口径需确认；call: 无期权链或数据源无覆盖；put: 无期权链或数据源无覆盖；缺Forward PE,基准公司，偏向“正常兑现到小幅正偏”。NTM 收入最可能落在 ¥2.20-2.28T，营业利润 ¥145-165B。这不是纯 AI 高增长公司情景，而是成熟材料集团的指引兑现、电子材料恢复、Performance Chemicals mix 改善和 Life Science 减亏共同组成的经营修复,EUV mask blanks H2 恢复不明显，CMP/电子材料没有连续增长，Chemicals 增长主要来自低毛利基础化学且原料成本上行，Life Science 订单或 Colorado 处置不及预期，Q2/Q3 FCF 继续被营运资本和 CapEx 吞噬,分析报告/公司评估/ASGLY_AGC_Inc_收入传导估值评估_2026-06-01.md
128,MICLF,Mycronic AB,封测_检测_计量_光罩,25.0133,中后段,9.7886,63.7000,23.6000,25.4755,2026-05-29,27.22,$4.59B,4.590000,25.820000,,,0.660000,,0.910000,,,,-51.570000,-25.170000,-0.070000,31.930000,-18.465000,,,SEK 7.6-8.2bn,SEK 8.7-9.1bn,SEK 9.6-10.4bn,SEK 11.0-12.3bn,相对 Q1 TTM -8% 至 -1%,相对 Q1 TTM +5% 至 +10%,相对 Q1 TTM +16% 至 +25%,相对 Q1 TTM +33% 至 +48%,EBITDA 2.55-3.00bn；净利润 1.65-2.00bn,净利润,2026-06-01,日度金融快照；源名称: Mycronic AB；价格日期滞后于最新交易日(2026-06-01)；Forward PE缺失或不可用；P/S缺失或不可用；EV/EBITDA缺失或不可用；call: 无期权链或数据源无覆盖；put: 无…；缺P/S；缺Forward PE,基准公司情景。NTM 收入最合理区间为 SEK 8.7-9.1bn，接近 FY2026 展望正常兑现并延续到 2027Q1；经营利润率合理区间 25-28%。这不是“AI 题材自动高增”，而是 PG 已有 backlog、GT/HV 强订单和公司上修指引共同支持的经营路径,PG 大系统验收延后或 mix 明显走弱；GT Q2/Q3 订单掉到 SEK 400-500m 以下且 backlog 被消化；HV optical modules 回到单次项目而非连续订单；PCB AS 继续低 margin 且客户下单推迟；并购整合、关税或汇率同时压低收入和 EBIT,分析报告/公司评估/MICLF_Mycronic_AB_收入传导估值评估_2026-06-01.md
129,WDC,WesternDigital,AI服务器_存储_EMS,24.6976,中后段,4.5644,77.8458,22.9000,20.8409,2026-06-01,551.30,$190.02B,190.020000,32.950000,31.300000,16.140000,26.360000,46.230000,16.730000,85.200000,81.100000,83.150000,-58.197500,-33.917500,-14.695000,6.177500,-29.958375,,,136-148 亿美元,154-168 亿美元,168-188 亿美元,188-215 亿美元,较当前 TTM continuing revenue 约 117.8 亿美元增长约 15%-26%,约 +31%-43%,约 +43%-60%,约 +60%-83%,non-GAAP 净利润约 50-61 亿美元；EBITDA 无法可靠量化,调整后净利润,2026-06-01,日度金融快照；源名称: Western Digital Corporation,基准。WDC 的 NTM 主判断是 Cloud high-capacity HDD 正常兑现、40TB UltraSMR 小比例贡献、HAMR 只作 2027 初段小额或跟踪项。对应 NTM 收入约 154-168 亿美元，non-GAAP 毛利率 50.5%-53.0%，non-GAAP 经营利润率 38.5%-41.0%，non-GAAP 净利润约 5…,Q4FY26 实际收入低于 35.5 亿美元或 GM 低于 51% 指引下沿；Cloud revenue 占比或 nearline EB 明显下滑；40TB H2 volume 延后；大客户 LTA 价格重谈；enterprise SSD/QLC 价格快速下行导致 warm/cold 边界替代；HAMR qualification 反馈不及预期,分析报告/公司评估/WDC_WesternDigital_收入传导估值评估_2026-06-01.md
130,LFUS,"Littelfuse, Inc.",配电_电源_功率器件,24.3635,中后段,1.7666,77.5250,29.2000,25.4038,2026-06-01,465.42,$11.77B,11.770000,,26.960000,4.730000,4.660000,22.640000,-1.680000,61.500000,53.000000,57.250000,-51.672500,-37.822500,-27.035000,-20.000000,-36.113375,,,$2.60-2.68B,$2.78-2.88B,$2.95-3.12B,$3.25-3.50B,较 LTM 约 +4-8%,较 LTM 约 +12-16%,较 LTM 约 +19-25%,较 LTM 约 +31-41%,adj. EBITDA $630-690M；调整后净利润约 $365-425M,调整后净利润,2026-06-01,"日度金融快照；源名称: Littelfuse, Inc.；TTM PE不适用：TTM EPS为负",基准公司。NTM 收入更可能落在 $2.78-2.88B，核心来自 Q2 指引正常兑现、FY2025 backlog 转交付、Passive/protection 强势延续、Basler $130-150M NTM 收入化和 Transportation/传统工业维持低增长,Q2 低于指引中点且订单 momentum 回落；FY2025 backlog 转交付慢；residential HVAC、commercial vehicle 和 power semiconductor 同时拖累；材料成本和关税无法转嫁；客户项目延期造成营运资本吸收,分析报告/公司评估/LFUS_Littelfuse_收入传导估值评估_2026-06-01.md
131,FN,Fabrinet,AI服务器_存储_EMS,24.1527,中后段,5.3764,69.5250,29.2000,21.0420,2026-06-01,623.61,$22.34B,22.340000,53.570000,36.110000,5.280000,9.690000,46.900000,11.640000,92.100000,86.300000,89.200000,-57.910000,-32.070000,-12.990000,10.890000,-28.172000,,,48.5-53.0 亿美元,56.5-61.5 亿美元,65.0-73.0 亿美元,77.0-85.0 亿美元,相对 TTM +14%-25%，绝对增量 +6.2-10.7 亿美元,相对 TTM +34%-45%，绝对增量 +14.2-19.2 亿美元,相对 TTM +54%-73%，绝对增量 +22.7-30.7 亿美元,相对 TTM +82%-101%，绝对增量 +34.7-42.7 亿美元,EBITDA 6.4-7.8 亿美元；净利润 5.5-6.7 亿美元,净利润,2026-06-01,日度金融快照；源名称: Fabrinet,基准情景。Fabrinet NTM 收入最可能落在 56.5-61.5 亿美元，约等于当前 FY2027 收入预期附近，主要由 DCI、HPC、datacom 新项目和现有/新增产能共同推动。它不是单纯吃行业 beta，而是把已披露项目、客户认证和制造产能逐季转成收入,datacom 因 laser/ASIC/memory 供料在 FY2027 仍无法恢复；HPC 达不到或不能维持 1.50 亿美元/季；DCI 从 Q3 高点回落；新增厂房利用率低于计划；存货和应收继续上升但收入不加速,分析报告/公司评估/FN_Fabrinet_收入传导估值评估_2026-06-01.md
132,SHECY,Shin-Etsu Chemical 信越化学,半导体材料_化学品_基板,24.0486,中后段,3.2364,69.7000,30.6000,29.5664,2026-06-01,24.55,$91.17B,91.170000,31.080000,,0.040000,3.390000,-1.370000,0.790000,,,,-45.720000,-35.420000,-25.020000,-15.420000,-32.880000,,,¥2.55-2.65T,¥2.72-2.82T,¥2.90-3.05T,¥3.15-3.35T,-1% 至 +3%,+6-10%,+13-18%,+22-30%,EBITDA ¥920-980B；净利润 ¥510-550B,净利润,2026-06-01,"日度金融快照；源名称: Shin-Etsu Chemical Co., Ltd.；Forward PE缺失或不可用；异常: 负EV/EBITDA(-1.37)；call: 无期权链或数据源无覆盖；put: 无期权链或数据源无覆盖；缺Forward PE",基准公司。NTM/FY2027 收入更可能落在 ¥2.72-2.82T，营业利润 ¥685-735B，净利润 ¥510-550B。这不是“AI 主题爆发”的线性外推，而是电子材料正常兑现、PVC/烧碱从 FY2026 低位修复、普通功能材料稳定贡献的组合,300mm 客户库存再次上升、LTA 新签价格不如预期、Isesaki 新产能爬坡慢、EUV/High-NA 路线切换削弱信越份额、PVC/烧碱价格修复失败、稀土/地缘/出口许可导致磁体交付或成本恶化,分析报告/公司评估/SHECY_Shin-Etsu_Chemical_信越化学_收入传导估值评估_2026-06-01.md
133,HPE,惠普企业,AI服务器_存储_EMS,23.8422,中后段,6.8724,62.2333,33.4000,20.2902,2026-06-01,47.33,$62.81B,62.810000,,17.320000,1.760000,2.540000,15.130000,-0.170000,96.900000,116.500000,106.700000,-58.985000,-29.645000,-6.540000,18.915000,-24.880750,,,385-400 亿美元,410-430 亿美元,435-465 亿美元,480-520 亿美元,相对 FY2025 收入 +12%-17%，但低于 FY2026 指引隐含路径,相对 FY2025 收入 +20%-25%，大体对应 FY2026 指引和 FY2027 Q1 延续,相对 FY2025 收入 +27%-36%,相对 FY2025 收入 +40%-52%,Adj. EBITDA 66-74 亿美元；non-GAAP 净利润 34-38 亿美元,调整后净利润,2026-06-01,日度金融快照；源名称: Hewlett Packard Enterprise Comp；TTM PE不适用：TTM EPS为负,基准公司。HPE 的 NTM 经营结果最可能是收入 410-430 亿美元、non-GAAP operating margin 12.0%-13.0%、Adj. EBITDA 66-74 亿美元、non-GAAP 净利润 34-38 亿美元、FCF 22-27 亿美元。这个结果本质是 FY2026 指引正常兑现、Juniper 网络高利润贡献稳定、AI b…,Q2/Q3 FY2026 AI revenue 未按指引路径放大；AI backlog 下降但收入未同步上升；DRAM/NAND 成本无法传导；Networking normalized orders 转弱或 operating margin 跌破低 20%；库存/应收恶化导致 FCF 低于 20 亿美元指引,分析报告/公司评估/HPE_惠普企业_收入传导估值评估_2026-06-01.md
134,NVDA,NVIDIA Corporation,AI计算芯片_EDA_IP_custom_ASIC,23.7761,中后段,2.3186,79.7000,20.1000,23.5385,2026-06-01,224.57,$5.44T,5440.000000,34.440000,17.740000,21.460000,34.700000,30.630000,6.520000,42.100000,39.900000,41.000000,-54.340000,-37.020000,-24.720000,-11.920000,-34.899000,,,$355-385B,$400-440B,$465-525B,$560-650B,较最近四季度 $253.5B 增长约 +40%-52%,+58%-74%,+83%-107%,+121%-156%,净利润约 $220-255B,净利润,2026-06-01,日度金融快照；源名称: NVIDIA Corporation,基准公司情景。NTM 收入最可能落在 $400-440B，经营利润率维持 64-66%，自由现金流维持极强但取决于库存、供应承诺和客户验收节奏。经营结论不是“需求是否存在”，而是“GB300、networking 和 Rubin early ramp 能否按可见路径转成收入且维持约 75% 毛利率”,Q2 收入或 Q3 指引低于当前路径；库存和供应承诺继续上升但收入确认放慢；Data Center networking 环比放缓；出口管制再次造成 charge；大客户融资、AI ROI 或电力并网导致订单延期；HBM/CoWoS/1.6T optics/液冷任一关键环节无法按客户项目交付,分析报告/公司评估/NVDA_NVIDIA_收入传导估值评估_2026-06-01.md
135,ASMVY,ASMPT,封测_检测_计量_光罩,23.5803,中后段,0.0000,69.7000,44.1000,25.1329,2026-06-01,71.04,$9.89B,9.890000,71.040000,,0.670000,4.550000,22.070000,1.000000,,,,-52.060000,-45.960000,-35.000000,-20.000000,-41.844000,,,US$2.10-2.30b,US$2.35-2.60b,US$2.70-3.05b,US$3.20-3.55b,较 2025 continuing revenue +19-31%,+34-48%,+54-73%,+82-102%,EBITDA 无官方口径；adjusted net profit 约 HK$1.7-2.4b,,2026-06-01,日度金融快照；源名称: ASMPT LTD.；Forward PE缺失或不可用；call: 无期权链或数据源无覆盖；put: 无期权链或数据源无覆盖；缺Forward PE,基准偏乐观。最稳的经营结论不是“ASMPT 是纯 AI 公司”，而是 AI/HBM/advanced packaging/AI server/optical transceiver 的设备采购正在通过 bookings 传到公司收入表。NTM continuing revenue 最可能落在 US$2.35-2.60b，若 Q2 实际靠近或高于指引中位数且…,Q2 revenue 低于指引中位数且 Q3 bookings 回落；Q1 SMT record bookings 被证明是一次性拉货；TCB/C2W repeat order 不延续；photonics 从 5x 小基数回落；库存/应收上升导致 FCF 明显弱于利润,分析报告/公司评估/ASMVY_ASMPT_收入传导估值评估_2026-06-01.md
136,SNPS,Synopsys,AI计算芯片_EDA_IP_custom_ASIC,23.2707,中后段,0.5971,79.7000,22.9000,24.3129,2026-06-01,491.14,$94.04B,94.040000,112.130000,28.520000,10.840000,3.080000,58.620000,4.380000,51.400000,51.900000,51.650000,-53.232500,-40.502500,-31.255000,-20.000000,-38.686375,,,9.8-10.2B,10.5-11.0B,11.3-12.0B,12.5-13.5B,较 FY2026 指引中点 +1-6%；较基准 NTM 低约 0.5-1.2B,较 FY2026 指引中点 +9-14%,较 FY2026 指引中点 +17-24%；较基准高约 0.3-1.0B,较 FY2026 指引中点 +29-40%；较基准高约 1.5-2.5B,non-GAAP 净利 2.8-3.1B；EBITDA 无法可靠量化,调整后净利润,2026-06-01,"日度金融快照；源名称: Synopsys, Inc.",基准情景。Synopsys 的 NTM 收入最可能落在 10.5-11.0B，较 FY2026 指引中点实现低双位数增长；核心收入来自 Design Automation、Ansys 全期贡献和 Design IP 温和恢复。利润上，non-GAAP operating margin 最可能保持 41-42%，FCF 约 2.1-2.4B，经营质量仍强,H2 bookings 或 backlog 明显弱于收入确认；Design IP sequential recovery 失败；出口限制扩大；客户内部化 IP/EDA automation；AI CapEx ROI 压力导致 hyperscaler 推迟 ASIC tapeout；Ansys 销售和产品整合慢于预期并拖累费用率,分析报告/公司评估/SNPS_Synopsys_收入传导估值评估_2026-06-01.md
137,BWXT,BWX Technologies,电力_发电_能源_储能,23.0344,中后段,0.0000,77.5250,29.2000,21.8287,2026-06-01,187.72,$17.20B,17.200000,50.190000,36.140000,5.090000,13.430000,41.870000,3.740000,51.700000,53.300000,52.500000,-56.785000,-44.935000,-35.000000,-20.000000,-42.327750,,,$3.65-3.85B,$3.95-4.15B,$4.25-4.55B,$4.65-5.00B,约 +8-14% vs 近似 TTM $3.376B；相对 2025 收入约 +14-20%,约 +17-23% vs 近似 TTM；相对 2025 收入约 +23-30%,约 +26-35% vs 近似 TTM；相对 2025 收入约 +33-42%,约 +38-48% vs 近似 TTM；相对 2025 收入约 +45-56%,Adj. EBITDA $675-720M；non-GAAP 净利润约 $430-470M量级，需按税率/利息/调整项校准,调整后净利润,2026-06-01,"日度金融快照；源名称: BWX Technologies, Inc.",基准。NTM 收入最合理区间为 $3.95-4.15B，相对 2025 收入和近似 TTM 仍有双位数增长；利润端 Adj. EBITDA 更可能落在 $675-720M，自由现金流方向为 $330-390M，高于 2026 指引中点但仍受增长 capex 和合同资产节奏影响,Government 合同确认后移或拨款扰动；Commercial 核制造固定价成本重估；Kinectrics 整合不及预期；PCG 延迟或整合成本上升；特殊材料项目处于低 margin 工程阶段；商业核客户项目推迟,分析报告/公司评估/BWXT_BWX_Technologies_收入传导估值评估_2026-06-01.md
138,META,Meta Platforms,云算力_IDC_AI软件平台,22.9193,中后段,0.0000,77.5250,28.8500,21.1329,2026-06-01,606.00,$1.54T,1540.000000,22.030000,16.760000,7.160000,6.310000,14.740000,27.510000,37.800000,35.700000,36.750000,-57.780000,-47.120000,-35.000000,-20.000000,-43.510000,,,"2,360-2,460 亿美元","2,580-2,700 亿美元","2,780-2,980 亿美元","3,100-3,350 亿美元",较 TTM +10-14%,较 TTM +20-26%,较 TTM +29-39%,较 TTM +44-56%,"EBITDA 1,250-1,450 亿美元；税项正常化净利润 760-880 亿美元",净利润,2026-06-01,"日度金融快照；源名称: Meta Platforms, Inc.","基准公司情景。Meta NTM revenue 最可能落在 2,580-2,700 亿美元，较 TTM 约 +20-26%；广告仍是绝对主收入和主利润池，AI 的 NTM 经营价值主要体现在广告 ROI、推荐效率、创意自动化、商家转化和 engagement，而不是 Meta AI 独立收费",Q2 revenue 低于 580 亿美元或 Q3 指引明显降速；广告 price per ad 转负或 impressions 增长大幅放缓；FY2026 expenses 或 CapEx 再次显著上修但 revenue 指引未同步上修；MTIA/外部云容量上电延迟或利用率不足；监管/隐私政策直接削弱广告定向和商业消息变现,分析报告/公司评估/META_Meta_Platforms_收入传导估值评估_2026-06-01.md
139,COHR,Coherent,AI网络_光互联_连接器,22.6988,中后段,4.3420,72.0125,19.4000,19.4598,2026-06-01,361.89,$70.80B,70.800000,172.330000,44.700000,10.720000,6.630000,54.850000,2.100000,85.100000,91.800000,88.450000,-60.172500,-35.182500,-13.765000,8.602500,-30.447625,,,$7.7-8.4B,$8.9-9.7B,$10.0-10.9B,$11.2-12.4B,较 FY2026 指引中点约 +9%-19%,+26%-38%,+42%-55%,+59%-76%,Non-GAAP 经营利润 $1.85-2.15B；净利润 $1.35-1.60B,调整后净利润,2026-06-01,日度金融快照；源名称: Coherent Corp.,基准偏乐观之间。NTM 收入更可能落在 $8.9-9.7B 的基准区间上半部，前提是 Q4 FY26 指引兑现、D&C 继续环比增长、6 英寸 InP ramp 没有明显良率问题。利润最可能随收入增长继续改善，但 FCF 质量要等库存、capex 和客户预付款/回款数据验证,Q4 或 Q1 FY27 收入低于指引/当前 run-rate，D&C 增长掉到个位数；800G/1.6T ASP 下行快于良率改善；6 英寸 InP 扩产延迟或成本不降；OCS/CPO 仅停留在 demo；capex 和库存继续上升但订单/收入确认放缓,分析报告/公司评估/COHR_Coherent_收入传导估值评估_2026-06-01.md
140,AMD,Advanced Micro Devices,AI计算芯片_EDA_IP_custom_ASIC,22.6904,中后段,2.3926,76.9000,18.0000,21.1643,2026-06-01,511.91,$834.72B,834.720000,171.210000,39.150000,22.290000,12.940000,112.120000,2.990000,73.700000,69.300000,71.500000,-57.735000,-36.135000,-24.260000,-8.635000,-34.736250,,,470-520 亿美元,560-620 亿美元,680-820 亿美元,950-1150 亿美元,较过去 12 个月约 374.5 亿美元增长约 25%-39%,较过去 12 个月增长约 50%-66%,较过去 12 个月增长约 82%-119%,较过去 12 个月增长约 154%-207%,非 GAAP 净利润约 130-170 亿美元；EBITDA 约 170-210 亿美元,净利润,2026-06-01,"日度金融快照；源名称: Advanced Micro Devices, Inc.；异常: EV/EBITDA过高(112.12)",基准公司。AMD 在 NTM 内最可能实现 560-620 亿美元收入、56%-58% 毛利率、26%-30% 经营利润率。该情景的核心不是把所有 AI 数据中心 capex 分给 AMD，而是 Q1/Q2 高 run-rate、MI350/MI355X 正常出货、EPYC 稳定增长、MI450/Helios 首批小额确认、Client/Gaming 与 …,MI350 需求仍有但份额、ASP、出货或客户验收弱于预期；MI450 首批延迟到 NTM 之外；HBM/CoWoS 或出口限制影响交付；Client/Gaming 周期下行抵消 Data Center 增长；高采购承诺和库存导致 FCF 明显低于利润,分析报告/公司评估/AMD_Advanced_Micro_Devices_收入传导估值评估_2026-06-01.md
141,FORM,FormFactor,封测_检测_计量_光罩,22.1718,中后段,4.5252,69.4292,19.4000,18.8654,2026-06-01,116.77,$9.10B,9.100000,134.220000,42.950000,10.840000,8.600000,68.720000,0.870000,99.500000,89.800000,94.650000,-61.022500,-34.442500,-13.145000,9.452500,-30.044625,,,$0.88-0.94B,$0.99-1.06B,$1.13-1.23B,$1.30-1.45B,较 FY2025 +12%-20%；较基准中点少约 $85-180M,较 FY2025 +26%-35%；接近 Q1/Q2 run-rate 延续并小幅上修,较 FY2025 +44%-57%；较基准中点多约 $105-205M,较 FY2025 +66%-85%；较基准中点多约 $275-425M,EBITDA 无法可靠量化；non-GAAP operating income 约 $225-270M；GAAP net income 随重组/启动费用正常化而改善,调整后净利润,2026-06-01,"日度金融快照；源名称: FormFactor, Inc.",基准偏乐观之间。FORM 的可确认收入已经从 2025 年 $785M 跳到 Q1/Q2 接近 $0.9-1.0B 年化 run-rate，DRAM/HBM 和 F&L 是 A 级证据支持的主线。最稳的 NTM 主表应放在 $0.99-1.06B，若 2026Q2 后 DRAM 与 F&L 连续创新高，可向 $1.13-1.23B 乐观情景移动,Q2 低于指引或 Q3 指引转弱；SK hynix/NVIDIA 或其他大客户订单节奏明显后移；DRAM/HBM revenue 回落到低于 $75M/季；F&L 回落到低于 $100M/季；non-GAAP GM 回到 45% 以下；Systems 继续下滑且 CPO 无订单信号,分析报告/公司评估/FORM_FormFactor_收入传导估值评估_2026-06-01.md
142,APH,Amphenol 安费诺,AI网络_光互联_连接器,22.0543,中后段,0.0000,77.5250,26.7500,15.2133,2026-06-01,146.30,$179.98B,179.980000,42.040000,25.960000,6.950000,12.870000,24.140000,3.480000,57.200000,52.600000,54.900000,-66.245000,-56.365000,-35.000000,-20.000000,-49.363250,,,310-325 亿美元,340-358 亿美元,368-395 亿美元,400-440 亿美元,较 TTM 约 +51-66 亿美元，+20-25%,较 TTM 约 +81-99 亿美元，+31-38%,较 TTM约 +109-136 亿美元，+42-53%,较 TTM 约 +141-181 亿美元，+54-70%,调整后净利润 57-64 亿美元；EBITDA 无法可靠量化,调整后净利润,2026-06-01,日度金融快照；源名称: Amphenol Corporation,基准偏上，NTM 收入 340-358 亿美元，调整后经营利润率 26.0-27.3%，调整后净利润 57-64 亿美元。这代表 Q2 指引、Q1 订单、IT Datacom run-rate 和 CCS 年贡献正常兑现，但不把 1.6T/224G/800VDC 的长期期权提前全部收入化,Q2 以后订单 book-to-bill 快速跌破 1.0；IT Datacom 环比转弱；CCS 整合导致 Communications margin 明显低于 28%；客户 AI 园区因电力/冷却/融资后移；普通线缆和结构化布线价格下降快于高端 mix 改善,分析报告/公司评估/APH_Amphenol_安费诺_收入传导估值评估_2026-06-01.md
143,VSH,Vishay Intertechnology,配电_电源_功率器件,21.9572,中后段,5.9274,58.5042,31.3000,17.5717,2026-06-01,55.88,$7.61B,7.610000,5588.500000,36.250000,2.380000,3.660000,26.750000,0.010000,123.500000,107.800000,115.650000,-62.872500,-31.742500,-7.645000,18.102500,-26.959625,,,3.20-3.45B 美元,3.60-3.85B 美元,4.05-4.45B 美元,4.75-5.35B 美元,+4%-12%,+17%-25%,+32%-45%,+55%-74%,EBITDA 360-470M；净利润 90-180M,净利润,2026-06-01,"日度金融快照；源名称: Vishay Intertechnology, Inc.；异常: TTM PE过高(5588.50)",基准情景。VSH 的 NTM 收入最可能落在 3.60-3.85B 美元，较 FY2025 约 +17%-25%，毛利率 22%-24%，经营利润率 4%-6%。这不是把 AI 行业增速直接套到公司，而是 Q2 指引、Q1 backlog、分部 BTB 和普通电子周期复苏共同兑现后的结果,Q2 指引未兑现或 Q3 指引转弱；总 BTB 回落到 1 附近且 backlog months 下降；分销库存上升、订单取消或延后；MOSFET ASP 继续下降且毛利率低于 mid-teens；CapEx 和库存导致 FCF 持续显著为负,分析报告/公司评估/VSH_Vishay_Intertechnology_收入传导估值评估_2026-06-01.md
144,LRCX,Lam Research,晶圆制造_前道设备,21.9327,中后段,0.0000,79.7000,22.9000,14.2168,2026-06-01,316.91,$396.32B,396.320000,60.020000,39.900000,18.280000,37.440000,50.570000,5.280000,69.300000,59.900000,64.600000,-67.670000,-60.050000,-35.000000,-20.000000,-51.306500,,,24.5-26.5B,28.5-30.5B,31.5-34.0B,35.0-39.0B,vs TTM +2.8-4.8B / +13-22%,vs TTM +6.8-8.8B / +31-41%,vs TTM +9.8-12.3B / +45-57%,vs TTM +13.3-17.3B / +61-80%,EBITDA 未披露；净利润估 8.6-9.7B,净利润,2026-06-01,日度金融快照；源名称: Lam Research Corporation,基准偏乐观的经营兑现，即 NTM 收入 28.5-30.5B 美元、毛利率 50.0-51.2%、经营利润率 36.0-38.0%、净利润约 8.6-9.7B 美元。这个结论的核心不是 Lam 直接卖给 AI 数据中心，而是 AI/HBM/advanced foundry 把客户 WFE、服务和高端工具 mix 抬高,Q4 FY26 落在指引低端或低于指引；China 出口许可收紧导致可确认收入后移；NAND conversion 转收入低于预期；客户 cleanroom/厂务/field service 不能支撑安装；毛利率跌回 48-49% 且 CSBG 增长放慢,分析报告/公司评估/LRCX_Lam_Research_收入传导估值评估_2026-06-01.md
145,ASMIY,ASM International,晶圆制造_前道设备,21.5527,中后段,0.0000,75.7000,22.9000,19.2168,2026-06-01,1017.45,$49.74B,49.740000,43.500000,31.660000,15.560000,9.950000,45.960000,23.390000,,,,-60.520000,-52.320000,-35.000000,-20.000000,-46.398000,,,€3.55-3.75B,€4.0-4.2B,€4.3-4.6B,€4.7-5.1B,较 TTM €3.20B 约 +11-17%；但低于基准 €0.35-0.65B,较 TTM 约 +25-31%,较 TTM 约 +35-44%；高于基准 €0.2-0.5B,较 TTM 约 +47-60%；高于基准 €0.6-1.0B,调整后经营利润 €1.20-1.34B；净利润估算 €0.96-1.08B,净利润,2026-06-01,日度金融快照；源名称: ASM International N.V.；call: 无期权链或数据源无覆盖；put: 无期权链或数据源无覆盖,基准。ASM 的 NTM 收入最可能落在 €4.0-4.2B，高于 FY2025 和当前 TTM，主因是先进 logic/foundry ALD+Epi 正常兑现、HBM/advanced DRAM healthy growth、services 稳定增长。利润质量最可能保持在高位，但不应把 Q1 53.3% GM 和 33.1% 调整后 OM 机械外推到…,Q2 落在指引低端且 H2 不明显高于 H1；logic/foundry 或 memory 订单/客户 capex 延后；中国出口管制影响扩大；应收账款和营运资本继续恶化；services 增速回落而费用保持投入,分析报告/公司评估/ASMIY_ASM_International_收入传导估值评估_2026-06-01.md
146,AOSL,Alpha and Omega Semiconductor,配电_电源_功率器件,21.2404,中后段,11.0213,48.0792,22.5500,16.6976,2026-06-01,43.38,$1.30B,1.300000,,-107.100000,1.900000,1.620000,86.100000,-3.600000,123.900000,108.600000,116.250000,-64.122500,-25.872500,12.315000,56.352500,-15.753125,,,650-690M 美元,710-770M 美元,820-900M 美元,"950-1,080M 美元",约 -5% 至 +1% vs TTM 685M,约 +4% 至 +12% vs TTM 685M,约 +20% 至 +31% vs TTM 685M,约 +39% 至 +58% vs TTM 685M,EBITDA 35-60M；净利接近盈亏平衡或小幅亏损,EBITDA,2026-06-01,日度金融快照；源名称: Alpha and Omega Semiconductor L；TTM PE不适用：TTM EPS为负；异常: Forward PE为负(-107.10),基准情景。AOSL 的 NTM 收入最合理落点是 710-770M 美元，较 TTM 约 685M 美元有中高个位数到低双位数增长；增长来自 Advanced Computing 的 48V hot-swap/IBC MOSFET、Power IC 局部修复、smartphone battery protection 和工业/电源业务温和恢复，而不是 80…,FY2026 Q4 收入低于 158M 指引低端或 GM 无法接近 22%；Advanced Computing 环比回落；Power IC 继续低迷；smartphone protection 新机型份额/ASP 下降；库存继续上升并造成现金流和毛利压力,分析报告/公司评估/AOSL_Alpha_and_Omega_Semiconductor_收入传导估值评估_2026-06-01.md
147,CAMT,Camtek,封测_检测_计量_光罩,21.2322,中后段,0.0000,77.0125,22.9000,13.1241,2026-06-01,163.32,$7.52B,7.520000,166.650000,36.090000,15.070000,11.020000,55.740000,0.980000,90.700000,62.200000,76.450000,-69.232500,-52.942500,-35.000000,-20.000000,-48.420625,,,$560-600M,$610-650M,$700-760M,$820-900M,+12-20%,+22-30%,+40-52%,+64-80%,EBITDA 无法可靠量化；non-GAAP 净利润约 $180-220M,调整后净利润,2026-06-01,日度金融快照；源名称: Camtek Ltd.,基准情景。Camtek 的 NTM 经营主线是 $610-650M 收入、non-GAAP GM 52.0-54.5%、non-GAAP OPM 28-31%，对应 HBM、OSAT CoWoS-like、Hawk/Eagle 新平台和少量软件 attach 的正常兑现,Q3/Q4 指引无法体现 H2 >25% 的斜率、OSAT 订单交付或验收延迟、HBM >$260M forecast 大部分后移、Hawk lead time 未拉长或 repeat orders 不出现、China/export 或地缘因素影响高端设备交付,分析报告/公司评估/CAMT_Camtek_收入传导估值评估_2026-06-01.md
148,MTSI,MACOM Technology Solutions,AI网络_光互联_连接器,21.1985,中后段,3.5486,74.9000,13.1000,10.6573,2026-06-01,349.73,$26.68B,26.680000,150.100000,51.090000,24.850000,19.390000,117.320000,2.330000,78.400000,74.200000,76.300000,-72.760000,-36.150000,-12.880000,18.465000,-32.193000,17.495082,58.316940,$1.23B-$1.35B,$1.45B-$1.60B,$1.70B-$1.95B,$2.10B-$2.40B,相对 Q2 TTM +14%-26%；相对 Q3 指引年化 -8% 至 +1%,相对 Q2 TTM +35%-49%；高于 Q3 指引年化 +8%-19%,相对 Q2 TTM +58%-81%；高于 Q3 指引年化 +27%-46%,相对 Q2 TTM +95%-123%；高于 Q3 指引年化 +57%-79%,调整后净利润约 $410M-$505M；EBITDA 无法可靠量化，方向明显上行,调整后净利润,2026-06-01,日度金融快照；源名称: MACOM Technology Solutions Hold；异常: EV/EBITDA过高(117.32),基准公司情景。NTM 收入最可能落在 $1.45B-$1.60B，相对 Q2 TTM 约 +35%-49%。传导路径是：AI 光互联需求强 -> Data Center 800G/1.6T 高速器件正常放量 -> Q3 指引和 FY2026 DC 60%+ 兑现 -> I&D 防务/RF 保持中高双位数增长 -> Telecom 低增长但不拖累过大。基准不…,Q3 虽达指引但 Q4 指引低于市场/订单节奏；book-to-bill 回落到 1.0x 附近；Data Center 增长没有带来 GM 上行；库存增加明显快于收入；I&D 项目验收或 Telecom/SATCOM 后移,分析报告/公司评估/MTSI_MACOM_Technology_Solutions_收入传导估值评估_2026-06-01.md
149,FCEL,FuelCell Energy,电力_发电_能源_储能,21.0829,中后段,20.9748,26.7367,18.0000,13.2465,2026-06-01,21.24,$1.13B,1.130000,,-11.640000,6.630000,1.610000,-14.000000,-6.490000,167.200000,162.700000,164.950000,-69.057500,-31.117500,54.525000,203.277500,6.144625,,,$125-155M,$165-205M,$240-340M,$430-650M,-26% 到 -8% vs Q1 后 TTM 约 $169M,-2% 到 +21%,+42% 到 +101%,+154% 到 +284%,Adj. EBITDA -$75M 到 -$50M；净亏损 -$90M 到 -$120M 区间仍可能,净利润,2026-06-01,"日度金融快照；源名称: FuelCell Energy, Inc.；TTM PE不适用：TTM EPS为负；异常: Forward PE为负(-11.64)；异常: 负EV/EBITDA(-14.00)",基准到偏乐观之间，但更接近基准。严格收入确认下，FCEL NTM 最可能仍是 GGE/CGN 模块替换、service、generation、Advanced Technologies 的组合，数据中心贡献以 $0-10M 小额早期收入或 pipeline 跟踪为主。公司 NTM 收入结论为 $165-205M，若首批数据中心 firm order 披露并…,GGE/CGN remaining modules 再次延迟；product backlog 消耗后没有新增；generation fuel cost 或可用率继续拖累；data center disclosures 继续停留在 proposal/LOI；公司为维持现金继续大规模 ATM 融资但订单不转化,分析报告/公司评估/FCEL_FuelCell_Energy_收入传导估值评估_2026-06-01.md
150,OKLO,Oklo Inc,电力_发电_能源_储能,20.9569,尾部/高风险,8.6118,52.3375,17.6500,24.1171,2026-06-01,68.36,$11.89B,11.890000,,-81.480000,,4.500000,-54.790000,-0.840000,107.100000,86.600000,96.850000,-53.512500,-26.142500,-3.115000,21.912500,-21.054125,,,0-3,3-15,15-60,60-120,从 0 起步，N.M.,从 0 起步，N.M.,从 0 起步，N.M.,从 0 起步，N.M.,净亏损约 -120 至 -210,净利润,2026-06-01,日度金融快照；源名称: Oklo Inc.；TTM PE不适用：TTM EPS为负；异常: Forward PE为负(-81.48)；P/S缺失或不可用；异常: 负EV/EBITDA(-54.79)；缺P/S,基准情景。OKLO 在 NTM 内最可能实现 3-15 百万美元小额收入，核心售电收入仍为 0，经营亏损和自由现金流为负。经营价值的主要增量不是收入规模，而是 Meta/Ohio、Idaho/DOE、燃料路径和 Atomic Alchemy 是否把项目从“主题和管线”推进到“可融资、可许可、可确认收入”的阶段,Meta 预付款和站点工作延迟；Switch 仍长期停留在非约束框架；Atomic Alchemy 未形成收入；PDC/NSDA 之后的安全分析、燃料或许可节点停滞；投资活动现金消耗上升但客户/政府资金没有同步进入,分析报告/公司评估/OKLO_Oklo_Inc_收入传导估值评估_2026-06-01.md
151,MPWR,Monolithic Power Systems,配电_电源_功率器件,20.5017,尾部/高风险,0.0000,79.0333,14.5000,12.2937,2026-06-01,1545.33,$75.92B,75.920000,110.860000,51.240000,25.670000,20.650000,88.190000,13.940000,73.700000,69.500000,71.600000,-70.420000,-58.600000,-35.000000,-20.000000,-51.204000,,,$3.35-3.55B,$3.80-4.00B,$4.30-4.65B,$4.90-5.30B,较 TTM $2.957B 增长约 +13-20%,+29-35%,+45-57%,+66-79%,净利润约 $0.90-1.02B,净利润,2026-06-01,"日度金融快照；源名称: Monolithic Power Systems, Inc.",基准公司情景。NTM 收入更可能落在 $3.80-4.00B，较 TTM 增长约 +29-35%。经营传导主线是 Enterprise Data 从 Q1 $262.8M 和 2026 +85% floor 继续转收入，Comms optical/switch 维持高于公司平均的增长，S&C 中 data-center storage 抵消 noteboo…,Q2 指引后 Q3/Q4 Enterprise Data 环比放缓；Comms 高增被 800G ASP 下降抵消；inventory days 上升但订单不兑现；GM 低于 55% 且 SG&A/R&D 费用率未下降；管理层不再上修或确认 ED/Comms 可见度,分析报告/公司评估/MPWR_Monolithic_Power_Systems_收入传导估值评估_2026-06-01.md
152,STX,Seagate Technology,AI服务器_存储_EMS,20.2931,尾部/高风险,0.0000,73.0542,22.9000,12.4423,2026-06-01,921.07,$206.53B,206.530000,87.220000,34.830000,18.760000,437.770000,57.000000,10.560000,89.500000,82.400000,85.950000,-70.207500,-54.817500,-35.000000,-20.000000,-49.459375,,,13.2-14.2B,14.8-15.8B,16.4-17.8B,18.8-20.5B,较 FY2026E +1.2-2.2B，约 +10-18%,较 FY2026E +2.8-3.8B，约 +23-32%,较 FY2026E +4.4-5.8B，约 +37-48%,较 FY2026E +6.8-8.5B，约 +56-71%,EBITDA 6.1-7.1B；净利润 4.7-5.6B,净利润,2026-06-01,日度金融快照；源名称: Seagate Technology Holdings PLC,基准情景。STX 的 NTM 经营结果最可能是收入 14.8-15.8B、毛利率 49-52%、non-GAAP 经营利润率 39-43%，核心由 Data Center nearline HDD 和 Mozaic/HAMR mix 正常兑现驱动。相对 FY2026E 12.02B，这已经是明显绝对增长和利润率扩张，不需要把 Mozaic 5+ 或远期 1…,FY2026 Q4 低于指引低端或 Q4 后管理层不再给出顺序增长信号；Mozaic qualification 或 volume ramp 延后；Data Center revenue/TB 转为下降；库存/WIP、warranty 或 capex 异常上升；WD/Toshiba 在关键客户获得大额替代份额；AI 数据中心上电和客户预算后移,分析报告/公司评估/STX_Seagate_Technology_收入传导估值评估_2026-06-01.md
153,ORCL,Oracle Corporation,云算力_IDC_AI软件平台,19.9614,尾部/高风险,0.0000,73.0958,22.9000,9.0332,2026-06-01,249.51,$717.60B,717.600000,44.720000,31.060000,11.200000,21.390000,28.350000,5.580000,87.900000,83.800000,85.850000,-75.082500,-58.312500,-35.000000,-20.000000,-52.007125,,,$78-84B,$88-92B,$98-105B,$110-125B,较 FY2026 指引 $67B 增加 $11-17B，约 +16-25%,较 FY2026 指引增加 $21-25B，约 +31-37%,较 FY2026 指引增加 $31-38B，约 +46-57%,较 FY2026 指引增加 $43-58B，约 +64-87%,GAAP 净利润约 $17-22B；EBITDA 无法可靠量化,净利润,2026-06-01,日度金融快照；源名称: Oracle Corporation,基准公司情景。Oracle FY2027 收入最可能围绕 $88-92B，接近公司 $90B 指引；经营质量取决于 OCI AI capacity 是否按期计费，以及高毛利数据库/SaaS/软件支持能否抵消 AI infrastructure 的资本强度,Q4 FY2026 cloud revenue 低于指引；RPO 新增放缓且 12 个月确认比例下降；已签客户项目发生延迟/重排；Oracle 需要更多自有融资支持 AI capacity；AI infra margin 跌破约 25-28%；FCF 负值扩大而没有客户预付款或租赁融资缓冲,分析报告/公司评估/ORCL_Oracle_Corporation_收入传导估值评估_2026-06-01.md
154,AVGO,Broadcom,AI计算芯片_EDA_IP_custom_ASIC,19.9206,尾部/高风险,0.0000,77.5250,20.1000,2.5210,2026-06-01,461.65,$2.19T,2190.000000,89.820000,24.890000,32.010000,27.370000,58.230000,5.140000,62.000000,60.200000,61.100000,-84.395000,-65.000000,-35.000000,-20.000000,-56.879000,,,$96-108B,$114-128B,$136-155B,$170-195B,较 FY2025 收入约 +50-69%；较 Q2 FY2026 指引年化约 +9-23%,较 FY2025 约 +78-100%；较 Q2 年化约 +30-45%,较 FY2025 约 +113-143%；较 Q2 年化约 +55-76%,较 FY2025 约 +166-205%；较 Q2 年化约 +93-122%,调整后 EBITDA $76-87B；GAAP 净利润无法可靠量化,EBITDA,2026-06-01,日度金融快照；源名称: Broadcom Inc.,基准公司情景，即 NTM 收入 $114-128B、调整后 EBITDA $76-87B、FCF $43-52B。这个情景不是行业 TAM 外推，而是 Q2 FY2026 指引、AI backlog、AI networking mix、软件 RPO 和非 AI 半导体 run-rate 的合成,Q2 或后续指引低于 $22.0B/$10.7B 当前锚点；AI backlog 转化明显慢于 18 个月路径；AI networking mix 回落或 switch backlog 延迟；大客户 ASIC 项目改期、降规格或切换供应商；VMware 续约折扣扩大、客户流失或监管压力影响现金流,分析报告/公司评估/AVGO_Broadcom_收入传导估值评估_2026-06-01.md
155,ONTO,Onto Innovation,封测_检测_计量_光罩,19.8051,尾部/高风险,0.0000,72.3375,22.9000,9.1381,2026-06-01,254.56,$12.66B,12.660000,118.950000,26.800000,12.290000,6.020000,45.680000,2.140000,89.300000,75.600000,82.450000,-74.932500,-64.442500,-35.000000,-20.000000,-54.735625,,,$1.22-1.30B,$1.40-1.50B,$1.58-1.75B,$1.85-2.05B,+18-26%,+36-46%,+53-70%,+79-99%,EBITDA 无法可靠量化；non-GAAP 净利润约 $350-420M,调整后净利润,2026-06-01,日度金融快照；源名称: Onto Innovation Inc.,基准偏乐观。NTM 公司收入最可能落在 $1.40-1.50B，若 2026Q2 后 Q3/Q4 指引继续上修并确认 G5/3Di 交付节奏，可能向 $1.58B+ 迁移,Q2 达成但 Q3 指引不升；backlog 转收入慢；客户把 2026 工具推到 2027；G5 验收或 precision optics 影响交付；Semilab H2 低于计划；成熟 specialty/power 下滑大于 AP 增量；non-GAAP GM 低于 55% 且费用率无杠杆,分析报告/公司评估/ONTO_Onto_Innovation_收入传导估值评估_2026-06-01.md
156,VICR,Vicor Corporation,配电_电源_功率器件,19.6806,尾部/高风险,3.3474,65.1292,14.5000,16.2605,2026-06-01,325.23,$14.82B,14.820000,109.140000,58.600000,34.740000,20.690000,185.660000,2.980000,101.000000,98.500000,99.750000,-64.747500,-35.922500,-15.785000,4.252500,-32.635625,,,$540-590M,$630-670M,$740-820M,$900M-1.05B,约 +14%-25% vs reported TTM；约 +27%-38% vs ex-settlement TTM,约 +34%-42% vs reported TTM；约 +48%-57% vs ex-settlement TTM,约 +57%-74% vs reported TTM；约 +73%-92% vs ex-settlement TTM,约 +91%-123% vs reported TTM；约 +111%-146% vs ex-settlement TTM,EBITDA $130-170M；净利润 $85-115M,净利润,2026-06-01,日度金融快照；源名称: Vicor Corporation；异常: EV/EBITDA过高(185.66),基准情景。Vicor 的 NTM 经营传导最可能是 $630-670M 收入、55%-58% 毛利率、18%-23% 经营利润率。这个基准已经隐含 Q2 接近 $126M、H2 明显爬坡、existing royalty 维持、Advanced hardware 将 backlog 转收入；它不是保守平稳情景，而是“当前强订单正常兑现”情景,Q2 收入低于约 $120M、backlog 不再增长或出现取消、Advanced revenue 继续卡在 $60-65M/Q、gross margin 低于 53%、VPD ramp 推迟到 2027、或客户转向自研/竞品 IVR/semi-IVR/非侵权 bus converter,分析报告/公司评估/VICR_Vicor_Corporation_收入传导估值评估_2026-06-01.md
157,BESIY,BE Semiconductor,封测_检测_计量_光罩,19.4834,尾部/高风险,1.9080,69.7000,6.4500,22.6154,2026-06-01,325.25,$25.76B,25.760000,146.510000,,40.760000,48.480000,125.180000,2.220000,,,,-55.660000,-39.060000,-24.810000,-8.910000,-35.802500,,,€0.80-0.88B,€0.92-1.03B,€1.08-1.22B,€1.28-1.45B,较 FY2025 +35%-49%,较 FY2025 +56%-74%,较 FY2025 +83%-106%,较 FY2025 +116%-145%,EBITDA €0.35-0.43B / 净利 €0.25-0.32B,EBITDA,2026-06-01,日度金融快照；源名称: BE Semiconductor Industries N.V；Forward PE缺失或不可用；异常: EV/EBITDA过高(125.18)；call: 无期权链或数据源无覆盖；put: 无期权链或数据源…；缺Forward PE,基准情景。Besi 的 NTM 经营结论是从 FY2025 €591.3M 收入和 2026Q1 €184.9M 收入向 €0.92-1.03B NTM 收入台阶切换，核心由 2.5D AI die attach、TCB、部分 hybrid bonding、photonics 和传统装配恢复共同驱动。这个结论依赖 Q2 指引兑现和 Q3/Q4 订单不快速降温,Q2 指引兑现后 Q3 订单明显降温；客户推迟/取消 hybrid bonding 或 TCB 订单；HBM4 量产路线继续延后且 Besi 未在 TCB/2.5D 弥补；供应链扩张导致交付慢或毛利下滑；中国/亚洲客户受贸易或资本开支限制削减订单,分析报告/公司评估/BESIY_BE_Semiconductor_收入传导估值评估_2026-06-01.md
158,SMTC,Semtech Corporation,AI网络_光互联_连接器,19.2016,尾部/高风险,0.0000,69.3250,22.9000,9.7308,2026-06-01,147.88,$13.78B,13.780000,,38.060000,12.640000,23.960000,96.000000,-0.410000,100.500000,89.300000,94.900000,-74.085000,-61.565000,-35.000000,-20.000000,-53.271250,,,1.20-1.30B,1.36-1.48B,1.55-1.75B,1.90-2.25B,较 FY2026 +14-24%,较 FY2026 +30-41%,较 FY2026 +48-67%,较 FY2026 +81-114%,调整后 EBITDA 320-370M；GAAP 净利无法可靠量化,EBITDA,2026-06-01,日度金融快照；源名称: Semtech Corporation；TTM PE不适用：TTM EPS为负,基准。Semtech 当前不是只有主题相关性，Q1 Data Center 71.6M 和 Q2 总收入 328M 指引已经说明 AI 互联需求能进入收入表；但公司没有披露逐产品 backlog、客户份额或 1.6T 多季度订单，因此不能把行业高速增长全部转成公司 NTM 收入。基准 NTM 收入 1.36-1.48B，调整后 EBITDA 320-370M,Q2 Data Center 未能实现管理层 +35% 环比目标，1.6T 客户认证或交付延迟，客户双供导致 ASP 快速下行，LoRa Q2 后回落，Sierra/IoT 剥离带来收入缺口或重组成本,分析报告/公司评估/SMTC_Semtech_Corporation_收入传导估值评估_2026-06-01.md
159,TSEM,Tower Semiconductor,晶圆制造_前道设备,18.8829,尾部/高风险,0.0000,68.8042,19.4000,12.2395,2026-06-01,249.60,$29.70B,29.700000,115.020000,43.500000,18.320000,9.620000,50.940000,2.170000,91.300000,101.000000,96.150000,-70.497500,-61.227500,-35.000000,-20.000000,-52.401875,,,$1.75-1.90B,$2.05-2.25B,$2.30-2.55B,$2.60-2.85B,+8-17%,+26-39%,+42-57%,+60-76%,净利润约 $380-520M,净利润,2026-06-01,日度金融快照；源名称: Tower Semiconductor Ltd.,基准。Tower 的 NTM 收入主结论是 $2.05-2.25B，相对最新 TTM 约 $1.62B 增长约 +26-39%。这一路径要求 2026Q2 $455M ±5% 指引兑现，Q3/Q4 继续逐季增长，SiPho 产能在 2026Q4 前基本达到 5x 目标，并在 2027Q1 开始把 2027 $1.3B 合同的一部分转为 wafer ship…,Q2 revenue 低于 $432M 或 Q3 指引不再 sequential growth；SiPho capacity 5x 目标推迟；客户预付款未延续或出现交付 penalty/repayment 风险；Fab7/Fab2/Fab9 qualification、InP/laser、wafer-level optical test 或客户验收出现明确…,分析报告/公司评估/TSEM_Tower_Semiconductor_收入传导估值评估_2026-06-01.md
160,RMBS,Rambus,AI服务器_存储_EMS,18.6195,尾部/高风险,0.0000,70.1917,14.5000,12.9231,2026-06-01,147.64,$15.97B,15.970000,70.640000,40.610000,22.140000,11.460000,49.520000,2.090000,88.400000,86.800000,87.600000,-69.520000,-52.050000,-35.000000,-20.000000,-48.076500,,,$760-810M,$830-890M,$930M-1.02B,$1.05-1.20B,相对 2026Q1 TTM $721.1M 增约 +5-12%；相对 FY2025 $707.6M 增约 +7-14%,相对 TTM 增约 +15-23%；相对 FY2025 增约 +17-26%,相对 TTM 增约 +29-41%；相对 FY2025 增约 +31-44%,相对 TTM 增约 +46-66%；相对 FY2025 增约 +48-70%,GAAP net income 推算 $255-310M；EBITDA 高于净利，折旧约 $30M+ 年化,净利润,2026-06-01,"日度金融快照；源名称: Rambus, Inc.",基准公司情景。Rambus NTM 最可 defend 的收入区间是 $830-890M，核心来自 DDR5 server RCD/接口芯片和逐步提升的 companion chips，royalties 维持 $295-320M 稳定底座，contract/IP 维持 $95-120M 左右。这个情景相对 2026Q1 TTM $721.1M 仍是双位数…,Q2 之后 product revenue 无法继续增长；后端供给紧张延续并限制交付；DDR5 RCD share 或 pricing 被 Montage/Renesas/二供压制；royalty 低于 $70M/Q；MRDIMM/SOCAMM2 客户认证明显后移；CXL/PCIe/HBM4E IP design starts 被客户自研或大 IP 套件替代,分析报告/公司评估/RMBS_Rambus_收入传导估值评估_2026-06-01.md
161,SITM,SiTime Corporation,AI网络_光互联_连接器,18.4653,尾部/高风险,0.0000,75.0000,5.7500,12.1783,2026-06-01,677.89,$17.89B,17.890000,,63.580000,47.100000,15.420000,5689.360000,-0.920000,90.400000,82.600000,86.500000,-70.585000,-48.785000,-30.810000,-17.835000,-45.556250,,,6.40-7.40 亿美元,8.00-9.50 亿美元,10.0-12.0 亿美元,12.5-15.5 亿美元,相对最近 TTM 约 3.80 亿美元仍为 +65%-95%，但低于 FY2026 organic 指引延伸和交易预期,相对最近 TTM 约 +110%-150%；若剔除 Renesas，organic-only 基准约 7.20-8.20 亿美元,相对最近 TTM 约 +165%-215%,相对最近 TTM 约 +230%-310%,non-GAAP 经营利润约 2.10-2.80 亿美元；non-GAAP 净利润方向为显著正贡献，精确值取决于税率、利息和稀释,调整后净利润,2026-06-01,日度金融快照；源名称: SiTime Corporation；TTM PE不适用：TTM EPS为负；异常: EV/EBITDA过高(5689.36),基准情景。SITM 的 NTM 经营主线不是单纯“AI 题材”，而是 AI CED 已经进入收入表后，能否继续通过 high-end MEMS timing、800G/1.6T 网络 timing 和 clock tree/synchronizer 把需求转成可确认收入。基准 NTM 收入为 8.00-9.50 亿美元；若 Renesas 交割或确认后移，…,2026Q2/Q3 实际收入或指引低于当前 1.40-1.50 亿美元 Q2 指引延伸；CED 单季收入明显 decelerate；Renesas closing 延后到 NTM 后段或 integration 造成客户流失；1.6T optical timing 订单延后或 ASP 被多供压低；库存和应收账款上升但收入确认不跟随,分析报告/公司评估/SITM_SiTime_Corporation_收入传导估值评估_2026-06-01.md
162,PENG,Penguin Solutions,AI服务器_存储_EMS,17.8360,尾部/高风险,0.0000,57.5250,33.4000,8.3846,2026-06-01,59.67,$3.14B,3.140000,85.240000,22.770000,2.330000,7.740000,22.030000,0.700000,129.900000,118.900000,124.400000,-76.010000,-55.730000,-35.000000,-20.000000,-51.030500,,,$1.50-1.65B,$1.70-1.90B,$2.00-2.30B,$2.50-3.00B,较 FY2025 $1.369B 约 +10-21%；较 Q2 FY2026 年化约 +9-20%,较 FY2025 约 +24-39%；较 Q2 年化约 +24-38%,较 FY2025 约 +46-68%,较 FY2025 约 +83-119%,Adjusted EBITDA $220-290M；non-GAAP net income $130-170M,调整后净利润,2026-06-01,"日度金融快照；源名称: Penguin Solutions, Inc.",基准公司。PENG 的 NTM 最可能收入区间为 $1.70-1.90B，核心来自 Integrated Memory 按 FY2026 指引兑现、Advanced Computing 从 FY2026 低基数向 FY2027 H1 修复、ClusterWare/managed services 维持服务属性。基准不是“AI 行业高增等于 PENG 高增”…,FY2026 H2 revenue 低于公司隐含 $779-916M 区间；Memory 材料供应或客户价格接受度恶化；Advanced Computing Q3/Q4 bookings 无法转 FY2027 H1 revenue；inventory days 继续升高且 OCF 转弱；non-GAAP gross margin 低于 FY2026 28%…,分析报告/公司评估/PENG_Penguin_Solutions_收入传导估值评估_2026-06-01.md
163,CRWD,CrowdStrike,云算力_IDC_AI软件平台,17.7338,尾部/高风险,0.0000,80.6083,0.0000,0.0000,2026-06-01,777.31,$197.85B,197.850000,,125.960000,41.120000,44.470000,-3879.350000,-0.660000,70.700000,71.900000,71.300000,-88.000000,-59.380000,-35.000000,-13.340000,-54.405000,33.533898,157.523885,$5.45B-$5.65B,$5.87B-$5.93B,$6.15B-$6.35B,$6.65B-$7.05B,+13%-17% vs FY2026 $4.812B,+21.9%-23.2%,+27.8%-32.0%,+38.2%-46.5%,EBITDA 未正式指引；non-GAAP operating income $1.422B-$1.462B；non-GAAP net income $1.241B-$1.271B,调整后净利润,2026-06-01,"日度金融快照；源名称: CrowdStrike Holdings, Inc.；TTM PE不适用：TTM EPS为负；异常: 负EV/EBITDA(-3879.35)",基准。CRWD NTM/FY2027 经营主口径应以 $5.87B-$5.93B 收入、约 +22%-23% 增长、non-GAAP operating income $1.422B-$1.462B、non-GAAP net income $1.241B-$1.271B 为主。RPO、deferred revenue、ARR、retention 和 Fle…,2026-06-03 Q1 FY2027 actual 或 Q2/FY2027 guide 低于当前预期；net new ARR 明显低于 FY2027 guide 隐含 $1.21B-$1.26B；gross retention 或 net retention 下滑；July 19 Incident 相关法律/补偿/客户折扣扩大；SIEM/Cloud 高…,分析报告/公司评估/CRWD_CrowdStrike_收入传导估值评估_2026-06-01.md
164,MXL,MaxLinear,AI计算芯片_EDA_IP_custom_ASIC,17.5807,尾部/高风险,2.6701,57.5250,19.4000,9.3462,2026-06-01,88.65,$7.94B,7.940000,,47.270000,15.600000,17.470000,-226.710000,-1.520000,142.300000,139.100000,140.700000,-74.635000,-38.495000,-13.090000,13.965000,-34.125750,,,6.10-6.80 亿美元,7.20-7.90 亿美元,8.50-9.80 亿美元,11.0-13.0 亿美元,较 TTM 5.089 亿美元约 +20%-34%,较 TTM 约 +41%-55%,较 TTM 约 +67%-93%,较 TTM 约 +116%-155%,EBITDA 未披露；non-GAAP 经营利润约 1.30-1.80 亿美元；GAAP 净利大概率改善但无法可靠量化,调整后净利润,2026-06-01,"日度金融快照；源名称: MaxLinear, Inc；TTM PE不适用：TTM EPS为负；异常: 负EV/EBITDA(-226.71)",基准公司情景。MXL 的 NTM 收入最可能落在 7.20-7.90 亿美元，较 TTM 5.089 亿美元明显增长；增长核心不是全公司所有产品同步爆发，而是 Keystone/optical data center 把 Infrastructure 从恢复分部变成最大收入项，同时 Broadband、Connectivity 和 I&MM 维持底盘,Q2 指引兑现质量差，Infrastructure step-up 主要来自一次性拉货；optical data center 指引下修或 H2 不继续增长；800G ASP 快速下行但出货量不能补；Rushmore/Washington/Annapurna 认证推迟；Broadband 继续低于 2025 run-rate；经营现金流持续为负且库存/wa…,分析报告/公司评估/MXL_MaxLinear_收入传导估值评估_2026-06-01.md
165,MRAM,Everspin Technologies,AI服务器_存储_EMS,17.3777,尾部/高风险,4.2131,57.5250,18.5000,0.0000,2026-06-01,31.00,$726.99M,0.726990,3100.500000,66.680000,12.770000,10.340000,-96.410000,0.010000,176.200000,168.800000,172.500000,-88.000000,-44.935000,7.360000,52.495000,-30.731250,9.565658,80.776667,$60M-$68M,$72M-$80M,$84M-$94M,$98M-$112M,较 TTM $56.9M 增长约 5%-19%,较 TTM 增长约 26%-41%,较 TTM 增长约 48%-65%,较 TTM 增长约 72%-97%,Adj. EBITDA 约 $6M-$12M；GAAP 净利润接近盈亏平衡,EBITDA,2026-06-01,"日度金融快照；源名称: Everspin Technologies, Inc.；异常: TTM PE过高(3100.50)；异常: 负EV/EBITDA(-96.41)",基准。Everspin 的 NTM 收入最可能落在 $72M-$80M，核心来自 Q2 指引代表的基础产品 run-rate、Amentum $40M/30个月 合同的折扣确认、xSPI/高可靠 STT-MRAM 的认证后导入，以及 ST-DDR4 在企业存储中的温和扩散,Q2/Q3 收入低于指引或 Amentum 未开始确认；产品毛利率跌破 50%；库存和应收快速上升但收入不兑现；Avalanche 诉讼/ITC 对 STT-MRAM 销售或客户导入形成实质限制；Microchip 产线成本明显高于预算,分析报告/公司评估/MRAM_Everspin_Technologies_收入传导估值评估_2026-06-01.md
166,MU,Micron Technology 美光科技,AI服务器_存储_EMS,17.0311,尾部/高风险,0.0000,64.2958,22.2000,0.0000,2026-06-01,1030.64,$1.16T,1160.000000,48.680000,9.800000,20.000000,16.040000,29.650000,21.170000,105.500000,98.000000,101.750000,-88.000000,-65.000000,-35.000000,-20.000000,-57.600000,,,$135-155B,$170-190B,$195-225B,$230-270B,较最近四季约 +132-167%,较最近四季约 +193-227%,较最近四季约 +235-287%,较最近四季约 +296-365%,净利润约 $95-120B；EBITDA 无法可靠量化,净利润,2026-06-01,"日度金融快照；源名称: Micron Technology, Inc.",基准偏乐观带，NTM 收入约 $170-190B，核心原因是 FY2026 Q3 指引已经把 run-rate 拉到 $134B 年化，而 FY2027 一致预期约 $181.5B；需求端又被 HBM、server DRAM、SOCAMM2 和 eSSD 同时支撑。经营价值的主线是“高毛利、客户锁量、供应紧张和 AI memory 结构性需求”，不是单一 …,FY2026 Q3/FQ4 指引未能延续；HBM4 认证或 Rubin 量产后移；客户因 AI ROI、融资、电力或供应链瓶颈推迟 AI server；DRAM/NAND 价格过快上涨压制非 AI 终端；2027 产能释放预期使客户推迟锁价,分析报告/公司评估/MU_Micron_Technology_美光科技_收入传导估值评估_2026-06-01.md
167,CRDO,Credo Technology Group,AI网络_光互联_连接器,16.3144,尾部/高风险,2.5609,59.7000,10.6500,3.8741,2026-06-01,234.71,$43.29B,43.290000,128.960000,42.550000,40.530000,23.390000,120.630000,1.820000,120.700000,120.500000,120.600000,-82.460000,-38.240000,-11.000000,20.840000,-34.366000,19.240000,42.234146,$1.60B-$1.85B,$2.10B-$2.40B,$2.65B-$3.10B,$3.40B-$4.10B,较 FY2026 指引中点约 +20%-39%,较 FY2026 指引中点约 +58%-81%,较 FY2026 指引中点约 +99%-133%,较 FY2026 指引中点约 +156%-209%,GAAP 净利润约 $0.55B-$0.80B；non-GAAP 经营利润约 $0.90B-$1.15B,调整后净利润,2026-06-01,日度金融快照；源名称: Credo Technology Group Holding ；异常: EV/EBITDA过高(120.63),基准公司。NTM/FY2027 公司收入更合理的经营区间是 $2.10B-$2.40B，核心来自 AEC 从 Q3/Q4 FY2026 run-rate 继续增长，以及光业务在 DustPhotonics 完成后接近官方 >$500M FY2027 目标。这个结论不依赖股价或估值倍数,Q4/FY2026 结果或 FY2027 展望显示 AEC 拉货明显放缓；光业务目标从 >$500M 下修或缺乏客户确认；三大终端客户任一订单延后；800G/1.6T AEC 二供快速形成并压 ASP；库存继续上升但收入不跟,分析报告/公司评估/CRDO_Credo_Technology_Group_收入传导估值评估_2026-06-01.md
168,AXTI,AXT Inc,半导体材料_化学品_基板,15.9734,尾部/高风险,2.5981,59.7000,10.8500,0.0000,2026-06-01,112.64,$7.36B,7.360000,,149.610000,76.850000,22.110000,-1342.750000,-0.320000,170.700000,150.300000,160.500000,-88.000000,-38.235000,-11.260000,33.365000,-34.284250,,,1.15-1.35 亿美元,1.55-1.85 亿美元,2.05-2.50 亿美元,2.70-3.30 亿美元,相对 TTM约 +20%-41%；相对 Q1 年化仍增长,相对 TTM约 +62%-93%,相对 TTM约 +114%-161%,相对 TTM约 +182%-244%,EBITDA/净利润约 800 万-2200 万美元；Q2 起盈利可维持但仍受扩产费用影响,,2026-06-01,日度金融快照；源名称: AXT Inc；TTM PE不适用：TTM EPS为负；异常: 负EV/EBITDA(-1342.75),基准公司情景。AXTI 在 NTM 内最可验证的经营路径是：Q2 2026 收入落在 3350-3550 万美元附近，InP 超过 1700 万美元，随后在许可证和产能逐月释放下向 2026 年末 InP 3500 万美元/季能力靠近。对应 NTM 收入 1.55-1.85 亿美元，毛利率 32%-36%，经营利润率 5%-12%,Q2 收入低于指引或 InP 未达 >1700 万美元；backlog 下降但收入未同步上升；许可证延迟再次造成发货波动；毛利率回落到 25%附近；客户因二供、SiPh/CW 路线变化或库存调整推迟订单,分析报告/公司评估/AXTI_AXT_Inc_收入传导估值评估_2026-06-01.md
169,ARM,Arm Holdings,AI计算芯片_EDA_IP_custom_ASIC,15.6762,尾部/高风险,0.8961,63.9292,0.0000,11.1888,2026-06-01,409.16,$437.02B,437.020000,481.360000,133.730000,88.820000,52.540000,351.490000,0.850000,110.200000,105.500000,107.850000,-72.000000,-45.000000,-17.075000,8.902500,-38.028500,,,53.5-56.5亿美元,58.5-61.0亿美元,62.5-67.5亿美元,70.0-76.0亿美元,较 FYE2026 +9%-15%,较 FYE2026 +19%-24%,较 FYE2026 +27%-37%,较 FYE2026 +42%-54%,non-GAAP 经营利润 24.5-27.5亿美元；non-GAAP 净利润约 21.5-24.0亿美元,调整后净利润,2026-06-01,日度金融快照；源名称: Arm Holdings plc；异常: TTM PE过高(481.36)；异常: EV/EBITDA过高(351.49),基准公司情景。Arm NTM/FYE2027 收入最可能落在 58.5-61.0亿美元，对应较 FYE2026 +19%-24%，主要由 IP/CSS license、Cloud AI/Neoverse royalty 和 client/edge royalty mix 改善驱动。AGI CPU 在基准中只贡献小额收入，更多是后续年度收入结构变化的验证项,Q1/Q2 FYE2027 guide 或实际收入低于 20%增长路径；RPO 继续下降且 ACV 不再增长；license H2 大单延后；Neoverse royalty 未按预期再翻倍；AGI CPU Q4 首批收入延迟；手机低端弱扩散到高端,分析报告/公司评估/ARM_Arm_Holdings_收入传导估值评估_2026-06-01.md
170,POET,POET Technologies,AI网络_光互联_连接器,15.1776,尾部/高风险,7.7273,47.1278,0.0000,5.5944,2026-06-01,14.10,$2.43B,2.430000,,,2264.270000,10.130000,-46.200000,-0.840000,148.100000,134.100000,141.100000,-80.000000,-55.000000,35.000000,90.000000,-23.000000,,,5-12 百万美元,15-35 百万美元,50-100 百万美元,120-220 百万美元,约 +254% 至 +750%（vs TTM 1.411 百万美元）,"约 +963% 至 +2,381%","约 +3,444% 至 +6,987%","约 +8,405% 至 +15,492%",仍大概率净亏损和 EBITDA 为负；亏损率可能较低基数收入期改善,净利润,2026-06-01,日度金融快照；源名称: POET Technologies Inc.；TTM PE不适用：TTM EPS为负；Forward PE缺失或不可用；异常: P/S极高(2264.27)；异常: 负EV/EBITDA(-46.20)；缺Forward PE,基准公司，即 NTM 收入 15-35 百万美元。这个结论的核心不是行业 TAM，而是 800G Infinity 可见生产订单、2026 engine 目标、现有低基数收入表、以及 Lumilens/1.6T/合作项目的小比例工程或样品收入。基准仍大概率亏损和自由现金流为负,Infinity 交付延迟或订单缩减；Lumilens 工程样品/验收推迟导致 NTM 无明显收入确认；合作项目停留在样品；客户 M&A、保密条款或多供策略造成订单取消；良率、测试、库存或价格重谈拖累利润,分析报告/公司评估/POET_POET_Technologies_收入传导估值评估_2026-06-01.md
171,BE,Bloom Energy,电力_发电_能源_储能,15.0190,尾部/高风险,0.0000,59.7000,14.5000,0.0000,2026-06-01,281.07,$79.95B,79.950000,,64.610000,32.650000,86.700000,352.150000,-0.030000,124.500000,113.700000,119.100000,-88.000000,-65.000000,-35.000000,-20.000000,-57.600000,,,$3.2-3.7B,$4.1-4.8B,$5.2-6.4B,$7.0-9.0B,较 LTM $2.45B 增长约 +31-51%,较 LTM 增长约 +67-96%,较 LTM 增长约 +112-161%,较 LTM 增长约 +186-267%,Adj. EBITDA $0.80-1.10B；GAAP 净利润为正但受 SBC、warrant/JV、税和利息影响,EBITDA,2026-06-01,日度金融快照；源名称: Bloom Energy Corporation；TTM PE不适用：TTM EPS为负；异常: EV/EBITDA过高(352.15),基准公司情景。Bloom NTM 收入最可能落在 $4.1-4.8B，明显高于 LTM $2.45B，但不是简单把 GW 级订单全额前置。收入质量由 AI 数据中心 Energy Server 决定，利润质量由 product GM、installation 亏损收窄、service margin 修复和 warrant/JV 会计抵减共同决定,Oracle/Nebius/非 Oracle 项目站点准备或地方许可显著后移；客户转向 gas+BESS 或 utility dedicated plant；related-party/JV 或 warrant 会计抵减高于预期；installation 持续大幅负毛利；服务性能保障付款、field replacement 或电堆寿命问题上升；客户集中导致…,分析报告/公司评估/BE_Bloom_Energy_收入传导估值评估_2026-06-01.md
172,ALAB,AsteraLabs,AI计算芯片_EDA_IP_custom_ASIC,14.8886,尾部/高风险,0.0000,66.3458,2.2500,0.0000,2026-06-01,324.43,$55.61B,55.610000,220.700000,77.120000,55.530000,37.200000,246.910000,1.470000,106.600000,97.500000,102.050000,-88.000000,-65.000000,-35.000000,-20.000000,-57.600000,,,$1.45-1.65B,$1.80-1.95B,$2.20-2.55B,$2.80-3.40B,vs 2026Q1 TTM $1.001B：约 +45-65%,约 +80-95%,约 +120-155%,约 +180-240%,EBITDA 近似高于 GAAP经营利润但未披露；non-GAAP 净利约 $0.60-0.72B，GAAP 净利约 $0.40-0.55B,调整后净利润,2026-06-01,"日度金融快照；源名称: Astera Labs, Inc.；异常: TTM PE过高(220.70)；异常: EV/EBITDA过高(246.91)",基准公司。NTM 收入最可能落在 $1.80-1.95B，相对当前 NTM 预期基本正常兑现；核心驱动是 Scorpio 在 2026H2 成为最大增量线，Aries 维持高毛利现金流底盘，Taurus 提供短距铜互联增量,Q2 之后收入环比放缓；Scorpio H2 多客户出货被推迟到 2027；大客户订单重排或价格重谈；Taurus 被竞争压低毛利；应收账款继续快于收入增长且现金转化恶化,分析报告/公司评估/ALAB_AsteraLabs_收入传导估值评估_2026-06-01.md
173,LWLG,Lightwave Logic,AI网络_光互联_连接器,14.6991,尾部/高风险,7.7273,44.9528,0.0000,5.5944,2026-06-01,11.31,$1.74B,1.740000,,,7165.090000,22.120000,-76.230000,-0.160000,154.300000,136.900000,145.600000,-80.000000,-55.000000,35.000000,90.000000,-23.000000,,,0.10-0.30 百万美元,0.50-2.00 百万美元,3.00-10.00 百万美元,15.00-50.00 百万美元,相对 2025 年 0.237 百万美元为 -58% 至 +27%；相对 2026Q1 年化 0.117 百万美元为约 -14% 至 +157%,"相对 2025 年约 +111% 至 +744%；相对 Q1 年化约 +329% 至 +1,614%","相对 2025 年约 +1,167% 至 +4,122%；相对 Q1 年化约 +2,471% 至 +8,471%","相对 2025 年约 +6,234% 至 +21,010%；相对 Q1 年化约 +12,757% 至 +42,757%",净亏损约 22-32 百万美元；EBITDA 仍为负,净利润,2026-06-01,"日度金融快照；源名称: Lightwave Logic, Inc.；TTM PE不适用：TTM EPS为负；Forward PE缺失或不可用；异常: P/S极高(7165.09)；异常: 负EV/EBITDA(-76.23)；缺Forward PE",基准公司情景。LWLG 在 NTM 内最可能仍是 pre-commercial/early-commercial company，收入从几十万美元级向 0.50-2.00 百万美元区间扩张，主要来自 license/royalty、材料样品、NRE、prototype 和 development support。这个收入增速在百分比上很高，但绝对额仍不足以…,Q2-Q4 2026 仍无新增 NRE、无 paid tapeout、无客户项目验收；PDK transfer 延迟；Stage 3 客户不进入 production decision；替代路线满足客户功耗/带宽需求；公司收入继续停留在最低 license/royalty run-rate,分析报告/公司评估/LWLG_Lightwave_Logic_收入传导估值评估_2026-06-01.md
174,AEHR,Aehr Test Systems,封测_检测_计量_光罩,14.5445,尾部/高风险,0.0000,59.7000,10.8500,0.0000,2026-06-01,92.20,$2.90B,2.900000,,614.670000,64.080000,20.560000,-241.210000,-0.380000,125.900000,132.500000,129.200000,-88.000000,-46.820000,-35.000000,-20.000000,-49.419000,,,7000-9000 万美元,1.15-1.45 亿美元,1.65-2.20 亿美元,2.80-3.60 亿美元,较 FY2026 高侧约 +45%-90%,较 FY2026 高侧约 +140%-200%,较 FY2026 高侧约 +240%-360%,较 FY2026 高侧约 +480%-650%,EBITDA 约 800-2200 万美元；净利润约 400-1500 万美元,,2026-06-01,日度金融快照；源名称: Aehr Test Systems；TTM PE不适用：TTM EPS为负；异常: 负EV/EBITDA(-241.21),NTM 基准收入 1.15-1.45 亿美元。这个结论来自已披露 bookings、4100 万美元 PLBI 订单、1400 万美元 AI WLBI 订单、硅光订单和服务/耗材，而不是 AI 数据中心总 CapEx 或同业高增长的机械映射,4100 万美元订单交付延后，FY2027 guide 明显低于市场对显著增长的预期，毛利率继续停留在 30%-35%，客户 A 或 lead hyperscale 项目排产下调，SiPh 订单停留在 qualification 而非 HVM,分析报告/公司评估/AEHR_Aehr_Test_Systems_收入传导估值评估_2026-06-01.md
175,SMR,NuScale Power,电力_发电_能源_储能,14.3490,尾部/高风险,8.6819,43.5181,0.0000,0.0000,2026-06-01,13.09,$4.53B,4.530000,,-19.530000,242.580000,3.570000,-16.950000,-2.200000,119.900000,104.400000,112.150000,-88.000000,-56.777500,45.000000,110.000000,-20.899875,,,$3-10M,$15-35M,$60-130M,$180-450M,相对 2025 收入 $31.479M 下降约 -68% 至 -90%；相对 2026Q1 年化 $2.26M 略高到数倍,相对 2025 约 -52% 至 +11%；相对 2026Q1 年化明显恢复,相对 2025 约 +91% 至 +313%,相对 2025 约 +472% 至 +1330%,经营亏损约 -$220M 至 -$280M；净亏损无法可靠量化,净利润,2026-06-01,日度金融快照；源名称: NuScale Power Corporation；TTM PE不适用：TTM EPS为负；异常: Forward PE为负(-19.53)；异常: P/S极高(242.58)；异常: 负EV/EBITDA(…,基准公司情景。NuScale 在 NTM 内最可能处于“项目商业化准备 + 小额服务恢复 + 大额合同等待”状态，收入大概率落在 $15-35M，与 2025 全年收入相比基本持平到下滑，但显著高于 2026Q1 的低 run-rate。经营亏损仍大，利润和现金流质量主要由项目工作包能否覆盖人员、供应链和商业化费用决定,TVA PPA 继续延迟；RoPower pre-EPC 融资或政治支持受阻；PMA Milestone 2 触发但 OEM 回款不匹配；供应链、站点许可、FOAK 成本或项目电价使客户推迟；2026Q2/Q3 继续接近 Q1 低收入,分析报告/公司评估/SMR_NuScale_Power_收入传导估值评估_2026-06-01.md
176,NBIS,Nebius Group,云算力_IDC_AI软件平台,13.9628,尾部/高风险,0.0000,62.1375,2.2500,0.0000,2026-06-01,267.72,$67.97B,67.970000,103.370000,741.150000,77.430000,9.470000,-1538.900000,2.590000,119.600000,104.700000,112.150000,-88.000000,-65.000000,-35.000000,-20.000000,-57.600000,13.327451,36.740541,$3.7B-$4.5B,$4.6B-$5.6B,$5.8B-$7.0B,$7.5B-$9.5B,较 Q2'25-Q1'26 TTM 约 $878M 增长 +320%-410%,较 TTM 增长 +420%-540%,较 TTM 增长 +560%-700%,较 TTM 增长 +750%-980%,adjusted EBITDA $1.5B-$2.2B；GAAP 净利润受非经营项扭曲,EBITDA,2026-06-01,日度金融快照；源名称: Nebius Group N.V.；异常: 负EV/EBITDA(-1538.90),基准情景。Nebius 已经不是只有叙事的 GPU 租赁公司，2026Q1 的 AI Cloud 收入、ARR、AI Cloud adjusted EBITDA margin、deferred revenue 和 Microsoft/Meta 合同足以支撑一个高可信的 NTM 收入 ramp。最合理的 NTM 经营口径是 $4.6B-$5.6B 收入、ad…,Q2/Q3 2026 收入环比明显低于 FY2026 指引所需节奏；ARR 增长无法从 $1.92B 向 $7B-$9B 靠近；connected power 与 billable capacity 差距扩大；应收或 deferred revenue 质量恶化；旧 GPU 租赁价格下行导致毛利率回落；利息/D&A 增速超过 adjusted EBITDA …,分析报告/公司评估/NBIS_Nebius_Group_收入传导估值评估_2026-06-01.md
177,IREN,IREN Limited,云算力_IDC_AI软件平台,13.3603,尾部/高风险,0.0000,55.2625,9.2500,0.0000,2026-06-01,65.83,$23.53B,23.530000,85.490000,-70.030000,31.080000,8.700000,166.190000,0.770000,110.400000,108.500000,109.450000,-88.000000,-65.000000,-35.000000,-20.000000,-57.600000,,,$1.1-1.7B,$2.3-3.2B,$3.5-4.7B,$5.0-6.5B,相对 TTM $757M 约 +45-125%,约 +200-320%,约 +360-520%,约 +560-760%,Adj. EBITDA $1.0-1.8B；净利润约 breakeven 至小幅正/负，受非现金和利息扰动,EBITDA,2026-06-01,日度金融快照；源名称: IREN LIMITED；异常: Forward PE为负(-70.03)；异常: EV/EBITDA过高(166.19),基准情景。IREN 的经营主线不是“行业 AI CapEx 增速有多高”，而是已签 Microsoft / NVIDIA 合同和计划 GPU 部署能否在 NTM 内转成可确认 AI Cloud revenue。基准 NTM 公司收入为 $2.3-3.2B，远高于 TTM $757M，但低于 $4.4B 期末 ARR run-rate，因为 2026H2-2…,Horizon 1-4 或 Dell/GB300 交付延迟；NVIDIA 60MW ramp 推迟到 2027H2；GPU 租金和利用率下降；客户验收或 SLA 事故；融资利差或抵押条款恶化；Bitcoin mining 下滑快于 AI Cloud 收入爬坡,分析报告/公司评估/IREN_IREN_Limited_收入传导估值评估_2026-06-01.md
178,RKLB,Rocket Lab,机电_冷却_工程_水处理_边缘工业AI,12.0322,尾部/高风险,0.0000,54.6917,0.0000,0.0000,2026-06-01,124.42,$72.02B,72.020000,,-11290.380000,105.980000,31.630000,-496.230000,-0.320000,111.200000,100.000000,105.600000,-88.000000,-65.000000,-35.000000,-20.000000,-57.600000,64.017778,,$0.85B-$0.98B,$1.05B-$1.20B,$1.25B-$1.45B,$1.55B-$1.85B,相对 2026Q1 TTM $679.6M 约 +25%-44%,约 +55%-77%,约 +84%-113%,约 +128%-172%,调整后 EBITDA 约 -$120M 至 -$40M；净亏损约 -$230M 至 -$120M,净利润,2026-06-01,日度金融快照；源名称: Rocket Lab Corporation；TTM PE不适用：TTM EPS为负；异常: Forward PE为负(-11290.38)；异常: P/S极高(105.98)；异常: 负EV/EBITDA(…,基准公司情景。NTM 收入大概率进入 $1.05B-$1.20B 区间，主要由 Space Systems、Electron/HASTE 和 backlog 正常确认驱动；利润质量改善慢于收入，调整后 EBITDA 仍可能为负，GAAP 净利润仍大概率亏损,Q2 收入或毛利率低于指引；backlog 12 个月确认比例继续下滑；Space Systems 出现供应链或验收延迟；HASTE/Anduril 首发窗口后移；Neutron 再次重大测试延期；Mynaric/Motiv 整合造成毛利和现金流拖累,分析报告/公司评估/RKLB_Rocket_Lab_收入传导估值评估_2026-06-01.md
179,NVTS,Navitas Semiconductor,配电_电源_功率器件,10.9503,尾部/高风险,4.3474,38.9056,0.0000,0.0000,2026-06-01,24.90,$5.90B,5.900000,,-173.490000,145.720000,13.750000,-93.150000,-0.630000,141.000000,117.700000,129.350000,-88.000000,-63.837500,19.565000,110.000000,-30.435625,109.259259,,$38M-$44M,$50M-$58M,$70M-$90M,$105M-$140M,相对 TTM $40.5M 为 -6% 到 +9%,+23% 到 +43%,+73% 到 +122%,+159% 到 +246%,GAAP 净亏损无法可靠量化；非 GAAP 经营亏损约 $34M-$45M,净利润,2026-06-01,日度金融快照；源名称: Navitas Semiconductor Corporati；TTM PE不适用：TTM EPS为负；异常: Forward PE为负(-173.49)；异常: P/S极高(145.72)；异常: 负EV/…,基准公司情景。NTM 收入最可能落在 $50M-$58M，相对 TTM 的绝对增速约 +23% 到 +43%，相对当前 NTM 预期锚 大体符合到小幅高于。这意味着公司走出 2025 低点，但仍不是 800VDC 大规模兑现,Q2 指引未达或 Q3 不再顺序增长；高功率“backlog 扩大”不能转收入；移动/消费继续拖累并产生库存/坏账；客户选择 TI/ST/Infineon/onsemi/Renesas 等二供主供；800VDC 时间表后移到 2027H2 以后,分析报告/公司评估/NVTS_Navitas_Semiconductor_收入传导估值评估_2026-06-01.md
